crop,step,year,month,half,tag,episode,p_prev,p_t,price_ratio,world_C_flex,world_desired_lag,world_desired_flex_lag,world_desired_flex_con,world_gap_mmt,world_gap_pct,world_abs_gap_mmt,offers_lag,offers_con,offers_gap_mmt,offers_gap_pct,free_lag,free_con,free_gap_mmt,twin,ratio_lag,ratio_con,ratio_gap,ratio_gap_pct,pscar_lag,pscar_con,ptrade_lag,ptrade_con,pstar_lag,pstar_con,p_out_lag,p_out_con,p_gap_one_step,unmet_lag,unmet_con,block_frac,calm_lag,calm_con,n_offer_pos_lag,n_offer_pos_con
wheat,0,2006,1,0,2006-01a,calm,213.5463324652778,211.44496765129992,0.9901596773415926,26.842576388888894,26.842576388888894,26.842576388888894,26.88242310676662,0.03984671787772724,0.14844595131420107,0.03984671787772724,40.843113539601454,40.83634055905904,-0.006772980542415041,-0.016582919262136966,39.65054798651889,39.61095480447398,-0.03959318204491069,40.07949776159205,1.0093062276214135,1.0101739559989933,0.0008677283775797573,0.0859727557239683,215.53364324291772,215.71894345552593,204.11762860556308,204.12359262978427,207.5424329967695,207.60219787750677,211.44496765129992,211.46588535955794,0.020917708258025414,0.2150778583099194,0.21509737817507418,0.0,False,False,7,7
wheat,1,2006,1,1,2006-01b,calm,211.44496765129992,209.1136780638826,0.9889744853551591,26.842576388888894,26.88242310676662,26.88242310676662,26.927166090522718,0.0447429837560974,0.16643954891415672,0.0447429837560974,34.44184731288081,34.434242085285405,-0.007605227595405495,-0.02208135796642138,38.80328878722267,38.75886758860304,-0.044421198619630786,40.35530884816691,1.0343021917471034,1.0353186483687797,0.001016456621676376,0.09827462706613979,221.6136103624343,221.94533955460605,197.57151021421245,197.57068776475057,204.784140258679,204.88308330170722,209.1136780638826,209.14830812894246,0.034630065059872095,0.2891245259012939,0.2893306682251321,0.0,False,False,7,7
wheat,2,2006,2,0,2006-02a,calm,209.1136780638826,205.35844627860143,0.9820421513310384,26.842576388888894,26.927166090522718,26.927166090522718,27.00045792347098,0.07329183294826068,0.27218546764955137,0.07329183294826068,22.484637118900366,22.472179275822803,-0.012457843077562814,-0.055406022395135174,30.999655383989705,30.927358825758375,-0.0722965582313293,32.287719930445746,1.0344017117353852,1.0364029033268418,0.002001191591456619,0.19346367748166998,221.97997303553402,222.62063860037375,188.27207497284368,188.2629680389099,198.3844443916508,198.57026920734904,205.35844627860143,205.42348496409585,0.0650386854944145,0.4246053184846212,0.4249870551709568,0.0,False,False,7,7
wheat,3,2006,2,1,2006-02b,calm,205.35844627860143,201.99283273576924,0.9836110293790098,26.842576388888894,27.00045792347098,27.00045792347098,27.0674673322561,0.06700940878512503,0.2481787863563419,0.06700940878512503,15.902773883722535,15.894614275536192,-0.008159608186343092,-0.051309339150542484,27.44627062687681,27.382565803160844,-0.06370482371596609,28.74177524762115,1.0382284563429618,1.0401838320379355,0.0019553756949737267,0.1883377095886303,223.93685156048775,224.5898773927309,183.6590744523554,183.646635117281,195.7424075847951,195.92960779991597,201.99283273576924,202.05835281106152,0.06552007529228376,0.5274601041488236,0.5278765647042025,0.0,False,False,6,6
wheat,4,2006,3,0,2006-03a,calm,201.99283273576924,198.8717430401989,0.9845485126709763,26.842576388888894,27.0674673322561,27.0674673322561,27.130765849506957,0.06329851725085431,0.2338545992273977,0.06329851725085431,9.03552365775725,9.03236440698467,-0.003159250772581501,-0.034964777828556684,22.594229402169162,22.533205728649563,-0.0610236735195997,25.12766883027612,1.0872503224631487,1.089540125317117,0.0022898028539684034,0.2106049367528253,234.70849893866486,235.27095246076232,175.2326913199555,175.23491208950824,193.07543360556832,193.24572420088447,198.8717430401989,198.93134474855958,0.05960170836067391,0.651589990375687,0.6517071462235232,0.0,False,False,4,4
wheat,5,2006,3,1,2006-03b,calm,198.8717430401989,197.94332578790713,0.9953315778395722,26.842576388888894,27.130765849506957,27.130765849506957,27.14981570001177,0.0190498505048163,0.07021493831204359,0.0190498505048163,5.814095410660402,5.811089749520949,-0.0030056611394524424,-0.051696109663791026,26.178810243551908,26.164497549451,-0.01431269410090863,29.33879128847036,1.0968694484133332,1.0973509184558916,0.0004814700425583851,0.043894926898989786,236.7336246265017,236.85522825405442,178.8557641877353,178.86085558152917,196.21912231936523,196.25916738328675,197.94332578790713,197.95734156027964,0.014015772372516722,0.7110272043443878,0.711057399673543,0.0,False,False,4,4
wheat,6,2006,4,0,2006-04a,calm,197.94332578790713,206.61132333807154,1.043790299650982,26.842576388888894,27.14981570001177,27.14981570001177,26.975835050141907,-0.17398064986986986,-0.6408170567058192,0.17398064986986986,14.62955016055204,14.657000605803479,0.02745044525143925,0.18763697413922,40.171497550946455,40.29851977979206,0.127022228845604,38.6785205173492,0.9679712933141047,0.9653407428329005,-0.002630550481204197,-0.27175914196771417,308.3587637186626,307.281378307151,186.00200565498912,185.98340885714663,222.70903307409117,222.37279969214796,206.61132333807154,206.49364165439144,-0.11768168368010379,0.7932385555589894,0.7927740430850818,0.0,False,False,4,4
wheat,7,2006,4,1,2006-04b,calm,206.61132333807154,206.2434777035392,0.9982196250012375,26.842576388888894,26.975835050141907,26.975835050141907,26.983046499823384,0.0072114496814804155,0.026732998878722308,0.0072114496814804155,26.43150406629789,26.430230676251913,-0.0012733900459771519,-0.0048176980121264375,49.38705217369521,49.38180698123767,-0.005245192457536518,52.64707004880996,1.0583926289114656,1.0584920748579554,9.944594648980676e-05,0.009395940955492557,226.01586421232722,226.03710052947866,196.793680781626,196.79218088170677,205.56033581083636,205.56565677603834,206.2434777035392,206.2453400413599,0.0018623378206825691,0.7251977210830107,0.7252288284797866,0.0,False,False,3,3
wheat,8,2006,5,0,2006-05a,calm,206.2434777035392,199.1186100471,0.9654540946663015,26.842576388888894,26.983046499823384,26.983046499823384,27.12571768542314,0.14267118559975667,0.5287438006701375,0.14267118559975667,29.079154598928195,29.062096535747738,-0.017058063180456884,-0.05866079470235223,67.67291431616788,67.56796560821752,-0.10494870795035638,70.58752481999328,1.0393254440710364,1.0407992393879257,0.0014737953168892926,0.1418030632557631,221.94413681921603,222.25886040394224,170.4335313215584,170.43975589769383,185.88671297085568,185.98548724956834,199.1186100471,199.15318104464941,0.034570997549423055,0.8487584344572641,0.8487582807194688,0.0,False,False,1,1
wheat,9,2006,5,1,2006-05b,calm,199.1186100471,194.6824303972993,0.9777209189600543,26.842576388888894,27.12571768542314,27.12571768542314,27.217548242439808,0.09183055701666754,0.3385368751589403,0.09183055701666754,43.11244116980377,43.08494907531355,-0.02749209449022061,-0.06376835489769539,93.86192141937886,93.79355855885436,-0.06836286052450191,96.60643648760527,1.0273619321694267,1.0280626141280513,0.0007006819586246049,0.06820205583683749,219.58563815117094,219.7346811754584,172.24017086045458,172.2394549385801,186.4438110476695,186.4880228096436,194.6824303972993,194.69790451399024,0.0154741166909389,0.8214257583552107,0.8214244485282525,0.0,False,False,3,3
wheat,10,2006,6,0,2006-06a,2007/08,194.6824303972993,196.4011057590365,1.0088280969075114,26.842576388888894,27.217548242439808,27.217548242439808,27.18168817405318,-0.03586006838663265,-0.1317534851677666,0.03586006838663265,51.806579979924564,51.82068700412192,0.014107024197357987,0.02723017848857146,126.19622898992827,126.23126369039022,0.03503470046194934,129.22070558965726,1.0228024125791961,1.0225323241213529,-0.00027008845784326496,-0.026406709108378435,223.89154186538588,223.7645553503996,189.17924124459768,189.17845730694802,199.59293143083414,199.55428671998348,196.4011057590365,196.38758011023876,-0.013525648797752865,0.6313112743667849,0.6311869572028317,0.0,False,False,6,6
wheat,11,2006,6,1,2006-06b,2007/08,196.4011057590365,194.27065476673766,0.9891525509285437,26.842576388888894,27.18168817405318,27.18168817405318,27.226193995102108,0.04450582104893276,0.16373457293729343,0.04450582104893276,75.99487882620556,75.97823132091244,-0.016647505293121867,-0.02190608834470732,146.87648342512907,146.8329622355883,-0.043521189540769,149.83248290084254,1.0192800972210836,1.0195695131731095,0.00028941595202591763,0.028394153168983423,218.62259728536145,218.69026293796165,178.18189105469784,178.1840020891037,190.31410292389694,190.3358803437611,194.27065476673766,194.2782768636901,0.007622096952445645,0.6454613245133561,0.645471593630797,0.0,False,False,5,5
wheat,12,2006,7,0,2006-07a,2007/08,194.27065476673766,193.08449136298356,0.9938942739181152,26.842576388888894,27.226193995102108,27.226193995102108,27.251217275286916,0.02502328018480749,0.09190884406872693,0.02502328018480749,120.01873951260254,120.00349806642356,-0.015241446178976048,-0.012699222005556577,211.74550437426447,211.72102809566493,-0.024476278599536272,219.79118989904828,1.0368750607272534,1.0369913903257293,0.00011632959847585056,0.01121924934661445,224.69256859331597,224.73073909552264,176.3912084175751,176.39137749396883,190.88161647029733,190.89318597443497,193.08449136298356,193.08854068943174,0.004049326448182455,0.44356921318236575,0.4435926260229723,0.0,False,False,6,6
wheat,13,2006,7,1,2006-07b,2007/08,193.08449136298356,190.14268739526509,0.9847641623262838,26.842576388888894,27.251217275286916,27.251217275286916,27.314048177739487,0.06283090245256814,0.23056181974501036,0.06283090245256814,177.93037385817405,177.89210414249186,-0.03826971568219051,-0.02150825339843033,273.9480921003435,273.8866346630399,-0.06145743730360209,287.06637805083335,1.0467858034402113,1.0470152938126707,0.00022949037245934,0.02192333634112451,228.15084665621853,228.22632007482324,166.04869024662375,166.04874378423625,184.6793371695022,184.70201667141237,190.14268739526509,190.15062522093365,0.007937825668562937,0.4603020465287448,0.4603475862489446,0.0,False,False,6,6
wheat,14,2006,8,0,2006-08a,2007/08,190.14268739526509,188.0762322794225,0.9891320821002867,26.842576388888894,27.314048177739487,27.314048177739487,27.358855640363938,0.04480746262445438,0.164045484334218,0.04480746262445438,197.56060848445014,197.5322331369626,-0.02837534748755388,-0.014362856900082531,305.4735153349088,305.4302073483794,-0.04330798652944168,322.3564228787537,1.0541265018769517,1.0542728825524597,0.0001463806755079844,0.013886442969353542,235.16241492992663,235.16807891931833,162.41400777493016,162.41520454107692,184.23852992142912,184.24106685454933,188.0762322794225,188.07712020601457,0.0008879265920711532,0.41723831493448493,0.41719035869051463,0.0,False,False,8,8
wheat,15,2006,8,1,2006-08b,2007/08,188.0762322794225,186.1540606663034,0.9897798270955186,26.842576388888894,27.358855640363938,27.358855640363938,27.401045770948095,0.0421901305841529,0.1542101436505539,0.0421901305841529,186.07778927635576,186.05611575368047,-0.021673522675285994,-0.01164756028087656,270.3789112643192,270.33763822637553,-0.04127303794365389,312.2521688583136,1.1512646728046207,1.1514363478358693,0.00017167503124859707,0.014911864778268216,245.8483485742648,245.8850091475638,155.47115544645297,155.47147197555728,182.58431338479653,182.59553312715923,186.1540606663034,186.15798757613035,0.003926909826958536,0.29970375182370784,0.2997400679696109,0.0,False,False,7,7
wheat,16,2006,9,0,2006-09a,2007/08,186.1540606663034,185.02450057112765,0.9939321221834608,26.842576388888894,27.401045770948095,27.401045770948095,27.426073096991825,0.02502732604373393,0.09133711995134546,0.02502732604373393,97.23631463176581,97.22771178324498,-0.008602848520823159,-0.008847361763351654,112.52805493683849,112.50402341095162,-0.024031525886869076,134.21879584628874,1.1823206782100293,1.1825595505742867,0.00023887236425745861,0.020203686585190974,259.4098254391561,259.49084757730344,150.1482835384451,150.14873180338222,182.9267461086584,182.95136653555858,185.02450057112765,185.0331177205427,0.008617149415044878,0.2306742272200252,0.2307195472182177,0.0,False,False,6,6
wheat,17,2006,9,1,2006-09b,2007/08,185.02450057112765,192.2200679981091,1.0388898086727456,26.842576388888894,27.426073096991825,27.426073096991825,27.26956475418524,-0.156508342806583,-0.5706553112911716,0.156508342806583,72.17745247510402,72.249962836797,0.0725103616929772,0.1004612371404879,75.08954727640577,75.23669200531123,0.1471447289054595,111.70954945492457,1.4491501184189306,1.4465394714302038,-0.002610646988726817,-0.1801502104954535,339.4623646490671,338.5808792781042,148.20650750499627,148.16459440536428,205.58326464821755,205.2894798671863,192.2200679981091,192.11724332474816,-0.10282467336094214,0.31353233546659215,0.31318278491811663,0.0,False,False,7,7
wheat,18,2006,10,0,2006-10a,2007/08,192.2200679981091,204.1875144459804,1.0622590896596136,26.842576388888894,27.26956475418524,27.26956475418524,27.023627004109024,-0.24593775007621735,-0.9018763309688382,0.24593775007621735,40.661307981622066,40.72787346197866,0.06656548035659426,0.1637071792837561,37.97484350148443,38.21160740195978,0.23676390047535278,58.239940514326804,1.4562457797907944,1.4485244608400303,-0.007721318950764111,-0.5302208636699612,411.3006846976417,408.9616927032241,147.17509532227382,147.16219435755178,226.41277213488422,225.70204386125351,204.1875144459804,203.93875955020962,-0.24875489577078724,0.40468363957068343,0.40447907946735934,0.0,False,False,6,6
wheat,19,2006,10,1,2006-10b,2007/08,204.1875144459804,219.11708876032571,1.0731169795315523,26.842576388888894,27.023627004109024,27.023627004109024,26.7390872215286,-0.2845397825804239,-1.052929654991015,0.2845397825804239,28.72201670952856,28.80189524088224,0.07987853135367828,0.27810906233188876,33.55667520892763,33.83602841317628,0.2793532042486504,54.00479851560095,1.5112172236731696,1.5007360481541425,-0.010481175519027053,-0.6935585007131849,465.5739035982277,461.97479942525035,153.10181425561035,153.0860199509938,246.84344105839557,245.75265379327078,219.11708876032571,218.73531321753205,-0.38177554279366177,0.40044547988438883,0.39998357196830586,0.0,False,False,7,7
wheat,20,2006,11,0,2006-11a,2007/08,219.11708876032571,238.2476618000314,1.087307535655656,26.842576388888894,26.7390872215286,26.7390872215286,26.405458821758536,-0.33362839977006475,-1.2477179830635674,0.33362839977006475,22.040091538888504,22.096800316433846,0.056708777545342315,0.257298285015209,32.51559607995932,32.8454545169277,0.32985843696837946,53.20743321903092,1.5311344450578677,1.5182790739403116,-0.01285537111755608,-0.8395978001180834,518.6433100416956,513.1173204592844,168.83267980180275,168.8234254628056,273.7758688737706,272.11159396174924,238.2476618000314,237.66516558082395,-0.5824962192074565,0.3924106395703383,0.39096537255182884,0.0,False,False,7,7
wheat,21,2006,11,1,2006-11b,2007/08,238.2476618000314,256.53272283913464,1.0767481237841086,26.842576388888894,26.405458821758536,26.405458821758536,26.114192407947165,-0.2912664138113746,-1.1030537881484044,0.2912664138113746,18.761148454848485,18.85232000821825,0.09117155336976523,0.4859593408643572,32.37382949987901,32.663792261797454,0.2899627619184457,53.3961014877477,1.5415871311319158,1.5301565900084855,-0.011430541123430338,-0.7414787586503413,563.1140530779761,554.851139943493,173.65211059561932,173.85047433684446,290.4906933403264,288.150674018839,256.53272283913464,255.71371607661405,-0.819006762520587,0.44155207647433936,0.4365483422944694,0.0,False,False,7,8
wheat,22,2006,12,0,2006-12a,2007/08,256.53272283913464,252.1972304570637,0.9830996516386348,26.842576388888894,26.114192407947165,26.114192407947165,26.181044467238735,0.06685205929157617,0.2559989535469284,0.06685205929157617,15.389053518313537,15.380913070275579,-0.008140448037957881,-0.05289765240123735,29.802576390377567,29.73597430861986,-0.06660208175770777,50.92315271949656,1.5827202634231547,1.5856339652055333,0.002913701782378597,0.18409455225377325,383.58207343511276,384.6148470597577,184.38711388138515,184.39510731662187,244.14560174750343,244.46102923956263,252.1972304570637,252.30763007928442,0.11039962222071154,0.4219003889608606,0.42228622927955584,0.0,False,False,6,6
wheat,23,2006,12,1,2006-12b,2007/08,252.1972304570637,253.3161353998168,1.0044366266065858,26.842576388888894,26.181044467238735,26.181044467238735,26.163665446593757,-0.017379020644977587,-0.06638016549234531,0.017379020644977587,14.881545121988616,14.883661332259624,0.0021162102710086117,0.014220366592725308,32.174500867376764,32.19185654313378,0.017355675757016797,53.74224263401143,1.5585078746471572,1.5578077425118952,-0.0007001321352619883,-0.044923233732168125,405.73995858572226,405.4651658295255,190.96016306622263,190.96003530413734,255.39410172207252,255.31157446175382,253.3161353998168,253.28725085870525,-0.028884541111551698,0.4890560715076377,0.48894482266788003,0.0,False,False,6,6
wheat,24,2007,1,0,2007-01a,2007/08,253.3161353998168,258.6189946715564,1.0209337603519408,26.842576388888894,26.163665446593757,26.163665446593757,26.082484165211646,-0.08118128138211524,-0.3102825234783157,0.08118128138211524,14.351142864019952,14.361028154162826,0.00988529014287387,0.06888155345214692,33.567938377503,33.64859077724353,0.08065239974052929,54.43373169317087,1.5215124116226366,1.5184515198632833,-0.0030608917593533125,-0.2011742878974602,434.7372282059283,433.320671348654,197.20856204103268,197.2218058333343,268.46716189050136,268.05146548793016,258.6189946715564,258.4735009306564,-0.14549374089995126,0.5335930370374748,0.5329244652162286,0.0,False,False,6,6
wheat,25,2007,1,1,2007-01b,2007/08,258.6189946715564,265.8584427442242,1.0279927160101363,26.842576388888894,26.082484165211646,26.082484165211646,25.974694407439205,-0.10778975777243868,-0.41326492173704354,0.10778975777243868,14.216989369739611,14.230114723415607,0.013125353675995655,0.09232161138090553,35.34288249618163,35.445021994380056,0.10213949819842583,54.98656629825297,1.4701121551008915,1.4665273756634631,-0.003584779437428409,-0.24384394244957394,464.5388916583449,462.4890562299006,199.91637789218902,199.9798784891412,279.3031320220358,278.73263181136906,265.8584427442242,265.6587676704908,-0.19967507373337412,0.6313071417751095,0.63013578952082,0.0,False,False,6,6
wheat,26,2007,2,0,2007-02a,2007/08,265.8584427442242,270.78581433406697,1.0185338164888873,26.842576388888894,25.974694407439205,25.974694407439205,25.903242354083392,-0.07145205335581165,-0.27508332623673765,0.07145205335581165,6.558796403584876,6.567496984146075,0.008700580561199267,0.13265514014802693,31.68868267333491,31.74814723385083,0.059464560515920084,47.214681246385965,1.407176283884189,1.4049852307731001,-0.002191053111088914,-0.15570565935356814,453.74086167106327,452.53875018068095,205.44912683616158,205.52360972569414,279.93664728663214,279.6281518621902,270.78581433406697,270.67784093551234,-0.10797339855463406,0.7415475814728935,0.7408858954663743,0.0007321845033599614,False,False,6,6
wheat,27,2007,2,1,2007-02b,2007/08,270.78581433406697,268.68839409935094,0.9922543201169007,26.842576388888894,25.903242354083392,25.903242354083392,25.933472875547107,0.030230521463712585,0.11670555002527334,0.030230521463712585,3.3530152994746936,3.349334186405871,-0.0036811130688225724,-0.1097851557491933,32.55296187438017,32.528046132458684,-0.024915741921489598,45.437216581560506,1.330406338387218,1.3312569372074303,0.0008505988202123227,0.06393526516443533,379.3155056634525,379.737798024408,215.71219056140757,215.67528039106725,264.7931850920211,264.89403568106945,268.68839409935094,268.72369180551783,0.035297706166886655,0.7946737012452784,0.7949270261592336,0.000708876741645062,False,False,6,6
wheat,28,2007,3,0,2007-03a,2007/08,268.68839409935094,266.64118116247414,0.9923807169128421,26.842576388888894,25.933472875547107,25.933472875547107,25.963242611381823,0.02976973583471379,0.11479270816360244,0.02976973583471379,0.9270560568824284,0.9234310528027598,-0.0036250040796685923,-0.39102318061099994,42.37482336673365,42.347471747671435,-0.02735161906221606,41.99931120846223,0.9923077649690742,0.9928640551183835,0.0005562901493092465,0.05606024349981616,326.23179743764445,326.668149891849,235.6709643548709,235.56430493267564,262.83921427970296,262.89545842042764,266.64118116247414,266.6608666117278,0.019685449253643128,0.8896327658379122,0.890111262670504,0.0010177425654757937,False,False,6,6
wheat,29,2007,3,1,2007-03b,2007/08,266.64118116247414,274.5267328516132,1.0295736452064923,26.842576388888894,25.963242611381823,25.963242611381823,25.849986405271572,-0.11325620611025031,-0.4362174933442281,0.11325620611025031,1.3480176244562416,1.3679451230866795,0.019927498630437857,1.4782817575160516,34.28474974004629,34.37531145452812,0.09056171448183647,45.29291791931783,1.2702918655628288,1.267473473322152,-0.0028183922406768147,-0.22186965980673018,361.6950611564215,359.2695946775324,258.0897292840031,258.0902876010946,289.1713288457286,288.4440797240259,274.5267328516132,274.27219565901726,-0.254537192595933,0.8513632226909132,0.8489639606391959,0.0011806044107001464,False,False,2,2
wheat,30,2007,4,0,2007-04a,2007/08,274.5267328516132,308.3274867350158,1.1231237247181771,26.842576388888894,25.849986405271572,25.849986405271572,25.40365340653593,-0.44633299873563603,-1.7266275956130313,0.44633299873563603,0.7523887649929081,0.7550569899957175,0.002668225002809388,0.35463381790855664,34.68566409707873,34.94303416904417,0.2573700719654397,52.18077704630193,1.4253832659346064,1.416518973184167,-0.008864292750439429,-0.6218883694153109,611.7941346911258,606.9145758677535,267.9458213832611,267.9455385835772,371.10031537562054,369.6362497688301,308.3274867350158,307.8150637726391,-0.512422962376661,0.9267352003334058,0.9253164210538837,0.0013361134396844628,False,False,1,1
wheat,31,2007,4,1,2007-04b,2007/08,308.3274867350158,310.0629500079504,1.005628636263708,26.842576388888894,25.40365340653593,25.40365340653593,25.382274355367034,-0.021379051168901875,-0.08415738802121038,0.021379051168901875,3.454917193802083,3.4560756364383773,0.0011584426362944988,0.033530257638958075,34.85832555678164,34.869905879499434,0.011580322717797742,60.81915175622743,1.6285831554305352,1.6281266425091592,-0.00045651292137605104,-0.02803129332719682,394.54220626147315,394.2735285114431,278.46184478667544,278.46063180692687,313.28595322911474,313.20450081828176,310.0629500079504,310.03444166415886,-0.02850834379154321,0.7783106071505479,0.7781287736104043,0.0013551203222489105,False,False,2,2
wheat,32,2007,5,0,2007-05a,2007/08,310.0629500079504,319.2745540446062,1.0297088189234462,26.842576388888894,25.382274355367034,25.382274355367034,25.271054783014236,-0.11121957235280058,-0.4381781190907481,0.11121957235280058,5.31166763649296,5.331236788170008,0.019569151677048424,0.3684182259936919,46.92816178624491,46.993558640683865,0.06539685443895848,77.54150110869185,1.573601672947741,1.5716758358891594,-0.0019258370585815143,-0.12238402460350403,447.9678612875097,447.4114036407974,288.55922899693826,288.43858987229083,336.3818186841097,336.13043400284283,319.2745540446062,319.1865694061628,-0.08798463844340176,0.8279177141005032,0.8279212800153422,0.08327285380489594,False,False,2,2
wheat,33,2007,5,1,2007-05b,2007/08,319.2745540446062,322.92010355398463,1.0114182275511663,26.842576388888894,25.271054783014236,25.271054783014236,25.2280540513108,-0.043000731703436636,-0.17015804078086713,0.043000731703436636,16.608270725560697,16.61626002622556,0.007989300664863919,0.04810434991626257,66.81893309845849,66.84567312892237,0.026740030463884068,103.30455957333412,1.498021471978157,1.4974748995635738,-0.000546572414583224,-0.03648628706646427,426.79278414150605,426.63373745301914,288.0751064903368,288.06570913221054,329.69040978568756,329.6361176284531,322.92010355398463,322.9011012989526,-0.01900225503203501,0.8214922454749886,0.8214929529200017,0.0829295203095761,False,False,3,3
wheat,34,2007,6,0,2007-06a,2007/08,322.92010355398463,328.3139265851153,1.0167032741900164,26.842576388888894,25.2280540513108,25.2280540513108,25.165445293029443,-0.06260875828135273,-0.24817117544624775,0.06260875828135273,37.772461565009486,37.787112158540424,0.014650593530937783,0.03878644103118066,113.05739906463549,113.11147868786651,0.05407962323101856,135.6873963982658,1.1893729689381831,1.188834960966502,-0.0005380079716810204,-0.045234588790203374,415.3013977741549,415.0442214519403,305.3437245254654,305.32203990764435,338.33102650007226,338.23869437093316,328.3139265851153,328.2816103399166,-0.032316245198728666,0.6312303605589896,0.6311853886678014,0.14766492754402227,False,False,4,4
wheat,35,2007,6,1,2007-06b,2007/08,328.3139265851153,330.0636502477484,1.0053294226072966,26.842576388888894,25.165445293029443,25.165445293029443,25.14538911330792,-0.020056179721521475,-0.07969729717867072,0.020056179721521475,62.340312944755546,62.34500613696936,0.004693192213814257,0.007528342403371071,135.04816050220802,135.06548888961032,0.01732838740230136,156.29917370945105,1.1501940512290503,1.1500532037197615,-0.00014084750928877732,-0.012245543187975405,378.6342526186727,378.568564644648,313.8898018059705,313.8849225824384,333.3131370497812,333.29001520110126,330.0636502477484,330.0555576007104,-0.008092647037983625,0.6449661486629468,0.6449614335454509,0.1343936730776862,False,False,4,4
wheat,36,2007,7,0,2007-07a,2007/08,330.0636502477484,336.7138417136693,1.0201482091739857,26.842576388888894,25.14538911330792,25.14538911330792,25.07026183582489,-0.07512727748303016,-0.29877158450202657,0.07512727748303016,111.62604605667048,111.6640116716163,0.037965614945818515,0.034011430384754536,202.84311822853846,202.90805995113192,0.06494172259345987,226.25788070765685,1.1118796130860138,1.1115347013047538,-0.0003449117812599489,-0.031020604856909714,408.0186271927847,407.75579567575153,323.7980130505733,323.7746969582331,349.0641972932367,348.96902657348863,336.7138417136693,336.6805319617575,-0.03330975191181551,0.4384482431409206,0.4383619112380111,0.17885023319337104,False,False,7,7
wheat,37,2007,7,1,2007-07b,2007/08,336.7138417136693,346.52243924222546,1.0291303662440379,26.842576388888894,25.07026183582489,25.07026183582489,24.962513390219637,-0.10774844560524915,-0.42978588062163287,0.10774844560524915,175.09163416351495,175.1450242386041,0.05339007508914051,0.030492647660870235,271.02714837602696,271.1202928815417,0.09314450551471509,293.53306885944187,1.081111370059777,1.080748570402396,-0.0003627996573809522,-0.03355802810221969,418.1827816145926,417.902543851193,341.83367370942125,341.8076759297943,364.73840608097265,364.6361363062139,346.52243924222546,346.48664482105994,-0.03579442116551945,0.45778819375454705,0.4577032569822281,0.1989362543068625,False,False,6,6
wheat,38,2007,8,0,2007-08a,2007/08,346.52243924222546,363.7036412684463,1.0495817877300895,26.842576388888894,24.962513390219637,24.962513390219637,24.78197233950407,-0.18054105071557267,-0.7232486885167141,0.18054105071557267,198.19673541168714,198.29056057933622,0.09382516764907223,0.047339411244177135,306.12755710895766,306.280628888555,0.15307177959732599,328.4555863214747,1.0714337436526693,1.0709092975774352,-0.000524446075234053,-0.048948064062845555,467.38396978464374,467.2441458890749,364.8519956473965,364.8398498427111,395.6115878885707,395.56113865662024,363.7036412684463,363.68598403726367,-0.017657231182624855,0.4213749059011191,0.4215970722471879,0.2469187449358751,False,False,8,8
wheat,39,2007,8,1,2007-08b,2007/08,363.7036412684463,375.15931417048125,1.0314972730602376,26.842576388888894,24.78197233950407,24.78197233950407,24.66696146039618,-0.11501087910788949,-0.4640909025814491,0.11501087910788949,201.9042505785694,201.96402044792043,0.05976986935104378,0.029603076299666523,307.5377882888627,307.6355543012166,0.09776601235387261,318.3032597750142,1.0342871242088523,1.0339651716971714,-0.00032195251168087857,-0.031127962839830065,422.9124651296985,422.63645426905157,385.08627962193,385.0734759978113,396.4341352742605,396.34236947918333,375.15931417048125,375.12719614220424,-0.03211802827701149,0.3775183349909452,0.37734907615002466,0.20776953802232934,False,False,8,8
wheat,40,2007,9,0,2007-09a,2007/08,375.15931417048125,363.50027320457514,0.9689224270182775,26.842576388888894,24.66696146039618,24.66696146039618,24.784051566466093,0.11709010606991323,0.4746839462083978,0.11709010606991323,106.0910824027174,106.03093195914633,-0.06015044357107513,-0.056696983581283965,134.76468279895863,134.65209983235724,-0.11258296660139422,140.22190362356753,1.0386469838290426,1.0394757483052544,0.0008287644762117186,0.07979270041842533,279.72446649246405,280.0365203254909,368.472040865525,368.47198019391055,341.84776855360667,341.94134223338466,363.50027320457514,363.5330239924974,0.03275078792228214,0.2106163586108898,0.21080757356762428,0.06491067057201431,False,False,7,7
wheat,41,2007,9,1,2007-09b,2007/08,363.50027320457514,357.41107394717653,0.9832484327901133,26.842576388888894,24.784051566466093,24.784051566466093,24.846934469497896,0.06288290303180061,0.25372325772951476,0.06288290303180061,81.64352270401437,81.621531526297,-0.021991177717367805,-0.026935606143665955,102.13582531727533,102.08302530636321,-0.052800010912122275,117.62923699907583,1.142693781918345,1.1432497285546392,0.0005559466362943244,0.0486522850733471,318.87175453501595,319.09572144680044,357.7729066858205,357.7743869387738,346.10256104057913,346.1707872911818,357.41107394717653,357.43495313488745,0.023879187710917904,0.2670674467861753,0.26720485189082743,0.06891040958814215,False,False,7,7
wheat,42,2007,10,0,2007-10a,2007/08,357.41107394717653,366.701217898016,1.0259928822244957,26.842576388888894,24.846934469497896,24.846934469497896,24.751479429223167,-0.09545504027472779,-0.38417230259092294,0.09545504027472779,44.27341446415141,44.287115975388005,0.013701511236597241,0.03094749163223334,47.84831777384451,47.92946793651086,0.08115016266635422,64.11118239620373,1.2995524779908938,1.297612885857241,-0.00193959213365269,-0.1492507741319763,455.46488372469105,454.74298762246246,353.3069675153416,353.30644246364136,383.9543423781464,383.7374060112877,366.701217898016,366.6252901696154,-0.07592772840058615,0.3846561033485121,0.38455693439012434,0.08286157898309753,False,False,6,6
wheat,43,2007,10,1,2007-10b,2007/08,366.701217898016,370.84666850450924,1.011304709131471,26.842576388888894,24.751479429223167,24.751479429223167,24.70977881885513,-0.041700610368030945,-0.16847724390484942,0.041700610368030945,35.95646277926206,35.962868322150406,0.0064055428883449395,0.017814719227719322,48.404215520242516,48.439662892304305,0.03544737206178894,59.84109812507825,1.2085255467177483,1.207744978454708,-0.0007805682630401822,-0.06458847851087125,431.24224602484463,430.9159748241432,355.9609838293474,355.9616875003221,378.54536248799656,378.44797369746846,370.84666850450924,370.8125824278244,-0.03408607668484365,0.3389011695651473,0.3388086651682468,0.08450754129575394,False,False,7,7
wheat,44,2007,11,0,2007-11a,2007/08,370.84666850450924,384.92195478340983,1.0379544633248592,26.842576388888894,24.70977881885513,24.70977881885513,24.5720908786694,-0.13768794018573638,-0.5572204478037324,0.13768794018573638,25.537580537555346,25.581228181791467,0.04364764423612044,0.17091534639286832,47.85849784423897,47.971103288703944,0.11260544446497533,59.0081755650578,1.2053320564752321,1.2028376865690893,-0.0024943699061428237,-0.20694462515475953,489.7341053082857,487.07904932557585,377.34505795146464,377.4652852455231,411.06177215851096,410.34941446953894,384.92195478340983,384.67262959226963,-0.24932519114020124,0.27160181965971725,0.26900170368054177,0.14117092259758063,False,False,9,9
wheat,45,2007,11,1,2007-11b,2007/08,384.92195478340983,395.64828465062703,1.027866245959529,26.842576388888894,24.5720908786694,24.5720908786694,24.470994656213286,-0.10109622245610916,-0.4114270248929814,0.10109622245610916,21.173858592612365,21.2059065115908,0.032047918978435064,0.15135606407429536,51.332911501947144,51.41612410338398,0.08321260143683418,59.18627395751108,1.1359298105941815,1.134296101942874,-0.0016337086513076304,-0.1438212674824575,442.2125356482723,440.3396999596967,404.1497869320082,404.3081361368728,415.56861154688744,415.11760528371997,395.64828465062703,395.4904324585184,-0.15785219210863488,0.23547622285504954,0.23340180253130016,0.14296511095128145,False,False,9,9
wheat,46,2007,12,0,2007-12a,2007/08,395.64828465062703,397.0328201803409,1.0034994099138745,26.842576388888894,24.470994656213286,24.470994656213286,24.458175331793434,-0.012819324419856677,-0.05238579224078167,0.012819324419856677,19.989603010375802,19.99340443325627,0.0038014228804676975,0.01901700038012026,54.44355598690293,54.4541969262976,0.010640939394669147,56.70568969166101,1.0371537313931511,1.0369725008568107,-0.00018123053634044872,-0.017473835445494832,349.4020706551442,349.29664805630034,421.1192560760947,421.12381657040254,399.6041004498095,399.5756660161719,397.0328201803409,397.0228681285678,-0.009952051773097992,0.3312398298686838,0.33115846177977276,0.1375639679137529,False,False,9,9
wheat,47,2007,12,1,2007-12b,2007/08,397.0328201803409,399.05418301992614,1.0050911731646446,26.842576388888894,24.458175331793434,24.458175331793434,24.43955169098905,-0.018623640804387463,-0.07614484953085768,0.018623640804387463,19.471743719625263,19.477266345619626,0.00552262599436304,0.028362256990866575,60.29400522257831,60.309476902254616,0.015471679676302585,59.498412021296105,0.9880785402755721,0.987849523849604,-0.00022901642596806493,-0.023177957685852884,328.887865241219,328.7383266670721,434.4882614382718,434.5042079408867,402.80814257915597,402.7744435587423,399.05418301992614,399.04238836278137,-0.01179465714477601,0.40207967092888264,0.40193884260291884,0.1371086275177072,False,False,9,9
wheat,48,2008,1,0,2008-01a,2007/08,399.05418301992614,408.5754175873059,1.023859503226669,26.842576388888894,24.43955169098905,24.43955169098905,24.353264198904796,-0.08628749208425364,-0.3530649546082637,0.08628749208425364,17.555858847467082,17.573597322298873,0.01773847483179125,0.1010401996616105,62.34884356388039,62.42281803926197,0.07397447538157564,60.155830583265356,0.9681206697478839,0.9670807193982873,-0.0010399503495965856,-0.10741949656620878,367.19708015720533,366.4384980774938,451.56940901162176,451.70865514973644,426.2577103552968,426.12760802806366,408.5754175873059,408.5298817727743,-0.045535814531604046,0.46393231625818365,0.4632284589325674,0.15095500810593318,False,False,8,8
wheat,49,2008,1,1,2008-01b,2007/08,408.5754175873059,416.8577569838364,1.0202712621465062,26.842576388888894,24.353264198904796,24.353264198904796,24.280064279272825,-0.07319991963196726,-0.3005753932372613,0.07319991963196726,17.994612354157855,18.0096603628636,0.015048008705743854,0.0836250784933794,64.82771432040826,64.8903837762527,0.06266945584444272,60.662041468247736,0.94155076766525,0.9407235656213817,-0.0008272020438683247,-0.08785527793891834,356.0575833420883,355.4412966322871,464.88852775987067,465.03631253839995,432.239244434536,432.1578077665661,416.8577569838364,416.82925415004695,-0.028502833789445958,0.4870631004105088,0.4864581633870461,0.1530245025666246,False,False,8,8
wheat,50,2008,2,0,2008-02a,2007/08,416.8577569838364,421.1224447198871,1.0102305586608433,26.842576388888894,24.280064279272825,24.280064279272825,24.243022075183514,-0.037042204089310214,-0.15256221591197372,0.037042204089310214,13.217951780012696,13.225566698340728,0.007614918328032516,0.05761042599313524,61.65862954299668,61.69031310788697,0.03168356489029378,52.70949101740274,0.8685899103364261,0.8681859913243908,-0.000403919012035292,-0.04650284411879069,301.1219077775302,300.97818862209107,483.8657239336849,483.9235466742468,429.0425790868385,429.03993925860004,421.1224447198871,421.12152078000366,-0.0009239398834210988,0.4921124675890081,0.4917849721994589,0.15585926508487088,False,False,8,8
wheat,51,2008,2,1,2008-02b,2007/08,421.1224447198871,427.76220635841855,1.0157668196549057,26.842576388888894,24.243022075183514,24.243022075183514,24.186200767498228,-0.05682130768528379,-0.23438211419792085,0.05682130768528379,11.09480856240745,11.106489552455242,0.01168099004779144,0.10528338530662122,61.421015129029776,61.467561128097486,0.0465459990677104,49.713091187052214,0.8274776584515271,0.8269104975120529,-0.0005671609394741761,-0.06854093686777163,288.02175460537626,287.831627346366,505.2666655384793,505.39893979034724,440.09319225854836,440.12874605715285,427.76220635841855,427.7746501879301,0.012443829511539661,0.5158499961375045,0.5151095049553679,0.15748995411630123,False,False,8,8
wheat,52,2008,3,0,2008-03a,2007/08,427.76220635841855,427.1400132751471,0.9985454697165319,26.842576388888894,24.186200767498228,24.186200767498228,24.191482119712695,0.005281352214465088,0.02183622084855198,0.005281352214465088,9.109997989140984,9.10891227983282,-0.0010857093081639846,-0.011917777692795738,72.4947452987714,72.49044289866117,-0.004302400110233862,46.18496486912662,0.6666988541355011,0.6667351940381315,3.63399026304112e-05,0.005450722227133963,224.05140724454643,224.0632856183308,512.5272709448885,512.5141417079437,425.9845118347859,425.97888488105986,427.1400132751471,427.138043841343,-0.001969433804106302,0.5574885059412161,0.5575539891456224,0.14342853792343568,False,False,8,8
wheat,53,2008,3,1,2008-03b,2007/08,427.1400132751471,429.54366015435187,1.0056273044072235,26.842576388888894,24.191482119712695,24.191482119712695,24.171128002083037,-0.02035411762965953,-0.08413753869620809,0.02035411762965953,7.664323265462414,7.666671515340095,0.002348249877680786,0.030638711290566997,59.600673633175504,59.61596534889983,0.015291715724323751,49.47314613072561,0.846652270957703,0.8464562806182302,-0.00019599033947281796,-0.02314885888761872,280.5620618429587,280.50059931079284,499.76993890610464,499.75916062208995,434.0075757871608,433.98159222870083,429.54366015435187,429.5345659088909,-0.009094245460971706,0.6462931685653631,0.6462835180074783,0.13794642890899492,False,False,5,5
wheat,54,2008,4,0,2008-04a,calm,429.54366015435187,456.78398895810733,1.063416903403875,26.842576388888894,24.171128002083037,24.171128002083037,23.949220599284068,-0.2219074027989681,-0.9180680470511943,0.2219074027989681,4.288408213750439,4.311544448347265,0.023136234596825567,0.5395063492939193,61.630938652527135,61.800899205459785,0.16996055293265044,56.36100525770976,0.9225842662782338,0.9202865557151946,-0.002297710563039179,-0.24905156602207149,432.3837296672224,431.27317754314714,539.5115030315112,539.2938183912978,507.3731710222246,506.88762613685265,456.78398895810733,456.61404824822716,-0.16994070988016574,0.6789494118094034,0.6788783919414217,0.19520162904382896,False,False,5,5
wheat,55,2008,4,1,2008-04b,calm,456.78398895810733,485.26316167813303,1.062347134331448,26.842576388888894,23.949220599284068,23.949220599284068,23.732933194270558,-0.21628740501350857,-0.9031083250365743,0.21628740501350857,5.937868167509177,5.952337274857653,0.014469107348475951,0.24367511942498155,58.089458453933496,58.27422326677144,0.18476481283794755,64.86922247332369,1.1050610236231757,1.101906085122912,-0.0031549385002636043,-0.2854990297205011,427.0304963945406,425.8807936889375,585.777007077292,585.8398396276293,538.1530538724666,537.8521258460217,485.26316167813303,485.1578368688773,-0.10532480925570553,0.5553204609678473,0.5548030489079665,0.2023978388766351,False,False,4,4
wheat,56,2008,5,0,2008-05a,calm,485.26316167813303,500.38281437466776,1.031157635465771,26.842576388888894,23.732933194270558,23.732933194270558,23.623957760730093,-0.1089754335404647,-0.4591738941344713,0.1089754335404647,8.015684324253089,8.03221140460212,0.0165270803490305,0.20618427174114684,61.298618678323855,61.38147856558687,0.08285988726301241,80.83956313240458,1.2884662386252772,1.2868921255622014,-0.001574113063075755,-0.1221695234137642,494.26570663546573,493.6779016304546,543.1177962741118,543.2862857517032,528.462169382518,528.4037705153287,500.38281437466776,500.3623747711515,-0.020439603516251736,0.7598698282461059,0.7592109800198824,0.19909200893659776,False,False,5,5
wheat,57,2008,5,1,2008-05b,calm,500.38281437466776,515.0023374606108,1.029216677043981,26.842576388888894,23.623957760730093,23.623957760730093,23.52212942433253,-0.10182833639756657,-0.43103842899192346,0.10182833639756657,14.783368813681404,14.793903056718259,0.010534243036854463,0.07125739180034155,74.70694478794502,74.75996041459184,0.05301562664682535,106.60180508058495,1.3930399164434106,1.3921304225695632,-0.0009094938738474223,-0.06528842878885076,518.2234779742448,517.9310651067024,552.4083384889024,552.4220821529444,542.1528803345051,542.0747770390718,515.0023374606108,514.9750013072091,-0.027336153401620322,0.7834656970666086,0.7833480875851092,0.1855132929833227,False,False,4,4
wheat,58,2008,6,0,2008-06a,calm,515.0023374606108,525.822437572516,1.0210098077714702,26.842576388888894,23.52212942433253,23.52212942433253,23.44888237645638,-0.07324704787614725,-0.3113963304715799,0.07324704787614725,30.752771775569446,30.76856946690894,0.01579769133949327,0.05136997554166236,114.07580246987433,114.13051743019228,0.05471496031795198,138.90630377488785,1.2060314394438896,1.2054841518507742,-0.0005472875931153975,-0.045379214439696204,446.3966531267918,446.2286978190029,588.5684475298201,588.5734060601874,545.9169092089116,545.869993587832,525.822437572516,525.8060171051383,-0.016420467377770365,0.48165417529546595,0.48103372898873115,0.18332145430182492,False,False,8,8
wheat,59,2008,6,1,2008-06b,calm,525.822437572516,536.4882728079783,1.0202841006266328,26.842576388888894,23.44888237645638,23.44888237645638,23.378356679401953,-0.07052569705442754,-0.3007635755179453,0.07052569705442754,47.24090816075575,47.252661522494044,0.011753361738293222,0.024879626992558634,127.92256823529247,127.97686033187404,0.05429209658156253,159.51808108607307,1.2351472707817193,1.2346483926791194,-0.0004988781025998534,-0.04039017163387453,471.13884924324014,470.9375007011592,592.7922825114396,592.7918166792363,556.2962525309797,556.2355218858131,536.4882728079783,536.4670170821701,-0.02125572580825974,0.5386000826504814,0.538547832287928,0.19655819668759603,False,False,6,6
wheat,60,2008,7,0,2008-07a,calm,536.4882728079783,527.9156907426271,0.9840209329824074,26.842576388888894,23.378356679401953,23.378356679401953,23.43491214394919,0.0565554645472413,0.24191377231005637,0.0565554645472413,114.79676542208483,114.77274242030786,-0.02402300177696759,-0.02092654935758843,207.53683436381237,207.49222045466095,-0.044613909151422604,229.4767880842789,1.1025331846455042,1.1027631070255328,0.0002299223800286132,0.02085400995005332,382.84823819669055,382.97614331870415,567.3438710481174,567.3513247586723,511.99518119268936,512.0387703266817,527.9156907426271,527.9309469395246,0.015256196897439622,0.3502256786463874,0.35043989303121637,0.15652089636915645,False,False,8,8
wheat,61,2008,7,1,2008-07b,calm,527.9156907426271,523.715053241941,0.9920429766071603,26.842576388888894,23.43491214394919,23.43491214394919,23.463011674529724,0.028099530580530642,0.11990456976296299,0.028099530580530642,190.72214591296418,190.71033387208075,-0.011812040883427244,-0.006193324234521592,289.58867109615016,289.56714923177105,-0.02152186437911041,296.75197623606385,1.0241978300092904,1.024272296053984,7.446604469363294e-05,0.007270670031878261,380.2785210729726,380.31539470805166,574.043304271719,574.0468103468858,515.913869312095,515.9273856552355,523.715053241941,523.7197839620401,0.004730720099132668,0.44123234531051275,0.44125745111894177,0.1846761747300117,False,False,7,7
wheat,62,2008,8,0,2008-08a,calm,523.715053241941,521.9380887709508,0.9966070013455022,26.842576388888894,23.463011674529724,23.463011674529724,23.474976523938388,0.011964849408661493,0.05099451670839825,0.011964849408661493,235.00247295008123,234.99728693583688,-0.005186014244344506,-0.0022067913495727805,341.19434038529226,341.18548777411604,-0.00885261117622349,331.4969729488382,0.9721048687393578,0.9721296241494538,2.475541009605564e-05,0.00254657814111752,380.0172871065049,380.02742903849577,578.0468939490046,578.0475495793048,518.6380118962546,518.6415134170621,521.9380887709508,521.9393143032333,0.0012255322825467374,0.3789956285284866,0.3789937541490158,0.207654910510639,False,False,9,9
wheat,63,2008,8,1,2008-08b,calm,521.9380887709508,516.7840730285867,0.9901252354383627,26.842576388888894,23.474976523938388,23.474976523938388,23.509946844145407,0.034970320207023994,0.14896849916490154,0.034970320207023994,258.0099247336301,257.99495750278874,-0.014967230841364199,-0.005801029110339997,353.3768503646849,353.3511971528525,-0.02565321183243441,321.22972694040857,0.9106575325743613,0.9107224623078818,6.492973352045794e-05,0.007129983687380963,327.0516024543154,327.0964336542358,584.4240696725127,584.4259561991645,507.2123295070535,507.2270994356859,516.7840730285867,516.7892425036081,0.005169475021375547,0.3058341890934731,0.30592205360872476,0.17044489989409697,False,False,9,9
wheat,64,2008,9,0,2008-09a,calm,516.7840730285867,491.2831722150763,0.9506546309291932,26.842576388888894,23.509946844145407,23.509946844145407,23.689082038955007,0.17913519480959653,0.7619549120937544,0.17913519480959653,183.86075175491493,183.78288122394488,-0.07787053097004559,-0.04235299280938787,211.4466703620204,211.30988555586754,-0.13678480615286048,143.1192213726893,0.6864115035950059,0.6868426850292304,0.0004311814342244924,0.06281675525049134,189.8115468824923,189.94290378792317,552.8298462197276,552.8419391041593,443.92435641855707,443.97222850928847,491.2831722150763,491.2999274468324,0.01675523175606486,0.16637548271858998,0.16644642197915505,0.07373225085954087,False,False,8,8
wheat,65,2008,9,1,2008-09b,calm,491.2831722150763,468.7720674700623,0.9541789623212273,26.842576388888894,23.689082038955007,23.689082038955007,23.856336743022354,0.1672547040673451,0.7060413054094146,0.1672547040673451,154.8097957464865,154.73708969546846,-0.07270605101803085,-0.046964761284933716,172.0978374610306,171.97002205136852,-0.12781540966207672,120.47024188327168,0.7108346620143228,0.7113439074749003,0.0005092454605775121,0.07164049360429911,197.22832788784427,197.3815447135411,525.4246167430168,525.4435366896263,426.96573008646504,427.0249390968007,468.7720674700623,468.7927906236798,0.020723153617495882,0.16697107672910386,0.1670440302160733,0.07482435703456469,False,False,8,8
wheat,66,2008,10,0,2008-10a,calm,468.7720674700623,445.4133654088605,0.9501704481086779,26.842576388888894,23.856336743022354,23.856336743022354,24.039948256885047,0.18361151386269411,0.7696551060648401,0.18361151386269411,110.49593632434025,110.4303377929761,-0.06559853136414517,-0.0593673700104164,114.97290843581662,114.81589659308378,-0.1570118427328424,66.86053183496415,0.6037365534170227,0.6045183055400432,0.0007817521230204516,0.12948563717003683,167.17477727756693,167.40636743396234,502.6864079150019,502.69259509109514,402.0329187237714,402.1067267939553,445.4133654088605,445.43919823342486,0.02583282456436109,0.16053121906432039,0.16081780418482464,0.0741687704272131,False,False,8,8
wheat,67,2008,10,1,2008-10b,calm,445.4133654088605,425.6121397406929,0.9555441591879683,26.842576388888894,24.039948256885047,24.039948256885047,24.204488771208123,0.16454051432307282,0.6844462083064108,0.16454051432307282,96.51125132372194,96.4524662515746,-0.0587850721473302,-0.060910071459078834,112.15890010334337,112.01853070745508,-0.14036939588828545,62.569366319638846,0.5818797121193989,0.5825692071996784,0.0006894950802794897,0.11849443551969184,160.91371577190787,161.11299265458942,486.5204574240134,486.54001201341237,388.83843492838173,388.9119062057655,425.6121397406929,425.63785468777724,0.025714947084338746,0.10709615547464499,0.10720985752823141,0.0737484813233969,False,False,8,8
wheat,68,2008,11,0,2008-11a,calm,425.6121397406929,408.43819354787365,0.9596488337873008,26.842576388888894,24.204488771208123,24.204488771208123,24.354491328098618,0.15000255689049888,0.6197303248516898,0.15000255689049888,85.59385365879454,85.5396018425871,-0.05425181620744013,-0.06338284104336024,112.54371443984746,112.41604814749984,-0.1276662923476266,61.71511329207158,0.5728183999307811,0.5734336672022372,0.0006152672714561103,0.10741052863009615,159.40458522631215,159.58116223729166,469.60335211290004,469.60262306371754,376.5437220469237,376.5961848157898,408.43819354787365,408.45655551697683,0.01836196910318222,0.06982978595348946,0.07002749428207211,0.07578549284838883,False,False,9,9
wheat,69,2008,11,1,2008-11b,calm,408.43819354787365,393.01839037661506,0.9622469117363501,26.842576388888894,24.354491328098618,24.354491328098618,24.495487349001127,0.14099602090250996,0.5789323168488351,0.14099602090250996,77.20626592379693,77.15527152496435,-0.05099439883258583,-0.06604955986722323,114.34018843178973,114.2206657553156,-0.1195226764741335,61.87771598877745,0.5656447503564629,0.5662050500294467,0.0005602996729837662,0.09905504694080015,157.24572320360966,157.40707206961517,453.15413728211485,453.1687891793056,364.3816130585633,364.44027404639843,393.01839037661506,393.0389217223574,0.02053134574231308,0.04122064314145836,0.04127826428872567,0.07544902364756972,False,False,9,9
wheat,70,2008,12,0,2008-12a,calm,393.01839037661506,379.83768320529725,0.9664628742724044,26.842576388888894,24.495487349001127,24.495487349001127,24.621148526044507,0.12566117704337643,0.5129972523224797,0.12566117704337643,68.26249647958895,68.20636880111381,-0.05612767847513567,-0.08222330176851693,107.7138551828117,107.6159859847135,-0.09786919809819494,59.384640185512325,0.5766391265159957,0.5771339195845135,0.0004947930685178514,0.08580636411326246,162.79690196233335,162.93639086850015,437.8859377732755,437.8955228669544,355.35922702999284,355.40778326741815,379.83768320529725,379.8546778883961,0.016994683098857877,0.015278603227413971,0.01527860295617054,0.08051404589227794,False,False,10,10
wheat,71,2008,12,1,2008-12b,calm,379.83768320529725,367.30587927883147,0.9670074758757085,26.842576388888894,24.621148526044507,24.621148526044507,24.745363241252782,0.12421471520827762,0.504504146412512,0.12421471520827762,64.22483689443283,64.1693552909565,-0.05548160347632347,-0.08638652297010778,111.97038417803805,111.87317883831703,-0.09720533972101464,62.15248253653658,0.5792854765039274,0.5797614047675778,0.00047592826365039365,0.08215781043272315,163.56830409182965,163.702456207866,421.3743398601883,421.38494290194285,344.0325291296807,344.0801968937198,367.30587927883147,367.32256299624515,0.016683717413684462,0.015292336103338643,0.015292328422146277,0.08056312248722734,False,False,10,10
wheat,72,2009,1,0,2009-01a,calm,367.30587927883147,355.21431536663243,0.9670803964915029,26.842576388888894,24.745363241252782,24.745363241252782,24.869923323197433,0.12456008194465115,0.5033673611102952,0.12456008194465115,60.23079803503494,60.17516217044478,-0.055635864590158235,-0.09237112308855026,115.22926195859236,115.13170959087074,-0.0975523677216188,62.790526671490056,0.5690137478291022,0.5694703312373597,0.00045658340825749377,0.0802411910080289,160.6894028791565,160.81807877340302,406.50247564522687,406.5160198005703,332.7585538154057,332.80663749242007,355.21431536663243,355.2311446535875,0.016829286955044154,0.015304798302696099,0.015304782491022679,0.08060724692709506,False,False,10,10
wheat,73,2009,1,1,2009-01b,calm,355.21431536663243,343.90073622021237,0.9681499909857438,26.842576388888894,24.869923323197433,24.869923323197433,24.990966332277466,0.12104300908003637,0.48670439191556913,0.12104300908003637,56.94473091688863,56.89066598406565,-0.05406493282298186,-0.09494281903252846,118.59740972126258,118.50261220575268,-0.0947975155098959,63.27215920723336,0.5575382670694397,0.5579612797086327,0.00042301263919308774,0.07587149872537859,157.47272585736928,157.59191283715418,393.7828368035815,393.8022673759943,322.8898035197179,322.93916101434223,343.90073622021237,343.9180113433309,0.017275123118508873,0.01531879581481478,0.015318770145402248,0.0806576355766468,False,False,10,10
wheat,74,2009,2,0,2009-02a,calm,343.90073622021237,332.73789933987086,0.9675405263651616,26.842576388888894,24.990966332277466,24.990966332277466,25.11497063409669,0.12400430181921715,0.4961965062513709,0.12400430181921715,49.37197795177774,49.31659033130654,-0.055387620471194055,-0.11218432554047536,116.93778579063034,116.84004990693772,-0.09773588369262143,55.272262997372934,0.5001984054782478,0.500594953448032,0.00039654796978416673,0.07927813552404686,141.22824748305703,141.33995373949716,385.1977747388237,385.237414477986,312.0069165620937,312.06817625643936,332.73789933987086,332.7593402328918,0.021440893020951535,0.015306250747847267,0.015306230828031522,0.08054238667122096,False,False,10,10
wheat,75,2009,2,1,2009-02b,calm,332.73789933987086,322.21865135283326,0.9683857835013473,26.842576388888894,25.11497063409669,25.11497063409669,25.236284451675544,0.12131381757885709,0.48303388184797846,0.12131381757885709,44.92594275168479,44.87248208644135,-0.053460665243434846,-0.1189973141775194,117.4124138828488,117.30306108963677,-0.10935279321202529,52.07719675897452,0.4724846704979521,0.4729022017258886,0.000417531227936474,0.08836926444543426,133.23765475119885,133.35402854732436,375.30229809404636,375.25645971799344,302.6829050911921,302.6857303667927,322.21865135283326,322.2196401992935,0.0009888464602454405,0.09366493280362904,0.09447326666473822,0.08013163943515215,False,False,9,9
wheat,76,2009,3,0,2009-03a,calm,322.21865135283326,308.67935692436356,0.957981034395045,26.842576388888894,25.236284451675544,25.236284451675544,25.39930757563189,0.1630231239563484,0.6459870281955258,0.1630231239563484,41.84150780985555,41.76869208664873,-0.07281572320682272,-0.17402748375542854,118.61499751267274,118.48671026591467,-0.12828724675807734,48.50209121969134,0.43935337262491453,0.43980453661999475,0.0004511639950802171,0.10268818295048927,123.11513240528015,123.22346962534154,352.2863046631328,352.001037048398,283.534952985777,283.36776682148104,308.67935692436356,308.62084176686,-0.05851515750356384,0.2303984719568117,0.23231308951174526,0.07805401965744521,False,False,10,10
wheat,77,2009,3,1,2009-03b,calm,308.67935692436356,297.92756562757734,0.9651684148758262,26.842576388888894,25.39930757563189,25.39930757563189,25.534738349401675,0.13543077376978313,0.5332065583540375,0.13543077376978313,32.50672854381402,32.45434969049098,-0.052378853323041596,-0.16113234296229792,102.44969315161465,102.34281791928098,-0.10687523233367813,51.78070784057374,0.534685500327131,0.5352107990174786,0.0005252986903475643,0.0982444240635245,147.2232249403158,147.34490058013893,333.98997962452194,334.01324490072966,277.95995321926006,278.0127416045524,297.92756562757734,297.9460415624296,0.018475934852290266,0.30223128191418086,0.3023082968560423,0.0723486170769335,False,False,8,8
wheat,78,2009,4,0,2009-04a,calm,297.92756562757734,290.3454935800687,0.974550619270368,26.842576388888894,25.534738349401675,25.534738349401675,25.633667801601828,0.09892945220015396,0.38743084360788865,0.09892945220015396,28.000691688905377,27.96242999164202,-0.038261697263358485,-0.13664554321891553,102.96855522818075,102.89045137872941,-0.07810384945133819,58.66856696755792,0.5951039662861353,0.5955290899999631,0.0004251237138278574,0.07143688126982695,166.8973179638999,167.01681840597666,323.13615320789364,323.1206086201432,276.26450263469553,276.2894715558932,290.3454935800687,290.35423270248793,0.008739122419228806,0.3715349137188854,0.3718138076366893,0.07832534134123258,False,False,8,8
wheat,79,2009,4,1,2009-04b,calm,290.3454935800687,293.3404461917356,1.0103151337902236,26.842576388888894,25.633667801601828,25.633667801601828,25.594239114182333,-0.039428687419497115,-0.15381601932530797,0.039428687419497115,21.29251436930157,21.301576512673694,0.009062143372123188,0.04256023133270024,99.79380939644051,99.82488222102114,0.031072824580633096,67.16631395122741,0.6928773021502114,0.6926747027120663,-0.00020259943814504577,-0.02924030524831993,196.6800892328558,196.6268899267595,342.7121061030248,342.7031746819829,298.9025010419741,298.88028925541585,293.3404461917356,293.3326720664402,-0.007774125295441081,0.33102259479279206,0.331014891435715,0.08231653711155897,False,False,7,7
wheat,80,2009,5,0,2009-05a,calm,293.3404461917356,295.067353095497,1.005887039875274,26.842576388888894,25.594239114182333,25.594239114182333,25.571714152915227,-0.02252496126710292,-0.08800793478021912,0.02252496126710292,21.826578356626733,21.831977144097955,0.005398787471222022,0.024734923555175127,100.43614678679987,100.45380805152638,0.017661264726513082,82.58656337392736,0.8329916125418905,0.8328539864216163,-0.0001376261202741258,-0.01652190948887912,235.62046806512438,235.5839075160754,325.1261792817585,325.16194694824395,298.27446591676824,298.2885351185934,295.067353095497,295.07227731613585,0.004924220638827137,0.46370609115073347,0.46349350352926727,0.08114658258359245,False,False,8,8
wheat,81,2009,5,1,2009-05b,calm,295.067353095497,295.11652667456246,1.000166652049268,26.842576388888894,25.571714152915227,25.571714152915227,25.571074977377698,-0.0006391755375297001,-0.0024995412263234327,0.0006391755375297001,27.264721641120246,27.264852483840954,0.00013084272070784664,0.0004798975116273023,108.60862362572534,108.60911447473683,0.0004908490114843289,108.32212347798306,0.9975097952968981,0.9975055395730832,-4.2557238149054655e-06,-0.0004266347894497412,281.3481894898215,281.34708553278404,301.14770312676796,301.1476742324634,295.20784903568403,295.2074976225596,295.11652667456246,295.1164036799689,-0.00012299459353926068,0.5693037864824445,0.5693035286010607,0.08019831088592169,False,False,8,8
wheat,82,2009,6,0,2009-06a,2010/11,295.11652667456246,302.11901084911995,1.023727861849904,26.842576388888894,25.571074977377698,25.571074977377698,25.481283933311353,-0.0897910440663454,-0.3511430166537075,0.0897910440663454,49.87891793677214,49.91892466452987,0.040006727757727845,0.08020768976672961,144.64756790763482,144.7175257621034,0.06995785446858349,140.61705071229406,0.9733236951641945,0.9728732337147882,-0.00045046144940630306,-0.04628074418041499,290.13567648077014,290.00470339861187,325.8327448170345,325.8364815547261,315.1236243161552,315.0869481078918,302.11901084911995,302.10617417622774,-0.012836672892206025,0.22833013612364078,0.22818838623585255,0.09897292242610743,False,False,10,10
wheat,83,2009,6,1,2009-06b,2010/11,302.11901084911995,307.5894714487422,1.0181069724286707,26.842576388888894,25.481283933311353,25.481283933311353,25.412786941540336,-0.06849699177101869,-0.26881295287272966,0.06849699177101869,58.268129262899315,58.285453058364794,0.017323795465479463,0.02973116810961345,157.17501941628257,157.2283285796975,0.05330916341492298,161.15661592685342,1.0243348229400127,1.0240011866597067,-0.00033363628030591563,-0.03257101807281369,307.2666929836776,307.20424248623885,322.24127197358393,322.2706459965115,317.74889827661207,317.7507249434297,307.5894714487422,307.59011078212836,0.0006393333861751671,0.37245549588125976,0.37232539701882317,0.1011732612311932,False,False,9,9
wheat,84,2009,7,0,2009-07a,2010/11,307.5894714487422,305.6601746387686,0.9937276890496718,26.842576388888894,25.412786941540336,25.412786941540336,25.436783097984332,0.023996156443993742,0.09442552089699797,0.023996156443993742,143.83881783047565,143.8275298171824,-0.011288013293238919,-0.007847682192815748,249.54546979817593,249.5256027141616,-0.019867084014322245,231.1153229250592,0.9280037762454866,0.9280758037718875,7.202752640089738e-05,0.007761555313094308,282.62663064827177,282.6383165446652,310.4131509347658,310.41310404576296,302.07719484881756,302.08066779543367,305.6601746387686,305.6613901700842,0.0012155313156085867,0.2815692829152688,0.2815554512605982,0.10654243750618347,False,False,8,8
wheat,85,2009,7,1,2009-07b,2010/11,305.6601746387686,311.5652633819774,1.0193191303060252,26.842576388888894,25.436783097984332,25.436783097984332,25.363878286647026,-0.07290481133730478,-0.2866117584777531,0.07290481133730478,213.28682251313307,213.32039993978486,0.033577426651788755,0.015742850991050435,323.8440584561789,323.90332442419174,0.05926596801282358,298.3905110768442,0.9229348926429783,0.9227693125980088,-0.00016558004496958212,-0.01794059865863517,328.543552705295,328.47939343646027,319.9554156437627,319.9443878078144,322.5318567622224,322.50488949640817,311.5652633819774,311.55582483894244,-0.009438543034946179,0.37487294846574115,0.37477856325624814,0.16674440254488213,False,False,7,7
wheat,86,2009,8,0,2009-08a,2010/11,311.5652633819774,326.22840603950976,1.0470628288223371,26.842576388888894,25.363878286647026,25.363878286647026,25.18951172225262,-0.17436656439440304,-0.6874601842187495,0.17436656439440304,255.03659680042006,255.16934832990788,0.13275152948781965,0.05205195299547732,370.3808012592446,370.5197381172177,0.13893685797307853,333.06770939572243,0.9009797970838799,0.9006477229847248,-0.00033207409915503305,-0.0368569972634045,376.334117657901,375.9009715865929,343.6567448454893,343.6525526005001,353.4599566892128,353.32707829632795,326.22840603950976,326.1818986020001,-0.046507437509660576,0.40801836658755775,0.40747755821140424,0.2325866314539414,False,False,10,10
wheat,87,2009,8,1,2009-08b,2010/11,326.22840603950976,332.02584764016876,1.017771112181926,26.842576388888894,25.18951172225262,25.18951172225262,25.123042391040343,-0.06646933121227835,-0.26387701335853525,0.06646933121227835,293.77981155154885,293.8304170412717,0.05060548972284096,0.017225652591843034,402.9910238207251,403.0435787702462,0.052554949521095295,322.7229891454266,0.8039533032222727,0.8038501208272616,-0.00010318239501105886,-0.012834376648183451,303.40418904636454,303.3154608048623,359.6732402637518,359.66311574909423,342.7925248985356,342.7588192658246,332.02584764016876,332.01405066871996,-0.011796971448802651,0.27191741949573583,0.2715655263749002,0.1918131524711287,False,False,10,10
wheat,88,2009,9,0,2009-09a,2010/11,332.02584764016876,317.77358355651404,0.9570748356341807,26.842576388888894,25.123042391040343,25.123042391040343,25.288923724561002,0.16588133352065826,0.6602756582531448,0.16588133352065826,176.77838980729734,176.6979792536842,-0.08041055361314875,-0.04548664217430802,227.00106726717456,226.86802639262666,-0.13304087454790192,144.59223673956274,0.646985646575253,0.6473545782367899,0.0003689316615368421,0.05702316017205962,177.76451568870914,177.8744337559604,339.9653405840403,339.95324023253426,291.30509311544097,291.3295982895621,317.77358355651404,317.7821603674564,0.008576810942372504,0.1410204559343698,0.14130142795125408,0.071660934728875,False,False,9,9
wheat,89,2009,9,1,2009-09b,2010/11,317.77358355651404,304.9623875873961,0.959684515541741,26.842576388888894,25.288923724561002,25.288923724561002,25.445504938374683,0.1565812138136793,0.6191691489883578,0.1565812138136793,146.46540627054208,146.39068638789144,-0.07471988265064056,-0.05101537936720873,185.40198408718123,185.27610540363145,-0.12587868354978582,121.92352420755304,0.6691145258563195,0.6695538540019921,0.0004393281456726017,0.06565813903238138,184.9537088265786,185.07690222960983,322.4057912198824,322.40831719665687,281.1701665018913,281.20889270654277,304.9623875873961,304.9759417590241,0.013554171628015865,0.17932198709268776,0.1793424512889687,0.07360146421475063,False,False,8,8
wheat,90,2009,10,0,2009-10a,2010/11,304.9623875873961,292.7844576500136,0.9600674364018332,26.842576388888894,25.445504938374683,25.445504938374683,25.601523636380463,0.15601869800578433,0.6131483670048559,0.15601869800578433,102.14241869251754,102.06678902633156,-0.075629666185975,-0.07404334766503357,126.4538335008298,126.32912195271481,-0.12471154811498764,68.29365506383715,0.5623633837552304,0.5628916092596217,0.0005282255043912443,0.09392956932294783,154.52155371508198,154.67341014854634,319.73119419641864,319.7620057945588,270.1683020520176,270.23542710075503,292.7844576500136,292.80795141707176,0.023493767058141657,0.09088103122742418,0.09088303550625146,0.0716769353177894,False,False,9,9
wheat,91,2009,10,1,2009-10b,2010/11,292.7844576500136,281.6354260008525,0.9619206847977962,26.842576388888894,25.601523636380463,25.601523636380463,25.751048861178486,0.14952522479802127,0.584048148546682,0.14952522479802127,89.21209897922967,89.13961700763011,-0.07248197159955794,-0.08124679547830521,122.60799162300799,122.48667732579881,-0.12131429720918163,63.993294943915885,0.5457992923923028,0.5463128565334936,0.0005135641411907477,0.09409395511301147,150.27533820343552,150.4165170093095,308.3535429264609,308.36576058059023,260.93008150955325,260.98098750920605,281.6354260008525,281.65324310073095,0.0178170998784708,0.09525833566598689,0.095266806973836,0.07233141697654845,False,False,9,9
wheat,92,2009,11,0,2009-11a,2010/11,281.6354260008525,272.1097809154269,0.9661773903209294,26.842576388888894,25.751048861178486,25.751048861178486,25.88429807465107,0.13324921347258,0.5174515965967607,0.13324921347258,79.4032467285571,79.33806761064375,-0.06517911791334541,-0.08208621259047834,122.12267309909929,122.01487105445204,-0.10780204464724363,63.12966471978393,0.5411421600249304,0.5415962901284035,0.0004541301034730605,0.08392066577332262,150.62210803311385,150.74785631715102,298.9038068220236,298.9061347482199,254.4192971853507,254.45865121889926,272.1097809154269,272.12355482716885,0.013773911741964184,0.06539742028774906,0.06548574910950553,0.07585563996353112,False,False,10,10
wheat,93,2009,11,1,2009-11b,2010/11,272.1097809154269,264.3278846804445,0.9714016298539412,26.842576388888894,25.88429807465107,25.88429807465107,25.99719957589995,0.11290150124888274,0.4361775657322115,0.11290150124888274,72.09827923915405,72.0430532451634,-0.055225993990646316,-0.07659821367921776,122.76966513036392,122.67691558533582,-0.09274954502809862,63.28504176976975,0.5396350415609669,0.5400226750825604,0.00038763352159354447,0.07183253342337859,150.55550346216063,150.662868007397,292.44162947710277,292.4509979224534,249.8757916726201,249.91455894793646,264.3278846804445,264.34145322680524,0.013568546360716027,0.016844268963616647,0.016843458093879736,0.07662121047026091,False,False,10,10
wheat,94,2009,12,0,2009-12a,2010/11,264.3278846804445,257.67834380663385,0.9748435891209528,26.842576388888894,25.99719957589995,25.99719957589995,26.096744113590052,0.09954453769010549,0.38290484865295166,0.09954453769010549,66.89309220754593,66.84439979885813,-0.048692408687799116,-0.07279138559886505,117.08260983804618,117.00083406585702,-0.08177577218916099,60.78536453946265,0.5442434842291284,0.5446040223907888,0.0003605381616603731,0.06624574700623982,154.03624246043427,154.13661554138054,284.45474818775216,284.4601542862615,245.3291964695568,245.36309266279721,257.67834380663385,257.690207474268,0.011863667634145258,0.01644267327471702,0.016442150957497483,0.0813428239145752,False,False,10,10
wheat,95,2009,12,1,2009-12b,2010/11,257.67834380663385,251.6791401313003,0.9767182465289538,26.842576388888894,26.096744113590052,26.096744113590052,26.18912159309481,0.09237747950475826,0.3539808609942728,0.09237747950475826,62.9591799772718,62.9139933493566,-0.045186627915200006,-0.07177130949213813,119.89029871849087,119.81406661429543,-0.0762321041954408,63.53972835636952,0.5539503868271287,0.5542848557498063,0.0003344689226776332,0.060378858943194655,156.82288938863107,156.915841812973,276.4155643721715,276.42214907479297,240.53776187710938,240.57025689624697,251.6791401313003,251.69051338799846,0.011373256698163914,0.016462817952292774,0.016462280797424393,0.08142592181980841,False,False,10,10
wheat,96,2010,1,0,2010-01a,2010/11,251.6791401313003,246.00660661094616,0.9774612488051462,26.842576388888894,26.18912159309481,26.18912159309481,26.278828443199423,0.08970685010461227,0.3425347802740545,0.08970685010461227,59.500028439313404,59.45614815508339,-0.043880284230013444,-0.07374834160754865,122.48201681964784,122.40802930294109,-0.07398751670675097,64.16752822749291,0.5476840446409543,0.5479985320645042,0.0003144874235498918,0.057421322864364355,155.08449084754744,155.17171086693503,269.92364892493265,269.9344429690244,235.47190150171707,235.5056233383976,246.00660661094616,246.01840925378434,0.01180264283817678,0.016481246995761593,0.016480670103303986,0.08150201388636101,False,False,10,10
wheat,97,2010,1,1,2010-01b,2010/11,246.00660661094616,241.3871410362135,0.9812221889551193,26.842576388888894,26.278828443199423,26.278828443199423,26.353657390362812,0.07482894716338652,0.28474993596128584,0.07482894716338652,56.711662464046725,56.6750597356449,-0.036602728401824436,-0.06454180112429136,125.21610322581559,125.15438681505537,-0.06171641076021217,64.6362160652582,0.5398704279141122,0.540123617310973,0.000253189396860809,0.04689817848313203,152.90912871153054,152.9791842813195,267.05056418117476,267.0748557414174,232.8081335402815,232.84615430338806,241.3871410362135,241.40044830330083,0.013307267087327546,0.016501108044530508,0.01650057535799047,0.081582625632209,False,False,10,10
wheat,98,2010,2,0,2010-02a,2010/11,241.3871410362135,233.59114567962837,0.9677033527008981,26.842576388888894,26.353657390362812,26.353657390362812,26.48375482709894,0.13009743673612933,0.49365989247361264,0.13009743673612933,48.91992509972399,48.85628767967278,-0.06363742005120798,-0.13008486812169512,122.48238148778569,122.3752707174899,-0.1071107702957903,56.61959777952566,0.48913718716487264,0.48954390104575624,0.0004067138808835913,0.08314924556053042,138.56820641552648,138.68056206711486,253.632009520242,253.53095432131195,219.11286858882733,219.07583664505282,233.59114567962837,233.57818449930727,-0.012961180321099164,0.1854602788916726,0.18665775840101737,0.08165061384529511,False,False,10,10
wheat,99,2010,2,1,2010-02b,2010/11,233.59114567962837,224.75746197368335,0.9621831397750817,26.842576388888894,26.48375482709894,26.48375482709894,26.6373426544932,0.15358782739425736,0.579932220325125,0.15358782739425736,44.957892520380085,44.88276472899658,-0.07512779138350822,-0.16710701318895602,122.23285645032877,122.10497634456158,-0.1278801057671899,53.36184548321381,0.464768051754344,0.46523040791672066,0.00046235616237666477,0.09948105525571839,131.39993050595004,131.5274958875655,241.3315288930618,241.1457701514246,208.35204937692828,208.26028787226687,224.75746197368335,224.72534544705184,-0.03211652663151199,0.24268654288995423,0.2441358674695503,0.08098381711817318,False,False,10,10
wheat,100,2010,3,0,2010-03a,2010/11,224.75746197368335,217.53874854981868,0.9678822079566377,26.842576388888894,26.6373426544932,26.6373426544932,26.768098479958102,0.13075582546490228,0.4908741354605292,0.13075582546490228,39.498171581313734,39.46570441384323,-0.03246716747050726,-0.08219916560863597,109.46355207140275,109.35479506147708,-0.10875700992566806,49.75986191418362,0.48489458334354385,0.4853499982412821,0.00045541489773825994,0.09392039288168377,134.76284796668577,134.8530205975637,233.86244583845917,233.85484780382967,204.13256647692714,204.15429964194988,217.53874854981868,217.54635515757664,0.007606607757963957,0.38447957741757255,0.3845492788857184,0.07536492949692684,False,False,8,8
wheat,101,2010,3,1,2010-03b,2010/11,217.53874854981868,212.13187701173337,0.9751452484942145,26.842576388888894,26.768098479958102,26.768098479958102,26.869347807673236,0.10124932771513143,0.37824624633288445,0.10124932771513143,33.488132573248905,33.462991981099265,-0.02514059214963993,-0.07507313850555769,105.83520602521716,105.75304624390341,-0.08215978131374868,53.032492794736356,0.52971210791353,0.5301000122614489,0.0003879043479189104,0.0732292772099957,143.67142711519242,143.75387680532103,227.127308601045,227.12741638389838,202.09054415528922,202.11535451032518,212.13187701173337,212.14056063599594,0.00868362426257363,0.39904213683153417,0.39914519306770374,0.06752534557920495,False,False,8,8
wheat,102,2010,4,0,2010-04a,2010/11,212.13187701173337,215.1713413729425,1.014328183034184,26.842576388888894,26.869347807673236,26.869347807673236,26.812070408217686,-0.05727739945554745,-0.21317003994860792,0.05727739945554745,28.6309711610606,28.647954572500417,0.016983411439817075,0.05931832121334142,101.00324530276933,101.05088985115401,0.047644548384681684,59.920351921720396,0.6176395727586148,0.6173658141985954,-0.00027375856001943255,-0.04432335169146012,171.1036688115675,171.03466104726093,242.1213717963316,242.11861011879603,220.81606090090236,220.79342539733548,215.1713413729425,215.1634189466941,-0.007922426248399006,0.25282795323561036,0.25267659791269415,0.07431878139390727,False,False,9,9
wheat,103,2010,4,1,2010-04b,2010/11,215.1713413729425,219.65869142254735,1.0208547756451787,26.842576388888894,26.812070408217686,26.812070408217686,26.7291874359491,-0.08288297226858388,-0.309125595325831,0.08288297226858388,21.288868359841597,21.31344411978833,0.02457575994673178,0.11543948476420866,97.79011732918079,97.85894347149662,0.06882614231582806,68.41787948672177,0.7182041671064425,0.7177302392866395,-0.0004739278198030439,-0.06598789613160302,200.10124907292797,199.97732536986265,239.9456668468462,239.91847758745507,227.99234151467073,227.93613192217737,219.65869142254735,219.6390180651747,-0.0196733573726533,0.2871481325241758,0.28690802789681386,0.07617432369786531,False,False,9,9
wheat,104,2010,5,0,2010-05a,2010/11,219.65869142254735,219.28674197438528,0.998306693690319,26.842576388888894,26.7291874359491,26.7291874359491,26.735983159462247,0.006795723513142525,0.025424355040448026,0.006795723513142525,24.39399585648036,24.39239332061898,-0.001602535861380261,-0.00656938646217955,99.36108962461965,99.35549051923044,-0.005599105389208603,83.39266453209933,0.8490744249804903,0.8491193603315513,4.493535106098179e-05,0.005292274709842343,234.8506504418378,234.8621291473865,211.629690829945,211.62897651366288,218.59597871351284,218.59892230377997,219.28674197438528,219.28777223097876,0.0010302565934807717,0.5339201399109348,0.5339376473043466,0.07381271596001855,False,False,7,7
wheat,105,2010,5,1,2010-05b,2010/11,219.28674197438528,222.68476804964644,1.0154958117607404,26.842576388888894,26.735983159462247,26.735983159462247,26.674386432039512,-0.061596727422730584,-0.23038886228850208,0.061596727422730584,32.01388788912236,32.029019695549806,0.015131806427447714,0.04726638163991691,109.00773689880802,109.05846594676385,0.050729047955826445,109.08288334325717,1.0006509005940976,1.000211404777777,-0.00043949581632052315,-0.0439209934313345,275.54136609488506,275.428763609744,209.04711153605334,209.05647470486454,228.99538790370286,228.9681613763284,222.68476804964644,222.6752387650654,-0.009529284581049069,0.5644358738234281,0.5643164245209422,0.07236813615597866,False,False,8,8
wheat,106,2010,6,0,2010-06a,2010/11,222.68476804964644,232.01057251332293,1.0418789508835977,26.842576388888894,26.674386432039512,26.674386432039512,26.510739904981826,-0.1636465270576881,-0.6134968745190206,0.1636465270576881,53.00545247213726,53.0831540951402,0.07770162300294459,0.1465917549591508,148.71841519733655,148.85463208689964,0.1362168895630873,141.377791067345,0.9526901639742237,0.9518545224882389,-0.000835641485984806,-0.0877138777731115,283.73334122937064,283.5159890240436,234.58560184477082,234.42334505107095,249.32992366015077,249.15113824296276,232.01057251332293,231.94799761730712,-0.06257489601580346,0.18339670749631368,0.1831867411712589,0.09866357795792292,False,False,9,9
wheat,107,2010,6,1,2010-06b,2010/11,232.01057251332293,237.6027041036573,1.024102917077252,26.842576388888894,26.510739904981826,26.510739904981826,26.416197834532984,-0.09454207044884191,-0.35661800005467154,0.09454207044884191,69.35386344967208,69.38054070125384,0.026677251581759265,0.03846541527007808,163.92893114375136,164.0077632973264,0.07883215357503559,161.89021484145243,0.9880336764261067,0.9875767164324936,-0.00045695999361317075,-0.04624943506643176,286.1791756165907,286.0875037823982,231.62048379696068,231.6348148980317,247.98809134284969,247.97062156334164,237.6027041036573,237.59658968082948,-0.00611442282780672,0.334372398058915,0.3342489644858587,0.08908936765526206,False,False,8,8
wheat,108,2010,7,0,2010-07a,2010/11,237.6027041036573,246.1478379352722,1.0359639586756848,26.842576388888894,26.416197834532984,26.416197834532984,26.276566205724535,-0.13963162880844787,-0.5285833702604705,0.13963162880844787,126.8942766422679,126.95920113885734,0.0649244965894411,0.05116424342168877,230.37619912772908,230.49065459971706,0.11445547198798067,231.8489218396582,1.006218784534236,1.0057327091134582,-0.0004860754207778317,-0.04830713044209654,328.61354316938855,328.3411619965999,233.47615606167022,233.47793606587163,262.0173721939857,261.9369038450901,246.1478379352722,246.11967401315877,-0.028163922113435547,0.3068685495952091,0.30641711553746015,0.13233224682404024,False,False,8,8
wheat,109,2010,7,1,2010-07b,2010/11,246.1478379352722,258.3233891800636,1.0494643842778466,26.842576388888894,26.276566205724535,26.276566205724535,26.086959008835,-0.18960719688953337,-0.7215828560134547,0.18960719688953337,189.79213320390193,189.87945970032138,0.08732649641945045,0.04601165229837625,296.8924624220321,297.04687373634385,0.15441131431174426,299.1241099914433,1.0073570472187812,1.0068445170168505,-0.0005125302019306499,-0.05087870317140263,367.49618932091204,367.34081347015194,243.8375291569017,243.82672649005815,280.93512720610477,280.8809525840863,258.3233891800636,258.30442806235715,-0.01896111770645348,0.3929261242151127,0.39288470807634884,0.1770879347025103,False,False,7,7
wheat,110,2010,8,0,2010-08a,2010/11,258.3233891800636,285.63998619322336,1.1057457363805288,26.842576388888894,26.086959008835,26.086959008835,25.696570446657137,-0.39038856217786244,-1.4964893456751616,0.39038856217786244,199.5003949784468,199.7755935740178,0.27519859557099835,0.1379438850738765,314.44974477599504,314.74456587960657,0.29482110361152536,333.7817306113449,1.0602445310503568,1.0592713202020079,-0.0009732108483488933,-0.09179116890937966,481.80642274231815,481.4961436703327,274.04126056423917,274.080488302459,336.3708092176629,336.3051849128211,285.63998619322336,285.61701768652875,-0.02296850669461037,0.36313567628766086,0.3615317128908314,0.28200343414165785,False,False,10,10
wheat,111,2010,8,1,2010-08b,2010/11,285.63998619322336,310.0163440861559,1.0853394450048846,26.842576388888894,25.696570446657137,25.696570446657137,25.38284669070098,-0.31372375595616175,-1.2208779245752386,0.31372375595616175,201.95994563807653,202.18110052170005,0.22115488362351243,0.10950432915041199,310.4499579821675,310.68117776421605,0.23121978204852667,323.408650049463,1.040893064063512,1.0401341321449897,-0.0007589319185221655,-0.07291161260690829,465.82769484520037,465.5317172687908,307.9120208237334,307.9026300422764,355.2867230301735,355.19135621023077,310.0163440861559,309.98296569917596,-0.03337838697996176,0.2409838365699763,0.23993582284996665,0.2739225389350828,False,False,10,10
wheat,112,2010,9,0,2010-09a,2010/11,310.0163440861559,317.76087777636724,1.0249810496702685,26.842576388888894,25.38284669070098,25.38284669070098,25.289075399956197,-0.09377129074477797,-0.3694277946339688,0.09377129074477797,105.95492720615886,105.99509382114074,0.04016661498188512,0.0379091525434509,150.9995656385859,151.06979950216555,0.07023386357965933,145.26307918806503,0.9635643962752353,0.9631347474694605,-0.0004296488057747849,-0.044589526910255285,354.7183299272711,354.5767249292748,322.4686917469486,322.47859913639974,332.1435832010453,332.10803687426227,317.76087777636724,317.7484365619932,-0.012441214374064202,0.139526347192876,0.1393748067529645,0.1809737098182986,False,False,9,9
wheat,113,2010,9,1,2010-09b,2010/11,317.76087777636724,330.33604184482925,1.0395742992543977,26.842576388888894,25.289075399956197,25.289075399956197,25.14227782960306,-0.14679757035314156,-0.5804782026684765,0.14679757035314156,78.62613450999736,78.68790617431577,0.061771664318413855,0.07856378124573776,113.04591421081805,113.15665696824082,0.11074275742276996,122.58046820695563,1.0797949871098247,1.078795149326883,-0.0009998377829416594,-0.09259514953091434,395.26430276487633,394.9043542203666,335.8723244893002,335.8748864249779,353.68991797197305,353.5837267635945,330.33604184482925,330.29887492189675,-0.03716692293249935,0.18645015850485797,0.1863467280237859,0.1785427760794907,False,False,8,8
wheat,114,2010,10,0,2010-10a,2010/11,330.33604184482925,335.2403283147107,1.0148463559788767,26.842576388888894,25.14227782960306,25.14227782960306,25.086760094849993,-0.05551773475306855,-0.22081426006557278,0.05551773475306855,56.682129813400095,56.70515910337821,0.023029289978111933,0.04062883673200937,85.86177905602119,85.9033332218267,0.04155416580550764,68.93662958639914,0.8166368743681945,0.8162693995574548,-0.00036747481073973187,-0.044998557164594756,307.8727162731143,307.7347986396276,359.9806771709987,359.9779626413223,344.3482889016334,344.30501344081387,335.2403283147107,335.22518190342385,-0.015146411286877992,0.13512326046571332,0.13509672260396124,0.19135709132892734,False,False,9,9
wheat,115,2010,10,1,2010-10b,2010/11,335.2403283147107,348.763856401474,1.0403398008668812,26.842576388888894,25.086760094849993,25.086760094849993,24.938383235762668,-0.14837685908732356,-0.5914548491966627,0.14837685908732356,40.05054698265292,40.093180139883266,0.04263315723034822,0.10644837696926812,67.87451219896472,67.9918459009728,0.11733370200808224,64.63109401661023,0.9563568235695609,0.9548492760816677,-0.0015075474878931683,-0.15763441539176892,358.3525148746392,357.8037676684671,380.5331793268364,380.5333775299199,373.87897999117723,373.71449457148407,348.763856401474,348.7062865045814,-0.05756989689263037,0.17349235283893996,0.1733555680037577,0.18867045726027415,False,False,8,8
wheat,116,2010,11,0,2010-11a,2010/11,348.763856401474,359.94327583498637,1.032054409389955,26.842576388888894,24.938383235762668,24.938383235762668,24.820635996569518,-0.11774723919314556,-0.4721526575319092,0.11774723919314556,35.048848090797236,35.083199054533495,0.03435096373625868,0.09800882370590147,72.30012567863787,72.39472817937948,0.09460250074161536,63.762460835270076,0.8915746673470908,0.8905047984992999,-0.0010698688477909224,-0.11999767231771531,337.00857863693363,336.6175180986539,399.43211598836837,399.42917271236496,380.70505478293796,380.5856763282516,359.94327583498637,359.90149337584614,-0.04178245914022227,0.10910063290163002,0.10894257437636222,0.1925181901219571,False,False,9,9
wheat,117,2010,11,1,2010-11b,2010/11,359.94327583498637,371.1029650518874,1.0310040219282137,26.842576388888894,24.820635996569518,24.820635996569518,24.707218252951957,-0.11341774361756363,-0.45694938531486134,0.11341774361756363,31.841882478896075,31.87497037823667,0.03308789934059675,0.10391313818373175,77.09711194566646,77.18791886835945,0.09080692269299107,63.91357819545314,0.8421877012158977,0.8412732405198348,-0.0009144606960629353,-0.10858157804283944,318.72348432138676,318.3909162447379,423.1586526751047,423.14738076434827,391.8281021689893,391.72044140846515,371.1029650518874,371.06528378570397,-0.03768126618342649,0.10037252039356323,0.10032763172721952,0.1930503267270863,False,False,9,9
wheat,118,2010,12,0,2010-12a,2010/11,371.1029650518874,381.98745595979983,1.0293301103277108,26.842576388888894,24.707218252951957,24.707218252951957,24.60031397462398,-0.10690427832797952,-0.43268439705957945,0.10690427832797952,31.883514051774178,31.92707973197943,0.04356568020525131,0.13664014617242942,77.47604714276827,77.55764963507454,0.08160249230627414,61.41049098084369,0.8085570993301839,0.8077716186374989,-0.0007854806926850255,-0.09714597686863734,307.4033959287317,307.0988152635424,442.82927389206594,442.79385086165985,402.20151050306566,402.0853401822246,381.98745595979983,381.9467963475054,-0.04065961229440518,0.13293437748985623,0.13288554821093196,0.1950879716944172,False,False,9,9
wheat,119,2010,12,1,2010-12b,2010/11,381.98745595979983,396.08218345181973,1.0368984040499571,26.842576388888894,24.60031397462398,24.60031397462398,24.46697167215693,-0.13334230246704523,-0.5420349618488289,0.13334230246704523,31.707828359446548,31.762168075292983,0.054339715846435155,0.1713763403486004,83.77420398060617,83.875760353537,0.10155637293082975,64.15976303928858,0.782584584510985,0.7817046218161814,-0.0008799626948036154,-0.11244314189417355,297.5494548775023,297.207093844119,475.704670676784,475.6910300765991,422.2581059369995,422.145849206855,396.08218345181973,396.04289359626915,-0.03928985555057807,0.13865753834453948,0.13792366705669745,0.1951186198427062,False,False,9,9
wheat,120,2011,1,0,2011-01a,2010/11,396.08218345181973,407.6223505886244,1.0291357895380024,26.842576388888894,24.46697167215693,24.46697167215693,24.361796825329115,-0.10517484682781705,-0.42986458740010125,0.10517484682781705,30.48521823839072,30.528079139883168,0.0428609014924497,0.14059568528354507,88.55067704393986,88.6306416915397,0.07996464759983724,64.78403452963653,0.7498061047627628,0.7491754517991317,-0.0006306529636310731,-0.08410880621338906,285.07199439644035,284.8258184439641,490.7607017686338,490.8214828943372,429.0540895569758,429.0227835592252,407.6223505886244,407.6113934894116,-0.010957099212760113,0.29968912917455875,0.2988842162876783,0.19509577689813498,False,False,9,9
wheat,121,2011,1,1,2011-01b,2010/11,407.6223505886244,418.80135755818577,1.0274249116944112,26.842576388888894,24.361796825329115,24.361796825329115,24.263128771261787,-0.09866805406732665,-0.40501139868608066,0.09866805406732665,30.47451736684214,30.51472661718461,0.04020925034247114,0.13194384625831973,93.30116502704438,93.37608187780023,0.07491685075585508,65.24823802529676,0.7187489930997124,0.7182095488201257,-0.0005394442795867427,-0.07505322230231011,276.3423742655027,276.0763179062825,509.51379746000873,509.49643862277435,439.5623705016569,439.4704024078268,418.80135755818577,418.76916872534525,-0.03218883284051799,0.3475094433943585,0.34662164330044726,0.20010944578290427,False,False,9,9
wheat,122,2011,2,0,2011-02a,2010/11,418.80135755818577,434.3629509715173,1.0371574569482371,26.842576388888894,24.263128771261787,24.263128771261787,24.130709924244826,-0.1324188470169636,-0.5457616297771364,0.1324188470169636,23.621816407068643,23.675546498354553,0.05373009128591022,0.22745960920190672,91.12437405347475,91.2201591781223,0.09578512464754851,57.22586757343484,0.6525603113651092,0.651920294478803,-0.0006400168863062161,-0.09807781367630938,266.6380633931972,266.3184880464928,547.530905724126,547.6386380915383,463.26305302484735,463.2425930780246,434.3629509715173,434.3557899901293,-0.007160981387983156,0.36961000079386425,0.3681428377506752,0.22835396866723412,False,False,9,9
wheat,123,2011,2,1,2011-02b,2010/11,434.3629509715173,447.4676724960239,1.0301699799561541,26.842576388888894,24.130709924244826,24.130709924244826,24.023360890361847,-0.10734903388297515,-0.4448647976789048,0.10734903388297515,21.31682620931554,21.361639314128386,0.04481310481284595,0.2102240942099647,93.38023039384763,93.45775264110068,0.07752224725305723,53.94449746145297,0.6049412388171903,0.6044718052044302,-0.000469433612760084,-0.07759986964650364,248.39650752695607,248.16532780982806,567.5515145886012,567.6149971361476,471.8050124701076,471.7800963382517,447.4676724960239,447.4589518498743,-0.0087206461495839,0.3976102644075487,0.39606648586214577,0.23070671139965115,False,False,10,10
wheat,124,2011,3,0,2011-03a,calm,447.4676724960239,456.0058169777982,1.0190810308913436,26.842576388888894,24.023360890361847,24.023360890361847,23.95534654423855,-0.06801434612329821,-0.28311753061406786,0.06801434612329821,20.036927712605344,20.06532046018165,0.028392747576305055,0.14170210115816817,95.85924189391869,95.90690522518938,0.047663331270683784,50.3308494450568,0.5549585279845927,0.5547000873527518,-0.00025844063184088384,-0.046569359476183944,225.95334427121043,225.83681748266588,577.2519539057369,577.402249699593,471.8623710153789,471.9326200345148,456.0058169777982,456.0304041344957,0.024587156697521095,0.4641338914035497,0.46110360602551265,0.2266571760061885,False,False,10,10
wheat,125,2011,3,1,2011-03b,calm,456.0058169777982,465.5957340814954,1.0210302516912062,26.842576388888894,23.95534654423855,23.95534654423855,23.88067874949056,-0.07466779474799298,-0.3116957402812074,0.07466779474799298,19.533099539956197,19.54448055395526,0.011381013999063327,0.05826527416083013,84.26468796041928,84.31903825869435,0.0543502982750681,53.5936107025789,0.6618661300330024,0.6614697866709096,-0.0003963433620928214,-0.05988270801424129,262.2039959399407,262.0433157657988,578.206259070338,578.2031894964913,483.4055801312188,483.35522737728354,465.5957340814954,465.5781106176181,-0.017623463877271206,0.6632975093511378,0.6631756392863185,0.21378536514933888,False,False,6,6
wheat,126,2011,4,0,2011-04a,calm,465.5957340814954,480.6613004312868,1.0323576125101577,26.842576388888894,23.88067874949056,23.88067874949056,23.766878264528774,-0.11380048496178093,-0.47653789976220257,0.11380048496178093,15.793848056432303,15.811193753018387,0.017345696586083648,0.10982565188740896,85.17143734780481,85.2571519809702,0.08571463316539507,60.48146982956291,0.7304990469523945,0.7298162237484557,-0.0006828232039388649,-0.09347352426913753,331.3146444662213,330.97183831909945,584.6368800382106,584.6375509884994,508.6402093666138,508.5378371876794,480.6613004312868,480.6254701686598,-0.03583026262703015,0.6437396523344349,0.6436128041621316,0.19620460164479134,False,False,6,6
wheat,127,2011,4,1,2011-04b,calm,480.6613004312868,491.62360011492706,1.0228067033351842,26.842576388888894,23.766878264528774,23.766878264528774,23.686620766111904,-0.08025749841687516,-0.33768632768509876,0.08025749841687516,14.906078973488832,14.922181016532019,0.016102043043186853,0.10802333109750123,84.06372755948327,84.12484727177049,0.06111971228722268,68.9788604871013,0.8333273364133832,0.832764960601576,-0.0005623758118071809,-0.067485583063629,319.8954038900323,319.69093099733476,594.3050507189275,594.305030457636,511.982156670259,511.9208006195456,491.62360011492706,491.60212549717744,-0.02147461774961812,0.43249156963566565,0.4323732418696085,0.1994074456041088,False,False,7,7
wheat,128,2011,5,0,2011-05a,calm,491.62360011492706,502.9669028102844,1.0230731451718462,26.842576388888894,23.686620766111904,23.686620766111904,23.605711992812342,-0.08090877329955981,-0.34158005947101916,0.08090877329955981,20.43548754445731,20.451010679605584,0.015523135148274747,0.07596165794676656,90.21521774884897,90.28181302476514,0.0665952759161712,83.75340063998574,0.9331472324243205,0.9325047530265829,-0.0006424793977376497,-0.06885080675516611,362.00125552164957,361.76866328790845,593.475228186974,593.4862537815421,524.0330363873767,523.970976633452,502.9669028102844,502.94518189641076,-0.021720913873650716,0.6134653985568039,0.612839022009172,0.20415886519071344,False,False,5,5
wheat,129,2011,5,1,2011-05b,calm,502.9669028102844,514.503734632332,1.0229375566415733,26.842576388888894,23.605711992812342,23.605711992812342,23.525547292439914,-0.08016470037242923,-0.33959873947813324,0.08016470037242923,28.861429884905693,28.875033622587562,0.013603737681869177,0.04713466289133453,102.44937935765971,102.50973595329808,0.060356595638367594,109.4245437514083,1.0640560386811695,1.0634665788547373,-0.0005894598264322148,-0.05539744195830261,404.32793865445507,404.1171050050851,592.3298540690992,592.3286434638178,535.9292794447059,535.865181926198,514.503734632332,514.4813005008542,-0.022434131477780284,0.6801699455266366,0.6801478611738239,0.19485363387073795,False,False,7,7
wheat,130,2011,6,0,2011-06a,calm,514.503734632332,522.2323955484613,1.0150215837046397,26.842576388888894,23.525547292439914,23.525547292439914,23.472991631751185,-0.05255566068872826,-0.22339824887141885,0.05255566068872826,47.46439357432589,47.47615062784798,0.011757053522089222,0.024770259634052855,140.3583866466964,140.39750433997185,0.039117693275443344,141.7194407462081,1.0092714474827733,1.0090025803792708,-0.0002688671035024903,-0.02663972157075012,395.23715795643665,395.15706642320777,597.1635365388557,597.1640590456378,536.58562296413,536.5619612589088,522.2323955484613,522.2241139516339,-0.008281596827487192,0.3521060872465297,0.3520268377984873,0.20845601194130656,False,False,9,9
wheat,131,2011,6,1,2011-06b,calm,522.2323955484613,527.6338366984942,1.0103429836909297,26.842576388888894,23.472991631751185,23.472991631751185,23.43678950431388,-0.03620212743730457,-0.15422886015234238,0.03620212743730457,66.62410929766412,66.6322079561971,0.008098658532986747,0.012155747548989283,159.7076685580458,159.7347518358694,0.027083277823578555,162.21971046102237,1.0151191309845358,1.0149536883638135,-0.000165442620722267,-0.016297852702451664,398.82639009426003,398.7803969906045,597.1673821718243,597.1675836423708,537.665084548555,537.651427646841,527.6338366984942,527.6290567828942,-0.004779915600011009,0.3970480063416881,0.39699188909272687,0.20995438819522305,False,False,9,9
wheat,132,2011,7,0,2011-07a,calm,527.6338366984942,521.1498227230813,0.9877111482918067,26.842576388888894,23.43678950431388,23.43678950431388,23.480299170679565,0.04350966636568577,0.18564687094909987,0.04350966636568577,126.46040732456348,126.44067400531816,-0.019733319245318626,-0.015604345789170691,231.2200225651859,231.1843347483795,-0.03568781680638722,232.17841734268424,1.0040325916892603,1.0041833817871477,0.00015079009788743214,0.015018446526096477,335.7312459093289,335.75286602953753,583.4124410146146,583.4051267237822,509.1080824830289,509.10944851550886,521.1498227230813,521.1503008344494,0.00047811136801101384,0.18072874594580493,0.18075495072646086,0.14146401237853024,False,False,8,8
wheat,133,2011,7,1,2011-07b,calm,521.1498227230813,520.8620228462155,0.9994477598104858,26.842576388888894,23.480299170679565,23.480299170679565,23.482244803269985,0.00194563259041855,0.008286234243761723,0.00194563259041855,190.16620848714706,190.16532606739418,-0.000882419752883834,-0.0004640255279336207,300.06798593502174,300.0664062138469,-0.0015797211748349582,299.4536054944693,0.9979955628491424,0.9980007064392301,5.1435900877416785e-06,0.0005153920798061892,358.34822178642685,358.3471471522703,589.747244035256,589.7462604199345,520.3275373606073,520.3265264396352,520.8620228462155,520.8616690238753,-0.000353822340230181,0.1809201717622414,0.18092347775632517,0.1703630504697744,False,False,8,8
wheat,134,2011,8,0,2011-08a,calm,520.8620228462155,520.7786903378519,0.9998400103967876,26.842576388888894,23.482244803269985,23.482244803269985,23.482808392372277,0.000563589102296376,0.0024000648448137046,0.000563589102296376,234.77019485070758,234.76976428066737,-0.0004305700402085222,-0.00018340064013761434,351.67389969514744,351.6734386039539,-0.00046109119352877315,334.1082280130239,0.9509497875191237,0.9509510119128748,1.224393751053654e-06,0.00012875482671360618,368.3903163999897,368.39286603530553,585.8669072073999,585.8670530616679,520.6239299651768,520.6247969537592,520.7786903378519,520.7789937838558,0.00030344600384069054,0.0818510967088048,0.08185823925778905,0.20352215912512697,False,False,11,11
wheat,135,2011,8,1,2011-08b,calm,520.7786903378519,519.7873403710881,0.9980964083493497,26.842576388888894,23.482808392372277,23.482808392372277,23.48952099343353,0.00671260106124652,0.028585171539477868,0.00671260106124652,255.01726563672844,255.01213735284762,-0.005128283880821982,-0.0020109555594275768,364.35621272655425,364.3508728392537,-0.00533988730052215,323.7261964984183,0.8904255983176643,0.8904384215672279,1.2823249563531647e-05,0.0014401258889860532,346.07406591529417,346.09373110125756,591.6057744097081,591.6071934560459,517.946261861384,517.9531547496094,519.7873403710881,519.789752881967,0.002412510878912144,0.09909930011228524,0.09914398070231326,0.20500829089746264,False,False,11,11
wheat,136,2011,9,0,2011-09a,calm,519.7873403710881,504.5065640216849,0.9706018689518411,26.842576388888894,23.48952099343353,23.48952099343353,23.594891907220685,0.10537091378715806,0.4485868988840359,0.10537091378715806,213.88362261795567,213.83226586991375,-0.05135674804191126,-0.024011538337204052,308.94305212351145,308.85928391179124,-0.0837682117202121,258.8887291535942,0.841291500717798,0.8415150121316313,0.000223511413833255,0.026567653856309367,250.8334519161062,250.89812601583208,572.6827768542305,572.6758728820924,476.1279793727932,476.1425488222143,504.5065640216849,504.5116633289823,0.005099307297427913,0.037917509811815776,0.03804572611469904,0.09904935920657425,False,False,10,10
wheat,137,2011,9,1,2011-09b,calm,504.5065640216849,488.4922362927424,0.9682574442614108,26.842576388888894,23.594891907220685,23.594891907220685,23.70933458237645,0.11444267515575994,0.4850315721121712,0.11444267515575994,215.40698250674723,215.3512042713503,-0.05577823539692872,-0.025894348803285228,313.9431705610521,313.85190331261686,-0.09126724843525835,262.2603205751267,0.8386853715012497,0.8389243534275069,0.00023898192625726455,0.028494824683717338,247.1500373949064,247.21543089260686,549.4376153150288,549.4110591228734,458.7513419389921,458.75237065379343,488.4922362927424,488.49259634292287,0.0003600501804612577,0.10857721682146323,0.1088640253563504,0.09499238106673158,False,False,10,10
wheat,138,2011,10,0,2011-10a,calm,488.4922362927424,472.0607862440004,0.9663629248778991,26.842576388888894,23.70933458237645,23.70933458237645,23.83133252091684,0.12199793854039692,0.5145565689181343,0.12199793854039692,188.86198404116348,188.80085075624808,-0.0611332849153996,-0.03236929084790048,277.90487431106135,277.80532939142455,-0.09954491963679857,229.2742326879676,0.8289743666065494,0.8292646775955635,0.0002903109890141087,0.035020502528022926,242.04728507247904,242.16180665716428,527.044358045337,527.0762261592407,441.5452361534796,441.6019003086178,472.0607862440004,472.0806186982988,0.01983245429840963,0.06915167304747906,0.06918331916603543,0.09182750550802775,False,False,9,9
wheat,139,2011,10,1,2011-10b,calm,472.0607862440004,454.4948455098477,0.9627888160888816,26.842576388888894,23.83133252091684,23.83133252091684,23.96727565908327,0.13594313816642983,0.5704386779342367,0.13594313816642983,182.5504549137002,182.48233367577393,-0.06812123792627744,-0.03731638902706729,276.8784066855168,276.76613221025974,-0.11227447525703838,227.771753551789,0.8266746265632423,0.8270023515746254,0.0003277250113831176,0.03964377287658846,234.01038696595205,234.15038540558172,502.38466865233687,502.42169803119384,421.87238414642144,421.9403042435102,454.4948455098477,454.5186175438288,0.02377203398106076,0.05942472589390421,0.059487949684761884,0.08139688240319475,False,False,9,9
wheat,140,2011,11,0,2011-11a,calm,454.4948455098477,438.9535174394783,0.9658052710082216,26.842576388888894,23.96727565908327,23.96727565908327,24.092686817656038,0.12541115857276963,0.5232599664502983,0.12541115857276963,179.0614560266916,178.99828094693777,-0.06317507975381886,-0.03528122754927322,277.907944826202,277.80538119545,-0.1025636307520017,229.33418016551985,0.8291762377733197,0.8294754252620454,0.0002991874887257051,0.036082496711332075,238.49394030213193,238.6231085437379,483.63266990348325,483.66717590654264,410.09105102307785,410.1539556977012,438.9535174394783,438.97553407559644,0.022016636118166844,0.020389345882988703,0.020392396451646103,0.08635560167965034,False,False,10,10
wheat,141,2011,11,1,2011-11b,calm,438.9535174394783,423.9470615306171,0.9658131093324016,26.842576388888894,24.092686817656038,24.092686817656038,24.218724719410787,0.12603790175474122,0.5231375923683856,0.12603790175474122,176.96107726065853,176.8975864629817,-0.06349079767682042,-0.035878396910581825,279.8730393588195,279.76810248055534,-0.10493687826414089,231.77600064160012,0.8320137071810071,0.8323187587977912,0.0003050516167840689,0.036664253743803284,239.9165806898731,240.0526852837775,463.0042213164064,463.03729659630324,396.0779291284464,396.1419132025455,423.9470615306171,423.96945595655177,0.022394425934692208,0.020848427168452057,0.020850498326444318,0.0861326173215447,False,False,10,10
wheat,142,2011,12,0,2011-12a,calm,423.9470615306171,412.3418598419318,0.9726258235007317,26.842576388888894,24.218724719410787,24.218724719410787,24.319766533168742,0.10104181375795808,0.41720534391711894,0.10104181375795808,177.05268446963834,177.00178529355802,-0.05089917608032124,-0.02874803973336514,282.5808613416883,282.4967641395342,-0.08409720215411198,236.1138721813743,0.8392274097537067,0.8394716712809236,0.00024426152721690464,0.02910552305347005,253.70482737900033,253.79039828455984,449.53984886626796,449.55111434749455,390.7893424200877,390.82289952861413,412.3418598419318,412.3536048299161,0.011744987984286581,0.022002589956738837,0.02200148149152511,0.10223128329592192,False,False,10,10
wheat,143,2011,12,1,2011-12b,calm,412.3418598419318,401.5186869417872,0.973751942370601,26.842576388888894,24.319766533168742,24.319766533168742,24.416991437238707,0.0972249040699695,0.39977729201211043,0.0972249040699695,177.70887213622,177.65989570430935,-0.04897643191065981,-0.027559925017765954,286.13402150872355,286.05310124508503,-0.08092026363851801,241.3056075161589,0.8467804015228144,0.8470146674708438,0.00023426594802933298,0.027665490085509645,255.2936617464266,255.37615634824002,435.4720145353336,435.4823147185941,381.4185086986615,381.45046720748786,401.5186869417872,401.52987241987637,0.011185478089146272,0.0225746442966706,0.022571930198662233,0.10225721148101584,False,False,10,10
maize,0,2006,1,0,2006-01a,calm,135.44442165709597,134.43504026267473,0.9925476340622083,30.79774444444444,32.08094444444444,30.79774444444444,30.855392218615606,0.05764777417116244,0.17969475390910905,0.05764777417116244,119.40480153056487,119.37389573204345,-0.030905798521416727,-0.02588321250507297,131.7571419937783,131.70103085071696,-0.05611114306134368,157.0105112269557,1.182631603258952,1.1831117029972704,0.00048009973831852903,0.04059588269039393,156.64848963321526,156.7164161819282,126.53847111156172,126.53977543650234,132.56047481589243,132.5751035855875,134.43504026267473,134.440160332068,0.005120069393257154,0.12916236365000602,0.12919788075180413,0.0,False,False,8,8
maize,1,2006,1,1,2006-01b,calm,134.43504026267473,131.99003160925795,0.9818127130498162,30.79774444444444,32.13859221861561,30.855392218615606,30.997302995177602,0.14191077656199808,0.4415587826519645,0.14191077656199808,105.66635816845348,105.59033968356276,-0.07601848489072438,-0.07194199384588952,125.25711006229278,125.11886655861042,-0.13824350368236082,150.36993602738892,1.190573693347908,1.1918240221360226,0.0012503287881144853,0.10501901689080205,157.9913590140604,158.2406729445523,119.81378681262551,119.81006539377294,127.44930125291249,127.49618690392882,131.99003160925795,132.00644158711367,0.01640997785571585,0.19148146368259938,0.19175695997789777,0.0,False,False,7,7
maize,2,2006,2,0,2006-02a,calm,131.99003160925795,128.69792830431885,0.9750579398701485,30.79774444444444,32.2805029951776,30.997302995177602,31.193657740552748,0.19635474537514588,0.6082765978103856,0.19635474537514588,95.227134077036,95.11132954687513,-0.11580453016087233,-0.1216087528867453,128.15272744007973,127.96131854466302,-0.19140889541671413,152.7500054727252,1.182647856322756,1.1843311612806409,0.0016833049578848236,0.14233357367414307,156.20259864775986,156.39155791487337,114.17937804627857,114.1275224936117,122.58402216657483,122.58032957786403,128.69792830431885,128.69663589827007,-0.001292406048776229,0.1764036249887021,0.17793321667044057,0.0,False,False,7,7
maize,3,2006,2,1,2006-02b,calm,128.69792830431885,125.06374362900493,0.9717619022839239,30.79774444444444,32.476857740552745,31.193657740552748,31.417840861454202,0.2241831209014537,0.6902857496017045,0.2241831209014537,91.50453935708069,91.36956239812173,-0.13497695895895845,-0.14750848417719928,132.19659345514725,131.9775026789136,-0.21909077623365647,156.3874960504478,1.1743936362749867,1.176251452824843,0.0018578165498561727,0.158193683316346,155.51844385502088,155.7462371729425,109.01356843337933,109.01809022780685,118.31454351770765,118.36371961683398,125.06374362900493,125.08095526369915,0.01721163469422038,0.1621762216192932,0.16222433149025803,0.0,False,False,8,8
maize,4,2006,3,0,2006-03a,calm,125.06374362900493,122.18837883549116,0.9770088059890212,30.79774444444444,32.7010408614542,31.417840861454202,31.601064770155464,0.18322390870126273,0.5602999289152133,0.18322390870126273,94.51422655805857,94.40221244603354,-0.11201411202502243,-0.11851560987616394,142.24859600565648,142.0655001537555,-0.18309585190098687,166.0825469868148,1.1602106127928866,1.161640314450783,0.001429701657896354,0.12322776934911343,153.71728177749586,153.8920129793211,107.63119911504728,107.63509165643468,116.848415647537,116.88647592101196,122.18837883549116,122.2016999312074,0.013321095716236186,0.03654565803610537,0.03658137557835929,0.0,False,False,9,9
maize,5,2006,3,1,2006-03b,calm,122.18837883549116,118.84041523192182,0.9725999834396944,30.79774444444444,32.88426477015547,31.601064770155464,31.821317116990507,0.22025234683504072,0.6697803596172645,0.22025234683504072,97.8241217200114,97.68937413760297,-0.13474758240843698,-0.13774474029432796,151.65386389711614,151.43376538410223,-0.22009851301390881,175.2576613684165,1.1492290152872517,1.1508304153215045,0.0016014000342527979,0.13934559717433911,152.77929071372085,152.97430977594593,102.58363799604324,102.58707061684562,112.62276853957877,112.66451844866567,118.84041523192182,118.85502770010224,0.014612468180416727,0.03610967565930763,0.03614657810828911,0.0,False,False,10,10
maize,6,2006,4,0,2006-04a,calm,118.84041523192182,115.33185135920682,0.9704766777710436,30.79774444444444,33.10451711699051,31.821317116990507,32.060616986662,0.23929986967149675,0.7228616832736668,0.23929986967149675,99.44249560767179,99.29609499323001,-0.14640061444177377,-0.14722138010229024,158.80344661422484,158.5643138366219,-0.23913277760294704,182.49526852517454,1.1433078107549781,1.144963970907398,0.0016561601524198721,0.14485689127989376,152.21640847852083,152.4198788774379,97.96583166057567,97.9688902746733,108.8159470241647,108.85908799522622,115.33185135920682,115.34695069907835,0.015099339871525785,0.03679295768059157,0.036835255667113424,0.0,False,False,10,10
maize,7,2006,4,1,2006-04b,calm,115.33185135920682,111.86744471744286,0.9699614061429233,30.79774444444444,33.343816986662,32.060616986662,32.30600546596209,0.2453884793000827,0.7359339795988011,0.2453884793000827,101.95743360728363,101.80730805896728,-0.15012554831635327,-0.1472433573549939,166.1838011760562,165.9388574389995,-0.24494373705670114,190.29530634098757,1.1396136973248734,1.1412323143576415,0.0016186170327681104,0.14203207951673874,151.9335600693419,152.13421027987187,93.80854331823036,93.81141584483265,105.43354666845266,105.47597473184048,111.86744471744286,111.8822945396286,0.014849822185738049,0.037570539294517265,0.03761605713097825,0.0,False,False,10,10
maize,8,2006,5,0,2006-05a,calm,111.86744471744286,108.58882801893826,0.9706919496839692,30.79774444444444,33.58920546596209,32.30600546596209,32.54714548797409,0.24114002201200155,0.7179092767060622,0.24114002201200155,99.60486623005673,99.45733983383457,-0.1475263962221618,-0.14811163531048877,168.1096722938052,167.86896956309778,-0.24070273070742587,192.70258496126274,1.1408307426528028,1.1424054098125316,0.0015746671597287598,0.13802811415014518,152.24042547931973,152.43670712845207,90.06485417517148,90.06770803439862,102.49996843600113,102.5415078532093,108.58882801893826,108.60336681496112,0.014538796022861789,0.038460294609721495,0.03850693633834584,0.0,False,False,10,10
maize,9,2006,5,1,2006-05b,calm,108.58882801893826,105.60216235233472,0.972495645076097,30.79774444444444,33.83034548797409,32.54714548797409,32.774870844791465,0.2277253568173793,0.673139317771172,0.2277253568173793,94.69031350745108,94.55099403265234,-0.1393194747987394,-0.147131707181196,167.12673181629953,166.89929400892493,-0.2274378073745993,193.5363174148889,1.1520899597635892,1.1536009345504272,0.0015109747868380374,0.131150764229218,153.46243697386655,153.6533421098072,86.70376268519354,86.7069230030632,100.05549754292812,100.09620682441198,105.60216235233472,105.61641060085407,0.014248248519351137,0.03819471443588748,0.03824661832127422,0.0,False,False,10,10
maize,10,2006,6,0,2006-06a,2007/08,105.60216235233472,103.07066432532312,0.9760279716757558,30.79774444444444,34.058070844791466,32.774870844791465,32.97428770631748,0.199416861526016,0.5855201324666721,0.199416861526016,81.2076202279251,81.08561953023337,-0.12200069769173183,-0.15023306599714775,157.1277289471568,156.92966196262185,-0.19806698453496097,185.4980586674622,1.1733645566550988,1.1747864497608054,0.0014218931057066175,0.12118084679155447,156.88811177065307,157.0796483618523,83.73961061557087,83.74394484604981,98.36931084658731,98.41108554921031,103.07066432532312,103.08528547124118,0.0146211459180563,0.04006882103569237,0.040145954080236274,0.0,False,False,10,10
maize,11,2006,6,1,2006-06b,2007/08,103.07066432532312,102.23997281663019,0.9919405631647913,30.79774444444444,34.257487706317484,32.97428770631748,33.041062950574045,0.06677524425656085,0.1949216032098195,0.06677524425656085,74.42688136110476,74.40165247907213,-0.025228882032635624,-0.03389754020490257,148.27582988317803,148.2095240450406,-0.06630583813742419,178.6060280777147,1.1959396113634382,1.1964521116159477,0.0005125002525094846,0.0428533554403475,178.93836552754368,179.15870890230985,81.13698363657896,81.13255063332663,100.6972600147719,100.73778228712328,102.23997281663019,102.25415561195317,0.014182795322980724,0.14245631435060319,0.14284976106284936,0.0,False,False,8,8
maize,12,2006,7,0,2006-07a,2007/08,102.23997281663019,100.9708157569217,0.987586488682027,30.79774444444444,34.324262950574045,33.041062950574045,33.14440487729289,0.1033419267188498,0.3010754429531647,0.1033419267188498,63.16807592784753,63.13125684993329,-0.03681907791424521,-0.05828747729517845,131.89621300616474,131.79359134890365,-0.10262165726109629,160.03029943881475,1.203260432328402,1.2041532048142805,0.0008927724858784902,0.07419611431507861,177.39139079233675,177.54206382412218,78.91941453803041,78.92081494176936,98.61380978889167,98.64506471823992,100.9708157569217,100.98175498219359,0.010939225271897612,0.2340720074257858,0.23416986624187708,0.0,False,False,7,7
maize,13,2006,7,1,2006-07b,2007/08,100.9708157569217,99.62910779953816,0.9867119231698239,30.79774444444444,34.42760487729289,33.14440487729289,33.25543487830291,0.11103000101001834,0.3225028328451899,0.11103000101001834,51.40206671400824,51.36250849801789,-0.03955821599035403,-0.07695841533074682,115.27665158094952,115.16639690774015,-0.11025467320936855,143.49425158160395,1.2316821999810186,1.2327981932912058,0.001115993310187191,0.09060724513225811,176.28491577237642,176.42903105841344,77.35047661954539,77.35275060615209,97.13736445011159,97.16800669660435,99.62910779953816,99.63983258581061,0.010724786272447773,0.30817640727144235,0.3081970645128032,0.0,False,False,7,7
maize,14,2006,8,0,2006-08a,2007/08,99.62910779953816,99.26882980034206,0.9963838078333391,30.79774444444444,34.538634878302915,33.25543487830291,33.28556752331631,0.03013264501340073,0.08724330049399255,0.03013264501340073,36.52457970694545,36.5140103914226,-0.010569315522850786,-0.028937541807882716,94.94547387312602,94.9154060252955,-0.030067847830522965,126.75836011302594,1.3135409868483818,1.313930359943858,0.0003893730954762642,0.029643010714914857,186.574704944327,186.8196404312383,76.60600137335487,76.60757464430722,98.59974208754929,98.64998780169344,99.26882980034206,99.28641580029252,0.01758599995045529,0.42279835037409447,0.42326181383171047,0.0,False,False,6,6
maize,15,2006,8,1,2006-08b,2007/08,99.26882980034206,104.71686725002644,1.0548816527871028,30.79774444444444,34.56876752331631,33.28556752331631,32.843923463311945,-0.44164406000436307,-1.277581156766663,0.44164406000436307,26.249450027159707,26.290795945767044,0.041345918607337495,0.1575115614405552,79.3034125553746,79.59345090984603,0.29003835447142023,108.39588470135597,1.338989403335606,1.334479442031204,-0.004509961304401955,-0.3368182969310305,274.6113036407096,273.81859905442667,74.89048794626578,74.86930664394076,114.83465108515453,114.65916512603793,104.71686725002644,104.65544716433563,-0.0614200856908127,0.7526626856002262,0.7526481134953014,0.0,False,False,5,5
maize,16,2006,9,0,2006-09a,2007/08,104.71686725002644,101.72481514869693,0.9714272191299845,30.79774444444444,34.12712346331195,32.843923463311945,33.08281561205387,0.2388921487419213,0.700006694085249,0.2388921487419213,72.07093267237228,71.92403813576894,-0.14689453660334095,-0.2038193917527192,175.10954675137032,174.8709227812502,-0.23862397012013048,212.06892605071445,1.2034901993457154,1.2050734380900863,0.0015832387443708296,0.1315539374754831,164.85240157275263,165.08353150402405,78.9970833074538,78.99723432887336,96.16814696051357,96.2144937639035,101.72481514869693,101.74103652988342,0.016221381186483086,0.03678065195294742,0.036898620031089124,0.0,False,False,10,10
maize,17,2006,9,1,2006-09b,2007/08,101.72481514869693,98.56958847724843,0.9689827239613429,30.79774444444444,34.36601561205387,33.08281561205387,33.344442132194196,0.26162652014033017,0.7612943062522638,0.26162652014033017,158.69588667365753,158.50798887656063,-0.1878977970968947,-0.11840117663748148,274.2832722038272,274.0219015343596,-0.2613706694676239,319.3427292790092,1.1604675552505221,1.161548729182145,0.0010811739316227698,0.09316709689392097,153.78304623863608,153.90574159585336,77.44159069246753,77.4435215115634,92.70988180170123,92.73596552842139,98.56958847724843,98.57871778160049,0.009129304352057943,0.004963254683006858,0.004965646778437526,0.0,False,False,12,12
maize,18,2006,10,0,2006-10a,2007/08,98.56958847724843,95.8168334048559,0.9720729779344882,30.79774444444444,34.6276421321942,33.344442132194196,33.58139539238011,0.23695326018590968,0.684289329551573,0.23695326018590968,251.00851973255146,250.78440745643354,-0.22411227611792128,-0.08928472880391151,378.87322794627147,378.63645565118804,-0.23677229508342634,435.65372357385996,1.1473321785809851,1.148037497265405,0.00070531868441992,0.06147467120570563,152.22900971306734,152.3085506869833,75.3234650526061,75.32249505871056,90.70457398469834,90.7197061843651,95.8168334048559,95.82212967473926,0.005296269883359628,4.6147538247597037e-07,4.606870623100283e-07,0.0,False,False,15,15
maize,19,2006,10,1,2006-10b,2007/08,95.8168334048559,93.53659559998654,0.9762021168531562,30.79774444444444,34.86459539238011,33.58139539238011,33.78421264363226,0.2028172512521461,0.5817283951514698,0.2028172512521461,351.39030987634607,351.1900781033278,-0.2002317730182881,-0.056982724733857765,479.92567963000545,479.727029729625,-0.1986499003804738,548.3537369140281,1.1406701170603277,1.1411361251375658,0.00046600807723806703,0.0408538866994287,151.47767478377085,151.53027501179392,73.75791661416517,73.7579775953436,89.30186824808631,89.31243707863366,93.53659559998654,93.54029469067811,0.0036990906915690402,1.3376373041342839e-06,1.3376360543472262e-06,0.0,False,False,16,16
maize,20,2006,11,0,2006-11a,2007/08,93.53659559998654,91.58123122684347,0.9790951941258876,30.79774444444444,35.06741264363226,33.78421264363226,33.963119425419485,0.17890678178723407,0.5101795892538452,0.17890678178723407,302.97634945973397,302.8172901845645,-0.1590592751694544,-0.05249890806760599,426.4701032383272,426.2986717144517,-0.17143152387552618,499.9437573272148,1.1696898649839695,1.1701531600341646,0.000463295050195045,0.03960836663326944,157.47710351395014,157.7098904072532,70.56802443169894,70.56195605125016,87.94984024814917,87.99154292245076,91.58123122684347,91.59582716284902,0.014595936005548538,0.0070598378462764415,0.007524364815152613,0.0,False,False,15,14
maize,21,2006,11,1,2006-11b,2007/08,91.58123122684347,95.49907849442158,1.0427800239753684,30.79774444444444,35.246319425419486,33.963119425419485,33.609294522474556,-0.35382490294493735,-1.0038634067696737,0.35382490294493735,129.69865138312528,129.83908075593106,0.14042937280578371,0.10827357980073382,189.03496036242825,189.37340090378427,0.33844054135602164,296.76655882921943,1.5509081727742187,1.5482286737758386,-0.0026794989983800477,-0.17276967427330267,238.70535380202523,237.9310433733402,68.79251225296987,68.79115326780243,102.77508056278094,102.61913128890998,95.49907849442158,95.44449624856675,-0.05458224585483151,0.10481143723118945,0.10394843091145944,0.0,False,False,9,9
maize,22,2006,12,0,2006-12a,2007/08,95.49907849442158,393.94603899432104,4.125129218051384,30.79774444444444,34.89249452247456,33.609294522474556,23.58305192293848,-10.026242599536072,-28.734668405774435,10.026242599536072,26.224419116016627,29.613407539333934,3.3889884233173078,12.923025704876242,-15.183507393504101,-5.614182412541254,9.569324980962847,207.09574192589048,35.103563199110766,33.63537361209194,-1.468189587018827,-4.182451732011122,4456.988766192477,4245.35545154392,71.0086583552633,70.56398437210595,948.2046799227059,905.5222778064685,393.94603899432104,379.00719825363797,-14.938840740683077,0.27239068316391135,0.2645535913430472,0.0,False,False,4,4
maize,23,2006,12,1,2006-12b,2007/08,393.94603899432104,315.1946293936348,0.8000959476538321,30.79774444444444,24.86625192293848,23.58305192293848,24.935293790247734,1.3522418673092516,5.438060675569056,1.3522418673092516,68.3421504810216,67.61778422463865,-0.7243662563829503,-1.0599114181870886,90.67130488519314,89.35638252930403,-1.3149223558891094,196.26149650910276,2.08644093562737,2.115056654263617,0.028615718636247234,1.371508684842919,342.24715932684967,348.0188291295603,125.61572462302357,125.60943536156469,168.94201156378878,170.0913141151638,315.1946293936348,315.59688528661604,0.40225589298125897,0.17926913353582624,0.18205930684582616,0.0,False,False,7,7
maize,24,2007,1,0,2007-01a,2007/08,315.1946293936348,265.5880463091658,0.8426160268659998,30.79774444444444,27.172160456914398,24.935293790247734,26.025978139215617,1.0906843489678846,4.013977286411697,1.0906843489678846,60.1304400253626,59.556292251083626,-0.5741477742789769,-0.9548371407839447,87.88215322498468,86.82019727317402,-1.0619559518106598,184.17804492468844,2.0200844065310477,2.0430679862615757,0.022983579730528003,1.1377534352634366,265.2847236865167,268.32689783178546,150.50573766159647,150.5324544821028,173.4615348665805,174.09134315203931,265.5880463091658,265.8084792090764,0.2204328999105769,0.26890225191496786,0.2696726626764878,0.0,False,False,6,6
maize,25,2007,1,1,2007-01b,2007/08,265.5880463091658,235.32169096248907,0.886040219929762,30.79774444444444,28.262844805882285,26.025978139215617,26.825245275273005,0.7992671360573831,2.827978363632501,0.7992671360573831,54.66601378336971,54.2452711114354,-0.42074267193431325,-0.769660421192646,89.45779196852772,88.68010708104282,-0.7776848874848952,176.88565813067504,1.9109388113709513,1.926549539770125,0.015610728399173768,0.8169140898851844,250.31743587568496,252.36230454753854,161.31157267940483,161.34030334310108,179.11274531866087,179.54470358398856,235.32169096248907,235.47287635535378,0.15118539286470423,0.2839379626739025,0.28445853521295167,0.0,False,False,6,6
maize,26,2007,2,0,2007-02a,2007/08,235.32169096248907,215.0777992684791,0.9139735414478349,30.79774444444444,29.06211194193967,26.825245275273005,27.435336780566132,0.6100915052931326,2.099267618650614,0.6100915052931326,52.853621318645736,52.49380643364956,-0.359814884996176,-0.6807762193377661,99.278940266218,98.66928250773464,-0.6096577584833653,178.5779858463378,1.7495416812252005,1.7596819182034167,0.0101402369782162,0.5795939066233056,220.70943804213468,221.87232286380083,166.67514099968494,166.71908234942862,177.48200040817488,177.74973045230306,215.0777992684791,215.17150478392398,0.09370551544486716,0.16792874482342407,0.16806761595171996,0.0,False,False,7,7
maize,27,2007,2,1,2007-02b,2007/08,215.0777992684791,200.41584593107643,0.931829536161934,30.79774444444444,29.672203447232796,27.435336780566132,27.923906662599634,0.4885698820335015,1.6465574688524356,0.4885698820335015,54.9391208300128,54.644960963513284,-0.29415986649951265,-0.5354287838163138,108.52662979160357,108.03840580227967,-0.4882239893238989,181.50025270793748,1.6343083346942993,1.6412735508027392,0.00696521610843992,0.42618739442106424,208.168964089302,208.98318446864894,164.44088900112104,164.46411667255836,173.1865040187572,173.36793023177648,200.41584593107643,200.47934510563317,0.06349917455673904,0.1694782021807275,0.1695951708776758,0.0,False,False,8,8
maize,28,2007,3,0,2007-03a,2007/08,200.41584593107643,190.08266565982035,0.9484413010196325,30.79774444444444,30.1607733292663,27.923906662599634,28.295903342656537,0.37199668005690695,1.2333791179549847,0.37199668005690695,61.95380466046476,61.72638413391787,-0.2274205265468936,-0.36708080769738405,122.77748813295761,122.40575152282406,-0.37173661013355286,190.47139066046645,1.5235605888251238,1.5279536059654182,0.004393017140294386,0.28833885390025815,194.78600941534185,195.30407285338563,164.91908980552404,164.94120165622897,170.8924737274876,171.0137758956603,190.08266565982035,190.12512141868078,0.042455758860427295,0.037233324798930066,0.03731729773016177,0.0,False,False,9,9
maize,29,2007,3,1,2007-03b,2007/08,190.08266565982035,181.05696154158298,0.9525169531534762,30.79774444444444,30.532770009323208,28.295903342656537,28.64213482658971,0.3462314839331728,1.1339668291722327,0.3462314839331728,69.13733934634938,68.92551933133433,-0.21182001501505,-0.30637571103788014,136.31731469050897,135.97132492757714,-0.34598976293182204,199.62563019892616,1.4432266397232765,1.446731059736469,0.0035044200131926218,0.24281841235029847,186.22574774821996,186.62571741288147,158.81223757258698,158.83068191241827,164.29493960771356,164.3896890125109,181.05696154158298,181.09012383326206,0.03316229167907636,0.03570236951652564,0.035736195705584305,0.0,False,False,10,10
maize,30,2007,4,0,2007-04a,2007/08,181.05696154158298,172.9528037934592,0.9552397340642298,30.79774444444444,30.879001493256375,28.64213482658971,28.971920845955598,0.32978601936589047,1.06799444094043,0.32978601936589047,74.1372389004994,73.93214115931147,-0.20509774118792734,-0.2766460475594348,147.03300910183998,146.70345322168527,-0.3295558801547145,206.8427624611456,1.3895112283384465,1.3924998586354398,0.0029886302969932554,0.21508500514724216,180.32927913090836,180.67015816158997,152.29546161523814,152.31400048025537,157.90222511837217,157.98523201652227,172.9528037934592,172.98185620781175,0.029052414352548794,0.03595365994325871,0.03597873430992921,0.0,False,False,11,11
maize,31,2007,4,1,2007-04b,2007/08,172.9528037934592,165.56411501640707,0.9572791616268002,30.79774444444444,31.20878751262227,28.971920845955598,29.289883123875313,0.3179622779197092,1.018822912588676,0.3179622779197092,79.9994589563283,79.80171453675075,-0.19774441957754618,-0.24718219617647022,157.91890783535743,157.60130048103704,-0.317607354320387,214.60557803611596,1.344732515017429,1.3473348751813439,0.0026023601639149074,0.19352251357446937,175.4202920707438,175.76510204421965,145.9477575203804,145.96656397504347,151.8422644304531,151.9262715888787,165.56411501640707,165.59351752185603,0.029402505448956617,0.036279536609579374,0.0364085753451653,0.0,False,False,11,11
maize,32,2007,5,0,2007-05a,2007/08,165.56411501640707,167.25945400924306,1.0102397732302557,30.79774444444444,31.526749790541977,29.289883123875313,29.21537889290471,-0.07450423097060069,-0.23632068470614107,0.07450423097060069,73.55369832090857,73.5995500390394,0.045851718130833774,0.06233774667697416,156.19701247329698,156.27028036939984,0.07326789610286255,216.96605193314463,1.3734696859695648,1.3728515126282947,-0.0006181733412700119,-0.04500815326212523,252.619277005199,252.5068447299829,149.85510663648049,149.84903686605458,170.40794071022418,170.38059843884022,167.25945400924306,167.24988421425866,-0.009569794984400914,0.03716745692196194,0.03713473579574773,0.10392368801650242,False,False,11,11
maize,33,2007,5,1,2007-05b,2007/08,167.25945400924306,169.28116751287808,1.0120872898671742,30.79774444444444,31.452245559571374,29.21537889290471,29.127756161287593,-0.0876227316171172,-0.2785897479121402,0.0876227316171172,71.51456590427743,71.56849106717922,0.05392516290179117,0.07540444694018032,158.12500523197932,158.21126002020594,0.08625478822662558,217.69507435449634,1.361814044466607,1.3611009765843463,-0.0007130678822606651,-0.05236161905937446,251.05782289388608,250.92612200416735,153.53026715820735,153.5210228968842,173.0357783053431,173.00204271834082,169.28116751287808,169.26936005742726,-0.01180745545082118,0.03797085447536293,0.037929191995105825,0.10395750878516374,False,False,11,11
maize,34,2007,6,0,2007-06a,2007/08,169.28116751287808,171.7575847231754,1.014629017785507,30.79774444444444,31.364622827954257,29.127756161287593,29.022191981046095,-0.10556418024149772,-0.33657085825821514,0.10556418024149772,60.483226704149125,60.548193471460024,0.06496676731089934,0.10741286609704413,150.7685994304365,150.87251435990459,0.10391492946808967,209.41094287853232,1.3728380463912715,1.3719316475780965,-0.0009063988131750023,-0.066023724761826,253.00646812891168,252.83817828669658,157.19418953850297,157.1793108129656,176.3566452565847,176.3110843077118,171.7575847231754,171.7416383910699,-0.015946332105500005,0.038713618980514584,0.038659108920514065,0.10398868033907362,False,False,11,11
maize,35,2007,6,1,2007-06b,2007/08,171.7575847231754,174.375256585356,1.0152405022834918,30.79774444444444,31.259058647712767,29.022191981046095,28.912655184938494,-0.10953679610760661,-0.3504161700519457,0.10953679610760661,51.30219395515661,51.369605567016116,0.06741161185950517,0.13140103114972013,144.94457242683427,145.05239594933113,0.107823522496858,202.27564787799307,1.3785170212973514,1.3775363760749495,-0.0009806452224019324,-0.071137694148965,251.894469553395,251.7396377185479,161.07219159483697,161.0509495151244,179.23664718654857,179.18868715580908,174.375256585356,174.3584705745972,-0.016786010758806924,0.03922746696239734,0.03916130731191785,0.10391356190617124,False,False,11,11
maize,36,2007,7,0,2007-07a,2007/08,174.375256585356,177.1651599969254,1.0159994225453872,30.79774444444444,31.149521851605158,28.912655184938494,28.798151462263093,-0.11450372267539767,-0.3675938373015418,0.11450372267539767,37.9342479136654,37.977925928115354,0.04367801444995223,0.11514137448924537,133.97125185523518,134.0837698366599,0.11251798142473035,183.46161427925622,1.3522720926228204,1.3511899215156524,-0.0010821711071680173,-0.08002613623927382,245.9850110065019,245.8710524019671,166.43675873567457,166.40572263710808,182.34640918984002,182.29878859007988,177.1651599969254,177.14849278700936,-0.01666720991605075,0.08090410587316309,0.0803000301862626,0.10130396970519602,False,False,9,9
maize,37,2007,7,1,2007-07b,2007/08,177.1651599969254,186.8777020189395,1.0548219639921452,30.79774444444444,31.035018128929757,28.798151462263093,28.416449925163455,-0.38170153709963434,-1.229905958211204,0.38170153709963434,30.99234946010978,31.031580617309668,0.039231157199889566,0.12658335971070522,121.58356870998723,121.95390828641281,0.3703395764255788,166.7170602589323,1.3523264573094846,1.34842816621317,-0.0038982910963145656,-0.28826553494120005,399.5222625996234,398.4363275889666,156.2635344248726,156.27374460123866,204.91528005982275,204.70626119878426,186.8777020189395,186.804545417576,-0.07315660136347901,0.6765129695834352,0.6760661037416811,0.08254221635951918,False,False,7,7
maize,38,2007,8,0,2007-08a,2007/08,186.8777020189395,190.85388931264018,1.0212769487784996,30.79774444444444,30.653316591830126,28.416449925163455,28.267274614312512,-0.14917531085094488,-0.48665308500648125,0.14917531085094488,29.128757524251192,29.143265609890136,0.014508085638944124,0.049806743823060065,105.48180677013023,105.62847466638144,0.14666789625120202,149.9192236311111,1.3967641427668667,1.3949374168222333,-0.0018267259446334005,-0.13078270616360593,367.5305335438195,367.13136067593524,155.9151630437934,155.91393878172167,198.23823714379859,198.15742316056438,190.85388931264018,190.8256044185082,-0.02828489413198554,0.7285609026020128,0.7285761777327946,0.06648633997792192,False,False,6,6
maize,39,2007,8,1,2007-08b,2007/08,190.85388931264018,189.03161823488375,0.9904520097320556,30.79774444444444,30.50414128097918,28.267274614312512,28.33515408615047,0.06787947183795626,0.2225254309331514,0.06787947183795626,27.65532982986675,27.649415425305776,-0.0059144045609755835,-0.021386129174233322,86.15108480731513,86.0843411968978,-0.06674361041733334,131.6730493191349,1.491232611258741,1.49230742742666,0.001074816167918824,0.07207568824635464,302.3799123368928,302.56137430364316,156.46427256458978,156.46582919462713,185.64740051905036,185.68493821643034,189.03161823488375,189.04475642896674,0.013138194082984,0.7379024412877253,0.7378917672428666,0.06234226085057843,False,False,5,5
maize,40,2007,9,0,2007-09a,2007/08,189.03161823488375,186.26479449836074,0.98536316959904,30.79774444444444,30.57202075281714,28.33515408615047,28.439797340190506,0.10464325404003337,0.34228438769586644,0.10464325404003337,76.78962478374677,76.72522477684743,-0.06440000689934777,-0.08386550537355747,191.2981379598191,191.19454635109855,-0.10359160872053508,235.27141565057863,1.2222939383373739,1.2229343607271255,0.0006404223897515937,0.05239512114596009,218.601364479096,218.7633137913444,171.75766832910568,171.76106955048505,181.12640755910374,181.16151839865694,186.26479449836074,186.27708329220437,0.01228879384362358,0.024004389523715107,0.024049028872711233,0.07784420138294859,False,False,11,11
maize,41,2007,9,1,2007-09b,2007/08,186.26479449836074,180.68880869741747,0.9700641991098734,30.79774444444444,30.676664006857173,28.439797340190506,28.65671325600906,0.21691591581855807,0.7071039920444763,0.21691591581855807,174.31188254447358,174.15314296230713,-0.15873958216644724,-0.09106641489340048,299.83457243533917,299.61950172502077,-0.21507071031840042,342.4731651875731,1.1391815454548726,1.139981855006145,0.0008003095512723046,0.07025302985862036,184.4959408583108,184.80676704997975,166.79277290500437,166.822343308595,170.33340649566566,170.41922805687196,180.68880869741747,180.71884624383966,0.030037546422192918,0.0035282091275590077,0.003540954659174476,0.05483280432125202,False,False,15,15
maize,42,2007,10,0,2007-10a,2007/08,180.68880869741747,178.24909448584236,0.986497701605523,30.79774444444444,30.893579922675723,28.65671325600906,28.754270810348316,0.09755755433925684,0.31578585124623293,0.09755755433925684,289.6703258582578,289.57340118099216,-0.09692467726563336,-0.03346034046754958,419.9397579731346,419.8428981102245,-0.09685986291009385,458.6866902533813,1.0908576576961548,1.0911054768093753,0.000247819113220471,0.022717823124957886,145.8357485320587,145.8639091535751,180.68880869741747,180.68880869741747,173.7181966643457,173.723828788649,178.24909448584236,178.2510657293485,0.0019712435061478573,0.0,0.0,0.0,False,False,18,18
maize,43,2007,10,1,2007-10b,2007/08,178.24909448584236,180.2091497582001,1.0109961583704619,30.79774444444444,30.991137477014984,28.754270810348316,28.675762996578378,-0.07850781376993696,-0.25332343425007675,0.07850781376993696,406.9702851217288,407.04731708868485,0.0770319669560422,0.018928155143563167,536.3240974036398,536.4005057812518,0.07640837761198327,570.1058808288395,1.0622313519447422,1.0620818573014925,-0.000149494643249648,-0.014073642523914583,255.28759688100794,255.25705753442017,165.9896662883287,165.98958016439042,183.84925240686454,183.84307563839636,180.2091497582001,180.20698788923625,-0.002161868963867164,0.0,1.6625495885200216e-16,0.19763326469132347,False,False,17,17
maize,44,2007,11,0,2007-11a,2007/08,180.2091497582001,177.00464942916528,0.9822178822033479,30.79774444444444,30.91262966324505,28.675762996578378,28.80467789618849,0.1289148996101121,0.4170298710089722,0.1289148996101121,369.86970059637395,369.74525366119366,-0.12444693518028771,-0.03364615565417519,492.13309764853,492.0107030722559,-0.12239457627407546,520.5101290284042,1.0569076143392182,1.0571670975304224,0.0002594831912041684,0.02455117057382523,194.5355731454896,194.61034431107953,165.1828998791105,165.1891398830327,171.05343453238632,171.07338076864207,177.00464942916528,177.0116306118548,0.006981182689514753,4.0129707407147497e-07,4.054467427594041e-07,0.09256772354712367,False,False,15,15
maize,45,2007,11,1,2007-11b,2007/08,177.00464942916528,179.1792318044569,1.012285453417775,30.79774444444444,31.041544562855158,28.80467789618849,28.71688137267374,-0.08779652351475525,-0.2828355507148767,0.08779652351475525,193.66567621787732,193.72161308969595,0.05593687181863061,0.028883214057869828,241.43810300779316,241.52101038373482,0.08290737594165876,316.2576337153719,1.3017453436230426,1.3013102330748174,-0.0004351105482252038,-0.0334251664779684,251.1511054121098,251.07737567524865,166.23440105947063,166.2328110836697,183.21774192999845,183.2017240019855,179.1792318044569,179.17362552965236,-0.005606274804534905,0.023612840426668613,0.023610901825861723,0.10757528944556422,False,False,13,13
maize,46,2007,12,0,2007-12a,2007/08,179.1792318044569,183.51105616643719,1.0241759288638301,30.79774444444444,30.953748039340407,28.71688137267374,28.5458929648639,-0.17098840780983876,-0.552399688698514,0.17098840780983876,125.70676741395506,125.80989271908629,0.10312530513122908,0.0820363988771068,154.39368156682872,154.55536820209133,0.16168663526261184,225.52798584713514,1.4420711062109905,1.4406235425471783,-0.001447563663812268,-0.10038087980388907,277.7470177817403,277.49249188697064,170.0080866029229,170.00553615959294,191.55587283868635,191.50292730506845,183.51105616643719,183.49252522967095,-0.018530936766239847,0.05236710023927919,0.052326472584712964,0.1121633818864094,False,False,10,10
maize,47,2007,12,1,2007-12b,2007/08,183.51105616643719,187.8945300093527,1.023886701621617,30.79774444444444,30.782759631530563,28.5458929648639,28.37792636376785,-0.16796660109605682,-0.5456515371156322,0.16796660109605682,109.26804282309844,109.36934563778485,0.1013028146864059,0.09271037722384394,147.7498095636809,147.9092167342119,0.15940717053098297,213.74961411552852,1.4278267921416996,1.4263529187546107,-0.001473873387088931,-0.10322494263314409,283.70619108554524,283.398602738995,174.11753616135852,174.12221697651245,196.03526714619585,195.97749412900893,187.8945300093527,187.87430945333728,-0.020220556015431157,0.07207350843979189,0.07194212351110496,0.11253935602879815,False,False,10,10
maize,48,2008,1,0,2008-01a,2007/08,187.8945300093527,193.25600033209622,1.0285344673018242,30.79774444444444,31.23241803043451,28.37792636376785,28.179023871223443,-0.19890249254439787,-0.6368462805235792,0.19890249254439787,84.427404066914,84.52415503383455,0.09675096692055263,0.11459663836622459,128.352907295493,128.5221988140971,0.16929151860409775,200.77035988517446,1.5369399262164274,1.5350131567381473,-0.001926769478280077,-0.1253640071036033,300.9828717796158,300.5930620024307,178.7705528622995,178.77762857858772,203.21301664576274,203.1407152633563,193.25600033209622,193.23069484825396,-0.025305483842259946,0.10137463663680359,0.10123103272472227,0.13048810631543087,False,False,10,10
maize,49,2008,1,1,2008-01b,2007/08,193.25600033209622,197.4331071528567,1.0216143706460987,30.79774444444444,31.033515537890107,28.179023871223443,28.028780119502102,-0.1502437517213377,-0.4841338440625551,0.1502437517213377,73.32442210867984,73.39750429114453,0.07308218246468812,0.09966963306763921,125.12668750812844,125.25456128486101,0.12787377673257083,192.6436969721683,1.5128739159726732,1.5114058012589615,-0.0014681147137116657,-0.09704144530562347,293.6393426661415,293.3983063607783,183.07840339415807,183.0835749761981,205.19059124855474,205.14652125311412,197.4331071528567,197.4176826544525,-0.015424498404200904,0.1283073046008618,0.1282106374449553,0.1312069447410299,False,False,10,10
maize,50,2008,2,0,2008-02a,2007/08,197.4331071528567,198.01677430663324,1.0029562780133154,30.79774444444444,30.88327178616877,28.028780119502102,28.008103093202145,-0.020677026299963583,-0.06695218836633719,0.020677026299963583,70.38935874234218,70.39945487103068,0.010096128688502404,0.014343259931460569,130.6822786144788,130.69994411418756,0.017665499708755306,193.56063223497193,1.4582968689798539,1.4581091268745066,-0.0001877421053473327,-0.012874066271476465,260.3039542222102,260.2755408286883,183.7999209347203,183.80159069480592,199.10072759221828,199.09638072158242,198.01677430663324,198.01525290191069,-0.0015214047225526883,0.13623537679100772,0.1362170101658207,0.09865074628606701,False,False,10,10
maize,51,2008,2,1,2008-02b,2007/08,198.01677430663324,197.19135152361747,0.9958315512112242,30.79774444444444,30.862594759868813,28.008103093202145,28.03736695944434,0.029263866242198337,0.09481985059872758,0.029263866242198337,70.06083022142455,70.04631664962157,-0.014513571802979186,-0.020715672019742847,137.31691062829827,137.29182895464132,-0.025081673656956127,195.7639717894093,1.4063488728386297,1.4065941525921526,0.00024527975352284237,0.01744088954455235,254.02874729560537,254.0674710492642,181.06584254861963,181.0662735487893,195.65842349801676,195.66651304888427,197.19135152361747,197.1941828664211,0.002831342803631287,0.1642456413730618,0.16424997063894012,0.09852450430703258,False,False,10,10
maize,52,2008,3,0,2008-03a,2007/08,197.19135152361747,202.2457235158427,1.0256318137340819,30.79774444444444,30.89185862611101,28.03736695944434,27.860528782423188,-0.17683817702115123,-0.5724426592826651,0.17683817702115123,72.0761470394128,72.16105269507888,0.084905655666077,0.11779993680801047,145.51784124120093,145.6691416326913,0.15130039149036634,204.0611033272303,1.3850628207297186,1.383685826203626,-0.0013769945260926342,-0.09941747807273943,270.3571577392427,270.0915590112846,196.95122851337274,196.94913220105548,211.63241435854673,211.57761756310128,202.2457235158427,202.2265446374368,-0.019178878405909927,0.04941945914806792,0.049329243600257804,0.11769204722991379,False,False,11,11
maize,53,2008,3,1,2008-03b,2007/08,202.2457235158427,205.935366662271,1.0182433679302954,30.79774444444444,30.715020449089852,27.860528782423188,27.734890615329903,-0.12563816709329093,-0.40904471250975133,0.12563816709329093,77.08863509339157,77.14895798934894,0.06032289595736984,0.07825134779502799,156.0210280953226,156.12838791204683,0.10735981672422668,212.79885692340156,1.3493186168150682,1.3484279557660634,-0.000890661049004704,-0.0660082087288635,258.719389167118,258.5665938127037,201.30460405455347,201.30005331994383,212.78756107706636,212.75336141849579,205.935366662271,205.92339678177132,-0.011969880499691499,0.034387048549229186,0.03436358389569848,0.11800665604266548,False,False,11,11
maize,54,2008,4,0,2008-04a,calm,205.935366662271,208.64160593105734,1.0131412069361767,30.79774444444444,30.58938228199657,27.734890615329903,27.644514204180087,-0.09037641114981285,-0.2954502654439152,0.09037641114981285,79.60911261375244,79.6525052146867,0.04339260093425423,0.05450707778239721,163.68715391066021,163.7643706372085,0.07721672654827216,220.00354104042742,1.3308740145354396,1.3302705118236517,-0.0006035027117878844,-0.045346344221661394,255.54733173825068,255.44625006674679,203.1975156389416,203.19513126024415,213.6674788588034,213.64535502154467,208.64160593105734,208.6338625880168,-0.007743343040544914,0.03365397877337679,0.033642891441080756,0.11828469945488679,False,False,11,11
maize,55,2008,4,1,2008-04b,calm,208.64160593105734,210.59562322282693,1.0093654249019501,30.79774444444444,30.499005870846755,27.644514204180087,27.580164772207773,-0.06434943197231169,-0.21098862121870574,0.06434943197231169,83.06330171354826,83.0941979306739,0.030896217125643943,0.037195989670856695,171.92441619028077,171.9793948325543,0.054978642273539435,227.72568743118575,1.3127134440954156,1.3123091172137553,-0.0004043268816602552,-0.030800848690848513,252.58142101037956,252.51337812059614,204.63528534611805,204.63402863825777,214.22451247897035,214.20989853472543,210.59562322282693,210.5905083423412,-0.0051148804857348296,0.03329291560060144,0.03328411077582763,0.11856768431156091,False,False,11,11
maize,56,2008,5,0,2008-05a,calm,210.59562322282693,212.12876269454634,1.007280015834409,30.79774444444444,30.43465643887444,27.580164772207773,27.5301959157874,-0.049968856420374505,-0.16418406601938462,0.049968856420374505,81.67103623923485,81.69502788283083,0.023991643595977052,0.029375951011200028,174.74254653899132,174.78491980645123,0.04237326745990799,230.0315850912865,1.3050256062548065,1.3047206014117736,-0.00030500484303286335,-0.023371560034609093,251.30753773095927,251.25606475068557,205.89314270907744,205.89235967827688,214.9760217134538,214.96510069275863,212.12876269454634,212.12494033730303,-0.003822357243308261,0.03285365153072862,0.03284600795487869,0.11887061552659539,False,False,11,11
maize,57,2008,5,1,2008-05b,calm,212.12876269454634,213.2619087193345,1.0053417839730665,30.79774444444444,30.384687582454067,27.5301959157874,27.49355308080638,-0.036642834981019765,-0.12059638553657377,0.036642834981019765,80.28785236642787,80.30544576159816,0.017593395170294457,0.02191289796867338,177.25195744504916,177.28303028502086,0.031072839971699295,230.55169944376985,1.2900354816850204,1.2898173919618967,-0.00021808972312364894,-0.016905715092330964,248.80694930867287,248.76992695548182,207.0061661295439,207.00573927562533,215.3663227653697,215.3585768115966,213.2619087193345,213.25919763551394,-0.0027110838205715027,0.03230044251129274,0.03229391215623977,0.11919722479369767,False,False,11,11
maize,58,2008,6,0,2008-06a,calm,213.2619087193345,213.94046711259702,1.0031818077468093,30.79774444444444,30.348044747473047,27.49355308080638,27.471726668181162,-0.02182641262521968,-0.07192032569754621,0.02182641262521968,74.22729734439244,74.23789501900828,0.010597674615837605,0.014277327876653742,174.78154243481015,174.8000670826319,0.01852464782174934,222.07403244868712,1.260853110014831,1.260724292795653,-0.00012881721917801237,-0.010216671407226582,243.87515657721815,243.85543103880093,208.03201958794403,208.0323413277881,215.20064698579884,215.19695926999066,213.94046711259702,213.93917641206417,-0.001290700532848632,0.030221592696300318,0.030189214545132848,0.1196422685321548,False,False,12,12
maize,59,2008,6,1,2008-06b,calm,213.94046711259702,214.23743464327632,1.0013880848943038,30.79774444444444,30.32621833484783,27.471726668181162,27.46220165799794,-0.00952501018322113,-0.03140849966207606,0.00952501018322113,69.6411467989318,69.6459267063953,0.0047799074635008765,0.0068636254329662956,173.2169194372676,173.22500400428743,0.008084567019835731,214.76195956228892,1.2311464736874222,1.231091098520759,-5.537516666320741e-05,-0.004497853654841942,238.65108674006902,238.64216889850994,208.8234105295836,208.82339740011142,214.7889457716807,214.78715169979114,214.23743464327632,214.23680671811496,-0.0006279251613534598,0.024938807307427677,0.024929404475528112,0.11912973867338354,False,False,13,13
maize,60,2008,7,0,2008-07a,calm,214.23743464327632,213.52910035969353,0.9966936950829242,30.79774444444444,30.316693324664605,27.46220165799794,27.484948285103595,0.022746627105652957,0.07503003992571675,0.022746627105652957,60.92503706116889,60.91362218910258,-0.011414872066303872,-0.01873592962256767,167.19236773630456,167.17308250540606,-0.01928523089850387,195.7810935230278,1.1645771849019377,1.164706490155078,0.000129305253140366,0.011103193057251421,225.27882705553512,225.2952849114931,208.94732124170162,208.9472398504949,212.2136224044683,212.21684886269455,213.52910035969353,213.5302296200727,0.0011292603791730471,0.022934949272209272,0.022933781530305532,0.11530551250548218,False,False,13,13
maize,61,2008,7,1,2008-07b,calm,213.52910035969353,211.4772748618313,0.9903908858586211,30.79774444444444,30.33943995177026,27.484948285103595,27.551374201790008,0.06642591668641798,0.21894246166710185,0.06642591668641798,55.66143161445678,55.635887768715435,-0.02554384574134616,-0.04589146380257983,163.4528530128649,163.38876145130428,-0.06409156156061613,178.87897516145946,1.0907575773603644,1.091169029203899,0.00041145184353452713,0.03772165805441769,207.22218790150785,207.25081179081928,207.77788026758915,207.77144535722394,207.66674179437288,207.66731864394302,211.4772748618313,211.47747675918083,0.00020189734954101368,0.0775772807782937,0.07800793921288661,0.10525985767225492,False,False,11,11
maize,62,2008,8,0,2008-08a,calm,211.4772748618313,208.44301737983108,0.9856520872799092,30.79774444444444,30.405865868456676,27.551374201790008,27.651096247327303,0.09972204553729334,0.32796976073207607,0.09972204553729334,43.28659377548102,43.24878568493058,-0.037808090550441875,-0.08734364904419355,147.55313134998366,147.45682525582606,-0.0963060941575975,161.9780539718224,1.093625222596842,1.0943092495437385,0.0006840269468966209,0.06254674204316364,197.87073914487496,197.96081953860096,204.04227492678388,204.0427891356851,202.8079677704021,202.82639521626828,208.44301737983108,208.44946698588424,0.00644960605316669,0.2913195695356803,0.2915383231712348,0.08847158987995603,False,False,10,10
maize,63,2008,8,1,2008-08b,calm,208.44301737983108,205.38090345786094,0.9853095874332396,30.79774444444444,30.50558791399397,27.651096247327303,27.753590543327626,0.10249429600032234,0.3359853161633533,0.10249429600032234,31.34020858269554,31.30134943572152,-0.038859146974019154,-0.12399134763728148,128.49766176502416,128.39808842314542,-0.09957334187873812,143.46848006421448,1.1108822738387447,1.1117021497235595,0.0008198758848148024,0.07380402983492158,195.02091590469473,195.1410456410446,200.8624215987218,200.88154831564285,199.6941204599164,199.7334477807232,205.38090345786094,205.3946680201433,0.013764562282375437,0.403585943564798,0.40357005647628075,0.07918667400710318,False,False,10,10
maize,64,2008,9,0,2008-09a,calm,205.38090345786094,202.4244762084898,0.9856051502374577,30.79774444444444,30.608082209994294,27.753590543327626,27.8543761241062,0.10078558077857572,0.3292776727633943,0.10078558077857572,88.22834580933171,88.16937385435048,-0.058971954981231534,-0.0668401458060593,212.81569484378645,212.73060867745545,-0.08508616633099564,247.03928184102145,1.1560344961930034,1.1564831314035509,0.0004486352105474989,0.03880811619591998,201.1097719270471,201.2378245559278,195.89001759281035,195.90594505939816,196.9339684596577,196.9723209587041,202.4244762084898,202.43789958315602,0.013423374666217569,0.003948821941979458,0.0039518534914325405,0.07816093802294885,False,False,15,15
maize,65,2008,9,1,2008-09b,calm,202.4244762084898,193.09214415456077,0.9538972152541618,30.79774444444444,30.708867790772867,27.8543761241062,28.18500008346017,0.3306239593539673,1.0766400168400552,0.3306239593539673,163.3821584699562,163.1158775328635,-0.2662809370927164,-0.16298042551670774,293.214981709076,292.9351325831922,-0.27984912588379984,354.21483108973496,1.2035141259198723,1.2046388516145394,0.0011247256946671502,0.09345346850893817,158.63069096205984,158.75669113363878,180.04316518463648,180.04351006892142,175.76067034012115,175.7861462818649,193.09214415456077,193.10106073417109,0.008916579610314557,0.0,0.0,0.00013967903326431034,False,False,17,17
maize,66,2008,10,0,2008-10a,calm,193.09214415456077,190.53574608689203,0.9867607349907386,30.79774444444444,31.039491750126835,28.18500008346017,28.279066911309688,0.09406682784951306,0.3030553096898846,0.09406682784951306,265.5370893068573,265.4574303803818,-0.07965892647547435,-0.02999917137128053,395.6168509276725,395.5373304646766,-0.07952046299590165,470.3899470033766,1.1859404582757171,1.186175019493196,0.00023456121747877923,0.019778498645692255,156.57217175929307,156.59849384999862,193.09214415456077,193.09214415456077,185.78814967550724,185.79341409364835,190.53574608689203,190.53758863324143,0.0018425463493940697,0.0,0.0,0.0,False,False,18,18
maize,67,2008,10,1,2008-10b,calm,190.53574608689203,188.06063308254323,0.9870097183589894,30.79774444444444,31.13355857797635,28.279066911309688,28.371658142255587,0.09259123094590514,0.2974000890839491,0.09259123094590514,365.11976674955054,365.0413574077367,-0.07840934181382408,-0.02147496491681537,494.2211009343938,494.14370459211705,-0.07739634227675651,581.1081577415025,1.1735176985520208,1.1736991105074266,0.0001814119554057747,0.015458817163952036,155.17698888190915,155.19737889345933,190.53574608689203,190.53574608689203,183.46399464589544,183.4680726482055,188.06063308254323,188.06206038335176,0.0014273008085297079,0.0,0.0,0.0,False,False,18,18
maize,68,2008,11,0,2008-11a,calm,188.06063308254323,179.2690728412429,0.9532514588662393,30.79774444444444,31.226149808922255,28.371658142255587,28.71328281639104,0.3416246741354523,1.0940339306187528,0.3416246741354523,355.3990616590396,355.1123969676289,-0.2866646914106923,-0.08065994605402498,478.9340358102265,478.6533505196402,-0.2806852905862911,530.856246300393,1.1069564674697103,1.107596873263288,0.0006404057935776031,0.057852843575813565,185.73489780945872,185.8262288292571,157.24363746759883,157.2439312466788,162.9418895359708,162.96039076319448,179.2690728412429,179.27554827077117,0.006475429528279619,0.0,0.0,0.0644571225181808,False,False,17,17
maize,69,2008,11,1,2008-11b,calm,179.2690728412429,180.68733753061358,1.0079113740417829,30.79774444444444,31.567774483057708,28.71328281639104,28.656771586987183,-0.05651122940385981,-0.17901556359061405,0.05651122940385981,162.8137759037177,162.847118622777,0.03334271905930564,0.020479052754739463,229.18214920162188,229.22813316742582,0.04598396580394137,325.9865180336009,1.4107102299333005,1.4104350605685285,-0.00027516936477200993,-0.019505732568836632,268.87843767797295,268.83523034149823,161.93196266552712,161.93151685960433,183.3212576680163,183.3122595559831,180.68733753061358,180.68418819140197,-0.003149339211603319,0.002301888726574419,0.0023019224259703125,0.12043560099318375,False,False,14,14
maize,70,2008,12,0,2008-12a,calm,180.68733753061358,181.40456182035672,1.00396942198355,30.79774444444444,31.51126325365385,28.656771586987183,28.62840422363076,-0.028367363356420962,-0.09002293284174082,0.028367363356420962,109.32972059767748,109.34680434084795,0.01708374317047401,0.015625891182271003,160.2511750124589,160.27729404414407,0.026119031685169602,234.68065476053482,1.4463029903433728,1.4460765086222582,-0.00022648172111461307,-0.015659355102407905,255.38294123374308,255.34901257899585,164.57495192534242,164.57418055288142,182.73654978702254,182.72914695810428,181.40456182035672,181.4019708302353,-0.002590990121404957,0.02363319188807813,0.02363127257890891,0.09446918573149445,False,False,12,12
maize,71,2008,12,1,2008-12b,calm,181.40456182035672,182.70834868711916,1.0071871779500978,30.79774444444444,31.482895890297428,28.62840422363076,28.57719469132722,-0.051209532303538,-0.16265826524338264,0.051209532303538,93.58278092079912,93.61362095646835,0.030840035669228882,0.032954818574294546,152.78173536776688,152.82907636300052,0.04734099523363966,222.3893909214122,1.4369608965139207,1.4365339840292894,-0.00042691248463122555,-0.02970940167313661,254.57297114356447,254.48310181396766,167.7688411565634,167.76969321515668,185.12966715396362,185.11237493491888,182.70834868711916,182.70229641045347,-0.006052276665684531,0.033001701885568877,0.032945721536288226,0.09485061590365908,False,False,12,12
maize,72,2009,1,0,2009-01a,calm,182.70834868711916,184.18592376419332,1.0080870692975528,30.79774444444444,32.42218635799389,28.57719469132722,28.51970851949728,-0.05748617182994235,-0.17730504412997053,0.05748617182994235,79.98123501454438,80.01514730397996,0.03391228943557678,0.04240030730884553,143.27215926124225,143.3251158384988,0.052956577256537685,208.93185492635803,1.4383451885734662,1.4378368572192124,-0.000508331354253766,-0.03534140193133493,265.1337534198507,265.03202491674966,167.37905135062974,167.37890634686246,186.92999176447393,186.90953006083993,184.18592376419332,184.17876216792143,-0.007161596271885173,0.09077830417215811,0.09073445461784044,0.09019142977469291,False,False,11,11
maize,73,2009,1,1,2009-01b,calm,184.18592376419332,183.5665279234873,0.9966371163004889,30.79774444444444,32.364700186163944,28.51970851949728,28.543736157831383,0.024027638334102153,0.07424026237194707,0.024027638334102153,70.15986561853256,70.14569121450285,-0.014174404029716925,-0.020203009091814435,140.15475725117378,140.13190790020624,-0.022849350967533155,200.35670536832998,1.4104514214387178,1.4106711825699596,0.0002197611312417802,0.015580907495390015,247.30902711375938,247.34253945835508,166.19301992428035,166.19198580850707,182.41622136217615,182.42209653847667,183.5665279234873,183.56858423519247,0.0020563117051608515,0.13629670883454748,0.13632152667481032,0.09077242251619629,False,False,11,11
maize,74,2009,2,0,2009-02a,calm,183.5665279234873,182.7899990770888,0.9957697688397626,30.79774444444444,32.38872782449805,28.543736157831383,28.574002872766577,0.030266714935195775,0.09344829812149265,0.030266714935195775,68.99903862240394,68.98095127600506,-0.018087346398885984,-0.02621391074427671,145.4427435015287,145.41388651777453,-0.02885698375416723,200.8586555971135,1.3646730988815798,1.3649322966671391,0.0002591977855592731,0.01899339744966755,239.4682792705683,239.507291613845,166.8177727781509,166.81889354741668,181.34787407663438,181.35657316070234,182.7899990770888,182.79304375651256,0.0030446794237661834,0.1433988801282085,0.14340612014817708,0.08935366435190488,False,False,11,11
maize,75,2009,2,1,2009-02b,calm,182.7899990770888,182.06093721291475,0.9960114783748832,30.79774444444444,32.41899453943324,28.574002872766577,28.60256611863292,0.028563245866344802,0.08810651370325982,0.028563245866344802,70.11392250551401,70.0968531498417,-0.017069355672305164,-0.024345172916210425,151.78451660255638,151.75662153672846,-0.027895065827920007,202.68453398208823,1.3215368383417665,1.3217697525629226,0.00023291422115612193,0.017624497055139018,232.68771594682744,232.7229996982817,167.71177748760397,167.7130359388614,180.70696517944867,180.71502869074547,182.06093721291475,182.06375944186863,0.002822228953874628,0.14725920166594653,0.14726589795973746,0.08887143323097718,False,False,11,11
maize,76,2009,3,0,2009-03a,calm,182.06093721291475,183.30401901257494,1.0068278336840948,30.79774444444444,32.44755778529959,28.60256611863292,28.5539500152371,-0.04861610339581913,-0.14982977676626474,0.04861610339581913,75.82683994837322,75.85611813732324,0.029278188950016215,0.03861190703707328,162.40822768417246,162.45542812853094,0.04720044435848081,210.6304048693709,1.2854633228476113,1.2851042455501538,-0.000359077297457544,-0.0279336867163274,227.95480620777468,227.89956471426007,175.02704782012893,175.02353644472453,185.6125994976581,185.59874209863165,183.30401901257494,183.29916892291567,-0.004850089659271362,0.021894634898736172,0.02189172186931878,0.08988101190530964,False,False,12,12
maize,77,2009,3,1,2009-03b,calm,183.30401901257494,183.82674703721398,1.0028516997469825,30.79774444444444,32.39894168190377,28.5539500152371,28.53362939702541,-0.02032061821169097,-0.06272000613847496,0.02032061821169097,81.16954435216945,81.1817820853078,0.012237733138348972,0.015076754755765595,172.04426710611875,172.0639959726943,0.019728866575547954,219.04131522746084,1.2631973086587116,1.2630577566123633,-0.00013955204634830132,-0.011047525623410367,224.5485740576976,224.52697019934817,174.85976605357655,174.85846778238493,184.79752765440077,184.79216826577758,183.82674703721398,183.82487125119587,-0.0018757860181040087,0.02175423243621845,0.02175285691285779,0.08981197090172326,False,False,12,12
maize,78,2009,4,0,2009-04a,calm,183.82674703721398,183.91343584983406,1.0004715788861918,30.79774444444444,32.37862106369208,28.53362939702541,28.53026642386644,-0.003362973158968937,-0.010386400187807945,0.003362973158968937,85.01382781383353,85.01585310497586,0.002025291142331298,0.002382307907328154,179.8497248102749,179.8529882730774,0.0032634628024936774,226.2405926628166,1.2489214516830065,1.2488995823259526,-2.1869357053949656e-05,-0.001751059446090802,222.33628047077323,222.3328751001931,174.50896658103875,174.50875102172074,184.07442935898564,184.0735758374152,183.91343584983406,183.9131371172844,-0.00029873254965195883,0.021591821234900384,0.021591562724621243,0.08973036451461265,False,False,12,12
maize,79,2009,4,1,2009-04b,calm,183.91343584983406,183.85230032377993,0.9996675853193018,30.79774444444444,32.37525809053311,28.53026642386644,28.532637886430905,0.0023714625644632517,0.007324922500484079,0.0023714625644632517,89.7705675418474,89.76893022561376,-0.0016373162336407177,-0.0018238898098505028,187.93204416736455,187.92975486196087,-0.0022893054036785543,233.95202299747496,1.2366676386595328,1.2366821984225362,1.4559763003463289e-05,0.0011773384010634518,220.45278236711542,220.45490670453722,174.5602580560347,174.55843343578016,183.73876291825084,183.73772808953157,183.85230032377993,183.8519381337282,-0.00036219005173165897,0.006824467267267836,0.0068920888401529405,0.0896873885263263,False,False,13,13
maize,80,2009,5,0,2009-05a,calm,183.85230032377993,183.65910859851624,0.9989492014789945,30.79774444444444,32.37762955309757,28.532637886430905,28.540138326408144,0.007500439977240869,0.023165500627340713,0.007500439977240869,89.67454628135931,89.66936779264172,-0.0051784887175898575,-0.005774758760799342,190.58696969737403,190.5797225899069,-0.00724710746712276,236.15423811688498,1.2311830148128702,1.2312282843665934,4.526955372319286e-05,0.0036769150628733665,219.710362617734,219.71693650044853,174.19781430292116,174.19870290623464,183.3003239658837,183.3023496250774,183.65910859851624,183.65981757923404,0.0007089807178033425,0.004932734611881846,0.004932691336176789,0.0898249043401273,False,False,13,13
maize,81,2009,5,1,2009-05b,calm,183.65910859851624,183.26451510895447,0.9978514896833983,30.79774444444444,32.38512999307481,28.540138326408144,28.55548864004982,0.015350313641674556,0.047399265171876856,0.015350313641674556,89.53435755030382,89.52375931523414,-0.010598235069679163,-0.011837059381059018,193.1383357898512,193.12349714387085,-0.014838645980347565,236.57642215919927,1.2175645255744894,1.217655022940243,9.049736575361678e-05,0.007432654602918639,217.7416994991411,217.75477805102295,173.72919841063944,173.73060216570354,182.53169862833977,182.5354373427674,183.26451510895447,183.26582365900416,0.001308550049685664,0.004947491673399591,0.00494739057559745,0.08997916710665799,False,False,13,13
maize,82,2009,6,0,2009-06a,2010/11,183.26451510895447,182.85814263241824,0.9977825905015237,30.79774444444444,32.40048030671649,28.55548864004982,28.571340417758332,0.015851777708509894,0.048924514570309885,0.015851777708509894,80.22801710440817,80.21707264618091,-0.010944458227257314,-0.013641691047921919,186.2950940849868,186.27977069531823,-0.015323389668566278,228.00630683017985,1.2163300281362337,1.2164267010436065,9.667290737280787e-05,0.007947917517167481,217.66601241165137,217.67991478503575,173.2128105099366,173.21423995026495,182.10345089027953,182.10737491721912,182.85814263241824,182.8595160418471,0.0013734094288508913,0.004964229384501642,0.004964109578791492,0.0901541645783578,False,False,13,13
maize,83,2009,6,1,2009-06b,2010/11,182.85814263241824,182.41397010120687,0.9975709447508485,30.79774444444444,32.416332084425,28.571340417758332,28.588717147530254,0.017376729771925087,0.053604861051735224,0.017376729771925087,72.2458762936482,72.23387897091172,-0.01199732273647669,-0.016606238794464573,180.460075821818,180.44327831808715,-0.016797503730856533,220.61094734725313,1.2147359807226854,1.2148451185999785,0.00010913787729305291,0.008984493669819781,217.3217421326811,217.33739184842298,172.6559122887405,172.65755467584282,181.58907825752863,181.59352211035883,182.41397010120687,182.41552544969744,0.0015553484905694859,0.004926753142422996,0.004926616900488622,0.08999493882516243,False,False,13,13
maize,84,2009,7,0,2009-07a,2010/11,182.41397010120687,181.6060767390839,0.9955710992876547,30.79774444444444,32.43370881419692,28.588717147530254,28.620459207736502,0.03174206020624342,0.0978675007168753,0.03174206020624342,59.334645026123304,59.31272952501276,-0.021915501110541413,-0.03693542128867993,169.31959161790067,169.28888611869198,-0.030705499208693254,201.55144339912286,1.183304908115336,1.1835115781488181,0.00020667003348218138,0.017465492796049264,212.2554299932506,212.28521917775578,172.0682716920425,172.07148447797127,180.1057033522841,180.11423141792818,181.6060767390839,181.60906156205934,0.0029848229754350086,0.004843178335816986,0.004842945216672745,0.08955140269523076,False,False,13,13
maize,85,2009,7,1,2009-07b,2010/11,181.6060767390839,180.2116650239304,0.9923217783226667,30.79774444444444,32.46545087440316,28.620459207736502,28.67566293709907,0.055203729362569044,0.17003838811951782,0.055203729362569044,50.47006239239947,50.43198105140442,-0.03808134099504912,-0.07545332656609509,162.40335783023477,162.35001075414343,-0.053347076091341705,184.57503462090395,1.1312546086623483,1.1316119836731569,0.00035737501080856937,0.03159103247598234,201.75574588858996,201.80287433758227,171.58861761187345,171.59677040460508,177.62204326721675,177.6379911912005,180.2116650239304,180.21724679732472,0.00558177339431154,0.004210348035629899,0.0042088724701229525,0.08533469561764369,False,False,12,12
maize,86,2009,8,0,2009-08a,2010/11,180.2116650239304,183.50981132935487,1.0183015139723974,30.79774444444444,32.520654603765735,28.67566293709907,28.545941374939986,-0.12972156215908232,-0.3988897632585206,0.12972156215908232,36.86378661354075,36.88964191604902,0.025855302508269062,0.07013740281030145,145.7551135289174,145.88042725793096,0.12531372901355553,167.60379710682267,1.1434837430315594,1.1425434811872373,-0.0009402618443221655,-0.08222782790329665,297.54304268958043,297.2563389479028,162.6579145554624,162.67531084459685,189.63494018228602,189.59151646525805,183.50981132935487,183.49461302839507,-0.015198300959809785,0.6898567430836273,0.6894435018442545,0.07200569375331425,False,False,10,10
maize,87,2009,8,1,2009-08b,2010/11,183.50981132935487,180.70989447362768,0.9847424133050737,30.79774444444444,32.39093304160666,28.545941374939986,28.655877281468488,0.10993590652849955,0.33940333360352776,0.10993590652849955,34.10488446224845,34.09266821902783,-0.012216243220620981,-0.03581962939690778,124.33163981610801,124.2255851678141,-0.10605464829390598,148.99982346186385,1.1885234584044122,1.1894875489716168,0.0009640905672045896,0.08111666289690884,245.90748843571197,246.0545189703311,157.9106889965971,157.9117951446313,175.51004888442006,175.54033990977126,180.70989447362768,180.7204963325006,0.010601858872917092,0.7363614997700992,0.7363088143440337,0.05509466305731191,False,False,9,9
maize,88,2009,9,0,2009-09a,2010/11,180.70989447362768,177.53916838245436,0.9824540537727111,30.79774444444444,32.50086894813515,28.655877281468488,28.78297274222783,0.12709546075934086,0.3910525006643965,0.12709546075934086,100.21558984824418,100.12592564146256,-0.08966420678162024,-0.08947131570786358,223.15982789009888,223.03781740877332,-0.12201048132556025,252.56215931211844,1.1280156682066018,1.1286152168169195,0.0005995486103176351,0.05315073426868612,188.26309012262973,188.3834745693732,167.49757380718668,167.50414500761448,171.6506770702753,171.6800109199662,177.53916838245436,177.54943522984615,0.01026684739179018,0.004078431166813344,0.004080909767551806,0.06367232727164326,False,False,15,15
maize,89,2009,9,1,2009-09b,2010/11,177.53916838245436,169.76479535911352,0.9562103782834371,30.79774444444444,32.62796440889449,28.78297274222783,29.106989093238,0.32401635101017245,0.9930633334939049,0.32401635101017245,195.49016396882809,195.19020477369432,-0.29995919513376634,-0.15343953324505696,325.11406686879366,324.80079933891386,-0.3132675298797949,359.72964642762736,1.1043795423168912,1.105423752576139,0.0010442102592478353,0.0945517568224031,147.4532342465251,147.5717325257592,157.29503397593365,157.2954119710829,155.32667403005195,155.35067608201814,169.76479535911352,169.7731960773017,0.00840071818817023,0.0,0.0,0.00013967903326431034,False,False,17,17
maize,90,2009,10,0,2009-10a,2010/11,169.76479535911352,174.4673156894184,1.0277002091061187,30.79774444444444,32.951980759904664,29.106989093238,28.908840430360925,-0.19814866287707472,-0.6013254994315188,0.19814866287707472,306.85858711611394,307.0477964984167,0.18920938230274942,0.06166012301658465,436.52017164265044,436.71148770045875,0.19131605780830796,475.8910650614272,1.08886573708579,1.0883957376537972,-0.0004699994319927736,-0.043164130891901055,261.8831090671376,261.78702232331364,163.5299323974821,163.52980037332372,183.2005677314132,183.1812447633217,174.4673156894184,174.46055265058638,-0.006763038832019674,0.0,0.0,0.1996330138434808,False,False,17,17
maize,91,2009,10,1,2009-10b,2010/11,174.4673156894184,180.02665196331617,1.0318646289245048,30.79774444444444,32.7538320970276,28.908840430360925,28.68302758104441,-0.22581284931651205,-0.689424213470901,0.22581284931651205,416.41473238855707,416.63035791494127,0.2156255263842013,0.051781435576827975,544.0726109786892,544.2864079356832,0.21379695699397416,586.2766420931383,1.076652321615437,1.0762344144925666,-0.00041790712287026466,-0.038815420213205505,259.3841681534599,259.29858676514345,173.0928749801858,173.09271011168366,190.3511336148406,190.33388544237562,180.02665196331617,180.0206151029534,-0.006036860362769403,0.0,0.0,0.1996330138434808,False,False,17,17
maize,92,2009,11,0,2009-11a,2010/11,180.02665196331617,180.0514564079082,1.0001377820690522,30.79774444444444,32.52801924771108,28.68302758104441,28.682039664394498,-0.0009879166499136855,-0.0030371251393771937,0.0009879166499136855,369.213635650182,369.21457137952956,0.0009357293475318329,0.0002534384587080652,490.8700356785227,490.87095680156784,0.0009211230451455776,535.7101409652707,1.0901511950926823,1.090149176222269,-2.0188704132895197e-06,-0.00018519178095455644,208.85864675085375,208.85824157602323,172.90724056854623,172.90722643289794,180.09752180500774,180.09742946152298,180.0514564079082,180.05142408768853,-3.232021967392029e-05,0.0,0.0,0.10823467475312665,False,False,16,16
maize,93,2009,11,1,2009-11b,2010/11,180.0514564079082,183.41776894771564,1.018696391614745,30.79774444444444,32.52703133106117,28.682039664394498,28.549521919717925,-0.13251774467657432,-0.4074080518686273,0.13251774467657432,153.88639673455756,153.9762587600782,0.08986202552063105,0.0583950416849621,213.9247169493031,214.04767978976346,0.12296284046036021,330.5460134316348,1.5290327515270976,1.5281803323981766,-0.0008524191289209782,-0.05574891238069543,265.2865921214053,265.16162071183135,170.76521726456053,170.7639789308255,189.66949223592948,189.64350728702667,183.41776894771564,183.40867421559966,-0.009094732115983106,0.005530950989936391,0.005531318375929196,0.0896952104950145,False,False,12,12
maize,94,2009,12,0,2009-12a,2010/11,183.41776894771564,188.5472488101708,1.0279661010592565,30.79774444444444,32.39451358638459,28.549521919717925,28.353334516207305,-0.1961874035106248,-0.6056192292792516,0.1961874035106248,88.96872805217994,89.08446308548758,0.11573503330764368,0.13008507128455896,130.60421848051703,130.78482056792606,0.18060208740902794,238.9606316952828,1.7902190803608673,1.787864301060741,-0.0023547793001263972,-0.1315358173733534,304.09979308458236,303.755469025902,171.5668338508388,171.56123881925419,198.0734256975875,198.00008486058374,188.5472488101708,188.5215795172195,-0.025669292951306488,0.024740217699450433,0.02473108656546984,0.09215646934492887,False,False,11,11
maize,95,2009,12,1,2009-12b,2010/11,188.5472488101708,192.47504275346498,1.0208318814943234,30.79774444444444,32.19832618287397,28.353334516207305,28.207564217209395,-0.14577029899790667,-0.45272632549278513,0.14577029899790667,73.99973942070007,74.08573235453727,0.08599293383720408,0.11620707655241977,124.64635764695144,124.78054792272184,0.13419027577039344,226.42344247490416,1.7759521227480526,1.7741370537871788,-0.0018150689608738002,-0.10220258404630973,302.4927338303709,302.22684248586535,174.0887130668857,174.08240244793853,199.76951721958272,199.7112904555239,192.47504275346498,192.4546633860444,-0.020379367420588324,0.024806547125614014,0.024799241201755258,0.09267093290971706,False,False,11,11
maize,96,2010,1,0,2010-01a,2010/11,192.47504275346498,195.70495320325,1.0167809311980365,30.79774444444444,32.54543088387606,28.207564217209395,28.090452639382146,-0.11711157782724535,-0.35984030521859145,0.11711157782724535,61.64117278614714,61.710259343785395,0.06908655763825777,0.11207859051926387,117.88235962019839,117.99024889739405,0.10788927719566743,212.73769843864682,1.762501916863303,1.7609746653939131,-0.001527251469389812,-0.08665247139746875,297.54130472170107,297.3176542351385,177.74387172492388,177.7346173317724,201.70335832427932,201.65122471244558,195.70495320325,195.6867064391082,-0.018246764141792937,0.023867856900911245,0.023856634892472525,0.08924698007770021,False,False,11,11
maize,97,2010,1,1,2010-01b,2010/11,195.70495320325,199.01902507276628,1.0169340214198588,30.79774444444444,32.42831930604881,28.090452639382146,27.972774421836913,-0.11767821754523514,-0.3628871926251348,0.11767821754523514,52.387105989313035,52.45652681951657,0.06942083020353351,0.13251510823616666,116.36416190330799,116.47553210640741,0.11137020309942613,203.95213330760248,1.7127815181783743,1.7112305977690856,-0.0015509204092887252,-0.0905498099336221,291.97509960133226,291.7230614108569,183.4733875662876,183.4525089650936,205.17372997329653,205.10661945424627,199.01902507276628,198.9955363910987,-0.023488681667572564,0.028234036796112607,0.028146950906965125,0.09109710072387031,False,False,11,11
maize,98,2010,2,0,2010-02a,2010/11,199.01902507276628,202.53378061013476,1.01766039973356,30.79774444444444,32.31064108850358,27.972774421836913,27.850617217476977,-0.12215720435993617,-0.3780711253154331,0.12215720435993617,51.0594843549512,51.131547432714484,0.07206307776328202,0.14113553764530745,123.16853805645503,123.28439787923584,0.11585982278080564,204.25981367554982,1.6252878625646312,1.623837150578077,-0.0014507119865541096,-0.08925877193624958,277.09747248656384,276.88137081451106,192.05211156706147,192.00818151044746,209.06118375096196,208.98281937126018,202.53378061013476,202.50635307723914,-0.02742753289561506,0.025500717517815213,0.02547948388642784,0.0884704054891283,False,False,11,11
maize,99,2010,2,1,2010-02b,2010/11,202.53378061013476,206.57719813772462,1.0199641635850032,30.79774444444444,32.18848388414364,27.850617217476977,27.713322523585422,-0.1372946938915553,-0.4265335838299236,0.1372946938915553,51.73648395005963,51.81747694801035,0.08099299795072312,0.15654909604777997,130.38289643756534,130.51681566808492,0.13391923051958088,205.91156963389744,1.551704195884022,1.550187768276635,-0.0015164276073871275,-0.09772659063560776,265.31821056103183,265.0896073757244,201.27845000666,201.16614064612526,214.08640211753436,213.9508339920451,206.57719813772462,206.52974929380338,-0.04744884392124504,0.08891799645827839,0.08871309654203571,0.08709968816969578,False,False,11,11
maize,100,2010,3,0,2010-03a,2010/11,206.57719813772462,216.6936859404778,1.0489719479882214,30.79774444444444,32.05118919025209,27.713322523585422,27.384046745237306,-0.32927577834811583,-1.0273434049313228,0.32927577834811583,57.65232471081416,57.850625228168475,0.19830051735431198,0.3439592737135813,141.43116094210708,141.7508914824334,0.31973054032630444,213.69618577023743,1.488445731855382,1.4852360073801298,-0.0032097244752522514,-0.2156426940236011,310.6912407609565,300.6496543228257,216.67900106317796,217.0500178528305,235.48144900273365,233.76994514682954,216.6936859404778,216.09465959091136,-0.5990263495664294,0.14625480311495517,0.12629825092267435,0.0870278777117265,False,False,12,12
maize,101,2010,3,1,2010-03b,2010/11,216.6936859404778,231.26679529022513,1.0672521180601005,30.79774444444444,31.72191341190397,27.384046745237306,26.942064476726376,-0.44198226851092975,-1.3933026762032312,0.44198226851092975,63.693681026566495,63.95985703546344,0.2661760088969487,0.41790018194415124,151.9441393695749,152.37316464145985,0.4290252718849388,221.95776647169643,1.4418325293251784,1.4379394023414653,-0.0038931269837130245,-0.2700124254746234,412.7639742411893,398.49609018375264,219.72293297154042,221.39312379493248,258.3311412254702,256.8137170726965,231.26679529022513,230.73569683675433,-0.5310984534708041,0.38435874527497593,0.35551497704144014,0.0866429366507759,False,False,12,12
maize,102,2010,4,0,2010-04a,2010/11,231.26679529022513,242.73150493163078,1.0495735223338836,30.79774444444444,31.279931143393043,26.942064476726376,26.618136914381626,-0.32392756234475245,-1.03557632802901,0.32392756234475245,69.36046134412648,69.55554099292581,0.19507964879933581,0.2812548316705442,161.11165923458347,161.4257366322085,0.3140773976250273,229.1549502154333,1.4059149427383602,1.403285688948835,-0.0026292537895251655,-0.18701371680452136,384.4239208663573,373.3733223662355,233.92290547264085,235.53333670241076,264.0231085513841,263.1013338351757,242.73150493163078,242.40888378095784,-0.32262115067294417,0.34216862183292623,0.31909265702287654,0.08601154358019503,False,False,12,12
maize,103,2010,4,1,2010-04b,2010/11,242.73150493163078,252.8366352231955,1.0416308970457335,30.79774444444444,30.95600358104829,26.618136914381626,26.34809321347554,-0.2700437009060813,-0.8723467814540696,0.2700437009060813,75.77305540488156,75.9356844505605,0.16262904567894054,0.21462648537789256,170.79439770610406,171.05420017056852,0.25980246446445676,236.86293283729918,1.3726113962775601,1.3706031524137008,-0.002008243863859338,-0.14630826097652802,355.311590874074,345.4155782302937,250.67623448732255,252.30206965158823,271.6033057646728,270.9247713673293,252.8366352231955,252.59914818412526,-0.23748703907023128,0.2951737947987089,0.273855980907628,0.08532972885806082,False,False,12,12
maize,104,2010,5,0,2010-05a,2010/11,252.8366352231955,262.7856339182463,1.0393495139114952,30.79774444444444,30.68595988014221,26.34809321347554,26.095089269584562,-0.2530039438909843,-0.8244941493738659,0.2530039438909843,77.15168213974007,77.3009344329516,0.1492522932115321,0.1934530642393521,175.11289551709683,175.3561757675095,0.2432802504126812,238.99685506171943,1.3517245210730133,1.3499164123031087,-0.0018081087699046705,-0.1337631108792326,326.5955221655132,316.4807526469081,269.929051684226,271.6549572249888,281.26234578048343,280.62011630937263,262.7856339182463,262.5608536033575,-0.2247803148887897,0.2398018317135809,0.21756240973827526,0.08555080996148247,False,False,11,11
maize,105,2010,5,1,2010-05b,2010/11,262.7856339182463,272.01958438894115,1.0351387187077647,30.79774444444444,30.432955936251226,26.095089269584562,25.870757703793885,-0.22433156579067365,-0.7371336726560093,0.22433156579067365,77.9052042505266,78.05732643566772,0.15212218514112408,0.19526575484216874,179.24945267401182,179.46544811901308,0.2159954450012549,239.3555440530118,1.3235559528031675,1.3220188138245712,-0.0015371389785963085,-0.11613706057086534,286.32686989770474,276.78613644584453,289.8787194615777,291.3664304989989,289.1683495488031,288.450371688368,272.01958438894115,271.7682921377889,-0.2512922511522788,0.16107579492059695,0.1395244967932626,0.08467963521275298,False,False,12,12
maize,106,2010,6,0,2010-06a,2010/11,272.01958438894115,281.35093432469654,1.0343039636529006,30.79774444444444,30.208624370460548,25.870757703793885,25.653528083332404,-0.21722962046148156,-0.7190980224637411,0.21722962046148156,70.39120198653777,70.53850824914733,0.14730626260956114,0.20926800289293723,174.84228951308532,175.05153220058656,0.20924268750124497,230.726396791944,1.3081389960535859,1.3066314806706054,-0.00150751538298044,-0.1152412234119108,249.00697910022546,238.59897319549194,311.098985481675,312.69878343306794,298.6805842053851,297.8788213855527,281.35093432469654,281.0703173377552,-0.2806169869413111,0.0808692894556357,0.05697408095797527,0.08422150287753825,False,False,12,12
maize,107,2010,6,1,2010-06b,2010/11,281.35093432469654,290.2868439785482,1.0317607250009664,30.79774444444444,29.99139474999907,25.653528083332404,25.45378393609633,-0.19974414723606887,-0.6660048620648931,0.19974414723606887,64.30771617458873,64.44316530783757,0.13544913324884078,0.21062656444074382,171.68185310487848,171.87483790070794,0.19298479582946015,223.27762911813772,1.2895391950622388,1.2881441739433053,-0.001395021118933526,-0.1081798152607681,224.19900892059403,223.9834247151808,327.5528787251924,327.01989906603023,306.8821047642727,306.41260419586035,290.2868439785482,290.12251877960387,-0.16432519894431152,0.033985420755810555,0.028457288506819115,0.08338281485375154,False,False,12,12
maize,108,2010,7,0,2010-07a,2010/11,290.2868439785482,296.97106189110787,1.0230262516239064,30.79774444444444,29.791650602763,25.45378393609633,25.30933059876492,-0.1444533373314147,-0.4848785965488515,0.1444533373314147,53.5613928962696,53.661127042514025,0.09973414624442256,0.18620528864433017,163.63445637087023,163.7739718044483,0.13951543357808305,204.16846096061195,1.2382220026022361,1.2372075607056439,-0.0010144418965922775,-0.08192730338019641,215.211656813438,215.07294429343207,332.9278476003961,332.4926851364027,309.3846094430045,309.0087369678086,296.97106189110787,296.83950652478933,-0.13155536631853693,0.06996737704984379,0.06788630197308937,0.08125766565075294,False,False,13,13
maize,109,2010,7,1,2010-07b,2010/11,296.97106189110787,299.03120556741897,1.006937186617417,30.79774444444444,29.647197265431583,25.30933059876492,25.265626039311712,-0.04370455945320827,-0.14741548437756535,0.04370455945320827,46.94395402471121,46.97412873029143,0.030174705580222394,0.0642781508441715,159.99652899703653,160.03760430582736,0.04107530879082333,187.14584880207912,1.1630449735697221,1.1627581474552695,-0.00028682611445263184,-0.02466165289999744,202.20524931923123,202.16421920878904,328.02017102090235,327.9640461325302,302.85718668056813,302.804080747782,299.03120556741897,299.01261849094385,-0.018587076475114372,0.1629565509074937,0.1624232257489178,0.07825721383796179,False,False,13,13
maize,110,2010,8,0,2010-08a,2010/11,299.03120556741897,281.0128727233929,0.9397443059167158,30.79774444444444,29.60349270597838,25.265626039311712,25.66123997481701,0.3956139355053024,1.3363758777875856,0.3956139355053024,37.49699715327324,37.327660525104115,-0.16933662816912687,-0.45160050410688657,149.16048949649658,148.780284602047,-0.3802048944495766,170.13156553846815,1.134707799537211,1.1374858218035144,0.002778022266303415,0.2448226995034693,286.50489007897477,287.26162893787006,237.8115957108654,237.83119808507806,247.55025458448728,247.71728425563646,281.0128727233929,281.0713331082951,0.05846038490221872,0.6697253296534716,0.6703213600402629,0.06923612907753515,False,False,12,12
maize,111,2010,8,1,2010-08b,2010/11,281.0128727233929,265.7349988657222,0.9456328327253926,30.79774444444444,29.99910664148368,25.66123997481701,26.022379274344804,0.3611392995277917,1.2038335135900256,0.3611392995277917,33.2758773485732,33.23154798251111,-0.044329366062086706,-0.1332177228498754,130.13452861148667,129.78811951514675,-0.3464090963399258,151.49853393343346,1.1563384240612704,1.1592771535915172,0.002938729530246764,0.2541409564100977,247.6904725497083,248.4159537014798,234.77963756084733,234.61425861375386,237.3618045586195,237.37459763129905,265.7349988657222,265.73947644116004,0.0044775754378179045,0.7631958676214529,0.7636163991343183,0.05001798951262657,False,False,11,11
maize,112,2010,9,0,2010-09a,2010/11,265.7349988657222,268.63887295286423,1.0109277065480162,30.79774444444444,30.36024594101147,26.022379274344804,25.951769638944075,-0.07060963540073073,-0.2325726726256498,0.07060963540073073,102.55972510269591,102.6082994061388,0.04857430344289071,0.047361967277361465,228.42947954366747,228.4968780208884,0.06739847722093373,255.05850377925708,1.1133404373136082,1.1130211489198985,-0.00031928839370976014,-0.028678415245580655,168.10609545782864,167.92526528869521,300.51320360034566,300.5245965291336,274.03178197184224,274.0047302810459,268.63887295286423,268.6294048610855,-0.009468091778728649,0.0028398525523111143,0.0028287365808297867,0.03322302751656971,False,False,14,14
maize,113,2010,9,1,2010-09b,2010/11,268.63887295286423,265.5778594087361,0.9886054705691637,30.79774444444444,30.289636305610742,25.951769638944075,26.026227708433286,0.07445806948921198,0.24582028234990605,0.07445806948921198,201.21333490448725,201.14571256354185,-0.06762234094540531,-0.033607286006916266,330.1738932470219,330.1023114644746,-0.07158178254729819,362.2237446781939,1.0951905103075772,1.09542340101377,0.00023289070619281205,0.02126485794032366,188.63955632898254,188.61934103018302,277.70651087980565,277.7057469784222,259.893119969641,259.8884657887744,265.5778594087361,265.57623044543277,-0.0016289633033466089,0.0,0.0,0.07228896120426428,False,False,16,16
maize,114,2010,10,0,2010-10a,2010/11,265.5778594087361,266.45425774997386,1.0032999676373207,30.79774444444444,30.36409437509995,26.026227708433286,26.004800456218206,-0.021427252215079885,-0.07056773026186905,0.021427252215079885,306.93312530294537,306.95334981713756,0.02022451419219351,0.0065892249890694456,436.13428392976243,436.1543542910424,0.020070361279977078,478.3806352514779,1.095439184695482,1.0953895184551852,-4.966624029689726e-05,-0.004533911237683526,263.2263349764211,263.21619066080086,269.2957345926639,269.2957125684699,268.08185466941535,268.07980818693613,266.45425774997386,266.45354148110613,-0.0007162688677340157,0.0,1.2414691402170275e-16,0.1996330138434808,False,False,17,17
maize,115,2010,10,1,2010-10b,2010/11,266.45425774997386,270.2816438490278,1.0143641393887777,30.79774444444444,30.34266712288487,26.004800456218206,25.912245748231005,-0.09255470798720174,-0.30503155049740394,0.09255470798720174,413.6897106007908,413.7770700991737,0.08735949838290935,0.021117155235995458,540.4249348435116,540.5116184406878,0.08668359717626117,588.6207548032656,1.0881185896744092,1.0879461637770889,-0.00017242589732036073,-0.01584624129727943,261.73035923801274,261.69510555838144,281.30446844601397,281.30436762513165,277.3896466044137,277.3825152117816,270.2816438490278,270.2791478616066,-0.002495987421184509,0.0,1.293418147558346e-16,0.1996330138434808,False,False,17,17
maize,116,2010,11,0,2010-11a,2010/11,270.2816438490278,270.8920638786658,1.002258459068641,30.79774444444444,30.250112414897668,25.912245748231005,25.89763592811646,-0.014609820114543724,-0.04829674651836545,0.014609820114543724,361.7482402432287,361.76191733102684,0.013677087798157572,0.0037808304993996677,484.4095527410517,484.42300766825275,0.013454927201053124,537.9150735706999,1.1089886794504067,1.1089582860454041,-3.0393405002548946e-05,-0.0027406415922668686,215.3696156201115,215.3637596013946,286.18972244067834,286.18959620481274,272.0257010765649,272.0244288841291,270.8920638786658,270.8916186113132,-0.0004452673525747741,1.2167779413242285e-16,1.2169508802283552e-16,0.11406193458033753,False,False,16,16
maize,117,2010,11,1,2010-11b,2010/11,270.8920638786658,273.6023309893545,1.0100049705107002,30.79774444444444,30.235502594783128,25.89763592811646,25.833261695194622,-0.06437423292184119,-0.21290941905145777,0.06437423292184119,142.999708179009,143.04370020145413,0.043992022445138446,0.03076371483924193,211.5853648147163,211.64397826819214,0.05861345347582869,332.6216573943571,1.5549498019483503,1.5545320340409985,-0.0004177679073518181,-0.026866970678304562,275.38474260275035,275.32131220252484,279.4484195929616,279.44719235886134,278.63568419491935,278.62201632759405,273.6023309893545,273.59754723579067,-0.004783753563856408,0.0029606929023653296,0.002960714993879363,0.0992674207566231,False,False,13,13
maize,118,2010,12,0,2010-12a,2010/11,273.6023309893545,277.8265756086442,1.015439359028904,30.79774444444444,30.171128361861285,25.833261695194622,25.734500624253375,-0.09876107094124251,-0.3273363520142136,0.09876107094124251,80.32796715191392,80.38514029100227,0.057173139088348535,0.07117463707281967,133.8328080367679,133.9226176532009,0.08980961643300134,240.91513438288212,1.7629631905907455,1.761835800896631,-0.0011273896941144113,-0.06394856682950016,310.60504353095763,310.43408304157964,279.4382407799883,279.42884877411404,285.67160133018217,285.62989562760714,277.8265756086442,277.8119786127429,-0.014596995901285936,0.023894625669910238,0.023892025789047096,0.104063070270517,False,False,11,11
maize,119,2010,12,1,2010-12b,2010/11,277.8265756086442,281.33428894252427,1.012625550043928,30.79774444444444,30.07236729092004,25.734500624253375,25.65390752810852,-0.08059309614486128,-0.26799717948774626,0.08059309614486128,68.52009622364363,68.56675185679485,0.04665563315121801,0.06809043729147443,130.8143455883616,130.88763571622565,0.07329012786405542,228.2694505046028,1.7096308323763891,1.70871893913734,-0.0009118932390490553,-0.05333860514094277,303.0339347897394,302.89490346067265,284.05228343437057,284.03239509526264,287.84861370544434,287.80489676834463,281.33428894252427,281.31898801453934,-0.015300927984924328,0.023848130955590296,0.023845775830017787,0.10457095760912662,False,False,11,11
maize,120,2011,1,0,2011-01a,2010/11,281.33428894252427,286.90562344382477,1.0198032544210731,30.79774444444444,29.990399194775186,25.65390752810852,25.528448814221598,-0.12545871388691823,-0.4183295896533954,0.12545871388691823,59.55079351887514,59.62342201946295,0.07262850058781112,0.12196059245590218,127.04963731644435,127.16389064550242,0.11425332905807295,214.4833831124318,1.654603890600601,1.653189754966495,-0.001414135634106195,-0.0854667175714715,290.480370728205,290.2633051544505,298.9453917150344,298.7928854970601,297.2523875176685,297.0869694285382,286.90562344382477,286.8477271126292,-0.05789633119559312,0.0238378645067649,0.023768972065579017,0.09946665312870748,False,False,11,11
maize,121,2011,1,1,2011-01b,2010/11,286.90562344382477,298.37362944926235,1.0399713531850066,30.79774444444444,29.864940480888265,25.528448814221598,25.27953507614655,-0.24891373807504438,-0.8334647049919084,0.24891373807504438,52.97068882971567,53.11478588771986,0.14409705800419204,0.272031686179161,128.37980662827576,128.6098160534028,0.2300094251270366,205.60536041243222,1.5724754630100475,1.5697988506136924,-0.0026766123963550825,-0.17021648091293493,468.5456429516258,461.68089507301625,282.45278287200887,284.3918717280794,319.67135488793224,319.8496763970668,298.37362944926235,298.43604197745947,0.062412528197114625,0.5408447288176723,0.5285068023907719,0.10255013454646518,False,False,11,11
maize,122,2011,2,0,2011-02a,2010/11,298.37362944926235,306.750950510707,1.0280766134624817,30.79774444444444,29.616026742813215,25.27953507614655,25.105143749257532,-0.17439132688901884,-0.5888410636694795,0.17439132688901884,57.90098346212936,58.001939228333725,0.10095576620436475,0.17435932892296335,139.53219425533914,139.6988898971701,0.1666956418309553,205.8278080223734,1.45392419777167,1.452266638200986,-0.0016575595706840307,-0.11400591401012919,442.3612155895803,437.4132007358861,292.29573670505675,294.3853593921271,322.3088324819614,322.9909276608789,306.750950510707,306.98968382332816,0.23873331262115016,0.5527294776701941,0.5430362278868319,0.09666580333369389,False,False,11,11
maize,123,2011,2,1,2011-02b,2010/11,306.750950510707,315.4537727388246,1.0283709706966788,30.79774444444444,29.4416354159242,25.105143749257532,24.930171164060198,-0.1749725851973383,-0.594303212866702,0.1749725851973383,64.94472248510863,65.04816892016083,0.10344643505220574,0.1592838202918263,151.05329981183144,151.22087331147608,0.16757349964464652,207.40424881906165,1.3576224262440983,1.356180157352334,-0.0014422688917643534,-0.10623490477793829,313.0368682017191,308.1893172479682,336.26097904551693,337.2322545341072,331.6161568767573,331.4236670768794,315.4537727388246,315.38640130886733,-0.06737142995729073,0.3202830431496711,0.309903274033742,0.0945384361945091,False,False,12,12
maize,124,2011,3,0,2011-03a,calm,315.4537727388246,323.85568062038385,1.0266343553561348,30.79774444444444,29.266662830726865,24.930171164060198,24.766880683820286,-0.16329048023991286,-0.5579402106224264,0.16329048023991286,75.74059636782131,75.83713616598301,0.09653979816170022,0.12746110116808576,166.43795617641047,166.59465389834924,0.15669772193876952,215.11930165254714,1.281467089812041,1.2803071327917923,-0.0011599570202487364,-0.09051789386326518,314.0196015115061,309.1992685973704,345.81912940836594,346.59037225960924,339.45922382899397,339.1121515271615,323.85568062038385,323.7342053147425,-0.12147530564135423,0.23243672396647916,0.22150525443447094,0.09360029913537754,False,False,12,12
maize,125,2011,3,1,2011-03b,calm,323.85568062038385,327.3222386162178,1.0107040209675908,30.79774444444444,29.103372350486953,24.766880683820286,24.701044241759185,-0.06583644206109651,-0.2262158531603811,0.06583644206109651,86.6744955318195,86.71922530028465,0.04472976846514598,0.05160660952301131,181.52545442222015,181.58827509403207,0.06282067181192019,223.31663391787458,1.2222424082525536,1.2218342231336294,-0.00040818511892415366,-0.033396412705703614,271.1491681625582,269.07031340464687,349.41287300567586,349.69718357922375,333.76013203705236,333.57180954430834,327.3222386162178,327.25632574375743,-0.06591287246038746,0.15560060241048115,0.15061264214950243,0.09336076159104226,False,False,13,13
maize,126,2011,4,0,2011-04a,calm,327.3222386162178,328.3174436500448,1.0030404442974432,30.79774444444444,29.037535908425852,24.701044241759185,24.682304302058345,-0.01873993970084576,-0.06453694886489308,0.01873993970084576,94.68041957243051,94.69315162686158,0.012732054431069173,0.01344739967204006,193.07082757061977,193.0886939440644,0.017866373444633155,230.50122495567769,1.1875377524847757,1.1874314583681742,-0.00010629411660145749,-0.008950798943364134,238.34449006822442,237.69322621660314,353.1209794454555,353.19920535843784,330.16568157000927,330.0980095300709,328.3174436500448,328.2937584360664,-0.023685213978410502,0.0888945848458814,0.08727832319249157,0.09325027871835134,False,False,13,13
maize,127,2011,4,1,2011-04b,calm,328.3174436500448,327.7405509907876,0.998242881484323,30.79774444444444,29.018795968725005,24.682304302058345,24.693158658397547,0.010854356339206095,0.037404571681417705,0.010854356339206095,102.8522739591325,102.84472268249388,-0.007551276638622539,-0.007341866492541503,204.71824474638606,204.70787513841663,-0.010369607969437311,238.2081220070357,1.158542457751692,1.1585993335679843,5.687581629221228e-05,0.004909256101203876,210.59123206167632,210.60027357134,355.68866562121826,355.67871755588186,326.66917890930984,326.6630287589735,327.7405509907876,327.73839843816984,-0.0021525526177583743,0.025615001104539844,0.025852484023436824,0.09299991299415795,False,False,14,14
maize,128,2011,5,0,2011-05a,calm,327.7405509907876,327.25684564061254,0.9985241211418215,30.79774444444444,29.02965032506421,24.693158658397547,24.70227809964606,0.009119441248511466,0.031414230438172853,0.009119441248511466,106.48870739031914,106.48236307827474,-0.006344312044390676,-0.005957732232711312,211.61872639685106,211.61001952282953,-0.008706874021527256,240.30150455009561,1.131490045746781,1.131535210744859,4.51649980781621e-05,0.003991639011579046,206.15064861613232,206.15791150324173,356.4105074766834,356.4075583133685,326.35853570457317,326.35762895134314,327.25684564061254,327.256528276982,-0.00031736363052914385,0.0032218041853786772,0.0032958051038802566,0.09257878453143205,False,False,14,14
maize,129,2011,5,1,2011-05b,calm,327.25684564061254,326.68343962277066,0.9982478410292093,30.79774444444444,29.038769766312726,24.70227809964606,24.71311054439257,0.01083244474651214,0.03730338727737231,0.01083244474651214,106.60309536874483,106.5954797083748,-0.007615660370035471,-0.007143939248379762,215.00884004048362,214.99849286402264,-0.010347176460982155,240.62272110730478,1.1156243975876825,1.1156765091674488,5.2111579766256355e-05,0.004671068495717498,203.59401068908394,203.60178346085655,356.12467574334505,356.12481853896605,325.61854273249287,325.62021152334415,326.68343962277066,326.6840236995686,0.000584076797963462,0.002239948862194146,0.0022399466001851737,0.09241563015654913,False,False,15,15
maize,130,2011,6,0,2011-06a,calm,326.68343962277066,326.0127248173919,0.9979468968302978,30.79774444444444,29.04960221105923,24.71311054439257,24.7258114876943,0.01270094330172904,0.04372157391158275,0.01270094330172904,99.38158847990528,99.3726591871345,-0.008929292770773145,-0.008984856156307692,210.75400785481037,210.74186335890764,-0.012144495902731478,231.9589361151178,1.0975963296958189,1.0976576837255576,6.135402973872495e-05,0.0055898537630613455,200.9993854810758,201.00846890114454,355.70904313898467,355.70924071042396,324.76711160740285,324.76908634856807,326.0127248173919,326.01341597679976,0.0006911594078360395,0.002241482928114845,0.0022414794789736184,0.09276570767443423,False,False,15,15
maize,131,2011,6,1,2011-06b,calm,326.0127248173919,324.05493448694375,0.9939947425931157,30.79774444444444,29.06230315436097,24.7258114876943,24.763072660469547,0.0372611727752512,0.12821135536761455,0.0372611727752512,93.87657454384373,93.85037838559096,-0.026196158252773216,-0.027904893611705728,208.03390384136392,207.99826756057172,-0.035636280792203934,224.478658613796,1.0766470581408605,1.076825915148274,0.00017885700741349098,0.016612408501105166,197.87556617396214,197.90179375537176,351.05490615522024,351.09309837862037,320.4190381589686,320.45483745397064,324.05493448694375,324.06746424019445,0.01252975325070338,0.002232818290279969,0.002232812083795069,0.09301151660185868,False,False,15,15
maize,132,2011,7,0,2011-07a,calm,324.05493448694375,319.91642004937796,0.9872289726304645,30.79774444444444,29.099564327136214,24.763072660469547,24.842772306197787,0.07969964572823832,0.2738860445890457,0.07969964572823832,84.22400610076687,84.16742427983539,-0.05658182093148412,-0.06718015866377666,200.55925448871398,200.4824760732846,-0.07677841542937358,205.34036429910924,1.0230885573907729,1.023468030937358,0.00037947354658518506,0.037090977495924,187.59922927596628,187.654775707383,343.3884520840961,343.43461853124325,312.23060752247017,312.2786499664712,319.91642004937796,319.9332349047784,0.016814855400411943,0.0021763416510757324,0.0021764239403504367,0.08961251978811981,False,False,15,15
maize,133,2011,7,1,2011-07b,calm,319.91642004937796,313.9739262596423,0.9814248553143398,30.79774444444444,29.179263972864455,24.842772306197787,24.959495093801877,0.11672278760409208,0.4000196431021687,0.11672278760409208,77.92796987703483,77.84510391437601,-0.08286596265881485,-0.1063366116037308,196.59567924016628,196.4832346906056,-0.11244454956067784,188.29082454984746,0.9591122368331039,0.9596434999298096,0.000531263096705703,0.05539112903614728,177.2389519808825,177.31743940520602,334.3625949603031,334.4017277656369,302.93786636441894,302.98487009355074,313.9739262596423,313.9903775648384,0.016451305196085286,0.002102142919274272,0.0021025148727683942,0.08896046107973894,False,False,15,15
maize,134,2011,8,0,2011-08a,calm,313.9739262596423,298.28668275898593,0.9500364769535552,30.79774444444444,29.295986760468544,24.959495093801877,25.28137703877796,0.32188194497607986,1.098723683922541,0.32188194497607986,66.8986803250708,66.75338504078564,-0.14529528428515448,-0.21718707092448272,186.96397846267527,186.65287451180933,-0.31110395086594167,171.2516235106681,0.91879154021279,0.920271266472157,0.0014797262593669869,0.16105135872542817,210.871625764335,210.4818182299572,283.72363173826767,283.72123902168596,269.15323054348113,269.0733548633402,298.28668275898593,298.2587262709366,-0.02795648804931261,0.5676063705316893,0.5660444572934271,0.0761348337830042,False,False,13,13
maize,135,2011,8,1,2011-08b,calm,298.28668275898593,283.28720689540995,0.9497145641071228,30.79774444444444,29.61786870544463,25.28137703877796,25.609579708688024,0.3282026699100579,1.1081238598701895,0.3282026699100579,56.73206874831388,56.583920332498664,-0.1481484158152142,-0.26113698845085265,167.1642430380337,166.84691711985542,-0.31732591817828393,152.60894175865246,0.9161956908653216,0.9178726911836149,0.0016770003182933202,0.18303953347667892,151.88927529381988,152.1464079712602,281.31647796964893,281.2287357076525,255.43103743448313,255.41227016037402,283.28720689540995,283.28063834947176,-0.006568545938193893,0.5386703056542023,0.541846437786208,0.05200628941277107,False,False,13,13
maize,136,2011,9,0,2011-09a,calm,283.28720689540995,276.9655935680572,0.9776847906524537,30.79774444444444,29.946071375354684,25.609579708688024,25.75447707711116,0.144897368423141,0.4838610267335103,0.144897368423141,143.0641434731503,142.93236368793404,-0.13177978521625278,-0.09211237841785609,271.0029139326963,270.86356288936645,-0.13935104332983883,256.16822102060223,0.9465456318607841,0.9470211581661562,0.00047552630537206486,0.05023807509810623,129.33604660620983,129.39119304879364,299.19780651287886,299.19905409455913,265.22545453154504,265.23748188540605,276.9655935680572,276.9698031419086,0.004209573851369441,1.0504197246161042e-07,1.1147139001643815e-07,0.0001371199229878162,False,False,16,16
maize,137,2011,9,1,2011-09b,calm,276.9655935680572,266.7493602591172,0.9631137096224567,30.79774444444444,30.09096874377782,25.75447707711116,25.997605249098555,0.24312817198740005,0.8079772175419705,0.24312817198740005,248.57547103101803,248.34031807123498,-0.23515295978305062,-0.09460022696837513,378.0717850927534,377.8381234414602,-0.2336616512931755,363.33280844103916,0.9616760871950573,0.9622607193685409,0.0005846321734835902,0.06079304469229346,131.0194034403434,131.08710343597087,276.9655935680572,276.9655935680572,247.77635554251444,247.78989554163994,266.7493602591172,266.75409925881115,0.004738999693927326,0.0,0.0,0.0,False,False,18,18
maize,138,2011,10,0,2011-10a,calm,266.7493602591172,257.4955390610718,0.9653089282423906,30.79774444444444,30.334096915765222,25.997605249098555,26.228095983363904,0.23049073426534594,0.7598404360129654,0.23049073426534594,355.5393263837055,355.31772603377465,-0.22160034993083855,-0.06232794334871491,483.2830415772231,483.0671647305379,-0.21587684668520524,479.4881612541857,0.9922521967750078,0.9926897189683717,0.00043752219336390397,0.0440938498081362,134.55191457275407,134.60234265656132,266.7493602591172,266.7493602591172,240.3098711218446,240.31995673860604,257.4955390610718,257.4990690269383,0.0035299658665053357,0.0,0.0,0.0,False,False,18,18
maize,139,2011,10,1,2011-10b,calm,257.4955390610718,248.97524128318872,0.9669108917034005,30.79774444444444,30.56458765003057,26.228095983363904,26.449663503004814,0.2215675196409085,0.7249157822048579,0.2215675196409085,461.9433719283435,461.7303506108392,-0.21302131750428543,-0.046114162568248566,587.9503383997358,587.743017547938,-0.20732085179770365,589.6679923987105,1.0028893963678214,1.0032392762312936,0.00034987986347223554,0.0348871834460909,135.7769993770282,135.81726177888288,257.4955390610718,257.4955390610718,233.15183112426308,233.15988360463402,248.97524128318872,248.97805965131857,0.0028183681298514784,0.0,0.0,0.0,False,False,18,18
maize,140,2011,11,0,2011-11a,calm,248.97524128318872,236.92570278494316,0.9516034669305121,30.79774444444444,30.786155169671474,26.449663503004814,26.77972712070534,0.3300636177005237,1.0721170470344443,0.3300636177005237,470.4683601743253,470.15763652174843,-0.3107236525768826,-0.06604560027410736,593.1054224733939,592.8038583833973,-0.30156408999664563,595.230442609973,1.0035439258457062,1.0040488847783176,0.0005049589326113768,0.05031757151893854,180.86136570840134,181.2258330902088,222.96964411172289,223.0202486999096,214.54798843105857,214.66136557796943,236.92570278494316,236.965384786362,0.03968200141883926,0.0,0.0,0.08282716280980358,False,False,16,16
maize,141,2011,11,1,2011-11b,calm,236.92570278494316,227.31002127828734,0.9594147811164923,30.79774444444444,31.116218787372006,26.77972712070534,27.058551615809776,0.2788244951044393,0.896074478103347,0.2788244951044393,512.893327096172,512.6308402272759,-0.262486868896076,-0.05117767282763992,633.5287085911427,633.2725460144533,-0.2561625766894622,637.4833506637901,1.0061786795062053,1.0065815385615788,0.00040285905537351674,0.0400385203521928,176.60993764454676,177.0546563218992,217.66292440341437,217.73591134652165,209.45232705164085,209.59966034159714,227.31002127828734,227.36158792977204,0.05156665148470552,0.0,0.0,0.07428001076889294,False,False,16,16
maize,142,2011,12,0,2011-12a,calm,227.31002127828734,218.69781397763273,0.9621125049735005,30.79774444444444,31.39504328247644,27.058551615809776,27.32109372952542,0.2625421137156383,0.8362533899170627,0.2625421137156383,446.4219803373751,446.1715895000383,-0.2503908373367949,-0.05608837565470381,565.1044959534012,564.8633786711201,-0.24111728228103857,574.1341068221235,1.015796464509774,1.0162251207274065,0.00042865621763255035,0.04219902634130756,172.23331977743456,172.2950964888853,210.3213134368769,210.32139792955712,202.70371470498844,202.71613764142276,218.69781397763273,218.70216200538474,0.004348027752001826,0.0,0.0,0.06369700029943595,False,False,17,17
maize,143,2011,12,1,2011-12b,calm,218.69781397763273,210.88518458233744,0.9642766004232016,30.79774444444444,31.657585396192083,27.32109372952542,27.570692478770297,0.24959874924488262,0.788432680892035,0.24959874924488262,440.0388602809313,439.8008137483689,-0.23804653256240726,-0.05409670691593753,561.4390982790632,561.2098681139406,-0.22923016512254435,564.8870288327045,1.0060707612392243,1.0064769802612143,0.00040621902199000637,0.040376784381413434,170.83062456546858,170.889252316287,202.76236349033354,202.76244300560842,196.37601570536054,196.38780486774414,210.88518458233744,210.8893107891717,0.004126206834257573,0.0,0.0,0.06369700029943595,False,False,17,17
rice,0,2006,1,0,2006-01a,calm,338.990734667104,342.43573145591,1.0101625101706366,18.160597222222222,18.160597222222222,18.160597222222222,18.123909175425354,-0.03668804679686693,-0.20202004564020387,0.03668804679686693,2.256154893942936,2.25699355771574,0.0008386637728037272,0.03717226042659016,-35.59301009145436,-35.56210830627363,0.030901785180731167,-35.57436117177727,1.0047541162904046,0.9968861381127235,-0.007867978177681034,-0.7830749882100457,341.2436850738494,338.53879598865274,351.78520946450465,351.78520946450465,348.83358263512116,348.0762136912661,342.43573145591,342.1706523255607,-0.2650791303493065,0.7954508815272942,0.7952546537805113,0.0,False,False,1,1
rice,1,2006,1,1,2006-01b,calm,342.43573145591,341.9962089074914,0.9987164816400732,18.160597222222222,18.123909175425354,18.123909175425354,18.128565235758803,0.004656060333447626,0.025690154857765955,0.004656060333447626,0.0,0.0,0.0,0.0,-36.78691294043463,-36.7909504190263,-0.0040374785916696965,-36.79961999349915,0.9967710865963232,0.9977947637416895,0.0010236771453663307,0.10269932175319046,337.9508074924547,338.28051855779955,342.43573145591,342.43573145591,341.1799527461425,341.27227184443905,341.9962089074914,342.0285205918952,0.03231168440379406,1.0,1.0,0.0,False,False,0,0
rice,2,2006,2,0,2006-02a,calm,341.9962089074914,341.9320153562961,0.9998122974772138,18.160597222222222,18.128565235758803,18.128565235758803,18.129245867900394,0.0006806321415893353,0.0037544733007705464,0.0006806321415893353,0.0,0.0,0.0,0.0,-36.817679147482025,-36.81828295158077,-0.0006038040987448312,-36.78904394175095,1.0072998919188032,1.0074538179880748,0.00015392606927155938,0.015281056863646236,341.34117267080484,341.3907249932714,341.9962089074914,341.9962089074914,341.81279876121914,341.8266734115098,341.9320153562961,341.93687148389785,0.004856127601726712,1.0,1.0,0.0,False,False,0,0
rice,3,2006,2,1,2006-02b,calm,341.9320153562961,342.20488521392633,1.0007980237163399,18.160597222222222,18.129245867900394,18.129245867900394,18.12635373891323,-0.002892128987161147,-0.01595283669400692,0.002892128987161147,0.0,0.0,0.0,0.0,-36.449822241448075,-36.4472090354946,0.002613205953473141,-36.380048742476205,1.0177871605349977,1.0171209833403556,-0.0006661771946421258,-0.06545348776967781,344.7164016586452,344.5020506879845,341.9320153562961,341.9320153562961,342.7116435209539,342.65162524916883,342.20488521392633,342.18387881880153,-0.021006395124800292,1.0,1.0,0.0,False,False,0,0
rice,4,2006,3,0,2006-03a,calm,342.20488521392633,348.0875175795256,1.0171903810254543,18.160597222222222,18.12635373891323,18.12635373891323,18.06466874073267,-0.061684998180561244,-0.3403056073441695,0.061684998180561244,0.7240191001139007,0.7252415364441993,0.0012224363302986152,0.16884034276254659,-33.55444979268556,-33.510185739164164,0.0442640535213954,-33.400191049977934,1.0393247445075624,1.0280406346733657,-0.011284109834196698,-1.0857154988206472,373.04313066528334,368.94099397905387,353.5560134336337,353.5560134336338,359.0124062584956,357.8638079863514,348.0875175795256,347.6855081842751,-0.40200939525050217,0.9245382397384282,0.9242469755036459,0.0,False,False,2,2
rice,5,2006,3,1,2006-03b,calm,348.0875175795256,353.94758921967764,1.0168350525204146,18.160597222222222,18.06466874073267,18.06466874073267,18.004451711479796,-0.06021702925287403,-0.3333414529605802,0.06021702925287403,1.0409656825388227,1.042159027540566,0.0011933450017433955,0.11463826538766708,-26.350904995596714,-26.308418400323966,0.04248659527274867,-26.149349538079612,1.0513819620971998,1.0405509746616042,-0.01083098743559563,-1.0301667544296627,362.0397703613665,358.314019826247,365.91589403798463,365.9158940379847,364.83057940853155,363.7873692586981,353.94758921967764,353.58246566723597,-0.3651235524416734,0.922921940932146,0.9227154829060135,0.0,False,False,2,2
rice,6,2006,4,0,2006-04a,calm,353.94758921967764,361.12261614224946,1.0202714388827738,18.160597222222222,18.004451711479796,18.004451711479796,17.932331326178044,-0.07212038530175413,-0.40056973940378054,0.07212038530175413,0.7772084596369113,0.7786376982159565,0.0014292385790452,0.18389385258530225,-15.981324285661202,-15.93006318251594,0.051261103145261444,-15.759460401273142,1.0565591318577794,1.0434912839745387,-0.013067847883240669,-1.236830716730741,366.41287770646744,361.8215640847439,377.57230608819515,377.57230608819515,374.4476661413114,373.1620983272288,361.12261614224946,360.67266740732055,-0.44994873492890974,0.9242462467156659,0.9239236635317999,0.0,False,False,2,2
rice,7,2006,4,1,2006-04b,calm,361.12261614224946,363.36478126607136,1.0062088748352962,18.160597222222222,17.932331326178044,17.932331326178044,17.91014598543027,-0.022185340747769927,-0.12371699108293431,0.022185340747769927,2.0838440071888624,2.0861804139774156,0.0023364067885531803,0.11212004259882336,-8.004764225137063,-7.997811069491533,0.006953155645529563,-7.788329697140913,1.0551750414055638,1.053402493124135,-0.0017725482814288096,-0.16798618351204142,358.80139734081246,357.9329317444637,370.9227929928952,370.91684350316893,367.52880221031205,367.2813482107315,363.36478126607136,363.2781723662182,-0.08660889985316089,0.8455673472349806,0.8452350958646526,0.0,False,False,3,3
rice,8,2006,5,0,2006-05a,calm,363.36478126607136,365.3957411100279,1.0055893139584968,18.160597222222222,17.91014598543027,17.91014598543027,17.89019176813901,-0.019954217291262108,-0.11141292375558899,0.019954217291262108,1.828138002435923,1.8298597967357797,0.0017217942998566382,0.09418294995029992,8.358501432554524,8.365019643311614,0.006518210757089804,8.520565316161502,1.013196105418037,1.0126586394066688,-0.0005374660113681706,-0.05304659270738277,352.3407196147784,351.9241428997357,375.7112808128304,375.71024262833373,369.16752367737587,369.0501347043263,365.3957411100279,365.3546549694606,-0.041086140567301754,0.8557942831051967,0.8555156022527065,0.0,False,False,2,2
rice,9,2006,5,1,2006-05b,calm,365.3957411100279,368.8973236566418,1.0095829867528736,18.160597222222222,17.89019176813901,17.89019176813901,17.85609924961267,-0.03409251852634274,-0.19056541689541173,0.03409251852634274,1.8298597967357797,1.8328015460015925,0.0029417492658128097,0.16076364271516808,11.312169598709374,11.323281853904412,0.011112255195037335,11.29347989470672,0.9987732276028977,0.9980452567118703,-0.0007279708910273852,-0.07288650425427895,342.9134944876708,342.26119130590604,388.0340058544917,388.0324882815815,375.40026267178183,375.2165251283924,368.8973236566418,368.8330155164555,-0.06430814018631281,0.8529298936538711,0.8524394614374332,0.0,False,False,2,2
rice,10,2006,6,0,2006-06a,2007/08,368.8973236566418,369.5514755973853,1.0017732629075737,18.160597222222222,17.85609924961267,17.85609924961267,17.849773266906368,-0.006325982706301309,-0.03542757361431294,0.006325982706301309,1.190465739892307,1.1910065841443398,0.0005408442520327128,0.045431315989121965,12.688303392421107,12.694467122456546,0.00616373003543913,12.408359051794465,0.9831470429933874,0.9827823685019464,-0.00036467449144095276,-0.03709256860811263,333.56108792733585,333.44354678060876,385.23503414162394,385.2152526236978,370.76632920162325,370.71917498763287,369.5514755973853,369.5349716224887,-0.016503974896636464,0.849983857139178,0.8499838566650025,0.0,False,False,1,1
rice,11,2006,6,1,2006-06b,2007/08,369.5514755973853,367.6648731683706,0.994894885953398,18.160597222222222,17.849773266906368,17.849773266906368,17.868054326903945,0.018281059997579646,0.10241620285156725,0.018281059997579646,1.5087329028317473,1.5071699510059542,-0.0015629518257931352,-0.10359367273422779,19.506318947846736,19.48919898296553,-0.01711996488120704,19.0788830389429,0.9817561242944939,0.9824740343742814,0.0007179100797874982,0.07312509308800087,333.1127581105776,333.344163444932,376.2355703779108,376.27494987161083,364.1611829430575,364.2543296721408,367.6648731683706,367.6974745235497,0.03260135517911067,0.8499838024562836,0.8499838059695048,0.0,False,False,1,1
rice,12,2006,7,0,2006-07a,2007/08,367.6648731683706,365.2689856250141,0.9934835016391156,18.160597222222222,17.868054326903945,17.868054326903945,17.89143324514231,0.023378918238364074,0.1308419921421574,0.023378918238364074,1.4508201320470528,1.448286909162244,-0.00253322288480895,-0.1746062677828069,28.610437385561838,28.588593388968206,-0.021843996593631232,28.0465000245482,0.9826657495400162,0.9833259925605411,0.0006602430205249199,0.06718897253048438,334.69316247150863,334.9858637123788,370.9797148546245,371.03081643691365,360.81948018735204,360.9382296740439,365.2689856250141,365.31054794535623,0.04156232034210916,0.826762786610573,0.8268575915609362,0.0,False,False,2,2
rice,13,2006,7,1,2006-07b,2007/08,365.2689856250141,364.1629130675783,0.9969718957782764,18.160597222222222,17.89143324514231,17.89143324514231,17.90228840035047,0.010855155208161856,0.06067236235033954,0.010855155208161856,1.6234915974444222,1.6223153870094003,-0.0011762104350219182,-0.07244943163693732,36.95926431330005,36.94922569245657,-0.010038620843474177,36.28903367715423,0.9836057090763378,0.983847294156146,0.0002415850798082042,0.024561170963013874,334.8777997155258,335.01249626190713,372.6986033301493,372.7122430340299,362.1087783180547,362.1563139378355,364.1629130675783,364.1795505345016,0.01663746692327095,0.7712700442916393,0.7713378236228142,0.0,False,False,2,2
rice,14,2006,8,0,2006-08a,2007/08,364.1629130675783,362.4947411754518,0.9954191604024847,18.160597222222222,17.90228840035047,17.90228840035047,17.918735134251506,0.01644673390103775,0.09186945005709869,0.01644673390103775,2.926078105956443,2.9192931960126014,-0.006784909943841733,-0.23187726705005227,55.34184162627495,55.32573751708759,-0.01610410918735994,54.7069689115396,0.9892874758641237,0.9895563706595729,0.000268894795449226,0.027180652945631555,347.613265679379,347.753881846152,363.97915732121726,364.0030462618858,359.39670766150255,359.45328022548034,362.4947411754518,362.514541572844,0.01980039739220274,0.6427414832352997,0.6428020951211884,0.0,False,False,3,3
rice,15,2006,8,1,2006-08b,2007/08,362.4947411754518,355.8444052142878,0.9816539794767805,18.160597222222222,17.918735134251506,17.918735134251506,17.985216235637647,0.06648110138613957,0.37101447668067555,0.06648110138613957,14.960149512939905,14.934296271023461,-0.025853241916443892,-0.17281406107660832,72.29119912913923,72.22804547615739,-0.06315365298183906,71.65936875892001,0.9917097738256232,0.9925322228190008,0.000822448993377578,0.0829324279224249,336.32038535640027,336.58535259240165,346.28343525919416,346.3117942971827,343.4937812864119,343.588390619844,355.8444052142878,355.87751848098907,0.03311326670126391,0.4536434783472085,0.4538801295405484,0.0,False,False,5,5
rice,16,2006,9,0,2006-09a,2007/08,355.8444052142878,347.6531476477635,0.9769807886635408,18.160597222222222,17.985216235637647,17.985216235637647,18.06918061143955,0.08396437580190053,0.4668521896085152,0.08396437580190053,34.06458650907128,34.014519952739796,-0.05006655633148682,-0.14697538253738754,96.07731873919619,95.99951007074964,-0.07780866844655066,95.52931097854358,0.9945199228175878,0.9952943480369849,0.0007744252193970791,0.0778692514477784,337.22568179899815,337.47514230230223,330.58002953243897,329.6985689216259,332.44081216707553,331.8760094682153,347.6531476477635,347.4554667031624,-0.19768094460107477,0.4397079300470968,0.44925231063406545,0.0,False,False,8,8
rice,17,2006,9,1,2006-09b,2007/08,347.6531476477635,338.8020669297307,0.9745404844514725,18.160597222222222,18.06918061143955,18.06918061143955,18.162619379803182,0.09343876836363271,0.5171167988905755,0.09343876836363271,55.22147401080754,55.165088414075925,-0.056385596731615806,-0.10210809787616396,118.71028038985898,118.62156254524963,-0.08871784460934862,118.39514159304832,0.9974302277896508,0.9981523331421409,0.0007221053524900656,0.07239657796318072,340.6216782243081,340.8459796077366,315.2642717964374,315.2721608094515,322.3643455962412,322.43283007297134,338.8020669297307,338.8260364965862,0.02396956685549867,0.45400079697106693,0.45398902034979216,0.0,False,False,10,10
rice,18,2006,10,0,2006-10a,2007/08,338.8020669297307,333.6610529240625,0.9848259071963263,18.160597222222222,18.162619379803182,18.162619379803182,18.21824712709499,0.05562774729181047,0.3062760173990569,0.05562774729181047,71.22019452318477,71.17118783932663,-0.049006683858138445,-0.0688100954879939,134.85920484263397,134.80637753834372,-0.05282730429024696,134.77166879640194,0.9993692545633417,0.9997498091581825,0.00038055459484076515,0.038079477941018146,346.08844782316845,346.33490634950664,315.5676251312185,315.63090575474615,324.11345548496445,324.2280259212791,333.6610529240625,333.70115257677264,0.04009965271012561,0.3611371304099036,0.3612802485468888,0.0,False,False,11,11
rice,19,2006,10,1,2006-10b,2007/08,333.6610529240625,325.02943660926064,0.9741305847980815,18.160597222222222,18.21824712709499,18.21824712709499,18.313997605981143,0.0957504788861514,0.525574596821376,0.0957504788861514,75.6875513761087,75.60319754773192,-0.08435382837677707,-0.11145006918985087,133.2909131686671,133.20204161311557,-0.08887155555152049,133.5543192894125,1.001919679365473,1.0025690309451971,0.0006493515797241223,0.06481074212808795,346.1095520308735,346.3445154606338,294.56752424442203,294.5882122870403,308.99929202462846,309.0799771756465,325.02943660926064,325.0576764121169,0.028239802856262486,0.4014624589396731,0.40148819803530733,0.0,False,False,11,11
rice,20,2006,11,0,2006-11a,2007/08,325.02943660926064,314.2745880320533,0.966911155219038,18.160597222222222,18.313997605981143,18.313997605981143,18.437661564044554,0.12366395806340985,0.6752428427915849,0.12366395806340985,16.78975163733688,16.75253682141266,-0.03721481592421938,-0.221651973942613,28.237173891813427,28.124349945321512,-0.11282394649191474,28.072683243054314,0.994885219215254,0.9983877854563926,0.0035025662411386493,0.352057320129995,353.1335906852748,354.8586584533867,271.42207281300387,271.4397889606859,294.30129781723974,294.79707241864213,314.2745880320533,314.4481091425441,0.17352111049081032,0.35311505288994055,0.3537580618824344,0.0,False,False,7,7
rice,21,2006,11,1,2006-11b,2007/08,314.2745880320533,307.38286905358996,0.9780710269270627,18.160597222222222,18.437661564044554,18.437661564044554,18.519606732385967,0.08194516834141426,0.4444444760891818,0.08194516834141426,8.219624056800026,8.200161935960978,-0.01946212083904797,-0.2367762893358501,7.72155908493437,7.646863744293142,-0.0746953406412274,7.671726754832747,0.9957204338366771,1.0021490036036067,0.006428569766929626,0.6456199499852858,353.93495600083014,356.3159409404585,271.50302041537276,271.53091194991316,294.58396237930083,295.27072006726587,307.38286905358996,307.6232342443777,0.2403651907877702,0.5437134747886843,0.543961369120413,0.0,False,False,3,3
rice,22,2006,12,0,2006-12a,2007/08,307.38286905358996,307.0592422195837,0.9989471539679402,18.160597222222222,18.519606732385967,18.519606732385967,18.5235088566265,0.0039021242405316205,0.02107023273722018,0.0039021242405316205,3.1468536760230084,3.14676447611941,-8.919990359856911e-05,-0.002834574237696997,-17.079408267582153,-17.082965223947298,-0.00355695636514497,-16.636472423236597,1.1129163806627433,1.1138231454776815,0.0009067648149381213,0.0814764550772576,376.77408770010953,377.07006300414514,279.11316166722025,279.1147143607305,306.4582209564293,306.5422119808866,307.0592422195837,307.0886390781438,0.029396858560062356,0.6979155750837477,0.6979202063989158,0.0,False,False,1,1
rice,23,2006,12,1,2006-12b,2007/08,307.0592422195837,312.5649058275749,1.0179302976461264,18.160597222222222,18.5235088566265,18.5235088566265,18.457787814546656,-0.06572104207984214,-0.35479801687967694,0.06572104207984214,0.7785342091496297,0.7800365474291358,0.001502338279506077,0.19297010482648377,-20.58659197932971,-20.53265920359543,0.05393277573428179,-20.230010005564893,1.09090243293945,1.0771535031277109,-0.013748929811739252,-1.2603262580222312,395.0770119682171,390.10392762214144,294.67798099984196,294.67798099984196,322.789709670987,321.3972460540858,312.5649058275749,312.07754356165947,-0.487362265915408,0.9165061198311254,0.9162408123672453,0.0,False,False,1,1
rice,24,2007,1,0,2007-01a,2007/08,312.5649058275749,346.04232267950727,1.1071054882610527,18.160597222222222,18.457787814546656,18.457787814546656,18.085971761203545,-0.37181605334311085,-2.0144128704853848,0.37181605334311085,0.0,0.0,0.0,0.0,-32.72073870651698,-32.40670111900461,0.31403758751237376,-32.045560944585006,1.1721211551392365,1.0920644421262056,-0.08005671301303097,-6.830071504299485,654.1712002350483,612.2019297316263,312.5649058275749,312.5649058275749,408.2146682616675,396.46327252070927,346.04232267950727,341.9293341701719,-4.112988509335366,1.0,1.0,0.14655764135444077,False,False,0,0
rice,25,2007,1,1,2007-01b,2007/08,346.04232267950727,375.16077101515225,1.0841470722718893,18.160597222222222,18.085971761203545,18.085971761203545,17.796074212014286,-0.2898975491892615,-1.6028862204193228,0.2898975491892615,0.0,0.0,0.0,0.0,-33.78569908000095,-33.5408502464054,0.24484883359555454,-33.183279689040376,1.1535730696368174,1.0911544497575574,-0.06241861987926001,-5.410894335363726,643.1693465126194,610.4810275418195,346.04232267950727,346.04232267950727,429.23788935277867,420.0851600409547,375.16077101515225,371.9573157560138,-3.2034552591384227,1.0,1.0,0.14589161477254925,False,False,0,0
rice,26,2007,2,0,2007-02a,2007/08,375.16077101515225,398.3955869954214,1.0619329572156433,18.160597222222222,17.796074212014286,17.796074212014286,17.58347823805364,-0.21259597396064378,-1.1946228782138837,0.21259597396064378,0.0,0.0,0.0,0.0,-33.3393386751314,-33.15094235841117,0.1883963167202296,-33.017508632919686,1.0820432214258422,1.0340158818329686,-0.04802733959287364,-4.43857866690265,612.2507299974905,586.6543279579902,375.16077101515225,375.16077101515225,441.54595953020697,434.3789669591469,398.3955869954214,395.88713959555037,-2.508447399871045,1.0,1.0,0.15016656129427178,False,False,0,0
rice,27,2007,2,1,2007-02b,2007/08,398.3955869954214,412.3598538182147,1.0350512587955794,18.160597222222222,17.58347823805364,17.58347823805364,17.46274115736361,-0.12073708069003017,-0.6866507243642761,0.12073708069003017,0.0,0.0,0.0,0.0,-32.23693622493482,-32.12784328355321,0.1090929413816113,-32.44793892873409,0.9489553844556587,0.9245552928206113,-0.024400091635047416,-2.5712580417090773,540.8881055953523,527.7958739245668,398.3955869954214,398.3955869954214,438.293492203402,434.6276673355821,412.3598538182147,411.07681511447765,-1.2830387037370201,1.0,1.0,0.15044704942667297,False,False,0,0
rice,28,2007,3,0,2007-03a,2007/08,412.3598538182147,420.23284849082177,1.0190925343476278,18.160597222222222,17.46274115736361,17.46274115736361,17.396812898359126,-0.06592825900448265,-0.3775367132249013,0.06592825900448265,0.9721143674152346,0.9734208941458424,0.0013065267306078265,0.1344005164826197,-28.582620119720517,-28.51724576901917,0.06537435070134734,-29.544799799714525,0.8030285473313503,0.7924235185376309,-0.010605028793719384,-1.3206291144894349,480.91854994209905,474.9057150993826,416.94018101054166,416.94527186093416,434.85412431137775,433.1741959676997,420.23284849082177,419.6448735705344,-0.5879749202873654,0.8881631280608697,0.8879435575311672,0.1660861476092127,False,False,2,2
rice,29,2007,3,1,2007-03b,2007/08,420.23284849082177,434.0106718755384,1.0327861647041559,18.160597222222222,17.396812898359126,17.396812898359126,17.28492941509619,-0.11188348326293521,-0.6431263238652645,0.11188348326293521,1.149257858262869,1.151475098089975,0.002217239827106088,0.19292796748481664,-23.89147382894339,-23.810099519950626,0.0813743089927641,-25.728001684403417,0.6811150019956435,0.6716253354411118,-0.00948966655453165,-1.393254667233471,403.0470784131139,397.9169485985998,481.59010584134546,481.6541770536879,459.59805816144063,458.2077530862632,434.0106718755384,433.5240650992263,-0.4866067763121009,0.8822178980757859,0.8815327089080778,0.15831400819260047,False,False,2,2
rice,30,2007,4,0,2007-04a,2007/08,434.0106718755384,454.16925310814065,1.0464472017369728,18.160597222222222,17.28492941509619,17.28492941509619,17.12868987159232,-0.1562395435038686,-0.9039061702352872,0.1562395435038686,0.872464253158485,0.875560514807862,0.003096261649377041,0.3548869352719026,-12.772282055585329,-12.660691431054158,0.1115906245311713,-15.400107065372456,0.5988368232079359,0.5888062729896453,-0.01003055021829058,-1.6750055824151686,352.894700121675,347.52413664173264,545.5501419726847,545.6500006110817,491.606618254402,490.17475869966404,454.16925310814065,453.6681022639824,-0.5011508441582464,0.910561475358342,0.9097476630489792,0.1543096304516303,False,False,2,2
rice,31,2007,4,1,2007-04b,2007/08,454.16925310814065,452.3125300937303,0.9959118258188908,18.160597222222222,17.12868987159232,17.12868987159232,17.14272934141901,0.014039469826683165,0.08196464488488064,0.014039469826683165,3.00856641273617,3.0070878727856822,-0.001478539950487967,-0.04914433479775819,-5.997579140652633,-6.004616148440903,-0.007037007788269989,-8.86016669432244,0.5781177773628724,0.5787179655495398,0.0006001881866674053,0.10381763200661441,362.0779481866794,362.45627704699814,482.6145898854931,482.66902671356587,448.86433020982525,449.0094568069269,452.3125300937303,452.3633244027159,0.05079430898558712,0.8421088094054946,0.8421082424613688,0.17724966886422588,False,False,3,3
rice,32,2007,5,0,2007-05a,2007/08,452.3125300937303,477.29721284269334,1.0552376533627879,18.160597222222222,17.14272934141901,17.14272934141901,16.959377701005145,-0.18335164041386287,-1.069559209401166,0.18335164041386287,3.2515077059361834,3.2707444678679725,0.019236761931789026,0.5916259062424802,10.686393859489309,10.777657052777982,0.0912631932886736,7.381438304649098,0.7737739195110744,0.7689701496865724,-0.0048037698245020355,-0.6208234347750309,534.9979170542709,532.0533063063561,519.302668295437,518.8637643900121,523.6973379479105,522.5568361265885,477.29721284269334,476.8980372052306,-0.3991756374627471,0.8452945285245939,0.8453316842002117,0.22516908293946145,False,False,3,3
rice,33,2007,5,1,2007-05b,2007/08,477.29721284269334,509.1940385505985,1.0668280158560608,18.160597222222222,16.959377701005145,16.959377701005145,16.74137135610409,-0.21800634490105184,-1.285461935835836,0.21800634490105184,3.4342692235463455,3.457141864047487,0.02287264050114146,0.6660118648916633,13.852125255554737,13.955226368211019,0.1031011126562813,10.222458725502907,0.7957972174636065,0.7912078916457228,-0.004589325817883738,-0.5766953838455231,548.8075258296069,546.0842135000273,576.0623518712158,575.5670389859689,568.4310005795653,567.3118478499052,509.1940385505985,508.8023350952175,-0.3917034553810481,0.8454381358494115,0.8454842122081115,0.22472621266937784,False,False,3,3
rice,34,2007,6,0,2007-06a,2007/08,509.1940385505985,519.783347540754,1.020796215565087,18.160597222222222,16.74137135610409,16.74137135610409,16.672595731104074,-0.06877562500001659,-0.4108123733539919,0.06877562500001659,2.970823666161266,2.976730905262032,0.00590723910076596,0.1988417948884515,16.477990078526883,16.54478797374342,0.06679789521653845,11.349541471215218,0.7486138286097687,0.7461706438369079,-0.0024431847728607625,-0.3263611597180802,421.90766003191004,420.6292949427124,585.1598087291179,585.1232909508443,539.4492070938998,539.0649720685674,519.783347540754,519.6488652818875,-0.1344822588664556,0.8451065863241589,0.8450967661504274,0.14192090320187908,False,False,2,2
rice,35,2007,6,1,2007-06b,2007/08,519.783347540754,527.584086477421,1.0150076738194376,18.160597222222222,16.672595731104074,16.672595731104074,16.622998075645672,-0.04959765545840596,-0.2974801060273868,0.04959765545840596,3.4669862686587964,3.4712462838841054,0.004260015225308944,0.12287372649320964,24.514213036909716,24.560193586078906,0.045980549169190255,18.128631175108822,0.7754473446681105,0.7741955228185531,-0.0012518218495574107,-0.16143221821117812,427.1704110012237,426.5984281879781,586.7548027690912,586.7484086605587,542.0711730740883,541.9064141282361,527.584086477421,527.5264208463727,-0.057665631048280375,0.848977469816345,0.8489730030889613,0.1343324429324683,False,False,2,2
rice,36,2007,7,0,2007-07a,2007/08,527.584086477421,536.6419622020961,1.0171685916175994,18.160597222222222,16.622998075645672,16.622998075645672,16.566500056455777,-0.056498019189892584,-0.33987863640956406,0.056498019189892584,3.4072245131726486,3.4120772107391812,0.0048526975665326155,0.14242376889963174,35.07448670771009,35.12642698410804,0.05194027639794996,27.23923252943361,0.7990814966447075,0.7980186169160831,-0.0010628797286243996,-0.13301268182123652,446.550022134094,446.0583936456006,595.0412850104414,595.0235777548827,553.4637314050641,553.3133262042836,536.6419622020961,536.589320381823,-0.05264182027315201,0.8496890708482226,0.8496848335320519,0.14002765974525627,False,False,2,2
rice,37,2007,7,1,2007-07b,2007/08,536.6419622020961,537.5696507048934,1.0017286916941615,18.160597222222222,16.566500056455777,16.566500056455777,16.56077831555486,-0.0057217409009169395,-0.03453801878138552,0.0057217409009169395,3.392472813700632,3.3929619978830043,0.0004891841823724263,0.014419693516683088,44.916912122995555,44.92217217744232,0.005260054446765139,35.57879075196608,0.8088002121984422,0.808713113309221,-8.709888922120435e-05,-0.010768900391909678,411.80264068076383,411.7613312153031,588.8718908206989,588.8672921265052,539.2925007815171,539.2776230713686,537.5696507048934,537.5644435063415,-0.005207198551943293,0.8499830339543974,0.8499830321501257,0.10802531799756994,False,False,1,1
rice,38,2007,8,0,2007-08a,2007/08,537.5696507048934,518.3664927707687,0.9642778235174838,18.160597222222222,16.56077831555486,16.56077831555486,16.68170004714903,0.12092173159416827,0.7301693754368503,0.12092173159416827,7.256011573439941,7.205014192137774,-0.05099738130216647,-0.7028293820373491,65.01065640304975,64.89335883710703,-0.1172975659427209,54.03298347279079,0.8407494534601059,0.8421825183854846,0.0014330649253787575,0.17045088991506047,413.7682485194087,414.2344700473995,509.51163276859495,509.60494009353386,482.7034851788228,482.9012084806162,518.3664927707687,518.4356959263964,0.06920315562774704,0.6065168465230163,0.6076896764103481,0.09761098643669684,False,False,4,4
rice,39,2007,8,1,2007-08b,2007/08,518.3664927707687,509.71370494205826,0.9833075865253952,18.160597222222222,16.68170004714903,16.68170004714903,16.73795631034431,0.05625626319527863,0.3372333936965438,0.05625626319527863,19.023593162596022,18.987706929299474,-0.03588623329654794,-0.18864066840488924,81.07127012960046,81.02063369559612,-0.05063643400434614,71.02184620125692,0.8817630802087948,0.8822887170287538,0.0005256368199589856,0.0596120241090746,437.4978241702894,437.70061823852967,515.4789598109932,515.5457984689764,493.6442418315961,493.7491480044513,509.71370494205826,509.7504221025576,0.03671716049933593,0.24330776849988067,0.24398216067049583,0.10099257880215634,False,False,7,7
rice,40,2007,9,0,2007-09a,2007/08,509.71370494205826,506.8291006095051,0.994340736172905,18.160597222222222,16.73795631034431,16.73795631034431,16.756965809187236,0.01900949884292869,0.11357120600906655,0.01900949884292869,35.40142599425357,35.38926245109525,-0.01216354315832291,-0.03435890735106919,101.94497342228344,101.9278328261091,-0.01714059617434316,94.92256204789314,0.9336680227586456,0.9338192135724735,0.00015119081382797273,0.01619320895035684,473.7828558432322,473.8378313853518,512.2399703354382,512.2414158430278,501.4719782776205,501.4884121948785,506.8291006095051,506.83485248054535,0.0057518710402746365,0.2276742057218734,0.22764898077597848,0.10928740023209438,False,False,9,9
rice,41,2007,9,1,2007-09b,2007/08,506.8291006095051,509.29818111382116,1.004871623396026,18.160597222222222,16.756965809187236,16.756965809187236,16.740686636616662,-0.016279172570573198,-0.09714868882556243,0.016279172570573198,53.518105336558385,53.527246698900974,0.009141362342589332,0.01708087811611081,121.90089499256958,121.91529079884936,0.014395806279779322,117.81145302616919,0.9674986052961114,0.9673879239062793,-0.00011068138983216791,-0.01143995342487268,516.717117312226,516.6621589124777,512.78169928986,512.7761768440052,513.8836163361225,513.8642518231775,509.29818111382116,509.2914035342904,-0.006777579530762523,0.42376333265187754,0.42391433296056014,0.12730795443211693,False,False,10,10
rice,42,2007,10,0,2007-10a,2007/08,509.29818111382116,527.3307996992705,1.0354067995020373,18.160597222222222,16.740686636616662,16.740686636616662,16.624594635880978,-0.11609200073568493,-0.6934721571202377,0.11609200073568493,60.726743171771346,60.801494010586005,0.0747508388146585,0.12309377205232078,127.44893357248539,127.53401133057088,0.08507775808548956,134.20039937931645,1.051392117069315,1.0507116642360699,-0.0006804528332451376,-0.06471922532022156,646.0326985394319,645.6060507252627,527.6816568191368,527.6569484826366,560.8199485008195,560.6826971105719,527.3307996992705,527.2827617126839,-0.048037986586678016,0.3049020151714774,0.3044202484209038,0.181588342896185,False,False,11,11
rice,43,2007,10,1,2007-10b,2007/08,527.3307996992705,539.9477445639451,1.0239260533840804,18.160597222222222,16.624594635880978,16.624594635880978,16.546164808395,-0.07842982748597566,-0.47176986389009457,0.07842982748597566,61.52947295599587,61.57997338113725,0.050500425141379424,0.08207517912187529,122.33507912239304,122.39072815643166,0.05564903403862331,133.025439887062,1.0846709150941574,1.0841930490840879,-0.00047786601006949425,-0.044056312695359034,625.7104788851019,625.3655375822492,539.1392770979334,539.1201171732175,563.3792135983406,563.2688348877464,539.9477445639451,539.909112015237,-0.03863254870805122,0.391161656533235,0.39108420458047743,0.1574772479334745,False,False,11,11
rice,44,2007,11,0,2007-11a,2007/08,539.9477445639451,598.7981088583736,1.108992703251229,18.160597222222222,16.546164808395,16.546164808395,16.207334968225116,-0.33882984016988704,-2.047784753104692,0.33882984016988704,8.726069928541477,8.74419257758483,0.018122649043352368,0.20768397677030176,31.24542591973257,31.479738753524884,0.23431283379231616,27.582522170711172,0.8958458888859531,0.889916685659342,-0.005929203226611057,-0.6618552699934177,819.7747616752295,813.4573196235433,664.6593184430029,664.5088031907906,708.0916425480264,706.2143877919614,598.7981088583736,598.1410696937508,-0.6570391646228018,0.3916239303469898,0.3899333656473389,0.34362575873503415,False,False,6,6
rice,45,2007,11,1,2007-11b,2007/08,598.7981088583736,642.5223719321398,1.0730200420257303,18.160597222222222,16.207334968225116,16.207334968225116,15.980488146128215,-0.2268468220969019,-1.3996552952205947,0.2268468220969019,6.928187722576965,6.938290949849586,0.01010322727262114,0.14582785105111454,18.28015092471307,18.439599283769578,0.15944835905650834,7.216895923611361,0.501718922506501,0.49814154894409474,-0.0035773735624062275,-0.7130234483750958,477.06612826425874,473.95404476361455,819.647303985316,819.7257949145894,723.7245747834198,722.9097048723165,642.5223719321398,642.2371674632536,-0.2852044688861497,0.520011971827583,0.5190709841906431,0.379977823141445,False,False,4,4
rice,46,2007,12,0,2007-12a,2007/08,642.5223719321398,676.7133962626414,1.0532137491612708,18.160597222222222,15.980488146128215,15.980488146128215,15.815638777419576,-0.16484936870863734,-1.0315665404036947,0.16484936870863734,4.339350562493847,4.344812256930603,0.005461694436756481,0.12586432826984179,-1.6233827654029773,-1.501257529308278,0.12212523609469939,-17.05898971116474,0.20263606936223216,0.2013657180910177,-0.0012703512712144704,-0.6269127086864239,202.87747066981524,201.71008030349307,949.1740570678912,949.1740570678911,740.21101287643,739.8841435738597,676.7133962626414,676.5989920067418,-0.11440425589955794,0.6411562455341189,0.6406817335775348,0.38374978827442774,False,False,2,2
rice,47,2007,12,1,2007-12b,2007/08,676.7133962626414,697.9892058676521,1.031439911966444,18.160597222222222,15.815638777419576,15.815638777419576,15.718024116915874,-0.09761466050370318,-0.617203401503266,0.09761466050370318,1.9391003230253334,1.9423344357938286,0.0032341127684951676,0.16678419007477602,-4.289756374002822,-4.217745846192701,0.07201052781012152,-20.565398582372183,0.19420856899180844,0.19351864172070637,-0.0006899272711020643,-0.35525068470648424,193.20036648802807,192.56945350100057,949.174057067891,949.1740570678911,737.5014237055293,737.3247680691618,697.9892058676521,697.9273763949235,-0.061829472728618384,0.7172996058615179,0.7165026765801825,0.37860919706127977,False,False,2,2
rice,48,2008,1,0,2008-01a,2007/08,697.9892058676521,647.4292536735788,0.9275634182175876,18.160597222222222,15.718024116915874,15.718024116915874,15.956191074723813,0.23816695780794062,1.5152474384590318,0.23816695780794062,0.0,0.0,0.0,0.0,-15.211775716397653,-15.427877046892547,-0.21610133049489377,-32.3771753616918,0.18601443999882633,0.18794036910987494,0.0019259291110486076,1.0353653786559578,182.07132633629183,183.7872810862862,697.9892058676521,697.9892058676521,553.5321995988712,554.0126669288696,647.4292536735788,647.5974172390783,0.16816356549941247,1.0,1.0,0.3676689375972816,False,False,0,0
rice,49,2008,1,1,2008-01b,2007/08,647.4292536735788,600.6102807965705,0.9276848047700149,18.160597222222222,15.956191074723813,15.956191074723813,16.197542931785414,0.24135185706160278,1.5125906673549931,0.24135185706160278,0.0,0.0,0.0,0.0,-15.967748981074834,-16.17159589476185,-0.20384691368701624,-33.51147925694761,0.182736065553742,0.18448797883817067,0.001751913284428669,0.9587123806785901,169.68463247961597,171.03304203204468,647.4292536735788,647.4292536735788,513.6607597392692,514.0383144139493,600.6102807965705,600.7424249327084,0.13214413613798115,1.0,1.0,0.33690303850238745,False,False,0,0
rice,50,2008,2,0,2008-02a,2007/08,600.6102807965705,556.8037549084344,0.9270633099552726,18.160597222222222,16.197542931785414,16.197542931785414,16.44474945017375,0.24720651838833269,1.526197642626552,0.24720651838833269,0.0,0.0,0.0,0.0,-13.895876876508353,-14.109576994850187,-0.21370011834183344,-33.34735163010404,0.16782157605088927,0.16937005501172486,0.0015484789608355976,0.9226936114376888,153.60491459109946,154.79916269109935,600.6102807965705,600.6102807965705,475.4487782590386,475.7831677270385,556.8037549084344,556.9207912222344,0.11703631379998569,1.0,1.0,0.3265591529708906,False,False,0,0
rice,51,2008,2,1,2008-02b,2007/08,556.8037549084344,573.5934309519245,1.030153668856366,18.160597222222222,16.44474945017375,16.44474945017375,16.347331075824506,-0.09741837434924272,-0.5923980456157903,0.09741837434924272,0.02090725312171493,0.022760720685322422,0.0018534675636074915,8.865189285351034,-12.33254905758244,-12.246156931144256,0.08639212643818439,-32.77616202643527,0.16098827819725486,0.16041950161865443,-0.0005687765786004384,-0.35330310067887727,147.2704021127434,146.83402628480633,782.6924240253703,782.8104472989597,604.7742578898348,604.7370494149968,573.5934309519245,573.5804079857312,-0.013022966193261709,0.9975840741271603,0.9973651240818364,0.3251220628860294,False,False,1,1
rice,52,2008,3,0,2008-03a,2007/08,573.5934309519245,626.2480234297468,1.0917977606375961,18.160597222222222,16.347331075824506,16.347331075824506,16.062695201563436,-0.2846358742610702,-1.7411764216484744,0.2846358742610702,1.1376388115126421,1.1431669031050626,0.005528091592420514,0.48592677539457196,-7.687189965102668,-7.4095163139133025,0.2776736511893656,-29.871682744267382,0.15025325342203608,0.1486719914139532,-0.0015812620080828677,-1.0523978496767514,152.69278567245274,151.22225970223406,946.2238107741889,946.2070745407748,724.0351237457028,723.6113263859834,626.2480234297468,626.099694353845,-0.14832907590175637,0.8450859102404491,0.8450741900131571,0.38372595868395254,False,False,2,2
rice,53,2008,3,1,2008-03b,2007/08,626.2480234297468,660.8584866422101,1.055266383154255,18.160597222222222,16.062695201563436,16.062695201563436,15.89080863839612,-0.1718865631673161,-1.0700978945960813,0.1718865631673161,1.2384723201509573,1.2418106367533954,0.0033383166024381072,0.2695511678477562,-2.5553053291726275,-2.3849056416822294,0.17039968749039813,-25.78713481092729,0.14445805778643006,0.1435572094197556,-0.0009008483666744505,-0.6236054813960494,149.03478603842996,148.19067983296154,949.174057067891,949.1740570678911,725.1350611796419,724.8987114421108,660.8584866422101,660.7757642340742,-0.08272240813585086,0.8433653528179071,0.8433623857211541,0.39172724029011874,False,False,2,2
rice,54,2008,4,0,2008-04a,calm,660.8584866422101,677.1165112062811,1.0246013706303103,18.160597222222222,15.89080863839612,15.89080863839612,15.813755190469971,-0.07705344792614753,-0.4848931837236235,0.07705344792614753,1.3303682011641043,1.3368055076708791,0.006437306506774876,0.48387405089373586,8.39681475551266,8.47205181614361,0.07523706063095048,-15.458329707499146,0.1412165209076994,0.1408350650844857,-0.0003814558232136944,-0.27012124414466915,153.05464265359188,152.68041856538431,922.8537297967958,922.3944263515982,707.3099853966987,706.8745041714583,677.1165112062811,676.9640927774469,-0.15241842883415302,0.8433030658464876,0.8433020719489914,0.42202852865444773,False,False,3,3
rice,55,2008,4,1,2008-04b,calm,677.1165112062811,695.1694803186825,1.0266615402425208,18.160597222222222,15.813755190469971,15.813755190469971,15.730754474426778,-0.08300071604319544,-0.5248640505906853,0.08300071604319544,3.4111724901103986,3.4181066515766583,0.006934161466259692,0.20327794875114263,13.556193037730258,13.636349142366887,0.08015610463662881,-8.858106947671388,0.14894219692973676,0.1484902697331673,-0.000451927196569446,-0.30342455387753003,161.75393523970774,161.31013509159934,949.174057067891,949.174057067891,728.6964229559997,728.5721589145293,695.1694803186825,695.1259879041679,-0.04349241451461694,0.8432945798125402,0.8432934525885615,0.42451939519444815,False,False,3,3
rice,56,2008,5,0,2008-05a,calm,695.1694803186825,729.1996264578945,1.0489523017086593,18.160597222222222,15.730754474426778,15.730754474426778,15.581110393387428,-0.14964408103934954,-0.951283559111061,0.14964408103934954,4.3659008675008275,4.378402641821143,0.01250177432031574,0.28635039364675563,26.872112454961012,27.015555643544786,0.14344318858377392,7.3851939323636735,0.36720103387911224,0.3654985298179496,-0.001702504061162624,-0.46364359140751016,389.2612435677774,387.6956372197607,949.1740570678912,949.174057067891,792.3984692878594,791.9600995104145,729.1996264578945,729.0461970357887,-0.15342942210577348,0.8430450180820853,0.8430397125330814,0.4387483484990367,False,False,3,3
rice,57,2008,5,1,2008-05b,calm,729.1996264578945,759.389711080396,1.0414016731867384,18.160597222222222,15.581110393387428,15.581110393387428,15.455204302098306,-0.12590609128912253,-0.8080687968333544,0.12590609128912253,5.3278515467369285,5.33837016884291,0.010518622105981201,0.19742708695446645,27.723554273936195,27.808993788296277,0.08543951436008257,10.227573714234756,0.44713878332247087,0.44593483455134797,-0.001203948771122898,-0.2692561719153369,471.6131785883262,470.49159488120586,949.1740570678912,949.1740570678912,815.457011093613,815.1429676556194,759.389711080396,759.2797958770982,-0.10991520329775994,0.8456798978686727,0.8456599174807697,0.44192653863261366,False,False,3,3
rice,58,2008,6,0,2008-06a,calm,759.389711080396,777.7706144044679,1.0242048358779066,18.160597222222222,15.455204302098306,15.455204302098306,15.381453820881585,-0.07375048121671904,-0.47718865292972,0.07375048121671904,4.867055693187451,4.8718138929134325,0.004758199725981349,0.09776341233656992,31.385491769039028,31.455387766966876,0.06989599792784773,11.356726508512214,0.43274434354064484,0.4318893762698505,-0.0008549672707943157,-0.1975686761839821,458.93305939900023,458.17086224269497,949.174057067891,949.1740570678911,811.9065777206015,811.6931625168362,777.7706144044679,777.6959190831501,-0.07469532131779033,0.8437508018867266,0.8437536781904688,0.44447580731663255,False,False,2,2
rice,59,2008,6,1,2008-06b,calm,777.7706144044679,795.9396746427502,1.0233604354571741,18.160597222222222,15.381453820881585,15.381453820881585,15.310580647472573,-0.07087317340901368,-0.4607703162154772,0.07087317340901368,5.292946231240166,5.298246810850342,0.005300579610175937,0.10014421795730169,40.25896986523582,40.312958754729635,0.05398888949381586,18.143248873666433,0.49943660877407525,0.4988270545062193,-0.0006095542678559718,-0.12204837553902848,522.417478558546,521.8313067417095,949.1740570678913,949.174057067891,829.6822150852746,829.5180869765601,795.9396746427502,795.8822298047002,-0.05744483805005984,0.8396341393475099,0.8394705424711592,0.44008730507096905,False,False,3,3
rice,60,2008,7,0,2008-07a,calm,795.9396746427502,808.0676753929093,1.0152373366180076,18.160597222222222,15.310580647472573,15.310580647472573,15.2643440148018,-0.04623663267077018,-0.30199137273348803,0.04623663267077018,5.4036156130706745,5.407073634499509,0.00345802142883489,0.06399458578197838,49.91393341957624,49.94921439777972,0.035280978203481084,27.258370869380794,0.5791793479607785,0.5788000405173338,-0.0003793074434447208,-0.06549049871688573,525.6635152450316,525.3345152528266,949.1740570678911,949.1740570678911,830.5911053574905,830.498985359673,808.0676753929093,808.0354333936732,-0.03224199923613469,0.8147910675061327,0.8146258342253178,0.35671980664343034,False,False,3,3
rice,61,2008,7,1,2008-07b,calm,808.0676753929093,824.8240962289573,1.0207364077865142,18.160597222222222,15.2643440148018,15.2643440148018,15.201814337912314,-0.06252967688948924,-0.409645359334501,0.06252967688948924,5.923102017206782,5.9292079755027105,0.006105958295928637,0.10308717084714483,58.94361919929219,58.98996524826066,0.04634604896846639,35.597929091913265,0.6286454417941822,0.6281823357183486,-0.0004631060758336636,-0.07366729241079648,616.2065800250784,615.6929642839091,949.1740570678911,949.1740570678911,855.9431634959035,855.7993510883762,824.8240962289573,824.7737618863227,-0.050334342634528184,0.678432168020344,0.6771955573977138,0.4056055271951341,False,False,4,4
rice,62,2008,8,0,2008-08a,calm,824.8240962289573,840.8000561160766,1.019368929642284,18.160597222222222,15.201814337912314,15.201814337912314,15.143600556206774,-0.05821378170553787,-0.3829396966147427,0.05821378170553787,8.262902083364237,8.274434484826799,0.011532401462561737,0.1395684149008616,73.8509578755967,73.88139965263657,0.03044177703986861,54.05212181273797,0.7454300157156307,0.7451383573371289,-0.00029165837850186893,-0.0391261919097623,692.210607458813,691.9214978098651,939.7926747471857,939.7964338149561,870.4696959064413,870.3914517335306,840.8000561160766,840.7726706555579,-0.027385460518644322,0.43484523589773744,0.4340095777905352,0.3776398118084965,False,False,6,6
rice,63,2008,8,1,2008-08b,calm,840.8000561160766,859.0251836022738,1.0216759351448963,18.160597222222222,15.143600556206774,15.143600556206774,15.078790694116357,-0.06480986209041759,-0.4279686449062772,0.06480986209041759,13.444471677589204,13.45874240042605,0.014270722836846161,0.10614565733091802,82.97910092791467,83.0113339638801,0.03223303596543303,71.04139624591431,0.8626299332625631,0.8623100909187288,-0.000319842343834309,-0.03707758466305817,759.6081988906463,759.2608501406759,944.6966017283361,944.695912576311,892.871848933783,892.7740950943332,859.0251836022738,858.9909697584665,-0.03421384380737891,0.33859613473681155,0.33855294565387184,0.3507796009968773,False,False,7,7
rice,64,2008,9,0,2008-09a,calm,859.0251836022738,879.3168871375235,1.0236217795736298,18.160597222222222,15.078790694116357,15.078790694116357,15.008545609275366,-0.07024508484099076,-0.4658535705280393,0.07024508484099076,21.39357270046167,21.42867274002004,0.035100039558368934,0.16406815285046558,94.93011171293888,94.96674530583513,0.036633592896251344,94.94216347309354,1.0001219162235946,0.9997514210399306,-0.00037049518366394363,-0.03704500197964995,867.328128167815,866.9460852765202,936.3188937920619,936.2642914754061,917.0014794172727,916.8551937397181,879.3168871375235,879.2656871503793,-0.051199987144173065,0.28506965563117215,0.2841482799752676,0.3462808187285379,False,False,10,10
rice,65,2008,9,1,2008-09b,calm,879.3168871375235,902.3360933543536,1.026178510334045,18.160597222222222,15.008545609275366,15.008545609275366,14.931176395310388,-0.07736921396497937,-0.515501075048636,0.07736921396497937,33.510400694053324,33.54961497355634,0.03921427950301393,0.11702121935525767,106.43362689631223,106.47221207493311,0.038585178620877514,117.83110951530001,1.1032789335745545,1.1028933159934333,-0.00038561758112121147,-0.034951957241840435,934.8017212306617,934.328437095042,949.0855080728505,949.0854437142099,945.0860477570377,944.9534818608429,902.3360933543536,902.2896952906854,-0.04639806366822086,0.24689516886539128,0.24659647461032214,0.3359498486876661,False,False,12,12
rice,66,2008,10,0,2008-10a,calm,902.3360933543536,901.220308722375,0.9987634489629792,18.160597222222222,14.931176395310388,14.931176395310388,14.93487176980531,0.003695374494923618,0.024749386097161565,0.003695374494923618,43.27335181442347,43.27171578244685,-0.001636031976623542,-0.003780691598930488,115.05667536163054,115.05476027716094,-0.0019150844696014246,134.21768095629284,1.1610447803068067,1.1610634687123893,1.8688405582611978e-05,0.0016096197062850201,770.510057764659,770.4991154827158,949.1740570678912,949.1740570678911,899.1481372629862,899.145073424042,901.220308722375,901.2192363787447,-0.001072343630312389,0.21335494995245227,0.21333304724735702,0.21607775523062348,False,False,11,11
rice,67,2008,10,1,2008-10b,calm,901.220308722375,881.71319999078,0.9783547834610503,18.160597222222222,14.93487176980531,14.93487176980531,15.000378705804163,0.06550693599885396,0.4386173313606422,0.06550693599885396,49.460869727139645,49.431868216702284,-0.029001510437360878,-0.05863526176824884,115.28749668592144,115.25356093195323,-0.03393575396820836,133.04057202049373,1.1489224702773773,1.1492496290049103,0.0003271587275330834,0.028475265824864534,604.1910038340379,604.3470181662198,939.3225434345264,939.3210210781755,845.4857123463896,845.5283002628279,881.71319999078,881.7281057615335,0.014905770753443903,0.23621930916904185,0.23648901056674448,0.1249122355590845,False,False,11,11
rice,68,2008,11,0,2008-11a,calm,881.71319999078,856.9931291915491,0.9719635922434988,18.160597222222222,15.000378705804163,15.000378705804163,15.085934719372124,0.08555601356796076,0.5703590239015512,0.08555601356796076,11.382671358410551,11.377125883175925,-0.005545475234626451,-0.048718574577214256,49.885840198218816,49.82515359271474,-0.06068660550407401,27.595686369582126,0.585750546228003,0.5864119162590219,0.0006613700310188486,0.11290984451961752,455.9968042493212,456.49562200761875,949.1740570678911,949.1740570678911,811.0844262786916,811.2240952510149,856.9931291915491,857.0420133318623,0.04888414031324828,0.19125108228748233,0.19204075387817285,0.27463818379661453,False,False,5,5
rice,69,2008,11,1,2008-11b,calm,856.9931291915491,819.2019918409521,0.9559026367151303,18.160597222222222,15.085934719372124,15.085934719372124,15.22262301048394,0.1366882911118151,0.9060644478084025,0.1366882911118151,9.147119594241822,9.138259883490786,-0.008859710751035976,-0.09685793062783642,35.77186988136852,35.67629009486243,-0.0955797865060859,7.228259702813375,0.28091882154778924,0.28159687339667044,0.0006780518488812004,0.24136931984311769,234.33260699323094,234.84043844156707,949.1740570678912,949.1740570678912,749.0184510469863,749.1606438525205,819.2019918409521,819.251759322889,0.04976748193689673,0.44121450423133046,0.4416455768815159,0.2909706150436947,False,False,5,5
rice,70,2008,12,0,2008-12a,calm,819.2019918409521,781.185672576516,0.9535934731078913,18.160597222222222,15.22262301048394,15.22262301048394,15.36798182380036,0.14535881331641914,0.954886770935005,0.14535881331641914,6.193561937421167,6.187408645034206,-0.006153292386961162,-0.09934981597234543,15.279297396101242,15.171838840679952,-0.10745855542129057,-17.049267657703382,0.10820836692098673,0.1085300795312284,0.00032171261024166453,0.2973084424022198,97.06648468151728,97.3328528827381,949.174057067891,949.1740570678912,710.5839367997063,710.6585198960483,781.185672576516,781.2117766602357,0.02610408371970152,0.5442038173874422,0.5448995870617834,0.30394181253694874,False,False,3,3
rice,71,2008,12,1,2008-12b,calm,781.185672576516,756.3024304430564,0.9681468273075344,18.160597222222222,15.36798182380036,15.36798182380036,15.467801599597003,0.09981977579664232,0.6495308033358789,0.09981977579664232,3.972997476180767,3.969690304801116,-0.003307171379651308,-0.08324121521543185,12.664969852078482,12.591001929492936,-0.07396792258554541,-20.548196836899706,0.10563076916426734,0.10584158650323944,0.00021081733897210242,0.19957947919915128,95.30490701237183,95.47978014243266,949.1740570678912,949.1740570678912,710.0906950523458,710.1396595287629,756.3024304430564,756.3195680098024,0.017137566745986987,0.6126772553055528,0.6129829215355929,0.3063617617603842,False,False,2,2
rice,72,2009,1,0,2009-01a,calm,756.3024304430564,690.5738183667371,0.9130921580698687,18.160597222222222,15.467801599597003,15.467801599597003,15.751636110140348,0.2838345105433454,1.835002270463182,0.2838345105433454,0.0,0.0,0.0,0.0,4.587481135392068,4.329717275814147,-0.2577638595779206,-32.361256437808834,0.09597631717049185,0.09658545272461272,0.000609135554120871,0.6346727735330848,85.60230721530816,86.06769652334685,756.3024304430564,756.3024304430564,568.5063959392869,568.6367049455378,690.5738183667371,690.6194265189249,0.04560815218781045,1.0,1.0,0.297808799099355,False,False,0,0
rice,73,2009,1,1,2009-01b,calm,690.5738183667371,631.4155795096158,0.9143346630240988,18.160597222222222,15.751636110140348,15.751636110140348,16.036317028329854,0.2846809181895068,1.8073101498722361,0.2846809181895068,0.0,0.0,0.0,0.0,2.0470130522120797,1.7885517228910146,-0.25846132932106514,-33.496740105061306,0.09939302317569243,0.10004822786496106,0.0006552046892686347,0.6592059164056816,86.91831982468223,87.41885402687711,690.5738183667371,690.5738183667371,521.5502787749617,521.6904283515763,631.4155795096158,631.4646318614309,0.0490523518151349,1.0,1.0,0.2885448305939953,False,False,0,0
rice,74,2009,2,0,2009-02a,calm,631.4155795096158,578.21610470816,0.9157457045282715,18.160597222222222,16.036317028329854,16.036317028329854,16.321108629733374,0.2847916014035182,1.775916508138394,0.2847916014035182,0.0,0.0,0.0,0.0,1.1727769152817018,0.9024737320974339,-0.27030318318426794,-33.333697822244645,0.10207583560215402,0.10279890287640252,0.0007230672742484928,0.7083628265035085,88.56379582129084,89.12752011138436,631.4155795096158,631.4155795096158,479.4170800768848,479.574922878111,578.21610470816,578.2713496885891,0.05524498042916548,1.0,1.0,0.28521121721299697,False,False,0,0
rice,75,2009,2,1,2009-02b,calm,578.21610470816,529.8892405473815,0.9164207572786818,18.160597222222222,16.321108629733374,16.321108629733374,16.608509982078594,0.28740135234522346,1.760918077719568,0.28740135234522346,0.0,0.0,0.0,0.0,1.485551885844714,1.2303142660766753,-0.2552376197680388,-32.76252182383653,0.10276684880087784,0.10345864894914945,0.0006918001482716096,0.6731744296373717,85.0848377614412,85.4919346389131,578.21610470816,578.21610470816,440.1393499630787,440.2533370887708,529.8892405473815,529.9291360413738,0.03989549399227599,1.0,1.0,0.2621636249567084,False,False,0,0
rice,76,2009,3,0,2009-03a,calm,529.8892405473815,577.7988793177118,1.090414439668258,18.160597222222222,16.608509982078594,16.608509982078594,16.323465025756846,-0.28504495632175036,-1.7162584520184412,0.28504495632175036,0.8628548131158967,0.8683908497472416,0.005536036631344832,0.6415953816556208,5.15257235756885,5.430181705546541,0.2776093479776911,-29.858046718105847,0.10075406365098659,0.10004073502329726,-0.0007133286276893303,-0.7079899329522927,87.54399735683748,86.98828891625459,892.0300048450147,892.1540105183717,666.773922748325,666.707608469779,577.7988793177118,577.7756693202207,-0.02320999749110797,0.8538937494656,0.8523806486230447,0.28561740749440956,False,False,2,2
rice,77,2009,3,1,2009-03b,calm,577.7988793177118,623.3666244849846,1.0788643709746912,18.160597222222222,16.323465025756846,16.323465025756846,16.07751719997985,-0.24594782577699498,-1.5067133441883396,0.24594782577699498,1.0472412196634484,1.0520179264344467,0.004776706770998285,0.4561228761157218,9.524225243975762,9.763814487957697,0.2395892439819356,-25.77467001833176,0.10001352759658298,0.09940629361604734,-0.0006072339805356375,-0.6071518474830638,87.81112803432114,87.3370524061615,949.1740570678911,949.174057067891,707.9924369384916,707.8596957626066,623.3666244849846,623.320165073425,-0.04645941155968103,0.8436652743542189,0.8436615348444314,0.29074947730236156,False,False,2,2
rice,78,2009,4,0,2009-04a,calm,623.3666244849846,653.4342212125888,1.0482342100885582,18.160597222222222,16.07751719997985,16.07751719997985,15.926755646744912,-0.1507615532349394,-0.9377166347247219,0.1507615532349394,0.9316483815562722,0.9345764161094074,0.0029280345531352836,0.3142853689333038,19.353919854199557,19.50306291669685,0.14914306249729492,-15.445907112363443,0.10130253425131909,0.10091385595524523,-0.0003886782960738633,-0.3836807232379798,92.38829506367583,92.08372803245138,949.174057067891,949.1740570678911,709.2740437067107,709.188764937968,653.4342212125888,653.4043736435289,-0.029847569059938905,0.8436931924792481,0.8436906089478253,0.31096203277295226,False,False,2,2
rice,79,2009,4,1,2009-04b,calm,653.4342212125888,648.3605026989135,0.9922353033419953,18.160597222222222,15.926755646744912,15.926755646744912,15.951604820110738,0.024849173365826347,0.15602156469892842,0.024849173365826347,2.5862990321152233,2.5842230478510375,-0.0020759842641857595,-0.08026853192176703,24.115321103919488,24.091304072985345,-0.02401703093414298,-8.84576672158504,0.10635269317884835,0.10642199031849986,6.929713965150852e-05,0.06515786068057042,97.43489300211418,97.49084323213877,849.522378557633,849.5501208457963,638.9378826020877,638.9735231139722,648.3605026989135,648.372976878073,0.012474179159539744,0.8436417512014698,0.8436419795457408,0.3139649029720596,False,False,3,3
rice,80,2009,5,0,2009-05a,calm,648.3605026989135,673.2580055456912,1.0384007087771965,18.160597222222222,15.951604820110738,15.951604820110738,15.831839806986794,-0.11976501312394322,-0.7508022827455664,0.11976501312394322,3.4196404559379356,3.4296460315353543,0.010005575597418659,0.2925914500761262,36.30335467099805,36.41826059574539,0.1149059247473403,7.397474483695447,0.28141379192746707,0.2806122215053,-0.0008015704221670528,-0.2848369359145174,250.34108446232867,249.76384338782603,901.9454464844811,901.977299207085,719.4962251182783,719.3575315776925,673.2580055456912,673.209462806486,-0.04854273920511787,0.8434322092756306,0.8434303797324674,0.32511335439573097,False,False,3,3
rice,81,2009,5,1,2009-05b,calm,673.2580055456912,707.6039707200562,1.0510145663199755,18.160597222222222,15.831839806986794,15.831839806986794,15.675075446583165,-0.15676436040363023,-0.9901840993517893,0.15676436040363023,4.3452906058580005,4.358387232477797,0.013096626619796048,0.3013981758122263,35.161656824342984,35.31202251443037,0.15036569008738354,10.23983010137311,0.3623578392490899,0.36096911522247827,-0.0013887240266116097,-0.38324658009040097,314.22861973722786,313.23092529446586,949.1740570678911,949.1740570678911,771.3893346153054,771.109980171332,707.6039707200562,707.5061966646655,-0.09777405539068695,0.8440386117817441,0.8440381805596558,0.31811466627122065,False,False,3,3
rice,82,2009,6,0,2009-06a,2010/11,707.6039707200562,729.8611533240312,1.0314542929731247,18.160597222222222,15.675075446583165,15.675075446583165,15.578284907463111,-0.09679053912005633,-0.6174805311138367,0.09679053912005633,4.388625874242153,4.395864804481056,0.007238930238903762,0.1649475358879575,37.90328645727311,37.97799476154867,0.07470830427556052,11.368880533002566,0.36559983038825977,0.3649479712556696,-0.0006518591325901935,-0.17829853255072137,323.0843469483276,322.54395491049246,945.4615331549948,945.35737204217,771.195921017128,770.9696152453002,729.8611533240312,729.7819463038916,-0.07920702013962,0.8341564626291061,0.8339200815791133,0.3286614358163174,False,False,3,3
rice,83,2009,6,1,2009-06b,2010/11,729.8611533240312,750.7800198554093,1.028661432980926,18.160597222222222,15.578284907463111,15.578284907463111,15.490489824901449,-0.08779508256166024,-0.5635734811834141,0.08779508256166024,4.822582939845167,4.831156038881906,0.008573099036738974,0.17776986199462275,45.770749393949316,45.83741658759846,0.06666719364914542,18.155423231255153,0.44428626685537204,0.4436910245776811,-0.0005952422776909216,-0.13397719490723986,384.4215033129574,383.9238014175581,947.2101701195207,947.0097813188253,789.6293434136829,789.3457069464705,750.7800198554093,750.680747091885,-0.09927276352425451,0.8228475056668536,0.8220643684835189,0.3224404169032837,False,False,4,4
rice,84,2009,7,0,2009-07a,2010/11,750.7800198554093,773.5115396260173,1.0302772039338313,18.160597222222222,15.490489824901449,15.490489824901449,15.398355172327236,-0.09213465257421191,-0.5947820476670955,0.09213465257421191,5.432025088994578,5.441021942556162,0.008996853561583862,0.16562614152522448,54.903038338253516,54.97324733377161,0.07020899551809379,27.270499113131027,0.530264384726894,0.5296322642084306,-0.0006321205184633971,-0.11920855646169087,472.57820753972203,472.07664502003,949.1740570678909,949.174057067891,815.7272192000037,815.5867816944899,773.5115396260173,773.4623864990874,-0.04915312692992302,0.6810293034432383,0.6803534265197909,0.34376354872966586,False,False,4,4
rice,85,2009,7,1,2009-07b,2010/11,773.5115396260173,797.6349957920473,1.0311869376605465,18.160597222222222,15.398355172327236,15.398355172327236,15.30406677912105,-0.09428839320618565,-0.6123276944256595,0.09428839320618565,5.772635948301196,5.781843112408639,0.009207164107443155,0.1594967046233479,63.49536237743736,63.56283012113092,0.06746774369356245,35.6100573356635,0.5863822155633206,0.5857959877985897,-0.00058622776473094,-0.0999736603825489,567.9656393268116,567.2384916912864,949.174057067891,949.1740570678912,842.4357001003887,842.2320987624419,797.6349957920473,797.563735323766,-0.07126046828136623,0.6506380260351582,0.6493604140576678,0.3960076275428171,False,False,4,4
rice,86,2009,8,0,2009-08a,2010/11,797.6349957920473,813.9030380959334,1.0203953467309093,18.160597222222222,15.30406677912105,15.30406677912105,15.242393111265276,-0.061673667855774134,-0.40298875289745834,0.061673667855774134,8.307600707886623,8.319794118871048,0.012193410984425057,0.14677415794489898,77.27893431105625,77.31175070481373,0.032816393757485685,54.06425005648822,0.7141105890747979,0.7138221087902951,-0.00028848028450279006,-0.04039714421215141,637.1926133753126,636.8866023168143,924.5849790488967,924.5210205597695,844.1151166602931,843.983383451742,813.9030380959334,813.8569314729405,-0.04610662299296564,0.43023720599581844,0.42986972445183047,0.3529437589748598,False,False,5,5
rice,87,2009,8,1,2009-08b,2010/11,813.9030380959334,833.9576548516895,1.024640056391327,18.160597222222222,15.242393111265276,15.242393111265276,15.168369245673112,-0.07402386559216478,-0.48564464288390236,0.07402386559216478,13.660355981967435,13.67693936663104,0.01658338466360476,0.12139789538058829,86.16102369755573,86.19815941348529,0.03713571592955134,71.0534808529248,0.8322944027034884,0.8319514426775604,-0.00034296002592804076,-0.04120657604016388,699.5839214530789,699.1421130995795,937.9422848687739,937.9690565480965,871.2019431123792,871.0975123825118,833.9576548516895,833.9211040962359,-0.03655075545361797,0.4412618169389445,0.44178487618225876,0.3237572976988782,False,False,7,7
rice,88,2009,9,0,2009-09a,2010/11,833.9576548516895,857.9982106047908,1.0288270700715332,18.160597222222222,15.168369245673112,15.168369245673112,15.082398650848877,-0.08597059482423318,-0.5667754616980788,0.08597059482423318,24.364896906023713,24.4084414702749,0.04354456425118869,0.17871844243438273,97.7650267220414,97.8098728144153,0.044846092373902025,94.95420969828862,0.9723583423642241,0.9719297040672573,-0.0004286382969668212,-0.04408233860827644,842.9254425255939,842.46019628917,925.8692126336686,925.8095859231425,902.6449570034076,902.4717568256302,857.9982106047908,857.9375905425687,-0.06062006222202854,0.28844706544638754,0.28822194203915186,0.3452620025602499,False,False,11,11
rice,89,2009,9,1,2009-09b,2010/11,857.9982106047908,885.7591133707792,1.032355432007743,18.160597222222222,15.082398650848877,15.082398650848877,14.986650046704312,-0.095748604144567,-0.6348367150418611,0.095748604144567,36.41840396089827,36.46693376148082,0.048529800582549854,0.1332562531698406,108.95458052484017,109.0023356848772,0.04775516003702762,117.84311745192234,1.0787451447443643,1.0782889513791631,-0.00045619336520119624,-0.04228926242901447,906.8270114851614,906.2418140436113,949.1715450480926,949.1715453814917,937.315075650472,937.1512206068851,885.7591133707792,885.7017641055238,-0.05734926525542505,0.267785562475235,0.26749389632913956,0.330938321200644,False,False,12,12
rice,90,2009,10,0,2009-10a,2010/11,885.7591133707792,886.3876355455283,1.0007095858967312,18.160597222222222,14.986650046704312,14.986650046704312,14.98452408864614,-0.0021259580581701742,-0.014185678931214451,0.0021259580581701742,46.21233621550283,46.213277428732745,0.0009412132299146947,0.002036714234756533,116.9633084949325,116.96441034729528,0.0011018523627797094,134.228799204285,1.1428245708116544,1.1428141542828405,-1.0416528813950165e-05,-0.0009114722486717415,729.1072342763281,729.1095025119386,949.1734241882602,949.1734242313555,887.5548910129191,887.5555261499188,886.3876355455283,886.3878578434781,0.00022229794979011785,0.1853361631681929,0.1853443881070395,0.1988052888167705,False,False,11,11
rice,91,2009,10,1,2009-10b,2010/11,886.3876355455283,871.7547731389521,0.9834915765746548,18.160597222222222,14.98452408864614,14.98452408864614,15.03449431872346,0.0499702300773187,0.33347892653582123,0.0499702300773187,51.913675208958985,51.89155217531305,-0.02212303364593282,-0.042615040366309774,116.78819531958902,116.7623074381953,-0.025887881393728662,133.050869107766,1.1347241707311215,1.1349675779947703,0.00024340726364879828,0.021450786889642703,602.5642753938175,602.6781117749815,938.6964724038281,938.6941460900084,844.5794572410251,844.6096564818008,871.7547731389521,871.7653428732236,0.010569734271484776,0.2465913679316872,0.24677282283700044,0.1280915788788208,False,False,11,11
rice,92,2009,11,0,2009-11a,2010/11,871.7547731389521,849.757518386315,0.9747666942236164,18.160597222222222,15.03449431872346,15.03449431872346,15.111538743278764,0.07704442455530539,0.5124510537035942,0.07704442455530539,11.741469016387192,11.73644221006685,-0.005026806320342914,-0.042812413960528796,50.29951112336415,50.24559443316112,-0.053916690203024586,27.60522748033938,0.5814577130512658,0.5820364700912489,0.0005787570399831132,0.0995355340538901,448.21483127436323,448.6281139185365,949.1740570678909,949.174057067891,808.9054738457032,809.0211929860717,849.757518386315,849.798020085444,0.04050169912898127,0.21334224622096654,0.21430130277768536,0.2695835844825824,False,False,6,6
rice,93,2009,11,1,2009-11b,2010/11,849.757518386315,814.4355783954031,0.9584329185365866,18.160597222222222,15.111538743278764,15.111538743278764,15.240399261120121,0.12886051784135363,0.8527292953450394,0.12886051784135363,9.4265671442643,9.418214805479337,-0.00835233878496311,-0.08860424645726077,35.68998496339123,35.598016321321,-0.09196864207023481,7.237104894849921,0.2817228118748925,0.2823784090925455,0.0006555972176530145,0.23271002205676983,233.687031257039,234.17934475866943,949.174057067891,949.174057067891,748.8376898408524,748.975537621309,814.4355783954031,814.4838251185629,0.04824672315976386,0.44408062714487057,0.4449369987016239,0.2881691868326779,False,False,5,5
rice,94,2009,12,0,2009-12a,2010/11,814.4355783954031,778.125467668046,0.9554168411958437,18.160597222222222,15.240399261120121,15.240399261120121,15.380050665418052,0.13965140429793543,0.9163237911634048,0.13965140429793543,6.4041440914662005,6.398232403669022,-0.005911687797178544,-0.09231034956031244,15.127713139646444,15.024212585421425,-0.10350055422501825,-17.04106132420037,0.10868744637992847,0.10900002897777863,0.00031258259785016396,0.287597701723066,97.45387071352567,97.71266539828024,949.1740570678911,949.174057067891,710.6924048886688,710.7648674003999,778.125467668046,778.150829547152,0.025361879105957996,0.5812621810931946,0.5817047307658268,0.3038293652249128,False,False,3,3
rice,95,2009,12,1,2009-12b,2010/11,778.125467668046,754.472110913377,0.9696021300709314,18.160597222222222,15.380050665418052,15.380050665418052,15.47529918268715,0.09524851726909822,0.6192991124747328,0.09524851726909822,3.7944602506001224,3.7904282145452775,-0.004032036054844923,-0.10626112249317216,12.049949528934324,11.979332798298769,-0.07061673063555496,-20.541490477963237,0.10742934602819083,0.10763751227554148,0.0002081662473506496,0.19377037564393634,96.92545457182275,97.09778802089751,949.174057067891,949.1740570678912,710.5444483689919,710.592701734733,754.472110913377,754.4889995913865,0.01688867800942262,0.6486514644322857,0.6491193646276429,0.3067961064870264,False,False,3,3
rice,96,2010,1,0,2010-01a,2010/11,754.472110913377,689.6702474434151,0.9141096635215427,18.160597222222222,15.47529918268715,15.47529918268715,15.755761347527233,0.28046216484008185,1.812321439018422,0.28046216484008185,0.0,0.0,0.0,0.0,-0.28605225058311134,-0.540745875266424,-0.2546936246833127,-32.35504147287567,0.10898877723268707,0.10976552846214174,0.0007767512294546697,0.7126891861501795,93.22860611784701,93.82201095870823,754.472110913377,754.472110913377,569.3239295706286,569.4900829260698,689.6702474434151,689.7284011178195,0.058153674404479716,1.0,1.0,0.27969969229257907,False,False,0,0
rice,97,2010,1,1,2010-01b,2010/11,689.6702474434151,631.3633163882093,0.9154567979823001,18.160597222222222,15.755761347527233,15.755761347527233,16.036582511044024,0.2808211635167922,1.7823395348703053,0.2808211635167922,0.0,0.0,0.0,0.0,-2.4529750285926184,-2.7077790600253593,-0.2548040314327409,-33.49097694312064,0.1122028454640727,0.11302661745004078,0.000823771985968072,0.7341810116855222,94.70156320662151,95.32849543447628,689.6702474434151,689.6702474434151,523.0790158571128,523.2545568809122,631.3633163882093,631.4247557465391,0.06143935832972147,1.0,1.0,0.27374517484639777,False,False,0,0
rice,98,2010,2,0,2010-02a,2010/11,631.3633163882093,578.8611524185511,0.916843182670157,18.160597222222222,16.036582511044024,16.036582511044024,16.317469556872194,0.28088704582816804,1.7515393048034242,0.28088704582816804,0.0,0.0,0.0,0.0,-2.806597625310417,-3.0734278401149737,-0.26683021480455693,-33.328324567007826,0.11388461359425477,0.11477373010912838,0.0008891165148736113,0.7807169790656122,95.62694935088028,96.31231102717462,631.3633163882093,631.3633163882093,481.3571336177572,481.5490348871196,578.8611524185511,578.928317862828,0.06716544427683857,1.0,1.0,0.27156308070742935,False,False,0,0
rice,99,2010,2,1,2010-02b,2010/11,578.8611524185511,612.5695508810754,1.058232269209441,18.160597222222222,16.317469556872194,16.317469556872194,16.133797846213994,-0.18367171065819698,-1.1256139318540515,0.18367171065819698,0.18446462783373963,0.18795913860063918,0.00349451076689955,1.894406970017687,-1.6858739766206554,-1.5232149725085549,0.16265900411210055,-32.75716046935482,0.11209612354030682,0.11157748903274242,-0.0005186345075643972,-0.4626694404627738,88.79047333837279,88.47200420889503,903.2076802454627,903.4494993451976,675.1708623114775,675.2558007070329,612.5695508810754,612.5992793195197,0.029728438444294625,0.9747399811513359,0.9741579216440447,0.24320841192301731,False,False,1,1
rice,100,2010,3,0,2010-03a,2010/11,612.5695508810754,645.7386052160529,1.0541474095264276,18.160597222222222,16.133797846213994,16.133797846213994,15.964537517871818,-0.16926032834217708,-1.0491040606529989,0.16926032834217708,1.2562759069877174,1.2595632178387046,0.003287310850987213,0.26167108934449645,2.9204264239274558,3.0856004591889663,0.16517403526151053,-29.85269314609294,0.10689746739099633,0.10641845992021673,-0.0004790074707795994,-0.44809992460115555,90.72493194222893,90.35233393603666,947.1323564008547,947.122823877357,707.3382775524395,707.2270866937872,645.7386052160529,645.6996884155245,-0.0389168005283409,0.8447257500278735,0.844717768213213,0.2752940203709462,False,False,2,2
rice,101,2010,3,1,2010-03b,2010/11,645.7386052160529,667.4771525088379,1.0336646239162233,18.160597222222222,15.964537517871818,15.964537517871818,15.85916841844671,-0.10536909942510984,-0.6600197425522181,0.10536909942510984,1.6217143274812267,1.62384022291566,0.0021258954344334224,0.13108939092468075,7.904170652785413,8.008243261965685,0.10407260918027195,-25.76987508942578,0.1043358958403336,0.10404787789923071,-0.0002880179411028916,-0.27604875463344725,89.6952277287166,89.47177998618108,948.2417730197988,948.2357530671054,707.8487403382957,707.7818406044466,667.4771525088379,667.4537376019907,-0.023414906847165184,0.8437886320993491,0.8437870398844866,0.2811125487862861,False,False,3,3
rice,102,2010,4,0,2010-04a,2010/11,667.4771525088379,682.1930002281772,1.0220469684453273,18.160597222222222,15.85916841844671,15.85916841844671,15.790149442165477,-0.06901897628123255,-0.4351992138563369,0.06901897628123255,1.7199247204585226,1.721317226680613,0.0013925062220903062,0.08096320760591612,18.084929685253744,18.153072394398173,0.06814270914442844,-15.441129238853346,0.10474820167418272,0.1045579453357814,-0.0001902563384013206,-0.18163208089539265,93.275395064531,93.12701211773778,949.1740570678912,949.1740570678911,709.5224317069503,709.4808844818482,682.1930002281772,682.1784586993915,-0.014541528785684932,0.8438165714207633,0.8438158461247005,0.2992455920063995,False,False,3,3
rice,103,2010,4,1,2010-04b,2010/11,682.1930002281772,677.3496773036566,0.9929003626204012,18.160597222222222,15.790149442165477,15.790149442165477,15.812666317316932,0.0225168751514526,0.14260077293077608,0.0225168751514526,3.361123529588464,3.359225414028516,-0.0018981155599480104,-0.056472650982286744,23.126642633595154,23.10486701736582,-0.021775616229334105,-8.84129133796479,0.10929565093111855,0.10936200322079861,6.635228968006335e-05,0.06070899355536167,97.91603128599792,97.96922715716434,890.1922860687047,890.2223834160094,668.3549347295468,668.3914996635327,677.3496773036566,677.3624750305516,0.01279772689508718,0.8437513970615498,0.8437514637948189,0.3027434940180502,False,False,4,4
rice,104,2010,5,0,2010-05a,2010/11,677.3496773036566,698.5744040419992,1.031334962500953,18.160597222222222,15.812666317316932,15.812666317316932,15.715389825522966,-0.09727649179396373,-0.6151808293547134,0.09727649179396373,4.324397726960642,4.3325978889036,0.00820016194295814,0.18962552615902742,35.59532562436806,35.689327106811426,0.09400148244336748,7.4019241067287105,0.286568371776086,0.2858883293441205,-0.0006800424319655107,-0.23730547364692112,255.0465040695825,254.5350546226028,925.8037952214418,925.8080725783414,737.9917536989212,737.8516275507345,698.5744040419992,698.5253598901338,-0.04904415186535971,0.8436213583644901,0.8436207024673024,0.32586817075525737,False,False,4,4
rice,105,2010,5,1,2010-05b,2010/11,698.5744040419992,724.6348421597227,1.0373051717425317,18.160597222222222,15.715389825522966,15.715389825522966,15.600691528917732,-0.11469829660523653,-0.7298469708906484,0.11469829660523653,5.2023227538511865,5.2119915298257204,0.009668775974533972,0.18585498116925464,34.79682418000104,34.905861255985094,0.10903707598405532,10.244267349905282,0.3658867373679336,0.3648592660943236,-0.00102747127360997,-0.280816757940245,320.0981341970884,319.31115189989123,949.1740570678911,949.1740570678913,773.0327986640664,772.8124436208512,724.6348421597227,724.5577178945974,-0.07712426512523507,0.8442562292767825,0.8442554513856991,0.3231631262427752,False,False,4,4
rice,106,2010,6,0,2010-06a,2010/11,724.6348421597227,742.3604601860759,1.0244614487119101,18.160597222222222,15.600691528917732,15.600691528917732,15.52546890098947,-0.07522262792826001,-0.48217495864735194,0.07522262792826001,4.383033607452808,4.3879435099356225,0.00490990248281431,0.1120206442055481,37.93316898292883,38.00460279375895,0.07143381083012201,11.373279100968768,0.36544390291096945,0.36482127622766314,-0.0006226266833063154,-0.1703754470513089,328.1219428688529,327.65390423580794,949.174057067891,949.1740570678909,775.2794650921603,775.1484142749077,742.3604601860759,742.3145924000374,-0.04586778603845687,0.8466128408743152,0.8466219028930524,0.3374777018706281,False,False,3,3
rice,107,2010,6,1,2010-06b,2010/11,742.3604601860759,759.3036929455038,1.022823457967011,18.160597222222222,15.52546890098947,15.52546890098947,15.455554456489203,-0.06991444450026611,-0.45032098512535307,0.06991444450026611,4.7542994608012545,4.760461086177827,0.006161625376572388,0.12960112057253442,45.82047586270745,45.886559478846046,0.0660836161385987,18.159777359965346,0.4439296619126182,0.4433406854019039,-0.0005889765107142675,-0.1326733852783642,388.67947648029065,388.25544707301003,947.1381155931982,947.064647293524,790.7696966415841,790.5980712317801,759.3036929455038,759.2436240520724,-0.060068893431434844,0.8329531829406084,0.8325430133522269,0.32889351330336836,False,False,4,4
rice,108,2010,7,0,2010-07a,2010/11,759.3036929455038,779.7060924720975,1.0268698805446979,18.160597222222222,15.455554456489203,15.455554456489203,15.373809896893043,-0.08174455959616062,-0.5289008545522556,0.08174455959616062,5.257296869622386,5.265340782840653,0.00804391321826703,0.15300473642160514,55.63608213322827,55.69823933957271,0.062157206344437554,27.274831774012878,0.5238106861578203,0.5232645925324494,-0.000546093625370947,-0.10425400622819919,479.25336404501445,478.8129484097434,949.1740570678911,949.174057067891,817.5962630214856,817.4729466436096,779.7060924720975,779.6629317398408,-0.04316073225663786,0.7067401806085905,0.7062494637959698,0.35847425531245064,False,False,5,5
rice,109,2010,7,1,2010-07b,2010/11,779.7060924720975,802.608371914222,1.0293729645865812,18.160597222222222,15.373809896893043,15.373809896893043,15.285053212527984,-0.0887566843650582,-0.5773239357083204,0.0887566843650582,5.569176181813344,5.57784318027194,0.008666998458596531,0.1556244258692948,63.85602698480681,63.91958509943963,0.06355811463281924,35.61438999654535,0.583325877778622,0.5827793882409363,-0.0005464895376856571,-0.0936851181310107,577.6280553698986,576.9529035096001,949.1740570678911,949.1740570678911,845.1411765924531,844.9521340715696,802.608371914222,802.5422070319128,-0.06616488230918094,0.6611838763672198,0.6600229142129966,0.4096543531591302,False,False,4,4
rice,110,2010,8,0,2010-08a,2010/11,802.608371914222,822.84455276728,1.0252130199000975,18.160597222222222,15.285053212527984,15.285053212527984,15.209121607763835,-0.0759316047641496,-0.4967703004260024,0.0759316047641496,8.179195663892003,8.194238042589644,0.015042378697641468,0.18391024393813898,77.2592267616167,77.29950060892426,0.04027384730756012,54.06858271737006,0.714337314823367,0.7139831122085175,-0.0003542026148495303,-0.04958478403681227,671.7116342220577,671.3585649972543,933.8149637669607,933.7688230402003,860.4260314943879,860.2939507881755,822.84455276728,822.7983245201057,-0.0462282471743265,0.38412941931548095,0.38377993556107654,0.3839197509570208,False,False,6,6
rice,111,2010,8,1,2010-08b,2010/11,822.84455276728,845.4640979587318,1.0274894512157622,18.160597222222222,15.209121607763835,15.209121607763835,15.12685549062687,-0.0822661171369676,-0.5408998577207315,0.0822661171369676,13.372395344446938,13.39054238336331,0.018147038916373148,0.13570522295326054,86.03109209616537,86.0720413023306,0.04094920616523723,71.05779598418493,0.8335445611121873,0.833165283481528,-0.00037927763065936926,-0.045501782190661075,739.4385033764464,738.9813251769444,945.0403386075722,945.0636457738385,887.4718247428568,887.3605960067082,845.4640979587318,845.4251679010798,-0.038930057652009964,0.41973420839643216,0.41995601167760876,0.3540389231433967,False,False,8,8
rice,112,2010,9,0,2010-09a,2010/11,845.4640979587318,870.8189129444636,1.0299892272740472,18.160597222222222,15.12685549062687,15.12685549062687,15.037724413989354,-0.08913107663751373,-0.5892240901801598,0.08913107663751373,23.7756198385606,23.820800479487353,0.04518064092675189,0.19002928728476495,97.76677040258605,97.8132427805521,0.04647237796605452,94.95851068257392,0.9723839645081178,0.9719397852065095,-0.0004441793016083384,-0.045679414492713,869.671949031826,869.2055375119908,936.6642788340039,936.6281354708434,917.9064264893941,917.7498080423647,870.8189129444636,870.7640964880034,-0.054816456460230256,0.27621747358834525,0.27584261204945026,0.3632539454455876,False,False,12,12
rice,113,2010,9,1,2010-09b,2010/11,870.8189129444636,896.9207658082366,1.0299739159034982,18.160597222222222,15.037724413989354,15.037724413989354,14.949162964938608,-0.08856144905074692,-0.5889285280980388,0.08856144905074692,35.77392534351752,35.81881236302169,0.04488701950417351,0.12547412416487122,108.8904960760367,108.93467679968907,0.044180723652374354,117.84740430903838,1.0793959343224346,1.0789733788857747,-0.00042255543665992157,-0.03914739932063676,935.6829642703916,935.163252095871,949.1727853009403,949.1727851310947,945.3956354123867,945.250115881232,896.9207658082366,896.8698339723326,-0.05093183590406625,0.2631372465828929,0.2627787742762149,0.3482134042616336,False,False,12,12
rice,114,2010,10,0,2010-10a,2010/11,896.9207658082366,891.5227808141549,0.9939816478780961,18.160597222222222,14.949162964938608,14.949162964938608,14.96722209447611,0.018059129537504274,0.12080361676342484,0.018059129537504274,45.723895798177665,45.71590058323156,-0.007995214946106444,-0.01748585680755815,116.82243158542948,116.81306971595795,-0.009361869471533169,134.2327720291012,1.1441908406671684,1.1442795614025558,8.872073538745973e-05,0.007754015522072121,707.4740829373952,707.4606375709661,949.1739004402234,949.1739000535398,881.4979515394316,881.4941865584192,891.5227808141549,891.5214630708006,-0.0013177433543205552,0.16177176436011506,0.1617160932359472,0.18584963951382924,False,False,11,11
rice,115,2010,10,1,2010-10b,2010/11,891.5227808141549,872.0283385928526,0.9781335456133834,18.160597222222222,14.96722209447611,14.96722209447611,15.033550901110578,0.06632880663446755,0.44316043562250107,0.06632880663446755,51.31204631485687,51.282680942342104,-0.029365372514767785,-0.0572290029802716,116.60056958880708,116.56619947412466,-0.03437011468241735,133.05455192230994,1.1365212202703496,1.1368454191668154,0.00032419889646573274,0.0285255471418839,585.6951480828762,585.8515243997006,933.0968513949607,933.0967956589207,835.824374467577,835.868119706339,872.0283385928526,872.0436494264193,0.015310833566672954,0.2614828775902645,0.2617354062898975,0.11777284240958114,False,False,11,11
rice,116,2010,11,0,2010-11a,2010/11,872.0283385928526,851.4757808239823,0.9764313189614515,18.160597222222222,15.033550901110578,15.033550901110578,15.10543485292071,0.07188395181013238,0.4781568392123652,0.07188395181013238,12.352621332999654,12.347933396125944,-0.00468793687370983,-0.03795094779750229,49.294702537012604,49.24269783160936,-0.05200470540324176,27.608643263275724,0.5925005219646239,0.5930800872971141,0.0005795653324902617,0.09781684758159005,463.93365670938283,464.3793882064977,949.1740570678911,949.174057067891,813.3067449675088,813.4315497867008,851.4757808239823,851.5194625106994,0.043681686717150114,0.20961739788642192,0.2102388716945519,0.277813737913429,False,False,6,6
rice,117,2010,11,1,2010-11b,2010/11,851.4757808239823,816.9635557685875,0.9594677548878761,18.160597222222222,15.10543485292071,15.10543485292071,15.230955716191252,0.12552086327053824,0.8309649109258723,0.12552086327053824,9.957584483761915,9.94944827503386,-0.008136208728053873,-0.08170865877484439,34.3727059585806,34.28192167825773,-0.09078428032287178,7.24027481652783,0.29149624461639395,0.29218891694872523,0.0006926723323312789,0.23762650295643722,248.08608012133163,248.63627566095326,949.174057067891,949.1740570678912,752.8694235228543,753.0234782739486,816.9635557685875,817.0174749314706,0.0539191628830622,0.41403045712517367,0.4142618190309339,0.3023445038543125,False,False,5,5
rice,118,2010,12,0,2010-12a,2010/11,816.9635557685875,780.170670209147,0.9549638594039531,18.160597222222222,15.230955716191252,15.230955716191252,15.371978494625644,0.14102277843439548,0.9258957944738908,0.14102277843439548,6.681248021812335,6.675217830524332,-0.006030191288003195,-0.09025546227765188,13.938460193819003,13.833960695648937,-0.10449949817006576,-17.038117149663776,0.1124003284594129,0.11273790157695607,0.00033757311754316344,0.30033107747105836,101.55608753527152,101.83665867979533,949.1740570678911,949.1740570678911,711.8410255987576,711.9195855192243,780.170670209147,780.1981661813104,0.027495972163364968,0.5637818204398847,0.5642568762729714,0.30875564406934786,False,False,4,4
rice,119,2010,12,1,2010-12b,2010/11,780.170670209147,756.0782691809743,0.9691190633688984,18.160597222222222,15.371978494625644,15.371978494625644,15.46871866624268,0.09674017161703577,0.629328044212774,0.09674017161703577,4.040917147777348,4.036821967389292,-0.004095180388056008,-0.10134284466358105,11.209775875208953,11.138045068522622,-0.0717308066863307,-20.539120555759965,0.10996676914153769,0.11018834322217542,0.00022157408063773476,0.20149185282741902,99.7497057542874,99.93426627871767,949.1740570678912,949.1740570678912,711.3352387000822,711.3869156469226,756.0782691809743,756.0963561123684,0.018086931394122985,0.6025718910245049,0.6030577952713992,0.3102695345187604,False,False,3,3
rice,120,2011,1,0,2011-01a,2010/11,756.0782691809743,691.025703962064,0.913960541030522,18.160597222222222,15.46871866624268,15.46871866624268,15.749575463186932,0.2808567969442509,1.8156435772354147,0.2808567969442509,0.0,0.0,0.0,0.0,0.9843960971729757,0.7291217868509534,-0.2552743103220223,-32.35284514104049,0.1052790215902477,0.1060052823526825,0.0007262607624348022,0.6898437613349532,92.27658327372706,92.83628454916047,756.0782691809743,756.0782691809743,570.213797126945,570.3705134840664,691.025703962064,691.0805546870565,0.05485072499254784,1.0,1.0,0.2911902508367132,False,False,0,0
rice,121,2011,1,1,2011-01b,2010/11,691.025703962064,632.4712783415048,0.9152644752795278,18.160597222222222,15.749575463186932,15.749575463186932,16.030959999059785,0.28138453587285256,1.7866166394806067,0.28138453587285256,0.0,0.0,0.0,0.0,-1.2410604492072252,-1.4968220977906839,-0.2557616485834586,-33.48894021462452,0.10844974613035348,0.1092220539355583,0.0007723078052048193,0.7121342674942988,93.53156497676613,94.12607845609017,691.025703962064,691.025703962064,523.7273450461805,523.8938088203913,632.4712783415048,632.5295406624786,0.0582623209737676,1.0,1.0,0.2837081435136734,False,False,0,0
rice,122,2011,2,0,2011-02a,2010/11,632.4712783415048,579.7903302989155,0.9167061812186449,18.160597222222222,16.030959999059785,16.030959999059785,16.312236092379397,0.2812760933196132,1.7545804701409646,0.2812760933196132,0.0,0.0,0.0,0.0,-1.8497510685132994,-2.116717590711417,-0.2669665221981177,-33.32642532283593,0.11081241693015473,0.11165446610174344,0.000842049171588713,0.7598870189064264,94.91058402936885,95.56571137044332,632.4712783415048,632.4712783415048,481.95428393410674,482.13771958960757,579.7903302989155,579.8545327783407,0.06420247942526203,1.0,1.0,0.28076308367586794,False,False,0,0
rice,123,2011,2,1,2011-02b,2010/11,579.7903302989155,531.4994058425353,0.9167096760108376,18.160597222222222,16.312236092379397,16.312236092379397,16.598434745356023,0.28619865297662517,1.7545028857835676,0.28619865297662517,0.0,0.0,0.0,0.0,-0.7611924534660659,-1.0155219715286279,-0.254329518062562,-32.75526549446178,0.10921610905578309,0.10999499255911571,0.0007788835033326197,0.7131580771979324,87.02579502973045,87.50459576930855,579.7903302989155,579.7903302989155,441.81626042354367,441.9503246306255,531.4994058425353,531.546328315014,0.04692247247862724,1.0,1.0,0.2453786281600631,False,False,0,0
rice,124,2011,3,0,2011-03a,calm,531.4994058425353,578.3450246619838,1.0881386099485635,18.160597222222222,16.598434745356023,16.598434745356023,16.32038093117308,-0.27805381418294295,-1.6751809339175068,0.27805381418294295,0.8200051588550406,0.8254054161360859,0.0054002572810453175,0.6585638178893418,3.144352761275414,3.415779314777976,0.27142655350256195,-29.8508009809768,0.10625455629644655,0.1054790554986188,-0.0007755007978277467,-0.7298518057560998,91.78559943386371,91.17728396445487,888.3945322214968,888.4925428912085,665.3440310409594,665.2442703917175,578.3450246619838,578.310108434749,-0.034916227234703,0.86478457797475,0.8633983865241321,0.2840032831575082,False,False,2,2
rice,125,2011,3,1,2011-03b,calm,578.3450246619838,623.673316233947,1.0783758649924509,18.160597222222222,16.32038093117308,16.32038093117308,16.075935663003754,-0.2444452681693259,-1.4977914375908847,0.2444452681693259,1.0620848488109367,1.0670167034287068,0.004931854617770126,0.4643559903233356,7.654224906358578,7.896402247213089,0.2421773408545116,-25.76818104826539,0.10503893495963121,0.1043621619883248,-0.0006767729713064025,-0.6443067721188351,91.79854711151005,91.26935980983053,947.4317166140063,947.4109200554733,707.8544291533074,707.6912831866933,623.673316233947,623.6162151456322,-0.057101088314880144,0.84363766322098,0.843633431966506,0.2896395212997892,False,False,3,3
rice,126,2011,4,0,2011-04a,calm,623.673316233947,653.9334011366527,1.0485191271055676,18.160597222222222,16.075935663003754,16.075935663003754,15.924323366845474,-0.15161229615828106,-0.9431009139156546,0.15161229615828106,0.998494486707348,1.0015533710478743,0.003058884340526369,0.30634964751917626,18.03281496363728,18.18285755862468,0.1500425949874007,-15.439441231233744,0.1048989102553364,0.10447969838092708,-0.0004192118744093254,-0.3996341557685527,95.44778779059713,95.11833380807448,949.1740570678911,949.1740570678912,710.1307016702488,710.0384545551426,653.9334011366527,653.9011146463655,-0.03228649028721975,0.8436457698412624,0.8436437355956456,0.31066228925364264,False,False,3,3
rice,127,2011,4,1,2011-04b,calm,653.9334011366527,650.1296298423745,0.9941832436029929,18.160597222222222,15.924323366845474,15.924323366845474,15.942913881170949,0.018590514325477737,0.11674288380869788,0.018590514325477737,2.7026765684361687,2.701109435151853,-0.0015671332843156804,-0.05798449221108466,22.953735968010232,22.935782506930586,-0.017953461079645905,-8.839712859783226,0.10982959632739057,0.10988483222854459,5.523590115401322e-05,0.050292364718669054,100.51190729996573,100.55661866735547,854.058540429181,854.0800968241091,643.0654831530007,643.0935229402181,650.1296298423745,650.1394437679006,0.009813925526145795,0.8435938374338692,0.8435939467936797,0.3142764091406695,False,False,4,4
rice,128,2011,5,0,2011-05a,calm,650.1296298423745,677.761805293788,1.0425025628475248,18.160597222222222,15.942913881170949,15.942913881170949,15.810742801415198,-0.1321710797557494,-0.8290271197653983,0.1321710797557494,3.542201770255603,3.5533434576066263,0.0111416873510235,0.3145412958850033,35.69564364873903,35.82324603434227,0.12760238560323955,7.40349347022098,0.2858823608413886,0.284964549467377,-0.0009178113740116456,-0.3210451219552016,262.0632360168077,261.37140167918744,910.6958284388791,910.7280646494961,729.0787025606991,728.9081990178097,677.761805293788,677.7021290537768,-0.059676240011185655,0.8434031647568272,0.8434016850928008,0.3422307518287575,False,False,4,4
rice,129,2011,5,1,2011-05b,calm,677.761805293788,711.8393815892841,1.0502795761421293,18.160597222222222,15.810742801415198,15.810742801415198,15.65637770072771,-0.15436510068749054,-0.9763304774882148,0.15436510068749054,4.497367058134602,4.510379645252355,0.013012587117753327,0.2893378936953087,34.474151152982174,34.62220962682489,0.14805847384271686,10.245832311335326,0.3690022734913747,0.3675848637846696,-0.0014174097067051195,-0.38411950508978393,327.5749568082988,326.52578485005057,949.1740570678911,949.1740570678912,775.1263089952052,774.8325408468959,711.8393815892841,711.7365627373758,-0.10281885190829598,0.8439637937574556,0.8439638509323478,0.3314245351193181,False,False,4,4
rice,130,2011,6,0,2011-06a,calm,711.8393815892841,735.1113493685982,1.032692723079406,18.160597222222222,15.65637770072771,15.65637770072771,15.555968910708746,-0.10040879001896545,-0.6413283579272518,0.10040879001896545,4.452063069359409,4.45964832301987,0.007585253660461255,0.17037615016430283,37.389813690633446,37.46572713817578,0.07591344754233376,11.374830406431784,0.3702878888985853,0.36960871745758067,-0.0006791714410046557,-0.18341713606265625,341.44569182362153,340.8096776558712,948.2304505430503,948.1507291735397,778.3307181016102,778.0952347485926,735.1113493685982,735.028930195042,-0.08241917355621808,0.8396980157121332,0.8394715455150568,0.3529643821488666,False,False,4,4
rice,131,2011,6,1,2011-06b,calm,735.1113493685982,757.3128171086839,1.030201503158882,18.160597222222222,15.555968910708746,15.555968910708746,15.463672049101287,-0.09229686160745697,-0.5933212012523355,0.09229686160745697,4.854764287658127,4.861736736058558,0.006972448400430764,0.14362074010794415,45.366254283380506,45.435907039075246,0.06965275569474016,18.161312443503796,0.4480518341919939,0.447419562461233,-0.0006322717307609138,-0.14111575547975108,411.20997589782195,410.6120393048975,949.1740570678911,949.1740570678911,798.5441143402718,798.3766920942529,757.3128171086839,757.2542193225773,-0.0585977861065885,0.8278315690789072,0.8275706817708978,0.35574266334011034,False,False,4,4
rice,132,2011,7,0,2011-07a,calm,757.3128171086839,777.3596940751756,1.0264710652105795,18.160597222222222,15.463672049101287,15.463672049101287,15.383079636085903,-0.08059241301538639,-0.5211725440082017,0.08059241301538639,5.440246554081534,5.448177092573014,0.007930538491480732,0.14577535066918726,54.631068480760426,54.691846847398864,0.06077836663843783,27.276359246561295,0.532827432241435,0.532274934800935,-0.0005524974405000105,-0.10369162829620653,504.67111001977736,504.1526976227099,935.1134689388607,934.9352479272242,814.5896084415174,814.3161338419602,777.3596940751756,777.2639779653307,-0.09571610984494328,0.68069682604978,0.6801593260591562,0.37943738375985586,False,False,5,5
rice,133,2011,7,1,2011-07b,calm,777.3596940751756,802.6969878273724,1.032594041015132,18.160597222222222,15.383079636085903,15.383079636085903,15.284715710634762,-0.09836392545113909,-0.6394293456064236,0.09836392545113909,5.779890973049374,5.789496108666655,0.009605135617280602,0.16618195156392532,63.25800452010221,63.32703299101076,0.06902847090854891,35.615917469093766,0.5885412072631073,0.5879370991954268,-0.0006041080676805199,-0.10264499073731866,594.0951458918339,593.4098313672617,949.1740570678911,949.1740570678912,849.7519619385951,849.560073871715,802.6969878273724,802.6298270039645,-0.06716082340790308,0.6336155299925255,0.6327656380910983,0.4221957292504233,False,False,4,4
rice,134,2011,8,0,2011-08a,calm,802.6969878273724,820.99993702955,1.0228018162267152,18.160597222222222,15.284715710634762,15.284715710634762,15.215949819135169,-0.06876589149959385,-0.44989970897363885,0.06876589149959385,8.098749598414011,8.112372418379833,0.013622819965821265,0.1682089290486156,77.32398398198013,77.36054772512263,0.03656374314249433,54.070110189918495,0.7137867565700916,0.7134656729533798,-0.00032108361671179253,-0.04498312889057688,655.9906941608996,655.6261939411764,932.3801861666259,932.3114083910762,854.9911284050226,854.8395483451043,820.99993702955,820.9468840085785,-0.05305302097144704,0.43050425066463266,0.4300002146719595,0.37016717256467546,False,False,6,6
rice,135,2011,8,1,2011-08b,calm,820.99993702955,841.7853832171155,1.0253172323773485,18.160597222222222,15.215949819135169,15.215949819135169,15.140053715986976,-0.07589610314819435,-0.49879306944578283,0.07589610314819435,13.203394406808748,13.220106249998812,0.016711843190064357,0.12657232432173932,85.91725189375552,85.95500257913048,0.0377506853749594,71.05931725694475,0.8346177158065841,0.834267157283727,-0.00035055852285703626,-0.042002286342346866,717.6069473682333,717.0856691707759,943.6902512135761,943.7225678242474,880.38692613688,880.2642362012755,841.7853832171155,841.7424417396539,-0.042941477461567956,0.45150577521730845,0.4519900788844093,0.3363419476831275,False,False,7,7
rice,136,2011,9,0,2011-09a,calm,841.7853832171155,864.497156021316,1.0269804789403698,18.160597222222222,15.140053715986976,15.140053715986976,15.059653458315694,-0.08040025767128148,-0.5310434109383885,0.08040025767128148,23.99197755180223,24.032151924587925,0.04017437278569602,0.16744919296024519,97.5412048879491,97.58313332934344,0.04192844139433305,94.96002696380599,0.9745606261968063,0.9741580698984282,-0.00040255629837804285,-0.041306439800364886,850.1706812662545,849.7305257781711,928.6505165321348,928.6025195683809,906.6761626576883,906.5183613071222,864.497156021316,864.4419255486177,-0.05523047269821291,0.2717720949146423,0.27153187181076593,0.3489109217246016,False,False,10,10
rice,137,2011,9,1,2011-09b,calm,864.497156021316,890.391330148973,1.029952873699238,18.160597222222222,15.059653458315694,15.059653458315694,14.971024034497674,-0.08862942381801847,-0.5885223326243192,0.08862942381801847,35.8436549250412,35.8885763972868,0.04492147224559773,0.12532614862948743,108.52517161840599,108.56939090849733,0.044219290091334074,117.84891560555867,1.0829161527473874,1.0824904713701573,-0.0004256813772300916,-0.03930880300844405,911.3019588384043,910.7157729123054,949.0499474958491,949.0497997401159,938.4805106717646,938.316272228329,890.391330148973,890.3338466937705,-0.057483455202486766,0.24363652142293618,0.24324046834075558,0.3316337865573741,False,False,12,12
rice,138,2011,10,0,2011-10a,calm,890.391330148973,883.5411725491249,0.9923065764817117,18.160597222222222,14.971024034497674,14.971024034497674,14.994166657785268,0.023142623287594016,0.1545827675800036,0.023142623287594016,50.31223571259711,50.30080129425774,-0.011434418339369756,-0.02272691359749458,120.92254993816138,120.9094563216834,-0.013093616477988235,134.23417265413244,1.106624992904732,1.1067410665587154,0.00011607365398336178,0.01048897817486347,669.5085520602876,669.4940108672246,949.1070232158105,949.1069900698304,870.8194512922641,870.8153558931008,883.5411725491249,883.5397391594178,-0.0014333897071310275,0.18854145313700896,0.18845208490312015,0.1763943371322575,False,False,11,11
rice,139,2011,10,1,2011-10b,calm,883.5411725491249,863.9803859255206,0.9778609223527536,18.160597222222222,14.994166657785268,14.994166657785268,15.061454544871431,0.06728788708616296,0.44876043211928524,0.06728788708616296,56.795889144889834,56.762643222828444,-0.033245922061389876,-0.05853578940647882,121.49978973444395,121.46173697110619,-0.03805276333775964,133.0558503399307,1.092137077197735,1.0924685285196127,0.0003314513218777293,0.030348875502714843,562.2002614467171,562.3436238957876,930.8849132809968,930.878575424232,827.6532107673985,827.6887889962676,863.9803859255206,863.9928383056249,0.012452380104264194,0.2559195083900504,0.25617148082700925,0.11672135408828499,False,False,11,11
rice,140,2011,11,0,2011-11a,calm,863.9803859255206,838.2359958853781,0.9702025758228707,18.160597222222222,15.061454544871431,15.061454544871431,15.152853721607581,0.09139917673614899,0.6068416331493779,0.09139917673614899,59.91143606861998,59.85875759111239,-0.05267847750758392,-0.08792724889326349,125.04337559095794,124.98534957646687,-0.05802601449106248,114.94402147301857,0.9216898325154643,0.9221047173292308,0.0004148848137665029,0.045013495769417836,477.2584069811152,477.68425143698454,912.2119886890491,912.3050484270661,790.4249858108276,790.6112252698432,838.2359958853781,838.3011796960336,0.06518381065552603,0.20528510566968078,0.20605000232187548,0.11584081467517969,False,False,12,12
rice,141,2011,11,1,2011-11b,calm,838.2359958853781,819.8874570812507,0.9781105334366523,18.160597222222222,15.152853721607581,15.152853721607581,15.220076790237593,0.0672230686300133,0.44363305991765056,0.0672230686300133,61.48650258729495,61.44775815834849,-0.03874442894645824,-0.06301290090691232,127.29709640614104,127.25429884020983,-0.04279756593120965,116.30504054558445,0.9162317189703151,0.9165306470677391,0.0002989280974240449,0.03262581847308103,492.54046678966165,492.80889880978015,899.8614841681275,899.9142204005277,785.8115993021571,785.9247303551183,819.8874570812507,819.9270529497871,0.03959586853648034,0.17530054727880504,0.1754881428006794,0.12863992696387988,False,False,12,12
rice,142,2011,12,0,2011-12a,calm,819.8874570812507,806.4865572400452,0.9836551959351691,18.160597222222222,15.220076790237593,15.220076790237593,15.270324480801682,0.05024769056408655,0.33014084788531584,0.05024769056408655,52.79322403398349,52.76426346856363,-0.028960565419865247,-0.05485659561390504,120.11395334014362,120.08196585328082,-0.031987486862803394,108.68587365795742,0.9078652931377554,0.9080994805492828,0.00023418741152736455,0.02579539203640754,499.32064271059636,499.5112453367289,891.374155363467,891.4099628503724,781.5991718206633,781.6783219465522,806.4865572400452,806.5142597841062,0.02770254406107142,0.19337732091096596,0.19348886793702652,0.13658306650981591,False,False,12,12
rice,143,2011,12,1,2011-12b,calm,806.4865572400452,797.2630017754927,0.9885632867879196,18.160597222222222,15.270324480801682,15.270324480801682,15.305494653996817,0.03517017319513724,0.23031713071555393,0.03517017319513724,53.51423478790535,53.49396424232981,-0.020270545575542087,-0.03787879179414781,122.26905614223875,122.24666682422776,-0.022389318010993975,110.57231263099001,0.9073097570838362,0.9074707632691585,0.00016100618532233213,0.01774544846071296,508.28741586027144,508.41074967200836,885.8514794252256,885.8730828265371,780.1335416270385,780.183629543269,797.2630017754927,797.2805325461735,0.017530770680764363,0.2084061765508146,0.20846849718441457,0.14323892523943965,False,False,12,12
