crop,step,tag,episode,in_first_model_year,p_prev,p_official,root_sign_changes,L_max_global,max_positive_slope,monotone_decreasing,resid_at_60,resid_at_1200,fp,fp_residual,fp_slope,fp_minus_official,fp_pct_of_official,picard_iters,picard_fp,picard_minus_bisect,free_official,free_negative,twin,max_cut
wheat,0,2006-01a,calm,True,213.5463324652778,211.44496765129992,1,0.05495127202290235,-0.0010711708266866057,True,154.90354306742722,-991.404630836435,211.46567786786025,0.0,-0.010018162075883871,0.020710216560331673,0.009794613128123957,6,211.46567786786238,2.1316282072803006e-12,39.65054798651889,False,40.07949776159205,0.0
wheat,1,2006-01b,calm,True,211.44496765129992,209.1136780638826,1,0.0793404722726695,-0.001039377100827935,True,154.00390571243946,-993.7510445053128,209.14779767341645,0.0,-0.014959174563698562,0.034119609533860285,0.016316297360250635,6,209.14779767344203,2.5579538487363607e-11,38.80328878722267,False,40.35530884816691,0.0
wheat,2,2006-02a,calm,True,209.1136780638826,205.35844627860143,1,0.07816417085809674,-0.0010677144939663797,True,150.3704861757593,-997.7832439923857,205.42236450941337,0.0,-0.017525812183353126,0.06391823081193593,0.031125201797261685,6,205.42236450951907,1.057003373716725e-10,30.999655383989705,False,32.287719930445746,0.0
wheat,3,2006-02b,calm,True,205.35844627860143,201.99283273576924,1,0.10877816800906086,-0.0008581489655506377,True,148.42395893241405,-1000.7758702019474,202.05708808897987,0.0,-0.01967850605324561,0.06425535321062625,0.03181070948922229,6,202.0570880891695,1.8962964531965554e-10,27.44627062687681,False,28.74177524762115,0.0
wheat,4,2006-03a,calm,True,201.99283273576924,198.8717430401989,1,0.10804166057291212,-0.0014493001377328366,True,145.02198391621118,-1005.6897451766952,198.93021601703788,0.0,-0.01929947023021761,0.05847297683897068,0.02940235548051251,6,198.93021601719445,1.5657519725209568e-10,22.594229402169162,False,25.12766883027612,0.0
wheat,5,2006-03b,calm,True,198.8717430401989,197.94332578790713,1,0.07590458064652335,-0.001603357555003085,True,142.394987094215,-1005.9549292212063,197.95713250924837,0.0,-0.015140571535783083,0.013806721341239836,0.006975088089624957,6,197.95713250925934,1.0970779840135947e-11,26.178810243551908,False,29.33879128847036,0.0
wheat,6,2006-04a,calm,True,197.94332578790713,206.61132333807154,1,0.058511153201834504,-0.0015990961134493007,True,150.2969751576806,-997.5686696702563,206.4951777593032,0.0,-0.013230301576704108,-0.11614557876833942,-0.056214527302694876,6,206.49517775925614,-4.7066350816749036e-11,40.171497550946455,False,38.6785205173492,0.0
wheat,7,2006-04b,calm,True,206.61132333807154,206.2434777035392,1,0.02206314916345051,-0.0005386062711646586,True,147.7569437218884,-995.2084339464241,206.2453306494805,0.0,-0.0050685909199779345,0.0018529459412945926,0.0008984264433118582,5,206.24533064947929,-1.2221335055073723e-12,49.38705217369521,False,52.64707004880996,0.0
wheat,8,2006-05a,calm,True,206.2434777035392,199.1186100471,1,0.021285371262989787,-0.0005679645566085325,True,140.521702244605,-1002.315767037843,199.15301049366792,0.0,-0.004957286859655087,0.034400446567929066,0.01727635933165258,5,199.15301049364717,-2.0747847884194925e-11,67.67291431616788,False,70.58752481999328,0.0
wheat,9,2006-05b,calm,True,199.1186100471,194.6824303972993,1,0.014508413149919274,-0.00038941187093563073,True,135.62329178707964,-1006.3404952493177,194.6978499881448,0.0,-0.003535970632964977,0.015419590845510811,0.007920381317432288,5,194.6978499881424,-2.4158453015843406e-12,93.86192141937886,False,96.60643648760527,0.0
wheat,10,2006-06a,2007/08,True,194.6824303972993,196.4011057590365,1,0.022887510069044194,-0.0005208003897762217,True,137.92578625578403,-1005.268659344383,196.38768518899957,0.0,-0.007829993204029531,-0.013420570036942081,-0.006833245660748829,5,196.38768518904996,5.0391690820106305e-11,126.19622898992827,False,129.22070558965726,0.0
wheat,11,2006-06b,2007/08,True,196.4011057590365,194.27065476673766,1,0.014366915074758343,-0.00041513981219205495,True,135.20461092163757,-1006.798685568908,194.27824951486764,0.0,-0.003600933560783469,0.00759474812997496,0.003909364561052227,5,194.27824951486633,-1.3073986337985843e-12,146.87648342512907,False,149.83248290084254,0.0
wheat,12,2006-07a,2007/08,True,194.27065476673766,193.08449136298356,1,0.01284638397990284,-0.0002547796938806563,True,133.93455501548024,-1007.9228534963188,193.08852686465684,0.0,-0.003425747292446626,0.004035501673286035,0.0020900185430737734,5,193.08852686465633,-5.115907697472721e-13,211.74550437426447,False,219.79118989904828,0.0
wheat,13,2006-07b,2007/08,True,193.08449136298356,190.14268739526509,1,0.009831520496965434,-0.00034175515495144573,True,130.79656989199856,-1010.6982632732183,190.15060367439742,0.0,-0.002721736836426067,0.007916279132331283,0.004163336092896946,5,190.15060367439702,-3.979039320256561e-13,273.9480921003435,False,287.06637805083335,0.0
wheat,14,2006-08a,2007/08,True,190.14268739526509,188.0762322794225,1,0.0026141356929337335,1.3444343330935144e-05,False,128.2148422161349,-1011.977546790013,188.07711982092746,0.0,-0.00043387896885972076,0.0008875415049658386,0.0004719051919581361,4,188.07711982092752,5.684341886080802e-14,305.4735153349088,False,322.3564228787537,0.0
wheat,15,2006-08b,2007/08,True,188.0762322794225,186.1540606663034,1,0.0076245651192402035,-0.000223490379886777,True,126.63884673695884,-1014.4428877018206,186.1579795215087,0.0,-0.0020553251865096586,0.003918855205313321,0.0021051677257463612,5,186.15797952150865,-5.684341886080802e-14,270.3789112643192,False,312.2521688583136,0.0
wheat,16,2006-09a,2007/08,True,186.1540606663034,185.02450057112765,1,0.03275487157904271,-0.0005182422529814293,True,126.95322098342851,-1017.1025086099869,185.03305224742476,0.0,-0.00765596358263429,0.008551676297116728,0.004621915622374167,5,185.03305224739535,-2.941646926046815e-11,112.52805493683849,False,134.21879584628874,0.0
wheat,17,2006-09b,2007/08,True,185.02450057112765,192.2200679981091,1,0.14461251493767036,-0.0014484566108358497,True,139.00073819236917,-1011.8315904268834,192.1186575805405,0.0,-0.013950637399216943,-0.10141041756858726,-0.05275745588102947,6,192.1186575804869,-5.360334398574196e-11,75.08954727640577,False,111.70954945492457,0.0
wheat,18,2006-10a,2007/08,True,192.2200679981091,204.1875144459804,1,0.10657110160794117,-0.004278759982462338,True,150.31660764415764,-1007.5406759039554,203.94363520857303,0.0,-0.02000786893740564,-0.24387923740738415,-0.11943885896701316,7,203.9436352085886,1.5575096767861396e-11,37.97484350148443,False,58.239940514326804,0.0
wheat,19,2006-10b,2007/08,True,204.1875144459804,219.11708876032571,1,0.14661825856889432,-0.0050056960465160545,True,167.60933200653884,-993.9236751540058,218.7444145654299,0.0,-0.024449612327123605,-0.3726741948958079,-0.17007993169507912,7,218.7444145655095,7.958078640513122e-11,33.55667520892763,False,54.00479851560095,0.0
wheat,20,2006-11a,2007/08,True,219.11708876032571,238.2476618000314,1,0.1903350852604776,-0.006133518851925342,True,190.14938613951756,-977.2849653100425,237.68149582230348,0.0,-0.02888946407322831,-0.566165977727934,-0.23763757992434548,8,237.68149582229404,-9.43600753089413e-12,32.51559607995932,False,53.20743321903092,0.0
wheat,21,2006-11b,2007/08,True,238.2476618000314,256.53272283913464,1,0.16932126395820543,-0.006504888811162696,True,207.9941118297794,-959.4083997109417,255.75112094651695,0.0,-0.04795307567191695,-0.7816018926176866,-0.30467921751557986,8,255.75112094606203,-4.5491788114304654e-10,32.37382949987901,False,53.3961014877477,0.0
wheat,22,2006-12a,2007/08,True,256.53272283913464,252.1972304570637,1,0.1883752419396905,-0.002956140282491567,True,204.87823033851805,-955.0727249430724,252.304858599002,0.0,-0.025743129734597133,0.10762814193827808,0.04267617917263435,7,252.30485859897072,-3.126388037344441e-11,29.802576390377567,False,50.92315271949656,0.0
wheat,23,2006-12b,2007/08,True,252.1972304570637,253.3161353998168,1,0.14178510677315334,-0.0033185898364178163,True,203.0019513990859,-954.6210947267738,253.28797571138142,0.0,-0.02574270130372373,-0.028159688435380303,-0.011116421143459726,7,253.2879757113896,8.185452315956354e-12,32.174500867376764,False,53.74224263401143,0.0
wheat,24,2007-01a,2007/08,False,253.3161353998168,258.6189946715564,1,0.16134013929523022,-0.003710741557958554,True,209.7921751663601,-950.06656408357,258.47733618588995,0.0,-0.027083757064774186,-0.1416584856664258,-0.054774973449390564,7,258.47733618594594,5.5990767577895895e-11,33.567938377503,False,54.43373169317087,0.0
wheat,25,2007-01b,2007/08,False,258.6189946715564,265.8584427442242,1,0.13708219431201105,-0.0035441512392753328,True,216.26690558845854,-942.4986424179904,265.6640404084254,5.684341886080802e-14,-0.02713521234799587,-0.1944023357987703,-0.07312249849661535,7,265.664040408503,7.759126674500294e-11,35.34288249618163,False,54.98656629825297,0.0
wheat,26,2007-02a,2007/08,False,265.8584427442242,270.78581433406697,1,0.13418347389620458,-0.003352961773883112,True,220.64665462139476,-936.6421646807967,270.68013072718657,0.0,-0.021671808311989407,-0.10568360688040457,-0.039028487197642965,7,270.6801307271975,1.0913936421275139e-11,31.68868267333491,False,47.214681246385965,0.95
wheat,27,2007-02b,2007/08,False,270.78581433406697,268.68839409935094,1,0.10627356616160998,-0.0026400064294258394,True,216.6987013949103,-936.9835389074367,268.72310484756406,0.0,-0.01690860820341496,0.03471074821311504,0.012918588586405521,6,268.72310484761203,4.7975845518521965e-11,32.55296187438017,False,45.437216581560506,0.95
wheat,28,2007-03a,2007/08,False,268.68839409935094,266.64118116247414,1,0.08177921587742415,-0.0036753837427266223,True,212.41684759875545,-938.9739128891053,266.6606791415717,0.0,-0.009614862243677136,0.0194979790975367,0.0073124410162494265,6,266.66067914157327,1.5916157281026244e-12,42.37482336673365,False,41.99931120846223,0.95
wheat,29,2007-03b,2007/08,False,266.64118116247414,274.5267328516132,1,0.20812046019251162,-0.0026879303319667243,True,230.44096913463136,-933.2833345238813,274.2800214331383,0.0,-0.031738016833163685,-0.24671141847488798,-0.08986790317729826,7,274.28002143339035,2.5204371922882274e-10,34.28474974004629,False,45.29291791931783,0.95
wheat,30,2007-04a,2007/08,False,274.5267328516132,308.3274867350158,1,0.10240993542821705,-0.0028835633748203336,True,256.3875076011724,-897.4456004912801,307.82222041359864,0.0,-0.014177988811485579,-0.5052663214171389,-0.16387326565256155,7,307.82222041360274,4.092726157978177e-12,34.68566409707873,False,52.18077704630193,0.95
wheat,31,2007-04b,2007/08,False,308.3274867350158,310.0629500079504,1,0.10856830356011297,-0.003525947652398237,True,259.61257535909914,-896.2098618767732,310.03490096485825,0.0,-0.016375766217970426,-0.02804904309215317,-0.009046241445949591,6,310.0349009648252,-3.3026026358129457e-11,34.85832555678164,False,60.81915175622743,0.95
wheat,32,2007-05a,2007/08,False,310.0629500079504,319.2745540446062,1,0.08302006191472665,-0.0017709972644497538,True,265.7336517076905,-884.1524495598844,319.1873866867872,0.0,-0.009377633659446239,-0.08716735781899843,-0.027301692764034113,6,319.1873866867809,-6.30961949354969e-12,46.92816178624491,False,77.54150110869185,0.95
wheat,33,2007-05b,2007/08,False,319.2745540446062,322.92010355398463,1,0.039400936069349655,-0.0010687687988433878,True,266.3029877634001,-879.0221310966497,322.90119916617834,0.0,-0.0051771417877824,-0.01890438780628756,-0.005854199722541335,5,322.9011991661919,1.3528733688872308e-11,66.81893309845849,False,103.30455957333412,0.95
wheat,34,2007-06a,2007/08,False,322.92010355398463,328.3139265851153,1,0.03256412753906954,0.00971305703974157,False,271.44083786783466,-873.9891641227118,328.2818009697594,0.0,-0.00593422929655885,-0.0321256153559375,-0.009785029739702175,5,328.2818009697992,3.979039320256561e-11,113.05739906463549,False,135.6873963982658,0.95
wheat,35,2007-06b,2007/08,False,328.3139265851153,330.0636502477484,1,0.03229656895711197,-0.0010535799279360204,True,273.02485895034215,-871.7346401387265,330.0555947451502,0.0,-0.004611128864474712,-0.008055502598210751,-0.0024405906533979814,5,330.05559474515377,3.581135388230905e-12,135.04816050220802,False,156.29917370945105,0.95
wheat,36,2007-07a,2007/08,False,330.0636502477484,336.7138417136693,1,0.03656369201049176,-0.00100726258140866,True,279.94094357013455,-865.0407550335474,336.6806961616109,0.0,-0.004954173300863198,-0.033145552058385874,-0.009843834126240581,5,336.68069616163086,1.9952040020143613e-11,202.84311822853846,False,226.25788070765685,0.95
wheat,37,2007-07b,2007/08,False,336.7138417136693,346.52243924222546,1,0.023841142465722717,-0.0009297874220537118,True,288.85681809381305,-854.9768494219763,346.48677296749594,0.0,-0.0035931318258719137,-0.035666274729521774,-0.01029263063238176,5,346.48677296750185,5.9117155615240335e-12,271.02714837602696,False,293.53306885944187,0.95
wheat,38,2007-08a,2007/08,False,346.52243924222546,363.7036412684463,1,0.009066320833147054,-0.00022325992862885639,True,304.50726188874614,-836.6877360236236,363.68600162725613,0.0,-0.0009972157371318704,-0.017639641190157818,-0.004850004011133384,5,363.68600162725613,0.0,306.12755710895766,False,328.4555863214747,0.95
wheat,39,2007-08b,2007/08,False,363.7036412684463,375.15931417048125,1,0.018871088789721484,-0.0008412389321652321,True,317.12955032180935,-826.0599237580129,375.1272844934082,0.0,-0.0027585412438681785,-0.03202967707306925,-0.008537620115840763,5,375.12728449341006,1.8758328224066645e-12,307.5377882888627,False,318.3032597750142,0.95
wheat,40,2007-09a,2007/08,False,375.15931417048125,363.50027320457514,1,0.024451108585564808,-0.0004418040002188827,True,305.77834846518056,-837.2342409629806,363.53293051883645,0.0,-0.0028621050661753124,0.03265731426131424,0.00898412371837062,5,363.53293051883435,-2.1032064978498966e-12,134.76468279895863,False,140.22190362356753,0.95
wheat,41,2007-09b,2007/08,False,363.50027320457514,357.41107394717653,1,0.03375789480486943,-0.0009368162031614203,True,300.5034511831878,-844.0952107538037,357.434858912339,0.0,-0.003961274761023875,0.023784965162462868,0.0066547924494298576,5,357.43485891233314,-5.8548721426632255e-12,102.13582531727533,False,117.62923699907583,0.95
wheat,42,2007-10a,2007/08,False,357.41107394717653,366.701217898016,1,0.08035483041050623,-0.002491482468920411,True,313.5698561809849,-837.0299567508875,366.6258959565296,0.0,-0.00804368009530144,-0.07532194148643612,-0.02054041214212276,6,366.6258959565271,-2.5011104298755527e-12,47.84831777384451,False,64.11118239620373,0.95
wheat,43,2007-10b,2007/08,False,366.701217898016,370.84666850450924,1,0.0821209630096251,-0.003962510999862946,True,317.9743300538813,-834.6895267048488,370.8128584870405,0.0,-0.0081654814500725,-0.03381001746873835,-0.009116980234737431,6,370.8128584870392,-1.3073986337985843e-12,48.404215520242516,False,59.84109812507825,0.95
wheat,44,2007-11a,2007/08,False,370.84666850450924,384.92195478340983,1,0.08433268564576868,-0.00428588881428988,True,333.4546545903255,-821.9975858248774,384.6768741905914,0.0,-0.01732599579321962,-0.24508059281845362,-0.06367020373165179,7,384.676874190598,6.650680006714538e-12,47.85849784423897,False,59.0081755650578,0.95
wheat,45,2007-11b,2007/08,False,384.92195478340983,395.64828465062703,1,0.07847718126199968,-0.003695314323139498,True,344.47118534332856,-810.1449992519422,395.4926849943954,0.0,-0.014479944040935328,-0.15559965623162952,-0.03932777223311612,6,395.4926849942964,-9.902123565552756e-11,51.332911501947144,False,59.18627395751108,0.95
wheat,46,2007-12a,2007/08,False,395.64828465062703,397.0328201803409,1,0.07678243163917084,-0.0009632039939333789,True,343.9864226056409,-805.013141086866,397.02293900099266,0.0,-0.007172577623247577,-0.009881179348212754,-0.0024887563057695104,5,397.0229390010188,2.6147972675971687e-11,54.44355598690293,False,56.70568969166101,0.95
wheat,47,2007-12b,2007/08,False,397.0328201803409,399.05418301992614,1,0.0544205991586391,-0.0004564783502079035,True,344.1951584523365,-801.8963314979268,399.0424565724493,0.0,-0.005816843735401094,-0.011726447476860358,-0.00293856021959675,5,399.04245657246264,1.3358203432289883e-11,60.29400522257831,False,59.498412021296105,0.95
wheat,48,2008-01a,2007/08,False,399.05418301992614,408.5754175873059,1,0.05870355678509214,-0.0012498455275858121,True,353.69978353226145,-793.3000556600746,408.5300953821667,0.0,-0.004713455107972244,-0.04532220513920038,-0.011092739109668967,5,408.5300953821891,2.2396307031158358e-11,62.34884356388039,False,60.155830583265356,0.95
wheat,49,2008-01b,2007/08,False,408.5754175873059,416.8577569838364,1,0.054635069498289585,-0.0009224241742494812,True,361.3726575267766,-784.4937210566954,416.82935069366346,0.0,-0.003398815106409245,-0.028406290172938498,-0.006814384450578893,5,416.82935069366727,3.808509063674137e-12,64.82771432040826,False,60.662041468247736,0.95
wheat,50,2008-02a,2007/08,False,416.8577569838364,421.1224447198871,1,0.05539744947179966,5.882547344427218e-05,False,365.0761871625466,-778.8784504500702,421.121520976719,0.0,-0.00021295539487679123,-0.0009237431680730879,-0.00021935263238878727,4,421.121520976719,0.0,61.65862954299668,False,52.70949101740274,0.95
wheat,51,2008-02b,2007/08,False,421.1224447198871,427.76220635841855,1,0.020829932527983153,0.004546099265142635,False,368.3369347459364,-771.9856527707575,427.7746733380179,0.0,0.0018568804101249422,0.012466979599366823,0.002914464956008956,5,427.7746733380178,-1.1368683772161603e-13,61.421015129029776,False,49.713091187052214,0.95
wheat,52,2008-03a,2007/08,False,427.76220635841855,427.1400132751471,1,0.00717999892739692,0.00717999892739692,False,366.6077732879011,-771.6477146441364,427.1380375822852,0.0,0.003168040323456517,-0.0019756928618903657,-0.00046253986994604054,5,427.1380375822854,1.7053025658242404e-13,72.4947452987714,False,46.18496486912662,0.95
wheat,53,2008-03b,2007/08,False,427.1400132751471,429.54366015435187,1,0.04305090948023141,-0.0010582454531590981,True,373.71694604020894,-771.9426641014625,429.5346000677704,0.0,-0.0037703096306943283,-0.009060086581484939,-0.002109235316901033,5,429.5346000677722,1.8189894035458565e-12,59.600673633175504,False,49.47314613072561,0.95
wheat,54,2008-04a,calm,False,429.54366015435187,456.78398895810733,1,0.12107834209289867,-0.0017858238281701405,True,404.8832275107494,-745.7256697585772,456.61506206394506,0.0,-0.006002917425839114,-0.16892689416226858,-0.03698178969617108,6,456.6150620639437,-1.3642420526593924e-12,61.630938652527135,False,56.36100525770976,0.95
wheat,55,2008-04b,calm,False,456.78398895810733,485.26316167813303,1,0.04874456384541507,-0.0014850849860275587,True,429.9551823036988,-716.5750539587834,485.15821072495373,0.0,-0.0035626791028690766,-0.10495095317929781,-0.02162763660368475,5,485.1582107249707,1.693933882052079e-11,58.089458453933496,False,64.86922247332369,0.95
wheat,56,2008-05a,calm,False,485.26316167813303,500.38281437466776,1,0.04169418625086729,-0.00046365884378774875,True,445.4244025610403,-700.1652011556945,500.3624018442126,0.0,-0.0013263300004130688,-0.020412530455132583,-0.004079382798276611,5,500.3624018442126,0.0,61.298618678323855,False,80.83956313240458,0.95
wheat,57,2008-05b,calm,False,500.38281437466776,515.0023374606108,1,0.029763607093021453,-0.0006489691486821197,True,457.8850878758278,-685.7534673246964,514.9750513579858,0.0,-0.0018343606480036463,-0.02728610262499842,-0.00529824830689926,5,514.9750513579861,3.410605131648481e-13,74.70694478794502,False,106.60180508058495,0.95
wheat,58,2008-06a,calm,False,515.0023374606108,525.822437572516,1,0.02613811852254735,-0.0006755950742668438,True,468.49240569850656,-674.8649170068563,525.8060416696635,0.0,-0.0014982400620827925,-0.016395902852536892,-0.003118144392664061,5,525.8060416696635,0.0,114.07580246987433,False,138.90630377488785,0.95
wheat,59,2008-06b,calm,False,525.822437572516,536.4882728079783,1,0.0336956385392608,-0.0007616543960291242,True,479.97182188465,-664.3239468416547,536.4670588608546,0.0,-0.0019694431055127717,-0.02121394712366964,-0.003954223829094323,5,536.4670588608549,2.2737367544323206e-13,127.92256823529247,False,159.51808108607307,0.95
wheat,60,2008-07a,calm,False,536.4882728079783,527.9156907426271,1,0.019896786963663374,-0.0007186363027039419,True,470.26939365028534,-672.811158046409,527.9309195924156,0.0,-0.0017957145306253107,0.015228849788513799,0.0028847124750338714,5,527.9309195924155,-1.1368683772161603e-13,207.53683436381237,False,229.4767880842789,0.95
wheat,61,2008-07b,calm,False,527.9156907426271,523.715053241941,1,0.012375815772030726,-0.00045130981031132477,True,465.1769758341079,-676.7496246710152,523.7197786167036,0.0,-0.0011311927623731868,0.004725374762642787,0.0009022797289081936,4,523.7197786167104,6.821210263296962e-12,289.58867109615016,False,296.75197623606385,0.95
wheat,62,2008-08a,calm,False,523.715053241941,521.9380887709508,1,0.008231636256225193,-0.0002650183668855985,True,462.86867697491743,-678.3425754331076,521.939313456937,0.0,-0.0006910303883216796,0.001224685986244367,0.00023464200306366466,4,521.9393134569374,3.410605131648481e-13,341.19434038529226,False,331.4969729488382,0.95
wheat,63,2008-08b,calm,False,521.9380887709508,516.7840730285867,1,0.010535303119962786,-0.00040279975927773397,True,458.0460258089547,-683.6332787720426,516.7892372957058,0.0,-0.0010084439304409016,0.005164267119084798,0.0009993084904532513,4,516.789237295711,5.229594535194337e-12,353.3768503646849,False,321.22972694040857,0.95
wheat,64,2008-09a,calm,False,516.7840730285867,491.2831722150763,1,0.007632289346179672,-0.0002446161417075304,True,432.143282920615,-708.9800738947681,491.29991611506887,0.0,-0.0006767562477432814,0.016743899992547995,0.0034081973369968735,4,491.299916115074,5.115907697472721e-12,211.4466703620204,False,143.1192213726893,0.95
wheat,65,2008-09b,calm,False,491.2831722150763,468.7720674700623,1,0.016907086722017517,0.006450650561391098,False,410.07980238099253,-731.5836475892258,468.79277099975366,0.0,-0.0009478280627113839,0.020703529691331823,0.004416545081934523,5,468.79277099975366,0.0,172.0978374610306,False,120.47024188327168,0.95
wheat,66,2008-10a,calm,False,468.7720674700623,445.4133654088605,1,0.01238463570669872,-0.00035028944199567904,True,386.69500032212636,-755.0188275404365,445.43916880900684,0.0,-0.0011402915232579713,0.025803400146344302,0.005793135579274425,5,445.4391688090068,-5.684341886080802e-14,114.97290843581662,False,66.86053183496415,0.95
wheat,67,2008-10b,calm,False,445.4133654088605,425.6121397406929,1,0.015506875412914883,-0.0003890305691113638,True,367.14176061847115,-774.8960286521183,425.6378204176473,0.0,-0.001334423318669388,0.025680676954380033,0.0060338215376154825,5,425.6378204176472,-5.684341886080802e-14,112.15890010334337,False,62.569366319638846,0.95
wheat,68,2008-11a,calm,False,425.6121397406929,408.43819354787365,1,0.011507609585347025,-0.0003491798640042425,True,349.55026704968066,-792.0020709012001,408.45653541149704,0.0,-0.001096122796969638,0.018341863623390964,0.004490731746721695,5,408.456535411497,-5.684341886080802e-14,112.54371443984746,False,61.71511329207158,0.95
wheat,69,2008-11b,calm,False,408.43819354787365,393.01839037661506,1,0.012044466594975422,-0.00036158591864989535,True,334.2031913882695,-807.4993437517026,393.0388937870181,0.0,-0.0013624304093183739,0.02050341040302328,0.005216908649840944,5,393.03889378701797,-1.1368683772161603e-13,114.34018843178973,False,61.87771598877745,0.95
wheat,70,2008-12a,calm,False,393.01839037661506,379.83768320529725,1,0.011917984602365444,-0.0003332649488815607,True,320.97727961325097,-820.659927392554,379.8546555520244,0.0,-0.0013160097296713604,0.01697234672712966,0.004468315672080469,5,379.8546555520243,-5.684341886080802e-14,107.7138551828117,False,59.384640185512325,0.95
wheat,71,2008-12b,calm,False,379.83768320529725,367.30587927883147,1,0.011815764813259745,-0.00032886524045832146,True,308.4188646765036,-833.2032471866783,367.3225403637084,0.0,-0.0013583701970809998,0.016661084876943733,0.004536024555244287,5,367.32254036370836,-5.684341886080802e-14,111.97038417803805,False,62.15248253653658,0.95
wheat,72,2009-01a,calm,False,367.30587927883147,355.21431536663243,1,0.011916110465192194,-0.000331197909537505,True,296.3175600923587,-845.314300698109,355.231120787639,0.0,-0.001420093435986409,0.016805421006552024,0.004731065241333645,5,355.23112078763893,-5.684341886080802e-14,115.22926195859236,False,62.790526671490056,0.95
wheat,73,2009-01b,calm,False,355.21431536663243,343.90073622021237,1,0.012798494224729465,-0.00034638242121283285,True,285.05669840673204,-856.6719943334933,343.9179844849463,0.0,-0.001557117169474159,0.01724826473395069,0.00501547769961911,5,343.91798448494626,-5.684341886080802e-14,118.59740972126258,False,63.27215920723336,0.95
wheat,74,2009-02a,calm,False,343.90073622021237,332.73789933987086,1,0.01693836892099042,-0.000402998371659168,True,274.17618366142113,-867.9613483388055,332.7592982756539,0.0,-0.0019606374438092085,0.021398935783054185,0.006431168744380548,5,332.7592982756536,-3.410605131648481e-13,116.93778579063034,False,55.272262997372934,0.95
wheat,75,2009-02b,calm,False,332.73789933987086,322.21865135283326,1,0.005778144104983524,0.005778144104983524,False,261.8803313268538,-877.8159766738565,322.2196401016289,0.0,-9.877547376157018e-05,0.0009887487956348195,0.00030685647509340726,4,322.21964010162884,-5.684341886080802e-14,117.4124138828488,False,52.07719675897452,0.95
wheat,76,2009-03a,calm,False,322.21865135283326,308.67935692436356,1,0.011121074941009897,0.011121074941009897,False,247.5095634739381,-889.7884042051136,308.6205813642068,0.0,0.0044309420473398154,-0.058775560156732354,-0.0190409753157333,5,308.62058136422945,2.262368070660159e-11,118.61499751267274,False,48.50209121969134,0.95
wheat,77,2009-03b,calm,False,308.67935692436356,297.92756562757734,1,0.010033831382263977,-0.0003073231038255123,True,238.85321060055065,-902.6661099728143,297.9460091328765,0.0,-0.0017582478259850684,0.01844350529916028,0.00619060047710237,5,297.9460091328763,-1.7053025658242404e-13,102.44969315161465,False,51.78070784057374,0.95
wheat,78,2009-04a,calm,False,297.92756562757734,290.3454935800687,1,0.01087847001465952,-0.0002919808800446651,True,231.1103324116208,-910.0938115678247,290.3542224618916,0.0,-0.0011731611146573477,0.008728881822889889,0.0030063775797790097,5,290.35422246189154,-5.684341886080802e-14,102.96855522818075,False,58.66856696755792,0.95
wheat,79,2009-04b,calm,False,290.3454935800687,293.3404461917356,1,0.018772400520156055,-0.00039019295579573545,True,234.83189815343053,-907.512870419187,293.3326920659794,0.0,-0.002579255325166713,-0.007754125756207486,-0.0026433878644676126,5,293.33269206597976,3.410605131648481e-13,99.79380939644051,False,67.16631395122741,0.95
wheat,80,2009-05a,calm,False,293.3404461917356,295.067353095497,1,0.022416570696055193,0.022416570696055193,False,233.53068684788946,-903.8423178349085,295.07229135171474,0.0,0.002842187400941229,0.004938256217712933,0.0016736030488993785,5,295.0722913517144,-3.410605131648481e-13,100.43614678679987,False,82.58656337392736,0.95
wheat,81,2009-05b,calm,False,295.067353095497,295.11652667456246,1,0.014745446517799944,-0.0004454656806573533,True,236.38163803306696,-905.7665294480485,295.1164039868081,0.0,-0.0025009771845547228,-0.00012268775435586576,-4.15726478412911e-05,4,295.1164039868062,-1.9326762412674725e-12,108.60862362572534,False,108.32212347798306,0.95
wheat,82,2009-06a,2010/11,False,295.11652667456246,302.11901084911995,1,0.013636627893347707,-0.0003233981225460977,True,243.2061366999971,-898.5303595485639,302.1061973234981,0.0,-0.0018065196104718425,-0.012813525621822919,-0.00424121791800188,5,302.1061973234982,5.684341886080802e-14,144.64756790763482,False,140.61705071229406,0.95
wheat,83,2009-06b,2010/11,False,302.11901084911995,307.5894714487422,1,0.003399474566114739,0.0008032764923339926,False,247.71947732958262,-892.102542230794,307.59011085847857,0.0,0.00011940763507723829,0.0006394097363795481,0.00020787764072935822,4,307.59011085847857,0.0,157.17501941628257,False,161.15661592685342,0.95
wheat,84,2009-07a,2010/11,False,307.5894714487422,305.6601746387686,1,0.005633259935692826,-8.731494086820108e-05,True,246.09199219571718,-894.5391824534054,305.6613894013799,0.0,-0.0006328001703629259,0.0012147626113119259,0.0003974225993777374,4,305.66138940138023,3.410605131648481e-13,249.54546979817593,False,231.1153229250592,0.95
wheat,85,2009-07b,2010/11,False,305.6601746387686,311.5652633819774,1,0.007968664920637912,-0.00039151900234191014,True,252.3453616143974,-889.1024152970969,311.55583973896285,0.0,-0.0015811588674287688,-0.009423643014542904,-0.0030246128571109567,5,311.5558397389629,5.684341886080802e-14,323.8440584561789,False,298.3905110768442,0.95
wheat,86,2009-08a,2010/11,False,311.5652633819774,326.22840603950976,1,0.018476295117460188,-0.00029523219952528977,True,267.9849255529806,-874.8059881210322,326.1820422122447,0.0,-0.003097691453318825,-0.04636382726505417,-0.01421207546820402,5,326.18204221224903,4.320099833421409e-12,370.3808012592446,False,333.06770939572243,0.95
wheat,87,2009-08b,2010/11,False,326.22840603950976,332.02584764016876,1,0.011866138912098803,-0.000684510767278471,True,273.2084270847364,-869.0325324524322,332.01407440584944,0.0,-0.002016231920479678,-0.011773234319321091,-0.003545878853407904,5,332.0140744058496,1.7053025658242404e-13,402.9910238207251,False,322.7229891454266,0.95
wheat,88,2009-09a,2010/11,False,332.02584764016876,317.77358355651404,1,0.00446181754213875,-0.00010385861863844452,True,258.17105119740813,-882.4279360891644,317.7821550715786,0.0,-0.0006178361739964731,0.008571515064545565,0.002697365516860584,4,317.7821550715806,1.9895196601282805e-12,227.00106726717456,False,144.59223673956274,0.95
wheat,89,2009-09b,2010/11,False,317.77358355651404,304.9623875873961,1,0.007961609843385682,-0.00020725039308800732,True,245.64942466553185,-895.4202450135754,304.9759270812029,0.0,-0.001084046134193531,0.013539493806774772,0.004439725801561225,5,304.9759270812029,0.0,185.40198408718123,False,121.92352420755304,0.95
wheat,90,2009-10a,2010/11,False,304.9623875873961,292.7844576500136,1,0.01297129113800911,-0.0002860797080597569,True,233.73559151849497,-907.798961379088,292.80790500163835,0.0,-0.0019794594085741544,0.023447351624724888,0.008008400381946912,5,292.807905001638,-3.410605131648481e-13,126.4538335008298,False,68.29365506383715,0.95
wheat,91,2009-10b,2010/11,False,292.7844576500136,281.6354260008525,1,0.012010731405840261,-0.0002742543716649786,True,222.45268838149724,-918.9079998964377,281.65321394741073,0.0,-0.0016388694992754852,0.017787946558257772,0.006315947823340921,5,281.65321394741056,-1.7053025658242404e-13,122.60799162300799,False,63.993294943915885,0.95
wheat,92,2009-11a,2010/11,False,281.6354260008525,272.1097809154269,1,0.013345332510070583,0.0011531630031656795,False,212.8280044158828,-928.371559061697,272.1235344850768,0.0,-0.0014789916311356043,0.01375356964990715,0.0050544194345523465,5,272.12353448507673,-5.684341886080802e-14,122.12267309909929,False,63.12966471978393,0.95
wheat,93,2009-11b,2010/11,False,272.1097809154269,264.3278846804445,1,0.014494062560188816,-0.00014854962429174215,True,205.14913892786757,-936.2549512004413,264.34142916790745,0.0,-0.0017762287496184636,0.013544487462922916,0.005124123578296453,5,264.34142916790734,-1.1368683772161603e-13,122.76966513036392,False,63.28504176976975,0.95
wheat,94,2009-12a,2010/11,False,264.3278846804445,257.67834380663385,1,0.01037764531442837,-0.00028605434975186673,True,198.48875900919506,-942.9265516975945,257.6901860185306,0.0,-0.0018117511425207438,0.011842211896748722,0.004595734248290309,5,257.6901860185305,-1.1368683772161603e-13,117.08260983804618,False,60.78536453946265,0.95
wheat,95,2009-12b,2010/11,False,257.67834380663385,251.6791401313003,1,0.010770329224998782,-0.00029386305239418166,True,192.50535147835825,-948.9557321564604,251.69049155879603,0.0,-0.0019229833126901796,0.011351427495725375,0.004510277446833045,5,251.69049155879588,-1.4210854715202004e-13,119.89029871849087,False,63.53972835636952,0.95
wheat,96,2010-01a,2010/11,False,251.6791401313003,246.00660661094616,1,0.011737532601754084,-0.00030914028552855817,True,186.88514112284702,-954.6779331033797,246.0183844041921,0.0,-0.0021098064907331955,0.011777793245926205,0.004787592255419594,5,246.01838440419186,-2.2737367544323206e-13,122.48201681964784,False,64.16752822749291,0.95
wheat,97,2010-01b,2010/11,False,246.00660661094616,241.3871410362135,1,0.00546983728662254,-0.00038556126226971157,True,181.8827141766692,-959.5145293708165,241.40040961073518,0.0,-0.002916002217177572,0.013268574521674736,0.005496802549098566,5,241.40040961073424,-9.379164112033322e-13,125.21610322581559,False,64.6362160652582,0.95
wheat,98,2010-02a,2010/11,False,241.3871410362135,233.59114567962837,1,0.007661221678605659,0.007661221678605659,False,172.98635888328664,-965.8947280218047,233.57816250262647,0.0,0.0016942988619731455,-0.012983177001899548,-0.005558077539337065,5,233.57816250262658,1.1368683772161603e-13,122.48238148778569,False,56.61959777952566,0.95
wheat,99,2010-02b,2010/11,False,233.59114567962837,224.75746197368335,1,0.00862933255351244,0.0043828155962369565,False,165.13218983887316,-974.0587999008858,224.7252255496179,0.0,0.003719628251501053,-0.032236424065445135,-0.014342760316994356,5,224.7252255496241,6.195932655828074e-12,122.23285645032877,False,53.36184548321381,0.95
wheat,100,2010-03a,2010/11,False,224.75746197368335,217.53874854981868,1,0.006132422938373579,0.001846860177206414,False,157.93601553235249,-981.9902004645538,217.54634696627636,-2.842170943040401e-14,-0.0010780010210757944,0.007598416457682333,0.0034929025326916486,4,217.54634696628588,9.521272659185342e-12,109.46355207140275,False,49.75986191418362,0.95
wheat,101,2010-03b,2010/11,False,217.53874854981868,212.13187701173337,1,0.008108257938398594,0.0020908378440397165,False,152.66568417936722,-987.3679477249741,212.1405464819249,0.0,-0.0016325903514946148,0.008669470191534856,0.00408683047246847,5,212.14054648192484,-5.684341886080802e-14,105.83520602521716,False,53.032492794736356,0.95
wheat,102,2010-04a,2010/11,False,212.13187701173337,215.1713413729425,1,0.012982701435671429,-0.0002998729777066808,True,156.01697376427433,-985.6040280516547,215.16343936141072,0.0,-0.002583543011832609,-0.007902011531768949,-0.0036724275088627655,5,215.16343936141106,3.410605131648481e-13,101.00324530276933,False,59.920351921720396,0.95
wheat,103,2010-04b,2010/11,False,215.1713413729425,219.65869142254735,1,0.008988859397817822,0.002335974955950378,False,160.35534644945108,-981.6567458951738,219.63910450885834,0.0,-0.004413604211433601,-0.019586913689011,-0.008916976406516303,5,219.63910450886578,7.44648787076585e-12,97.79011732918079,False,68.41787948672177,0.95
wheat,104,2010-05a,2010/11,False,219.65869142254735,219.28674197438528,1,0.014004912058288004,-0.000453571648352008,True,160.231711488376,-981.7738272287121,219.28776938213093,0.0,-0.002772842025044242,0.0010274077456529085,0.0004685225091140801,4,219.28776938215285,2.191313797084149e-11,99.36108962461965,False,83.39266453209933,0.95
wheat,105,2010-05b,2010/11,False,219.28674197438528,222.68476804964644,1,0.01716807118997932,-0.0003278041790827949,True,163.6970093056225,-978.1609892837023,222.67526515569313,0.0,-0.002777190381514262,-0.009502893953310831,-0.004267419831423858,5,222.6752651556937,5.684341886080801e-13,109.00773689880802,False,109.08288334325717,0.95
wheat,106,2010-06a,2010/11,False,222.68476804964644,232.01057251332293,1,0.013037503802244152,0.0063858258190800194,False,172.4831692403178,-969.3663471541856,231.94839294215186,0.0,-0.006360001598015014,-0.06217957117107176,-0.026800317975811713,6,231.9483929421512,-6.536993168992922e-13,148.71841519733655,False,141.377791067345,0.95
wheat,107,2010-06b,2010/11,False,232.01057251332293,237.6027041036573,1,0.020001596714638373,-8.123055748823202e-05,True,178.84816628766916,-962.6797484552644,237.59659624359517,0.0,-0.0010744990149815959,-0.006107860062115833,-0.0025706189183146667,4,237.5965962435876,-7.560174708487466e-12,163.92893114375136,False,161.89021484145243,0.95
wheat,108,2010-07a,2010/11,False,237.6027041036573,246.1478379352722,1,0.015174930510287938,-0.0005806221973938649,True,187.33534886125213,-955.0489798598294,246.1197647623812,0.0,-0.0032327993189577176,-0.02807317289099842,-0.011405004864751494,5,246.1197647623843,3.097966327914037e-12,230.37619912772908,False,231.8489218396582,0.95
wheat,109,2010-07b,2010/11,False,246.1478379352722,258.3233891800636,1,0.007676212816868284,-0.0002368346152356133,True,198.96230900518526,-942.2160521979777,258.304456693039,0.0,-0.0015123191433172956,-0.018932487024585498,-0.007328986773005158,5,258.3044566930391,1.1368683772161603e-13,296.8924624220321,False,299.1241099914433,0.95
wheat,110,2010-08a,2010/11,False,258.3233891800636,285.63998619322336,1,0.0545220274829174,-0.00011248789098573157,True,226.29730977920184,-914.6399598811145,285.6170356694464,0.0,-0.0007835960149315967,-0.022950523776955833,-0.008034772751119927,5,285.6170356694465,1.1368683772161603e-13,314.44974477599504,False,333.7817306113449,0.95
wheat,111,2010-08b,2010/11,False,285.63998619322336,310.0163440861559,1,0.0069112317085758415,-0.00027833878232885463,True,250.54918068687078,-890.5094358220006,309.9830095967875,0.0,-0.00131696870740439,-0.03333448936842842,-0.010752494184359683,5,309.98300959678755,5.684341886080802e-14,310.4499579821675,False,323.408650049463,0.95
wheat,112,2010-09a,2010/11,False,310.0163440861559,317.76087777636724,1,0.011590697050618659,-0.00038252522988826786,True,258.7430056756216,-882.9081935182301,317.74845702643546,0.0,-0.001647640033565833,-0.012420749931777664,-0.0039088354799042,5,317.7484570264356,1.1368683772161603e-13,150.9995656385859,False,145.26307918806503,0.95
wheat,113,2010-09b,2010/11,False,317.76087777636724,330.33604184482925,1,0.021638022994661606,-0.000618534439230695,True,272.22872464113954,-870.7877529213877,330.2989819375131,0.0,-0.0028878337313964545,-0.03705990731617703,-0.011218850691922199,5,330.2989819375156,2.5011104298755527e-12,113.04591421081805,False,122.58046820695563,0.95
wheat,114,2010-10a,2010/11,False,330.33604184482925,335.2403283147107,1,0.02535345686342942,-0.0006524720619613268,True,277.4149479284479,-865.9197012243831,335.2252281239937,0.0,-0.003061010045335767,-0.015100190717021178,-0.004504288249844959,5,335.22522812399507,1.3642420526593924e-12,85.86177905602119,False,68.93662958639914,0.95
wheat,115,2010-10b,2010/11,False,335.2403283147107,348.763856401474,1,0.03658974408925753,-0.0009128242806000316,True,291.9004058904472,-852.851773195261,348.7065247107597,0.0,-0.00415530022130519,-0.05733169071430666,-0.016438541340221387,5,348.70652471077676,1.7053025658242404e-11,67.87451219896472,False,64.63109401661023,0.95
wheat,116,2010-11a,2010/11,False,348.763856401474,359.94327583498637,1,0.04182417550966593,-0.0008765871231381912,True,303.0078662773479,-841.5360489841938,359.9016459802545,0.0,-0.003666006110331046,-0.04162985473186609,-0.011565670906143284,5,359.90164598026195,7.44648787076585e-12,72.30012567863787,False,63.762460835270076,0.95
wheat,117,2010-11b,2010/11,False,359.94327583498637,371.1029650518874,1,0.028986380770910505,-0.0007851361409880486,True,313.6110005744978,-830.1987536889411,371.06540823865356,0.0,-0.003313932363382465,-0.03755681323383442,-0.010120321520088972,5,371.06540823865805,4.490630090003833e-12,77.09711194566646,False,63.91357819545314,0.95
wheat,118,2010-12a,2010/11,False,371.1029650518874,381.98745595979983,1,0.04362702249102111,-0.0008779277323300362,True,325.4865866648762,-819.4427441791379,381.9469449383192,0.0,-0.003668158003703078,-0.04051102148065411,-0.010605327700844047,5,381.9469449383265,7.332801033044234e-12,77.47604714276827,False,61.41049098084369,0.95
wheat,119,2010-12b,2010/11,False,381.98745595979983,396.08218345181973,1,0.05404063619414299,-0.001040420737481679,True,339.4379194225353,-805.3559227191902,396.04300017163405,0.0,-0.002720102476056112,-0.03918328018568218,-0.009892714649319366,5,396.0430001716362,2.1600499167107046e-12,83.77420398060617,False,64.15976303928858,0.95
wheat,120,2011-01a,2010/11,False,396.08218345181973,407.6223505886244,1,0.0665629371670356,0.0263084391130769,False,349.8267673911995,-792.6090608128575,407.61140355386783,0.0,-0.0009194050722342085,-0.010947034756554785,-0.002685582559628242,4,407.6114035538593,-8.526512829121202e-12,88.55067704393986,False,64.78403452963653,0.95
wheat,121,2011-01b,2010/11,False,407.6223505886244,418.80135755818577,1,0.03645440730818797,0.01413218856641184,False,362.7069456992315,-782.0562937432909,418.76925873455923,0.0,-0.0028043386621986123,-0.03209882362654071,-0.007664450710879343,5,418.76925873456116,1.9326762412674725e-12,93.30116502704438,False,65.24823802529676,0.95
wheat,122,2011-02a,2010/11,False,418.80135755818577,434.3629509715173,1,0.03451085401036977,0.02662754240625942,False,373.47194057684493,-766.8330761564036,434.3557932180204,0.0,-0.0004509683516376131,-0.007157753496926489,-0.0016478738531721247,4,434.3557932180197,-6.821210263296962e-13,91.12437405347475,False,57.22586757343484,0.95
wheat,123,2011-02b,2010/11,False,434.3629509715173,447.4676724960239,1,0.021817024698038354,0.021817024698038354,False,386.06065616107696,-752.8283261441345,447.4589575606606,0.0,-0.0006552939354091056,-0.008714935363286713,-0.0019476122855253085,4,447.4589575606582,-2.4442670110147446e-12,93.38023039384763,False,53.94449746145297,0.95
wheat,124,2011-03a,calm,False,447.4676724960239,456.0058169777982,1,0.015951415384454753,0.013314717303936007,False,395.05559885221595,-743.9738375707366,456.03047390408597,0.0,0.002829472748087127,0.024656926287775605,0.005407151700649488,5,456.0304739040843,-1.6484591469634324e-12,95.85924189391869,False,50.3308494450568,0.95
wheat,125,2011-03b,calm,False,456.0058169777982,465.5957340814954,1,0.021776145044397476,-0.0005849351759336342,True,407.77105929019046,-735.1519120114558,465.57814253969366,0.0,-0.0018146681288887545,-0.017591541801721178,-0.0037782867225845435,5,465.5781425396939,2.2737367544323206e-13,84.26468796041928,False,53.5936107025789,0.95
wheat,126,2011-04a,calm,False,465.5957340814954,480.6613004312868,1,0.027243563495734653,-0.0007935151001092825,True,423.4900719774387,-720.3103265611715,480.6255535695053,0.0,-0.002333200591702942,-0.035746861781490225,-0.0074370168244074055,5,480.62555356950634,1.0231815394945443e-12,85.17143734780481,False,60.48146982956291,0.95
wheat,127,2011-04b,calm,False,480.6613004312868,491.62360011492706,1,0.024981743349240106,-0.0008015509292179718,True,434.16856634470105,-709.219147076256,491.6021669118906,0.0,-0.001932320373085514,-0.021433203036451687,-0.004359677410002538,5,491.6021669118909,2.8421709430404007e-13,84.06372755948327,False,68.9788604871013,0.95
wheat,128,2011-05a,calm,False,491.62360011492706,502.9669028102844,1,0.02450763974194526,-0.0006514688374680622,True,445.5088647793456,-697.799187527805,502.94522283716816,0.0,-0.0018884635112107484,-0.021679973116249585,-0.004310417443993749,5,502.94522283716844,2.8421709430404007e-13,90.21521774884897,False,83.75340063998574,0.95
wheat,129,2011-05b,calm,False,502.9669028102844,514.503734632332,1,0.02953297869154131,-0.000689569747727999,True,457.25059434487866,-686.2840548245983,514.4813434490372,0.0,-0.0019181353246347157,-0.022391183294757866,-0.004351996261165871,5,514.4813434490375,2.2737367544323206e-13,102.44937935765971,False,109.4245437514083,0.95
wheat,130,2011-06a,calm,False,514.503734632332,522.2323955484613,1,0.014898419088264116,-0.00038278738828555865,True,463.7844897800944,-678.1962728513261,522.2241227355545,0.0,-0.0010617920023902687,-0.008272812906852778,-0.001584124802936529,4,522.2241227355446,-9.890754881780595e-12,140.3583866466964,False,141.7194407462081,0.95
wheat,131,2011-06b,calm,False,522.2323955484613,527.6338366984942,1,0.01265457769657012,-0.00031751434051873373,True,468.9522652519797,-672.7168165234941,527.6290609822616,0.0,-0.0008793217334562595,-0.004775716232529703,-0.0009051194029579818,4,527.6290609822584,-3.296918293926865e-12,159.7076685580458,False,162.21971046102237,0.95
wheat,132,2011-07a,calm,False,527.6338366984942,521.1498227230813,1,0.003937426679744689,1.298559218890988e-05,False,461.4384478897148,-678.859496705192,521.1503007985655,0.0,-7.505857452087402e-05,0.00047807548412492906,9.173474944823299e-05,4,521.1503007985655,0.0,231.2200225651859,False,232.17841734268424,0.95
wheat,133,2011-07b,calm,False,521.1498227230813,520.8620228462155,1,0.006932124833957983,0.006932124833957983,False,459.69451848983954,-678.6074251144887,520.8616685882432,0.0,0.0012297031228143457,-0.00035425797227617295,-6.801378421493548e-05,4,520.8616685882439,6.821210263296962e-13,300.06798593502174,False,299.4536054944693,0.95
wheat,134,2011-08a,calm,False,520.8620228462155,520.7786903378519,1,0.02856607235224528,0.0006117248824267015,False,464.67479260696325,-679.1520303952934,520.7789926828158,0.0,-0.00364166684382748,0.00030234496387038234,5.805632401629912e-05,4,520.7789926828304,1.4665602066088468e-11,351.67389969514744,False,334.1082280130239,0.95
wheat,135,2011-08b,calm,False,520.7786903378519,519.7873403710881,1,0.022474323092921068,-0.0010179023010686687,True,462.64444184812373,-681.2502761001022,519.7897470194274,0.0,-0.0024359709537176044,0.0024066483392743976,0.0004630063397766163,5,519.7897470194273,-1.1368683772161603e-13,364.35621272655425,False,323.7261964984183,0.95
wheat,136,2011-09a,calm,False,519.7873403710881,504.5065640216849,1,0.003308634958768793,-8.299822052561876e-05,True,444.88772868809207,-695.5866973281315,504.5116615967653,0.0,-0.0003398099339482935,0.005097575080412753,0.0010104080786932333,4,504.5116615967654,1.1368683772161603e-13,308.94305212351145,False,258.8887291535942,0.95
wheat,137,2011-09b,calm,False,504.5065640216849,488.4922362927424,1,0.0018307043607117622,0.0005639704406683844,False,428.59465721745164,-711.50846099249,488.4925963343934,0.0,-2.369027567466875e-05,0.0003600416509925708,7.370468233538229e-05,3,488.49259633439317,-2.2737367544323206e-13,313.9431705610521,False,262.2603205751267,0.95
wheat,138,2011-10a,calm,False,488.4922362927424,472.0607862440004,1,0.011415459284323822,-0.00026719335958086377,True,413.3572871652916,-728.30110157947,472.08059432418486,0.0,-0.0012304845963665102,0.01980808018447533,0.004196086767147157,5,472.0805943241848,-5.684341886080802e-14,277.90487431106135,False,229.2742326879676,0.7
wheat,139,2011-10b,calm,False,472.0607862440004,454.4948455098477,1,0.012531311185918968,-0.00036258178333651664,True,395.9283188858831,-745.9820471349348,454.5185847408885,0.0,-0.0013817634252747777,0.023739231040792674,0.005223212380805385,5,454.5185847408884,-1.1368683772161603e-13,276.8784066855168,False,227.771753551789,0.7
wheat,140,2011-11a,calm,False,454.4948455098477,438.9535174394783,1,0.012567300943210439,-0.0005226194455270072,True,380.3708186751239,-761.6568827922694,438.975502332993,0.0,-0.001443797554729222,0.02198489351474109,0.005008478720704705,5,438.9755023329929,-1.1368683772161603e-13,277.907944826202,False,229.33418016551985,0.7
wheat,141,2011-11b,calm,False,438.9535174394783,423.9470615306171,1,0.012331485158060861,-0.0005373519749347376,True,365.33548287594726,-776.6794527468929,423.9694219558645,0.0,-0.0015205310816858717,0.02236042524742743,0.0052743437274213965,5,423.96942195586445,-5.684341886080802e-14,279.8730393588195,False,231.77600064160012,0.7
wheat,142,2011-12a,calm,False,423.9470615306171,412.3418598419318,1,0.008788051904119987,-0.000376900320888075,True,353.2767902869482,-788.085954788008,412.3535927696498,0.0,-0.0010278827229304255,0.011732927718014707,0.002845436968856967,5,412.3535927696498,0.0,282.5808613416883,False,236.1138721813743,0.7
wheat,143,2011-12b,calm,False,412.3418598419318,401.5186869417872,1,0.00862000825284332,-0.0003123514210401262,True,342.4280477492964,-798.9047115923654,401.5298606998099,0.0,-0.0010488758988240893,0.011173758022664515,0.0027828737207153957,5,401.5298606998099,0.0,286.13402150872355,False,241.3056075161589,0.7
maize,0,2006-01a,calm,True,135.44442165709597,134.43504026267473,1,0.01580201404919989,-0.00022305441900659318,True,75.09070049666224,-1066.440844480885,134.4401343639458,0.0,-0.005097556182182988,0.005094101271055251,0.0037892659987320324,5,134.44013436394235,-3.439026841078885e-12,131.7571419937783,False,157.0105112269557,0.0
maize,1,2006-01b,calm,True,134.43504026267473,131.99003160925795,1,0.018868043461356798,-0.00018530215870390414,True,72.81445921416574,-1068.794418888536,132.00633084806486,0.0,-0.006793567944684968,0.016299238806908534,0.012348840748186686,5,132.00633084803016,-3.470290721452329e-11,125.25711006229278,False,150.36993602738892,0.0
maize,2,2006-02a,calm,True,131.99003160925795,128.69792830431885,1,0.03159728655400851,0.0006630215845784985,False,68.99867516861332,-1072.2862263620234,128.69663538406064,0.0,0.00039771369916500335,-0.0012929202582085964,-0.0010046162166273257,4,128.69663538406076,1.1368683772161603e-13,128.15272744007973,False,152.7500054727252,0.0
maize,3,2006-02b,calm,True,128.69792830431885,125.06374362900493,1,0.012676106326478613,-0.00022452760711096488,True,65.5873030041979,-1075.823983814341,125.08087256857058,0.0,-0.004827357541411388,0.017128939565651535,0.01369616730526126,5,125.08087256856128,-9.308109838457312e-12,132.19659345514725,False,156.3874960504478,0.0
maize,4,2006-03a,calm,True,125.06374362900493,122.18837883549116,1,0.011903219413930419,-0.00021549170855308022,True,62.66526892833784,-1078.6608740229453,122.20163754585158,0.0,-0.004704894001414944,0.013258710360418036,0.010851040407262426,5,122.20163754584507,-6.508571459562518e-12,142.24859600565648,False,166.0825469868148,0.0
maize,5,2006-03b,calm,True,122.18837883549116,118.84041523192182,1,0.010795110202351268,-0.00019857915153927275,True,59.26162983119366,-1081.9711878069113,118.85496302154215,0.0,-0.004445574377303853,0.014547789620323215,0.01224144967175739,5,118.85496302153646,-5.6843418860808015e-12,151.65386389711614,False,175.2576613684165,0.0
maize,6,2006-04a,calm,True,118.84041523192182,115.33185135920682,1,0.010221619442631886,-0.000187500073338292,True,55.717213674903846,-1085.4545941179954,115.34688470242841,0.0,-0.0043896373331875765,0.01503334322158878,0.013034858145792423,5,115.34688470242281,-5.5990767577895895e-12,158.80344661422484,False,182.49526852517454,0.0
maize,7,2006-04b,calm,True,115.33185135920682,111.86744471744286,1,0.00977161995251164,-0.0001783583124293194,True,52.22149804507879,-1088.9037094534526,111.88222986993415,0.0,-0.00437357747563915,0.014785152491285203,0.013216671327954125,5,111.88222986992872,-5.4285465012071654e-12,166.1838011760562,False,190.29530634098757,0.0
maize,8,2006-05a,calm,True,111.86744471744286,108.58882801893826,1,0.009632094403775477,-0.00017555210023913534,True,48.92629445467122,-1092.1972014266044,108.60330135103267,0.0,-0.0045226700492056095,0.014473332094411262,0.013328564603245432,5,108.60330135102663,-6.0396132539608516e-12,168.1096722938052,False,192.70258496126274,0.0
maize,9,2006-05b,calm,True,108.58882801893826,105.60216235233472,1,0.010745829453440542,-0.00017605841763494238,True,45.95644514336118,-1095.2027600342346,105.61633747881628,0.0,-0.005158015173074183,0.014175126481561051,0.013423140365503756,5,105.61633747880623,-1.0047074283647817e-11,167.12673181629953,False,193.5363174148889,0.0
maize,10,2006-06a,2007/08,True,105.60216235233472,103.07066432532312,1,0.02360262808056894,-0.00020284695560684787,True,43.5449819155333,-1097.8524410758916,103.08520006533024,0.0,-0.005874991050092391,0.014535740007119102,0.014102693625064625,5,103.08520006531292,-1.7323031897831243e-11,157.1277289471568,False,185.4980586674622,0.0
maize,11,2006-06b,2007/08,True,103.07066432532312,102.23997281663019,1,0.02079676346326419,-0.0005414559494629044,True,43.005466171894014,-1100.0667400021855,102.25391641108257,0.0,-0.017153494888695286,0.013943594452385355,0.01363810461627716,6,102.25391641110329,2.071942617476452e-11,148.27582988317803,False,178.6060280777147,0.0
maize,12,2006-07a,2007/08,True,102.23997281663019,100.9708157569217,1,0.017343829380999848,-0.00037418550422437457,True,41.490307406102346,-1100.8482138455208,100.98166074650902,0.0,-0.008688719588522806,0.010844989587326381,0.010740717014146675,5,100.9816607464472,-6.181721801112872e-11,131.89621300616474,False,160.03029943881475,0.0
maize,13,2006-07b,2007/08,True,100.9708157569217,99.62910779953816,1,0.015532912381204042,-0.00027733195344924904,True,40.09585975077931,-1101.852342695433,99.63974676628817,0.0,-0.008065937038281845,0.010638966750008194,0.010678572743434235,5,99.63974676624312,-4.504840944719035e-11,115.27665158094952,False,143.49425158160395,0.0
maize,14,2006-08a,2007/08,True,99.62910779953816,99.26882980034206,1,0.06020866525899436,-0.0003305886509888641,True,41.11924448511181,-1102.9189021214945,99.28559625650077,0.0,-0.04887665454589296,0.016766456158705978,0.016889950443082793,7,99.28559625627217,-2.2859580894873943e-10,94.94547387312602,False,126.75836011302594,0.0
maize,15,2006-08b,2007/08,True,99.26882980034206,104.71686725002644,1,0.022628946489397426,-0.0004349877821141629,True,45.358549629539354,-1097.211428519154,104.65610811296031,2.842170943040401e-14,-0.010882455677732893,-0.06075913706612823,-0.05802230210063211,6,104.65610811295106,-9.251266419596504e-12,79.3034125553746,False,108.39588470135597,0.0
maize,16,2006-09a,2007/08,True,104.71686725002644,101.72481514869693,1,0.010714891898335037,-0.00023410587255257378,True,42.065390580122184,-1099.2611729150344,101.74094740118511,0.0,-0.005524302954167957,0.016132252488176846,0.015858718902163074,5,101.74094740117008,-1.503508428868372e-11,175.10954675137032,False,212.06892605071445,0.0
maize,17,2006-09b,2007/08,True,101.72481514869693,98.56958847724843,1,0.005453598533131495,-0.00011532547014731408,True,38.734331524995596,-1101.9396162902653,98.57869090396085,0.0,-0.0029526232481202896,0.0091024267124169,0.009234518326631644,5,98.57869090396014,-7.105427357601002e-13,274.2832722038272,False,319.3427292790092,0.0
maize,18,2006-10a,2007/08,True,98.56958847724843,95.8168334048559,1,0.0035173049691924474,-7.054080313900495e-05,True,35.91683796452935,-1104.5055039433598,95.82211931380732,0.0,-0.0019600331313540664,0.0052859089514214475,0.005516680904165179,5,95.82211931380725,-7.105427357601002e-14,378.87322794627147,False,435.65372357385996,0.0
maize,19,2006-10b,2007/08,True,95.8168334048559,93.53659559998654,1,0.0028810869355111834,-6.409637425700739e-05,True,33.6139624675169,-1106.742031440969,93.54028860658738,0.0,-0.0016474209729722133,0.0036930066008409312,0.003948194369436151,5,93.54028860658735,-2.842170943040401e-14,479.92567963000545,False,548.3537369140281,0.0
maize,20,2006-11a,2007/08,True,93.53659559998654,91.58123122684347,1,0.011330120042426258,-7.248949465951172e-05,True,31.649804842584516,-1108.9040454804722,91.595810154594,0.0,-0.0011664511845310699,0.014578927750534376,0.015919121806107724,5,91.59581015459398,-2.842170943040401e-14,426.4701032383272,False,499.9437573272148,0.0
maize,21,2006-11b,2007/08,True,91.58123122684347,95.49907849442158,1,0.023513995220147913,-0.00022365417640713973,True,36.08239166538519,-1107.259214745484,95.44522754694566,0.0,-0.013584798068677628,-0.05385094747592234,-0.056388970788935885,6,95.44522754692075,-2.4911628315749113e-11,189.03496036242825,False,296.76655882921943,0.0
maize,22,2006-12a,2007/08,True,95.49907849442158,393.94603899432104,1,0.22689446251920412,-0.005561217180911804,True,340.099304883404,-829.5388932601785,379.34078701983606,0.0,-0.023430176733754457,-14.605251974484986,-3.707424502038344,8,379.3407870197806,-5.547917680814862e-11,-15.183507393504101,True,207.09574192589048,0.0
maize,23,2006-12b,2007/08,True,393.94603899432104,315.1946293936348,1,0.056995831986281865,-0.0019145761408461788,True,259.8868601236623,-887.1908295134491,315.5945106936946,0.0,-0.005933186012680894,0.3998813000598034,0.1268680563590462,6,315.5945106936976,3.0127011996228248e-12,90.67130488519314,False,196.26149650910276,0.0
maize,24,2007-01a,2007/08,False,315.1946293936348,265.5880463091658,1,0.03967913618905918,-0.0006653287595239582,True,208.50331107504928,-935.7510361839821,265.8073836124188,0.0,-0.004992223013571829,0.21933730325298484,0.08258553285853032,6,265.8073836124195,7.389644451905042e-13,87.88215322498468,False,184.17804492468844,0.0
maize,25,2007-01b,2007/08,False,265.5880463091658,235.32169096248907,1,0.03781099713629978,-0.0006148885661890973,True,177.85451849885283,-966.1162542642701,235.47206041457952,0.0,-0.005423873799278377,0.1503694520904446,0.06389952897049933,6,235.4720604145802,6.821210263296962e-13,89.45779196852772,False,176.88565813067504,0.0
maize,26,2007-02a,2007/08,False,235.32169096248907,215.0777992684791,1,0.0311141007476005,-0.0004721729444774058,True,156.99585081643215,-986.1742949507343,215.17104542430877,0.0,-0.004924831287403712,0.09324615582966089,0.04335461686273942,6,215.17104542430906,2.8421709430404007e-13,99.278940266218,False,178.5779858463378,0.0
maize,27,2007-02b,2007/08,False,215.0777992684791,200.41584593107643,1,0.024930517869718134,-0.000401637850177806,True,141.9207144998598,-1000.7073692939516,200.47905543797597,0.0,-0.004581674653617997,0.06320950689953975,0.03153917625918545,5,200.47905543794812,-2.7853275241795927e-11,108.52662979160357,False,181.50025270793748,0.0
maize,28,2007-03a,2007/08,False,200.41584593107643,190.08266565982035,1,0.0216214813648301,-0.00035365521220979463,True,131.3393758998083,-1010.9471731178846,190.12494137945112,0.0,-0.004258048313989391,0.04227571963076571,0.022240702214490222,5,190.1249413794372,-1.3926637620897964e-11,122.77748813295761,False,190.47139066046645,0.0
maize,29,2007-03b,2007/08,False,190.08266565982035,181.05696154158298,1,0.019098180568279156,-0.00030426261974881907,True,122.11700657520356,-1019.860439174076,181.08999836265184,0.0,-0.0037974295124133515,0.033036821068861855,0.018246645026832816,5,181.08999836264496,-6.87805368215777e-12,136.31731469050897,False,199.62563019892616,0.0
maize,30,2007-04a,2007/08,False,181.05696154158298,172.9528037934592,1,0.01839607805697851,-0.0002792415668345641,True,113.91936780424663,-1027.9206105316669,172.98174912569954,0.0,-0.0036990341948759235,0.02894533224034035,0.016735971667106917,5,172.98174912569414,-5.4001247917767614e-12,147.03300910183998,False,206.8427624611456,0.0
maize,31,2007-04b,2007/08,False,172.9528037934592,165.56411501640707,1,0.019183085881418812,-0.0002611015631010531,True,106.48206896631882,-1035.2850226988394,165.5933974646608,0.0,-0.004099474139893505,0.02928244825372417,0.017686470435228273,5,165.59339746465253,-8.270717444247566e-12,157.91890783535743,False,214.60557803611596,0.0
maize,32,2007-05a,2007/08,False,165.56411501640707,167.25945400924306,1,0.03795526464150616,-0.0003696020809927789,True,108.61728320410245,-1033.9928677413186,167.24993755798857,0.0,-0.005605642693605489,-0.009516451254484082,-0.0056896342935318835,5,167.24993755799798,9.407585821463726e-12,156.19701247329698,False,216.96605193314463,0.7
maize,33,2007-05b,2007/08,False,167.25945400924306,169.28116751287808,1,0.03791788410971842,-0.0003752443998756151,True,110.87796799461489,-1032.0096382259792,169.26942804021826,0.0,-0.005791243251524849,-0.011739472659826333,-0.006934895849494452,5,169.26942804023145,1.318767317570746e-11,158.12500523197932,False,217.69507435449634,0.7
maize,34,2007-06a,2007/08,False,169.28116751287808,171.7575847231754,1,0.03379769445817416,-0.0004031533348368964,True,113.5546147447966,-1029.6517879821258,171.74173934008422,0.0,-0.006371313517331269,-0.015845383091175336,-0.00922543427512305,5,171.74173934011029,2.6062707547680475e-11,150.7685994304365,False,209.41094287853232,0.7
maize,35,2007-06b,2007/08,False,171.7575847231754,174.375256585356,1,0.03799974735320693,-0.00041682348450068374,True,115.90745936220657,-1027.0698967540995,174.35857625503493,0.0,-0.006336118450344232,-0.01668033032106564,-0.009565766753668221,5,174.3585762550618,2.6858515411731787e-11,144.94457242683427,False,202.27564787799307,0.7
maize,36,2007-07a,2007/08,False,174.375256585356,177.1651599969254,1,0.04217373529339158,-0.00047533080736398805,True,118.66479985611258,-1024.610226925704,177.1485902025765,0.0,-0.005879663148854845,-0.016569794348924916,-0.009352738624915008,5,177.1485902025963,1.9809931472991593e-11,133.97125185523518,False,183.46161427925622,0.7
maize,37,2007-07b,2007/08,False,177.1651599969254,186.8777020189395,1,0.03308434570913089,-0.001245018013487973,True,128.70581870719002,-1018.0530828848193,186.80507341255316,0.0,-0.0072716897884182365,-0.07262860638633128,-0.03886424415630421,6,186.80507341255168,-1.4779288903810084e-12,121.58356870998723,False,166.7170602589323,0.7
maize,38,2007-08a,2007/08,False,186.8777020189395,190.85388931264018,1,0.034161848285381415,-0.0005994756384796123,True,132.78188901258994,-1011.0164853583765,190.82580137740203,0.0,-0.007012933108291731,-0.028087935238147566,-0.014716983415588854,5,190.82580137746993,6.789946382923517e-11,105.48180677013023,False,149.9192236311111,0.7
maize,39,2007-08b,2007/08,False,190.85388931264018,189.03161823488375,1,0.035769184022037236,-0.0005923374004225126,True,131.0543510045493,-1012.7955374282428,189.04466176329487,0.0,-0.007257325734995578,0.013043528411117222,0.006900183436460779,5,189.04466176325866,-3.6209257814334705e-11,86.15108480731513,False,131.6730493191349,0.7
maize,40,2007-09a,2007/08,False,189.03161823488375,186.26479449836074,1,0.03837020145241655,-0.0002762817309120094,True,127.35877330233006,-1015.0778479468925,186.27702810241243,0.0,-0.004511150723736917,0.012233604051687053,0.0065678563061978504,5,186.27702810240737,-5.059064278611913e-12,191.2981379598191,False,235.27141565057863,0.7
maize,41,2007-09b,2007/08,False,186.26479449836074,180.68880869741747,1,0.013317254297432326,-0.0022255419732550275,True,121.68889989207065,-1022.2207201260286,180.71868355357637,0.0,-0.0054454022674313846,0.029874856158897956,0.016533871895146844,5,180.7186835535501,-2.6261659513693303e-11,299.83457243533917,False,342.4731651875731,0.7
maize,42,2007-10a,2007/08,False,180.68880869741747,178.24909448584236,1,2.362198897745159,2.362198897745159,False,111.69668233450801,-1021.96423710303,178.2510641240011,0.0,-0.0008150411073882645,0.0019696381587266387,0.0011049919576915884,4,178.25106412400214,1.0516032489249483e-12,419.9397579731346,False,458.6866902533813,0.7
maize,43,2007-10b,2007/08,False,178.24909448584236,180.2091497582001,1,0.004333226619816118,-9.896374780183304e-05,True,120.46066637373076,-1020.0857942608346,180.20699025458555,0.0,-0.0010953291666262333,-0.0021595036145640734,-0.0011983318369026424,4,180.2069902545827,-2.8421709430404007e-12,536.3240974036398,False,570.1058808288395,0.7
maize,44,2007-11a,2007/08,False,180.2091497582001,177.00464942916528,1,0.0076509513751501,-7.501718039493027e-05,True,117.47624673935206,-1023.4621934609808,177.01161527537687,0.0,-0.002201616626889603,0.006965846211585358,0.003935402959216045,5,177.0116152753767,-1.7053025658242404e-13,492.13309764853,False,520.5101290284042,0.7
maize,45,2007-11b,2007/08,False,177.00464942916528,179.1792318044569,1,0.01035053719829791,-0.00022182203272343357,True,119.7680553709059,-1021.4962725742295,179.17363983291716,0.0,-0.0025578730943078953,-0.005591971539729457,-0.0031208815237204084,5,179.1736398329174,2.2737367544323206e-13,241.43810300779316,False,316.2576337153719,0.7
maize,46,2007-12a,2007/08,False,179.1792318044569,183.51105616643719,1,0.018192116493256236,-0.00036902513712497174,True,124.53879048738065,-1017.6846549160259,183.4926029389019,0.0,-0.004211425914538917,-0.01845322753527512,-0.010055648918797993,5,183.4926029389077,5.7980287238024175e-12,154.39368156682872,False,225.52798584713514,0.7
maize,47,2007-12b,2007/08,False,183.51105616643719,187.8945300093527,1,0.02029654052297732,-0.0003982920082890351,True,129.0618374856199,-1013.3208401170525,187.87440087086844,0.0,-0.004541875206304222,-0.020129138484264786,-0.01071299866114401,5,187.87440087087703,8.58335624798201e-12,147.7498095636809,False,213.74961411552852,0.7
maize,48,2008-01a,2007/08,False,187.8945300093527,193.25600033209622,1,0.021651621363991826,-0.0004169767059461956,True,134.51576868366305,-1008.0041677349158,193.2308115378649,0.0,-0.004633003205097586,-0.025188794231326028,-0.013033900209070321,5,193.23081153787655,1.1652900866465643e-11,128.352907295493,False,200.77035988517446,0.7
maize,49,2008-01b,2007/08,False,193.25600033209622,197.4331071528567,1,0.0181655963869313,-0.0003226834356358993,True,138.49150740382743,-1003.5427795544326,197.41773858569135,0.0,-0.003639520331923043,-0.015368567165353397,-0.007784189484215908,5,197.41773858569405,2.7000623958883807e-12,125.12668750812844,False,192.6436969721683,0.7
maize,50,2008-02a,2007/08,False,197.4331071528567,198.01677430663324,1,0.012880564583866267,-0.0002105511085921219,True,138.7901138401239,-1002.655141116556,198.01525684927952,0.0,-0.002601318430564981,-0.0015174573537137803,-0.0007663276805852644,5,198.01525684927958,5.684341886080802e-14,130.6822786144788,False,193.56063223497193,0.5
maize,51,2008-02b,2007/08,False,198.01677430663324,197.19135152361747,1,0.01633354554085423,-0.0002716328010353152,True,138.18676250516256,-1003.707152856842,197.19417316092787,0.0,-0.0034396345024304206,0.0028216373104044123,0.0014309133177508888,5,197.1941731609275,-3.694822225952521e-13,137.31691062829827,False,195.7639717894093,0.5
maize,52,2008-03a,2007/08,False,197.19135152361747,202.2457235158427,1,0.01841723586330931,-0.0003597846170833534,True,143.35812476836094,-998.7962588638698,202.22661594228714,0.0,-0.003731991991263807,-0.0191075735555728,-0.009447702143415669,5,202.22661594229083,3.694822225952521e-12,145.51784124120093,False,204.0611033272303,0.95
maize,53,2008-03b,2007/08,False,202.2457235158427,205.935366662271,1,0.01603861729807831,-0.00031940744313967514,True,146.9256198527788,-994.9654128581964,205.92343503395563,0.0,-0.003206070617949613,-0.011931628315380749,-0.005793870430691164,5,205.92343503395688,1.2505552149377763e-12,156.0210280953226,False,212.79885692340156,0.95
maize,54,2008-04a,calm,False,205.935366662271,208.64160593105734,1,0.014568869489602015,-0.0002909127665150341,True,149.5516521404336,-992.1672015212857,208.6338844930046,0.0,-0.0028369742046382785,-0.0077214380527550475,-0.00370081413929803,5,208.63388449300507,4.831690603168681e-13,163.68715391066021,False,220.00354104042742,0.95
maize,55,2008-04b,calm,False,208.64160593105734,210.59562322282693,1,0.01353645770175142,-0.000313854517414018,True,151.44595586326187,-990.160504179903,210.59052161508302,0.0,-0.0026017197251944663,-0.005101607743910108,-0.0024224661775198437,5,210.59052161508328,2.5579538487363607e-13,171.92441619028077,False,227.72568743118575,0.95
maize,56,2008-05a,calm,False,210.59562322282693,212.12876269454634,1,0.013073800013356505,-0.00026799475840403377,True,152.95052711576722,-988.5812386999064,212.12494979833292,0.0,-0.0024813530888281796,-0.003812896213418071,-0.00179744423386301,5,212.1249497983331,1.7053025658242404e-13,174.74254653899132,False,230.0315850912865,0.95
maize,57,2008-05b,calm,False,212.12876269454634,213.2619087193345,1,0.012585255961954438,-0.0002561117180707859,True,154.0580938372524,-987.4263854974739,213.25920408382797,0.0,-0.0023841911013462056,-0.0027046355065465377,-0.001268222498236195,5,213.25920408382802,5.684341886080802e-14,177.25195744504916,False,230.55169944376985,0.95
maize,58,2008-06a,calm,False,213.2619087193345,213.94046711259702,1,0.012364785326864965,-0.00024585889749680144,True,154.7310612341294,-986.730060316697,213.93917885715467,0.0,-0.001897993670000678,-0.0012882554423470083,-0.000602156038889547,4,213.93917885714586,-8.810729923425242e-12,174.78154243481015,False,222.07403244868712,0.95
maize,59,2008-06b,calm,False,213.94046711259702,214.23743464327632,1,0.011389759644518094,-0.0002417904812446464,True,154.94594440384992,-986.4301705990365,214.2368080417281,0.0,-0.0021123725434935613,-0.0006266015482196963,-0.0002924799530311038,4,214.23680804172218,-5.9117155615240335e-12,173.2169194372676,False,214.76195956228892,0.95
maize,60,2008-07a,calm,False,214.23743464327632,213.52910035969353,1,0.009337867936435762,-0.00019390750016132886,True,154.04729050962936,-986.9056432007335,213.53022781750906,0.0,-0.001598778681011295,0.0011274578155280324,0.0005280113172531565,4,213.53022781751366,4.604316927725449e-12,167.19236773630456,False,195.7810935230278,0.95
maize,61,2008-07b,calm,False,213.52910035969353,211.4772748618313,1,0.005982697203072553,0.0027616104654570066,False,151.68470857007657,-988.6341554493343,211.47747673792384,0.0,-0.00010529664751881877,0.00020187609254662675,9.545994607624981e-05,4,211.47747673792384,0.0,163.4528530128649,False,178.87897516145946,0.95
maize,62,2008-08a,calm,False,211.4772748618313,208.44301737983108,1,0.012932369355178445,-0.0001563044677248832,True,149.20661036758713,-992.0793724316927,208.44945316034713,0.0,-0.0021481814269127685,0.006435780516056866,0.003087549104285607,5,208.449453160347,-1.4210854715202004e-13,147.55313134998366,False,161.9780539718224,0.95
maize,63,2008-08b,calm,False,208.44301737983108,205.38090345786094,1,0.06271047618220266,-0.0003378913901853797,True,147.57344028826634,-995.6844051807084,205.39460568030353,0.0,-0.004549366783606782,0.013702222442589118,0.006671614649606639,5,205.39460568029762,-5.9117155615240335e-12,128.49766176502416,False,143.46848006421448,0.95
maize,64,2008-09a,calm,False,205.38090345786094,202.4244762084898,1,0.016547776167798418,-0.0011771187339311877,True,143.53288432814202,-999.5344972189962,202.43783852147627,0.0,-0.004569559582943378,0.013362312986458846,0.006601135019213859,5,202.43783852147044,-5.8264504332328215e-12,212.81569484378645,False,247.03928184102145,0.95
maize,65,2008-09b,calm,False,202.4244762084898,193.09214415456077,1,0.004334551342688489,-9.525096926840634e-05,True,133.3659201158796,-1007.1705084742617,193.101051960283,0.0,-0.0009849369789232782,0.008907805722230933,0.004613240875869435,4,193.1010519602915,8.498091119690798e-12,293.214981709076,False,354.21483108973496,0.95
maize,66,2008-10a,calm,False,193.09214415456077,190.53574608689203,1,0.003104024863025761,-7.009905681044346e-05,True,130.72662724885387,-1009.6626498607582,190.53758729482843,0.0,-0.0007269165740894683,0.0018412079363940848,0.0009663320265135022,4,190.5375872948291,6.821210263296962e-13,395.6168509276725,False,470.3899470033766,0.95
maize,67,2008-10b,calm,False,190.53574608689203,188.06063308254323,1,0.002423643727086112,-5.560229977307326e-05,True,128.20878078404675,-1012.0975466036093,188.06205955389157,0.0,-0.000581474059222292,0.0014264713483385094,0.0007585167214195249,4,188.06205955389186,2.8421709430404007e-13,494.2211009343938,False,581.1081577415025,0.95
maize,68,2008-11a,calm,False,188.06063308254323,179.2690728412429,1,0.002982057916938173,-6.812545623951985e-05,True,119.44947980241813,-1020.9267362065264,179.27554335711096,0.0,-0.0007593748840659044,0.0064705158680737895,0.0036093877016946194,4,179.27554335711378,2.8137492336099967e-12,478.9340358102265,False,530.856246300393,0.95
maize,69,2008-11b,calm,False,179.2690728412429,180.68733753061358,1,0.009056509410097448,-0.00019270630776135723,True,121.20723747947997,-1019.8960647303811,180.68419513373283,0.0,-0.0022092719356608917,-0.0031423968807473557,-0.0017391350847786686,5,180.68419513373289,5.684341886080802e-14,229.18214920162188,False,325.9865180336009,0.95
maize,70,2008-12a,calm,False,180.68733753061358,181.40456182035672,1,0.015313060160337948,-0.0003056055099972552,True,122.27570023411877,-1019.530945244561,181.40198013232902,0.0,-0.0036031390981260828,-0.0025816880277034215,-0.0014231659897616267,5,181.40198013232944,4.263256414560601e-13,160.2511750124589,False,234.68065476053482,0.95
maize,71,2008-12b,calm,False,181.40456182035672,182.70834868711916,1,0.0196246916542657,-0.0003377511489644823,True,123.83294294398712,-1018.2060169483211,182.70232424586567,0.0,-0.004620513902638392,-0.006024441253487112,-0.0032972993827467237,5,182.70232424586845,2.7853275241795927e-12,152.78173536776688,False,222.3893909214122,0.95
maize,72,2009-01a,calm,False,182.70834868711916,184.18592376419332,1,0.021380444441471497,-0.0004181645925882682,True,125.4003829744185,-1017.0818708698431,184.17879652986142,0.0,-0.0048213399578754855,-0.0071272343319037645,-0.0038695868751775562,5,184.17879652986528,3.865352482534945e-12,143.27215926124225,False,208.93185492635803,0.95
maize,73,2009-01b,calm,False,184.18592376419332,183.5665279234873,1,0.01825301037030656,-0.0002820908981236828,True,124.46791088454674,-1017.2589214635473,183.56857741535936,0.0,-0.0033275470795171894,0.0020494918720430633,0.0011164845221114143,5,183.5685774153591,-2.5579538487363607e-13,140.15475725117378,False,200.35670536832998,0.95
maize,74,2009-02a,calm,False,183.5665279234873,182.7899990770888,1,0.01733224793995982,-0.0003285347736038165,True,123.77440994433528,-1018.2169338765959,182.7930318317016,0.0,-0.003931962832434417,0.003032754612803501,0.0016591469052551855,5,182.7930318317009,-7.105427357601002e-13,145.4427435015287,False,200.8586555971135,0.95
maize,75,2009-02b,calm,False,182.7899990770888,182.06093721291475,1,0.017137517933597808,0.0005632624243932413,False,123.02856377147427,-1018.7882076535218,182.06374852994432,0.0,-0.003881387516600862,0.002811317029568272,0.0015441626702605194,5,182.0637485299437,-6.252776074688882e-13,151.78451660255638,False,202.68453398208823,0.95
maize,76,2009-03a,calm,False,182.06093721291475,183.30401901257494,1,0.017171514247696928,0.0006982602753910877,False,124.27356410439114,-1017.6511838793832,183.29918768781351,0.0,-0.0038840752269596614,-0.0048313247614260035,-0.002635689488671041,5,183.29918768781465,1.1368683772161603e-12,162.40822768417246,False,210.6304048693709,0.95
maize,77,2009-03b,calm,False,183.30401901257494,183.82674703721398,1,0.016032969871963877,0.0016931640876113204,False,124.73227997391035,-1017.0371475468788,183.8248779455805,0.0,-0.003581649071077006,-0.0018690916334662688,-0.0010167680512172088,5,183.8248779455808,2.8421709430404007e-13,172.04426710611875,False,219.04131522746084,0.95
maize,78,2009-04a,calm,False,183.82674703721398,183.91343584983406,1,0.015675895448977593,0.003515718555903691,False,124.79323812153112,-1016.8955833756918,183.91313814286687,0.0,-0.0034449430926590855,-0.00029770696718856016,-0.00016187341931431205,4,183.9131381428547,-1.2164491636212915e-11,179.8497248102749,False,226.2405926628166,0.95
maize,79,2009-04b,calm,False,183.91343584983406,183.85230032377993,1,0.015513017286701517,0.006383045913301044,False,124.58965156829157,-1017.0354494418611,183.85193597462305,0.0,0.005925932344664208,-0.0003643491568823265,-0.00019817492424118482,5,183.85193597462347,4.263256414560601e-13,187.93204416736455,False,233.95202299747496,0.95
maize,80,2009-05a,calm,False,183.85230032377993,183.65910859851624,1,0.019260166265623033,0.019260166265623033,False,124.39706812713098,-1017.1492989338374,183.6598149838232,0.0,-0.003674197981065876,0.0007063853069553261,0.000384617627922557,4,183.6598149838582,3.501554601825774e-11,190.58696969737403,False,236.15423811688498,0.95
maize,81,2009-05b,calm,False,183.65910859851624,183.26451510895447,1,0.026594073712165704,0.026594073712165704,False,124.03166847943334,-1017.5245197875453,183.26581932667472,0.0,-0.0033217654019963338,0.00130421772024647,0.0007116586205851614,5,183.26581932667455,-1.7053025658242404e-13,193.1383357898512,False,236.57642215919927,0.95
maize,82,2009-06a,2010/11,False,183.26451510895447,182.85814263241824,1,0.03188626992074698,0.03188626992074698,False,123.692033822382,-1017.952444688163,182.8595114082509,0.0,-0.0033851930978651586,0.0013687758326739186,0.0007485451908069711,5,182.85951140825074,-1.7053025658242404e-13,186.2950940849868,False,228.00630683017985,0.95
maize,83,2009-06b,2010/11,False,182.85814263241824,182.41397010120687,1,0.036687983269666075,0.036687983269666075,False,123.31718543704136,-1018.4214008053378,182.415520012743,0.0,-0.003507890893850545,0.0015499115361308213,0.0008496671254240559,5,182.41552001274277,-2.2737367544323206e-13,180.460075821818,False,220.61094734725313,0.95
maize,84,2009-07a,2010/11,False,182.41397010120687,181.6060767390839,1,0.029282177764661053,-0.00022878068259496307,True,122.68693737114216,-1019.2668726886877,181.6090505392022,0.0,-0.003706612176355217,0.0029738001182977314,0.0016375003368253108,5,181.60905053920163,-5.684341886080801e-13,169.31959161790067,False,201.55144339912286,0.95
maize,85,2009-07b,2010/11,False,181.6060767390839,180.2116650239304,1,0.018215300090583975,-0.00025876645935840457,True,121.17319418872393,-1020.6752811205816,180.2172244078238,0.0,-0.004027236731111288,0.005559383893398717,0.00308491899936693,5,180.21722440782233,-1.4779288903810084e-12,162.40335783023477,False,184.57503462090395,0.95
maize,86,2009-08a,2010/11,False,180.2116650239304,183.50981132935487,1,0.025162579587398974,-0.0003450934051223901,True,124.67887344849748,-1019.0034572130214,183.4946819098422,0.0,-0.0045530663035593805,-0.015129419512675213,-0.008244474452388616,5,183.49468190984868,6.480149750132114e-12,145.7551135289174,False,167.60379710682267,0.95
maize,87,2009-08b,2010/11,False,183.50981132935487,180.70989447362768,1,0.01939384027612807,-3.37453651641945e-05,True,121.72711801243099,-1020.0515097502232,180.7204559046953,0.0,-0.003827713234774406,0.010561431067628746,0.0058444121714486715,5,180.72045590469304,-2.2737367544323206e-12,124.33163981610801,False,148.99982346186385,0.95
maize,88,2009-09a,2010/11,False,180.70989447362768,177.53916838245436,1,0.011313723064446137,-0.0004621818043073948,True,118.23489837309808,-1023.5032401443432,177.5494017658568,0.0,-0.0032699755103566385,0.010233383402436402,0.00576401449644716,5,177.54940176585563,-1.1652900866465643e-12,223.15982789009888,False,252.56215931211844,0.95
maize,89,2009-09b,2010/11,False,177.53916838245436,169.76479535911352,1,0.020917832094369197,-9.093667082445108e-05,True,110.85572024327308,-1030.5101523677172,169.7731867438568,0.0,-0.001112229748956504,0.00839138474327683,0.00494294752073069,5,169.7731867438568,0.0,325.11406686879366,False,359.72964642762736,0.95
maize,90,2009-10a,2010/11,False,169.76479535911352,174.4673156894184,1,0.005398631730599843,-0.00012159643505895049,True,114.76767548719414,-1025.9084873108368,174.46056219552761,0.0,-0.0014133688035599453,-0.006753493890784057,-0.0038709221060100616,5,174.46056219552764,2.842170943040401e-14,436.52017164265044,False,475.8910650614272,0.95
maize,91,2009-10b,2010/11,False,174.4673156894184,180.02665196331617,1,0.004200429417920259,-9.619823582366053e-05,True,120.2664783004536,-1020.2639653805453,180.02062152233395,0.0,-0.0010645186473093326,-0.006030440982215168,-0.0033497490046329277,4,180.02062152232668,-7.275957614183426e-12,544.0726109786892,False,586.2766420931383,0.95
maize,92,2009-11a,2010/11,False,180.02665196331617,180.0514564079082,1,0.004840890446378881,-0.00012499728552085656,True,120.34160805860819,-1020.3070054418031,180.05142412974345,0.0,-0.0013028902633737253,-3.227816475259715e-05,-1.7927188925076327e-05,4,180.0514241297434,-5.684341886080802e-14,490.8700356785227,False,535.7101409652707,0.95
maize,93,2009-11b,2010/11,False,180.0514564079082,183.41776894771564,1,0.011273819233250382,-0.0002354437696252345,True,124.06409736568071,-1017.2957875871875,183.4086984278212,0.0,-0.0026694174746689256,-0.009070519894436302,-0.004945278718891139,5,183.40869842782163,4.263256414560601e-13,213.9247169493031,False,330.5460134316348,0.95
maize,94,2009-12a,2010/11,False,183.41776894771564,188.5472488101708,1,0.022423444222228847,-0.0004300522866722732,True,129.8247286810235,-1012.7683375823266,188.521705024808,0.0,-0.004913874484000975,-0.025543785362799554,-0.013547683948715165,5,188.5217050248229,1.48929757415317e-11,130.60421848051703,False,238.9606316952828,0.95
maize,95,2009-12b,2010/11,False,188.5472488101708,192.47504275346498,1,0.024234773801970064,-0.00045644229886509575,True,133.87705675075523,-1008.9000631217258,192.4547671487478,0.0,-0.005117975203888063,-0.02027560471717038,-0.010534147402757429,5,192.45476714876173,1.3926637620897964e-11,124.64635764695144,False,226.42344247490416,0.95
maize,96,2010-01a,2010/11,False,192.47504275346498,195.70495320325,1,0.028287335919964792,-0.000502485894577691,True,137.34127068356395,-1005.7970580844626,195.68680780584396,0.0,-0.0055867118071171095,-0.018145397406044594,-0.009271813057894164,5,195.68680780586163,1.7678303265711293e-11,117.88235962019839,False,212.73769843864682,0.95
maize,97,2010-01b,2010/11,False,195.70495320325,199.01902507276628,1,0.036641197966703544,-0.0005529670655453789,True,141.1262579708006,-1002.7660076684808,198.995699824768,0.0,-0.0070072932929263415,-0.023325247998286613,-0.011720109667785944,5,198.99569982482421,5.6218141253339127e-11,116.36416190330799,False,203.95213330760248,0.95
maize,98,2010-02a,2010/11,False,199.01902507276628,202.53378061013476,1,0.05465903508795768,-0.0006227021286246038,True,145.2634485803646,-999.418095052517,202.506562698589,0.0,-0.007702379326140186,-0.027217911545761808,-0.013438702158112891,6,202.50656269858825,-7.389644451905042e-13,123.16853805645503,False,204.25981367554982,0.95
maize,99,2010-02b,2010/11,False,202.53378061013476,206.57719813772462,1,0.2526266096377407,0.008432837315435728,False,155.97120204666732,-995.8076055598167,206.53028937621988,0.0,-0.011516009422431547,-0.04690876150473855,-0.022707618230674506,6,206.53028937621036,-9.521272659185342e-12,130.38289643756534,False,205.91156963389744,0.95
maize,100,2010-03a,2010/11,False,206.57719813772462,216.6936859404778,1,0.11288431895770953,-0.0009755960381921069,True,168.79771667413354,-989.978273010446,216.1273920997877,0.0,-0.05788269794759482,-0.5662938406900935,-0.26133379855177,9,216.12739209985892,7.122480383259244e-11,141.43116094210708,False,213.69618577023743,0.95
maize,101,2010-03b,2010/11,False,216.6936859404778,231.26679529022513,1,0.03647514000299264,0.013842970141446184,False,174.53144129269788,-979.1737709820922,230.75432842911158,0.0,-0.03636284518366575,-0.5124668611135519,-0.2215911975043536,8,230.7543284290686,-4.297362465877086e-11,151.9441393695749,False,221.95776647169643,0.95
maize,102,2010-04a,2010/11,False,231.26679529022513,242.73150493163078,1,0.06972892830452039,0.06972892830452039,False,183.90364995975773,-965.9898791467257,242.41784314106292,0.0,-0.028553997574434227,-0.31366179056786336,-0.12922170554506768,7,242.41784314123305,1.701323526503984e-10,161.11165923458347,False,229.1549502154333,0.95
maize,103,2010-04b,2010/11,False,242.73150493163078,252.8366352231955,1,0.1385246988104815,0.1385246988104815,False,191.5852647367545,-954.705282197574,252.60475215015362,0.0,-0.02415327781610231,-0.23188307304187106,-0.09171260835565727,7,252.60475215019966,4.604316927725449e-11,170.79439770610406,False,236.86293283729918,0.95
maize,104,2010-05a,2010/11,False,252.8366352231955,262.7856339182463,1,0.21684606508389426,0.21684606508389426,False,199.05200028401055,-944.510585345835,262.56598841104034,0.0,-0.023361677598040108,-0.21964550720593934,-0.08358352925574006,7,262.5659884110761,3.575451046344824e-11,175.11289551709683,False,238.99685506171943,0.95
maize,105,2010-05b,2010/11,False,262.7856339182463,272.01958438894115,1,0.32278293836039057,0.32278293836039057,False,206.35172708343725,-934.3095718737377,271.7750299791103,0.0,-0.0275428711617396,-0.24455440983086874,-0.0899032363350714,7,271.77502997921704,1.0675194062059745e-10,179.24945267401182,False,239.3555440530118,0.95
maize,106,2010-06a,2010/11,False,272.01958438894115,281.35093432469654,1,0.3955896760214696,0.3955896760214696,False,213.67998930614067,-924.5797053362555,281.078654935385,0.0,-0.030606603212007,-0.2722793893115636,-0.09677571889536936,7,281.07865493560894,2.2396307031158358e-10,174.84228951308532,False,230.726396791944,0.95
maize,107,2010-06b,2010/11,False,281.35093432469654,290.2868439785482,1,0.5879287891191953,0.5879287891191953,False,219.64913264896313,-914.9074833770616,290.12528433483544,0.0,-0.0171398326887042,-0.16155964371273512,-0.055655172483350356,7,290.12528433483953,4.092726157978177e-12,171.68185310487848,False,223.27762911813772,0.95
maize,108,2010-07a,2010/11,False,290.2868439785482,296.97106189110787,1,0.6761579366784305,0.6761579366784305,False,222.45807884739725,-906.6201980833927,296.84194131969844,0.0,-0.018872349502398193,-0.12912057140943034,-0.04347917624942721,7,296.84194131970423,5.7980287238024175e-12,163.63445637087023,False,204.16846096061195,0.95
maize,109,2010-07b,2010/11,False,296.97106189110787,299.03120556741897,1,0.7884386743633992,0.7884386743633992,False,224.1553154387998,-901.8447016801225,299.01278258985053,0.0,-0.008908320711169605,-0.018422977568434362,-0.006160887969359691,6,299.0127825898495,-1.0231815394945443e-12,159.99652899703653,False,187.14584880207912,0.95
maize,110,2010-08a,2010/11,False,299.03120556741897,281.0128727233929,1,0.07236488819480191,0.0017446353907065607,False,223.39812514894595,-919.704650166279,281.07113185771846,0.0,-0.0034536413112908073,0.058259134325567175,0.020731838282338374,5,281.0711318577102,-8.242295734817162e-12,149.16048949649658,False,170.13156553846815,0.95
maize,111,2010-08b,2010/11,False,281.0128727233929,265.7349988657222,1,0.0168204570485087,0.006915737092225572,False,206.68695325387478,-934.6561843673967,265.7394749166376,0.0,-0.00034058021816107595,0.004476050915400265,0.001684403986868905,4,265.73947491663785,2.2737367544323206e-13,130.13452861148667,False,151.49853393343346,0.95
maize,112,2010-09a,2010/11,False,265.7349988657222,268.63887295286423,1,0.013673962359956797,-0.0001393335242825962,True,209.84886788568792,-932.6209413269974,268.6294355086574,0.0,-0.003247486282996589,-0.009437444206810142,-0.0035130597828505815,5,268.6294355086585,1.0800249583553523e-12,228.42947954366747,False,255.05850377925708,0.95
maize,113,2010-09b,2010/11,False,268.63887295286423,265.5778594087361,1,0.001567984694614559,0.0005500354663517807,False,205.54899270689793,-933.9785228875648,265.5762295793271,0.0,0.0005314083247800141,-0.001629829409012018,-0.0006136917484915932,4,265.57622957932733,2.2737367544323206e-13,330.1738932470219,False,362.2237446781939,0.95
maize,114,2010-10a,2010/11,False,265.5778594087361,266.45425774997386,1,0.005406543903682015,-0.00012062538476848109,True,206.85556460600094,-933.814734794146,266.4535420647999,0.0,-0.0008155745638860116,-0.0007156851739864578,-0.0002685958858492018,4,266.4535420647994,-4.547473508864641e-13,436.13428392976243,False,478.3806352514779,0.95
maize,115,2010-10b,2010/11,False,266.45425774997386,270.2816438490278,1,0.004275443216899649,-9.791693012056171e-05,True,210.60444176203674,-929.9354768507105,270.2791494736367,0.0,-0.0006462698328175048,-0.0024943753910520172,-0.0009228800578278671,4,270.2791494736361,-6.252776074688882e-13,540.4249348435116,False,588.6207548032656,0.95
maize,116,2010-11a,2010/11,False,270.2816438490278,270.8920638786658,1,0.004653813175616703,-0.0001145845138189739,True,211.2523624062402,-929.3546001414825,270.89161893541916,0.0,-0.0007284216380440316,-0.00044494324663446605,-0.00016425111915931167,4,270.89161893541905,-1.1368683772161603e-13,484.4095527410517,False,537.9150735706999,0.95
maize,117,2010-11b,2010/11,False,270.8920638786658,273.6023309893545,1,0.012511393070809113,-0.0002611011862690762,True,214.52978244098847,-926.9784743928603,273.59755561041163,0.0,-0.0017537280091465602,-0.004775378942895259,-0.0017453721704882193,5,273.59755561041163,0.0,211.5853648147163,False,332.6216573943571,0.95
maize,118,2010-12a,2010/11,False,273.6023309893545,277.8265756086442,1,0.02743415046961272,-0.0004816258516265353,True,219.77045733634202,-923.285859527019,277.8120283665939,0.0,-0.0034202776698516813,-0.014547242050298337,-0.005236087303177961,5,277.8120283665959,1.9895196601282805e-12,133.8328080367679,False,240.91513438288212,0.95
maize,119,2010-12b,2010/11,False,277.8265756086442,281.33428894252427,1,0.04356336609282405,-0.0005863462753328345,True,224.11584933826316,-920.0264295511206,281.31905388364623,0.0,-0.004323688203468007,-0.01523505887803367,-0.005415286894213647,5,281.3190538836516,5.343281372915953e-12,130.8143455883616,False,228.2694505046028,0.95
maize,120,2011-01a,2010/11,False,281.33428894252427,286.90562344382477,1,0.16785942379895274,-0.0010129427424313661,True,239.18256701628508,-915.8365281254469,286.84831210231283,0.0,-0.010209104313336775,-0.05731134151193373,-0.019975677306009694,6,286.8483121023065,-6.30961949354969e-12,127.04963731644435,False,214.4833831124318,0.95
maize,121,2011-01b,2010/11,False,286.90562344382477,298.37362944926235,1,0.039818735622806356,0.025431574644755036,False,240.30230534617937,-906.472445571661,298.43630307331546,0.0,0.004159486132696261,0.0626736240531045,0.021005081504282867,5,298.4363030732967,-1.8758328224066645e-11,128.37980662827576,False,205.60536041243222,0.95
maize,122,2011-02a,2010/11,False,298.37362944926235,306.750950510707,1,0.06209974848688061,0.06209974848688061,False,247.03321046721794,-893.8361619607826,306.9962029357631,0.0,0.026529243449295383,0.24525242505609413,0.0799516430667209,7,306.99620293567745,-8.566303222323768e-11,139.53219425533914,False,205.8278080223734,0.95
maize,123,2011-02b,2010/11,False,306.750950510707,315.4537727388246,1,0.13200797835420494,0.13200797835420494,False,252.9654741415767,-884.565172183339,315.3869386142805,0.0,-0.008037215669410637,-0.06683412454412974,-0.02118666198342287,6,315.3869386142782,-2.2737367544323206e-12,151.05329981183144,False,207.40424881906165,0.95
maize,124,2011-03a,calm,False,315.4537727388246,323.85568062038385,1,0.16251222719718597,0.16251222719718597,False,261.54586338131946,-879.6470799158449,323.73594914908085,0.0,-0.01456315122690644,-0.11973147130299822,-0.03697062564214974,6,323.7359491490024,-7.844391802791506e-11,166.43795617641047,False,215.11930165254714,0.95
maize,125,2011-03b,calm,False,323.85568062038385,327.3222386162178,1,0.19746591274537137,0.19746591274537137,False,266.1559829150991,-874.6290325805559,327.25755587404,0.0,-0.019017854354856725,-0.06468274217780845,-0.019761181657335647,6,327.257555873879,-1.609805622138083e-10,181.52545442222015,False,223.31663391787458,0.95
maize,126,2011-04a,calm,False,327.3222386162178,328.3174436500448,1,0.19691333812630119,0.19691333812630119,False,267.95479396370297,-872.7218740520336,328.2943088942907,0.0,-0.023793700796169753,-0.02313475575414259,-0.007046459517028294,6,328.29430889411424,-1.7644197214394808e-10,193.07082757061977,False,230.50122495567769,0.95
maize,127,2011-04b,calm,False,328.3174436500448,327.7405509907876,1,0.2161321148587,0.2161321148587,False,267.7071211043138,-872.3879028895929,327.7383903661477,0.0,0.0037359843246661975,-0.002160624639884645,-0.0006592484919406197,5,327.7383903661481,3.979039320256561e-13,204.71824474638606,False,238.2081220070357,0.95
maize,128,2011-05a,calm,False,327.7405509907876,327.25684564061254,1,0.23327677490636026,0.23327677490636026,False,266.5680304121537,-873.4910896701671,327.2565280684518,0.0,0.0006566389492696694,-0.00031757216072492156,-9.704064711106867e-05,4,327.2565280684519,1.1368683772161603e-13,211.61872639685106,False,240.30150455009561,0.95
maize,129,2011-05b,calm,False,327.25684564061254,326.68343962277066,1,0.3401872509900528,0.3401872509900528,False,265.7526856912989,-874.7806898756011,326.6840231045528,0.0,-0.0010197663451684482,0.0005834817821437355,0.0001786077013323651,4,326.6840231045534,5.684341886080801e-13,215.00884004048362,False,240.62272110730478,0.95
maize,130,2011-06a,calm,False,326.68343962277066,326.0127248173919,1,0.48410332396397054,0.48410332396397054,False,264.557893469091,-876.1487342687507,326.0134152643597,0.0,-0.0010318519880523846,0.0006904469677806446,0.00021178528174548453,4,326.01341526436045,7.389644451905042e-13,210.75400785481037,False,231.9589361151178,0.95
maize,131,2011-06b,calm,False,326.0127248173919,324.05493448694375,1,0.5343778045677724,0.5343778045677724,False,262.1498718037384,-877.4803760835863,324.0673840321986,0.0,-0.0064423694044985,0.01244954525486719,0.003841800858418585,5,324.0673840321772,-2.142996891052462e-11,208.03390384136392,False,224.478658613796,0.95
maize,132,2011-07a,calm,False,324.05493448694375,319.91642004937796,1,0.3266590589007861,0.3266590589007861,False,261.44103740108596,-881.1452172359508,319.9331660046695,0.0,-0.004114221109660563,0.016745955291526116,0.0052344782080711695,5,319.9331660046647,-4.774847184307873e-12,200.55925448871398,False,205.34036429910924,0.95
maize,133,2011-07b,calm,False,319.91642004937796,313.9739262596423,1,0.14387343980944783,-0.00031985862187069807,True,258.1800944734018,-886.7892782084924,313.9903313821758,5.684341886080802e-14,-0.0028150049138137507,0.01640512253345605,0.0052249951863486115,5,313.99033138217476,-1.0231815394945443e-12,196.59567924016628,False,188.29082454984746,0.95
maize,134,2011-08a,calm,False,313.9739262596423,298.28668275898593,1,0.12823087957579407,0.12823087957579407,False,238.86533250288227,-889.514696300979,298.2586773946249,0.0,0.0017451782653153817,-0.028005364361035845,-0.00938874109363576,5,298.2586773946252,2.8421709430404007e-13,186.96397846267527,False,171.2516235106681,0.95
maize,135,2011-08b,calm,False,298.28668275898593,283.28720689540995,1,0.01945131408948135,0.0032449925989813185,False,223.9082539794046,-916.5271961200357,283.2806354062281,0.0,0.0004478853247398475,-0.006571489181851575,-0.002319726772652243,4,283.2806354062287,6.252776074688882e-13,167.1642430380337,False,152.60894175865246,0.95
maize,136,2011-09a,calm,False,283.28720689540995,276.9655935680572,1,0.009000984581162854,-0.00010202039148728535,True,217.51366305507247,-923.2530371855087,276.9698002986174,0.0,-0.0006758840684965926,0.004206730560156302,0.001518863952002979,4,276.9698002986187,1.3073986337985843e-12,271.0029139326963,False,256.16822102060223,0.95
maize,137,2011-09b,calm,False,276.9655935680572,266.7493602591172,1,0.605581376291588,0.605581376291588,False,205.26414369521905,-933.4018439185375,266.75409700799025,0.0,-0.0004751772595059043,0.004736748873028773,0.0017757301717340767,4,266.7540970079908,5.684341886080801e-13,378.0717850927534,False,363.33280844103916,0.95
maize,138,2011-10a,calm,False,266.7493602591172,257.4955390610718,1,0.0024374603770794274,-5.541106530839627e-05,True,197.67928133512805,-942.6274036479375,257.4990676502726,0.0,-0.00039014285151598544,0.0035285892008118935,0.0013703496432126525,4,257.49906765027276,1.7053025658242404e-13,483.2830415772231,False,479.4881612541857,0.95
maize,139,2011-10b,calm,False,257.4955390610718,248.97524128318872,1,0.00201020855773717,-4.622761085365379e-05,True,189.1243813824858,-951.129998264256,248.97805869921626,0.0,-0.00033793211397923435,0.002817416027539821,0.0011316048989526808,4,248.97805869921638,1.1368683772161603e-13,587.9503383997358,False,589.6679923987105,0.95
maize,140,2011-11a,calm,False,248.97524128318872,236.92570278494316,1,0.010583572403585376,-5.6528018314583755e-05,True,177.9458162680486,-964.4434448510428,236.96525187662837,0.0,-0.003360397809194223,0.03954909168521681,0.016692613431272763,5,236.96525187662334,-5.030642569181509e-12,593.1054224733939,False,595.230442609973,0.95
maize,141,2011-11b,calm,False,236.92570278494316,227.31002127828734,1,0.013536743158710389,-5.33990407204441e-05,True,168.69728981904245,-973.5279267544449,227.36130926339223,0.0,-0.005432977608538462,0.051287985104892186,0.022563010999898762,5,227.36130926334755,-4.46789272245951e-11,633.5287085911427,False,637.4833506637901,0.95
maize,142,2011-12a,calm,False,227.31002127828734,218.69781397763273,1,0.018415465449878172,-6.000614699555738e-05,True,160.5762401266449,-981.4525566121583,218.70215975675114,0.0,-0.0005174227019461422,0.0043457791184096095,0.0019871159383669343,4,218.70215975675174,5.968558980384842e-13,565.1044959534012,False,574.1341068221235,0.95
maize,143,2011-12b,calm,False,218.69781397763273,210.88518458233744,1,0.025189560757425747,-5.984184637878091e-05,True,152.39277809461674,-989.2691235774558,210.88930856010342,0.0,-0.0005405073758686995,0.004123977765971176,0.001955555945828438,4,210.88930856010404,6.252776074688882e-13,561.4390982790632,False,564.8870288327045,0.95
rice,0,2006-01a,calm,True,338.990734667104,342.43573145591,1,0.6571176793185807,-0.004739680531967926,True,339.3936150581028,-872.6569742316492,342.189416481205,0.0,-0.07625360504503763,-0.24631497470500108,-0.07193027832047812,9,342.18941648148626,2.8126123652327806e-10,-35.59301009145436,True,-35.57436117177727,0.0
rice,1,2006-01b,calm,True,342.43573145591,341.9962089074914,1,0.5531599576716757,-0.00465294450212878,True,333.21728862665327,-872.907440699797,342.0263044515783,0.0,-0.07362788579035044,0.030095544086918835,0.0087999642402643,8,342.0263044519315,3.531681613822002e-10,-36.78691294043463,True,-36.79961999349915,0.0
rice,2,2006-02a,calm,True,341.9962089074914,341.9320153562961,1,0.5654012127007587,-0.004794931968151433,True,334.26111525119194,-873.4899551144341,341.93652992990974,0.0,-0.07565528967582111,0.004514573613619177,0.0013203132233508327,8,341.93652992997386,6.411937647499144e-11,-36.817679147482025,True,-36.78904394175095,0.0
rice,3,2006-02b,calm,True,341.9320153562961,342.20488521392633,1,0.5754355520183817,-0.004851431039493479,True,335.4623568959305,-873.6074238696665,342.1853797662616,-5.684341886080802e-14,-0.0769527090698533,-0.019505447664755593,-0.005699932557234517,8,342.1853797659499,-3.1167246561381035e-10,-36.449822241448075,True,-36.380048742476205,0.0
rice,4,2006-03a,calm,True,342.20488521392633,348.0875175795256,1,0.5609829034711651,-0.005740469822852,True,338.262582281411,-870.1730990758929,347.71098980967764,0.0,-0.06772009821384287,-0.37652776984793945,-0.10817043152428363,9,347.7109898098441,1.6643753042444587e-10,-33.55444979268556,True,-33.400191049977934,0.0
rice,5,2006-03b,calm,True,348.0875175795256,353.94758921967764,1,0.5209290120295827,-0.0050004301642891,True,340.897420047056,-861.0401883591953,353.60368934328756,0.0,-0.06175119558969527,-0.3438998763900827,-0.0971612427558141,9,353.6036893433602,7.264588930411264e-11,-26.350904995596714,True,-26.149349538079612,0.0
rice,6,2006-04a,calm,True,353.94758921967764,361.12261614224946,1,0.33081406365829263,-0.005094266288775354,True,343.5826300028551,-854.1721017222217,360.69893169037704,0.0,-0.06203476596599666,-0.4236844518724183,-0.1173242640958065,9,360.69893169046986,9.282530299969949e-11,-15.981324285661202,True,-15.759460401273142,0.0
rice,7,2006-04b,calm,True,361.12261614224946,363.36478126607136,1,0.34894269730485605,-0.006595885166170825,True,334.7968399158395,-851.6143366772387,363.2813819097952,0.0,-0.038489545188805936,-0.08339935627617479,-0.022951964685621575,7,363.28138191006633,2.7114310796605423e-10,-8.004764225137063,True,-7.788329697140913,0.0
rice,8,2006-05a,calm,True,363.36478126607136,365.3957411100279,1,0.19720379256903844,-0.005297631011947321,True,322.09212950841743,-842.7830718088983,365.355467098812,0.0,-0.020166403099930768,-0.04027401121589946,-0.011022025350802368,6,365.35546709867765,-1.3437784218695015e-10,8.358501432554524,False,8.520565316161502,0.0
rice,9,2006-05b,calm,True,365.3957411100279,368.8973236566418,1,0.15451552905999139,-0.0047830259838696895,True,323.1695677468548,-838.5205715604163,368.83416934579304,0.0,-0.018271742410216955,-0.0631543108487449,-0.017119753058313585,6,368.8341693456644,-1.2863665688200854e-10,11.312169598709374,False,11.29347989470672,0.0
rice,10,2006-06a,2007/08,True,368.8973236566418,369.5514755973853,1,0.3177842768216808,-0.004023908023104493,True,338.354635593749,-838.3727192233769,369.5353771994602,0.0,-0.025194528761983054,-0.016098397925134122,-0.0043561990651264015,6,369.5353771992968,-1.6336798580596223e-10,12.688303392421107,False,12.408359051794465,0.0
rice,11,2006-06b,2007/08,True,369.5514755973853,367.6648731683706,1,0.25783432146318647,-0.003073771053008037,True,328.33688201832354,-838.0456462535153,367.6969186348124,0.0,-0.017345723471579096,0.03204546644178663,0.008715944540916626,6,367.6969186348627,5.030642569181509e-11,19.506318947846736,False,19.0788830389429,0.0
rice,12,2006-07a,2007/08,True,367.6648731683706,365.2689856250141,1,0.2611761300104787,-0.002307332354978883,True,326.61431603747565,-839.3329102836672,365.30983581129937,0.0,-0.017431331883612143,0.0408501862852404,0.011183590146680912,6,365.30983581136513,6.576783562195487e-11,28.610437385561838,False,28.0465000245482,0.0
rice,13,2006-07b,2007/08,True,365.2689856250141,364.1629130675783,1,0.27265896201629786,-0.0015671594487406339,True,323.34773934584723,-839.0746916765479,364.1793034466112,0.0,-0.015074677111834031,0.01639037903288454,0.004500836972886075,6,364.179303446624,1.2789769243681803e-11,36.95926431330005,False,36.28903367715423,0.0
rice,14,2006-08a,2007/08,True,364.1629130675783,362.4947411754518,1,0.7599921257042113,-0.0013883090020715217,True,330.904605058633,-841.3686756454424,362.51430853234183,0.0,-0.011909178321342445,0.01956735689003608,0.005397969864772534,6,362.51430853234655,4.718003765447065e-12,55.34184162627495,False,54.7069689115396,0.0
rice,15,2006-08b,2007/08,True,362.4947411754518,355.8444052142878,1,0.09706515855672825,-0.001042039177519417,True,301.3097447338616,-845.9354408928561,355.8773524315727,0.0,-0.0050395551765617065,0.03294721728491368,0.009258883040488728,5,355.87735243155146,-2.1259438653942198e-11,72.29119912913923,False,71.65936875892001,0.0
rice,16,2006-09a,2007/08,True,355.8444052142878,347.6531476477635,1,0.06566078767812603,0.03366968854423445,False,292.09145143942095,-853.5986749240219,347.4504254200118,0.0,0.024886232297453525,-0.20272222775167847,-0.05831163305245645,7,347.4504254200599,4.808953235624358e-11,96.07731873919619,False,95.52931097854358,0.0
rice,17,2006-09b,2007/08,True,347.6531476477635,338.8020669297307,1,0.0690917205093212,0.00018515614681890424,False,283.13113700733044,-862.0367962677608,338.8259706448255,0.0,-0.002754746320239778,0.02390371509477518,0.0070553628292158365,5,338.8259706448241,-1.3642420526593924e-12,118.71028038985898,False,118.39514159304832,0.0
rice,18,2006-10a,2007/08,True,338.8020669297307,333.6610529240625,1,0.2383073089409317,0.021492685582615457,False,294.7342130164592,-868.6307919047532,333.7008383593533,0.0,-0.00789702477666586,0.0397854352908098,0.011923907492992452,6,333.7008383593546,1.2505552149377763e-12,134.85920484263397,False,134.77166879640194,0.0
rice,19,2006-10b,2007/08,True,333.6610529240625,325.02943660926064,1,0.025975948870146762,-0.000662875058001292,True,267.3227321121512,-876.1536842895712,325.05758280629345,0.0,-0.0033255201923249895,0.02814619703281096,0.008659583983049314,5,325.05758280629,-3.467448550509289e-12,133.2909131686671,False,133.5543192894125,0.0
rice,20,2006-11a,2007/08,True,325.02943660926064,314.2745880320533,1,0.1714614121351387,-0.0017594215710273126,True,266.765232809658,-890.7758005166675,314.4452918282455,0.0,-0.01649798342824608,0.17070379619218556,0.054316767149743345,7,314.44529182824203,-3.467448550509289e-12,28.237173891813427,False,28.072683243054314,0.0
rice,21,2006-11b,2007/08,True,314.2745880320533,307.38286905358996,1,1.1592049607250032,-0.003964941610232606,True,294.1354747827603,-902.1970863350053,307.6149852228422,0.0,-0.03551481177929061,0.23211616925226508,0.0755136972879895,8,307.61498522285876,1.6541434888495132e-11,7.72155908493437,False,7.671726754832747,0.0
rice,22,2006-12a,2007/08,True,307.38286905358996,307.0592422195837,1,0.6040506690501106,-0.005095431661673888,True,300.5418944624743,-912.3558208935685,307.08618987140903,0.0,-0.09088285695028628,0.026947651825310004,0.008776043225573793,9,307.08618987128335,-1.2568079910124652e-10,-17.079408267582153,True,-16.636472423236597,0.0
rice,23,2006-12b,2007/08,True,307.0592422195837,312.5649058275749,1,0.6656091189758799,-0.005417856660371348,True,307.5528718906161,-907.0249951311195,312.11681423558935,0.0,-0.08771688938443872,-0.4480915919855306,-0.14335953385397607,10,312.1168142354515,-1.3784529073745944e-10,-20.58659197932971,True,-20.230010005564893,0.0
rice,24,2007-01a,2007/08,False,312.5649058275749,346.04232267950727,1,0.8567243828141515,-0.008653680854582256,True,362.6719806723096,-885.5699319928605,342.35899454272976,0.0,-0.11736914779522442,-3.6833281367775044,-1.0644155050909418,12,342.35899454251626,-2.135038812411949e-10,-32.72073870651698,True,-32.045560944585006,0.7
rice,25,2007-01b,2007/08,False,346.04232267950727,375.16077101515225,1,0.8757438433971588,-0.00926461816850874,True,397.5324367546568,-854.3670997344051,372.26308111682613,0.0,-0.10599170575928987,-2.897689898326121,-0.772386166731992,11,372.2630811173423,5.161950866749976e-10,-33.78569908000095,True,-33.183279689040376,0.7
rice,26,2007-02a,2007/08,False,375.16077101515225,398.3955869954214,1,0.9110968611788477,-0.009330841091066163,True,427.46393865521713,-828.6732070540904,396.12479405877934,0.0,-0.10500116531641576,-2.270792936642067,-0.5699844603620482,11,396.12479405914826,3.68913788406644e-10,-33.3393386751314,True,-33.017508632919686,0.7
rice,27,2007-02b,2007/08,False,398.3955869954214,412.3598538182147,1,0.9326441922065923,-0.008470013691561832,True,445.95436651446585,-809.226459754696,411.18067655597383,0.0,-0.08841493886081493,-1.1791772622408416,-0.2859583083373271,10,411.1806765555858,-3.880131771438755e-10,-32.23693622493482,True,-32.44793892873409,0.7
rice,28,2007-03a,2007/08,False,412.3598538182147,420.23284849082177,1,1.1757443070840512,-0.007687220991819907,True,473.30231755531145,-797.9972084396496,419.68488048434085,0.0,-0.07313178459782713,-0.5479680064809145,-0.13039628112100868,9,419.68488048478844,4.475850801100023e-10,-28.582620119720517,True,-29.544799799714525,0.7
rice,29,2007-03b,2007/08,False,420.23284849082177,434.0106718755384,1,0.8211576324486666,-0.004973274321696168,True,449.0930438490843,-776.1093289502367,433.540145988558,0.0,-0.034214970516637404,-0.470525886980397,-0.10841343715053396,8,433.5401459885321,-2.5863755581667647e-11,-23.89147382894339,True,-25.728001684403417,0.7
rice,30,2007-04a,2007/08,False,434.0106718755384,454.16925310814065,1,0.7975409800177766,-0.003987739189796629,True,461.15202505989146,-753.3726449400536,453.67974967461885,0.0,-0.023819657806679048,-0.48950343352180425,-0.10777995872064249,7,453.6797496747082,8.93578544491902e-11,-12.772282055585329,True,-15.400107065372456,0.7
rice,31,2007-04b,2007/08,False,454.16925310814065,452.3125300937303,1,0.5470522472570423,-0.006345155044440372,True,444.5773314029762,-757.0695178159913,452.36196764241197,0.0,-0.027441536191061464,0.04943754868168071,0.010929953382329698,7,452.3619676423909,-2.1088908397359774e-11,-5.997579140652633,True,-8.86016669432244,0.7
rice,32,2007-05a,2007/08,False,452.3125300937303,477.29721284269334,1,0.22598556433470202,-0.00550335528008603,True,441.65985722649935,-729.0831731991552,476.9040823111027,0.0,-0.01538602130422322,-0.39313053159065703,-0.08236598098891983,7,476.9040823111079,5.229594535194337e-12,10.686393859489309,False,7.381438304649098,0.7
rice,33,2007-05b,2007/08,False,477.29721284269334,509.1940385505985,1,0.2474944040355907,-0.004801322096195764,True,469.8945078284627,-695.8805218747099,508.8068784965611,0.0,-0.0117415601970469,-0.38716005403739473,-0.07603389370767795,6,508.8068784964747,-8.640199666842818e-11,13.852125255554737,False,10.222458725502907,0.7
rice,34,2007-06a,2007/08,False,509.1940385505985,519.783347540754,1,0.44842963020839377,-0.0036246944112687638,True,484.2742401576336,-684.8038670930605,519.6505262442272,0.0,-0.01250766959343926,-0.13282129652679942,-0.02555320349434347,6,519.6505262441865,-4.069988790433854e-11,16.477990078526883,False,11.349541471215218,0.7
rice,35,2007-06b,2007/08,False,519.783347540754,527.584086477421,1,0.16236436010981292,-0.002173513710842445,True,481.02582831290977,-675.0901082151041,527.5268393955778,0.0,-0.007311867633365754,-0.05724708184322935,-0.010850797685248104,6,527.5268393955766,-1.1368683772161603e-12,24.514213036909716,False,18.128631175108822,0.7
rice,36,2007-07a,2007/08,False,527.584086477421,536.6419622020961,1,0.14556418989382341,-0.0018119951270516414,True,488.521426969127,-665.5008956007964,536.5896208889004,0.0,-0.005741701661035538,-0.052341313195711336,-0.009753488709852308,5,536.5896208889573,5.6843418860808015e-11,35.07448670771009,False,27.23923252943361,0.95
rice,37,2007-07b,2007/08,False,536.6419622020961,537.5696507048934,1,0.11501530978524924,-0.0019317527919651672,True,487.82620059016017,-664.5591906948955,537.5644725383908,0.0,-0.005606663408321563,-0.0051781665026737755,-0.0009632549932615902,5,537.5644725383959,5.115907697472721e-12,44.916912122995555,False,35.57879075196608,0.95
rice,38,2007-08a,2007/08,False,537.5696507048934,518.3664927707687,1,0.10828207507397798,-0.0008840148232418258,True,466.899278606141,-682.7732952301742,518.435440178773,0.0,-0.003708921959417344,0.06894740800430554,0.01330089983937202,5,518.43544017876,-1.2960299500264227e-11,65.01065640304975,False,54.03298347279079,0.95
rice,39,2007-08b,2007/08,False,518.3664927707687,509.71370494205826,1,0.05478301527669752,0.023593127462294916,False,454.37509332585705,-691.7586338241819,509.7502647587142,0.0,-0.004303476794440012,0.03655981665593799,0.007172617942476931,5,509.75026475870163,-1.2562395568238571e-11,81.07127012960046,False,71.02184620125692,0.95
rice,40,2007-09a,2007/08,False,509.71370494205826,506.8291006095051,1,0.06304421426610433,-0.0005750890733524237,True,451.6346276500975,-693.8924232355345,506.83484098778024,0.0,-0.00200207572636452,0.0057403782751634935,0.0011326062904162765,5,506.8348409877801,-1.1368683772161603e-13,101.94497342228344,False,94.92256204789314,0.95
rice,41,2007-09b,2007/08,False,506.8291006095051,509.29818111382116,1,0.03231247306646029,0.0018702427345879623,False,452.79735645954656,-690.9932945673849,509.29142203258857,0.0,-0.002736828915833663,-0.006759081232587505,-0.0013271363384423599,5,509.29142203258897,3.979039320256561e-13,121.90089499256958,False,117.81145302616919,0.95
rice,42,2007-10a,2007/08,False,509.29818111382116,527.3307996992705,1,0.06618869831259996,-0.0008979214373795018,True,472.13090011048075,-673.7161790624793,527.2828864661996,0.0,-0.002603894385090099,-0.04791323307097173,-0.009085991771824438,5,527.2828864662017,2.1600499167107046e-12,127.44893357248539,False,134.20039937931645,0.95
rice,43,2007-10b,2007/08,False,527.3307996992705,539.9477445639451,1,0.04908590954835487,-0.0011605286289794688,True,484.67585954689775,-661.2938126400036,539.9092282918152,0.0,-0.003019024503437398,-0.03851627212986841,-0.007133333274866008,5,539.9092282918184,3.183231456205249e-12,122.33507912239304,False,133.025439887062,0.95
rice,44,2007-11a,2007/08,False,539.9477445639451,598.7981088583736,1,0.23884965180218773,-0.004243811530486526,True,560.6883987997194,-605.7802953036069,598.1478619491842,0.0,-0.010453076910520972,-0.6502469091893772,-0.10859201115866787,6,598.147861949103,-8.117240213323385e-11,31.24542591973257,False,27.582522170711172,0.95
rice,45,2007-11b,2007/08,False,598.7981088583736,642.5223719321398,1,0.248781324609226,-0.0025642306265358716,True,602.0302542361839,-559.9503256451901,642.2389265320346,0.0,-0.0062079919003787285,-0.2834454001051654,-0.044114479508754224,6,642.2389265320321,-2.5011104298755527e-12,18.28015092471307,False,7.216895923611361,0.95
rice,46,2007-12a,2007/08,False,642.5223719321398,676.7133962626414,1,0.14243008339363172,-0.0014441399359081673,True,627.3887642613324,-524.5142015139922,676.59935968498,0.0,-0.0032246037635858737,-0.11403657766140896,-0.016851532464291552,5,676.5993596849922,1.2278178473934531e-11,-1.6233827654029773,True,-17.05898971116474,0.95
rice,47,2007-12b,2007/08,False,676.7133962626414,697.9892058676521,1,0.16184282796554095,-0.0013280974886392815,True,648.3927846996678,-503.0359117979958,697.9275516738081,0.0,-0.002843114284709787,-0.06165419384399229,-0.008833115659339112,5,697.9275516738121,3.979039320256561e-12,-4.289756374002822,True,-20.565398582372183,0.95
rice,48,2008-01a,2007/08,False,697.9892058676521,647.4292536735788,1,0.14315366200012322,-0.0014405869839257987,True,598.5334484302414,-553.6264479298972,647.596828168428,0.0,-0.0035146057764567865,0.16757449484919107,0.0258830588667961,5,647.5968281684025,-2.5579538487363607e-11,-15.211775716397653,True,-32.3771753616918,0.95
rice,49,2008-01b,2007/08,False,647.4292536735788,600.6102807965705,1,0.11835709227346321,-0.0010974369268680164,True,549.2513625755056,-600.3209055408445,600.742031983046,0.0,-0.0029820321531841927,0.13175118647552608,0.021936218990588813,5,600.7420319830355,-1.0459189070388675e-11,-15.967748981074834,True,-33.51147925694761,0.95
rice,50,2008-02a,2007/08,False,600.6102807965705,556.8037549084344,1,0.0971934031503096,-0.0009437518934375553,True,503.9582355344369,-644.1043165241607,556.9204617669545,0.0,-0.002822499485640054,0.1167068585201605,0.0209601421490688,5,556.9204617669473,-7.275957614183426e-12,-13.895876876508353,True,-33.34735163010404,0.95
rice,51,2008-02b,2007/08,False,556.8037549084344,573.5934309519245,1,19.8558154741687,19.8558154741687,False,462.851552350063,-626.60172791586,573.5804177382959,0.0,-0.0007494552255083553,-0.013013213628596532,-0.002268717339910964,4,573.5804177382904,-5.4569682106375694e-12,-12.33254905758244,True,-32.77616202643527,0.95
rice,52,2008-03a,2007/08,False,573.5934309519245,626.2480234297468,1,0.09909624083212815,-0.0010599655734679005,True,573.5450545566499,-574.8436485488087,626.1000858877792,0.0,-0.002647063102920065,-0.14793754196762166,-0.02362283575082891,5,626.1000858877865,7.275957614183426e-12,-7.687189965102668,True,-29.871682744267382,0.95
rice,53,2008-03b,2007/08,False,626.2480234297468,660.8584866422101,1,0.0932972741229844,-0.0009939533660735353,True,607.9892468908951,-540.0273089852059,660.7759540874449,0.0,-0.0023005504677369062,-0.08253255476518007,-0.012488688037362427,5,660.7759540874471,2.1600499167107046e-12,-2.5553053291726275,True,-25.78713481092729,0.95
rice,54,2008-04a,calm,False,660.8584866422101,677.1165112062811,1,0.09190240011205608,-0.004063854055801802,True,630.8910554081679,-526.1930541721621,676.9654843241825,0.0,-0.009215381734919346,-0.15102688209856296,-0.022304415798325317,6,676.9654843241724,-1.0118128557223827e-11,8.39681475551266,False,-15.458329707499146,0.95
rice,55,2008-04b,calm,False,677.1165112062811,695.1694803186825,1,0.1033746834848084,-0.0010961326294117002,True,643.1951297509695,-505.67647039617077,695.1260904963069,0.0,-0.0023645340129005545,-0.04338982237561595,-0.006241617850617522,5,695.1260904963083,1.3642420526593924e-12,13.556193037730258,False,-8.858106947671388,0.95
rice,56,2008-05a,calm,False,695.1694803186825,729.1996264578945,1,0.13282191369031793,-0.0021738634081646165,True,682.9038655434765,-472.38517515346666,729.0468632563197,0.0,-0.004361772300261768,-0.1527632015747713,-0.020949434973907267,6,729.0468632563195,-2.2737367544323206e-13,26.872112454961012,False,7.3851939323636735,0.95
rice,57,2008-05b,calm,False,729.1996264578945,759.389711080396,1,0.11598503700369876,-0.001914668688952745,True,710.9047481197863,-441.8576039410116,759.2801839013121,0.0,-0.00354306662842649,-0.10952717908389786,-0.01442305281277406,5,759.2801839013293,1.7280399333685637e-11,27.723554273936195,False,10.227573714234756,0.95
rice,58,2008-06a,calm,False,759.389711080396,777.7706144044679,1,0.16705011382830545,-0.0022112641869299413,True,732.3291804752675,-423.5491555804299,777.6962165001753,0.0,-0.003997916795376373,-0.07439790429259574,-0.009565532936669452,5,777.6962165001944,1.9099388737231493e-11,31.385491769039028,False,11.356726508512214,0.95
rice,59,2008-06b,calm,False,777.7706144044679,795.9396746427502,1,0.12469395695381785,-0.0018276516170533327,True,747.8014689804243,-405.07458593156707,795.8824081628811,0.0,-0.003114676745141473,-0.057266479869099385,-0.0071948266550229305,5,795.8824081628865,5.343281372915953e-12,40.25896986523582,False,18.143248873666433,0.95
rice,60,2008-07a,calm,False,795.9396746427502,808.0676753929093,1,0.08764654202415134,-0.0014560687284023055,True,757.082370662531,-392.6958460991683,808.0355113737105,0.0,-0.0024245119779271146,-0.03216401919883083,-0.0039803620635105365,5,808.0355113737118,1.2505552149377763e-12,49.91393341957624,False,27.258370869380794,0.95
rice,61,2008-07b,calm,False,808.0676753929093,824.8240962289573,1,0.07403497605980044,-0.0013157914880841774,True,773.3901306837929,-375.8693079738939,824.7739107720702,0.0,-0.0029668209983600836,-0.05018545688710674,-0.006084382975297572,5,824.773910772074,3.865352482534945e-12,58.94361919929219,False,35.597929091913265,0.95
rice,62,2008-08a,calm,False,824.8240962289573,840.8000561160766,1,0.0506920275948256,-0.0010932252963644872,True,786.338739692809,-359.71304922486456,840.7727169630646,0.0,-0.0016938507934845814,-0.027339153012007955,-0.003251564127896972,5,840.7727169630648,2.2737367544323206e-13,73.8509578755967,False,54.05212181273797,0.95
rice,63,2008-08b,calm,False,840.8000561160766,859.0251836022738,1,0.044019321134719396,-0.0012527070840693548,True,804.5202100361922,-341.52585145966543,858.9910330658362,0.0,-0.0018538172429279718,-0.034150536437664414,-0.0039754988665706,5,858.9910330658365,3.410605131648481e-13,82.97910092791467,False,71.04139624591431,0.95
rice,64,2008-09a,calm,False,859.0251836022738,879.3168871375235,1,0.06019515634047693,0.0034333494163786994,False,829.6408170232751,-321.37276345460646,879.2658138643269,0.0,-0.0024811267436963343,-0.05107327319660726,-0.005808289814934431,5,879.265813864329,2.0463630789890885e-12,94.93011171293888,False,94.94216347309354,0.95
rice,65,2008-09b,calm,False,879.3168871375235,902.3360933543536,1,0.04706791498392702,-0.0014324673834939438,True,848.4896136686518,-298.21032253469,902.2897872524494,0.0,-0.0019860122149279865,-0.04630610190417883,-0.005131802024236894,5,902.2897872524501,6.821210263296962e-13,106.43362689631223,False,117.83110951530001,0.95
rice,66,2008-10a,calm,False,902.3360933543536,901.220308722375,1,0.009833997732760488,0.009833997732760488,False,839.2692314201338,-298.52473735027684,901.2192353466671,0.0,0.0009615253291248342,-0.0010733757078469353,-0.00011910247665952161,4,901.219235346668,9.094947017729282e-13,115.05667536163054,False,134.21768095629284,0.95
rice,67,2008-10b,calm,False,901.220308722375,881.71319999078,1,0.06100561838772939,-0.0005298103703927849,True,825.6967383657043,-318.47486965431324,881.7280942252639,0.0,-0.0007745379163135198,0.014894234483904256,0.0016892380066511428,4,881.7280942252709,6.934897101018578e-12,115.28749668592144,False,133.04057202049373,0.95
rice,68,2008-11a,calm,False,881.71319999078,856.9931291915491,1,0.0594795116213438,-0.001314209886850104,True,803.6265446763548,-343.51304668165267,857.0419150929029,0.0,-0.0020136021150102545,0.04878590135376726,0.005692682903979616,5,857.041915092902,-9.094947017729282e-13,49.885840198218816,False,27.595686369582126,0.95
rice,69,2008-11b,calm,False,856.9931291915491,819.2019918409521,1,0.047373458285643474,-0.0008249123940211903,True,764.0536391993044,-381.14842632715295,819.2516919053817,0.0,-0.0013564333333850132,0.049700064429544,0.0060668876448719935,5,819.2516919053816,-1.1368683772161603e-13,35.77186988136852,False,7.228259702813375,0.95
rice,70,2008-12a,calm,False,819.2019918409521,781.185672576516,1,0.023859069472349025,-0.00040297574510637284,True,723.561612867429,-419.0102233398825,781.2117581745259,0.0,-0.0007086401268915801,0.026085598009899513,0.003339231494589971,5,781.2117581745259,0.0,15.279297396101242,False,-17.049267657703382,0.95
rice,71,2008-12b,calm,False,781.185672576516,756.3024304430564,1,0.02238994193974799,-0.00038375516627990976,True,698.5230569023482,-443.90886938599533,756.3195559594828,0.0,-0.0007036365141434666,0.01712551642640392,0.002264374109755467,4,756.3195559594889,6.0254023992456496e-12,12.664969852078482,False,-20.548196836899706,0.95
rice,72,2009-01a,calm,False,756.3024304430564,690.5738183667371,1,0.022397026895416998,-0.0003525706252379822,True,632.7022797944676,-509.6371006888255,690.6193928881163,0.0,-0.0007378971500447073,0.045574521379194266,0.006599514804511659,5,690.6193928881163,0.0,4.587481135392068,False,-32.361256437808834,0.95
rice,73,2009-01b,calm,False,690.5738183667371,631.4155795096158,1,0.023939036587212033,-0.0003727873782784411,True,573.6293357193642,-568.855723455315,631.4645886761147,0.0,-0.0008811218611170187,0.049009166498876766,0.007761792405714691,5,631.4645886761147,0.0,2.0470130522120797,False,-33.496740105061306,0.95
rice,74,2009-02a,calm,False,631.4155795096158,578.21610470816,1,0.027353963179186317,-0.00041266951284981774,True,520.6527602266307,-622.1390235243169,578.2712888289959,0.0,-0.0011027743180401213,0.05518412083597468,0.009543857458592835,5,578.2712888289959,0.0,1.1727769152817018,False,-33.333697822244645,0.95
rice,75,2009-02b,calm,False,578.21610470816,529.8892405473815,1,0.020160908284755374,-0.0002706659762352907,True,471.6268768802113,-670.3942639140479,529.9291010472848,0.0,-0.0008778674456179067,0.03986049990328411,0.007522421074658501,5,529.9291010472847,-1.1368683772161603e-13,1.485551885844714,False,-32.76252182383653,0.95
rice,76,2009-03a,calm,False,529.8892405473815,577.7988793177118,1,0.023528128577477766,-0.0002311968103784124,True,519.2371868838331,-623.418489480772,577.7756797582606,0.0,-0.00044993951768859376,-0.023199559451200003,-0.004015161725234735,4,577.7756797582584,-2.1600499167107046e-12,5.15257235756885,False,-29.858046718105847,0.95
rice,77,2009-03b,calm,False,577.7988793177118,623.3666244849846,1,0.027116790239042038,-0.0004005712549658104,True,565.6931958239859,-577.0324709130065,623.3202100225769,0.0,-0.0009684789523557853,-0.046414462407710744,-0.007445772773936625,5,623.3202100225769,0.0,9.524225243975762,False,-25.77467001833176,0.95
rice,78,2009-04a,calm,False,623.3666244849846,653.4342212125888,1,0.029387262818146506,-0.00041465323148946336,True,595.9932223775044,-546.9335245920903,653.4044023071842,0.0,-0.0009612879431977206,-0.029818905404567886,-0.004563413490838059,5,653.4044023071842,0.0,19.353919854199557,False,-15.445907112363443,0.95
rice,79,2009-04b,calm,False,653.4342212125888,648.3605026989135,1,0.0881818259479092,-0.0010320658764996018,True,595.5805701890064,-552.4950037305343,648.3729461136189,0.0,-0.0024723141768261876,0.012443414705444411,0.0019192123291974959,5,648.3729461136185,-4.547473508864641e-13,24.115321103919488,False,-8.84576672158504,0.95
rice,80,2009-05a,calm,False,648.3605026989135,673.2580055456912,1,0.07861169510354218,-0.0007810908162179923,True,619.6106100234354,-527.4246124869974,673.2095545912359,0.0,-0.0018944892819042936,-0.04845095445523384,-0.007196491397969078,5,673.2095545912366,6.821210263296962e-13,36.30335467099805,False,7.397474483695447,0.95
rice,81,2009-05b,calm,False,673.2580055456912,707.6039707200562,1,0.04633429846782681,-0.0018780651797051188,True,652.3801822861155,-493.6168024802213,707.506464989553,0.0,-0.00275214799963108,-0.09750573050314415,-0.01377970369554633,5,707.5064649895586,5.5706550483591855e-12,35.161656824342984,False,10.23983010137311,0.95
rice,82,2009-06a,2010/11,False,707.6039707200562,729.8611533240312,1,0.08196427866794274,-0.001786104523266157,True,678.2148144147262,-471.3899454813427,729.7822217710301,0.0,-0.003490188533885003,-0.07893155300109811,-0.010814598453639775,5,729.7822217710418,1.1709744285326451e-11,37.90328645727311,False,11.368880533002566,0.95
rice,83,2009-06b,2010/11,False,729.8611533240312,750.7800198554093,1,0.07437652931968296,-0.0025196717116048673,True,698.3473026026752,-450.84362935111267,750.6812073651704,-1.1368683772161603e-13,-0.004658454101710372,-0.0988124902388563,-0.013161310587072674,6,750.6812073651702,-2.2737367544323206e-13,45.770749393949316,False,18.155423231255153,0.95
rice,84,2009-07a,2010/11,False,750.7800198554093,773.5115396260173,1,0.0815035489548184,-0.001207947262795872,True,720.1216241645096,-427.2146183070465,773.4624905469445,0.0,-0.0021213876355009684,-0.04904907907280176,-0.006341092092370897,5,773.4624905469457,1.1368683772161603e-12,54.903038338253516,False,27.270499113131027,0.95
rice,85,2009-07b,2010/11,False,773.5115396260173,797.6349957920473,1,0.06330426191800395,-0.0018173049317595307,True,745.2611441485507,-403.35371600066446,797.5639414857294,0.0,-0.0029016221063690416,-0.07105430631793297,-0.008908122975143087,5,797.5639414857344,5.002220859751105e-12,63.49536237743736,False,35.6100573356635,0.95
rice,86,2009-08a,2010/11,False,797.6349957920473,813.9030380959334,1,0.06541247406822115,-0.0018429338514212884,True,761.4037621010042,-387.01301079761686,813.8570602495263,0.0,-0.002800932878500374,-0.04597784640714053,-0.005649056982844337,5,813.857060249529,2.7284841053187847e-12,77.27893431105625,False,54.06425005648822,0.95
rice,87,2009-08b,2010/11,False,813.9030380959334,833.9576548516895,1,0.043656540991505906,-0.0011570656855391624,True,779.2562260929288,-366.6035131101762,833.921169624443,0.0,-0.0017960677913743835,-0.03648522724654413,-0.004374949619358388,5,833.9211696244433,3.410605131648481e-13,86.16102369755573,False,71.0534808529248,0.95
rice,88,2009-09a,2010/11,False,833.9576548516895,857.9982106047908,1,0.0652913181099329,-0.0016903920648378816,True,804.6180338382136,-342.7589742742157,857.9377405605974,0.0,-0.002480965821269787,-0.06047004419338009,-0.007047805397024734,5,857.9377405605997,2.2737367544323206e-12,97.7650267220414,False,94.95420969828862,0.95
rice,89,2009-09b,2010/11,False,857.9982106047908,885.7591133707792,1,0.04451861147117595,-0.0014350814605055614,True,831.6855354057625,-314.8319870360749,885.7018802110749,0.0,-0.0020287163900922518,-0.05723315970431031,-0.006461481326058056,5,885.701880211076,1.0231815394945443e-12,108.95458052484017,False,117.84311745192234,0.95
rice,90,2009-10a,2010/11,False,885.7591133707792,886.3876355455283,1,0.013198247200809986,0.003751253843921938,False,826.135549132797,-313.5109509539882,886.3878579221139,0.0,0.00035361502954415217,0.00022237658561152784,2.508796114632916e-05,4,886.3878579221138,-1.1368683772161603e-13,116.9633084949325,False,134.228799204285,0.95
rice,91,2009-10b,2010/11,False,886.3876355455283,871.7547731389521,1,0.051104773980720566,-0.0004914200185898342,True,818.355357184339,-328.4302980817381,871.7653351645844,0.0,-0.0007298393145703361,0.010562025632225414,0.0012115821969284353,4,871.7653351645884,3.979039320256561e-12,116.78819531958902,False,133.050869107766,0.95
rice,92,2009-11a,2010/11,False,871.7547731389521,849.757518386315,1,0.058709206332622915,-0.001194192176419139,True,796.2513188831662,-350.72299384168605,849.7979444250067,0.0,-0.001871519778033926,0.04042603869163486,0.0047573616963582374,5,849.7979444250061,-5.684341886080801e-13,50.29951112336415,False,27.60522748033938,0.95
rice,93,2009-11b,2010/11,False,849.757518386315,814.4355783954031,1,0.04902591799093082,-0.0008466990717001256,True,759.4472225349252,-385.93391789741986,814.4837574484445,0.0,-0.0014045001966895778,0.04817905304139458,0.005915637076700003,5,814.4837574484443,-2.2737367544323206e-13,35.68998496339123,False,7.237104894849921,0.95
rice,94,2009-12a,2010/11,False,814.4355783954031,778.125467668046,1,0.02412366436785081,-0.00040716116524908076,True,720.5243545010178,-422.0757055431361,778.1508113008051,0.0,-0.0007199422057589105,0.02534363275913165,0.0032570110878241336,5,778.1508113008052,1.1368683772161603e-13,15.127713139646444,False,-17.04106132420037,0.95
rice,95,2009-12b,2010/11,False,778.125467668046,754.472110913377,1,0.03174188289656803,-0.00039663800399675404,True,697.3603736172049,-445.74853655887375,754.4889873100187,0.0,-0.0007277137414815722,0.016876396641691827,0.002236848307256973,4,754.4889873100252,6.480149750132114e-12,12.049949528934324,False,-20.541490477963237,0.95
rice,96,2010-01a,2010/11,False,754.472110913377,689.6702474434151,1,0.030831201587189785,-0.0004521817747541192,True,632.50213526774,-510.6025026920172,689.7283456805667,0.0,-0.0009541437941792863,0.058098237151625653,0.008424060247196963,5,689.7283456805666,-1.1368683772161603e-13,-0.28605225058311134,True,-32.35504147287567,0.95
rice,97,2010-01b,2010/11,False,689.6702474434151,631.3633163882093,1,0.03242866681052633,-0.0004711254850439081,True,574.2636538513456,-568.9816133998545,631.4246870382841,0.0,-0.0011194876338240537,0.061370650074763944,0.009720338271447606,5,631.424687038284,-1.1368683772161603e-13,-2.4529750285926184,True,-33.49097694312064,0.95
rice,98,2010-02a,2010/11,False,631.3633163882093,578.8611524185511,1,0.027129881653891366,-0.000503567363857512,True,521.5883090854818,-621.5744110136436,578.9282267469898,0.0,-0.0013583221967448191,0.0670743284387072,0.011587291383859952,5,578.9282267469896,-2.2737367544323206e-13,-2.806597625310417,True,-33.328324567007826,0.95
rice,99,2010-02b,2010/11,False,578.8611524185511,612.5695508810754,1,0.00670707363505036,0.001328836302977903,False,552.1775241227328,-587.0098970146051,612.5993050481464,0.0,0.0008646918224426045,0.029754167071018855,0.004857271640130109,5,612.5993050481463,-1.1368683772161603e-13,-1.6858739766206554,True,-32.75716046935482,0.95
rice,100,2010-03a,2010/11,False,612.5695508810754,645.7386052160529,1,0.03383987774477166,-0.000491295270940275,True,588.6547426789715,-554.7070004488645,645.699732424217,0.0,-0.0011321670496376376,-0.03887279183584269,-0.006019895902435094,5,645.699732424217,0.0,2.9204264239274558,False,-29.85269314609294,0.95
rice,101,2010-03b,2010/11,False,645.7386052160529,667.4771525088379,1,0.032149646568549316,-0.0004796722644466341,True,610.3358945598592,-532.9192853348231,667.4537622372568,0.0,-0.0010532521542922248,-0.023390271581092748,-0.0035042804825867117,5,667.4537622372568,0.0,7.904170652785413,False,-25.76987508942578,0.95
rice,102,2010-04a,2010/11,False,667.4771525088379,682.1930002281772,1,0.032061297026597955,-0.00047009511961319285,True,625.0113981055302,-518.170727428637,682.1784728420803,0.0,-0.0009735333448104903,-0.014527386096915507,-0.0021295126294254623,5,682.1784728420803,0.0,18.084929685253744,False,-15.441129238853346,0.95
rice,103,2010-04b,2010/11,False,682.1930002281772,677.3496773036566,1,0.08430346252145933,-0.0012177820109540276,True,624.9449582657683,-523.5647460755838,677.36244113874,0.0,-0.0026552654725578526,0.01276383508343315,0.0018843790011449449,5,677.3624411387394,-5.684341886080801e-13,23.126642633595154,False,-8.84129133796479,0.95
rice,104,2010-05a,2010/11,False,677.3496773036566,698.5744040419992,1,0.08544206204995833,-0.0010467554561170193,True,646.0504468589186,-502.23722093453625,698.5254704991022,0.0,-0.0022605049011833254,-0.04893354289697527,-0.0070047718058151645,5,698.5254704991034,1.2505552149377763e-12,35.59532562436806,False,7.4019241067287105,0.95
rice,105,2010-05b,2010/11,False,698.5744040419992,724.6348421597227,1,0.04870155841345284,-0.0014622792710533745,True,670.8305902966454,-476.4084058658925,724.5579399044001,0.0,-0.002887117351415128,-0.07690225532257955,-0.01061255281258321,5,724.5579399044054,5.343281372915953e-12,34.79682418000104,False,10.244267349905282,0.95
rice,106,2010-06a,2010/11,False,724.6348421597227,742.3604601860759,1,0.08726783612362113,-0.0013336089133238692,True,690.4930451130635,-458.52036059165926,742.3147088695923,0.0,-0.002545815810135932,-0.045751316483574556,-0.006162951684159847,5,742.3147088695944,2.0463630789890885e-12,37.93316898292883,False,11.373279100968768,0.95
rice,107,2010-06b,2010/11,False,742.3604601860759,759.3036929455038,1,0.07894203917530508,-0.0018644618108068073,True,707.4981991036407,-441.8713016321931,759.2438330221521,0.0,-0.003491173931139229,-0.05985992335172341,-0.007883528541724033,5,759.243833022161,8.86757334228605e-12,45.82047586270745,False,18.159777359965346,0.95
rice,108,2010-07a,2010/11,False,759.3036929455038,779.7060924720975,1,0.086557145688993,-0.0011890438039492753,True,726.3610489042359,-420.99146116740576,779.663021315493,0.0,-0.0020797873283311613,-0.04307115660446925,-0.005524024631885328,5,779.6630213154939,9.094947017729282e-13,55.63608213322827,False,27.274831774012878,0.95
rice,109,2010-07b,2010/11,False,779.7060924720975,802.608371914222,1,0.06762145869475841,-0.0017849800764325005,True,750.3973842066664,-398.3483589961621,802.5423956412876,1.1368683772161603e-13,-0.0028588839531720612,-0.06597627293433561,-0.008220232337843938,5,802.5423956412922,4.547473508864641e-12,63.85602698480681,False,35.61438999654535,0.95
rice,110,2010-08a,2010/11,False,802.608371914222,822.84455276728,1,0.05554923446732315,-0.0014281736795901747,True,769.4056467863131,-377.8736572726607,822.7984282941,0.0,-0.002249945849969634,-0.046124473180043424,-0.005605490493304453,5,822.7984282941011,1.1368683772161603e-12,77.2592267616167,False,54.06858271737006,0.95
rice,111,2010-08b,2010/11,False,822.84455276728,845.4640979587318,1,0.04289869528803503,-0.0011201476805629705,True,790.8798589677551,-355.06057850199954,845.4252337234207,0.0,-0.0016936944552943026,-0.03886423531116634,-0.004596793099198323,5,845.4252337234211,4.547473508864641e-13,86.03109209616537,False,71.05779598418493,0.95
rice,112,2010-09a,2010/11,False,845.4640979587318,870.8189129444636,1,0.10089368555367267,-0.0014589344858538427,True,817.3468292980431,-329.8129138133572,870.7642127250708,0.0,-0.0021250618320937417,-0.05470021939277103,-0.006281468923064092,5,870.764212725072,1.1368683772161603e-12,97.76677040258605,False,94.95851068257392,0.95
rice,113,2010-09b,2010/11,False,870.8189129444636,896.9207658082366,1,0.04511069111378927,-0.0013746194172040344,True,842.6895862440512,-303.62027812947804,896.8699314983251,0.0,-0.0019185698245098141,-0.05083430991157911,-0.005667647784447393,5,896.8699314983257,6.821210263296962e-13,108.8904960760367,False,117.84740430903838,0.95
rice,114,2010-10a,2010/11,False,896.9207658082366,891.5227808141549,1,0.0026438303393262062,0.0026438303393262062,False,831.2522682441673,-308.40772018090956,891.5214627487037,0.0,0.00024437095637239284,-0.001318065451187067,-0.0001478442816664074,4,891.5214627487037,0.0,116.82243158542948,False,134.2327720291012,0.95
rice,115,2010-10b,2010/11,False,891.5227808141549,872.0283385928526,1,0.021680059745497256,-0.0005384582380174367,True,814.6433531203929,-328.1700630952794,872.0436372462729,0.0,-0.0007961494992753988,0.0152986534202455,0.0017543757172997557,4,872.0436372462805,7.617018127348274e-12,116.60056958880708,False,133.05455192230994,0.95
rice,116,2010-11a,2010/11,False,872.0283385928526,851.4757808239823,1,0.06760393138185397,-0.001396453322230305,True,798.9560785929448,-349.082259561362,851.5193684516048,0.0,-0.0021578604767673935,0.04358762762251445,0.005119068399142748,5,851.5193684516039,-9.094947017729282e-13,49.294702537012604,False,27.608643263275724,0.95
rice,117,2010-11b,2010/11,False,851.4757808239823,816.9635557685875,1,0.05265762604123758,-0.0009721062987442045,True,762.3486156909576,-383.45785919815023,817.0173885081582,0.0,-0.0016053348159348509,0.05383273957068013,0.0065893685453367705,5,817.0173885081579,-3.410605131648481e-13,34.3727059585806,False,7.24027481652783,0.95
rice,118,2010-12a,2010/11,False,816.9635557685875,780.170670209147,1,0.026416036995741646,-0.00043653659443871495,True,722.7746200660467,-420.043356063303,780.1981450087494,0.0,-0.0007705994723794888,0.027474799602373423,0.003521639642644861,5,780.1981450087494,0.0,13.938460193819003,False,-17.038117149663776,0.95
rice,119,2010-12b,2010/11,False,780.170670209147,756.0782691809743,1,0.024861348377335307,-0.0004169993444759988,True,698.520107938072,-444.1523090404555,756.0963422584064,0.0,-0.0007665402563662235,0.018073077432063656,0.002390371231227345,5,756.0963422584063,-1.1368683772161603e-13,11.209775875208953,False,-20.539120555759965,0.95
rice,120,2011-01a,2010/11,False,756.0782691809743,691.025703962064,1,0.028544233644009948,-0.000426659304346763,True,633.6728726244598,-509.230209758779,691.0805055573787,0.0,-0.0008964525824830408,0.054801595314756923,0.007930471326977648,5,691.0805055573787,0.0,0.9843960971729757,False,-32.35284514104049,0.95
rice,121,2011-01b,2010/11,False,691.025703962064,632.4712783415048,1,0.03076617615166915,-0.00044561132303021304,True,575.1942298908245,-567.8534013645997,632.5294791354742,0.0,-0.0010570841941446054,0.05820079396937672,0.009202124422470774,5,632.5294791354742,0.0,-1.2410604492072252,True,-33.48894021462452,0.95
rice,122,2011-02a,2010/11,False,632.4712783415048,579.7903302989155,1,0.024781182476130058,-0.00048219502543777557,True,522.1579960393916,-620.6248259124668,579.8544498066803,0.0,-0.0012939174462233314,0.06411950776487174,0.011059085399339865,5,579.8544498066801,-2.2737367544323206e-13,-1.8497510685132994,True,-33.32642532283593,0.95
rice,123,2011-02b,2010/11,False,579.7903302989155,531.4994058425353,1,0.023977747252797187,-0.0003359651833833655,True,473.5493468825008,-668.8373089300161,531.5462799138271,0.0,-0.0010325156633023242,0.046874071291767905,0.008819214241164185,5,531.546279913827,-1.1368683772161603e-13,-0.7611924534660659,True,-32.75526549446178,0.95
rice,124,2011-03a,calm,False,531.4994058425353,578.3450246619838,1,0.02863931510023974,-0.00022411375575279153,True,520.385997951168,-621.931838031888,578.3101327892065,0.0,-0.0006980308505753829,-0.03489187277727979,-0.006033054887551335,5,578.3101327892065,0.0,3.144352761275414,False,-29.8508009809768,0.95
rice,125,2011-03b,calm,False,578.3450246619838,623.673316233947,1,0.032103988989682974,-0.0004959931186277459,True,566.4871107448117,-576.8200162658402,623.6162834097645,0.0,-0.0011970015411263157,-0.057032824182556396,-0.009144663191131738,5,623.6162834097647,2.2737367544323206e-13,7.654224906358578,False,-25.76818104826539,0.95
rice,126,2011-04a,calm,False,623.673316233947,653.9334011366527,1,0.03226956818512086,-0.00045268535072147745,True,596.712636961243,-546.4665791080206,653.9011479602369,0.0,-0.0010329216049864008,-0.03225317641579295,-0.004932180610400262,5,653.9011479602369,0.0,18.03281496363728,False,-15.439441231233744,0.95
rice,127,2011-04b,calm,False,653.9334011366527,650.1296298423745,1,0.09013268833605408,-0.0010923344174236548,True,597.6373146500187,-550.7717374239791,650.1394184079534,0.0,-0.0025907447834951293,0.009788565578901398,0.001505632896823155,5,650.1394184079529,-4.547473508864641e-13,22.953735968010232,False,-8.839712859783226,0.95
rice,128,2011-05a,calm,False,650.1296298423745,677.761805293788,1,0.08211629971336211,-0.0008911812507281959,True,624.443145595286,-523.0032261466519,677.7022537271438,0.0,-0.0020936742155029885,-0.05955156664424521,-0.008786503780399888,5,677.7022537271449,1.1368683772161603e-12,35.69564364873903,False,7.40349347022098,0.95
rice,129,2011-05b,calm,False,677.761805293788,711.8393815892841,1,0.05251948597927827,-0.0014363522562059663,True,656.4966203816919,-489.25133695989393,711.7368618876059,0.0,-0.002918265851671042,-0.1025197016782613,-0.01440208343761078,5,711.7368618876133,7.389644451905042e-12,34.474151152982174,False,10.245832311335326,0.95
rice,130,2011-06a,calm,False,711.8393815892841,735.1113493685982,1,0.0941276077352931,-0.0018874140789050915,True,684.0709717631121,-466.14843903576013,735.029215307654,0.0,-0.0034715506931772143,-0.08213406094421316,-0.01117300950594216,5,735.0292153076659,1.1937117960769683e-11,37.389813690633446,False,11.374830406431784,0.95
rice,131,2011-06b,calm,False,735.1113493685982,757.3128171086839,1,0.08331000564371682,-0.0016211168117639325,True,705.3261511149601,-443.69200394405004,757.2543706858407,0.0,-0.0025899060327135973,-0.058446422843189794,-0.007717606453081065,5,757.2543706858434,2.6147972675971687e-12,45.366254283380506,False,18.161312443503796,0.95
rice,132,2011-07a,calm,False,757.3128171086839,777.3596940751756,1,0.0726442733760354,-0.0026271402288203325,True,727.5153444913626,-424.207185022085,777.2644249312225,0.0,-0.004692000622227428,-0.09526914395314634,-0.012255477699610858,5,777.2644249312686,4.615685611497611e-11,54.631068480760426,False,27.276359246561295,0.95
rice,133,2011-07b,calm,False,777.3596940751756,802.6969878273724,1,0.06601687344811034,-0.0016044933277682791,True,750.2540187840409,-398.1755222214358,802.630001167111,0.0,-0.0026000988388419346,-0.0669866602613638,-0.008345198907831197,5,802.6300011671141,3.069544618483633e-12,63.25800452010221,False,35.615917469093766,0.95
rice,134,2011-08a,calm,False,802.6969878273724,820.99993702955,1,0.04692474405050902,-0.0018375171587873647,True,767.6591356678896,-379.9164498160018,820.9470353138486,0.0,-0.002860229914497799,-0.05290171570140956,-0.0064435712252077166,5,820.947035313852,3.410605131648481e-12,77.32398398198013,False,54.070110189918495,0.95
rice,135,2011-08b,calm,False,820.99993702955,841.7853832171155,1,0.042508841852275873,-0.0013317408940183137,True,787.5949800416702,-358.84395051805404,841.7425289612681,0.0,-0.0020353702345551872,-0.04285425584737368,-0.005090876689209582,5,841.7425289612688,6.821210263296962e-13,85.91725189375552,False,71.05931725694475,0.95
rice,136,2011-09a,calm,False,841.7853832171155,864.497156021316,1,0.06329723811556198,-0.0016448328098880266,True,811.1105658894069,-336.2204948781738,864.4420575054596,0.0,-0.0023950134754493553,-0.05509851585634351,-0.006373475664156488,5,864.4420575054614,1.8189894035458565e-12,97.5412048879491,False,94.96002696380599,0.95
rice,137,2011-09b,calm,False,864.497156021316,890.391330148973,1,0.04708833535519977,-0.0015574745779894938,True,836.7530273170321,-310.23455698638884,890.3339719152007,0.0,-0.0021832265049157805,-0.05735823377233373,-0.006441912879220985,5,890.333971915202,1.3642420526593924e-12,108.52517161840599,False,117.84891560555867,0.95
rice,138,2011-10a,calm,False,890.391330148973,883.5411725491249,1,0.0018599552760478208,0.0018599552760478208,False,823.207821358483,-316.39740282718367,883.5397388591225,0.0,0.00020945616468518106,-0.0014336900023863564,-0.00016226634897499847,4,883.5397388591225,0.0,120.92254993816138,False,134.23417265413244,0.95
rice,139,2011-10b,calm,False,883.5411725491249,863.9803859255206,1,0.050195964618428394,-0.000428099479633392,True,810.1590904068776,-336.1829349534453,863.9928302712892,0.0,-0.0006456155401082042,0.012444345768585663,0.0014403504953709014,4,863.9928302712926,3.410605131648481e-12,121.49978973444395,False,133.0558503399307,0.95
rice,140,2011-11a,calm,False,863.9803859255206,838.2359958853781,1,0.04439021495196961,-0.0017509515962781399,True,784.666942366639,-362.4615560066818,838.3010121569498,0.0,-0.0025767720593872123,0.06501627157172152,0.007756320641306838,5,838.301012156947,-2.8421709430404007e-12,125.04337559095794,False,114.94402147301857,0.95
rice,141,2011-11b,calm,False,838.2359958853781,819.8874570812507,1,0.037971002120006564,-0.0014418438669900142,True,765.2079844933385,-380.743013560854,819.9269666497039,0.0,-0.00218422551484641,0.03950956845324072,0.004818901437264618,5,819.9269666497032,-6.821210263296962e-13,127.29709640614104,False,116.30504054558445,0.95
rice,142,2011-12a,calm,False,819.8874570812507,806.4865572400452,1,0.041267893325072524,-0.0013391916240835116,True,751.8134510300576,-394.1387150691968,806.5142021058309,0.0,-0.0020863608101240635,0.027644865785759976,0.003427814826866565,5,806.5142021058303,-5.684341886080801e-13,120.11395334014362,False,108.68587365795742,0.95
rice,143,2011-12b,calm,False,806.4865572400452,797.2630017754927,1,0.03940339229350347,-0.0012066291272181079,True,742.1620549877557,-403.326615909678,797.280499072449,0.0,-0.0019130559792032602,0.01749729695620772,0.0021946706315533896,5,797.2804990724487,-2.2737367544323206e-13,122.26905614223875,False,110.57231263099001,0.95
