year,month,grain,price_nominal_usd_mt,price_real_2010_usd_mt,source_series
1960,1,maize,45.0,235.1123595505618,Maize
1960,2,maize,44.0,229.88764044943818,Maize
1960,3,maize,45.0,235.1123595505618,Maize
1960,4,maize,45.0,235.1123595505618,Maize
1960,5,maize,48.0,250.78651685393257,Maize
1960,6,maize,47.0,245.56179775280899,Maize
1960,7,maize,47.0,245.56179775280899,Maize
1960,8,maize,47.0,245.56179775280899,Maize
1960,9,maize,46.0,240.33707865168537,Maize
1960,10,maize,42.0,219.438202247191,Maize
1960,11,maize,38.0,198.53932584269663,Maize
1960,12,maize,40.0,208.98876404494382,Maize
1961,1,maize,43.0,220.16,Maize
1961,2,maize,44.0,225.28,Maize
1961,3,maize,44.0,225.28,Maize
1961,4,maize,43.0,220.16,Maize
1961,5,maize,45.0,230.4,Maize
1961,6,maize,44.0,225.28,Maize
1961,7,maize,45.0,230.4,Maize
1961,8,maize,44.0,225.28,Maize
1961,9,maize,43.0,220.16,Maize
1961,10,maize,47.6,243.71200000000002,Maize
1961,11,maize,48.4,247.808,Maize
1961,12,maize,48.4,247.808,Maize
1962,1,maize,48.0,241.18275154004107,Maize
1962,2,maize,48.0,241.18275154004107,Maize
1962,3,maize,48.8,245.2024640657084,Maize
1962,4,maize,48.8,245.2024640657084,Maize
1962,5,maize,49.6,249.22217659137576,Maize
1962,6,maize,49.6,249.22217659137576,Maize
1962,7,maize,48.8,245.2024640657084,Maize
1962,8,maize,47.2,237.1630390143737,Maize
1962,9,maize,47.6,239.17289527720737,Maize
1962,10,maize,47.6,239.17289527720737,Maize
1962,11,maize,48.4,243.19260780287473,Maize
1962,12,maize,51.2,257.26160164271045,Maize
1963,1,maize,52.8,270.3791821561338,Maize
1963,2,maize,53.2,272.4275092936803,Maize
1963,3,maize,52.4,268.3308550185874,Maize
1963,4,maize,52.0,266.2825278810409,Maize
1963,5,maize,52.4,268.3308550185874,Maize
1963,6,maize,55.5,284.2053903345725,Maize
1963,7,maize,56.7,290.3503717472119,Maize
1963,8,maize,55.5,284.2053903345725,Maize
1963,9,maize,55.9,286.253717472119,Maize
1963,10,maize,53.2,272.4275092936803,Maize
1963,11,maize,52.4,268.3308550185874,Maize
1963,12,maize,53.5,273.9637546468402,Maize
1964,1,maize,55.1,278.62838827838834,Maize
1964,2,maize,52.8,266.99780219780223,Maize
1964,3,maize,54.3,274.5829670329671,Maize
1964,4,maize,55.5,280.6510989010989,Maize
1964,5,maize,55.9,282.67380952380955,Maize
1964,6,maize,56.3,284.6965201465202,Maize
1964,7,maize,55.9,282.67380952380955,Maize
1964,8,maize,54.7,276.6056776556777,Maize
1964,9,maize,55.1,278.62838827838834,Maize
1964,10,maize,52.8,266.99780219780223,Maize
1964,11,maize,52.8,266.99780219780223,Maize
1964,12,maize,54.3,274.5829670329671,Maize
1965,1,maize,55.9,279.70071813285455,Maize
1965,2,maize,56.7,283.7035906642729,Maize
1965,3,maize,57.1,285.705026929982,Maize
1965,4,maize,57.5,287.7064631956912,Maize
1965,5,maize,58.7,293.71077199281865,Maize
1965,6,maize,58.3,291.7093357271095,Maize
1965,7,maize,56.7,283.7035906642729,Maize
1965,8,maize,55.1,275.69784560143626,Maize
1965,9,maize,53.9,269.6935368043088,Maize
1965,10,maize,51.6,258.18527827648114,Maize
1965,11,maize,51.6,258.18527827648114,Maize
1965,12,maize,55.1,275.69784560143626,Maize
1966,1,maize,57.1,275.60789022298457,Maize
1966,2,maize,57.1,275.60789022298457,Maize
1966,3,maize,55.5,267.88507718696394,Maize
1966,4,maize,55.9,269.8157804459691,Maize
1966,5,maize,55.1,265.95437392795884,Maize
1966,6,maize,57.1,275.60789022298457,Maize
1966,7,maize,59.1,285.2614065180103,Maize
1966,8,maize,62.6,302.1550600343053,Maize
1966,9,maize,61.0,294.4322469982847,Maize
1966,10,maize,58.7,283.33070325900513,Maize
1966,11,maize,59.1,285.2614065180103,Maize
1966,12,maize,61.4,296.36295025728987,Maize
1967,1,maize,60.2,288.0920517560074,Maize
1967,2,maize,59.1,282.82791127541583,Maize
1967,3,maize,59.1,282.82791127541583,Maize
1967,4,maize,57.9,277.085212569316,Maize
1967,5,maize,57.1,273.2567467652495,Maize
1967,6,maize,57.1,273.2567467652495,Maize
1967,7,maize,55.1,263.68558225508315,Maize
1967,8,maize,52.0,248.85027726432529,Maize
1967,9,maize,49.2,235.4506469500924,Maize
1967,10,maize,48.0,229.70794824399258,Maize
1967,11,maize,47.6,227.79371534195928,Maize
1967,12,maize,46.9,224.44380776340105,Maize
1968,1,maize,51.6,248.8625,Maize
1968,2,maize,51.2,246.93333333333337,Maize
1968,3,maize,50.0,241.14583333333334,Maize
1968,4,maize,48.0,231.5,Maize
1968,5,maize,48.4,233.42916666666667,Maize
1968,6,maize,47.6,229.57083333333335,Maize
1968,7,maize,47.2,227.6416666666667,Maize
1968,8,maize,44.9,216.54895833333333,Maize
1968,9,maize,44.1,212.690625,Maize
1968,10,maize,44.9,216.54895833333333,Maize
1968,11,maize,49.2,237.28750000000002,Maize
1968,12,maize,48.4,233.42916666666667,Maize
1969,1,maize,50.4,230.89560229445507,Maize
1969,2,maize,50.4,230.89560229445507,Maize
1969,3,maize,50.4,230.89560229445507,Maize
1969,4,maize,51.6,236.39311663479924,Maize
1969,5,maize,54.3,248.7625239005736,Maize
1969,6,maize,54.3,248.7625239005736,Maize
1969,7,maize,53.9,246.9300191204589,Maize
1969,8,maize,53.5,245.0975143403442,Maize
1969,9,maize,51.2,234.56061185468454,Maize
1969,10,maize,51.9,237.7674952198853,Maize
1969,11,maize,53.2,243.72313575525814,Maize
1969,12,maize,52.4,240.05812619502868,Maize
1970,1,maize,58.4,251.6,Maize
1970,2,maize,58.4,251.6,Maize
1970,3,maize,58.4,251.6,Maize
1970,4,maize,58.4,251.6,Maize
1970,5,maize,58.4,251.6,Maize
1970,6,maize,58.4,251.6,Maize
1970,7,maize,58.4,251.6,Maize
1970,8,maize,58.4,251.6,Maize
1970,9,maize,58.4,251.6,Maize
1970,10,maize,58.4,251.6,Maize
1970,11,maize,58.4,251.6,Maize
1970,12,maize,58.4,251.6,Maize
1971,1,maize,58.4,239.2,Maize
1971,2,maize,58.4,239.2,Maize
1971,3,maize,58.4,239.2,Maize
1971,4,maize,58.4,239.2,Maize
1971,5,maize,58.4,239.2,Maize
1971,6,maize,58.4,239.2,Maize
1971,7,maize,58.4,239.2,Maize
1971,8,maize,58.4,239.2,Maize
1971,9,maize,58.4,239.2,Maize
1971,10,maize,58.4,239.2,Maize
1971,11,maize,58.4,239.2,Maize
1971,12,maize,58.4,239.2,Maize
1972,1,maize,51.3,192.4209677419355,Maize
1972,2,maize,51.7,193.92132616487459,Maize
1972,3,maize,52.5,196.9220430107527,Maize
1972,4,maize,53.7,201.42311827956993,Maize
1972,5,maize,54.5,204.42383512544805,Maize
1972,6,maize,52.9,198.42240143369176,Maize
1972,7,maize,54.1,202.923476702509,Maize
1972,8,maize,55.7,208.92491039426525,Maize
1972,9,maize,59.2,222.0530465949821,Maize
1972,10,maize,57.2,214.55125448028676,Maize
1972,11,maize,59.2,222.0530465949821,Maize
1972,12,maize,67.1,251.68512544802869,Maize
1973,1,maize,79.1,256.14488752556235,Maize
1973,2,maize,81.1,262.62137014314925,Maize
1973,3,maize,79.9,258.73548057259717,Maize
1973,4,maize,77.8,251.93517382413089,Maize
1973,5,maize,89.0,288.2034764826176,Maize
1973,6,maize,101.2,327.71002044989774,Maize
1973,7,maize,109.4,354.2635991820041,Maize
1973,8,maize,122.4,396.36073619631907,Maize
1973,9,maize,107.1,346.8156441717791,Maize
1973,10,maize,106.4,344.5488752556237,Maize
1973,11,maize,107.9,349.40623721881394,Maize
1973,12,maize,112.6,364.62597137014313,Maize
1974,1,maize,112.3,298.38246951219514,Maize
1974,2,maize,131.1,348.3342987804878,Maize
1974,3,maize,126.4,335.84634146341466,Maize
1974,4,maize,114.2,303.43079268292684,Maize
1974,5,maize,113.7,302.1022865853659,Maize
1974,6,maize,116.6,309.8076219512195,Maize
1974,7,maize,132.3,351.5227134146342,Maize
1974,8,maize,145.8,387.39237804878053,Maize
1974,9,maize,141.4,375.70152439024395,Maize
1974,10,maize,151.6,402.8030487804878,Maize
1974,11,maize,144.1,382.8754573170732,Maize
1974,12,maize,145.3,386.0638719512196,Maize
1975,1,maize,131.7,315.155016722408,Maize
1975,2,maize,120.5,288.3536789297659,Maize
1975,3,maize,120.2,287.6357859531773,Maize
1975,4,maize,119.7,286.43929765886287,Maize
1975,5,maize,114.5,273.99581939799333,Maize
1975,6,maize,119.1,285.00351170568564,Maize
1975,7,maize,119.8,286.67859531772575,Maize
1975,8,maize,131.6,314.91571906354517,Maize
1975,9,maize,122.3,292.66103678929767,Maize
1975,10,maize,116.9,279.73896321070237,Maize
1975,11,maize,110.3,263.9453177257525,Maize
1975,12,maize,109.2,261.3130434782609,Maize
1976,1,maize,110.3,260.6377224199288,Maize
1976,2,maize,113.2,267.4903914590747,Maize
1976,3,maize,113.1,267.2540925266904,Maize
1976,4,maize,111.1,262.5281138790035,Maize
1976,5,maize,118.2,279.3053380782918,Maize
1976,6,maize,121.8,287.8120996441281,Maize
1976,7,maize,121.3,286.63060498220636,Maize
1976,8,maize,116.1,274.3430604982206,Maize
1976,9,maize,115.0,271.7437722419929,Maize
1976,10,maize,106.2,250.94946619217083,Maize
1976,11,maize,98.7,233.2270462633452,Maize
1976,12,maize,103.5,244.5693950177936,Maize
1977,1,maize,111.6,243.9056603773585,Maize
1977,2,maize,110.6,241.72012578616352,Maize
1977,3,maize,108.0,236.03773584905662,Maize
1977,4,maize,105.8,231.22955974842768,Maize
1977,5,maize,100.9,220.52044025157235,Maize
1977,6,maize,94.5,206.53301886792454,Maize
1977,7,maize,85.0,185.77044025157232,Maize
1977,8,maize,76.9,168.0676100628931,Maize
1977,9,maize,78.3,171.12735849056602,Maize
1977,10,maize,83.2,181.8364779874214,Maize
1977,11,maize,93.4,204.12893081761007,Maize
1977,12,maize,96.0,209.81132075471697,Maize
1978,1,maize,95.8,180.27904667328698,Maize
1978,2,maize,101.0,190.06454816285998,Maize
1978,3,maize,106.1,199.66186693147964,Maize
1978,4,maize,111.5,209.82373386295927,Maize
1978,5,maize,112.7,212.0819265143992,Maize
1978,6,maize,106.6,200.60278053624626,Maize
1978,7,maize,97.3,183.10178748758688,Maize
1978,8,maize,92.0,173.12810327706057,Maize
1978,9,maize,91.0,171.2462760675273,Maize
1978,10,maize,95.9,180.46722939424032,Maize
1978,11,maize,100.5,189.12363455809336,Maize
1978,12,maize,98.5,185.35998013902682,Maize
1979,1,maize,105.4,177.76554112554115,Maize
1979,2,maize,107.0,180.46406926406928,Maize
1979,3,maize,109.5,184.68051948051948,Maize
1979,4,maize,111.5,188.05367965367967,Maize
1979,5,maize,112.6,189.90891774891773,Maize
1979,6,maize,120.4,203.06424242424245,Maize
1979,7,maize,130.5,220.09870129870131,Maize
1979,8,maize,118.9,200.5343722943723,Maize
1979,9,maize,118.0,199.0164502164502,Maize
1979,10,maize,119.1,200.8716883116883,Maize
1979,11,maize,118.2,199.35376623376624,Maize
1979,12,maize,115.3,194.46268398268398,Maize
1980,1,maize,105.4,161.50678371907424,Maize
1980,2,maize,113.9,174.53152434158022,Maize
1980,3,maize,110.4,169.16839584996012,Maize
1980,4,maize,108.2,165.79728651237033,Maize
1980,5,maize,110.0,168.55546687948925,Maize
1980,6,maize,113.6,174.07182761372707,Maize
1980,7,maize,128.9,197.51636073423785,Maize
1980,8,maize,143.5,219.8882681564246,Maize
1980,9,maize,140.8,215.75099760574625,Maize
1980,10,maize,140.4,215.13806863527535,Maize
1980,11,maize,146.6,224.63846767757383,Maize
1980,12,maize,141.5,216.82362330407025,Maize
1981,1,maize,148.8,227.86422018348625,Maize
1981,2,maize,143.3,219.44181957186547,Maize
1981,3,maize,142.1,217.60420489296635,Maize
1981,4,maize,145.5,222.81077981651376,Maize
1981,5,maize,141.3,216.37912844036697,Maize
1981,6,maize,136.1,208.41613149847092,Maize
1981,7,maize,137.6,210.7131498470948,Maize
1981,8,maize,127.1,194.6340214067278,Maize
1981,9,maize,115.5,176.87041284403668,Maize
1981,10,maize,112.7,172.58264525993883,Maize
1981,11,maize,111.8,171.2044342507645,Maize
1981,12,maize,107.6,164.77278287461772,Maize
1982,1,maize,115.4,182.12717291857277,Maize
1982,2,maize,112.6,177.708142726441,Maize
1982,3,maize,114.2,180.23330283623056,Maize
1982,4,maize,117.8,185.9149130832571,Maize
1982,5,maize,118.1,186.38838060384265,Maize
1982,6,maize,115.0,181.49588289112535,Maize
1982,7,maize,115.0,181.49588289112535,Maize
1982,8,maize,102.3,161.45242451967064,Maize
1982,9,maize,100.9,159.24290942360477,Maize
1982,10,maize,91.7,144.72323879231473,Maize
1982,11,maize,102.9,162.39935956084173,Maize
1982,12,maize,105.5,166.50274473924978,Maize
1983,1,maize,107.8,174.77867647058824,Maize
1983,2,maize,117.3,190.18125,Maize
1983,3,maize,125.2,202.98970588235295,Maize
1983,4,maize,133.4,216.2845588235294,Maize
1983,5,maize,133.9,217.0952205882353,Maize
1983,6,maize,135.0,218.87867647058823,Maize
1983,7,maize,140.6,227.9580882352941,Maize
1983,8,maize,152.8,247.73823529411766,Maize
1983,9,maize,147.8,239.63161764705885,Maize
1983,10,maize,148.2,240.2801470588235,Maize
1983,11,maize,147.0,238.33455882352942,Maize
1983,12,maize,143.3,232.3356617647059,Maize
1984,1,maize,141.9,235.3514348785872,Maize
1984,2,maize,137.0,227.22442972774098,Maize
1984,3,maize,147.1,243.97601177336276,Maize
1984,4,maize,148.0,245.46872700515084,Maize
1984,5,maize,146.1,242.31743929359823,Maize
1984,6,maize,147.0,243.8101545253863,Maize
1984,7,maize,142.6,236.51243561442234,Maize
1984,8,maize,138.8,230.20986019131715,Maize
1984,9,maize,130.4,216.27785136129506,Maize
1984,10,maize,121.2,201.01898454746137,Maize
1984,11,maize,117.4,194.71640912435615,Maize
1984,12,maize,114.0,189.07726269315674,Maize
1985,1,maize,119.0,199.39393939393938,Maize
1985,2,maize,119.8,200.7344028520499,Maize
1985,3,maize,120.2,201.40463458110517,Maize
1985,4,maize,120.1,201.23707664884134,Maize
1985,5,maize,116.7,195.54010695187165,Maize
1985,6,maize,116.0,194.36720142602496,Maize
1985,7,maize,114.9,192.524064171123,Maize
1985,8,maize,105.5,176.77361853832443,Maize
1985,9,maize,101.9,170.7415329768271,Maize
1985,10,maize,98.6,165.2121212121212,Maize
1985,11,maize,106.2,177.94652406417111,Maize
1985,12,maize,107.9,180.795008912656,Maize
1986,1,maize,107.8,156.90068493150687,Maize
1986,2,maize,103.2,150.20547945205482,Maize
1986,3,maize,100.9,146.8578767123288,Maize
1986,4,maize,101.3,147.4400684931507,Maize
1986,5,maize,105.6,153.6986301369863,Maize
1986,6,maize,103.5,150.64212328767124,Maize
1986,7,maize,83.0,120.80479452054796,Maize
1986,8,maize,72.3,105.23116438356165,Maize
1986,9,maize,65.7,95.62500000000001,Maize
1986,10,maize,65.3,95.04280821917808,Maize
1986,11,maize,72.4,105.37671232876714,Maize
1986,12,maize,69.6,101.3013698630137,Maize
1987,1,maize,67.9,90.2343461030383,Maize
1987,2,maize,66.1,87.84227212681637,Maize
1987,3,maize,71.6,95.15138705416115,Maize
1987,4,maize,74.9,99.53685601056803,Maize
1987,5,maize,81.8,108.70647291941874,Maize
1987,6,maize,80.7,107.24464993394979,Maize
1987,7,maize,76.4,101.53025099075296,Maize
1987,8,maize,71.7,95.28428005284015,Maize
1987,9,maize,73.6,97.80924702774107,Maize
1987,10,maize,78.9,104.85257595772786,Maize
1987,11,maize,81.7,108.57357992073976,Maize
1987,12,maize,83.2,110.56697490092469,Maize
1988,1,maize,85.9,107.19420018709076,Maize
1988,2,maize,88.0,109.81478016838167,Maize
1988,3,maize,90.2,112.56014967259122,Maize
1988,4,maize,89.5,111.68662301216091,Maize
1988,5,maize,89.3,111.43704396632367,Maize
1988,6,maize,120.3,150.12179607109448,Maize
1988,7,maize,125.5,156.6108512628625,Maize
1988,8,maize,119.9,149.62263797942003,Maize
1988,9,maize,121.4,151.49448082319927,Maize
1988,10,maize,121.4,151.49448082319927,Maize
1988,11,maize,114.4,142.75921421889618,Maize
1988,12,maize,116.9,145.87895229186157,Maize
1989,1,maize,118.2,148.41255605381167,Maize
1989,2,maize,117.4,147.40807174887894,Maize
1989,3,maize,118.4,148.66367713004485,Maize
1989,4,maize,115.7,145.27354260089686,Maize
1989,5,maize,117.6,147.65919282511211,Maize
1989,6,maize,113.0,141.88340807174887,Maize
1989,7,maize,108.7,136.48430493273543,Maize
1989,8,maize,100.9,126.69058295964128,Maize
1989,9,maize,103.4,129.82959641255607,Maize
1989,10,maize,107.3,134.72645739910314,Maize
1989,11,maize,108.5,136.23318385650225,Maize
1989,12,maize,109.2,137.1121076233184,Maize
1990,1,maize,105.6,127.72479414455624,Maize
1990,2,maize,106.1,128.32955169258918,Maize
1990,3,maize,109.7,132.68380603842633,Maize
1990,4,maize,118.8,143.69039341262578,Maize
1990,5,maize,121.0,146.3513266239707,Maize
1990,6,maize,120.9,146.23037511436414,Maize
1990,7,maize,114.9,138.97328453796888,Maize
1990,8,maize,110.1,133.16761207685266,Maize
1990,9,maize,101.5,122.76578225068617,Maize
1990,10,maize,100.3,121.31436413540712,Maize
1990,11,maize,100.4,121.43531564501372,Maize
1990,12,maize,102.0,123.37053979871911,Maize
1991,1,maize,105.7,129.02486033519554,Maize
1991,2,maize,106.1,129.5131284916201,Maize
1991,3,maize,109.5,133.66340782122904,Maize
1991,4,maize,110.3,134.6399441340782,Maize
1991,5,maize,105.7,129.02486033519554,Maize
1991,6,maize,104.2,127.19385474860336,Maize
1991,7,maize,105.1,128.29245810055866,Maize
1991,8,maize,110.4,134.76201117318436,Maize
1991,9,maize,108.9,132.9310055865922,Maize
1991,10,maize,109.7,133.90754189944133,Maize
1991,11,maize,106.5,130.00139664804468,Maize
1991,12,maize,106.9,130.48966480446927,Maize
1992,1,maize,109.3,131.01314779270635,Maize
1992,2,maize,113.6,136.16737044145873,Maize
1992,3,maize,117.0,140.24280230326298,Maize
1992,4,maize,108.5,130.05422264875241,Maize
1992,5,maize,109.6,131.37274472168906,Maize
1992,6,maize,110.9,132.93099808061422,Maize
1992,7,maize,102.8,123.22188099808062,Maize
1992,8,maize,97.0,116.2696737044146,Maize
1992,9,maize,98.1,117.58819577735125,Maize
1992,10,maize,95.1,113.992226487524,Maize
1992,11,maize,94.5,113.27303262955854,Maize
1992,12,maize,94.6,113.39289827255278,Maize
1993,1,maize,94.2,109.14652301665033,Maize
1993,2,maize,94.4,109.37825661116553,Maize
1993,3,maize,97.1,112.50666013712046,Maize
1993,4,maize,100.6,116.56199804113614,Maize
1993,5,maize,98.6,114.24466209598432,Maize
1993,6,maize,92.8,107.52438785504407,Maize
1993,7,maize,101.3,117.37306562193926,Maize
1993,8,maize,100.3,116.21439764936336,Maize
1993,9,maize,100.9,116.90959843290891,Maize
1993,10,maize,106.5,123.39813907933399,Maize
1993,11,maize,116.7,135.21655239960822,Maize
1993,12,maize,121.8,141.12575905974535,Maize
1994,1,maize,127.2,151.78884758364316,Maize
1994,2,maize,123.2,147.01561338289966,Maize
1994,3,maize,119.4,142.48104089219333,Maize
1994,4,maize,113.2,135.0825278810409,Maize
1994,5,maize,109.6,130.78661710037176,Maize
1994,6,maize,112.2,133.88921933085504,Maize
1994,7,maize,97.8,116.70557620817846,Maize
1994,8,maize,96.0,114.55762081784388,Maize
1994,9,maize,97.5,116.34758364312269,Maize
1994,10,maize,96.5,115.15427509293681,Maize
1994,11,maize,95.5,113.96096654275095,Maize
1994,12,maize,102.5,122.31412639405207,Maize
1995,1,maize,107.0,116.35708502024292,Maize
1995,2,maize,106.7,116.03085020242915,Maize
1995,3,maize,109.7,119.2931983805668,Maize
1995,4,maize,109.3,118.85821862348178,Maize
1995,5,maize,112.0,121.79433198380566,Maize
1995,6,maize,119.9,130.38518218623483,Maize
1995,7,maize,127.0,138.10607287449392,Maize
1995,8,maize,126.4,137.4536032388664,Maize
1995,9,maize,130.5,141.91214574898785,Maize
1995,10,maize,140.9,153.22161943319838,Maize
1995,11,maize,144.0,156.59271255060727,Maize
1995,12,maize,148.7,161.70372469635626,Maize
1996,1,maize,156.1,173.14107358262964,Maize
1996,2,maize,164.8,182.79083232810615,Maize
1996,3,maize,184.9,205.0851025331725,Maize
1996,4,maize,190.4,211.18552472858866,Maize
1996,5,maize,204.0,226.27020506634497,Maize
1996,6,maize,197.6,219.17153196622434,Maize
1996,7,maize,197.8,219.39336550060312,Maize
1996,8,maize,185.5,205.7506031363088,Maize
1996,9,maize,145.4,161.27297949336548,Maize
1996,10,maize,127.9,141.86254523522317,Maize
1996,11,maize,117.7,130.5490349819059,Maize
1996,12,maize,117.7,130.5490349819059,Maize
1997,1,maize,118.4,137.81315115286083,Maize
1997,2,maize,121.7,141.6542271562767,Maize
1997,3,maize,127.6,148.52160546541418,Maize
1997,4,maize,124.4,144.79692570452607,Maize
1997,5,maize,118.8,138.27873612297182,Maize
1997,6,maize,112.1,130.4801878736123,Maize
1997,7,maize,106.1,123.49641332194706,Maize
1997,8,maize,112.9,131.41135781383434,Maize
1997,9,maize,112.2,130.59658411614006,Maize
1997,10,maize,120.4,140.14107600341592,Maize
1997,11,maize,117.2,136.41639624252778,Maize
1997,12,maize,113.5,132.10973526900088,Maize
1998,1,maize,114.7,139.55166666666665,Maize
1998,2,maize,113.4,137.97,Maize
1998,3,maize,114.2,138.94333333333333,Maize
1998,4,maize,107.1,130.30499999999998,Maize
1998,5,maize,106.1,129.0883333333333,Maize
1998,6,maize,104.2,126.77666666666666,Maize
1998,7,maize,100.5,122.27499999999999,Maize
1998,8,maize,87.9,106.945,Maize
1998,9,maize,86.3,104.99833333333332,Maize
1998,10,maize,95.5,116.19166666666666,Maize
1998,11,maize,98.1,119.35499999999999,Maize
1998,12,maize,95.8,116.55666666666666,Maize
1999,1,maize,97.4,120.83215077605324,Maize
1999,2,maize,94.2,116.86230598669624,Maize
1999,3,maize,96.2,119.34345898004436,Maize
1999,4,maize,94.1,116.73824833702884,Maize
1999,5,maize,92.5,114.75332594235034,Maize
1999,6,maize,93.7,116.24201773835922,Maize
1999,7,maize,84.0,104.20842572062085,Maize
1999,8,maize,85.7,106.31740576496675,Maize
1999,9,maize,86.5,107.309866962306,Maize
1999,10,maize,85.8,106.44146341463416,Maize
1999,11,maize,85.4,105.94523281596454,Maize
1999,12,maize,87.2,108.17827050997784,Maize
2000,1,maize,93.3,117.33661016949152,Maize
2000,2,maize,95.2,119.72610169491526,Maize
2000,3,maize,95.1,119.60033898305083,Maize
2000,4,maize,95.2,119.72610169491526,Maize
2000,5,maize,96.4,121.23525423728813,Maize
2000,6,maize,84.3,106.01796610169491,Maize
2000,7,maize,75.3,94.6993220338983,Maize
2000,8,maize,75.6,95.07661016949152,Maize
2000,9,maize,80.4,101.11322033898306,Maize
2000,10,maize,85.0,106.89830508474576,Maize
2000,11,maize,89.2,112.18033898305085,Maize
2000,12,maize,97.6,122.744406779661,Maize
2001,1,maize,95.2,124.41875,Maize
2001,2,maize,92.0,120.23660714285714,Maize
2001,3,maize,90.3,118.01484375,Maize
2001,4,maize,88.0,115.00892857142857,Maize
2001,5,maize,84.1,109.9119419642857,Maize
2001,6,maize,83.3,108.86640625,Maize
2001,7,maize,91.7,119.84453125,Maize
2001,8,maize,93.1,121.67421874999998,Maize
2001,9,maize,90.1,117.75345982142856,Maize
2001,10,maize,86.6,113.17924107142856,Maize
2001,11,maize,89.5,116.96930803571428,Maize
2001,12,maize,91.9,120.10591517857144,Maize
2002,1,maize,92.0,121.55488418932528,Maize
2002,2,maize,90.8,119.96938569989929,Maize
2002,3,maize,89.6,118.3838872104733,Maize
2002,4,maize,87.1,115.08076535750251,Maize
2002,5,maize,90.3,119.30876132930513,Maize
2002,6,maize,94.1,124.32950654582073,Maize
2002,7,maize,98.7,130.407250755287,Maize
2002,8,maize,108.9,143.88398791540786,Maize
2002,9,maize,114.1,150.7544813695871,Maize
2002,10,maize,109.7,144.94098690835852,Maize
2002,11,maize,108.9,143.88398791540786,Maize
2002,12,maize,107.0,141.37361530715006,Maize
2003,1,maize,106.1,133.17865275142316,Maize
2003,2,maize,105.9,132.9276091081594,Maize
2003,3,maize,105.6,132.55104364326377,Maize
2003,4,maize,105.5,132.4255218216319,Maize
2003,5,maize,107.5,134.93595825426945,Maize
2003,6,maize,107.3,134.6849146110057,Maize
2003,7,maize,96.8,121.50512333965845,Maize
2003,8,maize,100.7,126.40047438330173,Maize
2003,9,maize,104.1,130.6682163187856,Maize
2003,10,maize,105.4,132.3,Maize
2003,11,maize,108.5,136.19117647058826,Maize
2003,12,maize,111.2,139.58026565464897,Maize
2004,1,maize,115.5,135.8519677996422,Maize
2004,2,maize,123.5,145.26162790697674,Maize
2004,3,maize,127.8,150.31932021466903,Maize
2004,4,maize,133.5,157.0237030411449,Maize
2004,5,maize,128.2,150.78980322003576,Maize
2004,6,maize,123.3,145.0263864042934,Maize
2004,7,maize,104.8,123.26654740608228,Maize
2004,8,maize,104.1,122.44320214669051,Maize
2004,9,maize,97.9,115.15071556350627,Maize
2004,10,maize,93.8,110.32826475849731,Maize
2004,11,maize,93.7,110.21064400715564,Maize
2004,12,maize,95.4,112.21019677996422,Maize
2005,1,maize,96.3,109.76443768996961,Maize
2005,2,maize,94.1,107.25683890577508,Maize
2005,3,maize,99.9,113.86778115501521,Maize
2005,4,maize,96.3,109.76443768996961,Maize
2005,5,maize,95.4,108.73860182370822,Maize
2005,6,maize,97.1,110.67629179331307,Maize
2005,7,maize,107.5,122.53039513677813,Maize
2005,8,maize,101.7,115.919452887538,Maize
2005,9,maize,96.4,109.87841945288756,Maize
2005,10,maize,101.9,116.14741641337388,Maize
2005,11,maize,95.4,108.73860182370822,Maize
2005,12,maize,102.1,116.37537993920972,Maize
2006,1,maize,102.7,114.15791632485643,Maize
2006,2,maize,107.1,119.04881050041016,Maize
2006,3,maize,105.3,117.04799015586545,Maize
2006,4,maize,107.7,119.7157506152584,Maize
2006,5,maize,110.6,122.93929450369153,Maize
2006,6,maize,109.4,121.60541427399508,Maize
2006,7,maize,114.0,126.71862182116487,Maize
2006,8,maize,116.6,129.6086956521739,Maize
2006,9,maize,121.7,135.27768662838392,Maize
2006,10,maize,142.2,158.06480721903196,Maize
2006,11,maize,164.5,182.85274815422477,Maize
2006,12,maize,160.4,178.29532403609517,Maize
2007,1,maize,164.8,172.65241295051928,Maize
2007,2,maize,177.3,185.74801466096523,Maize
2007,3,maize,170.5,178.6240073304826,Maize
2007,4,maize,152.7,159.9758704948076,Maize
2007,5,maize,160.2,167.83323152107513,Maize
2007,6,maize,165.2,173.0714722052535,Maize
2007,7,maize,146.8,153.7947464874771,Maize
2007,8,maize,151.2,158.40439828955408,Maize
2007,9,maize,159.4,166.99511301160663,Maize
2007,10,maize,164.2,172.02382406841784,Maize
2007,11,maize,171.3,179.46212583995117,Maize
2007,12,maize,180.3,188.89095907147225,Maize
2008,1,maize,206.7,201.04840878529808,Maize
2008,2,maize,220.1,214.08202599731064,Maize
2008,3,maize,234.4,227.99103541013,Maize
2008,4,maize,246.4,239.6629314208875,Maize
2008,5,maize,243.5,236.84222321828778,Maize
2008,6,maize,287.1,279.2501120573734,Maize
2008,7,maize,265.3,258.0461676378306,Maize
2008,8,maize,235.0,228.57463021066786,Maize
2008,9,maize,233.8,227.40744060959213,Maize
2008,10,maize,183.1,178.09367996414164,Maize
2008,11,maize,163.8,159.32138054684,Maize
2008,12,maize,158.3,153.97176154190947,Maize
2009,1,maize,172.8,179.16906344410876,Maize
2009,2,maize,163.4,169.4225981873112,Maize
2009,3,maize,164.6,170.66682779456193,Maize
2009,4,maize,168.5,174.7105740181269,Maize
2009,5,maize,179.9,186.53075528700907,Maize
2009,6,maize,179.5,186.11601208459214,Maize
2009,7,maize,151.6,157.18767371601209,Maize
2009,8,maize,152.0,157.60241691842901,Maize
2009,9,maize,150.4,155.94344410876133,Maize
2009,10,maize,167.3,173.46634441087613,Maize
2009,11,maize,171.6,177.924833836858,Maize
2009,12,maize,164.6,170.66682779456193,Maize
2010,1,maize,167.3,167.3,Maize
2010,2,maize,161.8,161.8,Maize
2010,3,maize,159.0,159.0,Maize
2010,4,maize,157.1,157.1,Maize
2010,5,maize,163.4,163.4,Maize
2010,6,maize,152.7,152.7,Maize
2010,7,maize,163.8,163.8,Maize
2010,8,maize,175.6,175.6,Maize
2010,9,maize,205.9,205.9,Maize
2010,10,maize,235.8,235.8,Maize
2010,11,maize,238.2,238.2,Maize
2010,12,maize,250.4,250.4,Maize
2011,1,maize,264.9,238.5643812135756,Maize
2011,2,maize,292.9,263.78069934864584,Maize
2011,3,maize,290.5,261.61930065135414,Maize
2011,4,maize,319.3,287.556085018855,Maize
2011,5,maize,307.9,277.28944120671923,Maize
2011,6,maize,310.6,279.72101474117244,Maize
2011,7,maize,300.8,270.89530339389785,Maize
2011,8,maize,310.2,279.36078162495716,Maize
2011,9,maize,295.3,265.9420980459376,Maize
2011,10,maize,274.8,247.480150839904,Maize
2011,11,maize,274.4,247.1199177236887,Maize
2011,12,maize,258.6,232.8907096331848,Maize
2012,1,maize,272.8,247.47640750670243,Maize
2012,2,maize,279.5,253.55445710455766,Maize
2012,3,maize,280.7,254.64306300268095,Maize
2012,4,maize,274.0,248.56501340482575,Maize
2012,5,maize,269.3,244.3013069705094,Maize
2012,6,maize,267.3,242.48696380697052,Maize
2012,7,maize,333.1,302.1788538873995,Maize
2012,8,maize,332.0,301.1809651474531,Maize
2012,9,maize,320.8,291.0206434316354,Maize
2012,10,maize,321.2,291.38351206434317,Maize
2012,11,maize,321.6,291.74638069705094,Maize
2012,12,maize,308.6,279.95315013404826,Maize
2013,1,maize,303.1,276.1084425597533,Maize
2013,2,maize,302.7,275.7440632228219,Maize
2013,3,maize,309.0,281.48303777949116,Maize
2013,4,maize,279.9,254.97444101773323,Maize
2013,5,maize,295.5,269.1852351580571,Maize
2013,6,maize,298.4,271.82698535080954,Maize
2013,7,maize,279.5,254.61006168080186,Maize
2013,8,maize,238.7,217.4433693138011,Maize
2013,9,maize,207.4,188.9306861989206,Maize
2013,10,maize,201.7,183.73828064764842,Maize
2013,11,maize,199.1,181.36981495759446,Maize
2013,12,maize,197.4,179.8212027756361,Maize
2014,1,maize,198.1,183.003732503888,Maize
2014,2,maize,209.3,193.350233281493,Maize
2014,3,maize,222.3,205.35956454121305,Maize
2014,4,maize,222.4,205.45194401244166,Maize
2014,5,maize,217.3,200.74059097978224,Maize
2014,6,maize,202.4,186.9760497667185,Maize
2014,7,maize,182.7,168.77729393468115,Maize
2014,8,maize,176.4,162.95738724727838,Maize
2014,9,maize,163.1,150.67091757387246,Maize
2014,10,maize,163.1,150.67091757387246,Maize
2014,11,maize,178.7,165.08211508553651,Maize
2014,12,maize,178.7,165.08211508553651,Maize
2015,1,maize,174.7,178.40388692579504,Maize
2015,2,maize,173.7,177.38268551236746,Maize
2015,3,maize,174.2,177.89328621908126,Maize
2015,4,maize,172.1,175.74876325088337,Maize
2015,5,maize,166.3,169.82579505300353,Maize
2015,6,maize,166.7,170.23427561837454,Maize
2015,7,maize,179.6,183.4077738515901,Maize
2015,8,maize,162.6,166.04734982332153,Maize
2015,9,maize,165.6,169.11095406360423,Maize
2015,10,maize,171.4,175.0339222614841,Maize
2015,11,maize,166.2,169.72367491166077,Maize
2015,12,maize,163.9,167.37491166077737,Maize
2016,1,maize,161.0,171.21419597989953,Maize
2016,2,maize,159.7,169.83172110552766,Maize
2016,3,maize,159.1,169.1936557788945,Maize
2016,4,maize,164.4,174.82989949748747,Maize
2016,5,maize,169.0,179.72173366834176,Maize
2016,6,maize,179.9,191.31325376884428,Maize
2016,7,maize,161.8,172.06494974874377,Maize
2016,8,maize,150.2,159.72902010050254,Maize
2016,9,maize,148.4,157.81482412060305,Maize
2016,10,maize,152.3,161.96224874371865,Maize
2016,11,maize,151.8,161.430527638191,Maize
2016,12,maize,152.4,162.06859296482415,Maize
2017,1,maize,160.0,164.45307443365695,Maize
2017,2,maize,162.9,167.433786407767,Maize
2017,3,maize,159.0,163.4252427184466,Maize
2017,4,maize,156.4,160.7528802588997,Maize
2017,5,maize,158.6,163.01411003236245,Maize
2017,6,maize,157.9,162.29462783171522,Maize
2017,7,maize,157.5,161.88349514563106,Maize
2017,8,maize,148.5,152.63300970873786,Maize
2017,9,maize,147.3,151.39961165048544,Maize
2017,10,maize,148.6,152.73579288025888,Maize
2017,11,maize,148.7,152.8385760517799,Maize
2017,12,maize,149.0,153.14692556634304,Maize
2018,1,maize,155.8,152.95693430656934,Maize
2018,2,maize,163.4,160.41824817518247,Maize
2018,3,maize,172.0,168.86131386861314,Maize
2018,4,maize,175.6,172.39562043795618,Maize
2018,5,maize,179.1,175.8317518248175,Maize
2018,6,maize,165.1,162.08722627737225,Maize
2018,7,maize,156.5,153.6441605839416,Maize
2018,8,maize,162.4,159.43649635036496,Maize
2018,9,maize,154.8,151.97518248175183,Maize
2018,10,maize,160.3,157.3748175182482,Maize
2018,11,maize,160.7,157.76751824817518,Maize
2018,12,maize,167.4,164.34525547445256,Maize
2019,1,maize,166.7,167.58201058201058,Maize
2019,2,maize,169.5,170.39682539682542,Maize
2019,3,maize,166.2,167.0793650793651,Maize
2019,4,maize,161.5,162.35449735449737,Maize
2019,5,maize,171.1,172.005291005291,Maize
2019,6,maize,195.1,196.13227513227514,Maize
2019,7,maize,189.4,190.4021164021164,Maize
2019,8,maize,163.6,164.46560846560848,Maize
2019,9,maize,157.3,158.13227513227514,Maize
2019,10,maize,167.1,167.984126984127,Maize
2019,11,maize,166.3,167.1798941798942,Maize
2019,12,maize,167.0,167.8835978835979,Maize
2020,1,maize,171.8,175.4332326283988,Maize
2020,2,maize,168.7,172.26767371601207,Maize
2020,3,maize,162.4,165.8344410876133,Maize
2020,4,maize,146.9,150.00664652567974,Maize
2020,5,maize,143.9,146.94320241691844,Maize
2020,6,maize,148.0,151.12990936555892,Maize
2020,7,maize,152.6,155.82719033232627,Maize
2020,8,maize,149.3,152.45740181268883,Maize
2020,9,maize,166.1,169.61268882175224,Maize
2020,10,maize,186.7,190.64833836858003,Maize
2020,11,maize,190.4,194.42658610271903,Maize
2020,12,maize,198.8,203.00422960725075,Maize
2021,1,maize,234.5,214.3483622350674,Maize
2021,2,maize,245.2,224.12886319845856,Maize
2021,3,maize,245.2,224.12886319845856,Maize
2021,4,maize,268.2,245.15236994219651,Maize
2021,5,maize,305.3,279.06420038535646,Maize
2021,6,maize,292.6,267.45556840077074,Maize
2021,7,maize,278.4,254.47583815028898,Maize
2021,8,maize,256.6,234.54921001926783,Maize
2021,9,maize,235.6,215.35383429672444,Maize
2021,10,maize,239.6,219.01009633911366,Maize
2021,11,maize,248.7,227.32809248554912,Maize
2021,12,maize,264.5,241.7703275529865,Maize
2022,1,maize,276.6,235.47440401505648,Maize
2022,2,maize,292.6,249.09548306148056,Maize
2022,3,maize,335.5,285.61700125470514,Maize
2022,4,maize,348.2,296.42873274780425,Maize
2022,5,maize,344.8,293.5342534504391,Maize
2022,6,maize,335.7,285.7872647427854,Maize
2022,7,maize,323.0,274.9755332496863,Maize
2022,8,maize,289.8,246.71179422835633,Maize
2022,9,maize,312.7,266.2069636135508,Maize
2022,10,maize,343.6,292.5126725219573,Maize
2022,11,maize,320.9,273.1877666248431,Maize
2022,12,maize,302.2,257.26813048933496,Maize
2023,1,maize,302.8,265.2944994064108,Maize
2023,2,maize,298.2,261.2642659279779,Maize
2023,3,maize,282.5,247.50890383854374,Maize
2023,4,maize,291.1,255.04368816778793,Maize
2023,5,maize,268.1,234.8925207756233,Maize
2023,6,maize,266.9,233.84115552037989,Maize
2023,7,maize,242.4,212.37578155916108,Maize
2023,8,maize,207.6,181.8861891571033,Maize
2023,9,maize,223.8,196.0796201028888,Maize
2023,10,maize,230.7,202.12497032053818,Maize
2023,11,maize,211.3,185.1278986941037,Maize
2023,12,maize,206.5,180.92243767313022,Maize
2024,1,maize,198.6,172.55068205666316,Maize
2024,2,maize,189.1,164.29674711437565,Maize
2024,3,maize,190.6,165.6,Maize
2024,4,maize,191.7,166.55571878279116,Maize
2024,5,maize,197.8,171.85561385099686,Maize
2024,6,maize,192.5,167.2507869884575,Maize
2024,7,maize,177.4,154.13137460650577,Maize
2024,8,maize,170.3,147.96264428121722,Maize
2024,9,maize,185.0,160.7345225603358,Maize
2024,10,maize,190.3,165.33934942287513,Maize
2024,11,maize,201.3,174.896537250787,Maize
2024,12,maize,202.6,176.02602308499473,Maize
2025,1,maize,214.4,184.6456692913386,Maize
2025,2,maize,220.9,190.24360236220474,Maize
2025,3,maize,207.4,178.61712598425197,Maize
2025,4,maize,215.0,185.16240157480314,Maize
2025,5,maize,203.9,175.60285433070868,Maize
2025,6,maize,196.1,168.8853346456693,Maize
2025,7,maize,192.0,165.35433070866142,Maize
2025,8,maize,185.5,159.7563976377953,Maize
2025,9,maize,197.4,170.00492125984252,Maize
2025,10,maize,198.1,170.60777559055117,Maize
2025,11,maize,202.0,173.96653543307087,Maize
2025,12,maize,205.7,177.15305118110237,Maize
2026,1,maize,204.5,,Maize
2026,2,maize,209.6,,Maize
2026,3,maize,212.7,,Maize
2026,4,maize,214.0,,Maize
2026,5,maize,216.2,,Maize
2026,6,maize,197.1,,Maize
2026,7,maize,213.4,,Maize
1960,1,rice,104.5,546.165890027959,"Rice, Thai 5%"
1960,2,rice,103.5,540.9394221808014,"Rice, Thai 5%"
1960,3,rice,103.8,542.5073625349487,"Rice, Thai 5%"
1960,4,rice,101.0,527.8732525629077,"Rice, Thai 5%"
1960,5,rice,102.2,534.1450139794968,"Rice, Thai 5%"
1960,6,rice,103.1,538.8488350419384,"Rice, Thai 5%"
1960,7,rice,102.1,533.622367194781,"Rice, Thai 5%"
1960,8,rice,109.7,573.343522833178,"Rice, Thai 5%"
1960,9,rice,116.1,606.792917054986,"Rice, Thai 5%"
1960,10,rice,115.2,602.0890959925442,"Rice, Thai 5%"
1960,11,rice,114.4,597.9079217148183,"Rice, Thai 5%"
1960,12,rice,112.7,589.0229263746505,"Rice, Thai 5%"
1961,1,rice,113.5,581.329831932773,"Rice, Thai 5%"
1961,2,rice,109.5,560.8424369747898,"Rice, Thai 5%"
1961,3,rice,117.7,602.8415966386555,"Rice, Thai 5%"
1961,4,rice,115.2,590.0369747899159,"Rice, Thai 5%"
1961,5,rice,119.4,611.5487394957983,"Rice, Thai 5%"
1961,6,rice,121.4,621.7924369747899,"Rice, Thai 5%"
1961,7,rice,123.4,632.0361344537815,"Rice, Thai 5%"
1961,8,rice,119.6,612.5731092436974,"Rice, Thai 5%"
1961,9,rice,119.0,609.5,"Rice, Thai 5%"
1961,10,rice,120.3,616.1584033613444,"Rice, Thai 5%"
1961,11,rice,128.3,657.133193277311,"Rice, Thai 5%"
1961,12,rice,120.1,615.1340336134454,"Rice, Thai 5%"
1962,1,rice,117.8,592.6676056338027,"Rice, Thai 5%"
1962,2,rice,119.2,599.7111934766493,"Rice, Thai 5%"
1962,3,rice,123.8,622.8544106745737,"Rice, Thai 5%"
1962,4,rice,130.8,658.0723498888066,"Rice, Thai 5%"
1962,5,rice,149.1,750.1421052631579,"Rice, Thai 5%"
1962,6,rice,144.1,724.9864343958487,"Rice, Thai 5%"
1962,7,rice,144.2,725.4895478131949,"Rice, Thai 5%"
1962,8,rice,142.9,718.9490733876946,"Rice, Thai 5%"
1962,9,rice,140.6,707.3774647887324,"Rice, Thai 5%"
1962,10,rice,143.0,719.4521868050407,"Rice, Thai 5%"
1962,11,rice,142.5,716.9366197183098,"Rice, Thai 5%"
1962,12,rice,121.1,609.2703484062267,"Rice, Thai 5%"
1963,1,rice,121.8,623.9221957040572,"Rice, Thai 5%"
1963,2,rice,123.4,632.1182179793159,"Rice, Thai 5%"
1963,3,rice,123.3,631.6059665871122,"Rice, Thai 5%"
1963,4,rice,122.4,626.9957040572792,"Rice, Thai 5%"
1963,5,rice,123.2,631.0937151949086,"Rice, Thai 5%"
1963,6,rice,128.1,656.1940334128878,"Rice, Thai 5%"
1963,7,rice,130.6,669.0003182179793,"Rice, Thai 5%"
1963,8,rice,129.9,665.4145584725537,"Rice, Thai 5%"
1963,9,rice,130.3,667.4635640413684,"Rice, Thai 5%"
1963,10,rice,128.7,659.2675417661097,"Rice, Thai 5%"
1963,11,rice,124.8,639.2897374701671,"Rice, Thai 5%"
1963,12,rice,121.5,622.3854415274463,"Rice, Thai 5%"
1964,1,rice,124.0,626.9175686927562,"Rice, Thai 5%"
1964,2,rice,119.1,602.1442131557037,"Rice, Thai 5%"
1964,3,rice,115.1,581.921065778518,"Rice, Thai 5%"
1964,4,rice,116.9,591.0214820982516,"Rice, Thai 5%"
1964,5,rice,117.0,591.5270607826812,"Rice, Thai 5%"
1964,6,rice,119.2,602.6497918401334,"Rice, Thai 5%"
1964,7,rice,122.6,619.8394671107411,"Rice, Thai 5%"
1964,8,rice,122.9,621.3562031640301,"Rice, Thai 5%"
1964,9,rice,123.4,623.8840965861783,"Rice, Thai 5%"
1964,10,rice,121.5,614.2781015820151,"Rice, Thai 5%"
1964,11,rice,121.0,611.7502081598669,"Rice, Thai 5%"
1964,12,rice,119.1,602.1442131557037,"Rice, Thai 5%"
1965,1,rice,114.6,573.5787878787879,"Rice, Thai 5%"
1965,2,rice,115.9,580.0853535353535,"Rice, Thai 5%"
1965,3,rice,115.6,578.5838383838384,"Rice, Thai 5%"
1965,4,rice,113.3,567.0722222222222,"Rice, Thai 5%"
1965,5,rice,111.8,559.5646464646464,"Rice, Thai 5%"
1965,6,rice,110.9,555.0601010101011,"Rice, Thai 5%"
1965,7,rice,112.0,560.5656565656566,"Rice, Thai 5%"
1965,8,rice,116.9,585.0904040404041,"Rice, Thai 5%"
1965,9,rice,126.6,633.6393939393939,"Rice, Thai 5%"
1965,10,rice,126.7,634.139898989899,"Rice, Thai 5%"
1965,11,rice,129.2,646.6525252525253,"Rice, Thai 5%"
1965,12,rice,132.1,661.1671717171718,"Rice, Thai 5%"
1966,1,rice,125.5,605.8054407713499,"Rice, Thai 5%"
1966,2,rice,124.8,602.4264462809917,"Rice, Thai 5%"
1966,3,rice,131.7,635.7336776859504,"Rice, Thai 5%"
1966,4,rice,143.0,690.2803030303031,"Rice, Thai 5%"
1966,5,rice,140.9,680.1433195592288,"Rice, Thai 5%"
1966,6,rice,144.5,697.5210055096419,"Rice, Thai 5%"
1966,7,rice,153.3,739.9997933884299,"Rice, Thai 5%"
1966,8,rice,150.4,726.0011019283747,"Rice, Thai 5%"
1966,9,rice,155.4,750.1367768595043,"Rice, Thai 5%"
1966,10,rice,164.3,793.0982782369147,"Rice, Thai 5%"
1966,11,rice,166.1,801.7871212121213,"Rice, Thai 5%"
1966,12,rice,142.6,688.3494490358127,"Rice, Thai 5%"
1967,1,rice,142.3,680.8461457233369,"Rice, Thai 5%"
1967,2,rice,151.5,724.8643083421331,"Rice, Thai 5%"
1967,3,rice,163.5,782.2793030623021,"Rice, Thai 5%"
1967,4,rice,168.5,806.2022175290391,"Rice, Thai 5%"
1967,5,rice,175.8,841.1296726504753,"Rice, Thai 5%"
1967,6,rice,184.5,882.7555438225977,"Rice, Thai 5%"
1967,7,rice,206.2,986.5809926082366,"Rice, Thai 5%"
1967,8,rice,207.2,991.365575501584,"Rice, Thai 5%"
1967,9,rice,221.6,1060.2635691657867,"Rice, Thai 5%"
1967,10,rice,224.1,1072.2250263991552,"Rice, Thai 5%"
1967,11,rice,213.6,1021.9869060190074,"Rice, Thai 5%"
1967,12,rice,213.6,1021.9869060190074,"Rice, Thai 5%"
1968,1,rice,198.8,959.7616183706945,"Rice, Thai 5%"
1968,2,rice,207.0,999.3493712411154,"Rice, Thai 5%"
1968,3,rice,209.8,1012.8671405139421,"Rice, Thai 5%"
1968,4,rice,197.0,951.071623838163,"Rice, Thai 5%"
1968,5,rice,187.1,903.27665390924,"Rice, Thai 5%"
1968,6,rice,179.3,865.6200109349372,"Rice, Thai 5%"
1968,7,rice,181.7,877.2066703116457,"Rice, Thai 5%"
1968,8,rice,177.7,857.8955713504647,"Rice, Thai 5%"
1968,9,rice,175.8,848.7227993439038,"Rice, Thai 5%"
1968,10,rice,163.7,790.3067249863313,"Rice, Thai 5%"
1968,11,rice,157.1,758.4434117003827,"Rice, Thai 5%"
1968,12,rice,159.9,771.9611809732095,"Rice, Thai 5%"
1969,1,rice,162.4,744.0118764845605,"Rice, Thai 5%"
1969,2,rice,160.5,735.3073040380046,"Rice, Thai 5%"
1969,3,rice,167.0,765.0861045130641,"Rice, Thai 5%"
1969,4,rice,165.2,756.8396674584322,"Rice, Thai 5%"
1969,5,rice,171.1,783.8696555819477,"Rice, Thai 5%"
1969,6,rice,178.8,819.146080760095,"Rice, Thai 5%"
1969,7,rice,180.5,826.9343824228027,"Rice, Thai 5%"
1969,8,rice,171.6,786.1603325415676,"Rice, Thai 5%"
1969,9,rice,167.6,767.834916864608,"Rice, Thai 5%"
1969,10,rice,167.4,766.91864608076,"Rice, Thai 5%"
1969,11,rice,167.6,767.834916864608,"Rice, Thai 5%"
1969,12,rice,161.1,738.0561163895486,"Rice, Thai 5%"
1970,1,rice,140.5,605.2735550277118,"Rice, Thai 5%"
1970,2,rice,133.4,574.686777513856,"Rice, Thai 5%"
1970,3,rice,126.3,544.1,"Rice, Thai 5%"
1970,4,rice,121.6,523.852414885194,"Rice, Thai 5%"
1970,5,rice,121.6,523.852414885194,"Rice, Thai 5%"
1970,6,rice,124.0,534.1916072842439,"Rice, Thai 5%"
1970,7,rice,124.9,538.0688044338876,"Rice, Thai 5%"
1970,8,rice,128.1,551.8543942992874,"Rice, Thai 5%"
1970,9,rice,125.7,541.5152019002376,"Rice, Thai 5%"
1970,10,rice,124.4,535.9148060174189,"Rice, Thai 5%"
1970,11,rice,124.8,537.6380047505938,"Rice, Thai 5%"
1970,12,rice,120.4,518.6828186856691,"Rice, Thai 5%"
1971,1,rice,121.4,497.3589237668162,"Rice, Thai 5%"
1971,2,rice,105.1,430.58008968609863,"Rice, Thai 5%"
1971,3,rice,98.9,405.17955156950677,"Rice, Thai 5%"
1971,4,rice,95.7,392.06959641255605,"Rice, Thai 5%"
1971,5,rice,106.0,434.26726457399104,"Rice, Thai 5%"
1971,6,rice,109.2,447.3772197309417,"Rice, Thai 5%"
1971,7,rice,111.5,456.8,"Rice, Thai 5%"
1971,8,rice,113.4,464.5840358744395,"Rice, Thai 5%"
1971,9,rice,120.6,494.08143497757845,"Rice, Thai 5%"
1971,10,rice,121.7,498.58798206278027,"Rice, Thai 5%"
1971,11,rice,118.1,483.83928251121074,"Rice, Thai 5%"
1971,12,rice,117.0,479.332735426009,"Rice, Thai 5%"
1972,1,rice,113.8,427.4975270479134,"Rice, Thai 5%"
1972,2,rice,112.6,422.98964451313753,"Rice, Thai 5%"
1972,3,rice,113.1,424.8679289026275,"Rice, Thai 5%"
1972,4,rice,111.6,419.23307573415764,"Rice, Thai 5%"
1972,5,rice,114.1,428.6244976816074,"Rice, Thai 5%"
1972,6,rice,118.4,444.77774343122104,"Rice, Thai 5%"
1972,7,rice,119.3,448.15865533230294,"Rice, Thai 5%"
1972,8,rice,135.6,509.3907264296754,"Rice, Thai 5%"
1972,9,rice,144.8,543.9511591962906,"Rice, Thai 5%"
1972,10,rice,148.7,558.6017774343122,"Rice, Thai 5%"
1972,11,rice,156.0,586.0247295208655,"Rice, Thai 5%"
1972,12,rice,165.5,621.7121329211747,"Rice, Thai 5%"
1973,1,rice,160.9,520.924861878453,"Rice, Thai 5%"
1973,2,rice,173.5,561.7182320441989,"Rice, Thai 5%"
1973,3,rice,185.9,601.86408839779,"Rice, Thai 5%"
1973,4,rice,185.9,601.86408839779,"Rice, Thai 5%"
1973,5,rice,185.9,601.86408839779,"Rice, Thai 5%"
1973,6,rice,185.9,601.86408839779,"Rice, Thai 5%"
1973,7,rice,332.5,1076.4917127071824,"Rice, Thai 5%"
1973,8,rice,377.7,1222.8298342541436,"Rice, Thai 5%"
1973,9,rice,377.7,1222.8298342541436,"Rice, Thai 5%"
1973,10,rice,337.7,1093.3270718232043,"Rice, Thai 5%"
1973,11,rice,475.9,1540.7591160220993,"Rice, Thai 5%"
1973,12,rice,495.5,1604.2154696132598,"Rice, Thai 5%"
1974,1,rice,512.2,1360.7169373549884,"Rice, Thai 5%"
1974,2,rice,539.7,1433.7737819025524,"Rice, Thai 5%"
1974,3,rice,570.2,1514.800464037123,"Rice, Thai 5%"
1974,4,rice,603.6,1603.5313225058005,"Rice, Thai 5%"
1974,5,rice,598.7,1590.513921113689,"Rice, Thai 5%"
1974,6,rice,570.4,1515.3317865429233,"Rice, Thai 5%"
1974,7,rice,494.6,1313.9605568445477,"Rice, Thai 5%"
1974,8,rice,496.5,1319.008120649652,"Rice, Thai 5%"
1974,9,rice,491.9,1306.7877030162413,"Rice, Thai 5%"
1974,10,rice,478.4,1270.9234338747099,"Rice, Thai 5%"
1974,11,rice,436.6,1159.8770301624131,"Rice, Thai 5%"
1974,12,rice,413.3,1097.9779582366589,"Rice, Thai 5%"
1975,1,rice,376.7,901.2553016988869,"Rice, Thai 5%"
1975,2,rice,381.4,912.5000585823082,"Rice, Thai 5%"
1975,3,rice,374.0,894.7955477445812,"Rice, Thai 5%"
1975,4,rice,377.7,903.6478031634447,"Rice, Thai 5%"
1975,5,rice,365.4,874.2200351493849,"Rice, Thai 5%"
1975,6,rice,324.9,777.3237258347979,"Rice, Thai 5%"
1975,7,rice,307.7,736.1727006444054,"Rice, Thai 5%"
1975,8,rice,323.7,774.4527240773286,"Rice, Thai 5%"
1975,9,rice,336.2,804.3589923842999,"Rice, Thai 5%"
1975,10,rice,332.5,795.5067369654364,"Rice, Thai 5%"
1975,11,rice,309.5,740.4792032806092,"Rice, Thai 5%"
1975,12,rice,287.4,687.6049209138839,"Rice, Thai 5%"
1976,1,rice,259.9,614.148018747337,"Rice, Thai 5%"
1976,2,rice,233.4,551.5280783979549,"Rice, Thai 5%"
1976,3,rice,228.4,539.7129953131658,"Rice, Thai 5%"
1976,4,rice,226.5,535.2232637409459,"Rice, Thai 5%"
1976,5,rice,226.5,535.2232637409459,"Rice, Thai 5%"
1976,6,rice,222.8,526.480102258202,"Rice, Thai 5%"
1976,7,rice,222.7,526.2438005965062,"Rice, Thai 5%"
1976,8,rice,223.5,528.1342138900725,"Rice, Thai 5%"
1976,9,rice,244.9,578.7027694929698,"Rice, Thai 5%"
1976,10,rice,250.0,590.7541542394547,"Rice, Thai 5%"
1976,11,rice,239.2,565.2335747763102,"Rice, Thai 5%"
1976,12,rice,238.3,563.1068598210481,"Rice, Thai 5%"
1977,1,rice,239.5,523.6332275971452,"Rice, Thai 5%"
1977,2,rice,235.1,514.0132434575734,"Rice, Thai 5%"
1977,3,rice,242.5,530.1923076923077,"Rice, Thai 5%"
1977,4,rice,232.6,508.54734337827125,"Rice, Thai 5%"
1977,5,rice,237.7,519.6977795400476,"Rice, Thai 5%"
1977,6,rice,244.6,534.7836637589215,"Rice, Thai 5%"
1977,7,rice,251.2,549.2136399682792,"Rice, Thai 5%"
1977,8,rice,255.0,557.5218080888185,"Rice, Thai 5%"
1977,9,rice,255.0,557.5218080888185,"Rice, Thai 5%"
1977,10,rice,256.9,561.675892149088,"Rice, Thai 5%"
1977,11,rice,274.1,599.2812846946869,"Rice, Thai 5%"
1977,12,rice,302.6,661.5925455987312,"Rice, Thai 5%"
1978,1,rice,317.3,596.7846687879666,"Rice, Thai 5%"
1978,2,rice,341.1,641.5482210008679,"Rice, Thai 5%"
1978,3,rice,373.8,703.0510847555686,"Rice, Thai 5%"
1978,4,rice,388.5,730.6991611223606,"Rice, Thai 5%"
1978,5,rice,386.5,726.9375180792596,"Rice, Thai 5%"
1978,6,rice,381.1,716.781081862887,"Rice, Thai 5%"
1978,7,rice,362.2,681.2335551055829,"Rice, Thai 5%"
1978,8,rice,344.3,647.5668498698294,"Rice, Thai 5%"
1978,9,rice,347.0,652.6450679780157,"Rice, Thai 5%"
1978,10,rice,338.4,636.4700028926816,"Rice, Thai 5%"
1978,11,rice,294.2,553.3376916401505,"Rice, Thai 5%"
1978,12,rice,273.4,514.2166039919006,"Rice, Thai 5%"
1979,1,rice,278.5,469.6518684126477,"Rice, Thai 5%"
1979,2,rice,279.5,471.33823059725324,"Rice, Thai 5%"
1979,3,rice,293.0,494.10412008942825,"Rice, Thai 5%"
1979,4,rice,295.5,498.32002555094215,"Rice, Thai 5%"
1979,5,rice,296.8,500.5122963909294,"Rice, Thai 5%"
1979,6,rice,303.3,511.47365059086553,"Rice, Thai 5%"
1979,7,rice,304.1,512.82274033855,"Rice, Thai 5%"
1979,8,rice,328.4,553.8013414244649,"Rice, Thai 5%"
1979,9,rice,338.2,570.3276908335994,"Rice, Thai 5%"
1979,10,rice,340.4,574.0376876397316,"Rice, Thai 5%"
1979,11,rice,342.4,577.4104120089428,"Rice, Thai 5%"
1979,12,rice,356.9,601.8626636857233,"Rice, Thai 5%"
1980,1,rice,372.8,571.5903579254931,"Rice, Thai 5%"
1980,2,rice,376.5,577.263330898466,"Rice, Thai 5%"
1980,3,rice,392.7,602.1017531044558,"Rice, Thai 5%"
1980,4,rice,396.0,607.1614317019722,"Rice, Thai 5%"
1980,5,rice,410.4,629.2400292184076,"Rice, Thai 5%"
1980,6,rice,418.9,642.272534696859,"Rice, Thai 5%"
1980,7,rice,418.9,642.272534696859,"Rice, Thai 5%"
1980,8,rice,418.9,642.272534696859,"Rice, Thai 5%"
1980,9,rice,418.9,642.272534696859,"Rice, Thai 5%"
1980,10,rice,418.9,642.272534696859,"Rice, Thai 5%"
1980,11,rice,439.4,673.7038714390065,"Rice, Thai 5%"
1980,12,rice,446.4,684.436523009496,"Rice, Thai 5%"
1981,1,rice,446.4,683.6047058823528,"Rice, Thai 5%"
1981,2,rice,456.3,698.765294117647,"Rice, Thai 5%"
1981,3,rice,480.6,735.9776470588235,"Rice, Thai 5%"
1981,4,rice,490.6,751.2913725490196,"Rice, Thai 5%"
1981,5,rice,494.4,757.110588235294,"Rice, Thai 5%"
1981,6,rice,510.3,781.4594117647058,"Rice, Thai 5%"
1981,7,rice,498.5,763.3892156862745,"Rice, Thai 5%"
1981,8,rice,473.9,725.7174509803921,"Rice, Thai 5%"
1981,9,rice,463.1,709.1786274509803,"Rice, Thai 5%"
1981,10,rice,431.7,661.0935294117646,"Rice, Thai 5%"
1981,11,rice,405.2,620.5121568627451,"Rice, Thai 5%"
1981,12,rice,356.9,546.546862745098,"Rice, Thai 5%"
1982,1,rice,321.2,506.9655779816514,"Rice, Thai 5%"
1982,2,rice,302.8,477.9239633027524,"Rice, Thai 5%"
1982,3,rice,305.3,481.8698348623854,"Rice, Thai 5%"
1982,4,rice,291.3,459.77295412844046,"Rice, Thai 5%"
1982,5,rice,278.5,439.5700917431193,"Rice, Thai 5%"
1982,6,rice,270.7,427.2589724770642,"Rice, Thai 5%"
1982,7,rice,261.8,413.21166972477073,"Rice, Thai 5%"
1982,8,rice,266.7,420.9455779816514,"Rice, Thai 5%"
1982,9,rice,252.0,397.7438532110092,"Rice, Thai 5%"
1982,10,rice,235.1,371.0697614678899,"Rice, Thai 5%"
1982,11,rice,238.3,376.12047706422027,"Rice, Thai 5%"
1982,12,rice,246.1,388.4315963302753,"Rice, Thai 5%"
1983,1,rice,240.0,389.1588785046729,"Rice, Thai 5%"
1983,2,rice,249.6,404.72523364485977,"Rice, Thai 5%"
1983,3,rice,261.8,424.507476635514,"Rice, Thai 5%"
1983,4,rice,261.8,424.507476635514,"Rice, Thai 5%"
1983,5,rice,259.9,421.42663551401864,"Rice, Thai 5%"
1983,6,rice,249.1,403.91448598130836,"Rice, Thai 5%"
1983,7,rice,241.5,391.59112149532706,"Rice, Thai 5%"
1983,8,rice,255.0,413.4813084112149,"Rice, Thai 5%"
1983,9,rice,278.3,451.2621495327103,"Rice, Thai 5%"
1983,10,rice,269.7,437.3172897196261,"Rice, Thai 5%"
1983,11,rice,264.2,428.3990654205607,"Rice, Thai 5%"
1983,12,rice,251.0,406.99532710280374,"Rice, Thai 5%"
1984,1,rice,237.8,394.2877419354839,"Rice, Thai 5%"
1984,2,rice,227.9,377.87290322580645,"Rice, Thai 5%"
1984,3,rice,234.1,388.1529032258064,"Rice, Thai 5%"
1984,4,rice,235.3,390.1425806451613,"Rice, Thai 5%"
1984,5,rice,234.3,388.4845161290323,"Rice, Thai 5%"
1984,6,rice,235.3,390.1425806451613,"Rice, Thai 5%"
1984,7,rice,248.8,412.5264516129032,"Rice, Thai 5%"
1984,8,rice,252.0,417.8322580645161,"Rice, Thai 5%"
1984,9,rice,236.5,392.1322580645161,"Rice, Thai 5%"
1984,10,rice,231.6,384.00774193548386,"Rice, Thai 5%"
1984,11,rice,211.7,351.0122580645161,"Rice, Thai 5%"
1984,12,rice,204.6,339.23999999999995,"Rice, Thai 5%"
1985,1,rice,206.8,346.4871508379888,"Rice, Thai 5%"
1985,2,rice,200.9,336.6018791264601,"Rice, Thai 5%"
1985,3,rice,200.0,335.0939563230066,"Rice, Thai 5%"
1985,4,rice,202.9,339.95281868969016,"Rice, Thai 5%"
1985,5,rice,202.9,339.95281868969016,"Rice, Thai 5%"
1985,6,rice,202.9,339.95281868969016,"Rice, Thai 5%"
1985,7,rice,191.1,320.18227526663276,"Rice, Thai 5%"
1985,8,rice,191.1,320.18227526663276,"Rice, Thai 5%"
1985,9,rice,191.1,320.18227526663276,"Rice, Thai 5%"
1985,10,rice,191.1,320.18227526663276,"Rice, Thai 5%"
1985,11,rice,191.1,320.18227526663276,"Rice, Thai 5%"
1985,12,rice,191.1,320.18227526663276,"Rice, Thai 5%"
1986,1,rice,220.6,321.4220193340495,"Rice, Thai 5%"
1986,2,rice,212.0,308.8915145005371,"Rice, Thai 5%"
1986,3,rice,197.3,287.47309344790557,"Rice, Thai 5%"
1986,4,rice,186.2,271.3,"Rice, Thai 5%"
1986,5,rice,181.3,264.1605263157895,"Rice, Thai 5%"
1986,6,rice,181.3,264.1605263157895,"Rice, Thai 5%"
1986,7,rice,181.3,264.1605263157895,"Rice, Thai 5%"
1986,8,rice,185.8,270.71718582169717,"Rice, Thai 5%"
1986,9,rice,173.5,252.79564983888298,"Rice, Thai 5%"
1986,10,rice,174.8,254.6897959183674,"Rice, Thai 5%"
1986,11,rice,174.0,253.5241675617616,"Rice, Thai 5%"
1986,12,rice,167.0,243.32491944146085,"Rice, Thai 5%"
1987,1,rice,172.0,228.66542404473438,"Rice, Thai 5%"
1987,2,rice,186.0,247.27772600186393,"Rice, Thai 5%"
1987,3,rice,198.3,263.62996272134205,"Rice, Thai 5%"
1987,4,rice,199.4,265.09235787511653,"Rice, Thai 5%"
1987,5,rice,197.5,262.56640260950604,"Rice, Thai 5%"
1987,6,rice,192.8,256.3179869524697,"Rice, Thai 5%"
1987,7,rice,190.8,253.6590866728798,"Rice, Thai 5%"
1987,8,rice,204.0,271.20782851817336,"Rice, Thai 5%"
1987,9,rice,258.0,342.9981360671016,"Rice, Thai 5%"
1987,10,rice,266.8,354.6972972972973,"Rice, Thai 5%"
1987,11,rice,254.3,338.07917054986024,"Rice, Thai 5%"
1987,12,rice,255.6,339.8074557315937,"Rice, Thai 5%"
1988,1,rice,291.5,363.77099099099104,"Rice, Thai 5%"
1988,2,rice,306.3,382.2403243243244,"Rice, Thai 5%"
1988,3,rice,294.0,366.8908108108109,"Rice, Thai 5%"
1988,4,rice,288.0,359.4032432432433,"Rice, Thai 5%"
1988,5,rice,257.0,320.71747747747753,"Rice, Thai 5%"
1988,6,rice,271.5,338.81243243243244,"Rice, Thai 5%"
1988,7,rice,271.8,339.18681081081087,"Rice, Thai 5%"
1988,8,rice,271.6,338.9372252252253,"Rice, Thai 5%"
1988,9,rice,273.3,341.05870270270276,"Rice, Thai 5%"
1988,10,rice,273.0,340.68432432432434,"Rice, Thai 5%"
1988,11,rice,271.8,339.18681081081087,"Rice, Thai 5%"
1988,12,rice,260.0,324.4612612612613,"Rice, Thai 5%"
1989,1,rice,264.8,332.50454545454545,"Rice, Thai 5%"
1989,2,rice,269.3,338.15511363636364,"Rice, Thai 5%"
1989,3,rice,278.5,349.7073863636364,"Rice, Thai 5%"
1989,4,rice,293.0,367.9147727272727,"Rice, Thai 5%"
1989,5,rice,310.3,389.6380681818182,"Rice, Thai 5%"
1989,6,rice,327.2,410.85909090909087,"Rice, Thai 5%"
1989,7,rice,350.5,440.11647727272725,"Rice, Thai 5%"
1989,8,rice,332.2,417.1375,"Rice, Thai 5%"
1989,9,rice,319.8,401.56704545454545,"Rice, Thai 5%"
1989,10,rice,304.0,381.7272727272727,"Rice, Thai 5%"
1989,11,rice,268.5,337.1505681818182,"Rice, Thai 5%"
1989,12,rice,272.0,341.5454545454545,"Rice, Thai 5%"
1990,1,rice,276.2,334.0093023255814,"Rice, Thai 5%"
1990,2,rice,300.0,362.79069767441865,"Rice, Thai 5%"
1990,3,rice,289.3,349.85116279069774,"Rice, Thai 5%"
1990,4,rice,275.8,333.52558139534887,"Rice, Thai 5%"
1990,5,rice,260.0,314.4186046511628,"Rice, Thai 5%"
1990,6,rice,255.0,308.37209302325584,"Rice, Thai 5%"
1990,7,rice,256.4,310.0651162790698,"Rice, Thai 5%"
1990,8,rice,259.5,313.81395348837214,"Rice, Thai 5%"
1990,9,rice,260.8,315.38604651162797,"Rice, Thai 5%"
1990,10,rice,281.4,340.2976744186047,"Rice, Thai 5%"
1990,11,rice,272.3,329.29302325581403,"Rice, Thai 5%"
1990,12,rice,263.8,319.0139534883721,"Rice, Thai 5%"
1991,1,rice,303.4,370.3279918172519,"Rice, Thai 5%"
1991,2,rice,327.3,399.5001704739175,"Rice, Thai 5%"
1991,3,rice,311.5,380.21479713603816,"Rice, Thai 5%"
1991,4,rice,285.8,348.8455506307535,"Rice, Thai 5%"
1991,5,rice,288.3,351.8970337538357,"Rice, Thai 5%"
1991,6,rice,293.3,358.0,"Rice, Thai 5%"
1991,7,rice,303.4,370.3279918172519,"Rice, Thai 5%"
1991,8,rice,298.3,364.1029662461643,"Rice, Thai 5%"
1991,9,rice,291.5,355.8029321513808,"Rice, Thai 5%"
1991,10,rice,276.6,337.61609273781113,"Rice, Thai 5%"
1991,11,rice,271.8,331.75724514149334,"Rice, Thai 5%"
1991,12,rice,268.4,327.6072280941016,"Rice, Thai 5%"
1992,1,rice,277.3,332.30507084265474,"Rice, Thai 5%"
1992,2,rice,278.3,333.5034302759135,"Rice, Thai 5%"
1992,3,rice,277.2,332.18523489932886,"Rice, Thai 5%"
1992,4,rice,278.0,333.14392244593586,"Rice, Thai 5%"
1992,5,rice,274.0,328.3504847129008,"Rice, Thai 5%"
1992,6,rice,268.8,322.11901565995527,"Rice, Thai 5%"
1992,7,rice,278.5,333.74310216256526,"Rice, Thai 5%"
1992,8,rice,270.8,324.5157345264728,"Rice, Thai 5%"
1992,9,rice,257.0,307.97837434750187,"Rice, Thai 5%"
1992,10,rice,250.0,299.58985831469056,"Rice, Thai 5%"
1992,11,rice,252.6,302.7055928411633,"Rice, Thai 5%"
1992,12,rice,256.3,307.13952274422076,"Rice, Thai 5%"
1993,1,rice,259.8,300.96627017841973,"Rice, Thai 5%"
1993,2,rice,254.3,294.5947748513169,"Rice, Thai 5%"
1993,3,rice,230.2,266.6760407816482,"Rice, Thai 5%"
1993,4,rice,206.3,238.988997451147,"Rice, Thai 5%"
1993,5,rice,184.8,214.0822429906542,"Rice, Thai 5%"
1993,6,rice,189.0,218.94774851316907,"Rice, Thai 5%"
1993,7,rice,200.8,232.6175021240442,"Rice, Thai 5%"
1993,8,rice,209.0,242.11682242990653,"Rice, Thai 5%"
1993,9,rice,206.0,238.64146134239593,"Rice, Thai 5%"
1993,10,rice,256.8,297.4909090909091,"Rice, Thai 5%"
1993,11,rice,307.8,356.57204757858966,"Rice, Thai 5%"
1993,12,rice,320.5,371.2844095157179,"Rice, Thai 5%"
1994,1,rice,356.0,425.1778774289985,"Rice, Thai 5%"
1994,2,rice,343.8,410.60717488789237,"Rice, Thai 5%"
1994,3,rice,269.8,322.22750373692077,"Rice, Thai 5%"
1994,4,rice,269.3,321.63034379671154,"Rice, Thai 5%"
1994,5,rice,233.0,278.2765321375187,"Rice, Thai 5%"
1994,6,rice,213.8,255.3455904334828,"Rice, Thai 5%"
1994,7,rice,226.3,270.2745889387145,"Rice, Thai 5%"
1994,8,rice,252.6,301.68520179372194,"Rice, Thai 5%"
1994,9,rice,259.8,310.28430493273544,"Rice, Thai 5%"
1994,10,rice,262.0,312.9118086696562,"Rice, Thai 5%"
1994,11,rice,264.5,315.8976083707025,"Rice, Thai 5%"
1994,12,rice,260.5,311.1203288490284,"Rice, Thai 5%"
1995,1,rice,276.8,301.1170093457944,"Rice, Thai 5%"
1995,2,rice,280.5,305.14205607476634,"Rice, Thai 5%"
1995,3,rice,286.3,311.45158878504674,"Rice, Thai 5%"
1995,4,rice,281.5,306.2299065420561,"Rice, Thai 5%"
1995,5,rice,291.0,316.5644859813084,"Rice, Thai 5%"
1995,6,rice,326.0,354.6392523364486,"Rice, Thai 5%"
1995,7,rice,345.6,375.9611214953271,"Rice, Thai 5%"
1995,8,rice,339.5,369.3252336448598,"Rice, Thai 5%"
1995,9,rice,359.8,391.4085981308411,"Rice, Thai 5%"
1995,10,rice,382.6,416.21158878504673,"Rice, Thai 5%"
1995,11,rice,340.5,370.41308411214953,"Rice, Thai 5%"
1995,12,rice,341.5,371.5009345794392,"Rice, Thai 5%"
1996,1,rice,369.2,409.39911478312195,"Rice, Thai 5%"
1996,2,rice,368.0,408.0684567719092,"Rice, Thai 5%"
1996,3,rice,359.5,398.6429625258189,"Rice, Thai 5%"
1996,4,rice,327.2,362.82608439067576,"Rice, Thai 5%"
1996,5,rice,332.3,368.48138093832995,"Rice, Thai 5%"
1996,6,rice,341.5,378.6830923576277,"Rice, Thai 5%"
1996,7,rice,358.0,396.979640011803,"Rice, Thai 5%"
1996,8,rice,335.5,372.02980230156396,"Rice, Thai 5%"
1996,9,rice,328.4,364.1567424018885,"Rice, Thai 5%"
1996,10,rice,312.8,346.85818825612284,"Rice, Thai 5%"
1996,11,rice,315.0,349.29772794334616,"Rice, Thai 5%"
1996,12,rice,319.2,353.9550309825908,"Rice, Thai 5%"
1997,1,rice,356.0,414.2971993410214,"Rice, Thai 5%"
1997,2,rice,347.0,403.8233937397034,"Rice, Thai 5%"
1997,3,rice,323.4,376.3587479406919,"Rice, Thai 5%"
1997,4,rice,304.5,354.3637561779242,"Rice, Thai 5%"
1997,5,rice,324.5,377.6388797364085,"Rice, Thai 5%"
1997,6,rice,323.2,376.125996705107,"Rice, Thai 5%"
1997,7,rice,320.0,372.40197693574953,"Rice, Thai 5%"
1997,8,rice,285.0,331.67051070840193,"Rice, Thai 5%"
1997,9,rice,270.6,314.91242174629326,"Rice, Thai 5%"
1997,10,rice,265.8,309.326392092257,"Rice, Thai 5%"
1997,11,rice,252.5,293.84843492586486,"Rice, Thai 5%"
1997,12,rice,269.7,313.8650411861614,"Rice, Thai 5%"
1998,1,rice,288.0,350.4852071005917,"Rice, Thai 5%"
1998,2,rice,297.3,361.80295857988165,"Rice, Thai 5%"
1998,3,rice,296.0,360.22090729783037,"Rice, Thai 5%"
1998,4,rice,311.5,379.08382642998026,"Rice, Thai 5%"
1998,5,rice,318.3,387.3591715976331,"Rice, Thai 5%"
1998,6,rice,325.5,396.1213017751479,"Rice, Thai 5%"
1998,7,rice,324.3,394.66094674556217,"Rice, Thai 5%"
1998,8,rice,321.4,391.1317554240631,"Rice, Thai 5%"
1998,9,rice,321.3,391.0100591715976,"Rice, Thai 5%"
1998,10,rice,298.8,363.6284023668639,"Rice, Thai 5%"
1998,11,rice,270.0,328.57988165680473,"Rice, Thai 5%"
1998,12,rice,277.8,338.0721893491124,"Rice, Thai 5%"
1999,1,rice,299.8,371.97407407407405,"Rice, Thai 5%"
1999,2,rice,280.0,347.4074074074074,"Rice, Thai 5%"
1999,3,rice,256.2,317.87777777777774,"Rice, Thai 5%"
1999,4,rice,235.5,292.19444444444446,"Rice, Thai 5%"
1999,5,rice,244.3,303.11296296296297,"Rice, Thai 5%"
1999,6,rice,253.8,314.9,"Rice, Thai 5%"
1999,7,rice,259.0,321.35185185185185,"Rice, Thai 5%"
1999,8,rice,244.5,303.3611111111111,"Rice, Thai 5%"
1999,9,rice,229.3,284.5018518518519,"Rice, Thai 5%"
1999,10,rice,217.0,269.2407407407407,"Rice, Thai 5%"
1999,11,rice,228.0,282.88888888888886,"Rice, Thai 5%"
1999,12,rice,233.8,290.0851851851852,"Rice, Thai 5%"
2000,1,rice,241.4,303.41976284584985,"Rice, Thai 5%"
2000,2,rice,241.0,302.91699604743087,"Rice, Thai 5%"
2000,3,rice,225.8,283.8118577075099,"Rice, Thai 5%"
2000,4,rice,214.8,269.9857707509882,"Rice, Thai 5%"
2000,5,rice,198.6,249.62371541501977,"Rice, Thai 5%"
2000,6,rice,196.0,246.35573122529647,"Rice, Thai 5%"
2000,7,rice,189.0,237.55731225296444,"Rice, Thai 5%"
2000,8,rice,186.5,234.41501976284587,"Rice, Thai 5%"
2000,9,rice,179.0,224.98814229249012,"Rice, Thai 5%"
2000,10,rice,187.5,235.67193675889328,"Rice, Thai 5%"
2000,11,rice,185.0,232.52964426877472,"Rice, Thai 5%"
2000,12,rice,184.3,231.64980237154154,"Rice, Thai 5%"
2001,1,rice,184.4,240.85115740740738,"Rice, Thai 5%"
2001,2,rice,184.5,240.9817708333333,"Rice, Thai 5%"
2001,3,rice,175.0,228.57349537037035,"Rice, Thai 5%"
2001,4,rice,163.8,213.94479166666665,"Rice, Thai 5%"
2001,5,rice,164.3,214.5978587962963,"Rice, Thai 5%"
2001,6,rice,168.0,219.43055555555551,"Rice, Thai 5%"
2001,7,rice,169.4,221.2591435185185,"Rice, Thai 5%"
2001,8,rice,168.3,219.82239583333333,"Rice, Thai 5%"
2001,9,rice,173.0,225.96122685185182,"Rice, Thai 5%"
2001,10,rice,170.6,222.8265046296296,"Rice, Thai 5%"
2001,11,rice,173.5,226.61429398148144,"Rice, Thai 5%"
2001,12,rice,179.3,234.18987268518518,"Rice, Thai 5%"
2002,1,rice,191.8,253.36789994788953,"Rice, Thai 5%"
2002,2,rice,195.3,257.9914017717561,"Rice, Thai 5%"
2002,3,rice,189.0,249.66909848879624,"Rice, Thai 5%"
2002,4,rice,190.2,251.25429911412192,"Rice, Thai 5%"
2002,5,rice,197.5,260.8976029181865,"Rice, Thai 5%"
2002,6,rice,202.7,267.7668056279312,"Rice, Thai 5%"
2002,7,rice,199.6,263.6717040125065,"Rice, Thai 5%"
2002,8,rice,190.3,251.38639916623242,"Rice, Thai 5%"
2002,9,rice,186.6,246.49869723814484,"Rice, Thai 5%"
2002,10,rice,186.3,246.10239708181345,"Rice, Thai 5%"
2002,11,rice,186.8,246.76289734236582,"Rice, Thai 5%"
2002,12,rice,186.5,246.36659718603437,"Rice, Thai 5%"
2003,1,rice,200.8,252.21943319838059,"Rice, Thai 5%"
2003,2,rice,198.8,249.70728744939274,"Rice, Thai 5%"
2003,3,rice,197.0,247.44635627530366,"Rice, Thai 5%"
2003,4,rice,195.0,244.93421052631578,"Rice, Thai 5%"
2003,5,rice,198.0,248.70242914979758,"Rice, Thai 5%"
2003,6,rice,203.4,255.4852226720648,"Rice, Thai 5%"
2003,7,rice,198.5,249.33046558704453,"Rice, Thai 5%"
2003,8,rice,195.0,244.93421052631578,"Rice, Thai 5%"
2003,9,rice,197.6,248.2,"Rice, Thai 5%"
2003,10,rice,195.8,245.93906882591094,"Rice, Thai 5%"
2003,11,rice,193.4,242.92449392712552,"Rice, Thai 5%"
2003,12,rice,198.3,249.07925101214576,"Rice, Thai 5%"
2004,1,rice,212.8,250.2212873369794,"Rice, Thai 5%"
2004,2,rice,213.3,250.80921329406817,"Rice, Thai 5%"
2004,3,rice,237.8,279.6175851914178,"Rice, Thai 5%"
2004,4,rice,240.8,283.14514093395036,"Rice, Thai 5%"
2004,5,rice,232.0,272.79764408918805,"Rice, Thai 5%"
2004,6,rice,229.0,269.2700883466555,"Rice, Thai 5%"
2004,7,rice,230.8,271.38662179217505,"Rice, Thai 5%"
2004,8,rice,239.0,281.0286074884308,"Rice, Thai 5%"
2004,9,rice,235.3,276.67795540597393,"Rice, Thai 5%"
2004,10,rice,244.0,286.9078670593185,"Rice, Thai 5%"
2004,11,rice,259.2,304.780816154817,"Rice, Thai 5%"
2004,12,rice,278.3,327.2395877156079,"Rice, Thai 5%"
2005,1,rice,287.0,327.19804400977995,"Rice, Thai 5%"
2005,2,rice,290.0,330.6182326231226,"Rice, Thai 5%"
2005,3,rice,292.8,333.81040866224237,"Rice, Thai 5%"
2005,4,rice,297.3,338.94069158225636,"Rice, Thai 5%"
2005,5,rice,293.8,334.9504715333566,"Rice, Thai 5%"
2005,6,rice,285.0,324.9179182675515,"Rice, Thai 5%"
2005,7,rice,276.8,315.56940272441494,"Rice, Thai 5%"
2005,8,rice,282.8,322.40977995110023,"Rice, Thai 5%"
2005,9,rice,285.3,325.2599371288858,"Rice, Thai 5%"
2005,10,rice,286.4,326.5140062871114,"Rice, Thai 5%"
2005,11,rice,277.8,316.70946559552914,"Rice, Thai 5%"
2005,12,rice,280.5,319.7876353475375,"Rice, Thai 5%"
2006,1,rice,291.3,323.87897671367665,"Rice, Thai 5%"
2006,2,rice,301.5,335.21974417841915,"Rice, Thai 5%"
2006,3,rice,303.5,337.4434240734667,"Rice, Thai 5%"
2006,4,rice,302.3,336.1092161364382,"Rice, Thai 5%"
2006,5,rice,308.0,342.44670383732375,"Rice, Thai 5%"
2006,6,rice,312.5,347.44998360118075,"Rice, Thai 5%"
2006,7,rice,315.4,350.67431944899965,"Rice, Thai 5%"
2006,8,rice,312.7,347.6723515906855,"Rice, Thai 5%"
2006,9,rice,309.2,343.78091177435226,"Rice, Thai 5%"
2006,10,rice,301.0,334.66382420465726,"Rice, Thai 5%"
2006,11,rice,296.3,329.43817645129553,"Rice, Thai 5%"
2006,12,rice,305.0,339.1111839947524,"Rice, Thai 5%"
2007,1,rice,313.0,328.0554534313726,"Rice, Thai 5%"
2007,2,rice,315.0,330.15165441176475,"Rice, Thai 5%"
2007,3,rice,318.7,334.02962622549023,"Rice, Thai 5%"
2007,4,rice,316.5,331.7238051470589,"Rice, Thai 5%"
2007,5,rice,317.6,332.8767156862746,"Rice, Thai 5%"
2007,6,rice,323.3,338.85088848039226,"Rice, Thai 5%"
2007,7,rice,328.8,344.61544117647065,"Rice, Thai 5%"
2007,8,rice,327.5,343.25291053921575,"Rice, Thai 5%"
2007,9,rice,325.0,340.6326593137256,"Rice, Thai 5%"
2007,10,rice,329.2,345.0346813725491,"Rice, Thai 5%"
2007,11,rice,342.0,358.4503676470589,"Rice, Thai 5%"
2007,12,rice,360.7,378.04984681372554,"Rice, Thai 5%"
2008,1,rice,375.6,365.2597354660104,"Rice, Thai 5%"
2008,2,rice,464.8,452.00406028914176,"Rice, Thai 5%"
2008,3,rice,594.0,577.6471854813902,"Rice, Thai 5%"
2008,4,rice,907.0,882.0302983697322,"Rice, Thai 5%"
2008,5,rice,901.8,876.973454321747,"Rice, Thai 5%"
2008,6,rice,757.0,736.1597969855428,"Rice, Thai 5%"
2008,7,rice,731.8,711.653552752999,"Rice, Thai 5%"
2008,8,rice,693.5,674.4079513995692,"Rice, Thai 5%"
2008,9,rice,683.8,664.9749923100583,"Rice, Thai 5%"
2008,10,rice,609.3,592.5259766225776,"Rice, Thai 5%"
2008,11,rice,552.0,536.8034450938172,"Rice, Thai 5%"
2008,12,rice,531.8,517.159550907413,"Rice, Thai 5%"
2009,1,rice,580.0,601.3189189189189,"Rice, Thai 5%"
2009,2,rice,590.8,612.5158918918919,"Rice, Thai 5%"
2009,3,rice,588.3,609.924,"Rice, Thai 5%"
2009,4,rice,549.7,569.9051891891893,"Rice, Thai 5%"
2009,5,rice,533.0,552.5913513513514,"Rice, Thai 5%"
2009,6,rice,574.5,595.6167567567568,"Rice, Thai 5%"
2009,7,rice,572.0,593.0248648648649,"Rice, Thai 5%"
2009,8,rice,526.3,545.6450810810811,"Rice, Thai 5%"
2009,9,rice,518.8,537.8694054054054,"Rice, Thai 5%"
2009,10,rice,493.0,511.1210810810811,"Rice, Thai 5%"
2009,11,rice,542.8,562.7515675675676,"Rice, Thai 5%"
2009,12,rice,591.0,612.7232432432432,"Rice, Thai 5%"
2010,1,rice,568.8,568.8,"Rice, Thai 5%"
2010,2,rice,535.0,535.0,"Rice, Thai 5%"
2010,3,rice,502.2,502.2,"Rice, Thai 5%"
2010,4,rice,466.0,466.0,"Rice, Thai 5%"
2010,5,rice,451.3,451.3,"Rice, Thai 5%"
2010,6,rice,440.0,440.0,"Rice, Thai 5%"
2010,7,rice,441.8,441.8,"Rice, Thai 5%"
2010,8,rice,452.8,452.8,"Rice, Thai 5%"
2010,9,rice,476.5,476.5,"Rice, Thai 5%"
2010,10,rice,486.0,486.0,"Rice, Thai 5%"
2010,11,rice,514.5,514.5,"Rice, Thai 5%"
2010,12,rice,532.0,532.0,"Rice, Thai 5%"
2011,1,rice,516.8,465.4055248618784,"Rice, Thai 5%"
2011,2,rice,524.0,471.88950276243094,"Rice, Thai 5%"
2011,3,rice,492.8,443.7922651933702,"Rice, Thai 5%"
2011,4,rice,484.3,436.1375690607735,"Rice, Thai 5%"
2011,5,rice,481.4,433.52596685082875,"Rice, Thai 5%"
2011,6,rice,513.8,462.7038674033149,"Rice, Thai 5%"
2011,7,rice,538.3,484.7674033149171,"Rice, Thai 5%"
2011,8,rice,566.0,509.71270718232046,"Rice, Thai 5%"
2011,9,rice,598.8,539.2508287292817,"Rice, Thai 5%"
2011,10,rice,599.4,539.7911602209945,"Rice, Thai 5%"
2011,11,rice,615.3,554.1099447513812,"Rice, Thai 5%"
2011,12,rice,585.8,527.5436464088398,"Rice, Thai 5%"
2012,1,rice,542.0,491.6507992895204,"Rice, Thai 5%"
2012,2,rice,537.5,487.5688277087034,"Rice, Thai 5%"
2012,3,rice,548.0,497.0934280639432,"Rice, Thai 5%"
2012,4,rice,547.8,496.9120071047957,"Rice, Thai 5%"
2012,5,rice,600.5,544.716429840142,"Rice, Thai 5%"
2012,6,rice,600.0,544.2628774422735,"Rice, Thai 5%"
2012,7,rice,573.8,520.4967317939609,"Rice, Thai 5%"
2012,8,rice,567.8,515.0541030195382,"Rice, Thai 5%"
2012,9,rice,563.3,510.9721314387211,"Rice, Thai 5%"
2012,10,rice,558.3,506.4366074600355,"Rice, Thai 5%"
2012,11,rice,559.3,507.3437122557726,"Rice, Thai 5%"
2012,12,rice,557.8,505.9830550621669,"Rice, Thai 5%"
2013,1,rice,564.2,514.0141925281677,"Rice, Thai 5%"
2013,2,rice,563.0,512.9209329907096,"Rice, Thai 5%"
2013,3,rice,559.0,509.2767345325163,"Rice, Thai 5%"
2013,4,rice,557.0,507.45463530341965,"Rice, Thai 5%"
2013,5,rice,543.5,495.1554655070172,"Rice, Thai 5%"
2013,6,rice,524.3,477.6633129076892,"Rice, Thai 5%"
2013,7,rice,509.0,463.7242538050998,"Rice, Thai 5%"
2013,8,rice,478.8,436.2105554457403,"Rice, Thai 5%"
2013,9,rice,444.0,404.50602885945835,"Rice, Thai 5%"
2013,10,rice,439.0,399.95078078671673,"Rice, Thai 5%"
2013,11,rice,438.0,399.0397311721684,"Rice, Thai 5%"
2013,12,rice,451.0,410.88337616129667,"Rice, Thai 5%"
2014,1,rice,450.0,415.7284768211921,"Rice, Thai 5%"
2014,2,rice,459.0,424.04304635761594,"Rice, Thai 5%"
2014,3,rice,422.0,389.8609271523179,"Rice, Thai 5%"
2014,4,rice,395.0,364.9172185430464,"Rice, Thai 5%"
2014,5,rice,388.0,358.45033112582786,"Rice, Thai 5%"
2014,6,rice,397.0,366.7649006622517,"Rice, Thai 5%"
2014,7,rice,422.0,389.8609271523179,"Rice, Thai 5%"
2014,8,rice,445.0,411.10927152317885,"Rice, Thai 5%"
2014,9,rice,432.0,399.0993377483444,"Rice, Thai 5%"
2014,10,rice,428.0,395.4039735099338,"Rice, Thai 5%"
2014,11,rice,418.0,386.1655629139073,"Rice, Thai 5%"
2014,12,rice,418.0,386.1655629139073,"Rice, Thai 5%"
2015,1,rice,420.0,429.13989637305696,"Rice, Thai 5%"
2015,2,rice,420.0,429.13989637305696,"Rice, Thai 5%"
2015,3,rice,410.0,418.92227979274605,"Rice, Thai 5%"
2015,4,rice,399.0,407.6829015544041,"Rice, Thai 5%"
2015,5,rice,381.0,389.2911917098445,"Rice, Thai 5%"
2015,6,rice,376.0,384.1823834196891,"Rice, Thai 5%"
2015,7,rice,392.0,400.5305699481865,"Rice, Thai 5%"
2015,8,rice,373.0,381.11709844559584,"Rice, Thai 5%"
2015,9,rice,357.0,364.7689119170984,"Rice, Thai 5%"
2015,10,rice,373.0,381.11709844559584,"Rice, Thai 5%"
2015,11,rice,368.0,376.00829015544036,"Rice, Thai 5%"
2015,12,rice,363.0,370.89948186528494,"Rice, Thai 5%"
2016,1,rice,369.0,392.376829883897,"Rice, Thai 5%"
2016,2,rice,384.0,408.32710752145385,"Rice, Thai 5%"
2016,3,rice,384.0,408.32710752145385,"Rice, Thai 5%"
2016,4,rice,395.0,420.02397778899547,"Rice, Thai 5%"
2016,5,rice,433.0,460.43134780413936,"Rice, Thai 5%"
2016,6,rice,441.0,468.93816254416964,"Rice, Thai 5%"
2016,7,rice,442.0,470.0015143866734,"Rice, Thai 5%"
2016,8,rice,415.0,441.2910146390712,"Rice, Thai 5%"
2016,9,rice,384.0,408.32710752145385,"Rice, Thai 5%"
2016,10,rice,369.0,392.376829883897,"Rice, Thai 5%"
2016,11,rice,365.0,388.1234225138819,"Rice, Thai 5%"
2016,12,rice,373.0,396.6302372539122,"Rice, Thai 5%"
2017,1,rice,377.0,387.4905991476561,"Rice, Thai 5%"
2017,2,rice,367.0,377.2123339182753,"Rice, Thai 5%"
2017,3,rice,370.0,380.29581348708956,"Rice, Thai 5%"
2017,4,rice,380.0,390.57407871647035,"Rice, Thai 5%"
2017,5,rice,421.0,432.7149661569316,"Rice, Thai 5%"
2017,6,rice,458.0,470.7445475056406,"Rice, Thai 5%"
2017,7,rice,417.0,428.6036600651793,"Rice, Thai 5%"
2017,8,rice,393.0,403.9358235146654,"Rice, Thai 5%"
2017,9,rice,402.0,413.1862622211081,"Rice, Thai 5%"
2017,10,rice,394.0,404.9636500376035,"Rice, Thai 5%"
2017,11,rice,402.0,413.1862622211081,"Rice, Thai 5%"
2017,12,rice,406.0,417.29756831286045,"Rice, Thai 5%"
2018,1,rice,442.0,433.910149750416,"Rice, Thai 5%"
2018,2,rice,425.0,417.22129783693845,"Rice, Thai 5%"
2018,3,rice,430.0,422.1297836938436,"Rice, Thai 5%"
2018,4,rice,451.0,442.74542429284526,"Rice, Thai 5%"
2018,5,rice,451.0,442.74542429284526,"Rice, Thai 5%"
2018,6,rice,427.0,419.1846921797005,"Rice, Thai 5%"
2018,7,rice,398.0,390.7154742096506,"Rice, Thai 5%"
2018,8,rice,405.0,397.5873544093178,"Rice, Thai 5%"
2018,9,rice,405.0,397.5873544093178,"Rice, Thai 5%"
2018,10,rice,409.0,401.5141430948419,"Rice, Thai 5%"
2018,11,rice,401.0,393.6605657237937,"Rice, Thai 5%"
2018,12,rice,404.0,396.6056572379368,"Rice, Thai 5%"
2019,1,rice,410.0,412.15789473684214,"Rice, Thai 5%"
2019,2,rice,408.0,410.14736842105265,"Rice, Thai 5%"
2019,3,rice,406.0,408.13684210526316,"Rice, Thai 5%"
2019,4,rice,413.0,415.17368421052635,"Rice, Thai 5%"
2019,5,rice,409.0,411.15263157894736,"Rice, Thai 5%"
2019,6,rice,420.0,422.2105263157895,"Rice, Thai 5%"
2019,7,rice,416.0,418.18947368421055,"Rice, Thai 5%"
2019,8,rice,430.0,432.2631578947368,"Rice, Thai 5%"
2019,9,rice,427.0,429.2473684210526,"Rice, Thai 5%"
2019,10,rice,424.0,426.2315789473684,"Rice, Thai 5%"
2019,11,rice,421.0,423.2157894736842,"Rice, Thai 5%"
2019,12,rice,432.0,434.2736842105263,"Rice, Thai 5%"
2020,1,rice,451.0,460.62278582930753,"Rice, Thai 5%"
2020,2,rice,450.0,459.60144927536226,"Rice, Thai 5%"
2020,3,rice,494.0,504.54025764895323,"Rice, Thai 5%"
2020,4,rice,564.0,576.0338164251207,"Rice, Thai 5%"
2020,5,rice,510.0,520.8816425120772,"Rice, Thai 5%"
2020,6,rice,520.0,531.0950080515297,"Rice, Thai 5%"
2020,7,rice,480.0,490.2415458937197,"Rice, Thai 5%"
2020,8,rice,505.0,515.774959742351,"Rice, Thai 5%"
2020,9,rice,507.0,517.8176328502415,"Rice, Thai 5%"
2020,10,rice,471.0,481.0495169082125,"Rice, Thai 5%"
2020,11,rice,489.0,499.43357487922697,"Rice, Thai 5%"
2020,12,rice,520.0,531.0950080515297,"Rice, Thai 5%"
2021,1,rice,545.0,498.1464106480471,"Rice, Thai 5%"
2021,2,rice,557.0,509.1147719834169,"Rice, Thai 5%"
2021,3,rice,525.0,479.8658084224307,"Rice, Thai 5%"
2021,4,rice,495.0,452.44490508400605,"Rice, Thai 5%"
2021,5,rice,493.0,450.6168448614444,"Rice, Thai 5%"
2021,6,rice,466.0,425.93803185686227,"Rice, Thai 5%"
2021,7,rice,414.0,378.40846607025964,"Rice, Thai 5%"
2021,8,rice,403.0,368.3541348461706,"Rice, Thai 5%"
2021,9,rice,400.0,365.6120445123281,"Rice, Thai 5%"
2021,10,rice,401.0,366.52607462360896,"Rice, Thai 5%"
2021,11,rice,400.0,365.6120445123281,"Rice, Thai 5%"
2021,12,rice,400.0,365.6120445123281,"Rice, Thai 5%"
2022,1,rice,427.0,363.5560897435897,"Rice, Thai 5%"
2022,2,rice,427.0,363.5560897435897,"Rice, Thai 5%"
2022,3,rice,422.0,359.29899267399264,"Rice, Thai 5%"
2022,4,rice,431.0,366.9617673992674,"Rice, Thai 5%"
2022,5,rice,464.0,395.05860805860806,"Rice, Thai 5%"
2022,6,rice,444.0,378.0302197802198,"Rice, Thai 5%"
2022,7,rice,418.0,355.893315018315,"Rice, Thai 5%"
2022,8,rice,431.0,366.9617673992674,"Rice, Thai 5%"
2022,9,rice,439.0,373.7731227106227,"Rice, Thai 5%"
2022,10,rice,431.0,366.9617673992674,"Rice, Thai 5%"
2022,11,rice,440.0,374.62454212454213,"Rice, Thai 5%"
2022,12,rice,467.0,397.6128663003663,"Rice, Thai 5%"
2023,1,rice,517.0,453.04027451688637,"Rice, Thai 5%"
2023,2,rice,492.0,431.1331045692613,"Rice, Thai 5%"
2023,3,rice,476.0,417.1125158027813,"Rice, Thai 5%"
2023,4,rice,501.0,439.0196857504063,"Rice, Thai 5%"
2023,5,rice,510.0,446.90626693155133,"Rice, Thai 5%"
2023,6,rice,514.0,450.41141412317137,"Rice, Thai 5%"
2023,7,rice,547.0,479.32887845403644,"Rice, Thai 5%"
2023,8,rice,635.0,556.4421166696767,"Rice, Thai 5%"
2023,9,rice,620.0,543.2978147011016,"Rice, Thai 5%"
2023,10,rice,590.0,517.0092107639515,"Rice, Thai 5%"
2023,11,rice,598.0,524.0195051471916,"Rice, Thai 5%"
2023,12,rice,644.0,564.3286978508216,"Rice, Thai 5%"
2024,1,rice,660.0,573.4058463630183,"Rice, Thai 5%"
2024,2,rice,624.0,542.1291638341264,"Rice, Thai 5%"
2024,3,rice,613.0,532.5723997280761,"Rice, Thai 5%"
2024,4,rice,592.0,514.3276682528892,"Rice, Thai 5%"
2024,5,rice,628.0,545.6043507817811,"Rice, Thai 5%"
2024,6,rice,632.0,549.0795377294357,"Rice, Thai 5%"
2024,7,rice,590.0,512.5900747790619,"Rice, Thai 5%"
2024,8,rice,589.0,511.72127804214824,"Rice, Thai 5%"
2024,9,rice,580.0,503.90210740992524,"Rice, Thai 5%"
2024,10,rice,515.0,447.43031951053706,"Rice, Thai 5%"
2024,11,rice,511.0,443.9551325628824,"Rice, Thai 5%"
2024,12,rice,527.0,457.85588035350105,"Rice, Thai 5%"
2025,1,rice,478.0,411.77390877881317,"Rice, Thai 5%"
2025,2,rice,437.0,376.45438940657186,"Rice, Thai 5%"
2025,3,rice,425.0,366.11696910250123,"Rice, Thai 5%"
2025,4,rice,415.0,357.50245218244237,"Rice, Thai 5%"
2025,5,rice,431.0,371.28567925453655,"Rice, Thai 5%"
2025,6,rice,419.0,360.9482589504659,"Rice, Thai 5%"
2025,7,rice,392.0,337.689063266307,"Rice, Thai 5%"
2025,8,rice,375.0,323.044384502207,"Rice, Thai 5%"
2025,9,rice,374.0,322.18293281020107,"Rice, Thai 5%"
2025,10,rice,356.0,306.6768023540951,"Rice, Thai 5%"
2025,11,rice,368.0,317.01422265816575,"Rice, Thai 5%"
2025,12,rice,424.0,365.2555174104953,"Rice, Thai 5%"
2026,1,rice,408.0,,"Rice, Thai 5%"
2026,2,rice,409.0,,"Rice, Thai 5%"
2026,3,rice,381.0,,"Rice, Thai 5%"
2026,4,rice,403.0,,"Rice, Thai 5%"
2026,5,rice,440.0,,"Rice, Thai 5%"
2026,6,rice,494.0,,"Rice, Thai 5%"
2026,7,rice,467.0,,"Rice, Thai 5%"
1960,1,wheat,59.9,312.92586206896556,"Wheat, US HRW"
1960,2,wheat,61.0,318.6724137931035,"Wheat, US HRW"
1960,3,wheat,61.7,322.3293103448276,"Wheat, US HRW"
1960,4,wheat,61.0,318.6724137931035,"Wheat, US HRW"
1960,5,wheat,57.7,301.4327586206897,"Wheat, US HRW"
1960,6,wheat,55.5,289.93965517241384,"Wheat, US HRW"
1960,7,wheat,54.8,286.28275862068966,"Wheat, US HRW"
1960,8,wheat,55.1,287.85,"Wheat, US HRW"
1960,9,wheat,56.6,295.68620689655177,"Wheat, US HRW"
1960,10,wheat,57.0,297.7758620689655,"Wheat, US HRW"
1960,11,wheat,57.7,301.4327586206897,"Wheat, US HRW"
1960,12,wheat,58.1,303.52241379310345,"Wheat, US HRW"
1961,1,wheat,58.8,301.3249146757679,"Wheat, US HRW"
1961,2,wheat,59.2,303.3747440273038,"Wheat, US HRW"
1961,3,wheat,58.1,297.7377133105802,"Wheat, US HRW"
1961,4,wheat,57.3,293.63805460750854,"Wheat, US HRW"
1961,5,wheat,55.9,286.4636518771331,"Wheat, US HRW"
1961,6,wheat,54.4,278.7767918088737,"Wheat, US HRW"
1961,7,wheat,56.6,290.05085324232084,"Wheat, US HRW"
1961,8,wheat,58.8,301.3249146757679,"Wheat, US HRW"
1961,9,wheat,59.9,306.9619453924915,"Wheat, US HRW"
1961,10,wheat,60.3,309.0117747440273,"Wheat, US HRW"
1961,11,wheat,61.7,316.18617747440277,"Wheat, US HRW"
1961,12,wheat,62.5,320.28583617747444,"Wheat, US HRW"
1962,1,wheat,60.6,304.9791601866252,"Wheat, US HRW"
1962,2,wheat,61.4,309.0052877138414,"Wheat, US HRW"
1962,3,wheat,61.7,310.5150855365475,"Wheat, US HRW"
1962,4,wheat,62.1,312.5281493001556,"Wheat, US HRW"
1962,5,wheat,63.6,320.0771384136859,"Wheat, US HRW"
1962,6,wheat,64.3,323.6,"Wheat, US HRW"
1962,7,wheat,65.4,329.13592534992233,"Wheat, US HRW"
1962,8,wheat,66.5,334.6718506998445,"Wheat, US HRW"
1962,9,wheat,65.8,331.1489891135304,"Wheat, US HRW"
1962,10,wheat,64.3,323.6,"Wheat, US HRW"
1962,11,wheat,68.7,345.74370139968903,"Wheat, US HRW"
1962,12,wheat,67.6,340.2077760497667,"Wheat, US HRW"
1963,1,wheat,67.2,344.23069767441865,"Wheat, US HRW"
1963,2,wheat,68.3,349.8654263565891,"Wheat, US HRW"
1963,3,wheat,69.5,356.0124031007752,"Wheat, US HRW"
1963,4,wheat,70.9,363.18387596899225,"Wheat, US HRW"
1963,5,wheat,67.6,346.2796899224806,"Wheat, US HRW"
1963,6,wheat,58.4,299.1528682170543,"Wheat, US HRW"
1963,7,wheat,57.7,295.56713178294575,"Wheat, US HRW"
1963,8,wheat,58.4,299.1528682170543,"Wheat, US HRW"
1963,9,wheat,60.6,310.42232558139534,"Wheat, US HRW"
1963,10,wheat,65.0,332.9612403100775,"Wheat, US HRW"
1963,11,wheat,65.0,332.9612403100775,"Wheat, US HRW"
1963,12,wheat,65.0,332.9612403100775,"Wheat, US HRW"
1964,1,wheat,64.0,323.5081481481481,"Wheat, US HRW"
1964,2,wheat,66.1,334.1232592592592,"Wheat, US HRW"
1964,3,wheat,66.9,338.1671111111111,"Wheat, US HRW"
1964,4,wheat,67.6,341.7054814814814,"Wheat, US HRW"
1964,5,wheat,69.5,351.30962962962957,"Wheat, US HRW"
1964,6,wheat,65.0,328.5629629629629,"Wheat, US HRW"
1964,7,wheat,68.7,347.26577777777777,"Wheat, US HRW"
1964,8,wheat,68.7,347.26577777777777,"Wheat, US HRW"
1964,9,wheat,69.1,349.28770370370364,"Wheat, US HRW"
1964,10,wheat,68.7,347.26577777777777,"Wheat, US HRW"
1964,11,wheat,68.0,343.7274074074074,"Wheat, US HRW"
1964,12,wheat,68.0,343.7274074074074,"Wheat, US HRW"
1965,1,wheat,66.1,330.6110924369748,"Wheat, US HRW"
1965,2,wheat,61.4,307.10319327731094,"Wheat, US HRW"
1965,3,wheat,61.0,305.10252100840336,"Wheat, US HRW"
1965,4,wheat,59.9,299.60067226890754,"Wheat, US HRW"
1965,5,wheat,59.2,296.09949579831937,"Wheat, US HRW"
1965,6,wheat,58.1,290.59764705882355,"Wheat, US HRW"
1965,7,wheat,57.3,286.5963025210084,"Wheat, US HRW"
1965,8,wheat,57.7,288.596974789916,"Wheat, US HRW"
1965,9,wheat,58.4,292.0981512605042,"Wheat, US HRW"
1965,10,wheat,58.1,290.59764705882355,"Wheat, US HRW"
1965,11,wheat,58.1,290.59764705882355,"Wheat, US HRW"
1965,12,wheat,58.4,292.0981512605042,"Wheat, US HRW"
1966,1,wheat,58.4,281.7104761904762,"Wheat, US HRW"
1966,2,wheat,58.8,283.64,"Wheat, US HRW"
1966,3,wheat,58.8,283.64,"Wheat, US HRW"
1966,4,wheat,58.8,283.64,"Wheat, US HRW"
1966,5,wheat,58.8,283.64,"Wheat, US HRW"
1966,6,wheat,62.1,299.55857142857144,"Wheat, US HRW"
1966,7,wheat,65.4,315.4771428571429,"Wheat, US HRW"
1966,8,wheat,67.6,326.08952380952377,"Wheat, US HRW"
1966,9,wheat,67.2,324.15999999999997,"Wheat, US HRW"
1966,10,wheat,66.1,318.8538095238095,"Wheat, US HRW"
1966,11,wheat,65.8,317.40666666666664,"Wheat, US HRW"
1966,12,wheat,67.6,326.08952380952377,"Wheat, US HRW"
1967,1,wheat,67.2,321.57808219178077,"Wheat, US HRW"
1967,2,wheat,68.0,325.40639269406387,"Wheat, US HRW"
1967,3,wheat,69.8,334.02009132420085,"Wheat, US HRW"
1967,4,wheat,68.3,326.84200913242,"Wheat, US HRW"
1967,5,wheat,68.3,326.84200913242,"Wheat, US HRW"
1967,6,wheat,66.5,318.2283105022831,"Wheat, US HRW"
1967,7,wheat,64.7,309.6146118721461,"Wheat, US HRW"
1967,8,wheat,63.9,305.78630136986294,"Wheat, US HRW"
1967,9,wheat,63.2,302.43652968036525,"Wheat, US HRW"
1967,10,wheat,63.6,304.3506849315068,"Wheat, US HRW"
1967,11,wheat,62.8,300.5223744292237,"Wheat, US HRW"
1967,12,wheat,62.1,297.172602739726,"Wheat, US HRW"
1968,1,wheat,62.1,299.6226114649682,"Wheat, US HRW"
1968,2,wheat,62.8,303.0,"Wheat, US HRW"
1968,3,wheat,63.6,306.859872611465,"Wheat, US HRW"
1968,4,wheat,61.7,297.6926751592357,"Wheat, US HRW"
1968,5,wheat,60.3,290.937898089172,"Wheat, US HRW"
1968,6,wheat,61.7,297.6926751592357,"Wheat, US HRW"
1968,7,wheat,63.6,306.859872611465,"Wheat, US HRW"
1968,8,wheat,63.9,308.30732484076435,"Wheat, US HRW"
1968,9,wheat,63.6,306.859872611465,"Wheat, US HRW"
1968,10,wheat,63.6,306.859872611465,"Wheat, US HRW"
1968,11,wheat,63.2,304.92993630573255,"Wheat, US HRW"
1968,12,wheat,63.2,304.92993630573255,"Wheat, US HRW"
1969,1,wheat,63.2,289.59452054794525,"Wheat, US HRW"
1969,2,wheat,62.8,287.76164383561644,"Wheat, US HRW"
1969,3,wheat,62.1,284.5541095890411,"Wheat, US HRW"
1969,4,wheat,62.1,284.5541095890411,"Wheat, US HRW"
1969,5,wheat,62.1,284.5541095890411,"Wheat, US HRW"
1969,6,wheat,61.7,282.72123287671235,"Wheat, US HRW"
1969,7,wheat,60.3,276.3061643835616,"Wheat, US HRW"
1969,8,wheat,56.2,257.5191780821918,"Wheat, US HRW"
1969,9,wheat,53.7,246.06369863013703,"Wheat, US HRW"
1969,10,wheat,52.2,239.19041095890415,"Wheat, US HRW"
1969,11,wheat,52.2,239.19041095890415,"Wheat, US HRW"
1969,12,wheat,52.2,239.19041095890415,"Wheat, US HRW"
1970,1,wheat,52.2,224.8688524590164,"Wheat, US HRW"
1970,2,wheat,52.2,224.8688524590164,"Wheat, US HRW"
1970,3,wheat,52.2,224.8688524590164,"Wheat, US HRW"
1970,4,wheat,52.2,224.8688524590164,"Wheat, US HRW"
1970,5,wheat,52.2,224.8688524590164,"Wheat, US HRW"
1970,6,wheat,52.2,224.8688524590164,"Wheat, US HRW"
1970,7,wheat,52.5,226.16120218579235,"Wheat, US HRW"
1970,8,wheat,54.0,232.62295081967213,"Wheat, US HRW"
1970,9,wheat,56.2,242.10018214936247,"Wheat, US HRW"
1970,10,wheat,58.8,253.3005464480874,"Wheat, US HRW"
1970,11,wheat,61.0,262.77777777777777,"Wheat, US HRW"
1970,12,wheat,63.2,272.25500910746814,"Wheat, US HRW"
1971,1,wheat,63.6,260.5847649918963,"Wheat, US HRW"
1971,2,wheat,63.6,260.5847649918963,"Wheat, US HRW"
1971,3,wheat,62.8,257.30696920583466,"Wheat, US HRW"
1971,4,wheat,62.5,256.0777957860616,"Wheat, US HRW"
1971,5,wheat,63.2,258.9458670988655,"Wheat, US HRW"
1971,6,wheat,61.4,251.5708265802269,"Wheat, US HRW"
1971,7,wheat,61.4,251.5708265802269,"Wheat, US HRW"
1971,8,wheat,61.0,249.93192868719612,"Wheat, US HRW"
1971,9,wheat,61.0,249.93192868719612,"Wheat, US HRW"
1971,10,wheat,60.3,247.06385737439223,"Wheat, US HRW"
1971,11,wheat,60.3,247.06385737439223,"Wheat, US HRW"
1971,12,wheat,59.9,245.42495948136144,"Wheat, US HRW"
1972,1,wheat,59.9,224.92535816618914,"Wheat, US HRW"
1972,2,wheat,59.9,224.92535816618914,"Wheat, US HRW"
1972,3,wheat,59.9,224.92535816618914,"Wheat, US HRW"
1972,4,wheat,60.3,226.42736389684816,"Wheat, US HRW"
1972,5,wheat,60.3,226.42736389684816,"Wheat, US HRW"
1972,6,wheat,59.9,224.92535816618914,"Wheat, US HRW"
1972,7,wheat,60.3,226.42736389684816,"Wheat, US HRW"
1972,8,wheat,62.1,233.1863896848138,"Wheat, US HRW"
1972,9,wheat,76.1,285.7565902578797,"Wheat, US HRW"
1972,10,wheat,87.5,328.56375358166196,"Wheat, US HRW"
1972,11,wheat,88.9,333.82077363896855,"Wheat, US HRW"
1972,12,wheat,102.9,386.39097421203445,"Wheat, US HRW"
1973,1,wheat,108.4,351.0206008583691,"Wheat, US HRW"
1973,2,wheat,98.8,319.9339055793991,"Wheat, US HRW"
1973,3,wheat,98.5,318.9624463519313,"Wheat, US HRW"
1973,4,wheat,101.1,327.3817596566523,"Wheat, US HRW"
1973,5,wheat,102.2,330.94377682403433,"Wheat, US HRW"
1973,6,wheat,108.4,351.0206008583691,"Wheat, US HRW"
1973,7,wheat,114.6,371.0974248927038,"Wheat, US HRW"
1973,8,wheat,192.5,623.3530042918454,"Wheat, US HRW"
1973,9,wheat,189.6,613.9622317596566,"Wheat, US HRW"
1973,10,wheat,182.3,590.3233905579399,"Wheat, US HRW"
1973,11,wheat,181.9,589.0281115879828,"Wheat, US HRW"
1973,12,wheat,199.5,646.0203862660944,"Wheat, US HRW"
1974,1,wheat,213.5,567.1947690595437,"Wheat, US HRW"
1974,2,wheat,220.5,585.7913188647746,"Wheat, US HRW"
1974,3,wheat,190.7,506.6231496939343,"Wheat, US HRW"
1974,4,wheat,162.0,430.37729549248746,"Wheat, US HRW"
1974,5,wheat,141.5,375.9159710628826,"Wheat, US HRW"
1974,6,wheat,155.8,413.90606566499724,"Wheat, US HRW"
1974,7,wheat,169.0,448.9738452977184,"Wheat, US HRW"
1974,8,wheat,167.6,445.2545353366722,"Wheat, US HRW"
1974,9,wheat,170.5,452.9588202559822,"Wheat, US HRW"
1974,10,wheat,192.2,510.60812465219806,"Wheat, US HRW"
1974,11,wheat,187.4,497.856204785754,"Wheat, US HRW"
1974,12,wheat,185.9,493.87122982749025,"Wheat, US HRW"
1975,1,wheat,164.2,392.71441985244803,"Wheat, US HRW"
1975,2,wheat,153.2,366.4059020791415,"Wheat, US HRW"
1975,3,wheat,147.3,352.29496981891356,"Wheat, US HRW"
1975,4,wheat,140.4,335.79235412474856,"Wheat, US HRW"
1975,5,wheat,131.5,314.5063715627096,"Wheat, US HRW"
1975,6,wheat,127.1,303.982964453387,"Wheat, US HRW"
1975,7,wheat,145.1,347.0332662642522,"Wheat, US HRW"
1975,8,wheat,162.8,389.36606304493637,"Wheat, US HRW"
1975,9,wheat,165.7,396.30194500335347,"Wheat, US HRW"
1975,10,wheat,161.7,386.7352112676056,"Wheat, US HRW"
1975,11,wheat,147.0,351.5774647887324,"Wheat, US HRW"
1975,12,wheat,142.6,341.0540576794098,"Wheat, US HRW"
1976,1,wheat,143.7,339.6250564334086,"Wheat, US HRW"
1976,2,wheat,152.9,361.36862302483075,"Wheat, US HRW"
1976,3,wheat,152.5,360.4232505643341,"Wheat, US HRW"
1976,4,wheat,145.5,343.87923250564336,"Wheat, US HRW"
1976,5,wheat,141.8,335.1345372460497,"Wheat, US HRW"
1976,6,wheat,146.2,345.5336343115124,"Wheat, US HRW"
1976,7,wheat,142.2,336.0799097065463,"Wheat, US HRW"
1976,8,wheat,126.4,298.73769751693004,"Wheat, US HRW"
1976,9,wheat,119.8,283.1390519187359,"Wheat, US HRW"
1976,10,wheat,111.3,263.04988713318284,"Wheat, US HRW"
1976,11,wheat,106.6,251.94176072234762,"Wheat, US HRW"
1976,12,wheat,106.2,250.99638826185102,"Wheat, US HRW"
1977,1,wheat,108.8,237.94728682170538,"Wheat, US HRW"
1977,2,wheat,110.6,241.88391472868213,"Wheat, US HRW"
1977,3,wheat,106.9,233.79195736434107,"Wheat, US HRW"
1977,4,wheat,102.2,223.512984496124,"Wheat, US HRW"
1977,5,wheat,94.8,207.32906976744184,"Wheat, US HRW"
1977,6,wheat,93.0,203.39244186046508,"Wheat, US HRW"
1977,7,wheat,96.6,211.26569767441856,"Wheat, US HRW"
1977,8,wheat,95.5,208.859980620155,"Wheat, US HRW"
1977,9,wheat,99.9,218.48284883720927,"Wheat, US HRW"
1977,10,wheat,104.0,227.44961240310073,"Wheat, US HRW"
1977,11,wheat,111.7,244.28963178294572,"Wheat, US HRW"
1977,12,wheat,114.6,250.631976744186,"Wheat, US HRW"
1978,1,wheat,114.3,215.0844949099452,"Wheat, US HRW"
1978,2,wheat,115.7,217.71895066562257,"Wheat, US HRW"
1978,3,wheat,124.2,233.7138606108066,"Wheat, US HRW"
1978,4,wheat,130.8,246.1334377447142,"Wheat, US HRW"
1978,5,wheat,124.6,234.46656225528582,"Wheat, US HRW"
1978,6,wheat,126.4,237.85371965544246,"Wheat, US HRW"
1978,7,wheat,127.1,239.17094753328112,"Wheat, US HRW"
1978,8,wheat,127.5,239.92364917776038,"Wheat, US HRW"
1978,9,wheat,130.8,246.1334377447142,"Wheat, US HRW"
1978,10,wheat,137.4,258.5530148786218,"Wheat, US HRW"
1978,11,wheat,137.8,259.30571652310107,"Wheat, US HRW"
1978,12,wheat,136.3,256.4830853563039,"Wheat, US HRW"
1979,1,wheat,137.8,232.3601996257018,"Wheat, US HRW"
1979,2,wheat,140.4,236.7443543356207,"Wheat, US HRW"
1979,3,wheat,140.0,236.06986899563316,"Wheat, US HRW"
1979,4,wheat,140.0,236.06986899563316,"Wheat, US HRW"
1979,5,wheat,143.3,241.63437305053026,"Wheat, US HRW"
1979,6,wheat,167.9,283.11522145976295,"Wheat, US HRW"
1979,7,wheat,174.5,294.24422956955704,"Wheat, US HRW"
1979,8,wheat,169.0,284.97005614472863,"Wheat, US HRW"
1979,9,wheat,174.2,293.7383655645664,"Wheat, US HRW"
1979,10,wheat,178.2,300.4832189644416,"Wheat, US HRW"
1979,11,wheat,178.2,300.4832189644416,"Wheat, US HRW"
1979,12,wheat,180.0,303.5184029943855,"Wheat, US HRW"
1980,1,wheat,175.6,269.2465547191662,"Wheat, US HRW"
1980,2,wheat,172.7,264.8,"Wheat, US HRW"
1980,3,wheat,163.5,250.693688477128,"Wheat, US HRW"
1980,4,wheat,156.5,239.96062536189928,"Wheat, US HRW"
1980,5,wheat,161.3,247.3204400694847,"Wheat, US HRW"
1980,6,wheat,157.6,241.64724956572093,"Wheat, US HRW"
1980,7,wheat,168.7,258.6668210770122,"Wheat, US HRW"
1980,8,wheat,171.2,262.50005790387956,"Wheat, US HRW"
1980,9,wheat,179.7,275.53306311522874,"Wheat, US HRW"
1980,10,wheat,188.1,288.4127388535032,"Wheat, US HRW"
1980,11,wheat,195.1,299.1458019687319,"Wheat, US HRW"
1980,12,wheat,182.6,279.9796178343949,"Wheat, US HRW"
1981,1,wheat,189.6,290.25051428571425,"Wheat, US HRW"
1981,2,wheat,181.5,277.8505714285714,"Wheat, US HRW"
1981,3,wheat,175.3,268.35925714285713,"Wheat, US HRW"
1981,4,wheat,180.4,276.16662857142853,"Wheat, US HRW"
1981,5,wheat,171.6,262.69508571428565,"Wheat, US HRW"
1981,6,wheat,168.7,258.25559999999996,"Wheat, US HRW"
1981,7,wheat,167.9,257.0309142857143,"Wheat, US HRW"
1981,8,wheat,170.1,260.39879999999994,"Wheat, US HRW"
1981,9,wheat,171.2,262.0827428571428,"Wheat, US HRW"
1981,10,wheat,168.7,258.25559999999996,"Wheat, US HRW"
1981,11,wheat,178.6,273.41108571428566,"Wheat, US HRW"
1981,12,wheat,176.0,269.4308571428571,"Wheat, US HRW"
1982,1,wheat,173.1,273.1397132169576,"Wheat, US HRW"
1982,2,wheat,170.9,269.6682668329177,"Wheat, US HRW"
1982,3,wheat,168.7,266.19682044887776,"Wheat, US HRW"
1982,4,wheat,169.8,267.9325436408978,"Wheat, US HRW"
1982,5,wheat,167.6,264.46109725685784,"Wheat, US HRW"
1982,6,wheat,155.8,245.8415211970075,"Wheat, US HRW"
1982,7,wheat,151.8,239.52980049875313,"Wheat, US HRW"
1982,8,wheat,152.5,240.63435162094763,"Wheat, US HRW"
1982,9,wheat,152.9,241.26552369077308,"Wheat, US HRW"
1982,10,wheat,146.6,231.32456359102244,"Wheat, US HRW"
1982,11,wheat,155.1,244.73697007481294,"Wheat, US HRW"
1982,12,wheat,159.8,252.15324189526186,"Wheat, US HRW"
1983,1,wheat,165.0,267.52223634053365,"Wheat, US HRW"
1983,2,wheat,164.2,266.22515883100374,"Wheat, US HRW"
1983,3,wheat,166.1,269.3057179161372,"Wheat, US HRW"
1983,4,wheat,167.2,271.0891994917407,"Wheat, US HRW"
1983,5,wheat,160.2,259.73977128335446,"Wheat, US HRW"
1983,6,wheat,151.8,246.12045743329097,"Wheat, US HRW"
1983,7,wheat,147.3,238.8243964421855,"Wheat, US HRW"
1983,8,wheat,152.5,247.25540025412957,"Wheat, US HRW"
1983,9,wheat,156.5,253.74078780177888,"Wheat, US HRW"
1983,10,wheat,152.9,247.90393900889453,"Wheat, US HRW"
1983,11,wheat,151.8,246.12045743329097,"Wheat, US HRW"
1983,12,wheat,153.6,249.03888182973313,"Wheat, US HRW"
1984,1,wheat,152.9,253.59514116874587,"Wheat, US HRW"
1984,2,wheat,150.7,249.94629021667757,"Wheat, US HRW"
1984,3,wheat,154.0,255.41956664478,"Wheat, US HRW"
1984,4,wheat,157.3,260.89284307288244,"Wheat, US HRW"
1984,5,wheat,154.0,255.41956664478,"Wheat, US HRW"
1984,6,wheat,149.9,248.61943532501638,"Wheat, US HRW"
1984,7,wheat,147.0,243.80958634274455,"Wheat, US HRW"
1984,8,wheat,152.5,252.93171372291525,"Wheat, US HRW"
1984,9,wheat,155.1,257.24399212081414,"Wheat, US HRW"
1984,10,wheat,152.9,253.59514116874587,"Wheat, US HRW"
1984,11,wheat,152.5,252.93171372291525,"Wheat, US HRW"
1984,12,wheat,149.6,248.12186474064342,"Wheat, US HRW"
1985,1,wheat,149.2,250.05832106038287,"Wheat, US HRW"
1985,2,wheat,147.3,246.87393225331368,"Wheat, US HRW"
1985,3,wheat,145.1,243.1867452135493,"Wheat, US HRW"
1985,4,wheat,143.7,240.84035346097198,"Wheat, US HRW"
1985,5,wheat,136.3,228.4379970544919,"Wheat, US HRW"
1985,6,wheat,134.1,224.7508100147275,"Wheat, US HRW"
1985,7,wheat,128.6,215.53284241531662,"Wheat, US HRW"
1985,8,wheat,123.1,206.3148748159057,"Wheat, US HRW"
1985,9,wheat,125.3,210.00206185567006,"Wheat, US HRW"
1985,10,wheat,127.5,213.68924889543445,"Wheat, US HRW"
1985,11,wheat,132.6,222.2368188512518,"Wheat, US HRW"
1985,12,wheat,137.1,229.7787923416789,"Wheat, US HRW"
1986,1,wheat,132.3,192.75039164490863,"Wheat, US HRW"
1986,2,wheat,129.7,188.96240208877282,"Wheat, US HRW"
1986,3,wheat,134.5,195.95561357702348,"Wheat, US HRW"
1986,4,wheat,132.6,193.18746736292428,"Wheat, US HRW"
1986,5,wheat,119.4,173.956135770235,"Wheat, US HRW"
1986,6,wheat,105.8,154.1420365535248,"Wheat, US HRW"
1986,7,wheat,101.8,148.31436031331592,"Wheat, US HRW"
1986,8,wheat,102.2,148.89712793733682,"Wheat, US HRW"
1986,9,wheat,103.6,150.9368146214099,"Wheat, US HRW"
1986,10,wheat,104.7,152.53942558746735,"Wheat, US HRW"
1986,11,wheat,105.1,153.12219321148822,"Wheat, US HRW"
1986,12,wheat,107.3,156.32741514360313,"Wheat, US HRW"
1987,1,wheat,109.1,145.04791851195745,"Wheat, US HRW"
1987,2,wheat,112.1,149.0364038972542,"Wheat, US HRW"
1987,3,wheat,115.4,153.42373782108058,"Wheat, US HRW"
1987,4,wheat,113.2,150.49884853852964,"Wheat, US HRW"
1987,5,wheat,119.1,158.34286979627987,"Wheat, US HRW"
1987,6,wheat,108.8,144.6490699734278,"Wheat, US HRW"
1987,7,wheat,104.7,139.1981399468556,"Wheat, US HRW"
1987,8,wheat,106.9,142.12302922940654,"Wheat, US HRW"
1987,9,wheat,112.1,149.0364038972542,"Wheat, US HRW"
1987,10,wheat,113.9,151.42949512843222,"Wheat, US HRW"
1987,11,wheat,115.0,152.89193976970768,"Wheat, US HRW"
1987,12,wheat,124.6,165.6550930026572,"Wheat, US HRW"
1988,1,wheat,128.6,160.48429752066116,"Wheat, US HRW"
1988,2,wheat,131.5,164.10330578512398,"Wheat, US HRW"
1988,3,wheat,124.9,155.86694214876036,"Wheat, US HRW"
1988,4,wheat,126.8,158.2380165289256,"Wheat, US HRW"
1988,5,wheat,129.0,160.98347107438016,"Wheat, US HRW"
1988,6,wheat,149.9,187.06528925619835,"Wheat, US HRW"
1988,7,wheat,149.6,186.6909090909091,"Wheat, US HRW"
1988,8,wheat,149.9,187.06528925619835,"Wheat, US HRW"
1988,9,wheat,159.5,199.04545454545456,"Wheat, US HRW"
1988,10,wheat,162.0,202.16528925619835,"Wheat, US HRW"
1988,11,wheat,163.9,204.53636363636366,"Wheat, US HRW"
1988,12,wheat,166.8,208.15537190082648,"Wheat, US HRW"
1989,1,wheat,173.8,218.27718676122933,"Wheat, US HRW"
1989,2,wheat,172.0,216.016548463357,"Wheat, US HRW"
1989,3,wheat,178.2,223.8031914893617,"Wheat, US HRW"
1989,4,wheat,174.5,219.15632387706856,"Wheat, US HRW"
1989,5,wheat,176.4,221.5425531914894,"Wheat, US HRW"
1989,6,wheat,168.7,211.87204491725768,"Wheat, US HRW"
1989,7,wheat,166.8,209.4858156028369,"Wheat, US HRW"
1989,8,wheat,164.2,206.22044917257682,"Wheat, US HRW"
1989,9,wheat,163.5,205.3413120567376,"Wheat, US HRW"
1989,10,wheat,164.6,206.7228132387707,"Wheat, US HRW"
1989,11,wheat,163.5,205.3413120567376,"Wheat, US HRW"
1989,12,wheat,164.6,206.7228132387707,"Wheat, US HRW"
1990,1,wheat,167.9,203.0908487084871,"Wheat, US HRW"
1990,2,wheat,160.9,194.62369003690037,"Wheat, US HRW"
1990,3,wheat,156.5,189.30147601476017,"Wheat, US HRW"
1990,4,wheat,159.5,192.93025830258304,"Wheat, US HRW"
1990,5,wheat,149.2,180.47143911439113,"Wheat, US HRW"
1990,6,wheat,135.6,164.0209594095941,"Wheat, US HRW"
1990,7,wheat,124.9,151.07830258302585,"Wheat, US HRW"
1990,8,wheat,116.8,141.28059040590406,"Wheat, US HRW"
1990,9,wheat,114.3,138.25660516605166,"Wheat, US HRW"
1990,10,wheat,114.6,138.61948339483394,"Wheat, US HRW"
1990,11,wheat,112.8,136.44221402214023,"Wheat, US HRW"
1990,12,wheat,113.2,136.9260516605166,"Wheat, US HRW"
1991,1,wheat,111.3,135.86037296037296,"Wheat, US HRW"
1991,2,wheat,113.9,139.03411033411035,"Wheat, US HRW"
1991,3,wheat,119.4,145.74778554778555,"Wheat, US HRW"
1991,4,wheat,120.9,147.5787878787879,"Wheat, US HRW"
1991,5,wheat,122.0,148.92152292152292,"Wheat, US HRW"
1991,6,wheat,120.2,146.72432012432012,"Wheat, US HRW"
1991,7,wheat,118.3,144.4050505050505,"Wheat, US HRW"
1991,8,wheat,125.3,152.94972804972804,"Wheat, US HRW"
1991,9,wheat,135.2,165.0343434343434,"Wheat, US HRW"
1991,10,wheat,147.0,179.43822843822844,"Wheat, US HRW"
1991,11,wheat,149.6,182.6119658119658,"Wheat, US HRW"
1991,12,wheat,160.9,196.4055167055167,"Wheat, US HRW"
1992,1,wheat,170.1,203.85,"Wheat, US HRW"
1992,2,wheat,177.1,212.23888888888888,"Wheat, US HRW"
1992,3,wheat,169.4,203.01111111111112,"Wheat, US HRW"
1992,4,wheat,159.8,191.50634920634923,"Wheat, US HRW"
1992,5,wheat,149.6,179.28253968253966,"Wheat, US HRW"
1992,6,wheat,148.8,178.32380952380953,"Wheat, US HRW"
1992,7,wheat,136.3,163.3436507936508,"Wheat, US HRW"
1992,8,wheat,128.2,153.6365079365079,"Wheat, US HRW"
1992,9,wheat,138.9,166.4595238095238,"Wheat, US HRW"
1992,10,wheat,140.7,168.61666666666665,"Wheat, US HRW"
1992,11,wheat,147.7,177.00555555555553,"Wheat, US HRW"
1992,12,wheat,147.7,177.00555555555553,"Wheat, US HRW"
1993,1,wheat,155.8,180.5813124108417,"Wheat, US HRW"
1993,2,wheat,148.8,172.46790299572044,"Wheat, US HRW"
1993,3,wheat,148.1,171.65656205420828,"Wheat, US HRW"
1993,4,wheat,141.8,164.35449358059918,"Wheat, US HRW"
1993,5,wheat,136.7,158.4432952924394,"Wheat, US HRW"
1993,6,wheat,122.0,141.40513552068475,"Wheat, US HRW"
1993,7,wheat,127.5,147.77995720399431,"Wheat, US HRW"
1993,8,wheat,129.7,150.32988587731813,"Wheat, US HRW"
1993,9,wheat,131.2,152.06847360912982,"Wheat, US HRW"
1993,10,wheat,136.0,157.63195435092726,"Wheat, US HRW"
1993,11,wheat,146.6,169.9179743223966,"Wheat, US HRW"
1993,12,wheat,158.7,183.9425820256776,"Wheat, US HRW"
1994,1,wheat,153.2,182.98036072144288,"Wheat, US HRW"
1994,2,wheat,147.0,175.57515030060122,"Wheat, US HRW"
1994,3,wheat,141.1,168.52825651302607,"Wheat, US HRW"
1994,4,wheat,140.4,167.6921843687375,"Wheat, US HRW"
1994,5,wheat,140.0,167.21442885771543,"Wheat, US HRW"
1994,6,wheat,139.3,166.37835671342688,"Wheat, US HRW"
1994,7,wheat,137.4,164.10901803607217,"Wheat, US HRW"
1994,8,wheat,145.9,174.2613226452906,"Wheat, US HRW"
1994,9,wheat,158.7,189.54949899799598,"Wheat, US HRW"
1994,10,wheat,167.2,199.70180360721443,"Wheat, US HRW"
1994,11,wheat,162.0,193.49098196392788,"Wheat, US HRW"
1994,12,wheat,164.6,196.59639278557114,"Wheat, US HRW"
1995,1,wheat,156.2,169.8785310734463,"Wheat, US HRW"
1995,2,wheat,154.3,167.81214689265536,"Wheat, US HRW"
1995,3,wheat,150.3,163.46186440677965,"Wheat, US HRW"
1995,4,wheat,148.8,161.83050847457628,"Wheat, US HRW"
1995,5,wheat,158.7,172.59745762711862,"Wheat, US HRW"
1995,6,wheat,170.1,184.9957627118644,"Wheat, US HRW"
1995,7,wheat,190.7,207.39971751412426,"Wheat, US HRW"
1995,8,wheat,184.5,200.65677966101694,"Wheat, US HRW"
1995,9,wheat,193.6,210.55367231638417,"Wheat, US HRW"
1995,10,wheat,203.7,221.53813559322032,"Wheat, US HRW"
1995,11,wheat,203.9,221.7556497175141,"Wheat, US HRW"
1995,12,wheat,208.9,227.19350282485874,"Wheat, US HRW"
1996,1,wheat,206.9,229.423795761079,"Wheat, US HRW"
1996,2,wheat,218.9,242.73015414258188,"Wheat, US HRW"
1996,3,wheat,215.3,238.73824662813104,"Wheat, US HRW"
1996,4,wheat,257.6,285.64315992292876,"Wheat, US HRW"
1996,5,wheat,262.1,290.6330443159923,"Wheat, US HRW"
1996,6,wheat,227.3,252.04460500963393,"Wheat, US HRW"
1996,7,wheat,202.6,224.65568400770712,"Wheat, US HRW"
1996,8,wheat,191.6,212.4581888246628,"Wheat, US HRW"
1996,9,wheat,178.7,198.1538535645472,"Wheat, US HRW"
1996,10,wheat,178.0,197.3776493256262,"Wheat, US HRW"
1996,11,wheat,176.4,195.6034682080925,"Wheat, US HRW"
1996,12,wheat,175.7,194.82726396917147,"Wheat, US HRW"
1997,1,wheat,175.7,204.45090909090908,"Wheat, US HRW"
1997,2,wheat,172.4,200.61090909090908,"Wheat, US HRW"
1997,3,wheat,176.6,205.4981818181818,"Wheat, US HRW"
1997,4,wheat,183.5,213.52727272727273,"Wheat, US HRW"
1997,5,wheat,172.6,200.84363636363634,"Wheat, US HRW"
1997,6,wheat,148.4,172.68363636363637,"Wheat, US HRW"
1997,7,wheat,136.2,158.4872727272727,"Wheat, US HRW"
1997,8,wheat,150.6,175.24363636363634,"Wheat, US HRW"
1997,9,wheat,151.7,176.52363636363634,"Wheat, US HRW"
1997,10,wheat,151.6,176.4072727272727,"Wheat, US HRW"
1997,11,wheat,149.9,174.42909090909092,"Wheat, US HRW"
1997,12,wheat,144.6,168.26181818181817,"Wheat, US HRW"
1998,1,wheat,137.1,166.89016653449644,"Wheat, US HRW"
1998,2,wheat,140.1,170.54203013481364,"Wheat, US HRW"
1998,3,wheat,138.9,169.0812846946868,"Wheat, US HRW"
1998,4,wheat,130.2,158.49088025376685,"Wheat, US HRW"
1998,5,wheat,128.9,156.90840602696275,"Wheat, US HRW"
1998,6,wheat,120.6,146.8049167327518,"Wheat, US HRW"
1998,7,wheat,118.9,144.73552735923872,"Wheat, US HRW"
1998,8,wheat,108.0,131.4670896114195,"Wheat, US HRW"
1998,9,wheat,107.9,131.3453608247423,"Wheat, US HRW"
1998,10,wheat,126.5,153.98691514670898,"Wheat, US HRW"
1998,11,wheat,130.2,158.49088025376685,"Wheat, US HRW"
1998,12,wheat,126.2,153.62172878667727,"Wheat, US HRW"
1999,1,wheat,125.3,155.50625,"Wheat, US HRW"
1999,2,wheat,117.0,145.20535714285714,"Wheat, US HRW"
1999,3,wheat,117.3,145.57767857142858,"Wheat, US HRW"
1999,4,wheat,113.9,141.35803571428573,"Wheat, US HRW"
1999,5,wheat,113.0,140.24107142857144,"Wheat, US HRW"
1999,6,wheat,111.4,138.25535714285715,"Wheat, US HRW"
1999,7,wheat,103.0,127.83035714285715,"Wheat, US HRW"
1999,8,wheat,111.3,138.13125,"Wheat, US HRW"
1999,9,wheat,113.2,140.48928571428573,"Wheat, US HRW"
1999,10,wheat,108.1,134.15982142857143,"Wheat, US HRW"
1999,11,wheat,108.8,135.02857142857144,"Wheat, US HRW"
1999,12,wheat,102.2,126.8375,"Wheat, US HRW"
2000,1,wheat,105.8,132.9686240140228,"Wheat, US HRW"
2000,2,wheat,107.9,135.60788781770378,"Wheat, US HRW"
2000,3,wheat,105.7,132.8429447852761,"Wheat, US HRW"
2000,4,wheat,105.1,132.0888694127958,"Wheat, US HRW"
2000,5,wheat,112.1,140.88641542506574,"Wheat, US HRW"
2000,6,wheat,113.5,142.64592462751975,"Wheat, US HRW"
2000,7,wheat,109.0,136.99035933391764,"Wheat, US HRW"
2000,8,wheat,108.4,136.23628396143735,"Wheat, US HRW"
2000,9,wheat,117.5,147.67309377738826,"Wheat, US HRW"
2000,10,wheat,128.2,161.1207712532866,"Wheat, US HRW"
2000,11,wheat,127.7,160.49237510955305,"Wheat, US HRW"
2000,12,wheat,128.1,160.9950920245399,"Wheat, US HRW"
2001,1,wheat,132.8,173.4359621451104,"Wheat, US HRW"
2001,2,wheat,128.1,167.29779179810723,"Wheat, US HRW"
2001,3,wheat,130.2,170.04037854889586,"Wheat, US HRW"
2001,4,wheat,129.7,169.38738170347,"Wheat, US HRW"
2001,5,wheat,134.9,176.17854889589904,"Wheat, US HRW"
2001,6,wheat,127.2,166.1223974763407,"Wheat, US HRW"
2001,7,wheat,123.8,161.68201892744477,"Wheat, US HRW"
2001,8,wheat,121.9,159.2006309148265,"Wheat, US HRW"
2001,9,wheat,122.0,159.33123028391165,"Wheat, US HRW"
2001,10,wheat,123.3,161.0290220820189,"Wheat, US HRW"
2001,11,wheat,125.3,163.64100946372238,"Wheat, US HRW"
2001,12,wheat,122.4,159.85362776025235,"Wheat, US HRW"
2002,1,wheat,125.3,165.5719783929777,"Wheat, US HRW"
2002,2,wheat,123.3,162.92916948008101,"Wheat, US HRW"
2002,3,wheat,122.5,161.87204591492232,"Wheat, US HRW"
2002,4,wheat,123.7,163.45773126266036,"Wheat, US HRW"
2002,5,wheat,121.5,160.550641458474,"Wheat, US HRW"
2002,6,wheat,132.0,174.42538825118163,"Wheat, US HRW"
2002,7,wheat,149.3,197.28568534773802,"Wheat, US HRW"
2002,8,wheat,161.3,213.14253882511815,"Wheat, US HRW"
2002,9,wheat,187.8,248.1597569209993,"Wheat, US HRW"
2002,10,wheat,190.3,251.4632680621202,"Wheat, US HRW"
2002,11,wheat,177.4,234.4171505739365,"Wheat, US HRW"
2002,12,wheat,162.5,214.72822417285616,"Wheat, US HRW"
2003,1,wheat,149.6,187.99835728952772,"Wheat, US HRW"
2003,2,wheat,150.8,189.5063655030801,"Wheat, US HRW"
2003,3,wheat,141.8,178.19630390143737,"Wheat, US HRW"
2003,4,wheat,138.6,174.17494866529773,"Wheat, US HRW"
2003,5,wheat,142.0,178.4476386036961,"Wheat, US HRW"
2003,6,wheat,131.4,165.12689938398358,"Wheat, US HRW"
2003,7,wheat,131.6,165.3782340862423,"Wheat, US HRW"
2003,8,wheat,148.7,186.86735112936344,"Wheat, US HRW"
2003,9,wheat,145.6,182.97166324435318,"Wheat, US HRW"
2003,10,wheat,147.5,185.35934291581108,"Wheat, US HRW"
2003,11,wheat,160.5,201.69609856262832,"Wheat, US HRW"
2003,12,wheat,165.6,208.10513347022587,"Wheat, US HRW"
2004,1,wheat,166.3,195.55353728489484,"Wheat, US HRW"
2004,2,wheat,161.4,189.79158699808795,"Wheat, US HRW"
2004,3,wheat,166.3,195.55353728489484,"Wheat, US HRW"
2004,4,wheat,166.6,195.90630975143404,"Wheat, US HRW"
2004,5,wheat,163.7,192.49617590822177,"Wheat, US HRW"
2004,6,wheat,154.7,181.91300191204587,"Wheat, US HRW"
2004,7,wheat,150.6,177.09177820267686,"Wheat, US HRW"
2004,8,wheat,141.3,166.15583173996177,"Wheat, US HRW"
2004,9,wheat,151.0,177.5621414913958,"Wheat, US HRW"
2004,10,wheat,150.1,176.5038240917782,"Wheat, US HRW"
2004,11,wheat,156.6,184.1472275334608,"Wheat, US HRW"
2004,12,wheat,153.9,180.97227533460804,"Wheat, US HRW"
2005,1,wheat,153.6,175.06771653543305,"Wheat, US HRW"
2005,2,wheat,151.2,172.3322834645669,"Wheat, US HRW"
2005,3,wheat,151.0,172.10433070866142,"Wheat, US HRW"
2005,4,wheat,140.9,160.59271653543308,"Wheat, US HRW"
2005,5,wheat,143.3,163.32814960629923,"Wheat, US HRW"
2005,6,wheat,141.9,161.73248031496064,"Wheat, US HRW"
2005,7,wheat,143.9,164.01200787401575,"Wheat, US HRW"
2005,8,wheat,149.4,170.28070866141732,"Wheat, US HRW"
2005,9,wheat,159.7,182.02027559055117,"Wheat, US HRW"
2005,10,wheat,167.8,191.25236220472442,"Wheat, US HRW"
2005,11,wheat,161.1,183.61594488188976,"Wheat, US HRW"
2005,12,wheat,164.4,187.3771653543307,"Wheat, US HRW"
2006,1,wheat,167.2,185.92291666666668,"Wheat, US HRW"
2006,2,wheat,179.8,199.9338541666667,"Wheat, US HRW"
2006,3,wheat,174.4,193.92916666666667,"Wheat, US HRW"
2006,4,wheat,180.3,200.48984375000003,"Wheat, US HRW"
2006,5,wheat,193.2,214.834375,"Wheat, US HRW"
2006,6,wheat,195.2,217.05833333333334,"Wheat, US HRW"
2006,7,wheat,202.4,225.06458333333336,"Wheat, US HRW"
2006,8,wheat,189.9,211.16484375000002,"Wheat, US HRW"
2006,9,wheat,196.0,217.94791666666669,"Wheat, US HRW"
2006,10,wheat,212.1,235.85078125,"Wheat, US HRW"
2006,11,wheat,209.7,233.18203125,"Wheat, US HRW"
2006,12,wheat,204.3,227.17734375000003,"Wheat, US HRW"
2007,1,wheat,196.1,205.47468652037614,"Wheat, US HRW"
2007,2,wheat,200.0,209.56112852664575,"Wheat, US HRW"
2007,3,wheat,199.1,208.61810344827583,"Wheat, US HRW"
2007,4,wheat,198.3,207.77985893416925,"Wheat, US HRW"
2007,5,wheat,195.7,205.05556426332285,"Wheat, US HRW"
2007,6,wheat,223.0,233.66065830721,"Wheat, US HRW"
2007,7,wheat,238.4,249.79686520376174,"Wheat, US HRW"
2007,8,wheat,259.7,272.1151253918495,"Wheat, US HRW"
2007,9,wheat,326.5,342.1085423197492,"Wheat, US HRW"
2007,10,wheat,335.1,351.11967084639497,"Wheat, US HRW"
2007,11,wheat,321.8,337.183855799373,"Wheat, US HRW"
2007,12,wheat,368.6,386.22115987460813,"Wheat, US HRW"
2008,1,wheat,370.7,360.5796625766871,"Wheat, US HRW"
2008,2,wheat,425.0,413.3972392638037,"Wheat, US HRW"
2008,3,wheat,439.7,427.6959202453988,"Wheat, US HRW"
2008,4,wheat,362.2,352.31171779141107,"Wheat, US HRW"
2008,5,wheat,328.8,319.82355828220864,"Wheat, US HRW"
2008,6,wheat,348.6,339.08300613496937,"Wheat, US HRW"
2008,7,wheat,328.2,319.2399386503067,"Wheat, US HRW"
2008,8,wheat,329.3,320.30990797546013,"Wheat, US HRW"
2008,9,wheat,295.6,287.5299386503068,"Wheat, US HRW"
2008,10,wheat,237.4,230.91883435582824,"Wheat, US HRW"
2008,11,wheat,226.8,220.60822085889572,"Wheat, US HRW"
2008,12,wheat,220.1,214.09113496932517,"Wheat, US HRW"
2009,1,wheat,239.1,247.8488621151272,"Wheat, US HRW"
2009,2,wheat,224.7,232.9219544846051,"Wheat, US HRW"
2009,3,wheat,231.0,239.45247657295852,"Wheat, US HRW"
2009,4,wheat,233.5,242.04395359214638,"Wheat, US HRW"
2009,5,wheat,261.5,271.06849620705043,"Wheat, US HRW"
2009,6,wheat,256.6,265.98920124944226,"Wheat, US HRW"
2009,7,wheat,224.9,233.12927264614015,"Wheat, US HRW"
2009,8,wheat,210.4,218.09870593485053,"Wheat, US HRW"
2009,9,wheat,191.1,198.09250334672024,"Wheat, US HRW"
2009,10,wheat,198.8,206.07425256581885,"Wheat, US HRW"
2009,11,wheat,211.0,218.7206604194556,"Wheat, US HRW"
2009,12,wheat,206.3,213.84868362338244,"Wheat, US HRW"
2010,1,wheat,201.2,201.2,"Wheat, US HRW"
2010,2,wheat,194.0,194.0,"Wheat, US HRW"
2010,3,wheat,191.1,191.1,"Wheat, US HRW"
2010,4,wheat,192.9,192.9,"Wheat, US HRW"
2010,5,wheat,181.6,181.6,"Wheat, US HRW"
2010,6,wheat,157.7,157.7,"Wheat, US HRW"
2010,7,wheat,195.8,195.8,"Wheat, US HRW"
2010,8,wheat,246.2,246.2,"Wheat, US HRW"
2010,9,wheat,271.7,271.7,"Wheat, US HRW"
2010,10,wheat,270.2,270.2,"Wheat, US HRW"
2010,11,wheat,274.1,274.1,"Wheat, US HRW"
2010,12,wheat,306.5,306.5,"Wheat, US HRW"
2011,1,wheat,326.6,294.07423332279484,"Wheat, US HRW"
2011,2,wheat,348.1,313.43306987037624,"Wheat, US HRW"
2011,3,wheat,316.7,285.16016440088526,"Wheat, US HRW"
2011,4,wheat,336.1,302.6281378438192,"Wheat, US HRW"
2011,5,wheat,355.3,319.9160290863105,"Wheat, US HRW"
2011,6,wheat,326.4,293.8941511223522,"Wheat, US HRW"
2011,7,wheat,303.9,273.6349035725577,"Wheat, US HRW"
2011,8,wheat,327.1,294.5244388239014,"Wheat, US HRW"
2011,9,wheat,315.9,284.43983559911476,"Wheat, US HRW"
2011,10,wheat,289.0,260.2187796395827,"Wheat, US HRW"
2011,11,wheat,281.0,253.01549162187797,"Wheat, US HRW"
2011,12,wheat,269.0,242.21055959532092,"Wheat, US HRW"
2012,1,wheat,274.9,249.44629629629628,"Wheat, US HRW"
2012,2,wheat,277.8,252.0777777777778,"Wheat, US HRW"
2012,3,wheat,283.9,257.61296296296297,"Wheat, US HRW"
2012,4,wheat,266.3,241.64259259259262,"Wheat, US HRW"
2012,5,wheat,264.4,239.9185185185185,"Wheat, US HRW"
2012,6,wheat,276.2,250.6259259259259,"Wheat, US HRW"
2012,7,wheat,345.7,313.69074074074075,"Wheat, US HRW"
2012,8,wheat,349.4,317.04814814814813,"Wheat, US HRW"
2012,9,wheat,353.4,320.67777777777775,"Wheat, US HRW"
2012,10,wheat,358.2,325.03333333333336,"Wheat, US HRW"
2012,11,wheat,360.8,327.3925925925926,"Wheat, US HRW"
2012,12,wheat,348.0,315.77777777777777,"Wheat, US HRW"
2013,1,wheat,335.5,305.7327033952595,"Wheat, US HRW"
2013,2,wheat,318.9,290.6055413196669,"Wheat, US HRW"
2013,3,wheat,309.7,282.2218129404228,"Wheat, US HRW"
2013,4,wheat,308.3,280.9460281870596,"Wheat, US HRW"
2013,5,wheat,319.7,291.3345611787316,"Wheat, US HRW"
2013,6,wheat,313.4,285.59352978859704,"Wheat, US HRW"
2013,7,wheat,304.6,277.57431133888537,"Wheat, US HRW"
2013,8,wheat,305.3,278.21220371556694,"Wheat, US HRW"
2013,9,wheat,307.5,280.2170083279949,"Wheat, US HRW"
2013,10,wheat,325.7,296.8022101217168,"Wheat, US HRW"
2013,11,wheat,306.8,279.57911595131327,"Wheat, US HRW"
2013,12,wheat,291.6,265.72773862908394,"Wheat, US HRW"
2014,1,wheat,275.6,254.60835380835383,"Wheat, US HRW"
2014,2,wheat,292.1,269.8515970515971,"Wheat, US HRW"
2014,3,wheat,323.7,299.04471744471743,"Wheat, US HRW"
2014,4,wheat,324.8,300.06093366093364,"Wheat, US HRW"
2014,5,wheat,334.7,309.20687960687957,"Wheat, US HRW"
2014,6,wheat,306.4,283.06240786240784,"Wheat, US HRW"
2014,7,wheat,280.4,259.04275184275184,"Wheat, US HRW"
2014,8,wheat,263.5,243.42997542997543,"Wheat, US HRW"
2014,9,wheat,243.6,225.04570024570023,"Wheat, US HRW"
2014,10,wheat,245.4,226.70859950859952,"Wheat, US HRW"
2014,11,wheat,258.7,238.99557739557739,"Wheat, US HRW"
2014,12,wheat,269.7,249.15773955773955,"Wheat, US HRW"
2015,1,wheat,248.4,253.86868884540118,"Wheat, US HRW"
2015,2,wheat,237.0,242.21771037181998,"Wheat, US HRW"
2015,3,wheat,230.8,235.88121330724073,"Wheat, US HRW"
2015,4,wheat,223.4,228.3182974559687,"Wheat, US HRW"
2015,5,wheat,215.3,220.03997064579258,"Wheat, US HRW"
2015,6,wheat,209.8,214.41888454011743,"Wheat, US HRW"
2015,7,wheat,197.3,201.6436888454012,"Wheat, US HRW"
2015,8,wheat,179.7,183.6562133072407,"Wheat, US HRW"
2015,9,wheat,172.7,176.5021037181996,"Wheat, US HRW"
2015,10,wheat,172.7,176.5021037181996,"Wheat, US HRW"
2015,11,wheat,177.1,180.99897260273974,"Wheat, US HRW"
2015,12,wheat,189.2,193.36536203522505,"Wheat, US HRW"
2016,1,wheat,193.3,205.59879951980793,"Wheat, US HRW"
2016,2,wheat,187.0,198.89795918367346,"Wheat, US HRW"
2016,3,wheat,191.1,203.25882352941173,"Wheat, US HRW"
2016,4,wheat,187.4,199.3234093637455,"Wheat, US HRW"
2016,5,wheat,172.0,182.94357743097237,"Wheat, US HRW"
2016,6,wheat,173.1,184.11356542617045,"Wheat, US HRW"
2016,7,wheat,151.8,161.45834333733492,"Wheat, US HRW"
2016,8,wheat,149.2,158.69291716686672,"Wheat, US HRW"
2016,9,wheat,150.6,160.18199279711882,"Wheat, US HRW"
2016,10,wheat,151.8,161.45834333733492,"Wheat, US HRW"
2016,11,wheat,150.6,160.18199279711882,"Wheat, US HRW"
2016,12,wheat,141.8,150.8220888355342,"Wheat, US HRW"
2017,1,wheat,153.2,157.42135476463835,"Wheat, US HRW"
2017,2,wheat,155.1,159.37370838117107,"Wheat, US HRW"
2017,3,wheat,154.3,158.55166475315733,"Wheat, US HRW"
2017,4,wheat,166.1,170.67680826636052,"Wheat, US HRW"
2017,5,wheat,180.4,185.3708381171068,"Wheat, US HRW"
2017,6,wheat,189.6,194.82433983926524,"Wheat, US HRW"
2017,7,wheat,202.5,208.0797933409874,"Wheat, US HRW"
2017,8,wheat,171.2,175.91733639494834,"Wheat, US HRW"
2017,9,wheat,178.6,183.52123995407578,"Wheat, US HRW"
2017,10,wheat,175.6,180.43857634902412,"Wheat, US HRW"
2017,11,wheat,179.7,184.65154994259473,"Wheat, US HRW"
2017,12,wheat,184.1,189.1727898966705,"Wheat, US HRW"
2018,1,wheat,192.2,188.72043830395424,"Wheat, US HRW"
2018,2,wheat,192.2,188.72043830395424,"Wheat, US HRW"
2018,3,wheat,192.2,188.72043830395424,"Wheat, US HRW"
2018,4,wheat,213.8,209.92939494997617,"Wheat, US HRW"
2018,5,wheat,213.8,209.92939494997617,"Wheat, US HRW"
2018,6,wheat,219.4,215.42801333968555,"Wheat, US HRW"
2018,7,wheat,218.3,214.34792758456408,"Wheat, US HRW"
2018,8,wheat,236.6,232.3166269652215,"Wheat, US HRW"
2018,9,wheat,212.4,208.55474035254883,"Wheat, US HRW"
2018,10,wheat,213.5,209.6348261076703,"Wheat, US HRW"
2018,11,wheat,203.6,199.91405431157693,"Wheat, US HRW"
2018,12,wheat,211.3,207.47465459742733,"Wheat, US HRW"
2019,1,wheat,209.8,210.8401586514626,"Wheat, US HRW"
2019,2,wheat,219.0,220.08577094695093,"Wheat, US HRW"
2019,3,wheat,205.8,206.82032721864158,"Wheat, US HRW"
2019,4,wheat,199.5,200.48909271194844,"Wheat, US HRW"
2019,5,wheat,199.5,200.48909271194844,"Wheat, US HRW"
2019,6,wheat,206.1,207.12181457610313,"Wheat, US HRW"
2019,7,wheat,196.2,197.1727317798711,"Wheat, US HRW"
2019,8,wheat,181.1,181.99786812097176,"Wheat, US HRW"
2019,9,wheat,189.6,190.5400099157164,"Wheat, US HRW"
2019,10,wheat,199.5,200.48909271194844,"Wheat, US HRW"
2019,11,wheat,203.2,204.2074367873079,"Wheat, US HRW"
2019,12,wheat,210.9,211.94561229548836,"Wheat, US HRW"
2020,1,wheat,224.5,229.2497841105354,"Wheat, US HRW"
2020,2,wheat,215.3,219.85513816925734,"Wheat, US HRW"
2020,3,wheat,209.1,213.52396373056993,"Wheat, US HRW"
2020,4,wheat,219.0,223.63341968911917,"Wheat, US HRW"
2020,5,wheat,205.8,210.15414507772022,"Wheat, US HRW"
2020,6,wheat,198.4,202.59758203799655,"Wheat, US HRW"
2020,7,wheat,222.1,226.79900690846284,"Wheat, US HRW"
2020,8,wheat,223.0,227.71804835924004,"Wheat, US HRW"
2020,9,wheat,247.7,252.9406303972366,"Wheat, US HRW"
2020,10,wheat,272.4,278.1632124352331,"Wheat, US HRW"
2020,11,wheat,273.0,278.7759067357513,"Wheat, US HRW"
2020,12,wheat,268.6,274.2828151986183,"Wheat, US HRW"
2021,1,wheat,289.3,264.5185913705584,"Wheat, US HRW"
2021,2,wheat,289.4,264.6100253807106,"Wheat, US HRW"
2021,3,wheat,273.1,249.70628172588835,"Wheat, US HRW"
2021,4,wheat,281.0,256.9295685279188,"Wheat, US HRW"
2021,5,wheat,297.3,271.8333121827411,"Wheat, US HRW"
2021,6,wheat,285.6,261.1355329949239,"Wheat, US HRW"
2021,7,wheat,294.3,269.0902918781726,"Wheat, US HRW"
2021,8,wheat,324.5,296.70336294416245,"Wheat, US HRW"
2021,9,wheat,337.6,308.6812182741117,"Wheat, US HRW"
2021,10,wheat,354.7,324.31643401015225,"Wheat, US HRW"
2021,11,wheat,379.5,346.9920685279188,"Wheat, US HRW"
2021,12,wheat,376.8,344.5233502538071,"Wheat, US HRW"
2022,1,wheat,374.2,318.59213953488376,"Wheat, US HRW"
2022,2,wheat,390.5,332.4698837209302,"Wheat, US HRW"
2022,3,wheat,486.3,414.03355813953493,"Wheat, US HRW"
2022,4,wheat,495.3,421.6961162790698,"Wheat, US HRW"
2022,5,wheat,522.3,444.6837906976744,"Wheat, US HRW"
2022,6,wheat,459.6,391.30130232558145,"Wheat, US HRW"
2022,7,wheat,382.5,325.65872093023256,"Wheat, US HRW"
2022,8,wheat,382.9,325.99927906976745,"Wheat, US HRW"
2022,9,wheat,419.1,356.8197906976745,"Wheat, US HRW"
2022,10,wheat,438.0,372.9111627906977,"Wheat, US HRW"
2022,11,wheat,422.7,359.8848139534884,"Wheat, US HRW"
2022,12,wheat,386.3,328.894023255814,"Wheat, US HRW"
2023,1,wheat,380.4,333.46462984723854,"Wheat, US HRW"
2023,2,wheat,394.8,346.0878965922444,"Wheat, US HRW"
2023,3,wheat,369.9,324.2601645123384,"Wheat, US HRW"
2023,4,wheat,378.2,331.53607520564043,"Wheat, US HRW"
2023,5,wheat,367.7,322.3316098707403,"Wheat, US HRW"
2023,6,wheat,345.5,302.87074030552293,"Wheat, US HRW"
2023,7,wheat,345.5,302.87074030552293,"Wheat, US HRW"
2023,8,wheat,315.8,276.8352526439483,"Wheat, US HRW"
2023,9,wheat,314.7,275.87097532314925,"Wheat, US HRW"
2023,10,wheat,298.1,261.31915393654526,"Wheat, US HRW"
2023,11,wheat,283.6,248.6082256169213,"Wheat, US HRW"
2023,12,wheat,291.1,255.18284371327852,"Wheat, US HRW"
2024,1,wheat,283.9,246.60312616300706,"Wheat, US HRW"
2024,2,wheat,278.5,241.91254186825458,"Wheat, US HRW"
2024,3,wheat,274.8,238.69862299962787,"Wheat, US HRW"
2024,4,wheat,272.3,236.5270561965017,"Wheat, US HRW"
2024,5,wheat,289.4,251.38057312988462,"Wheat, US HRW"
2024,6,wheat,265.6,230.7072571641236,"Wheat, US HRW"
2024,7,wheat,260.3,226.10353554149611,"Wheat, US HRW"
2024,8,wheat,250.9,217.93844436174174,"Wheat, US HRW"
2024,9,wheat,269.7,234.26862672125046,"Wheat, US HRW"
2024,10,wheat,272.9,237.04823222925194,"Wheat, US HRW"
2024,11,wheat,253.8,220.4574618533681,"Wheat, US HRW"
2024,12,wheat,252.2,219.06765909936732,"Wheat, US HRW"
2025,1,wheat,254.1,218.90406905055485,"Wheat, US HRW"
2025,2,wheat,264.6,227.9496917385943,"Wheat, US HRW"
2025,3,wheat,255.4,220.02400328812163,"Wheat, US HRW"
2025,4,wheat,249.6,215.02737361282365,"Wheat, US HRW"
2025,5,wheat,237.0,204.1726263871763,"Wheat, US HRW"
2025,6,wheat,240.1,206.84323879983558,"Wheat, US HRW"
2025,7,wheat,235.0,202.44965063707355,"Wheat, US HRW"
2025,8,wheat,231.1,199.08984792437317,"Wheat, US HRW"
2025,9,wheat,233.8,201.41586518701192,"Wheat, US HRW"
2025,10,wheat,230.8,198.83140156185777,"Wheat, US HRW"
2025,11,wheat,245.9,211.83986847513356,"Wheat, US HRW"
2025,12,wheat,242.8,209.1692560624743,"Wheat, US HRW"
2026,1,wheat,249.9,,"Wheat, US HRW"
2026,2,wheat,257.6,,"Wheat, US HRW"
2026,3,wheat,276.0,,"Wheat, US HRW"
2026,4,wheat,282.0,,"Wheat, US HRW"
2026,5,wheat,303.0,,"Wheat, US HRW"
2026,6,wheat,286.0,,"Wheat, US HRW"
2026,7,wheat,310.0,,"Wheat, US HRW"
