period,grain,country,region,price,consumption,net_export,availability,export_tax,mkt_stock,gov_stock,prod_shock,exporter_price,importer_price,n_restricting,total_trade,substitution,scenario
0,wheat,USA,N.America,208.4721649213257,30.255233623700928,15.330480662013361,45.58571428571429,0.0,6.164285714285711,0.0,1.0,213.63200294200004,238.89652248747905,0,145.93866488561295,True,shock
0,wheat,Russia,FSU,216.82319728129582,46.373812918379606,44.01666327209659,90.39047619047619,0.0,13.109523809523807,0.0,1.0,213.63200294200004,238.89652248747905,0,145.93866488561295,True,shock
0,wheat,EU,Europe,226.90155637337685,122.5128921520421,8.07282213367219,130.5857142857143,0.0,18.91428571428571,0.0,1.0,213.63200294200004,238.89652248747905,0,145.93866488561295,True,shock
0,wheat,Ukraine,FSU,227.0352964259766,9.162642809818161,16.032595285419937,25.195238095238096,0.0,3.5547619047619037,0.0,1.0,213.63200294200004,238.89652248747905,0,145.93866488561295,True,shock
0,wheat,Canada,N.America,210.10688574099106,10.314409513406954,24.07606667706924,34.39047619047619,0.0,4.709523809523807,0.0,1.0,213.63200294200004,238.89652248747905,0,145.93866488561295,True,shock
0,wheat,Australia,Oceania,202.58475790086493,8.371105992262487,22.019370198213707,30.390476190476193,0.0,4.109523809523807,0.0,1.0,213.63200294200004,238.89652248747905,0,145.93866488561295,True,shock
0,wheat,Argentina,S.America,208.58900015313623,6.14418803365096,14.051050061587137,20.195238095238096,0.0,2.8047619047619037,0.0,1.0,213.63200294200004,238.89652248747905,0,145.93866488561295,True,shock
0,wheat,Brazil,S.America,223.8874524765503,12.988680805435143,-4.988680805435143,8.0,0.0,1.2,0.0,1.0,213.63200294200004,238.89652248747905,0,145.93866488561295,True,shock
0,wheat,India,S.Asia,220.30362096623085,107.5604527778921,2.3395472221079103,109.9,0.0,16.5,20.1,1.0,213.63200294200004,238.89652248747905,0,145.93866488561295,True,shock
0,wheat,Thailand,SE.Asia,224.6860988006157,2.025578448823584,-2.025578448823584,0.0,0.0,0.0,0.0,1.0,213.63200294200004,238.89652248747905,0,145.93866488561295,True,shock
0,wheat,Vietnam,SE.Asia,223.3700463074056,2.53237123889898,-2.53237123889898,0.0,0.0,0.0,0.0,1.0,213.63200294200004,238.89652248747905,0,145.93866488561295,True,shock
0,wheat,China,E.Asia,228.92877105715706,147.3152562323241,-2.3152562323240886,145.0,0.0,0.0,93.0,1.0,213.63200294200004,238.89652248747905,0,145.93866488561295,True,shock
0,wheat,Egypt,MENA,240.5307076903064,20.146296493564076,-8.896296493564076,11.25,0.0,0.0,2.25,1.0,213.63200294200004,238.89652248747905,0,145.93866488561295,True,shock
0,wheat,Indonesia,SE.Asia,218.1381480372974,11.313249044563431,-11.313249044563431,0.0,0.0,0.0,0.0,1.0,213.63200294200004,238.89652248747905,0,145.93866488561295,True,shock
0,wheat,Mexico,N.America,221.01956949699607,8.100253125285635,-5.100253125285635,3.0,0.0,0.0,0.0,1.0,213.63200294200004,238.89652248747905,0,145.93866488561295,True,shock
0,wheat,Nigeria,Africa,239.0955298905037,6.036801417700991,-5.936801417700991,0.1,0.0,0.0,0.0,1.0,213.63200294200004,238.89652248747905,0,145.93866488561295,True,shock
0,wheat,RestOfWorld,RoW,243.52900294996803,240.7301087055841,-102.83010870558411,137.89999999999998,0.0,0.0,0.0,1.0,213.63200294200004,238.89652248747905,0,145.93866488561295,True,shock
0,rice,USA,N.America,367.01418406654466,3.940129180840506,3.059870819159494,7.0,0.0,1.05,0.0,1.0,367.11115274922423,394.9698592973834,0,49.64330159740962,True,shock
0,rice,Russia,FSU,386.20367209014415,1.4796255778396254,-0.47962557783962545,1.0,0.0,0.15,0.0,1.0,367.11115274922423,394.9698592973834,0,49.64330159740962,True,shock
0,rice,EU,Europe,397.485080511767,3.9483098967672947,-1.9483098967672947,2.0,0.0,0.3,0.0,1.0,367.11115274922423,394.9698592973834,0,49.64330159740962,True,shock
0,rice,Ukraine,FSU,393.1997831010384,0.2956799649450844,-0.2956799649450844,0.0,0.0,0.0,0.0,1.0,367.11115274922423,394.9698592973834,0,49.64330159740962,True,shock
0,rice,Canada,N.America,381.2602301441577,0.3928309759468666,-0.3928309759468666,0.0,0.0,0.0,0.0,1.0,367.11115274922423,394.9698592973834,0,49.64330159740962,True,shock
0,rice,Australia,Oceania,360.3478831399782,0.499545732111015,0.0004542678889850049,0.5,0.0,0.075,0.0,1.0,367.11115274922423,394.9698592973834,0,49.64330159740962,True,shock
0,rice,Argentina,S.America,359.13398937751185,0.9979060503132386,0.5020939496867614,1.5,0.0,0.22499999999999998,0.0,1.0,367.11115274922423,394.9698592973834,0,49.64330159740962,True,shock
0,rice,Brazil,S.America,364.6623708247255,11.058022733218172,0.49435821916278044,11.552380952380952,0.0,1.0976190476190482,0.0,1.0,367.11115274922423,394.9698592973834,0,49.64330159740962,True,shock
0,rice,India,S.Asia,371.65474782739824,111.09128169204816,19.4610992603328,130.55238095238096,0.0,18.94761904761905,25.0,1.0,367.11115274922423,394.9698592973834,0,49.64330159740962,True,shock
0,rice,Thailand,SE.Asia,364.9572165480359,20.333583013544427,13.218797938836524,33.55238095238095,0.0,4.397619047619048,0.0,1.0,367.11115274922423,394.9698592973834,0,49.64330159740962,True,shock
0,rice,Vietnam,SE.Asia,362.89351282978106,30.535335324129466,12.906569437775293,43.44190476190476,0.0,6.008095238095239,0.0,1.0,367.11115274922423,394.9698592973834,0,49.64330159740962,True,shock
0,rice,China,E.Asia,378.2090159728124,213.73112941846023,-1.7311294184602275,212.0,0.0,0.0,98.0,1.0,367.11115274922423,394.9698592973834,0,49.64330159740962,True,shock
0,rice,Egypt,MENA,392.0335274300013,4.00003521278266,-3.521278266038763e-05,4.0,0.0,0.0,0.0,1.0,367.11115274922423,394.9698592973834,0,49.64330159740962,True,shock
0,rice,Indonesia,SE.Asia,377.44878458265225,56.55791158824146,-2.55791158824146,54.0,0.0,0.0,0.0,1.0,367.11115274922423,394.9698592973834,0,49.64330159740962,True,shock
0,rice,Mexico,N.America,380.81631722187075,0.9905222153238785,-0.7905222153238785,0.2,0.0,0.0,0.0,1.0,367.11115274922423,394.9698592973834,0,49.64330159740962,True,shock
0,rice,Nigeria,Africa,392.6911619220275,8.511900581649787,-0.5119005816497868,8.0,0.0,0.0,0.0,1.0,367.11115274922423,394.9698592973834,0,49.64330159740962,True,shock
0,rice,RestOfWorld,RoW,397.2026708824372,55.73529846088459,-40.93529846088458,14.800000000000011,0.0,0.0,0.0,1.0,367.11115274922423,394.9698592973834,0,49.64330159740962,True,shock
0,maize,USA,N.America,165.12815449174056,314.46776398730543,35.76080744126597,350.2285714285714,0.0,52.27142857142857,0.0,1.0,168.13274554437098,192.84109423805114,0,148.26732886868487,True,shock
0,maize,Russia,FSU,184.73662764158175,13.057102875398362,1.9428971246016378,15.0,0.0,2.25,0.0,1.0,168.13274554437098,192.84109423805114,0,148.26732886868487,True,shock
0,maize,EU,Europe,191.44393180913497,85.40180726508103,-20.24942631270008,65.15238095238095,0.0,9.597619047619048,0.0,1.0,168.13274554437098,192.84109423805114,0,148.26732886868487,True,shock
0,maize,Ukraine,FSU,180.07513395740185,6.129052160199468,23.94713831599101,30.076190476190476,0.0,4.423809523809524,0.0,1.0,168.13274554437098,192.84109423805114,0,148.26732886868487,True,shock
0,maize,Canada,N.America,177.43158144076307,15.360898883880516,-1.360898883880516,14.0,0.0,2.1,0.0,1.0,168.13274554437098,192.84109423805114,0,148.26732886868487,True,shock
0,maize,Australia,Oceania,200.58317798271128,0.9571932393998271,-0.45719323939982714,0.5,0.0,0.075,0.0,1.0,168.13274554437098,192.84109423805114,0,148.26732886868487,True,shock
0,maize,Argentina,S.America,162.55115138790302,12.55823675995034,42.56366800195442,55.12190476190476,0.0,8.128095238095238,0.0,1.0,168.13274554437098,192.84109423805114,0,148.26732886868487,True,shock
0,maize,Brazil,S.America,167.64115430509884,78.29522154854774,41.85715940383321,120.15238095238095,0.0,17.847619047619048,0.0,1.0,168.13274554437098,192.84109423805114,0,148.26732886868487,True,shock
0,maize,India,S.Asia,189.69905242745537,29.804414364646316,2.195585635353684,32.0,0.0,4.8,0.0,1.0,168.13274554437098,192.84109423805114,0,148.26732886868487,True,shock
0,maize,Thailand,SE.Asia,203.1029642354098,5.906404448904842,-0.9064044489048424,5.0,0.0,0.75,0.0,1.0,168.13274554437098,192.84109423805114,0,148.26732886868487,True,shock
0,maize,Vietnam,SE.Asia,204.86814142104635,7.847138784649673,-3.8471387846496734,4.0,0.0,0.6,0.0,1.0,168.13274554437098,192.84109423805114,0,148.26732886868487,True,shock
0,maize,China,E.Asia,195.82529079126596,295.0000030932812,-3.0932811796446913e-06,295.0,0.0,0.0,80.0,1.0,168.13274554437098,192.84109423805114,0,148.26732886868487,True,shock
0,maize,Egypt,MENA,193.499435724491,16.09971686351635,-9.099716863516349,7.0,0.0,0.0,0.0,1.0,168.13274554437098,192.84109423805114,0,148.26732886868487,True,shock
0,maize,Indonesia,SE.Asia,207.12062452794694,23.50556976618045,-0.5055697661804501,23.0,0.0,0.0,0.0,1.0,168.13274554437098,192.84109423805114,0,148.26732886868487,True,shock
0,maize,Mexico,N.America,177.04819024235425,45.345393575882255,-18.345393575882255,27.0,0.0,0.0,0.0,1.0,168.13274554437098,192.84109423805114,0,148.26732886868487,True,shock
0,maize,Nigeria,Africa,191.53234942724916,13.12882683244243,-1.1288268324424298,12.0,0.0,0.0,0.0,1.0,168.13274554437098,192.84109423805114,0,148.26732886868487,True,shock
0,maize,RestOfWorld,RoW,195.74415536812214,207.8666841221624,-92.36668412216241,115.5,0.0,0.0,0.0,1.0,168.13274554437098,192.84109423805114,0,148.26732886868487,True,shock
1,wheat,USA,N.America,216.13111888567042,30.095002920630176,14.627810037473989,44.722812958104164,0.0,6.441472756181547,0.0,1.0,221.43661735422697,246.58968669999217,0,144.4233081704642,True,shock
1,wheat,Russia,FSU,224.48215102129728,46.05259529468095,43.94740470531905,90.0,0.0,13.109523809523807,0.0,1.0,221.43661735422697,246.58968669999217,0,144.4233081704642,True,shock
1,wheat,EU,Europe,234.5605103607437,121.67859538773394,8.321404612266065,130.0,0.0,18.91428571428571,0.0,1.0,221.43661735422697,246.58968669999217,0,144.4233081704642,True,shock
1,wheat,Ukraine,FSU,234.69425006246115,9.099931602563558,15.900068397436442,25.0,0.0,3.5547619047619037,0.0,1.0,221.43661735422697,246.58968669999217,0,144.4233081704642,True,shock
1,wheat,Canada,N.America,217.76583935958806,10.247450986147257,23.653385885999896,33.90083687214715,0.0,4.808686937376654,0.0,1.0,221.43661735422697,246.58968669999217,0,144.4233081704642,True,shock
1,wheat,Australia,Oceania,210.24371203254245,8.313923393745897,21.19289725820417,29.50682065195007,0.0,4.60270315757374,0.0,1.0,221.43661735422697,246.58968669999217,0,144.4233081704642,True,shock
1,wheat,Argentina,S.America,216.24795440644363,6.106315410518038,13.80434887920696,19.910664289725,0.0,2.8940976150369067,0.0,1.0,221.43661735422697,246.58968669999217,0,144.4233081704642,True,shock
1,wheat,Brazil,S.America,231.54640658028066,12.930120697279058,-4.930120697279058,8.0,0.0,1.2,0.0,1.0,221.43661735422697,246.58968669999217,0,144.4233081704642,True,shock
1,wheat,India,S.Asia,227.96257478086997,106.9341045584763,2.97589544152369,109.91,0.0,16.5,20.19,1.0,221.43661735422697,246.58968669999217,0,144.4233081704642,True,shock
1,wheat,Thailand,SE.Asia,232.34505098789677,2.0208292441774995,-2.0208292441774995,0.0,0.0,0.0,0.0,1.0,221.43661735422697,246.58968669999217,0,144.4233081704642,True,shock
1,wheat,Vietnam,SE.Asia,231.0289989726021,2.527398849074633,-2.527398849074633,0.0,0.0,0.0,0.0,1.0,221.43661735422697,246.58968669999217,0,144.4233081704642,True,shock
1,wheat,China,E.Asia,236.58772250607578,146.53744382106575,-1.5374438210657502,145.0,0.0,0.0,86.0,1.0,221.43661735422697,246.58968669999217,0,144.4233081704642,True,shock
1,wheat,Egypt,MENA,248.18966128065256,20.010334591331556,-9.885334591331556,10.125,0.0,0.0,1.125,1.0,221.43661735422697,246.58968669999217,0,144.4233081704642,True,shock
1,wheat,Indonesia,SE.Asia,225.7971021638926,11.272168874501409,-11.272168874501409,0.0,0.0,0.0,0.0,1.0,221.43661735422697,246.58968669999217,0,144.4233081704642,True,shock
1,wheat,Mexico,N.America,228.6785229031232,8.053670073257114,-5.0536700732571145,3.0,0.0,0.0,0.0,1.0,221.43661735422697,246.58968669999217,0,144.4233081704642,True,shock
1,wheat,Nigeria,Africa,246.75448385958546,6.005589756319793,-5.905589756319793,0.1,0.0,0.0,0.0,1.0,221.43661735422697,246.58968669999217,0,144.4233081704642,True,shock
1,wheat,RestOfWorld,RoW,251.18795683433459,239.19065931042329,-101.29065931042331,137.89999999999998,0.0,0.0,0.0,1.0,221.43661735422697,246.58968669999217,0,144.4233081704642,True,shock
1,rice,USA,N.America,377.396983025077,3.93198696924064,3.06801303075936,7.0,0.0,1.05,0.0,1.0,377.55169295842825,405.7454912040599,0,48.30592508362756,True,shock
1,rice,Russia,FSU,396.58636556261877,1.478473476277549,-0.4784734762775491,1.0,0.0,0.15,0.0,1.0,377.55169295842825,405.7454912040599,0,48.30592508362756,True,shock
1,rice,EU,Europe,407.8678781623758,3.9454558792624974,-1.9454558792624974,2.0,0.0,0.3,0.0,1.0,377.55169295842825,405.7454912040599,0,48.30592508362756,True,shock
1,rice,Ukraine,FSU,403.5824711236876,0.2954641245997268,-0.2954641245997268,0.0,0.0,0.0,0.0,1.0,377.55169295842825,405.7454912040599,0,48.30592508362756,True,shock
1,rice,Canada,N.America,391.64301789060744,0.39247252466396043,-0.39247252466396043,0.0,0.0,0.0,0.0,1.0,377.55169295842825,405.7454912040599,0,48.30592508362756,True,shock
1,rice,Australia,Oceania,370.7564787950307,0.49876170396859626,0.0012382960314037406,0.5,0.0,0.075,0.0,1.0,377.55169295842825,405.7454912040599,0,48.30592508362756,True,shock
1,rice,Argentina,S.America,369.1516878600752,0.9956024728724824,0.5043975271275176,1.5,0.0,0.22499999999999998,0.0,1.0,377.55169295842825,405.7454912040599,0,48.30592508362756,True,shock
1,rice,Brazil,S.America,378.51124129948414,10.999992116593221,7.88340677893018e-06,11.0,0.0,1.0976190476190482,0.0,1.0,377.55169295842825,405.7454912040599,0,48.30592508362756,True,shock
1,rice,India,S.Asia,382.037447606927,110.63796052825225,19.36203947174775,130.0,0.0,18.94761904761905,25.0,1.0,377.55169295842825,405.7454912040599,0,48.30592508362756,True,shock
1,rice,Thailand,SE.Asia,375.3399163307866,20.23839308900756,12.761606910992441,33.0,0.0,4.397619047619048,0.0,1.0,377.55169295842825,405.7454912040599,0,48.30592508362756,True,shock
1,rice,Vietnam,SE.Asia,373.27621260074125,30.391459611742036,12.608540388257964,43.0,0.0,6.008095238095239,0.0,1.0,377.55169295842825,405.7454912040599,0,48.30592508362756,True,shock
1,rice,China,E.Asia,388.5917089718022,212.84467287865604,-0.8446728786560413,212.0,0.0,0.0,96.0,1.0,377.55169295842825,405.7454912040599,0,48.30592508362756,True,shock
1,rice,Egypt,MENA,397.2208371855204,3.999998326598618,1.6734013819075244e-06,4.0,0.0,0.0,0.0,1.0,377.55169295842825,405.7454912040599,0,48.30592508362756,True,shock
1,rice,Indonesia,SE.Asia,387.83148316168064,56.299662576179756,-2.299662576179756,54.0,0.0,0.0,0.0,1.0,377.55169295842825,405.7454912040599,0,48.30592508362756,True,shock
1,rice,Mexico,N.America,391.1991115411695,0.9884205832002367,-0.7884205832002367,0.2,0.0,0.0,0.0,1.0,377.55169295842825,405.7454912040599,0,48.30592508362756,True,shock
1,rice,Nigeria,Africa,402.70885708805054,8.478658903883305,-0.47865890388330534,8.0,0.0,0.0,0.0,1.0,377.55169295842825,405.7454912040599,0,48.30592508362756,True,shock
1,rice,RestOfWorld,RoW,407.5853706634247,55.58256423500128,-40.78256423500127,14.800000000000011,0.0,0.0,0.0,1.0,377.55169295842825,405.7454912040599,0,48.30592508362756,True,shock
1,maize,USA,N.America,167.2993544935838,313.7272527522386,36.16138795782672,349.8886407100653,0.0,52.38278786136324,0.0,1.0,170.28522846295425,195.02244407105252,0,148.19532801543528,True,shock
1,maize,Russia,FSU,186.90782737861562,13.072725801917679,1.927274198082321,15.0,0.0,2.25,0.0,1.0,170.28522846295425,195.02244407105252,0,148.19532801543528,True,shock
1,maize,EU,Europe,193.61513177675454,85.36631117073362,-20.366311170733624,65.0,0.0,9.597619047619048,0.0,1.0,170.28522846295425,195.02244407105252,0,148.19532801543528,True,shock
1,maize,Ukraine,FSU,182.24633403155622,6.127074421595941,23.872925578404057,30.0,0.0,4.423809523809524,0.0,1.0,170.28522846295425,195.02244407105252,0,148.19532801543528,True,shock
1,maize,Canada,N.America,179.60277960080538,15.341433853856634,-1.3414338538566337,14.0,0.0,2.1,0.0,1.0,170.28522846295425,195.02244407105252,0,148.19532801543528,True,shock
1,maize,Australia,Oceania,202.75437093443017,0.960963301149793,-0.460963301149793,0.5,0.0,0.075,0.0,1.0,170.28522846295425,195.02244407105252,0,148.19532801543528,True,shock
1,maize,Argentina,S.America,164.72235149077298,12.54133596005468,42.29128371715268,54.83261967720736,0.0,8.295475560887873,0.0,1.0,170.28522846295425,195.02244407105252,0,148.19532801543528,True,shock
1,maize,Brazil,S.America,169.81235457583242,78.16259555608326,41.83740444391674,120.0,0.0,17.847619047619048,0.0,1.0,170.28522846295425,195.02244407105252,0,148.19532801543528,True,shock
1,maize,India,S.Asia,191.87025339221825,29.895046104454387,2.104953895545613,32.0,0.0,4.8,0.0,1.0,170.28522846295425,195.02244407105252,0,148.19532801543528,True,shock
1,maize,Thailand,SE.Asia,205.27416273928483,5.906482138737959,-0.9064821387379594,5.0,0.0,0.75,0.0,1.0,170.28522846295425,195.02244407105252,0,148.19532801543528,True,shock
1,maize,Vietnam,SE.Asia,207.03933982765668,7.8477811077913415,-3.8477811077913415,4.0,0.0,0.6,0.0,1.0,170.28522846295425,195.02244407105252,0,148.19532801543528,True,shock
1,maize,China,E.Asia,197.48731528118873,295.0000026578497,-2.6578496772344806e-06,295.0,0.0,0.0,60.0,1.0,170.28522846295425,195.02244407105252,0,148.19532801543528,True,shock
1,maize,Egypt,MENA,195.67063588344342,16.092116117784688,-9.092116117784688,7.0,0.0,0.0,0.0,1.0,170.28522846295425,195.02244407105252,0,148.19532801543528,True,shock
1,maize,Indonesia,SE.Asia,209.29182313735657,23.503542174565034,-0.5035421745650339,23.0,0.0,0.0,0.0,1.0,170.28522846295425,195.02244407105252,0,148.19532801543528,True,shock
1,maize,Mexico,N.America,179.21939020420734,45.249530431126104,-18.249530431126104,27.0,0.0,0.0,0.0,1.0,170.28522846295425,195.02244407105252,0,148.19532801543528,True,shock
1,maize,Nigeria,Africa,193.7035476407227,13.117314703758167,-1.1173147037581668,12.0,0.0,0.0,0.0,1.0,170.28522846295425,195.02244407105252,0,148.19532801543528,True,shock
1,maize,RestOfWorld,RoW,197.91535575029187,207.80975213357505,-92.30975213357505,115.5,0.0,0.0,0.0,1.0,170.28522846295425,195.02244407105252,0,148.19532801543528,True,shock
2,wheat,USA,N.America,215.62465274915573,30.10304806123641,14.89695193876359,45.0,0.0,6.441472756181547,0.0,1.0,220.87709614725438,246.08750649078252,0,145.1612844092211,True,shock
2,wheat,Russia,FSU,223.97568442083613,46.07328272305525,43.92671727694475,90.0,0.0,13.109523809523807,0.0,1.0,220.87709614725438,246.08750649078252,0,145.1612844092211,True,shock
2,wheat,EU,Europe,234.0540445443227,121.73120074521279,8.268799254787211,130.0,0.0,18.91428571428571,0.0,1.0,220.87709614725438,246.08750649078252,0,145.1612844092211,True,shock
2,wheat,Ukraine,FSU,234.18778312707173,9.103892940859268,15.896107059140732,25.0,0.0,3.5547619047619037,0.0,1.0,220.87709614725438,246.08750649078252,0,145.1612844092211,True,shock
2,wheat,Canada,N.America,217.25937236578818,10.251555287226493,23.748444712773505,34.0,0.0,4.808686937376654,0.0,1.0,220.87709614725438,246.08750649078252,0,145.1612844092211,True,shock
2,wheat,Australia,Oceania,209.73724619410248,8.317670975642242,21.590332987967123,29.908003963609367,0.0,4.694699193964374,0.0,1.0,220.87709614725438,246.08750649078252,0,145.1612844092211,True,shock
2,wheat,Argentina,S.America,215.74148879016184,6.1086183474782745,13.891381652521726,20.0,0.0,2.8940976150369067,0.0,1.0,220.87709614725438,246.08750649078252,0,145.1612844092211,True,shock
2,wheat,Brazil,S.America,231.03994059625103,12.934060913008416,-4.934060913008416,8.0,0.0,1.2,0.0,1.0,220.87709614725438,246.08750649078252,0,145.1612844092211,True,shock
2,wheat,India,S.Asia,227.45611063071078,106.97661334594136,2.9423866540586374,109.919,0.0,16.5,20.271,1.0,220.87709614725438,246.08750649078252,0,145.1612844092211,True,shock
2,wheat,Thailand,SE.Asia,231.8385794731484,2.0212027419060745,-2.0212027419060745,0.0,0.0,0.0,0.0,1.0,220.87709614725438,246.08750649078252,0,145.1612844092211,True,shock
2,wheat,Vietnam,SE.Asia,230.52252887046382,2.5278162240290016,-2.5278162240290016,0.0,0.0,0.0,0.0,1.0,220.87709614725438,246.08750649078252,0,145.1612844092211,True,shock
2,wheat,China,E.Asia,236.0812534720918,146.59404947156605,-1.594049471566052,145.0,0.0,0.0,79.0,1.0,220.87709614725438,246.08750649078252,0,145.1612844092211,True,shock
2,wheat,Egypt,MENA,247.68319416356758,20.018758973708053,-10.456258973708053,9.5625,0.0,0.0,0.5625,1.0,220.87709614725438,246.08750649078252,0,145.1612844092211,True,shock
2,wheat,Indonesia,SE.Asia,225.29063636312677,11.27504094684449,-11.27504094684449,0.0,0.0,0.0,0.0,1.0,220.87709614725438,246.08750649078252,0,145.1612844092211,True,shock
2,wheat,Mexico,N.America,228.17205517457737,8.056253723935443,-5.056253723935443,3.0,0.0,0.0,0.0,1.0,220.87709614725438,246.08750649078252,0,145.1612844092211,True,shock
2,wheat,Nigeria,Africa,246.24801738865042,6.007555124647927,-5.907555124647927,0.1,0.0,0.0,0.0,1.0,220.87709614725438,246.08750649078252,0,145.1612844092211,True,shock
2,wheat,RestOfWorld,RoW,250.68149062228116,239.2888834173118,-101.38888341731183,137.89999999999998,0.0,0.0,0.0,1.0,220.87709614725438,246.08750649078252,0,145.1612844092211,True,shock
2,rice,USA,N.America,376.9100028053186,3.931878833300106,3.068121166699894,7.0,0.0,1.05,0.0,1.0,377.0715223659376,405.2412269969474,0,48.35907341323958,True,shock
2,rice,Russia,FSU,396.09953105181063,1.4783661930258882,-0.47836619302588823,1.0,0.0,0.15,0.0,1.0,377.0715223659376,405.2412269969474,0,48.35907341323958,True,shock
2,rice,EU,Europe,407.3808934661838,3.945111512090685,-1.9451115120906848,2.0,0.0,0.3,0.0,1.0,377.0715223659376,405.2412269969474,0,48.35907341323958,True,shock
2,rice,Ukraine,FSU,403.0956068278628,0.2954386635504309,-0.2954386635504309,0.0,0.0,0.0,0.0,1.0,377.0715223659376,405.2412269969474,0,48.35907341323958,True,shock
2,rice,Canada,N.America,391.1560047661681,0.3924389142288438,-0.3924389142288438,0.0,0.0,0.0,0.0,1.0,377.0715223659376,405.2412269969474,0,48.35907341323958,True,shock
2,rice,Australia,Oceania,370.2916322354274,0.4987513813130045,0.0012486186869954952,0.5,0.0,0.075,0.0,1.0,377.0715223659376,405.2412269969474,0,48.35907341323958,True,shock
2,rice,Argentina,S.America,368.66512627199273,0.9956362738546432,0.5043637261453568,1.5,0.0,0.22499999999999998,0.0,1.0,377.0715223659376,405.2412269969474,0,48.35907341323958,True,shock
2,rice,Brazil,S.America,378.24026581053704,10.999985919000029,1.4080999971355368e-05,11.0,0.0,1.0976190476190482,0.0,1.0,377.0715223659376,405.2412269969474,0,48.35907341323958,True,shock
2,rice,India,S.Asia,381.55063201291864,110.6563561225114,19.425577029098605,130.08193315161,0.0,18.865685896009055,25.0,1.0,377.0715223659376,405.2412269969474,0,48.35907341323958,True,shock
2,rice,Thailand,SE.Asia,374.85310066979144,20.242576756427198,12.757423243572802,33.0,0.0,4.397619047619048,0.0,1.0,377.0715223659376,405.2412269969474,0,48.35907341323958,True,shock
2,rice,Vietnam,SE.Asia,372.7893972868707,30.39781697027561,12.60218302972439,43.0,0.0,6.008095238095239,0.0,1.0,377.0715223659376,405.2412269969474,0,48.35907341323958,True,shock
2,rice,China,E.Asia,388.1048869425765,212.88242223255367,-0.8824222325536653,212.0,0.0,0.0,94.0,1.0,377.0715223659376,405.2412269969474,0,48.35907341323958,True,shock
2,rice,Egypt,MENA,396.83934410355613,3.999996412127386,3.587872614119192e-06,4.0,0.0,0.0,0.0,1.0,377.0715223659376,405.2412269969474,0,48.35907341323958,True,shock
2,rice,Indonesia,SE.Asia,387.3446653500761,56.31076723859228,-2.310767238592277,54.0,0.0,0.0,0.0,1.0,377.0715223659376,405.2412269969474,0,48.35907341323958,True,shock
2,rice,Mexico,N.America,390.71211771590646,0.988409920561045,-0.7884099205610451,0.2,0.0,0.0,0.0,1.0,377.0715223659376,405.2412269969474,0,48.35907341323958,True,shock
2,rice,Nigeria,Africa,402.2222807080435,8.480000900315405,-0.4800009003154049,8.0,0.0,0.0,0.0,1.0,377.0715223659376,405.2412269969474,0,48.35907341323958,True,shock
2,rice,RestOfWorld,RoW,407.09855506714916,55.58597890788255,-40.78597890788254,14.800000000000011,0.0,0.0,0.0,1.0,377.0715223659376,405.2412269969474,0,48.35907341323958,True,shock
2,maize,USA,N.America,167.05623474400696,313.8215116041062,36.178488395893794,350.0,0.0,52.38278786136324,0.0,1.0,170.03838473889283,194.77875211849653,0,148.276927382763,True,shock
2,maize,Russia,FSU,186.66470113411881,13.073701469606272,1.9262985303937281,15.0,0.0,2.25,0.0,1.0,170.03838473889283,194.77875211849653,0,148.276927382763,True,shock
2,maize,EU,Europe,193.37201188548246,85.38161880893239,-20.381618808932387,65.0,0.0,9.597619047619048,0.0,1.0,170.03838473889283,194.77875211849653,0,148.276927382763,True,shock
2,maize,Ukraine,FSU,182.0032141210056,6.128120715466451,23.87187928453355,30.0,0.0,4.423809523809524,0.0,1.0,170.03838473889283,194.77875211849653,0,148.276927382763,True,shock
2,maize,Canada,N.America,179.35965485512637,15.344995759682414,-1.3449957596824138,14.0,0.0,2.1,0.0,1.0,170.03838473889283,194.77875211849653,0,148.276927382763,True,shock
2,maize,Australia,Oceania,202.51122900654326,0.9608775012690656,-0.46087750126906557,0.5,0.0,0.075,0.0,1.0,170.03838473889283,194.77875211849653,0,148.276927382763,True,shock
2,maize,Argentina,S.America,164.47923151251922,12.54429940821096,42.37930389235476,54.92360330056572,0.0,8.37187226032215,0.0,1.0,170.03838473889283,194.77875211849653,0,148.276927382763,True,shock
2,maize,Brazil,S.America,169.5692351729786,78.18448917339855,41.815510826601454,120.0,0.0,17.847619047619048,0.0,1.0,170.03838473889283,194.77875211849653,0,148.276927382763,True,shock
2,maize,India,S.Asia,191.62712911259655,29.894725167538418,2.105274832461582,32.0,0.0,4.8,0.0,1.0,170.03838473889283,194.77875211849653,0,148.276927382763,True,shock
2,maize,Thailand,SE.Asia,205.03102971652055,5.907600428881378,-0.9076004288813779,5.0,0.0,0.75,0.0,1.0,170.03838473889283,194.77875211849653,0,148.276927382763,True,shock
2,maize,Vietnam,SE.Asia,206.7962093773597,7.849254901495511,-3.8492549014955113,4.0,0.0,0.6,0.0,1.0,170.03838473889283,194.77875211849653,0,148.276927382763,True,shock
2,maize,China,E.Asia,197.38913563437575,295.00000544570486,-5.445704857720557e-06,295.0,0.0,0.0,40.0,1.0,170.03838473889283,194.77875211849653,0,148.276927382763,True,shock
2,maize,Egypt,MENA,195.42751633148683,16.09497636614029,-9.09497636614029,7.0,0.0,0.0,0.0,1.0,170.03838473889283,194.77875211849653,0,148.276927382763,True,shock
2,maize,Indonesia,SE.Asia,209.04868768901528,23.508021482218552,-0.5080214822185525,23.0,0.0,0.0,0.0,1.0,170.03838473889283,194.77875211849653,0,148.276927382763,True,shock
2,maize,Mexico,N.America,178.97627037743922,45.262539446364784,-18.262539446364784,27.0,0.0,0.0,0.0,1.0,170.03838473889283,194.77875211849653,0,148.276927382763,True,shock
2,maize,Nigeria,Africa,193.4604216788736,13.12020932471764,-1.1202093247176403,12.0,0.0,0.0,0.0,1.0,170.03838473889283,194.77875211849653,0,148.276927382763,True,shock
2,maize,RestOfWorld,RoW,197.67223663536564,207.84665629683224,-92.34665629683224,115.5,0.0,0.0,0.0,1.0,170.03838473889283,194.77875211849653,0,148.276927382763,True,shock
3,wheat,USA,N.America,216.0454240100301,30.092595912214467,14.907404087785533,45.0,0.0,6.441472756181547,0.0,1.0,221.3063760856805,246.5134960463764,0,145.2733209841989,True,shock
3,wheat,Russia,FSU,224.3964558162227,46.054997740138134,43.945002259861866,90.0,0.0,13.109523809523807,0.0,1.0,221.3063760856805,246.5134960463764,0,145.2733209841989,True,shock
3,wheat,EU,Europe,234.47481569709782,121.6832089386941,8.316791061305906,130.0,0.0,18.91428571428571,0.0,1.0,221.3063760856805,246.5134960463764,0,145.2733209841989,True,shock
3,wheat,Ukraine,FSU,234.6085546404953,9.100288771492488,15.899711228507512,25.0,0.0,3.5547619047619037,0.0,1.0,221.3063760856805,246.5134960463764,0,145.2733209841989,True,shock
3,wheat,Canada,N.America,217.68014389854307,10.247640284683762,23.75235971531624,34.0,0.0,4.808686937376654,0.0,1.0,221.3063760856805,246.5134960463764,0,145.2733209841989,True,shock
3,wheat,Australia,Oceania,210.15801733419667,8.314397766044776,21.56707703459869,29.881474800643467,0.0,4.813224393320909,0.0,1.0,221.3063760856805,246.5134960463764,0,145.2733209841989,True,shock
3,wheat,Argentina,S.America,216.1622598165556,6.106320922204159,13.893679077795841,20.0,0.0,2.8940976150369067,0.0,1.0,221.3063760856805,246.5134960463764,0,145.2733209841989,True,shock
3,wheat,Brazil,S.America,231.46071174233683,12.929499139489145,-4.929499139489145,8.0,0.0,1.2,0.0,1.0,221.3063760856805,246.5134960463764,0,145.2733209841989,True,shock
3,wheat,India,S.Asia,227.87688123545703,106.93594443280894,2.9911555671910577,109.9271,0.0,16.5,20.3439,1.0,221.3063760856805,246.5134960463764,0,145.2733209841989,True,shock
3,wheat,Thailand,SE.Asia,232.25935238462992,2.0205713413268067,-2.0205713413268067,0.0,0.0,0.0,0.0,1.0,221.3063760856805,246.5134960463764,0,145.2733209841989,True,shock
3,wheat,Vietnam,SE.Asia,230.94330134969573,2.5270437757855753,-2.5270437757855753,0.0,0.0,0.0,0.0,1.0,221.3063760856805,246.5134960463764,0,145.2733209841989,True,shock
3,wheat,China,E.Asia,236.50202529006802,146.54091535092107,-1.5409153509210682,145.0,0.0,0.0,72.0,1.0,221.3063760856805,246.5134960463764,0,145.2733209841989,True,shock
3,wheat,Egypt,MENA,248.10396572605762,20.011023516327594,-10.729773516327594,9.28125,0.0,0.0,0.28125,1.0,221.3063760856805,246.5134960463764,0,145.2733209841989,True,shock
3,wheat,Indonesia,SE.Asia,225.71140749402025,11.271294182870292,-11.271294182870292,0.0,0.0,0.0,0.0,1.0,221.3063760856805,246.5134960463764,0,145.2733209841989,True,shock
3,wheat,Mexico,N.America,228.59282693324215,8.053334885052053,-5.0533348850520525,3.0,0.0,0.0,0.0,1.0,221.3063760856805,246.5134960463764,0,145.2733209841989,True,shock
3,wheat,Nigeria,Africa,246.66878864609822,6.005373442575766,-5.905373442575766,0.1,0.0,0.0,0.0,1.0,221.3063760856805,246.5134960463764,0,145.2733209841989,True,shock
3,wheat,RestOfWorld,RoW,251.10226190687737,239.19537439801434,-101.29537439801436,137.89999999999998,0.0,0.0,0.0,1.0,221.3063760856805,246.5134960463764,0,145.2733209841989,True,shock
3,rice,USA,N.America,377.0786265299981,3.9321203925202592,3.0678796074797408,7.0,0.0,1.05,0.0,1.0,377.2389746682021,405.41337472112747,0,48.352242617006816,True,shock
3,rice,Russia,FSU,396.268096096219,1.4785886744252261,-0.4785886744252261,1.0,0.0,0.15,0.0,1.0,377.2389746682021,405.41337472112747,0,48.352242617006816,True,shock
3,rice,EU,Europe,407.5495180433309,3.9456962069432553,-1.9456962069432553,2.0,0.0,0.3,0.0,1.0,377.2389746682021,405.41337472112747,0,48.352242617006816,True,shock
3,rice,Ukraine,FSU,403.2641809144826,0.295482547142628,-0.295482547142628,0.0,0.0,0.0,0.0,1.0,377.2389746682021,405.41337472112747,0,48.352242617006816,True,shock
3,rice,Canada,N.America,391.32463910540525,0.3924915096783199,-0.3924915096783199,0.0,0.0,0.0,0.0,1.0,377.2389746682021,405.41337472112747,0,48.352242617006816,True,shock
3,rice,Australia,Oceania,370.438207987406,0.49881169851538704,0.0011883014846129636,0.5,0.0,0.075,0.0,1.0,377.2389746682021,405.41337472112747,0,48.352242617006816,True,shock
3,rice,Argentina,S.America,368.83358274994197,0.9956864845429816,0.5043135154570184,1.5,0.0,0.22499999999999998,0.0,1.0,377.2389746682021,405.41337472112747,0,48.352242617006816,True,shock
3,rice,Brazil,S.America,378.3960685442134,10.999987694495191,1.230550480890713e-05,11.0,0.0,1.0976190476190482,0.0,1.0,377.2389746682021,405.41337472112747,0,48.352242617006816,True,shock
3,rice,India,S.Asia,381.7191912665486,110.65327753845307,19.415905680932894,130.06918321938596,0.0,18.79650267662309,25.0,1.0,377.2389746682021,405.41337472112747,0,48.352242617006816,True,shock
3,rice,Thailand,SE.Asia,375.0216599541866,20.241313125412255,12.758686874587745,33.0,0.0,4.397619047619048,0.0,1.0,377.2389746682021,405.41337472112747,0,48.352242617006816,True,shock
3,rice,Vietnam,SE.Asia,372.95795645091744,30.395866103224957,12.604133896775043,43.0,0.0,6.008095238095239,0.0,1.0,377.2389746682021,405.41337472112747,0,48.352242617006816,True,shock
3,rice,China,E.Asia,388.273448318132,212.87570422396107,-0.8757042239610655,212.0,0.0,0.0,92.0,1.0,377.2389746682021,405.41337472112747,0,48.352242617006816,True,shock
3,rice,Egypt,MENA,397.10359480397256,3.999998151840225,1.8481597749975265e-06,4.0,0.0,0.0,0.0,1.0,377.2389746682021,405.41337472112747,0,48.352242617006816,True,shock
3,rice,Indonesia,SE.Asia,387.51322528625917,56.30765536796028,-2.3076553679602796,54.0,0.0,0.0,0.0,1.0,377.2389746682021,405.41337472112747,0,48.352242617006816,True,shock
3,rice,Mexico,N.America,390.88074579165817,0.9884722405301924,-0.7884722405301925,0.2,0.0,0.0,0.0,1.0,377.2389746682021,405.41337472112747,0,48.352242617006816,True,shock
3,rice,Nigeria,Africa,402.39073859831797,8.479747297276258,-0.4797472972762584,8.0,0.0,0.0,0.0,1.0,377.2389746682021,405.41337472112747,0,48.352242617006816,True,shock
3,rice,RestOfWorld,RoW,407.2671143180059,55.588283962464445,-40.78828396246443,14.800000000000011,0.0,0.0,0.0,1.0,377.2389746682021,405.41337472112747,0,48.352242617006816,True,shock
3,maize,USA,N.America,167.12935503038926,313.8006036402246,36.19939635977539,350.0,0.0,52.38278786136324,0.0,1.0,170.1105645299387,194.85225162077293,0,148.2851909631642,True,shock
3,maize,Russia,FSU,186.7378236825891,13.07532401886805,1.9246759811319496,15.0,0.0,2.25,0.0,1.0,170.1105645299387,194.85225162077293,0,148.2851909631642,True,shock
3,maize,EU,Europe,193.44513219248233,85.3850139432269,-20.385013943226895,65.0,0.0,9.597619047619048,0.0,1.0,170.1105645299387,194.85225162077293,0,148.2851909631642,True,shock
3,maize,Ukraine,FSU,182.07633441119899,6.128388055608516,23.871611944391482,30.0,0.0,4.423809523809524,0.0,1.0,170.1105645299387,194.85225162077293,0,148.2851909631642,True,shock
3,maize,Canada,N.America,179.43277680135884,15.344894767188482,-1.3448947671884817,14.0,0.0,2.1,0.0,1.0,170.1105645299387,194.85225162077293,0,148.2851909631642,True,shock
3,maize,Australia,Oceania,202.58435604857664,0.9611269178754651,-0.4611269178754651,0.5,0.0,0.075,0.0,1.0,170.1105645299387,194.85225162077293,0,148.2851909631642,True,shock
3,maize,Argentina,S.America,164.5523517809728,12.544084473375346,42.369330942387364,54.913415415762714,0.0,8.45845684455944,0.0,1.0,170.1105645299387,194.85225162077293,0,148.2851909631642,True,shock
3,maize,Brazil,S.America,169.64235529606012,78.18059016135227,41.81940983864773,120.0,0.0,17.847619047619048,0.0,1.0,170.1105645299387,194.85225162077293,0,148.2851909631642,True,shock
3,maize,India,S.Asia,191.70025086011117,29.899382542266142,2.1006174577338577,32.0,0.0,4.8,0.0,1.0,170.1105645299387,194.85225162077293,0,148.2851909631642,True,shock
3,maize,Thailand,SE.Asia,205.10415402228276,5.907562646568752,-0.9075626465687519,5.0,0.0,0.75,0.0,1.0,170.1105645299387,194.85225162077293,0,148.2851909631642,True,shock
3,maize,Vietnam,SE.Asia,206.86933295357673,7.84919712961135,-3.8491971296113503,4.0,0.0,0.6,0.0,1.0,170.1105645299387,194.85225162077293,0,148.2851909631642,True,shock
3,maize,China,E.Asia,197.45684496364038,295.0000047029664,-4.702966407421627e-06,295.0,0.0,0.0,20.0,1.0,170.1105645299387,194.85225162077293,0,148.2851909631642,True,shock
3,maize,Egypt,MENA,195.50063650433907,16.095649757563212,-9.095649757563212,7.0,0.0,0.0,0.0,1.0,170.1105645299387,194.85225162077293,0,148.2851909631642,True,shock
3,maize,Indonesia,SE.Asia,209.12181252105535,23.508040759260858,-0.508040759260858,23.0,0.0,0.0,0.0,1.0,170.1105645299387,194.85225162077293,0,148.2851909631642,True,shock
3,maize,Mexico,N.America,179.04939069061484,45.26011840059302,-18.260118400593022,27.0,0.0,0.0,0.0,1.0,170.1105645299387,194.85225162077293,0,148.2851909631642,True,shock
3,maize,Nigeria,Africa,193.53354378262472,13.120059792780408,-1.120059792780408,12.0,0.0,0.0,0.0,1.0,170.1105645299387,194.85225162077293,0,148.2851909631642,True,shock
3,maize,RestOfWorld,RoW,197.7453566582633,207.85337370643293,-92.35337370643293,115.5,0.0,0.0,0.0,1.0,170.1105645299387,194.85225162077293,0,148.2851909631642,True,shock
4,wheat,USA,N.America,218.30877963379965,30.164836070565094,14.835163929434906,45.0,0.0,6.441472756181547,0.0,1.0,223.58832368626864,248.74693226074533,0,145.56118246489666,True,shock
4,wheat,Russia,FSU,226.6598122839711,45.995745072842794,44.004254927157206,90.0,0.0,13.109523809523807,0.0,1.0,223.58832368626864,248.74693226074533,0,145.56118246489666,True,shock
4,wheat,EU,Europe,236.73817077896288,121.56479903667353,8.435200963326466,130.0,0.0,18.91428571428571,0.0,1.0,223.58832368626864,248.74693226074533,0,145.56118246489666,True,shock
4,wheat,Ukraine,FSU,236.87191179282834,9.091075320349004,15.908924679650996,25.0,0.0,3.5547619047619037,0.0,1.0,223.58832368626864,248.74693226074533,0,145.56118246489666,True,shock
4,wheat,Canada,N.America,219.94350115668917,10.243451606366488,23.756548393633512,34.0,0.0,4.808686937376654,0.0,1.0,223.58832368626864,248.74693226074533,0,145.56118246489666,True,shock
4,wheat,Australia,Oceania,212.42137215317894,8.300922639070974,21.60259255462504,29.903515193696016,0.0,4.909709199624891,0.0,1.0,223.58832368626864,248.74693226074533,0,145.56118246489666,True,shock
4,wheat,Argentina,S.America,218.42561434263823,6.105826609656654,13.894173390343347,20.0,0.0,2.8940976150369067,0.0,1.0,223.58832368626864,248.74693226074533,0,145.56118246489666,True,shock
4,wheat,Brazil,S.America,233.72406699775638,12.951254930459234,-4.951254930459234,8.0,0.0,1.2,0.0,1.0,223.58832368626864,248.74693226074533,0,145.56118246489666,True,shock
4,wheat,India,S.Asia,230.140233409755,106.8100773628843,3.1243126371156933,109.93439,0.0,16.5,20.40951,1.0,223.58832368626864,248.74693226074533,0,145.56118246489666,True,shock
4,wheat,Thailand,SE.Asia,234.5227177874282,2.0228609709877747,-2.0228609709877747,0.0,0.0,0.0,0.0,1.0,223.58832368626864,248.74693226074533,0,145.56118246489666,True,shock
4,wheat,Vietnam,SE.Asia,233.206664132305,2.5302414277065544,-2.5302414277065544,0.0,0.0,0.0,0.0,1.0,223.58832368626864,248.74693226074533,0,145.56118246489666,True,shock
4,wheat,China,E.Asia,238.7653867730258,146.84124565011896,-1.8412456501189638,145.0,0.0,0.0,65.0,1.0,223.58832368626864,248.74693226074533,0,145.56118246489666,True,shock
4,wheat,Egypt,MENA,250.36732316618532,19.995862565712827,-10.855237565712827,9.140625,0.0,0.0,0.140625,1.0,223.58832368626864,248.74693226074533,0,145.56118246489666,True,shock
4,wheat,Indonesia,SE.Asia,227.97476227470338,11.277063375559411,-11.277063375559411,0.0,0.0,0.0,0.0,1.0,223.58832368626864,248.74693226074533,0,145.56118246489666,True,shock
4,wheat,Mexico,N.America,230.85618554863592,8.063470125119482,-5.063470125119482,3.0,0.0,0.0,0.0,1.0,223.58832368626864,248.74693226074533,0,145.56118246489666,True,shock
4,wheat,Nigeria,Africa,248.93214475551494,6.006751053226048,-5.906751053226048,0.1,0.0,0.0,0.0,1.0,223.58832368626864,248.74693226074533,0,145.56118246489666,True,shock
4,wheat,RestOfWorld,RoW,253.36561772927982,239.01304637639677,-101.1130463763968,137.89999999999998,0.0,0.0,0.0,1.0,223.58832368626864,248.74693226074533,0,145.56118246489666,True,shock
4,rice,USA,N.America,379.19567550346295,3.9424979932420667,3.0575020067579333,7.0,0.0,1.05,0.0,1.0,379.359102992297,407.51626189637665,0,48.43509100877088,True,shock
4,rice,Russia,FSU,398.3849419095059,1.4806931790468751,-0.48069317904687514,1.0,0.0,0.15,0.0,1.0,379.359102992297,407.51626189637665,0,48.43509100877088,True,shock
4,rice,EU,Europe,409.6665749657465,3.9526454881430877,-1.9526454881430877,2.0,0.0,0.3,0.0,1.0,379.359102992297,407.51626189637665,0,48.43509100877088,True,shock
4,rice,Ukraine,FSU,405.3810810967037,0.2959915612244901,-0.2959915612244901,0.0,0.0,0.0,0.0,1.0,379.359102992297,407.51626189637665,0,48.43509100877088,True,shock
4,rice,Canada,N.America,393.4417494852546,0.39334120631718555,-0.39334120631718555,0.0,0.0,0.0,0.0,1.0,379.359102992297,407.51626189637665,0,48.43509100877088,True,shock
4,rice,Australia,Oceania,372.52305380712386,0.4991051672760329,0.0008948327239671205,0.5,0.0,0.075,0.0,1.0,379.359102992297,407.51626189637665,0,48.43509100877088,True,shock
4,rice,Argentina,S.America,370.95002052025046,0.996773330716964,0.503226669283036,1.5,0.0,0.22499999999999998,0.0,1.0,379.359102992297,407.51626189637665,0,48.43509100877088,True,shock
4,rice,Brazil,S.America,381.7451654708586,10.999999431892098,5.681079020547486e-07,11.0,0.0,1.0976190476190482,0.0,1.0,379.359102992297,407.51626189637665,0,48.43509100877088,True,shock
4,rice,India,S.Asia,383.8360021484257,110.59778669189298,19.475811174611877,130.07359786650485,0.0,18.722904810118244,25.0,1.0,379.359102992297,407.51626189637665,0,48.43509100877088,True,shock
4,rice,Thailand,SE.Asia,377.1384709816315,20.227682781897784,12.772317218102216,33.0,0.0,4.397619047619048,0.0,1.0,379.359102992297,407.51626189637665,0,48.43509100877088,True,shock
4,rice,Vietnam,SE.Asia,375.0747667956006,30.37467055335533,12.62532944664467,43.0,0.0,6.008095238095239,0.0,1.0,379.359102992297,407.51626189637665,0,48.43509100877088,True,shock
4,rice,China,E.Asia,390.3902722852736,212.95032781910146,-0.9503278191014601,212.0,0.0,0.0,90.0,1.0,379.359102992297,407.51626189637665,0,48.43509100877088,True,shock
4,rice,Egypt,MENA,400.41789933635437,4.000000781921174,-7.819211740311971e-07,4.0,0.0,0.0,0.0,1.0,379.359102992297,407.51626189637665,0,48.43509100877088,True,shock
4,rice,Indonesia,SE.Asia,389.63004035601966,56.27466316203438,-2.274663162034379,54.0,0.0,0.0,0.0,1.0,379.359102992297,407.51626189637665,0,48.43509100877088,True,shock
4,rice,Mexico,N.America,392.99782014237104,0.9905194054254678,-0.7905194054254678,0.2,0.0,0.0,0.0,1.0,379.359102992297,407.51626189637665,0,48.43509100877088,True,shock
4,rice,Nigeria,Africa,404.50720206826946,8.478294480226415,-0.4782944802264151,8.0,0.0,0.0,0.0,1.0,379.359102992297,407.51626189637665,0,48.43509100877088,True,shock
4,rice,RestOfWorld,RoW,409.3839252186285,55.61860483279087,-40.81860483279086,14.800000000000011,0.0,0.0,0.0,1.0,379.359102992297,407.51626189637665,0,48.43509100877088,True,shock
4,maize,USA,N.America,172.1501421466394,311.6087841960565,38.39121580394351,350.0,0.0,52.38278786136324,0.0,1.0,175.13199279685773,200.1547576205613,0,151.40969395655793,True,shock
4,maize,Russia,FSU,192.50023459249832,12.97976391429822,2.0202360857017805,15.0,0.0,2.25,0.0,1.0,175.13199279685773,200.1547576205613,0,151.40969395655793,True,shock
4,maize,EU,Europe,198.46591952272055,84.81490189121901,-19.81490189121901,65.0,0.0,9.597619047619048,0.0,1.0,175.13199279685773,200.1547576205613,0,151.40969395655793,True,shock
4,maize,Ukraine,FSU,187.09712159992006,6.088297730958983,23.911702269041015,30.0,0.0,4.423809523809524,0.0,1.0,175.13199279685773,200.1547576205613,0,151.40969395655793,True,shock
4,maize,Canada,N.America,184.45357329081557,15.240444959207174,-1.2404449592071742,14.0,0.0,2.1,0.0,1.0,175.13199279685773,200.1547576205613,0,151.40969395655793,True,shock
4,maize,Australia,Oceania,207.60518375939944,0.955609455482009,-0.45560945548200904,0.5,0.0,0.075,0.0,1.0,175.13199279685773,200.1547576205613,0,151.40969395655793,True,shock
4,maize,Argentina,S.America,169.57313890755944,12.46000578819634,42.45647371500633,54.91647950320267,0.0,8.54197734135677,0.0,1.0,175.13199279685773,200.1547576205613,0,151.40969395655793,True,shock
4,maize,Brazil,S.America,174.66314148406963,77.64652225000863,42.35347774999137,120.0,0.0,17.847619047619048,0.0,1.0,175.13199279685773,200.1547576205613,0,151.40969395655793,True,shock
4,maize,India,S.Asia,196.72104701666163,29.72342305421359,2.2765769457864096,32.0,0.0,4.8,0.0,1.0,175.13199279685773,200.1547576205613,0,151.40969395655793,True,shock
4,maize,Thailand,SE.Asia,210.12496617339383,5.867089792204447,-0.8670897922044469,5.0,0.0,0.75,0.0,1.0,175.13199279685773,200.1547576205613,0,151.40969395655793,True,shock
4,maize,Vietnam,SE.Asia,211.89014078735974,7.795304969913983,-3.7953049699139827,4.0,0.0,0.6,0.0,1.0,175.13199279685773,200.1547576205613,0,151.40969395655793,True,shock
4,maize,China,E.Asia,207.01849994575502,290.9615826670355,-5.961582667035486,285.0,0.0,0.0,10.0,1.0,175.13199279685773,200.1547576205613,0,151.40969395655793,True,shock
4,maize,Egypt,MENA,200.52142305517108,15.989758560965234,-8.989758560965234,7.0,0.0,0.0,0.0,1.0,175.13199279685773,200.1547576205613,0,151.40969395655793,True,shock
4,maize,Indonesia,SE.Asia,214.14262625106338,23.34616592632293,-0.34616592632292864,23.0,0.0,0.0,0.0,1.0,175.13199279685773,200.1547576205613,0,151.40969395655793,True,shock
4,maize,Mexico,N.America,184.07017798750638,44.94228837174199,-17.942288371741988,27.0,0.0,0.0,0.0,1.0,175.13199279685773,200.1547576205613,0,151.40969395655793,True,shock
4,maize,Nigeria,Africa,198.55434185088643,13.030341980921479,-1.030341980921479,12.0,0.0,0.0,0.0,1.0,175.13199279685773,200.1547576205613,0,151.40969395655793,True,shock
4,maize,RestOfWorld,RoW,202.76614229203548,206.46619399445643,-90.96619399445643,115.5,0.0,0.0,0.0,1.0,175.13199279685773,200.1547576205613,0,151.40969395655793,True,shock
5,wheat,USA,N.America,291.6806359185119,28.345053223820916,16.654946776179084,45.0,0.0,6.441472756181547,0.0,1.0,289.41235751047907,321.9545957869443,3,123.34157889951778,True,shock
5,wheat,Russia,FSU,260.03167100967835,44.602722238388615,9.397277761611385,54.0,40.0,13.109523809523807,0.0,0.6,289.41235751047907,321.9545957869443,3,123.34157889951778,True,shock
5,wheat,EU,Europe,310.1100270681904,113.18978885690633,16.810211143093667,130.0,0.0,18.91428571428571,0.0,1.0,289.41235751047907,321.9545957869443,3,123.34157889951778,True,shock
5,wheat,Ukraine,FSU,270.2437707081682,8.822082149958137,3.6779178500418634,12.5,40.0,3.5547619047619037,0.0,0.5,289.41235751047907,321.9545957869443,3,123.34157889951778,True,shock
5,wheat,Canada,N.America,293.3153552438648,9.560622812735666,24.439377187264334,34.0,0.0,4.808686937376654,0.0,1.0,289.41235751047907,321.9545957869443,3,123.34157889951778,True,shock
5,wheat,Australia,Oceania,285.7932275397487,7.734733765098972,22.265266234901027,30.0,0.0,4.909709199624891,0.0,1.0,289.41235751047907,321.9545957869443,3,123.34157889951778,True,shock
5,wheat,Argentina,S.America,271.79747049496024,5.823653340388691,14.176346659611308,20.0,20.0,2.8940976150369067,0.0,1.0,289.41235751047907,321.9545957869443,3,123.34157889951778,True,shock
5,wheat,Brazil,S.America,307.09592145053546,12.140492402538628,-4.140492402538628,8.0,0.0,1.2,0.0,1.0,289.41235751047907,321.9545957869443,3,123.34157889951778,True,shock
5,wheat,India,S.Asia,303.5120902508825,99.58788666227103,10.353064337728966,109.940951,0.0,16.5,20.468559,1.0,289.41235751047907,321.9545957869443,3,123.34157889951778,True,shock
5,wheat,Thailand,SE.Asia,307.8945560981648,1.905099335651437,-1.905099335651437,0.0,0.0,0.0,0.0,1.0,289.41235751047907,321.9545957869443,3,123.34157889951778,True,shock
5,wheat,Vietnam,SE.Asia,306.5785067206676,2.3851105314386776,-2.3851105314386776,0.0,0.0,0.0,0.0,1.0,289.41235751047907,321.9545957869443,3,123.34157889951778,True,shock
5,wheat,China,E.Asia,298.36190360153995,139.43300583077334,5.5669941692266605,145.0,0.0,0.0,58.0,1.0,289.41235751047907,321.9545957869443,3,123.34157889951778,True,shock
5,wheat,Egypt,MENA,323.7391770590868,18.6259363765694,-9.555623876569399,9.0703125,0.0,0.0,0.0703125,1.0,289.41235751047907,321.9545957869443,3,123.34157889951778,True,shock
5,wheat,Indonesia,SE.Asia,301.3466178398011,10.59400259625,-10.59400259625,0.0,0.0,0.0,0.0,1.0,289.41235751047907,321.9545957869443,3,123.34157889951778,True,shock
5,wheat,Mexico,N.America,304.2280368664549,7.554331662174291,-4.554331662174291,3.0,0.0,0.0,0.0,1.0,289.41235751047907,321.9545957869443,3,123.34157889951778,True,shock
5,wheat,Nigeria,Africa,322.303998293023,5.6183348946511105,-5.518334894651111,0.1,0.0,0.0,0.0,1.0,289.41235751047907,321.9545957869443,3,123.34157889951778,True,shock
5,wheat,RestOfWorld,RoW,326.73747434868835,222.58840682038473,-84.68840682038476,137.89999999999998,0.0,0.0,0.0,1.0,289.41235751047907,321.9545957869443,3,123.34157889951778,True,shock
5,rice,USA,N.America,398.5036960549894,4.005925196004624,2.9940748039953764,7.0,0.0,1.05,0.0,1.0,398.6501485276895,427.0693718866557,0,48.70692783140739,True,shock
5,rice,Russia,FSU,417.69299782662085,1.4963859814477618,-0.4963859814477618,1.0,0.0,0.15,0.0,1.0,398.6501485276895,427.0693718866557,0,48.70692783140739,True,shock
5,rice,EU,Europe,428.9745837122592,4.075396232133241,-2.075396232133241,2.0,0.0,0.3,0.0,1.0,398.6501485276895,427.0693718866557,0,48.70692783140739,True,shock
5,rice,Ukraine,FSU,424.6890231061169,0.2993080196723775,-0.2993080196723775,0.0,0.0,0.0,0.0,1.0,398.6501485276895,427.0693718866557,0,48.70692783140739,True,shock
5,rice,Canada,N.America,412.74967950672675,0.40461034468507606,-0.40461034468507606,0.0,0.0,0.0,0.0,1.0,398.6501485276895,427.0693718866557,0,48.70692783140739,True,shock
5,rice,Australia,Oceania,417.24320118981854,0.5048610238384549,-0.004861023838454881,0.5,0.0,0.075,0.0,1.0,398.6501485276895,427.0693718866557,0,48.70692783140739,True,shock
5,rice,Argentina,S.America,390.25939203407916,1.0053769897696117,0.49462301023038835,1.5,0.0,0.22499999999999998,0.0,1.0,398.6501485276895,427.0693718866557,0,48.70692783140739,True,shock
5,rice,Brazil,S.America,396.15425038938236,11.071821725595225,0.0024564176891672673,11.074278143284392,0.0,1.0233409043346569,0.0,1.0,398.6501485276895,427.0693718866557,0,48.70692783140739,True,shock
5,rice,India,S.Asia,403.144109657573,110.61827601450807,19.510762136998324,130.1290381515064,0.0,18.59386665861186,25.0,1.0,398.6501485276895,427.0693718866557,0,48.70692783140739,True,shock
5,rice,Thailand,SE.Asia,396.44657824278545,20.108690510486234,12.891309489513766,33.0,0.0,4.397619047619048,0.0,1.0,398.6501485276895,427.0693718866557,0,48.70692783140739,True,shock
5,rice,Vietnam,SE.Asia,394.3828749950666,30.186474489237014,12.813525510762986,43.0,0.0,6.008095238095239,0.0,1.0,398.6501485276895,427.0693718866557,0,48.70692783140739,True,shock
5,rice,China,E.Asia,409.6983478519083,212.57662744882046,-0.5766274488204601,212.0,0.0,0.0,88.0,1.0,398.6501485276895,427.0693718866557,0,48.70692783140739,True,shock
5,rice,Egypt,MENA,425.5558945812875,4.042551506327169,-0.042551506327169086,4.0,0.0,0.0,0.0,1.0,398.6501485276895,427.0693718866557,0,48.70692783140739,True,shock
5,rice,Indonesia,SE.Asia,408.9381402852213,56.016102121709686,-2.016102121709686,54.0,0.0,0.0,0.0,1.0,398.6501485276895,427.0693718866557,0,48.70692783140739,True,shock
5,rice,Mexico,N.America,412.3058030503019,1.006659124739257,-0.8066591247392569,0.2,0.0,0.0,0.0,1.0,398.6501485276895,427.0693718866557,0,48.70692783140739,True,shock
5,rice,Nigeria,Africa,423.81655136241073,8.477340059995711,-0.4773400599957114,8.0,0.0,0.0,0.0,1.0,398.6501485276895,427.0693718866557,0,48.70692783140739,True,shock
5,rice,RestOfWorld,RoW,428.69203288380993,56.30690950582076,-41.50690950582075,14.800000000000011,0.0,0.0,0.0,1.0,398.6501485276895,427.0693718866557,0,48.70692783140739,True,shock
5,maize,USA,N.America,185.34880294979163,307.73612872492953,42.26387127507047,350.0,0.0,52.38278786136324,0.0,1.0,188.15100559495713,213.55348526769723,0,155.5596503949773,True,shock
5,maize,Russia,FSU,205.69890105648287,12.966173127582055,2.0338268724179454,15.0,0.0,2.25,0.0,1.0,188.15100559495713,213.55348526769723,0,155.5596503949773,True,shock
5,maize,EU,Europe,211.6645799750794,85.3361863910929,-20.26416203514087,65.07202435595202,0.0,9.525594691667019,0.0,1.0,188.15100559495713,213.55348526769723,0,155.5596503949773,True,shock
5,maize,Ukraine,FSU,200.2957804907925,6.043489320626869,23.95651067937313,30.0,0.0,4.423809523809524,0.0,1.0,188.15100559495713,213.55348526769723,0,155.5596503949773,True,shock
5,maize,Canada,N.America,197.6522183686268,15.210988744631068,-1.2109887446310683,14.0,0.0,2.1,0.0,1.0,188.15100559495713,213.55348526769723,0,155.5596503949773,True,shock
5,maize,Australia,Oceania,220.80378509838593,0.9996444966457976,-0.4996444966457976,0.5,0.0,0.075,0.0,1.0,188.15100559495713,213.55348526769723,0,155.5596503949773,True,shock
5,maize,Argentina,S.America,182.77179737933832,12.361480823398079,42.63851917660192,55.0,0.0,8.54197734135677,0.0,1.0,188.15100559495713,213.55348526769723,0,155.5596503949773,True,shock
5,maize,Brazil,S.America,187.8618013555762,76.87810772157232,43.12189227842768,120.0,0.0,17.847619047619048,0.0,1.0,188.15100559495713,213.55348526769723,0,155.5596503949773,True,shock
5,maize,India,S.Asia,209.91972715057943,30.455185910896873,1.5448140891031272,32.0,0.0,4.8,0.0,1.0,188.15100559495713,213.55348526769723,0,155.5596503949773,True,shock
5,maize,Thailand,SE.Asia,223.32361978446738,5.844992327516943,-0.8449923275169429,5.0,0.0,0.75,0.0,1.0,188.15100559495713,213.55348526769723,0,155.5596503949773,True,shock
5,maize,Vietnam,SE.Asia,225.088792960556,7.763622223186394,-3.7636222231863936,4.0,0.0,0.6,0.0,1.0,188.15100559495713,213.55348526769723,0,155.5596503949773,True,shock
5,maize,China,E.Asia,220.2171592911458,289.24601183043774,-9.246011830437737,280.0,0.0,0.0,5.0,1.0,188.15100559495713,213.55348526769723,0,155.5596503949773,True,shock
5,maize,Egypt,MENA,213.72008311931654,16.079318976093816,-9.079318976093816,7.0,0.0,0.0,0.0,1.0,188.15100559495713,213.55348526769723,0,155.5596503949773,True,shock
5,maize,Indonesia,SE.Asia,227.34119988370009,23.294998413476147,-0.2949984134761472,23.0,0.0,0.0,0.0,1.0,188.15100559495713,213.55348526769723,0,155.5596503949773,True,shock
5,maize,Mexico,N.America,197.26883863168945,44.48547379967243,-17.485473799672427,27.0,0.0,0.0,0.0,1.0,188.15100559495713,213.55348526769723,0,155.5596503949773,True,shock
5,maize,Nigeria,Africa,211.75298019994597,12.98453572203199,-0.9845357220319908,12.0,0.0,0.0,0.0,1.0,188.15100559495713,213.55348526769723,0,155.5596503949773,True,shock
5,maize,RestOfWorld,RoW,215.96480320634518,207.38568580216116,-91.88568580216116,115.5,0.0,0.0,0.0,1.0,188.15100559495713,213.55348526769723,0,155.5596503949773,True,shock
6,wheat,USA,N.America,265.6192885775543,29.033599731593082,19.827021662004288,48.86062139359737,0.0,2.58085136258418,0.0,1.0,269.7400525625658,296.01031004702406,0,130.65385710818674,True,shock
6,wheat,Russia,FSU,273.97032546803234,43.94434600040766,10.971598671527872,54.915944671935534,0.0,12.193579137588273,0.0,0.6,269.7400525625658,296.01031004702406,0,130.65385710818674,True,shock
6,wheat,EU,Europe,284.048679847824,116.20395395033853,19.10469103359071,135.30864498392924,0.0,13.605640730356466,0.0,1.0,269.7400525625658,296.01031004702406,0,130.65385710818674,True,shock
6,wheat,Ukraine,FSU,284.18242203201095,8.688332569244071,4.537099520731763,13.225432089975834,0.0,2.8293298147860697,0.0,0.5,269.7400525625658,296.01031004702406,0,130.65385710818674,True,shock
6,wheat,Canada,N.America,267.2540085921452,9.808344749818808,26.851031001050302,36.65937575086911,0.0,2.1493111865075427,0.0,1.0,269.7400525625658,296.01031004702406,0,130.65385710818674,True,shock
6,wheat,Australia,Oceania,259.7318803076213,7.937854921921144,24.32750461587522,32.265359537796364,0.0,2.6443496618285285,0.0,1.0,269.7400525625658,296.01031004702406,0,130.65385710818674,True,shock
6,wheat,Argentina,S.America,265.7361231833032,5.849250639431254,14.916873587817705,20.76612422724896,0.0,2.1279733877879465,0.0,1.0,269.7400525625658,296.01031004702406,0,130.65385710818674,True,shock
6,wheat,Brazil,S.America,281.0345748198385,12.432047337066097,-4.432047337066097,8.0,0.0,1.2,0.0,1.0,269.7400525625658,296.01031004702406,0,130.65385710818674,True,shock
6,wheat,India,S.Asia,277.4507435365703,102.09331718359762,7.853538716402383,109.9468559,0.0,16.5,20.5217031,1.0,269.7400525625658,296.01031004702406,0,130.65385710818674,True,shock
6,wheat,Thailand,SE.Asia,281.8332126730904,1.943488296154363,-1.943488296154363,0.0,0.0,0.0,0.0,1.0,269.7400525625658,296.01031004702406,0,130.65385710818674,True,shock
6,wheat,Vietnam,SE.Asia,280.51716232993346,2.431852708835492,-2.431852708835492,0.0,0.0,0.0,0.0,1.0,269.7400525625658,296.01031004702406,0,130.65385710818674,True,shock
6,wheat,China,E.Asia,272.3005650697731,142.7356689530713,2.264331046928703,145.0,0.0,0.0,51.0,1.0,269.7400525625658,296.01031004702406,0,130.65385710818674,True,shock
6,wheat,Egypt,MENA,297.67783460752855,19.116812766788055,-10.081656516788055,9.03515625,0.0,0.0,0.03515625,1.0,269.7400525625658,296.01031004702406,0,130.65385710818674,True,shock
6,wheat,Indonesia,SE.Asia,275.28527061160685,10.824494630766209,-10.824494630766209,0.0,0.0,0.0,0.0,1.0,269.7400525625658,296.01031004702406,0,130.65385710818674,True,shock
6,wheat,Mexico,N.America,278.1666907499089,7.743157699378066,-4.743157699378066,3.0,0.0,0.0,0.0,1.0,269.7400525625658,296.01031004702406,0,130.65385710818674,True,shock
6,wheat,Nigeria,Africa,296.2426514955376,5.75528487444041,-5.655284874440411,0.1,0.0,0.0,0.0,1.0,269.7400525625658,296.01031004702406,0,130.65385710818674,True,shock
6,wheat,RestOfWorld,RoW,300.6761272180395,228.44170779250018,-90.5417077925002,137.89999999999998,0.0,0.0,0.0,1.0,269.7400525625658,296.01031004702406,0,130.65385710818674,True,shock
6,rice,USA,N.America,385.1526003973805,4.000743666958416,2.9992563330415836,7.0,0.0,1.05,0.0,1.0,385.26969759484234,413.34859936198325,0,49.7130919250492,True,shock
6,rice,Russia,FSU,404.3418822992341,1.516146679276787,-0.516146679276787,1.0,0.0,0.15,0.0,1.0,385.26969759484234,413.34859936198325,0,49.7130919250492,True,shock
6,rice,EU,Europe,415.623489028036,4.047142678099579,-2.047142678099579,2.0,0.0,0.3,0.0,1.0,385.26969759484234,413.34859936198325,0,49.7130919250492,True,shock
6,rice,Ukraine,FSU,411.337941735111,0.30307609133401286,-0.30307609133401286,0.0,0.0,0.0,0.0,1.0,385.26969759484234,413.34859936198325,0,49.7130919250492,True,shock
6,rice,Canada,N.America,399.3986019314174,0.40221298786075765,-0.40221298786075765,0.0,0.0,0.0,0.0,1.0,385.26969759484234,413.34859936198325,0,49.7130919250492,True,shock
6,rice,Australia,Oceania,403.88414532762164,0.5022964228245739,-0.002296422824573874,0.5,0.0,0.075,0.0,1.0,385.26969759484234,413.34859936198325,0,49.7130919250492,True,shock
6,rice,Argentina,S.America,377.27239693702194,1.0093563338337208,0.4906436661662792,1.5,0.0,0.22499999999999998,0.0,1.0,385.26969759484234,413.34859936198325,0,49.7130919250492,True,shock
6,rice,Brazil,S.America,382.80063277777754,11.09684598544165,0.35481295332788676,11.451658938769537,0.0,0.5716819655651193,0.0,1.0,385.26969759484234,413.34859936198325,0,49.7130919250492,True,shock
6,rice,India,S.Asia,389.79298183480137,110.97859106653056,19.656135614977302,130.63472668150786,0.0,17.959139977103995,25.0,1.0,385.26969759484234,413.34859936198325,0,49.7130919250492,True,shock
6,rice,Thailand,SE.Asia,383.09545046436165,20.217884053648632,13.241431090805271,33.4593151444539,0.0,3.9383039031651434,0.0,1.0,385.26969759484234,413.34859936198325,0,49.7130919250492,True,shock
6,rice,Vietnam,SE.Asia,381.031747314679,30.35354150337634,12.97067111556791,43.32421261894425,0.0,5.683882619150986,0.0,1.0,385.26969759484234,413.34859936198325,0,49.7130919250492,True,shock
6,rice,China,E.Asia,396.34724304132646,213.33404846869163,-1.334048468691634,212.0,0.0,0.0,86.0,1.0,385.26969759484234,413.34859936198325,0,49.7130919250492,True,shock
6,rice,Egypt,MENA,412.2051638921738,4.03771482941874,-0.03771482941874016,4.0,0.0,0.0,0.0,1.0,385.26969759484234,413.34859936198325,0,49.7130919250492,True,shock
6,rice,Indonesia,SE.Asia,395.5870153619243,56.29643263464025,-2.2964326346402473,54.0,0.0,0.0,0.0,1.0,385.26969759484234,413.34859936198325,0,49.7130919250492,True,shock
6,rice,Mexico,N.America,398.95471488631335,1.0050517361037956,-0.8050517361037957,0.2,0.0,0.0,0.0,1.0,385.26969759484234,413.34859936198325,0,49.7130919250492,True,shock
6,rice,Nigeria,Africa,410.8295637021446,8.50564229364977,-0.5056422936497693,8.0,0.0,0.0,0.0,1.0,385.26969759484234,413.34859936198325,0,49.7130919250492,True,shock
6,rice,RestOfWorld,RoW,415.3409050642101,56.26318595198642,-41.46318595198641,14.800000000000011,0.0,0.0,0.0,1.0,385.26969759484234,413.34859936198325,0,49.7130919250492,True,shock
6,maize,USA,N.America,182.41601147792574,308.30565399039074,41.69434600960926,350.0,0.0,52.38278786136324,0.0,1.0,185.2678337451296,210.68892769192394,0,155.16016482649718,True,shock
6,maize,Russia,FSU,202.7661093847638,13.117944273199074,1.8820557268009264,15.0,0.0,2.25,0.0,1.0,185.2678337451296,210.68892769192394,0,155.16016482649718,True,shock
6,maize,EU,Europe,208.73178831826147,84.91849282382333,-19.15511006322393,65.7633827605994,0.0,8.76221193106762,0.0,1.0,185.2678337451296,210.68892769192394,0,155.16016482649718,True,shock
6,maize,Ukraine,FSU,197.36298875738126,6.098680673983529,23.985256434108656,30.083937108092186,0.0,4.339872415717338,0.0,1.0,185.2678337451296,210.68892769192394,0,155.16016482649718,True,shock
6,maize,Canada,N.America,194.71942989610173,15.180822146383727,-1.1808221463837274,14.0,0.0,2.1,0.0,1.0,185.2678337451296,210.68892769192394,0,155.16016482649718,True,shock
6,maize,Australia,Oceania,217.871003932681,0.9815304625896915,-0.48153046258969145,0.5,0.0,0.075,0.0,1.0,185.2678337451296,210.68892769192394,0,155.16016482649718,True,shock
6,maize,Argentina,S.America,179.83900541110987,12.395162560086948,42.604837439913055,55.0,0.0,8.54197734135677,0.0,1.0,185.2678337451296,210.68892769192394,0,155.16016482649718,True,shock
6,maize,Brazil,S.America,184.92900911047641,76.92898963681886,43.071010363181145,120.0,0.0,17.847619047619048,0.0,1.0,185.2678337451296,210.68892769192394,0,155.16016482649718,True,shock
6,maize,India,S.Asia,206.98692318036166,30.07751572431653,1.9224842756834697,32.0,0.0,4.8,0.0,1.0,185.2678337451296,210.68892769192394,0,155.16016482649718,True,shock
6,maize,Thailand,SE.Asia,220.39081996368364,5.829651795749472,-0.8296517957494718,5.0,0.0,0.75,0.0,1.0,185.2678337451296,210.68892769192394,0,155.16016482649718,True,shock
6,maize,Vietnam,SE.Asia,222.1560024420286,7.743358573937668,-3.743358573937668,4.0,0.0,0.6,0.0,1.0,185.2678337451296,210.68892769192394,0,155.16016482649718,True,shock
6,maize,China,E.Asia,217.28436852759023,288.61244811431396,-11.112448114313963,277.5,0.0,0.0,2.5,1.0,185.2678337451296,210.68892769192394,0,155.16016482649718,True,shock
6,maize,Egypt,MENA,210.78729110495996,16.001768967203827,-9.001768967203827,7.0,0.0,0.0,0.0,1.0,185.2678337451296,210.68892769192394,0,155.16016482649718,True,shock
6,maize,Indonesia,SE.Asia,224.40842572505926,23.225244651345008,-0.22524465134500815,23.0,0.0,0.0,0.0,1.0,185.2678337451296,210.68892769192394,0,155.16016482649718,True,shock
6,maize,Mexico,N.America,194.33604722095006,44.52863062162839,-17.528630621628388,27.0,0.0,0.0,0.0,1.0,185.2678337451296,210.68892769192394,0,155.16016482649718,True,shock
6,maize,Nigeria,Africa,208.82019249091388,12.959882551099115,-0.9598825510991151,12.0,0.0,0.0,0.0,1.0,185.2678337451296,210.68892769192394,0,155.16016482649718,True,shock
6,maize,RestOfWorld,RoW,213.03201076813227,206.4415423018217,-90.9415423018217,115.5,0.0,0.0,0.0,1.0,185.2678337451296,210.68892769192394,0,155.16016482649718,True,shock
7,wheat,USA,N.America,276.1889890550213,28.793386741978534,18.019557360543597,46.81294410252213,0.0,0.7679072600620489,0.0,1.0,275.7158423052637,306.5329751491164,3,127.91139817416334,True,shock
7,wheat,Russia,FSU,264.5400218187169,44.39289708344511,11.253167583928011,55.646064667373125,20.0,10.547514470215148,0.0,0.6,275.7158423052637,306.5329751491164,3,127.91139817416334,True,shock
7,wheat,EU,Europe,294.6183801572512,115.02624623851295,18.234721463816072,133.26096770232903,0.0,10.344673028027435,0.0,1.0,275.7158423052637,306.5329751491164,3,127.91139817416334,True,shock
7,wheat,Ukraine,FSU,274.7521213752155,8.779841752496363,4.810650253103924,13.590492005600288,20.0,1.7388378091857817,0.0,0.5,275.7158423052637,306.5329751491164,3,127.91139817416334,True,shock
7,wheat,Canada,N.America,277.82371066147147,9.71312771436018,25.581129878561715,35.294257592921895,0.0,0.8550535935856507,0.0,1.0,275.7158423052637,306.5329751491164,3,127.91139817416334,True,shock
7,wheat,Australia,Oceania,270.30158147223057,7.857190021469564,23.043051327977267,30.90024134944683,0.0,1.7441083123816985,0.0,1.0,275.7158423052637,306.5329751491164,3,127.91139817416334,True,shock
7,wheat,Argentina,S.America,256.30582366146035,5.914186379983277,14.693188274817523,20.6073746548008,20.0,1.5205987329871475,0.0,1.0,275.7158423052637,306.5329751491164,3,127.91139817416334,True,shock
7,wheat,Brazil,S.America,291.6042763387164,12.330196557790996,-4.330196557790996,8.0,0.0,1.2,0.0,1.0,275.7158423052637,306.5329751491164,3,127.91139817416334,True,shock
7,wheat,India,S.Asia,288.02044259361577,101.13724104323283,8.814929266767166,109.95217031,0.0,16.5,20.56953279,1.0,275.7158423052637,306.5329751491164,3,127.91139817416334,True,shock
7,wheat,Thailand,SE.Asia,292.40292754609754,1.9315155249883862,-1.9315155249883862,0.0,0.0,0.0,0.0,1.0,275.7158423052637,306.5329751491164,3,127.91139817416334,True,shock
7,wheat,Vietnam,SE.Asia,291.086873783798,2.417673206613822,-2.417673206613822,0.0,0.0,0.0,0.0,1.0,275.7158423052637,306.5329751491164,3,127.91139817416334,True,shock
7,wheat,China,E.Asia,282.870255618044,141.53900192313097,3.460998076869032,145.0,0.0,0.0,44.0,1.0,275.7158423052637,306.5329751491164,3,127.91139817416334,True,shock
7,wheat,Egypt,MENA,308.24753267398785,18.927810125791613,-9.910232000791613,9.017578125,0.0,0.0,0.017578125,1.0,275.7158423052637,306.5329751491164,3,127.91139817416334,True,shock
7,wheat,Indonesia,SE.Asia,285.8549715958648,10.74616079961797,-10.74616079961797,0.0,0.0,0.0,0.0,1.0,275.7158423052637,306.5329751491164,3,127.91139817416334,True,shock
7,wheat,Mexico,N.America,288.73639509255787,7.674602687890554,-4.674602687890554,3.0,0.0,0.0,0.0,1.0,275.7158423052637,306.5329751491164,3,127.91139817416334,True,shock
7,wheat,Nigeria,Africa,306.8123541346561,5.7055188964810295,-5.60551889648103,0.1,0.0,0.0,0.0,1.0,275.7158423052637,306.5329751491164,3,127.91139817416334,True,shock
7,wheat,RestOfWorld,RoW,311.24582717699906,226.19549381221006,-88.29549381221008,137.89999999999998,0.0,0.0,0.0,1.0,275.7158423052637,306.5329751491164,3,127.91139817416334,True,shock
7,rice,USA,N.America,393.36188703253123,4.000543739527406,2.999456260472594,7.0,0.0,1.05,0.0,1.0,393.5128578732165,421.82184072917113,0,48.881751063520575,True,shock
7,rice,Russia,FSU,412.5511471151811,1.5035737114823762,-0.5035737114823762,1.0,0.0,0.15,0.0,1.0,393.5128578732165,421.82184072917113,0,48.881751063520575,True,shock
7,rice,EU,Europe,423.8327868170905,4.054792097058992,-2.054792097058992,2.0,0.0,0.3,0.0,1.0,393.5128578732165,421.82184072917113,0,48.881751063520575,True,shock
7,rice,Ukraine,FSU,419.54728919840863,0.300702177316291,-0.300702177316291,0.0,0.0,0.0,0.0,1.0,393.5128578732165,421.82184072917113,0,48.881751063520575,True,shock
7,rice,Canada,N.America,407.60796374578234,0.4028576203170919,-0.4028576203170919,0.0,0.0,0.0,0.0,1.0,393.5128578732165,421.82184072917113,0,48.881751063520575,True,shock
7,rice,Australia,Oceania,412.1045476183531,0.5027197675383401,-0.0027197675383401343,0.5,0.0,0.075,0.0,1.0,393.5128578732165,421.82184072917113,0,48.881751063520575,True,shock
7,rice,Argentina,S.America,385.11618175145435,1.0036969976048935,0.4963030023951065,1.5,0.0,0.22499999999999998,0.0,1.0,393.5128578732165,421.82184072917113,0,48.881751063520575,True,shock
7,rice,Brazil,S.America,391.0098391391442,11.07528265425956,0.02663868039651973,11.10192133465608,0.0,0.4697606309090389,0.0,1.0,393.5128578732165,421.82184072917113,0,48.881751063520575,True,shock
7,rice,India,S.Asia,398.00220577252765,110.6866642968044,19.59838998934515,130.28505428614955,0.0,17.674085690954435,25.0,1.0,393.5128578732165,421.82184072917113,0,48.881751063520575,True,shock
7,rice,Thailand,SE.Asia,391.3046746221954,20.147160602529173,12.962482147727922,33.109642750257095,0.0,3.8286611529080514,0.0,1.0,393.5128578732165,421.82184072917113,0,48.881751063520575,True,shock
7,rice,Vietnam,SE.Asia,389.24097037576666,30.2459981839121,12.798476521728794,43.044474705640894,0.0,5.639407913510093,0.0,1.0,393.5128578732165,421.82184072917113,0,48.881751063520575,True,shock
7,rice,China,E.Asia,404.5564762818125,212.76503758836074,-0.765037588360741,212.0,0.0,0.0,84.0,1.0,393.5128578732165,421.82184072917113,0,48.881751063520575,True,shock
7,rice,Egypt,MENA,420.414502291174,4.035167572383429,-0.03516757238342905,4.0,0.0,0.0,0.0,1.0,393.5128578732165,421.82184072917113,0,48.881751063520575,True,shock
7,rice,Indonesia,SE.Asia,403.7962441388071,56.10953649211442,-2.1095364921144224,54.0,0.0,0.0,0.0,1.0,393.5128578732165,421.82184072917113,0,48.881751063520575,True,shock
7,rice,Mexico,N.America,407.16403279340375,1.0049688457318195,-0.8049688457318196,0.2,0.0,0.0,0.0,1.0,393.5128578732165,421.82184072917113,0,48.881751063520575,True,shock
7,rice,Nigeria,Africa,418.67336453307007,8.484658310220645,-0.4846583102206452,8.0,0.0,0.0,0.0,1.0,393.5128578732165,421.82184072917113,0,48.881751063520575,True,shock
7,rice,RestOfWorld,RoW,423.55012884289494,56.217732419542045,-41.417732419542034,14.800000000000011,0.0,0.0,0.0,1.0,393.5128578732165,421.82184072917113,0,48.881751063520575,True,shock
7,maize,USA,N.America,184.92854259979376,307.4862298125678,42.513770187432215,350.0,0.0,52.38278786136324,0.0,1.0,187.75741401451904,213.25334371553993,0,156.17521189764446,True,shock
7,maize,Russia,FSU,205.27863505133197,13.00468159444615,1.9953184055538493,15.0,0.0,2.25,0.0,1.0,187.75741401451904,213.25334371553993,0,156.17521189764446,True,shock
7,maize,EU,Europe,211.2443199349126,84.92296293234119,-19.31320259186083,65.60976034048036,0.0,8.152451590587257,0.0,1.0,187.75741401451904,213.25334371553993,0,156.17521189764446,True,shock
7,maize,Ukraine,FSU,199.87552197721706,6.056504695977187,23.95062120004947,30.007125896026654,0.0,4.3327465196906845,0.0,1.0,187.75741401451904,213.25334371553993,0,156.17521189764446,True,shock
7,maize,Canada,N.America,197.2319741669309,15.163775653599295,-1.163775653599295,14.0,0.0,2.1,0.0,1.0,187.75741401451904,213.25334371553993,0,156.17521189764446,True,shock
7,maize,Australia,Oceania,220.38358589382017,0.9870697827631398,-0.48706978276313984,0.5,0.0,0.075,0.0,1.0,187.75741401451904,213.25334371553993,0,156.17521189764446,True,shock
7,maize,Argentina,S.America,182.35153915799572,12.32882654703826,42.67117345296174,55.0,0.0,8.54197734135677,0.0,1.0,187.75741401451904,213.25334371553993,0,156.17521189764446,True,shock
7,maize,Brazil,S.America,187.44154177553597,76.76784508932988,43.23215491067012,120.0,0.0,17.847619047619048,0.0,1.0,187.75741401451904,213.25334371553993,0,156.17521189764446,True,shock
7,maize,India,S.Asia,209.4994475399167,30.18783178186168,1.8121682181383214,32.0,0.0,4.8,0.0,1.0,187.75741401451904,213.25334371553993,0,156.17521189764446,True,shock
7,maize,Thailand,SE.Asia,222.9033673715624,5.827146854265903,-0.8271468542659033,5.0,0.0,0.75,0.0,1.0,187.75741401451904,213.25334371553993,0,156.17521189764446,True,shock
7,maize,Vietnam,SE.Asia,224.66854158677572,7.740198777494661,-3.740198777494661,4.0,0.0,0.6,0.0,1.0,187.75741401451904,213.25334371553993,0,156.17521189764446,True,shock
7,maize,China,E.Asia,219.7969006145392,288.35656373076205,-12.106563730762048,276.25,0.0,0.0,1.25,1.0,187.75741401451904,213.25334371553993,0,156.17521189764446,True,shock
7,maize,Egypt,MENA,213.29982340383654,16.00374929206857,-9.00374929206857,7.0,0.0,0.0,0.0,1.0,187.75741401451904,213.25334371553993,0,156.17521189764446,True,shock
7,maize,Indonesia,SE.Asia,226.9210267999653,23.216547459207224,-0.21654745920722362,23.0,0.0,0.0,0.0,1.0,187.75741401451904,213.25334371553993,0,156.17521189764446,True,shock
7,maize,Mexico,N.America,196.84857845375262,44.42520351664326,-17.425203516643258,27.0,0.0,0.0,0.0,1.0,187.75741401451904,213.25334371553993,0,156.17521189764446,True,shock
7,maize,Nigeria,Africa,211.33274262485037,12.94689553044311,-0.9468955304431095,12.0,0.0,0.0,0.0,1.0,187.75741401451904,213.25334371553993,0,156.17521189764446,True,shock
7,maize,RestOfWorld,RoW,215.54454254925352,206.4448531856977,-90.9448531856977,115.5,0.0,0.0,0.0,1.0,187.75741401451904,213.25334371553993,0,156.17521189764446,True,shock
8,wheat,USA,N.America,206.46242574300769,30.59533524720956,15.172572012852484,45.767907260062046,0.0,0.0,0.0,1.0,211.84699432836908,236.82868311354247,0,151.12131725727227,True,shock
8,wheat,Russia,FSU,214.81345680679456,46.54450820889266,44.60758817208775,91.15209638098041,0.0,9.395418089234738,0.0,1.0,211.84699432836908,236.82868311354247,0,151.12131725727227,True,shock
8,wheat,EU,Europe,224.89181724357252,123.0607469053471,11.030697249865497,134.0914441552126,0.0,6.253228872814844,0.0,1.0,211.84699432836908,236.82868311354247,0,151.12131725727227,True,shock
8,wheat,Ukraine,FSU,225.02555484487294,9.203070157621951,16.640437783157502,25.843507940779453,0.0,0.895329868406327,0.0,1.0,211.84699432836908,236.82868311354247,0,151.12131725727227,True,shock
8,wheat,Canada,N.America,208.09714403111752,10.371379017199951,24.483674576385702,34.85505359358565,0.0,0.0,0.0,1.0,211.84699432836908,236.82868311354247,0,151.12131725727227,True,shock
8,wheat,Australia,Oceania,200.57502098655672,8.396631410738326,23.057260952092804,31.45389236283113,0.0,0.29021594955056895,0.0,1.0,211.84699432836908,236.82868311354247,0,151.12131725727227,True,shock
8,wheat,Argentina,S.America,206.57926291037884,6.182446653611578,14.177943966093338,20.360390619704916,0.0,1.1602081132822333,0.0,1.0,211.84699432836908,236.82868311354247,0,151.12131725727227,True,shock
8,wheat,Brazil,S.America,221.87771417975833,13.114300203671041,-5.114300203671041,8.0,0.0,1.2,0.0,1.0,211.84699432836908,236.82868311354247,0,151.12131725727227,True,shock
8,wheat,India,S.Asia,218.29389142408795,108.00608368808798,1.9508695909120206,109.956953279,0.0,16.5,20.612579511,1.0,211.84699432836908,236.82868311354247,0,151.12131725727227,True,shock
8,wheat,Thailand,SE.Asia,222.67634550662066,2.043878061810631,-2.043878061810631,0.0,0.0,0.0,0.0,1.0,211.84699432836908,236.82868311354247,0,151.12131725727227,True,shock
8,wheat,Vietnam,SE.Asia,221.36029701306805,2.55599027069439,-2.55599027069439,0.0,0.0,0.0,0.0,1.0,211.84699432836908,236.82868311354247,0,151.12131725727227,True,shock
8,wheat,China,E.Asia,226.91903296381255,148.58160508307267,-3.581605083072674,145.0,0.0,0.0,37.0,1.0,211.84699432836908,236.82868311354247,0,151.12131725727227,True,shock
8,wheat,Egypt,MENA,238.52096604395504,20.242358213739145,-11.233569151239145,9.0087890625,0.0,0.0,0.0087890625,1.0,211.84699432836908,236.82868311354247,0,151.12131725727227,True,shock
8,wheat,Indonesia,SE.Asia,216.12841112062287,11.399191639330875,-11.399191639330875,0.0,0.0,0.0,0.0,1.0,211.84699432836908,236.82868311354247,0,151.12131725727227,True,shock
8,wheat,Mexico,N.America,219.0098257166854,8.172783013157485,-5.172783013157485,3.0,0.0,0.0,0.0,1.0,211.84699432836908,236.82868311354247,0,151.12131725727227,True,shock
8,wheat,Nigeria,Africa,237.08579029468024,6.079149766347036,-5.979149766347036,0.1,0.0,0.0,0.0,1.0,211.84699432836908,236.82868311354247,0,151.12131725727227,True,shock
8,wheat,RestOfWorld,RoW,241.51926344005753,241.940577114124,-104.04057711412403,137.89999999999998,0.0,0.0,0.0,1.0,211.84699432836908,236.82868311354247,0,151.12131725727227,True,shock
8,rice,USA,N.America,372.11112466899937,3.952873491631485,3.047126508368515,7.0,0.0,1.05,0.0,1.0,372.2567022295158,400.17443897677464,0,49.243932652447434,True,shock
8,rice,Russia,FSU,391.3006984455831,1.4778845423737819,-0.47788454237378186,1.0,0.0,0.15,0.0,1.0,372.2567022295158,400.17443897677464,0,49.243932652447434,True,shock
8,rice,EU,Europe,402.58201082848257,3.9476258603493424,-1.9476258603493424,2.0,0.0,0.3,0.0,1.0,372.2567022295158,400.17443897677464,0,49.243932652447434,True,shock
8,rice,Ukraine,FSU,398.29672441853586,0.2956009747746065,-0.2956009747746065,0.0,0.0,0.0,0.0,1.0,372.2567022295158,400.17443897677464,0,49.243932652447434,True,shock
8,rice,Canada,N.America,386.3570731949245,0.3932072288456964,-0.3932072288456964,0.0,0.0,0.0,0.0,1.0,372.2567022295158,400.17443897677464,0,49.243932652447434,True,shock
8,rice,Australia,Oceania,365.5343249970734,0.4984412301798883,0.0015587698201117162,0.5,0.0,0.075,0.0,1.0,372.2567022295158,400.17443897677464,0,49.243932652447434,True,shock
8,rice,Argentina,S.America,363.9125469702887,0.9980531260716727,0.5019468739283273,1.5,0.0,0.22499999999999998,0.0,1.0,372.2567022295158,400.17443897677464,0,49.243932652447434,True,shock
8,rice,Brazil,S.America,369.7595450812551,11.056763504673127,0.26016085373303177,11.316924358406158,0.0,0.1528362725028813,0.0,1.0,372.2567022295158,400.17443897677464,0,49.243932652447434,True,shock
8,rice,India,S.Asia,376.75182844565586,110.84311986450959,19.656937905723282,130.50005777023287,0.0,17.174027920721567,25.0,1.0,372.2567022295158,400.17443897677464,0,49.243932652447434,True,shock
8,rice,Thailand,SE.Asia,370.0542969162884,20.29237266165357,13.032273578451548,33.32464624010512,0.0,3.5040149128029325,0.0,1.0,372.2567022295158,400.17443897677464,0,49.243932652447434,True,shock
8,rice,Vietnam,SE.Asia,367.99059444645405,30.472774306434996,12.743703168104876,43.21647747453987,0.0,5.422930438970218,0.0,1.0,372.2567022295158,400.17443897677464,0,49.243932652447434,True,shock
8,rice,China,E.Asia,383.30608524469216,213.51415363035093,-1.5141536303509326,212.0,0.0,0.0,82.0,1.0,372.2567022295158,400.17443897677464,0,49.243932652447434,True,shock
8,rice,Egypt,MENA,394.99602329123286,4.000025126401635,-2.5126401634878448e-05,4.0,0.0,0.0,0.0,1.0,372.2567022295158,400.17443897677464,0,49.243932652447434,True,shock
8,rice,Indonesia,SE.Asia,382.54585918449044,56.44692324186259,-2.446923241862592,54.0,0.0,0.0,0.0,1.0,372.2567022295158,400.17443897677464,0,49.243932652447434,True,shock
8,rice,Mexico,N.America,385.9132177543801,0.9924526080209675,-0.7924526080209675,0.2,0.0,0.0,0.0,1.0,372.2567022295158,400.17443897677464,0,49.243932652447434,True,shock
8,rice,Nigeria,Africa,397.46970130548084,8.500683613643599,-0.5006836136435986,8.0,0.0,0.0,0.0,1.0,372.2567022295158,400.17443897677464,0,49.243932652447434,True,shock
8,rice,RestOfWorld,RoW,402.2997514314838,55.6751508315067,-40.87515083150669,14.800000000000011,0.0,0.0,0.0,1.0,372.2567022295158,400.17443897677464,0,49.243932652447434,True,shock
8,maize,USA,N.America,175.12296933083647,309.9274658046322,40.07253419536778,350.0,0.0,52.38278786136324,0.0,1.0,178.1427922070231,203.44563850383372,0,154.3810293803383,True,shock
8,maize,Russia,FSU,195.47306972172257,12.835177515538994,2.1648224844610056,15.0,0.0,2.25,0.0,1.0,178.1427922070231,203.44563850383372,0,154.3810293803383,True,shock
8,maize,EU,Europe,201.4387447566024,84.0746624248098,-18.333293285362004,65.7413691394478,0.0,7.411082451139453,0.0,1.0,178.1427922070231,203.44563850383372,0,154.3810293803383,True,shock
8,maize,Ukraine,FSU,190.069943852714,6.03525841879313,24.03767191870541,30.07293033749854,0.0,4.259816182192142,0.0,1.0,178.1427922070231,203.44563850383372,0,154.3810293803383,True,shock
8,maize,Canada,N.America,187.42637711805725,15.129671733241855,-1.1296717332418549,14.0,0.0,2.1,0.0,1.0,178.1427922070231,203.44563850383372,0,154.3810293803383,True,shock
8,maize,Australia,Oceania,210.57791938025144,0.9408587904944987,-0.4408587904944987,0.5,0.0,0.075,0.0,1.0,178.1427922070231,203.44563850383372,0,154.3810293803383,True,shock
8,maize,Argentina,S.America,172.54595888248994,12.374785967971642,42.62521403202836,55.0,0.0,8.54197734135677,0.0,1.0,178.1427922070231,203.44563850383372,0,154.3810293803383,True,shock
8,maize,Brazil,S.America,177.63596329350617,77.16757455977529,42.83242544022471,120.0,0.0,17.847619047619048,0.0,1.0,178.1427922070231,203.44563850383372,0,154.3810293803383,True,shock
8,maize,India,S.Asia,199.69387318782742,29.351921561604357,2.6480784383956433,32.0,0.0,4.8,0.0,1.0,178.1427922070231,203.44563850383372,0,154.3810293803383,True,shock
8,maize,Thailand,SE.Asia,213.09775737753384,5.820207529979663,-0.8202075299796627,5.0,0.0,0.75,0.0,1.0,178.1427922070231,203.44563850383372,0,154.3810293803383,True,shock
8,maize,Vietnam,SE.Asia,214.8629517871326,7.732788168217825,-3.7327881682178248,4.0,0.0,0.6,0.0,1.0,178.1427922070231,203.44563850383372,0,154.3810293803383,True,shock
8,maize,China,E.Asia,209.9913263769628,288.74182292924695,-13.11682292924695,275.625,0.0,0.0,0.625,1.0,178.1427922070231,203.44563850383372,0,154.3810293803383,True,shock
8,maize,Egypt,MENA,203.49424651538897,15.851693240904694,-8.851693240904694,7.0,0.0,0.0,0.0,1.0,178.1427922070231,203.44563850383372,0,154.3810293803383,True,shock
8,maize,Indonesia,SE.Asia,217.11528492596912,23.15558286173553,-0.1555828617355317,23.0,0.0,0.0,0.0,1.0,178.1427922070231,203.44563850383372,0,154.3810293803383,True,shock
8,maize,Mexico,N.America,187.04300467401205,44.67720451865048,-17.677204518650477,27.0,0.0,0.0,0.0,1.0,178.1427922070231,203.44563850383372,0,154.3810293803383,True,shock
8,maize,Nigeria,Africa,201.52713466706894,12.933931455018998,-0.9339314550189979,12.0,0.0,0.0,0.0,1.0,178.1427922070231,203.44563850383372,0,154.3810293803383,True,shock
8,maize,RestOfWorld,RoW,205.73896517849224,204.68869199633033,-89.18869199633033,115.5,0.0,0.0,0.0,1.0,178.1427922070231,203.44563850383372,0,154.3810293803383,True,shock
9,wheat,USA,N.America,222.23298860374118,30.217093988380462,14.347810891427287,44.56490487980775,0.0,0.43509512019224844,0.0,1.0,227.62075464261892,252.66501234175425,0,145.01679671801855,True,shock
9,wheat,Russia,FSU,230.58402116429983,45.86444645088785,44.13555354911215,90.0,0.0,9.395418089234738,0.0,1.0,227.62075464261892,252.66501234175425,0,145.01679671801855,True,shock
9,wheat,EU,Europe,240.66237980297737,121.27973809049752,8.720261909502483,130.0,0.0,6.253228872814844,0.0,1.0,227.62075464261892,252.66501234175425,0,145.01679671801855,True,shock
9,wheat,Ukraine,FSU,240.79612047094918,9.069292329574681,15.930707670425319,25.0,0.0,0.895329868406327,0.0,1.0,227.62075464261892,252.66501234175425,0,145.01679671801855,True,shock
9,wheat,Canada,N.America,223.86770982350743,10.226583806223692,23.56898088112056,33.79556468734425,0.0,0.20443531265574677,0.0,1.0,227.62075464261892,252.66501234175425,0,145.01679671801855,True,shock
9,wheat,Australia,Oceania,216.34558130913473,8.275197051162767,21.12635166718068,29.401548718343445,0.0,0.8886672312071231,0.0,1.0,227.62075464261892,252.66501234175425,0,145.01679671801855,True,shock
9,wheat,Argentina,S.America,222.34982353082663,6.098159542185429,13.75986877213402,19.858028314319448,0.0,1.3021797989627868,0.0,1.0,227.62075464261892,252.66501234175425,0,145.01679671801855,True,shock
9,wheat,Brazil,S.America,237.64827600861867,12.962808509660327,-4.962808509660327,8.0,0.0,1.2,0.0,1.0,227.62075464261892,252.66501234175425,0,145.01679671801855,True,shock
9,wheat,India,S.Asia,234.06444281223514,106.53402966469818,3.4272282864018138,109.9612579511,0.0,16.5,20.6513215599,1.0,227.62075464261892,252.66501234175425,0,145.01679671801855,True,shock
9,wheat,Thailand,SE.Asia,238.4469251125739,2.0233042085350337,-2.0233042085350337,0.0,0.0,0.0,0.0,1.0,227.62075464261892,252.66501234175425,0,145.01679671801855,True,shock
9,wheat,Vietnam,SE.Asia,237.13087190635952,2.531205197289401,-2.531205197289401,0.0,0.0,0.0,0.0,1.0,227.62075464261892,252.66501234175425,0,145.01679671801855,True,shock
9,wheat,China,E.Asia,242.68959487756055,146.70038411754913,-1.7003841175491345,145.0,0.0,0.0,30.0,1.0,227.62075464261892,252.66501234175425,0,145.01679671801855,True,shock
9,wheat,Egypt,MENA,254.29153191444692,19.954622674938467,-10.950228143688467,9.00439453125,0.0,0.0,0.00439453125,1.0,227.62075464261892,252.66501234175425,0,145.01679671801855,True,shock
9,wheat,Indonesia,SE.Asia,231.89897141631656,11.271185699785235,-11.271185699785235,0.0,0.0,0.0,0.0,1.0,227.62075464261892,252.66501234175425,0,145.01679671801855,True,shock
9,wheat,Mexico,N.America,234.78039395082664,8.066334995822082,-5.066334995822082,3.0,0.0,0.0,0.0,1.0,227.62075464261892,252.66501234175425,0,145.01679671801855,True,shock
9,wheat,Nigeria,Africa,252.85635359356795,6.001374493676954,-5.901374493676954,0.1,0.0,0.0,0.0,1.0,227.62075464261892,252.66501234175425,0,145.01679671801855,True,shock
9,wheat,RestOfWorld,RoW,257.28982658808883,238.50993826129755,-100.60993826129757,137.89999999999998,0.0,0.0,0.0,1.0,227.62075464261892,252.66501234175425,0,145.01679671801855,True,shock
9,rice,USA,N.America,381.79409109510925,3.9561344564432277,3.0438655435567723,7.0,0.0,1.05,0.0,1.0,381.95310257451,410.13965439465284,0,48.439369341899635,True,shock
9,rice,Russia,FSU,400.9833742758749,1.4838264907839118,-0.4838264907839118,1.0,0.0,0.15,0.0,1.0,381.95310257451,410.13965439465284,0,48.439369341899635,True,shock
9,rice,EU,Europe,412.2649888802216,3.963319624643356,-1.963319624643356,2.0,0.0,0.3,0.0,1.0,381.95310257451,410.13965439465284,0,48.439369341899635,True,shock
9,rice,Ukraine,FSU,407.97950038554484,0.29677793116671186,-0.29677793116671186,0.0,0.0,0.0,0.0,1.0,381.95310257451,410.13965439465284,0,48.439369341899635,True,shock
9,rice,Canada,N.America,396.0401546926898,0.3945716134248341,-0.3945716134248341,0.0,0.0,0.0,0.0,1.0,381.95310257451,410.13965439465284,0,48.439369341899635,True,shock
9,rice,Australia,Oceania,375.28410062661754,0.49966168065619987,0.00033831934380013085,0.5,0.0,0.075,0.0,1.0,381.95310257451,410.13965439465284,0,48.439369341899635,True,shock
9,rice,Argentina,S.America,373.54845739439185,0.998389359377418,0.501610640622582,1.5,0.0,0.22499999999999998,0.0,1.0,381.95310257451,410.13965439465284,0,48.439369341899635,True,shock
9,rice,Brazil,S.America,386.1357750014688,10.999999098484254,9.015157456104816e-07,11.0,0.0,0.1528362725028813,0.0,1.0,381.95310257451,410.13965439465284,0,48.439369341899635,True,shock
9,rice,India,S.Asia,386.43444090994115,110.54490154562552,19.45509845437448,130.0,0.0,17.174027920721567,25.0,1.0,381.95310257451,410.13965439465284,0,48.439369341899635,True,shock
9,rice,Thailand,SE.Asia,379.7369097017748,20.211789074789234,12.788210925210766,33.0,0.0,3.5040149128029325,0.0,1.0,381.95310257451,410.13965439465284,0,48.439369341899635,True,shock
9,rice,Vietnam,SE.Asia,377.6732057135798,30.349785081941516,12.650214918058484,43.0,0.0,5.422930438970218,0.0,1.0,381.95310257451,410.13965439465284,0,48.439369341899635,True,shock
9,rice,China,E.Asia,392.98870891503816,212.9207104166766,-0.9207104166765987,212.0,0.0,0.0,80.0,1.0,381.95310257451,410.13965439465284,0,48.439369341899635,True,shock
9,rice,Egypt,MENA,405.09294447017646,4.000011477990309,-1.147799030931651e-05,4.0,0.0,0.0,0.0,1.0,381.95310257451,410.13965439465284,0,48.439369341899635,True,shock
9,rice,Indonesia,SE.Asia,392.22847839164876,56.23750139178492,-2.2375013917849174,54.0,0.0,0.0,0.0,1.0,381.95310257451,410.13965439465284,0,48.439369341899635,True,shock
9,rice,Mexico,N.America,395.59623133958183,0.9932949925573148,-0.7932949925573147,0.2,0.0,0.0,0.0,1.0,381.95310257451,410.13965439465284,0,48.439369341899635,True,shock
9,rice,Nigeria,Africa,407.10563532568665,8.477469786213156,-0.47746978621315606,8.0,0.0,0.0,0.0,1.0,381.95310257451,410.13965439465284,0,48.439369341899635,True,shock
9,rice,RestOfWorld,RoW,411.98236393150506,55.67185597743645,-40.87185597743644,14.800000000000011,0.0,0.0,0.0,1.0,381.95310257451,410.13965439465284,0,48.439369341899635,True,shock
9,maize,USA,N.America,178.2390717388091,308.98319372891467,41.01680627108533,350.0,0.0,52.38278786136324,0.0,1.0,181.20258594472156,206.5762658432919,0,155.18350002754687,True,shock
9,maize,Russia,FSU,198.5891650001788,12.889807224734737,2.110192775265263,15.0,0.0,2.25,0.0,1.0,181.20258594472156,206.5762658432919,0,155.18350002754687,True,shock
9,maize,EU,Europe,204.55484885330955,84.1585538945965,-18.93081012163161,65.22774377296489,0.0,7.183338678174565,0.0,1.0,181.20258594472156,206.5762658432919,0,155.18350002754687,True,shock
9,maize,Ukraine,FSU,193.18605065968788,6.042228860538924,23.957771139461077,30.0,0.0,4.259816182192142,0.0,1.0,181.20258594472156,206.5762658432919,0,155.18350002754687,True,shock
9,maize,Canada,N.America,190.54250087092478,15.118025387092256,-1.1180253870922563,14.0,0.0,2.1,0.0,1.0,181.20258594472156,206.5762658432919,0,155.18350002754687,True,shock
9,maize,Australia,Oceania,213.6941049514247,0.949913494132211,-0.44991349413221104,0.5,0.0,0.075,0.0,1.0,181.20258594472156,206.5762658432919,0,155.18350002754687,True,shock
9,maize,Argentina,S.America,175.66206769063945,12.360991085801299,42.6390089141987,55.0,0.0,8.54197734135677,0.0,1.0,181.20258594472156,206.5762658432919,0,155.18350002754687,True,shock
9,maize,Brazil,S.America,180.7520704082772,77.01064086298712,42.98935913701288,120.0,0.0,17.847619047619048,0.0,1.0,181.20258594472156,206.5762658432919,0,155.18350002754687,True,shock
9,maize,India,S.Asia,202.80997620403375,29.52967247619164,2.4703275238083613,32.0,0.0,4.8,0.0,1.0,181.20258594472156,206.5762658432919,0,155.18350002754687,True,shock
9,maize,Thailand,SE.Asia,216.21389151678767,5.819243339010637,-0.8192433390106366,5.0,0.0,0.75,0.0,1.0,181.20258594472156,206.5762658432919,0,155.18350002754687,True,shock
9,maize,Vietnam,SE.Asia,217.9790686152712,7.731535132566466,-3.7315351325664663,4.0,0.0,0.6,0.0,1.0,181.20258594472156,206.5762658432919,0,155.18350002754687,True,shock
9,maize,China,E.Asia,213.10742956965206,288.5733257241381,-13.260825724138101,275.3125,0.0,0.0,0.3125,1.0,181.20258594472156,206.5762658432919,0,155.18350002754687,True,shock
9,maize,Egypt,MENA,206.61035218257237,15.86807617896812,-8.86807617896812,7.0,0.0,0.0,0.0,1.0,181.20258594472156,206.5762658432919,0,155.18350002754687,True,shock
9,maize,Indonesia,SE.Asia,220.23152062171243,23.155607257211546,-0.1556072572115461,23.0,0.0,0.0,0.0,1.0,181.20258594472156,206.5762658432919,0,155.18350002754687,True,shock
9,maize,Mexico,N.America,190.15910747756132,44.563361182301314,-17.563361182301314,27.0,0.0,0.0,0.0,1.0,181.20258594472156,206.5762658432919,0,155.18350002754687,True,shock
9,maize,Nigeria,Africa,204.6432679629373,12.924633758299883,-0.9246337582998834,12.0,0.0,0.0,0.0,1.0,181.20258594472156,206.5762658432919,0,155.18350002754687,True,shock
9,maize,RestOfWorld,RoW,208.85507127897043,204.8614341854794,-89.3614341854794,115.5,0.0,0.0,0.0,1.0,181.20258594472156,206.5762658432919,0,155.18350002754687,True,shock
10,wheat,USA,N.America,220.1768976603538,30.266714502511583,14.733285497488417,45.0,0.0,0.43509512019224844,0.0,1.0,225.46375402701526,250.60200617197057,0,145.7838038023316,True,shock
10,wheat,Russia,FSU,228.5279297565093,45.95286133579045,44.04713866420955,90.0,0.0,9.395418089234738,0.0,1.0,225.46375402701526,250.60200617197057,0,145.7838038023316,True,shock
10,wheat,EU,Europe,238.6062890696719,121.51168445115984,8.488315548840163,130.0,0.0,6.253228872814844,0.0,1.0,225.46375402701526,250.60200617197057,0,145.7838038023316,True,shock
10,wheat,Ukraine,FSU,238.74002884974377,9.086712189974675,15.913287810025325,25.0,0.0,0.895329868406327,0.0,1.0,225.46375402701526,250.60200617197057,0,145.7838038023316,True,shock
10,wheat,Canada,N.America,221.81161816224517,10.24546977899986,23.754530221000138,34.0,0.0,0.20443531265574677,0.0,1.0,225.46375402701526,250.60200617197057,0,145.7838038023316,True,shock
10,wheat,Australia,Oceania,214.28949078006312,8.290941936126803,21.709058063873197,30.0,0.0,0.8886672312071231,0.0,1.0,225.46375402701526,250.60200617197057,0,145.7838038023316,True,shock
10,wheat,Argentina,S.America,220.2937330426513,6.109062526095377,13.890937473904623,20.0,0.0,1.3021797989627868,0.0,1.0,225.46375402701526,250.60200617197057,0,145.7838038023316,True,shock
10,wheat,Brazil,S.America,235.59218518419098,12.973050620525434,-4.973050620525434,8.0,0.0,1.2,0.0,1.0,225.46375402701526,250.60200617197057,0,145.7838038023316,True,shock
10,wheat,India,S.Asia,232.00835339366242,106.7179717730768,3.247160382913208,109.96513215599,0.0,16.5,20.68618940391,1.0,225.46375402701526,250.60200617197057,0,145.7838038023316,True,shock
10,wheat,Thailand,SE.Asia,236.39082985613885,2.025518614802313,-2.025518614802313,0.0,0.0,0.0,0.0,1.0,225.46375402701526,250.60200617197057,0,145.7838038023316,True,shock
10,wheat,Vietnam,SE.Asia,235.07477779975207,2.533798811651646,-2.533798811651646,0.0,0.0,0.0,0.0,1.0,225.46375402701526,250.60200617197057,0,145.7838038023316,True,shock
10,wheat,China,E.Asia,240.6335024054157,146.9337364548114,-1.9337364548113953,145.0,0.0,0.0,23.0,1.0,225.46375402701526,250.60200617197057,0,145.7838038023316,True,shock
10,wheat,Egypt,MENA,252.23543993323923,19.99230596418882,-10.99010869856382,9.002197265625,0.0,0.0,0.002197265625,1.0,225.46375402701526,250.60200617197057,0,145.7838038023316,True,shock
10,wheat,Indonesia,SE.Asia,229.8428808298964,11.286063619845354,-11.286063619845354,0.0,0.0,0.0,0.0,1.0,225.46375402701526,250.60200617197057,0,145.7838038023316,True,shock
10,wheat,Mexico,N.America,232.72430166646168,8.08022974957635,-5.08022974957635,3.0,0.0,0.0,0.0,1.0,225.46375402701526,250.60200617197057,0,145.7838038023316,True,shock
10,wheat,Nigeria,Africa,250.8002623183791,6.011028200208831,-5.911028200208832,0.1,0.0,0.0,0.0,1.0,225.46375402701526,250.60200617197057,0,145.7838038023316,True,shock
10,wheat,RestOfWorld,RoW,255.23373549823674,238.95017889226952,-101.05017889226954,137.89999999999998,0.0,0.0,0.0,1.0,225.46375402701526,250.60200617197057,0,145.7838038023316,True,shock
10,rice,USA,N.America,379.9091926488879,3.957035066384325,3.042964933615675,7.0,0.0,1.05,0.0,1.0,380.0761162329709,408.1878327036425,0,48.65143920878869,True,shock
10,rice,Russia,FSU,399.0985819616762,1.4835296110068994,-0.4835296110068994,1.0,0.0,0.15,0.0,1.0,380.0761162329709,408.1878327036425,0,48.65143920878869,True,shock
10,rice,EU,Europe,410.38008644431864,3.962562248624371,-1.962562248624371,2.0,0.0,0.3,0.0,1.0,380.0761162329709,408.1878327036425,0,48.65143920878869,True,shock
10,rice,Ukraine,FSU,406.0946734115958,0.2967210437276579,-0.2967210437276579,0.0,0.0,0.0,0.0,1.0,380.0761162329709,408.1878327036425,0,48.65143920878869,True,shock
10,rice,Canada,N.America,394.15522924521065,0.39452391277792015,-0.39452391277792015,0.0,0.0,0.0,0.0,1.0,380.0761162329709,408.1878327036425,0,48.65143920878869,True,shock
10,rice,Australia,Oceania,373.4926384698357,0.4996347065691724,0.0003652934308275846,0.5,0.0,0.075,0.0,1.0,380.0761162329709,408.1878327036425,0,48.65143920878869,True,shock
10,rice,Argentina,S.America,371.664343545011,0.9986694295776033,0.5013305704223967,1.5,0.0,0.22499999999999998,0.0,1.0,380.0761162329709,408.1878327036425,0,48.65143920878869,True,shock
10,rice,Brazil,S.America,377.5573137835277,11.042935570071501,0.10990070243138028,11.152836272502881,0.0,0.0,0.0,1.0,380.0761162329709,408.1878327036425,0,48.65143920878869,True,shock
10,rice,India,S.Asia,384.54966458759094,110.61820814578171,19.57888435424057,130.19709250002228,0.0,16.9769354206993,25.0,1.0,380.0761162329709,408.1878327036425,0,48.65143920878869,True,shock
10,rice,Thailand,SE.Asia,377.85213334440135,20.228556225040542,12.793124743339277,33.02168096837982,0.0,3.482333944423115,0.0,1.0,380.0761162329709,408.1878327036425,0,48.65143920878869,True,shock
10,rice,Vietnam,SE.Asia,375.7884296017754,30.37520822969792,12.624791770302082,43.0,0.0,5.422930438970218,0.0,1.0,380.0761162329709,408.1878327036425,0,48.65143920878869,True,shock
10,rice,China,E.Asia,391.1039284848734,213.0649008308666,-1.0649008308666055,212.0,0.0,0.0,78.0,1.0,380.0761162329709,408.1878327036425,0,48.65143920878869,True,shock
10,rice,Egypt,MENA,403.7753967042192,4.000042130790541,-4.2130790540717555e-05,4.0,0.0,0.0,0.0,1.0,380.0761162329709,408.1878327036425,0,48.65143920878869,True,shock
10,rice,Indonesia,SE.Asia,390.3437001885522,56.282356011494024,-2.2823560114940236,54.0,0.0,0.0,0.0,1.0,380.0761162329709,408.1878327036425,0,48.65143920878869,True,shock
10,rice,Mexico,N.America,393.7113216391982,0.9935126900996316,-0.7935126900996317,0.2,0.0,0.0,0.0,1.0,380.0761162329709,408.1878327036425,0,48.65143920878869,True,shock
10,rice,Nigeria,Africa,405.2215160841387,8.48320009961022,-0.4832000996102206,8.0,0.0,0.0,0.0,1.0,380.0761162329709,408.1878327036425,0,48.65143920878869,True,shock
10,rice,RestOfWorld,RoW,410.09758755031476,55.6900137887844,-40.89001378878439,14.800000000000011,0.0,0.0,0.0,1.0,380.0761162329709,408.1878327036425,0,48.65143920878869,True,shock
10,maize,USA,N.America,177.86532716889266,309.0901235865626,40.909876413437416,350.0,0.0,52.38278786136324,0.0,1.0,180.83585295684924,206.20859567926962,0,155.11562302658064,True,shock
10,maize,Russia,FSU,198.21542220674039,12.881840297836858,2.118159702163142,15.0,0.0,2.25,0.0,1.0,180.83585295684924,206.20859567926962,0,155.11562302658064,True,shock
10,maize,EU,Europe,204.18110387936568,84.14263323086665,-18.751664957598052,65.3909682732686,0.0,6.792370404905967,0.0,1.0,180.83585295684924,206.20859567926962,0,155.11562302658064,True,shock
10,maize,Ukraine,FSU,192.81230508388086,6.040966296987976,23.959033703012025,30.0,0.0,4.259816182192142,0.0,1.0,180.83585295684924,206.20859567926962,0,155.11562302658064,True,shock
10,maize,Canada,N.America,190.1687514165277,15.118703374035022,-1.1187033740350216,14.0,0.0,2.1,0.0,1.0,180.83585295684924,206.20859567926962,0,155.11562302658064,True,shock
10,maize,Australia,Oceania,213.32034030833213,0.9486512621501838,-0.4486512621501838,0.5,0.0,0.075,0.0,1.0,180.83585295684924,206.20859567926962,0,155.11562302658064,True,shock
10,maize,Argentina,S.America,175.288321629638,12.362011367589561,42.63798863241044,55.0,0.0,8.54197734135677,0.0,1.0,180.83585295684924,206.20859567926962,0,155.11562302658064,True,shock
10,maize,Brazil,S.America,180.37832481008337,77.0082095743354,42.991790425664604,120.0,0.0,17.847619047619048,0.0,1.0,180.83585295684924,206.20859567926962,0,155.11562302658064,True,shock
10,maize,India,S.Asia,202.43623123803076,29.50131915966046,2.4986808403395386,32.0,0.0,4.8,0.0,1.0,180.83585295684924,206.20859567926962,0,155.11562302658064,True,shock
10,maize,Thailand,SE.Asia,215.84013790733513,5.818367868860778,-0.8183678688607783,5.0,0.0,0.75,0.0,1.0,180.83585295684924,206.20859567926962,0,155.11562302658064,True,shock
10,maize,Vietnam,SE.Asia,217.60532010815118,7.7303062535581715,-3.7303062535581715,4.0,0.0,0.6,0.0,1.0,180.83585295684924,206.20859567926962,0,155.11562302658064,True,shock
10,maize,China,E.Asia,212.73368474059913,288.5647285699336,-13.408478569933607,275.15625,0.0,0.0,0.15625,1.0,180.83585295684924,206.20859567926962,0,155.11562302658064,True,shock
10,maize,Egypt,MENA,206.23660680523847,15.865158875732535,-8.865158875732535,7.0,0.0,0.0,0.0,1.0,180.83585295684924,206.20859567926962,0,155.11562302658064,True,shock
10,maize,Indonesia,SE.Asia,219.85775413309892,23.152062303808286,-0.152062303808286,23.0,0.0,0.0,0.0,1.0,180.83585295684924,206.20859567926962,0,155.11562302658064,True,shock
10,maize,Mexico,N.America,189.78536278043504,44.575745671390365,-17.575745671390365,27.0,0.0,0.0,0.0,1.0,180.83585295684924,206.20859567926962,0,155.11562302658064,True,shock
10,maize,Nigeria,Africa,204.26951533257002,12.924526062444787,-0.9245260624447873,12.0,0.0,0.0,0.0,1.0,180.83585295684924,206.20859567926962,0,155.11562302658064,True,shock
10,maize,RestOfWorld,RoW,208.48132585650697,204.82186451751554,-89.32186451751554,115.5,0.0,0.0,0.0,1.0,180.83585295684924,206.20859567926962,0,155.11562302658064,True,shock
11,wheat,USA,N.America,220.28464654529276,30.267251241246974,14.732748758753026,45.0,0.0,0.43509512019224844,0.0,1.0,225.57242696955305,250.7073885857261,0,145.79933701518908,True,shock
11,wheat,Russia,FSU,228.63567875293276,45.94939072686836,44.05060927313164,90.0,0.0,9.395418089234738,0.0,1.0,225.57242696955305,250.7073885857261,0,145.79933701518908,True,shock
11,wheat,EU,Europe,238.7140379585027,121.50354220043796,8.496457799562037,130.0,0.0,6.253228872814844,0.0,1.0,225.57242696955305,250.7073885857261,0,145.79933701518908,True,shock
11,wheat,Ukraine,FSU,238.84777775011437,9.086094554456881,15.913905445543119,25.0,0.0,0.895329868406327,0.0,1.0,225.57242696955305,250.7073885857261,0,145.79933701518908,True,shock
11,wheat,Canada,N.America,221.91936706372425,10.24492483348379,23.75507516651621,34.0,0.0,0.20443531265574677,0.0,1.0,225.57242696955305,250.7073885857261,0,145.79933701518908,True,shock
11,wheat,Australia,Oceania,214.39723961761104,8.29028773821113,21.70971226178887,30.0,0.0,0.8886672312071231,0.0,1.0,225.57242696955305,250.7073885857261,0,145.79933701518908,True,shock
11,wheat,Argentina,S.America,220.40148192764676,6.108896177000827,13.891103822999174,20.0,0.0,1.3021797989627868,0.0,1.0,225.57242696955305,250.7073885857261,0,145.79933701518908,True,shock
11,wheat,Brazil,S.America,235.69993412271887,12.984684586352822,-4.984684586352822,8.0,0.0,1.2,0.0,1.0,225.57242696955305,250.7073885857261,0,145.79933701518908,True,shock
11,wheat,India,S.Asia,232.1161022003136,106.7189830666196,3.249635873771396,109.968618940391,0.0,16.5,20.717570463519,1.0,225.57242696955305,250.7073885857261,0,145.79933701518908,True,shock
11,wheat,Thailand,SE.Asia,236.4985789028985,2.0260336692059577,-2.0260336692059577,0.0,0.0,0.0,0.0,1.0,225.57242696955305,250.7073885857261,0,145.79933701518908,True,shock
11,wheat,Vietnam,SE.Asia,235.18252681619694,2.5345123903120603,-2.5345123903120603,0.0,0.0,0.0,0.0,1.0,225.57242696955305,250.7073885857261,0,145.79933701518908,True,shock
11,wheat,China,E.Asia,240.74125138544414,146.94196881647875,-1.9419688164787487,145.0,0.0,0.0,16.0,1.0,225.57242696955305,250.7073885857261,0,145.79933701518908,True,shock
11,wheat,Egypt,MENA,252.34318910327048,19.990861863511974,-10.989763230699474,9.0010986328125,0.0,0.0,0.0010986328125,1.0,225.57242696955305,250.7073885857261,0,145.79933701518908,True,shock
11,wheat,Indonesia,SE.Asia,229.9506297445315,11.287831390222207,-11.287831390222207,0.0,0.0,0.0,0.0,1.0,225.57242696955305,250.7073885857261,0,145.79933701518908,True,shock
11,wheat,Mexico,N.America,232.8320506303059,8.080178744458282,-5.080178744458282,3.0,0.0,0.0,0.0,1.0,225.57242696955305,250.7073885857261,0,145.79933701518908,True,shock
11,wheat,Nigeria,Africa,250.90801127761142,6.011366265092313,-5.9113662650923136,0.1,0.0,0.0,0.0,1.0,225.57242696955305,250.7073885857261,0,145.79933701518908,True,shock
11,wheat,RestOfWorld,RoW,255.34148444144842,238.9429093092436,-101.04290930924361,137.89999999999998,0.0,0.0,0.0,1.0,225.57242696955305,250.7073885857261,0,145.79933701518908,True,shock
11,rice,USA,N.America,380.67681999469954,3.9558764708829615,3.0441235291170385,7.0,0.0,1.05,0.0,1.0,380.84811043292154,408.98941281131164,0,48.53083951380156,True,shock
11,rice,Russia,FSU,399.8661432235603,1.4830743704881848,-0.4830743704881848,1.0,0.0,0.15,0.0,1.0,380.84811043292154,408.98941281131164,0,48.53083951380156,True,shock
11,rice,EU,Europe,411.1477140090718,3.9613867393303157,-1.9613867393303157,2.0,0.0,0.3,0.0,1.0,380.84811043292154,408.98941281131164,0,48.53083951380156,True,shock
11,rice,Ukraine,FSU,406.86223803906347,0.29663265103174835,-0.29663265103174835,0.0,0.0,0.0,0.0,1.0,380.84811043292154,408.98941281131164,0,48.53083951380156,True,shock
11,rice,Canada,N.America,394.92285755178784,0.39440856055232737,-0.39440856055232737,0.0,0.0,0.0,0.0,1.0,380.84811043292154,408.98941281131164,0,48.53083951380156,True,shock
11,rice,Australia,Oceania,374.020334333718,0.4995334353500637,0.0004665646499362741,0.5,0.0,0.075,0.0,1.0,380.84811043292154,408.98941281131164,0,48.53083951380156,True,shock
11,rice,Argentina,S.America,372.43147343044814,0.998348540856967,0.501651459143033,1.5,0.0,0.22499999999999998,0.0,1.0,380.84811043292154,408.98941281131164,0,48.53083951380156,True,shock
11,rice,Brazil,S.America,385.4539850825613,10.999998193112283,1.8068877167820574e-06,11.0,0.0,0.0,0.0,1.0,380.84811043292154,408.98941281131164,0,48.53083951380156,True,shock
11,rice,India,S.Asia,385.3172256890001,110.57812679429028,19.569602516337085,130.14772931062737,0.0,16.82920611007192,25.0,1.0,380.84811043292154,408.98941281131164,0,48.53083951380156,True,shock
11,rice,Thailand,SE.Asia,378.6196944200587,20.221093328147777,12.778906671852223,33.0,0.0,3.482333944423115,0.0,1.0,380.84811043292154,408.98941281131164,0,48.53083951380156,True,shock
11,rice,Vietnam,SE.Asia,376.55599075231066,30.363990713402927,12.636009286597073,43.0,0.0,5.422930438970218,0.0,1.0,380.84811043292154,408.98941281131164,0,48.53083951380156,True,shock
11,rice,China,E.Asia,391.8714891146597,212.9888198543185,-0.9888198543185069,212.0,0.0,0.0,76.0,1.0,380.84811043292154,408.98941281131164,0,48.53083951380156,True,shock
11,rice,Egypt,MENA,403.8907687891895,4.000022248273534,-2.2248273533698182e-05,4.0,0.0,0.0,0.0,1.0,380.84811043292154,408.98941281131164,0,48.53083951380156,True,shock
11,rice,Indonesia,SE.Asia,391.1112613950801,56.26162610671779,-2.2616261067177916,54.0,0.0,0.0,0.0,1.0,380.84811043292154,408.98941281131164,0,48.53083951380156,True,shock
11,rice,Mexico,N.America,394.47894936608947,0.9932124574209755,-0.7932124574209756,0.2,0.0,0.0,0.0,1.0,380.84811043292154,408.98941281131164,0,48.53083951380156,True,shock
11,rice,Nigeria,Africa,405.9886421697238,8.480158641806685,-0.48015864180668544,8.0,0.0,0.0,0.0,1.0,380.84811043292154,408.98941281131164,0,48.53083951380156,True,shock
11,rice,RestOfWorld,RoW,410.8651487128816,55.67142020463991,-40.8714202046399,14.800000000000011,0.0,0.0,0.0,1.0,380.84811043292154,408.98941281131164,0,48.53083951380156,True,shock
11,maize,USA,N.America,177.97598755087677,309.0451984239696,40.95480157603038,350.0,0.0,52.38278786136324,0.0,1.0,180.94562356767713,206.3220342460899,0,155.15036314091907,True,shock
11,maize,Russia,FSU,198.32608250201037,12.880707978471532,2.1192920215284676,15.0,0.0,2.25,0.0,1.0,180.94562356767713,206.3220342460899,0,155.15036314091907,True,shock
11,maize,EU,Europe,204.29176432968205,84.1327551969904,-18.761364041404576,65.37139115558583,0.0,6.420979249320144,0.0,1.0,180.94562356767713,206.3220342460899,0,155.15036314091907,True,shock
11,maize,Ukraine,FSU,192.9229655200829,6.040278476049188,23.95972152395081,30.0,0.0,4.259816182192142,0.0,1.0,180.94562356767713,206.3220342460899,0,155.15036314091907,True,shock
11,maize,Canada,N.America,190.27941197807655,15.116735572922641,-1.1167355729226411,14.0,0.0,2.1,0.0,1.0,180.94562356767713,206.3220342460899,0,155.15036314091907,True,shock
11,maize,Australia,Oceania,213.43100087980713,0.9486082780672345,-0.44860827806723447,0.5,0.0,0.075,0.0,1.0,180.94562356767713,206.3220342460899,0,155.15036314091907,True,shock
11,maize,Argentina,S.America,175.39898214486578,12.360523941037965,42.63947605896203,55.0,0.0,8.54197734135677,0.0,1.0,180.94562356767713,206.3220342460899,0,155.15036314091907,True,shock
11,maize,Brazil,S.America,180.48898523408818,77.02032048793957,42.97967951206043,120.0,0.0,17.847619047619048,0.0,1.0,180.94562356767713,206.3220342460899,0,155.15036314091907,True,shock
11,maize,India,S.Asia,202.54689143152495,29.502699294296978,2.4973007057030223,32.0,0.0,4.8,0.0,1.0,180.94562356767713,206.3220342460899,0,155.15036314091907,True,shock
11,maize,Thailand,SE.Asia,215.95079790890682,5.818355449411432,-0.818355449411432,5.0,0.0,0.75,0.0,1.0,180.94562356767713,206.3220342460899,0,155.15036314091907,True,shock
11,maize,Vietnam,SE.Asia,217.71598038496953,7.7303544946092675,-3.7303544946092675,4.0,0.0,0.6,0.0,1.0,180.94562356767713,206.3220342460899,0,155.15036314091907,True,shock
11,maize,China,E.Asia,212.84434517354785,288.5422598770195,-13.46413487701949,275.078125,0.0,0.0,0.078125,1.0,180.94562356767713,206.3220342460899,0,155.15036314091907,True,shock
11,maize,Egypt,MENA,206.34726730788304,15.863163802526376,-8.863163802526376,7.0,0.0,0.0,0.0,1.0,180.94562356767713,206.3220342460899,0,155.15036314091907,True,shock
11,maize,Indonesia,SE.Asia,219.9683695219773,23.15151906966613,-0.15151906966612927,23.0,0.0,0.0,0.0,1.0,180.94562356767713,206.3220342460899,0,155.15036314091907,True,shock
11,maize,Mexico,N.America,189.896023203961,44.56942064230693,-17.56942064230693,27.0,0.0,0.0,0.0,1.0,180.94562356767713,206.3220342460899,0,155.15036314091907,True,shock
11,maize,Nigeria,Africa,204.38017617533632,12.923485922366257,-0.9234859223662575,12.0,0.0,0.0,0.0,1.0,180.94562356767713,206.3220342460899,0,155.15036314091907,True,shock
11,maize,RestOfWorld,RoW,208.5919863545869,204.80312924793472,-89.30312924793472,115.5,0.0,0.0,0.0,1.0,180.94562356767713,206.3220342460899,0,155.15036314091907,True,shock
0,wheat,USA,N.America,208.4721649213257,30.255233623700928,15.330480662013361,45.58571428571429,0.0,6.164285714285711,0.0,1.0,213.63200294200004,238.89652248747905,0,145.93866488561295,,counterfactual
0,wheat,Russia,FSU,216.82319728129582,46.373812918379606,44.01666327209659,90.39047619047619,0.0,13.109523809523807,0.0,1.0,213.63200294200004,238.89652248747905,0,145.93866488561295,,counterfactual
0,wheat,EU,Europe,226.90155637337685,122.5128921520421,8.07282213367219,130.5857142857143,0.0,18.91428571428571,0.0,1.0,213.63200294200004,238.89652248747905,0,145.93866488561295,,counterfactual
0,wheat,Ukraine,FSU,227.0352964259766,9.162642809818161,16.032595285419937,25.195238095238096,0.0,3.5547619047619037,0.0,1.0,213.63200294200004,238.89652248747905,0,145.93866488561295,,counterfactual
0,wheat,Canada,N.America,210.10688574099106,10.314409513406954,24.07606667706924,34.39047619047619,0.0,4.709523809523807,0.0,1.0,213.63200294200004,238.89652248747905,0,145.93866488561295,,counterfactual
0,wheat,Australia,Oceania,202.58475790086493,8.371105992262487,22.019370198213707,30.390476190476193,0.0,4.109523809523807,0.0,1.0,213.63200294200004,238.89652248747905,0,145.93866488561295,,counterfactual
0,wheat,Argentina,S.America,208.58900015313623,6.14418803365096,14.051050061587137,20.195238095238096,0.0,2.8047619047619037,0.0,1.0,213.63200294200004,238.89652248747905,0,145.93866488561295,,counterfactual
0,wheat,Brazil,S.America,223.8874524765503,12.988680805435143,-4.988680805435143,8.0,0.0,1.2,0.0,1.0,213.63200294200004,238.89652248747905,0,145.93866488561295,,counterfactual
0,wheat,India,S.Asia,220.30362096623085,107.5604527778921,2.3395472221079103,109.9,0.0,16.5,20.1,1.0,213.63200294200004,238.89652248747905,0,145.93866488561295,,counterfactual
0,wheat,Thailand,SE.Asia,224.6860988006157,2.025578448823584,-2.025578448823584,0.0,0.0,0.0,0.0,1.0,213.63200294200004,238.89652248747905,0,145.93866488561295,,counterfactual
0,wheat,Vietnam,SE.Asia,223.3700463074056,2.53237123889898,-2.53237123889898,0.0,0.0,0.0,0.0,1.0,213.63200294200004,238.89652248747905,0,145.93866488561295,,counterfactual
0,wheat,China,E.Asia,228.92877105715706,147.3152562323241,-2.3152562323240886,145.0,0.0,0.0,93.0,1.0,213.63200294200004,238.89652248747905,0,145.93866488561295,,counterfactual
0,wheat,Egypt,MENA,240.5307076903064,20.146296493564076,-8.896296493564076,11.25,0.0,0.0,2.25,1.0,213.63200294200004,238.89652248747905,0,145.93866488561295,,counterfactual
0,wheat,Indonesia,SE.Asia,218.1381480372974,11.313249044563431,-11.313249044563431,0.0,0.0,0.0,0.0,1.0,213.63200294200004,238.89652248747905,0,145.93866488561295,,counterfactual
0,wheat,Mexico,N.America,221.01956949699607,8.100253125285635,-5.100253125285635,3.0,0.0,0.0,0.0,1.0,213.63200294200004,238.89652248747905,0,145.93866488561295,,counterfactual
0,wheat,Nigeria,Africa,239.0955298905037,6.036801417700991,-5.936801417700991,0.1,0.0,0.0,0.0,1.0,213.63200294200004,238.89652248747905,0,145.93866488561295,,counterfactual
0,wheat,RestOfWorld,RoW,243.52900294996803,240.7301087055841,-102.83010870558411,137.89999999999998,0.0,0.0,0.0,1.0,213.63200294200004,238.89652248747905,0,145.93866488561295,,counterfactual
0,rice,USA,N.America,367.01418406654466,3.940129180840506,3.059870819159494,7.0,0.0,1.05,0.0,1.0,367.11115274922423,394.9698592973834,0,49.64330159740962,,counterfactual
0,rice,Russia,FSU,386.20367209014415,1.4796255778396254,-0.47962557783962545,1.0,0.0,0.15,0.0,1.0,367.11115274922423,394.9698592973834,0,49.64330159740962,,counterfactual
0,rice,EU,Europe,397.485080511767,3.9483098967672947,-1.9483098967672947,2.0,0.0,0.3,0.0,1.0,367.11115274922423,394.9698592973834,0,49.64330159740962,,counterfactual
0,rice,Ukraine,FSU,393.1997831010384,0.2956799649450844,-0.2956799649450844,0.0,0.0,0.0,0.0,1.0,367.11115274922423,394.9698592973834,0,49.64330159740962,,counterfactual
0,rice,Canada,N.America,381.2602301441577,0.3928309759468666,-0.3928309759468666,0.0,0.0,0.0,0.0,1.0,367.11115274922423,394.9698592973834,0,49.64330159740962,,counterfactual
0,rice,Australia,Oceania,360.3478831399782,0.499545732111015,0.0004542678889850049,0.5,0.0,0.075,0.0,1.0,367.11115274922423,394.9698592973834,0,49.64330159740962,,counterfactual
0,rice,Argentina,S.America,359.13398937751185,0.9979060503132386,0.5020939496867614,1.5,0.0,0.22499999999999998,0.0,1.0,367.11115274922423,394.9698592973834,0,49.64330159740962,,counterfactual
0,rice,Brazil,S.America,364.6623708247255,11.058022733218172,0.49435821916278044,11.552380952380952,0.0,1.0976190476190482,0.0,1.0,367.11115274922423,394.9698592973834,0,49.64330159740962,,counterfactual
0,rice,India,S.Asia,371.65474782739824,111.09128169204816,19.4610992603328,130.55238095238096,0.0,18.94761904761905,25.0,1.0,367.11115274922423,394.9698592973834,0,49.64330159740962,,counterfactual
0,rice,Thailand,SE.Asia,364.9572165480359,20.333583013544427,13.218797938836524,33.55238095238095,0.0,4.397619047619048,0.0,1.0,367.11115274922423,394.9698592973834,0,49.64330159740962,,counterfactual
0,rice,Vietnam,SE.Asia,362.89351282978106,30.535335324129466,12.906569437775293,43.44190476190476,0.0,6.008095238095239,0.0,1.0,367.11115274922423,394.9698592973834,0,49.64330159740962,,counterfactual
0,rice,China,E.Asia,378.2090159728124,213.73112941846023,-1.7311294184602275,212.0,0.0,0.0,98.0,1.0,367.11115274922423,394.9698592973834,0,49.64330159740962,,counterfactual
0,rice,Egypt,MENA,392.0335274300013,4.00003521278266,-3.521278266038763e-05,4.0,0.0,0.0,0.0,1.0,367.11115274922423,394.9698592973834,0,49.64330159740962,,counterfactual
0,rice,Indonesia,SE.Asia,377.44878458265225,56.55791158824146,-2.55791158824146,54.0,0.0,0.0,0.0,1.0,367.11115274922423,394.9698592973834,0,49.64330159740962,,counterfactual
0,rice,Mexico,N.America,380.81631722187075,0.9905222153238785,-0.7905222153238785,0.2,0.0,0.0,0.0,1.0,367.11115274922423,394.9698592973834,0,49.64330159740962,,counterfactual
0,rice,Nigeria,Africa,392.6911619220275,8.511900581649787,-0.5119005816497868,8.0,0.0,0.0,0.0,1.0,367.11115274922423,394.9698592973834,0,49.64330159740962,,counterfactual
0,rice,RestOfWorld,RoW,397.2026708824372,55.73529846088459,-40.93529846088458,14.800000000000011,0.0,0.0,0.0,1.0,367.11115274922423,394.9698592973834,0,49.64330159740962,,counterfactual
0,maize,USA,N.America,165.12815449174056,314.46776398730543,35.76080744126597,350.2285714285714,0.0,52.27142857142857,0.0,1.0,168.13274554437098,192.84109423805114,0,148.26732886868487,,counterfactual
0,maize,Russia,FSU,184.73662764158175,13.057102875398362,1.9428971246016378,15.0,0.0,2.25,0.0,1.0,168.13274554437098,192.84109423805114,0,148.26732886868487,,counterfactual
0,maize,EU,Europe,191.44393180913497,85.40180726508103,-20.24942631270008,65.15238095238095,0.0,9.597619047619048,0.0,1.0,168.13274554437098,192.84109423805114,0,148.26732886868487,,counterfactual
0,maize,Ukraine,FSU,180.07513395740185,6.129052160199468,23.94713831599101,30.076190476190476,0.0,4.423809523809524,0.0,1.0,168.13274554437098,192.84109423805114,0,148.26732886868487,,counterfactual
0,maize,Canada,N.America,177.43158144076307,15.360898883880516,-1.360898883880516,14.0,0.0,2.1,0.0,1.0,168.13274554437098,192.84109423805114,0,148.26732886868487,,counterfactual
0,maize,Australia,Oceania,200.58317798271128,0.9571932393998271,-0.45719323939982714,0.5,0.0,0.075,0.0,1.0,168.13274554437098,192.84109423805114,0,148.26732886868487,,counterfactual
0,maize,Argentina,S.America,162.55115138790302,12.55823675995034,42.56366800195442,55.12190476190476,0.0,8.128095238095238,0.0,1.0,168.13274554437098,192.84109423805114,0,148.26732886868487,,counterfactual
0,maize,Brazil,S.America,167.64115430509884,78.29522154854774,41.85715940383321,120.15238095238095,0.0,17.847619047619048,0.0,1.0,168.13274554437098,192.84109423805114,0,148.26732886868487,,counterfactual
0,maize,India,S.Asia,189.69905242745537,29.804414364646316,2.195585635353684,32.0,0.0,4.8,0.0,1.0,168.13274554437098,192.84109423805114,0,148.26732886868487,,counterfactual
0,maize,Thailand,SE.Asia,203.1029642354098,5.906404448904842,-0.9064044489048424,5.0,0.0,0.75,0.0,1.0,168.13274554437098,192.84109423805114,0,148.26732886868487,,counterfactual
0,maize,Vietnam,SE.Asia,204.86814142104635,7.847138784649673,-3.8471387846496734,4.0,0.0,0.6,0.0,1.0,168.13274554437098,192.84109423805114,0,148.26732886868487,,counterfactual
0,maize,China,E.Asia,195.82529079126596,295.0000030932812,-3.0932811796446913e-06,295.0,0.0,0.0,80.0,1.0,168.13274554437098,192.84109423805114,0,148.26732886868487,,counterfactual
0,maize,Egypt,MENA,193.499435724491,16.09971686351635,-9.099716863516349,7.0,0.0,0.0,0.0,1.0,168.13274554437098,192.84109423805114,0,148.26732886868487,,counterfactual
0,maize,Indonesia,SE.Asia,207.12062452794694,23.50556976618045,-0.5055697661804501,23.0,0.0,0.0,0.0,1.0,168.13274554437098,192.84109423805114,0,148.26732886868487,,counterfactual
0,maize,Mexico,N.America,177.04819024235425,45.345393575882255,-18.345393575882255,27.0,0.0,0.0,0.0,1.0,168.13274554437098,192.84109423805114,0,148.26732886868487,,counterfactual
0,maize,Nigeria,Africa,191.53234942724916,13.12882683244243,-1.1288268324424298,12.0,0.0,0.0,0.0,1.0,168.13274554437098,192.84109423805114,0,148.26732886868487,,counterfactual
0,maize,RestOfWorld,RoW,195.74415536812214,207.8666841221624,-92.36668412216241,115.5,0.0,0.0,0.0,1.0,168.13274554437098,192.84109423805114,0,148.26732886868487,,counterfactual
1,wheat,USA,N.America,216.13111888567042,30.095002920630176,14.627810037473989,44.722812958104164,0.0,6.441472756181547,0.0,1.0,221.43661735422697,246.58968669999217,0,144.4233081704642,,counterfactual
1,wheat,Russia,FSU,224.48215102129728,46.05259529468095,43.94740470531905,90.0,0.0,13.109523809523807,0.0,1.0,221.43661735422697,246.58968669999217,0,144.4233081704642,,counterfactual
1,wheat,EU,Europe,234.5605103607437,121.67859538773394,8.321404612266065,130.0,0.0,18.91428571428571,0.0,1.0,221.43661735422697,246.58968669999217,0,144.4233081704642,,counterfactual
1,wheat,Ukraine,FSU,234.69425006246115,9.099931602563558,15.900068397436442,25.0,0.0,3.5547619047619037,0.0,1.0,221.43661735422697,246.58968669999217,0,144.4233081704642,,counterfactual
1,wheat,Canada,N.America,217.76583935958806,10.247450986147257,23.653385885999896,33.90083687214715,0.0,4.808686937376654,0.0,1.0,221.43661735422697,246.58968669999217,0,144.4233081704642,,counterfactual
1,wheat,Australia,Oceania,210.24371203254245,8.313923393745897,21.19289725820417,29.50682065195007,0.0,4.60270315757374,0.0,1.0,221.43661735422697,246.58968669999217,0,144.4233081704642,,counterfactual
1,wheat,Argentina,S.America,216.24795440644363,6.106315410518038,13.80434887920696,19.910664289725,0.0,2.8940976150369067,0.0,1.0,221.43661735422697,246.58968669999217,0,144.4233081704642,,counterfactual
1,wheat,Brazil,S.America,231.54640658028066,12.930120697279058,-4.930120697279058,8.0,0.0,1.2,0.0,1.0,221.43661735422697,246.58968669999217,0,144.4233081704642,,counterfactual
1,wheat,India,S.Asia,227.96257478086997,106.9341045584763,2.97589544152369,109.91,0.0,16.5,20.19,1.0,221.43661735422697,246.58968669999217,0,144.4233081704642,,counterfactual
1,wheat,Thailand,SE.Asia,232.34505098789677,2.0208292441774995,-2.0208292441774995,0.0,0.0,0.0,0.0,1.0,221.43661735422697,246.58968669999217,0,144.4233081704642,,counterfactual
1,wheat,Vietnam,SE.Asia,231.0289989726021,2.527398849074633,-2.527398849074633,0.0,0.0,0.0,0.0,1.0,221.43661735422697,246.58968669999217,0,144.4233081704642,,counterfactual
1,wheat,China,E.Asia,236.58772250607578,146.53744382106575,-1.5374438210657502,145.0,0.0,0.0,86.0,1.0,221.43661735422697,246.58968669999217,0,144.4233081704642,,counterfactual
1,wheat,Egypt,MENA,248.18966128065256,20.010334591331556,-9.885334591331556,10.125,0.0,0.0,1.125,1.0,221.43661735422697,246.58968669999217,0,144.4233081704642,,counterfactual
1,wheat,Indonesia,SE.Asia,225.7971021638926,11.272168874501409,-11.272168874501409,0.0,0.0,0.0,0.0,1.0,221.43661735422697,246.58968669999217,0,144.4233081704642,,counterfactual
1,wheat,Mexico,N.America,228.6785229031232,8.053670073257114,-5.0536700732571145,3.0,0.0,0.0,0.0,1.0,221.43661735422697,246.58968669999217,0,144.4233081704642,,counterfactual
1,wheat,Nigeria,Africa,246.75448385958546,6.005589756319793,-5.905589756319793,0.1,0.0,0.0,0.0,1.0,221.43661735422697,246.58968669999217,0,144.4233081704642,,counterfactual
1,wheat,RestOfWorld,RoW,251.18795683433459,239.19065931042329,-101.29065931042331,137.89999999999998,0.0,0.0,0.0,1.0,221.43661735422697,246.58968669999217,0,144.4233081704642,,counterfactual
1,rice,USA,N.America,377.396983025077,3.93198696924064,3.06801303075936,7.0,0.0,1.05,0.0,1.0,377.55169295842825,405.7454912040599,0,48.30592508362756,,counterfactual
1,rice,Russia,FSU,396.58636556261877,1.478473476277549,-0.4784734762775491,1.0,0.0,0.15,0.0,1.0,377.55169295842825,405.7454912040599,0,48.30592508362756,,counterfactual
1,rice,EU,Europe,407.8678781623758,3.9454558792624974,-1.9454558792624974,2.0,0.0,0.3,0.0,1.0,377.55169295842825,405.7454912040599,0,48.30592508362756,,counterfactual
1,rice,Ukraine,FSU,403.5824711236876,0.2954641245997268,-0.2954641245997268,0.0,0.0,0.0,0.0,1.0,377.55169295842825,405.7454912040599,0,48.30592508362756,,counterfactual
1,rice,Canada,N.America,391.64301789060744,0.39247252466396043,-0.39247252466396043,0.0,0.0,0.0,0.0,1.0,377.55169295842825,405.7454912040599,0,48.30592508362756,,counterfactual
1,rice,Australia,Oceania,370.7564787950307,0.49876170396859626,0.0012382960314037406,0.5,0.0,0.075,0.0,1.0,377.55169295842825,405.7454912040599,0,48.30592508362756,,counterfactual
1,rice,Argentina,S.America,369.1516878600752,0.9956024728724824,0.5043975271275176,1.5,0.0,0.22499999999999998,0.0,1.0,377.55169295842825,405.7454912040599,0,48.30592508362756,,counterfactual
1,rice,Brazil,S.America,378.51124129948414,10.999992116593221,7.88340677893018e-06,11.0,0.0,1.0976190476190482,0.0,1.0,377.55169295842825,405.7454912040599,0,48.30592508362756,,counterfactual
1,rice,India,S.Asia,382.037447606927,110.63796052825225,19.36203947174775,130.0,0.0,18.94761904761905,25.0,1.0,377.55169295842825,405.7454912040599,0,48.30592508362756,,counterfactual
1,rice,Thailand,SE.Asia,375.3399163307866,20.23839308900756,12.761606910992441,33.0,0.0,4.397619047619048,0.0,1.0,377.55169295842825,405.7454912040599,0,48.30592508362756,,counterfactual
1,rice,Vietnam,SE.Asia,373.27621260074125,30.391459611742036,12.608540388257964,43.0,0.0,6.008095238095239,0.0,1.0,377.55169295842825,405.7454912040599,0,48.30592508362756,,counterfactual
1,rice,China,E.Asia,388.5917089718022,212.84467287865604,-0.8446728786560413,212.0,0.0,0.0,96.0,1.0,377.55169295842825,405.7454912040599,0,48.30592508362756,,counterfactual
1,rice,Egypt,MENA,397.2208371855204,3.999998326598618,1.6734013819075244e-06,4.0,0.0,0.0,0.0,1.0,377.55169295842825,405.7454912040599,0,48.30592508362756,,counterfactual
1,rice,Indonesia,SE.Asia,387.83148316168064,56.299662576179756,-2.299662576179756,54.0,0.0,0.0,0.0,1.0,377.55169295842825,405.7454912040599,0,48.30592508362756,,counterfactual
1,rice,Mexico,N.America,391.1991115411695,0.9884205832002367,-0.7884205832002367,0.2,0.0,0.0,0.0,1.0,377.55169295842825,405.7454912040599,0,48.30592508362756,,counterfactual
1,rice,Nigeria,Africa,402.70885708805054,8.478658903883305,-0.47865890388330534,8.0,0.0,0.0,0.0,1.0,377.55169295842825,405.7454912040599,0,48.30592508362756,,counterfactual
1,rice,RestOfWorld,RoW,407.5853706634247,55.58256423500128,-40.78256423500127,14.800000000000011,0.0,0.0,0.0,1.0,377.55169295842825,405.7454912040599,0,48.30592508362756,,counterfactual
1,maize,USA,N.America,167.2993544935838,313.7272527522386,36.16138795782672,349.8886407100653,0.0,52.38278786136324,0.0,1.0,170.28522846295425,195.02244407105252,0,148.19532801543528,,counterfactual
1,maize,Russia,FSU,186.90782737861562,13.072725801917679,1.927274198082321,15.0,0.0,2.25,0.0,1.0,170.28522846295425,195.02244407105252,0,148.19532801543528,,counterfactual
1,maize,EU,Europe,193.61513177675454,85.36631117073362,-20.366311170733624,65.0,0.0,9.597619047619048,0.0,1.0,170.28522846295425,195.02244407105252,0,148.19532801543528,,counterfactual
1,maize,Ukraine,FSU,182.24633403155622,6.127074421595941,23.872925578404057,30.0,0.0,4.423809523809524,0.0,1.0,170.28522846295425,195.02244407105252,0,148.19532801543528,,counterfactual
1,maize,Canada,N.America,179.60277960080538,15.341433853856634,-1.3414338538566337,14.0,0.0,2.1,0.0,1.0,170.28522846295425,195.02244407105252,0,148.19532801543528,,counterfactual
1,maize,Australia,Oceania,202.75437093443017,0.960963301149793,-0.460963301149793,0.5,0.0,0.075,0.0,1.0,170.28522846295425,195.02244407105252,0,148.19532801543528,,counterfactual
1,maize,Argentina,S.America,164.72235149077298,12.54133596005468,42.29128371715268,54.83261967720736,0.0,8.295475560887873,0.0,1.0,170.28522846295425,195.02244407105252,0,148.19532801543528,,counterfactual
1,maize,Brazil,S.America,169.81235457583242,78.16259555608326,41.83740444391674,120.0,0.0,17.847619047619048,0.0,1.0,170.28522846295425,195.02244407105252,0,148.19532801543528,,counterfactual
1,maize,India,S.Asia,191.87025339221825,29.895046104454387,2.104953895545613,32.0,0.0,4.8,0.0,1.0,170.28522846295425,195.02244407105252,0,148.19532801543528,,counterfactual
1,maize,Thailand,SE.Asia,205.27416273928483,5.906482138737959,-0.9064821387379594,5.0,0.0,0.75,0.0,1.0,170.28522846295425,195.02244407105252,0,148.19532801543528,,counterfactual
1,maize,Vietnam,SE.Asia,207.03933982765668,7.8477811077913415,-3.8477811077913415,4.0,0.0,0.6,0.0,1.0,170.28522846295425,195.02244407105252,0,148.19532801543528,,counterfactual
1,maize,China,E.Asia,197.48731528118873,295.0000026578497,-2.6578496772344806e-06,295.0,0.0,0.0,60.0,1.0,170.28522846295425,195.02244407105252,0,148.19532801543528,,counterfactual
1,maize,Egypt,MENA,195.67063588344342,16.092116117784688,-9.092116117784688,7.0,0.0,0.0,0.0,1.0,170.28522846295425,195.02244407105252,0,148.19532801543528,,counterfactual
1,maize,Indonesia,SE.Asia,209.29182313735657,23.503542174565034,-0.5035421745650339,23.0,0.0,0.0,0.0,1.0,170.28522846295425,195.02244407105252,0,148.19532801543528,,counterfactual
1,maize,Mexico,N.America,179.21939020420734,45.249530431126104,-18.249530431126104,27.0,0.0,0.0,0.0,1.0,170.28522846295425,195.02244407105252,0,148.19532801543528,,counterfactual
1,maize,Nigeria,Africa,193.7035476407227,13.117314703758167,-1.1173147037581668,12.0,0.0,0.0,0.0,1.0,170.28522846295425,195.02244407105252,0,148.19532801543528,,counterfactual
1,maize,RestOfWorld,RoW,197.91535575029187,207.80975213357505,-92.30975213357505,115.5,0.0,0.0,0.0,1.0,170.28522846295425,195.02244407105252,0,148.19532801543528,,counterfactual
2,wheat,USA,N.America,215.62465274915573,30.10304806123641,14.89695193876359,45.0,0.0,6.441472756181547,0.0,1.0,220.87709614725438,246.08750649078252,0,145.1612844092211,,counterfactual
2,wheat,Russia,FSU,223.97568442083613,46.07328272305525,43.92671727694475,90.0,0.0,13.109523809523807,0.0,1.0,220.87709614725438,246.08750649078252,0,145.1612844092211,,counterfactual
2,wheat,EU,Europe,234.0540445443227,121.73120074521279,8.268799254787211,130.0,0.0,18.91428571428571,0.0,1.0,220.87709614725438,246.08750649078252,0,145.1612844092211,,counterfactual
2,wheat,Ukraine,FSU,234.18778312707173,9.103892940859268,15.896107059140732,25.0,0.0,3.5547619047619037,0.0,1.0,220.87709614725438,246.08750649078252,0,145.1612844092211,,counterfactual
2,wheat,Canada,N.America,217.25937236578818,10.251555287226493,23.748444712773505,34.0,0.0,4.808686937376654,0.0,1.0,220.87709614725438,246.08750649078252,0,145.1612844092211,,counterfactual
2,wheat,Australia,Oceania,209.73724619410248,8.317670975642242,21.590332987967123,29.908003963609367,0.0,4.694699193964374,0.0,1.0,220.87709614725438,246.08750649078252,0,145.1612844092211,,counterfactual
2,wheat,Argentina,S.America,215.74148879016184,6.1086183474782745,13.891381652521726,20.0,0.0,2.8940976150369067,0.0,1.0,220.87709614725438,246.08750649078252,0,145.1612844092211,,counterfactual
2,wheat,Brazil,S.America,231.03994059625103,12.934060913008416,-4.934060913008416,8.0,0.0,1.2,0.0,1.0,220.87709614725438,246.08750649078252,0,145.1612844092211,,counterfactual
2,wheat,India,S.Asia,227.45611063071078,106.97661334594136,2.9423866540586374,109.919,0.0,16.5,20.271,1.0,220.87709614725438,246.08750649078252,0,145.1612844092211,,counterfactual
2,wheat,Thailand,SE.Asia,231.8385794731484,2.0212027419060745,-2.0212027419060745,0.0,0.0,0.0,0.0,1.0,220.87709614725438,246.08750649078252,0,145.1612844092211,,counterfactual
2,wheat,Vietnam,SE.Asia,230.52252887046382,2.5278162240290016,-2.5278162240290016,0.0,0.0,0.0,0.0,1.0,220.87709614725438,246.08750649078252,0,145.1612844092211,,counterfactual
2,wheat,China,E.Asia,236.0812534720918,146.59404947156605,-1.594049471566052,145.0,0.0,0.0,79.0,1.0,220.87709614725438,246.08750649078252,0,145.1612844092211,,counterfactual
2,wheat,Egypt,MENA,247.68319416356758,20.018758973708053,-10.456258973708053,9.5625,0.0,0.0,0.5625,1.0,220.87709614725438,246.08750649078252,0,145.1612844092211,,counterfactual
2,wheat,Indonesia,SE.Asia,225.29063636312677,11.27504094684449,-11.27504094684449,0.0,0.0,0.0,0.0,1.0,220.87709614725438,246.08750649078252,0,145.1612844092211,,counterfactual
2,wheat,Mexico,N.America,228.17205517457737,8.056253723935443,-5.056253723935443,3.0,0.0,0.0,0.0,1.0,220.87709614725438,246.08750649078252,0,145.1612844092211,,counterfactual
2,wheat,Nigeria,Africa,246.24801738865042,6.007555124647927,-5.907555124647927,0.1,0.0,0.0,0.0,1.0,220.87709614725438,246.08750649078252,0,145.1612844092211,,counterfactual
2,wheat,RestOfWorld,RoW,250.68149062228116,239.2888834173118,-101.38888341731183,137.89999999999998,0.0,0.0,0.0,1.0,220.87709614725438,246.08750649078252,0,145.1612844092211,,counterfactual
2,rice,USA,N.America,376.9100028053186,3.931878833300106,3.068121166699894,7.0,0.0,1.05,0.0,1.0,377.0715223659376,405.2412269969474,0,48.35907341323958,,counterfactual
2,rice,Russia,FSU,396.09953105181063,1.4783661930258882,-0.47836619302588823,1.0,0.0,0.15,0.0,1.0,377.0715223659376,405.2412269969474,0,48.35907341323958,,counterfactual
2,rice,EU,Europe,407.3808934661838,3.945111512090685,-1.9451115120906848,2.0,0.0,0.3,0.0,1.0,377.0715223659376,405.2412269969474,0,48.35907341323958,,counterfactual
2,rice,Ukraine,FSU,403.0956068278628,0.2954386635504309,-0.2954386635504309,0.0,0.0,0.0,0.0,1.0,377.0715223659376,405.2412269969474,0,48.35907341323958,,counterfactual
2,rice,Canada,N.America,391.1560047661681,0.3924389142288438,-0.3924389142288438,0.0,0.0,0.0,0.0,1.0,377.0715223659376,405.2412269969474,0,48.35907341323958,,counterfactual
2,rice,Australia,Oceania,370.2916322354274,0.4987513813130045,0.0012486186869954952,0.5,0.0,0.075,0.0,1.0,377.0715223659376,405.2412269969474,0,48.35907341323958,,counterfactual
2,rice,Argentina,S.America,368.66512627199273,0.9956362738546432,0.5043637261453568,1.5,0.0,0.22499999999999998,0.0,1.0,377.0715223659376,405.2412269969474,0,48.35907341323958,,counterfactual
2,rice,Brazil,S.America,378.24026581053704,10.999985919000029,1.4080999971355368e-05,11.0,0.0,1.0976190476190482,0.0,1.0,377.0715223659376,405.2412269969474,0,48.35907341323958,,counterfactual
2,rice,India,S.Asia,381.55063201291864,110.6563561225114,19.425577029098605,130.08193315161,0.0,18.865685896009055,25.0,1.0,377.0715223659376,405.2412269969474,0,48.35907341323958,,counterfactual
2,rice,Thailand,SE.Asia,374.85310066979144,20.242576756427198,12.757423243572802,33.0,0.0,4.397619047619048,0.0,1.0,377.0715223659376,405.2412269969474,0,48.35907341323958,,counterfactual
2,rice,Vietnam,SE.Asia,372.7893972868707,30.39781697027561,12.60218302972439,43.0,0.0,6.008095238095239,0.0,1.0,377.0715223659376,405.2412269969474,0,48.35907341323958,,counterfactual
2,rice,China,E.Asia,388.1048869425765,212.88242223255367,-0.8824222325536653,212.0,0.0,0.0,94.0,1.0,377.0715223659376,405.2412269969474,0,48.35907341323958,,counterfactual
2,rice,Egypt,MENA,396.83934410355613,3.999996412127386,3.587872614119192e-06,4.0,0.0,0.0,0.0,1.0,377.0715223659376,405.2412269969474,0,48.35907341323958,,counterfactual
2,rice,Indonesia,SE.Asia,387.3446653500761,56.31076723859228,-2.310767238592277,54.0,0.0,0.0,0.0,1.0,377.0715223659376,405.2412269969474,0,48.35907341323958,,counterfactual
2,rice,Mexico,N.America,390.71211771590646,0.988409920561045,-0.7884099205610451,0.2,0.0,0.0,0.0,1.0,377.0715223659376,405.2412269969474,0,48.35907341323958,,counterfactual
2,rice,Nigeria,Africa,402.2222807080435,8.480000900315405,-0.4800009003154049,8.0,0.0,0.0,0.0,1.0,377.0715223659376,405.2412269969474,0,48.35907341323958,,counterfactual
2,rice,RestOfWorld,RoW,407.09855506714916,55.58597890788255,-40.78597890788254,14.800000000000011,0.0,0.0,0.0,1.0,377.0715223659376,405.2412269969474,0,48.35907341323958,,counterfactual
2,maize,USA,N.America,167.05623474400696,313.8215116041062,36.178488395893794,350.0,0.0,52.38278786136324,0.0,1.0,170.03838473889283,194.77875211849653,0,148.276927382763,,counterfactual
2,maize,Russia,FSU,186.66470113411881,13.073701469606272,1.9262985303937281,15.0,0.0,2.25,0.0,1.0,170.03838473889283,194.77875211849653,0,148.276927382763,,counterfactual
2,maize,EU,Europe,193.37201188548246,85.38161880893239,-20.381618808932387,65.0,0.0,9.597619047619048,0.0,1.0,170.03838473889283,194.77875211849653,0,148.276927382763,,counterfactual
2,maize,Ukraine,FSU,182.0032141210056,6.128120715466451,23.87187928453355,30.0,0.0,4.423809523809524,0.0,1.0,170.03838473889283,194.77875211849653,0,148.276927382763,,counterfactual
2,maize,Canada,N.America,179.35965485512637,15.344995759682414,-1.3449957596824138,14.0,0.0,2.1,0.0,1.0,170.03838473889283,194.77875211849653,0,148.276927382763,,counterfactual
2,maize,Australia,Oceania,202.51122900654326,0.9608775012690656,-0.46087750126906557,0.5,0.0,0.075,0.0,1.0,170.03838473889283,194.77875211849653,0,148.276927382763,,counterfactual
2,maize,Argentina,S.America,164.47923151251922,12.54429940821096,42.37930389235476,54.92360330056572,0.0,8.37187226032215,0.0,1.0,170.03838473889283,194.77875211849653,0,148.276927382763,,counterfactual
2,maize,Brazil,S.America,169.5692351729786,78.18448917339855,41.815510826601454,120.0,0.0,17.847619047619048,0.0,1.0,170.03838473889283,194.77875211849653,0,148.276927382763,,counterfactual
2,maize,India,S.Asia,191.62712911259655,29.894725167538418,2.105274832461582,32.0,0.0,4.8,0.0,1.0,170.03838473889283,194.77875211849653,0,148.276927382763,,counterfactual
2,maize,Thailand,SE.Asia,205.03102971652055,5.907600428881378,-0.9076004288813779,5.0,0.0,0.75,0.0,1.0,170.03838473889283,194.77875211849653,0,148.276927382763,,counterfactual
2,maize,Vietnam,SE.Asia,206.7962093773597,7.849254901495511,-3.8492549014955113,4.0,0.0,0.6,0.0,1.0,170.03838473889283,194.77875211849653,0,148.276927382763,,counterfactual
2,maize,China,E.Asia,197.38913563437575,295.00000544570486,-5.445704857720557e-06,295.0,0.0,0.0,40.0,1.0,170.03838473889283,194.77875211849653,0,148.276927382763,,counterfactual
2,maize,Egypt,MENA,195.42751633148683,16.09497636614029,-9.09497636614029,7.0,0.0,0.0,0.0,1.0,170.03838473889283,194.77875211849653,0,148.276927382763,,counterfactual
2,maize,Indonesia,SE.Asia,209.04868768901528,23.508021482218552,-0.5080214822185525,23.0,0.0,0.0,0.0,1.0,170.03838473889283,194.77875211849653,0,148.276927382763,,counterfactual
2,maize,Mexico,N.America,178.97627037743922,45.262539446364784,-18.262539446364784,27.0,0.0,0.0,0.0,1.0,170.03838473889283,194.77875211849653,0,148.276927382763,,counterfactual
2,maize,Nigeria,Africa,193.4604216788736,13.12020932471764,-1.1202093247176403,12.0,0.0,0.0,0.0,1.0,170.03838473889283,194.77875211849653,0,148.276927382763,,counterfactual
2,maize,RestOfWorld,RoW,197.67223663536564,207.84665629683224,-92.34665629683224,115.5,0.0,0.0,0.0,1.0,170.03838473889283,194.77875211849653,0,148.276927382763,,counterfactual
3,wheat,USA,N.America,216.0454240100301,30.092595912214467,14.907404087785533,45.0,0.0,6.441472756181547,0.0,1.0,221.3063760856805,246.5134960463764,0,145.2733209841989,,counterfactual
3,wheat,Russia,FSU,224.3964558162227,46.054997740138134,43.945002259861866,90.0,0.0,13.109523809523807,0.0,1.0,221.3063760856805,246.5134960463764,0,145.2733209841989,,counterfactual
3,wheat,EU,Europe,234.47481569709782,121.6832089386941,8.316791061305906,130.0,0.0,18.91428571428571,0.0,1.0,221.3063760856805,246.5134960463764,0,145.2733209841989,,counterfactual
3,wheat,Ukraine,FSU,234.6085546404953,9.100288771492488,15.899711228507512,25.0,0.0,3.5547619047619037,0.0,1.0,221.3063760856805,246.5134960463764,0,145.2733209841989,,counterfactual
3,wheat,Canada,N.America,217.68014389854307,10.247640284683762,23.75235971531624,34.0,0.0,4.808686937376654,0.0,1.0,221.3063760856805,246.5134960463764,0,145.2733209841989,,counterfactual
3,wheat,Australia,Oceania,210.15801733419667,8.314397766044776,21.56707703459869,29.881474800643467,0.0,4.813224393320909,0.0,1.0,221.3063760856805,246.5134960463764,0,145.2733209841989,,counterfactual
3,wheat,Argentina,S.America,216.1622598165556,6.106320922204159,13.893679077795841,20.0,0.0,2.8940976150369067,0.0,1.0,221.3063760856805,246.5134960463764,0,145.2733209841989,,counterfactual
3,wheat,Brazil,S.America,231.46071174233683,12.929499139489145,-4.929499139489145,8.0,0.0,1.2,0.0,1.0,221.3063760856805,246.5134960463764,0,145.2733209841989,,counterfactual
3,wheat,India,S.Asia,227.87688123545703,106.93594443280894,2.9911555671910577,109.9271,0.0,16.5,20.3439,1.0,221.3063760856805,246.5134960463764,0,145.2733209841989,,counterfactual
3,wheat,Thailand,SE.Asia,232.25935238462992,2.0205713413268067,-2.0205713413268067,0.0,0.0,0.0,0.0,1.0,221.3063760856805,246.5134960463764,0,145.2733209841989,,counterfactual
3,wheat,Vietnam,SE.Asia,230.94330134969573,2.5270437757855753,-2.5270437757855753,0.0,0.0,0.0,0.0,1.0,221.3063760856805,246.5134960463764,0,145.2733209841989,,counterfactual
3,wheat,China,E.Asia,236.50202529006802,146.54091535092107,-1.5409153509210682,145.0,0.0,0.0,72.0,1.0,221.3063760856805,246.5134960463764,0,145.2733209841989,,counterfactual
3,wheat,Egypt,MENA,248.10396572605762,20.011023516327594,-10.729773516327594,9.28125,0.0,0.0,0.28125,1.0,221.3063760856805,246.5134960463764,0,145.2733209841989,,counterfactual
3,wheat,Indonesia,SE.Asia,225.71140749402025,11.271294182870292,-11.271294182870292,0.0,0.0,0.0,0.0,1.0,221.3063760856805,246.5134960463764,0,145.2733209841989,,counterfactual
3,wheat,Mexico,N.America,228.59282693324215,8.053334885052053,-5.0533348850520525,3.0,0.0,0.0,0.0,1.0,221.3063760856805,246.5134960463764,0,145.2733209841989,,counterfactual
3,wheat,Nigeria,Africa,246.66878864609822,6.005373442575766,-5.905373442575766,0.1,0.0,0.0,0.0,1.0,221.3063760856805,246.5134960463764,0,145.2733209841989,,counterfactual
3,wheat,RestOfWorld,RoW,251.10226190687737,239.19537439801434,-101.29537439801436,137.89999999999998,0.0,0.0,0.0,1.0,221.3063760856805,246.5134960463764,0,145.2733209841989,,counterfactual
3,rice,USA,N.America,377.0786265299981,3.9321203925202592,3.0678796074797408,7.0,0.0,1.05,0.0,1.0,377.2389746682021,405.41337472112747,0,48.352242617006816,,counterfactual
3,rice,Russia,FSU,396.268096096219,1.4785886744252261,-0.4785886744252261,1.0,0.0,0.15,0.0,1.0,377.2389746682021,405.41337472112747,0,48.352242617006816,,counterfactual
3,rice,EU,Europe,407.5495180433309,3.9456962069432553,-1.9456962069432553,2.0,0.0,0.3,0.0,1.0,377.2389746682021,405.41337472112747,0,48.352242617006816,,counterfactual
3,rice,Ukraine,FSU,403.2641809144826,0.295482547142628,-0.295482547142628,0.0,0.0,0.0,0.0,1.0,377.2389746682021,405.41337472112747,0,48.352242617006816,,counterfactual
3,rice,Canada,N.America,391.32463910540525,0.3924915096783199,-0.3924915096783199,0.0,0.0,0.0,0.0,1.0,377.2389746682021,405.41337472112747,0,48.352242617006816,,counterfactual
3,rice,Australia,Oceania,370.438207987406,0.49881169851538704,0.0011883014846129636,0.5,0.0,0.075,0.0,1.0,377.2389746682021,405.41337472112747,0,48.352242617006816,,counterfactual
3,rice,Argentina,S.America,368.83358274994197,0.9956864845429816,0.5043135154570184,1.5,0.0,0.22499999999999998,0.0,1.0,377.2389746682021,405.41337472112747,0,48.352242617006816,,counterfactual
3,rice,Brazil,S.America,378.3960685442134,10.999987694495191,1.230550480890713e-05,11.0,0.0,1.0976190476190482,0.0,1.0,377.2389746682021,405.41337472112747,0,48.352242617006816,,counterfactual
3,rice,India,S.Asia,381.7191912665486,110.65327753845307,19.415905680932894,130.06918321938596,0.0,18.79650267662309,25.0,1.0,377.2389746682021,405.41337472112747,0,48.352242617006816,,counterfactual
3,rice,Thailand,SE.Asia,375.0216599541866,20.241313125412255,12.758686874587745,33.0,0.0,4.397619047619048,0.0,1.0,377.2389746682021,405.41337472112747,0,48.352242617006816,,counterfactual
3,rice,Vietnam,SE.Asia,372.95795645091744,30.395866103224957,12.604133896775043,43.0,0.0,6.008095238095239,0.0,1.0,377.2389746682021,405.41337472112747,0,48.352242617006816,,counterfactual
3,rice,China,E.Asia,388.273448318132,212.87570422396107,-0.8757042239610655,212.0,0.0,0.0,92.0,1.0,377.2389746682021,405.41337472112747,0,48.352242617006816,,counterfactual
3,rice,Egypt,MENA,397.10359480397256,3.999998151840225,1.8481597749975265e-06,4.0,0.0,0.0,0.0,1.0,377.2389746682021,405.41337472112747,0,48.352242617006816,,counterfactual
3,rice,Indonesia,SE.Asia,387.51322528625917,56.30765536796028,-2.3076553679602796,54.0,0.0,0.0,0.0,1.0,377.2389746682021,405.41337472112747,0,48.352242617006816,,counterfactual
3,rice,Mexico,N.America,390.88074579165817,0.9884722405301924,-0.7884722405301925,0.2,0.0,0.0,0.0,1.0,377.2389746682021,405.41337472112747,0,48.352242617006816,,counterfactual
3,rice,Nigeria,Africa,402.39073859831797,8.479747297276258,-0.4797472972762584,8.0,0.0,0.0,0.0,1.0,377.2389746682021,405.41337472112747,0,48.352242617006816,,counterfactual
3,rice,RestOfWorld,RoW,407.2671143180059,55.588283962464445,-40.78828396246443,14.800000000000011,0.0,0.0,0.0,1.0,377.2389746682021,405.41337472112747,0,48.352242617006816,,counterfactual
3,maize,USA,N.America,167.12935503038926,313.8006036402246,36.19939635977539,350.0,0.0,52.38278786136324,0.0,1.0,170.1105645299387,194.85225162077293,0,148.2851909631642,,counterfactual
3,maize,Russia,FSU,186.7378236825891,13.07532401886805,1.9246759811319496,15.0,0.0,2.25,0.0,1.0,170.1105645299387,194.85225162077293,0,148.2851909631642,,counterfactual
3,maize,EU,Europe,193.44513219248233,85.3850139432269,-20.385013943226895,65.0,0.0,9.597619047619048,0.0,1.0,170.1105645299387,194.85225162077293,0,148.2851909631642,,counterfactual
3,maize,Ukraine,FSU,182.07633441119899,6.128388055608516,23.871611944391482,30.0,0.0,4.423809523809524,0.0,1.0,170.1105645299387,194.85225162077293,0,148.2851909631642,,counterfactual
3,maize,Canada,N.America,179.43277680135884,15.344894767188482,-1.3448947671884817,14.0,0.0,2.1,0.0,1.0,170.1105645299387,194.85225162077293,0,148.2851909631642,,counterfactual
3,maize,Australia,Oceania,202.58435604857664,0.9611269178754651,-0.4611269178754651,0.5,0.0,0.075,0.0,1.0,170.1105645299387,194.85225162077293,0,148.2851909631642,,counterfactual
3,maize,Argentina,S.America,164.5523517809728,12.544084473375346,42.369330942387364,54.913415415762714,0.0,8.45845684455944,0.0,1.0,170.1105645299387,194.85225162077293,0,148.2851909631642,,counterfactual
3,maize,Brazil,S.America,169.64235529606012,78.18059016135227,41.81940983864773,120.0,0.0,17.847619047619048,0.0,1.0,170.1105645299387,194.85225162077293,0,148.2851909631642,,counterfactual
3,maize,India,S.Asia,191.70025086011117,29.899382542266142,2.1006174577338577,32.0,0.0,4.8,0.0,1.0,170.1105645299387,194.85225162077293,0,148.2851909631642,,counterfactual
3,maize,Thailand,SE.Asia,205.10415402228276,5.907562646568752,-0.9075626465687519,5.0,0.0,0.75,0.0,1.0,170.1105645299387,194.85225162077293,0,148.2851909631642,,counterfactual
3,maize,Vietnam,SE.Asia,206.86933295357673,7.84919712961135,-3.8491971296113503,4.0,0.0,0.6,0.0,1.0,170.1105645299387,194.85225162077293,0,148.2851909631642,,counterfactual
3,maize,China,E.Asia,197.45684496364038,295.0000047029664,-4.702966407421627e-06,295.0,0.0,0.0,20.0,1.0,170.1105645299387,194.85225162077293,0,148.2851909631642,,counterfactual
3,maize,Egypt,MENA,195.50063650433907,16.095649757563212,-9.095649757563212,7.0,0.0,0.0,0.0,1.0,170.1105645299387,194.85225162077293,0,148.2851909631642,,counterfactual
3,maize,Indonesia,SE.Asia,209.12181252105535,23.508040759260858,-0.508040759260858,23.0,0.0,0.0,0.0,1.0,170.1105645299387,194.85225162077293,0,148.2851909631642,,counterfactual
3,maize,Mexico,N.America,179.04939069061484,45.26011840059302,-18.260118400593022,27.0,0.0,0.0,0.0,1.0,170.1105645299387,194.85225162077293,0,148.2851909631642,,counterfactual
3,maize,Nigeria,Africa,193.53354378262472,13.120059792780408,-1.120059792780408,12.0,0.0,0.0,0.0,1.0,170.1105645299387,194.85225162077293,0,148.2851909631642,,counterfactual
3,maize,RestOfWorld,RoW,197.7453566582633,207.85337370643293,-92.35337370643293,115.5,0.0,0.0,0.0,1.0,170.1105645299387,194.85225162077293,0,148.2851909631642,,counterfactual
4,wheat,USA,N.America,218.30877963379965,30.164836070565094,14.835163929434906,45.0,0.0,6.441472756181547,0.0,1.0,223.58832368626864,248.74693226074533,0,145.56118246489666,,counterfactual
4,wheat,Russia,FSU,226.6598122839711,45.995745072842794,44.004254927157206,90.0,0.0,13.109523809523807,0.0,1.0,223.58832368626864,248.74693226074533,0,145.56118246489666,,counterfactual
4,wheat,EU,Europe,236.73817077896288,121.56479903667353,8.435200963326466,130.0,0.0,18.91428571428571,0.0,1.0,223.58832368626864,248.74693226074533,0,145.56118246489666,,counterfactual
4,wheat,Ukraine,FSU,236.87191179282834,9.091075320349004,15.908924679650996,25.0,0.0,3.5547619047619037,0.0,1.0,223.58832368626864,248.74693226074533,0,145.56118246489666,,counterfactual
4,wheat,Canada,N.America,219.94350115668917,10.243451606366488,23.756548393633512,34.0,0.0,4.808686937376654,0.0,1.0,223.58832368626864,248.74693226074533,0,145.56118246489666,,counterfactual
4,wheat,Australia,Oceania,212.42137215317894,8.300922639070974,21.60259255462504,29.903515193696016,0.0,4.909709199624891,0.0,1.0,223.58832368626864,248.74693226074533,0,145.56118246489666,,counterfactual
4,wheat,Argentina,S.America,218.42561434263823,6.105826609656654,13.894173390343347,20.0,0.0,2.8940976150369067,0.0,1.0,223.58832368626864,248.74693226074533,0,145.56118246489666,,counterfactual
4,wheat,Brazil,S.America,233.72406699775638,12.951254930459234,-4.951254930459234,8.0,0.0,1.2,0.0,1.0,223.58832368626864,248.74693226074533,0,145.56118246489666,,counterfactual
4,wheat,India,S.Asia,230.140233409755,106.8100773628843,3.1243126371156933,109.93439,0.0,16.5,20.40951,1.0,223.58832368626864,248.74693226074533,0,145.56118246489666,,counterfactual
4,wheat,Thailand,SE.Asia,234.5227177874282,2.0228609709877747,-2.0228609709877747,0.0,0.0,0.0,0.0,1.0,223.58832368626864,248.74693226074533,0,145.56118246489666,,counterfactual
4,wheat,Vietnam,SE.Asia,233.206664132305,2.5302414277065544,-2.5302414277065544,0.0,0.0,0.0,0.0,1.0,223.58832368626864,248.74693226074533,0,145.56118246489666,,counterfactual
4,wheat,China,E.Asia,238.7653867730258,146.84124565011896,-1.8412456501189638,145.0,0.0,0.0,65.0,1.0,223.58832368626864,248.74693226074533,0,145.56118246489666,,counterfactual
4,wheat,Egypt,MENA,250.36732316618532,19.995862565712827,-10.855237565712827,9.140625,0.0,0.0,0.140625,1.0,223.58832368626864,248.74693226074533,0,145.56118246489666,,counterfactual
4,wheat,Indonesia,SE.Asia,227.97476227470338,11.277063375559411,-11.277063375559411,0.0,0.0,0.0,0.0,1.0,223.58832368626864,248.74693226074533,0,145.56118246489666,,counterfactual
4,wheat,Mexico,N.America,230.85618554863592,8.063470125119482,-5.063470125119482,3.0,0.0,0.0,0.0,1.0,223.58832368626864,248.74693226074533,0,145.56118246489666,,counterfactual
4,wheat,Nigeria,Africa,248.93214475551494,6.006751053226048,-5.906751053226048,0.1,0.0,0.0,0.0,1.0,223.58832368626864,248.74693226074533,0,145.56118246489666,,counterfactual
4,wheat,RestOfWorld,RoW,253.36561772927982,239.01304637639677,-101.1130463763968,137.89999999999998,0.0,0.0,0.0,1.0,223.58832368626864,248.74693226074533,0,145.56118246489666,,counterfactual
4,rice,USA,N.America,379.19567550346295,3.9424979932420667,3.0575020067579333,7.0,0.0,1.05,0.0,1.0,379.359102992297,407.51626189637665,0,48.43509100877088,,counterfactual
4,rice,Russia,FSU,398.3849419095059,1.4806931790468751,-0.48069317904687514,1.0,0.0,0.15,0.0,1.0,379.359102992297,407.51626189637665,0,48.43509100877088,,counterfactual
4,rice,EU,Europe,409.6665749657465,3.9526454881430877,-1.9526454881430877,2.0,0.0,0.3,0.0,1.0,379.359102992297,407.51626189637665,0,48.43509100877088,,counterfactual
4,rice,Ukraine,FSU,405.3810810967037,0.2959915612244901,-0.2959915612244901,0.0,0.0,0.0,0.0,1.0,379.359102992297,407.51626189637665,0,48.43509100877088,,counterfactual
4,rice,Canada,N.America,393.4417494852546,0.39334120631718555,-0.39334120631718555,0.0,0.0,0.0,0.0,1.0,379.359102992297,407.51626189637665,0,48.43509100877088,,counterfactual
4,rice,Australia,Oceania,372.52305380712386,0.4991051672760329,0.0008948327239671205,0.5,0.0,0.075,0.0,1.0,379.359102992297,407.51626189637665,0,48.43509100877088,,counterfactual
4,rice,Argentina,S.America,370.95002052025046,0.996773330716964,0.503226669283036,1.5,0.0,0.22499999999999998,0.0,1.0,379.359102992297,407.51626189637665,0,48.43509100877088,,counterfactual
4,rice,Brazil,S.America,381.7451654708586,10.999999431892098,5.681079020547486e-07,11.0,0.0,1.0976190476190482,0.0,1.0,379.359102992297,407.51626189637665,0,48.43509100877088,,counterfactual
4,rice,India,S.Asia,383.8360021484257,110.59778669189298,19.475811174611877,130.07359786650485,0.0,18.722904810118244,25.0,1.0,379.359102992297,407.51626189637665,0,48.43509100877088,,counterfactual
4,rice,Thailand,SE.Asia,377.1384709816315,20.227682781897784,12.772317218102216,33.0,0.0,4.397619047619048,0.0,1.0,379.359102992297,407.51626189637665,0,48.43509100877088,,counterfactual
4,rice,Vietnam,SE.Asia,375.0747667956006,30.37467055335533,12.62532944664467,43.0,0.0,6.008095238095239,0.0,1.0,379.359102992297,407.51626189637665,0,48.43509100877088,,counterfactual
4,rice,China,E.Asia,390.3902722852736,212.95032781910146,-0.9503278191014601,212.0,0.0,0.0,90.0,1.0,379.359102992297,407.51626189637665,0,48.43509100877088,,counterfactual
4,rice,Egypt,MENA,400.41789933635437,4.000000781921174,-7.819211740311971e-07,4.0,0.0,0.0,0.0,1.0,379.359102992297,407.51626189637665,0,48.43509100877088,,counterfactual
4,rice,Indonesia,SE.Asia,389.63004035601966,56.27466316203438,-2.274663162034379,54.0,0.0,0.0,0.0,1.0,379.359102992297,407.51626189637665,0,48.43509100877088,,counterfactual
4,rice,Mexico,N.America,392.99782014237104,0.9905194054254678,-0.7905194054254678,0.2,0.0,0.0,0.0,1.0,379.359102992297,407.51626189637665,0,48.43509100877088,,counterfactual
4,rice,Nigeria,Africa,404.50720206826946,8.478294480226415,-0.4782944802264151,8.0,0.0,0.0,0.0,1.0,379.359102992297,407.51626189637665,0,48.43509100877088,,counterfactual
4,rice,RestOfWorld,RoW,409.3839252186285,55.61860483279087,-40.81860483279086,14.800000000000011,0.0,0.0,0.0,1.0,379.359102992297,407.51626189637665,0,48.43509100877088,,counterfactual
4,maize,USA,N.America,172.1501421466394,311.6087841960565,38.39121580394351,350.0,0.0,52.38278786136324,0.0,1.0,175.13199279685773,200.1547576205613,0,151.40969395655793,,counterfactual
4,maize,Russia,FSU,192.50023459249832,12.97976391429822,2.0202360857017805,15.0,0.0,2.25,0.0,1.0,175.13199279685773,200.1547576205613,0,151.40969395655793,,counterfactual
4,maize,EU,Europe,198.46591952272055,84.81490189121901,-19.81490189121901,65.0,0.0,9.597619047619048,0.0,1.0,175.13199279685773,200.1547576205613,0,151.40969395655793,,counterfactual
4,maize,Ukraine,FSU,187.09712159992006,6.088297730958983,23.911702269041015,30.0,0.0,4.423809523809524,0.0,1.0,175.13199279685773,200.1547576205613,0,151.40969395655793,,counterfactual
4,maize,Canada,N.America,184.45357329081557,15.240444959207174,-1.2404449592071742,14.0,0.0,2.1,0.0,1.0,175.13199279685773,200.1547576205613,0,151.40969395655793,,counterfactual
4,maize,Australia,Oceania,207.60518375939944,0.955609455482009,-0.45560945548200904,0.5,0.0,0.075,0.0,1.0,175.13199279685773,200.1547576205613,0,151.40969395655793,,counterfactual
4,maize,Argentina,S.America,169.57313890755944,12.46000578819634,42.45647371500633,54.91647950320267,0.0,8.54197734135677,0.0,1.0,175.13199279685773,200.1547576205613,0,151.40969395655793,,counterfactual
4,maize,Brazil,S.America,174.66314148406963,77.64652225000863,42.35347774999137,120.0,0.0,17.847619047619048,0.0,1.0,175.13199279685773,200.1547576205613,0,151.40969395655793,,counterfactual
4,maize,India,S.Asia,196.72104701666163,29.72342305421359,2.2765769457864096,32.0,0.0,4.8,0.0,1.0,175.13199279685773,200.1547576205613,0,151.40969395655793,,counterfactual
4,maize,Thailand,SE.Asia,210.12496617339383,5.867089792204447,-0.8670897922044469,5.0,0.0,0.75,0.0,1.0,175.13199279685773,200.1547576205613,0,151.40969395655793,,counterfactual
4,maize,Vietnam,SE.Asia,211.89014078735974,7.795304969913983,-3.7953049699139827,4.0,0.0,0.6,0.0,1.0,175.13199279685773,200.1547576205613,0,151.40969395655793,,counterfactual
4,maize,China,E.Asia,207.01849994575502,290.9615826670355,-5.961582667035486,285.0,0.0,0.0,10.0,1.0,175.13199279685773,200.1547576205613,0,151.40969395655793,,counterfactual
4,maize,Egypt,MENA,200.52142305517108,15.989758560965234,-8.989758560965234,7.0,0.0,0.0,0.0,1.0,175.13199279685773,200.1547576205613,0,151.40969395655793,,counterfactual
4,maize,Indonesia,SE.Asia,214.14262625106338,23.34616592632293,-0.34616592632292864,23.0,0.0,0.0,0.0,1.0,175.13199279685773,200.1547576205613,0,151.40969395655793,,counterfactual
4,maize,Mexico,N.America,184.07017798750638,44.94228837174199,-17.942288371741988,27.0,0.0,0.0,0.0,1.0,175.13199279685773,200.1547576205613,0,151.40969395655793,,counterfactual
4,maize,Nigeria,Africa,198.55434185088643,13.030341980921479,-1.030341980921479,12.0,0.0,0.0,0.0,1.0,175.13199279685773,200.1547576205613,0,151.40969395655793,,counterfactual
4,maize,RestOfWorld,RoW,202.76614229203548,206.46619399445643,-90.96619399445643,115.5,0.0,0.0,0.0,1.0,175.13199279685773,200.1547576205613,0,151.40969395655793,,counterfactual
5,wheat,USA,N.America,219.22943213294727,30.218830881065625,14.781169118934375,45.0,0.0,6.441472756181547,0.0,1.0,224.50799467420666,249.6606772392087,0,145.6965923063494,,counterfactual
5,wheat,Russia,FSU,227.5804648124255,45.97566829135083,44.02433170864917,90.0,0.0,13.109523809523807,0.0,1.0,224.50799467420666,249.6606772392087,0,145.6965923063494,,counterfactual
5,wheat,EU,Europe,237.6588232491774,121.54284941571305,8.45715058428695,130.0,0.0,18.91428571428571,0.0,1.0,224.50799467420666,249.6606772392087,0,145.6965923063494,,counterfactual
5,wheat,Ukraine,FSU,237.79256437238243,9.089233313812562,15.910766686187438,25.0,0.0,3.5547619047619037,0.0,1.0,224.50799467420666,249.6606772392087,0,145.6965923063494,,counterfactual
5,wheat,Canada,N.America,220.86415374185404,10.244949372419532,23.755050627580466,34.0,0.0,4.808686937376654,0.0,1.0,224.50799467420666,249.6606772392087,0,145.6965923063494,,counterfactual
5,wheat,Australia,Oceania,213.34202460042653,8.296118944620483,21.70388105537952,30.0,0.0,4.909709199624891,0.0,1.0,224.50799467420666,249.6606772392087,0,145.6965923063494,,counterfactual
5,wheat,Argentina,S.America,219.34626677973705,6.107791558229526,13.892208441770475,20.0,0.0,2.8940976150369067,0.0,1.0,224.50799467420666,249.6606772392087,0,145.6965923063494,,counterfactual
5,wheat,Brazil,S.America,234.64471947367642,12.959656695367016,-4.959656695367016,8.0,0.0,1.2,0.0,1.0,224.50799467420666,249.6606772392087,0,145.6965923063494,,counterfactual
5,wheat,India,S.Asia,231.060885730848,106.76892107263566,3.172029927364335,109.940951,0.0,16.5,20.468559,1.0,224.50799467420666,249.6606772392087,0,145.6965923063494,,counterfactual
5,wheat,Thailand,SE.Asia,235.44337078981297,2.0244262471693384,-2.0244262471693384,0.0,0.0,0.0,0.0,1.0,224.50799467420666,249.6606772392087,0,145.6965923063494,,counterfactual
5,wheat,Vietnam,SE.Asia,234.12731699714573,2.5323309823011697,-2.5323309823011697,0.0,0.0,0.0,0.0,1.0,224.50799467420666,249.6606772392087,0,145.6965923063494,,counterfactual
5,wheat,China,E.Asia,239.6860394952801,146.89822529779852,-1.8982252977985183,145.0,0.0,0.0,58.0,1.0,224.50799467420666,249.6606772392087,0,145.6965923063494,,counterfactual
5,wheat,Egypt,MENA,251.28797572709524,19.994878528672018,-10.924566028672018,9.0703125,0.0,0.0,0.0703125,1.0,224.50799467420666,249.6606772392087,0,145.6965923063494,,counterfactual
5,wheat,Indonesia,SE.Asia,228.8954147200243,11.282605161553336,-11.282605161553336,0.0,0.0,0.0,0.0,1.0,224.50799467420666,249.6606772392087,0,145.6965923063494,,counterfactual
5,wheat,Mexico,N.America,231.77683820458495,8.072499486462926,-5.072499486462926,3.0,0.0,0.0,0.0,1.0,224.50799467420666,249.6606772392087,0,145.6965923063494,,counterfactual
5,wheat,Nigeria,Africa,249.852797270224,6.009338723384924,-5.909338723384924,0.1,0.0,0.0,0.0,1.0,224.50799467420666,249.6606772392087,0,145.6965923063494,,counterfactual
5,wheat,RestOfWorld,RoW,254.2862702368832,238.9929395274435,-101.09293952744352,137.89999999999998,0.0,0.0,0.0,1.0,224.50799467420666,249.6606772392087,0,145.6965923063494,,counterfactual
5,rice,USA,N.America,379.6972358518735,3.9496915580253997,3.0503084419746003,7.0,0.0,1.05,0.0,1.0,379.86348570126336,408.00271436906587,0,48.52211512955124,,counterfactual
5,rice,Russia,FSU,398.8865010345429,1.4820234388770726,-0.48202343887707255,1.0,0.0,0.15,0.0,1.0,379.86348570126336,408.00271436906587,0,48.52211512955124,,counterfactual
5,rice,EU,Europe,410.1681356958867,3.957411050315173,-1.957411050315173,2.0,0.0,0.3,0.0,1.0,379.86348570126336,408.00271436906587,0,48.52211512955124,,counterfactual
5,rice,Ukraine,FSU,405.8826435704045,0.2963415962939408,-0.2963415962939408,0.0,0.0,0.0,0.0,1.0,379.86348570126336,408.00271436906587,0,48.52211512955124,,counterfactual
5,rice,Canada,N.America,393.9433130588135,0.3939172395839449,-0.3939172395839449,0.0,0.0,0.0,0.0,1.0,379.86348570126336,408.00271436906587,0,48.52211512955124,,counterfactual
5,rice,Australia,Oceania,373.02307359159477,0.4993689833095723,0.0006310166904276993,0.5,0.0,0.075,0.0,1.0,379.86348570126336,408.00271436906587,0,48.52211512955124,,counterfactual
5,rice,Argentina,S.America,371.45150139502897,0.9976737597919735,0.5023262402080265,1.5,0.0,0.22499999999999998,0.0,1.0,379.86348570126336,408.00271436906587,0,48.52211512955124,,counterfactual
5,rice,Brazil,S.America,377.34517945516285,11.034403464997167,0.039874678287224796,11.074278143284392,0.0,1.0233409043346569,0.0,1.0,379.86348570126336,408.00271436906587,0,48.52211512955124,,counterfactual
5,rice,India,S.Asia,384.33755937817347,110.60040016102761,19.528637990478785,130.1290381515064,0.0,18.59386665861186,25.0,1.0,379.86348570126336,408.00271436906587,0,48.52211512955124,,counterfactual
5,rice,Thailand,SE.Asia,377.64002822432496,20.226765593993143,12.773234406006857,33.0,0.0,4.397619047619048,0.0,1.0,379.86348570126336,408.00271436906587,0,48.52211512955124,,counterfactual
5,rice,Vietnam,SE.Asia,375.5763239907654,30.37290112758937,12.627098872410631,43.0,0.0,6.008095238095239,0.0,1.0,379.86348570126336,408.00271436906587,0,48.52211512955124,,counterfactual
5,rice,China,E.Asia,390.8918301640384,212.99435106900143,-0.994351069001425,212.0,0.0,0.0,88.0,1.0,379.86348570126336,408.00271436906587,0,48.52211512955124,,counterfactual
5,rice,Egypt,MENA,402.1370499953967,4.000000361590912,-3.615909118792615e-07,4.0,0.0,0.0,0.0,1.0,379.86348570126336,408.00271436906587,0,48.52211512955124,,counterfactual
5,rice,Indonesia,SE.Asia,390.13159780907165,56.27476346614498,-2.2747634661449823,54.0,0.0,0.0,0.0,1.0,379.86348570126336,408.00271436906587,0,48.52211512955124,,counterfactual
5,rice,Mexico,N.America,393.4993818264299,0.9919859359460261,-0.7919859359460262,0.2,0.0,0.0,0.0,1.0,379.86348570126336,408.00271436906587,0,48.52211512955124,,counterfactual
5,rice,Nigeria,Africa,405.00868443692053,8.480221653405222,-0.4802216534052217,8.0,0.0,0.0,0.0,1.0,379.86348570126336,408.00271436906587,0,48.52211512955124,,counterfactual
5,rice,RestOfWorld,RoW,409.8854824463635,55.65109583489781,-40.8510958348978,14.800000000000011,0.0,0.0,0.0,1.0,379.86348570126336,408.00271436906587,0,48.52211512955124,,counterfactual
5,maize,USA,N.America,175.0992052405719,310.308283061123,39.69171693887699,350.0,0.0,52.38278786136324,0.0,1.0,178.0736649843782,203.27567533097994,0,153.37061556224018,,counterfactual
5,maize,Russia,FSU,195.44929762248466,12.928972083885295,2.071027916114705,15.0,0.0,2.25,0.0,1.0,178.0736649843782,203.27567533097994,0,153.37061556224018,,counterfactual
5,maize,EU,Europe,201.41498259195464,84.46690179771593,-19.39487744176391,65.07202435595202,0.0,9.525594691667019,0.0,1.0,178.0736649843782,203.27567533097994,0,153.37061556224018,,counterfactual
5,maize,Ukraine,FSU,190.04618466468165,6.063794033254405,23.936205966745597,30.0,0.0,4.423809523809524,0.0,1.0,178.0736649843782,203.27567533097994,0,153.37061556224018,,counterfactual
5,maize,Canada,N.America,187.4026369058761,15.17749304006538,-1.1774930400653805,14.0,0.0,2.1,0.0,1.0,178.0736649843782,203.27567533097994,0,153.37061556224018,,counterfactual
5,maize,Australia,Oceania,210.55424891009952,0.9519829468018149,-0.45198294680181494,0.5,0.0,0.075,0.0,1.0,178.0736649843782,203.27567533097994,0,153.37061556224018,,counterfactual
5,maize,Argentina,S.America,172.52220189136844,12.409372995645983,42.59062700435402,55.0,0.0,8.54197734135677,0.0,1.0,178.0736649843782,203.27567533097994,0,153.37061556224018,,counterfactual
5,maize,Brazil,S.America,177.61220447004152,77.31006883655152,42.68993116344848,120.0,0.0,17.847619047619048,0.0,1.0,178.0736649843782,203.27567533097994,0,153.37061556224018,,counterfactual
5,maize,India,S.Asia,199.67010993192892,29.60889773410262,2.3911022658973806,32.0,0.0,4.8,0.0,1.0,178.0736649843782,203.27567533097994,0,153.37061556224018,,counterfactual
5,maize,Thailand,SE.Asia,213.0740300305186,5.842056640238108,-0.8420566402381082,5.0,0.0,0.75,0.0,1.0,178.0736649843782,203.27567533097994,0,153.37061556224018,,counterfactual
5,maize,Vietnam,SE.Asia,214.83920423632776,7.761923462719334,-3.7619234627193343,4.0,0.0,0.6,0.0,1.0,178.0736649843782,203.27567533097994,0,153.37061556224018,,counterfactual
5,maize,China,E.Asia,209.96756323761147,289.7256262080284,-9.725626208028416,280.0,0.0,0.0,5.0,1.0,178.0736649843782,203.27567533097994,0,153.37061556224018,,counterfactual
5,maize,Egypt,MENA,203.47048608274642,15.925225915453174,-8.925225915453174,7.0,0.0,0.0,0.0,1.0,178.0736649843782,203.27567533097994,0,153.37061556224018,,counterfactual
5,maize,Indonesia,SE.Asia,217.09168972731894,23.24630749639564,-0.24630749639564087,23.0,0.0,0.0,0.0,1.0,178.0736649843782,203.27567533097994,0,153.37061556224018,,counterfactual
5,maize,Mexico,N.America,187.01924109183398,44.75297853304417,-17.75297853304417,27.0,0.0,0.0,0.0,1.0,178.0736649843782,203.27567533097994,0,153.37061556224018,,counterfactual
5,maize,Nigeria,Africa,201.50340548951385,12.97577308468471,-0.9757730846847092,12.0,0.0,0.0,0.0,1.0,178.0736649843782,203.27567533097994,0,153.37061556224018,,counterfactual
5,maize,RestOfWorld,RoW,205.71520524089192,205.6163664862427,-90.1163664862427,115.5,0.0,0.0,0.0,1.0,178.0736649843782,203.27567533097994,0,153.37061556224018,,counterfactual
6,wheat,USA,N.America,219.7906588693383,30.24300749799514,14.75699250200486,45.0,0.0,6.441472756181547,0.0,1.0,225.07384218035227,250.2170907175497,0,145.746991881588,,counterfactual
6,wheat,Russia,FSU,228.14169021596192,45.96131048188168,44.03868951811832,90.0,0.0,13.109523809523807,0.0,1.0,225.07384218035227,250.2170907175497,0,145.746991881588,,counterfactual
6,wheat,EU,Europe,238.2200505931064,121.52028797801795,8.479712021982053,130.0,0.0,18.91428571428571,0.0,1.0,225.07384218035227,250.2170907175497,0,145.746991881588,,counterfactual
6,wheat,Ukraine,FSU,238.3537887205569,9.087443718278275,15.912556281721725,25.0,0.0,3.5547619047619037,0.0,1.0,225.07384218035227,250.2170907175497,0,145.746991881588,,counterfactual
6,wheat,Canada,N.America,221.42537797071904,10.244732523237072,23.755267476762928,34.0,0.0,4.808686937376654,0.0,1.0,225.07384218035227,250.2170907175497,0,145.746991881588,,counterfactual
6,wheat,Australia,Oceania,213.90325295645692,8.292984301917505,21.707015698082493,30.0,0.0,4.909709199624891,0.0,1.0,225.07384218035227,250.2170907175497,0,145.746991881588,,counterfactual
6,wheat,Argentina,S.America,219.90749492004113,6.108244983028702,13.891755016971299,20.0,0.0,2.8940976150369067,0.0,1.0,225.07384218035227,250.2170907175497,0,145.746991881588,,counterfactual
6,wheat,Brazil,S.America,235.20594649284925,12.976836677447277,-4.976836677447277,8.0,0.0,1.2,0.0,1.0,225.07384218035227,250.2170907175497,0,145.746991881588,,counterfactual
6,wheat,India,S.Asia,231.62211753843297,106.74204863970255,3.204807260297457,109.9468559,0.0,16.5,20.5217031,1.0,225.07384218035227,250.2170907175497,0,145.746991881588,,counterfactual
6,wheat,Thailand,SE.Asia,236.00458334766356,2.025260012272846,-2.025260012272846,0.0,0.0,0.0,0.0,1.0,225.07384218035227,250.2170907175497,0,145.746991881588,,counterfactual
6,wheat,Vietnam,SE.Asia,234.68853347892173,2.533467141062122,-2.533467141062122,0.0,0.0,0.0,0.0,1.0,225.07384218035227,250.2170907175497,0,145.746991881588,,counterfactual
6,wheat,China,E.Asia,240.2472601003237,146.9189852424172,-1.9189852424171931,145.0,0.0,0.0,51.0,1.0,225.07384218035227,250.2170907175497,0,145.746991881588,,counterfactual
6,wheat,Egypt,MENA,251.84919935602997,19.992384420922168,-10.957228170922168,9.03515625,0.0,0.0,0.03515625,1.0,225.07384218035227,250.2170907175497,0,145.746991881588,,counterfactual
6,wheat,Indonesia,SE.Asia,229.45664302122884,11.285255757296758,-11.285255757296758,0.0,0.0,0.0,0.0,1.0,225.07384218035227,250.2170907175497,0,145.746991881588,,counterfactual
6,wheat,Mexico,N.America,232.33806041720078,8.076271351996258,-5.076271351996258,3.0,0.0,0.0,0.0,1.0,225.07384218035227,250.2170907175497,0,145.746991881588,,counterfactual
6,wheat,Nigeria,Africa,250.41402249259687,6.010308227388091,-5.910308227388091,0.1,0.0,0.0,0.0,1.0,225.07384218035227,250.2170907175497,0,145.746991881588,,counterfactual
6,wheat,RestOfWorld,RoW,254.84749642516533,238.9631831951384,-101.06318319513844,137.89999999999998,0.0,0.0,0.0,1.0,225.07384218035227,250.2170907175497,0,145.746991881588,,counterfactual
6,rice,USA,N.America,380.26649056593794,3.9527380996169303,3.0472619003830697,7.0,0.0,1.05,0.0,1.0,380.4368905213533,408.5786707374466,0,48.5160961501213,,counterfactual
6,rice,Russia,FSU,399.45577483574846,1.4825262778495563,-0.48252627784955626,1.0,0.0,0.15,0.0,1.0,380.4368905213533,408.5786707374466,0,48.5160961501213,,counterfactual
6,rice,EU,Europe,410.73737422043087,3.9593497994830456,-1.9593497994830456,2.0,0.0,0.3,0.0,1.0,380.4368905213533,408.5786707374466,0,48.5160961501213,,counterfactual
6,rice,Ukraine,FSU,406.45179894246183,0.29648338501131266,-0.29648338501131266,0.0,0.0,0.0,0.0,1.0,380.4368905213533,408.5786707374466,0,48.5160961501213,,counterfactual
6,rice,Canada,N.America,394.5124796643354,0.3941586121039442,-0.3941586121039442,0.0,0.0,0.0,0.0,1.0,380.4368905213533,408.5786707374466,0,48.5160961501213,,counterfactual
6,rice,Australia,Oceania,373.62550692970325,0.49943470451403965,0.0005652954859603487,0.5,0.0,0.075,0.0,1.0,380.4368905213533,408.5786707374466,0,48.5160961501213,,counterfactual
6,rice,Argentina,S.America,372.0213737093128,0.997990204479102,0.502009795520898,1.5,0.0,0.22499999999999998,0.0,1.0,380.4368905213533,408.5786707374466,0,48.5160961501213,,counterfactual
6,rice,Brazil,S.America,384.5551375456757,10.999994082684184,5.917315816006408e-06,11.0,0.0,1.0233409043346569,0.0,1.0,380.4368905213533,408.5786707374466,0,48.5160961501213,,counterfactual
6,rice,India,S.Asia,384.9068914874169,110.58554623047408,19.556627943716165,130.14217417419025,0.0,18.4516924844216,25.0,1.0,380.4368905213533,408.5786707374466,0,48.5160961501213,,counterfactual
6,rice,Thailand,SE.Asia,378.2093601664114,20.22319873037244,12.776801269627558,33.0,0.0,4.397619047619048,0.0,1.0,380.4368905213533,408.5786707374466,0,48.5160961501213,,counterfactual
6,rice,Vietnam,SE.Asia,376.1456570123708,30.367342797981134,12.632657202018866,43.0,0.0,6.008095238095239,0.0,1.0,380.4368905213533,408.5786707374466,0,48.5160961501213,,counterfactual
6,rice,China,E.Asia,391.46114543761666,212.98476020371058,-0.9847602037105787,212.0,0.0,0.0,86.0,1.0,380.4368905213533,408.5786707374466,0,48.5160961501213,,counterfactual
6,rice,Egypt,MENA,403.02693962758786,4.000049549135047,-4.954913504739977e-05,4.0,0.0,0.0,0.0,1.0,380.4368905213533,408.5786707374466,0,48.5160961501213,,counterfactual
6,rice,Indonesia,SE.Asia,390.70092357368856,56.26619975910557,-2.266199759105568,54.0,0.0,0.0,0.0,1.0,380.4368905213533,408.5786707374466,0,48.5160961501213,,counterfactual
6,rice,Mexico,N.America,394.0685991339856,0.992584648050158,-0.7925846480501579,0.2,0.0,0.0,0.0,1.0,380.4368905213533,408.5786707374466,0,48.5160961501213,,counterfactual
6,rice,Nigeria,Africa,405.5785077650781,8.479917079388017,-0.47991707938801653,8.0,0.0,0.0,0.0,1.0,380.4368905213533,408.5786707374466,0,48.5160961501213,,counterfactual
6,rice,RestOfWorld,RoW,410.4548144087276,55.65990001023122,-40.85990001023121,14.800000000000011,0.0,0.0,0.0,1.0,380.4368905213533,408.5786707374466,0,48.5160961501213,,counterfactual
6,maize,USA,N.America,176.57030779368597,309.66314307440695,40.336856925593054,350.0,0.0,52.38278786136324,0.0,1.0,179.5421994390734,204.83345446314274,0,154.26970299119267,,counterfactual
6,maize,Russia,FSU,196.92040552099763,12.904467951632357,2.0955320483676427,15.0,0.0,2.25,0.0,1.0,179.5421994390734,204.83345446314274,0,154.26970299119267,,counterfactual
6,maize,EU,Europe,202.8860840736371,84.29676281309823,-19.07026372494822,65.22649908815,0.0,9.299095603517012,0.0,1.0,179.5421994390734,204.83345446314274,0,154.26970299119267,,counterfactual
6,maize,Ukraine,FSU,191.51728434831045,6.051822279548899,23.9481777204511,30.0,0.0,4.423809523809524,0.0,1.0,179.5421994390734,204.83345446314274,0,154.26970299119267,,counterfactual
6,maize,Canada,N.America,188.87372429767555,15.146513459469519,-1.146513459469519,14.0,0.0,2.1,0.0,1.0,179.5421994390734,204.83345446314274,0,154.26970299119267,,counterfactual
6,maize,Australia,Oceania,212.02528125862892,0.9502811549740096,-0.45028115497400956,0.5,0.0,0.075,0.0,1.0,179.5421994390734,204.83345446314274,0,154.26970299119267,,counterfactual
6,maize,Argentina,S.America,173.9933006640028,12.384468114688923,42.61553188531108,55.0,0.0,8.54197734135677,0.0,1.0,179.5421994390734,204.83345446314274,0,154.26970299119267,,counterfactual
6,maize,Brazil,S.America,179.08330454328893,77.17124260501774,42.82875739498226,120.0,0.0,17.847619047619048,0.0,1.0,179.5421994390734,204.83345446314274,0,154.26970299119267,,counterfactual
6,maize,India,S.Asia,201.1412087359529,29.555355951765403,2.444644048234597,32.0,0.0,4.8,0.0,1.0,179.5421994390734,204.83345446314274,0,154.26970299119267,,counterfactual
6,maize,Thailand,SE.Asia,214.54509384522834,5.83003665032682,-0.8300366503268197,5.0,0.0,0.75,0.0,1.0,179.5421994390734,204.83345446314274,0,154.26970299119267,,counterfactual
6,maize,Vietnam,SE.Asia,216.3102907572439,7.745918390685947,-3.7459183906859472,4.0,0.0,0.6,0.0,1.0,179.5421994390734,204.83345446314274,0,154.26970299119267,,counterfactual
6,maize,China,E.Asia,211.43866425276383,289.12357813703517,-11.623578137035167,277.5,0.0,0.0,2.5,1.0,179.5421994390734,204.83345446314274,0,154.26970299119267,,counterfactual
6,maize,Egypt,MENA,204.94158649679358,15.893597227405953,-8.893597227405953,7.0,0.0,0.0,0.0,1.0,179.5421994390734,204.83345446314274,0,154.26970299119267,,counterfactual
6,maize,Indonesia,SE.Asia,218.56273306316498,23.198199392747558,-0.19819939274755782,23.0,0.0,0.0,0.0,1.0,179.5421994390734,204.83345446314274,0,154.26970299119267,,counterfactual
6,maize,Mexico,N.America,188.49034320997328,44.65926581436625,-17.65926581436625,27.0,0.0,0.0,0.0,1.0,179.5421994390734,204.83345446314274,0,154.26970299119267,,counterfactual
6,maize,Nigeria,Africa,202.97448247497874,12.949166513652358,-0.9491665136523579,12.0,0.0,0.0,0.0,1.0,179.5421994390734,204.83345446314274,0,154.26970299119267,,counterfactual
6,maize,RestOfWorld,RoW,207.18630602590898,205.20267955732785,-89.70267955732785,115.5,0.0,0.0,0.0,1.0,179.5421994390734,204.83345446314274,0,154.26970299119267,,counterfactual
7,wheat,USA,N.America,219.98756979783823,30.25573381254283,14.744266187457171,45.0,0.0,6.441472756181547,0.0,1.0,225.27245687961903,250.4139169944357,0,145.76118727171428,,counterfactual
7,wheat,Russia,FSU,228.3386015425906,45.9571146089527,44.0428853910473,90.0,0.0,13.109523809523807,0.0,1.0,225.27245687961903,250.4139169944357,0,145.76118727171428,,counterfactual
7,wheat,EU,Europe,238.4169613556385,121.51649649787551,8.483503502124492,130.0,0.0,18.91428571428571,0.0,1.0,225.27245687961903,250.4139169944357,0,145.76118727171428,,counterfactual
7,wheat,Ukraine,FSU,238.5507003457947,9.087113549398874,15.912886450601126,25.0,0.0,3.5547619047619037,0.0,1.0,225.27245687961903,250.4139169944357,0,145.76118727171428,,counterfactual
7,wheat,Canada,N.America,221.62228963432494,10.245186900662343,23.754813099337657,34.0,0.0,4.808686937376654,0.0,1.0,225.27245687961903,250.4139169944357,0,145.76118727171428,,counterfactual
7,wheat,Australia,Oceania,214.10016333424227,8.291958122418398,21.7080418775816,30.0,0.0,4.909709199624891,0.0,1.0,225.27245687961903,250.4139169944357,0,145.76118727171428,,counterfactual
7,wheat,Argentina,S.America,220.10440554628013,6.108701406583511,13.89129859341649,20.0,0.0,2.8940976150369067,0.0,1.0,225.27245687961903,250.4139169944357,0,145.76118727171428,,counterfactual
7,wheat,Brazil,S.America,235.40285739820013,12.970042454925009,-4.970042454925009,8.0,0.0,1.2,0.0,1.0,225.27245687961903,250.4139169944357,0,145.76118727171428,,counterfactual
7,wheat,India,S.Asia,231.81902679646737,106.72881900471971,3.223351305280289,109.95217031,0.0,16.5,20.56953279,1.0,225.27245687961903,250.4139169944357,0,145.76118727171428,,counterfactual
7,wheat,Thailand,SE.Asia,236.201498220273,2.0253369297347197,-2.0253369297347197,0.0,0.0,0.0,0.0,1.0,225.27245687961903,250.4139169944357,0,145.76118727171428,,counterfactual
7,wheat,Vietnam,SE.Asia,234.88544720065147,2.533559558197929,-2.533559558197929,0.0,0.0,0.0,0.0,1.0,225.27245687961903,250.4139169944357,0,145.76118727171428,,counterfactual
7,wheat,China,E.Asia,240.44417292844005,146.9258546798927,-1.9258546798926943,145.0,0.0,0.0,44.0,1.0,225.27245687961903,250.4139169944357,0,145.76118727171428,,counterfactual
7,wheat,Egypt,MENA,252.0461112573866,19.99249258129543,-10.97491445629543,9.017578125,0.0,0.0,0.017578125,1.0,225.27245687961903,250.4139169944357,0,145.76118727171428,,counterfactual
7,wheat,Indonesia,SE.Asia,229.65355337234158,11.285472853800918,-11.285472853800918,0.0,0.0,0.0,0.0,1.0,225.27245687961903,250.4139169944357,0,145.76118727171428,,counterfactual
7,wheat,Mexico,N.America,232.5349726124428,8.078410320958822,-5.078410320958822,3.0,0.0,0.0,0.0,1.0,225.27245687961903,250.4139169944357,0,145.76118727171428,,counterfactual
7,wheat,Nigeria,Africa,250.6109340186649,6.010652097925075,-5.910652097925075,0.1,0.0,0.0,0.0,1.0,225.27245687961903,250.4139169944357,0,145.76118727171428,,counterfactual
7,wheat,RestOfWorld,RoW,255.04440748642884,238.95680305511544,-101.05680305511547,137.89999999999998,0.0,0.0,0.0,1.0,225.27245687961903,250.4139169944357,0,145.76118727171428,,counterfactual
7,rice,USA,N.America,379.9822261245154,3.9551994896106,3.0448005103894,7.0,0.0,1.05,0.0,1.0,380.1471750447474,408.2722234247583,0,48.60362581992402,,counterfactual
7,rice,Russia,FSU,399.1715847471805,1.4831234092698589,-0.48312340926985886,1.0,0.0,0.15,0.0,1.0,380.1471750447474,408.2722234247583,0,48.60362581992402,,counterfactual
7,rice,EU,Europe,410.4531149525942,3.961227777717858,-1.9612277777178582,2.0,0.0,0.3,0.0,1.0,380.1471750447474,408.2722234247583,0,48.60362581992402,,counterfactual
7,rice,Ukraine,FSU,406.16764622564256,0.2966224888269395,-0.2966224888269395,0.0,0.0,0.0,0.0,1.0,380.1471750447474,408.2722234247583,0,48.60362581992402,,counterfactual
7,rice,Canada,N.America,394.22823914346696,0.3943699483082545,-0.3943699483082545,0.0,0.0,0.0,0.0,1.0,380.1471750447474,408.2722234247583,0,48.60362581992402,,counterfactual
7,rice,Australia,Oceania,373.5249427533675,0.4995465708683559,0.0004534291316440897,0.5,0.0,0.075,0.0,1.0,380.1471750447474,408.2722234247583,0,48.60362581992402,,counterfactual
7,rice,Argentina,S.America,371.7373929784283,0.9983956897731825,0.5016043102268175,1.5,0.0,0.22499999999999998,0.0,1.0,380.1471750447474,408.2722234247583,0,48.60362581992402,,counterfactual
7,rice,Brazil,S.America,377.6303906635511,11.040430533138576,0.10744211686721528,11.147872650005791,0.0,0.8754682543288652,0.0,1.0,380.1471750447474,408.2722234247583,0,48.60362581992402,,counterfactual
7,rice,India,S.Asia,384.62268190241304,110.60797253118395,19.549112722057913,130.15708525324186,0.0,18.29460723117973,25.0,1.0,380.1471750447474,408.2722234247583,0,48.60362581992402,,counterfactual
7,rice,Thailand,SE.Asia,377.92515061860956,20.226981439235857,12.773018560764143,33.0,0.0,4.397619047619048,0.0,1.0,380.1471750447474,408.2722234247583,0,48.60362581992402,,counterfactual
7,rice,Vietnam,SE.Asia,375.8614471758313,30.372927161306293,12.627072838693707,43.0,0.0,6.008095238095239,0.0,1.0,380.1471750447474,408.2722234247583,0,48.60362581992402,,counterfactual
7,rice,China,E.Asia,391.17694153182487,213.03713427637067,-1.037134276370665,212.0,0.0,0.0,84.0,1.0,380.1471750447474,408.2722234247583,0,48.60362581992402,,counterfactual
7,rice,Egypt,MENA,403.4151494292386,4.000054358139148,-5.435813914811405e-05,4.0,0.0,0.0,0.0,1.0,380.1471750447474,408.2722234247583,0,48.60362581992402,,counterfactual
7,rice,Indonesia,SE.Asia,390.4167158728542,56.277396879827556,-2.277396879827556,54.0,0.0,0.0,0.0,1.0,380.1471750447474,408.2722234247583,0,48.60362581992402,,counterfactual
7,rice,Mexico,N.America,393.78434514970763,0.9931222351140983,-0.7931222351140983,0.2,0.0,0.0,0.0,1.0,380.1471750447474,408.2722234247583,0,48.60362581992402,,counterfactual
7,rice,Nigeria,Africa,405.29455562870055,8.482053353787068,-0.4820533537870677,8.0,0.0,0.0,0.0,1.0,380.1471750447474,408.2722234247583,0,48.60362581992402,,counterfactual
7,rice,RestOfWorld,RoW,410.17060483024994,55.67839976076941,-40.8783997607694,14.800000000000011,0.0,0.0,0.0,1.0,380.1471750447474,408.2722234247583,0,48.60362581992402,,counterfactual
7,maize,USA,N.America,177.25729666151517,309.3587095885765,40.64129041142348,350.0,0.0,52.38278786136324,0.0,1.0,180.22853200890478,205.56302492874593,0,154.72943125215022,,counterfactual
7,maize,Russia,FSU,197.6073930219224,12.892375534376876,2.1076244656231236,15.0,0.0,2.25,0.0,1.0,180.22853200890478,205.56302492874593,0,154.72943125215022,,counterfactual
7,maize,EU,Europe,203.57307310525923,84.21463493114241,-18.911078146332855,65.30355678480956,0.0,8.995538818707448,0.0,1.0,180.22853200890478,205.56302492874593,0,154.72943125215022,,counterfactual
7,maize,Ukraine,FSU,192.20427383088622,6.046036795626481,23.95396320437352,30.0,0.0,4.423809523809524,0.0,1.0,180.22853200890478,205.56302492874593,0,154.72943125215022,,counterfactual
7,maize,Canada,N.America,189.5607169082406,15.131715328384082,-1.1317153283840824,14.0,0.0,2.1,0.0,1.0,180.22853200890478,205.56302492874593,0,154.72943125215022,,counterfactual
7,maize,Australia,Oceania,212.71229215297615,0.9494079767651584,-0.4494079767651584,0.5,0.0,0.075,0.0,1.0,180.22853200890478,205.56302492874593,0,154.72943125215022,,counterfactual
7,maize,Argentina,S.America,174.68029017316124,12.37250616836019,42.62749383163981,55.0,0.0,8.54197734135677,0.0,1.0,180.22853200890478,205.56302492874593,0,154.72943125215022,,counterfactual
7,maize,Brazil,S.America,179.77029368658492,77.07509351252625,42.92490648747375,120.0,0.0,17.847619047619048,0.0,1.0,180.22853200890478,205.56302492874593,0,154.72943125215022,,counterfactual
7,maize,India,S.Asia,201.82820033737136,29.525993085589995,2.4740069144100048,32.0,0.0,4.8,0.0,1.0,180.22853200890478,205.56302492874593,0,154.72943125215022,,counterfactual
7,maize,Thailand,SE.Asia,215.23209864112735,5.823730562714457,-0.8237305627144567,5.0,0.0,0.75,0.0,1.0,180.22853200890478,205.56302492874593,0,154.72943125215022,,counterfactual
7,maize,Vietnam,SE.Asia,216.99728589500552,7.737473491112869,-3.737473491112869,4.0,0.0,0.6,0.0,1.0,180.22853200890478,205.56302492874593,0,154.72943125215022,,counterfactual
7,maize,China,E.Asia,212.12565377377234,288.82416995230943,-12.574169952309433,276.25,0.0,0.0,1.25,1.0,180.22853200890478,205.56302492874593,0,154.72943125215022,,counterfactual
7,maize,Egypt,MENA,205.6285757445418,15.878461907988765,-8.878461907988765,7.0,0.0,0.0,0.0,1.0,180.22853200890478,205.56302492874593,0,154.72943125215022,,counterfactual
7,maize,Indonesia,SE.Asia,219.24970129497447,23.173326170593445,-0.17332617059344457,23.0,0.0,0.0,0.0,1.0,180.22853200890478,205.56302492874593,0,154.72943125215022,,counterfactual
7,maize,Mexico,N.America,189.17733216207606,44.614868146569016,-17.614868146569016,27.0,0.0,0.0,0.0,1.0,180.22853200890478,205.56302492874593,0,154.72943125215022,,counterfactual
7,maize,Nigeria,Africa,203.66147848838733,12.935971075702922,-0.9359710757029216,12.0,0.0,0.0,0.0,1.0,180.22853200890478,205.56302492874593,0,154.72943125215022,,counterfactual
7,maize,RestOfWorld,RoW,207.87329492591664,204.99908255647077,-89.49908255647077,115.5,0.0,0.0,0.0,1.0,180.22853200890478,205.56302492874593,0,154.72943125215022,,counterfactual
8,wheat,USA,N.America,220.1810290464873,30.261537009931516,14.738462990068484,45.0,0.0,6.441472756181547,0.0,1.0,225.467595802499,250.60467169788834,0,145.7835639125857,,counterfactual
8,wheat,Russia,FSU,228.53206114715817,45.951719444207875,44.048280555792125,90.0,0.0,13.109523809523807,0.0,1.0,225.467595802499,250.60467169788834,0,145.7835639125857,,counterfactual
8,wheat,EU,Europe,238.6104205137681,121.5063600616115,8.493639938388498,130.0,0.0,18.91428571428571,0.0,1.0,225.467595802499,250.60467169788834,0,145.7835639125857,,counterfactual
8,wheat,Ukraine,FSU,238.74416005425206,9.086326923063302,15.913673076936698,25.0,0.0,3.5547619047619037,0.0,1.0,225.467595802499,250.60467169788834,0,145.7835639125857,,counterfactual
8,wheat,Canada,N.America,221.81574935709367,10.244801325816663,23.755198674183337,34.0,0.0,4.808686937376654,0.0,1.0,225.467595802499,250.60467169788834,0,145.7835639125857,,counterfactual
8,wheat,Australia,Oceania,214.29362224329142,8.290830401071192,21.70916959892881,30.0,0.0,4.909709199624891,0.0,1.0,225.467595802499,250.60467169788834,0,145.7835639125857,,counterfactual
8,wheat,Argentina,S.America,220.29786455660152,6.108699481051783,13.891300518948217,20.0,0.0,2.8940976150369067,0.0,1.0,225.467595802499,250.60467169788834,0,145.7835639125857,,counterfactual
8,wheat,Brazil,S.America,235.59631666627564,12.982815545147544,-4.9828155451475435,8.0,0.0,1.2,0.0,1.0,225.467595802499,250.60467169788834,0,145.7835639125857,,counterfactual
8,wheat,India,S.Asia,232.01248512046388,106.72321936777797,3.233733911222032,109.956953279,0.0,16.5,20.612579511,1.0,225.467595802499,250.60467169788834,0,145.7835639125857,,counterfactual
8,wheat,Thailand,SE.Asia,236.39496022284274,2.025834913975486,-2.025834913975486,0.0,0.0,0.0,0.0,1.0,225.467595802499,250.60467169788834,0,145.7835639125857,,counterfactual
8,wheat,Vietnam,SE.Asia,235.07890846073298,2.534245386915239,-2.534245386915239,0.0,0.0,0.0,0.0,1.0,225.467595802499,250.60467169788834,0,145.7835639125857,,counterfactual
8,wheat,China,E.Asia,240.63763338732517,146.93541139876268,-1.9354113987626818,145.0,0.0,0.0,37.0,1.0,225.467595802499,250.60467169788834,0,145.7835639125857,,counterfactual
8,wheat,Egypt,MENA,252.23957137159428,19.991055642193096,-10.982266579693096,9.0087890625,0.0,0.0,0.0087890625,1.0,225.467595802499,250.60467169788834,0,145.7835639125857,,counterfactual
8,wheat,Indonesia,SE.Asia,229.8470123757391,11.287130523137684,-11.287130523137684,0.0,0.0,0.0,0.0,1.0,225.467595802499,250.60467169788834,0,145.7835639125857,,counterfactual
8,wheat,Mexico,N.America,232.7284327636134,8.079231840130824,-5.079231840130824,3.0,0.0,0.0,0.0,1.0,225.467595802499,250.60467169788834,0,145.7835639125857,,counterfactual
8,wheat,Nigeria,Africa,250.8043936856286,6.011070955068812,-5.911070955068812,0.1,0.0,0.0,0.0,1.0,225.467595802499,250.60467169788834,0,145.7835639125857,,counterfactual
8,wheat,RestOfWorld,RoW,255.23786691038677,238.9454521216369,-101.04545212163691,137.89999999999998,0.0,0.0,0.0,1.0,225.467595802499,250.60467169788834,0,145.7835639125857,,counterfactual
8,rice,USA,N.America,380.57359674189524,3.9551971459241804,3.0448028540758196,7.0,0.0,1.05,0.0,1.0,380.74494564265547,408.88553659365925,0,48.52965779443251,,counterfactual
8,rice,Russia,FSU,399.76292424192843,1.4829647302394664,-0.4829647302394664,1.0,0.0,0.15,0.0,1.0,380.74494564265547,408.88553659365925,0,48.52965779443251,,counterfactual
8,rice,EU,Europe,411.04448942472993,3.960963827733219,-1.9609638277332189,2.0,0.0,0.3,0.0,1.0,380.74494564265547,408.88553659365925,0,48.52965779443251,,counterfactual
8,rice,Ukraine,FSU,406.7590097473475,0.29660172455777944,-0.29660172455777944,0.0,0.0,0.0,0.0,1.0,380.74494564265547,408.88553659365925,0,48.52965779443251,,counterfactual
8,rice,Canada,N.America,394.81962684535847,0.39435566999233584,-0.39435566999233584,0.0,0.0,0.0,0.0,1.0,380.74494564265547,408.88553659365925,0,48.52965779443251,,counterfactual
8,rice,Australia,Oceania,373.91724107210536,0.4995163841729307,0.00048361582706929473,0.5,0.0,0.075,0.0,1.0,380.74494564265547,408.88553659365925,0,48.52965779443251,,counterfactual
8,rice,Argentina,S.America,372.32832092832484,0.9982750997407305,0.5017249002592695,1.5,0.0,0.22499999999999998,0.0,1.0,380.74494564265547,408.88553659365925,0,48.52965779443251,,counterfactual
8,rice,Brazil,S.America,385.25329992914243,10.999997655363416,2.344636584439286e-06,11.0,0.0,0.8754682543288652,0.0,1.0,380.74494564265547,408.88553659365925,0,48.52965779443251,,counterfactual
8,rice,India,S.Asia,385.214011339809,110.58049303224794,19.56914863662479,130.14964166887273,0.0,18.144965562307004,25.0,1.0,380.74494564265547,408.88553659365925,0,48.52965779443251,,counterfactual
8,rice,Thailand,SE.Asia,378.5164800547639,20.221681039785594,12.778318960214406,33.0,0.0,4.397619047619048,0.0,1.0,380.74494564265547,408.88553659365925,0,48.52965779443251,,counterfactual
8,rice,Vietnam,SE.Asia,376.4527764805308,30.36491514217927,12.635084857820729,43.0,0.0,6.008095238095239,0.0,1.0,380.74494564265547,408.88553659365925,0,48.52965779443251,,counterfactual
8,rice,China,E.Asia,391.7682733785366,212.98920672146275,-0.9892067214627502,212.0,0.0,0.0,82.0,1.0,380.74494564265547,408.88553659365925,0,48.52965779443251,,counterfactual
8,rice,Egypt,MENA,403.7019853901004,4.000024966159152,-2.4966159151595946e-05,4.0,0.0,0.0,0.0,1.0,380.74494564265547,408.88553659365925,0,48.52965779443251,,counterfactual
8,rice,Indonesia,SE.Asia,391.0080465306383,56.26298056120108,-2.2629805612010827,54.0,0.0,0.0,0.0,1.0,380.74494564265547,408.88553659365925,0,48.52965779443251,,counterfactual
8,rice,Mexico,N.America,394.37572297959537,0.9930781956561313,-0.7930781956561312,0.2,0.0,0.0,0.0,1.0,380.74494564265547,408.88553659365925,0,48.52965779443251,,counterfactual
8,rice,Nigeria,Africa,405.88548659608335,8.480156434421689,-0.48015643442168887,8.0,0.0,0.0,0.0,1.0,380.74494564265547,408.88553659365925,0,48.52965779443251,,counterfactual
8,rice,RestOfWorld,RoW,410.76193436234945,55.669233338031795,-40.86923333803178,14.800000000000011,0.0,0.0,0.0,1.0,380.74494564265547,408.88553659365925,0,48.52965779443251,,counterfactual
8,maize,USA,N.America,177.6588660119847,309.18479567962805,40.81520432037195,350.0,0.0,52.38278786136324,0.0,1.0,180.628996949266,205.98628647854173,0,154.95126096082151,,counterfactual
8,maize,Russia,FSU,198.00896141224905,12.886120277894989,2.113879722105011,15.0,0.0,2.25,0.0,1.0,180.628996949266,205.98628647854173,0,154.95126096082151,,counterfactual
8,maize,EU,Europe,203.9746427227367,84.16997333432887,-18.83043140976767,65.3395419245612,0.0,8.65599689414625,0.0,1.0,180.628996949266,205.98628647854173,0,154.95126096082151,,counterfactual
8,maize,Ukraine,FSU,192.6058437573082,6.0428986192586,23.9571013807414,30.0,0.0,4.423809523809524,0.0,1.0,180.628996949266,205.98628647854173,0,154.95126096082151,,counterfactual
8,maize,Canada,N.America,189.96228915834905,15.123479770040227,-1.1234797700402268,14.0,0.0,2.1,0.0,1.0,180.628996949266,205.98628647854173,0,154.95126096082151,,counterfactual
8,maize,Australia,Oceania,213.11387371520965,0.9489912926646805,-0.4489912926646805,0.5,0.0,0.075,0.0,1.0,180.628996949266,205.98628647854173,0,154.95126096082151,,counterfactual
8,maize,Argentina,S.America,175.08186032244055,12.365941999973433,42.63405800002657,55.0,0.0,8.54197734135677,0.0,1.0,180.628996949266,205.98628647854173,0,154.95126096082151,,counterfactual
8,maize,Brazil,S.America,180.1718635164048,77.05444661818132,42.945553381818684,120.0,0.0,17.847619047619048,0.0,1.0,180.628996949266,205.98628647854173,0,154.95126096082151,,counterfactual
8,maize,India,S.Asia,202.229769788469,29.514644187147724,2.4853558128522764,32.0,0.0,4.8,0.0,1.0,180.628996949266,205.98628647854173,0,154.95126096082151,,counterfactual
8,maize,Thailand,SE.Asia,215.6336736488674,5.82098655841971,-0.82098655841971,5.0,0.0,0.75,0.0,1.0,180.628996949266,205.98628647854173,0,154.95126096082151,,counterfactual
8,maize,Vietnam,SE.Asia,217.39885770069978,7.7338587632235365,-3.7338587632235365,4.0,0.0,0.6,0.0,1.0,180.628996949266,205.98628647854173,0,154.95126096082151,,counterfactual
8,maize,China,E.Asia,212.5272235149827,288.6736045050918,-13.048604505091816,275.625,0.0,0.0,0.625,1.0,180.628996949266,205.98628647854173,0,154.95126096082151,,counterfactual
8,maize,Egypt,MENA,206.03014561741455,15.870075716306497,-8.870075716306497,7.0,0.0,0.0,0.0,1.0,180.628996949266,205.98628647854173,0,154.95126096082151,,counterfactual
8,maize,Indonesia,SE.Asia,219.6512374383504,23.162047717929067,-0.1620477179290667,23.0,0.0,0.0,0.0,1.0,180.628996949266,205.98628647854173,0,154.95126096082151,,counterfactual
8,maize,Mexico,N.America,189.5789016391735,44.58972755093978,-17.589727550939777,27.0,0.0,0.0,0.0,1.0,180.628996949266,205.98628647854173,0,154.95126096082151,,counterfactual
8,maize,Nigeria,Africa,204.0630526266533,12.929288150528828,-0.9292881505288282,12.0,0.0,0.0,0.0,1.0,180.628996949266,205.98628647854173,0,154.95126096082151,,counterfactual
8,maize,RestOfWorld,RoW,208.2748647078007,204.89366118300413,-89.39366118300413,115.5,0.0,0.0,0.0,1.0,180.628996949266,205.98628647854173,0,154.95126096082151,,counterfactual
9,wheat,USA,N.America,220.1682519182856,30.265192918664045,14.734807081335955,45.0,0.0,6.441472756181547,0.0,1.0,225.45487283496283,250.59333491910996,0,145.78079246618432,,counterfactual
9,wheat,Russia,FSU,228.5192840962997,45.95286304838755,44.04713695161245,90.0,0.0,13.109523809523807,0.0,1.0,225.45487283496283,250.59333491910996,0,145.78079246618432,,counterfactual
9,wheat,EU,Europe,238.59764330068984,121.51093026676934,8.489069733230664,130.0,0.0,18.91428571428571,0.0,1.0,225.45487283496283,250.59333491910996,0,145.78079246618432,,counterfactual
9,wheat,Ukraine,FSU,238.7313832562569,9.086660318687589,15.913339681312411,25.0,0.0,3.5547619047619037,0.0,1.0,225.45487283496283,250.59333491910996,0,145.78079246618432,,counterfactual
9,wheat,Canada,N.America,221.8029725713875,10.245330309967894,23.754669690032106,34.0,0.0,4.808686937376654,0.0,1.0,225.45487283496283,250.59333491910996,0,145.78079246618432,,counterfactual
9,wheat,Australia,Oceania,214.28084492640016,8.290963900436564,21.709036099563434,30.0,0.0,4.909709199624891,0.0,1.0,225.45487283496283,250.59333491910996,0,145.78079246618432,,counterfactual
9,wheat,Argentina,S.America,220.2850872281107,6.108977924171935,13.891022075828065,20.0,0.0,2.8940976150369067,0.0,1.0,225.45487283496283,250.59333491910996,0,145.78079246618432,,counterfactual
9,wheat,Brazil,S.America,235.5835394343986,12.97273590313886,-4.97273590313886,8.0,0.0,1.2,0.0,1.0,225.45487283496283,250.59333491910996,0,145.78079246618432,,counterfactual
9,wheat,India,S.Asia,231.99970738197467,106.71962558993685,3.2416323611631412,109.9612579511,0.0,16.5,20.6513215599,1.0,225.45487283496283,250.59333491910996,0,145.78079246618432,,counterfactual
9,wheat,Thailand,SE.Asia,236.38218495358024,2.0255765151320912,-2.0255765151320912,0.0,0.0,0.0,0.0,1.0,225.45487283496283,250.59333491910996,0,145.78079246618432,,counterfactual
9,wheat,Vietnam,SE.Asia,235.06613266200594,2.5338810417359126,-2.5338810417359126,0.0,0.0,0.0,0.0,1.0,225.45487283496283,250.59333491910996,0,145.78079246618432,,counterfactual
9,wheat,China,E.Asia,240.6248570285244,146.93385337192885,-1.9338533719288478,145.0,0.0,0.0,30.0,1.0,225.45487283496283,250.59333491910996,0,145.78079246618432,,counterfactual
9,wheat,Egypt,MENA,252.22679438742628,19.99208212095577,-10.987687589705772,9.00439453125,0.0,0.0,0.00439453125,1.0,225.45487283496283,250.59333491910996,0,145.78079246618432,,counterfactual
9,wheat,Indonesia,SE.Asia,229.83423498228998,11.28626390794094,-11.28626390794094,0.0,0.0,0.0,0.0,1.0,225.45487283496283,250.59333491910996,0,145.78079246618432,,counterfactual
9,wheat,Mexico,N.America,232.71565619377776,8.079951950937629,-5.0799519509376285,3.0,0.0,0.0,0.0,1.0,225.45487283496283,250.59333491910996,0,145.78079246618432,,counterfactual
9,wheat,Nigeria,Africa,250.79161670101988,6.0110254229591344,-5.911025422959135,0.1,0.0,0.0,0.0,1.0,225.45487283496283,250.59333491910996,0,145.78079246618432,,counterfactual
9,wheat,RestOfWorld,RoW,255.22508979800264,238.94973797059907,-101.0497379705991,137.89999999999998,0.0,0.0,0.0,1.0,225.45487283496283,250.59333491910996,0,145.78079246618432,,counterfactual
9,rice,USA,N.America,380.0475007230458,3.956577665292322,3.043422334707678,7.0,0.0,1.05,0.0,1.0,380.2122151891844,408.33344389749175,0,48.624462175143314,,counterfactual
9,rice,Russia,FSU,399.2369082719368,1.4833957154669606,-0.4833957154669606,1.0,0.0,0.15,0.0,1.0,380.2122151891844,408.33344389749175,0,48.624462175143314,,counterfactual
9,rice,EU,Europe,410.51839580054514,3.9621752624176603,-1.9621752624176603,2.0,0.0,0.3,0.0,1.0,380.2122151891844,408.33344389749175,0,48.624462175143314,,counterfactual
9,rice,Ukraine,FSU,406.2330073346069,0.2966921967934951,-0.2966921967934951,0.0,0.0,0.0,0.0,1.0,380.2122151891844,408.33344389749175,0,48.624462175143314,,counterfactual
9,rice,Canada,N.America,394.2935425993505,0.39448259677346603,-0.39448259677346603,0.0,0.0,0.0,0.0,1.0,380.2122151891844,408.33344389749175,0,48.624462175143314,,counterfactual
9,rice,Australia,Oceania,373.54073041317787,0.4996163860492947,0.00038361395070529714,0.5,0.0,0.075,0.0,1.0,380.2122151891844,408.33344389749175,0,48.624462175143314,,counterfactual
9,rice,Argentina,S.America,371.80262756364436,0.998576639577695,0.501423360422305,1.5,0.0,0.22499999999999998,0.0,1.0,380.2122151891844,408.33344389749175,0,48.624462175143314,,counterfactual
9,rice,Brazil,S.America,377.69563142254435,11.041954290480366,0.12420356480669703,11.166157855287063,0.0,0.7093103990418029,0.0,1.0,380.2122151891844,408.33344389749175,0,48.624462175143314,,counterfactual
9,rice,India,S.Asia,384.68798759575577,110.61006736662283,19.55506150180075,130.16512886842358,0.0,17.979836693883435,25.0,1.0,380.2122151891844,408.33344389749175,0,48.624462175143314,,counterfactual
9,rice,Thailand,SE.Asia,377.99045636027057,20.22708694910212,12.77291305089788,33.0,0.0,4.397619047619048,0.0,1.0,380.2122151891844,408.33344389749175,0,48.624462175143314,,counterfactual
9,rice,Vietnam,SE.Asia,375.92675254318505,30.373012091084465,12.626987908915535,43.0,0.0,6.008095238095239,0.0,1.0,380.2122151891844,408.33344389749175,0,48.624462175143314,,counterfactual
9,rice,China,E.Asia,391.2422522177264,213.04824005322945,-1.0482400532294491,212.0,0.0,0.0,80.0,1.0,380.2122151891844,408.33344389749175,0,48.624462175143314,,counterfactual
9,rice,Egypt,MENA,403.7472661615417,4.000031988846274,-3.1988846274089155e-05,4.0,0.0,0.0,0.0,1.0,380.2122151891844,408.33344389749175,0,48.624462175143314,,counterfactual
9,rice,Indonesia,SE.Asia,390.48202354294307,56.27819097821924,-2.278190978219243,54.0,0.0,0.0,0.0,1.0,380.2122151891844,408.33344389749175,0,48.624462175143314,,counterfactual
9,rice,Mexico,N.America,393.8496319660273,0.9934064896289433,-0.7934064896289432,0.2,0.0,0.0,0.0,1.0,380.2122151891844,408.33344389749175,0,48.624462175143314,,counterfactual
9,rice,Nigeria,Africa,405.35980276418957,8.482528630268153,-0.4825286302681526,8.0,0.0,0.0,0.0,1.0,380.2122151891844,408.33344389749175,0,48.624462175143314,,counterfactual
9,rice,RestOfWorld,RoW,410.2359105687674,55.685251423857885,-40.88525142385787,14.800000000000011,0.0,0.0,0.0,1.0,380.2122151891844,408.33344389749175,0,48.624462175143314,,counterfactual
9,maize,USA,N.America,177.7958542537497,309.1214921836912,40.8785078163088,350.0,0.0,52.38278786136324,0.0,1.0,180.76632192205975,206.1335143629807,0,155.06905238531488,,counterfactual
9,maize,Russia,FSU,198.14594898666385,12.883180329826706,2.116819670173294,15.0,0.0,2.25,0.0,1.0,180.76632192205975,206.1335143629807,0,155.06905238531488,,counterfactual
9,maize,EU,Europe,204.11163105113494,84.15142038872204,-18.790843865150123,65.36057652357192,0.0,8.295420370574329,0.0,1.0,180.76632192205975,206.1335143629807,0,155.06905238531488,,counterfactual
9,maize,Ukraine,FSU,192.74283237178014,6.041586463201397,23.958413536798602,30.0,0.0,4.423809523809524,0.0,1.0,180.76632192205975,206.1335143629807,0,155.06905238531488,,counterfactual
9,maize,Canada,N.America,190.09927940519998,15.120259544463044,-1.1202595444630443,14.0,0.0,2.1,0.0,1.0,180.76632192205975,206.1335143629807,0,155.06905238531488,,counterfactual
9,maize,Australia,Oceania,213.25087154599893,0.9487513235752082,-0.4487513235752082,0.5,0.0,0.075,0.0,1.0,180.76632192205975,206.1335143629807,0,155.06905238531488,,counterfactual
9,maize,Argentina,S.America,175.21884899477337,12.363282802373078,42.63671719762692,55.0,0.0,8.54197734135677,0.0,1.0,180.76632192205975,206.1335143629807,0,155.06905238531488,,counterfactual
9,maize,Brazil,S.America,180.30885210179903,77.01635877423242,42.983641225767585,120.0,0.0,17.847619047619048,0.0,1.0,180.76632192205975,206.1335143629807,0,155.06905238531488,,counterfactual
9,maize,India,S.Asia,202.3667585838043,29.505128571422105,2.494871428577895,32.0,0.0,4.8,0.0,1.0,180.76632192205975,206.1335143629807,0,155.06905238531488,,counterfactual
9,maize,Thailand,SE.Asia,215.77066726350282,5.819141771805459,-0.8191417718054588,5.0,0.0,0.75,0.0,1.0,180.76632192205975,206.1335143629807,0,155.06905238531488,,counterfactual
9,maize,Vietnam,SE.Asia,217.5358481910156,7.731351346161864,-3.7313513461618637,4.0,0.0,0.6,0.0,1.0,180.76632192205975,206.1335143629807,0,155.06905238531488,,counterfactual
9,maize,China,E.Asia,212.66421190167407,288.5985396306278,-13.286039630627783,275.3125,0.0,0.0,0.3125,1.0,180.76632192205975,206.1335143629807,0,155.06905238531488,,counterfactual
9,maize,Egypt,MENA,206.16713405544039,15.866757789363316,-8.866757789363316,7.0,0.0,0.0,0.0,1.0,180.76632192205975,206.1335143629807,0,155.06905238531488,,counterfactual
9,maize,Indonesia,SE.Asia,219.78828551494271,23.155048877657674,-0.1550488776576735,23.0,0.0,0.0,0.0,1.0,180.76632192205975,206.1335143629807,0,155.06905238531488,,counterfactual
9,maize,Mexico,N.America,189.71588989402346,44.58035245524004,-17.58035245524004,27.0,0.0,0.0,0.0,1.0,180.76632192205975,206.1335143629807,0,155.06905238531488,,counterfactual
9,maize,Nigeria,Africa,204.20004399255953,12.92600937788768,-0.9260093778876808,12.0,0.0,0.0,0.0,1.0,180.76632192205975,206.1335143629807,0,155.06905238531488,,counterfactual
9,maize,RestOfWorld,RoW,208.41185310852595,204.84441489332067,-89.34441489332067,115.5,0.0,0.0,0.0,1.0,180.76632192205975,206.1335143629807,0,155.06905238531488,,counterfactual
10,wheat,USA,N.America,220.27088444383125,30.26636900361321,14.73363099638679,45.0,0.0,6.441472756181547,0.0,1.0,225.55843755752312,250.69378840090383,0,145.79591854888054,,counterfactual
10,wheat,Russia,FSU,228.62191666018236,45.949660665260645,44.050339334739355,90.0,0.0,13.109523809523807,0.0,1.0,225.55843755752312,250.69378840090383,0,145.79591854888054,,counterfactual
10,wheat,EU,Europe,238.7002758523491,121.50377007333938,8.496229926660618,130.0,0.0,18.91428571428571,0.0,1.0,225.55843755752312,250.69378840090383,0,145.79591854888054,,counterfactual
10,wheat,Ukraine,FSU,238.83401566465517,9.086114695467458,15.913885304532542,25.0,0.0,3.5547619047619037,0.0,1.0,225.55843755752312,250.69378840090383,0,145.79591854888054,,counterfactual
10,wheat,Canada,N.America,221.90560497918864,10.24489156878591,23.75510843121409,34.0,0.0,4.808686937376654,0.0,1.0,225.55843755752312,250.69378840090383,0,145.79591854888054,,counterfactual
10,wheat,Australia,Oceania,214.38347750525156,8.290353388794298,21.709646611205702,30.0,0.0,4.909709199624891,0.0,1.0,225.55843755752312,250.69378840090383,0,145.79591854888054,,counterfactual
10,wheat,Argentina,S.America,220.38771981357598,6.108856303782338,13.89114369621766,20.0,0.0,2.8940976150369067,0.0,1.0,225.55843755752312,250.69378840090383,0,145.79591854888054,,counterfactual
10,wheat,Brazil,S.America,235.6861720151646,12.984396373715143,-4.984396373715143,8.0,0.0,1.2,0.0,1.0,225.55843755752312,250.69378840090383,0,145.79591854888054,,counterfactual
10,wheat,India,S.Asia,232.10234007009598,106.71928519611913,3.2458469598708746,109.96513215599,0.0,16.5,20.68618940391,1.0,225.55843755752312,250.69378840090383,0,145.79591854888054,,counterfactual
10,wheat,Thailand,SE.Asia,236.48481689842018,2.025991750193346,-2.025991750193346,0.0,0.0,0.0,0.0,1.0,225.55843755752312,250.69378840090383,0,145.79591854888054,,counterfactual
10,wheat,Vietnam,SE.Asia,235.16876478504457,2.5344561739939104,-2.5344561739939104,0.0,0.0,0.0,0.0,1.0,225.55843755752312,250.69378840090383,0,145.79591854888054,,counterfactual
10,wheat,China,E.Asia,240.72748931702796,146.94053756563184,-1.9405375656318427,145.0,0.0,0.0,23.0,1.0,225.55843755752312,250.69378840090383,0,145.79591854888054,,counterfactual
10,wheat,Egypt,MENA,252.32942701898472,19.990865077400333,-10.988667811775333,9.002197265625,0.0,0.0,0.002197265625,1.0,225.55843755752312,250.69378840090383,0,145.79591854888054,,counterfactual
10,wheat,Indonesia,SE.Asia,229.9368676315527,11.287674299115857,-11.287674299115857,0.0,0.0,0.0,0.0,1.0,225.55843755752312,250.69378840090383,0,145.79591854888054,,counterfactual
10,wheat,Mexico,N.America,232.81828855870918,8.08002723849214,-5.080027238492139,3.0,0.0,0.0,0.0,1.0,225.55843755752312,250.69378840090383,0,145.79591854888054,,counterfactual
10,wheat,Nigeria,Africa,250.89424917877872,6.011303733890911,-5.911303733890912,0.1,0.0,0.0,0.0,1.0,225.55843755752312,250.69378840090383,0,145.79591854888054,,counterfactual
10,wheat,RestOfWorld,RoW,255.3277223420502,238.94277631401906,-101.04277631401908,137.89999999999998,0.0,0.0,0.0,1.0,225.55843755752312,250.69378840090383,0,145.79591854888054,,counterfactual
10,rice,USA,N.America,380.64888326040824,3.955804777395995,3.044195222604005,7.0,0.0,1.05,0.0,1.0,380.82044467966415,408.9607568206337,0,48.53291691284132,,counterfactual
10,rice,Russia,FSU,399.83820465294576,1.4830691303792436,-0.4830691303792436,1.0,0.0,0.15,0.0,1.0,380.82044467966415,408.9607568206337,0,48.53291691284132,,counterfactual
10,rice,EU,Europe,411.1197773378425,3.9613536523165447,-1.9613536523165447,2.0,0.0,0.3,0.0,1.0,380.82044467966415,408.9607568206337,0,48.53291691284132,,counterfactual
10,rice,Ukraine,FSU,406.83430017755927,0.29663028544203285,-0.29663028544203285,0.0,0.0,0.0,0.0,1.0,380.82044467966415,408.9607568206337,0,48.53291691284132,,counterfactual
10,rice,Canada,N.America,394.8949214469028,0.39440368304239865,-0.39440368304239865,0.0,0.0,0.0,0.0,1.0,380.82044467966415,408.9607568206337,0,48.53291691284132,,counterfactual
10,rice,Australia,Oceania,373.9924897185153,0.4995344558449297,0.00046554415507027436,0.5,0.0,0.075,0.0,1.0,380.82044467966415,408.9607568206337,0,48.53291691284132,,counterfactual
10,rice,Argentina,S.America,372.4035317161149,0.9983446803936211,0.5016553196063789,1.5,0.0,0.22499999999999998,0.0,1.0,380.82044467966415,408.9607568206337,0,48.53291691284132,,counterfactual
10,rice,Brazil,S.America,385.425146611196,10.999998215668786,1.7843312143384082e-06,11.0,0.0,0.7093103990418029,0.0,1.0,380.82044467966415,408.9607568206337,0,48.53291691284132,,counterfactual
10,rice,India,S.Asia,385.28928674873305,110.57919990107871,19.572152155000595,130.1513520560793,0.0,17.828484637804117,25.0,1.0,380.82044467966415,408.9607568206337,0,48.53291691284132,,counterfactual
10,rice,Thailand,SE.Asia,378.5917554814797,20.221309144719985,12.778690855280015,33.0,0.0,4.397619047619048,0.0,1.0,380.82044467966415,408.9607568206337,0,48.53291691284132,,counterfactual
10,rice,Vietnam,SE.Asia,376.5280518067282,30.364320520511278,12.635679479488722,43.0,0.0,6.008095238095239,0.0,1.0,380.82044467966415,408.9607568206337,0,48.53291691284132,,counterfactual
10,rice,China,E.Asia,391.8435503035556,212.99027584966942,-0.9902758496694162,212.0,0.0,0.0,78.0,1.0,380.82044467966415,408.9607568206337,0,48.53291691284132,,counterfactual
10,rice,Egypt,MENA,403.86433055105414,4.000022077781575,-2.2077781575369215e-05,4.0,0.0,0.0,0.0,1.0,380.82044467966415,408.9607568206337,0,48.53291691284132,,counterfactual
10,rice,Indonesia,SE.Asia,391.08332249897757,56.26218925008584,-2.2621892500858394,54.0,0.0,0.0,0.0,1.0,380.82044467966415,408.9607568206337,0,48.53291691284132,,counterfactual
10,rice,Mexico,N.America,394.4510128920405,0.993199739117891,-0.7931997391178909,0.2,0.0,0.0,0.0,1.0,380.82044467966415,408.9607568206337,0,48.53291691284132,,counterfactual
10,rice,Nigeria,Africa,405.96070062947587,8.480214510336886,-0.4802145103368858,8.0,0.0,0.0,0.0,1.0,380.82044467966415,408.9607568206337,0,48.53291691284132,,counterfactual
10,rice,RestOfWorld,RoW,410.83720977239403,55.67148218229077,-40.871482182290755,14.800000000000011,0.0,0.0,0.0,1.0,380.82044467966415,408.9607568206337,0,48.53291691284132,,counterfactual
10,maize,USA,N.America,177.92987551447106,309.0655007708157,40.934499229184325,350.0,0.0,52.38278786136324,0.0,1.0,180.89959063517207,206.27327032161637,0,155.1214414637652,,counterfactual
10,maize,Russia,FSU,198.27997042071416,12.881499877024167,2.118500122975833,15.0,0.0,2.25,0.0,1.0,180.89959063517207,206.27327032161637,0,155.1214414637652,,counterfactual
10,maize,EU,Europe,204.24565230432898,84.13818835702313,-18.77043625434463,65.3677521026785,0.0,7.9276682678958315,0.0,1.0,180.89959063517207,206.27327032161637,0,155.1214414637652,,counterfactual
10,maize,Ukraine,FSU,192.87685351201625,6.040661014136441,23.95933898586356,30.0,0.0,4.423809523809524,0.0,1.0,180.89959063517207,206.27327032161637,0,155.1214414637652,,counterfactual
10,maize,Canada,N.America,190.2333000634663,15.117718664846405,-1.1177186648464055,14.0,0.0,2.1,0.0,1.0,180.89959063517207,206.27327032161637,0,155.1214414637652,,counterfactual
10,maize,Australia,Oceania,213.38488932826516,0.9486642400153915,-0.4486642400153915,0.5,0.0,0.075,0.0,1.0,180.89959063517207,206.27327032161637,0,155.1214414637652,,counterfactual
10,maize,Argentina,S.America,175.3528701533603,12.361311046250245,42.63868895374976,55.0,0.0,8.54197734135677,0.0,1.0,180.89959063517207,206.27327032161637,0,155.1214414637652,,counterfactual
10,maize,Brazil,S.America,180.44287323349417,77.02529569439731,42.974704305602685,120.0,0.0,17.847619047619048,0.0,1.0,180.89959063517207,206.27327032161637,0,155.1214414637652,,counterfactual
10,maize,India,S.Asia,202.50077941165006,29.50438050421151,2.495619495788489,32.0,0.0,4.8,0.0,1.0,180.89959063517207,206.27327032161637,0,155.1214414637652,,counterfactual
10,maize,Thailand,SE.Asia,215.90468609110118,5.818724636588776,-0.8187246365887759,5.0,0.0,0.75,0.0,1.0,180.89959063517207,206.27327032161637,0,155.1214414637652,,counterfactual
10,maize,Vietnam,SE.Asia,217.66986844420327,7.730844922865011,-3.7308449228650113,4.0,0.0,0.6,0.0,1.0,180.89959063517207,206.27327032161637,0,155.1214414637652,,counterfactual
10,maize,China,E.Asia,212.79823313555946,288.5611017158227,-13.404851715822701,275.15625,0.0,0.0,0.15625,1.0,180.89959063517207,206.27327032161637,0,155.1214414637652,,counterfactual
10,maize,Egypt,MENA,206.3011552930705,15.864176537085834,-8.864176537085834,7.0,0.0,0.0,0.0,1.0,180.89959063517207,206.27327032161637,0,155.1214414637652,,counterfactual
10,maize,Indonesia,SE.Asia,219.92226011766292,23.15300683730551,-0.15300683730551157,23.0,0.0,0.0,0.0,1.0,180.89959063517207,206.27327032161637,0,155.1214414637652,,counterfactual
10,maize,Mexico,N.America,189.84991116949283,44.572374154142246,-17.572374154142246,27.0,0.0,0.0,0.0,1.0,180.89959063517207,206.27327032161637,0,155.1214414637652,,counterfactual
10,maize,Nigeria,Africa,204.33406434122062,12.924318852630806,-0.9243188526308064,12.0,0.0,0.0,0.0,1.0,180.89959063517207,206.27327032161637,0,155.1214414637652,,counterfactual
10,maize,RestOfWorld,RoW,208.5458743477635,204.8162342775172,-89.3162342775172,115.5,0.0,0.0,0.0,1.0,180.89959063517207,206.27327032161637,0,155.1214414637652,,counterfactual
11,wheat,USA,N.America,220.20645857196024,30.267737323775805,14.732262676224195,45.0,0.0,6.441472756181547,0.0,1.0,225.49364061830255,250.63118801342404,0,145.78859969459552,,counterfactual
11,wheat,Russia,FSU,228.55749064474145,45.952105181356465,44.047894818643535,90.0,0.0,13.109523809523807,0.0,1.0,225.49364061830255,250.63118801342404,0,145.78859969459552,,counterfactual
11,wheat,EU,Europe,238.63585000255262,121.51034131727339,8.489658682726613,130.0,0.0,18.91428571428571,0.0,1.0,225.49364061830255,250.63118801342404,0,145.78859969459552,,counterfactual
11,wheat,Ukraine,FSU,238.769589715823,9.08660727528989,15.91339272471011,25.0,0.0,3.5547619047619037,0.0,1.0,225.49364061830255,250.63118801342404,0,145.78859969459552,,counterfactual
11,wheat,Canada,N.America,221.84117902275685,10.245431883025212,23.754568116974788,34.0,0.0,4.808686937376654,0.0,1.0,225.49364061830255,250.63118801342404,0,145.78859969459552,,counterfactual
11,wheat,Australia,Oceania,214.31905171012912,8.290783710301424,21.709216289698574,30.0,0.0,4.909709199624891,0.0,1.0,225.49364061830255,250.63118801342404,0,145.78859969459552,,counterfactual
11,wheat,Argentina,S.America,220.32329400607034,6.109085922865948,13.890914077134052,20.0,0.0,2.8940976150369067,0.0,1.0,225.49364061830255,250.63118801342404,0,145.78859969459552,,counterfactual
11,wheat,Brazil,S.America,235.6217461234479,12.973488265031103,-4.9734882650311025,8.0,0.0,1.2,0.0,1.0,225.49364061830255,250.63118801342404,0,145.78859969459552,,counterfactual
11,wheat,India,S.Asia,232.03791441362293,106.71802097419669,3.250597966194306,109.968618940391,0.0,16.5,20.717570463519,1.0,225.49364061830255,250.63118801342404,0,145.78859969459552,,counterfactual
11,wheat,Thailand,SE.Asia,236.42039045304867,2.0256480903577607,-2.0256480903577607,0.0,0.0,0.0,0.0,1.0,225.49364061830255,250.63118801342404,0,145.78859969459552,,counterfactual
11,wheat,Vietnam,SE.Asia,235.10433847793368,2.5339758521485325,-2.5339758521485325,0.0,0.0,0.0,0.0,1.0,225.49364061830255,250.63118801342404,0,145.78859969459552,,counterfactual
11,wheat,China,E.Asia,240.6630632172561,146.93676760447798,-1.9367676044779785,145.0,0.0,0.0,16.0,1.0,225.49364061830255,250.63118801342404,0,145.78859969459552,,counterfactual
11,wheat,Egypt,MENA,252.26500080565245,19.992100867470427,-10.991002234657927,9.0010986328125,0.0,0.0,0.0010986328125,1.0,225.49364061830255,250.63118801342404,0,145.78859969459552,,counterfactual
11,wheat,Indonesia,SE.Asia,229.87244176206613,11.286528582593391,-11.286528582593391,0.0,0.0,0.0,0.0,1.0,225.49364061830255,250.63118801342404,0,145.78859969459552,,counterfactual
11,wheat,Mexico,N.America,232.75386248278977,8.080387092575368,-5.080387092575368,3.0,0.0,0.0,0.0,1.0,225.49364061830255,250.63118801342404,0,145.78859969459552,,counterfactual
11,wheat,Nigeria,Africa,250.829823253184,6.011156576117056,-5.911156576117056,0.1,0.0,0.0,0.0,1.0,225.49364061830255,250.63118801342404,0,145.78859969459552,,counterfactual
11,wheat,RestOfWorld,RoW,255.26329640829508,238.949551054347,-101.04955105434703,137.89999999999998,0.0,0.0,0.0,1.0,225.49364061830255,250.63118801342404,0,145.78859969459552,,counterfactual
11,rice,USA,N.America,380.06229182603875,3.9569161771338766,3.0430838228661234,7.0,0.0,1.05,0.0,1.0,380.22696362891617,408.34723455681217,0,48.62961457012462,,counterfactual
11,rice,Russia,FSU,399.2517179569671,1.4834592255660348,-0.4834592255660348,1.0,0.0,0.15,0.0,1.0,380.22696362891617,408.34723455681217,0,48.62961457012462,,counterfactual
11,rice,EU,Europe,410.53318565259286,3.9624002022531206,-1.9624002022531206,2.0,0.0,0.3,0.0,1.0,380.22696362891617,408.34723455681217,0,48.62961457012462,,counterfactual
11,rice,Ukraine,FSU,406.24780701749205,0.29670872944533366,-0.29670872944533366,0.0,0.0,0.0,0.0,1.0,380.22696362891617,408.34723455681217,0,48.62961457012462,,counterfactual
11,rice,Canada,N.America,394.3083263729084,0.39450967276430227,-0.39450967276430227,0.0,0.0,0.0,0.0,1.0,380.22696362891617,408.34723455681217,0,48.62961457012462,,counterfactual
11,rice,Australia,Oceania,373.60623288732216,0.4996168581363262,0.0003831418636737749,0.5,0.0,0.075,0.0,1.0,380.22696362891617,408.34723455681217,0,48.62961457012462,,counterfactual
11,rice,Argentina,S.America,371.81748365164543,0.9986204390203071,0.5013795609796929,1.5,0.0,0.22499999999999998,0.0,1.0,380.22696362891617,408.34723455681217,0,48.62961457012462,,counterfactual
11,rice,Brazil,S.America,377.710472402201,11.042329688781482,0.12832891294032045,11.170658601721803,0.0,0.53865179732,0.0,1.0,380.22696362891617,408.34723455681217,0,48.62961457012462,,counterfactual
11,rice,India,S.Asia,384.7028016956453,110.61057296199114,19.55652740523759,130.16710036722873,0.0,17.661384270575393,25.0,1.0,380.22696362891617,408.34723455681217,0,48.62961457012462,,counterfactual
11,rice,Thailand,SE.Asia,378.0052704453456,20.22712168403759,12.772878315962409,33.0,0.0,4.397619047619048,0.0,1.0,380.22696362891617,408.34723455681217,0,48.62961457012462,,counterfactual
11,rice,Vietnam,SE.Asia,375.9415667196003,30.373046761324193,12.626953238675807,43.0,0.0,6.008095238095239,0.0,1.0,380.22696362891617,408.34723455681217,0,48.62961457012462,,counterfactual
11,rice,China,E.Asia,391.2570651044173,213.05099533201542,-1.0509953320154182,212.0,0.0,0.0,76.0,1.0,380.22696362891617,408.34723455681217,0,48.62961457012462,,counterfactual
11,rice,Egypt,MENA,403.81902590730004,4.000040320677265,-4.0320677264560345e-05,4.0,0.0,0.0,0.0,1.0,380.22696362891617,408.34723455681217,0,48.62961457012462,,counterfactual
11,rice,Indonesia,SE.Asia,390.4968371443241,56.27840596229624,-2.2784059622962403,54.0,0.0,0.0,0.0,1.0,380.22696362891617,408.34723455681217,0,48.62961457012462,,counterfactual
11,rice,Mexico,N.America,393.8644199931643,0.9934759922276611,-0.7934759922276611,0.2,0.0,0.0,0.0,1.0,380.22696362891617,408.34723455681217,0,48.62961457012462,,counterfactual
11,rice,Nigeria,Africa,405.37465731384054,8.482646202351317,-0.48264620235131694,8.0,0.0,0.0,0.0,1.0,380.22696362891617,408.34723455681217,0,48.62961457012462,,counterfactual
11,rice,RestOfWorld,RoW,410.25072465852094,55.686892758928835,-40.88689275892882,14.800000000000011,0.0,0.0,0.0,1.0,380.22696362891617,408.34723455681217,0,48.62961457012462,,counterfactual
11,maize,USA,N.America,177.9294815902389,309.0624478592818,40.937552140718196,350.0,0.0,52.38278786136324,0.0,1.0,180.89977735057403,206.2750968704762,0,155.1537985638921,,counterfactual
11,maize,Russia,FSU,198.27957679414226,12.880851221722569,2.119148778277431,15.0,0.0,2.25,0.0,1.0,180.89977735057403,206.2750968704762,0,155.1537985638921,,counterfactual
11,maize,EU,Europe,204.2452582744424,84.1355370288378,-18.760764765277713,65.37477226356009,0.0,7.552896004335742,0.0,1.0,180.89977735057403,206.2750968704762,0,155.1537985638921,,counterfactual
11,maize,Ukraine,FSU,192.87645942778394,6.040467799181644,23.959532200818355,30.0,0.0,4.423809523809524,0.0,1.0,180.89977735057403,206.2750968704762,0,155.1537985638921,,counterfactual
11,maize,Canada,N.America,190.2329054259197,15.1173930861182,-1.1173930861182004,14.0,0.0,2.1,0.0,1.0,180.89977735057403,206.2750968704762,0,155.1537985638921,,counterfactual
11,maize,Australia,Oceania,213.38449331151392,0.9485868046026751,-0.4485868046026751,0.5,0.0,0.075,0.0,1.0,180.89977735057403,206.2750968704762,0,155.1537985638921,,counterfactual
11,maize,Argentina,S.America,175.35247592369282,12.360977376125932,42.63902262387407,55.0,0.0,8.54197734135677,0.0,1.0,180.89977735057403,206.2750968704762,0,155.1537985638921,,counterfactual
11,maize,Brazil,S.America,180.44247913321243,77.00172070293877,42.99827929706123,120.0,0.0,17.847619047619048,0.0,1.0,180.89977735057403,206.2750968704762,0,155.1537985638921,,counterfactual
11,maize,India,S.Asia,202.50038571761945,29.499834101272704,2.500165898727296,32.0,0.0,4.8,0.0,1.0,180.89977735057403,206.2750968704762,0,155.1537985638921,,counterfactual
11,maize,Thailand,SE.Asia,215.90429189946033,5.817994916861509,-0.817994916861509,5.0,0.0,0.75,0.0,1.0,180.89977735057403,206.2750968704762,0,155.1537985638921,,counterfactual
11,maize,Vietnam,SE.Asia,217.66947435321958,7.729821471065412,-3.729821471065412,4.0,0.0,0.6,0.0,1.0,180.89977735057403,206.2750968704762,0,155.1537985638921,,counterfactual
11,maize,China,E.Asia,212.79783916968915,288.54211719751504,-13.46399219751504,275.078125,0.0,0.0,0.078125,1.0,180.89977735057403,206.2750968704762,0,155.1537985638921,,counterfactual
11,maize,Egypt,MENA,206.30076117336225,15.863810235939276,-8.863810235939276,7.0,0.0,0.0,0.0,1.0,180.89977735057403,206.2750968704762,0,155.1537985638921,,counterfactual
11,maize,Indonesia,SE.Asia,219.92190387980534,23.150477527870486,-0.15047752787048552,23.0,0.0,0.0,0.0,1.0,180.89977735057403,206.2750968704762,0,155.1537985638921,,counterfactual
11,maize,Mexico,N.America,189.84951719547138,44.57175115691304,-17.571751156913038,27.0,0.0,0.0,0.0,1.0,180.89977735057403,206.2750968704762,0,155.1537985638921,,counterfactual
11,maize,Nigeria,Africa,204.33366909229534,12.923519100067717,-0.9235191000677165,12.0,0.0,0.0,0.0,1.0,180.89977735057403,206.2750968704762,0,155.1537985638921,,counterfactual
11,maize,RestOfWorld,RoW,208.54548019948143,204.80558967724534,-89.30558967724534,115.5,0.0,0.0,0.0,1.0,180.89977735057403,206.2750968704762,0,155.1537985638921,,counterfactual
0,wheat,USA,N.America,213.4436092690546,31.096691721928362,14.489022563785927,45.58571428571429,0.0,6.164285714285711,0.0,1.0,218.66586382643737,243.79614177045275,0,145.42671155113766,False,shock
0,wheat,Russia,FSU,221.79464188377565,46.269241115230095,44.1212350752461,90.39047619047619,0.0,13.109523809523807,0.0,1.0,218.66586382643737,243.79614177045275,0,145.42671155113766,False,shock
0,wheat,EU,Europe,231.87300041475564,122.17523995022933,8.410474335484963,130.5857142857143,0.0,18.91428571428571,0.0,1.0,218.66586382643737,243.79614177045275,0,145.42671155113766,False,shock
0,wheat,Ukraine,FSU,232.00674139613812,9.161939327434757,16.033298767803338,25.195238095238096,0.0,3.5547619047619037,0.0,1.0,218.66586382643737,243.79614177045275,0,145.42671155113766,False,shock
0,wheat,Canada,N.America,215.0783307580946,10.349216692419054,24.041259498057137,34.39047619047619,0.0,4.709523809523807,0.0,1.0,218.66586382643737,243.79614177045275,0,145.42671155113766,False,shock
0,wheat,Australia,Oceania,207.55620180403312,8.339550385567735,22.05092580490846,30.390476190476193,0.0,4.109523809523807,0.0,1.0,218.66586382643737,243.79614177045275,0,145.42671155113766,False,shock
0,wheat,Argentina,S.America,213.56044403367432,6.218637335797954,13.976600759440142,20.195238095238096,0.0,2.8047619047619037,0.0,1.0,218.66586382643737,243.79614177045275,0,145.42671155113766,False,shock
0,wheat,Brazil,S.America,228.85889668870905,13.274834343046782,-5.274834343046782,8.0,0.0,1.2,0.0,1.0,218.66586382643737,243.79614177045275,0,145.42671155113766,False,shock
0,wheat,India,S.Asia,225.2750632812514,107.5961183554686,2.303881644531401,109.9,0.0,16.5,20.1,1.0,218.66586382643737,243.79614177045275,0,145.42671155113766,False,shock
0,wheat,Thailand,SE.Asia,229.6575472735629,2.040684905452874,-2.040684905452874,0.0,0.0,0.0,0.0,1.0,218.66586382643737,243.79614177045275,0,145.42671155113766,False,shock
0,wheat,Vietnam,SE.Asia,228.34149365874268,2.5541462658531433,-2.5541462658531433,0.0,0.0,0.0,0.0,1.0,218.66586382643737,243.79614177045275,0,145.42671155113766,False,shock
0,wheat,China,E.Asia,233.90021649872054,147.33446860768552,-2.3344686076855226,145.0,0.0,0.0,93.0,1.0,218.66586382643737,243.79614177045275,0,145.42671155113766,False,shock
0,wheat,Egypt,MENA,245.5021527015905,20.08995694596819,-8.83995694596819,11.25,0.0,0.0,2.25,1.0,218.66586382643737,243.79614177045275,0,145.42671155113766,False,shock
0,wheat,Indonesia,SE.Asia,223.10959192159564,11.295794488862448,-11.295794488862448,0.0,0.0,0.0,0.0,1.0,218.66586382643737,243.79614177045275,0,145.42671155113766,False,shock
0,wheat,Mexico,N.America,225.99101513885932,8.192071878889125,-5.192071878889125,3.0,0.0,0.0,0.0,1.0,218.66586382643737,243.79614177045275,0,145.42671155113766,False,shock
0,wheat,Nigeria,Africa,244.0669744161202,6.035598153503279,-5.935598153503279,0.1,0.0,0.0,0.0,1.0,218.66586382643737,243.79614177045275,0,145.42671155113766,False,shock
0,wheat,RestOfWorld,RoW,248.50044734865872,239.85914285999624,-101.95914285999626,137.89999999999998,0.0,0.0,0.0,1.0,218.66586382643737,243.79614177045275,0,145.42671155113766,False,shock
0,rice,USA,N.America,373.7256985941588,4.052548602811682,2.947451397188318,7.0,0.0,1.05,0.0,1.0,373.8127322193189,401.75509044030093,0,49.44287645812335,False,shock
0,rice,Russia,FSU,392.91496500554257,1.505313776245843,-0.5053137762458431,1.0,0.0,0.15,0.0,1.0,373.8127322193189,401.75509044030093,0,49.44287645812335,False,shock
0,rice,EU,Europe,404.1965979348472,3.9916068041303054,-1.9916068041303054,2.0,0.0,0.3,0.0,1.0,373.8127322193189,401.75509044030093,0,49.44287645812335,False,shock
0,rice,Ukraine,FSU,399.91110289843186,0.3000133345652352,-0.3000133345652352,0.0,0.0,0.0,0.0,1.0,373.8127322193189,401.75509044030093,0,49.44287645812335,False,shock
0,rice,Canada,N.America,387.9717716742289,0.40240564566515424,-0.40240564566515424,0.0,0.0,0.0,0.0,1.0,373.8127322193189,401.75509044030093,0,49.44287645812335,False,shock
0,rice,Australia,Oceania,392.4684533542227,0.5018828866614443,-0.0018828866614443163,0.5,0.0,0.075,0.0,1.0,373.8127322193189,401.75509044030093,0,49.44287645812335,False,shock
0,rice,Argentina,S.America,365.84640725026895,1.0170767963748655,0.4829232036251345,1.5,0.0,0.22499999999999998,0.0,1.0,373.8127322193189,401.75509044030093,0,49.44287645812335,False,shock
0,rice,Brazil,S.America,371.37363689654376,11.157444997069009,0.3949359553119436,11.552380952380952,0.0,1.0976190476190482,0.0,1.0,373.8127322193189,401.75509044030093,0,49.44287645812335,False,shock
0,rice,India,S.Asia,378.3660257336767,111.18986858464778,19.362512367733174,130.55238095238096,0.0,18.94761904761905,25.0,1.0,373.8127322193189,401.75509044030093,0,49.44287645812335,False,shock
0,rice,Thailand,SE.Asia,371.66849455244096,20.28331505447559,13.26906589790536,33.55238095238095,0.0,4.397619047619048,0.0,1.0,373.8127322193189,401.75509044030093,0,49.44287645812335,False,shock
0,rice,Vietnam,SE.Asia,369.6047903991281,30.45592814401308,12.98597661789168,43.44190476190476,0.0,6.008095238095239,0.0,1.0,373.8127322193189,401.75509044030093,0,49.44287645812335,False,shock
0,rice,China,E.Asia,384.9202962554738,213.59844859691978,-1.5984485969197806,212.0,0.0,0.0,98.0,1.0,373.8127322193189,401.75509044030093,0,49.44287645812335,False,shock
0,rice,Egypt,MENA,399.9477328833252,4.000104534233349,-0.00010453423334944034,4.0,0.0,0.0,0.0,1.0,373.8127322193189,401.75509044030093,0,49.44287645812335,False,shock
0,rice,Indonesia,SE.Asia,384.16006392967125,56.443518209969206,-2.4435182099692057,54.0,0.0,0.0,0.0,1.0,373.8127322193189,401.75509044030093,0,49.44287645812335,False,shock
0,rice,Mexico,N.America,387.52784284156184,1.006236078579219,-0.8062360785792191,0.2,0.0,0.0,0.0,1.0,373.8127322193189,401.75509044030093,0,49.44287645812335,False,shock
0,rice,Nigeria,Africa,399.4035896343374,8.502534744054065,-0.5025347440540653,8.0,0.0,0.0,0.0,1.0,373.8127322193189,401.75509044030093,0,49.44287645812335,False,shock
0,rice,RestOfWorld,RoW,403.9139487944936,55.690800828633634,-40.89080082863362,14.800000000000011,0.0,0.0,0.0,1.0,373.8127322193189,401.75509044030093,0,49.44287645812335,False,shock
0,maize,USA,N.America,168.73702124116738,314.0683404414747,36.160230987096725,350.2285714285714,0.0,52.27142857142857,0.0,1.0,171.64230681576387,196.4542076971806,0,147.99197850318376,False,shock
0,maize,Russia,FSU,188.34550259260098,13.22726269944428,1.77273730055572,15.0,0.0,2.25,0.0,1.0,171.64230681576387,196.4542076971806,0,147.99197850318376,False,shock
0,maize,EU,Europe,195.05279858812156,85.6307681800145,-20.478387227633547,65.15238095238095,0.0,9.597619047619048,0.0,1.0,171.64230681576387,196.4542076971806,0,147.99197850318376,False,shock
0,maize,Ukraine,FSU,183.68400067171189,6.146843993954593,23.929346482235882,30.076190476190476,0.0,4.423809523809524,0.0,1.0,171.64230681576387,196.4542076971806,0,147.99197850318376,False,shock
0,maize,Canada,N.America,181.0404523462966,15.426589822208326,-1.4265898222083262,14.0,0.0,2.1,0.0,1.0,171.64230681576387,196.4542076971806,0,147.99197850318376,False,shock
0,maize,Australia,Oceania,204.19206232674753,0.9937119065098787,-0.49371190650987873,0.5,0.0,0.075,0.0,1.0,171.64230681576387,196.4542076971806,0,147.99197850318376,False,shock
0,maize,Argentina,S.America,166.16001792518364,12.609119677346694,42.51278508455806,55.12190476190476,0.0,8.128095238095238,0.0,1.0,171.64230681576387,196.4542076971806,0,147.99197850318376,False,shock
0,maize,Brazil,S.America,171.25002055987238,78.23437268701436,41.918008265366595,120.15238095238095,0.0,17.847619047619048,0.0,1.0,171.64230681576387,196.4542076971806,0,147.99197850318376,False,shock
0,maize,India,S.Asia,193.3079263700855,30.301143313346152,1.6988566866538477,32.0,0.0,4.8,0.0,1.0,171.64230681576387,196.4542076971806,0,147.99197850318376,False,shock
0,maize,Thailand,SE.Asia,206.71184531563597,5.939593392159276,-0.9395933921592761,5.0,0.0,0.75,0.0,1.0,171.64230681576387,196.4542076971806,0,147.99197850318376,False,shock
0,maize,Vietnam,SE.Asia,208.4770193099899,7.898275768280121,-3.8982757682801212,4.0,0.0,0.6,0.0,1.0,171.64230681576387,196.4542076971806,0,147.99197850318376,False,shock
0,maize,China,E.Asia,199.99999813379677,295.0000008257949,-8.257949275503051e-07,295.0,0.0,0.0,80.0,1.0,171.64230681576387,196.4542076971806,0,147.99197850318376,False,shock
0,maize,Egypt,MENA,197.1083021289702,16.069400748904716,-9.069400748904716,7.0,0.0,0.0,0.0,1.0,171.64230681576387,196.4542076971806,0,147.99197850318376,False,shock
0,maize,Indonesia,SE.Asia,210.72950501387194,23.61373781950061,-0.61373781950061,23.0,0.0,0.0,0.0,1.0,171.64230681576387,196.4542076971806,0,147.99197850318376,False,shock
0,maize,Mexico,N.America,180.6570570765384,45.27663423294847,-18.276634232948467,27.0,0.0,0.0,0.0,1.0,171.64230681576387,196.4542076971806,0,147.99197850318376,False,shock
0,maize,Nigeria,Africa,195.14122068315004,13.094746196678573,-1.0947461966785728,12.0,0.0,0.0,0.0,1.0,171.64230681576387,196.4542076971806,0,147.99197850318376,False,shock
0,maize,RestOfWorld,RoW,199.35302136602817,207.20088686584828,-91.70088686584828,115.5,0.0,0.0,0.0,1.0,171.64230681576387,196.4542076971806,0,147.99197850318376,False,shock
1,wheat,USA,N.America,218.67579385216234,30.93972618443513,14.06027381556487,45.0,0.0,6.164285714285711,0.0,1.0,223.9850025792507,249.0744171333235,0,144.21296311793435,False,shock
1,wheat,Russia,FSU,227.02682615511188,46.033792823019965,43.966207176980035,90.0,0.0,13.109523809523807,0.0,1.0,223.9850025792507,249.0744171333235,0,144.21296311793435,False,shock
1,wheat,EU,Europe,237.10518509065824,121.54737778912101,8.452622210878985,130.0,0.0,18.91428571428571,0.0,1.0,223.9850025792507,249.0744171333235,0,144.21296311793435,False,shock
1,wheat,Ukraine,FSU,237.23892548219322,9.114849670660261,15.885150329339739,25.0,0.0,3.5547619047619037,0.0,1.0,223.9850025792507,249.0744171333235,0,144.21296311793435,False,shock
1,wheat,Canada,N.America,220.3105148146932,10.296894851853068,23.703105148146932,34.0,0.0,4.709523809523807,0.0,1.0,223.9850025792507,249.0744171333235,0,144.21296311793435,False,shock
1,wheat,Australia,Oceania,212.78838660538213,8.297692907156943,21.469536711149555,29.767229618306498,0.0,4.3422941912173085,0.0,1.0,223.9850025792507,249.0744171333235,0,144.21296311793435,False,shock
1,wheat,Argentina,S.America,218.79262903350343,6.187244225798979,13.81275577420102,20.0,0.0,2.8047619047619037,0.0,1.0,223.9850025792507,249.0744171333235,0,144.21296311793435,False,shock
1,wheat,Brazil,S.America,234.0910814717689,13.206815940867004,-5.2068159408670045,8.0,0.0,1.2,0.0,1.0,223.9850025792507,249.0744171333235,0,144.21296311793435,False,shock
1,wheat,India,S.Asia,230.50724885991616,107.0467388697088,2.8632611302911926,109.91,0.0,16.5,20.19,1.0,223.9850025792507,249.0744171333235,0,144.21296311793435,False,shock
1,wheat,Thailand,SE.Asia,234.8897289808858,2.0302205420382284,-2.0302205420382284,0.0,0.0,0.0,0.0,1.0,223.9850025792507,249.0744171333235,0,144.21296311793435,False,shock
1,wheat,Vietnam,SE.Asia,233.57367612856166,2.541065809678596,-2.541065809678596,0.0,0.0,0.0,0.0,1.0,223.9850025792507,249.0744171333235,0,144.21296311793435,False,shock
1,wheat,China,E.Asia,239.13239907507597,146.57580213411399,-1.5758021341139852,145.0,0.0,0.0,86.0,1.0,223.9850025792507,249.0744171333235,0,144.21296311793435,False,shock
1,wheat,Egypt,MENA,250.73433659999154,19.98531326800017,-9.86031326800017,10.125,0.0,0.0,1.125,1.0,223.9850025792507,249.0744171333235,0,144.21296311793435,False,shock
1,wheat,Indonesia,SE.Asia,228.34177669324666,11.238240456374287,-11.238240456374287,0.0,0.0,0.0,0.0,1.0,223.9850025792507,249.0744171333235,0,144.21296311793435,False,shock
1,wheat,Mexico,N.America,231.22319882573694,8.150214409394104,-5.1502144093941045,3.0,0.0,0.0,0.0,1.0,223.9850025792507,249.0744171333235,0,144.21296311793435,False,shock
1,wheat,Nigeria,Africa,249.2991588825067,6.00420504670496,-5.90420504670496,0.1,0.0,0.0,0.0,1.0,223.9850025792507,249.0744171333235,0,144.21296311793435,False,shock
1,wheat,RestOfWorld,RoW,253.7326317771152,238.60603468938092,-100.70603468938094,137.89999999999998,0.0,0.0,0.0,1.0,223.9850025792507,249.0744171333235,0,144.21296311793435,False,shock
1,rice,USA,N.America,381.4832452218293,4.037033509556341,2.962966490443659,7.0,0.0,1.05,0.0,1.0,381.6621986557462,409.8961630602747,0,48.143256410561854,False,shock
1,rice,Russia,FSU,400.6725438573613,1.499495592106979,-0.499495592106979,1.0,0.0,0.15,0.0,1.0,381.6621986557462,409.8961630602747,0,48.143256410561854,False,shock
1,rice,EU,Europe,411.95414179322864,3.9760917164135425,-1.9760917164135425,2.0,0.0,0.3,0.0,1.0,381.6621986557462,409.8961630602747,0,48.143256410561854,False,shock
1,rice,Ukraine,FSU,407.66865190026516,0.2988497022149602,-0.2988497022149602,0.0,0.0,0.0,0.0,1.0,381.6621986557462,409.8961630602747,0,48.143256410561854,False,shock
1,rice,Canada,N.America,395.72930098745985,0.40085413980250806,-0.40085413980250806,0.0,0.0,0.0,0.0,1.0,381.6621986557462,409.8961630602747,0,48.143256410561854,False,shock
1,rice,Australia,Oceania,399.12820094879464,0.5002179497628013,-0.00021794976280131717,0.5,0.0,0.075,0.0,1.0,381.6621986557462,409.8961630602747,0,48.143256410561854,False,shock
1,rice,Argentina,S.America,377.0561444995222,1.0114719277502389,0.48852807224976114,1.5,0.0,0.22499999999999998,0.0,1.0,381.6621986557462,409.8961630602747,0,48.143256410561854,False,shock
1,rice,Brazil,S.America,393.88432208041763,11.033636228557702,-0.0336362285577021,11.0,0.0,1.0976190476190482,0.0,1.0,381.6621986557462,409.8961630602747,0,48.143256410561854,False,shock
1,rice,India,S.Asia,386.1236149321524,110.76320117873162,19.23679882126838,130.0,0.0,18.94761904761905,25.0,1.0,381.6621986557462,409.8961630602747,0,48.143256410561854,False,shock
1,rice,Thailand,SE.Asia,379.4260837243215,20.205739162756785,12.794260837243215,33.0,0.0,4.397619047619048,0.0,1.0,381.6621986557462,409.8961630602747,0,48.143256410561854,False,shock
1,rice,Vietnam,SE.Asia,377.36237973876547,30.339564303918518,12.660435696081482,43.0,0.0,6.008095238095239,0.0,1.0,381.6621986557462,409.8961630602747,0,48.143256410561854,False,shock
1,rice,China,E.Asia,392.677880151868,212.776144703902,-0.7761447039019913,212.0,0.0,0.0,96.0,1.0,381.6621986557462,409.8961630602747,0,48.143256410561854,False,shock
1,rice,Egypt,MENA,400.1103367831751,3.9997793264336496,0.00022067356635036006,4.0,0.0,0.0,0.0,1.0,381.6621986557462,409.8961630602747,0,48.143256410561854,False,shock
1,rice,Indonesia,SE.Asia,391.9176517301587,56.22630575155556,-2.2263057515555573,54.0,0.0,0.0,0.0,1.0,381.6621986557462,409.8961630602747,0,48.143256410561854,False,shock
1,rice,Mexico,N.America,395.28538220614575,1.002357308896927,-0.8023573088969271,0.2,0.0,0.0,0.0,1.0,381.6621986557462,409.8961630602747,0,48.143256410561854,False,shock
1,rice,Nigeria,Africa,410.61331616688494,8.454893406290738,-0.45489340629073816,8.0,0.0,0.0,0.0,1.0,381.6621986557462,409.8961630602747,0,48.143256410561854,False,shock
1,rice,RestOfWorld,RoW,411.6715379444735,55.474364091349194,-40.67436409134918,14.800000000000011,0.0,0.0,0.0,1.0,381.6621986557462,409.8961630602747,0,48.143256410561854,False,shock
1,maize,USA,N.America,169.31993118029976,313.8060309688651,36.193969031134884,350.0,0.0,52.27142857142857,0.0,1.0,172.22886583844806,197.03534044325602,0,147.77804194811523,False,shock
1,maize,Russia,FSU,188.92841106959807,13.215895984142836,1.7841040158571637,15.0,0.0,2.25,0.0,1.0,172.22886583844806,197.03534044325602,0,147.77804194811523,False,shock
1,maize,EU,Europe,195.63570841737132,85.55644717678516,-20.556447176785156,65.0,0.0,9.597619047619048,0.0,1.0,172.22886583844806,197.03534044325602,0,147.77804194811523,False,shock
1,maize,Ukraine,FSU,184.2669104982558,6.141597805515698,23.858402194484302,30.0,0.0,4.423809523809524,0.0,1.0,172.22886583844806,197.03534044325602,0,147.77804194811523,False,shock
1,maize,Canada,N.America,181.62335969532637,15.413474406855157,-1.4134744068551566,14.0,0.0,2.1,0.0,1.0,172.22886583844806,197.03534044325602,0,147.77804194811523,False,shock
1,maize,Australia,Oceania,204.77496081309783,0.9928375587803533,-0.4928375587803533,0.5,0.0,0.075,0.0,1.0,172.22886583844806,197.03534044325602,0,147.77804194811523,False,shock
1,maize,Argentina,S.America,166.7429277416268,12.598627300650717,42.385221069547455,54.983848370198174,0.0,8.144246867897065,0.0,1.0,172.22886583844806,197.03534044325602,0,147.77804194811523,False,shock
1,maize,Brazil,S.America,171.83293065738087,78.16879530104465,41.83120469895535,120.0,0.0,17.847619047619048,0.0,1.0,172.22886583844806,197.03534044325602,0,147.77804194811523,False,shock
1,maize,India,S.Asia,193.89083679845527,30.274912344069513,1.725087655930487,32.0,0.0,4.8,0.0,1.0,172.22886583844806,197.03534044325602,0,147.77804194811523,False,shock
1,maize,Thailand,SE.Asia,207.29475041918704,5.934347246227317,-0.9343472462273166,5.0,0.0,0.75,0.0,1.0,172.22886583844806,197.03534044325602,0,147.77804194811523,False,shock
1,maize,Vietnam,SE.Asia,209.05992527446003,7.89128089670648,-3.89128089670648,4.0,0.0,0.6,0.0,1.0,172.22886583844806,197.03534044325602,0,147.77804194811523,False,shock
1,maize,China,E.Asia,199.99999501550246,295.00000220564016,-2.205640157626476e-06,295.0,0.0,0.0,60.0,1.0,172.22886583844806,197.03534044325602,0,147.77804194811523,False,shock
1,maize,Egypt,MENA,197.69121209584205,16.05541090969979,-9.055410909699791,7.0,0.0,0.0,0.0,1.0,172.22886583844806,197.03534044325602,0,147.77804194811523,False,shock
1,maize,Indonesia,SE.Asia,211.31240816196063,23.592753306169417,-0.592753306169417,23.0,0.0,0.0,0.0,1.0,172.22886583844806,197.03534044325602,0,147.77804194811523,False,shock
1,maize,Mexico,N.America,181.23996692302453,45.238162183080384,-18.238162183080384,27.0,0.0,0.0,0.0,1.0,172.22886583844806,197.03534044325602,0,147.77804194811523,False,shock
1,maize,Nigeria,Africa,195.72412659381345,13.083379531420636,-1.0833795314206363,12.0,0.0,0.0,0.0,1.0,172.22886583844806,197.03534044325602,0,147.77804194811523,False,shock
1,maize,RestOfWorld,RoW,199.93593157956525,207.01989324454502,-91.51989324454502,115.5,0.0,0.0,0.0,1.0,172.22886583844806,197.03534044325602,0,147.77804194811523,False,shock
2,wheat,USA,N.America,219.08698667564298,30.92739039973071,14.072609600269288,45.0,0.0,6.164285714285711,0.0,1.0,224.38482864323205,249.49469490529904,0,144.59181895469283,False,shock
2,wheat,Russia,FSU,227.43801784931574,46.01528919678079,43.98471080321921,90.0,0.0,13.109523809523807,0.0,1.0,224.38482864323205,249.49469490529904,0,144.59181895469283,False,shock
2,wheat,EU,Europe,237.51637838696243,121.49803459356451,8.501965406435488,130.0,0.0,18.91428571428571,0.0,1.0,224.38482864323205,249.49469490529904,0,144.59181895469283,False,shock
2,wheat,Ukraine,FSU,237.65011630723225,9.11114895323491,15.88885104676509,25.0,0.0,3.5547619047619037,0.0,1.0,224.38482864323205,249.49469490529904,0,144.59181895469283,False,shock
2,wheat,Canada,N.America,220.7217055081813,10.292782944918187,23.707217055081813,34.0,0.0,4.709523809523807,0.0,1.0,224.38482864323205,249.49469490529904,0,144.59181895469283,False,shock
2,wheat,Australia,Oceania,213.19957975397097,8.294403361968232,21.705596638031768,30.0,0.0,4.3422941912173085,0.0,1.0,224.38482864323205,249.49469490529904,0,144.59181895469283,False,shock
2,wheat,Argentina,S.America,219.20382387435401,6.184777056753876,13.815222943246123,20.0,0.0,2.8047619047619037,0.0,1.0,224.38482864323205,249.49469490529904,0,144.59181895469283,False,shock
2,wheat,Brazil,S.America,234.50227574923082,13.20147041526,-5.201470415259999,8.0,0.0,1.2,0.0,1.0,224.38482864323205,249.49469490529904,0,144.59181895469283,False,shock
2,wheat,India,S.Asia,230.91844579516277,107.00356319150791,2.915436808492089,109.919,0.0,16.5,20.271,1.0,224.38482864323205,249.49469490529904,0,144.59181895469283,False,shock
2,wheat,Thailand,SE.Asia,235.30090954657123,2.0293981809068575,-2.0293981809068575,0.0,0.0,0.0,0.0,1.0,224.38482864323205,249.49469490529904,0,144.59181895469283,False,shock
2,wheat,Vietnam,SE.Asia,233.9848598325599,2.5400378504186003,-2.5400378504186003,0.0,0.0,0.0,0.0,1.0,224.38482864323205,249.49469490529904,0,144.59181895469283,False,shock
2,wheat,China,E.Asia,239.54358456940238,146.51618023743666,-1.5161802374366573,145.0,0.0,0.0,79.0,1.0,224.38482864323205,249.49469490529904,0,144.59181895469283,False,shock
2,wheat,Egypt,MENA,251.1455274815745,19.97708945036851,-10.41458945036851,9.5625,0.0,0.0,0.5625,1.0,224.38482864323205,249.49469490529904,0,144.59181895469283,False,shock
2,wheat,Indonesia,SE.Asia,228.7529700533139,11.233717329413548,-11.233717329413548,0.0,0.0,0.0,0.0,1.0,224.38482864323205,249.49469490529904,0,144.59181895469283,False,shock
2,wheat,Mexico,N.America,231.6343882608365,8.146924893913308,-5.146924893913308,3.0,0.0,0.0,0.0,1.0,224.38482864323205,249.49469490529904,0,144.59181895469283,False,shock
2,wheat,Nigeria,Africa,249.7103521042705,6.001737887374377,-5.901737887374377,0.1,0.0,0.0,0.0,1.0,224.38482864323205,249.49469490529904,0,144.59181895469283,False,shock
2,wheat,RestOfWorld,RoW,254.14382439895996,238.5075540564491,-100.60755405644912,137.89999999999998,0.0,0.0,0.0,1.0,224.38482864323205,249.49469490529904,0,144.59181895469283,False,shock
2,rice,USA,N.America,379.56300343890837,4.040873993122183,2.959126006877817,7.0,0.0,1.05,0.0,1.0,379.70053718447303,407.8588237991434,0,48.452217532337045,False,shock
2,rice,Russia,FSU,398.7523463232633,1.5009357402575525,-0.5009357402575525,1.0,0.0,0.15,0.0,1.0,379.70053718447303,407.8588237991434,0,48.452217532337045,False,shock
2,rice,EU,Europe,410.0338925401392,3.9799322149197214,-1.9799322149197214,2.0,0.0,0.3,0.0,1.0,379.70053718447303,407.8588237991434,0,48.452217532337045,False,shock
2,rice,Ukraine,FSU,405.74839232145297,0.29913774115178204,-0.29913774115178204,0.0,0.0,0.0,0.0,1.0,379.70053718447303,407.8588237991434,0,48.452217532337045,False,shock
2,rice,Canada,N.America,393.80898513018565,0.4012382029739629,-0.4012382029739629,0.0,0.0,0.0,0.0,1.0,379.70053718447303,407.8588237991434,0,48.452217532337045,False,shock
2,rice,Australia,Oceania,397.98631481415293,0.5005034212964617,-0.0005034212964617479,0.5,0.0,0.075,0.0,1.0,379.70053718447303,407.8588237991434,0,48.452217532337045,False,shock
2,rice,Argentina,S.America,371.3195771564424,1.0143402114217788,0.48565978857822123,1.5,0.0,0.22499999999999998,0.0,1.0,379.70053718447303,407.8588237991434,0,48.452217532337045,False,shock
2,rice,Brazil,S.America,377.21115723630044,11.125338635200347,0.2668698002391636,11.39220843543951,0.0,0.7054106121795372,0.0,1.0,379.70053718447303,407.8588237991434,0,48.452217532337045,False,shock
2,rice,India,S.Asia,384.2034579810236,110.8688098110437,19.320142008607903,130.1889518196516,0.0,18.758667227967436,25.0,1.0,379.70053718447303,407.8588237991434,0,48.452217532337045,False,shock
2,rice,Thailand,SE.Asia,377.50592655083676,20.224940734491632,12.78859955352631,33.01354028801794,0.0,4.3840787596011035,0.0,1.0,379.70053718447303,407.8588237991434,0,48.452217532337045,False,shock
2,rice,Vietnam,SE.Asia,375.44222348224946,30.36836664776626,12.631633352233742,43.0,0.0,6.008095238095239,0.0,1.0,379.70053718447303,407.8588237991434,0,48.452217532337045,False,shock
2,rice,China,E.Asia,390.75771057990863,212.97968267852968,-0.9796826785296844,212.0,0.0,0.0,94.0,1.0,379.70053718447303,407.8588237991434,0,48.452217532337045,False,shock
2,rice,Egypt,MENA,399.99878808246467,4.00000242383507,-2.4238350704308687e-06,4.0,0.0,0.0,0.0,1.0,379.70053718447303,407.8588237991434,0,48.452217532337045,False,shock
2,rice,Indonesia,SE.Asia,389.99748994867,56.28007028143724,-2.28007028143724,54.0,0.0,0.0,0.0,1.0,379.70053718447303,407.8588237991434,0,48.452217532337045,False,shock
2,rice,Mexico,N.America,393.3651098613544,1.0033174450693227,-0.8033174450693228,0.2,0.0,0.0,0.0,1.0,379.70053718447303,407.8588237991434,0,48.452217532337045,False,shock
2,rice,Nigeria,Africa,404.8767306336111,8.479273894807152,-0.479273894807152,8.0,0.0,0.0,0.0,1.0,379.70053718447303,407.8588237991434,0,48.452217532337045,False,shock
2,rice,RestOfWorld,RoW,409.7513811546494,55.52793646578529,-40.72793646578528,14.800000000000011,0.0,0.0,0.0,1.0,379.70053718447303,407.8588237991434,0,48.452217532337045,False,shock
2,maize,USA,N.America,169.30734377342802,313.8116953019574,36.1883046980426,350.0,0.0,52.27142857142857,0.0,1.0,172.21568249924607,197.02276046034248,0,147.78612774276104,False,shock
2,maize,Russia,FSU,188.91581919040956,13.216141525787013,1.7838584742129875,15.0,0.0,2.25,0.0,1.0,172.21568249924607,197.02276046034248,0,147.78612774276104,False,shock
2,maize,EU,Europe,195.62312095610625,85.55805207809645,-20.558052078096452,65.0,0.0,9.597619047619048,0.0,1.0,172.21568249924607,197.02276046034248,0,147.78612774276104,False,shock
2,maize,Ukraine,FSU,184.25432247010124,6.141711097769089,23.85828890223091,30.0,0.0,4.423809523809524,0.0,1.0,172.21568249924607,197.02276046034248,0,147.78612774276104,False,shock
2,maize,Canada,N.America,181.61076123774205,15.413757872150804,-1.4137578721508035,14.0,0.0,2.1,0.0,1.0,172.21568249924607,197.02276046034248,0,147.78612774276104,False,shock
2,maize,Australia,Oceania,204.76232642593646,0.9928565103610953,-0.49285651036109535,0.5,0.0,0.075,0.0,1.0,172.21568249924607,197.02276046034248,0,147.78612774276104,False,shock
2,maize,Argentina,S.America,166.7303397417693,12.598853884648152,42.40114611535185,55.0,0.0,8.144246867897065,0.0,1.0,172.21568249924607,197.02276046034248,0,147.78612774276104,False,shock
2,maize,Brazil,S.America,171.82034369876482,78.17021133388896,41.82978866611104,120.0,0.0,17.847619047619048,0.0,1.0,172.21568249924607,197.02276046034248,0,147.78612774276104,False,shock
2,maize,India,S.Asia,193.87825646342387,30.275478459145926,1.7245215408540737,32.0,0.0,4.8,0.0,1.0,172.21568249924607,197.02276046034248,0,147.78612774276104,False,shock
2,maize,Thailand,SE.Asia,207.28215167833517,5.934460634894983,-0.9344606348949833,5.0,0.0,0.75,0.0,1.0,172.21568249924607,197.02276046034248,0,147.78612774276104,False,shock
2,maize,Vietnam,SE.Asia,209.04732494005742,7.891432100719311,-3.891432100719311,4.0,0.0,0.6,0.0,1.0,172.21568249924607,197.02276046034248,0,147.78612774276104,False,shock
2,maize,China,E.Asia,199.99997898965512,295.0000092970776,-9.297077610881388e-06,295.0,0.0,0.0,40.0,1.0,172.21568249924607,197.02276046034248,0,147.78612774276104,False,shock
2,maize,Egypt,MENA,197.67862503297124,16.05571299920869,-9.05571299920869,7.0,0.0,0.0,0.0,1.0,172.21568249924607,197.02276046034248,0,147.78612774276104,False,shock
2,maize,Indonesia,SE.Asia,211.29979285818865,23.59320745710521,-0.5932074571052084,23.0,0.0,0.0,0.0,1.0,172.21568249924607,197.02276046034248,0,147.78612774276104,False,shock
2,maize,Mexico,N.America,181.22737946998325,45.23899295498111,-18.238992954981107,27.0,0.0,0.0,0.0,1.0,172.21568249924607,197.02276046034248,0,147.78612774276104,False,shock
2,maize,Nigeria,Africa,195.7115247640941,13.083625267100164,-1.0836252671001638,12.0,0.0,0.0,0.0,1.0,172.21568249924607,197.02276046034248,0,147.78612774276104,False,shock
2,maize,RestOfWorld,RoW,199.92334549079519,207.02380122510812,-91.52380122510812,115.5,0.0,0.0,0.0,1.0,172.21568249924607,197.02276046034248,0,147.78612774276104,False,shock
3,wheat,USA,N.America,219.43717805634367,30.91688465830969,14.08311534169031,45.0,0.0,6.164285714285711,0.0,1.0,224.74071585871994,249.85034156721687,0,144.71637541454845,False,shock
3,wheat,Russia,FSU,227.78821035693522,45.999530533937914,44.000469466062086,90.0,0.0,13.109523809523807,0.0,1.0,224.74071585871994,249.85034156721687,0,144.71637541454845,False,shock
3,wheat,EU,Europe,237.86656929293838,121.4560116848474,8.543988315152603,130.0,0.0,18.91428571428571,0.0,1.0,224.74071585871994,249.85034156721687,0,144.71637541454845,False,shock
3,wheat,Ukraine,FSU,238.00030967529335,9.10799721292236,15.89200278707764,25.0,0.0,3.5547619047619037,0.0,1.0,224.74071585871994,249.85034156721687,0,144.71637541454845,False,shock
3,wheat,Canada,N.America,221.07189900697594,10.28928100993024,23.710718990069758,34.0,0.0,4.709523809523807,0.0,1.0,224.74071585871994,249.85034156721687,0,144.71637541454845,False,shock
3,wheat,Australia,Oceania,213.54977070307024,8.291601834375438,21.708398165624562,30.0,0.0,4.3422941912173085,0.0,1.0,224.74071585871994,249.85034156721687,0,144.71637541454845,False,shock
3,wheat,Argentina,S.America,219.55401323722083,6.182675920576675,13.817324079423326,20.0,0.0,2.8047619047619037,0.0,1.0,224.74071585871994,249.85034156721687,0,144.71637541454845,False,shock
3,wheat,Brazil,S.America,234.85246567647192,13.196917946205865,-5.196917946205865,8.0,0.0,1.2,0.0,1.0,224.74071585871994,249.85034156721687,0,144.71637541454845,False,shock
3,wheat,India,S.Asia,231.26863303046665,106.966793531801,2.9603064681989935,109.9271,0.0,16.5,20.3439,1.0,224.74071585871994,249.85034156721687,0,144.71637541454845,False,shock
3,wheat,Thailand,SE.Asia,235.65111300345598,2.028697773993088,-2.028697773993088,0.0,0.0,0.0,0.0,1.0,224.74071585871994,249.85034156721687,0,144.71637541454845,False,shock
3,wheat,Vietnam,SE.Asia,234.33506017199352,2.539162349570016,-2.539162349570016,0.0,0.0,0.0,0.0,1.0,224.74071585871994,249.85034156721687,0,144.71637541454845,False,shock
3,wheat,China,E.Asia,239.89378288991617,146.46540148096216,-1.4654014809621572,145.0,0.0,0.0,72.0,1.0,224.74071585871994,249.85034156721687,0,144.71637541454845,False,shock
3,wheat,Egypt,MENA,251.49572085239188,19.970085582952162,-10.688835582952162,9.28125,0.0,0.0,0.28125,1.0,224.74071585871994,249.85034156721687,0,144.71637541454845,False,shock
3,wheat,Indonesia,SE.Asia,229.1031607979185,11.229865231222897,-11.229865231222897,0.0,0.0,0.0,0.0,1.0,224.74071585871994,249.85034156721687,0,144.71637541454845,False,shock
3,wheat,Mexico,N.America,231.98458301333181,8.144123335893346,-5.144123335893346,3.0,0.0,0.0,0.0,1.0,224.74071585871994,249.85034156721687,0,144.71637541454845,False,shock
3,wheat,Nigeria,Africa,250.06054308091498,5.99963674151451,-5.89963674151451,0.1,0.0,0.0,0.0,1.0,224.74071585871994,249.85034156721687,0,144.71637541454845,False,shock
3,wheat,RestOfWorld,RoW,254.49401598753624,238.42368317098507,-100.5236831709851,137.89999999999998,0.0,0.0,0.0,1.0,224.74071585871994,249.85034156721687,0,144.71637541454845,False,shock
3,rice,USA,N.America,380.9238877421084,4.038152224515783,2.961847775484217,7.0,0.0,1.05,0.0,1.0,381.11943745127434,409.3158742573192,0,48.23589877796122,False,shock
3,rice,Russia,FSU,400.11318537711344,1.499915110967165,-0.4999151109671649,1.0,0.0,0.15,0.0,1.0,381.11943745127434,409.3158742573192,0,48.23589877796122,False,shock
3,rice,EU,Europe,411.39478426436085,3.977210431471278,-1.9772104314712782,2.0,0.0,0.3,0.0,1.0,381.11943745127434,409.3158742573192,0,48.23589877796122,False,shock
3,rice,Ukraine,FSU,407.10929259712094,0.29893360611043185,-0.29893360611043185,0.0,0.0,0.0,0.0,1.0,381.11943745127434,409.3158742573192,0,48.23589877796122,False,shock
3,rice,Canada,N.America,395.1699430701785,0.4009660113859643,-0.4009660113859643,0.0,0.0,0.0,0.0,1.0,381.11943745127434,409.3158742573192,0,48.23589877796122,False,shock
3,rice,Australia,Oceania,398.8656999793796,0.5002835750051551,-0.00028357500515507894,0.5,0.0,0.075,0.0,1.0,381.11943745127434,409.3158742573192,0,48.23589877796122,False,shock
3,rice,Argentina,S.America,377.05607156984036,1.0114719642150798,0.4885280357849202,1.5,0.0,0.22499999999999998,0.0,1.0,381.11943745127434,409.3158742573192,0,48.23589877796122,False,shock
3,rice,Brazil,S.America,393.88423782145213,11.033636691982013,-0.03363669198201258,11.0,0.0,0.7054106121795372,0.0,1.0,381.11943745127434,409.3158742573192,0,48.23589877796122,False,shock
3,rice,India,S.Asia,385.5642566988986,110.79396588156058,19.344696113180504,130.13866199474108,0.0,18.620005233226344,25.0,1.0,381.11943745127434,409.3158742573192,0,48.23589877796122,False,shock
3,rice,Thailand,SE.Asia,378.866725492005,20.21133274507995,12.78866725492005,33.0,0.0,4.3840787596011035,0.0,1.0,381.11943745127434,409.3158742573192,0,48.23589877796122,False,shock
3,rice,Vietnam,SE.Asia,376.80302151832547,30.34795467722512,12.652045322774882,43.0,0.0,6.008095238095239,0.0,1.0,381.11943745127434,409.3158742573192,0,48.23589877796122,False,shock
3,rice,China,E.Asia,392.1185223135614,212.8354366347625,-0.8354366347624875,212.0,0.0,0.0,92.0,1.0,381.11943745127434,409.3158742573192,0,48.23589877796122,False,shock
3,rice,Egypt,MENA,400.0331158323842,3.9999337683352314,6.62316647686012e-05,4.0,0.0,0.0,0.0,1.0,381.11943745127434,409.3158742573192,0,48.23589877796122,False,shock
3,rice,Indonesia,SE.Asia,391.35829349755056,56.241967782068585,-2.241967782068585,54.0,0.0,0.0,0.0,1.0,381.11943745127434,409.3158742573192,0,48.23589877796122,False,shock
3,rice,Mexico,N.America,394.7260245484654,1.0026369877257673,-0.8026369877257673,0.2,0.0,0.0,0.0,1.0,381.11943745127434,409.3158742573192,0,48.23589877796122,False,shock
3,rice,Nigeria,Africa,410.6132431748865,8.454893716506731,-0.4548937165067315,8.0,0.0,0.0,0.0,1.0,381.11943745127434,409.3158742573192,0,48.23589877796122,False,shock
3,rice,RestOfWorld,RoW,411.112179719578,55.48997018582378,-40.68997018582377,14.800000000000011,0.0,0.0,0.0,1.0,381.11943745127434,409.3158742573192,0,48.23589877796122,False,shock
3,maize,USA,N.America,169.3073373822871,313.8116981779708,36.18830182202919,350.0,0.0,52.27142857142857,0.0,1.0,172.21567618807723,197.02275392149326,0,147.78595825006096,False,shock
3,maize,Russia,FSU,188.91581723282096,13.21614156395999,1.7838584360400098,15.0,0.0,2.25,0.0,1.0,172.21567618807723,197.02275392149326,0,147.78595825006096,False,shock
3,maize,EU,Europe,195.62311462475785,85.55805288534337,-20.558052885343372,65.0,0.0,9.597619047619048,0.0,1.0,172.21567618807723,197.02275392149326,0,147.78595825006096,False,shock
3,maize,Ukraine,FSU,184.2543166974464,6.141711149722982,23.858288850277017,30.0,0.0,4.423809523809524,0.0,1.0,172.21567618807723,197.02275392149326,0,147.78595825006096,False,shock
3,maize,Canada,N.America,181.61076583943787,15.413757768612648,-1.4137577686126477,14.0,0.0,2.1,0.0,1.0,172.21567618807723,197.02275392149326,0,147.78595825006096,False,shock
3,maize,Australia,Oceania,204.76236673526566,0.9928564498971015,-0.49285644989710153,0.5,0.0,0.075,0.0,1.0,172.21567618807723,197.02275392149326,0,147.78595825006096,False,shock
3,maize,Argentina,S.America,166.73033394142578,12.598853989054335,42.401146010945666,55.0,0.0,8.144246867897065,0.0,1.0,172.21567618807723,197.02275392149326,0,147.78595825006096,False,shock
3,maize,Brazil,S.America,171.82033686361783,78.170212102843,41.829787897157004,120.0,0.0,17.847619047619048,0.0,1.0,172.21567618807723,197.02275392149326,0,147.78595825006096,False,shock
3,maize,India,S.Asia,193.8782430068806,30.275479064690373,1.7245209353096271,32.0,0.0,4.8,0.0,1.0,172.21567618807723,197.02275392149326,0,147.78595825006096,False,shock
3,maize,Thailand,SE.Asia,207.2821564864932,5.934460591621561,-0.9344605916215611,5.0,0.0,0.75,0.0,1.0,172.21567618807723,197.02275392149326,0,147.78595825006096,False,shock
3,maize,Vietnam,SE.Asia,209.0473313802458,7.8914320234370505,-3.8914320234370505,4.0,0.0,0.6,0.0,1.0,172.21567618807723,197.02275392149326,0,147.78595825006096,False,shock
3,maize,China,E.Asia,199.9999948767931,295.00000226701906,-2.267019056034769e-06,295.0,0.0,0.0,20.0,1.0,172.21567618807723,197.02275392149326,0,147.78595825006096,False,shock
3,maize,Egypt,MENA,197.67861830714511,16.055713160628517,-9.055713160628517,7.0,0.0,0.0,0.0,1.0,172.21567618807723,197.02275392149326,0,147.78595825006096,False,shock
3,maize,Indonesia,SE.Asia,211.2998137400954,23.593206705356565,-0.5932067053565646,23.0,0.0,0.0,0.0,1.0,172.21567618807723,197.02275392149326,0,147.78595825006096,False,shock
3,maize,Mexico,N.America,181.22737313058622,45.23899337338131,-18.238993373381312,27.0,0.0,0.0,0.0,1.0,172.21567618807723,197.02275392149326,0,147.78595825006096,False,shock
3,maize,Nigeria,Africa,195.71153269442087,13.083625112458792,-1.0836251124587921,12.0,0.0,0.0,0.0,1.0,172.21567618807723,197.02275392149326,0,147.78595825006096,False,shock
3,maize,RestOfWorld,RoW,199.92333779709256,207.0238036140028,-91.52380361400279,115.5,0.0,0.0,0.0,1.0,172.21567618807723,197.02275392149326,0,147.78595825006096,False,shock
4,wheat,USA,N.America,219.60812139897726,30.911756358030683,14.088243641969317,45.0,0.0,6.164285714285711,0.0,1.0,224.91458561416064,250.02398120171625,0,144.78073837263088,False,shock
4,wheat,Russia,FSU,227.95915264666792,45.99183813089994,44.00816186910006,90.0,0.0,13.109523809523807,0.0,1.0,224.91458561416064,250.02398120171625,0,144.78073837263088,False,shock
4,wheat,EU,Europe,238.03751307475406,121.43549843102952,8.564501568970485,130.0,0.0,18.91428571428571,0.0,1.0,224.91458561416064,250.02398120171625,0,144.78073837263088,False,shock
4,wheat,Ukraine,FSU,238.17125114256558,9.10645873971691,15.89354126028309,25.0,0.0,3.5547619047619037,0.0,1.0,224.91458561416064,250.02398120171625,0,144.78073837263088,False,shock
4,wheat,Canada,N.America,221.2428403503756,10.287571596496244,23.712428403503758,34.0,0.0,4.709523809523807,0.0,1.0,224.91458561416064,250.02398120171625,0,144.78073837263088,False,shock
4,wheat,Australia,Oceania,213.72071435904004,8.29023428512768,21.70976571487232,30.0,0.0,4.3422941912173085,0.0,1.0,224.91458561416064,250.02398120171625,0,144.78073837263088,False,shock
4,wheat,Argentina,S.America,219.72495846525496,6.18165024920847,13.81834975079153,20.0,0.0,2.8047619047619037,0.0,1.0,224.91458561416064,250.02398120171625,0,144.78073837263088,False,shock
4,wheat,Brazil,S.America,235.02341038709412,13.194695664967776,-5.194695664967776,8.0,0.0,1.2,0.0,1.0,224.91458561416064,250.02398120171625,0,144.78073837263088,False,shock
4,wheat,India,S.Asia,231.43958011875577,106.94884408753065,2.985545912469348,109.93439,0.0,16.5,20.40951,1.0,224.91458561416064,250.02398120171625,0,144.78073837263088,False,shock
4,wheat,Thailand,SE.Asia,235.8220448339141,2.0283559103321718,-2.0283559103321718,0.0,0.0,0.0,0.0,1.0,224.91458561416064,250.02398120171625,0,144.78073837263088,False,shock
4,wheat,Vietnam,SE.Asia,234.5059949538143,2.538735012615464,-2.538735012615464,0.0,0.0,0.0,0.0,1.0,224.91458561416064,250.02398120171625,0,144.78073837263088,False,shock
4,wheat,China,E.Asia,240.06471890008828,146.4406157594872,-1.4406157594872013,145.0,0.0,0.0,65.0,1.0,224.91458561416064,250.02398120171625,0,144.78073837263088,False,shock
4,wheat,Egypt,MENA,251.66666243053353,19.96666675138933,-10.82604175138933,9.140625,0.0,0.0,0.140625,1.0,224.91458561416064,250.02398120171625,0,144.78073837263088,False,shock
4,wheat,Indonesia,SE.Asia,229.27410466778755,11.227984848654337,-11.227984848654337,0.0,0.0,0.0,0.0,1.0,224.91458561416064,250.02398120171625,0,144.78073837263088,False,shock
4,wheat,Mexico,N.America,232.15552318204692,8.142755814543625,-5.142755814543625,3.0,0.0,0.0,0.0,1.0,224.91458561416064,250.02398120171625,0,144.78073837263088,False,shock
4,wheat,Nigeria,Africa,250.231486808368,5.998611079149792,-5.898611079149792,0.1,0.0,0.0,0.0,1.0,224.91458561416064,250.02398120171625,0,144.78073837263088,False,shock
4,wheat,RestOfWorld,RoW,254.66495916150268,238.3827422808201,-100.48274228082013,137.89999999999998,0.0,0.0,0.0,1.0,224.91458561416064,250.02398120171625,0,144.78073837263088,False,shock
4,rice,USA,N.America,379.6723190134172,4.040655361973165,2.9593446380268347,7.0,0.0,1.05,0.0,1.0,379.8094167421502,407.97328960041216,0,48.433637356142285,False,shock
4,rice,Russia,FSU,398.86165513883805,1.5008537586458714,-0.5008537586458714,1.0,0.0,0.15,0.0,1.0,379.8094167421502,407.97328960041216,0,48.433637356142285,False,shock
4,rice,EU,Europe,410.1432086054313,3.9797135827891372,-1.9797135827891372,2.0,0.0,0.3,0.0,1.0,379.8094167421502,407.97328960041216,0,48.433637356142285,False,shock
4,rice,Ukraine,FSU,405.85770748502597,0.2991213438772461,-0.2991213438772461,0.0,0.0,0.0,0.0,1.0,379.8094167421502,407.97328960041216,0,48.433637356142285,False,shock
4,rice,Canada,N.America,393.91830465115817,0.4012163390697684,-0.4012163390697684,0.0,0.0,0.0,0.0,1.0,379.8094167421502,407.97328960041216,0,48.433637356142285,False,shock
4,rice,Australia,Oceania,398.06234288685084,0.5004844142782873,-0.0004844142782872707,0.5,0.0,0.075,0.0,1.0,379.8094167421502,407.97328960041216,0,48.433637356142285,False,shock
4,rice,Argentina,S.America,371.42851417208345,1.0142857429139582,0.48571425708604177,1.5,0.0,0.22499999999999998,0.0,1.0,379.8094167421502,407.97328960041216,0,48.433637356142285,False,shock
4,rice,Brazil,S.America,377.320460991687,11.12473746454572,0.2674687641113582,11.392206228657079,0.0,0.3132043835224579,0.0,1.0,379.8094167421502,407.97328960041216,0,48.433637356142285,False,shock
4,rice,India,S.Asia,384.31276480281133,110.86279793584538,19.311504025316253,130.17430196116163,0.0,18.445703272064712,25.0,1.0,379.8094167421502,407.97328960041216,0,48.433637356142285,False,shock
4,rice,Thailand,SE.Asia,377.6152333853574,20.223847666146426,12.776152333853574,33.0,0.0,4.3840787596011035,0.0,1.0,379.8094167421502,407.97328960041216,0,48.433637356142285,False,shock
4,rice,Vietnam,SE.Asia,375.55153025698525,30.366727046145222,12.633272953854778,43.0,0.0,6.008095238095239,0.0,1.0,379.8094167421502,407.97328960041216,0,48.433637356142285,False,shock
4,rice,China,E.Asia,390.86701790070236,212.96809610252555,-0.9680961025255499,212.0,0.0,0.0,90.0,1.0,379.8094167421502,407.97328960041216,0,48.433637356142285,False,shock
4,rice,Egypt,MENA,399.9993638618005,4.000001272276399,-1.2722763989003738e-06,4.0,0.0,0.0,0.0,1.0,379.8094167421502,407.97328960041216,0,48.433637356142285,False,shock
4,rice,Indonesia,SE.Asia,390.10679703226936,56.27700968309646,-2.277009683096459,54.0,0.0,0.0,0.0,1.0,379.8094167421502,407.97328960041216,0,48.433637356142285,False,shock
4,rice,Mexico,N.America,393.47442706865496,1.0032627864656725,-0.8032627864656725,0.2,0.0,0.0,0.0,1.0,379.8094167421502,407.97328960041216,0,48.433637356142285,False,shock
4,rice,Nigeria,Africa,404.98567432511373,8.478810884118266,-0.4788108841182659,8.0,0.0,0.0,0.0,1.0,379.8094167421502,407.97328960041216,0,48.433637356142285,False,shock
4,rice,RestOfWorld,RoW,409.8606879890243,55.52488680510623,-40.724886805106216,14.800000000000011,0.0,0.0,0.0,1.0,379.8094167421502,407.97328960041216,0,48.433637356142285,False,shock
4,maize,USA,N.America,174.02489971089508,311.6887951300972,38.31120486990278,350.0,0.0,52.27142857142857,0.0,1.0,176.94277968995155,202.0251550720906,0,150.8858588983557,False,shock
4,maize,Russia,FSU,194.374996473238,13.109687568771857,1.8903124312281427,15.0,0.0,2.25,0.0,1.0,176.94277968995155,202.0251550720906,0,150.8858588983557,False,shock
4,maize,EU,Europe,200.34067659219792,84.95656373449476,-19.956563734494765,65.0,0.0,9.597619047619048,0.0,1.0,176.94277968995155,202.0251550720906,0,150.8858588983557,False,shock
4,maize,Ukraine,FSU,188.9718768959869,6.099253107936118,23.900746892063882,30.0,0.0,4.423809523809524,0.0,1.0,176.94277968995155,202.0251550720906,0,150.8858588983557,False,shock
4,maize,Canada,N.America,186.32831665875545,15.307612875178002,-1.3076128751780018,14.0,0.0,2.1,0.0,1.0,176.94277968995155,202.0251550720906,0,150.8858588983557,False,shock
4,maize,Australia,Oceania,209.4798820489557,0.9857801769265665,-0.4857801769265665,0.5,0.0,0.075,0.0,1.0,176.94277968995155,202.0251550720906,0,150.8858588983557,False,shock
4,maize,Argentina,S.America,171.44789350192923,12.513937916965274,42.486062083034724,55.0,0.0,8.144246867897065,0.0,1.0,176.94277968995155,202.0251550720906,0,150.8858588983557,False,shock
4,maize,Brazil,S.America,176.53789741036627,77.6394865413338,42.360513458666205,120.0,0.0,17.847619047619048,0.0,1.0,176.94277968995155,202.0251550720906,0,150.8858588983557,False,shock
4,maize,India,S.Asia,198.59581476024073,30.063188335789167,1.9368116642108326,32.0,0.0,4.8,0.0,1.0,176.94277968995155,202.0251550720906,0,150.8858588983557,False,shock
4,maize,Thailand,SE.Asia,211.99971002199726,5.892002609802025,-0.8920026098020246,5.0,0.0,0.75,0.0,1.0,176.94277968995155,202.0251550720906,0,150.8858588983557,False,shock
4,maize,Vietnam,SE.Asia,213.76488997750803,7.834821320269904,-3.8348213202699037,4.0,0.0,0.6,0.0,1.0,176.94277968995155,202.0251550720906,0,150.8858588983557,False,shock
4,maize,China,E.Asia,208.89325424227292,291.06473499779423,-6.064734997794233,285.0,0.0,0.0,10.0,1.0,176.94277968995155,202.0251550720906,0,150.8858588983557,False,shock
4,maize,Egypt,MENA,202.3961794158672,15.942491694019187,-8.942491694019187,7.0,0.0,0.0,0.0,1.0,176.94277968995155,202.0251550720906,0,150.8858588983557,False,shock
4,maize,Indonesia,SE.Asia,216.01733513311228,23.423375935207957,-0.42337593520795735,23.0,0.0,0.0,0.0,1.0,176.94277968995155,202.0251550720906,0,150.8858588983557,False,shock
4,maize,Mexico,N.America,185.94493540968196,44.92763426296099,-17.927634262960993,27.0,0.0,0.0,0.0,1.0,176.94277968995155,202.0251550720906,0,150.8858588983557,False,shock
4,maize,Nigeria,Africa,200.4290774698977,12.991632989336994,-0.9916329893369937,12.0,0.0,0.0,0.0,1.0,176.94277968995155,202.0251550720906,0,150.8858588983557,False,shock
4,maize,RestOfWorld,RoW,204.6408991848126,205.5590008031157,-90.05900080311571,115.5,0.0,0.0,0.0,1.0,176.94277968995155,202.0251550720906,0,150.8858588983557,False,shock
5,wheat,USA,N.America,285.96860197536375,28.920941940739088,16.079058059260912,45.0,0.0,6.164285714285711,0.0,1.0,285.71988566148485,316.2261773573271,3,123.36938130995182,False,shock
5,wheat,Russia,FSU,274.3196347671487,43.90561643547831,10.094383564521692,54.0,20.0,13.109523809523807,0.0,0.6,285.71988566148485,316.2261773573271,3,123.36938130995182,False,shock
5,wheat,EU,Europe,304.3979930718771,113.47224083137475,16.527759168625252,130.0,0.0,18.91428571428571,0.0,1.0,285.71988566148485,316.2261773573271,3,123.36938130995182,False,shock
5,wheat,Ukraine,FSU,284.53173440429464,8.689214390361348,3.8107856096386516,12.5,20.0,3.5547619047619037,0.0,0.5,285.71988566148485,316.2261773573271,3,123.36938130995182,False,shock
5,wheat,Canada,N.America,287.60332348122796,9.62396676518772,24.37603323481228,34.0,0.0,4.709523809523807,0.0,1.0,285.71988566148485,316.2261773573271,3,123.36938130995182,False,shock
5,wheat,Australia,Oceania,280.0811943538342,7.759350445169327,22.240649554830675,30.0,0.0,4.3422941912173085,0.0,1.0,285.71988566148485,316.2261773573271,3,123.36938130995182,False,shock
5,wheat,Argentina,S.America,266.0854365915527,5.9034873804506836,14.096512619549316,20.0,20.0,2.8047619047619037,0.0,1.0,285.71988566148485,316.2261773573271,3,123.36938130995182,False,shock
5,wheat,Brazil,S.America,301.38388917846,12.33200944068002,-4.33200944068002,8.0,0.0,1.2,0.0,1.0,285.71988566148485,316.2261773573271,3,123.36938130995182,False,shock
5,wheat,India,S.Asia,297.8000555218794,99.98099417020266,9.959956829797335,109.940951,0.0,16.5,20.468559,1.0,285.71988566148485,316.2261773573271,3,123.36938130995182,False,shock
5,wheat,Thailand,SE.Asia,302.18253968410914,1.8956349206317817,-1.8956349206317817,0.0,0.0,0.0,0.0,1.0,285.71988566148485,316.2261773573271,3,123.36938130995182,False,shock
5,wheat,Vietnam,SE.Asia,300.86648610386055,2.3728337847403487,-2.3728337847403487,0.0,0.0,0.0,0.0,1.0,285.71988566148485,316.2261773573271,3,123.36938130995182,False,shock
5,wheat,China,E.Asia,292.6498683473152,138.8157690896393,6.1842309103606965,145.0,0.0,0.0,58.0,1.0,285.71988566148485,316.2261773573271,3,123.36938130995182,False,shock
5,wheat,Egypt,MENA,318.02714529068317,18.639457094186337,-9.569144594186337,9.0703125,0.0,0.0,0.0703125,1.0,285.71988566148485,316.2261773573271,3,123.36938130995182,False,shock
5,wheat,Indonesia,SE.Asia,295.6345844504781,10.498019571044741,-10.498019571044741,0.0,0.0,0.0,0.0,1.0,285.71988566148485,316.2261773573271,3,123.36938130995182,False,shock
5,wheat,Mexico,N.America,298.51600778168887,7.611871937746489,-4.611871937746489,3.0,0.0,0.0,0.0,1.0,285.71988566148485,316.2261773573271,3,123.36938130995182,False,shock
5,wheat,Nigeria,Africa,316.59196691002285,5.600448198539863,-5.500448198539863,0.1,0.0,0.0,0.0,1.0,285.71988566148485,316.2261773573271,3,123.36938130995182,False,shock
5,wheat,RestOfWorld,RoW,321.0254400675275,222.48940710382718,-84.5894071038272,137.89999999999998,0.0,0.0,0.0,1.0,285.71988566148485,316.2261773573271,3,123.36938130995182,False,shock
5,rice,USA,N.America,380.91226579107087,4.038175468417858,2.961824531582142,7.0,0.0,1.05,0.0,1.0,381.10809808244346,409.30379290939317,0,48.23772132977839,False,shock
5,rice,Russia,FSU,400.10152704946086,1.4999238547129043,-0.49992385471290435,1.0,0.0,0.15,0.0,1.0,381.10809808244346,409.30379290939317,0,48.23772132977839,False,shock
5,rice,EU,Europe,411.383164914167,3.9772336701716657,-1.9772336701716657,2.0,0.0,0.3,0.0,1.0,381.10809808244346,409.30379290939317,0,48.23772132977839,False,shock
5,rice,Ukraine,FSU,407.0976640691615,0.29893535038962576,-0.29893535038962576,0.0,0.0,0.0,0.0,1.0,381.10809808244346,409.30379290939317,0,48.23772132977839,False,shock
5,rice,Canada,N.America,395.1583388505907,0.4009683322298819,-0.4009683322298819,0.0,0.0,0.0,0.0,1.0,381.10809808244346,409.30379290939317,0,48.23772132977839,False,shock
5,rice,Australia,Oceania,399.1497572159863,0.5002125606960034,-0.00021256069600339433,0.5,0.0,0.075,0.0,1.0,381.10809808244346,409.30379290939317,0,48.23772132977839,False,shock
5,rice,Argentina,S.America,377.0562051342128,1.0114718974328936,0.48852810256710644,1.5,0.0,0.22499999999999998,0.0,1.0,381.10809808244346,409.30379290939317,0,48.23772132977839,False,shock
5,rice,Brazil,S.America,393.88446461891647,11.033635444595959,-0.033635444595958575,11.0,0.0,0.3132043835224579,0.0,1.0,381.10809808244346,409.30379290939317,0,48.23772132977839,False,shock
5,rice,India,S.Asia,385.55258813154353,110.79460765276511,19.34691713968948,130.1415247924546,0.0,18.30417847961013,25.0,1.0,381.10809808244346,409.30379290939317,0,48.23772132977839,False,shock
5,rice,Thailand,SE.Asia,378.8550569653026,20.211449430346974,12.788550569653026,33.0,0.0,4.3840787596011035,0.0,1.0,381.10809808244346,409.30379290939317,0,48.23772132977839,False,shock
5,rice,Vietnam,SE.Asia,376.79135277941214,30.348129708308818,12.651870291691182,43.0,0.0,6.008095238095239,0.0,1.0,381.10809808244346,409.30379290939317,0,48.23772132977839,False,shock
5,rice,China,E.Asia,392.1068578276523,212.83667307026886,-0.8366730702688585,212.0,0.0,0.0,88.0,1.0,381.10809808244346,409.30379290939317,0,48.23772132977839,False,shock
5,rice,Egypt,MENA,400.00887975545174,3.9999822404890963,1.7759510903658793e-05,4.0,0.0,0.0,0.0,1.0,381.10809808244346,409.30379290939317,0,48.23772132977839,False,shock
5,rice,Indonesia,SE.Asia,391.3466262305697,56.24229446554405,-2.242294465544049,54.0,0.0,0.0,0.0,1.0,381.10809808244346,409.30379290939317,0,48.23772132977839,False,shock
5,rice,Mexico,N.America,394.7144099829405,1.0026427950085297,-0.8026427950085298,0.2,0.0,0.0,0.0,1.0,381.10809808244346,409.30379290939317,0,48.23772132977839,False,shock
5,rice,Nigeria,Africa,410.61338518525463,8.454893112962667,-0.454893112962667,8.0,0.0,0.0,0.0,1.0,381.10809808244346,409.30379290939317,0,48.23772132977839,False,shock
5,rice,RestOfWorld,RoW,411.10051117852856,55.49029573811906,-40.69029573811905,14.800000000000011,0.0,0.0,0.0,1.0,381.10809808244346,409.30379290939317,0,48.23772132977839,False,shock
5,maize,USA,N.America,176.82476639181257,310.42885512368434,39.57114487631566,350.0,0.0,52.27142857142857,0.0,1.0,179.74200723767672,204.99776421728012,0,152.7167777328029,False,shock
5,maize,Russia,FSU,197.17485908949894,13.05509024775477,1.9449097522452305,15.0,0.0,2.25,0.0,1.0,179.74200723767672,204.99776421728012,0,152.7167777328029,False,shock
5,maize,EU,Europe,203.14054368108302,84.59958068066192,-19.429354763927734,65.17022591673418,0.0,9.427393130884871,0.0,1.0,179.74200723767672,204.99776421728012,0,152.7167777328029,False,shock
5,maize,Ukraine,FSU,191.77174567802967,6.074054288897733,23.925945711102266,30.0,0.0,4.423809523809524,0.0,1.0,179.74200723767672,204.99776421728012,0,152.7167777328029,False,shock
5,maize,Canada,N.America,189.12819737417138,15.244615559081144,-1.2446155590811436,14.0,0.0,2.1,0.0,1.0,179.74200723767672,204.99776421728012,0,152.7167777328029,False,shock
5,maize,Australia,Oceania,212.27980694415817,0.9815802895837628,-0.48158028958376276,0.5,0.0,0.075,0.0,1.0,179.74200723767672,204.99776421728012,0,152.7167777328029,False,shock
5,maize,Argentina,S.America,174.24776284878016,12.463540268721957,42.53645973127804,55.0,0.0,8.144246867897065,0.0,1.0,179.74200723767672,204.99776421728012,0,152.7167777328029,False,shock
5,maize,Brazil,S.America,179.33776548676357,77.3245013827391,42.6754986172609,120.0,0.0,17.847619047619048,0.0,1.0,179.74200723767672,204.99776421728012,0,152.7167777328029,False,shock
5,maize,India,S.Asia,201.39567136764654,29.937194788455905,2.062805211544095,32.0,0.0,4.8,0.0,1.0,179.74200723767672,204.99776421728012,0,152.7167777328029,False,shock
5,maize,Thailand,SE.Asia,214.79958969059138,5.866803692784678,-0.8668036927846776,5.0,0.0,0.75,0.0,1.0,179.74200723767672,204.99776421728012,0,152.7167777328029,False,shock
5,maize,Vietnam,SE.Asia,216.5647648249119,7.8012228221010576,-3.8012228221010576,4.0,0.0,0.6,0.0,1.0,179.74200723767672,204.99776421728012,0,152.7167777328029,False,shock
5,maize,China,E.Asia,211.69312429527716,289.82579249933985,-9.825792499339855,280.0,0.0,0.0,5.0,1.0,179.74200723767672,204.99776421728012,0,152.7167777328029,False,shock
5,maize,Egypt,MENA,205.1960471168524,15.875294869195542,-8.875294869195542,7.0,0.0,0.0,0.0,1.0,179.74200723767672,204.99776421728012,0,152.7167777328029,False,shock
5,maize,Indonesia,SE.Asia,218.81724712190476,23.322579103611428,-0.32257910361142805,23.0,0.0,0.0,0.0,1.0,179.74200723767672,204.99776421728012,0,152.7167777328029,False,shock
5,maize,Mexico,N.America,188.74480221001733,44.74284305413886,-17.74284305413886,27.0,0.0,0.0,0.0,1.0,179.74200723767672,204.99776421728012,0,152.7167777328029,False,shock
5,maize,Nigeria,Africa,203.2289653673997,12.937035175335705,-0.9370351753357049,12.0,0.0,0.0,0.0,1.0,179.74200723767672,204.99776421728012,0,152.7167777328029,False,shock
5,maize,RestOfWorld,RoW,207.44076627811182,204.6896420706463,-89.1896420706463,115.5,0.0,0.0,0.0,1.0,179.74200723767672,204.99776421728012,0,152.7167777328029,False,shock
6,wheat,USA,N.America,263.9823614985135,29.580529155044594,18.831289571591128,48.41181872663572,0.0,2.752466987649987,0.0,1.0,268.1963839681108,294.3351035406111,0,130.04439255871293,False,shock
6,wheat,Russia,FSU,272.3333945437867,43.994997245529596,11.669364575606764,55.66436182113636,0.0,11.445161988387445,0.0,0.6,268.1963839681108,294.3351035406111,0,130.04439255871293,False,shock
6,wheat,EU,Europe,282.4117526148204,116.11058968622156,18.749252626568776,134.85984231279033,0.0,14.05444340149537,0.0,1.0,268.1963839681108,294.3351035406111,0,130.04439255871293,False,shock
6,wheat,Ukraine,FSU,282.54549390153903,8.707090554886149,4.892550108083475,13.599640662969623,0.0,2.4551212417922814,0.0,0.5,268.1963839681108,294.3351035406111,0,130.04439255871293,False,shock
6,wheat,Canada,N.America,265.61708293295555,9.843829170670444,26.51634491644149,36.360174087111936,0.0,2.3493497224118696,0.0,1.0,268.1963839681108,294.3351035406111,0,130.04439255871293,False,shock
6,wheat,Australia,Oceania,258.09495382372495,7.9352403694102005,24.03091743007635,31.96615779948655,0.0,2.3761363917307587,0.0,1.0,268.1963839681108,294.3351035406111,0,130.04439255871293,False,shock
6,wheat,Argentina,S.America,264.09919614749884,5.915404823115007,14.701118516187563,20.61652333930257,0.0,2.188238565459332,0.0,1.0,268.1963839681108,294.3351035406111,0,130.04439255871293,False,shock
6,wheat,Brazil,S.America,279.3976487241969,12.61783056658544,-4.6178305665854396,8.0,0.0,1.2,0.0,1.0,268.1963839681108,294.3351035406111,0,130.04439255871293,False,shock
6,wheat,India,S.Asia,275.81381517349513,102.28954940678301,7.657306493216993,109.9468559,0.0,16.5,20.5217031,1.0,268.1963839681108,294.3351035406111,0,130.04439255871293,False,shock
6,wheat,Thailand,SE.Asia,280.1962984627091,1.9396074030745818,-1.9396074030745818,0.0,0.0,0.0,0.0,1.0,268.1963839681108,294.3351035406111,0,130.04439255871293,False,shock
6,wheat,Vietnam,SE.Asia,278.8802450536336,2.427799387365916,-2.427799387365916,0.0,0.0,0.0,0.0,1.0,268.1963839681108,294.3351035406111,0,130.04439255871293,False,shock
6,wheat,China,E.Asia,270.66362874189423,142.00377383242534,2.9962261675746618,145.0,0.0,0.0,51.0,1.0,268.1963839681108,294.3351035406111,0,130.04439255871293,False,shock
6,wheat,Egypt,MENA,296.04090522569686,19.079181895486062,-10.044025645486062,9.03515625,0.0,0.0,0.03515625,1.0,268.1963839681108,294.3351035406111,0,130.04439255871293,False,shock
6,wheat,Indonesia,SE.Asia,273.64834394940425,10.739868216556554,-10.739868216556554,0.0,0.0,0.0,0.0,1.0,268.1963839681108,294.3351035406111,0,130.04439255871293,False,shock
6,wheat,Mexico,N.America,276.5297671285152,7.787761862971879,-4.787761862971879,3.0,0.0,0.0,0.0,1.0,268.1963839681108,294.3351035406111,0,130.04439255871293,False,shock
6,wheat,Nigeria,Africa,294.6057264121111,5.732365641527333,-5.6323656415273335,0.1,0.0,0.0,0.0,1.0,268.1963839681108,294.3351035406111,0,130.04439255871293,False,shock
6,wheat,RestOfWorld,RoW,299.03919965854163,227.75511168177928,-89.8551116817793,137.89999999999998,0.0,0.0,0.0,1.0,268.1963839681108,294.3351035406111,0,130.04439255871293,False,shock
6,rice,USA,N.America,379.9796168307923,4.040040766338415,2.9599592336615848,7.0,0.0,1.05,0.0,1.0,380.1215344366234,408.2950106268663,0,48.3812011711872,False,shock
6,rice,Russia,FSU,399.168882182933,1.5006233383628003,-0.5006233383628003,1.0,0.0,0.15,0.0,1.0,380.1215344366234,408.2950106268663,0,48.3812011711872,False,shock
6,rice,EU,Europe,410.4505156459186,3.9790989687081626,-1.9790989687081626,2.0,0.0,0.3,0.0,1.0,380.1215344366234,408.2950106268663,0,48.3812011711872,False,shock
6,rice,Ukraine,FSU,406.16501623735905,0.29907524756439613,-0.29907524756439613,0.0,0.0,0.0,0.0,1.0,380.1215344366234,408.2950106268663,0,48.3812011711872,False,shock
6,rice,Canada,N.America,394.22568558610976,0.4011548628827781,-0.4011548628827781,0.0,0.0,0.0,0.0,1.0,380.1215344366234,408.2950106268663,0,48.3812011711872,False,shock
6,rice,Australia,Oceania,398.6080664888676,0.5003479833777831,-0.00034798337778307875,0.5,0.0,0.075,0.0,1.0,380.1215344366234,408.2950106268663,0,48.3812011711872,False,shock
6,rice,Argentina,S.America,371.7338953147502,1.0141330523426249,0.48586694765737515,1.5,0.0,0.22499999999999998,0.0,1.0,380.1215344366234,408.2950106268663,0,48.3812011711872,False,shock
6,rice,Brazil,S.America,377.62756849216186,11.12304837329311,0.19015601022934803,11.313204383522457,0.0,0.0,0.0,1.0,380.1215344366234,408.2950106268663,0,48.3812011711872,False,shock
6,rice,India,S.Asia,384.6199451921269,110.84590301443302,19.328093341393128,130.17399635582615,0.0,18.13018212378399,25.0,1.0,380.1215344366234,408.2950106268663,0,48.3812011711872,False,shock
6,rice,Thailand,SE.Asia,377.9224140011774,20.220775859988226,12.779224140011774,33.0,0.0,4.3840787596011035,0.0,1.0,380.1215344366234,408.2950106268663,0,48.3812011711872,False,shock
6,rice,Vietnam,SE.Asia,375.8587099021637,30.362119351467545,12.637880648532455,43.0,0.0,6.008095238095239,0.0,1.0,380.1215344366234,408.2950106268663,0,48.3812011711872,False,shock
6,rice,China,E.Asia,391.17421428047743,212.9355332862694,-0.9355332862693899,212.0,0.0,0.0,86.0,1.0,380.1215344366234,408.2950106268663,0,48.3812011711872,False,shock
6,rice,Egypt,MENA,400.0001820275763,3.9999996359448473,3.640551526906677e-07,4.0,0.0,0.0,0.0,1.0,380.1215344366234,408.2950106268663,0,48.3812011711872,False,shock
6,rice,Indonesia,SE.Asia,390.4139830648473,56.26840847418428,-2.2684084741842767,54.0,0.0,0.0,0.0,1.0,380.1215344366234,408.2950106268663,0,48.3812011711872,False,shock
6,rice,Mexico,N.America,393.7817592901385,1.0031091203549307,-0.8031091203549308,0.2,0.0,0.0,0.0,1.0,380.1215344366234,408.2950106268663,0,48.3812011711872,False,shock
6,rice,Nigeria,Africa,405.29107564726564,8.47751292849912,-0.4775129284991202,8.0,0.0,0.0,0.0,1.0,380.1215344366234,408.2950106268663,0,48.3812011711872,False,shock
6,rice,RestOfWorld,RoW,410.1678682673232,55.51631647534169,-40.71631647534168,14.800000000000011,0.0,0.0,0.0,1.0,380.1215344366234,408.2950106268663,0,48.3812011711872,False,shock
6,maize,USA,N.America,178.1890217801534,309.81494019893097,40.18505980106903,350.0,0.0,52.27142857142857,0.0,1.0,181.10595600998843,206.4482441646428,0,153.60901006371353,False,shock
6,maize,Russia,FSU,198.53911478954163,13.028487261603937,1.9715127383960631,15.0,0.0,2.25,0.0,1.0,181.10595600998843,206.4482441646428,0,153.60901006371353,False,shock
6,maize,EU,Europe,204.50479904326957,84.42563812198313,-19.10875250059307,65.31688562139006,0.0,9.11050750949481,0.0,1.0,181.10595600998843,206.4482441646428,0,153.60901006371353,False,shock
6,maize,Ukraine,FSU,193.1360009113641,6.061775991797723,23.938224008202276,30.0,0.0,4.423809523809524,0.0,1.0,181.10595600998843,206.4482441646428,0,153.60901006371353,False,shock
6,maize,Canada,N.America,190.4924519804113,15.213919830440746,-1.2139198304407461,14.0,0.0,2.1,0.0,1.0,181.10595600998843,206.4482441646428,0,153.60901006371353,False,shock
6,maize,Australia,Oceania,213.64405962182133,0.979533910567268,-0.479533910567268,0.5,0.0,0.075,0.0,1.0,181.10595600998843,206.4482441646428,0,153.60901006371353,False,shock
6,maize,Argentina,S.America,175.6120180086945,12.438983675843499,42.5610163241565,55.0,0.0,8.144246867897065,0.0,1.0,181.10595600998843,206.4482441646428,0,153.60901006371353,False,shock
6,maize,Brazil,S.America,180.7020206748819,77.17102267407579,42.828977325924214,120.0,0.0,17.847619047619048,0.0,1.0,181.10595600998843,206.4482441646428,0,153.60901006371353,False,shock
6,maize,India,S.Asia,202.75992712946876,29.875803279173905,2.1241967208260952,32.0,0.0,4.8,0.0,1.0,181.10595600998843,206.4482441646428,0,153.60901006371353,False,shock
6,maize,Thailand,SE.Asia,216.16384488054328,5.85452539607511,-0.8545253960751102,5.0,0.0,0.75,0.0,1.0,181.10595600998843,206.4482441646428,0,153.60901006371353,False,shock
6,maize,Vietnam,SE.Asia,217.929019911532,7.784851761061616,-3.784851761061616,4.0,0.0,0.6,0.0,1.0,181.10595600998843,206.4482441646428,0,153.60901006371353,False,shock
6,maize,China,E.Asia,213.05737971471171,289.22210947624006,-11.722109476240064,277.5,0.0,0.0,2.5,1.0,181.10595600998843,206.4482441646428,0,153.60901006371353,False,shock
6,maize,Egypt,MENA,206.56030242432638,15.842552741816167,-8.842552741816167,7.0,0.0,0.0,0.0,1.0,181.10595600998843,206.4482441646428,0,153.60901006371353,False,shock
6,maize,Indonesia,SE.Asia,220.18149790797716,23.27346607531282,-0.27346607531282174,23.0,0.0,0.0,0.0,1.0,181.10595600998843,206.4482441646428,0,153.60901006371353,False,shock
6,maize,Mexico,N.America,190.10905761039103,44.652802197714195,-17.652802197714195,27.0,0.0,0.0,0.0,1.0,181.10595600998843,206.4482441646428,0,153.60901006371353,False,shock
6,maize,Nigeria,Africa,204.59321960894547,12.910432217625562,-0.9104322176255621,12.0,0.0,0.0,0.0,1.0,181.10595600998843,206.4482441646428,0,153.60901006371353,False,shock
6,maize,RestOfWorld,RoW,208.8050215422629,204.2660408111274,-88.7660408111274,115.5,0.0,0.0,0.0,1.0,181.10595600998843,206.4482441646428,0,153.60901006371353,False,shock
7,wheat,USA,N.America,273.03190925663534,29.30904272230094,17.375285681153695,46.684328403454636,0.0,1.0681385841953501,0.0,1.0,274.89172735743233,303.34712813494366,2,127.32899258433565,False,shock
7,wheat,Russia,FSU,261.38294204030103,44.48776760818645,11.072553058392856,55.56032066657931,20.0,9.884841321808139,0.0,0.6,274.89172735743233,303.34712813494366,2,127.32899258433565,False,shock
7,wheat,EU,Europe,291.461300356223,115.02464395725325,18.10770803391121,133.13235199116446,0.0,10.92209141033091,0.0,1.0,274.89172735743233,303.34712813494366,2,127.32899258433565,False,shock
7,wheat,Ukraine,FSU,271.59504159326235,8.805644625660639,4.741975452713005,13.547620078373644,20.0,1.4075011634186383,0.0,0.5,274.89172735743233,303.34712813494366,2,127.32899258433565,False,shock
7,wheat,Canada,N.America,274.6666308280611,9.753333691719389,25.45518017619733,35.20851386791672,0.0,1.140835854495148,0.0,1.0,274.89172735743233,303.34712813494366,2,127.32899258433565,False,shock
7,wheat,Australia,Oceania,267.1445016578816,7.862843986736947,22.95165359450579,30.814497581242737,0.0,1.5616388104880226,0.0,1.0,274.89172735743233,303.34712813494366,2,127.32899258433565,False,shock
7,wheat,Argentina,S.America,273.1487438600058,5.861107536839965,14.703395219404053,20.564502756244018,0.0,1.623735809215313,0.0,1.0,274.89172735743233,303.34712813494366,2,127.32899258433565,False,shock
7,wheat,Brazil,S.America,288.4471965044647,12.500186445441958,-4.500186445441958,8.0,0.0,1.2,0.0,1.0,274.89172735743233,303.34712813494366,2,127.32899258433565,False,shock
7,wheat,India,S.Asia,284.8633628079602,101.33934690516418,8.612823404835822,109.95217031,0.0,16.5,20.56953279,1.0,274.89172735743233,303.34712813494366,2,127.32899258433565,False,shock
7,wheat,Thailand,SE.Asia,289.24584744896487,1.9215083051020703,-1.9215083051020703,0.0,0.0,0.0,0.0,1.0,274.89172735743233,303.34712813494366,2,127.32899258433565,False,shock
7,wheat,Vietnam,SE.Asia,287.9297937533227,2.405175515616693,-2.405175515616693,0.0,0.0,0.0,0.0,1.0,274.89172735743233,303.34712813494366,2,127.32899258433565,False,shock
7,wheat,China,E.Asia,279.7131758241106,140.69158950550397,4.30841049449603,145.0,0.0,0.0,44.0,1.0,274.89172735743233,303.34712813494366,2,127.32899258433565,False,shock
7,wheat,Egypt,MENA,305.0904528079048,18.898190943841904,-9.880612818841904,9.017578125,0.0,0.0,0.017578125,1.0,274.89172735743233,303.34712813494366,2,127.32899258433565,False,shock
7,wheat,Indonesia,SE.Asia,282.6978917619396,10.640323190618664,-10.640323190618664,0.0,0.0,0.0,0.0,1.0,274.89172735743233,303.34712813494366,2,127.32899258433565,False,shock
7,wheat,Mexico,N.America,285.5793152024391,7.7153654783804875,-4.7153654783804875,3.0,0.0,0.0,0.0,1.0,274.89172735743233,303.34712813494366,2,127.32899258433565,False,shock
7,wheat,Nigeria,Africa,303.655274269026,5.678068354385844,-5.578068354385844,0.1,0.0,0.0,0.0,1.0,274.89172735743233,303.34712813494366,2,127.32899258433565,False,shock
7,wheat,RestOfWorld,RoW,308.0887473602421,225.58774500722203,-87.68774500722205,137.89999999999998,0.0,0.0,0.0,1.0,274.89172735743233,303.34712813494366,2,127.32899258433565,False,shock
7,rice,USA,N.America,380.87971849182935,4.038240563016341,2.961759436983659,7.0,0.0,1.05,0.0,1.0,381.0765108885982,409.27003448574965,0,48.24308350051224,False,shock
7,rice,Russia,FSU,400.06897972737835,1.4999482652044662,-0.4999482652044662,1.0,0.0,0.15,0.0,1.0,381.0765108885982,409.27003448574965,0,48.24308350051224,False,shock
7,rice,EU,Europe,411.3506179932478,3.9772987640135042,-1.9772987640135042,2.0,0.0,0.3,0.0,1.0,381.0765108885982,409.27003448574965,0,48.24308350051224,False,shock
7,rice,Ukraine,FSU,407.0651192069275,0.29894023211896087,-0.29894023211896087,0.0,0.0,0.0,0.0,1.0,381.0765108885982,409.27003448574965,0,48.24308350051224,False,shock
7,rice,Canada,N.America,395.1257938204927,0.4009748412359015,-0.4009748412359015,0.0,0.0,0.0,0.0,1.0,381.0765108885982,409.27003448574965,0,48.24308350051224,False,shock
7,rice,Australia,Oceania,399.22785596538455,0.5001930360086538,-0.0001930360086538352,0.5,0.0,0.075,0.0,1.0,381.0765108885982,409.27003448574965,0,48.24308350051224,False,shock
7,rice,Argentina,S.America,377.0562159475506,1.0114718920262247,0.4885281079737753,1.5,0.0,0.22499999999999998,0.0,1.0,381.0765108885982,409.27003448574965,0,48.24308350051224,False,shock
7,rice,Brazil,S.America,393.88449011135435,11.03363530438755,-0.033635304387550136,11.0,0.0,0.0,0.0,1.0,381.0765108885982,409.27003448574965,0,48.24308350051224,False,shock
7,rice,India,S.Asia,385.5200393171011,110.79639783755944,19.35317215556769,130.14956999312713,0.0,17.980612130656855,25.0,1.0,381.0765108885982,409.27003448574965,0,48.24308350051224,False,shock
7,rice,Thailand,SE.Asia,378.8225081580933,20.211774918419067,12.788225081580933,33.0,0.0,4.3840787596011035,0.0,1.0,381.0765108885982,409.27003448574965,0,48.24308350051224,False,shock
7,rice,Vietnam,SE.Asia,376.7588039393227,30.34861794091016,12.65138205908984,43.0,0.0,6.008095238095239,0.0,1.0,381.0765108885982,409.27003448574965,0,48.24308350051224,False,shock
7,rice,China,E.Asia,392.07430956049177,212.84012318658787,-0.8401231865878742,212.0,0.0,0.0,84.0,1.0,381.0765108885982,409.27003448574965,0,48.24308350051224,False,shock
7,rice,Egypt,MENA,400.0042966196713,3.9999914067606572,8.59323934276901e-06,4.0,0.0,0.0,0.0,1.0,381.0765108885982,409.27003448574965,0,48.24308350051224,False,shock
7,rice,Indonesia,SE.Asia,391.31407758665955,56.24320582757353,-2.243205827573533,54.0,0.0,0.0,0.0,1.0,381.0765108885982,409.27003448574965,0,48.24308350051224,False,shock
7,rice,Mexico,N.America,394.6818636491298,1.002659068175435,-0.8026590681754351,0.2,0.0,0.0,0.0,1.0,381.0765108885982,409.27003448574965,0,48.24308350051224,False,shock
7,rice,Nigeria,Africa,410.61339782890036,8.454893059227173,-0.4548930592271727,8.0,0.0,0.0,0.0,1.0,381.0765108885982,409.27003448574965,0,48.24308350051224,False,shock
7,rice,RestOfWorld,RoW,411.06796236893786,55.49120384990664,-40.69120384990663,14.800000000000011,0.0,0.0,0.0,1.0,381.0765108885982,409.27003448574965,0,48.24308350051224,False,shock
7,maize,USA,N.America,178.872232575018,309.5074953412419,40.492504658758094,350.0,0.0,52.27142857142857,0.0,1.0,181.78901479758807,207.17415035064988,0,154.05581542397758,False,shock
7,maize,Russia,FSU,199.2223251360951,13.015164659846144,1.9848353401538557,15.0,0.0,2.25,0.0,1.0,181.78901479758807,207.17415035064988,0,154.05581542397758,False,shock
7,maize,EU,Europe,205.1880098762668,84.33852874077598,-18.950182124223772,65.38834661655221,0.0,8.722160892942593,0.0,1.0,181.78901479758807,207.17415035064988,0,154.05581542397758,False,shock
7,maize,Ukraine,FSU,193.81921190532807,6.055627092852047,23.94437290714795,30.0,0.0,4.423809523809524,0.0,1.0,181.78901479758807,207.17415035064988,0,154.05581542397758,False,shock
7,maize,Canada,N.America,191.17566391501813,15.198547561912092,-1.1985475619120916,14.0,0.0,2.1,0.0,1.0,181.78901479758807,207.17415035064988,0,154.05581542397758,False,shock
7,maize,Australia,Oceania,214.3272747571434,0.9785090878642849,-0.4785090878642849,0.5,0.0,0.075,0.0,1.0,181.78901479758807,207.17415035064988,0,154.05581542397758,False,shock
7,maize,Argentina,S.America,176.29522906610234,12.426685876810158,42.573314123189846,55.0,0.0,8.144246867897065,0.0,1.0,181.78901479758807,207.17415035064988,0,154.05581542397758,False,shock
7,maize,Brazil,S.America,181.3852316795313,77.09416143605273,42.90583856394727,120.0,0.0,17.847619047619048,0.0,1.0,181.78901479758807,207.17415035064988,0,154.05581542397758,False,shock
7,maize,India,S.Asia,203.443137386772,29.84505881759526,2.154941182404741,32.0,0.0,4.8,0.0,1.0,181.78901479758807,207.17415035064988,0,154.05581542397758,False,shock
7,maize,Thailand,SE.Asia,216.84705660211162,5.848376490580995,-0.8483764905809954,5.0,0.0,0.75,0.0,1.0,181.78901479758807,207.17415035064988,0,154.05581542397758,False,shock
7,maize,Vietnam,SE.Asia,218.61223131380257,7.776653224234369,-3.7766532242343693,4.0,0.0,0.6,0.0,1.0,181.78901479758807,207.17415035064988,0,154.05581542397758,False,shock
7,maize,China,E.Asia,213.74059056119015,288.91978867667336,-12.669788676673363,276.25,0.0,0.0,1.25,1.0,181.78901479758807,207.17415035064988,0,154.05581542397758,False,shock
7,maize,Egypt,MENA,207.24351332647902,15.826155680164504,-8.826155680164504,7.0,0.0,0.0,0.0,1.0,181.78901479758807,207.17415035064988,0,154.05581542397758,False,shock
7,maize,Indonesia,SE.Asia,220.86471536659778,23.24887024680248,-0.24887024680247904,23.0,0.0,0.0,0.0,1.0,181.78901479758807,207.17415035064988,0,154.05581542397758,False,shock
7,maize,Mexico,N.America,190.79226840692556,44.607710285142915,-17.607710285142915,27.0,0.0,0.0,0.0,1.0,181.78901479758807,207.17415035064988,0,154.05581542397758,False,shock
7,maize,Nigeria,Africa,205.27643208187968,12.897109574403345,-0.8971095744033448,12.0,0.0,0.0,0.0,1.0,181.78901479758807,207.17415035064988,0,154.05581542397758,False,shock
7,maize,RestOfWorld,RoW,209.48823245217594,204.0539038235994,-88.5539038235994,115.5,0.0,0.0,0.0,1.0,181.78901479758807,207.17415035064988,0,154.05581542397758,False,shock
8,wheat,USA,N.America,207.06879433669275,31.28793616989922,14.780202414296134,46.06813858419535,0.0,0.0,0.0,1.0,212.42610019160787,237.40846066155234,0,150.51746115732234,False,shock
8,wheat,Russia,FSU,215.4198269733235,46.55610778620044,44.43061774924389,90.98672553544434,0.0,8.898115786363798,0.0,1.0,212.42610019160787,237.40846066155234,0,150.51746115732234,False,shock
8,wheat,EU,Europe,225.49818544327022,122.94021774680758,10.903170138324242,133.84338788513182,0.0,7.078703525199101,0.0,1.0,212.42610019160787,237.40846066155234,0,150.51746115732234,False,shock
8,wheat,Ukraine,FSU,225.6319265065662,9.219312661440904,16.541509856477873,25.76082251791878,0.0,0.6466786454998599,0.0,1.0,212.42610019160787,237.40846066155234,0,150.51746115732234,False,shock
8,wheat,Canada,N.America,208.7035158737363,10.412964841262637,24.727871013232516,35.14083585449515,0.0,0.0,0.0,1.0,212.42610019160787,237.40846066155234,0,150.51746115732234,False,shock
8,wheat,Australia,Oceania,201.1813868662249,8.390548905070201,22.897972610342645,31.288521515412846,0.0,0.273117295075175,0.0,1.0,212.42610019160787,237.40846066155234,0,150.51746115732234,False,shock
8,wheat,Argentina,S.America,207.18562900907986,6.256886225945521,14.544628494197486,20.801514720143008,0.0,0.8222210890723046,0.0,1.0,212.42610019160787,237.40846066155234,0,150.51746115732234,False,shock
8,wheat,Brazil,S.America,222.4840816708522,13.357706938278922,-5.3577069382789215,8.0,0.0,1.2,0.0,1.0,212.42610019160787,237.40846066155234,0,150.51746115732234,False,shock
8,wheat,India,S.Asia,218.90024836935993,108.26547392121721,1.6914793577827965,109.956953279,0.0,16.5,20.612579511,1.0,212.42610019160787,237.40846066155234,0,150.51746115732234,False,shock
8,wheat,Thailand,SE.Asia,223.28273261869413,2.0534345347626117,-2.0534345347626117,0.0,0.0,0.0,0.0,1.0,212.42610019160787,237.40846066155234,0,150.51746115732234,False,shock
8,wheat,Vietnam,SE.Asia,221.96667893154557,2.570083302671136,-2.570083302671136,0.0,0.0,0.0,0.0,1.0,212.42610019160787,237.40846066155234,0,150.51746115732234,False,shock
8,wheat,China,E.Asia,227.52540175805822,148.25881674508156,-3.2588167450815604,145.0,0.0,0.0,37.0,1.0,212.42610019160787,237.40846066155234,0,150.51746115732234,False,shock
8,wheat,Egypt,MENA,239.12733783010313,20.217453243397937,-11.208664180897937,9.0087890625,0.0,0.0,0.0087890625,1.0,212.42610019160787,237.40846066155234,0,150.51746115732234,False,shock
8,wheat,Indonesia,SE.Asia,216.73477697040127,11.365917453325586,-11.365917453325586,0.0,0.0,0.0,0.0,1.0,212.42610019160787,237.40846066155234,0,150.51746115732234,False,shock
8,wheat,Mexico,N.America,219.6162002772346,8.243070397782123,-5.243070397782123,3.0,0.0,0.0,0.0,1.0,212.42610019160787,237.40846066155234,0,150.51746115732234,False,shock
8,wheat,Nigeria,Africa,237.69215941574595,6.073847043505524,-5.973847043505525,0.1,0.0,0.0,0.0,1.0,212.42610019160787,237.40846066155234,0,150.51746115732234,False,shock
8,wheat,RestOfWorld,RoW,242.12563241088915,241.38591103759205,-103.48591103759207,137.89999999999998,0.0,0.0,0.0,1.0,212.42610019160787,237.40846066155234,0,150.51746115732234,False,shock
8,rice,USA,N.America,380.7845428416976,4.038430914316605,2.9615690856833954,7.0,0.0,1.05,0.0,1.0,380.98416100914795,409.1713058255157,0,48.2588542909637,False,shock
8,rice,Russia,FSU,399.9738045453412,1.500019646590994,-0.5000196465909941,1.0,0.0,0.15,0.0,1.0,380.98416100914795,409.1713058255157,0,48.2588542909637,False,shock
8,rice,EU,Europe,411.25544218772905,3.9774891156245418,-1.9774891156245418,2.0,0.0,0.3,0.0,1.0,380.98416100914795,409.1713058255157,0,48.2588542909637,False,shock
8,rice,Ukraine,FSU,406.9699436434782,0.29895450845347826,-0.29895450845347826,0.0,0.0,0.0,0.0,1.0,380.98416100914795,409.1713058255157,0,48.2588542909637,False,shock
8,rice,Canada,N.America,395.03061762454183,0.40099387647509166,-0.40099387647509166,0.0,0.0,0.0,0.0,1.0,380.98416100914795,409.1713058255157,0,48.2588542909637,False,shock
8,rice,Australia,Oceania,399.15527265238995,0.5002111818369025,-0.00021118183690249648,0.5,0.0,0.075,0.0,1.0,380.98416100914795,409.1713058255157,0,48.2588542909637,False,shock
8,rice,Argentina,S.America,377.05621320725635,1.0114718933963718,0.4885281066036282,1.5,0.0,0.22499999999999998,0.0,1.0,380.98416100914795,409.1713058255157,0,48.2588542909637,False,shock
8,rice,Brazil,S.America,393.884484406555,11.033635335763947,-0.03363533576394673,11.0,0.0,0.0,0.0,1.0,380.98416100914795,409.1713058255157,0,48.2588542909637,False,shock
8,rice,India,S.Asia,385.42486440461624,110.80163245774611,19.37151142913035,130.17314388687646,0.0,17.807468243780395,25.0,1.0,380.98416100914795,409.1713058255157,0,48.2588542909637,False,shock
8,rice,Thailand,SE.Asia,378.7273332437678,20.212726667562322,12.787273332437678,33.0,0.0,4.3840787596011035,0.0,1.0,380.98416100914795,409.1713058255157,0,48.2588542909637,False,shock
8,rice,Vietnam,SE.Asia,376.6636290351997,30.350045564472005,12.649954435527995,43.0,0.0,6.008095238095239,0.0,1.0,380.98416100914795,409.1713058255157,0,48.2588542909637,False,shock
8,rice,China,E.Asia,391.9791345433534,212.85021173840454,-0.8502117384045391,212.0,0.0,0.0,82.0,1.0,380.98416100914795,409.1713058255157,0,48.2588542909637,False,shock
8,rice,Egypt,MENA,400.0043486769058,3.999991302646188,8.697353811815134e-06,4.0,0.0,0.0,0.0,1.0,380.98416100914795,409.1713058255157,0,48.2588542909637,False,shock
8,rice,Indonesia,SE.Asia,391.2189026361253,56.24587072618849,-2.2458707261884925,54.0,0.0,0.0,0.0,1.0,380.98416100914795,409.1713058255157,0,48.2588542909637,False,shock
8,rice,Mexico,N.America,394.5866877760946,1.0027066561119526,-0.8027066561119527,0.2,0.0,0.0,0.0,1.0,380.98416100914795,409.1713058255157,0,48.2588542909637,False,shock
8,rice,Nigeria,Africa,410.6133950140928,8.454893071190105,-0.4548930711901047,8.0,0.0,0.0,0.0,1.0,380.98416100914795,409.1713058255157,0,48.2588542909637,False,shock
8,rice,RestOfWorld,RoW,410.97278745156063,55.493859230101464,-40.69385923010145,14.800000000000011,0.0,0.0,0.0,1.0,380.98416100914795,409.1713058255157,0,48.2588542909637,False,shock
8,maize,USA,N.America,179.21380523312402,309.3537876450942,40.6462123549058,350.0,0.0,52.27142857142857,0.0,1.0,182.13051168809997,207.53697916236356,0,154.27920515855493,False,shock
8,maize,Russia,FSU,199.56389783465778,13.008503992224172,1.9914960077758277,15.0,0.0,2.25,0.0,1.0,182.13051168809997,207.53697916236356,0,154.27920515855493,False,shock
8,maize,EU,Europe,205.52958251971464,84.29497822873638,-18.870844378074793,65.42413385066159,0.0,8.298027042281,0.0,1.0,182.13051168809997,207.53697916236356,0,154.27920515855493,False,shock
8,maize,Ukraine,FSU,194.1607845336358,6.052552939197278,23.947447060802723,30.0,0.0,4.423809523809524,0.0,1.0,182.13051168809997,207.53697916236356,0,154.27920515855493,False,shock
8,maize,Canada,N.America,191.51723647057884,15.190862179411976,-1.190862179411976,14.0,0.0,2.1,0.0,1.0,182.13051168809997,207.53697916236356,0,154.27920515855493,False,shock
8,maize,Australia,Oceania,214.66884704620998,0.977996729430685,-0.47799672943068505,0.5,0.0,0.075,0.0,1.0,182.13051168809997,207.53697916236356,0,154.27920515855493,False,shock
8,maize,Argentina,S.America,176.6368016738946,12.420537569869897,42.57946243013011,55.0,0.0,8.144246867897065,0.0,1.0,182.13051168809997,207.53697916236356,0,154.27920515855493,False,shock
8,maize,Brazil,S.America,181.72680429469324,77.05573451684701,42.94426548315299,120.0,0.0,17.847619047619048,0.0,1.0,182.13051168809997,207.53697916236356,0,154.27920515855493,False,shock
8,maize,India,S.Asia,203.7847100653084,29.829688047061122,2.170311952938878,32.0,0.0,4.8,0.0,1.0,182.13051168809997,207.53697916236356,0,154.27920515855493,False,shock
8,maize,Thailand,SE.Asia,217.18862916531015,5.845302337512209,-0.8453023375122086,5.0,0.0,0.75,0.0,1.0,182.13051168809997,207.53697916236356,0,154.27920515855493,False,shock
8,maize,Vietnam,SE.Asia,218.9538039138017,7.77255435303438,-3.77255435303438,4.0,0.0,0.6,0.0,1.0,182.13051168809997,207.53697916236356,0,154.27920515855493,False,shock
8,maize,China,E.Asia,214.08216321957738,288.768642775337,-13.143642775337014,275.625,0.0,0.0,0.625,1.0,182.13051168809997,207.53697916236356,0,154.27920515855493,False,shock
8,maize,Egypt,MENA,207.58508595708773,15.817957937029895,-8.817957937029895,7.0,0.0,0.0,0.0,1.0,182.13051168809997,207.53697916236356,0,154.27920515855493,False,shock
8,maize,Indonesia,SE.Asia,221.20628685326122,23.236573673282596,-0.23657367328259582,23.0,0.0,0.0,0.0,1.0,182.13051168809997,207.53697916236356,0,154.27920515855493,False,shock
8,maize,Mexico,N.America,191.13384106034007,44.585166490017556,-17.585166490017556,27.0,0.0,0.0,0.0,1.0,182.13051168809997,207.53697916236356,0,154.27920515855493,False,shock
8,maize,Nigeria,Africa,205.6180045636431,12.890448911008958,-0.8904489110089582,12.0,0.0,0.0,0.0,1.0,182.13051168809997,207.53697916236356,0,154.27920515855493,False,shock
8,maize,RestOfWorld,RoW,209.8298050706403,203.9478455255662,-88.44784552556621,115.5,0.0,0.0,0.0,1.0,182.13051168809997,207.53697916236356,0,154.27920515855493,False,shock
9,wheat,USA,N.America,221.35461666208113,30.859361500137567,13.753186626316868,44.612548126454435,0.0,0.38745187354556804,0.0,1.0,226.75616324495573,251.7833216211676,0,144.13609841557584,False,shock
9,wheat,Russia,FSU,229.7056492546092,45.913245783542585,44.086754216457415,90.0,0.0,8.898115786363798,0.0,1.0,226.75616324495573,251.7833216211676,0,144.13609841557584,False,shock
9,wheat,EU,Europe,239.78400778962683,121.22591906524478,8.774080934755219,130.0,0.0,7.078703525199101,0.0,1.0,226.75616324495573,251.7833216211676,0,144.13609841557584,False,shock
9,wheat,Ukraine,FSU,239.91774875289846,9.090740261223914,15.909259738776086,25.0,0.0,0.6466786454998599,0.0,1.0,226.75616324495573,251.7833216211676,0,144.13609841557584,False,shock
9,wheat,Canada,N.America,222.98933811661126,10.270106618833887,23.55722040312373,33.827327021957615,0.0,0.1726729780423824,0.0,1.0,226.75616324495573,251.7833216211676,0,144.13609841557584,False,shock
9,wheat,Australia,Oceania,215.46720916680061,8.276262326665595,21.157048413946185,29.43331074061178,0.0,0.8398065544633931,0.0,1.0,226.75616324495573,251.7833216211676,0,144.13609841557584,False,shock
9,wheat,Argentina,S.America,221.47145144517137,6.171171291328972,13.702738039861217,19.873909331190188,0.0,0.9483117578821179,0.0,1.0,226.75616324495573,251.7833216211676,0,144.13609841557584,False,shock
9,wheat,Brazil,S.America,236.76990407649748,13.171991247005533,-5.171991247005533,8.0,0.0,1.2,0.0,1.0,226.75616324495573,251.7833216211676,0,144.13609841557584,False,shock
9,wheat,India,S.Asia,233.1860705035796,106.76546259712414,3.1957953539758535,109.9612579511,0.0,16.5,20.6513215599,1.0,226.75616324495573,251.7833216211676,0,144.13609841557584,False,shock
9,wheat,Thailand,SE.Asia,237.5685544904198,2.0248628910191604,-2.0248628910191604,0.0,0.0,0.0,0.0,1.0,226.75616324495573,251.7833216211676,0,144.13609841557584,False,shock
9,wheat,Vietnam,SE.Asia,236.25250091128365,2.534368747721791,-2.534368747721791,0.0,0.0,0.0,0.0,1.0,226.75616324495573,251.7833216211676,0,144.13609841557584,False,shock
9,wheat,China,E.Asia,241.81122317392345,146.1873726397811,-1.1873726397811026,145.0,0.0,0.0,30.0,1.0,226.75616324495573,251.7833216211676,0,144.13609841557584,False,shock
9,wheat,Egypt,MENA,253.4131600769493,19.931736798461014,-10.927342267211014,9.00439453125,0.0,0.0,0.00439453125,1.0,226.75616324495573,251.7833216211676,0,144.13609841557584,False,shock
9,wheat,Indonesia,SE.Asia,231.02059926978833,11.208773408032329,-11.208773408032329,0.0,0.0,0.0,0.0,1.0,226.75616324495573,251.7833216211676,0,144.13609841557584,False,shock
9,wheat,Mexico,N.America,233.90202247906444,8.128783820167484,-5.1287838201674845,3.0,0.0,0.0,0.0,1.0,226.75616324495573,251.7833216211676,0,144.13609841557584,False,shock
9,wheat,Nigeria,Africa,251.97798178303069,5.988132109301816,-5.888132109301816,0.1,0.0,0.0,0.0,1.0,226.75616324495573,251.7833216211676,0,144.13609841557584,False,shock
9,wheat,RestOfWorld,RoW,256.41145470992825,237.96445659697218,-100.0644565969722,137.89999999999998,0.0,0.0,0.0,1.0,226.75616324495573,251.7833216211676,0,144.13609841557584,False,shock
9,rice,USA,N.America,380.7946458357083,4.038410708328583,2.961589291671417,7.0,0.0,1.05,0.0,1.0,380.99396825809134,409.1817842990844,0,48.25719891446995,False,shock
9,rice,Russia,FSU,399.9839079827929,1.5000120690129053,-0.5000120690129053,1.0,0.0,0.15,0.0,1.0,380.99396825809134,409.1817842990844,0,48.25719891446995,False,shock
9,rice,EU,Europe,411.265544827655,3.97746891034469,-1.9774689103446899,2.0,0.0,0.3,0.0,1.0,380.99396825809134,409.1817842990844,0,48.25719891446995,False,shock
9,rice,Ukraine,FSU,406.9800447220336,0.29895299329169495,-0.29895299329169495,0.0,0.0,0.0,0.0,1.0,380.99396825809134,409.1817842990844,0,48.25719891446995,False,shock
9,rice,Canada,N.America,395.0407182347695,0.4009918563530461,-0.4009918563530461,0.0,0.0,0.0,0.0,1.0,380.99396825809134,409.1817842990844,0,48.25719891446995,False,shock
9,rice,Australia,Oceania,399.1075454441568,0.5002231136389608,-0.0002231136389607702,0.5,0.0,0.075,0.0,1.0,380.99396825809134,409.1817842990844,0,48.25719891446995,False,shock
9,rice,Argentina,S.America,377.05620494193283,1.0114718975290335,0.48852810247096645,1.5,0.0,0.22499999999999998,0.0,1.0,380.99396825809134,409.1817842990844,0,48.25719891446995,False,shock
9,rice,Brazil,S.America,393.8844618009825,11.033635460094596,-0.033635460094595615,11.0,0.0,0.0,0.0,1.0,380.99396825809134,409.1817842990844,0,48.25719891446995,False,shock
9,rice,India,S.Asia,385.4349692180811,110.80107669300554,19.36957451759156,130.1706512105971,0.0,17.636817033183302,25.0,1.0,380.99396825809134,409.1817842990844,0,48.25719891446995,False,shock
9,rice,Thailand,SE.Asia,378.7374380488725,20.212625619511275,12.787374380488725,33.0,0.0,4.3840787596011035,0.0,1.0,380.99396825809134,409.1817842990844,0,48.25719891446995,False,shock
9,rice,Vietnam,SE.Asia,376.67373387918445,30.349893991812234,12.650106008187766,43.0,0.0,6.008095238095239,0.0,1.0,380.99396825809134,409.1817842990844,0,48.25719891446995,False,shock
9,rice,China,E.Asia,391.98923882692884,212.84914068434554,-0.8491406843455422,212.0,0.0,0.0,80.0,1.0,380.99396825809134,409.1817842990844,0,48.25719891446995,False,shock
9,rice,Egypt,MENA,400.00630182716515,3.9999873963456696,1.2603654330423097e-05,4.0,0.0,0.0,0.0,1.0,380.99396825809134,409.1817842990844,0,48.25719891446995,False,shock
9,rice,Indonesia,SE.Asia,391.22900728575814,56.24558779599877,-2.245587795998773,54.0,0.0,0.0,0.0,1.0,380.99396825809134,409.1817842990844,0,48.25719891446995,False,shock
9,rice,Mexico,N.America,394.5967897748157,1.002701605112592,-0.8027016051125921,0.2,0.0,0.0,0.0,1.0,380.99396825809134,409.1817842990844,0,48.25719891446995,False,shock
9,rice,Nigeria,Africa,410.6133858609695,8.454893110090879,-0.45489311009087885,8.0,0.0,0.0,0.0,1.0,380.99396825809134,409.1817842990844,0,48.25719891446995,False,shock
9,rice,RestOfWorld,RoW,410.9828922657269,55.493577305786225,-40.693577305786214,14.800000000000011,0.0,0.0,0.0,1.0,380.99396825809134,409.1817842990844,0,48.25719891446995,False,shock
9,maize,USA,N.America,179.38459268365668,309.2769332923545,40.7230667076455,350.0,0.0,52.27142857142857,0.0,1.0,182.30126125963008,207.71837150821455,0,154.39090549883628,False,shock
9,maize,Russia,FSU,199.7346854624816,13.005173633481608,1.9948263665183923,15.0,0.0,2.25,0.0,1.0,182.30126125963008,207.71837150821455,0,154.39090549883628,False,shock
9,maize,EU,Europe,205.70036992878445,84.27320283407998,-18.831177083047308,65.44202575103267,0.0,7.856001291248326,0.0,1.0,182.30126125963008,207.71837150821455,0,154.39090549883628,False,shock
9,maize,Ukraine,FSU,194.33157188173698,6.051015853064367,23.948984146935633,30.0,0.0,4.423809523809524,0.0,1.0,182.30126125963008,207.71837150821455,0,154.39090549883628,False,shock
9,maize,Canada,N.America,191.6880234980813,15.187019471293171,-1.187019471293171,14.0,0.0,2.1,0.0,1.0,182.30126125963008,207.71837150821455,0,154.39090549883628,False,shock
9,maize,Australia,Oceania,214.83963275924233,0.9777405508611365,-0.47774055086113654,0.5,0.0,0.075,0.0,1.0,182.30126125963008,207.71837150821455,0,154.39090549883628,False,shock
9,maize,Argentina,S.America,176.8075889632354,12.417463398661763,42.582536601338234,55.0,0.0,8.144246867897065,0.0,1.0,182.30126125963008,207.71837150821455,0,154.39090549883628,False,shock
9,maize,Brazil,S.America,181.89759161368102,77.03652094346089,42.963479056539114,120.0,0.0,17.847619047619048,0.0,1.0,182.30126125963008,207.71837150821455,0,154.39090549883628,False,shock
9,maize,India,S.Asia,203.95549763005954,29.82200260664732,2.1779973933526797,32.0,0.0,4.8,0.0,1.0,182.30126125963008,207.71837150821455,0,154.39090549883628,False,shock
9,maize,Thailand,SE.Asia,217.35941597086602,5.8437652562622056,-0.8437652562622056,5.0,0.0,0.75,0.0,1.0,182.30126125963008,207.71837150821455,0,154.39090549883628,False,shock
9,maize,Vietnam,SE.Asia,219.12459108321823,7.770504907001381,-3.7705049070013814,4.0,0.0,0.6,0.0,1.0,182.30126125963008,207.71837150821455,0,154.39090549883628,False,shock
9,maize,China,E.Asia,214.25295065697654,288.6930693342879,-13.380569334287884,275.3125,0.0,0.0,0.3125,1.0,182.30126125963008,207.71837150821455,0,154.39090549883628,False,shock
9,maize,Egypt,MENA,207.755873329585,15.81385904008996,-8.81385904008996,7.0,0.0,0.0,0.0,1.0,182.30126125963008,207.71837150821455,0,154.39090549883628,False,shock
9,maize,Indonesia,SE.Asia,221.37706985440116,23.230425485241557,-0.23042548524155748,23.0,0.0,0.0,0.0,1.0,182.30126125963008,207.71837150821455,0,154.39090549883628,False,shock
9,maize,Mexico,N.America,191.30462850109083,44.57389451892801,-17.573894518928007,27.0,0.0,0.0,0.0,1.0,182.30126125963008,207.71837150821455,0,154.39090549883628,False,shock
9,maize,Nigeria,Africa,205.78879128268395,12.887118569987662,-0.8871185699876616,12.0,0.0,0.0,0.0,1.0,182.30126125963008,207.71837150821455,0,154.39090549883628,False,shock
9,maize,RestOfWorld,RoW,210.00059241439837,203.89481605532933,-88.39481605532933,115.5,0.0,0.0,0.0,1.0,182.30126125963008,207.71837150821455,0,154.39090549883628,False,shock
10,wheat,USA,N.America,219.74617849339106,30.90761464519827,14.092385354801731,45.0,0.0,0.38745187354556804,0.0,1.0,225.05612444165922,250.16449720041905,0,144.8572644885206,False,shock
10,wheat,Russia,FSU,228.09721111002054,45.985625500049075,44.014374499950925,90.0,0.0,8.898115786363798,0.0,1.0,225.05612444165922,250.16449720041905,0,144.8572644885206,False,shock
10,wheat,EU,Europe,238.1755696221949,121.41893164533661,8.581068354663387,130.0,0.0,7.078703525199101,0.0,1.0,225.05612444165922,250.16449720041905,0,144.8572644885206,False,shock
10,wheat,Ukraine,FSU,238.3093106290804,9.105216204338276,15.894783795661724,25.0,0.0,0.6466786454998599,0.0,1.0,225.05612444165922,250.16449720041905,0,144.8572644885206,False,shock
10,wheat,Canada,N.America,221.38089999456608,10.28619100005434,23.713808999945662,34.0,0.0,0.1726729780423824,0.0,1.0,225.05612444165922,250.16449720041905,0,144.8572644885206,False,shock
10,wheat,Australia,Oceania,213.8587709707016,8.289129832234387,21.710870167765613,30.0,0.0,0.8398065544633931,0.0,1.0,225.05612444165922,250.16449720041905,0,144.8572644885206,False,shock
10,wheat,Argentina,S.America,219.86301323117422,6.180821920612955,13.819178079387045,20.0,0.0,0.9483117578821179,0.0,1.0,225.05612444165922,250.16449720041905,0,144.8572644885206,False,shock
10,wheat,Brazil,S.America,235.16146587801924,13.19290094358575,-5.19290094358575,8.0,0.0,1.2,0.0,1.0,225.05612444165922,250.16449720041905,0,144.8572644885206,False,shock
10,wheat,India,S.Asia,231.57763229156373,106.93434860938581,3.030783546604198,109.96513215599,0.0,16.5,20.68618940391,1.0,225.05612444165922,250.16449720041905,0,144.8572644885206,False,shock
10,wheat,Thailand,SE.Asia,235.96011653956884,2.0280797669208623,-2.0280797669208623,0.0,0.0,0.0,0.0,1.0,225.05612444165922,250.16449720041905,0,144.8572644885206,False,shock
10,wheat,Vietnam,SE.Asia,234.64406289939603,2.53838984275151,-2.53838984275151,0.0,0.0,0.0,0.0,1.0,225.05612444165922,250.16449720041905,0,144.8572644885206,False,shock
10,wheat,China,E.Asia,240.20278535468148,146.4205961235712,-1.4205961235711868,145.0,0.0,0.0,23.0,1.0,225.05612444165922,250.16449720041905,0,144.8572644885206,False,shock
10,wheat,Egypt,MENA,251.8047219498568,19.963905561002864,-10.961708295377864,9.002197265625,0.0,0.0,0.002197265625,1.0,225.05612444165922,250.16449720041905,0,144.8572644885206,False,shock
10,wheat,Indonesia,SE.Asia,229.41216107405396,11.226466228185407,-11.226466228185407,0.0,0.0,0.0,0.0,1.0,225.05612444165922,250.16449720041905,0,144.8572644885206,False,shock
10,wheat,Mexico,N.America,232.29358437959613,8.141651324963231,-5.141651324963231,3.0,0.0,0.0,0.0,1.0,225.05612444165922,250.16449720041905,0,144.8572644885206,False,shock
10,wheat,Nigeria,Africa,250.36954360634473,5.9977827383619315,-5.897782738361932,0.1,0.0,0.0,0.0,1.0,225.05612444165922,250.16449720041905,0,144.8572644885206,False,shock
10,wheat,RestOfWorld,RoW,254.8030165550626,238.3496775350625,-100.44967753506253,137.89999999999998,0.0,0.0,0.0,1.0,225.05612444165922,250.16449720041905,0,144.8572644885206,False,shock
10,rice,USA,N.America,380.7935555976125,4.038412888804775,2.961587111195225,7.0,0.0,1.05,0.0,1.0,380.9929080265393,409.1806544361044,0,48.25736873402329,False,shock
10,rice,Russia,FSU,399.9828176643364,1.5000128867517477,-0.5000128867517477,1.0,0.0,0.15,0.0,1.0,380.9929080265393,409.1806544361044,0,48.25736873402329,False,shock
10,rice,EU,Europe,411.26445475267224,3.9774710904946553,-1.9774710904946553,2.0,0.0,0.3,0.0,1.0,380.9929080265393,409.1806544361044,0,48.25736873402329,False,shock
10,rice,Ukraine,FSU,406.9789557662196,0.29895315663506705,-0.29895315663506705,0.0,0.0,0.0,0.0,1.0,380.9929080265393,409.1806544361044,0,48.25736873402329,False,shock
10,rice,Canada,N.America,395.03962937824815,0.4009920741243504,-0.4009920741243504,0.0,0.0,0.0,0.0,1.0,380.9929080265393,409.1806544361044,0,48.25736873402329,False,shock
10,rice,Australia,Oceania,399.13897654886864,0.5002152558627828,-0.00021525586278281494,0.5,0.0,0.075,0.0,1.0,380.9929080265393,409.1806544361044,0,48.25736873402329,False,shock
10,rice,Argentina,S.America,377.05620967932197,1.011471895160339,0.488528104839661,1.5,0.0,0.22499999999999998,0.0,1.0,380.9929080265393,409.1806544361044,0,48.25736873402329,False,shock
10,rice,Brazil,S.America,393.8844752464131,11.033635386144727,-0.033635386144727164,11.0,0.0,0.0,0.0,1.0,380.9929080265393,409.1806544361044,0,48.25736873402329,False,shock
10,rice,India,S.Asia,385.43387803786175,110.8011367079176,19.369779152555935,130.17091586047354,0.0,17.465901172709746,25.0,1.0,380.9929080265393,409.1806544361044,0,48.25736873402329,False,shock
10,rice,Thailand,SE.Asia,378.7363468747813,20.212636531252187,12.787363468747813,33.0,0.0,4.3840787596011035,0.0,1.0,380.9929080265393,409.1806544361044,0,48.25736873402329,False,shock
10,rice,Vietnam,SE.Asia,376.6726426846245,30.349910359730632,12.650089640269368,43.0,0.0,6.008095238095239,0.0,1.0,380.9929080265393,409.1806544361044,0,48.25736873402329,False,shock
10,rice,China,E.Asia,391.9881479674883,212.84925631544624,-0.8492563154462403,212.0,0.0,0.0,78.0,1.0,380.9929080265393,409.1806544361044,0,48.25736873402329,False,shock
10,rice,Egypt,MENA,400.00501013777233,3.999989979724455,1.0020275544864177e-05,4.0,0.0,0.0,0.0,1.0,380.9929080265393,409.1806544361044,0,48.25736873402329,False,shock
10,rice,Indonesia,SE.Asia,391.2279162036045,56.245618346299075,-2.245618346299075,54.0,0.0,0.0,0.0,1.0,380.9929080265393,409.1806544361044,0,48.25736873402329,False,shock
10,rice,Mexico,N.America,394.5957001189755,1.0027021499405122,-0.8027021499405123,0.2,0.0,0.0,0.0,1.0,380.9929080265393,409.1806544361044,0,48.25736873402329,False,shock
10,rice,Nigeria,Africa,410.613391414541,8.4548930864882,-0.4548930864881999,8.0,0.0,0.0,0.0,1.0,380.9929080265393,409.1806544361044,0,48.25736873402329,False,shock
10,rice,RestOfWorld,RoW,410.98180108598206,55.493607749701106,-40.693607749701094,14.800000000000011,0.0,0.0,0.0,1.0,380.9929080265393,409.1806544361044,0,48.25736873402329,False,shock
10,maize,USA,N.America,179.4699862286398,309.2385061971121,40.76149380288791,350.0,0.0,52.27142857142857,0.0,1.0,182.3866359780848,207.80906184320284,0,154.44674977576673,False,shock
10,maize,Russia,FSU,199.82007890341217,13.003508461383461,1.9964915386165387,15.0,0.0,2.25,0.0,1.0,182.3866359780848,207.80906184320284,0,154.44674977576673,False,shock
10,maize,EU,Europe,205.78576349385892,84.26231515453298,-18.811343396358552,65.45097175817443,0.0,7.405029533073899,0.0,1.0,182.3866359780848,207.80906184320284,0,154.44674977576673,False,shock
10,maize,Ukraine,FSU,194.4169654808351,6.050247310672484,23.949752689327518,30.0,0.0,4.423809523809524,0.0,1.0,182.3866359780848,207.80906184320284,0,154.44674977576673,False,shock
10,maize,Canada,N.America,191.77341728654952,15.185098111052636,-1.1850981110526355,14.0,0.0,2.1,0.0,1.0,182.3866359780848,207.80906184320284,0,154.44674977576673,False,shock
10,maize,Australia,Oceania,214.92502734690817,0.9776124589796378,-0.4776124589796378,0.5,0.0,0.075,0.0,1.0,182.3866359780848,207.80906184320284,0,154.44674977576673,False,shock
10,maize,Argentina,S.America,176.8929825900216,12.415926313379611,42.584073686620386,55.0,0.0,8.144246867897065,0.0,1.0,182.3866359780848,207.80906184320284,0,154.44674977576673,False,shock
10,maize,Brazil,S.America,181.98298522441988,77.02691416225277,42.973085837747234,120.0,0.0,17.847619047619048,0.0,1.0,182.3866359780848,207.80906184320284,0,154.44674977576673,False,shock
10,maize,India,S.Asia,204.04089111830896,29.818159899676097,2.181840100323903,32.0,0.0,4.8,0.0,1.0,182.3866359780848,207.80906184320284,0,154.44674977576673,False,shock
10,maize,Thailand,SE.Asia,217.444809972903,5.842996710243873,-0.8429967102438729,5.0,0.0,0.75,0.0,1.0,182.3866359780848,207.80906184320284,0,154.44674977576673,False,shock
10,maize,Vietnam,SE.Asia,219.20998480882136,7.769480182294144,-3.769480182294144,4.0,0.0,0.6,0.0,1.0,182.3866359780848,207.80906184320284,0,154.44674977576673,False,shock
10,maize,China,E.Asia,214.3383442121308,288.6552826861321,-13.499032686132125,275.15625,0.0,0.0,0.15625,1.0,182.3866359780848,207.80906184320284,0,154.44674977576673,False,shock
10,maize,Egypt,MENA,207.84126691447497,15.811809594052601,-8.811809594052601,7.0,0.0,0.0,0.0,1.0,182.3866359780848,207.80906184320284,0,154.44674977576673,False,shock
10,maize,Indonesia,SE.Asia,221.46246554053346,23.227351240540795,-0.22735124054079492,23.0,0.0,0.0,0.0,1.0,182.3866359780848,207.80906184320284,0,154.44674977576673,False,shock
10,maize,Mexico,N.America,191.39002205181276,44.56825854458036,-17.56825854458036,27.0,0.0,0.0,0.0,1.0,182.3866359780848,207.80906184320284,0,154.44674977576673,False,shock
10,maize,Nigeria,Africa,205.8741852476347,12.885453387671122,-0.8854533876711219,12.0,0.0,0.0,0.0,1.0,182.3866359780848,207.80906184320284,0,154.44674977576673,False,shock
10,maize,RestOfWorld,RoW,210.08598601089443,203.8683013436173,-88.3683013436173,115.5,0.0,0.0,0.0,1.0,182.3866359780848,207.80906184320284,0,154.44674977576673,False,shock
11,wheat,USA,N.America,219.74311676142028,30.907706497157392,14.092293502842608,45.0,0.0,0.38745187354556804,0.0,1.0,225.0531732168703,250.1614281881495,0,144.85973181835132,False,shock
11,wheat,Russia,FSU,228.0941493774716,45.98576327801378,44.01423672198622,90.0,0.0,8.898115786363798,0.0,1.0,225.0531732168703,250.1614281881495,0,144.85973181835132,False,shock
11,wheat,EU,Europe,238.17250789053998,121.4192990531352,8.580700946864795,130.0,0.0,7.078703525199101,0.0,1.0,225.0531732168703,250.1614281881495,0,144.85973181835132,False,shock
11,wheat,Ukraine,FSU,238.30624889581802,9.105243759937638,15.894756240062362,25.0,0.0,0.6466786454998599,0.0,1.0,225.0531732168703,250.1614281881495,0,144.85973181835132,False,shock
11,wheat,Canada,N.America,221.37783826121904,10.28622161738781,23.71377838261219,34.0,0.0,0.1726729780423824,0.0,1.0,225.0531732168703,250.1614281881495,0,144.85973181835132,False,shock
11,wheat,Australia,Oceania,213.8557092389406,8.289154326088475,21.710845673911525,30.0,0.0,0.8398065544633931,0.0,1.0,225.0531732168703,250.1614281881495,0,144.85973181835132,False,shock
11,wheat,Argentina,S.America,219.8599515005187,6.180840290996888,13.819159709003113,20.0,0.0,0.9483117578821179,0.0,1.0,225.0531732168703,250.1614281881495,0,144.85973181835132,False,shock
11,wheat,Brazil,S.America,235.15840414684104,13.192940746091066,-5.192940746091066,8.0,0.0,1.2,0.0,1.0,225.0531732168703,250.1614281881495,0,144.85973181835132,False,shock
11,wheat,India,S.Asia,231.57457056163895,106.93467009102791,3.0339488493630853,109.968618940391,0.0,16.5,20.717570463519,1.0,225.0531732168703,250.1614281881495,0,144.85973181835132,False,shock
11,wheat,Thailand,SE.Asia,235.95705479950757,2.028085890400985,-2.028085890400985,0.0,0.0,0.0,0.0,1.0,225.0531732168703,250.1614281881495,0,144.85973181835132,False,shock
11,wheat,Vietnam,SE.Asia,234.6410011613484,2.538397497096629,-2.538397497096629,0.0,0.0,0.0,0.0,1.0,225.0531732168703,250.1614281881495,0,144.85973181835132,False,shock
11,wheat,China,E.Asia,240.1997236176181,146.42104007544538,-1.4210400754453758,145.0,0.0,0.0,16.0,1.0,225.0531732168703,250.1614281881495,0,144.85973181835132,False,shock
11,wheat,Egypt,MENA,251.80166021680782,19.963966795663843,-10.962868162851343,9.0010986328125,0.0,0.0,0.0010986328125,1.0,225.0531732168703,250.1614281881495,0,144.85973181835132,False,shock
11,wheat,Indonesia,SE.Asia,229.40909934225851,11.226499907235157,-11.226499907235157,0.0,0.0,0.0,0.0,1.0,225.0531732168703,250.1614281881495,0,144.85973181835132,False,shock
11,wheat,Mexico,N.America,232.2905226452836,8.141675818837731,-5.141675818837731,3.0,0.0,0.0,0.0,1.0,225.0531732168703,250.1614281881495,0,144.85973181835132,False,shock
11,wheat,Nigeria,Africa,250.36648187450348,5.997801108752979,-5.897801108752979,0.1,0.0,0.0,0.0,1.0,225.0531732168703,250.1614281881495,0,144.85973181835132,False,shock
11,wheat,RestOfWorld,RoW,254.79995482281896,238.35041081993487,-100.45041081993489,137.89999999999998,0.0,0.0,0.0,1.0,225.0531732168703,250.1614281881495,0,144.85973181835132,False,shock
11,rice,USA,N.America,380.793671868247,4.038412656263506,2.961587343736494,7.0,0.0,1.05,0.0,1.0,380.99302093738174,409.18077499832526,0,48.25734989312119,False,shock
11,rice,Russia,FSU,399.98293393889315,1.5000127995458301,-0.5000127995458301,1.0,0.0,0.15,0.0,1.0,380.99302093738174,409.18077499832526,0,48.25734989312119,False,shock
11,rice,EU,Europe,411.26457101903725,3.9774708579619253,-1.9774708579619253,2.0,0.0,0.3,0.0,1.0,380.99302093738174,409.18077499832526,0,48.25734989312119,False,shock
11,rice,Ukraine,FSU,406.97907200323846,0.2989531391995142,-0.2989531391995142,0.0,0.0,0.0,0.0,1.0,380.99302093738174,409.18077499832526,0,48.25734989312119,False,shock
11,rice,Canada,N.America,395.0397456012413,0.40099205087975176,-0.40099205087975176,0.0,0.0,0.0,0.0,1.0,380.99302093738174,409.18077499832526,0,48.25734989312119,False,shock
11,rice,Australia,Oceania,399.13774563216055,0.5002155635919598,-0.0002155635919598442,0.5,0.0,0.075,0.0,1.0,380.99302093738174,409.18077499832526,0,48.25734989312119,False,shock
11,rice,Argentina,S.America,377.0562095268346,1.0114718952365827,0.48852810476341735,1.5,0.0,0.22499999999999998,0.0,1.0,380.99302093738174,409.18077499832526,0,48.25734989312119,False,shock
11,rice,Brazil,S.America,393.88447479493067,11.03363538862788,-0.0336353886278804,11.0,0.0,0.0,0.0,1.0,380.99302093738174,409.18077499832526,0,48.25734989312119,False,shock
11,rice,India,S.Asia,385.43399434059637,110.8011303112672,19.369756970676804,130.170887281944,0.0,17.29501389076575,25.0,1.0,380.99302093738174,409.18077499832526,0,48.25734989312119,False,shock
11,rice,Thailand,SE.Asia,378.73646317727105,20.21263536822729,12.78736463177271,33.0,0.0,4.3840787596011035,0.0,1.0,380.99302093738174,409.18077499832526,0,48.25734989312119,False,shock
11,rice,Vietnam,SE.Asia,376.67275898782344,30.34990861518265,12.650091384817351,43.0,0.0,6.008095238095239,0.0,1.0,380.99302093738174,409.18077499832526,0,48.25734989312119,False,shock
11,rice,China,E.Asia,391.98826425916684,212.84924398852831,-0.8492439885283147,212.0,0.0,0.0,76.0,1.0,380.99302093738174,409.18077499832526,0,48.25734989312119,False,shock
11,rice,Egypt,MENA,400.00506319311734,3.999989873613765,1.0126386234876605e-05,4.0,0.0,0.0,0.0,1.0,380.99302093738174,409.18077499832526,0,48.25734989312119,False,shock
11,rice,Indonesia,SE.Asia,391.22803250297795,56.24561508991662,-2.245615089916619,54.0,0.0,0.0,0.0,1.0,380.99302093738174,409.18077499832526,0,48.25734989312119,False,shock
11,rice,Mexico,N.America,394.5958163696952,1.0027020918151524,-0.8027020918151524,0.2,0.0,0.0,0.0,1.0,380.99302093738174,409.18077499832526,0,48.25734989312119,False,shock
11,rice,Nigeria,Africa,410.61339123884596,8.454893087234904,-0.45489308723490396,8.0,0.0,0.0,0.0,1.0,380.99302093738174,409.18077499832526,0,48.25734989312119,False,shock
11,rice,RestOfWorld,RoW,410.98191738866706,55.493604504856194,-40.69360450485618,14.800000000000011,0.0,0.0,0.0,1.0,380.99302093738174,409.18077499832526,0,48.25734989312119,False,shock
11,maize,USA,N.America,179.51268304673377,309.2192926289698,40.78070737103019,350.0,0.0,52.27142857142857,0.0,1.0,182.42932336133896,207.85440559265646,0,154.4746735989724,False,shock
11,maize,Russia,FSU,199.86277572463388,13.002675873369638,1.997324126630362,15.0,0.0,2.25,0.0,1.0,182.42932336133896,207.85440559265646,0,154.4746735989724,False,shock
11,maize,EU,Europe,205.8284603104889,84.25687131041266,-18.801426555972427,65.45544475444024,0.0,6.9495847786336675,0.0,1.0,182.42932336133896,207.85440559265646,0,154.4746735989724,False,shock
11,maize,Ukraine,FSU,194.45966229574108,6.04986303933833,23.95013696066167,30.0,0.0,4.423809523809524,0.0,1.0,182.42932336133896,207.85440559265646,0,154.4746735989724,False,shock
11,maize,Canada,N.America,191.81611409518413,15.184137432858357,-1.184137432858357,14.0,0.0,2.1,0.0,1.0,182.42932336133896,207.85440559265646,0,154.4746735989724,False,shock
11,maize,Australia,Oceania,214.9677241265527,0.977548413810171,-0.477548413810171,0.5,0.0,0.075,0.0,1.0,182.42932336133896,207.85440559265646,0,154.4746735989724,False,shock
11,maize,Argentina,S.America,176.9356794024092,12.415157770756634,42.584842229243364,55.0,0.0,8.144246867897065,0.0,1.0,182.42932336133896,207.85440559265646,0,154.4746735989724,False,shock
11,maize,Brazil,S.America,182.02568203744136,77.02211077078785,42.97788922921215,120.0,0.0,17.847619047619048,0.0,1.0,182.42932336133896,207.85440559265646,0,154.4746735989724,False,shock
11,maize,India,S.Asia,204.08358793591069,29.81623854288402,2.183761457115981,32.0,0.0,4.8,0.0,1.0,182.42932336133896,207.85440559265646,0,154.4746735989724,False,shock
11,maize,Thailand,SE.Asia,217.4875067747557,5.8426124390271985,-0.8426124390271985,5.0,0.0,0.75,0.0,1.0,182.42932336133896,207.85440559265646,0,154.4746735989724,False,shock
11,maize,Vietnam,SE.Asia,219.25268161969868,7.768967820563616,-3.768967820563616,4.0,0.0,0.6,0.0,1.0,182.42932336133896,207.85440559265646,0,154.4746735989724,False,shock
11,maize,China,E.Asia,214.38104102974427,288.63638934433817,-13.55826434433817,275.078125,0.0,0.0,0.078125,1.0,182.42932336133896,207.85440559265646,0,154.4746735989724,False,shock
11,maize,Egypt,MENA,207.88396372980037,15.810784870484792,-8.810784870484792,7.0,0.0,0.0,0.0,1.0,182.42932336133896,207.85440559265646,0,154.4746735989724,False,shock
11,maize,Indonesia,SE.Asia,221.50516224629493,23.22581415913338,-0.22581415913338176,23.0,0.0,0.0,0.0,1.0,182.42932336133896,207.85440559265646,0,154.4746735989724,False,shock
11,maize,Mexico,N.America,191.43271886966724,44.56544055460196,-17.565440554601963,27.0,0.0,0.0,0.0,1.0,182.42932336133896,207.85440559265646,0,154.4746735989724,False,shock
11,maize,Nigeria,Africa,205.91688204742763,12.88462080007516,-0.8846208000751599,12.0,0.0,0.0,0.0,1.0,182.42932336133896,207.85440559265646,0,154.4746735989724,False,shock
11,maize,RestOfWorld,RoW,210.12868282438538,203.85504398302837,-88.35504398302837,115.5,0.0,0.0,0.0,1.0,182.42932336133896,207.85440559265646,0,154.4746735989724,False,shock
0,wheat,USA,N.America,213.4436092690546,31.096691721928362,14.489022563785927,45.58571428571429,0.0,6.164285714285711,0.0,1.0,218.66586382643737,243.79614177045275,0,145.42671155113766,,counterfactual
0,wheat,Russia,FSU,221.79464188377565,46.269241115230095,44.1212350752461,90.39047619047619,0.0,13.109523809523807,0.0,1.0,218.66586382643737,243.79614177045275,0,145.42671155113766,,counterfactual
0,wheat,EU,Europe,231.87300041475564,122.17523995022933,8.410474335484963,130.5857142857143,0.0,18.91428571428571,0.0,1.0,218.66586382643737,243.79614177045275,0,145.42671155113766,,counterfactual
0,wheat,Ukraine,FSU,232.00674139613812,9.161939327434757,16.033298767803338,25.195238095238096,0.0,3.5547619047619037,0.0,1.0,218.66586382643737,243.79614177045275,0,145.42671155113766,,counterfactual
0,wheat,Canada,N.America,215.0783307580946,10.349216692419054,24.041259498057137,34.39047619047619,0.0,4.709523809523807,0.0,1.0,218.66586382643737,243.79614177045275,0,145.42671155113766,,counterfactual
0,wheat,Australia,Oceania,207.55620180403312,8.339550385567735,22.05092580490846,30.390476190476193,0.0,4.109523809523807,0.0,1.0,218.66586382643737,243.79614177045275,0,145.42671155113766,,counterfactual
0,wheat,Argentina,S.America,213.56044403367432,6.218637335797954,13.976600759440142,20.195238095238096,0.0,2.8047619047619037,0.0,1.0,218.66586382643737,243.79614177045275,0,145.42671155113766,,counterfactual
0,wheat,Brazil,S.America,228.85889668870905,13.274834343046782,-5.274834343046782,8.0,0.0,1.2,0.0,1.0,218.66586382643737,243.79614177045275,0,145.42671155113766,,counterfactual
0,wheat,India,S.Asia,225.2750632812514,107.5961183554686,2.303881644531401,109.9,0.0,16.5,20.1,1.0,218.66586382643737,243.79614177045275,0,145.42671155113766,,counterfactual
0,wheat,Thailand,SE.Asia,229.6575472735629,2.040684905452874,-2.040684905452874,0.0,0.0,0.0,0.0,1.0,218.66586382643737,243.79614177045275,0,145.42671155113766,,counterfactual
0,wheat,Vietnam,SE.Asia,228.34149365874268,2.5541462658531433,-2.5541462658531433,0.0,0.0,0.0,0.0,1.0,218.66586382643737,243.79614177045275,0,145.42671155113766,,counterfactual
0,wheat,China,E.Asia,233.90021649872054,147.33446860768552,-2.3344686076855226,145.0,0.0,0.0,93.0,1.0,218.66586382643737,243.79614177045275,0,145.42671155113766,,counterfactual
0,wheat,Egypt,MENA,245.5021527015905,20.08995694596819,-8.83995694596819,11.25,0.0,0.0,2.25,1.0,218.66586382643737,243.79614177045275,0,145.42671155113766,,counterfactual
0,wheat,Indonesia,SE.Asia,223.10959192159564,11.295794488862448,-11.295794488862448,0.0,0.0,0.0,0.0,1.0,218.66586382643737,243.79614177045275,0,145.42671155113766,,counterfactual
0,wheat,Mexico,N.America,225.99101513885932,8.192071878889125,-5.192071878889125,3.0,0.0,0.0,0.0,1.0,218.66586382643737,243.79614177045275,0,145.42671155113766,,counterfactual
0,wheat,Nigeria,Africa,244.0669744161202,6.035598153503279,-5.935598153503279,0.1,0.0,0.0,0.0,1.0,218.66586382643737,243.79614177045275,0,145.42671155113766,,counterfactual
0,wheat,RestOfWorld,RoW,248.50044734865872,239.85914285999624,-101.95914285999626,137.89999999999998,0.0,0.0,0.0,1.0,218.66586382643737,243.79614177045275,0,145.42671155113766,,counterfactual
0,rice,USA,N.America,373.7256985941588,4.052548602811682,2.947451397188318,7.0,0.0,1.05,0.0,1.0,373.8127322193189,401.75509044030093,0,49.44287645812335,,counterfactual
0,rice,Russia,FSU,392.91496500554257,1.505313776245843,-0.5053137762458431,1.0,0.0,0.15,0.0,1.0,373.8127322193189,401.75509044030093,0,49.44287645812335,,counterfactual
0,rice,EU,Europe,404.1965979348472,3.9916068041303054,-1.9916068041303054,2.0,0.0,0.3,0.0,1.0,373.8127322193189,401.75509044030093,0,49.44287645812335,,counterfactual
0,rice,Ukraine,FSU,399.91110289843186,0.3000133345652352,-0.3000133345652352,0.0,0.0,0.0,0.0,1.0,373.8127322193189,401.75509044030093,0,49.44287645812335,,counterfactual
0,rice,Canada,N.America,387.9717716742289,0.40240564566515424,-0.40240564566515424,0.0,0.0,0.0,0.0,1.0,373.8127322193189,401.75509044030093,0,49.44287645812335,,counterfactual
0,rice,Australia,Oceania,392.4684533542227,0.5018828866614443,-0.0018828866614443163,0.5,0.0,0.075,0.0,1.0,373.8127322193189,401.75509044030093,0,49.44287645812335,,counterfactual
0,rice,Argentina,S.America,365.84640725026895,1.0170767963748655,0.4829232036251345,1.5,0.0,0.22499999999999998,0.0,1.0,373.8127322193189,401.75509044030093,0,49.44287645812335,,counterfactual
0,rice,Brazil,S.America,371.37363689654376,11.157444997069009,0.3949359553119436,11.552380952380952,0.0,1.0976190476190482,0.0,1.0,373.8127322193189,401.75509044030093,0,49.44287645812335,,counterfactual
0,rice,India,S.Asia,378.3660257336767,111.18986858464778,19.362512367733174,130.55238095238096,0.0,18.94761904761905,25.0,1.0,373.8127322193189,401.75509044030093,0,49.44287645812335,,counterfactual
0,rice,Thailand,SE.Asia,371.66849455244096,20.28331505447559,13.26906589790536,33.55238095238095,0.0,4.397619047619048,0.0,1.0,373.8127322193189,401.75509044030093,0,49.44287645812335,,counterfactual
0,rice,Vietnam,SE.Asia,369.6047903991281,30.45592814401308,12.98597661789168,43.44190476190476,0.0,6.008095238095239,0.0,1.0,373.8127322193189,401.75509044030093,0,49.44287645812335,,counterfactual
0,rice,China,E.Asia,384.9202962554738,213.59844859691978,-1.5984485969197806,212.0,0.0,0.0,98.0,1.0,373.8127322193189,401.75509044030093,0,49.44287645812335,,counterfactual
0,rice,Egypt,MENA,399.9477328833252,4.000104534233349,-0.00010453423334944034,4.0,0.0,0.0,0.0,1.0,373.8127322193189,401.75509044030093,0,49.44287645812335,,counterfactual
0,rice,Indonesia,SE.Asia,384.16006392967125,56.443518209969206,-2.4435182099692057,54.0,0.0,0.0,0.0,1.0,373.8127322193189,401.75509044030093,0,49.44287645812335,,counterfactual
0,rice,Mexico,N.America,387.52784284156184,1.006236078579219,-0.8062360785792191,0.2,0.0,0.0,0.0,1.0,373.8127322193189,401.75509044030093,0,49.44287645812335,,counterfactual
0,rice,Nigeria,Africa,399.4035896343374,8.502534744054065,-0.5025347440540653,8.0,0.0,0.0,0.0,1.0,373.8127322193189,401.75509044030093,0,49.44287645812335,,counterfactual
0,rice,RestOfWorld,RoW,403.9139487944936,55.690800828633634,-40.89080082863362,14.800000000000011,0.0,0.0,0.0,1.0,373.8127322193189,401.75509044030093,0,49.44287645812335,,counterfactual
0,maize,USA,N.America,168.73702124116738,314.0683404414747,36.160230987096725,350.2285714285714,0.0,52.27142857142857,0.0,1.0,171.64230681576387,196.4542076971806,0,147.99197850318376,,counterfactual
0,maize,Russia,FSU,188.34550259260098,13.22726269944428,1.77273730055572,15.0,0.0,2.25,0.0,1.0,171.64230681576387,196.4542076971806,0,147.99197850318376,,counterfactual
0,maize,EU,Europe,195.05279858812156,85.6307681800145,-20.478387227633547,65.15238095238095,0.0,9.597619047619048,0.0,1.0,171.64230681576387,196.4542076971806,0,147.99197850318376,,counterfactual
0,maize,Ukraine,FSU,183.68400067171189,6.146843993954593,23.929346482235882,30.076190476190476,0.0,4.423809523809524,0.0,1.0,171.64230681576387,196.4542076971806,0,147.99197850318376,,counterfactual
0,maize,Canada,N.America,181.0404523462966,15.426589822208326,-1.4265898222083262,14.0,0.0,2.1,0.0,1.0,171.64230681576387,196.4542076971806,0,147.99197850318376,,counterfactual
0,maize,Australia,Oceania,204.19206232674753,0.9937119065098787,-0.49371190650987873,0.5,0.0,0.075,0.0,1.0,171.64230681576387,196.4542076971806,0,147.99197850318376,,counterfactual
0,maize,Argentina,S.America,166.16001792518364,12.609119677346694,42.51278508455806,55.12190476190476,0.0,8.128095238095238,0.0,1.0,171.64230681576387,196.4542076971806,0,147.99197850318376,,counterfactual
0,maize,Brazil,S.America,171.25002055987238,78.23437268701436,41.918008265366595,120.15238095238095,0.0,17.847619047619048,0.0,1.0,171.64230681576387,196.4542076971806,0,147.99197850318376,,counterfactual
0,maize,India,S.Asia,193.3079263700855,30.301143313346152,1.6988566866538477,32.0,0.0,4.8,0.0,1.0,171.64230681576387,196.4542076971806,0,147.99197850318376,,counterfactual
0,maize,Thailand,SE.Asia,206.71184531563597,5.939593392159276,-0.9395933921592761,5.0,0.0,0.75,0.0,1.0,171.64230681576387,196.4542076971806,0,147.99197850318376,,counterfactual
0,maize,Vietnam,SE.Asia,208.4770193099899,7.898275768280121,-3.8982757682801212,4.0,0.0,0.6,0.0,1.0,171.64230681576387,196.4542076971806,0,147.99197850318376,,counterfactual
0,maize,China,E.Asia,199.99999813379677,295.0000008257949,-8.257949275503051e-07,295.0,0.0,0.0,80.0,1.0,171.64230681576387,196.4542076971806,0,147.99197850318376,,counterfactual
0,maize,Egypt,MENA,197.1083021289702,16.069400748904716,-9.069400748904716,7.0,0.0,0.0,0.0,1.0,171.64230681576387,196.4542076971806,0,147.99197850318376,,counterfactual
0,maize,Indonesia,SE.Asia,210.72950501387194,23.61373781950061,-0.61373781950061,23.0,0.0,0.0,0.0,1.0,171.64230681576387,196.4542076971806,0,147.99197850318376,,counterfactual
0,maize,Mexico,N.America,180.6570570765384,45.27663423294847,-18.276634232948467,27.0,0.0,0.0,0.0,1.0,171.64230681576387,196.4542076971806,0,147.99197850318376,,counterfactual
0,maize,Nigeria,Africa,195.14122068315004,13.094746196678573,-1.0947461966785728,12.0,0.0,0.0,0.0,1.0,171.64230681576387,196.4542076971806,0,147.99197850318376,,counterfactual
0,maize,RestOfWorld,RoW,199.35302136602817,207.20088686584828,-91.70088686584828,115.5,0.0,0.0,0.0,1.0,171.64230681576387,196.4542076971806,0,147.99197850318376,,counterfactual
1,wheat,USA,N.America,218.67579385216234,30.93972618443513,14.06027381556487,45.0,0.0,6.164285714285711,0.0,1.0,223.9850025792507,249.0744171333235,0,144.21296311793435,,counterfactual
1,wheat,Russia,FSU,227.02682615511188,46.033792823019965,43.966207176980035,90.0,0.0,13.109523809523807,0.0,1.0,223.9850025792507,249.0744171333235,0,144.21296311793435,,counterfactual
1,wheat,EU,Europe,237.10518509065824,121.54737778912101,8.452622210878985,130.0,0.0,18.91428571428571,0.0,1.0,223.9850025792507,249.0744171333235,0,144.21296311793435,,counterfactual
1,wheat,Ukraine,FSU,237.23892548219322,9.114849670660261,15.885150329339739,25.0,0.0,3.5547619047619037,0.0,1.0,223.9850025792507,249.0744171333235,0,144.21296311793435,,counterfactual
1,wheat,Canada,N.America,220.3105148146932,10.296894851853068,23.703105148146932,34.0,0.0,4.709523809523807,0.0,1.0,223.9850025792507,249.0744171333235,0,144.21296311793435,,counterfactual
1,wheat,Australia,Oceania,212.78838660538213,8.297692907156943,21.469536711149555,29.767229618306498,0.0,4.3422941912173085,0.0,1.0,223.9850025792507,249.0744171333235,0,144.21296311793435,,counterfactual
1,wheat,Argentina,S.America,218.79262903350343,6.187244225798979,13.81275577420102,20.0,0.0,2.8047619047619037,0.0,1.0,223.9850025792507,249.0744171333235,0,144.21296311793435,,counterfactual
1,wheat,Brazil,S.America,234.0910814717689,13.206815940867004,-5.2068159408670045,8.0,0.0,1.2,0.0,1.0,223.9850025792507,249.0744171333235,0,144.21296311793435,,counterfactual
1,wheat,India,S.Asia,230.50724885991616,107.0467388697088,2.8632611302911926,109.91,0.0,16.5,20.19,1.0,223.9850025792507,249.0744171333235,0,144.21296311793435,,counterfactual
1,wheat,Thailand,SE.Asia,234.8897289808858,2.0302205420382284,-2.0302205420382284,0.0,0.0,0.0,0.0,1.0,223.9850025792507,249.0744171333235,0,144.21296311793435,,counterfactual
1,wheat,Vietnam,SE.Asia,233.57367612856166,2.541065809678596,-2.541065809678596,0.0,0.0,0.0,0.0,1.0,223.9850025792507,249.0744171333235,0,144.21296311793435,,counterfactual
1,wheat,China,E.Asia,239.13239907507597,146.57580213411399,-1.5758021341139852,145.0,0.0,0.0,86.0,1.0,223.9850025792507,249.0744171333235,0,144.21296311793435,,counterfactual
1,wheat,Egypt,MENA,250.73433659999154,19.98531326800017,-9.86031326800017,10.125,0.0,0.0,1.125,1.0,223.9850025792507,249.0744171333235,0,144.21296311793435,,counterfactual
1,wheat,Indonesia,SE.Asia,228.34177669324666,11.238240456374287,-11.238240456374287,0.0,0.0,0.0,0.0,1.0,223.9850025792507,249.0744171333235,0,144.21296311793435,,counterfactual
1,wheat,Mexico,N.America,231.22319882573694,8.150214409394104,-5.1502144093941045,3.0,0.0,0.0,0.0,1.0,223.9850025792507,249.0744171333235,0,144.21296311793435,,counterfactual
1,wheat,Nigeria,Africa,249.2991588825067,6.00420504670496,-5.90420504670496,0.1,0.0,0.0,0.0,1.0,223.9850025792507,249.0744171333235,0,144.21296311793435,,counterfactual
1,wheat,RestOfWorld,RoW,253.7326317771152,238.60603468938092,-100.70603468938094,137.89999999999998,0.0,0.0,0.0,1.0,223.9850025792507,249.0744171333235,0,144.21296311793435,,counterfactual
1,rice,USA,N.America,381.4832452218293,4.037033509556341,2.962966490443659,7.0,0.0,1.05,0.0,1.0,381.6621986557462,409.8961630602747,0,48.143256410561854,,counterfactual
1,rice,Russia,FSU,400.6725438573613,1.499495592106979,-0.499495592106979,1.0,0.0,0.15,0.0,1.0,381.6621986557462,409.8961630602747,0,48.143256410561854,,counterfactual
1,rice,EU,Europe,411.95414179322864,3.9760917164135425,-1.9760917164135425,2.0,0.0,0.3,0.0,1.0,381.6621986557462,409.8961630602747,0,48.143256410561854,,counterfactual
1,rice,Ukraine,FSU,407.66865190026516,0.2988497022149602,-0.2988497022149602,0.0,0.0,0.0,0.0,1.0,381.6621986557462,409.8961630602747,0,48.143256410561854,,counterfactual
1,rice,Canada,N.America,395.72930098745985,0.40085413980250806,-0.40085413980250806,0.0,0.0,0.0,0.0,1.0,381.6621986557462,409.8961630602747,0,48.143256410561854,,counterfactual
1,rice,Australia,Oceania,399.12820094879464,0.5002179497628013,-0.00021794976280131717,0.5,0.0,0.075,0.0,1.0,381.6621986557462,409.8961630602747,0,48.143256410561854,,counterfactual
1,rice,Argentina,S.America,377.0561444995222,1.0114719277502389,0.48852807224976114,1.5,0.0,0.22499999999999998,0.0,1.0,381.6621986557462,409.8961630602747,0,48.143256410561854,,counterfactual
1,rice,Brazil,S.America,393.88432208041763,11.033636228557702,-0.0336362285577021,11.0,0.0,1.0976190476190482,0.0,1.0,381.6621986557462,409.8961630602747,0,48.143256410561854,,counterfactual
1,rice,India,S.Asia,386.1236149321524,110.76320117873162,19.23679882126838,130.0,0.0,18.94761904761905,25.0,1.0,381.6621986557462,409.8961630602747,0,48.143256410561854,,counterfactual
1,rice,Thailand,SE.Asia,379.4260837243215,20.205739162756785,12.794260837243215,33.0,0.0,4.397619047619048,0.0,1.0,381.6621986557462,409.8961630602747,0,48.143256410561854,,counterfactual
1,rice,Vietnam,SE.Asia,377.36237973876547,30.339564303918518,12.660435696081482,43.0,0.0,6.008095238095239,0.0,1.0,381.6621986557462,409.8961630602747,0,48.143256410561854,,counterfactual
1,rice,China,E.Asia,392.677880151868,212.776144703902,-0.7761447039019913,212.0,0.0,0.0,96.0,1.0,381.6621986557462,409.8961630602747,0,48.143256410561854,,counterfactual
1,rice,Egypt,MENA,400.1103367831751,3.9997793264336496,0.00022067356635036006,4.0,0.0,0.0,0.0,1.0,381.6621986557462,409.8961630602747,0,48.143256410561854,,counterfactual
1,rice,Indonesia,SE.Asia,391.9176517301587,56.22630575155556,-2.2263057515555573,54.0,0.0,0.0,0.0,1.0,381.6621986557462,409.8961630602747,0,48.143256410561854,,counterfactual
1,rice,Mexico,N.America,395.28538220614575,1.002357308896927,-0.8023573088969271,0.2,0.0,0.0,0.0,1.0,381.6621986557462,409.8961630602747,0,48.143256410561854,,counterfactual
1,rice,Nigeria,Africa,410.61331616688494,8.454893406290738,-0.45489340629073816,8.0,0.0,0.0,0.0,1.0,381.6621986557462,409.8961630602747,0,48.143256410561854,,counterfactual
1,rice,RestOfWorld,RoW,411.6715379444735,55.474364091349194,-40.67436409134918,14.800000000000011,0.0,0.0,0.0,1.0,381.6621986557462,409.8961630602747,0,48.143256410561854,,counterfactual
1,maize,USA,N.America,169.31993118029976,313.8060309688651,36.193969031134884,350.0,0.0,52.27142857142857,0.0,1.0,172.22886583844806,197.03534044325602,0,147.77804194811523,,counterfactual
1,maize,Russia,FSU,188.92841106959807,13.215895984142836,1.7841040158571637,15.0,0.0,2.25,0.0,1.0,172.22886583844806,197.03534044325602,0,147.77804194811523,,counterfactual
1,maize,EU,Europe,195.63570841737132,85.55644717678516,-20.556447176785156,65.0,0.0,9.597619047619048,0.0,1.0,172.22886583844806,197.03534044325602,0,147.77804194811523,,counterfactual
1,maize,Ukraine,FSU,184.2669104982558,6.141597805515698,23.858402194484302,30.0,0.0,4.423809523809524,0.0,1.0,172.22886583844806,197.03534044325602,0,147.77804194811523,,counterfactual
1,maize,Canada,N.America,181.62335969532637,15.413474406855157,-1.4134744068551566,14.0,0.0,2.1,0.0,1.0,172.22886583844806,197.03534044325602,0,147.77804194811523,,counterfactual
1,maize,Australia,Oceania,204.77496081309783,0.9928375587803533,-0.4928375587803533,0.5,0.0,0.075,0.0,1.0,172.22886583844806,197.03534044325602,0,147.77804194811523,,counterfactual
1,maize,Argentina,S.America,166.7429277416268,12.598627300650717,42.385221069547455,54.983848370198174,0.0,8.144246867897065,0.0,1.0,172.22886583844806,197.03534044325602,0,147.77804194811523,,counterfactual
1,maize,Brazil,S.America,171.83293065738087,78.16879530104465,41.83120469895535,120.0,0.0,17.847619047619048,0.0,1.0,172.22886583844806,197.03534044325602,0,147.77804194811523,,counterfactual
1,maize,India,S.Asia,193.89083679845527,30.274912344069513,1.725087655930487,32.0,0.0,4.8,0.0,1.0,172.22886583844806,197.03534044325602,0,147.77804194811523,,counterfactual
1,maize,Thailand,SE.Asia,207.29475041918704,5.934347246227317,-0.9343472462273166,5.0,0.0,0.75,0.0,1.0,172.22886583844806,197.03534044325602,0,147.77804194811523,,counterfactual
1,maize,Vietnam,SE.Asia,209.05992527446003,7.89128089670648,-3.89128089670648,4.0,0.0,0.6,0.0,1.0,172.22886583844806,197.03534044325602,0,147.77804194811523,,counterfactual
1,maize,China,E.Asia,199.99999501550246,295.00000220564016,-2.205640157626476e-06,295.0,0.0,0.0,60.0,1.0,172.22886583844806,197.03534044325602,0,147.77804194811523,,counterfactual
1,maize,Egypt,MENA,197.69121209584205,16.05541090969979,-9.055410909699791,7.0,0.0,0.0,0.0,1.0,172.22886583844806,197.03534044325602,0,147.77804194811523,,counterfactual
1,maize,Indonesia,SE.Asia,211.31240816196063,23.592753306169417,-0.592753306169417,23.0,0.0,0.0,0.0,1.0,172.22886583844806,197.03534044325602,0,147.77804194811523,,counterfactual
1,maize,Mexico,N.America,181.23996692302453,45.238162183080384,-18.238162183080384,27.0,0.0,0.0,0.0,1.0,172.22886583844806,197.03534044325602,0,147.77804194811523,,counterfactual
1,maize,Nigeria,Africa,195.72412659381345,13.083379531420636,-1.0833795314206363,12.0,0.0,0.0,0.0,1.0,172.22886583844806,197.03534044325602,0,147.77804194811523,,counterfactual
1,maize,RestOfWorld,RoW,199.93593157956525,207.01989324454502,-91.51989324454502,115.5,0.0,0.0,0.0,1.0,172.22886583844806,197.03534044325602,0,147.77804194811523,,counterfactual
2,wheat,USA,N.America,219.08698667564298,30.92739039973071,14.072609600269288,45.0,0.0,6.164285714285711,0.0,1.0,224.38482864323205,249.49469490529904,0,144.59181895469283,,counterfactual
2,wheat,Russia,FSU,227.43801784931574,46.01528919678079,43.98471080321921,90.0,0.0,13.109523809523807,0.0,1.0,224.38482864323205,249.49469490529904,0,144.59181895469283,,counterfactual
2,wheat,EU,Europe,237.51637838696243,121.49803459356451,8.501965406435488,130.0,0.0,18.91428571428571,0.0,1.0,224.38482864323205,249.49469490529904,0,144.59181895469283,,counterfactual
2,wheat,Ukraine,FSU,237.65011630723225,9.11114895323491,15.88885104676509,25.0,0.0,3.5547619047619037,0.0,1.0,224.38482864323205,249.49469490529904,0,144.59181895469283,,counterfactual
2,wheat,Canada,N.America,220.7217055081813,10.292782944918187,23.707217055081813,34.0,0.0,4.709523809523807,0.0,1.0,224.38482864323205,249.49469490529904,0,144.59181895469283,,counterfactual
2,wheat,Australia,Oceania,213.19957975397097,8.294403361968232,21.705596638031768,30.0,0.0,4.3422941912173085,0.0,1.0,224.38482864323205,249.49469490529904,0,144.59181895469283,,counterfactual
2,wheat,Argentina,S.America,219.20382387435401,6.184777056753876,13.815222943246123,20.0,0.0,2.8047619047619037,0.0,1.0,224.38482864323205,249.49469490529904,0,144.59181895469283,,counterfactual
2,wheat,Brazil,S.America,234.50227574923082,13.20147041526,-5.201470415259999,8.0,0.0,1.2,0.0,1.0,224.38482864323205,249.49469490529904,0,144.59181895469283,,counterfactual
2,wheat,India,S.Asia,230.91844579516277,107.00356319150791,2.915436808492089,109.919,0.0,16.5,20.271,1.0,224.38482864323205,249.49469490529904,0,144.59181895469283,,counterfactual
2,wheat,Thailand,SE.Asia,235.30090954657123,2.0293981809068575,-2.0293981809068575,0.0,0.0,0.0,0.0,1.0,224.38482864323205,249.49469490529904,0,144.59181895469283,,counterfactual
2,wheat,Vietnam,SE.Asia,233.9848598325599,2.5400378504186003,-2.5400378504186003,0.0,0.0,0.0,0.0,1.0,224.38482864323205,249.49469490529904,0,144.59181895469283,,counterfactual
2,wheat,China,E.Asia,239.54358456940238,146.51618023743666,-1.5161802374366573,145.0,0.0,0.0,79.0,1.0,224.38482864323205,249.49469490529904,0,144.59181895469283,,counterfactual
2,wheat,Egypt,MENA,251.1455274815745,19.97708945036851,-10.41458945036851,9.5625,0.0,0.0,0.5625,1.0,224.38482864323205,249.49469490529904,0,144.59181895469283,,counterfactual
2,wheat,Indonesia,SE.Asia,228.7529700533139,11.233717329413548,-11.233717329413548,0.0,0.0,0.0,0.0,1.0,224.38482864323205,249.49469490529904,0,144.59181895469283,,counterfactual
2,wheat,Mexico,N.America,231.6343882608365,8.146924893913308,-5.146924893913308,3.0,0.0,0.0,0.0,1.0,224.38482864323205,249.49469490529904,0,144.59181895469283,,counterfactual
2,wheat,Nigeria,Africa,249.7103521042705,6.001737887374377,-5.901737887374377,0.1,0.0,0.0,0.0,1.0,224.38482864323205,249.49469490529904,0,144.59181895469283,,counterfactual
2,wheat,RestOfWorld,RoW,254.14382439895996,238.5075540564491,-100.60755405644912,137.89999999999998,0.0,0.0,0.0,1.0,224.38482864323205,249.49469490529904,0,144.59181895469283,,counterfactual
2,rice,USA,N.America,379.56300343890837,4.040873993122183,2.959126006877817,7.0,0.0,1.05,0.0,1.0,379.70053718447303,407.8588237991434,0,48.452217532337045,,counterfactual
2,rice,Russia,FSU,398.7523463232633,1.5009357402575525,-0.5009357402575525,1.0,0.0,0.15,0.0,1.0,379.70053718447303,407.8588237991434,0,48.452217532337045,,counterfactual
2,rice,EU,Europe,410.0338925401392,3.9799322149197214,-1.9799322149197214,2.0,0.0,0.3,0.0,1.0,379.70053718447303,407.8588237991434,0,48.452217532337045,,counterfactual
2,rice,Ukraine,FSU,405.74839232145297,0.29913774115178204,-0.29913774115178204,0.0,0.0,0.0,0.0,1.0,379.70053718447303,407.8588237991434,0,48.452217532337045,,counterfactual
2,rice,Canada,N.America,393.80898513018565,0.4012382029739629,-0.4012382029739629,0.0,0.0,0.0,0.0,1.0,379.70053718447303,407.8588237991434,0,48.452217532337045,,counterfactual
2,rice,Australia,Oceania,397.98631481415293,0.5005034212964617,-0.0005034212964617479,0.5,0.0,0.075,0.0,1.0,379.70053718447303,407.8588237991434,0,48.452217532337045,,counterfactual
2,rice,Argentina,S.America,371.3195771564424,1.0143402114217788,0.48565978857822123,1.5,0.0,0.22499999999999998,0.0,1.0,379.70053718447303,407.8588237991434,0,48.452217532337045,,counterfactual
2,rice,Brazil,S.America,377.21115723630044,11.125338635200347,0.2668698002391636,11.39220843543951,0.0,0.7054106121795372,0.0,1.0,379.70053718447303,407.8588237991434,0,48.452217532337045,,counterfactual
2,rice,India,S.Asia,384.2034579810236,110.8688098110437,19.320142008607903,130.1889518196516,0.0,18.758667227967436,25.0,1.0,379.70053718447303,407.8588237991434,0,48.452217532337045,,counterfactual
2,rice,Thailand,SE.Asia,377.50592655083676,20.224940734491632,12.78859955352631,33.01354028801794,0.0,4.3840787596011035,0.0,1.0,379.70053718447303,407.8588237991434,0,48.452217532337045,,counterfactual
2,rice,Vietnam,SE.Asia,375.44222348224946,30.36836664776626,12.631633352233742,43.0,0.0,6.008095238095239,0.0,1.0,379.70053718447303,407.8588237991434,0,48.452217532337045,,counterfactual
2,rice,China,E.Asia,390.75771057990863,212.97968267852968,-0.9796826785296844,212.0,0.0,0.0,94.0,1.0,379.70053718447303,407.8588237991434,0,48.452217532337045,,counterfactual
2,rice,Egypt,MENA,399.99878808246467,4.00000242383507,-2.4238350704308687e-06,4.0,0.0,0.0,0.0,1.0,379.70053718447303,407.8588237991434,0,48.452217532337045,,counterfactual
2,rice,Indonesia,SE.Asia,389.99748994867,56.28007028143724,-2.28007028143724,54.0,0.0,0.0,0.0,1.0,379.70053718447303,407.8588237991434,0,48.452217532337045,,counterfactual
2,rice,Mexico,N.America,393.3651098613544,1.0033174450693227,-0.8033174450693228,0.2,0.0,0.0,0.0,1.0,379.70053718447303,407.8588237991434,0,48.452217532337045,,counterfactual
2,rice,Nigeria,Africa,404.8767306336111,8.479273894807152,-0.479273894807152,8.0,0.0,0.0,0.0,1.0,379.70053718447303,407.8588237991434,0,48.452217532337045,,counterfactual
2,rice,RestOfWorld,RoW,409.7513811546494,55.52793646578529,-40.72793646578528,14.800000000000011,0.0,0.0,0.0,1.0,379.70053718447303,407.8588237991434,0,48.452217532337045,,counterfactual
2,maize,USA,N.America,169.30734377342802,313.8116953019574,36.1883046980426,350.0,0.0,52.27142857142857,0.0,1.0,172.21568249924607,197.02276046034248,0,147.78612774276104,,counterfactual
2,maize,Russia,FSU,188.91581919040956,13.216141525787013,1.7838584742129875,15.0,0.0,2.25,0.0,1.0,172.21568249924607,197.02276046034248,0,147.78612774276104,,counterfactual
2,maize,EU,Europe,195.62312095610625,85.55805207809645,-20.558052078096452,65.0,0.0,9.597619047619048,0.0,1.0,172.21568249924607,197.02276046034248,0,147.78612774276104,,counterfactual
2,maize,Ukraine,FSU,184.25432247010124,6.141711097769089,23.85828890223091,30.0,0.0,4.423809523809524,0.0,1.0,172.21568249924607,197.02276046034248,0,147.78612774276104,,counterfactual
2,maize,Canada,N.America,181.61076123774205,15.413757872150804,-1.4137578721508035,14.0,0.0,2.1,0.0,1.0,172.21568249924607,197.02276046034248,0,147.78612774276104,,counterfactual
2,maize,Australia,Oceania,204.76232642593646,0.9928565103610953,-0.49285651036109535,0.5,0.0,0.075,0.0,1.0,172.21568249924607,197.02276046034248,0,147.78612774276104,,counterfactual
2,maize,Argentina,S.America,166.7303397417693,12.598853884648152,42.40114611535185,55.0,0.0,8.144246867897065,0.0,1.0,172.21568249924607,197.02276046034248,0,147.78612774276104,,counterfactual
2,maize,Brazil,S.America,171.82034369876482,78.17021133388896,41.82978866611104,120.0,0.0,17.847619047619048,0.0,1.0,172.21568249924607,197.02276046034248,0,147.78612774276104,,counterfactual
2,maize,India,S.Asia,193.87825646342387,30.275478459145926,1.7245215408540737,32.0,0.0,4.8,0.0,1.0,172.21568249924607,197.02276046034248,0,147.78612774276104,,counterfactual
2,maize,Thailand,SE.Asia,207.28215167833517,5.934460634894983,-0.9344606348949833,5.0,0.0,0.75,0.0,1.0,172.21568249924607,197.02276046034248,0,147.78612774276104,,counterfactual
2,maize,Vietnam,SE.Asia,209.04732494005742,7.891432100719311,-3.891432100719311,4.0,0.0,0.6,0.0,1.0,172.21568249924607,197.02276046034248,0,147.78612774276104,,counterfactual
2,maize,China,E.Asia,199.99997898965512,295.0000092970776,-9.297077610881388e-06,295.0,0.0,0.0,40.0,1.0,172.21568249924607,197.02276046034248,0,147.78612774276104,,counterfactual
2,maize,Egypt,MENA,197.67862503297124,16.05571299920869,-9.05571299920869,7.0,0.0,0.0,0.0,1.0,172.21568249924607,197.02276046034248,0,147.78612774276104,,counterfactual
2,maize,Indonesia,SE.Asia,211.29979285818865,23.59320745710521,-0.5932074571052084,23.0,0.0,0.0,0.0,1.0,172.21568249924607,197.02276046034248,0,147.78612774276104,,counterfactual
2,maize,Mexico,N.America,181.22737946998325,45.23899295498111,-18.238992954981107,27.0,0.0,0.0,0.0,1.0,172.21568249924607,197.02276046034248,0,147.78612774276104,,counterfactual
2,maize,Nigeria,Africa,195.7115247640941,13.083625267100164,-1.0836252671001638,12.0,0.0,0.0,0.0,1.0,172.21568249924607,197.02276046034248,0,147.78612774276104,,counterfactual
2,maize,RestOfWorld,RoW,199.92334549079519,207.02380122510812,-91.52380122510812,115.5,0.0,0.0,0.0,1.0,172.21568249924607,197.02276046034248,0,147.78612774276104,,counterfactual
3,wheat,USA,N.America,219.43717805634367,30.91688465830969,14.08311534169031,45.0,0.0,6.164285714285711,0.0,1.0,224.74071585871994,249.85034156721687,0,144.71637541454845,,counterfactual
3,wheat,Russia,FSU,227.78821035693522,45.999530533937914,44.000469466062086,90.0,0.0,13.109523809523807,0.0,1.0,224.74071585871994,249.85034156721687,0,144.71637541454845,,counterfactual
3,wheat,EU,Europe,237.86656929293838,121.4560116848474,8.543988315152603,130.0,0.0,18.91428571428571,0.0,1.0,224.74071585871994,249.85034156721687,0,144.71637541454845,,counterfactual
3,wheat,Ukraine,FSU,238.00030967529335,9.10799721292236,15.89200278707764,25.0,0.0,3.5547619047619037,0.0,1.0,224.74071585871994,249.85034156721687,0,144.71637541454845,,counterfactual
3,wheat,Canada,N.America,221.07189900697594,10.28928100993024,23.710718990069758,34.0,0.0,4.709523809523807,0.0,1.0,224.74071585871994,249.85034156721687,0,144.71637541454845,,counterfactual
3,wheat,Australia,Oceania,213.54977070307024,8.291601834375438,21.708398165624562,30.0,0.0,4.3422941912173085,0.0,1.0,224.74071585871994,249.85034156721687,0,144.71637541454845,,counterfactual
3,wheat,Argentina,S.America,219.55401323722083,6.182675920576675,13.817324079423326,20.0,0.0,2.8047619047619037,0.0,1.0,224.74071585871994,249.85034156721687,0,144.71637541454845,,counterfactual
3,wheat,Brazil,S.America,234.85246567647192,13.196917946205865,-5.196917946205865,8.0,0.0,1.2,0.0,1.0,224.74071585871994,249.85034156721687,0,144.71637541454845,,counterfactual
3,wheat,India,S.Asia,231.26863303046665,106.966793531801,2.9603064681989935,109.9271,0.0,16.5,20.3439,1.0,224.74071585871994,249.85034156721687,0,144.71637541454845,,counterfactual
3,wheat,Thailand,SE.Asia,235.65111300345598,2.028697773993088,-2.028697773993088,0.0,0.0,0.0,0.0,1.0,224.74071585871994,249.85034156721687,0,144.71637541454845,,counterfactual
3,wheat,Vietnam,SE.Asia,234.33506017199352,2.539162349570016,-2.539162349570016,0.0,0.0,0.0,0.0,1.0,224.74071585871994,249.85034156721687,0,144.71637541454845,,counterfactual
3,wheat,China,E.Asia,239.89378288991617,146.46540148096216,-1.4654014809621572,145.0,0.0,0.0,72.0,1.0,224.74071585871994,249.85034156721687,0,144.71637541454845,,counterfactual
3,wheat,Egypt,MENA,251.49572085239188,19.970085582952162,-10.688835582952162,9.28125,0.0,0.0,0.28125,1.0,224.74071585871994,249.85034156721687,0,144.71637541454845,,counterfactual
3,wheat,Indonesia,SE.Asia,229.1031607979185,11.229865231222897,-11.229865231222897,0.0,0.0,0.0,0.0,1.0,224.74071585871994,249.85034156721687,0,144.71637541454845,,counterfactual
3,wheat,Mexico,N.America,231.98458301333181,8.144123335893346,-5.144123335893346,3.0,0.0,0.0,0.0,1.0,224.74071585871994,249.85034156721687,0,144.71637541454845,,counterfactual
3,wheat,Nigeria,Africa,250.06054308091498,5.99963674151451,-5.89963674151451,0.1,0.0,0.0,0.0,1.0,224.74071585871994,249.85034156721687,0,144.71637541454845,,counterfactual
3,wheat,RestOfWorld,RoW,254.49401598753624,238.42368317098507,-100.5236831709851,137.89999999999998,0.0,0.0,0.0,1.0,224.74071585871994,249.85034156721687,0,144.71637541454845,,counterfactual
3,rice,USA,N.America,380.9238877421084,4.038152224515783,2.961847775484217,7.0,0.0,1.05,0.0,1.0,381.11943745127434,409.3158742573192,0,48.23589877796122,,counterfactual
3,rice,Russia,FSU,400.11318537711344,1.499915110967165,-0.4999151109671649,1.0,0.0,0.15,0.0,1.0,381.11943745127434,409.3158742573192,0,48.23589877796122,,counterfactual
3,rice,EU,Europe,411.39478426436085,3.977210431471278,-1.9772104314712782,2.0,0.0,0.3,0.0,1.0,381.11943745127434,409.3158742573192,0,48.23589877796122,,counterfactual
3,rice,Ukraine,FSU,407.10929259712094,0.29893360611043185,-0.29893360611043185,0.0,0.0,0.0,0.0,1.0,381.11943745127434,409.3158742573192,0,48.23589877796122,,counterfactual
3,rice,Canada,N.America,395.1699430701785,0.4009660113859643,-0.4009660113859643,0.0,0.0,0.0,0.0,1.0,381.11943745127434,409.3158742573192,0,48.23589877796122,,counterfactual
3,rice,Australia,Oceania,398.8656999793796,0.5002835750051551,-0.00028357500515507894,0.5,0.0,0.075,0.0,1.0,381.11943745127434,409.3158742573192,0,48.23589877796122,,counterfactual
3,rice,Argentina,S.America,377.05607156984036,1.0114719642150798,0.4885280357849202,1.5,0.0,0.22499999999999998,0.0,1.0,381.11943745127434,409.3158742573192,0,48.23589877796122,,counterfactual
3,rice,Brazil,S.America,393.88423782145213,11.033636691982013,-0.03363669198201258,11.0,0.0,0.7054106121795372,0.0,1.0,381.11943745127434,409.3158742573192,0,48.23589877796122,,counterfactual
3,rice,India,S.Asia,385.5642566988986,110.79396588156058,19.344696113180504,130.13866199474108,0.0,18.620005233226344,25.0,1.0,381.11943745127434,409.3158742573192,0,48.23589877796122,,counterfactual
3,rice,Thailand,SE.Asia,378.866725492005,20.21133274507995,12.78866725492005,33.0,0.0,4.3840787596011035,0.0,1.0,381.11943745127434,409.3158742573192,0,48.23589877796122,,counterfactual
3,rice,Vietnam,SE.Asia,376.80302151832547,30.34795467722512,12.652045322774882,43.0,0.0,6.008095238095239,0.0,1.0,381.11943745127434,409.3158742573192,0,48.23589877796122,,counterfactual
3,rice,China,E.Asia,392.1185223135614,212.8354366347625,-0.8354366347624875,212.0,0.0,0.0,92.0,1.0,381.11943745127434,409.3158742573192,0,48.23589877796122,,counterfactual
3,rice,Egypt,MENA,400.0331158323842,3.9999337683352314,6.62316647686012e-05,4.0,0.0,0.0,0.0,1.0,381.11943745127434,409.3158742573192,0,48.23589877796122,,counterfactual
3,rice,Indonesia,SE.Asia,391.35829349755056,56.241967782068585,-2.241967782068585,54.0,0.0,0.0,0.0,1.0,381.11943745127434,409.3158742573192,0,48.23589877796122,,counterfactual
3,rice,Mexico,N.America,394.7260245484654,1.0026369877257673,-0.8026369877257673,0.2,0.0,0.0,0.0,1.0,381.11943745127434,409.3158742573192,0,48.23589877796122,,counterfactual
3,rice,Nigeria,Africa,410.6132431748865,8.454893716506731,-0.4548937165067315,8.0,0.0,0.0,0.0,1.0,381.11943745127434,409.3158742573192,0,48.23589877796122,,counterfactual
3,rice,RestOfWorld,RoW,411.112179719578,55.48997018582378,-40.68997018582377,14.800000000000011,0.0,0.0,0.0,1.0,381.11943745127434,409.3158742573192,0,48.23589877796122,,counterfactual
3,maize,USA,N.America,169.3073373822871,313.8116981779708,36.18830182202919,350.0,0.0,52.27142857142857,0.0,1.0,172.21567618807723,197.02275392149326,0,147.78595825006096,,counterfactual
3,maize,Russia,FSU,188.91581723282096,13.21614156395999,1.7838584360400098,15.0,0.0,2.25,0.0,1.0,172.21567618807723,197.02275392149326,0,147.78595825006096,,counterfactual
3,maize,EU,Europe,195.62311462475785,85.55805288534337,-20.558052885343372,65.0,0.0,9.597619047619048,0.0,1.0,172.21567618807723,197.02275392149326,0,147.78595825006096,,counterfactual
3,maize,Ukraine,FSU,184.2543166974464,6.141711149722982,23.858288850277017,30.0,0.0,4.423809523809524,0.0,1.0,172.21567618807723,197.02275392149326,0,147.78595825006096,,counterfactual
3,maize,Canada,N.America,181.61076583943787,15.413757768612648,-1.4137577686126477,14.0,0.0,2.1,0.0,1.0,172.21567618807723,197.02275392149326,0,147.78595825006096,,counterfactual
3,maize,Australia,Oceania,204.76236673526566,0.9928564498971015,-0.49285644989710153,0.5,0.0,0.075,0.0,1.0,172.21567618807723,197.02275392149326,0,147.78595825006096,,counterfactual
3,maize,Argentina,S.America,166.73033394142578,12.598853989054335,42.401146010945666,55.0,0.0,8.144246867897065,0.0,1.0,172.21567618807723,197.02275392149326,0,147.78595825006096,,counterfactual
3,maize,Brazil,S.America,171.82033686361783,78.170212102843,41.829787897157004,120.0,0.0,17.847619047619048,0.0,1.0,172.21567618807723,197.02275392149326,0,147.78595825006096,,counterfactual
3,maize,India,S.Asia,193.8782430068806,30.275479064690373,1.7245209353096271,32.0,0.0,4.8,0.0,1.0,172.21567618807723,197.02275392149326,0,147.78595825006096,,counterfactual
3,maize,Thailand,SE.Asia,207.2821564864932,5.934460591621561,-0.9344605916215611,5.0,0.0,0.75,0.0,1.0,172.21567618807723,197.02275392149326,0,147.78595825006096,,counterfactual
3,maize,Vietnam,SE.Asia,209.0473313802458,7.8914320234370505,-3.8914320234370505,4.0,0.0,0.6,0.0,1.0,172.21567618807723,197.02275392149326,0,147.78595825006096,,counterfactual
3,maize,China,E.Asia,199.9999948767931,295.00000226701906,-2.267019056034769e-06,295.0,0.0,0.0,20.0,1.0,172.21567618807723,197.02275392149326,0,147.78595825006096,,counterfactual
3,maize,Egypt,MENA,197.67861830714511,16.055713160628517,-9.055713160628517,7.0,0.0,0.0,0.0,1.0,172.21567618807723,197.02275392149326,0,147.78595825006096,,counterfactual
3,maize,Indonesia,SE.Asia,211.2998137400954,23.593206705356565,-0.5932067053565646,23.0,0.0,0.0,0.0,1.0,172.21567618807723,197.02275392149326,0,147.78595825006096,,counterfactual
3,maize,Mexico,N.America,181.22737313058622,45.23899337338131,-18.238993373381312,27.0,0.0,0.0,0.0,1.0,172.21567618807723,197.02275392149326,0,147.78595825006096,,counterfactual
3,maize,Nigeria,Africa,195.71153269442087,13.083625112458792,-1.0836251124587921,12.0,0.0,0.0,0.0,1.0,172.21567618807723,197.02275392149326,0,147.78595825006096,,counterfactual
3,maize,RestOfWorld,RoW,199.92333779709256,207.0238036140028,-91.52380361400279,115.5,0.0,0.0,0.0,1.0,172.21567618807723,197.02275392149326,0,147.78595825006096,,counterfactual
4,wheat,USA,N.America,219.60812139897726,30.911756358030683,14.088243641969317,45.0,0.0,6.164285714285711,0.0,1.0,224.91458561416064,250.02398120171625,0,144.78073837263088,,counterfactual
4,wheat,Russia,FSU,227.95915264666792,45.99183813089994,44.00816186910006,90.0,0.0,13.109523809523807,0.0,1.0,224.91458561416064,250.02398120171625,0,144.78073837263088,,counterfactual
4,wheat,EU,Europe,238.03751307475406,121.43549843102952,8.564501568970485,130.0,0.0,18.91428571428571,0.0,1.0,224.91458561416064,250.02398120171625,0,144.78073837263088,,counterfactual
4,wheat,Ukraine,FSU,238.17125114256558,9.10645873971691,15.89354126028309,25.0,0.0,3.5547619047619037,0.0,1.0,224.91458561416064,250.02398120171625,0,144.78073837263088,,counterfactual
4,wheat,Canada,N.America,221.2428403503756,10.287571596496244,23.712428403503758,34.0,0.0,4.709523809523807,0.0,1.0,224.91458561416064,250.02398120171625,0,144.78073837263088,,counterfactual
4,wheat,Australia,Oceania,213.72071435904004,8.29023428512768,21.70976571487232,30.0,0.0,4.3422941912173085,0.0,1.0,224.91458561416064,250.02398120171625,0,144.78073837263088,,counterfactual
4,wheat,Argentina,S.America,219.72495846525496,6.18165024920847,13.81834975079153,20.0,0.0,2.8047619047619037,0.0,1.0,224.91458561416064,250.02398120171625,0,144.78073837263088,,counterfactual
4,wheat,Brazil,S.America,235.02341038709412,13.194695664967776,-5.194695664967776,8.0,0.0,1.2,0.0,1.0,224.91458561416064,250.02398120171625,0,144.78073837263088,,counterfactual
4,wheat,India,S.Asia,231.43958011875577,106.94884408753065,2.985545912469348,109.93439,0.0,16.5,20.40951,1.0,224.91458561416064,250.02398120171625,0,144.78073837263088,,counterfactual
4,wheat,Thailand,SE.Asia,235.8220448339141,2.0283559103321718,-2.0283559103321718,0.0,0.0,0.0,0.0,1.0,224.91458561416064,250.02398120171625,0,144.78073837263088,,counterfactual
4,wheat,Vietnam,SE.Asia,234.5059949538143,2.538735012615464,-2.538735012615464,0.0,0.0,0.0,0.0,1.0,224.91458561416064,250.02398120171625,0,144.78073837263088,,counterfactual
4,wheat,China,E.Asia,240.06471890008828,146.4406157594872,-1.4406157594872013,145.0,0.0,0.0,65.0,1.0,224.91458561416064,250.02398120171625,0,144.78073837263088,,counterfactual
4,wheat,Egypt,MENA,251.66666243053353,19.96666675138933,-10.82604175138933,9.140625,0.0,0.0,0.140625,1.0,224.91458561416064,250.02398120171625,0,144.78073837263088,,counterfactual
4,wheat,Indonesia,SE.Asia,229.27410466778755,11.227984848654337,-11.227984848654337,0.0,0.0,0.0,0.0,1.0,224.91458561416064,250.02398120171625,0,144.78073837263088,,counterfactual
4,wheat,Mexico,N.America,232.15552318204692,8.142755814543625,-5.142755814543625,3.0,0.0,0.0,0.0,1.0,224.91458561416064,250.02398120171625,0,144.78073837263088,,counterfactual
4,wheat,Nigeria,Africa,250.231486808368,5.998611079149792,-5.898611079149792,0.1,0.0,0.0,0.0,1.0,224.91458561416064,250.02398120171625,0,144.78073837263088,,counterfactual
4,wheat,RestOfWorld,RoW,254.66495916150268,238.3827422808201,-100.48274228082013,137.89999999999998,0.0,0.0,0.0,1.0,224.91458561416064,250.02398120171625,0,144.78073837263088,,counterfactual
4,rice,USA,N.America,379.6723190134172,4.040655361973165,2.9593446380268347,7.0,0.0,1.05,0.0,1.0,379.8094167421502,407.97328960041216,0,48.433637356142285,,counterfactual
4,rice,Russia,FSU,398.86165513883805,1.5008537586458714,-0.5008537586458714,1.0,0.0,0.15,0.0,1.0,379.8094167421502,407.97328960041216,0,48.433637356142285,,counterfactual
4,rice,EU,Europe,410.1432086054313,3.9797135827891372,-1.9797135827891372,2.0,0.0,0.3,0.0,1.0,379.8094167421502,407.97328960041216,0,48.433637356142285,,counterfactual
4,rice,Ukraine,FSU,405.85770748502597,0.2991213438772461,-0.2991213438772461,0.0,0.0,0.0,0.0,1.0,379.8094167421502,407.97328960041216,0,48.433637356142285,,counterfactual
4,rice,Canada,N.America,393.91830465115817,0.4012163390697684,-0.4012163390697684,0.0,0.0,0.0,0.0,1.0,379.8094167421502,407.97328960041216,0,48.433637356142285,,counterfactual
4,rice,Australia,Oceania,398.06234288685084,0.5004844142782873,-0.0004844142782872707,0.5,0.0,0.075,0.0,1.0,379.8094167421502,407.97328960041216,0,48.433637356142285,,counterfactual
4,rice,Argentina,S.America,371.42851417208345,1.0142857429139582,0.48571425708604177,1.5,0.0,0.22499999999999998,0.0,1.0,379.8094167421502,407.97328960041216,0,48.433637356142285,,counterfactual
4,rice,Brazil,S.America,377.320460991687,11.12473746454572,0.2674687641113582,11.392206228657079,0.0,0.3132043835224579,0.0,1.0,379.8094167421502,407.97328960041216,0,48.433637356142285,,counterfactual
4,rice,India,S.Asia,384.31276480281133,110.86279793584538,19.311504025316253,130.17430196116163,0.0,18.445703272064712,25.0,1.0,379.8094167421502,407.97328960041216,0,48.433637356142285,,counterfactual
4,rice,Thailand,SE.Asia,377.6152333853574,20.223847666146426,12.776152333853574,33.0,0.0,4.3840787596011035,0.0,1.0,379.8094167421502,407.97328960041216,0,48.433637356142285,,counterfactual
4,rice,Vietnam,SE.Asia,375.55153025698525,30.366727046145222,12.633272953854778,43.0,0.0,6.008095238095239,0.0,1.0,379.8094167421502,407.97328960041216,0,48.433637356142285,,counterfactual
4,rice,China,E.Asia,390.86701790070236,212.96809610252555,-0.9680961025255499,212.0,0.0,0.0,90.0,1.0,379.8094167421502,407.97328960041216,0,48.433637356142285,,counterfactual
4,rice,Egypt,MENA,399.9993638618005,4.000001272276399,-1.2722763989003738e-06,4.0,0.0,0.0,0.0,1.0,379.8094167421502,407.97328960041216,0,48.433637356142285,,counterfactual
4,rice,Indonesia,SE.Asia,390.10679703226936,56.27700968309646,-2.277009683096459,54.0,0.0,0.0,0.0,1.0,379.8094167421502,407.97328960041216,0,48.433637356142285,,counterfactual
4,rice,Mexico,N.America,393.47442706865496,1.0032627864656725,-0.8032627864656725,0.2,0.0,0.0,0.0,1.0,379.8094167421502,407.97328960041216,0,48.433637356142285,,counterfactual
4,rice,Nigeria,Africa,404.98567432511373,8.478810884118266,-0.4788108841182659,8.0,0.0,0.0,0.0,1.0,379.8094167421502,407.97328960041216,0,48.433637356142285,,counterfactual
4,rice,RestOfWorld,RoW,409.8606879890243,55.52488680510623,-40.724886805106216,14.800000000000011,0.0,0.0,0.0,1.0,379.8094167421502,407.97328960041216,0,48.433637356142285,,counterfactual
4,maize,USA,N.America,174.02489971089508,311.6887951300972,38.31120486990278,350.0,0.0,52.27142857142857,0.0,1.0,176.94277968995155,202.0251550720906,0,150.8858588983557,,counterfactual
4,maize,Russia,FSU,194.374996473238,13.109687568771857,1.8903124312281427,15.0,0.0,2.25,0.0,1.0,176.94277968995155,202.0251550720906,0,150.8858588983557,,counterfactual
4,maize,EU,Europe,200.34067659219792,84.95656373449476,-19.956563734494765,65.0,0.0,9.597619047619048,0.0,1.0,176.94277968995155,202.0251550720906,0,150.8858588983557,,counterfactual
4,maize,Ukraine,FSU,188.9718768959869,6.099253107936118,23.900746892063882,30.0,0.0,4.423809523809524,0.0,1.0,176.94277968995155,202.0251550720906,0,150.8858588983557,,counterfactual
4,maize,Canada,N.America,186.32831665875545,15.307612875178002,-1.3076128751780018,14.0,0.0,2.1,0.0,1.0,176.94277968995155,202.0251550720906,0,150.8858588983557,,counterfactual
4,maize,Australia,Oceania,209.4798820489557,0.9857801769265665,-0.4857801769265665,0.5,0.0,0.075,0.0,1.0,176.94277968995155,202.0251550720906,0,150.8858588983557,,counterfactual
4,maize,Argentina,S.America,171.44789350192923,12.513937916965274,42.486062083034724,55.0,0.0,8.144246867897065,0.0,1.0,176.94277968995155,202.0251550720906,0,150.8858588983557,,counterfactual
4,maize,Brazil,S.America,176.53789741036627,77.6394865413338,42.360513458666205,120.0,0.0,17.847619047619048,0.0,1.0,176.94277968995155,202.0251550720906,0,150.8858588983557,,counterfactual
4,maize,India,S.Asia,198.59581476024073,30.063188335789167,1.9368116642108326,32.0,0.0,4.8,0.0,1.0,176.94277968995155,202.0251550720906,0,150.8858588983557,,counterfactual
4,maize,Thailand,SE.Asia,211.99971002199726,5.892002609802025,-0.8920026098020246,5.0,0.0,0.75,0.0,1.0,176.94277968995155,202.0251550720906,0,150.8858588983557,,counterfactual
4,maize,Vietnam,SE.Asia,213.76488997750803,7.834821320269904,-3.8348213202699037,4.0,0.0,0.6,0.0,1.0,176.94277968995155,202.0251550720906,0,150.8858588983557,,counterfactual
4,maize,China,E.Asia,208.89325424227292,291.06473499779423,-6.064734997794233,285.0,0.0,0.0,10.0,1.0,176.94277968995155,202.0251550720906,0,150.8858588983557,,counterfactual
4,maize,Egypt,MENA,202.3961794158672,15.942491694019187,-8.942491694019187,7.0,0.0,0.0,0.0,1.0,176.94277968995155,202.0251550720906,0,150.8858588983557,,counterfactual
4,maize,Indonesia,SE.Asia,216.01733513311228,23.423375935207957,-0.42337593520795735,23.0,0.0,0.0,0.0,1.0,176.94277968995155,202.0251550720906,0,150.8858588983557,,counterfactual
4,maize,Mexico,N.America,185.94493540968196,44.92763426296099,-17.927634262960993,27.0,0.0,0.0,0.0,1.0,176.94277968995155,202.0251550720906,0,150.8858588983557,,counterfactual
4,maize,Nigeria,Africa,200.4290774698977,12.991632989336994,-0.9916329893369937,12.0,0.0,0.0,0.0,1.0,176.94277968995155,202.0251550720906,0,150.8858588983557,,counterfactual
4,maize,RestOfWorld,RoW,204.6408991848126,205.5590008031157,-90.05900080311571,115.5,0.0,0.0,0.0,1.0,176.94277968995155,202.0251550720906,0,150.8858588983557,,counterfactual
5,wheat,USA,N.America,219.68985276536327,30.909304417039102,14.090695582960898,45.0,0.0,6.164285714285711,0.0,1.0,224.9978546630172,250.10703707328898,0,144.81432809801584,,counterfactual
5,wheat,Russia,FSU,228.04088537323,45.98816015820465,44.01183984179535,90.0,0.0,13.109523809523807,0.0,1.0,224.9978546630172,250.10703707328898,0,144.81432809801584,,counterfactual
5,wheat,EU,Europe,238.1192438977145,121.42569073227426,8.574309267725738,130.0,0.0,18.91428571428571,0.0,1.0,224.9978546630172,250.10703707328898,0,144.81432809801584,,counterfactual
5,wheat,Ukraine,FSU,238.25298488549822,9.105723136030516,15.894276863969484,25.0,0.0,3.5547619047619037,0.0,1.0,224.9978546630172,250.10703707328898,0,144.81432809801584,,counterfactual
5,wheat,Canada,N.America,221.32457424903544,10.286754257509646,23.713245742490354,34.0,0.0,4.709523809523807,0.0,1.0,224.9978546630172,250.10703707328898,0,144.81432809801584,,counterfactual
5,wheat,Australia,Oceania,213.80244525080673,8.289580437993546,21.710419562006454,30.0,0.0,4.3422941912173085,0.0,1.0,224.9978546630172,250.10703707328898,0,144.81432809801584,,counterfactual
5,wheat,Argentina,S.America,219.80668751276997,6.18115987492338,13.818840125076619,20.0,0.0,2.8047619047619037,0.0,1.0,224.9978546630172,250.10703707328898,0,144.81432809801584,,counterfactual
5,wheat,Brazil,S.America,235.10514014801745,13.193633178075773,-5.193633178075773,8.0,0.0,1.2,0.0,1.0,224.9978546630172,250.10703707328898,0,144.81432809801584,,counterfactual
5,wheat,India,S.Asia,231.52130661349642,106.94026280558288,3.0006881944171226,109.940951,0.0,16.5,20.468559,1.0,224.9978546630172,250.10703707328898,0,144.81432809801584,,counterfactual
5,wheat,Thailand,SE.Asia,235.90379071060053,2.028192418578799,-2.028192418578799,0.0,0.0,0.0,0.0,1.0,224.9978546630172,250.10703707328898,0,144.81432809801584,,counterfactual
5,wheat,Vietnam,SE.Asia,234.587737095619,2.5385306572609525,-2.5385306572609525,0.0,0.0,0.0,0.0,1.0,224.9978546630172,250.10703707328898,0,144.81432809801584,,counterfactual
5,wheat,China,E.Asia,240.14645954366057,146.42876336616922,-1.4287633661692212,145.0,0.0,0.0,58.0,1.0,224.9978546630172,250.10703707328898,0,144.81432809801584,,counterfactual
5,wheat,Egypt,MENA,251.7483961934712,19.965032076130576,-10.894719576130576,9.0703125,0.0,0.0,0.0703125,1.0,224.9978546630172,250.10703707328898,0,144.81432809801584,,counterfactual
5,wheat,Indonesia,SE.Asia,229.3558353495106,11.227085811155384,-11.227085811155384,0.0,0.0,0.0,0.0,1.0,224.9978546630172,250.10703707328898,0,144.81432809801584,,counterfactual
5,wheat,Mexico,N.America,232.23725861780608,8.142101931057551,-5.142101931057551,3.0,0.0,0.0,0.0,1.0,224.9978546630172,250.10703707328898,0,144.81432809801584,,counterfactual
5,wheat,Nigeria,Africa,250.3132178596159,5.9981206928423045,-5.898120692842305,0.1,0.0,0.0,0.0,1.0,224.9978546630172,250.10703707328898,0,144.81432809801584,,counterfactual
5,wheat,RestOfWorld,RoW,254.74669081765606,238.36316754917138,-100.4631675491714,137.89999999999998,0.0,0.0,0.0,1.0,224.9978546630172,250.10703707328898,0,144.81432809801584,,counterfactual
5,rice,USA,N.America,380.912260460303,4.038175479079394,2.961824520920606,7.0,0.0,1.05,0.0,1.0,381.10809254335436,409.3037876179645,0,48.237720183620254,,counterfactual
5,rice,Russia,FSU,400.10152169661586,1.499923858727538,-0.4999238587275381,1.0,0.0,0.15,0.0,1.0,381.10809254335436,409.3037876179645,0,48.237720183620254,,counterfactual
5,rice,EU,Europe,411.3831595792565,3.9772336808414868,-1.9772336808414868,2.0,0.0,0.3,0.0,1.0,381.10809254335436,409.3037876179645,0,48.237720183620254,,counterfactual
5,rice,Ukraine,FSU,407.09765890074397,0.2989353511648884,-0.2989353511648884,0.0,0.0,0.0,0.0,1.0,381.10809254335436,409.3037876179645,0,48.237720183620254,,counterfactual
5,rice,Canada,N.America,395.1583337269839,0.40096833325460324,-0.40096833325460324,0.0,0.0,0.0,0.0,1.0,381.10809254335436,409.3037876179645,0,48.237720183620254,,counterfactual
5,rice,Australia,Oceania,399.1561956932306,0.5002109510766923,-0.00021095107669233393,0.5,0.0,0.075,0.0,1.0,381.10809254335436,409.3037876179645,0,48.237720183620254,,counterfactual
5,rice,Argentina,S.America,377.0562061266909,1.0114718969366545,0.4885281030633455,1.5,0.0,0.22499999999999998,0.0,1.0,381.10809254335436,409.3037876179645,0,48.237720183620254,,counterfactual
5,rice,Brazil,S.America,393.8844669800448,11.033635431609753,-0.033635431609752686,11.0,0.0,0.3132043835224579,0.0,1.0,381.10809254335436,409.3037876179645,0,48.237720183620254,,counterfactual
5,rice,India,S.Asia,385.5525826434476,110.79460795461038,19.346916837844205,130.1415247924546,0.0,18.30417847961013,25.0,1.0,381.10809254335436,409.3037876179645,0,48.237720183620254,,counterfactual
5,rice,Thailand,SE.Asia,378.85505147837824,20.211449485216217,12.788550514783783,33.0,0.0,4.3840787596011035,0.0,1.0,381.10809254335436,409.3037876179645,0,48.237720183620254,,counterfactual
5,rice,Vietnam,SE.Asia,376.7913472899783,30.348129790650326,12.651870209349674,43.0,0.0,6.008095238095239,0.0,1.0,381.10809254335436,409.3037876179645,0,48.237720183620254,,counterfactual
5,rice,China,E.Asia,392.1068523896821,212.8366736466937,-0.836673646693697,212.0,0.0,0.0,88.0,1.0,381.10809254335436,409.3037876179645,0,48.237720183620254,,counterfactual
5,rice,Egypt,MENA,400.00874153243535,3.999982516935129,1.7483064870926768e-05,4.0,0.0,0.0,0.0,1.0,381.10809254335436,409.3037876179645,0,48.237720183620254,,counterfactual
5,rice,Indonesia,SE.Asia,391.3466207550495,56.242294618858615,-2.2422946188586153,54.0,0.0,0.0,0.0,1.0,381.10809254335436,409.3037876179645,0,48.237720183620254,,counterfactual
5,rice,Mexico,N.America,394.7144047376159,1.002642797631192,-0.8026427976311921,0.2,0.0,0.0,0.0,1.0,381.10809254335436,409.3037876179645,0,48.237720183620254,,counterfactual
5,rice,Nigeria,Africa,410.6133863898628,8.454893107843082,-0.45489310784308223,8.0,0.0,0.0,0.0,1.0,381.10809254335436,409.3037876179645,0,48.237720183620254,,counterfactual
5,rice,RestOfWorld,RoW,411.1005056870865,55.49029589133029,-40.69029589133028,14.800000000000011,0.0,0.0,0.0,1.0,381.10809254335436,409.3037876179645,0,48.237720183620254,,counterfactual
5,maize,USA,N.America,176.82476638148893,310.42885512833,39.571144871670015,350.0,0.0,52.27142857142857,0.0,1.0,179.7420072344319,204.99776421147112,0,152.71677727017322,,counterfactual
5,maize,Russia,FSU,197.17485906391957,13.055090248253567,1.944909751746433,15.0,0.0,2.25,0.0,1.0,179.7420072344319,204.99776421147112,0,152.71677727017322,,counterfactual
5,maize,EU,Europe,203.14054367050736,84.59958068201031,-19.42935476527613,65.17022591673418,0.0,9.427393130884871,0.0,1.0,179.7420072344319,204.99776421147112,0,152.71677727017322,,counterfactual
5,maize,Ukraine,FSU,191.7717456761054,6.074054288915051,23.92594571108495,30.0,0.0,4.423809523809524,0.0,1.0,179.7420072344319,204.99776421147112,0,152.71677727017322,,counterfactual
5,maize,Canada,N.America,189.12819739794378,15.244615558546265,-1.2446155585462648,14.0,0.0,2.1,0.0,1.0,179.7420072344319,204.99776421147112,0,152.71677727017322,,counterfactual
5,maize,Australia,Oceania,212.2798070979322,0.9815802893531017,-0.4815802893531017,0.5,0.0,0.075,0.0,1.0,179.7420072344319,204.99776421147112,0,152.71677727017322,,counterfactual
5,maize,Argentina,S.America,174.24776285124793,12.463540268677537,42.536459731322466,55.0,0.0,8.144246867897065,0.0,1.0,179.7420072344319,204.99776421147112,0,152.71677727017322,,counterfactual
5,maize,Brazil,S.America,179.33776548605226,77.32450138281912,42.67549861718088,120.0,0.0,17.847619047619048,0.0,1.0,179.7420072344319,204.99776421147112,0,152.71677727017322,,counterfactual
5,maize,India,S.Asia,201.39567134450576,29.93719478949724,2.0628052105027592,32.0,0.0,4.8,0.0,1.0,179.7420072344319,204.99776421147112,0,152.71677727017322,,counterfactual
5,maize,Thailand,SE.Asia,214.7995897509262,5.866803692241664,-0.866803692241664,5.0,0.0,0.75,0.0,1.0,179.7420072344319,204.99776421147112,0,152.71677727017322,,counterfactual
5,maize,Vietnam,SE.Asia,216.56476484048048,7.8012228219142346,-3.8012228219142346,4.0,0.0,0.6,0.0,1.0,179.7420072344319,204.99776421147112,0,152.71677727017322,,counterfactual
5,maize,China,E.Asia,211.6931242861279,289.8257925033884,-9.825792503388413,280.0,0.0,0.0,5.0,1.0,179.7420072344319,204.99776421147112,0,152.71677727017322,,counterfactual
5,maize,Egypt,MENA,205.19604710989762,15.875294869362458,-8.875294869362458,7.0,0.0,0.0,0.0,1.0,179.7420072344319,204.99776421147112,0,152.71677727017322,,counterfactual
5,maize,Indonesia,SE.Asia,218.81724745614446,23.3225790915788,-0.32257909157879894,23.0,0.0,0.0,0.0,1.0,179.7420072344319,204.99776421147112,0,152.71677727017322,,counterfactual
5,maize,Mexico,N.America,188.7448021975615,44.74284305496094,-17.742843054960943,27.0,0.0,0.0,0.0,1.0,179.7420072344319,204.99776421147112,0,152.71677727017322,,counterfactual
5,maize,Nigeria,Africa,203.2289654151875,12.937035174403842,-0.9370351744038423,12.0,0.0,0.0,0.0,1.0,179.7420072344319,204.99776421147112,0,152.71677727017322,,counterfactual
5,maize,RestOfWorld,RoW,207.44076627220085,204.68964207248166,-89.18964207248166,115.5,0.0,0.0,0.0,1.0,179.7420072344319,204.99776421147112,0,152.71677727017322,,counterfactual
6,wheat,USA,N.America,219.72735449631745,30.908179365110477,14.091820634889523,45.0,0.0,6.164285714285711,0.0,1.0,225.036191765643,250.14517868142082,0,144.83272304097332,,counterfactual
6,wheat,Russia,FSU,228.0783871013107,45.98647258044102,44.01352741955898,90.0,0.0,13.109523809523807,0.0,1.0,225.036191765643,250.14517868142082,0,144.83272304097332,,counterfactual
6,wheat,EU,Europe,238.15674563874558,121.42119052335053,8.578809476649468,130.0,0.0,18.91428571428571,0.0,1.0,225.036191765643,250.14517868142082,0,144.83272304097332,,counterfactual
6,wheat,Ukraine,FSU,238.2904865948243,9.105385620646581,15.894614379353419,25.0,0.0,3.5547619047619037,0.0,1.0,225.036191765643,250.14517868142082,0,144.83272304097332,,counterfactual
6,wheat,Canada,N.America,221.3620759563204,10.286379240436796,23.713620759563206,34.0,0.0,4.709523809523807,0.0,1.0,225.036191765643,250.14517868142082,0,144.83272304097332,,counterfactual
6,wheat,Australia,Oceania,213.83994697239328,8.289280424220854,21.710719575779144,30.0,0.0,4.3422941912173085,0.0,1.0,225.036191765643,250.14517868142082,0,144.83272304097332,,counterfactual
6,wheat,Argentina,S.America,219.8441892877823,6.180934864273306,13.819065135726694,20.0,0.0,2.8047619047619037,0.0,1.0,225.036191765643,250.14517868142082,0,144.83272304097332,,counterfactual
6,wheat,Brazil,S.America,235.1426419301584,13.19314565490794,-5.193145654907941,8.0,0.0,1.2,0.0,1.0,225.036191765643,250.14517868142082,0,144.83272304097332,,counterfactual
6,wheat,India,S.Asia,231.55880836699535,106.93632512146549,3.010530778534516,109.9468559,0.0,16.5,20.5217031,1.0,225.036191765643,250.14517868142082,0,144.83272304097332,,counterfactual
6,wheat,Thailand,SE.Asia,235.94129229045268,2.0281174154190946,-2.0281174154190946,0.0,0.0,0.0,0.0,1.0,225.036191765643,250.14517868142082,0,144.83272304097332,,counterfactual
6,wheat,Vietnam,SE.Asia,234.62523871168025,2.5384369032207994,-2.5384369032207994,0.0,0.0,0.0,0.0,1.0,225.036191765643,250.14517868142082,0,144.83272304097332,,counterfactual
6,wheat,China,E.Asia,240.18396121790585,146.42332562340366,-1.423325623403656,145.0,0.0,0.0,51.0,1.0,225.036191765643,250.14517868142082,0,144.83272304097332,,counterfactual
6,wheat,Egypt,MENA,251.78589794841403,19.96428204103172,-10.92912579103172,9.03515625,0.0,0.0,0.03515625,1.0,225.036191765643,250.14517868142082,0,144.83272304097332,,counterfactual
6,wheat,Indonesia,SE.Asia,229.39333708800194,11.226673292031979,-11.226673292031979,0.0,0.0,0.0,0.0,1.0,225.036191765643,250.14517868142082,0,144.83272304097332,,counterfactual
6,wheat,Mexico,N.America,232.27476032187,8.14180191742504,-5.14180191742504,3.0,0.0,0.0,0.0,1.0,225.036191765643,250.14517868142082,0,144.83272304097332,,counterfactual
6,wheat,Nigeria,Africa,250.35071964758188,5.997895682114509,-5.897895682114509,0.1,0.0,0.0,0.0,1.0,225.036191765643,250.14517868142082,0,144.83272304097332,,counterfactual
6,wheat,RestOfWorld,RoW,254.78419256576103,238.35418588050024,-100.45418588050026,137.89999999999998,0.0,0.0,0.0,1.0,225.036191765643,250.14517868142082,0,144.83272304097332,,counterfactual
6,rice,USA,N.America,379.97962566494704,4.040040748670106,2.9599592513298942,7.0,0.0,1.05,0.0,1.0,380.1215394321562,408.29501575969465,0,48.38119517623538,,counterfactual
6,rice,Russia,FSU,399.16888889419977,1.5006233333293502,-0.5006233333293502,1.0,0.0,0.15,0.0,1.0,380.1215394321562,408.29501575969465,0,48.38119517623538,,counterfactual
6,rice,EU,Europe,410.4505248883501,3.9790989502232996,-1.9790989502232996,2.0,0.0,0.3,0.0,1.0,380.1215394321562,408.29501575969465,0,48.38119517623538,,counterfactual
6,rice,Ukraine,FSU,406.1650262144549,0.29907524606783176,-0.29907524606783176,0.0,0.0,0.0,0.0,1.0,380.1215394321562,408.29501575969465,0,48.38119517623538,,counterfactual
6,rice,Canada,N.America,394.22569788163156,0.4011548604236737,-0.4011548604236737,0.0,0.0,0.0,0.0,1.0,380.1215394321562,408.29501575969465,0,48.38119517623538,,counterfactual
6,rice,Australia,Oceania,398.6032199220926,0.5003491950194768,-0.0003491950194768334,0.5,0.0,0.075,0.0,1.0,380.1215394321562,408.29501575969465,0,48.38119517623538,,counterfactual
6,rice,Argentina,S.America,371.7338943277677,1.014133052836116,0.4858669471638839,1.5,0.0,0.22499999999999998,0.0,1.0,380.1215394321562,408.29501575969465,0,48.38119517623538,,counterfactual
6,rice,Brazil,S.America,377.62756853097005,11.123048373079664,0.1901560104427933,11.313204383522457,0.0,0.0,0.0,1.0,380.1215394321562,408.29501575969465,0,48.38119517623538,,counterfactual
6,rice,India,S.Asia,384.61994999623585,110.84590275020703,19.328093461883256,130.1739962120903,0.0,18.130182267519835,25.0,1.0,380.1215394321562,408.29501575969465,0,48.38119517623538,,counterfactual
6,rice,Thailand,SE.Asia,377.9224188183665,20.220775811816335,12.779224188183665,33.0,0.0,4.3840787596011035,0.0,1.0,380.1215394321562,408.29501575969465,0,48.38119517623538,,counterfactual
6,rice,Vietnam,SE.Asia,375.8587146622835,30.36211928006575,12.637880719934252,43.0,0.0,6.008095238095239,0.0,1.0,380.1215394321562,408.29501575969465,0,48.38119517623538,,counterfactual
6,rice,China,E.Asia,391.17421975610773,212.93553270585258,-0.9355327058525802,212.0,0.0,0.0,86.0,1.0,380.1215394321562,408.29501575969465,0,48.38119517623538,,counterfactual
6,rice,Egypt,MENA,400.00021493604845,3.999999570127903,4.298720970297154e-07,4.0,0.0,0.0,0.0,1.0,380.1215394321562,408.29501575969465,0,48.38119517623538,,counterfactual
6,rice,Indonesia,SE.Asia,390.4139880840605,56.268408333646306,-2.268408333646306,54.0,0.0,0.0,0.0,1.0,380.1215394321562,408.29501575969465,0,48.38119517623538,,counterfactual
6,rice,Mexico,N.America,393.7817695582253,1.0031091152208873,-0.8031091152208873,0.2,0.0,0.0,0.0,1.0,380.1215394321562,408.29501575969465,0,48.38119517623538,,counterfactual
6,rice,Nigeria,Africa,405.29107593013106,8.477512927296942,-0.4775129272969423,8.0,0.0,0.0,0.0,1.0,380.1215394321562,408.29501575969465,0,48.38119517623538,,counterfactual
6,rice,RestOfWorld,RoW,410.167873056124,55.51631634173415,-40.716316341734135,14.800000000000011,0.0,0.0,0.0,1.0,380.1215394321562,408.29501575969465,0,48.38119517623538,,counterfactual
6,maize,USA,N.America,178.1890217021798,309.8149402340191,40.185059765980895,350.0,0.0,52.27142857142857,0.0,1.0,181.10595599368796,206.44824414342128,0,153.60900228659386,,counterfactual
6,maize,Russia,FSU,198.53911447106745,13.028487267814183,1.9715127321858166,15.0,0.0,2.25,0.0,1.0,181.10595599368796,206.44824414342128,0,153.60900228659386,,counterfactual
6,maize,EU,Europe,204.50479897666014,84.42563813047583,-19.10875250963973,65.3168856208361,0.0,9.110507510048771,0.0,1.0,181.10595599368796,206.44824414342128,0,153.60900228659386,,counterfactual
6,maize,Ukraine,FSU,193.13600092418457,6.061775991682339,23.93822400831766,30.0,0.0,4.423809523809524,0.0,1.0,181.10595599368796,206.44824414342128,0,153.60900228659386,,counterfactual
6,maize,Canada,N.America,190.49245249424246,15.213919818879544,-1.2139198188795444,14.0,0.0,2.1,0.0,1.0,181.10595599368796,206.44824414342128,0,153.60900228659386,,counterfactual
6,maize,Australia,Oceania,213.64406190224526,0.9795339071466321,-0.47953390714663213,0.5,0.0,0.075,0.0,1.0,181.10595599368796,206.44824414342128,0,153.60900228659386,,counterfactual
6,maize,Argentina,S.America,175.61201804105823,12.438983675260952,42.56101632473905,55.0,0.0,8.144246867897065,0.0,1.0,181.10595599368796,206.44824414342128,0,153.60900228659386,,counterfactual
6,maize,Brazil,S.America,180.70202068676497,77.17102267273894,42.82897732726106,120.0,0.0,17.847619047619048,0.0,1.0,181.10595599368796,206.44824414342128,0,153.60900228659386,,counterfactual
6,maize,India,S.Asia,202.7599268300929,29.87580329264582,2.12419670735418,32.0,0.0,4.8,0.0,1.0,181.10595599368796,206.44824414342128,0,153.60900228659386,,counterfactual
6,maize,Thailand,SE.Asia,216.16384549365532,5.854525390557102,-0.854525390557102,5.0,0.0,0.75,0.0,1.0,181.10595599368796,206.44824414342128,0,153.60900228659386,,counterfactual
6,maize,Vietnam,SE.Asia,217.92902020851704,7.784851757497796,-3.784851757497796,4.0,0.0,0.6,0.0,1.0,181.10595599368796,206.44824414342128,0,153.60900228659386,,counterfactual
6,maize,China,E.Asia,213.0573796624511,289.2221094993654,-11.722109499365388,277.5,0.0,0.0,2.5,1.0,181.10595599368796,206.44824414342128,0,153.60900228659386,,counterfactual
6,maize,Egypt,MENA,206.5603023872205,15.842552742706708,-8.842552742706708,7.0,0.0,0.0,0.0,1.0,181.10595599368796,206.44824414342128,0,153.60900228659386,,counterfactual
6,maize,Indonesia,SE.Asia,220.1814996680759,23.273466011949267,-0.27346601194926734,23.0,0.0,0.0,0.0,1.0,181.10595599368796,206.44824414342128,0,153.60900228659386,,counterfactual
6,maize,Mexico,N.America,190.10905753096893,44.65280220295605,-17.652802202956053,27.0,0.0,0.0,0.0,1.0,181.10595599368796,206.44824414342128,0,153.60900228659386,,counterfactual
6,maize,Nigeria,Africa,204.59322042951703,12.910432201624417,-0.9104322016244168,12.0,0.0,0.0,0.0,1.0,181.10595599368796,206.44824414342128,0,153.60900228659386,,counterfactual
6,maize,RestOfWorld,RoW,208.8050215023643,204.2660408235159,-88.76604082351591,115.5,0.0,0.0,0.0,1.0,181.10595599368796,206.44824414342128,0,153.60900228659386,,counterfactual
7,wheat,USA,N.America,219.74307718287244,30.907707684513827,14.092292315486173,45.0,0.0,6.164285714285711,0.0,1.0,225.0523924628472,250.16120174642998,0,144.84326851393064,,counterfactual
7,wheat,Russia,FSU,228.09410980869558,45.9857650586087,44.0142349413913,90.0,0.0,13.109523809523807,0.0,1.0,225.0523924628472,250.16120174642998,0,144.84326851393064,,counterfactual
7,wheat,EU,Europe,238.17246830902633,121.41930380291684,8.580696197083157,130.0,0.0,18.91428571428571,0.0,1.0,225.0523924628472,250.16120174642998,0,144.84326851393064,,counterfactual
7,wheat,Ukraine,FSU,238.30620933778215,9.10524411595996,15.89475588404004,25.0,0.0,3.5547619047619037,0.0,1.0,225.0523924628472,250.16120174642998,0,144.84326851393064,,counterfactual
7,wheat,Canada,N.America,221.3777987036538,10.286222012963462,23.713777987036536,34.0,0.0,4.709523809523807,0.0,1.0,225.0523924628472,250.16120174642998,0,144.84326851393064,,counterfactual
7,wheat,Australia,Oceania,213.85566965586244,8.2891546427531,21.7108453572469,30.0,0.0,4.3422941912173085,0.0,1.0,225.0523924628472,250.16120174642998,0,144.84326851393064,,counterfactual
7,wheat,Argentina,S.America,219.8599119058532,6.180840528564881,13.81915947143512,20.0,0.0,2.8047619047619037,0.0,1.0,225.0523924628472,250.16120174642998,0,144.84326851393064,,counterfactual
7,wheat,Brazil,S.America,235.1583645579288,13.192941260746926,-5.192941260746926,8.0,0.0,1.2,0.0,1.0,225.0523924628472,250.16120174642998,0,144.84326851393064,,counterfactual
7,wheat,India,S.Asia,231.57453095247405,106.93467424999022,3.017496060009776,109.95217031,0.0,16.5,20.56953279,1.0,225.0523924628472,250.16120174642998,0,144.84326851393064,,counterfactual
7,wheat,Thailand,SE.Asia,235.9570153332411,2.028085969333518,-2.028085969333518,0.0,0.0,0.0,0.0,1.0,225.0523924628472,250.16120174642998,0,144.84326851393064,,counterfactual
7,wheat,Vietnam,SE.Asia,234.64096166459177,2.5383975958385205,-2.5383975958385205,0.0,0.0,0.0,0.0,1.0,225.0523924628472,250.16120174642998,0,144.84326851393064,,counterfactual
7,wheat,China,E.Asia,240.1996841125967,146.42104580367348,-1.4210458036734792,145.0,0.0,0.0,44.0,1.0,225.0523924628472,250.16120174642998,0,144.84326851393064,,counterfactual
7,wheat,Egypt,MENA,251.80162065498007,19.9639675869004,-10.946389461900399,9.017578125,0.0,0.0,0.017578125,1.0,225.0523924628472,250.16120174642998,0,144.84326851393064,,counterfactual
7,wheat,Indonesia,SE.Asia,229.40905975817074,11.226500342660122,-11.226500342660122,0.0,0.0,0.0,0.0,1.0,225.0523924628472,250.16120174642998,0,144.84326851393064,,counterfactual
7,wheat,Mexico,N.America,232.29048309964884,8.14167613520281,-5.141676135202809,3.0,0.0,0.0,0.0,1.0,225.0523924628472,250.16120174642998,0,144.84326851393064,,counterfactual
7,wheat,Nigeria,Africa,250.36644229738323,5.9978013462157005,-5.897801346215701,0.1,0.0,0.0,0.0,1.0,225.0523924628472,250.16120174642998,0,144.84326851393064,,counterfactual
7,wheat,RestOfWorld,RoW,254.79991524777674,238.35042029815747,-100.4504202981575,137.89999999999998,0.0,0.0,0.0,1.0,225.0523924628472,250.16120174642998,0,144.84326851393064,,counterfactual
7,rice,USA,N.America,380.87973895543746,4.038240522089125,2.961759477910875,7.0,0.0,1.05,0.0,1.0,381.07653326877187,409.2700545092499,0,48.24309050037595,,counterfactual
7,rice,Russia,FSU,400.06900053840144,1.4999482495961989,-0.4999482495961989,1.0,0.0,0.15,0.0,1.0,381.07653326877187,409.2700545092499,0,48.24309050037595,,counterfactual
7,rice,EU,Europe,411.3506382782655,3.977298723443469,-1.977298723443469,2.0,0.0,0.3,0.0,1.0,381.07653326877187,409.2700545092499,0,48.24309050037595,,counterfactual
7,rice,Ukraine,FSU,407.0651393408365,0.2989402290988745,-0.2989402290988745,0.0,0.0,0.0,0.0,1.0,381.07653326877187,409.2700545092499,0,48.24309050037595,,counterfactual
7,rice,Canada,N.America,395.12581337667126,0.40097483732466577,-0.40097483732466577,0.0,0.0,0.0,0.0,1.0,381.07653326877187,409.2700545092499,0,48.24309050037595,,counterfactual
7,rice,Australia,Oceania,399.1935452188309,0.5002016136952923,-0.0002016136952922576,0.5,0.0,0.075,0.0,1.0,381.07653326877187,409.2700545092499,0,48.24309050037595,,counterfactual
7,rice,Argentina,S.America,377.0562135850977,1.0114718932074511,0.4885281067925489,1.5,0.0,0.22499999999999998,0.0,1.0,381.07653326877187,409.2700545092499,0,48.24309050037595,,counterfactual
7,rice,Brazil,S.America,393.88448258415275,11.03363534578716,-0.03363534578715921,11.0,0.0,0.0,0.0,1.0,381.07653326877187,409.2700545092499,0,48.24309050037595,,counterfactual
7,rice,India,S.Asia,385.52006062643227,110.79639666554623,19.353173453402817,130.14957011894904,0.0,17.9806121485708,25.0,1.0,381.07653326877187,409.2700545092499,0,48.24309050037595,,counterfactual
7,rice,Thailand,SE.Asia,378.82252946364406,20.21177470536356,12.78822529463644,33.0,0.0,4.3840787596011035,0.0,1.0,381.07653326877187,409.2700545092499,0,48.24309050037595,,counterfactual
7,rice,Vietnam,SE.Asia,376.7588252597605,30.348617621103593,12.651382378896407,43.0,0.0,6.008095238095239,0.0,1.0,381.07653326877187,409.2700545092499,0,48.24309050037595,,counterfactual
7,rice,China,E.Asia,392.0743306644926,212.84012094956378,-0.8401209495637829,212.0,0.0,0.0,84.0,1.0,381.07653326877187,409.2700545092499,0,48.24309050037595,,counterfactual
7,rice,Egypt,MENA,400.00592692267054,3.9999881461546587,1.1853845341303071e-05,4.0,0.0,0.0,0.0,1.0,381.07653326877187,409.2700545092499,0,48.24309050037595,,counterfactual
7,rice,Indonesia,SE.Asia,391.3140988297484,56.243205232767046,-2.243205232767046,54.0,0.0,0.0,0.0,1.0,381.07653326877187,409.2700545092499,0,48.24309050037595,,counterfactual
7,rice,Mexico,N.America,394.6818837347967,1.0026590581326016,-0.8026590581326016,0.2,0.0,0.0,0.0,1.0,381.07653326877187,409.2700545092499,0,48.24309050037595,,counterfactual
7,rice,Nigeria,Africa,410.61339515862267,8.454893070575853,-0.45489307057585293,8.0,0.0,0.0,0.0,1.0,381.07653326877187,409.2700545092499,0,48.24309050037595,,counterfactual
7,rice,RestOfWorld,RoW,411.06798367368316,55.491203255504246,-40.691203255504234,14.800000000000011,0.0,0.0,0.0,1.0,381.07653326877187,409.2700545092499,0,48.24309050037595,,counterfactual
7,maize,USA,N.America,178.8722326380841,309.50749531286215,40.49250468713785,350.0,0.0,52.27142857142857,0.0,1.0,181.7890148256739,207.17415037636542,0,154.05581748746812,,counterfactual
7,maize,Russia,FSU,199.22232526461207,13.015164657340064,1.9848353426599363,15.0,0.0,2.25,0.0,1.0,181.7890148256739,207.17415037636542,0,154.05581748746812,,counterfactual
7,maize,EU,Europe,205.18800992042142,84.33852873514627,-18.95018212208312,65.38834661306315,0.0,8.722160896985619,0.0,1.0,181.7890148256739,207.17415037636542,0,154.05581748746812,,counterfactual
7,maize,Ukraine,FSU,193.81921192855017,6.055627092643048,23.94437290735695,30.0,0.0,4.423809523809524,0.0,1.0,181.7890148256739,207.17415037636542,0,154.05581748746812,,counterfactual
7,maize,Canada,N.America,191.1756638154596,15.19854756415216,-1.1985475641521592,14.0,0.0,2.1,0.0,1.0,181.7890148256739,207.17415037636542,0,154.05581748746812,,counterfactual
7,maize,Australia,Oceania,214.3272741865143,0.9785090887202286,-0.47850908872022857,0.5,0.0,0.075,0.0,1.0,181.7890148256739,207.17415037636542,0,154.05581748746812,,counterfactual
7,maize,Argentina,S.America,176.2952290672907,12.426685876788767,42.57331412321123,55.0,0.0,8.144246867897065,0.0,1.0,181.7890148256739,207.17415037636542,0,154.05581748746812,,counterfactual
7,maize,Brazil,S.America,181.3852316930699,77.09416143452964,42.90583856547036,120.0,0.0,17.847619047619048,0.0,1.0,181.7890148256739,207.17415037636542,0,154.05581748746812,,counterfactual
7,maize,India,S.Asia,203.44313750429689,29.84505881230664,2.1549411876933604,32.0,0.0,4.8,0.0,1.0,181.7890148256739,207.17415037636542,0,154.05581748746812,,counterfactual
7,maize,Thailand,SE.Asia,216.84705646563708,5.848376491809266,-0.8483764918092662,5.0,0.0,0.75,0.0,1.0,181.7890148256739,207.17415037636542,0,154.05581748746812,,counterfactual
7,maize,Vietnam,SE.Asia,218.61223127638576,7.776653224683371,-3.776653224683371,4.0,0.0,0.6,0.0,1.0,181.7890148256739,207.17415037636542,0,154.05581748746812,,counterfactual
7,maize,China,E.Asia,213.74059061593994,288.9197886524466,-12.669788652446584,276.25,0.0,0.0,1.25,1.0,181.7890148256739,207.17415037636542,0,154.05581748746812,,counterfactual
7,maize,Egypt,MENA,207.24351335509544,15.82615567947771,-8.82615567947771,7.0,0.0,0.0,0.0,1.0,181.7890148256739,207.17415037636542,0,154.05581748746812,,counterfactual
7,maize,Indonesia,SE.Asia,220.8647135339258,23.24887031277867,-0.24887031277867067,23.0,0.0,0.0,0.0,1.0,181.7890148256739,207.17415037636542,0,154.05581748746812,,counterfactual
7,maize,Mexico,N.America,190.7922684626319,44.6077102814663,-17.607710281466296,27.0,0.0,0.0,0.0,1.0,181.7890148256739,207.17415037636542,0,154.05581748746812,,counterfactual
7,maize,Nigeria,Africa,205.27643188194344,12.897109578302102,-0.8971095783021017,12.0,0.0,0.0,0.0,1.0,181.7890148256739,207.17415037636542,0,154.05581748746812,,counterfactual
7,maize,RestOfWorld,RoW,209.48823247146444,204.05390381761032,-88.55390381761032,115.5,0.0,0.0,0.0,1.0,181.7890148256739,207.17415037636542,0,154.05581748746812,,counterfactual
8,wheat,USA,N.America,219.7482132264128,30.907553603207617,14.092446396792383,45.0,0.0,6.164285714285711,0.0,1.0,225.05782181722938,250.16647038462813,0,144.84976502072965,,counterfactual
8,wheat,Russia,FSU,228.0992458326829,45.98553393752927,44.01446606247073,90.0,0.0,13.109523809523807,0.0,1.0,225.05782181722938,250.16647038462813,0,144.84976502072965,,counterfactual
8,wheat,EU,Europe,238.17760436114585,121.4186874766625,8.581312523337502,130.0,0.0,18.91428571428571,0.0,1.0,225.05782181722938,250.16647038462813,0,144.84976502072965,,counterfactual
8,wheat,Ukraine,FSU,238.31134533924669,9.10519789194678,15.89480210805322,25.0,0.0,3.5547619047619037,0.0,1.0,225.05782181722938,250.16647038462813,0,144.84976502072965,,counterfactual
8,wheat,Canada,N.America,221.38293470305345,10.286170652969465,23.713829347030533,34.0,0.0,4.709523809523807,0.0,1.0,225.05782181722938,250.16647038462813,0,144.84976502072965,,counterfactual
8,wheat,Australia,Oceania,213.86080570809173,8.289113554335266,21.710886445664734,30.0,0.0,4.3422941912173085,0.0,1.0,225.05782181722938,250.16647038462813,0,144.84976502072965,,counterfactual
8,wheat,Argentina,S.America,219.8650479865754,6.180809712080547,13.819190287919453,20.0,0.0,2.8047619047619037,0.0,1.0,225.05782181722938,250.16647038462813,0,144.84976502072965,,counterfactual
8,wheat,Brazil,S.America,235.1635006240314,13.192874491887592,-5.192874491887592,8.0,0.0,1.2,0.0,1.0,225.05782181722938,250.16647038462813,0,144.84976502072965,,counterfactual
8,wheat,India,S.Asia,231.57966707528303,106.93413495709528,3.0228183219047224,109.956953279,0.0,16.5,20.612579511,1.0,225.05782181722938,250.16647038462813,0,144.84976502072965,,counterfactual
8,wheat,Thailand,SE.Asia,235.96215112643938,2.0280756977471213,-2.0280756977471213,0.0,0.0,0.0,0.0,1.0,225.05782181722938,250.16647038462813,0,144.84976502072965,,counterfactual
8,wheat,Vietnam,SE.Asia,234.64609752264334,2.5383847561933917,-2.5383847561933917,0.0,0.0,0.0,0.0,1.0,225.05782181722938,250.16647038462813,0,144.84976502072965,,counterfactual
8,wheat,China,E.Asia,240.20481998622458,146.42030110199744,-1.4203011019974383,145.0,0.0,0.0,37.0,1.0,225.05782181722938,250.16647038462813,0,144.84976502072965,,counterfactual
8,wheat,Egypt,MENA,251.80675666206122,19.963864866758776,-10.955075804258776,9.0087890625,0.0,0.0,0.0087890625,1.0,225.05782181722938,250.16647038462813,0,144.84976502072965,,counterfactual
8,wheat,Indonesia,SE.Asia,229.41419581101033,11.226443846078887,-11.226443846078887,0.0,0.0,0.0,0.0,1.0,225.05782181722938,250.16647038462813,0,144.84976502072965,,counterfactual
8,wheat,Mexico,N.America,232.29561907059582,8.141635047435233,-5.1416350474352335,3.0,0.0,0.0,0.0,1.0,225.05782181722938,250.16647038462813,0,144.84976502072965,,counterfactual
8,wheat,Nigeria,Africa,250.37157833942157,5.9977705299634705,-5.897770529963471,0.1,0.0,0.0,0.0,1.0,225.05782181722938,250.16647038462813,0,144.84976502072965,,counterfactual
8,wheat,RestOfWorld,RoW,254.80505128345922,238.34919021761152,-100.44919021761154,137.89999999999998,0.0,0.0,0.0,1.0,225.05782181722938,250.16647038462813,0,144.84976502072965,,counterfactual
8,rice,USA,N.America,380.7845742744549,4.03843085145109,2.96156914854891,7.0,0.0,1.05,0.0,1.0,380.98419458846405,409.1713369357352,0,48.25886417124068,,counterfactual
8,rice,Russia,FSU,399.9738362153397,1.5000196228384952,-0.5000196228384952,1.0,0.0,0.15,0.0,1.0,380.98419458846405,409.1713369357352,0,48.25886417124068,,counterfactual
8,rice,EU,Europe,411.25547336607605,3.9774890532678477,-1.9774890532678477,2.0,0.0,0.3,0.0,1.0,380.98419458846405,409.1713369357352,0,48.25886417124068,,counterfactual
8,rice,Ukraine,FSU,406.96997352500506,0.29895450397124923,-0.29895450397124923,0.0,0.0,0.0,0.0,1.0,380.98419458846405,409.1713369357352,0,48.25886417124068,,counterfactual
8,rice,Canada,N.America,395.03064720888597,0.40099387055822283,-0.40099387055822283,0.0,0.0,0.0,0.0,1.0,380.98419458846405,409.1713369357352,0,48.25886417124068,,counterfactual
8,rice,Australia,Oceania,399.1097964768575,0.5002225508807856,-0.00022255088078559915,0.5,0.0,0.075,0.0,1.0,380.98419458846405,409.1713369357352,0,48.25886417124068,,counterfactual
8,rice,Argentina,S.America,377.05620644568285,1.0114718967771585,0.48852810322284146,1.5,0.0,0.22499999999999998,0.0,1.0,380.98419458846405,409.1713369357352,0,48.25886417124068,,counterfactual
8,rice,Brazil,S.America,393.88446639338457,11.033635434836384,-0.03363543483638409,11.0,0.0,0.0,0.0,1.0,380.98419458846405,409.1713369357352,0,48.25886417124068,,counterfactual
8,rice,India,S.Asia,385.42489716274446,110.80163065604906,19.371513788928937,130.173144444978,0.0,17.80746770359281,25.0,1.0,380.98419458846405,409.1713369357352,0,48.25886417124068,,counterfactual
8,rice,Thailand,SE.Asia,378.7273659944674,20.212726340055326,12.787273659944674,33.0,0.0,4.3840787596011035,0.0,1.0,380.98419458846405,409.1713369357352,0,48.25886417124068,,counterfactual
8,rice,Vietnam,SE.Asia,376.6636618156246,30.35004507276563,12.649954927234369,43.0,0.0,6.008095238095239,0.0,1.0,380.98419458846405,409.1713369357352,0,48.25886417124068,,counterfactual
8,rice,China,E.Asia,391.9791668874046,212.8502083099351,-0.8502083099351125,212.0,0.0,0.0,82.0,1.0,380.98419458846405,409.1713369357352,0,48.25886417124068,,counterfactual
8,rice,Egypt,MENA,400.00579559902303,3.9999884088019537,1.1591198046279061e-05,4.0,0.0,0.0,0.0,1.0,380.98419458846405,409.1713369357352,0,48.25886417124068,,counterfactual
8,rice,Indonesia,SE.Asia,391.2189352657447,56.24586981255915,-2.2458698125591496,54.0,0.0,0.0,0.0,1.0,380.98419458846405,409.1713369357352,0,48.25886417124068,,counterfactual
8,rice,Mexico,N.America,394.5867184347751,1.0027066407826124,-0.8027066407826124,0.2,0.0,0.0,0.0,1.0,380.98419458846405,409.1713369357352,0,48.25886417124068,,counterfactual
8,rice,Nigeria,Africa,410.6133874559319,8.454893103312289,-0.4548931033122887,8.0,0.0,0.0,0.0,1.0,380.98419458846405,409.1713369357352,0,48.25886417124068,,counterfactual
8,rice,RestOfWorld,RoW,410.97282021000626,55.49385831614083,-40.69385831614082,14.800000000000011,0.0,0.0,0.0,1.0,380.98419458846405,409.1713369357352,0,48.25886417124068,,counterfactual
8,maize,USA,N.America,179.2138053414524,309.3537875963464,40.64621240365358,350.0,0.0,52.27142857142857,0.0,1.0,182.13051172989196,207.53697920404213,0,154.27920937492482,,counterfactual
8,maize,Russia,FSU,199.56389808021916,13.008503987435725,1.9914960125642747,15.0,0.0,2.25,0.0,1.0,182.13051172989196,207.53697920404213,0,154.27920937492482,,counterfactual
8,maize,EU,Europe,205.52958259778885,84.29497821878192,-18.87084436580747,65.42413385297445,0.0,8.298027044011164,0.0,1.0,182.13051172989196,207.53697920404213,0,154.27920937492482,,counterfactual
8,maize,Ukraine,FSU,194.16078456573743,6.052552938908363,23.947447061091637,30.0,0.0,4.423809523809524,0.0,1.0,182.13051172989196,207.53697920404213,0,154.27920937492482,,counterfactual
8,maize,Canada,N.America,191.51723625289932,15.190862184309765,-1.1908621843097649,14.0,0.0,2.1,0.0,1.0,182.13051172989196,207.53697920404213,0,154.27920937492482,,counterfactual
8,maize,Australia,Oceania,214.6688457999283,0.9779967313001076,-0.47799673130010756,0.5,0.0,0.075,0.0,1.0,182.13051172989196,207.53697920404213,0,154.27920937492482,,counterfactual
8,maize,Argentina,S.America,176.63680166483095,12.420537570033042,42.57946242996696,55.0,0.0,8.144246867897065,0.0,1.0,182.13051172989196,207.53697920404213,0,154.27920937492482,,counterfactual
8,maize,Brazil,S.America,181.7268043084942,77.0557345152944,42.944265484705596,120.0,0.0,17.847619047619048,0.0,1.0,182.13051172989196,207.53697920404213,0,154.27920937492482,,counterfactual
8,maize,India,S.Asia,203.78471026721004,29.829688037975547,2.170311962024453,32.0,0.0,4.8,0.0,1.0,182.13051172989196,207.53697920404213,0,154.27920937492482,,counterfactual
8,maize,Thailand,SE.Asia,217.18862875345835,5.845302341218875,-0.8453023412188747,5.0,0.0,0.75,0.0,1.0,182.13051172989196,207.53697920404213,0,154.27920937492482,,counterfactual
8,maize,Vietnam,SE.Asia,218.95380380084907,7.772554354389811,-3.7725543543898112,4.0,0.0,0.6,0.0,1.0,182.13051172989196,207.53697920404213,0,154.27920937492482,,counterfactual
8,maize,China,E.Asia,214.0821633150882,288.7686427330735,-13.143642733073477,275.625,0.0,0.0,0.625,1.0,182.13051172989196,207.53697920404213,0,154.27920937492482,,counterfactual
8,maize,Egypt,MENA,207.58508600798686,15.817957935808316,-8.817957935808316,7.0,0.0,0.0,0.0,1.0,182.13051172989196,207.53697920404213,0,154.27920937492482,,counterfactual
8,maize,Indonesia,SE.Asia,221.20628362393182,23.236573789538454,-0.2365737895384541,23.0,0.0,0.0,0.0,1.0,182.13051172989196,207.53697920404213,0,154.27920937492482,,counterfactual
8,maize,Mexico,N.America,191.13384116071728,44.58516648339266,-17.585166483392662,27.0,0.0,0.0,0.0,1.0,182.13051172989196,207.53697920404213,0,154.27920937492482,,counterfactual
8,maize,Nigeria,Africa,205.6180041160029,12.890448919737942,-0.8904489197379419,12.0,0.0,0.0,0.0,1.0,182.13051172989196,207.53697920404213,0,154.27920937492482,,counterfactual
8,maize,RestOfWorld,RoW,209.82980510328528,203.94784551542995,-88.44784551542995,115.5,0.0,0.0,0.0,1.0,182.13051172989196,207.53697920404213,0,154.27920937492482,,counterfactual
9,wheat,USA,N.America,219.74832843260202,30.90755014702194,14.09244985297806,45.0,0.0,6.164285714285711,0.0,1.0,225.05813258234133,250.16663609360936,0,144.85410830204353,,counterfactual
9,wheat,Russia,FSU,228.0993610367907,45.98552875334442,44.01447124665558,90.0,0.0,13.109523809523807,0.0,1.0,225.05813258234133,250.16663609360936,0,144.85410830204353,,counterfactual
9,wheat,EU,Europe,238.17771956726818,121.41867365192782,8.581326348072182,130.0,0.0,18.91428571428571,0.0,1.0,225.05813258234133,250.16663609360936,0,144.85410830204353,,counterfactual
9,wheat,Ukraine,FSU,238.31146054148968,9.105196855126593,15.894803144873407,25.0,0.0,3.5547619047619037,0.0,1.0,225.05813258234133,250.16663609360936,0,144.85410830204353,,counterfactual
9,wheat,Canada,N.America,221.383049905468,10.28616950094532,23.71383049905468,34.0,0.0,4.709523809523807,0.0,1.0,225.05813258234133,250.16663609360936,0,144.85410830204353,,counterfactual
9,wheat,Australia,Oceania,213.8609209154647,8.289112632676282,21.710887367323718,30.0,0.0,4.3422941912173085,0.0,1.0,225.05813258234133,250.16663609360936,0,144.85410830204353,,counterfactual
9,wheat,Argentina,S.America,219.86516319476493,6.18080902083141,13.819190979168589,20.0,0.0,2.8047619047619037,0.0,1.0,225.05813258234133,250.16663609360936,0,144.85410830204353,,counterfactual
9,wheat,Brazil,S.America,235.1636158314706,13.192872994190882,-5.192872994190882,8.0,0.0,1.2,0.0,1.0,225.05813258234133,250.16663609360936,0,144.85410830204353,,counterfactual
9,wheat,India,S.Asia,231.57978228456915,106.93412286012024,3.0271350909797548,109.9612579511,0.0,16.5,20.6513215599,1.0,225.05813258234133,250.16663609360936,0,144.85410830204353,,counterfactual
9,wheat,Thailand,SE.Asia,235.96226631553074,2.0280754673689385,-2.0280754673689385,0.0,0.0,0.0,0.0,1.0,225.05813258234133,250.16663609360936,0,144.85410830204353,,counterfactual
9,wheat,Vietnam,SE.Asia,234.64621271700565,2.538384468207486,-2.538384468207486,0.0,0.0,0.0,0.0,1.0,225.05813258234133,250.16663609360936,0,144.85410830204353,,counterfactual
9,wheat,China,E.Asia,240.2049351821751,146.4202843985846,-1.420284398584613,145.0,0.0,0.0,30.0,1.0,225.05813258234133,250.16663609360936,0,144.85410830204353,,counterfactual
9,wheat,Egypt,MENA,251.8068718647564,19.963862562704872,-10.959468031454872,9.00439453125,0.0,0.0,0.00439453125,1.0,225.05813258234133,250.16663609360936,0,144.85410830204353,,counterfactual
9,wheat,Indonesia,SE.Asia,229.41431101861863,11.226442578795195,-11.226442578795195,0.0,0.0,0.0,0.0,1.0,225.05813258234133,250.16663609360936,0,144.85410830204353,,counterfactual
9,wheat,Mexico,N.America,232.29573427137518,8.141634125828999,-5.141634125828999,3.0,0.0,0.0,0.0,1.0,225.05813258234133,250.16663609360936,0,144.85410830204353,,counterfactual
9,wheat,Nigeria,Africa,250.37169354406726,5.997769838735596,-5.897769838735597,0.1,0.0,0.0,0.0,1.0,225.05813258234133,250.16663609360936,0,144.85410830204353,,counterfactual
9,wheat,RestOfWorld,RoW,254.80516648877074,238.3491626259394,-100.44916262593944,137.89999999999998,0.0,0.0,0.0,1.0,225.05813258234133,250.16663609360936,0,144.85410830204353,,counterfactual
9,rice,USA,N.America,380.7946357228063,4.038410728554387,2.9615892714456127,7.0,0.0,1.05,0.0,1.0,380.9939577365004,409.18177414343984,0,48.257197287689955,,counterfactual
9,rice,Russia,FSU,399.98389785886127,1.500012076605854,-0.500012076605854,1.0,0.0,0.15,0.0,1.0,380.9939577365004,409.18177414343984,0,48.257197287689955,,counterfactual
9,rice,EU,Europe,411.2655347560692,3.9774689304878614,-1.9774689304878614,2.0,0.0,0.3,0.0,1.0,380.9939577365004,409.18177414343984,0,48.257197287689955,,counterfactual
9,rice,Ukraine,FSU,406.98003500162804,0.2989529947497558,-0.2989529947497558,0.0,0.0,0.0,0.0,1.0,380.9939577365004,409.18177414343984,0,48.257197287689955,,counterfactual
9,rice,Canada,N.America,395.0407085447074,0.40099185829105854,-0.40099185829105854,0.0,0.0,0.0,0.0,1.0,380.9939577365004,409.18177414343984,0,48.257197287689955,,counterfactual
9,rice,Australia,Oceania,399.1173746936907,0.5002206563265773,-0.0002206563265773065,0.5,0.0,0.075,0.0,1.0,380.9939577365004,409.18177414343984,0,48.257197287689955,,counterfactual
9,rice,Argentina,S.America,377.05620639729756,1.0114718968013512,0.4885281031986488,1.5,0.0,0.22499999999999998,0.0,1.0,380.9939577365004,409.18177414343984,0,48.257197287689955,,counterfactual
9,rice,Brazil,S.America,393.8844659344243,11.033635437360665,-0.03363543736066532,11.0,0.0,0.0,0.0,1.0,380.9939577365004,409.18177414343984,0,48.257197287689955,,counterfactual
9,rice,India,S.Asia,385.43495882480454,110.80107726463575,19.369574803912315,130.17065206854807,0.0,17.636815635044737,25.0,1.0,380.9939577365004,409.18177414343984,0,48.257197287689955,,counterfactual
9,rice,Thailand,SE.Asia,378.7374276576294,20.212625723423706,12.787374276576294,33.0,0.0,4.3840787596011035,0.0,1.0,380.9939577365004,409.18177414343984,0,48.257197287689955,,counterfactual
9,rice,Vietnam,SE.Asia,376.67372348195397,30.34989414777069,12.65010585222931,43.0,0.0,6.008095238095239,0.0,1.0,380.9939577365004,409.18177414343984,0,48.257197287689955,,counterfactual
9,rice,China,E.Asia,391.98922853335574,212.8491417754643,-0.8491417754642896,212.0,0.0,0.0,80.0,1.0,380.9939577365004,409.18177414343984,0,48.257197287689955,,counterfactual
9,rice,Egypt,MENA,400.0059083122367,3.9999881833755264,1.1816624473581783e-05,4.0,0.0,0.0,0.0,1.0,380.9939577365004,409.18177414343984,0,48.257197287689955,,counterfactual
9,rice,Indonesia,SE.Asia,391.22899692282374,56.245588086160936,-2.245588086160936,54.0,0.0,0.0,0.0,1.0,380.9939577365004,409.18177414343984,0,48.257197287689955,,counterfactual
9,rice,Mexico,N.America,394.5967798404708,1.0027016100797645,-0.8027016100797646,0.2,0.0,0.0,0.0,1.0,380.9939577365004,409.18177414343984,0,48.257197287689955,,counterfactual
9,rice,Nigeria,Africa,410.61338759871626,8.454893102705455,-0.454893102705455,8.0,0.0,0.0,0.0,1.0,380.9939577365004,409.18177414343984,0,48.257197287689955,,counterfactual
9,rice,RestOfWorld,RoW,410.982881872412,55.49357759575971,-40.6935775957597,14.800000000000011,0.0,0.0,0.0,1.0,380.9939577365004,409.18177414343984,0,48.257197287689955,,counterfactual
9,maize,USA,N.America,179.38459265760596,309.2769333040773,40.72306669592268,350.0,0.0,52.27142857142857,0.0,1.0,182.30126124892263,207.71837149793978,0,154.3909045359198,,counterfactual
9,maize,Russia,FSU,199.73468540436986,13.005173634614787,1.9948263653852134,15.0,0.0,2.25,0.0,1.0,182.30126124892263,207.71837149793978,0,154.3909045359198,,counterfactual
9,maize,EU,Europe,205.7003699092846,84.27320283656621,-18.83117708144394,65.44202575512227,0.0,7.856001288888888,0.0,1.0,182.30126124892263,207.71837149793978,0,154.3909045359198,,counterfactual
9,maize,Ukraine,FSU,194.33157187298426,6.0510158531431415,23.94898414685686,30.0,0.0,4.423809523809524,0.0,1.0,182.30126124892263,207.71837149793978,0,154.3909045359198,,counterfactual
9,maize,Canada,N.America,191.68802354734257,15.187019470184792,-1.1870194701847918,14.0,0.0,2.1,0.0,1.0,182.30126124892263,207.71837149793978,0,154.3909045359198,,counterfactual
9,maize,Australia,Oceania,214.8396330581894,0.9777405504127159,-0.4777405504127159,0.5,0.0,0.075,0.0,1.0,182.30126124892263,207.71837149793978,0,154.3909045359198,,counterfactual
9,maize,Argentina,S.America,176.80758896398657,12.417463398648241,42.58253660135176,55.0,0.0,8.144246867897065,0.0,1.0,182.30126124892263,207.71837149793978,0,154.3909045359198,,counterfactual
9,maize,Brazil,S.America,181.89759160944757,77.03652094393715,42.96347905606285,120.0,0.0,17.847619047619048,0.0,1.0,182.30126124892263,207.71837149793978,0,154.3909045359198,,counterfactual
9,maize,India,S.Asia,203.9554975886834,29.822002608509248,2.177997391490752,32.0,0.0,4.8,0.0,1.0,182.30126124892263,207.71837149793978,0,154.3909045359198,,counterfactual
9,maize,Thailand,SE.Asia,217.35941609243872,5.8437652551680515,-0.8437652551680515,5.0,0.0,0.75,0.0,1.0,182.30126124892263,207.71837149793978,0,154.3909045359198,,counterfactual
9,maize,Vietnam,SE.Asia,219.12459111438827,7.770504906627341,-3.770504906627341,4.0,0.0,0.6,0.0,1.0,182.30126124892263,207.71837149793978,0,154.3909045359198,,counterfactual
9,maize,China,E.Asia,214.25295063389194,288.6930693445028,-13.380569344502817,275.3125,0.0,0.0,0.3125,1.0,182.30126124892263,207.71837149793978,0,154.3909045359198,,counterfactual
9,maize,Egypt,MENA,207.75587331627867,15.813859040409312,-8.813859040409312,7.0,0.0,0.0,0.0,1.0,182.30126124892263,207.71837149793978,0,154.3909045359198,,counterfactual
9,maize,Indonesia,SE.Asia,221.37707050440704,23.230425461841346,-0.23042546184134594,23.0,0.0,0.0,0.0,1.0,182.30126124892263,207.71837149793978,0,154.3909045359198,,counterfactual
9,maize,Mexico,N.America,191.30462847676722,44.573894520533365,-17.573894520533365,27.0,0.0,0.0,0.0,1.0,182.30126124892263,207.71837149793978,0,154.3909045359198,,counterfactual
9,maize,Nigeria,Africa,205.78879138803094,12.887118567933395,-0.8871185679333955,12.0,0.0,0.0,0.0,1.0,182.30126124892263,207.71837149793978,0,154.3909045359198,,counterfactual
9,maize,RestOfWorld,RoW,210.00059240575516,203.89481605801305,-88.39481605801305,115.5,0.0,0.0,0.0,1.0,182.30126124892263,207.71837149793978,0,154.3909045359198,,counterfactual
10,wheat,USA,N.America,219.74617849339083,30.907614645198276,14.092385354801724,45.0,0.0,6.164285714285711,0.0,1.0,225.0561244416591,250.16449720041905,0,144.8572644885241,,counterfactual
10,wheat,Russia,FSU,228.0972111100204,45.98562550004908,44.01437449995092,90.0,0.0,13.109523809523807,0.0,1.0,225.0561244416591,250.16449720041905,0,144.8572644885241,,counterfactual
10,wheat,EU,Europe,238.17556962219456,121.41893164533666,8.581068354663344,130.0,0.0,18.91428571428571,0.0,1.0,225.0561244416591,250.16449720041905,0,144.8572644885241,,counterfactual
10,wheat,Ukraine,FSU,238.30931062908058,9.105216204338275,15.894783795661725,25.0,0.0,3.5547619047619037,0.0,1.0,225.0561244416591,250.16449720041905,0,144.8572644885241,,counterfactual
10,wheat,Canada,N.America,221.3808999945657,10.286191000054343,23.713808999945655,34.0,0.0,4.709523809523807,0.0,1.0,225.0561244416591,250.16449720041905,0,144.8572644885241,,counterfactual
10,wheat,Australia,Oceania,213.85877097070184,8.289129832234385,21.710870167765613,30.0,0.0,4.3422941912173085,0.0,1.0,225.0561244416591,250.16449720041905,0,144.8572644885241,,counterfactual
10,wheat,Argentina,S.America,219.86301323117436,6.180821920612954,13.819178079387047,20.0,0.0,2.8047619047619037,0.0,1.0,225.0561244416591,250.16449720041905,0,144.8572644885241,,counterfactual
10,wheat,Brazil,S.America,235.16146587801936,13.192900943585748,-5.192900943585748,8.0,0.0,1.2,0.0,1.0,225.0561244416591,250.16449720041905,0,144.8572644885241,,counterfactual
10,wheat,India,S.Asia,231.57763229156387,106.9343486093858,3.030783546604212,109.96513215599,0.0,16.5,20.68618940391,1.0,225.0561244416591,250.16449720041905,0,144.8572644885241,,counterfactual
10,wheat,Thailand,SE.Asia,235.96011653956862,2.028079766920863,-2.028079766920863,0.0,0.0,0.0,0.0,1.0,225.0561244416591,250.16449720041905,0,144.8572644885241,,counterfactual
10,wheat,Vietnam,SE.Asia,234.64406289939603,2.53838984275151,-2.53838984275151,0.0,0.0,0.0,0.0,1.0,225.0561244416591,250.16449720041905,0,144.8572644885241,,counterfactual
10,wheat,China,E.Asia,240.20278535468128,146.42059612357122,-1.4205961235712152,145.0,0.0,0.0,23.0,1.0,225.0561244416591,250.16449720041905,0,144.8572644885241,,counterfactual
10,wheat,Egypt,MENA,251.80472194985697,19.96390556100286,-10.96170829537786,9.002197265625,0.0,0.0,0.002197265625,1.0,225.0561244416591,250.16449720041905,0,144.8572644885241,,counterfactual
10,wheat,Indonesia,SE.Asia,229.41216107405413,11.226466228185405,-11.226466228185405,0.0,0.0,0.0,0.0,1.0,225.0561244416591,250.16449720041905,0,144.8572644885241,,counterfactual
10,wheat,Mexico,N.America,232.2935843795959,8.141651324963233,-5.141651324963233,3.0,0.0,0.0,0.0,1.0,225.0561244416591,250.16449720041905,0,144.8572644885241,,counterfactual
10,wheat,Nigeria,Africa,250.36954360634502,5.99778273836193,-5.89778273836193,0.1,0.0,0.0,0.0,1.0,225.0561244416591,250.16449720041905,0,144.8572644885241,,counterfactual
10,wheat,RestOfWorld,RoW,254.8030165550626,238.3496775350625,-100.44967753506253,137.89999999999998,0.0,0.0,0.0,1.0,225.0561244416591,250.16449720041905,0,144.8572644885241,,counterfactual
10,rice,USA,N.America,380.79355669671423,4.038412886606571,2.9615871133934286,7.0,0.0,1.05,0.0,1.0,380.9929090930424,409.18065557621975,0,48.25736855198092,,counterfactual
10,rice,Russia,FSU,399.9828187634385,1.500012885927421,-0.5000128859274211,1.0,0.0,0.15,0.0,1.0,380.9929090930424,409.18065557621975,0,48.25736855198092,,counterfactual
10,rice,EU,Europe,411.2644558517744,3.977471088296451,-1.977471088296451,2.0,0.0,0.3,0.0,1.0,380.9929090930424,409.18065557621975,0,48.25736855198092,,counterfactual
10,rice,Ukraine,FSU,406.97895686532075,0.2989531564702019,-0.2989531564702019,0.0,0.0,0.0,0.0,1.0,380.9929090930424,409.18065557621975,0,48.25736855198092,,counterfactual
10,rice,Canada,N.America,395.03963047734925,0.4009920739045302,-0.4009920739045302,0.0,0.0,0.0,0.0,1.0,380.9929090930424,409.18065557621975,0,48.25736855198092,,counterfactual
10,rice,Australia,Oceania,399.1389771226159,0.500215255719346,-0.00021525571934599697,0.5,0.0,0.075,0.0,1.0,380.9929090930424,409.18065557621975,0,48.25736855198092,,counterfactual
10,rice,Argentina,S.America,377.0562096793486,1.0114718951603257,0.48852810483967435,1.5,0.0,0.22499999999999998,0.0,1.0,380.9929090930424,409.18065557621975,0,48.25736855198092,,counterfactual
10,rice,Brazil,S.America,393.8844752464315,11.033635386144626,-0.03363538614462591,11.0,0.0,0.0,0.0,1.0,380.9929090930424,409.18065557621975,0,48.25736855198092,,counterfactual
10,rice,India,S.Asia,385.4338791369644,110.80113664746696,19.369778940801723,130.17091558826868,0.0,17.465900046776046,25.0,1.0,380.9929090930424,409.18065557621975,0,48.25736855198092,,counterfactual
10,rice,Thailand,SE.Asia,378.7363479738847,20.212636520261153,12.787363479738847,33.0,0.0,4.3840787596011035,0.0,1.0,380.9929090930424,409.18065557621975,0,48.25736855198092,,counterfactual
10,rice,Vietnam,SE.Asia,376.6726437837271,30.349910343244094,12.650089656755906,43.0,0.0,6.008095238095239,0.0,1.0,380.9929090930424,409.18065557621975,0,48.25736855198092,,counterfactual
10,rice,China,E.Asia,391.9881490665904,212.84925619894142,-0.8492561989414185,212.0,0.0,0.0,78.0,1.0,380.9929090930424,409.18065557621975,0,48.25736855198092,,counterfactual
10,rice,Egypt,MENA,400.0050101544166,3.9999899796911667,1.0020308833347258e-05,4.0,0.0,0.0,0.0,1.0,380.9929090930424,409.18065557621975,0,48.25736855198092,,counterfactual
10,rice,Indonesia,SE.Asia,391.2279173027075,56.24561831552419,-2.2456183155241902,54.0,0.0,0.0,0.0,1.0,380.9929090930424,409.18065557621975,0,48.25736855198092,,counterfactual
10,rice,Mexico,N.America,394.5957012180772,1.0027021493909614,-0.8027021493909614,0.2,0.0,0.0,0.0,1.0,380.9929090930424,409.18065557621975,0,48.25736855198092,,counterfactual
10,rice,Nigeria,Africa,410.6133914145661,8.454893086488093,-0.45489308648809335,8.0,0.0,0.0,0.0,1.0,380.9929090930424,409.18065557621975,0,48.25736855198092,,counterfactual
10,rice,RestOfWorld,RoW,410.981802185085,55.493607719036135,-40.69360771903612,14.800000000000011,0.0,0.0,0.0,1.0,380.9929090930424,409.18065557621975,0,48.25736855198092,,counterfactual
10,maize,USA,N.America,179.4699862292316,309.2385061968458,40.761493803154224,350.0,0.0,52.27142857142857,0.0,1.0,182.38663597867648,207.80906184377145,0,154.44674977615776,,counterfactual
10,maize,Russia,FSU,199.8200789040044,13.003508461371913,1.9964915386280868,15.0,0.0,2.25,0.0,1.0,182.38663597867648,207.80906184377145,0,154.44674977615776,,counterfactual
10,maize,EU,Europe,205.7857634944509,84.26231515445751,-18.811343397304512,65.450971757153,0.0,7.405029531735886,0.0,1.0,182.38663597867648,207.80906184377145,0,154.44674977615776,,counterfactual
10,maize,Ukraine,FSU,194.41696548142693,6.0502473106671575,23.949752689332843,30.0,0.0,4.423809523809524,0.0,1.0,182.38663597867648,207.80906184377145,0,154.44674977615776,,counterfactual
10,maize,Canada,N.America,191.77341728714148,15.185098111039316,-1.1850981110393164,14.0,0.0,2.1,0.0,1.0,182.38663597867648,207.80906184377145,0,154.44674977615776,,counterfactual
10,maize,Australia,Oceania,214.9250273474991,0.9776124589787514,-0.4776124589787514,0.5,0.0,0.075,0.0,1.0,182.38663597867648,207.80906184377145,0,154.44674977615776,,counterfactual
10,maize,Argentina,S.America,176.89298259061343,12.415926313368958,42.584073686631044,55.0,0.0,8.144246867897065,0.0,1.0,182.38663597867648,207.80906184377145,0,154.44674977615776,,counterfactual
10,maize,Brazil,S.America,181.98298522501156,77.0269141621862,42.9730858378138,120.0,0.0,17.847619047619048,0.0,1.0,182.38663597867648,207.80906184377145,0,154.44674977615776,,counterfactual
10,maize,India,S.Asia,204.040891118901,29.818159899649455,2.181840100350545,32.0,0.0,4.8,0.0,1.0,182.38663597867648,207.80906184377145,0,154.44674977615776,,counterfactual
10,maize,Thailand,SE.Asia,217.44480997349433,5.842996710238551,-0.8429967102385509,5.0,0.0,0.75,0.0,1.0,182.38663597867648,207.80906184377145,0,154.44674977615776,,counterfactual
10,maize,Vietnam,SE.Asia,219.20998480941319,7.769480182287042,-3.769480182287042,4.0,0.0,0.6,0.0,1.0,182.38663597867648,207.80906184377145,0,154.44674977615776,,counterfactual
10,maize,China,E.Asia,214.338344212723,288.6552826858701,-13.499032685870077,275.15625,0.0,0.0,0.15625,1.0,182.38663597867648,207.80906184377145,0,154.44674977615776,,counterfactual
10,maize,Egypt,MENA,207.84126691506702,15.811809594038392,-8.811809594038392,7.0,0.0,0.0,0.0,1.0,182.38663597867648,207.80906184377145,0,154.44674977615776,,counterfactual
10,maize,Indonesia,SE.Asia,221.46246554112292,23.227351240519575,-0.22735124051957456,23.0,0.0,0.0,0.0,1.0,182.38663597867648,207.80906184377145,0,154.44674977615776,,counterfactual
10,maize,Mexico,N.America,191.39002205240487,44.56825854454128,-17.56825854454128,27.0,0.0,0.0,0.0,1.0,182.38663597867648,207.80906184377145,0,154.44674977615776,,counterfactual
10,maize,Nigeria,Africa,205.87418524822647,12.885453387659583,-0.8854533876595827,12.0,0.0,0.0,0.0,1.0,182.38663597867648,207.80906184377145,0,154.44674977615776,,counterfactual
10,maize,RestOfWorld,RoW,210.0859860114862,203.86830134343356,-88.36830134343356,115.5,0.0,0.0,0.0,1.0,182.38663597867648,207.80906184377145,0,154.44674977615776,,counterfactual
11,wheat,USA,N.America,219.7431167614204,30.90770649715739,14.092293502842612,45.0,0.0,6.164285714285711,0.0,1.0,225.05317321687042,250.16142818814978,0,144.85973181834882,,counterfactual
11,wheat,Russia,FSU,228.09414937747192,45.98576327801376,44.01423672198624,90.0,0.0,13.109523809523807,0.0,1.0,225.05317321687042,250.16142818814978,0,144.85973181834882,,counterfactual
11,wheat,EU,Europe,238.1725078905401,121.41929905313519,8.580700946864809,130.0,0.0,18.91428571428571,0.0,1.0,225.05317321687042,250.16142818814978,0,144.85973181834882,,counterfactual
11,wheat,Ukraine,FSU,238.30624889581821,9.105243759937636,15.894756240062364,25.0,0.0,3.5547619047619037,0.0,1.0,225.05317321687042,250.16142818814978,0,144.85973181834882,,counterfactual
11,wheat,Canada,N.America,221.37783826121887,10.286221617387811,23.71377838261219,34.0,0.0,4.709523809523807,0.0,1.0,225.05317321687042,250.16142818814978,0,144.85973181834882,,counterfactual
11,wheat,Australia,Oceania,213.8557092389406,8.289154326088475,21.710845673911525,30.0,0.0,4.3422941912173085,0.0,1.0,225.05317321687042,250.16142818814978,0,144.85973181834882,,counterfactual
11,wheat,Argentina,S.America,219.85995150051883,6.180840290996887,13.819159709003113,20.0,0.0,2.8047619047619037,0.0,1.0,225.05317321687042,250.16142818814978,0,144.85973181834882,,counterfactual
11,wheat,Brazil,S.America,235.15840414684132,13.192940746091063,-5.192940746091063,8.0,0.0,1.2,0.0,1.0,225.05317321687042,250.16142818814978,0,144.85973181834882,,counterfactual
11,wheat,India,S.Asia,231.5745705616392,106.93467009102788,3.0339488493631137,109.968618940391,0.0,16.5,20.717570463519,1.0,225.05317321687042,250.16142818814978,0,144.85973181834882,,counterfactual
11,wheat,Thailand,SE.Asia,235.9570547995078,2.0280858904009844,-2.0280858904009844,0.0,0.0,0.0,0.0,1.0,225.05317321687042,250.16142818814978,0,144.85973181834882,,counterfactual
11,wheat,Vietnam,SE.Asia,234.64100116134875,2.538397497096628,-2.538397497096628,0.0,0.0,0.0,0.0,1.0,225.05317321687042,250.16142818814978,0,144.85973181834882,,counterfactual
11,wheat,China,E.Asia,240.1997236176185,146.42104007544532,-1.421040075445319,145.0,0.0,0.0,16.0,1.0,225.05317321687042,250.16142818814978,0,144.85973181834882,,counterfactual
11,wheat,Egypt,MENA,251.80166021680802,19.96396679566384,-10.96286816285134,9.0010986328125,0.0,0.0,0.0010986328125,1.0,225.05317321687042,250.16142818814978,0,144.85973181834882,,counterfactual
11,wheat,Indonesia,SE.Asia,229.40909934225883,11.226499907235153,-11.226499907235153,0.0,0.0,0.0,0.0,1.0,225.05317321687042,250.16142818814978,0,144.85973181834882,,counterfactual
11,wheat,Mexico,N.America,232.2905226452836,8.141675818837731,-5.141675818837731,3.0,0.0,0.0,0.0,1.0,225.05317321687042,250.16142818814978,0,144.85973181834882,,counterfactual
11,wheat,Nigeria,Africa,250.36648187450393,5.997801108752976,-5.897801108752977,0.1,0.0,0.0,0.0,1.0,225.05317321687042,250.16142818814978,0,144.85973181834882,,counterfactual
11,wheat,RestOfWorld,RoW,254.7999548228192,238.3504108199348,-100.45041081993483,137.89999999999998,0.0,0.0,0.0,1.0,225.05317321687042,250.16142818814978,0,144.85973181834882,,counterfactual
11,rice,USA,N.America,380.7936717520124,4.038412656495975,2.961587343504025,7.0,0.0,1.05,0.0,1.0,380.9930208245924,409.1807748777529,0,48.25734991236831,,counterfactual
11,rice,Russia,FSU,399.98293382265723,1.500012799633007,-0.500012799633007,1.0,0.0,0.15,0.0,1.0,380.9930208245924,409.1807748777529,0,48.25734991236831,,counterfactual
11,rice,EU,Europe,411.26457090280286,3.977470858194394,-1.977470858194394,2.0,0.0,0.3,0.0,1.0,380.9930208245924,409.1807748777529,0,48.25734991236831,,counterfactual
11,rice,Ukraine,FSU,406.9790718870044,0.2989531392169493,-0.2989531392169493,0.0,0.0,0.0,0.0,1.0,380.9930208245924,409.1807748777529,0,48.25734991236831,,counterfactual
11,rice,Canada,N.America,395.03974548500764,0.4009920509029985,-0.4009920509029985,0.0,0.0,0.0,0.0,1.0,380.9930208245924,409.1807748777529,0,48.25734991236831,,counterfactual
11,rice,Australia,Oceania,399.1377455830709,0.5002155636042322,-0.00021556360423224952,0.5,0.0,0.075,0.0,1.0,380.9930208245924,409.1807748777529,0,48.25734991236831,,counterfactual
11,rice,Argentina,S.America,377.0562095268368,1.0114718952365815,0.48852810476341846,1.5,0.0,0.22499999999999998,0.0,1.0,380.9930208245924,409.1807748777529,0,48.25734991236831,,counterfactual
11,rice,Brazil,S.America,393.8844747949394,11.033635388627832,-0.03363538862783244,11.0,0.0,0.0,0.0,1.0,380.9930208245924,409.1807748777529,0,48.25734991236831,,counterfactual
11,rice,India,S.Asia,385.4339942243604,110.80113031766018,19.369756993069842,130.17088731073002,0.0,17.295012736046026,25.0,1.0,380.9930208245924,409.1807748777529,0,48.25734991236831,,counterfactual
11,rice,Thailand,SE.Asia,378.7364630610348,20.212635369389652,12.787364630610348,33.0,0.0,4.3840787596011035,0.0,1.0,380.9930208245924,409.1807748777529,0,48.25734991236831,,counterfactual
11,rice,Vietnam,SE.Asia,376.6727588715872,30.349908616926193,12.650091383073807,43.0,0.0,6.008095238095239,0.0,1.0,380.9930208245924,409.1807748777529,0,48.25734991236831,,counterfactual
11,rice,China,E.Asia,391.9882641429317,212.84924400084924,-0.8492440008492395,212.0,0.0,0.0,76.0,1.0,380.9930208245924,409.1807748777529,0,48.25734991236831,,counterfactual
11,rice,Egypt,MENA,400.00506319042614,3.9999898736191475,1.0126380852515382e-05,4.0,0.0,0.0,0.0,1.0,380.9930208245924,409.1807748777529,0,48.25734991236831,,counterfactual
11,rice,Indonesia,SE.Asia,391.22803238674254,56.24561509317121,-2.24561509317121,54.0,0.0,0.0,0.0,1.0,380.9930208245924,409.1807748777529,0,48.25734991236831,,counterfactual
11,rice,Mexico,N.America,394.5958162534606,1.0027020918732696,-0.8027020918732697,0.2,0.0,0.0,0.0,1.0,380.9930208245924,409.1807748777529,0,48.25734991236831,,counterfactual
11,rice,Nigeria,Africa,410.61339123884886,8.454893087234892,-0.4548930872348915,8.0,0.0,0.0,0.0,1.0,380.9930208245924,409.1807748777529,0,48.25734991236831,,counterfactual
11,rice,RestOfWorld,RoW,410.9819172724312,55.493604508099175,-40.69360450809916,14.800000000000011,0.0,0.0,0.0,1.0,380.9930208245924,409.1807748777529,0,48.25734991236831,,counterfactual
11,maize,USA,N.America,179.51268304671544,309.21929262897805,40.78070737102195,350.0,0.0,52.27142857142857,0.0,1.0,182.42932336132077,207.85440559263907,0,154.4746735989579,,counterfactual
11,maize,Russia,FSU,199.86277572461566,13.002675873369993,1.9973241266300068,15.0,0.0,2.25,0.0,1.0,182.42932336132077,207.85440559263907,0,154.4746735989579,,counterfactual
11,maize,EU,Europe,205.82846031047097,84.25687131041495,-18.801426555943706,65.45544475447124,0.0,6.949584777264647,0.0,1.0,182.42932336132077,207.85440559263907,0,154.4746735989579,,counterfactual
11,maize,Ukraine,FSU,194.45966229572284,6.0498630393384945,23.950136960661506,30.0,0.0,4.423809523809524,0.0,1.0,182.42932336132077,207.85440559263907,0,154.4746735989579,,counterfactual
11,maize,Canada,N.America,191.8161140951662,15.18413743285876,-1.1841374328587602,14.0,0.0,2.1,0.0,1.0,182.42932336132077,207.85440559263907,0,154.4746735989579,,counterfactual
11,maize,Australia,Oceania,214.96772412653553,0.9775484138101967,-0.47754841381019675,0.5,0.0,0.075,0.0,1.0,182.42932336132077,207.85440559263907,0,154.4746735989579,,counterfactual
11,maize,Argentina,S.America,176.93567940239095,12.415157770756963,42.58484222924304,55.0,0.0,8.144246867897065,0.0,1.0,182.42932336132077,207.85440559263907,0,154.4746735989579,,counterfactual
11,maize,Brazil,S.America,182.02568203742342,77.02211077078987,42.977889229210135,120.0,0.0,17.847619047619048,0.0,1.0,182.42932336132077,207.85440559263907,0,154.4746735989579,,counterfactual
11,maize,India,S.Asia,204.08358793589244,29.81623854288484,2.1837614571151605,32.0,0.0,4.8,0.0,1.0,182.42932336132077,207.85440559263907,0,154.4746735989579,,counterfactual
11,maize,Thailand,SE.Asia,217.48750677473794,5.842612439027358,-0.8426124390273584,5.0,0.0,0.75,0.0,1.0,182.42932336132077,207.85440559263907,0,154.4746735989579,,counterfactual
11,maize,Vietnam,SE.Asia,219.2526816196807,7.768967820563832,-3.768967820563832,4.0,0.0,0.6,0.0,1.0,182.42932336132077,207.85440559263907,0,154.4746735989579,,counterfactual
11,maize,China,E.Asia,214.38104102972628,288.6363893443461,-13.558264344346128,275.078125,0.0,0.0,0.078125,1.0,182.42932336132077,207.85440559263907,0,154.4746735989579,,counterfactual
11,maize,Egypt,MENA,207.88396372978215,15.810784870485229,-8.810784870485229,7.0,0.0,0.0,0.0,1.0,182.42932336132077,207.85440559263907,0,154.4746735989579,,counterfactual
11,maize,Indonesia,SE.Asia,221.50516224627845,23.225814159133975,-0.22581415913397507,23.0,0.0,0.0,0.0,1.0,182.42932336132077,207.85440559263907,0,154.4746735989579,,counterfactual
11,maize,Mexico,N.America,191.43271886964916,44.56544055460316,-17.565440554603157,27.0,0.0,0.0,0.0,1.0,182.42932336132077,207.85440559263907,0,154.4746735989579,,counterfactual
11,maize,Nigeria,Africa,205.91688204740987,12.884620800075506,-0.8846208000755063,12.0,0.0,0.0,0.0,1.0,182.42932336132077,207.85440559263907,0,154.4746735989579,,counterfactual
11,maize,RestOfWorld,RoW,210.12868282436725,203.855043983034,-88.355043983034,115.5,0.0,0.0,0.0,1.0,182.42932336132077,207.85440559263907,0,154.4746735989579,,counterfactual
