"","1","2","3","4","8","9","10","11","12","13","14","16","17","18","19","20","21","22","23","25","26","27","28","29","32","33","35","37","38","39","40","41","44","45","46","47","48","49","50","52","53","54","55","56","57","58","59","60","61","63","64","66","67","68","70","72","73","74","75","79","80","81","83","84","85","86","89","90","91","93","95","96","97","98","99","100","101","102","103","104","105","106","107","108","109","110","112","113","114","115","116","117","118","119","120","121","122","123","124","126","128","129","130","131","132","133","134","136","137","138","141","143","144","146","147","149","150","151","153","154","155","156","157","158","159","162","165","166","167","168","169","170","171","173","174","175","176","178","179","181","183","184","185","188","189","191","193","194","195","196","197","198","199","200","201","202","203","207","208","209","210","211","212","213","214","215","216","217","219","220","221","222","223","225","226","227","229","230","231","233","234","235","236","237","238","249","250","251","255","256","272","273","276","277","299"
"Armenia",0,0,0,0,0,0,0,0,0,0,0,0,0,0,0,0,0,0,0,0,0,0,0,0,0,0,0,0,0,0,0,0,0,0,0,0,0,0,0,0,0,0,0,0,0,0,0,0,0,0,0,0,0,0,0,0,0,0,0,0,0,0,0,0,0,0,0,0,0,0,0,0,0,0,0,0,0,0,0,0,0,0,0,0,0,0,0,0,0,0,0,0,0,0,0,0,0,0,0,0,0,0,0,0,0,0,0,0,0,0,0,0,0,0,0,0,0,0,0,0,0,0,0,0,0,0,0,0,0,0,0,0,0,0,0,0,0,0,0,0,0,0,0,0,0,0,0,0,0,0,0,0,0,0,0,0,0,0,0,0,0,0,0,0,0,0,0,0,0,0,0,0,0,0,0,0,0,0,0,0,0,0,0,0,0,0,0,0,0,0,0,0,0,0,0
"Afghanistan",0,0,0,0,0,0,0,0,0,0,0,0,0,0,0,0,0,0,0,0,0,0,0,0,0,0,0,0,0,0,0,0,0,0,0,0,0,0,0,0,0,0,0,0,0,0,0,0,0,0,0,0,0,0,0,0,0,0,0,0,0,0,0,0,0,0,0,0,0,0,0,0,0,0,0,0,0,80100000,0,0,0,0,0,0,0,0,0,0,0,0,0,0,0,0,0,0,0,0,0,0,0,0,0,0,0,0,0,0,0,0,0,0,0,0,0,0,0,0,0,0,0,0,0,0,0,0,0,0,0,0,0,0,0,0,0,0,0,0,0,0,0,0,0,0,0,0,0,0,0,0,0,0,0,0,0,0,0,0,0,0,0,0,0,0,0,0,0,0,0,0,0,0,0,0,0,0,0,0,0,0,0,0,0,0,0,0,0,0,0,0,0,0,0,0,0
"Albania",0,0,0,0,0,0,0,0,0,0,0,0,0,0,0,0,0,0,0,0,0,0,0,0,0,0,0,0,0,0,0,0,0,0,0,0,0,0,0,0,0,0,0,0,0,0,0,0,0,0,0,0,0,0,0,0,0,0,0,19965000,0,0,0,0,0,0,0,0,0,0,0,0,0,0,0,0,0,0,0,0,0,0,0,0,0,0,0,0,0,0,0,0,0,0,0,0,0,0,0,0,0,0,0,0,0,0,0,0,0,0,0,0,0,0,0,0,0,0,0,0,0,0,0,0,0,0,0,0,0,0,0,0,0,0,0,0,0,0,0,0,0,0,0,0,0,0,0,0,0,0,0,0,0,0,0,0,0,0,0,0,0,0,0,0,0,0,0,0,0,0,0,0,0,0,0,0,0,0,0,0,0,0,0,0,0,0,0,0,0,0,44500000,0,0,0,0
"Algeria",0,0,0,0,0,0,0,0,0,0,0,0,0,0,0,0,0,0,0,0,0,0,0,0,0,0,0,0,0,0,0,0,0,0,0,0,0,0,0,0,0,0,0,0,0,0,0,0,0,0,0,0,0,0,0,0,0,0,0,0,0,0,0,0,0,0,0,0,0,0,0,0,0,0,0,0,0,0,0,0,0,0,0,0,0,0,0,0,0,0,0,0,0,0,0,0,0,0,0,0,0,0,0,0,0,0,0,0,0,0,0,0,0,0,0,0,0,0,0,0,0,0,0,0,0,0,0,0,0,0,0,0,0,0,0,0,0,0,0,0,0,0,0,0,0,0,0,0,0,0,0,0,0,0,0,0,0,0,0,0,0,0,0,0,0,0,0,0,0,0,0,0,0,0,0,0,0,0,0,0,0,0,0,0,0,0,0,0,0,0,0,0,0,0,0
"Antigua and Barbuda",0,0,0,0,0,0,0,0,0,0,0,0,0,0,0,0,0,0,0,0,0,0,0,0,0,0,0,0,0,0,0,0,0,0,0,0,0,0,0,0,0,0,0,0,0,0,0,0,0,0,0,0,0,0,0,0,0,0,0,0,0,0,0,0,0,0,0,0,0,0,0,0,0,0,0,0,0,0,0,0,0,0,0,0,0,0,0,0,0,0,0,0,0,0,0,0,0,0,0,0,0,0,0,0,0,0,0,0,0,0,0,0,0,0,0,0,0,0,0,0,0,0,0,0,0,0,0,0,0,0,0,0,0,0,0,0,0,0,0,0,0,0,0,0,0,0,0,0,0,0,0,0,0,0,0,0,0,0,0,0,0,0,0,0,0,0,0,0,0,0,0,0,0,0,0,0,0,0,0,0,0,0,0,0,0,0,0,0,0,0,0,0,0,0,0
"Argentina",735840000,0,955860000,6974102220000,0,0,15998800000,0,0,15147800000,247520000,0,0,0,139296835000,0,98762860000,0,0,0,0,3478120000,0,0,2.859e+09,1341180000,54384340000,0,0,0,1282134160000,7120000,8014852280000,0,36394720000,0,895340000,511983180000,770740000,400500000,3127460000,10735180000,99620000,310768985000,90780000,931249420000,4326757620000,913340000,0,0,0,0,0,8738145000,0,1796020000,49722340000,936060000,0,5319280000,494840000,0,0,8139525000,0,0,1071720000,2433260000,0,225850000,1798920000,160200000,1504100000,1135640000,0,58814760000,3927600260000,5371781900000,1363480000,487720000,270386375000,13691760000,15834520000,0,817700000,2304160160000,483068860000,0,3005020000,0,0,458257440000,275684620000,174440000,0,97691740000,0,2719840000,52741400000,448560000,0,0,0,4998357480000,0,503740000,0,0,316355840000,2157360000,0,2664557300000,370240000,0,0,4998240000,359196880000,0,0,249200000,0,335205000,201140000,0,1623360000,2831980000,1027060000,161754600000,6349260000,0,16786100000,4691228920000,41578180000,115178460000,2609760000,90780000,0,0,229620000,0,5252780000,0,2754430000,0,0,0,0,2115396700000,220091660000,0,1003920000,90780000,8.9e+07,0,0,23467520000,399474180000,58985000,0,0,35600000,708440000,578610360000,0,1165376680000,640800000,2803500000,4912800000,0,719960000,147377060000,347880260000,77623120000,581321300000,0,0,554105100000,1313640000,70431300000,457460000,47031995000,0,1174327580000,1144250500000,3196880000,1276596420000,11244260000,0,13713120000,0,42720000,270560000,0,0,0
"Australia",0,0,0,0,0,0,0,0,0,0,0,1106780000,0,0,0,0,0,0,0,10855000,1865000,0,0,0,0,0,0,0,0,0,0,106915000,0,0,0,0,0,0,1815000,0,0,0,0,0,0,0,0,0,0,0,0,7120000,0,0,5510000,0,0,0,0,0,0,0,3560000,0,0,0,5340000,0,0,0,0,40250000,0,0,0,53040000,91385000,0,0,0,0,0,0,0,0,16433660000,0,0,0,0,0,72483730000,0,0,0,0,0,0,0,0,0,0,0,31250000,0,0,0,0,0,0,0,0,0,0,0,0,0,0,624885000,0,12705000,2353720000,0,0,0,0,0,0,0,880300000,0,0,1815000,0,0,0,0,0,0,0,0,0,0,0,0,0,0,23140000,0,0,0,0,0,14450000,0,1780000,0,0,0,0,0,0,0,0,42720000,0,85320000,0,1780000,0,48060000,0,0,0,0,0,45375000,0,33570000,0,0,0,0,0,0,0,0,0,14285000,0,0,0,0,0,0
"Austria",0,0,0,0,0,0,0,0,0,0,0,0,0,0,0,0,0,0,0,0,0,3191145000,0,0,0,0,0,0,0,0,17800000,0,0,0,0,0,0,0,0,0,0,1110720000,0,0,8840000,0,0,0,0,0,0,0,3630000,11337135000,0,0,12460000,0,0,162497570000,24860000,0,0,0,0,0,0,0,0,0,0,0,49298775000,974865000,0,0,0,0,0,277680000,0,1024556515000,0,121040000,0,603420000,0,19580000,0,0,0,0,0,0,0,0,0,0,0,391600000,0,0,0,0,0,0,0,0,0,0,0,0,0,0,0,0,1409760000,0,0,0,0,0,0,0,0,280000,0,0,3290800000,0,0,0,0,8529190000,0,0,0,0,0,0,2923020000,0,3253840000,0,0,0,0,0,0,0,0,44993615000,53094755000,0,0,0,384060000,0,0,0,348500000,17738275000,0,0,0,0,0,0,0,0,0,0,23664985000,0,0,0,1081475000,6892160000,7460000,0,0,1780000,0,0,0,0,0,0,1237960000,23310000,194055000,0,0,0,0
"Bahamas",0,0,0,0,0,0,0,0,0,0,0,0,0,0,0,0,0,0,0,0,0,0,0,0,0,0,0,0,0,0,0,0,0,0,0,0,0,0,0,0,0,0,0,0,0,0,0,0,0,0,0,0,0,0,0,0,0,0,0,0,0,0,0,0,0,0,0,0,0,0,0,0,0,0,0,0,0,0,0,0,0,0,0,0,0,0,0,0,0,0,0,0,0,0,0,0,0,0,0,0,0,0,0,0,0,0,0,0,0,0,0,0,0,0,0,0,0,0,0,0,0,0,0,0,0,0,0,0,0,0,0,0,0,0,0,0,0,0,0,0,0,0,0,0,0,0,0,0,0,0,0,0,0,0,0,0,0,0,0,0,0,0,0,0,0,0,0,0,0,0,0,0,0,0,0,0,0,0,0,0,0,0,0,0,0,0,0,0,0,0,0,0,0,0,0
"Bahrain",0,0,0,0,0,0,0,0,0,0,0,0,0,0,0,0,0,0,0,0,0,0,0,0,0,0,0,0,0,0,0,0,0,0,0,0,0,0,0,0,0,0,0,0,0,0,57460000,0,0,0,0,0,0,0,0,0,0,0,0,0,0,0,0,0,0,0,0,0,0,0,0,0,0,0,0,0,0,0,0,0,0,0,0,0,0,0,0,0,0,0,0,0,0,0,0,0,0,0,0,0,0,0,0,0,0,0,0,0,0,0,0,0,0,0,0,0,0,0,0,0,0,0,0,0,0,0,0,0,0,0,0,0,0,0,0,0,0,0,3630000,0,0,0,0,0,0,0,0,29880000,0,0,0,0,0,0,0,0,0,0,0,0,0,0,0,0,0,0,0,0,0,0,4420000,0,0,0,0,0,0,0,0,0,0,0,0,0,0,0,0,0,0,0,0,0,0,0,0
"Barbados",0,0,0,0,5445000,0,0,0,0,0,0,0,0,0,0,0,0,0,0,0,0,0,0,0,0,0,0,0,0,0,0,0,0,0,0,0,0,0,0,0,0,0,0,0,0,0,0,0,0,0,0,0,0,0,0,0,0,0,0,0,0,0,0,0,0,0,0,0,1103520000,0,0,0,0,0,0,0,0,0,0,0,0,0,0,0,751410000,0,0,0,0,0,0,0,0,0,0,0,0,0,0,0,0,0,0,0,0,0,0,0,0,0,0,0,0,0,0,0,0,0,0,0,0,0,0,0,0,0,0,0,0,0,0,0,0,0,0,0,0,0,0,0,0,0,0,16195000,35360000,0,0,0,0,0,0,0,0,0,0,0,0,0,0,0,0,0,0,0,0,0,0,0,0,0,0,0,0,0,0,0,0,0,19965000,0,0,0,0,0,0,0,0,0,0,0,0,0,0,0,0
"Bangladesh",0,0,0,0,0,0,0,0,0,0,0,0,0,0,0,0,0,0,0,0,0,0,0,0,0,0,0,0,0,0,0,0,0,0,0,0,0,0,0,0,0,0,0,0,0,0,0,0,0,0,0,0,0,0,0,0,0,0,0,0,0,0,0,0,0,0,0,0,0,0,0,0,0,0,0,0,0,0,0,0,0,0,0,0,0,0,0,0,0,0,0,0,0,0,0,0,0,0,0,0,0,0,0,0,0,0,0,0,0,0,0,0,0,0,0,0,0,0,0,0,0,0,0,0,0,0,0,0,0,0,0,0,0,0,0,0,0,0,0,0,0,0,0,0,0,0,0,0,0,0,0,0,0,0,0,0,0,0,0,0,0,0,0,0,0,0,0,0,0,0,0,0,0,0,0,0,0,0,0,0,0,0,0,0,0,0,0,0,0,0,0,0,0,0,0
"Bermuda",0,0,0,0,0,0,0,0,0,0,0,0,0,0,0,0,0,0,0,0,0,0,0,0,0,0,0,0,0,0,0,0,0,0,0,0,0,0,0,0,0,0,0,0,0,0,0,0,0,0,0,0,0,0,0,0,0,0,0,0,0,0,0,0,0,0,0,0,0,0,0,0,0,0,0,0,0,0,0,0,0,0,0,0,0,0,0,0,0,0,0,0,0,0,0,0,0,0,0,0,0,0,0,0,0,0,0,0,0,0,0,0,0,0,0,0,0,0,0,0,0,0,0,0,0,0,0,0,0,0,0,0,0,0,0,0,0,0,0,0,0,0,0,0,0,0,0,0,0,0,0,0,0,0,0,0,0,0,0,0,0,0,0,0,0,0,0,0,0,0,0,0,0,0,0,0,0,0,0,0,0,0,0,0,0,0,0,0,0,0,0,0,0,0,0
"Bhutan",0,0,0,0,0,0,0,0,0,0,0,0,0,0,0,0,0,0,0,0,0,0,0,0,0,0,0,0,0,0,0,0,0,0,0,0,0,0,0,0,0,0,0,0,0,0,0,0,0,0,0,0,0,0,0,0,0,0,0,0,0,0,0,0,0,0,0,0,0,0,0,0,0,0,0,12460000,0,0,0,0,0,0,0,0,0,0,0,0,0,0,0,0,0,0,0,0,0,0,0,0,0,0,0,0,0,0,0,0,0,0,0,0,0,0,0,0,0,0,0,0,0,0,0,0,0,0,0,0,0,0,0,0,0,0,0,0,0,0,0,0,0,0,0,0,0,0,0,0,0,0,0,0,0,0,0,0,0,0,0,0,0,0,0,0,0,0,0,0,0,0,0,0,0,0,0,0,0,0,0,0,0,0,0,0,0,0,0,0,0,0,0,0,0,0,0
"Bolivia (Plurinational State of)",0,0,0,0,0,1972240000,7190000,0,0,0,0,0,0,0,0,0,374400000,0,0,0,0,0,0,0,0,5445000,0,0,0,0,448560000,0,2589900000,0,0,0,0,0,0,0,0,0,0,0,0,907800000,0,0,0,0,0,0,0,1815000,0,0,0,0,0,9075000,0,0,0,0,0,0,0,0,0,0,0,0,0,0,0,0,0,0,0,0,0,0,0,0,0,0,0,0,0,0,0,0,0,0,0,0,0,0,0,0,0,0,0,0,0,0,0,0,0,0,0,0,0,0,0,0,9075000,0,0,0,0,0,0,0,0,0,0,0,0,0,635460000,5140335000,0,0,0,0,0,0,0,0,0,0,0,0,0,0,0,0,0,0,0,0,0,0,0,0,35600000,0,0,0,0,0,0,0,0,0,0,0,0,0,0,0,0,0,0,0,0,0,80275000,0,0,0,0,0,0,0,0,0,0,0,0,0,0,0,0
"Botswana",0,0,0,0,0,0,0,0,0,0,0,0,0,0,0,0,0,0,0,0,0,0,0,0,0,0,0,0,0,0,0,0,0,0,0,0,0,0,0,0,0,0,0,0,0,0,0,0,0,0,0,0,0,0,0,0,0,0,0,0,0,0,0,0,0,0,0,0,0,0,0,0,0,0,0,0,0,0,0,0,0,0,0,0,0,0,0,0,0,0,0,0,0,0,0,0,0,0,0,0,0,0,54450000,0,0,0,0,0,0,0,0,0,0,0,27225000,0,0,0,0,0,0,0,0,0,0,0,0,0,0,0,0,0,0,0,0,0,0,0,0,90205090000,0,0,0,0,0,0,0,0,0,0,0,0,0,0,0,2295390000,0,0,0,0,0,0,0,0,0,0,0,0,0,0,0,0,0,0,0,0,0,0,0,0,0,0,0,0,0,0,0,1815000,0,0,0,0,0,0,0
"Brazil",0,0,0,1755893460000,4420000,11488120000,3630000,0,81675000,0,0,81675000,0,0,12432335000,0,0,0,43560000,0,0,0,0,0,0,19965000,137590000,0,0,0,549895000,1.0858e+11,2098717900000,0,7120000,0,0,492816140000,0,0,0,9.345e+09,0,565146440000,0,177307580000,1351001520000,0,87635000,0,0,0,0,70256625000,0,0,0,0,0,37387400000,0,80100000,0,0,0,0,224280000,0,0,13574520000,131320000,81675000,0,0,0,0,1.150592e+12,6045438920000,0,174794220000,114081500000,77879225000,0,0,1065405000,2387412935000,73857540000,0,2.21e+10,0,0,574962680000,104089060000,0,0,1279340000,0,2.492e+10,1.29139e+11,0,0,0,0,2655019520000,0,0,0,0,85305000,2482285000,0,2736452740000,7225000,0,0,0,1331494135000,0,0,0,0,39930000,0,0,170880000,0,1.691e+09,37247310000,0,0,37653755000,401569780000,1021720000,0,943222370000,0,0,0,0,0,0,0,0,0,8840000,4420000,0,2109020540000,0,0,0,0,0,37923600000,0,134747780000,2219184200000,71190000,0,0,0,7155000,156972860000,0,4032453340000,0,26700000,0,0,693900000,37444080000,382400300000,57897580000,249057600000,0,0,53978120000,0,44301595000,0,10323515000,0,393385860000,475299160000,0,185223240000,0,0,80826940000,0,0,0,0,0,0
"Aruba",0,0,0,0,0,0,0,0,0,0,0,0,0,0,0,0,0,0,0,0,0,0,0,0,0,0,0,0,0,0,0,0,0,0,0,0,0,0,0,0,0,0,0,0,0,0,0,0,0,0,0,0,0,0,0,0,0,0,0,0,0,0,0,0,0,0,0,0,0,0,0,0,0,0,0,0,0,0,0,0,0,0,0,0,0,0,0,0,0,0,0,0,0,0,0,0,0,0,0,0,0,0,0,0,0,0,0,0,0,0,0,0,0,0,0,0,0,0,0,0,0,0,0,0,0,0,0,0,0,0,0,0,0,0,0,0,0,0,0,0,0,0,0,0,0,0,0,0,0,0,0,0,0,0,0,0,0,0,0,0,0,0,0,0,0,0,0,0,0,0,0,0,0,0,0,0,0,0,0,0,0,0,0,0,0,0,0,0,0,0,0,0,0,0,0
"Belize",0,0,0,0,0,0,0,0,0,0,1815000,0,0,0,0,0,0,0,0,0,0,0,0,0,0,0,0,0,0,0,0,0,0,0,0,0,0,0,0,0,0,0,0,0,0,0,0,48060000,0,0,0,0,0,0,0,0,0,0,0,0,0,0,0,0,0,0,25770840000,0,41745000,0,0,0,0,0,0,0,0,0,0,0,0,0,0,0,11577755000,0,0,0,0,0,0,0,0,0,0,0,0,0,0,0,0,0,0,0,0,0,0,0,0,0,0,0,0,0,0,0,0,0,0,0,0,0,0,0,0,0,0,0,0,0,0,0,0,0,0,0,0,0,0,0,0,0,0,0,0,0,0,0,0,0,0,0,0,0,0,0,0,0,0,0,0,0,0,0,0,0,0,0,0,61710000,0,0,0,0,0,0,0,0,41745000,0,0,0,0,0,0,0,0,0,0,0,0,0,0,0,0
"Solomon Islands",0,0,0,0,0,0,0,0,0,0,0,0,0,0,0,0,0,0,0,0,0,0,0,0,0,0,0,0,0,0,0,0,0,0,0,0,0,0,0,0,0,0,0,0,0,0,0,0,0,0,0,0,0,0,0,0,0,0,0,0,0,0,0,0,0,0,0,0,0,0,0,0,0,0,0,0,0,0,0,0,0,0,0,0,0,0,0,0,0,0,0,0,0,0,0,0,0,0,0,0,0,0,0,0,0,0,0,0,0,0,0,0,0,0,0,0,0,0,0,0,0,0,0,0,0,0,0,0,0,0,0,0,0,0,0,0,0,0,0,0,0,0,0,0,0,0,0,0,0,0,0,0,0,0,0,0,0,0,0,0,0,0,0,0,0,0,0,0,0,0,0,0,0,0,0,0,0,0,0,0,0,0,0,0,0,0,0,0,0,0,0,0,0,0,0
"Brunei Darussalam",0,0,0,0,0,0,0,0,0,0,0,0,0,0,0,0,0,0,0,0,0,0,0,0,0,0,0,0,0,0,0,0,0,0,0,0,0,0,0,0,0,0,0,0,0,0,0,0,0,0,0,0,0,0,0,0,0,0,0,0,0,0,0,0,0,0,0,0,0,0,0,0,0,0,0,0,0,0,0,0,0,0,0,0,0,0,0,0,0,0,0,0,0,0,0,0,0,0,0,0,0,0,0,0,0,0,0,0,0,0,0,0,0,0,0,0,0,0,0,0,0,0,0,0,0,0,0,0,0,0,0,0,0,0,0,0,0,0,0,0,0,0,0,0,0,0,0,0,0,0,0,0,0,0,0,0,0,0,0,0,0,0,0,0,0,0,0,0,0,0,0,0,0,0,0,0,0,0,0,0,0,0,0,0,0,0,0,0,0,0,0,0,0,0,0
"Bulgaria",0,0,1.78e+08,51760620000,0,0,0,553580000,0,5340000,0,0,0,0,0,0,0,0,0,0,0,0,0,0,0,0,0,0,0,0,0,0,0,0,0,0,0,0,130872340000,0,0,0,0,0,0,0,201825300000,0,0,0,0,0,0,9968860000,0,0,5462820000,0,0,21370680000,0,0,0,396092635000,0,0,0,0,0,0,0,0,99680000,115700000,0,0,0,0,0,0,61274720000,90611385000,0,0,0,0,26425880000,0,0,0,0,0,0,0,0,33875180000,0,0,55354440000,0,0,0,0,0,0,0,5274140000,0,0,0,0,0,0,1780000,0,0,92923120000,0,0,9118940000,0,0,0,0,0,0,0,0,96320000,0,0,0,0,7120000,167070800000,0,0,0,0,0,638288030000,0,0,0,0,0,0,0,0,0,0,7695000,38165000,0,0,0,606757500000,0,0,0,0,0,173847260000,0,0,0,0,0,0,0,0,0,176125230000,0,0,0,0,0,3630000,0,0,0,0,0,0,0,0,0,1.6198e+10,0,5340000,0,0,0,0
"Myanmar",0,0,0,0,0,0,0,0,0,0,0,0,0,0,0,0,0,0,0,0,0,0,0,0,0,0,0,0,0,0,0,0,0,0,0,0,0,0,0,0,0,0,0,0,0,0,0,0,0,0,0,0,0,0,0,0,0,0,0,0,0,0,0,0,0,0,0,0,0,0,0,0,0,0,0,0,0,0,0,0,0,0,0,0,0,0,0,0,0,0,0,0,0,0,0,0,0,0,0,0,0,0,0,0,0,0,0,0,0,0,0,0,0,0,0,0,0,0,0,0,0,0,0,0,0,0,0,0,0,0,0,0,0,0,0,0,0,0,0,0,0,0,0,0,0,0,0,0,0,0,0,0,0,0,0,0,0,0,0,0,0,0,0,0,0,0,0,0,0,0,0,0,0,0,0,0,0,0,0,0,0,0,0,0,0,0,0,0,0,0,0,0,0,0,0
"Burundi",0,0,0,0,0,0,0,0,0,0,0,0,0,0,0,0,0,0,0,0,0,0,0,0,0,0,0,0,0,0,0,0,0,0,0,0,0,0,0,0,0,0,0,0,0,0,0,0,0,0,0,0,0,0,0,0,0,0,0,0,0,0,0,0,0,0,0,0,0,0,0,0,0,0,0,0,0,0,0,0,0,0,0,0,0,0,0,0,0,0,0,0,0,0,0,0,0,0,0,0,0,0,0,0,0,0,0,0,0,0,0,0,0,0,0,0,0,0,0,0,0,0,0,0,0,0,0,0,0,0,0,0,0,0,0,0,0,0,0,0,0,0,0,0,0,0,0,0,0,0,0,0,0,0,0,0,0,0,0,0,0,0,0,0,0,0,0,0,0,0,0,0,0,0,0,0,0,0,0,0,0,0,0,0,0,0,1446555000,0,0,0,0,0,0,0,0
"Cameroon",0,0,0,0,0,0,0,0,0,0,0,0,0,0,0,0,0,0,0,0,0,0,0,0,0,5445000,0,3757050000,0,4610200000,0,0,0,0,35600000,0,0,0,0,0,0,0,0,0,0,0,0,0,23125000,0,0,0,0,0,0,0,0,25200000,0,0,0,0,0,0,0,0,0,0,0,0,0,0,0,0,0,0,0,0,0,0,0,0,0,0,0,0,0,0,0,0,0,0,0,0,0,0,0,0,0,0,0,0,0,0,0,0,0,0,0,0,0,0,0,0,0,0,0,0,0,0,0,0,0,0,0,0,0,0,0,0,0,0,0,0,0,0,0,0,0,0,0,0,0,0,0,0,0,0,0,0,0,0,0,0,0,0,0,0,0,0,0,0,0,0,0,0,0,0,0,0,0,0,0,0,0,0,1815000,0,0,0,0,0,0,0,0,0,0,0,1815000,0,0,0,0,0,0
"Canada",0,0,0,45174620000,1815000,0,0,489500000,0,0,7260000,0,0,0,0,0,0,0,0,0,0,0,0,0,0,0,0,0,0,0,1815000,1837780000,0,0,17680000,0,0,3630000,0,0,0,0,569625000,188305000,0,0,9.345e+10,0,0,0,0,0,0,464405000,0,0,0,0,0,1247780000,0,0,0,0,0,1038440000,0,0,78670000,23595000,0,258595000,23140000,0,33456880000,0,0,0,0,144833260000,1278365000,0,0,0,94550000,932215000,0,0,0,0,0,0,0,0,0,0,0,0,230191380000,0,0,0,0,0,0,0,0,0,0,97894660000,0,0,0,0,0,0,2.937e+10,0,0,0,0,0,0,0,0,0,0,1815000,0,0,0,0,0,0,165960080000,0,0,0,0,0,4.45e+08,0,265220000,0,7260000,258845000,0,0,0,0,0,0,0,0,0,0,482376440000,0,0,0,0,0,230873120000,0,102575000,0,0,0,0,188315000,0,315736400000,72453120000,0,0,0,19288080000,3376660000,1832858435000,1865000,0,0,0,0,0,0,0,0,10890000,0,0,0,0,0,0
"Cape Verde",0,0,0,0,0,0,0,0,0,0,0,0,0,0,0,0,0,0,0,0,0,0,0,0,0,0,0,0,0,0,0,0,0,0,0,0,0,0,0,0,0,0,0,0,0,0,0,0,0,0,0,0,0,0,0,0,0,0,0,0,0,0,0,0,0,0,0,0,0,0,0,0,0,0,0,0,0,0,0,0,0,0,0,0,0,0,0,0,0,0,0,0,0,0,0,0,0,0,0,0,0,0,0,0,0,0,0,0,0,0,0,0,0,0,0,0,0,0,0,0,0,0,0,0,0,0,0,0,0,0,0,0,0,0,0,0,0,0,0,0,0,0,0,0,0,0,0,0,0,0,0,0,0,0,0,0,0,0,0,0,0,0,0,0,0,0,0,0,0,0,0,0,0,0,0,0,0,0,0,0,0,0,0,0,0,0,0,0,0,0,0,0,0,0,0
"Central African Republic",0,0,0,0,0,0,0,0,0,0,0,0,0,0,0,0,0,0,0,0,0,0,0,0,0,0,0,0,0,0,0,0,0,0,0,0,0,0,0,0,0,0,0,0,0,0,0,0,0,0,0,0,0,0,0,0,0,0,0,0,0,0,0,0,0,0,0,0,0,0,0,0,0,0,0,0,0,0,0,0,0,0,0,0,0,0,0,0,0,0,0,0,0,0,0,0,0,0,0,0,0,0,0,0,0,0,0,0,0,0,0,0,0,0,0,0,0,0,0,0,0,0,0,0,0,0,0,0,0,0,0,0,0,0,0,0,0,0,0,0,0,0,0,0,0,0,0,0,0,0,0,0,0,0,0,0,0,0,0,0,0,0,0,0,0,0,0,0,0,0,0,0,0,0,0,0,0,0,0,0,0,0,0,0,0,0,0,0,0,0,0,0,0,0,0
"Sri Lanka",0,0,0,0,0,0,0,0,0,0,0,0,0,0,0,0,0,0,0,0,0,0,0,0,0,0,0,0,0,0,0,0,0,0,0,0,0,0,0,0,0,0,0,0,0,0,0,0,0,0,0,0,0,0,0,0,0,0,0,0,0,0,0,0,0,0,0,0,0,0,0,0,0,0,0,0,0,0,0,0,0,0,0,0,0,0,0,0,0,0,0,0,0,0,0,0,0,0,0,0,0,0,0,0,7260000,0,0,0,0,0,0,0,0,0,0,0,0,0,0,0,0,0,0,0,0,0,0,0,0,0,0,0,0,0,0,0,0,0,0,0,0,0,0,0,0,0,0,0,0,4.45e+08,0,0,0,0,0,0,0,0,0,0,0,1815000,0,0,0,0,0,0,0,0,0,0,0,1780000,0,0,0,0,0,0,0,0,0,0,0,0,0,0,0,0,0,0,0,0,0
"Chad",0,0,0,0,0,0,0,0,0,0,0,0,0,0,0,0,0,0,0,0,0,0,0,0,0,0,0,0,0,0,0,0,0,0,0,0,0,0,0,0,0,0,0,0,0,0,0,0,0,0,0,0,0,0,0,0,0,0,0,0,0,0,0,0,0,0,0,0,0,0,0,0,0,0,0,0,0,0,0,0,0,0,0,0,0,0,0,0,0,0,0,0,0,0,0,0,0,0,0,0,0,0,0,0,0,0,0,0,0,0,0,0,0,0,0,0,0,0,0,0,0,0,0,0,0,0,0,0,0,0,0,0,0,0,0,0,0,0,0,0,0,0,0,0,0,0,0,0,0,0,0,0,0,0,0,0,0,0,0,0,0,0,0,0,0,0,0,0,0,0,0,0,0,0,0,0,0,0,0,0,0,0,0,0,0,0,0,0,0,0,0,0,0,0,0
"Chile",0,0,0,0,0,2152020000,0,863300000,0,0,0,0,0,0,0,0,0,0,0,0,0,0,0,0,0,1329660000,0,0,0,0,0,74760000,816750000,0,0,0,0,0,0,0,0,0,0,0,0,0,0,0,0,0,0,0,0,18355360000,0,0,0,0,0,8752260000,0,0,0,0,0,0,0,0,0,0,0,144180000,4613760000,0,0,0,0,0,0,0,0,402280000,0,0,0,1529780000,0,0,0,0,0,0,0,0,0,0,0,0,0,0,0,0,0,0,0,0,0,0,0,0,0,0,0,0,0,0,2662880000,0,0,0,0,0,0,0,0,0,1836960000,0,0,32040000,0,1539700000,0,0,0,0,0,0,0,0,7120000,0,0,0,0,0,0,0,0,0,0,0,1780000,0,0,161980000,461020000,0,0,0,0,0,0,0,24920000,0,0,0,0,0,0,0,195800000,0,0,0,0,0,143193880000,0,1780000,0,1960200000,0,0,0,0,0,0,0,0,0,0,0,0
"China (mainland)",0,0,0,0,0,0,0,0,0,0,0,0,0,0,0,0,0,0,0,0,0,0,0,0,0,5595000,0,0,0,0,0,0,0,0,0,0,0,0,172380000,0,0,0,0,0,0,0,0,0,0,0,0,0,0,0,0,0,0,0,0,0,0,0,0,0,0,0,0,0,0,0,0,39209820000,0,0,0,152460000,0,6837740000,0,0,0,0,0,0,0,50556905000,2.431e+09,0,0,0,397619960000,19915345000,24809460000,0,8.9e+07,0,0,0,0,0,853340000,0,0,17034680000,0,0,0,0,0,0,1788600000,0,0,0,0,0,261100000,0,0,0,0,0,0,0,0,0,430760000,0,0,0,0,0,5445000,0,0,0,0,0,0,0,0,0,1780000,0,0,0,0,39161200000,0,0,0,0,0,29960810000,0,0,0,0,0,0,0,0,0,0,0,0,2267460000,0,0,0,29600740000,38400960000,3204500000,47965840000,0,0,0,0,18150000,0,0,0,0,35600000,0,0,0,0,0,0,0,0,0,0,0
"Colombia",0,0,0,0,0,0,168795000,0,0,0,1780000,0,0,0,0,0,0,0,0,0,0,0,0,0,0,676995000,0,0,0,0,457380000,0,0,0,0,0,4735335000,0,0,0,0,0,0,905685000,0,4974620000,0,359560000,0,0,0,0,0,199650000,0,0,0,0,0,245025000,0,0,0,0,0,0,49840000,0,0,218940000,217160000,0,0,0,0,0,0,0,0,0,27225000,1869450000,0,0,0,0,0,0,79860000,0,0,0,0,0,0,79860000,0,0,0,0,0,0,0,0,0,0,0,0,0,1118130000,0,0,0,0,0,0,2288715000,0,0,0,0,0,0,0,0,0,0,2756110000,0,0,0,564260000,0,0,3374085000,0,0,0,0,0,0,0,1815000,0,0,0,0,0,0,0,0,0,0,0,0,0,10245675000,0,0,0,203210000,43560000,0,0,0,0,0,0,0,1571790000,0,0,0,30855000,0,0,390190000,0,13613405000,0,0,0,0,0,0,0,0,0,0,0,0,0,0,0,0
"Comoros",0,0,0,0,0,0,0,0,0,0,0,0,0,0,0,0,0,0,0,0,0,0,0,0,0,0,0,0,0,0,0,0,0,0,0,0,0,0,0,0,0,0,0,0,0,0,0,0,0,0,0,0,0,0,0,0,0,0,0,0,0,0,0,0,0,0,0,0,0,0,0,0,0,0,0,0,0,0,0,0,0,0,0,0,0,0,0,0,0,0,0,0,0,0,0,0,0,0,0,0,0,0,0,0,0,0,0,0,0,0,0,0,0,0,0,0,0,0,0,0,0,0,0,0,0,0,0,0,0,0,0,0,0,0,0,0,0,0,0,0,0,0,0,0,0,0,0,0,0,0,0,0,0,0,0,0,0,0,0,0,0,0,0,0,0,0,0,0,0,0,0,0,0,0,0,0,0,0,0,0,0,0,0,0,0,0,0,0,0,0,0,0,0,0,0
"Congo",0,0,0,0,0,0,0,0,0,0,0,0,0,0,0,0,0,0,0,0,0,0,0,0,0,0,0,0,0,0,0,0,0,0,0,0,0,0,0,0,0,0,0,0,0,0,0,0,0,0,0,0,0,0,0,0,0,0,0,0,0,0,0,0,0,0,0,0,0,0,0,0,0,0,0,0,0,0,0,0,0,0,0,0,0,0,0,0,0,0,0,0,0,0,0,0,0,0,0,0,0,0,0,0,0,0,0,0,0,0,0,0,0,0,0,0,0,0,0,0,0,0,0,0,0,0,0,0,0,0,0,0,0,0,0,0,0,0,0,0,0,0,0,0,0,0,0,0,0,0,0,0,0,0,0,0,0,0,0,0,0,0,0,0,0,0,0,0,0,0,0,0,0,0,0,0,0,0,0,0,0,0,0,0,0,0,0,0,0,0,0,0,0,0,0
"Cook Islands",0,0,0,0,0,0,0,0,0,0,0,0,0,0,0,0,0,0,0,0,0,0,0,0,0,0,0,0,0,0,0,0,0,0,0,0,0,0,0,0,0,0,0,0,0,0,0,0,0,0,0,0,0,0,0,0,0,0,0,0,0,0,0,0,0,0,0,0,0,0,0,0,0,0,0,0,0,0,0,0,0,0,0,0,0,0,0,0,0,0,0,0,0,0,0,0,0,0,0,0,0,0,0,0,0,0,0,0,0,0,0,0,0,0,0,0,0,0,0,0,0,0,0,0,0,0,0,0,0,0,0,0,0,0,0,0,0,0,0,0,0,0,0,0,0,0,0,0,0,0,0,0,0,0,0,0,0,0,0,0,0,0,0,0,0,0,0,0,0,0,0,0,0,0,0,0,0,0,0,0,0,0,0,0,0,0,0,0,0,0,0,0,0,0,0
"Costa Rica",0,0,0,0,0,0,0,0,0,0,0,0,0,0,1815000,0,1815000,0,0,0,0,0,0,0,0,0,0,0,0,0,0,0,0,0,0,0,0,0,0,0,0,0,0,0,0,0,0,0,0,0,0,0,0,0,0,0,0,0,0,0,0,0,0,0,0,0,9614055000,0,0,0,461610000,0,0,0,0,0,0,0,0,0,0,0,0,0,0,0,0,0,0,0,0,0,0,0,0,0,0,0,0,0,0,0,0,0,0,0,0,0,0,0,0,0,0,0,0,0,0,0,0,0,0,0,15688605000,0,0,0,0,3773385000,0,0,0,0,0,0,0,0,0,0,0,0,0,0,0,0,0,0,0,0,0,0,0,0,0,0,0,0,0,0,0,0,0,0,0,0,0,0,0,0,0,1815000,0,0,0,0,0,0,38115000,0,268620000,0,0,0,0,0,0,0,0,0,0,0,0,0,0,0,0
"Cuba",0,0,0,0,0,0,0,0,0,0,0,0,0,0,0,0,0,0,0,0,0,0,0,0,0,0,0,0,0,0,0,0,0,0,0,0,0,0,0,0,0,0,0,0,0,0,0,0,0,0,0,0,0,0,0,0,0,0,0,0,0,0,0,0,0,0,0,0,0,0,0,0,0,0,0,0,0,0,0,0,0,0,0,0,0,0,0,0,0,0,0,0,0,0,0,0,0,0,0,0,0,0,0,0,0,0,0,0,0,0,0,0,0,0,0,0,0,0,0,0,0,0,0,0,0,0,0,0,0,0,0,0,0,0,0,0,0,0,0,0,0,0,0,0,0,0,0,0,0,0,0,0,0,0,0,0,0,0,0,0,0,0,0,0,0,0,0,0,0,0,0,0,0,0,0,0,0,0,0,0,0,0,0,0,0,0,0,0,0,0,0,0,0,0,0
"Cyprus",676260000,0,0,0,0,0,0,0,0,0,0,13260000,0,0,0,0,0,0,0,0,0,0,0,0,0,0,0,0,0,0,0,0,0,0,0,0,0,0,0,0,0,0,0,0,0,0,0,0,0,0,0,0,0,0,0,0,0,0,0,106080000,0,0,0,2684905000,0,0,0,0,0,0,0,0,0,0,0,0,0,0,0,0,251940000,0,0,0,0,0,0,0,0,0,0,0,0,0,0,0,0,0,0,0,0,0,0,0,0,0,0,0,0,0,0,0,0,0,0,0,0,0,0,0,0,0,0,0,0,0,0,0,0,0,0,0,0,0,0,0,0,0,0,0,0,0,0,0,0,0,0,0,0,0,0,0,0,0,0,0,0,0,0,0,0,0,0,0,0,0,0,0,0,0,0,0,0,0,0,0,51375000,0,0,0,0,0,0,0,0,0,0,0,0,0,0,0,0,0,0
"Azerbaijan",0,0,0,0,0,0,0,0,0,0,0,0,0,0,0,0,0,0,0,0,0,0,0,0,0,0,0,0,0,0,0,0,0,0,0,0,0,0,0,0,0,0,0,0,0,0,0,0,0,0,0,0,0,0,0,0,2373540000,0,0,0,0,0,0,0,0,0,0,0,0,0,0,0,0,0,0,0,0,0,0,0,0,0,0,39780000,0,0,0,13260000,0,0,0,0,0,0,0,0,0,0,0,0,0,0,0,0,0,0,0,0,0,0,0,0,0,0,0,0,0,0,0,0,0,0,0,0,0,0,0,0,0,0,0,0,0,0,0,0,0,0,0,0,0,0,84501560000,0,0,0,0,0,0,0,0,0,0,0,0,0,0,0,0,0,0,0,0,0,0,0,0,0,0,0,0,0,0,0,0,0,0,0,0,0,0,0,0,0,0,0,0,0,0,0,0,0,0,0,0
"Benin",0,0,0,0,0,0,0,0,0,0,0,0,0,0,0,0,0,0,0,0,0,0,0,0,0,0,0,0,0,0,0,0,0,0,7120000,0,0,0,0,0,0,0,0,0,0,0,0,0,0,0,0,0,0,0,0,0,0,0,0,0,0,0,0,0,0,0,0,0,0,0,0,0,0,0,0,0,0,0,0,0,0,0,0,0,0,0,0,0,0,0,0,0,0,0,0,0,0,0,0,0,0,0,0,0,0,0,0,0,0,0,0,0,0,0,0,0,0,0,0,0,0,0,0,48360820000,0,0,0,0,0,0,0,0,0,0,0,0,0,0,0,0,0,0,0,0,0,0,0,0,0,0,0,0,0,0,0,0,0,0,0,0,0,0,0,0,0,0,0,608760000,0,0,0,0,0,0,0,0,0,0,0,0,0,0,0,0,0,0,0,0,0,0,0,0,0,0,0
"Denmark",0,0,0,0,0,0,0,0,0,0,0,0,0,0,0,0,0,0,0,0,0,0,0,0,0,0,0,0,0,0,0,0,0,0,0,0,0,0,0,0,0,0,0,0,0,0,0,0,0,23140000,147485000,0,461020000,174720000,0,0,0,0,0,36699975000,0,0,0,0,0,0,0,0,0,0,0,0,0,0,2170395000,0,0,0,0,0,0,840000,0,0,0,0,0,0,0,0,0,0,0,105020000,0,17800000,0,0,0,78320000,0,0,0,0,0,0,0,0,0,0,0,0,0,0,0,0,65860000,0,0,0,0,0,0,0,0,1940205000,0,0,0,0,0,0,0,217160000,0,0,0,0,0,0,0,0,0,0,0,0,0,0,0,0,0,0,0,0,0,0,0,0,0,0,4495060000,0,0,0,0,0,0,0,0,0,0,0,0,0,0,0,0,0,71200000,0,0,0,0,0,0,0,0,0,12460000,0,0,0,0,0,0
"Dominica",0,0,0,0,0,0,0,0,0,0,0,0,0,0,0,0,0,0,0,0,0,0,0,0,0,0,0,0,0,0,0,0,0,0,0,0,0,0,0,0,0,0,0,0,0,0,0,0,0,0,0,0,0,0,0,0,0,0,0,0,0,0,0,0,0,0,0,0,0,0,0,0,0,0,0,0,0,0,0,0,0,0,0,0,0,0,0,0,0,0,0,0,0,0,0,0,0,0,0,0,0,0,0,0,0,0,0,0,0,0,0,0,0,0,0,0,0,0,0,0,0,0,0,0,0,0,0,0,0,0,0,0,0,0,0,0,0,0,0,0,0,0,0,0,0,0,0,0,0,0,0,0,0,0,0,0,0,0,0,0,0,0,0,0,0,0,0,0,0,0,0,0,0,0,0,0,0,0,0,0,0,0,0,0,0,0,0,0,0,0,0,0,0,0,0
"Dominican Republic",0,0,0,0,0,0,0,0,0,0,0,0,0,0,0,0,0,0,0,0,0,0,0,0,0,0,0,0,0,0,0,0,0,0,0,0,0,0,0,0,0,0,0,0,0,0,0,0,0,0,0,0,0,0,0,0,0,0,0,0,0,0,0,0,0,0,0,0,0,0,0,0,0,0,0,0,0,0,0,0,0,0,0,0,0,0,0,0,0,0,0,0,0,0,0,0,0,0,0,0,0,0,0,0,0,0,0,0,0,0,0,0,0,0,0,0,0,0,0,0,0,0,0,0,0,0,0,0,0,0,0,0,0,0,0,0,0,0,0,0,0,0,0,0,0,0,0,0,0,0,0,0,0,0,0,0,0,0,0,0,0,0,0,0,0,0,0,0,0,0,0,0,0,0,0,0,0,0,0,0,0,0,0,0,0,0,0,0,0,0,0,0,0,0,0
"Belarus",0,0,0,0,0,0,0,0,0,0,0,0,0,0,0,0,0,0,0,0,0,0,0,0,0,0,0,0,0,0,0,0,0,0,0,0,0,0,0,0,0,0,0,0,0,0,0,0,0,0,0,0,0,0,0,0,0,0,0,0,0,0,0,0,0,0,0,0,0,0,0,0,58740000,0,0,0,0,0,0,0,0,0,0,0,0,0,0,0,0,0,0,0,0,0,0,0,0,0,0,227840000,0,0,0,0,0,0,0,0,0,0,0,0,0,3560000,0,0,0,0,0,0,0,0,0,0,0,0,0,0,0,0,0,0,0,0,0,0,0,0,0,0,0,0,78915000,0,0,0,0,0,0,0,0,0,0,0,0,0,0,0,0,0,0,0,0,0,0,0,0,0,0,0,0,0,0,0,0,0,0,14240000,0,0,0,0,0,0,0,0,0,0,0,0,0,0,0,0,0
"Ecuador",0,0,0,0,0,0,0,0,0,0,0,0,0,0,0,0,0,0,0,0,0,0,0,0,0,0,0,0,0,0,0,0,16100100000,0,0,0,0,0,0,0,0,0,0,0,0,0,0,0,0,0,0,0,0,0,0,0,0,0,0,0,0,0,0,0,0,0,0,0,0,0,0,0,0,0,0,0,0,0,0,0,0,30260000,0,0,0,0,0,0,0,0,0,0,0,0,0,0,0,0,0,0,0,0,0,0,0,0,0,0,0,0,0,0,0,0,0,0,0,0,0,0,0,0,0,0,0,0,0,0,0,0,0,217130000,0,0,0,0,0,0,0,0,0,0,0,0,0,0,0,0,0,0,0,0,0,0,0,0,248375000,0,0,0,0,0,0,0,0,0,0,0,0,0,0,0,0,0,0,0,0,0,57390000,0,0,0,546315000,0,0,0,0,0,0,0,0,0,0,0,0
"Egypt",0,0,528660000,0,0,0,0,0,0,0,0,0,0,0,0,0,0,0,0,0,0,0,0,0,0,0,0,0,0,0,0,0,0,0,0,0,0,0,0,0,0,0,0,0,0,0,0,0,0,0,0,0,0,0,0,217800000,0,0,0,0,0,0,0,0,0,0,0,0,0,0,0,0,0,0,0,0,0,0,87220000,0,23140000,206480000,0,0,0,0,5573120000,0,0,0,0,0,669280000,0,0,0,0,0,9058600000,0,0,0,0,0,0,0,0,0,0,0,0,110360000,0,0,0,0,0,0,0,0,0,0,0,0,0,0,0,0,0,0,0,0,0,0,0,0,0,0,33820000,0,0,0,0,0,0,0,0,1124960000,0,0,0,0,0,0,0,0,0,0,0,0,0,0,0,0,0,0,0,0,0,0,0,0,0,40940000,0,0,108580000,0,0,0,0,0,0,0,0,0,0,0,0,0,0,0,0,0,929960000
"El Salvador",0,0,0,0,0,0,0,0,0,0,0,0,0,0,0,0,0,0,0,0,0,0,0,0,0,0,0,0,0,0,0,0,107085000,0,0,0,10189230000,0,0,0,0,0,0,0,0,0,0,0,0,0,0,0,0,0,0,0,0,0,0,0,0,0,0,0,0,0,109733245000,0,0,0,122268735000,0,0,0,0,0,0,0,0,0,0,139755000,0,0,0,0,0,0,0,0,0,0,0,0,0,0,0,0,0,0,0,0,0,0,0,0,0,0,0,0,0,0,0,0,0,0,0,0,0,0,0,0,44760670000,0,0,0,0,0,0,0,0,0,0,0,0,0,0,0,0,0,0,0,0,0,0,0,0,0,0,0,0,0,0,0,0,0,0,0,0,0,0,60520000,0,0,0,0,0,0,0,0,0,0,0,0,0,0,0,0,63490000,0,0,0,0,0,0,0,0,0,0,0,0,0,0,0,0
"Equatorial Guinea",0,0,0,0,0,0,0,0,0,0,0,0,0,0,0,0,0,0,0,0,0,0,0,0,0,0,0,0,0,0,0,0,0,0,0,0,0,0,0,0,0,0,0,0,0,0,0,0,0,0,0,0,0,0,0,0,0,0,0,0,0,0,0,0,0,0,0,0,0,0,0,0,0,0,0,0,0,0,0,0,0,0,0,0,0,0,0,0,0,0,0,0,0,0,0,0,0,0,0,0,0,0,0,0,0,0,0,0,0,0,0,0,0,0,0,0,0,0,0,0,0,0,0,0,0,0,0,0,0,0,0,0,0,0,0,0,0,0,0,0,0,0,0,0,0,0,0,0,0,0,0,0,0,0,0,0,0,0,0,0,0,0,0,0,0,0,0,0,0,0,0,0,0,0,0,0,0,0,0,0,0,0,0,0,0,0,0,0,0,0,0,0,0,0,0
"Estonia",0,0,0,0,0,0,0,0,0,0,0,0,0,0,0,0,0,0,0,0,0,0,0,0,0,0,0,0,0,0,0,0,0,0,0,0,0,0,0,3630000,0,0,0,0,0,0,0,0,0,0,0,0,1780000,0,0,0,0,0,0,0,0,0,0,1815000,0,0,0,0,0,0,0,0,0,0,0,0,0,0,0,0,0,0,0,7260000,0,0,0,0,0,0,0,0,0,1917850000,0,0,0,0,0,44200000,0,0,0,0,0,0,0,0,0,0,0,0,0,0,0,0,0,0,0,0,0,0,0,0,0,1815000,0,0,0,0,0,0,0,0,0,0,0,0,0,0,0,0,0,0,0,0,0,0,0,0,0,0,0,0,0,0,0,0,0,0,1815000,0,0,0,0,0,0,0,0,0,0,0,0,0,0,0,0,0,0,0,0,0,0,0,0,0,0,0,0,0,0,0,0,0,0
"Faroe Islands",0,0,0,0,0,0,0,0,0,0,0,0,0,0,0,0,0,0,0,0,0,0,0,0,0,0,0,0,0,0,0,0,0,0,0,0,0,0,0,0,0,0,0,0,0,0,0,0,0,0,0,0,0,0,0,0,0,0,0,0,0,0,0,0,0,0,0,0,0,0,0,0,0,0,0,0,0,0,0,0,0,0,0,0,0,0,0,0,0,0,0,0,0,0,0,0,0,0,0,0,0,0,0,0,0,0,0,0,0,0,0,0,0,0,0,0,0,0,0,0,0,0,0,0,0,0,0,0,0,0,0,0,0,0,0,0,0,0,0,0,0,0,0,0,0,0,0,0,0,0,0,0,0,0,0,0,0,0,0,0,0,0,0,0,0,0,0,0,0,0,0,0,0,0,0,0,0,0,0,0,0,0,0,0,0,0,0,0,0,0,0,0,0,0,0
"Fiji",0,0,0,0,0,0,61880000,0,0,0,0,0,0,0,0,0,0,0,0,0,0,0,0,0,0,0,0,0,9075000,0,0,0,0,0,0,0,0,0,0,0,0,0,0,0,0,0,0,0,0,0,0,0,0,0,0,0,0,0,0,0,0,0,0,0,0,0,0,0,0,0,0,0,0,0,0,0,0,0,0,0,0,0,0,0,0,0,0,0,0,0,0,0,0,0,0,0,0,0,0,0,0,0,0,0,0,0,0,0,0,0,0,0,0,0,0,0,0,0,0,0,0,16020000,0,0,0,0,0,0,0,0,0,0,0,0,0,0,0,0,0,0,0,0,0,0,0,0,0,0,0,0,0,0,0,0,0,0,0,0,0,0,0,0,0,0,0,0,0,0,12670000,0,0,0,0,0,0,1815000,0,0,0,0,0,0,0,0,0,0,0,0,0,0,0,0,0,0,0
"Finland",0,0,0,0,0,0,0,0,0,0,0,0,0,0,0,0,0,0,0,0,0,0,0,0,0,0,0,0,0,0,0,0,0,0,0,0,0,0,0,0,0,0,0,0,0,0,0,0,0,1400000,0,0,0,0,0,0,0,0,0,0,0,0,0,0,0,0,0,0,0,0,0,0,0,0,0,0,0,0,0,0,0,0,0,0,0,0,0,0,0,0,0,0,0,0,0,0,0,0,0,0,0,0,0,0,0,0,0,0,0,0,0,0,0,0,0,0,0,0,0,0,0,0,0,0,0,0,0,0,0,0,0,0,0,0,0,0,0,0,0,0,0,0,0,0,0,0,0,0,0,0,0,0,0,0,0,0,0,0,0,0,0,0,0,0,0,0,0,0,0,0,0,0,0,0,0,0,0,0,0,0,0,0,0,0,0,0,0,0,0,0,0,0,0,0,0
"France",0,0,1929520000,514868910000,0,37380000,34970000,21852435000,272250000,26520000,0,0,0,0,0,0,5445000,0,0,0,0,2321375000,0,0,40062680000,138800000,0,0,0,1.78e+10,1073480000,15170000,0,39930000,35360000,0,11200365000,0,10476885000,0,4420000,132043810000,0,0,2600580000,0,3145115000,0,110500000,71845000,0,0,1568980000,0,17680000,0,188680000,18073385000,0,2129947265000,119260000,114920000,0,52191970000,0,0,16480200000,3074610000,0,0,0,9742920000,22470720000,776080000,10185160000,0,0,1792220000,30260000,792038055000,7347460000,1139682995000,12877280000,14240000,0,8338380000,4897370000,0,0,5390550000,0,6690090000,340340000,1010085000,0,5766845000,0,199650000,160164400000,1388400000,0,2549050000,0,15676155000,0,4420000,49517740000,4420000,130380000,98760000,0,58522740000,0,224280000,0,0,5059984250000,0,60245000,0,8840000,482380000,0,44200000,22585860000,174388790000,480600000,2018520000,8129295000,0,0,5445000,10888395000,30042700000,1128854135000,239580000,0,0,35360000,0,9612120000,0,8167505000,0,38115000,0,0,543130000,33512805000,0,0,1356610000,3810980000,5445000,0,144180000,7252923095000,0,0,0,26357305000,255512750000,376415000,0,7584885000,0,333960000,106080000,0,0,1535490000,54792245000,24303225000,1209170000,0,0,1730985340000,14474960000,1176695000,5419560000,0,0,0,1815000,0,2292790000,0,0,2712981645000,15565595000,2449280000,0,0,0,0
"French Polynesia",0,0,0,0,0,0,0,0,0,0,0,0,0,0,0,0,0,0,0,0,0,0,0,0,0,0,0,0,0,0,0,0,0,0,0,0,0,0,0,0,0,0,0,0,0,0,0,0,0,0,0,0,0,0,0,0,0,0,0,0,0,0,0,0,0,0,0,0,0,0,0,0,0,0,0,0,0,0,0,0,0,0,0,0,0,0,0,0,0,0,0,0,0,0,0,0,0,0,0,0,0,0,0,0,0,0,0,0,0,0,0,0,0,0,0,0,0,0,0,0,0,0,0,0,0,0,0,0,0,0,0,0,0,0,0,0,0,0,0,0,0,0,0,0,0,0,0,0,0,0,0,0,0,0,0,0,0,0,0,0,0,0,0,0,0,0,0,0,0,0,0,0,0,0,0,0,0,0,0,0,0,0,0,0,0,0,0,0,0,0,0,0,0,0,0
"Djibouti",0,0,0,0,0,0,0,0,0,0,0,0,0,0,0,0,0,0,0,0,0,0,0,0,0,0,0,0,0,0,0,0,0,0,0,0,0,0,0,0,0,0,0,0,0,0,0,0,0,0,0,0,0,0,0,0,0,0,0,0,0,0,0,0,0,0,0,0,0,0,0,0,0,0,0,0,0,0,0,0,0,0,0,0,0,0,0,0,0,0,0,0,0,0,0,0,0,0,0,0,0,0,0,0,0,0,0,0,0,0,0,0,0,0,0,0,0,0,0,0,0,0,0,0,0,0,0,0,0,0,0,0,0,0,0,0,0,0,0,0,0,0,0,0,0,0,0,0,0,0,0,0,0,0,0,0,0,0,0,0,0,0,0,0,0,0,0,0,0,0,0,0,0,0,0,0,0,0,0,0,0,0,0,0,0,0,0,0,0,0,0,0,0,0,0
"Georgia",20792250000,0,0,0,0,0,0,0,0,0,0,0,0,0,0,0,0,0,0,0,0,0,0,0,0,0,0,0,0,0,0,0,0,0,0,0,0,0,0,121040000,0,0,0,0,0,0,0,0,0,0,0,0,0,0,0,0,0,0,0,0,0,0,0,0,0,0,0,0,0,0,0,0,0,0,0,0,0,40940000,0,0,0,0,0,0,0,0,0,0,0,0,0,0,0,0,0,0,0,0,0,0,0,0,0,0,0,0,0,0,0,0,0,0,0,0,0,0,0,0,0,0,0,0,0,0,0,0,0,0,0,0,0,0,0,0,0,0,0,0,0,0,0,0,0,0,0,0,0,0,0,0,0,0,0,0,0,0,0,0,0,0,0,0,0,0,0,0,0,0,0,0,0,0,0,0,0,0,0,0,0,0,0,0,0,0,0,0,0,0,0,0,0,0,0,0,0
"Gabon",0,0,0,0,0,0,0,0,0,0,0,0,0,0,0,0,0,0,0,0,0,0,0,0,0,0,0,0,0,0,0,0,0,0,0,0,0,0,0,0,0,0,0,0,0,0,0,0,0,0,0,0,0,0,0,0,0,0,0,0,0,0,0,0,0,0,0,0,0,0,0,0,0,0,0,0,0,0,0,0,0,0,0,0,0,0,0,0,0,0,0,0,0,0,0,0,0,0,0,0,0,0,0,0,0,0,0,0,0,0,0,0,0,0,0,0,0,0,0,0,0,0,0,0,0,0,0,0,0,0,0,0,0,0,0,0,0,0,0,0,0,0,0,0,0,0,0,0,0,0,0,0,0,0,0,0,0,0,0,0,0,0,0,0,0,0,0,0,0,0,0,0,0,0,0,0,0,0,0,0,0,0,0,0,0,0,0,0,0,0,0,0,0,0,0
"Gambia",0,0,0,0,0,0,0,0,0,0,0,0,0,0,0,0,0,0,0,0,0,0,0,0,0,0,0,0,0,0,0,0,0,0,0,0,0,0,0,0,0,0,0,0,0,0,0,0,0,0,0,0,0,0,0,0,0,0,0,0,0,0,0,0,0,0,0,0,0,0,0,0,0,0,0,0,0,0,0,0,0,0,0,0,0,0,0,0,0,0,0,0,0,0,0,0,0,0,0,0,0,0,0,0,0,0,0,0,0,0,0,0,0,0,0,0,0,0,0,0,0,0,0,0,0,0,0,0,0,0,0,0,0,0,0,0,0,0,0,0,0,0,0,0,0,0,0,0,0,0,0,0,0,0,0,0,0,0,0,0,0,0,0,0,0,0,0,0,0,0,0,0,0,0,0,0,0,0,0,0,0,0,0,0,0,0,0,0,0,0,0,0,0,0,0
"Germany",0,5445000,0,0,0,26700000,0,157286795000,0,0,0,0,0,0,0,0,66300000,0,0,0,0,7190000,0,0,0,40940000,0,0,522720000,0,97900000,672815000,0,0,0,0,0,0,1780000,22100000,0,37248810000,0,3730000,2091500000,0,32670000,0,0,3040310000,0,0,171070000,943120175000,0,0,46970000,0,0,0,3630000,0,0,14079630000,0,0,0,0,0,0,0,0,2158610000,451550000,1774985000,0,0,0,0,20239945000,0,124559175000,0,0,0,1404420000,78045000,0,0,0,0,0,12705000,135560000,0,0,0,0,28480000,1087930000,0,0,0,0,0,0,8900000,0,0,0,0,1780000,0,3630000,0,0,1061642900000,0,0,0,0,0,0,0,33820000,1287960000,0,0,4904545000,0,0,0,0,18126505000,518360000,0,0,0,0,0,2899690000,0,3137100000,0,0,0,0,0,8900000,0,38115000,14019810000,382160000,0,0,8840000,813015000,0,0,0,24485240000,113240660000,9075000,0,1815000,0,41795000,0,0,0,0,0,121145000,29035000,0,0,5481660000,2241020000,176800000,0,0,0,0,0,0,38115000,0,0,133612515000,5008610000,121180000,1780000,0,0,0
"Bosnia and Herzegovina",0,0,1815000,0,0,0,1815000,14520000,0,0,0,0,0,0,0,0,0,0,0,0,0,0,0,0,0,9075000,0,0,0,0,0,0,0,0,0,0,0,0,0,0,0,0,0,0,0,0,0,0,0,0,0,0,0,53400000,0,0,0,0,0,12705000,0,0,0,0,0,0,0,0,0,0,0,0,0,913315000,0,0,0,0,0,0,0,87220000,0,0,0,0,0,0,0,0,0,0,0,0,0,0,0,0,0,0,0,0,0,0,0,0,0,0,0,0,0,0,0,0,0,0,12705000,0,0,0,0,0,0,0,0,0,0,0,0,0,0,0,0,0,0,0,0,0,0,0,0,0,0,0,0,0,0,0,0,0,0,3346400000,0,0,0,0,0,0,0,0,76195000,3630000,0,0,0,0,0,0,0,0,0,0,41906540000,0,0,0,0,0,47190000,0,0,0,0,0,0,0,0,0,0,0,2401255000,19860000,0,0,0
"Ghana",0,0,0,0,0,0,9075000,0,0,0,0,0,0,0,0,0,0,0,0,0,0,0,0,0,0,9075000,0,0,0,0,0,0,0,0,28480000,0,0,0,0,0,0,0,0,0,0,0,0,0,0,0,0,0,0,1815000,0,0,0,0,0,47190000,0,0,0,0,0,0,0,0,0,0,0,0,0,0,0,0,0,0,0,5445000,0,0,8.9e+07,0,0,1815000,0,0,0,0,0,0,0,0,0,0,0,0,0,0,0,0,0,0,0,0,0,0,0,0,0,0,0,0,0,0,98010000,0,0,0,0,0,0,15103300000,0,0,0,0,0,0,0,0,0,0,0,0,0,0,0,0,0,0,0,0,0,0,0,0,0,0,0,0,0,0,0,0,0,0,0,0,0,7260000,0,0,0,0,0,0,0,0,0,0,0,0,0,0,321255000,0,96195000,300820000,0,0,0,0,0,0,0,0,0,0,0,0,0,0,0
"Kiribati",0,0,0,0,0,0,0,0,0,0,0,0,0,0,0,0,0,0,0,0,0,0,0,0,0,0,0,0,0,0,0,0,0,0,0,0,0,0,0,0,0,0,0,0,0,0,0,0,0,0,0,0,0,0,0,0,0,0,0,0,0,0,0,0,0,0,0,0,0,0,0,0,0,0,0,0,0,0,0,0,0,0,0,0,0,0,0,0,0,0,0,0,0,0,0,0,0,0,0,0,0,0,0,0,0,0,0,0,0,0,0,0,0,0,0,0,0,0,0,0,0,0,0,0,0,0,0,0,0,0,0,0,0,0,0,0,0,0,0,0,0,0,0,0,0,0,0,0,0,0,0,0,0,0,0,0,0,0,0,0,0,0,0,0,0,0,0,0,0,0,0,0,0,0,0,0,0,0,0,0,0,0,0,0,0,0,0,0,0,0,0,0,0,0,0
"Greece",0,0,4020225000,0,0,0,0,0,0,0,0,0,0,0,0,0,0,0,0,0,0,47350690000,0,0,0,0,0,0,0,0,0,53040000,13260000,0,8840000,0,0,0,23894995000,0,0,43060000,0,0,0,0,0,0,0,0,0,0,0,2499920000,0,0,0,0,0,391600000,0,0,0,0,0,0,0,0,0,0,0,0,5340000,0,0,0,0,1780000,0,0,0,13458580000,0,0,0,0,0,0,0,0,0,284800000,0,0,0,0,0,0,424320000,0,0,0,0,0,0,0,0,0,0,0,0,0,0,0,0,0,0,0,0,5945765000,0,0,0,0,0,0,0,0,0,0,0,0,0,4420000,0,0,0,0,0,0,6827640000,0,17680000,0,0,0,0,0,0,0,0,0,0,0,0,0,32040000,0,0,0,0,0,0,0,0,0,0,0,0,0,0,0,12460000,0,0,0,111720000,0,0,0,0,0,0,0,0,0,0,0,0,0,30080000,1815000,0,0,0
"Greenland",0,0,0,0,0,0,0,0,0,0,0,0,0,0,0,0,0,0,0,0,0,0,0,0,0,0,0,0,0,0,0,0,0,0,0,0,0,0,0,0,0,0,0,0,0,0,0,0,0,0,0,0,0,0,0,0,0,0,0,0,0,0,0,0,0,0,0,0,0,0,0,0,0,0,0,0,0,0,0,0,0,0,0,0,0,0,0,0,0,0,0,0,0,0,0,0,0,0,0,0,0,0,0,0,0,0,0,0,0,0,0,0,0,0,0,0,0,0,0,0,0,0,0,0,0,0,0,0,0,0,0,0,0,0,0,0,0,0,0,0,0,0,0,0,0,0,0,0,0,0,0,0,0,0,0,0,0,0,0,0,0,0,0,0,0,0,0,0,0,0,0,0,0,0,0,0,0,0,0,0,0,0,0,0,0,0,0,0,0,0,0,0,0,0,0
"Grenada",0,0,0,0,0,0,0,0,0,0,0,0,0,0,0,0,0,0,0,0,0,0,0,0,0,0,0,0,0,0,0,0,0,0,0,0,0,0,0,0,0,0,0,0,0,0,0,0,0,0,0,0,0,0,0,0,0,0,0,0,0,0,0,0,0,0,0,0,0,0,0,0,0,0,0,0,0,0,0,0,0,0,0,0,0,0,0,0,0,0,0,0,0,0,0,0,0,0,0,0,0,0,0,0,0,0,0,0,0,0,0,0,0,0,0,0,0,0,0,0,0,0,0,0,0,0,0,0,0,0,0,0,0,0,0,0,0,0,0,0,0,0,0,0,0,0,0,0,0,0,0,0,0,0,0,0,0,0,0,0,0,0,0,0,0,0,0,0,0,0,0,0,0,0,0,0,0,0,0,0,0,0,0,0,0,0,0,0,0,0,0,0,0,0,0
"Guatemala",0,0,0,0,0,0,1780000,0,0,0,0,0,0,0,0,0,0,0,2204450000,0,0,0,0,0,0,0,0,0,0,0,0,0,115700000,0,0,0,534105000,0,0,0,0,0,0,0,0,0,0,39912690000,0,0,0,0,0,0,0,0,0,0,0,0,0,0,0,0,0,0,0,0,0,0,2803795000,0,0,0,0,0,0,0,0,0,0,0,0,0,0,0,0,0,0,0,0,0,0,0,0,0,0,0,0,0,0,0,0,0,0,0,0,0,0,1464940000,0,0,0,0,0,0,0,0,0,0,0,0,620670000,0,0,0,0,710260000,0,0,0,0,0,0,0,0,0,0,0,0,0,0,0,0,0,0,0,0,0,0,0,0,0,0,0,0,5445000,0,0,0,0,0,0,0,0,0,0,0,0,0,0,0,0,0,0,0,0,0,114060000,0,0,0,601640000,0,0,0,0,0,0,0,0,0,0,0,0
"Guinea",0,0,0,0,0,0,0,0,0,0,0,0,0,0,0,0,0,0,0,0,0,0,0,0,0,0,0,0,0,0,0,0,0,0,0,0,0,0,0,0,0,0,0,0,0,0,0,0,0,0,0,0,0,0,0,0,0,0,0,0,0,0,0,0,0,0,0,0,0,0,0,0,0,0,0,0,0,0,0,0,0,0,0,0,0,0,0,0,0,0,0,0,0,0,0,0,0,0,0,0,0,0,0,0,0,0,0,0,0,0,0,0,0,0,0,0,0,0,0,0,0,0,0,0,0,0,0,0,0,0,0,0,0,0,0,0,0,0,0,0,0,0,0,0,0,0,0,0,0,0,0,0,0,0,0,0,0,0,0,0,0,0,0,0,0,0,0,0,0,0,0,0,0,0,0,0,0,0,0,0,0,0,0,0,0,0,0,0,0,0,0,0,0,0,0
"Guyana",0,0,0,0,0,0,0,0,0,0,15100000,0,0,0,0,0,0,0,0,0,0,0,0,0,0,24640000,0,0,0,0,0,0,0,0,0,0,0,0,0,0,0,0,0,0,0,0,0,0,0,0,0,0,0,0,0,0,0,0,0,0,0,0,0,0,0,0,0,0,0,0,0,0,0,0,0,0,0,0,0,0,0,0,0,0,0,0,0,0,0,0,0,0,0,0,0,0,0,0,0,0,0,0,0,0,0,0,0,0,0,0,0,0,0,0,0,0,0,0,0,0,0,0,0,0,0,0,0,0,0,0,0,0,0,0,0,0,0,0,0,0,0,0,0,0,0,0,0,0,0,0,0,0,0,0,0,0,0,0,0,0,0,0,0,0,0,0,0,0,0,0,0,0,0,0,0,0,0,0,560000,0,0,0,0,0,0,0,0,0,0,0,0,0,0,0,0
"Haiti",0,0,0,0,0,0,0,0,0,0,0,0,0,0,0,0,0,0,0,0,0,0,0,0,0,0,0,0,0,0,0,0,0,0,0,0,0,0,0,0,0,0,0,0,0,0,0,0,0,0,0,0,0,0,0,0,0,0,0,0,0,0,0,0,0,0,0,0,0,0,0,0,0,0,0,0,0,0,0,0,0,0,0,0,0,0,0,0,0,0,0,0,0,0,0,0,0,0,0,0,0,0,0,0,0,0,0,0,0,0,0,0,0,0,0,0,0,0,0,0,0,0,0,0,0,0,0,0,0,0,0,0,0,0,0,0,0,0,0,0,0,0,0,0,0,0,0,0,0,0,0,0,0,0,0,0,0,0,0,0,0,0,0,0,0,0,0,0,0,0,0,0,0,0,0,0,0,0,0,0,0,0,0,0,0,0,0,0,0,0,0,0,0,0,0
"Honduras",0,0,0,0,0,0,0,0,0,0,0,0,0,0,0,0,0,0,0,0,0,0,0,0,0,0,0,0,0,0,0,0,0,0,0,0,0,0,0,0,0,0,0,0,0,0,0,0,0,0,0,0,0,0,0,0,0,0,0,0,0,0,0,0,0,0,0,0,0,0,0,0,0,0,0,0,0,0,0,0,0,0,0,0,0,0,0,0,0,0,0,0,0,0,0,0,0,0,0,0,0,0,0,0,0,0,0,0,0,0,0,0,0,0,0,0,0,0,0,0,0,0,0,0,0,0,0,0,0,0,0,0,0,0,0,0,0,0,0,0,0,0,0,0,0,0,0,0,0,0,0,0,0,0,0,0,0,0,0,0,0,0,0,0,0,0,0,0,0,0,0,0,0,0,0,0,0,0,0,0,0,0,0,0,0,0,0,0,0,0,0,0,0,0,0
"Hong Kong SAR, China",0,0,0,0,0,0,159120000,0,0,0,0,0,0,0,0,0,0,0,0,0,0,0,0,0,0,78365000,0,0,0,0,0,7256675000,0,0,0,0,0,0,0,0,0,0,0,0,0,0,0,0,0,0,0,0,0,0,0,0,0,0,0,0,0,0,0,0,0,0,0,0,0,0,0,0,0,0,0,0,0,0,0,0,0,0,0,0,0,0,0,0,0,0,0,0,0,0,0,1815000,0,0,0,0,1936685000,0,0,0,0,0,0,0,0,0,0,0,0,0,0,0,0,0,0,0,1815000,22100000,0,0,0,0,0,0,0,0,0,0,0,0,0,0,0,0,0,0,0,0,0,0,0,0,0,0,0,0,0,0,0,39780000,0,0,0,0,0,0,0,0,0,0,0,0,0,0,0,0,0,0,0,0,0,0,11680000,0,137020000,0,0,0,0,0,0,0,0,0,0,0,0,0,0,0,0
"Hungary",0,0,2906380000,433785000,0,0,0,1554176380000,0,0,0,0,0,0,0,0,0,0,0,0,0,155842590000,0,0,0,23595000,0,0,0,0,0,1780000,0,0,20295330000,0,0,0,62138870000,0,0,180620000,0,0,2796380000,0,0,0,0,33496500000,0,0,7840000,29033580000,0,0,13260000,0,0,1392129280000,31659080000,0,0,133752220000,0,0,0,0,0,0,0,0,0,85855175000,0,0,0,829480000,0,69420000,0,4077857605000,0,8.9e+07,0,0,2145330000,0,0,0,0,12201900000,152460000,4884960000,0,3201660000,0,0,8474580000,20273300000,0,0,0,0,0,0,4396600000,0,0,0,0,0,0,676400000,0,0,1889638040000,0,0,1840720000,0,0,0,0,0,0,0,0,29250030000,0,0,0,0,481553085000,10680000,0,0,0,0,0,1728783195000,0,37988760000,0,0,0,0,0,0,0,0,396069960000,1088043030000,0,0,0,108957360000,0,0,0,261300000,10068930000,0,0,0,0,0,0,0,0,0,9.0157e+10,34862045000,0,0,0,227655000,60260545000,0,0,0,0,0,0,0,0,0,0,161923220000,8900000,2188495000,117480000,0,0,0
"Croatia",0,0,52107720000,0,0,0,0,864885000,0,0,0,0,0,0,0,0,0,0,0,0,0,0,0,0,0,3630000,0,0,0,0,0,0,0,0,0,0,0,0,0,0,0,0,0,0,0,0,19022860000,0,0,0,0,0,0,1493420000,0,0,0,0,0,130080000,45602510000,0,0,29270320000,0,0,0,0,0,0,284835000,0,2951240000,0,0,0,0,250980000,0,0,0,335839720000,0,0,0,0,0,0,0,0,0,0,0,0,0,0,0,0,11105420000,0,0,0,0,0,0,0,29466120000,0,0,0,0,0,0,0,0,0,32190000,0,0,142575000,0,0,0,0,0,0,0,0,0,0,0,0,0,37240000,188680000,0,0,0,0,0,2961920000,0,71200000,0,0,0,0,0,0,0,0,678285000,23140000,0,0,0,17433320000,0,0,0,0,5039180000,0,0,0,0,0,0,0,0,0,59168980000,49840000,0,0,0,0,391600000,45375000,0,0,0,0,0,0,0,0,0,0,0,843975000,87220000,0,0,0
"Iceland",0,0,0,0,0,0,0,0,0,0,0,0,0,0,0,0,0,0,0,0,0,0,0,0,0,0,0,0,0,0,0,0,0,0,0,0,0,0,0,0,0,0,0,0,0,0,0,0,0,0,0,0,0,0,0,0,0,0,0,0,0,0,0,0,0,0,0,0,0,0,0,0,0,0,0,0,0,0,0,0,0,0,0,0,0,0,0,0,0,0,0,0,0,0,0,0,0,0,0,0,0,0,0,0,0,0,0,0,0,0,0,0,0,0,0,0,0,0,0,0,0,0,0,0,0,0,0,0,0,0,0,0,0,0,0,0,0,0,0,0,0,0,0,0,0,0,0,0,0,0,0,0,0,0,0,0,0,0,0,0,0,0,0,0,0,0,0,0,0,0,0,0,0,0,0,0,0,0,0,0,0,0,0,0,0,0,0,0,0,0,0,0,0,0,0
"India",0,0,0,159720000,0,0,207565000,0,0,2987420000,0,2193442335000,0,473480000,0,0,106800000,0,0,0,8409420000,0,3630000,0,1664300000,109545000,0,0,24332805000,0,0,252012100000,0,0,1815000,0,0,0,0,0,0,0,0,0,0,0,10745920000,0,0,0,0,34380000,0,0,4496280000,592740000,80100000,0,0,1815000,0,79860000,5445000,0,0,0,0,35360000,0,0,0,8120915000,0,0,0,0,2374512915000,26472070000,3812520000,0,1102245000,0,0,0,0,20866650000,105460225000,0,580250000,3074610000,22477840000,102387380000,7.78e+08,42720000,0,821365000,0,5595000,0,0,0,61710000,0,2482584175000,12600000,0,167320000,0,0,0,0,0,0,0,17800000,305812385000,925600000,0,0,0,0,42980000,0,0,793155000,16020000,4250990000,0,0,0,0,0,25347625000,0,820580000,0,0,213600000,9354875000,0,0,0,0,0,0,0,0,10235255000,0,9031805000,0,0,0,155976900000,0,200480000,48060000,81880000,0,0,9075000,21780000,76540000,0,379894670000,602545000,12557770000,0,0,0,147084585000,0,0,335344980000,0,0,3688700000,0,1644610000,0,0,0,0,2051733020000,0,75683340000,0,0,0,0,0,0,0,0,0
"Indonesia",0,0,0,0,0,0,0,0,0,0,0,0,0,0,0,0,0,0,0,0,0,0,0,0,0,0,0,0,0,0,0,0,0,0,0,0,0,0,0,0,0,0,0,0,0,0,0,0,0,0,0,0,0,0,0,0,0,0,0,0,0,0,0,0,0,0,0,0,0,0,0,8900000,0,0,0,108580000,0,0,0,0,0,0,0,0,0,11760890000,0,0,0,0,0,1780825000,0,0,0,0,0,0,0,0,0,0,0,24609215000,0,0,0,0,0,0,0,0,0,0,0,0,0,0,0,0,16020000,0,0,0,0,0,744040000,0,0,0,0,0,56370820000,0,0,0,685615000,0,0,0,0,0,0,0,0,0,0,0,0,0,0,0,0,970100000,0,1780000,0,0,0,0,0,0,0,0,0,0,3368620000,0,0,0,0,0,0,0,0,0,0,0,0,0,0,0,0,1794240000,0,0,0,0,0,0,0,0,0,0,0
"Iran (Islamic Republic of)",0,6348870000,0,0,0,0,0,0,0,0,0,0,0,0,0,0,0,0,0,0,0,0,0,0,0,0,0,0,0,0,0,0,0,0,0,0,0,0,0,493435000,0,0,0,0,0,0,0,0,0,0,0,0,0,0,0,0,0,0,0,0,0,0,0,0,0,0,0,0,0,0,0,0,0,0,0,0,0,0,938355000,0,0,0,0,0,0,0,0,0,0,0,0,0,0,0,0,0,0,0,0,0,0,0,0,0,0,0,0,0,0,0,0,0,0,0,0,0,0,0,0,0,0,0,0,0,0,0,0,0,0,0,0,0,0,0,0,0,0,0,0,0,0,0,0,0,0,0,0,0,0,0,0,0,0,0,0,0,0,0,123760000,0,0,0,0,796785000,0,0,0,0,0,0,0,0,0,0,0,0,0,0,0,0,0,0,0,0,0,0,0,0,0,0,0,0,0,0,0
"Iraq",0,0,0,0,0,0,0,0,0,0,0,0,0,0,0,0,0,0,0,0,0,0,0,0,0,0,0,0,0,0,0,0,0,0,0,0,0,0,0,0,0,0,0,0,0,0,0,0,0,0,0,0,0,0,0,0,0,0,0,0,0,0,0,0,0,0,0,0,0,0,0,0,0,0,0,0,0,0,0,0,0,0,0,0,0,0,0,0,0,0,0,0,0,0,0,0,0,0,0,0,0,0,0,0,0,0,0,0,0,0,0,0,0,0,0,0,0,0,0,0,0,0,0,0,0,0,0,0,0,0,0,0,0,0,0,0,0,0,0,0,0,0,0,0,0,0,0,0,0,0,0,0,0,0,0,0,0,0,0,0,0,0,0,0,0,0,0,0,0,0,0,0,0,0,0,0,0,0,0,0,0,0,0,0,0,0,0,0,0,0,0,0,0,0,0
"Ireland",0,0,0,0,0,0,0,0,0,0,0,0,0,0,0,0,0,0,0,0,0,0,0,0,0,0,0,0,0,0,0,0,0,0,0,0,0,0,0,0,0,0,0,0,0,0,0,0,0,0,0,0,0,0,0,0,0,0,0,0,0,0,0,0,0,0,0,0,0,0,0,0,0,0,0,0,0,0,0,0,0,0,0,0,0,0,0,0,0,0,0,0,0,0,0,0,0,0,0,0,0,0,0,0,0,0,0,0,0,0,0,0,0,0,0,0,10863340000,0,0,0,0,0,0,0,0,0,0,0,0,0,0,0,0,0,0,0,0,0,0,0,0,0,0,0,0,0,0,0,0,0,0,0,194205000,0,0,0,3730000,0,0,0,0,0,0,0,0,0,0,0,0,0,0,0,0,0,0,0,56517925000,0,0,0,0,0,0,0,0,0,0,0,0,0,0,0,0,0,0
"Israel",0,0,14240000,0,0,3560000,0,0,0,0,0,0,0,0,0,0,0,0,0,0,0,0,0,0,0,0,0,0,0,0,0,62300000,0,0,0,0,0,0,0,0,0,0,0,0,0,0,0,0,0,0,0,106800000,0,0,0,0,0,0,0,0,0,0,0,0,0,0,0,0,0,0,0,0,0,0,0,0,0,0,0,0,0,5340000,0,16020000,0,1865000,116075580000,0,0,0,0,0,0,0,0,0,0,0,0,0,0,0,0,0,0,0,0,0,0,40940000,0,0,0,0,0,0,0,0,0,0,0,0,0,0,0,0,0,0,0,0,0,0,0,0,0,0,0,0,0,0,0,0,0,0,0,0,0,0,0,0,0,0,0,0,0,44500000,0,0,0,0,0,0,0,0,0,0,0,0,0,0,0,0,0,0,0,0,9070000,14240000,57560000,0,0,0,0,0,28480000,0,0,94340000,0,0,0,0,0,0,0
"Italy",595900000,0,6947410000,909315000,0,1780000,2221560000,28071540000,0,79860000,39780000,595320000,0,0,0,0,142680000,0,0,0,0,1072220000,0,3441240000,1780000,248620000,330260000,8260065000,245940000,0,5340000,18150000,0,0,1960000,0,315275000,0,15501300000,277780000,39930000,40499635000,0,27225000,208160000,0,130959265000,0,0,22100000,0,0,57615000,112923595000,0,0,64820000,159720000,319440000,122773865000,1752705000,439230000,0,149071285000,0,4420000,10890000,0,0,4174500000,0,195550000,3823110000,4396470000,4420000,117975000,39930000,230080000,0,189550000,44007030000,0,1756920000,11215000,0,61535000,8065335000,0,0,0,1815000,36300000,3274260000,173405000,0,37192065000,0,79860000,10896050000,62905000,0,0,0,12705000,0,0,1276635000,0,0,14520000,4420000,1929650000,0,9075000,30855000,0,57030530000,0,0,119790000,0,72600000,0,0,0,1125250000,363120000,4420000,639680000,0,0,0,356910000,1055910000,306340000,0,0,78770000,0,0,30901860000,0,407055000,0,0,0,0,1067220000,3366825000,0,0,4583135000,687765000,7260000,9280095000,1007915000,54527240000,0,0,0,14061330000,24963615000,1143450000,17680000,49005000,4420000,39930000,0,0,0,0,49395255000,15088015000,903870000,0,0,27304245000,49795000,1085300000,0,0,0,1815000,39930000,148850000,10577820000,11785585000,0,24593405000,90750000,1040105000,27225000,0,0,0
"Cote dIvoire",0,0,0,0,0,0,0,0,0,0,0,0,0,0,0,0,0,0,0,0,0,0,0,0,0,1815000,0,0,0,0,0,44500000,0,0,339980000,0,0,0,0,0,0,0,0,0,0,0,0,0,0,0,0,0,0,70785000,0,0,0,12460000,0,0,0,338200000,0,0,0,0,0,115700000,0,0,0,0,0,0,0,0,0,0,0,0,0,0,0,0,0,0,0,0,0,0,0,0,0,0,0,0,0,39160000,0,0,0,0,0,0,0,4789980000,0,35600000,0,0,0,0,0,0,0,0,0,0,0,0,0,0,0,3304355000,0,0,0,0,0,0,0,0,0,0,0,0,0,0,0,0,0,0,0,0,0,0,0,0,2306880000,0,0,0,0,0,0,0,0,0,0,0,0,0,0,0,0,0,0,0,0,0,0,0,0,0,0,0,0,0,1815000,1308695000,0,0,0,0,0,0,0,0,0,0,0,0,0,0,0
"Kazakhstan",0,0,0,0,0,0,0,0,0,0,0,0,0,0,0,0,0,0,0,0,0,0,0,0,0,0,0,0,0,0,0,0,0,0,0,0,0,0,0,0,0,0,0,0,0,0,0,0,0,0,0,0,0,0,0,0,0,0,0,0,0,0,0,0,0,0,0,0,0,0,0,0,0,0,0,0,0,0,0,0,0,0,0,0,0,0,0,1977560000,0,0,0,0,0,0,0,0,0,0,0,0,0,0,0,0,0,0,0,0,0,0,0,0,0,0,0,0,0,0,0,0,0,0,0,0,0,0,0,0,0,0,0,0,0,0,0,0,0,0,0,0,0,0,0,0,0,0,0,0,0,0,0,0,0,0,0,0,0,0,8526200000,0,0,0,0,0,0,0,0,0,0,0,0,0,0,0,0,0,0,0,0,0,0,10149560000,0,0,0,0,0,0,0,0,0,0,0,0,0
"Jamaica",0,0,0,0,103455000,0,0,0,0,0,0,0,0,0,0,0,0,0,0,0,0,0,0,0,0,0,0,0,0,0,0,0,0,0,0,0,0,0,0,0,0,0,0,0,0,0,0,0,0,0,0,0,0,0,0,0,0,0,0,0,0,0,0,0,0,9075000,0,0,5410000,0,0,0,0,0,0,0,0,0,0,0,0,0,0,0,0,0,0,0,0,0,0,0,0,0,0,0,0,0,0,0,0,0,0,0,0,0,0,0,0,0,0,0,0,0,0,0,0,0,0,0,0,0,0,0,0,0,0,0,0,0,0,0,0,0,0,0,0,0,0,0,0,0,0,0,103455000,10820000,0,0,0,0,0,0,0,0,0,0,0,0,0,0,0,0,0,0,0,0,0,0,0,0,0,0,0,0,0,0,0,0,5445000,0,0,0,0,0,0,0,0,0,0,0,0,0,0,0,0
"Japan",0,0,0,0,0,0,0,0,0,0,0,0,0,0,0,0,0,0,0,0,0,0,0,0,0,0,0,0,0,0,0,72600000,0,0,0,0,0,0,0,0,0,0,0,0,0,0,0,0,0,0,0,0,0,0,0,0,0,0,0,0,0,0,0,0,0,0,0,0,0,0,0,4420000,0,0,0,0,53040000,0,0,0,0,0,0,0,0,0,0,0,0,0,0,0,0,0,0,0,0,0,0,0,0,0,0,4558835000,0,0,0,0,0,0,0,0,0,0,0,0,0,0,0,0,0,0,0,0,0,0,0,0,0,0,0,0,0,0,0,0,0,0,0,0,0,0,0,0,0,0,0,0,0,0,0,0,0,1449760000,0,0,0,0,0,0,0,0,0,0,0,0,78045000,0,0,0,0,0,0,0,0,0,0,0,0,0,0,0,0,84600000,0,0,0,0,0,0,0,0,0,0,0
"Jordan",0,0,0,0,0,0,0,0,0,0,0,0,0,0,0,0,0,0,0,0,0,0,0,0,0,0,0,0,0,0,0,0,0,0,0,0,0,0,0,0,0,0,0,0,0,0,195210000,0,0,0,0,0,0,0,0,0,0,0,0,0,0,0,0,0,0,0,0,0,0,0,0,0,107085000,0,0,11082280000,0,0,796015000,0,3859040000,0,0,0,0,0,0,0,0,0,0,0,1120000,0,0,0,0,0,0,0,0,0,0,0,0,0,0,0,0,0,0,0,0,0,0,0,0,0,0,0,0,0,0,0,0,0,0,0,0,0,0,0,0,0,0,0,0,0,0,0,0,0,0,0,0,0,0,45375000,0,0,0,0,0,0,0,0,0,0,0,0,0,0,358020000,0,0,0,0,0,0,0,0,331500000,0,1120000,0,0,0,0,90780000,0,0,0,0,0,0,0,0,0,0,0,0,0,0,0,0
"Kyrgyzstan",0,0,0,0,0,0,0,0,0,0,0,0,0,0,0,0,0,0,0,0,0,0,0,0,0,0,0,0,0,0,0,0,0,0,0,0,0,0,0,0,0,0,0,0,0,0,0,0,0,0,0,0,0,0,0,0,0,0,0,0,0,0,0,0,0,0,0,0,0,0,0,0,0,0,0,0,0,101460000,0,0,0,0,0,2974380000,0,0,0,0,0,0,0,0,0,0,0,0,0,0,0,0,0,0,0,0,0,0,0,0,0,0,0,0,0,0,0,0,0,0,0,0,0,0,0,0,0,0,0,0,0,0,0,0,0,0,0,0,0,0,0,0,0,0,0,0,0,0,0,0,0,0,0,0,0,0,0,0,0,0,0,0,0,0,0,0,0,0,0,0,0,0,0,0,0,0,0,0,0,0,0,0,0,1066220000,0,0,0,0,0,0,0,0,0,0,0,0,0
"Kenya",0,0,0,0,0,0,21780000,0,0,0,0,0,0,0,0,0,0,0,0,0,0,0,0,19495000,0,0,0,0,0,0,0,0,0,190575000,0,0,0,0,0,0,0,0,0,0,0,0,0,0,0,0,0,0,0,0,0,0,0,0,0,0,0,0,0,0,0,0,0,0,0,0,0,0,0,0,0,2637960000,0,0,0,1780000,0,0,0,0,0,0,0,0,0,0,0,0,0,0,0,0,0,0,0,0,0,0,0,0,0,0,0,0,0,0,0,0,0,0,0,0,12460000,0,0,0,0,0,0,0,0,0,0,0,0,0,0,0,0,0,0,0,0,0,0,0,0,1679840000,0,0,0,0,0,0,0,0,0,0,0,0,12018805000,1780000,0,0,0,0,0,0,0,0,0,2622900000,0,0,0,0,0,0,0,0,1126270000,0,53400000,0,0,0,0,0,0,0,0,74415000,146850000,39780000,0,0,0,0,0,0,0
"Cambodia",0,0,0,0,0,0,0,0,0,0,0,0,0,0,0,0,0,0,0,0,0,0,0,0,0,0,0,0,0,0,0,0,0,0,0,0,0,0,0,0,0,0,0,0,0,0,0,0,0,0,0,0,0,0,0,0,0,0,0,0,0,0,0,0,0,0,0,0,0,0,0,0,0,0,0,0,0,0,0,0,0,0,0,0,0,0,0,0,0,0,0,83660000,0,0,0,0,0,0,0,0,0,0,0,0,0,0,0,0,0,0,0,0,0,0,0,0,0,0,0,0,0,0,0,0,0,0,0,0,0,0,0,0,0,0,0,0,0,0,0,0,0,0,0,0,0,0,0,0,0,0,0,0,0,0,0,0,0,0,0,0,0,0,0,0,6500560000,0,4.895e+09,0,0,0,0,0,0,0,0,0,0,0,0,0,0,0,0,14127860000,0,0,0,0,0,0,0,0,0,0,0
"Democratic People's Republic of Korea",0,0,0,0,0,0,0,0,0,0,0,0,0,0,0,0,0,0,0,0,0,0,0,0,0,0,0,0,0,0,0,0,0,0,0,0,0,0,0,0,0,0,0,0,0,0,0,0,0,0,0,0,0,0,0,0,0,0,0,0,0,0,0,0,0,0,0,0,0,0,0,0,0,0,0,0,0,0,0,0,0,0,0,0,0,0,0,0,0,0,0,0,0,0,0,0,0,0,0,0,0,0,0,0,0,0,0,0,0,0,0,0,0,0,0,0,0,0,0,0,0,0,0,0,0,0,0,0,0,0,0,0,0,0,0,0,0,0,0,0,0,0,0,0,0,0,0,0,0,0,0,0,0,0,0,0,0,0,0,0,0,0,0,0,0,0,0,0,0,0,0,0,0,0,0,0,0,0,0,0,0,0,0,0,0,0,0,0,0,0,0,0,0,0,0
"Republic of Korea",0,0,0,0,0,0,50485000,0,0,0,0,0,0,0,0,0,0,0,0,0,0,0,66300000,0,0,7310000,0,0,0,0,0,61880000,0,0,0,0,0,0,0,0,0,0,0,0,0,0,0,0,0,0,0,0,0,0,0,0,0,0,0,0,0,0,0,0,0,0,0,0,0,0,0,9494160000,0,0,0,0,309400000,327080000,0,0,0,0,0,4420000,0,176220000,0,0,0,0,0,0,0,0,0,0,0,0,0,0,0,0,0,9264320000,0,0,0,0,0,0,38240000,0,0,0,0,0,0,0,0,0,0,4420000,0,0,0,0,0,0,0,0,0,0,22100000,0,0,0,0,0,0,0,0,0,8840000,0,0,0,0,0,0,0,0,0,0,18139680000,0,0,0,0,0,0,0,0,0,0,0,0,718740000,0,0,0,0,0,0,3058640000,0,0,0,0,187830000,0,0,0,0,17680000,0,0,0,0,0,0,0,0,0,0,0
"Kuwait",0,0,0,0,0,0,0,0,0,0,0,0,0,0,0,0,0,0,0,0,0,0,0,0,0,0,0,0,0,0,0,0,0,0,0,0,0,0,0,0,0,0,0,0,0,0,0,0,0,0,0,0,0,0,0,0,0,0,0,0,0,0,0,0,0,0,0,0,0,0,0,0,0,0,0,0,0,0,0,0,0,0,0,0,0,0,0,0,0,0,0,0,0,0,0,0,0,0,0,0,0,0,0,0,0,0,0,0,0,0,0,0,0,0,0,0,0,0,0,0,0,0,0,0,0,0,0,0,0,0,0,0,0,0,0,0,0,0,0,0,0,0,0,0,0,0,0,0,0,0,0,0,0,0,0,0,0,0,0,0,0,0,0,0,0,0,0,0,0,0,0,0,0,0,0,0,0,0,0,0,0,0,0,0,0,0,0,0,0,0,0,0,0,0,0
"Latvia",0,0,0,0,0,0,0,0,0,0,0,0,0,0,0,0,0,0,0,0,0,0,0,0,0,0,0,0,0,0,0,0,0,0,0,0,0,0,0,0,0,0,0,0,80960000,0,0,0,0,1258405000,0,0,0,0,0,0,0,0,0,9075000,0,0,0,0,0,0,0,0,0,0,0,0,0,0,0,0,0,0,0,5445000,0,0,0,0,0,0,0,0,0,0,0,0,0,0,0,0,0,0,0,746370000,0,0,0,0,0,0,0,0,0,0,0,0,0,0,0,0,0,0,0,0,0,0,0,0,0,0,0,0,0,0,0,0,0,0,0,0,0,0,0,0,0,0,7120000,0,0,0,0,0,0,0,0,0,0,0,0,0,0,0,0,0,0,0,0,0,0,0,0,0,0,0,0,0,0,0,0,0,0,0,0,0,0,0,0,0,0,0,0,0,0,0,0,0,0,0,0
"Lao People's Democratic Republic",0,0,0,0,0,0,0,0,0,0,0,0,0,0,0,0,0,0,0,0,0,0,0,0,0,0,0,0,0,0,0,0,0,0,0,0,0,0,0,0,0,0,0,0,0,0,0,0,0,0,0,0,0,0,0,0,0,0,0,0,0,0,0,0,0,0,0,0,0,0,0,0,0,0,0,0,0,0,0,0,0,0,0,0,0,0,0,0,0,0,0,0,0,0,0,0,0,0,0,0,0,0,0,0,0,0,0,0,0,0,0,0,0,0,0,0,0,0,0,0,0,0,0,0,0,0,0,0,0,0,0,0,0,0,0,0,0,0,0,0,0,0,0,0,0,0,0,0,0,0,0,0,0,0,0,0,0,0,0,0,0,0,0,0,0,0,0,0,0,0,0,0,0,0,0,0,0,0,0,0,0,0,0,0,0,0,0,0,0,0,0,0,0,0,0
"Lebanon",0,0,0,0,0,0,1815000,1780000,0,0,0,0,0,0,0,0,12530000,0,0,0,0,0,0,0,4420000,10655000,0,1780000,0,0,0,0,0,0,29220000,0,0,0,0,0,6235000,0,0,0,0,0,0,0,0,0,0,0,0,1780000,0,0,0,65270000,16335000,3560000,0,43375000,0,0,0,0,0,4420000,0,0,0,0,0,0,0,0,0,0,434320000,0,0,0,77320000,0,0,0,929410000,0,0,0,0,0,0,0,0,0,0,7225000,0,0,0,0,0,0,0,0,0,0,0,0,0,4420000,0,0,0,0,0,0,0,0,0,0,0,8840000,41595000,0,0,0,0,0,0,0,0,0,0,0,0,0,23525000,0,0,0,0,0,0,0,0,106080000,14240000,0,8840000,0,0,0,0,0,0,0,0,0,7120000,0,1153440000,0,0,0,0,0,0,0,0,36300000,0,0,0,0,20615000,0,7260000,8840000,0,0,20755000,0,54450000,0,4420000,0,0,0,0,0,0,0,0
"Lesotho",0,0,0,0,0,0,0,0,0,0,0,0,0,0,0,0,0,0,0,0,0,0,0,0,0,0,0,0,0,0,0,0,0,0,0,0,0,0,0,0,0,0,0,0,0,0,0,0,0,0,0,0,0,0,0,0,0,0,0,0,0,0,0,0,0,0,0,0,0,0,0,0,0,0,0,0,0,0,0,0,0,0,0,0,0,0,0,0,0,0,0,0,0,0,0,0,0,0,0,0,0,0,0,0,0,0,0,0,0,0,0,0,0,0,0,0,0,0,0,0,0,0,0,0,0,0,0,0,0,0,0,0,0,0,0,0,0,0,0,0,0,0,0,0,0,0,0,0,0,0,0,0,0,0,0,0,0,0,0,0,0,0,0,0,0,0,0,0,0,0,0,0,0,0,0,0,0,0,0,0,0,0,0,0,0,0,0,0,0,0,0,0,0,0,0
"Liberia",0,0,0,0,0,0,0,0,0,0,0,0,0,0,0,0,0,0,0,0,0,0,0,0,0,0,0,0,0,0,0,0,0,0,0,0,0,0,0,0,0,0,0,0,0,0,0,0,0,0,0,0,0,0,0,0,0,0,0,0,0,0,0,0,0,0,0,0,0,0,0,0,0,0,0,0,0,0,0,0,0,0,0,0,0,0,0,0,0,0,0,0,0,0,0,0,0,0,0,0,0,0,0,0,0,0,0,0,0,0,0,0,0,0,0,0,0,0,0,0,0,0,0,0,0,0,0,0,0,0,0,0,0,0,0,0,0,0,0,0,0,0,0,0,0,0,0,0,0,0,0,0,0,0,0,0,0,0,0,0,0,0,0,0,0,0,0,0,0,0,0,0,0,0,0,0,0,0,0,0,0,0,0,0,0,0,0,0,0,0,0,0,0,0,0
"Libya",0,0,0,0,0,0,0,0,0,0,0,0,0,0,0,0,0,0,0,0,0,0,0,0,0,0,0,0,0,0,0,0,0,0,0,0,0,0,0,0,0,0,0,0,0,0,0,0,0,0,0,0,0,0,0,0,0,0,0,0,0,0,0,0,0,0,0,0,0,0,0,0,0,0,0,0,0,0,0,0,0,0,0,0,0,0,0,0,0,0,0,0,0,0,0,0,0,0,0,0,0,0,0,0,0,0,0,0,0,0,0,0,0,0,0,0,0,0,0,0,0,0,0,0,0,0,0,0,0,0,0,0,0,0,0,0,0,0,0,0,0,0,0,0,0,0,0,0,0,0,0,0,0,0,0,0,0,0,0,0,0,0,0,0,0,0,0,0,0,0,0,0,0,0,0,0,0,0,0,0,0,0,0,0,0,0,0,0,0,0,0,0,0,0,0
"Lithuania",0,0,0,0,0,0,0,0,0,0,0,0,0,0,0,0,0,0,0,0,0,0,0,0,0,0,0,0,0,0,0,0,0,0,0,0,0,0,0,0,0,0,0,0,135280000,0,0,0,0,23456875000,0,0,0,0,0,0,0,0,0,222895000,0,0,0,0,0,0,0,0,0,0,0,0,1780000,0,0,0,0,0,0,34485000,0,0,0,0,0,0,0,0,0,0,0,0,0,18608525000,0,0,0,0,0,0,0,0,0,0,0,0,0,0,0,0,0,0,0,0,0,0,0,0,0,0,0,0,0,0,0,0,0,0,0,0,0,0,0,8027905000,0,0,0,0,0,0,0,0,113850000,0,0,0,0,0,0,0,0,0,0,0,0,0,0,0,0,0,8900000,0,0,0,0,0,0,0,0,0,0,0,0,0,0,0,1780000,0,0,0,0,0,0,0,0,0,0,0,0,0,0,0,0,0,0
"Macao SAR, China",0,0,0,0,0,0,0,0,0,0,0,0,0,0,0,0,0,0,0,0,0,0,0,0,0,0,0,0,0,0,0,0,0,0,0,0,0,0,0,0,0,0,0,0,0,0,0,0,0,0,0,0,0,0,0,0,0,0,0,0,0,0,0,0,0,0,0,0,0,0,0,0,0,0,0,0,0,0,0,0,0,0,0,0,0,0,0,0,0,0,0,0,0,0,0,0,0,0,0,0,0,0,0,0,0,0,0,0,0,0,0,0,0,0,0,0,0,0,0,0,0,0,0,0,0,0,0,0,0,0,0,0,0,0,0,0,0,0,0,0,0,0,0,0,0,0,0,0,0,0,0,0,0,0,0,0,0,0,0,0,0,0,0,0,0,0,0,0,0,0,0,0,0,0,0,0,0,0,0,0,0,0,0,0,0,0,0,0,0,0,0,0,0,0,0
"Madagascar",0,0,0,0,0,0,0,0,0,0,0,0,0,0,0,0,0,0,0,0,0,0,0,0,0,0,0,0,0,0,0,0,0,205095000,0,0,0,0,0,0,0,0,0,0,0,0,0,0,0,0,0,0,0,3154195000,0,0,0,0,0,0,0,0,0,0,0,0,0,0,0,0,0,0,0,0,0,0,0,0,0,0,0,0,0,0,0,0,0,0,0,0,0,0,0,0,0,0,0,0,0,0,0,0,0,0,0,0,0,0,0,0,0,0,0,0,0,0,0,0,0,0,0,0,0,0,0,0,0,0,0,0,0,0,0,0,0,0,0,0,0,0,0,0,0,0,0,0,0,0,0,0,0,0,0,0,0,0,0,0,0,0,0,0,0,0,0,0,0,0,0,0,0,0,0,65860000,0,0,0,0,0,0,0,0,0,0,0,0,0,0,0,0,0,0,0,0,0
"Malawi",0,0,0,0,0,0,0,0,0,0,0,0,0,0,0,0,0,0,0,0,0,0,0,0,5519970000,8.9e+09,0,664290000,0,3395865000,0,259880000,0,0,0,0,0,0,0,0,0,0,0,0,0,0,0,0,0,0,0,0,0,0,0,0,0,0,0,0,0,0,0,0,0,0,0,0,0,0,0,0,0,0,0,0,0,0,0,0,0,0,0,0,0,0,0,0,248888500000,0,0,0,0,0,0,0,0,0,0,0,0,0,0,0,0,0,0,0,0,0,0,0,70607260000,0,0,0,0,0,0,0,0,0,0,0,0,0,0,0,0,0,0,0,0,0,0,0,0,0,0,283509995000,0,0,0,0,0,0,0,0,0,0,1780000,0,0,5.34e+09,0,874750000,0,0,0,0,0,0,0,0,0,3529740000,0,0,0,0,0,0,0,0,0,0,2.3496e+10,0,0,0,0,0,0,0,0,0,7261815000,4642240000,0,0,0,0,0,0,0
"Malaysia",0,0,0,0,0,0,5824770000,0,0,0,0,0,0,0,0,0,0,0,0,0,8388755000,0,81880000,0,0,0,0,0,207740000,0,0,50435000,0,0,0,0,0,0,0,0,0,0,0,0,0,0,0,0,0,0,0,243100000,0,0,0,0,0,0,0,0,0,0,0,0,0,0,0,0,0,0,0,167550000,0,0,0,0,3650645000,0,41745000,0,0,0,0,0,0,1865000,0,0,0,19641930000,0,0,0,0,0,0,0,0,0,0,0,0,0,0,34015000,0,0,0,97240000,0,0,0,0,0,0,0,143385000,0,0,0,0,22100000,0,0,0,0,0,0,0,24920000,0,0,2895875000,0,0,0,0,0,0,0,0,0,0,0,0,0,0,105270000,0,0,0,0,0,3799120000,0,0,0,0,0,0,0,0,0,0,70720000,0,957840000,0,0,0,0,0,0,0,0,0,0,0,128180000,0,0,0,0,278460000,0,0,0,0,0,0,0,0,0,0,0
"Maldives",0,0,0,0,0,0,0,0,0,0,0,0,0,0,0,0,0,0,0,0,0,0,0,0,0,0,0,0,0,0,0,0,0,0,0,0,0,0,0,0,0,0,0,0,0,0,0,0,0,0,0,0,0,0,0,0,0,0,0,0,0,0,0,0,0,0,0,0,0,0,0,0,0,0,0,0,0,0,0,0,0,0,0,0,0,0,0,0,0,0,0,0,0,0,0,0,0,0,0,0,0,0,0,0,0,0,0,0,0,0,0,0,0,0,0,0,0,0,0,0,0,0,0,0,0,0,0,0,0,0,0,0,0,0,0,0,0,0,0,0,0,0,0,0,0,0,0,0,0,0,0,0,0,0,0,0,0,0,0,0,0,0,0,0,0,0,0,0,0,0,0,0,0,0,0,0,0,0,0,0,0,0,0,0,0,0,0,0,0,0,0,0,0,0,0
"Mali",0,0,0,0,0,0,0,0,0,0,0,0,0,0,0,0,0,0,0,0,0,0,0,0,0,0,0,0,0,0,0,0,0,0,0,0,0,0,0,0,0,0,0,0,0,0,0,0,0,0,0,0,0,0,0,0,0,0,0,0,0,0,0,0,0,0,0,0,0,0,0,0,0,0,0,0,0,0,0,0,0,0,0,0,0,0,0,0,0,0,0,0,0,0,0,0,0,0,0,0,0,0,0,0,0,0,0,0,0,0,0,0,0,0,0,0,0,0,0,0,0,0,0,0,0,0,0,0,0,0,0,0,0,0,0,0,0,0,0,0,0,0,0,0,0,0,0,0,0,0,0,0,0,0,0,0,0,0,0,0,0,0,0,0,0,0,0,0,0,0,0,0,0,0,0,0,0,0,0,0,0,0,0,0,0,0,0,0,0,0,0,0,0,0,0
"Malta",0,0,0,0,0,0,0,0,0,0,0,0,0,0,0,0,0,0,0,0,0,0,0,0,0,0,0,0,0,0,0,0,0,0,0,0,0,0,0,0,0,0,0,0,0,0,0,0,0,0,0,0,0,0,0,0,0,0,0,0,0,0,0,0,0,0,0,0,0,0,0,0,0,0,0,0,0,0,0,0,0,0,0,0,0,0,0,0,0,0,0,0,0,0,0,0,0,0,0,0,0,0,0,0,0,0,0,0,0,0,0,0,0,0,0,0,0,0,0,0,0,0,0,0,0,0,0,0,0,0,0,0,0,0,0,0,0,0,0,0,0,0,0,0,0,0,0,0,0,0,0,0,0,0,0,0,0,0,0,0,0,0,0,0,0,0,0,0,0,0,0,0,0,0,0,0,0,0,0,0,0,0,0,0,0,0,0,0,0,0,0,0,0,0,0
"Mauritania",0,0,0,0,0,0,0,0,0,0,0,0,0,0,0,0,0,0,0,0,0,0,0,0,0,0,0,0,0,0,0,0,0,0,0,0,0,0,0,0,0,0,0,0,0,0,0,0,0,0,0,0,0,0,0,0,0,0,0,0,0,0,0,0,0,0,0,0,0,0,0,0,0,0,0,0,0,0,0,0,0,0,0,0,0,0,0,0,0,0,0,0,0,0,0,0,0,0,0,0,0,0,0,0,0,0,0,0,0,0,0,0,0,0,0,0,0,0,0,0,0,0,0,0,0,0,0,0,0,0,0,0,0,0,0,0,0,0,0,0,0,0,0,0,0,0,0,0,0,0,0,0,0,0,0,0,0,0,0,0,0,0,0,0,0,0,0,0,0,0,0,0,0,0,0,0,0,0,0,0,0,0,0,0,0,0,0,0,0,0,0,0,0,0,0
"Mauritius",0,0,0,0,0,0,0,0,0,0,0,0,0,0,0,0,0,0,0,0,0,0,0,0,0,0,0,0,0,0,0,0,0,0,0,0,0,0,0,0,0,0,0,0,0,0,0,0,0,0,0,0,0,62440000,0,0,0,0,0,0,0,0,0,0,0,0,0,0,0,0,0,0,0,0,0,0,0,0,0,0,0,0,0,0,0,0,0,0,0,0,0,0,0,0,0,0,0,0,0,0,0,27225000,0,0,0,0,0,0,0,0,0,0,0,0,0,0,0,0,0,0,0,0,0,0,0,0,0,0,0,0,0,0,0,0,0,0,0,0,0,0,0,0,0,0,0,0,0,0,0,1217520000,0,0,0,0,0,0,0,0,0,0,0,0,0,0,0,0,0,0,0,0,0,0,0,0,0,0,0,0,0,0,0,0,0,0,0,0,0,0,0,0,0,0,0,0,0
"Mexico",0,0,0,0,0,7120000,3595000,68585000,0,0,0,0,0,0,21360000,0,38095000,0,21360000,0,0,5340000,0,0,0,52040000,0,0,0,0,21745000,0,125524745000,0,0,0,3281570000,278540000,0,0,0,0,0,0,0,169100000,3560000,158959640000,0,0,0,0,0,224280000,0,0,0,0,0,155215000,0,0,0,0,0,0,8424750000,0,0,0,36613690000,0,17800000,4420000,0,0,0,0,0,0,0,23140000,0,0,0,1780000,0,0,0,0,0,0,0,0,0,0,0,0,0,0,0,0,0,0,0,0,0,0,0,0,0,0,0,0,0,0,480975000,0,0,0,0,0,6134645000,0,0,3560000,3560000,240240000,18150000,0,0,603420000,0,0,0,0,0,0,0,0,0,0,0,0,0,0,0,0,0,0,0,0,0,18150000,0,10750000,715110000,0,0,0,0,1780000,0,0,0,0,0,0,0,23245000,0,0,1780000,0,0,0,116160000,0,229854355000,0,0,0,862574530000,0,0,0,0,0,0,0,5340000,0,0,0,0
"Mongolia",0,0,0,0,0,0,0,0,0,0,0,0,0,0,0,0,0,0,0,0,0,0,0,0,0,0,0,0,0,0,0,0,0,0,0,0,0,0,0,0,0,0,0,0,0,0,0,0,0,0,0,0,0,0,0,0,0,0,0,0,0,0,0,0,0,0,0,0,0,0,0,0,0,0,0,0,0,0,0,0,0,0,0,0,0,0,0,0,0,0,0,0,0,0,0,0,0,0,0,0,0,0,0,0,0,0,0,0,0,0,0,0,0,0,0,0,0,0,0,0,0,0,0,0,0,0,0,0,0,0,0,0,0,0,0,0,0,0,0,0,0,0,0,0,0,0,0,0,0,0,0,0,0,0,0,0,0,0,0,0,0,0,0,0,0,0,0,0,0,0,0,0,0,0,0,0,0,0,0,0,0,0,0,0,0,0,0,0,0,0,0,0,0,0,0
"Morocco",0,0,0,0,0,0,0,0,0,0,0,0,0,0,0,0,0,0,0,0,0,0,0,0,0,0,0,0,0,0,0,0,0,0,0,0,0,0,0,0,0,0,0,0,0,0,0,0,0,0,0,0,0,0,0,0,0,0,0,0,0,0,0,0,0,0,0,0,0,0,0,0,0,0,0,0,0,0,0,0,0,0,0,0,0,0,0,0,0,0,0,0,0,0,0,0,0,0,5340000,0,0,0,0,0,0,0,0,846920000,0,0,0,0,0,0,0,0,0,0,0,0,0,0,0,0,0,0,0,0,0,0,0,0,0,0,0,0,0,0,0,0,0,0,0,0,0,0,0,0,0,0,0,0,0,0,0,0,0,0,0,0,0,0,0,0,0,0,0,0,0,0,0,0,0,0,0,0,0,0,0,0,0,0,0,0,0,0,0,0,0,0,0,0,0,0,0
"Mozambique",0,0,0,0,0,0,0,0,0,0,0,0,0,0,0,0,0,0,0,0,0,0,0,0,0,0,0,0,0,0,0,0,0,0,0,0,0,0,0,0,0,0,0,0,0,0,0,0,0,0,0,0,0,0,0,0,0,0,0,0,0,0,0,0,0,0,0,0,0,0,0,0,0,0,0,0,0,0,0,0,0,0,0,0,0,0,0,0,0,0,0,0,0,0,0,0,0,0,0,0,0,0,0,0,0,0,0,0,0,0,0,0,0,0,0,0,0,0,0,0,0,0,0,0,0,0,0,0,0,0,0,0,0,0,0,0,0,0,0,0,0,0,0,0,0,0,0,0,0,0,0,0,0,0,0,0,0,0,0,0,0,0,0,0,0,0,0,0,0,0,0,0,0,0,0,0,0,0,0,0,0,0,0,0,0,0,0,0,0,0,0,0,0,0,0
"Republic of Moldova",0,0,0,0,0,0,0,767180000,0,0,0,0,0,0,0,0,0,0,0,0,0,1044860000,0,0,0,0,0,0,0,0,0,0,0,0,0,0,0,0,6801380000,0,0,0,0,0,11984740000,0,0,0,0,786760000,0,0,0,0,0,0,138840000,0,0,0,0,0,0,68207820000,0,0,0,0,0,0,0,0,1941980000,0,0,0,0,0,0,0,0,53716875000,0,217160000,0,0,464580000,0,0,0,0,0,0,0,0,0,0,0,0,7235700000,0,0,0,0,0,0,0,0,0,0,0,0,0,0,0,0,5489520000,0,0,0,0,8501280000,0,0,0,0,0,1482740000,0,0,0,0,0,28177400000,0,0,0,0,0,0,10644470000,0,422400000,0,0,0,0,0,0,0,0,0,35600000,0,0,0,0,0,0,0,0,2335360000,0,0,0,0,0,0,0,0,0,0,21395600000,0,0,0,37921120000,41285320000,653260000,0,0,74760000,0,0,0,0,0,0,0,0,0,0,0,0,0
"Namibia",0,0,0,0,0,0,0,0,0,0,0,0,0,0,0,0,0,0,0,0,0,0,0,0,0,0,0,0,0,0,0,0,0,0,0,0,0,0,0,0,0,0,0,0,0,0,0,0,0,0,0,0,0,0,0,0,0,0,0,0,0,0,0,0,0,0,0,0,0,0,0,0,0,0,0,0,0,0,0,0,0,0,0,0,0,0,0,0,0,0,0,0,0,0,0,0,0,0,0,0,0,0,0,0,0,0,0,0,0,0,0,0,0,0,0,0,0,0,0,0,0,0,0,0,0,0,0,0,0,0,0,0,0,0,0,0,0,0,0,0,0,0,0,0,0,0,0,0,0,0,0,0,0,0,0,0,0,0,0,0,0,0,0,0,0,0,0,0,0,0,0,0,0,0,0,0,0,0,0,0,0,0,0,0,0,0,0,0,0,0,0,0,0,0,0
"Nepal",0,0,0,0,0,0,0,0,0,0,0,0,0,0,0,0,0,0,0,0,0,0,0,0,0,0,0,0,0,0,0,0,0,0,0,0,0,0,0,0,0,0,0,0,0,0,0,0,0,0,0,0,0,0,0,0,0,0,0,0,0,0,0,0,0,0,0,0,0,0,0,0,0,0,0,17800000,0,0,0,0,0,0,0,0,0,0,0,0,0,0,0,0,0,0,0,0,0,0,0,0,0,0,0,0,0,0,0,0,0,0,0,0,0,0,0,0,0,0,0,0,0,0,0,0,0,0,0,0,0,0,0,0,0,0,0,0,0,0,0,0,0,0,0,0,0,0,0,0,0,0,0,0,0,0,0,0,0,0,0,0,0,0,0,0,4420000,0,0,0,0,0,0,0,0,0,0,0,62555000,0,21360000,0,0,0,0,0,0,0,0,0,0,0,0,0,0,0,0
"Netherlands",0,107105000,0,0,0,0,0,29112875000,0,83980000,0,0,0,0,0,0,0,0,0,0,0,19965000,0,0,4420000,0,5340000,0,0,1815000,0,0,0,0,335130000,0,0,0,103060000,13260000,0,5417590000,0,0,0,0,0,0,2.21e+08,2800000,0,0,106390000,60372765000,0,8900000,0,0,0,234485970000,0,94380000,0,19585000,0,0,0,0,0,660865000,0,1815000,1209670000,280000,10496070000,3630000,0,0,0,70629790000,0,4439215000,70720000,1815000,0,0,113995000,0,249335000,0,0,0,0,8345000,0,173405000,0,125635000,340340000,35500000,0,0,0,0,0,0,22200000,0,0,0,0,17680000,0,0,0,0,0,0,0,0,0,0,0,0,0,5419685000,0,0,45450000,0,0,0,0,985570000,663200000,0,0,0,0,0,42278495000,0,158315000,0,0,0,0,330330000,0,0,0,35080000,73820000,16335000,0,0,11581820000,1815000,0,0,7331270000,165970000,4420000,0,0,0,0,0,0,0,0,0,74260000,6235000,0,0,75863045000,473020000,12670000,0,0,0,0,0,88400000,0,118550000,0,267569300000,4767090000,0,0,0,0,0
"Netherlands Antilles",0,0,0,0,0,0,0,0,0,0,0,0,0,0,0,0,0,0,0,0,0,0,0,0,0,0,0,0,0,0,0,0,0,0,0,0,0,0,0,0,0,0,0,0,0,0,0,0,0,0,0,0,0,0,0,0,0,0,0,0,0,0,0,0,0,0,0,0,0,0,0,0,0,0,0,0,0,0,0,0,0,0,0,0,0,0,0,0,0,0,0,0,0,0,0,0,0,0,0,0,0,0,0,0,0,0,0,0,0,0,0,0,0,0,0,0,0,0,0,0,0,0,0,0,0,0,0,0,0,0,0,0,0,0,0,0,0,0,0,0,0,0,0,0,0,0,0,0,0,0,0,0,0,0,0,0,0,0,0,0,0,0,0,0,0,0,0,0,0,0,0,0,0,0,0,0,0,0,0,0,0,0,0,0,0,0,0,0,0,0,0,0,0,0,0
"New Caledonia",0,0,0,0,0,0,0,0,0,0,0,0,0,0,0,0,0,0,0,0,0,0,0,0,0,0,0,0,0,0,0,0,0,0,0,0,0,0,0,0,0,0,0,0,0,0,0,0,0,0,0,0,0,0,0,0,0,0,0,0,0,0,0,0,0,0,0,0,0,0,0,0,0,0,0,0,0,0,0,0,0,0,0,0,0,0,0,0,0,0,0,0,0,0,0,0,0,0,0,0,0,0,0,0,0,0,0,0,0,0,0,0,0,0,0,0,0,0,0,0,0,0,0,0,0,0,0,0,0,0,0,0,0,0,0,0,0,0,0,0,0,0,0,0,0,0,0,0,0,0,0,0,0,0,0,0,0,0,0,0,0,0,0,0,0,0,0,0,0,0,0,0,0,0,0,0,0,0,0,0,0,0,0,0,0,0,0,0,0,0,0,0,0,0,0
"The former Yugoslav Republic of Macedonia",0,0,105090000,0,0,0,0,0,0,0,0,0,0,0,0,0,0,0,0,0,0,0,0,0,0,1815000,0,0,0,0,0,0,0,0,0,0,0,0,0,0,0,0,0,0,0,0,0,0,0,0,0,0,0,0,0,0,0,0,0,0,0,0,0,0,0,0,0,0,0,0,0,0,0,0,0,0,0,0,0,0,0,0,0,0,0,0,0,0,0,0,0,0,0,0,0,0,0,0,0,0,0,0,0,0,0,0,0,0,0,0,0,0,0,0,0,0,0,0,0,0,0,0,0,0,0,0,0,0,0,0,0,0,0,0,0,0,0,0,0,0,0,0,0,0,0,0,0,0,0,0,0,0,0,0,0,0,0,0,0,0,0,0,0,0,0,0,0,0,0,0,0,0,0,0,0,0,0,0,3630000,0,0,0,0,0,0,0,0,0,0,0,174580000,46280000,0,0,0
"Vanuatu",0,0,0,0,0,0,0,0,0,0,0,0,0,0,0,0,0,0,0,0,0,0,0,0,0,0,0,0,0,0,0,0,0,0,0,0,0,0,0,0,0,0,0,0,0,0,0,0,0,0,0,0,0,0,0,0,0,0,0,0,0,0,0,0,0,0,0,0,0,0,0,0,0,0,0,0,0,0,0,0,0,0,0,0,0,0,0,0,0,0,0,0,0,0,0,0,0,0,0,0,0,0,0,0,0,0,0,0,0,0,0,0,0,0,0,0,0,0,0,0,0,0,0,0,0,0,0,0,0,0,0,0,0,0,0,0,0,0,0,0,0,0,0,0,0,0,0,0,0,0,0,0,0,0,0,0,0,0,0,0,0,0,0,0,0,0,0,0,0,0,0,0,0,0,0,0,0,0,0,0,0,0,0,0,0,0,0,0,0,0,0,0,0,0,0
"New Zealand",0,0,0,0,0,0,14810320000,0,0,0,0,0,0,0,0,0,0,0,0,23140000,0,0,0,0,0,0,0,0,0,0,0,0,0,0,0,289590000,0,0,0,0,0,0,0,0,0,0,0,0,0,0,0,3216180000,0,843720000,88935000,0,0,0,0,115700000,0,0,0,0,0,0,0,0,0,0,0,5340000,1780000,0,0,0,0,0,0,0,0,0,0,0,0,931865000,0,0,0,0,0,4987560000,0,0,0,0,0,0,0,0,0,0,0,0,0,0,0,0,0,0,0,0,0,0,0,0,2362060000,0,8467630000,0,0,0,0,0,0,0,0,0,0,4061970000,0,0,0,0,0,0,0,0,0,0,0,0,0,0,0,0,0,0,0,0,0,0,0,0,0,32040000,0,0,0,0,0,0,0,0,0,0,804045000,0,12670000,0,0,0,0,0,0,0,0,0,149520000,0,0,0,0,0,0,0,0,0,0,0,0,0,0,0,0
"Nicaragua",0,0,0,0,0,0,0,0,0,0,0,0,0,0,0,0,0,0,0,0,0,0,0,0,0,0,0,0,0,0,0,0,0,0,0,0,12054160000,0,0,0,0,0,0,0,0,0,0,34708220000,0,0,0,0,0,0,0,0,0,0,0,0,0,0,0,0,0,0,44500000,0,0,0,261660000,0,0,0,0,0,0,0,0,0,0,0,0,0,0,0,0,0,0,0,0,0,0,0,0,0,0,0,0,0,0,0,0,0,0,0,0,0,0,0,0,0,0,0,0,0,0,0,0,0,0,0,0,0,0,0,0,0,0,0,0,0,0,0,0,0,0,0,0,0,0,0,0,0,0,0,0,0,0,0,0,0,0,0,0,0,0,0,0,0,0,0,0,0,0,0,0,0,0,0,0,0,0,0,0,0,0,0,1780000,0,0,0,0,0,0,0,0,0,0,0,0,0,0,0,0
"Niger",0,0,0,0,0,0,0,0,0,0,0,0,0,0,0,0,0,0,0,0,0,0,0,0,0,0,0,0,0,0,0,8.01e+08,0,0,0,0,0,0,0,0,0,0,0,0,0,0,0,0,0,0,0,0,0,0,0,0,0,0,0,0,0,0,0,0,0,0,0,0,0,0,0,0,0,0,0,0,0,0,0,0,0,0,0,0,0,0,0,0,0,0,0,0,0,0,0,0,0,0,0,0,0,0,0,0,0,0,0,0,0,0,0,0,0,0,0,0,0,0,0,0,0,0,0,0,0,0,0,0,0,0,0,0,0,0,0,0,0,0,0,0,0,0,0,0,0,0,0,0,0,0,0,0,0,0,0,0,0,0,0,0,0,0,0,0,0,0,0,0,0,0,0,0,0,0,0,0,0,0,0,2748320000,0,0,0,0,0,0,0,0,0,0,0,0,0,0,0
"Nigeria",0,0,0,0,0,0,0,0,0,0,0,0,0,0,0,0,0,0,0,0,0,0,0,0,0,0,0,0,0,0,0,0,0,0,0,0,0,0,0,0,0,0,0,0,0,0,0,0,0,0,0,0,0,0,0,0,0,0,0,0,0,0,0,0,0,0,0,0,0,0,0,0,0,0,0,0,0,0,0,0,0,0,0,0,0,0,0,0,0,0,0,0,0,0,0,0,0,0,0,0,0,0,0,0,0,0,0,0,0,0,0,0,0,0,0,0,0,0,0,0,0,0,0,0,0,0,0,0,0,0,0,0,0,0,0,0,0,0,0,0,0,0,0,0,0,0,0,0,0,0,0,0,0,0,0,0,0,0,0,0,0,0,0,0,0,0,0,0,0,0,0,0,0,0,0,0,0,0,0,0,0,0,0,0,0,0,0,0,0,0,0,0,0,0,0
"Norway",0,0,0,0,0,0,0,0,0,0,0,0,0,0,0,0,0,0,0,0,0,0,0,0,0,0,0,0,0,0,0,0,0,0,0,0,0,0,0,0,0,7155000,0,0,0,0,0,0,0,0,0,0,12460000,0,0,0,0,0,0,0,0,0,0,0,0,0,0,0,0,0,0,0,0,0,0,0,0,0,0,0,0,0,0,0,0,0,0,0,0,0,0,0,0,0,0,0,0,0,0,0,0,0,0,0,0,0,0,0,0,0,0,0,0,0,0,0,0,0,0,0,0,0,0,0,0,0,0,0,1815000,0,0,0,0,0,0,0,0,0,0,0,0,0,0,0,0,0,0,0,0,0,0,0,0,0,0,0,0,0,0,0,51620000,0,0,0,0,0,0,0,0,0,0,0,0,0,0,0,0,0,0,0,0,0,0,0,0,0,0,0,0,0,0,0,0,0,0
"Pakistan",0,16252725000,0,0,0,0,1181320000,0,0,0,0,11995420000,0,0,0,0,0,0,0,0,0,0,0,0,0,127050000,0,0,733360000,0,0,9480280000,0,0,0,0,0,0,0,0,26520000,0,0,0,0,0,0,0,0,25410000,0,0,0,0,0,0,0,0,0,65340000,0,0,0,0,0,0,0,0,0,0,0,2187620000,0,0,0,185120000,183914800000,551800000,0,0,0,9075000,0,0,0,0,249200000,0,1835180000,0,103240000,0,125235000,0,0,0,0,0,0,0,0,1780000,0,577208705000,0,0,0,0,0,0,0,0,56265000,0,0,0,0,0,0,0,0,38115000,0,0,0,0,0,0,0,0,0,0,0,0,0,0,0,0,1059810000,0,0,0,0,0,0,0,0,144180000,0,0,0,0,0,6571780000,0,0,0,0,0,0,0,0,0,0,90780000,0,65860000,0,0,0,18319760000,0,0,0,0,0,249590000,0,175985000,0,0,0,0,67141600000,0,2929880000,0,0,0,0,0,0,0,0,0
"Panama",0,0,0,0,0,0,0,0,0,0,0,0,0,0,0,0,0,0,0,0,0,0,0,0,0,0,0,0,0,0,0,0,0,0,0,0,0,0,0,0,0,0,0,0,0,0,0,0,0,0,0,0,0,0,0,0,0,0,0,0,0,0,0,0,0,0,0,0,0,0,0,0,0,0,0,0,0,0,0,0,0,0,0,0,0,0,0,0,0,0,0,0,0,0,0,0,0,0,0,0,0,0,0,0,0,0,0,0,0,0,0,0,0,0,0,0,0,0,0,0,0,0,0,0,0,0,0,0,0,0,0,0,0,0,0,0,0,0,0,0,0,0,0,0,0,0,0,0,0,0,0,0,0,0,0,0,0,0,0,0,0,0,0,0,0,0,0,0,0,0,0,0,0,0,0,0,0,0,0,0,0,0,0,0,0,0,0,0,0,0,0,0,0,0,0
"Czech Republic",51620000,0,0,0,0,0,0,226673700000,0,0,0,0,0,0,0,0,0,0,0,0,0,55180000,0,0,0,0,0,0,0,0,0,0,0,0,0,0,0,0,0,0,0,58740000,0,0,0,0,0,0,0,280000,0,0,0,968320000,0,0,0,0,0,496951080000,0,0,0,0,0,0,0,0,0,0,0,0,249200000,0,0,0,0,0,0,0,0,35775000,0,0,0,0,0,0,0,0,0,0,0,138840000,0,0,0,0,0,7260000,0,0,0,0,0,0,0,0,0,0,0,0,0,0,0,0,12364230000,0,0,0,0,0,0,0,0,0,0,0,0,0,0,0,0,225770495000,0,0,0,0,0,0,407620000,0,0,0,0,0,0,0,0,0,0,3595000,85687530000,0,0,0,206480000,0,0,0,35600000,2463520000,0,0,0,0,0,0,0,0,0,0,0,0,0,0,1780000,21780000,0,0,0,0,0,0,0,0,0,0,0,0,0,0,0,0,0
"Papua New Guinea",0,0,0,0,0,0,0,0,0,0,0,0,0,0,0,0,0,0,0,0,0,0,0,0,0,0,0,0,0,0,0,0,0,0,0,0,0,0,0,0,0,0,0,0,0,0,0,0,0,0,0,0,0,0,0,0,0,0,0,0,0,0,0,0,0,0,0,0,0,0,0,0,0,0,0,0,0,0,0,0,0,0,0,0,0,0,0,0,0,0,0,0,0,0,0,0,0,0,0,0,0,0,0,0,0,0,0,0,0,0,0,0,0,0,0,0,0,0,0,0,0,0,0,0,0,0,0,0,0,0,0,0,0,0,0,0,0,0,0,0,0,0,0,0,0,0,0,0,0,0,0,0,0,0,0,0,0,0,0,0,0,0,0,0,0,0,0,0,0,0,0,0,0,0,0,0,0,0,0,0,0,0,0,0,0,0,0,0,0,0,0,0,0,0,0
"Paraguay",0,0,0,273246020000,0,38364340000,0,0,0,0,0,0,0,0,1297620000,0,1985118860000,0,0,0,0,0,0,0,0,0,0,0,0,0,903960540000,0,127188120000,0,0,0,0,0,0,0,0,0,0,4.8416e+10,0,193589240000,0,0,0,0,0,0,0,0,0,0,0,0,29040000,3630000,0,0,0,0,0,0,0,0,0,0,0,0,0,0,0,0,0,75162280000,0,0,0,7120000,0,0,0,0,41313800000,0,0,0,0,79671020000,7.4404e+10,0,0,0,0,0,0,0,0,0,0,1.12941e+11,0,0,0,0,0,0,0,102958760000,0,0,0,0,0,0,0,0,0,0,0,0,103455000,0,0,0,0,0,0,752717500000,0,0,0,0,0,0,0,0,0,0,0,0,0,0,0,0,0,0,0,0,0,0,0,0,281318915000,0,0,0,0,2045220000,0,0,199360000,0,0,123420000,0,0,0,0,0,0,0,0,0,0,0,0,102732700000,0,129525260000,895340000,0,0,0,0,0,0,0,0,0,0,0
"Peru",0,0,0,0,0,0,0,0,0,0,0,0,0,0,28970000,0,0,0,0,0,0,32040000,0,0,0,114025000,0,0,0,0,557890000,569600000,1179750000,0,0,0,30260000,0,0,0,0,0,0,0,0,2771865000,0,0,0,0,0,0,0,30330000,0,0,0,0,0,1780000,0,0,0,0,0,0,0,0,0,0,0,1780000,0,0,0,0,0,0,0,0,0,579130000,0,0,0,3586605000,0,0,0,0,0,3560000,0,0,0,0,0,0,0,0,0,0,0,0,0,0,0,0,0,26520000,0,0,0,0,0,0,176430000,0,0,0,0,0,0,0,0,0,0,3560000,0,0,0,0,0,0,0,0,0,0,0,0,0,0,8900000,0,0,0,0,33820000,0,0,0,0,0,63525000,0,0,16442215000,0,0,0,0,35600000,96120000,0,0,0,0,0,0,0,0,0,0,0,0,0,19615000,0,5326495000,0,0,0,17800000,0,0,0,0,0,5340000,0,0,0,0,0,0
"Philippines",0,0,0,0,0,7120000,0,0,0,0,0,0,0,0,0,0,0,0,0,0,0,0,197835000,0,0,0,0,0,0,0,0,0,0,0,0,0,0,0,0,0,0,0,0,0,0,0,0,0,0,0,0,0,0,0,0,0,0,0,0,0,0,0,0,0,0,0,0,0,0,0,0,544500000,0,0,0,0,0,0,0,0,0,0,0,0,0,7120000,0,0,0,0,0,0,0,0,0,0,0,0,0,0,0,0,0,0,0,0,0,0,0,0,0,0,0,0,0,0,0,0,0,0,0,0,0,0,0,0,0,0,0,0,0,0,0,0,0,0,0,0,0,0,0,0,0,0,0,0,0,0,0,0,0,0,0,0,0,0,0,0,0,0,0,0,0,0,30260000,0,28480000,0,0,0,0,0,0,0,0,0,0,0,0,0,0,0,0,64990000,0,0,0,0,0,0,0,0,0,0,0
"Poland",0,0,0,181500000,0,0,0,1621580000,0,0,0,0,0,0,0,0,0,0,0,0,0,280000,0,0,0,5445000,0,0,0,0,0,0,0,0,0,0,0,0,1780000,0,0,10045880000,0,0,306240000,0,0,0,0,2903460000,0,0,424710000,3131445000,0,0,0,0,0,651218845000,0,0,0,143350000,0,0,0,0,0,0,0,0,10453940000,0,10188720000,0,0,0,0,30826720000,0,12425950000,0,0,0,39160000,0,0,0,0,0,0,0,6582285000,0,0,0,0,0,34671995000,0,0,0,0,0,0,0,0,0,0,5340000,0,0,3630000,0,0,72436585000,0,0,0,0,0,0,0,0,1300255000,0,0,23599720000,0,0,0,0,0,31304860000,0,0,0,0,0,30260000,0,78340000,0,0,0,0,0,419265000,0,0,8900000,5655145000,0,0,0,19930000,0,0,0,2967965000,17800000,0,0,0,0,0,0,0,0,0,834900000,0,0,0,0,61725000,151335000,36350000,526350000,0,0,0,0,0,0,0,0,165610000,0,5445000,0,0,0,0
"Portugal",0,0,0,0,0,0,0,0,0,0,0,0,0,0,0,0,0,0,0,0,0,0,0,0,0,52635000,3691185000,0,0,0,0,0,0,0,0,0,0,0,150280000,0,0,0,0,0,0,0,0,0,0,117480000,0,0,0,1479985000,0,0,0,0,0,10890000,0,0,0,0,0,0,0,0,0,0,0,0,0,0,0,0,0,0,0,0,0,0,0,0,0,0,0,0,0,0,0,0,0,0,0,0,0,0,0,0,0,0,0,0,0,0,0,0,0,0,0,0,42225000,0,0,0,0,0,0,0,0,0,0,0,0,0,0,0,0,0,0,0,0,718740000,0,35975000,1815000,0,0,0,0,0,0,0,0,0,1898220000,0,0,0,0,0,0,0,0,9075000,112941920000,0,0,0,0,107050000,0,0,0,0,0,0,0,0,0,0,0,0,0,0,14670000,0,6565000,0,0,0,0,0,0,0,0,0,3630000,21780000,0,0,0,0,0
"Guinea-Bissau",0,0,0,0,0,0,0,0,0,0,0,0,0,0,0,0,0,0,0,0,0,0,0,0,0,0,0,0,0,0,0,0,0,0,0,0,0,0,0,0,0,0,0,0,0,0,0,0,0,0,0,0,0,0,0,0,0,0,0,0,0,0,0,0,0,0,0,0,0,0,0,0,0,0,0,0,0,0,0,0,0,0,0,0,0,0,0,0,0,0,0,0,0,0,0,0,0,0,0,0,0,0,0,0,0,0,0,0,0,0,0,0,0,0,0,0,0,0,0,0,0,0,0,0,0,0,0,0,0,0,0,0,0,0,0,0,0,0,0,0,0,0,0,0,0,0,0,0,0,0,0,0,0,0,0,0,0,0,0,0,0,0,0,0,0,0,0,0,0,0,0,0,0,0,0,0,0,0,0,0,0,0,0,0,0,0,0,0,0,0,0,0,0,0,0
"Timor-Leste",0,0,0,0,0,0,0,0,0,0,0,0,0,0,0,0,0,0,0,0,0,0,0,0,0,0,0,0,0,0,0,0,0,0,0,0,0,0,0,0,0,0,0,0,0,0,0,0,0,0,0,0,0,0,0,0,0,0,0,0,0,0,0,0,0,0,0,0,0,0,0,0,0,0,0,0,0,0,0,0,0,0,0,0,0,0,0,0,0,0,0,0,0,0,0,0,0,0,0,0,0,0,0,0,0,0,0,0,0,0,0,0,0,0,0,0,0,0,0,0,0,0,0,0,0,0,0,0,0,0,0,0,0,0,0,0,0,0,0,0,0,0,0,0,0,0,0,0,0,0,0,0,0,0,0,0,0,0,0,0,0,0,0,0,0,0,0,0,0,0,0,0,0,0,0,0,0,0,0,0,0,0,0,0,0,0,0,0,0,0,0,0,0,0,0
"Eritrea",0,0,0,0,0,0,0,0,0,0,0,0,0,0,0,0,0,0,0,0,0,0,0,0,0,0,0,0,0,0,0,0,0,0,0,0,0,0,0,0,0,0,0,0,0,0,0,0,0,0,0,0,0,0,0,0,0,0,0,0,0,0,0,0,0,0,0,0,0,0,0,0,0,0,0,0,0,0,0,0,0,0,0,0,0,0,0,0,0,0,0,0,0,0,0,0,0,0,0,0,0,0,0,0,0,0,0,0,0,0,0,0,0,0,0,0,0,0,0,0,0,0,0,0,0,0,0,0,0,0,0,0,0,0,0,0,0,0,0,0,0,0,0,0,0,0,0,0,0,0,0,0,0,0,0,0,0,0,0,0,0,0,0,0,0,0,0,0,0,0,0,0,0,0,0,0,0,0,0,0,0,0,0,0,0,0,0,0,0,0,0,0,0,0,0
"Qatar",0,0,0,0,0,0,0,0,0,0,0,0,0,0,0,0,0,0,0,0,0,0,0,0,0,0,0,0,0,0,0,0,0,0,0,0,0,0,0,0,0,0,0,0,0,0,0,0,0,0,0,0,0,0,0,0,0,0,0,0,0,0,0,0,0,0,0,0,0,0,0,0,0,0,0,0,0,0,0,0,0,0,0,0,0,0,0,0,0,0,0,0,0,0,0,0,0,0,0,0,0,0,0,0,0,0,0,0,0,0,0,0,0,0,0,0,0,0,0,0,0,0,0,0,0,0,0,0,0,0,0,0,0,0,0,0,0,0,0,0,0,0,0,0,0,0,0,0,0,0,0,0,0,0,0,0,0,0,0,0,0,0,0,0,0,0,0,0,0,0,0,0,0,0,0,0,0,0,0,0,0,0,0,0,0,0,0,0,0,0,0,0,0,0,0
"Zimbabwe",0,0,0,0,0,0,0,0,0,0,0,0,0,0,0,1068140000,0,0,0,0,0,0,0,0,0,0,0,0,0,0,0,0,0,0,0,0,0,0,0,0,0,0,0,0,0,0,0,0,0,0,0,0,0,0,0,0,0,0,0,0,0,0,0,0,0,0,0,0,0,0,0,0,0,0,0,0,0,0,0,0,0,0,0,0,0,0,0,0,5.34e+08,0,0,0,0,0,0,0,0,0,0,0,0,0,62300000,0,0,0,0,0,0,0,0,0,87220000,0,0,0,0,0,0,0,0,0,0,0,0,0,0,0,0,0,0,0,0,0,0,0,0,0,0,0,0,0,0,0,0,0,0,0,0,0,0,0,0,0,0,113855000,0,0,0,0,0,0,0,0,0,0,0,0,0,0,0,0,0,0,0,0,38115000,0,0,0,0,0,0,0,7120000,0,0,147740000,0,0,0,0,0,0,0
"Romania",11148140000,0,0,161741480000,0,0,0,98636920000,0,0,0,0,0,0,0,0,0,0,0,0,0,57453545000,0,0,0,45375000,0,0,0,0,0,0,0,0,0,0,0,0,146190160000,24920000,0,678180000,0,0,226060000,0,478650900000,0,0,0,0,0,0,21210480000,0,0,2965480000,0,0,355028175000,65860000,0,0,357627225000,0,0,0,0,0,0,0,0,494409375000,2241020000,0,0,0,4.2275e+10,94340000,86855120000,142213100000,433671480000,0,7120000,0,156659580000,109455760000,0,0,0,0,893095420000,0,0,0,191072320000,0,0,131574040000,0,0,0,0,0,0,0,22403940000,0,0,0,0,4.5034e+10,0,4677535000,0,0,432813855000,0,0,131720000,0,0,0,0,0,0,1626920000,0,1925995000,0,0,0,0,5901470000,58067160000,0,0,0,0,0,0,0,16303020000,0,0,0,0,0,0,0,0,614135000,51349065000,0,0,1.6465e+11,816291895000,0,0,0,0,816840000,6.94645e+11,0,1.958e+10,0,0,0,0,0,0,125598580000,795161565000,21780000,0,0,1738625000,29735680000,427210000,0,0,0,0,0,0,0,0,0,214189285000,0,3038705000,0,0,0,0
"Rwanda",0,0,0,0,0,0,0,0,0,0,0,0,0,0,0,0,0,0,0,0,0,0,0,4292400000,0,0,0,0,0,0,0,0,0,0,0,0,0,0,0,0,0,0,0,0,0,0,0,0,0,0,0,0,0,38115000,0,0,0,0,0,0,0,0,0,0,0,0,0,0,0,0,0,0,0,0,0,0,0,0,0,0,0,0,0,0,0,0,0,0,0,0,0,0,0,0,0,0,0,0,0,0,0,0,0,0,0,0,0,0,0,0,0,0,0,0,0,0,0,0,0,0,0,0,0,0,0,0,0,0,0,0,0,0,0,0,0,0,0,0,0,0,0,0,0,0,0,0,0,0,0,0,0,0,0,0,0,0,0,0,0,0,0,0,0,0,0,62300000,0,0,0,0,5445000,0,0,0,1424385000,0,0,0,0,0,0,0,0,0,0,0,7733410000,0,0,0,0,0,0,0,0
"Russian Federation",63452065000,26520000,0,8974760000,0,0,0,0,0,0,0,0,0,0,0,0,0,0,0,0,0,0,0,0,0,9075000,0,0,0,0,0,133500000,0,0,0,0,0,0,36153580000,172799420000,0,0,0,0,0,0,41815760000,0,0,0,0,0,0,10680000,0,0,15393005000,0,0,45375000,0,0,0,113451965000,0,0,0,0,0,0,0,0,0,0,0,0,0,163832980000,0,0,226960890000,140906580000,0,713420000,0,0,0,403075000,0,0,0,1324320000,0,1756860000,0,91764340000,0,0,38029700000,135120000,0,0,0,0,0,0,0,0,0,0,0,7299780000,0,262745000,0,0,54784840000,0,0,0,0,0,0,0,0,0,0,0,1815000,0,0,0,0,0,0,0,0,0,0,0,0,0,0,0,0,0,0,0,0,0,0,0,0,0,0,0,130246160000,0,194100000,0,0,0,45010860000,184935000,0,0,0,0,0,0,0,37593600000,311297880000,1815000,0,0,0,1192105000,34485000,0,0,384400000,0,0,0,0,0,0,1815000,0,0,0,0,0,0
"Saint Kitts and Nevis",0,0,0,0,0,0,0,0,0,0,0,0,0,0,0,0,0,0,0,0,0,0,0,0,0,0,0,0,0,0,0,0,0,0,0,0,0,0,0,0,0,0,0,0,0,0,0,0,0,0,0,0,0,0,0,0,0,0,0,0,0,0,0,0,0,0,0,0,0,0,0,0,0,0,0,0,0,0,0,0,0,0,0,0,0,0,0,0,0,0,0,0,0,0,0,0,0,0,0,0,0,0,0,0,0,0,0,0,0,0,0,0,0,0,0,0,0,0,0,0,0,0,0,0,0,0,0,0,0,0,0,0,0,0,0,0,0,0,0,0,0,0,0,0,0,0,0,0,0,0,0,0,0,0,0,0,0,0,0,0,0,0,0,0,0,0,0,0,0,0,0,0,0,0,0,0,0,0,0,0,0,0,0,0,0,0,0,0,0,0,0,0,0,0,0
"Saint Lucia",0,0,0,0,0,0,0,0,0,0,0,0,0,0,0,0,0,0,0,0,0,0,0,0,0,0,0,0,0,0,0,0,0,0,0,0,0,0,0,0,0,0,0,0,0,0,0,0,0,0,0,0,0,0,0,0,0,0,0,0,0,0,0,0,0,0,0,0,0,0,0,0,0,0,0,0,0,0,0,0,0,0,0,0,0,0,0,0,0,0,0,0,0,0,0,0,0,0,0,0,0,0,0,0,0,0,0,0,0,0,0,0,0,0,0,0,0,0,0,0,0,0,0,0,0,0,0,0,0,0,0,0,0,0,0,0,0,0,0,0,0,0,0,0,0,0,0,0,0,0,0,0,0,0,0,0,0,0,0,0,0,0,0,0,0,0,0,0,0,0,0,0,0,0,0,0,0,0,0,0,0,0,0,0,0,0,0,0,0,0,0,0,0,0,0
"Saint Vincent and the Grenadines",0,0,0,0,0,0,0,0,0,0,0,0,0,0,0,0,0,0,0,0,0,0,0,0,0,0,0,0,0,0,0,0,0,0,0,0,0,0,0,0,0,0,0,0,0,0,0,0,0,0,0,0,0,0,0,0,0,0,0,0,0,0,0,0,0,0,0,0,0,0,0,0,0,0,0,0,0,0,0,0,0,0,0,0,0,0,0,0,0,0,0,0,0,0,0,0,0,0,0,0,0,0,0,0,0,0,0,0,0,0,0,0,0,0,0,0,0,0,0,0,0,0,0,0,0,0,0,0,0,0,0,0,0,0,0,0,0,0,0,0,0,0,0,0,0,0,0,0,0,0,0,0,0,0,0,0,0,0,0,0,0,0,0,0,0,0,0,0,0,0,0,0,0,0,0,0,0,0,0,0,0,0,0,0,0,0,0,0,0,0,0,0,0,0,0
"Sao Tome and Principe",0,0,0,0,0,0,0,0,0,0,0,0,0,0,0,0,0,0,0,0,0,0,0,0,0,0,0,0,0,0,0,0,0,0,0,0,0,0,0,0,0,0,0,0,0,0,0,0,0,0,0,0,0,0,0,0,0,0,0,0,0,0,0,0,0,0,0,0,0,0,0,0,0,0,0,0,0,0,0,0,0,0,0,0,0,0,0,0,0,0,0,0,0,0,0,0,0,0,0,0,0,0,0,0,0,0,0,0,0,0,0,0,0,0,0,0,0,0,0,0,0,0,0,0,0,0,0,0,0,0,0,0,0,0,0,0,0,0,0,0,0,0,0,0,0,0,0,0,0,0,0,0,0,0,0,0,0,0,0,0,0,0,0,0,0,0,0,0,0,0,0,0,0,0,0,0,0,0,0,0,0,0,0,0,0,0,0,0,0,0,0,0,0,0,0
"Saudi Arabia",0,0,0,0,0,0,0,0,0,0,0,0,0,0,0,0,0,0,0,0,0,0,0,0,0,0,0,0,0,0,0,0,0,0,0,0,0,0,0,0,0,0,0,0,0,0,0,0,0,0,0,0,0,0,0,0,0,0,0,0,0,0,0,0,0,0,0,0,0,0,0,0,0,0,0,0,0,0,0,0,0,0,0,0,0,0,0,0,0,0,0,0,0,0,0,0,0,0,0,0,0,0,0,0,0,0,0,0,0,0,0,0,0,0,0,0,0,0,0,0,0,0,0,0,0,0,0,0,0,0,0,0,0,0,0,0,0,0,0,0,0,0,0,0,0,0,0,0,0,0,0,0,0,0,0,0,0,0,0,0,0,0,0,0,0,0,0,0,0,0,0,0,0,0,0,0,0,0,0,0,0,0,0,0,0,0,0,0,0,0,0,0,0,0,0
"Senegal",0,0,0,0,0,0,0,0,0,0,0,0,0,0,0,0,0,0,0,0,0,0,0,0,0,0,0,0,0,0,0,0,0,0,0,0,0,0,0,0,0,0,0,0,0,0,0,0,0,0,0,0,0,40940000,0,0,0,0,0,0,0,0,0,0,0,0,0,0,0,0,0,0,0,0,0,0,0,0,0,0,0,0,0,0,0,0,0,0,0,0,0,0,0,0,0,0,0,0,0,0,0,0,0,0,0,0,0,0,0,0,0,0,0,0,0,0,37380000,0,0,0,0,0,0,0,0,0,0,0,0,0,0,0,0,0,0,0,0,0,0,0,0,0,0,0,0,0,0,0,0,0,0,0,0,0,0,0,0,0,0,0,0,0,0,0,0,0,0,0,0,0,0,0,0,0,0,0,7801740000,0,3730000,0,0,0,0,0,0,0,0,0,0,0,0,0,0,0,0
"Seychelles",0,0,0,0,0,0,0,0,0,0,0,0,0,0,0,0,0,0,0,0,0,0,0,0,0,0,0,0,0,0,0,0,0,0,0,0,0,0,0,0,0,0,0,0,0,0,0,0,0,0,0,0,0,0,0,0,0,0,0,0,0,0,0,0,0,0,0,0,0,0,0,0,0,0,0,0,0,0,0,0,0,0,0,0,0,0,0,0,0,0,0,0,0,0,0,0,0,0,0,0,0,0,0,0,0,0,0,0,0,0,0,0,0,0,0,0,0,0,0,0,0,0,0,0,0,0,0,0,0,0,0,0,0,0,0,0,0,0,0,0,0,0,0,0,0,0,0,0,0,0,0,0,0,0,0,0,0,0,0,0,0,0,0,0,0,0,0,0,0,0,0,0,0,0,0,0,0,0,0,0,0,0,0,0,0,0,0,0,0,0,0,0,0,0,0
"Sierra Leone",0,0,0,0,0,0,0,0,0,0,0,0,0,0,0,0,0,0,0,0,0,0,0,0,0,0,0,0,0,0,0,0,0,0,0,0,0,0,0,0,0,0,0,0,0,0,0,0,0,0,0,0,0,0,0,0,0,0,0,0,0,0,0,0,0,0,0,0,0,0,0,0,0,0,0,0,0,0,0,0,0,0,0,0,0,0,0,0,0,0,0,0,0,0,0,0,0,0,0,0,0,0,0,0,0,0,0,0,0,0,0,0,0,0,0,0,0,0,0,0,0,0,0,0,0,0,0,0,0,0,0,0,0,0,0,0,0,0,0,0,0,0,0,0,0,0,0,0,0,0,0,0,0,0,0,0,0,0,0,0,0,0,0,0,0,0,0,0,0,0,0,0,0,0,0,0,0,0,0,0,0,0,0,0,0,0,0,0,0,0,0,0,0,0,0
"Slovenia",62300000,0,0,0,0,0,0,24599600000,0,0,0,0,0,0,0,0,0,0,0,0,0,0,0,0,0,14520000,0,0,0,0,0,0,0,0,0,0,0,0,0,0,0,0,0,0,0,0,0,0,0,0,0,0,0,1025840000,0,0,7120000,0,0,61195000,1231990000,0,0,0,0,0,0,0,0,5445000,0,0,37654120000,1700810000,0,0,0,0,0,0,0,574103690000,0,2240000,0,0,0,0,0,0,0,0,0,0,0,0,0,0,0,0,0,0,0,0,0,0,0,0,0,0,0,0,0,0,0,0,43245000,0,0,0,0,0,0,0,0,0,0,0,0,0,0,0,0,0,0,0,0,0,0,0,0,0,1815000,0,0,0,0,0,0,0,0,0,446780000,0,0,0,26700000,0,0,0,156090000,0,0,0,0,0,0,0,0,0,0,0,8455460000,0,0,0,22960000,0,0,0,0,0,0,0,0,0,0,0,0,0,49575000,12985000,0,0,0
"Slovakia",0,0,0,0,0,0,0,342966945000,0,0,0,0,0,0,0,0,0,0,0,0,0,92560000,0,0,0,0,0,0,0,0,0,0,0,0,0,0,0,0,53400000,0,0,167320000,0,0,640800000,0,0,0,0,0,0,0,0,2321120000,0,0,0,0,0,112809840000,0,0,0,0,0,0,0,0,0,0,0,0,222004020000,197580000,0,0,0,0,0,0,0,24271820000,0,0,0,0,0,0,0,0,0,0,0,5340000,0,0,0,0,0,65860000,0,0,0,0,0,0,0,0,0,0,0,0,0,0,0,0,22234935000,0,0,0,0,0,0,0,0,0,0,0,28864310000,0,0,0,0,220895385000,0,0,0,0,0,0,6966920000,0,83660000,0,0,0,0,0,0,0,0,1095060000,0,0,0,0,100981180000,0,0,0,0,0,0,0,0,0,0,0,0,0,0,0,0,0,0,0,0,407620000,0,0,0,0,0,0,0,0,0,0,16982010000,0,67640000,0,0,0,0
"Singapore",0,0,0,0,0,0,6330465000,0,0,2.431e+09,0,0,0,0,0,0,0,0,0,17680000,810360000,0,115215000,0,0,0,0,0,733720000,0,0,1780000,0,0,0,0,0,0,0,1047540000,0,0,0,0,0,0,0,0,0,0,0,388960000,0,0,0,0,0,0,0,0,0,0,1113840000,0,0,0,0,0,0,0,0,2970240000,0,0,0,83980000,4984220000,2360280000,0,0,0,0,0,0,0,0,0,0,0,404990000,0,0,3014440000,0,0,0,0,0,0,0,0,0,0,83458270000,778235000,0,0,0,247520000,0,0,0,0,0,0,145860000,0,0,1815000,0,10890000,26520000,0,0,0,0,46100000,0,0,23915000,0,0,8720660000,0,0,0,1780000,0,950300000,0,0,0,0,0,0,0,0,0,0,10785000,0,0,0,0,0,0,0,0,0,0,0,0,0,0,0,0,1387880000,0,0,0,0,0,0,11690900000,0,0,0,0,0,0,0,0,0,61090000,0,0,0,0,0,0,0,0,0,0,0
"Somalia",0,0,0,0,0,0,0,0,0,0,0,0,0,0,0,0,0,0,0,0,0,0,0,0,0,0,0,0,0,0,0,0,0,0,0,0,0,0,0,0,0,0,0,0,0,0,0,0,0,0,0,0,0,0,0,0,0,0,0,0,0,0,0,0,0,0,0,0,0,0,0,0,0,0,0,0,0,0,0,0,0,0,0,0,0,0,0,0,0,0,0,0,0,0,0,0,0,0,0,0,0,0,0,0,0,0,0,0,0,0,0,0,0,0,0,0,0,0,0,0,0,0,0,0,0,0,0,0,0,0,0,0,0,0,0,0,0,0,0,0,0,0,0,0,0,0,0,0,0,0,0,0,0,0,0,0,0,0,0,0,0,0,0,0,0,0,0,0,0,0,0,0,0,0,0,0,0,0,0,0,0,0,0,0,0,0,0,0,0,0,0,0,0,0,0
"South Africa",0,0,0,0,65340000,1463160000,1139325000,0,0,128160000,0,0,0,0,0,0,0,0,0,0,0,0,48060000,0,42028090000,14450000,0,0,1434685000,2809620000,0,14501350000,0,0,6.131e+09,0,0,0,3630000,0,3.916e+10,0,0,0,0,0,877540000,0,0,0,0,0,0,1626205000,0,78045000,0,0,0,3630000,0,15653560000,0,0,0,0,0,1366695000,0,0,0,0,0,0,0,0,168980740000,143697620000,0,27225000,17800000,359092245000,1566395000,0,0,270254705000,0,0,363759165000,0,0,1973893620000,6.8085e+10,0,0,0,0,0,0,0,0,20300635000,3879415000,0,0,226060000,0,7260000,17260915000,2014869220000,0,0,343104380000,0,0,0,57870000,0,0,0,0,3.26e+08,0,0,503240000,0,0,3630000,0,100615000,0,0,15386320000,0,109608840000,0,0,0,0,351813515000,3560000,0,0,0,0,0,0,73101040000,25420850000,197930000,0,0,0,268815000,80962740000,0,44656090000,0,0,0,9075000,1780000,0,0,390481050000,8666645000,11329705000,430155000,0,0,32670000,0,0,1416255000,32285000,0,11141665000,0,77975000,0,8900000,0,5.518e+10,85440000,357015000,0,76750735000,4957865000,488845000,0,0,0,0,0,0
"Spain",0,34485000,108100000,8644120000,0,0,0,195970000,0,0,0,0,0,0,0,0,0,0,0,0,0,542900000,0,0,0,0,1780000,0,0,0,1780000,251940000,0,0,0,0,0,560000,28480000,0,0,882400000,0,0,0,0,8499660000,0,1815000,0,0,0,68040000,47327115000,0,0,8800220000,0,687885000,13934155000,3560000,0,0,29235860000,0,0,0,0,0,0,0,0,135280000,24920000,0,1780000,0,0,3560000,8680000,83660000,53052120000,0,0,0,106080000,0,0,0,0,0,0,0,42720000,0,4684500000,0,0,7314310000,0,0,0,0,0,0,0,53535000,1373885000,0,14345000,0,11017525000,0,0,0,0,843400000,0,0,1780000,0,0,0,0,0,109680000,0,0,102340000,0,0,0,1158040000,436540000,442893340000,0,0,0,0,0,66260000,0,37380000,0,0,0,0,0,303105000,0,0,0,56200000,0,0,1780000,0,0,0,0,751400000,189115000,1322540000,0,0,0,0,0,0,0,0,27678040000,1117840000,50820000,0,0,96730235000,0,0,0,0,0,0,0,0,0,0,0,20394900000,0,24920000,0,0,0,0
"Suriname",0,0,0,0,0,0,0,0,0,0,0,0,0,0,0,0,0,0,0,0,0,0,0,0,0,0,0,0,0,0,0,0,0,0,0,0,0,0,0,0,0,0,0,0,0,0,0,0,0,0,0,0,0,0,0,0,0,0,0,0,0,0,0,0,0,0,0,0,62800000,0,0,0,0,0,0,0,0,0,0,0,0,0,0,0,0,0,0,0,0,0,0,0,0,0,0,0,0,0,0,0,0,0,0,0,0,0,0,0,0,0,0,0,0,0,0,0,3630000,0,0,0,0,0,0,0,0,0,0,0,0,0,0,0,0,0,0,0,0,0,0,0,0,0,0,0,0,0,0,0,0,0,0,0,0,0,0,0,0,0,0,0,0,0,0,0,0,0,0,0,0,0,0,0,0,0,0,0,0,0,0,0,0,0,0,0,0,0,0,0,0,0,0,0,0,0,0
"Tajikistan",0,0,0,0,0,0,0,0,0,0,0,0,0,0,0,0,0,0,0,0,0,0,0,0,0,0,0,0,0,0,0,0,0,0,0,0,0,0,0,0,0,0,0,0,0,0,0,0,0,0,0,0,0,0,0,0,0,0,0,0,0,0,0,0,0,0,0,0,0,0,0,0,0,0,0,0,0,0,0,0,0,0,0,0,0,0,0,0,0,0,0,0,0,0,0,0,0,0,0,0,0,0,0,0,0,0,0,0,0,0,0,0,0,0,0,0,0,0,0,0,0,0,0,0,0,0,0,0,0,0,0,0,0,0,0,0,0,0,0,0,0,0,0,0,0,0,0,0,0,0,0,0,0,0,0,0,0,0,0,0,0,0,0,0,0,0,0,0,0,0,0,0,0,0,0,0,0,0,0,0,0,0,0,0,0,0,0,0,0,0,0,0,0,0,0
"Swaziland",0,0,0,0,0,0,0,0,0,0,0,0,0,0,0,0,0,0,0,0,0,0,0,0,0,0,0,0,0,0,0,0,0,0,0,0,0,0,0,0,0,0,0,0,0,0,0,0,0,0,0,0,0,0,0,0,0,0,0,0,0,0,0,0,0,0,0,0,0,0,0,0,0,0,0,0,0,0,0,0,0,0,0,0,0,0,0,0,0,0,0,0,0,0,0,0,0,0,0,0,0,0,0,0,0,0,0,0,0,0,0,0,0,0,0,0,0,0,0,0,0,0,0,0,0,0,0,0,0,0,0,0,0,0,0,0,0,0,0,0,0,0,0,0,0,0,0,0,0,0,0,0,0,0,0,0,0,0,0,0,0,0,0,0,0,0,0,0,0,0,0,0,0,0,0,0,0,0,0,0,0,0,0,0,0,0,0,0,0,0,0,0,0,0,0
"Sweden",0,0,0,0,0,0,0,12460000,0,0,0,0,0,0,0,0,0,0,0,0,0,0,0,0,0,358020000,0,0,0,0,0,0,0,0,0,0,0,0,0,0,0,2954730000,0,0,0,0,0,0,0,0,0,0,551855000,40880000,0,0,0,0,0,512720000,0,0,0,39780000,0,0,0,0,0,0,0,0,0,0,280000,12705000,0,0,0,0,0,7120000,0,0,0,0,0,0,0,0,0,0,0,0,0,0,0,0,0,0,0,0,0,0,0,0,0,0,0,0,0,0,0,0,0,0,4276160000,0,0,0,0,0,0,0,0,831260000,0,0,0,0,0,0,6.409e+09,7260000,0,0,0,0,0,0,0,0,0,0,0,0,0,0,0,0,0,0,0,0,0,0,0,0,0,0,0,13260000,0,0,0,0,0,0,0,0,0,0,0,0,0,0,0,0,220720000,0,0,0,0,0,0,0,0,0,0,0,0,0,0,0,0
"Switzerland",0,0,0,0,0,0,0,123500000,0,0,0,0,0,0,0,0,0,0,0,0,0,3730000,0,0,0,0,0,0,0,0,1780000,0,0,0,0,0,0,0,0,0,0,0,0,0,0,0,0,0,0,0,0,0,55950000,1014480000,0,0,0,0,0,762435000,0,0,0,0,0,0,0,0,0,0,0,0,0,0,0,0,0,0,0,0,70870000,370080000,0,0,0,0,0,0,0,0,0,0,0,0,0,0,0,0,0,0,0,0,0,9125000,0,0,0,0,0,0,0,0,0,0,0,0,149200000,0,0,0,0,0,0,0,0,0,0,0,0,0,0,0,0,14870000,0,0,0,0,0,0,1780000,0,0,0,0,0,0,0,0,0,0,0,0,0,0,7155000,98845000,0,0,0,76465000,0,0,0,0,0,0,0,0,0,0,0,0,0,0,0,0,0,12470000,0,0,0,0,0,0,0,0,0,45930000,0,0,0,0,0,0
"Syrian Arab Republic",0,0,0,0,0,0,0,0,0,0,0,0,0,0,0,0,0,0,0,0,0,0,0,0,0,0,0,0,0,0,0,0,0,0,0,0,0,0,0,0,0,0,0,0,0,0,0,0,0,0,0,0,0,0,0,0,0,0,0,0,0,0,0,0,0,0,0,0,0,0,0,0,0,0,0,0,0,0,0,0,0,0,0,0,0,0,1573520000,0,0,0,0,0,0,0,0,0,0,0,0,0,0,0,0,0,0,0,0,0,0,0,0,0,0,0,0,0,0,0,0,0,0,0,0,0,0,0,0,0,0,0,0,0,0,0,0,0,0,0,0,0,0,0,0,0,0,0,0,0,0,0,0,0,0,0,0,0,0,0,0,0,0,0,0,0,0,0,0,0,0,0,0,0,0,0,0,0,0,0,0,0,0,0,0,0,0,0,0,0,0,0,0,0,0,0,0
"Turkmenistan",0,0,0,0,0,0,0,0,0,0,0,0,0,0,0,0,0,0,0,0,0,0,0,0,0,0,0,0,0,0,0,0,0,0,0,0,0,0,0,0,0,0,0,0,0,0,0,0,0,0,0,0,0,0,0,0,0,0,0,0,0,0,0,0,0,0,0,0,0,0,0,0,0,0,0,0,0,0,0,0,0,0,0,0,0,0,0,0,0,0,0,0,0,0,0,0,0,0,0,0,0,0,0,0,0,0,0,0,0,0,0,0,0,0,0,0,0,0,0,0,0,0,0,0,0,0,0,0,0,0,0,0,0,0,0,0,0,0,0,0,0,0,0,0,0,0,0,0,0,0,0,0,0,0,0,0,0,0,0,0,0,0,0,0,0,0,0,0,0,0,0,0,0,0,0,0,0,0,0,0,0,0,0,0,0,0,0,0,0,0,0,0,0,0,0
"Taiwan",0,0,0,0,0,0,0,0,0,0,0,0,0,0,0,0,0,0,0,0,0,0,0,0,0,0,0,0,0,0,0,184840000,0,0,0,0,0,0,0,0,0,0,0,0,0,0,0,0,0,0,0,0,0,0,0,0,0,0,0,0,0,0,0,0,0,0,0,0,0,0,0,20525000,0,0,0,0,58080000,0,0,0,0,0,0,0,0,0,0,0,0,0,0,0,0,0,0,0,0,0,0,0,0,0,0,3482080000,0,0,0,0,0,0,0,0,0,0,0,0,0,0,0,0,0,3630000,0,0,1815000,27225000,0,0,0,0,0,0,0,0,0,0,0,0,0,0,0,0,0,0,0,0,0,0,0,0,0,0,0,8566520000,0,0,0,0,0,0,0,0,0,0,0,0,0,0,0,0,0,0,0,0,0,0,0,0,48620000,0,0,0,0,0,0,0,0,0,0,0,0,0,0,0,0
"United Republic of Tanzania",0,0,0,0,0,0,0,0,0,0,0,0,0,0,0,0,119790000,0,0,0,0,0,0,4432230000,0,0,0,0,0,0,0,1925715000,0,219615000,5375000,0,0,0,0,0,0,0,0,0,0,0,0,0,0,0,0,0,0,0,0,0,0,0,0,0,0,0,0,0,0,0,0,0,0,0,0,0,0,0,0,0,0,0,0,0,0,1.452e+09,0,0,0,0,0,0,4842565000,0,0,0,0,0,0,0,0,0,0,0,0,0,0,0,0,0,0,0,0,0,0,0,12400000,0,0,0,0,0,0,0,0,0,0,0,0,0,0,0,0,0,0,0,0,0,0,0,0,0,0,0,0,18670925000,0,0,0,0,0,1210605000,0,5.34e+08,0,0,0,0,0,0,0,0,0,0,0,0,0,0,0,0,0,0,0,0,3869510000,0,0,16491090000,67920000,0,247420000,0,0,0,0,0,0,1925715000,0,0,1691395000,92820000,0,0,0,0,0,0,0
"Thailand",0,0,0,0,0,0,82360000,0,0,0,0,1253305000,0,0,0,0,0,0,0,0,0,0,1950315000,0,0,67640000,0,0,3136395000,0,0,11187300000,213600000,0,0,0,0,0,0,0,4420000,0,0,0,0,977220000,1780000,0,0,0,0,7260000,0,0,0,0,0,0,0,0,0,7120000,0,0,0,0,8900000,0,0,0,0,3660520000,0,0,0,802015000,105813400000,0,0,0,0,0,0,0,0,42324965000,0,0,0,3322005000,0,176800000,1780000,0,2169200000,0,0,0,0,0,0,0,0,436626470000,1815000,0,0,0,23140000,1780000,0,0,8.9e+07,8900000,0,0,0,0,0,0,0,1815000,0,0,4420000,3630000,4131380000,0,0,0,0,35600000,229080730000,0,0,0,7591700000,0,0,55180000,0,0,0,0,0,0,0,10680000,0,0,0,0,0,129940000,0,277680000,3560000,0,0,0,1815000,5445000,0,0,2592570000,3560000,0,0,0,0,1815000,0,0,3849820000,0,0,0,0,1780000,0,0,0,0,696800130000,0,0,0,0,0,0,0,0,0,0,0
"Togo",0,0,0,0,0,0,0,0,0,0,0,0,0,0,0,0,0,0,0,0,0,0,0,0,0,0,0,0,0,0,0,0,0,0,0,0,0,0,0,0,0,0,0,0,0,0,0,0,0,0,0,0,0,61880000,0,0,0,186900000,0,23595000,0,0,0,0,0,0,0,0,0,0,0,0,0,0,0,0,0,0,0,0,0,0,0,0,0,0,0,0,0,0,0,0,0,0,0,0,0,0,0,0,0,0,0,0,0,0,0,0,0,0,0,0,0,0,0,0,0,0,0,0,0,0,0,9535460000,0,0,0,0,0,0,0,0,0,0,0,0,0,0,0,0,0,0,0,0,0,0,0,0,0,0,0,0,0,0,0,0,0,0,0,0,0,0,0,0,0,0,0,0,0,0,0,0,0,0,0,0,0,0,0,0,0,0,0,0,0,0,0,0,0,0,0,0,0,0,0
"Tonga",0,0,0,0,0,0,0,0,0,0,0,0,0,0,0,0,0,0,0,0,0,0,0,0,0,0,0,0,0,0,0,0,0,0,0,0,0,0,0,0,0,0,0,0,0,0,0,0,0,0,0,0,0,0,0,0,0,0,0,0,0,0,0,0,0,0,0,0,0,0,0,0,0,0,0,0,0,0,0,0,0,0,0,0,0,0,0,0,0,0,0,0,0,0,0,0,0,0,0,0,0,0,0,0,0,0,0,0,0,0,0,0,0,0,0,0,0,0,0,0,0,0,0,0,0,0,0,0,0,0,0,0,0,0,0,0,0,0,0,0,0,0,0,0,0,0,0,0,0,0,0,0,0,0,0,0,0,0,0,0,0,0,0,0,0,0,0,0,0,0,0,0,0,0,0,0,0,0,0,0,0,0,0,0,0,0,0,0,0,0,0,0,0,0,0
"Trinidad and Tobago",0,0,0,0,1780000,0,0,0,0,0,284765000,0,0,0,0,0,0,0,0,0,0,0,0,0,0,24080000,0,0,0,0,0,0,0,0,0,0,0,0,0,0,0,0,0,9075000,0,0,0,0,0,0,0,0,0,0,0,0,0,0,0,0,0,0,0,0,0,16125000,0,0,276145000,0,0,0,0,0,0,0,0,0,0,0,0,0,0,0,17680000,0,0,0,0,0,0,0,0,0,0,0,0,0,0,0,0,0,0,0,0,0,0,0,0,0,0,0,0,0,0,0,0,0,0,0,0,0,0,0,0,0,0,0,0,0,0,0,0,0,0,0,0,0,0,0,0,0,0,1815000,38010000,28830000,0,0,0,0,0,0,0,0,0,0,0,10462875000,0,0,0,0,0,0,0,0,0,0,0,0,0,0,0,0,0,0,0,0,59340000,0,0,0,0,0,0,0,0,0,0,0,0,0,0,0,0
"Oman",0,0,0,0,0,0,0,0,0,1029860000,0,0,0,0,0,0,0,0,0,0,0,0,0,0,0,0,0,0,0,0,0,0,0,0,0,0,0,0,0,0,0,0,0,0,0,0,0,0,0,0,0,0,0,3560000,0,840000,0,0,0,0,0,0,0,0,0,0,0,0,0,0,0,0,0,0,0,0,0,4420000,0,0,0,0,0,0,0,14840000,13843440000,0,0,0,0,0,1075220000,0,0,402220000,0,0,0,0,0,0,0,0,0,0,0,0,0,0,0,0,0,0,0,0,0,0,0,0,0,0,0,0,0,0,707200000,0,0,0,0,0,0,0,0,0,0,0,31083220000,0,0,0,0,0,0,0,0,64637180000,0,1.068e+09,0,0,0,0,0,0,0,0,114920000,0,0,0,23045880000,0,0,327080000,0,0,0,0,0,0,0,11332380000,0,0,106080000,0,0,0,0,0,0,0,0,132600000,0,0,0,0,0,0,0,0,0
"Tunisia",0,0,0,0,0,0,0,0,0,0,0,0,0,0,0,0,0,0,0,0,0,0,0,0,0,0,0,0,0,0,0,0,0,0,0,0,0,0,0,0,0,0,0,0,0,0,0,0,0,15867800000,0,0,0,0,0,0,0,0,0,0,0,0,0,0,0,0,0,0,0,0,0,0,0,0,0,0,0,0,0,0,0,0,0,0,0,0,499460000,0,0,0,0,0,0,0,0,243100000,0,0,539159040000,0,0,0,0,0,0,53040000,0,0,0,0,0,0,0,0,0,0,0,0,0,0,0,0,0,8840000,0,0,0,0,0,0,0,0,0,0,0,0,0,0,0,0,0,4420000,0,0,0,0,0,0,0,0,0,0,0,0,0,0,0,0,0,0,11987040000,0,0,0,0,0,0,0,0,0,225420000,0,0,503880000,0,0,0,0,0,0,0,0,0,0,0,0,0,0,6705140000,0,0,0,0,0,0
"Turkey",0,3964740000,49840000,1544565000,0,0,386320000,175400000,0,455260000,539240000,83980000,0,0,0,0,0,0,0,0,0,104340000,17680000,0,39780000,0,0,0,274040000,0,24920000,0,0,1815000,13260000,0,0,0,2099030000,9881010000,4420000,57460000,0,0,0,0,40065480000,0,17680000,0,0,0,0,1579030000,0,0,2508165000,0,79860000,5512875000,280000,236590000,0,191200000,0,0,0,0,0,0,46960000,53040000,167320000,1370600000,0,0,0,5553795000,110402795000,0,67643370000,13378480000,208105000,272605000,0,0,7339575000,64880000,0,0,0,88400000,1260950000,0,0,795510000,0,79860000,65869610000,0,0,0,0,940095000,145860000,0,0,0,22100000,0,0,389510000,0,560000,0,22100000,3153045000,0,0,0,0,0,0,0,4255150000,2378420000,6403320000,132600000,0,0,0,0,123760000,0,0,0,0,0,1343680000,0,280000,0,10360000,0,0,0,0,14377120000,0,0,0,0,0,83980000,0,0,2534720000,0,19495000,0,111605000,68055000,12305045000,80585000,0,0,0,0,0,0,141440000,1308320000,0,2651360000,4420000,0,187900000,3213700000,169395000,0,0,354800000,0,0,106080000,205370000,1815000,0,231955000,0,0,0,0,0,5110760000
"United Arab Emirates",0,0,0,0,0,0,0,0,0,0,0,0,0,0,0,0,0,0,0,0,0,0,0,0,0,0,0,0,0,0,0,0,0,0,0,0,0,0,0,0,0,0,0,0,0,0,0,0,0,0,0,0,0,0,0,0,0,0,0,0,0,0,0,0,0,0,0,0,0,0,0,0,0,0,0,0,0,0,0,0,0,0,0,0,0,0,0,0,0,0,0,0,0,0,0,0,0,0,0,0,0,0,0,0,0,0,0,0,0,0,0,0,0,0,0,0,0,0,0,0,0,0,0,0,0,0,0,0,0,0,0,0,0,0,0,0,0,0,0,0,0,0,0,0,0,0,0,0,0,0,0,0,0,0,0,0,0,0,0,0,0,0,0,0,0,0,0,0,0,0,0,0,0,0,0,0,0,0,0,0,0,0,0,0,0,0,0,0,0,0,0,0,0,0,0
"Uganda",0,0,0,0,0,0,0,0,0,0,0,0,0,0,63525000,0,0,0,0,0,0,0,0,40541755000,0,0,0,0,0,0,0,0,0,0,0,0,0,0,0,0,0,0,0,0,0,0,0,0,0,0,0,0,0,0,0,0,0,0,0,0,0,0,0,0,0,0,0,0,0,0,0,10680000,0,0,0,0,0,0,0,0,32040000,0,0,0,0,0,0,0,212008220000,0,0,0,0,0,0,0,0,0,0,0,0,0,0,0,0,0,0,0,0,0,0,0,0,0,0,0,0,0,0,0,0,0,0,0,0,0,0,0,0,0,0,0,0,0,0,0,0,0,0,0,0,10598305000,0,0,0,0,0,0,0,0,0,0,0,0,10973700000,0,0,0,0,0,0,0,0,0,0,2.0569e+10,0,0,0,0,0,0,0,0,0,0,250400000,0,0,0,0,0,0,0,0,0,126672465000,0,0,0,0,0,0,0,0
"Tuvalu",0,0,0,0,0,0,0,0,0,0,0,0,0,0,0,0,0,0,0,0,0,0,0,0,0,0,0,0,0,0,0,0,0,0,0,0,0,0,0,0,0,0,0,0,0,0,0,0,0,0,0,0,0,0,0,0,0,0,0,0,0,0,0,0,0,0,0,0,0,0,0,0,0,0,0,0,0,0,0,0,0,0,0,0,0,0,0,0,0,0,0,0,0,0,0,0,0,0,0,0,0,0,0,0,0,0,0,0,0,0,0,0,0,0,0,0,0,0,0,0,0,0,0,0,0,0,0,0,0,0,0,0,0,0,0,0,0,0,0,0,0,0,0,0,0,0,0,0,0,0,0,0,0,0,0,0,0,0,0,0,0,0,0,0,0,0,0,0,0,0,0,0,0,0,0,0,0,0,0,0,0,0,0,0,0,0,0,0,0,0,0,0,0,0,0
"United Kingdom",0,0,0,0,0,9400000,0,23360000,0,3730000,48490000,0,0,0,0,0,216860000,0,0,0,0,0,0,0,0,3630000,0,0,0,0,0,12705000,0,0,0,0,0,0,166420000,0,0,1755205000,0,0,0,0,0,0,0,0,0,0,47195000,2411540000,0,0,0,0,0,6503440000,0,0,0,13160000,0,0,0,0,0,0,0,75140000,0,0,5595000,0,0,198900000,0,94663675000,0,65650000,0,0,0,0,0,0,3730000,0,0,88400000,7290000,0,0,14920000,0,0,0,0,0,0,0,296140000,0,0,91250000,0,0,23595000,0,0,0,0,0,0,1395030000,0,0,0,0,0,0,0,39455000,450585000,0,0,2520000,0,0,0,0,7174820000,9795000,0,0,0,5595000,0,0,0,5410000,0,1865000,0,0,12460000,0,1815000,0,0,76820000,31175000,0,4420000,134785000,0,0,0,516750000,0,0,0,5445000,0,404275000,0,0,0,0,52220000,1400000,5595000,0,0,0,0,101890000,0,0,0,0,0,0,0,0,0,296605000,0,0,0,0,0,0
"Ukraine",49557065000,0,5092580000,685912320000,0,0,0,3257400000,0,0,0,0,0,0,0,0,0,0,0,0,0,0,0,0,0,1815000,0,0,0,0,0,0,0,0,0,0,0,0,33172080000,55996410000,0,0,0,0,263681220000,0,4776815925000,0,0,11274520000,0,0,0,117480000,0,0,68704790000,0,0,13474670000,0,0,0,78848660000,0,0,0,0,0,0,0,0,11404460000,0,0,0,3196880000,1739355480000,0,4.895e+10,1133290810000,377675060000,0,5326685000,0,489758100000,62310680000,150645000,1.068e+10,0,0,210075600000,0,12566800000,0,367591360000,0,0,711489140000,152675940000,0,39930000,0,987900000,0,0,0,0,0,0,0,97100780000,0,5692220000,0,0,789595540000,0,0,0,0,0,0,0,0,0,0,0,0,0,0,0,0,98403680000,1153799560000,0,0,0,0,0,0,0,276590745000,11139240000,0,0,0,237695860000,0,0,0,0,156640000,0,0,0,2377674160000,0,462080000,0,0,128160000,1187588300000,3077620000,7.921e+09,0,0,0,0,0,977220000,991029240000,453031685000,0,0,0,60753180000,0,13260000,0,0,7671975000,0,0,0,0,0,0,0,0,0,0,0,0,0
"United States of America",69420000,26700000,0,119604360000,516590000,4144940000,16061925000,9273800000,7096420000,384685000,115961470000,199360000,0,0,0,0,1636580000,0,1788505000,0,1780000,3289440000,0,3858690000,28311695000,4909534910000,0,0,37380000,0,35279200000,7500185190000,2146411580000,0,0,4608285000,2301821925000,1643844240000,186970000,0,0,2554780000,1.424e+09,2910463030000,0,549420120000,10907735435000,1726136945000,0,92560000,0,0,496620000,7926365000,14894300000,2394245000,11171040000,1.78e+08,0,300789475000,0,39160000,0,32128520000,0,33845475000,2454123435000,0,137707480000,31417990000,1466424580000,101908370000,1186480000,550020000,1241340000,1347945000,1040602745000,120098380000,0,140880750000,1812069610000,55938280000,0,179780000,929420630000,50727478585000,290625640000,0,174373855000,1780000,10680000,23155491910000,308674915000,836600000,0,607464810000,0,0,257151540000,37380000,0,6.23e+08,0,213325265000,0,0,74760000,0,0,29843954270000,0,770118260000,29294100000,0,8840000,0,173424180000,0,0,0,0,1676090000,477686940000,2341350000,533080000,15642715000,15441500000,1191104805000,1559210000,0,66300000,1213607280000,24935765000,4844520000,624878880000,0,0,0,51620000,7120000,813460000,11064240000,15655460000,250975000,398630000,14674770000,0,3108562530000,0,0,1687215000,320480000,0,1475880000,0,7371510000,649308210000,33393575000,365010000,0,5116140000,940340000,3085956260000,0,10085117455000,53832230000,10416585000,11610940000,0,343774415000,40466855000,1003622900000,347363340000,284354225000,8427045000,0,25612645000,4996460000,0,1938420000,83980000,0,3491182860000,81071450000,0,2520000,14953785000,0,2608205000,0,112140000,0,0,0,0
"Burkina Faso",0,0,0,0,0,0,0,0,0,0,0,0,0,0,0,0,0,0,0,0,0,0,0,0,0,0,0,0,0,0,0,0,0,0,0,0,0,0,0,0,1.78e+08,0,0,0,0,0,0,0,0,0,0,0,0,0,0,0,0,0,0,0,0,1605560000,0,0,0,0,0,0,0,0,0,0,0,0,0,0,0,0,0,0,0,0,0,0,0,0,0,0,0,0,0,0,0,0,0,0,0,0,0,0,0,0,0,0,0,1.869e+09,0,0,0,0,0,0,0,0,0,0,0,0,0,0,0,0,0,63764005000,0,0,0,0,0,0,0,0,0,0,0,0,0,0,0,0,0,0,0,0,0,0,0,0,0,0,0,0,0,0,0,0,0,0,0,0,0,0,0,0,0,0,0,2499120000,0,0,0,0,0,0,0,0,0,0,0,0,0,0,0,0,0,0,0,0,0,0,0,0,0,0,0
"Uruguay",0,0,0,0,0,0,0,0,0,0,0,0,0,0,0,0,24369980000,0,0,0,0,0,0,0,0,0,0,0,0,0,0,0,0,0,0,0,0,0,0,0,0,0,0,29604960000,0,0,0,0,0,0,0,0,0,1445360000,0,0,0,0,0,0,0,0,0,0,0,0,0,0,0,0,0,0,0,0,0,0,0,0,0,0,0,7120000,0,0,0,0,0,0,0,0,0,0,0,0,0,0,0,0,0,0,0,0,0,263440000,0,0,0,0,0,0,0,0,0,0,0,0,0,0,0,0,0,0,0,0,0,0,0,0,0,0,0,0,0,0,0,0,0,0,0,0,0,0,0,0,0,0,0,0,24081620000,0,0,0,0,1685660000,0,0,16335000,0,0,0,0,0,0,0,0,0,0,0,0,0,0,0,0,0,0,0,0,0,5445000,0,0,0,0,37075620000,0,0,0,0,0,0,0,0,0,0,0
"Uzbekistan",0,0,0,0,0,0,0,0,0,0,0,0,0,0,0,0,0,0,0,0,0,0,0,0,0,0,0,0,0,0,0,0,0,0,0,0,0,0,0,0,0,0,0,0,0,0,0,0,0,0,0,0,0,0,0,0,0,0,0,0,0,0,0,0,0,0,0,0,0,0,0,0,0,0,0,0,0,0,0,0,0,0,0,0,0,0,0,0,0,0,0,0,0,0,0,0,0,0,0,0,0,0,0,0,0,0,0,0,0,0,0,0,0,0,0,0,0,0,0,0,0,0,0,0,0,0,0,0,0,0,0,0,0,0,0,0,0,0,0,0,0,0,0,0,0,0,0,0,0,0,0,0,0,0,0,0,0,0,0,0,0,0,0,0,0,0,0,0,0,0,0,0,0,0,0,0,0,0,0,0,0,0,0,0,0,0,0,0,0,0,0,0,0,0,0
"Venezuela (Bolivarian Republic of)",0,0,0,0,0,0,0,0,0,0,0,0,0,0,0,0,0,0,0,0,0,0,0,0,0,0,0,0,0,0,0,0,0,0,0,0,0,0,0,0,0,0,0,0,0,0,0,0,0,0,0,0,0,0,0,0,0,0,0,0,0,0,0,0,0,0,0,0,0,0,0,0,0,0,0,0,0,0,0,0,0,0,0,0,0,0,0,0,0,0,0,0,0,0,0,0,0,0,0,0,0,0,0,0,0,0,0,0,0,0,0,0,0,0,0,0,0,0,0,0,0,0,0,0,0,0,0,0,0,0,0,0,0,0,0,0,0,0,0,0,0,0,0,0,0,0,0,0,0,0,0,0,0,0,0,0,0,0,0,0,0,0,0,0,0,0,0,0,0,0,0,0,0,0,0,0,0,0,0,0,0,0,0,0,0,0,0,0,0,0,0,0,0,0,0
"Viet Nam",0,0,0,0,0,0,0,0,0,0,0,0,0,0,0,0,0,0,0,0,0,0,0,0,0,0,0,0,0,0,0,0,0,0,0,0,0,0,0,0,0,0,0,0,0,0,0,0,0,0,0,0,0,0,0,0,0,0,0,0,0,0,0,0,0,0,0,0,0,0,0,0,0,0,0,0,0,0,0,0,0,0,0,0,0,0,0,0,0,0,0,0,0,0,0,0,0,0,0,0,0,0,0,0,0,0,0,0,0,0,0,0,0,0,0,0,0,0,0,0,0,0,0,0,0,0,0,0,0,0,0,0,0,0,0,0,0,0,0,0,0,0,0,0,0,0,0,0,0,0,0,0,0,0,0,0,0,0,0,0,0,0,0,0,0,0,0,0,0,0,0,0,0,0,0,0,0,0,0,0,0,0,0,0,0,0,0,0,0,0,0,0,0,0,0
"Ethiopia",0,0,0,0,0,0,0,0,0,0,0,0,0,0,0,0,0,0,0,0,0,0,0,0,0,1865000,0,0,0,0,0,0,0,0,0,0,0,0,0,0,0,0,0,0,0,0,13260000,0,0,0,0,0,0,0,0,856860000,0,0,0,0,0,0,0,0,0,0,0,0,0,0,0,0,0,0,0,0,0,0,0,0,12741325000,8.188e+10,0,0,0,0,9825600000,0,160200000,0,0,0,0,0,0,54450000,0,0,0,0,0,0,0,0,0,0,0,0,0,0,0,0,0,0,0,0,0,0,0,0,0,0,0,0,0,0,0,0,0,0,0,0,0,0,0,0,0,0,0,0,0,0,0,0,0,0,0,914920000,0,0,0,0,0,0,0,1865000,0,0,0,0,0,0,0,0,0,0,0,0,0,0,0,0,0,0,0,0,15413105000,0,1865000,0,0,0,0,0,0,4013900000,0,0,0,0,0,0,0,0,0
"Yemen",0,0,0,0,0,0,0,0,0,0,0,0,0,0,0,0,0,0,0,0,0,0,0,0,0,0,0,0,0,0,0,0,0,0,0,0,0,0,0,0,0,0,0,0,0,0,0,0,0,0,0,0,0,7120000,0,0,0,0,0,0,0,0,0,0,0,0,0,0,0,0,0,0,0,0,0,0,0,0,0,0,0,0,0,0,0,0,0,0,0,0,0,0,0,0,0,0,0,0,0,0,0,0,0,0,0,0,0,0,0,0,0,0,0,0,0,0,0,0,0,0,0,0,0,0,0,0,0,0,0,0,0,0,0,0,0,0,0,0,0,0,0,0,0,0,0,0,0,24238600000,0,0,0,0,0,0,76540000,0,0,0,0,0,0,0,0,0,0,0,0,0,0,0,3560000,0,0,8900000,0,0,0,0,0,0,0,0,0,0,0,0,0,0,0,0,0,0,0,0,0
"Democratic Republic of the Congo",0,0,0,0,0,0,0,0,0,0,0,0,0,0,0,0,0,0,0,0,0,0,0,0,0,0,0,0,0,0,0,0,0,0,0,0,0,0,0,0,0,0,0,0,0,0,0,0,0,0,0,0,0,0,0,0,0,0,0,0,0,0,0,0,0,0,0,0,0,0,0,0,0,0,0,0,0,0,0,0,0,0,0,0,0,0,0,0,0,0,0,0,0,0,0,0,0,0,0,0,0,0,0,0,0,0,0,0,0,0,0,0,0,0,0,0,0,0,0,0,0,0,0,0,0,0,0,0,0,0,0,0,0,0,0,0,0,0,0,0,0,0,0,0,0,0,0,0,0,0,0,0,0,0,0,0,0,0,0,0,0,0,0,0,0,0,0,0,0,0,0,0,0,0,0,0,0,0,0,0,0,0,0,0,0,0,0,0,0,0,0,0,0,0,0
"Zambia",0,0,0,0,0,0,0,0,0,0,0,0,0,0,0,7612775000,0,0,0,0,0,0,0,5210505000,0,0,0,0,0,0,0,544680000,0,0,0,0,0,0,0,0,0,0,0,0,0,0,0,0,0,0,0,0,0,0,0,0,0,0,0,0,0,0,0,0,0,0,0,0,0,0,0,0,0,0,0,49840000,0,0,0,0,0,0,0,0,0,0,0,0,131347980000,0,0,44500000,0,0,46280000,0,0,0,0,0,0,1651840000,3810980000,0,0,0,0,0,7120000,0,0,0,13709560000,0,25968420000,0,0,0,0,0,0,51620000,0,0,0,0,0,0,0,0,0,0,0,0,0,0,0,0,0,619012245000,0,2554300000,0,265220000,0,0,0,0,0,0,0,0,0,0,0,140997360000,0,0,0,2143120000,0,425420000,0,0,0,23243240000,0,0,0,0,0,0,0,53400000,2420800000,0,3529740000,0,23140000,0,0,0,0,0,0,0,13909550000,0,0,0,0,0,0,0,0
"Belgium",0,0,0,1916640000,0,0,0,61915540000,0,0,13260000,543660000,0,0,0,0,0,0,0,0,0,0,0,4420000,11782745000,0,0,0,0,0,0,4420000,0,4420000,19580000,0,0,0,177080000,0,0,1242240000,0,0,0,0,167960000,0,0,419900000,0,0,53995000,212083700000,0,30940000,0,0,83980000,166330450000,0,1263560000,0,86782280000,0,0,0,0,0,26520000,0,0,2255120000,0,48620000,0,0,30940000,0,978940000,4835480000,157194590000,16390025000,0,0,28480000,10890000,0,0,0,0,0,0,477640000,0,167960000,0,183035000,21976240000,31220000,0,0,0,1815000,0,0,76240000,0,0,0,0,0,0,0,0,17680000,859519705000,0,39780000,110500000,8840000,0,0,0,0,778640000,0,0,3560000,0,0,0,1780000,8360030000,27890620000,0,0,0,0,0,0,4420000,352085000,8840000,0,0,0,0,0,0,0,450840000,0,0,0,7120000,24073195000,97240000,0,0,21418055000,1667320000,244915000,0,30260000,0,0,8840000,0,0,0,0,3.075e+10,0,0,0,71800540000,0,8922400000,0,0,0,0,70720000,13260000,70720000,231520000,0,0,4400180000,0,0,0,0,0
"Luxembourg",0,0,0,0,0,0,0,0,0,0,0,0,0,0,0,0,0,0,0,0,0,0,0,0,0,0,0,0,0,0,0,0,0,0,0,0,0,0,0,8840000,0,0,0,0,0,0,0,0,0,0,0,0,0,32075000,0,0,0,0,0,1933745000,0,0,0,0,0,0,0,0,0,0,0,0,0,0,0,0,0,0,0,0,0,0,0,0,0,0,0,0,0,0,0,0,0,0,0,0,0,0,0,0,0,0,0,0,0,0,0,0,0,0,0,0,0,0,0,0,1651840000,0,0,0,0,0,0,0,0,0,0,0,0,0,0,0,0,0,0,0,0,0,0,0,0,0,0,0,0,0,0,0,0,0,0,0,0,0,0,0,0,0,0,0,0,0,0,0,0,0,0,0,0,0,0,0,0,0,0,0,0,0,0,0,0,0,0,0,0,0,0,0,4032580000,0,0,0,0,0,0
"Serbia",0,0,131788740000,0,0,0,12705000,69339900000,0,0,0,0,0,0,0,0,0,0,0,0,0,110574390000,0,0,0,12705000,0,0,0,0,0,0,0,0,0,0,0,0,5425440000,0,0,0,0,0,484160000,0,0,0,0,0,0,0,0,41766480000,0,0,0,0,0,4571285000,564064265000,0,3560000,79004645000,0,0,0,0,0,0,0,0,74575325000,68122860000,0,0,0,3276980000,39160000,0,0,346471225000,0,0,0,0,0,0,0,0,0,9524780000,0,0,0,0,0,0,0,0,0,0,0,0,0,44500000,0,44710000,0,0,0,1780000,0,5340000,0,0,179943760000,0,0,237622700000,0,0,0,0,0,0,12705000,0,429030000,0,0,0,0,0,0,0,0,0,0,0,3754003740000,0,3636540000,0,0,0,0,0,0,0,0,60222990000,42720000,0,0,0,55180000,0,0,0,0,3443645000,10608800000,0,0,0,0,0,0,0,0,10970140000,820600000,0,0,0,150361940000,233180000,1815000,0,0,0,0,0,0,0,0,0,0,0,0,38604380000,0,0,0
"Montenegro",0,0,223375000,0,0,0,0,0,0,0,0,0,0,0,0,0,0,0,0,0,0,0,0,0,0,0,0,0,0,0,0,0,0,0,0,0,0,0,0,0,0,0,0,0,0,0,0,0,0,0,0,0,0,0,0,0,0,0,0,0,0,0,0,0,0,0,0,0,0,0,0,0,0,0,0,0,0,0,0,0,0,0,0,0,0,0,0,0,0,0,0,0,0,0,0,0,0,0,0,0,0,0,0,0,0,0,0,0,0,0,0,0,0,0,0,0,0,0,0,0,0,0,0,0,0,0,0,0,0,0,0,0,0,0,0,0,0,0,0,0,0,0,0,0,0,0,0,0,0,0,0,0,0,0,0,0,0,0,0,0,0,0,0,0,0,0,0,0,0,0,0,0,0,0,0,0,0,0,0,0,0,0,0,0,0,0,0,0,0,0,44500000,0,0,0,0
"Sudan",0,0,0,0,0,0,0,0,0,0,0,0,0,0,0,0,0,0,0,0,0,0,0,0,0,0,0,0,0,0,0,0,0,0,0,0,0,0,0,0,0,0,0,0,0,0,0,0,0,0,0,0,0,0,0,0,0,0,0,0,0,0,0,0,0,0,0,0,0,0,0,0,0,0,0,0,0,0,0,0,0,0,0,0,0,0,0,0,0,0,0,0,0,0,0,0,0,0,0,0,0,0,0,0,0,0,0,0,0,0,0,0,0,0,0,0,0,0,0,0,0,0,0,0,0,0,0,0,0,0,0,0,0,0,0,0,0,0,0,0,0,0,0,0,0,0,0,0,0,0,0,0,0,0,0,0,0,0,0,0,0,0,0,0,0,0,0,0,0,0,0,0,0,0,0,0,0,0,0,0,0,0,0,0,0,0,0,0,0,0,0,0,0,0,0
"South Sudan",0,0,0,0,0,0,0,0,0,0,0,0,0,0,0,0,0,0,0,0,0,0,0,0,0,0,0,0,0,0,0,0,0,0,0,0,0,0,0,0,0,0,0,0,0,0,0,0,0,0,0,0,0,0,0,0,0,0,0,0,0,0,0,0,0,0,0,0,0,0,0,0,0,0,0,0,0,0,0,0,0,0,0,0,0,0,0,0,0,0,0,0,0,0,0,0,0,0,0,0,0,0,0,0,0,0,0,0,0,0,0,0,0,0,0,0,0,0,0,0,0,0,0,0,0,0,0,0,0,0,0,0,0,0,0,0,0,0,0,0,0,0,0,0,0,0,0,0,0,0,0,0,0,0,0,0,0,0,0,0,0,0,0,0,0,0,0,0,0,0,0,0,0,0,0,0,0,0,0,0,0,0,0,0,0,0,0,0,0,0,0,0,0,0,0
"Occupied Palestinian Territory",0,0,0,0,0,0,0,0,0,0,0,0,0,0,0,0,0,0,0,0,0,0,0,0,0,0,0,0,0,0,0,0,0,0,0,0,0,0,0,0,0,0,0,0,0,0,0,0,0,0,0,0,0,0,0,0,0,0,0,0,0,0,0,0,0,0,0,0,0,0,0,0,0,0,0,0,0,0,0,0,0,0,0,0,0,0,0,0,0,0,0,0,0,0,0,0,0,0,0,0,0,0,0,0,0,0,0,0,0,0,0,0,0,0,0,0,0,0,0,0,0,0,0,0,0,0,0,0,0,0,0,0,0,0,0,0,0,0,0,0,0,0,0,0,0,0,0,0,0,0,0,0,0,0,0,0,0,0,0,0,0,0,0,0,0,0,0,0,0,0,0,0,0,0,0,0,0,0,0,0,0,0,0,0,0,0,0,0,0,0,0,0,0,0,0
