"","1","2","3","4","8","9","10","11","12","13","14","16","17","18","19","20","21","22","23","25","26","27","28","29","32","33","35","37","38","39","40","41","44","45","46","47","48","49","50","52","53","54","55","56","57","58","59","60","61","63","64","66","67","68","70","72","73","74","75","79","80","81","83","84","85","86","89","90","91","93","95","96","97","98","99","100","101","102","103","104","105","106","107","108","109","110","112","113","114","115","116","117","118","119","120","121","122","123","124","126","128","129","130","131","132","133","134","136","137","138","141","143","144","146","147","149","150","151","153","154","155","156","157","158","159","162","165","166","167","168","169","170","171","173","174","175","176","178","179","181","183","184","185","188","189","191","193","194","195","196","197","198","199","200","201","202","203","207","208","209","210","211","212","213","214","215","216","217","219","220","221","222","223","225","226","227","229","230","231","233","234","235","236","237","238","249","250","251","255","256","272","273","276","277","299"
"Armenia",0,0,0,0,0,0,0,0,0,0,0,0,0,0,0,0,0,0,0,0,0,0,0,0,0,0,0,0,0,0,0,0,0,0,0,0,0,0,0,0,0,0,0,0,0,0,0,0,0,0,0,0,0,0,0,0,0,0,0,0,0,0,0,0,0,0,0,0,0,0,0,0,0,0,0,0,0,29466.6666666667,0,0,0,0,0,0,0,0,0,0,0,0,0,0,0,0,0,0,0,0,0,0,0,0,0,0,0,0,0,0,0,0,0,0,0,0,0,0,0,0,0,0,0,0,0,0,0,0,0,0,0,0,0,0,0,0,0,0,0,0,0,0,0,0,107512533.333333,0,0,0,0,0,0,0,0,0,0,0,0,0,0,0,0,0,0,0,0,0,0,0,0,0,0,0,0,0,0,0,0,0,0,0,8941900,0,0,0,0,0,0,0,0,0,0,0,0,0,0,0,0
"Afghanistan",0,0,0,0,0,0,0,0,0,0,0,0,0,0,0,0,0,0,0,0,0,0,0,0,0,0,0,0,0,0,0,0,0,0,0,0,0,0,0,0,0,0,0,0,0,0,0,0,0,0,0,0,0,0,0,0,0,0,0,0,0,0,0,0,0,0,0,0,0,0,0,0,0,0,0,0,0,0,0,0,0,0,0,0,0,0,0,0,0,0,0,0,0,0,0,0,0,0,0,0,0,0,0,0,0,0,0,0,0,0,0,0,224576666.666667,0,0,0,11866.6666666667,0,0,0,0,0,0,0,0,0,104426666.666667,0,0,0,0,0,0,0,0,0,0,0,0,0,0,0,0,0,0,0,0,0,0,0,0,0,0,0,0,0,0,0,0,0,0,0,0,0,0,0,0,0,0,0,0,0,0,0,0,0,0,0,0,0,0,0,0,0,0,0,0,0,0,0,0,0,0,0,0
"Albania",0,0,0,0,0,0,0,0,0,0,0,0,0,0,0,0,0,0,0,0,0,0,0,0,0,0,0,0,0,0,0,0,0,0,0,0,0,0,0,0,0,0,0,0,0,0,0,0,0,0,0,0,0,0,0,0,0,0,0,0,0,0,0,0,0,0,0,0,0,0,0,0,72600,0,0,0,0,0,0,0,0,0,0,0,0,0,0,0,0,0,0,0,0,0,0,0,0,0,0,0,0,0,0,0,0,0,0,0,0,0,0,0,0,0,0,0,0,0,0,0,0,0,0,0,0,0,0,0,0,0,0,0,0,0,0,0,0,0,0,0,0,0,0,0,0,0,0,0,0,0,0,0,0,0,0,0,0,0,0,0,0,0,0,0,0,0,0,0,0,0,0,0,0,0,0,0,0,0,10164000,0,0,0,0,0,0,0,0,0,0,0,0,0,0,0,0
"Algeria",0,0,0,0,0,0,0,0,0,0,0,0,0,0,0,0,0,0,0,0,0,0,0,0,0,46863300,0,0,0,0,0,0,0,0,0,0,0,0,0,0,0,0,0,0,0,0,0,0,0,0,0,0,0,2581166.66666667,0,0,0,0,0,0,0,0,0,0,0,0,0,0,0,0,0,0,0,0,0,0,0,0,0,0,0,0,0,0,0,0,0,0,0,0,0,0,0,0,0,0,0,0,0,0,0,0,0,0,0,0,0,0,0,0,0,0,0,0,0,0,0,0,0,0,0,0,0,14270233.3333333,0,0,0,0,0,0,0,0,0,0,0,0,0,0,0,0,0,0,0,0,0,0,0,79560000,0,0,0,0,0,0,0,0,142400,0,0,0,0,0,0,0,0,0,0,0,0,0,0,0,0,59333.3333333333,0,0,373000,0,0,0,0,0,0,0,0,0,0,0,0,0,0,0,0,0,0
"Antigua and Barbuda",0,0,0,0,0,0,0,0,0,0,0,0,0,0,0,0,0,0,0,0,0,0,0,0,0,133100,0,0,0,0,0,0,0,0,0,0,0,0,0,0,0,2848000,0,0,0,0,0,0,0,0,0,0,0,0,0,0,0,0,0,0,0,0,0,0,0,0,0,0,0,0,0,0,0,0,0,0,0,0,0,0,0,0,0,0,0,0,0,0,0,0,0,3298933333.33333,0,0,0,0,0,0,0,0,0,0,0,0,0,0,0,0,0,0,0,0,0,0,0,0,96120000,0,0,0,0,0,0,0,0,0,0,0,0,0,0,0,0,0,0,0,0,0,0,0,0,0,0,0,0,601400,0,0,0,0,0,0,0,0,0,0,0,0,0,0,0,0,0,0,0,62323733.3333333,0,0,0,0,0,0,0,0,0,0,28480000,0,0,0,0,0,0,0,0,0,0,0,0,0,0,0,0,0,0
"Argentina",0,0,1009141333.33333,11410114466666.7,0,0,0,0,0,16229209333.3333,0,571905693333.333,0,0,111296564800,0,1893660891333.33,0,0,0,30708441333.3333,4357368800,0,0,67891217333.3333,293142266.666667,77581893333.3333,0,0,0,7639440538200,0,3327063397200,0,113967348000,0,40039711600,1506008160000,736089333.333333,852738666.666667,2877963333.33333,3328066000,0,668742653600,0,141265131333.333,11713556762666.7,1991333466.66667,0,0,0,0,0,1197773866.66667,0,14147653600,759941333.333333,1346510666.66667,1013959200,80634000,666906666.666667,95029583866.6667,0,5062225066.66667,0,0,1552978800,3648288000,0,0,2866440800,0,0,986535333.333333,0,11416528400,2470032046933.33,0,563768720000,0,0,16278835733.3333,17384666666.6667,0,0,1474010880000,1454479889333.33,0,1400148000,0,0,13182243306666.7,408487690666.667,0,0,361359093466.667,0,2980598133.33333,31014625066.6667,244619466.666667,0,0,0,9547825066666.67,0,2600769866.66667,0,3878620000,271669533333.333,5572373066.66667,0,5064829562666.67,0,0,0,25210602800,136164849866.667,0,0,2238053333.33333,0,0,790770933.333333,917293333.333333,300495031333.333,0,0,18581182666.6667,385666666.666667,0,45801690266.6667,10517369706666.7,36563976800,146975608666.667,553342666.666667,0,0,0,31875053333.3333,0,978810133.333333,0,0,0,0,0,0,7253928980000,827527814666.667,0,1295365333.33333,0,0,0,0,598560991600,142338554400,91563200,0,0,0,0,18004925466.6667,0,2406077857333.33,1691712000,0,673433333.333333,0,772235200,509787016000,821999335866.667,256228745333.333,1204510680133.33,0,0,718840148400,878133.333333333,488812208000,460426666.666667,118897629333.333,0,389370941600,26354669320000,1689813333.33333,2342979349333.33,81883916000,0,0,0,0,0,0,0,0
"Australia",0,0,0,0,0,142400,0,0,0,0,0,4746666.66666667,0,0,0,0,0,0,0,109880100,379733.333333333,0,8342266.66666667,0,0,0,0,0,32194266.6666667,0,0,62796466.6666667,0,0,0,217800,0,0,0,0,0,0,0,0,0,0,3872000,0,0,0,0,121940200,0,20173333.3333333,299691466.666667,0,0,0,0,23898866.6666667,0,0,387200,0,0,0,0,0,0,0,0,42768633.3333333,0,0,0,4174500,3089871266.66667,10786800,0,0,40073733.3333333,0,0,0,0,4058539166.66667,0,0,0,0,0,216135954133.333,0,0,0,0,0,0,0,0,0,0,0,7091849500,0,0,0,0,0,0,0,0,0,0,0,0,3821066.66666667,0,175145633.333333,0,9747400,4600396433.33333,0,0,0,0,890000,0,0,2054179866.66667,0,0,1526631133.33333,0,0,0,48166.6666666667,0,106800,0,0,0,0,0,0,0,0,0,0,0,0,0,0,1022328733.33333,0,14263733.3333333,0,0,0,0,0,0,0,0,614313600,0,4530831800,0,0,0,0,0,12626133.3333333,95942000,0,0,147333.333333333,0,0,0,1127333.33333333,0,0,6314266.66666667,0,0,0,0,0,0,0,0,0,0,0
"Austria",108900,0,0,0,0,0,47466.6666666667,0,0,0,0,0,0,0,0,0,0,0,0,0,0,1465369466.66667,0,0,0,141873266.666667,0,0,0,0,9374666.66666667,462800,0,0,0,0,0,0,798366.666666667,516722133.333333,0,754917533.333333,0,0,373598266.666667,0,0,0,0,830488000,0,0,37673233.3333333,20538938233.3333,0,0,376078400,0,0,357774880600,0,0,0,12747133.3333333,0,0,0,0,0,0,0,56770600,45800386900,3569734033.33333,0,0,0,135659733.333333,0,170685366.666667,0,1377278432566.67,0,1280769333.33333,0,131328400,12947000,263819733.333333,0,0,0,1032500,0,107999533.333333,0,0,0,0,0,984925666.666667,0,0,0,0,0,0,387200,0,0,142400,0,367866.666666667,0,151679100,474666.666666667,0,18584472700,0,0,196715033.333333,0,296666.666666667,0,0,0,124333.333333333,71200,0,38049283500,0,0,0,0,17713185200,46451400,0,0,0,0,0,8722209966.66667,0,8252530933.33333,0,0,0,0,24200,0,0,0,11628391333.3333,11987085066.6667,411400,0,0,659394833.333333,0,0,0,270105800,7121297100,0,0,919400,0,0,0,0,0,0,0,54963837200,0,0,0,2465339566.66667,8915339633.33333,67011300,0,0,385975200,0,0,0,0,0,0,1009103766.66667,36767866.6666667,1026656566.66667,0,0,0,0
"Bahamas",0,0,0,0,0,0,0,0,0,0,0,0,0,0,0,0,0,0,0,0,0,0,0,0,0,96800,0,0,0,0,0,0,0,0,0,0,0,0,0,0,0,0,0,0,0,0,0,0,0,0,0,0,0,0,0,0,0,0,0,0,0,0,0,0,0,0,0,0,0,59333.3333333333,0,0,0,0,0,0,0,0,0,0,0,0,0,0,0,0,0,0,0,0,0,0,0,0,0,0,0,0,0,0,0,0,0,0,0,0,0,0,0,0,0,0,0,0,0,0,0,0,0,0,0,0,0,0,0,0,0,0,0,0,0,0,0,0,0,0,0,0,0,0,0,0,0,0,0,0,0,0,0,0,0,0,0,0,0,0,0,0,0,0,0,0,0,0,0,0,0,0,0,0,0,0,0,0,0,0,0,0,12100,0,0,0,0,0,0,0,0,0,0,0,0,0,0,0,0
"Bahrain",0,0,0,0,294666.666666667,0,0,0,147333.333333333,0,0,0,0,0,0,0,0,0,0,0,0,0,0,0,0,0,0,0,0,0,0,0,0,0,0,0,0,0,147333.333333333,0,0,0,0,0,0,0,0,0,0,0,0,0,0,0,0,0,0,0,0,0,0,0,0,1090266.66666667,0,0,0,0,0,0,0,1296533.33333333,0,0,0,1332400,0,0,3359200,0,0,0,0,0,0,0,0,0,0,0,0,0,5446800,0,0,0,0,3152933.33333333,0,0,0,0,0,58933.3333333333,0,0,2210000,0,0,0,0,0,0,0,0,0,677733.333333333,0,0,0,1384933.33333333,0,0,0,0,0,0,7631866.66666667,0,0,0,0,0,0,0,0,0,0,0,0,0,0,0,0,0,0,0,90328566.6666667,0,0,0,0,0,677733.333333333,0,0,0,0,0,0,0,353600,0,0,0,0,0,0,0,0,3487433.33333333,0,176800,82723866.6666667,0,0,176800,0,1829500,0,0,0,0,0,0,0,0,0,58933.3333333333,0,0,0,0,0,0
"Barbados",0,0,0,0,0,0,0,0,0,0,0,0,0,0,0,0,0,0,0,0,0,0,0,0,0,0,0,0,0,0,0,0,0,0,0,0,0,0,0,0,0,0,0,0,0,0,0,0,0,0,0,0,0,0,0,0,0,0,0,0,0,0,0,0,0,99644400,0,0,865851800,0,0,0,0,0,0,0,0,0,0,0,0,0,0,0,2524677100,0,0,0,0,0,0,0,0,0,0,0,0,0,0,0,0,0,0,0,0,0,0,0,0,0,0,0,0,0,0,0,0,0,0,0,0,0,0,0,0,0,0,0,0,0,0,0,0,0,0,0,0,0,0,0,0,0,0,25608800,31302200,0,0,0,0,0,0,0,0,0,0,0,0,0,0,0,0,0,0,0,0,0,0,0,0,0,0,0,0,0,0,0,0,0,73943100,0,0,0,0,0,0,0,0,0,0,0,0,0,0,0,0
"Bangladesh",0,0,0,0,0,0,0,0,0,0,0,0,0,0,0,0,0,0,0,0,736666.666666667,0,0,0,0,1007100,0,0,0,0,0,0,0,0,0,0,0,0,375100,0,0,0,0,0,0,0,0,0,0,0,0,0,0,0,0,0,0,0,0,0,0,0,0,0,0,0,0,0,0,0,0,0,0,0,0,368333333.333333,0,0,0,0,0,0,0,0,0,2373333.33333333,0,0,0,0,0,0,0,0,0,0,0,0,0,0,0,0,0,8815233.33333333,0,0,0,0,0,0,0,0,0,0,0,71935733333.3333,0,0,0,0,0,0,0,0,0,0,0,0,0,0,0,0,0,0,0,0,0,0,0,0,0,0,0,0,0,0,0,145200,0,0,0,0,0,0,0,0,0,0,0,0,0,0,0,0,0,0,0,0,0,0,568700,0,0,0,0,0,417343733.333333,0,403466.666666667,0,0,0,0,0,0,0,0,0,0,0,0,0,0,0,0
"Bermuda",0,0,0,0,0,0,0,0,0,0,0,0,0,0,0,0,0,0,0,0,0,0,0,0,0,0,0,0,0,0,0,0,0,0,0,0,0,0,0,0,0,0,0,0,0,0,0,0,0,0,0,0,0,0,0,0,0,0,0,0,0,0,0,0,0,0,0,0,0,0,0,0,0,0,0,0,0,0,0,0,0,0,0,0,0,0,0,0,0,0,0,0,0,0,0,0,0,0,0,0,0,0,0,0,0,0,0,0,0,0,0,0,0,0,0,0,0,0,0,0,0,0,0,0,0,0,0,0,0,0,0,0,0,0,0,0,0,0,0,0,0,0,0,0,0,0,0,0,0,0,0,0,0,0,0,0,0,0,0,0,0,0,0,0,0,0,0,0,0,0,0,0,0,0,0,0,0,0,0,0,0,0,0,0,0,0,0,0,0,0,0,0,0,0,0
"Bhutan",0,0,0,0,0,0,0,0,0,0,0,0,0,0,0,0,0,0,0,0,0,0,0,0,0,0,0,0,0,0,0,0,0,0,0,0,0,0,0,0,0,0,0,0,0,0,0,0,0,0,0,0,0,0,0,0,0,0,0,0,0,0,0,0,0,0,0,0,0,0,0,0,0,0,0,0,0,0,0,0,0,0,0,0,0,0,0,0,0,0,0,8306666666.66667,0,0,0,0,0,0,0,0,0,0,0,0,0,0,0,0,0,0,0,0,0,0,0,0,0,0,0,0,0,0,0,0,0,0,0,0,0,0,0,0,0,0,0,0,0,0,0,0,0,0,0,0,0,0,0,0,0,0,0,0,0,35600,0,0,0,0,0,0,0,0,0,0,0,0,0,0,0,0,0,0,0,0,0,0,0,0,0,0,0,0,0,0,0,0,0,0,0,0,0,0,0,0,0
"Bolivia (Plurinational State of)",0,0,0,0,0,1845527733.33333,0,0,0,0,0,0,0,0,0,0,412046266.666667,0,23496000,0,0,0,0,0,0,0,0,0,0,0,21181074400,0,820307066.666667,0,0,0,0,0,0,0,0,0,0,0,0,1124188666.66667,0,0,0,0,0,0,0,0,0,0,0,0,0,0,0,0,0,0,0,0,42008000,0,0,0,23733.3333333333,0,0,0,0,0,0,0,0,0,0,0,0,0,0,0,0,0,261066.666666667,0,0,0,0,0,0,0,0,0,0,0,0,0,0,0,0,0,0,0,0,0,0,0,0,0,0,0,0,0,0,0,0,0,0,0,6965733.33333333,0,0,30153200,0,0,17100827866.6667,36541762400,0,0,0,0,0,0,0,0,0,0,0,0,0,0,0,0,0,0,0,0,0,0,0,23733.3333333333,18322133.3333333,0,0,0,0,0,0,0,0,0,0,0,0,0,0,0,0,0,0,0,0,0,83861733.3333333,0,0,0,642449466.666667,0,0,0,0,0,0,0,0,0,0,0,0
"Botswana",0,0,0,0,0,0,0,0,0,0,0,0,0,0,0,0,0,0,0,0,0,0,0,0,0,0,0,0,0,0,0,0,0,0,84401866.6666667,0,0,0,0,0,0,0,0,0,0,0,0,0,0,0,0,0,0,0,0,0,0,0,0,0,0,0,0,0,0,0,0,0,0,0,0,0,0,0,0,0,0,0,0,0,0,0,0,0,0,0,0,0,0,0,0,0,0,0,0,0,4984000,0,0,0,0,0,0,0,0,0,0,0,0,0,0,0,147146666.666667,0,2465588000,0,0,0,0,0,0,0,0,0,0,0,0,0,0,0,0,0,0,0,0,0,0,0,0,6016617666.66667,0,0,0,0,0,0,0,0,0,0,0,0,0,0,0,12438872666.6667,0,0,0,0,0,12100,0,0,0,0,0,0,0,0,0,0,0,0,0,0,11866.6666666667,0,0,0,0,0,0,0,0,0,2327827400,0,0,0,0,0,0,0,0
"Brazil",586023466.666667,2936503466.66667,0,2394420008666.67,33336800,9199619800,6410218600,11866.6666666667,5503300,820666.666666667,4523490300,2539696253566.67,0,0,3174493300,0,0,0,1086600,0,0,15833.3333333333,0,0,6152124233.33333,43190816700,622295166.666667,726000,0,0,2840973766.66667,111693296900,2195906210666.67,0,7048865433.33333,0,281022832200,415939814933.333,4703266.66666667,154266666.666667,425913333.333333,6303200,712415600,2841717629333.33,0,3498999000,11560670187733.3,309642872800,1927766.66666667,0,0,0,0,386197733.333333,0,0,0,0,182103333.333333,24217637866.6667,28900,568757466.666667,0,103021133.333333,0,60500000,491642109600,31460000,4086356700,1524553333.33333,955474333.333333,16880466.6666667,0,0,28480017700,18654894666.6667,601535359733.333,15421564167033.3,220941844666.667,1319242085666.67,945126723600,955784295200,0,0,24688146300,15076951878966.7,1005603180333.33,0,594223333.333333,605200,17206666666.6667,8486269744366.67,136556461733.333,1866.66666666667,0,327095292233.333,0,583156266.666667,399230533.333333,0,0,0,0,4060507227533.33,0,123413333.333333,5523633.33333333,180916666.666667,463091200,4223400661433.33,0,2927717525466.67,3641166.66666667,0,0,4748470400,1529818047466.67,0,0,0,0,1621400,290351582666.667,308533333.333333,461150533.333333,10261666.6666667,6707479066.66667,1398055233.33333,0,0,55534351700,116172378400,116210928033.333,59392666.6666667,2340376537966.67,151250000,0,0,13548901366.6667,0,0,0,0,0,588320879200,365466.666666667,0,1711004377600,87123933.3333333,0,333956666.666667,0,0,1206970166.66667,0,115049852666.667,9115301933766.67,3317000,0,0,37300,8903833.33333333,3034840666.66667,0,7642219424300,1.21e+08,17089333.3333333,244453333.333333,0,8209490400,123783892000,342400338933.333,838480748166.667,301271222233.333,59333.3333333333,0,302467139866.667,0,696151964733.333,0,11334545333.3333,0,588110541366.667,10288492165866.7,1115988800,616259733.333333,82972894533.3333,367866.666666667,34023603033.3333,13966.6666666667,0,12433.3333333333,32941866.6666667,0,0
"Aruba",0,0,0,0,0,0,0,0,0,0,0,0,0,0,0,0,0,0,0,0,0,0,0,0,0,0,0,0,0,0,0,0,0,0,0,0,0,0,0,0,0,0,0,0,0,0,0,0,0,0,0,0,0,0,0,0,0,0,0,0,0,0,0,0,0,0,0,0,0,0,0,0,0,0,0,0,0,0,0,0,0,0,0,0,0,0,0,0,0,0,0,0,0,0,0,0,0,0,0,0,0,0,0,0,0,0,0,0,0,0,0,0,0,0,0,0,0,0,0,0,0,0,0,0,0,0,0,0,0,0,0,0,0,0,0,0,0,0,0,0,0,0,0,0,0,0,0,0,0,0,0,0,0,0,0,0,0,0,0,0,0,0,0,0,0,0,0,0,0,0,0,0,0,0,0,0,0,0,0,0,0,0,0,0,0,0,0,0,0,0,0,0,0,0,0
"Belize",0,0,0,0,0,0,0,0,0,0,0,0,0,0,0,0,0,0,0,0,0,0,0,0,0,0,0,0,0,0,0,0,0,0,0,0,0,0,0,0,0,0,0,0,0,0,0,0,0,0,0,0,0,0,0,0,0,0,0,0,0,0,0,0,0,13180966.6666667,18122527100,0,119687200,0,0,0,0,0,0,0,0,0,0,0,0,0,0,0,19145482600,0,0,0,0,0,0,0,0,0,0,0,0,0,0,0,0,0,0,0,0,0,0,0,0,0,0,0,0,0,0,0,0,0,0,0,0,0,0,0,0,0,0,0,0,0,0,0,0,0,0,0,0,0,0,0,0,0,0,0,0,0,0,0,0,0,0,0,0,0,0,0,0,779011066.666667,0,0,0,0,0,0,0,0,0,0,0,7200148833.33333,0,0,0,0,0,0,0,0,0,0,0,0,0,0,0,0,0,0,0,0,0,0,0,0,0
"Solomon Islands",0,0,0,0,0,0,0,0,0,0,0,0,0,0,0,0,0,0,0,0,0,0,0,0,0,0,0,0,0,0,0,0,0,0,0,0,0,0,0,0,0,0,0,0,0,0,0,0,0,0,0,0,0,0,0,0,0,0,0,0,0,0,0,0,0,0,0,0,0,0,0,0,0,0,0,0,0,0,0,0,0,0,0,0,0,0,0,0,0,0,0,0,0,0,0,0,0,0,0,0,0,0,0,0,0,0,0,0,0,0,0,0,0,0,0,0,0,0,0,0,0,0,0,0,0,0,0,0,0,0,0,0,0,0,0,0,0,0,0,0,0,0,0,0,0,0,0,0,0,0,0,0,0,0,0,0,0,0,0,0,0,0,0,0,0,0,0,0,0,0,0,0,0,0,0,0,0,0,0,0,0,0,0,0,0,0,0,0,0,0,0,0,0,0,0
"Brunei Darussalam",0,0,0,0,0,0,0,0,0,0,0,0,0,0,0,0,0,0,0,0,0,0,0,0,0,0,0,0,0,0,0,0,0,0,0,0,0,0,0,0,0,0,0,0,0,0,0,0,0,0,0,0,0,0,0,0,0,0,0,0,0,0,0,0,0,0,0,0,0,0,0,0,0,0,0,0,0,0,0,0,0,0,0,0,0,0,0,0,0,0,0,0,0,0,0,0,0,0,0,0,0,0,0,837454400,0,0,0,0,0,0,0,0,0,0,0,0,0,0,0,0,0,0,0,0,0,0,0,0,0,0,0,0,0,0,0,0,0,0,0,0,0,0,0,0,0,0,0,0,0,0,0,0,0,0,0,0,0,0,0,0,0,0,0,0,0,0,0,0,0,0,0,0,0,0,0,0,0,0,0,0,0,0,0,0,0,0,0,0,0,0,0,0,0,0,0
"Bulgaria",9755733.33333333,0,51560666.6666667,12277846666.6667,0,0,0,481349733.333333,0,0,0,0,0,0,0,0,0,0,0,0,0,0,0,0,0,0,0,0,0,0,0,545026340533.333,0,0,0,0,0,0,209941994233.333,3287066.66666667,0,192857066.666667,0,0,0,0,94592807466.6667,0,0,0,0,0,0,298555829800,0,0,7009300,0,0,99597066.6666667,531107200,0,0,1722645416100,0,0,0,0,0,0,0,0,2145752933.33333,694462400,0,0,0,426595167866.667,4.628e+10,163082292133.333,79232546666.6667,300371102000,0,2432666.66666667,0,0,2372372133.33333,0,0,0,0,516995778666.667,0,0,0,213822025333.333,0,0,127915736533.333,0,0,0,0,0,0,0,11205100000,0,0,0,0,12890309066.6667,0,0,0,0,398066038133.333,0,0,3910575900,0,0,0,0,0,0,0,0,33665733.3333333,0,0,0,0,288195733.333333,223596040933.333,0,0,0,28480000,0,1392276227900,0,0,0,0,0,0,363000,0,0,0,0,8757600,0,0,1151066.66666667,821569440433.333,0,0,0,29814666.6666667,0,31789613333.3333,0,0,3823012800,0,0,0,0,0,0,419846930700,485263600,0,0,165537137066.667,0,665500,0,0,0,0,0,0,0,0,0,82142392533.3333,789600,1720126100,0,0,0,0
"Myanmar",0,0,0,0,0,0,0,0,0,0,0,0,0,0,0,0,0,0,0,0,0,0,0,0,0,0,0,0,0,0,0,0,0,0,0,0,0,0,0,0,0,0,0,0,0,0,0,0,0,0,0,0,0,0,0,0,0,0,0,0,0,0,0,0,0,0,0,0,0,0,0,0,0,0,0,0,0,0,0,0,0,0,0,0,0,0,0,0,0,0,0,0,0,0,0,0,0,0,0,0,0,0,0,0,0,0,0,0,0,0,0,0,0,0,0,0,0,0,0,0,0,0,0,0,0,0,0,0,0,0,0,0,0,0,0,0,0,0,0,0,0,0,0,0,0,0,0,0,0,0,0,0,0,0,0,0,0,0,0,0,0,0,0,0,0,0,0,0,0,0,0,0,0,0,0,0,0,0,0,0,0,0,0,0,0,0,0,0,0,0,0,0,0,0,0
"Burundi",0,0,0,0,0,0,0,0,0,0,0,0,0,0,0,0,0,0,0,0,0,0,0,0,0,2323200,0,0,0,0,0,0,0,0,0,0,0,0,0,0,0,0,0,0,0,0,0,0,0,0,0,0,0,0,0,0,0,0,0,0,0,0,0,0,0,0,0,0,0,0,0,0,0,0,0,0,0,0,0,0,0,0,0,0,0,0,0,0,0,0,0,0,0,0,0,0,0,0,0,0,0,0,0,0,0,0,0,0,0,0,0,0,0,0,0,0,0,0,0,0,0,0,0,0,0,0,0,0,0,0,0,0,0,0,0,0,0,0,0,0,0,121000,0,0,0,0,0,0,0,0,0,0,0,0,0,0,0,0,0,0,0,0,0,0,0,0,0,0,0,0,0,0,0,726000,0,0,0,0,12039500,0,0,0,0,0,0,0,688975600,0,6400900,0,0,0,0,0,0
"Cameroon",0,0,0,0,0,0,0,0,0,0,0,0,0,0,0,0,0,0,0,0,0,0,0,0,0,10142333.3333333,0,8187676766.66667,0,0,0,0,0,0,74157133.3333333,0,0,0,0,0,0,0,0,0,0,0,0,0,0,0,0,0,16800,563733.333333333,0,0,0,0,0,0,0,0,0,0,0,0,0,0,0,0,0,0,0,0,0,0,0,0,0,0,0,0,0,0,0,0,0,0,0,0,0,0,1127333.33333333,0,0,0,0,0,0,0,0,0,0,0,0,0,0,0,0,0,0,0,0,0,0,0,617066.666666667,0,0,0,0,0,0,0,0,0,0,0,0,0,0,0,0,0,0,0,0,0,0,0,0,0,0,0,0,0,0,0,0,0,0,0,0,0,0,0,0,0,0,0,0,72133.3333333333,0,0,0,0,0,0,0,0,0,0,0,427200,0,0,0,0,0,0,0,0,0,0,0,0,0,0,22045266.6666667,0,0,0,0,0,0
"Canada",0,0,0,0,94316266.6666667,0,103305366.666667,0,0,0,5280666.66666667,0,0,0,0,0,0,0,0,0,0,0,0,0,0,0,0,0,0,0,2635697333.33333,346347366.666667,0,0,0,0,0,61692666.6666667,0,0,0,0,704083666.666667,243816633.333333,0,0,0,108900,0,0,0,0,0,839793133.333333,0,0,0,0,0,2541000,0,0,0,0,0,924691000,0,0,0,5626500,0,532531100,0,0,0,0,0,0,0,1651682137733.33,60116533.3333333,0,0,0,3460600,90788155133.3333,0,0,485714533.333333,0,0,0,0,0,0,0,0,0,0,0,0,0,0,208402400,0,0,0,0,0,506679333.333333,0,0,0,0,0,0,161894346400,0,0,0,0,0,0,0,63759600,0,0,0,0,0,0,0,0,0,154218488000,0,0,0,7783266.66666667,0,0,0,0,7998100,131803066.666667,134149733.333333,0,0,0,0,0,0,0,0,0,0,935088112000,0,0,0,0,147333.333333333,0,0,0,0,0,0,0,10555900,0,0,0,22036400,0,0,804568140633.333,128848266.666667,1474406436366.67,0,0,0,0,0,0,0,0,0,1883904533.33333,0,0,0,0,0,0
"Cape Verde",0,0,0,0,0,0,0,0,0,0,0,0,0,0,0,0,0,0,0,0,0,0,0,0,0,0,0,0,0,0,0,0,0,0,0,0,0,0,0,0,0,0,0,0,0,0,0,0,0,0,0,0,0,0,0,0,0,0,0,0,0,0,0,0,0,0,0,0,0,0,0,0,0,0,0,0,0,0,0,0,0,0,0,0,0,0,0,0,0,0,0,0,0,0,0,0,0,0,0,0,0,0,0,0,0,0,0,0,0,0,0,0,0,0,0,0,0,0,0,0,0,0,0,0,0,0,0,0,0,0,0,0,0,0,0,0,0,0,0,0,0,0,0,0,0,0,0,0,0,0,0,0,0,0,0,0,0,0,0,0,0,0,0,0,0,0,0,0,0,0,0,0,0,0,0,0,0,0,19360000,0,0,0,0,0,0,0,0,0,0,0,0,0,0,0,0
"Central African Republic",0,0,0,0,0,0,0,0,0,0,0,0,0,0,0,0,0,0,0,0,0,0,0,0,0,0,0,0,0,0,0,0,0,0,0,0,0,0,0,0,0,0,0,0,0,0,0,0,0,0,0,0,0,0,0,0,0,0,0,0,0,0,0,0,0,0,0,0,0,0,0,0,0,0,0,0,0,0,0,0,0,0,0,0,0,0,0,0,0,0,0,0,0,0,0,0,0,0,0,0,0,0,0,0,0,0,0,0,0,0,0,0,0,0,0,0,0,0,0,0,0,0,0,0,0,0,0,0,0,0,0,0,0,0,0,0,0,0,0,0,0,0,0,0,0,0,0,0,0,0,0,0,0,0,0,0,0,0,0,0,0,0,0,0,0,0,0,0,0,0,0,0,0,0,0,0,0,0,0,0,0,0,0,0,0,0,0,0,0,0,0,0,0,0,0
"Sri Lanka",0,0,0,0,0,0,12155366.6666667,0,0,0,0,0,0,0,0,0,0,0,0,2226400,0,0,0,0,0,0,0,0,0,0,0,0,0,0,0,0,0,0,0,0,0,0,0,0,0,0,0,0,0,0,0,0,0,59333.3333333333,0,0,0,0,0,12100,0,0,0,0,0,0,0,0,0,121000,0,0,0,0,0,36300,0,0,0,0,0,0,0,0,0,38364933.3333333,0,0,0,0,0,0,0,0,0,0,0,0,0,0,0,0,0,123760000,23276100,0,0,0,0,0,0,0,0,0,0,0,196837333.333333,0,0,0,0,0,0,0,0,0,0,0,0,0,0,0,0,0,0,0,0,0,36358166.6666667,0,0,0,0,0,0,0,0,0,0,217800,0,0,0,0,0,0,0,0,0,0,0,0,0,0,0,0,1186666.66666667,0,0,0,0,0,0,156833.333333333,0,0,0,0,290400,0,0,0,0,0,0,0,0,24200,0,0,0,0,0,0,0
"Chad",0,0,0,0,0,0,0,0,0,0,0,0,0,0,0,0,0,0,0,0,0,0,0,0,0,0,0,0,0,0,0,0,0,0,0,0,0,0,0,0,0,0,0,0,0,0,0,0,0,0,0,0,0,0,0,0,0,0,0,0,0,0,0,0,0,0,0,0,0,0,0,0,0,0,0,0,0,0,0,0,0,0,0,0,0,0,0,0,0,0,0,0,0,0,0,0,0,0,0,0,0,0,0,0,0,0,0,0,0,0,0,0,0,0,0,0,0,0,0,0,0,0,0,0,0,0,0,0,0,0,0,0,0,0,0,0,0,0,0,0,0,0,0,0,0,0,0,0,0,0,0,0,0,0,0,0,0,0,0,0,0,0,0,0,0,0,0,0,0,0,0,0,0,0,0,0,0,0,0,0,0,0,0,0,0,0,0,0,0,0,0,0,0,0,0
"Chile",0,0,0,32787600,0,3069277733.33333,39041333.3333333,1685565066.66667,0,0,0,0,0,0,569920400,0,15023200,0,0,0,0,0,0,0,0,54623200,0,0,0,0,0,6894533.33333333,0,0,0,0,0,2159733.33333333,0,0,0,0,0,0,0,0,0,0,0,0,0,0,0,19432153200,0,0,23733.3333333333,0,0,3511714533.33333,0,0,0,0,0,0,907500,0,0,0,0,0,466063333.333333,1127333.33333333,0,0,0,0,0,0,0,3933669466.66667,0,0,0,830820933.333333,0,0,71200,0,0,1720666.66666667,0,0,0,0,0,0,0,0,0,0,0,0,0,0,0,0,0,4896839333.33333,0,0,0,0,0,0,1655732266.66667,0,0,0,0,40322933.3333333,0,0,0,0,261066.666666667,0,688266.666666667,193782666.666667,208556666.666667,32013733.3333333,0,0,0,0,0,0,0,0,1530004933.33333,0,4034666.66666667,0,0,0,0,0,0,0,0,0,130533.333333333,0,0,4740211200,2114782400,0,0,0,0,1780000,0,0,7214933.33333333,0,0,0,0,0,0,0,3405733.33333333,0,0,0,0,7618400,51040918766.6667,0,688266.666666667,0,484000,0,0,0,0,0,0,0,0,0,0,0,0
"China (mainland)",0,0,0,0,0,0,173986200,0,237333.333333333,0,0,213354800,0,0,0,0,11866.6666666667,0,0,0,0,0,290411866.666667,0,0,1458396900,0,0,0,0,11866.6666666667,0,0,0,0,0,0,0,0,0,0,0,0,0,0,0,0,0,0,0,0,0,0,0,0,0,0,0,0,0,0,0,0,0,0,0,0,49887066.6666667,0,0,0,36571328566.6667,0,0,0,0,423054666.666667,83066.6666666667,0,0,0,23733.3333333333,0,154266.666666667,0,861186333.333333,0,20173333.3333333,23733.3333333333,145200000,28703713466.6667,1783251433.33333,0,0,2564268000,0,0,0,0,0,1584866433.33333,0,0,7973238000,0,0,0,0,0,11866.6666666667,0,0,0,0,0,71200,61033.3333333333,0,0,0,0,13963400,0,0,237333.333333333,0,29678533.3333333,0,0,0,0,0,6543191200,0,0,0,0,0,0,83066.6666666667,0,0,1667290400,0,0,0,0,0,0,0,7262400,0,0,11077987533.3333,0,0,0,0,205590000,0,0,0,0,0,75946666.6666667,0,231625233.333333,3132800,47466.6666666667,0,0,0,0,3010845066.66667,142400,0,0,0,190170233.333333,0,0,5767200,0,2292604400,0,0,0,3677480000,0,0,0,0,0,0,0
"Colombia",0,0,0,581878266.666667,0,8366387700,113418700,0,0,0,0,0,0,0,18295200,0,34315600,0,0,0,0,0,0,0,0,265016833.333333,0,0,0,0,36123240100,0,0,0,0,0,8884858300,0,0,0,0,0,0,455923200,0,40884341166.6667,0,0,0,0,0,0,0,0,0,0,0,0,0,4837666.66666667,0,0,0,0,0,0,1850600,0,0,0,106800,0,0,0,0,484000,58933.3333333333,0,0,0,0,0,0,0,0,0,0,0,0,0,0,0,0,0,0,0,0,0,0,0,0,0,0,0,0,0,0,0,0,147333.333333333,0,584235600,0,0,0,0,0,0,0,0,0,130533.333333333,0,0,0,0,0,7693398400,0,0,0,39764360700,0,0,0,0,0,0,0,0,0,0,0,0,0,0,0,0,0,0,0,0,0,0,0,0,2517848700,0,0,0,0,4914533.33333333,0,0,0,0,0,0,0,1607872200,0,0,0,2329487333.33333,0,0,26669166.6666667,0,6604412833.33333,0,53167400,0,2946988466.66667,0,0,0,0,0,0,0,0,0,0,0,0
"Comoros",0,0,0,0,0,0,0,0,0,0,0,0,0,0,0,0,0,0,0,0,0,0,0,0,0,0,0,0,0,0,0,0,0,0,0,0,0,0,0,0,0,0,0,0,0,0,0,0,0,0,0,0,0,0,0,0,0,0,0,0,0,0,0,0,0,0,0,0,0,0,0,0,0,0,0,0,0,0,0,0,0,0,0,0,0,0,0,0,0,0,0,0,0,0,0,0,0,0,0,0,0,0,0,0,0,0,0,0,0,0,0,0,0,0,0,0,0,0,0,0,0,0,0,0,0,0,0,0,0,0,0,0,0,0,0,0,0,0,0,0,0,0,0,0,0,0,0,0,0,0,0,0,0,0,0,0,0,0,0,0,0,0,0,0,0,0,0,0,0,0,0,0,0,0,0,0,0,0,0,0,0,0,0,0,0,0,0,0,0,0,0,0,0,0,0
"Congo",0,0,0,0,0,0,0,0,0,0,0,0,0,0,0,0,0,0,0,0,0,0,0,0,0,0,0,0,0,0,0,0,0,0,0,0,0,0,0,0,0,0,0,0,0,0,0,0,0,0,0,0,0,0,0,0,0,0,0,0,0,0,0,0,0,0,0,0,0,0,0,0,0,0,0,0,0,0,0,0,0,0,0,0,0,0,0,0,0,0,0,0,0,0,0,0,0,0,0,0,0,0,0,0,0,0,0,0,0,0,0,0,0,0,0,0,0,0,0,0,0,0,0,0,0,0,0,0,0,0,0,0,0,0,0,0,0,0,0,0,0,0,0,0,0,0,0,0,0,0,0,0,0,0,0,0,0,0,0,0,0,0,0,0,0,0,0,0,0,0,0,0,0,0,0,0,0,0,0,0,0,0,0,0,0,0,0,0,0,0,0,0,0,0,0
"Cook Islands",0,0,0,0,0,0,0,0,0,0,0,0,0,0,0,0,0,0,0,0,0,0,0,0,0,0,0,0,0,0,0,0,0,0,0,0,0,0,0,0,0,0,0,0,0,0,0,0,0,0,0,0,0,35600,0,0,0,0,0,0,0,0,0,0,0,0,0,0,0,0,0,0,0,0,0,0,0,0,0,0,0,0,0,0,0,0,0,0,0,0,0,0,0,0,0,0,0,0,0,0,0,0,0,0,0,0,0,0,0,0,0,0,0,0,0,0,0,0,0,0,0,0,0,0,0,0,0,0,0,0,0,0,0,0,0,0,0,0,0,0,0,0,0,0,0,0,0,0,0,0,0,0,0,0,0,0,0,0,0,0,0,0,0,0,0,0,0,0,0,0,0,0,0,0,0,0,0,0,0,0,0,0,0,0,0,0,0,0,0,0,0,0,0,0,0
"Costa Rica",0,0,0,0,0,6400900,0,0,0,0,0,0,0,0,0,0,0,0,0,0,0,0,0,0,0,0,0,0,0,0,640102100,0,0,0,0,0,0,0,0,0,0,0,0,0,0,144316700,0,306972866.666667,0,0,0,0,0,0,0,0,0,0,0,0,0,0,0,0,0,0,4397657500,0,0,0,4830296900,0,0,0,0,0,0,0,0,0,0,0,0,0,0,0,0,0,0,0,0,0,0,0,0,0,0,0,0,0,0,0,0,0,0,0,0,0,0,0,0,0,0,0,0,0,24200,0,0,0,0,0,5870863733.33333,0,0,0,0,11451575666.6667,0,0,0,822316000,0,0,0,0,0,0,0,0,0,0,0,0,0,0,0,0,0,0,0,0,0,0,0,0,0,0,0,0,0,0,0,0,0,0,0,0,0,0,0,0,0,0,0,0,0,0,235166.666666667,0,0,0,0,0,0,0,0,0,0,0,0,0,0,0,0
"Cuba",0,0,0,0,0,0,0,0,762300,0,0,0,0,0,0,0,0,0,0,0,0,0,0,0,0,0,0,0,0,0,0,0,0,0,0,0,0,0,0,0,0,0,0,0,0,0,0,0,0,0,0,0,0,0,0,0,0,0,0,0,0,0,0,0,0,0,0,0,0,0,0,0,0,0,0,0,0,0,0,0,0,0,0,0,0,0,0,0,0,0,0,0,0,0,0,0,0,0,0,0,0,0,0,0,0,0,0,0,0,0,0,0,0,0,0,0,0,0,0,0,0,0,0,0,0,0,0,0,0,0,0,0,0,0,0,0,0,0,0,0,0,0,0,0,0,0,0,0,0,0,0,0,0,0,0,0,0,0,0,0,0,0,0,0,0,0,0,0,0,0,0,0,0,0,0,0,0,0,0,0,0,0,0,0,0,0,0,0,0,0,0,0,0,0,0
"Cyprus",337010266.666667,0,0,0,0,30853333.3333333,0,0,0,0,0,4891466.66666667,0,0,0,0,0,0,0,0,0,0,0,0,0,0,0,0,0,0,0,0,0,0,0,0,0,0,0,0,0,0,0,0,0,0,0,0,0,0,0,0,0,0,0,0,260514800,0,0,0,0,0,0,0,0,0,0,0,0,0,0,0,0,0,0,0,0,0,0,0,0,0,0,0,0,0,0,0,0,0,0,0,0,0,0,0,0,0,0,0,0,0,0,0,0,0,0,0,0,0,0,0,0,0,0,0,0,0,0,0,0,0,0,0,0,0,0,0,0,0,0,0,0,0,0,0,0,0,0,0,3029405733.33333,0,0,0,0,0,0,0,0,0,0,0,0,0,0,0,0,0,0,0,0,0,0,0,0,0,0,0,0,0,0,0,0,0,0,0,12100,0,350900,0,0,0,0,0,0,0,0,0,0,0,0,0,0,0,0
"Azerbaijan",0,0,0,0,0,0,0,0,0,0,0,0,0,0,0,0,0,0,0,0,0,0,0,0,0,2416266.66666667,0,0,0,0,0,0,0,0,0,0,0,0,0,0,0,0,0,0,8427466.66666667,0,0,0,0,0,0,0,0,0,0,0,5712827733.33333,0,0,0,0,0,0,0,0,0,0,0,0,0,0,0,0,0,0,0,0,5111804000,7946876933.33333,0,0,0,0,68970933.3333333,0,0,0,49857600,0,0,0,0,0,0,0,0,0,0,0,0,0,0,0,0,0,0,0,0,0,0,0,0,0,0,0,0,0,0,0,0,0,0,0,0,0,0,0,0,0,0,0,0,0,0,0,0,0,0,0,0,0,0,0,0,0,0,0,0,0,0,0,0,0,0,0,0,0,0,1620666.66666667,0,0,0,0,14202933.3333333,0,0,0,0,0,0,0,0,866136133.333333,0,0,0,0,0,0,0,0,0,0,0,0,0,0,0,0,0,0,0,0,0,0
"Benin",0,0,0,0,0,0,0,0,0,0,0,0,0,0,0,0,0,0,0,0,0,0,0,0,0,18609333.3333333,0,0,0,0,0,0,0,0,27273400,0,0,0,0,0,0,0,0,0,0,0,0,0,0,0,0,0,0,3214100,0,0,0,1981733.33333333,0,568700,0,0,0,0,0,0,0,0,0,0,0,0,0,0,0,0,0,0,0,0,0,0,0,0,0,0,0,0,0,0,0,0,0,0,0,0,0,0,0,0,0,0,0,0,0,3025000,0,0,0,0,0,0,0,0,0,0,0,0,0,0,0,0,0,533667733.333333,0,0,0,0,0,0,0,0,0,0,0,0,0,0,0,0,0,0,0,0,0,0,0,0,0,0,0,0,0,0,0,0,0,0,0,0,0,0,0,0,0,0,0,116261333.333333,0,0,0,0,0,444620266.666667,0,0,23733.3333333333,0,0,40680200,0,0,0,0,0,0,0,0,0,0,0,0,0,0,0
"Denmark",0,0,0,0,0,0,0,130533.333333333,0,0,0,0,0,0,0,0,0,0,0,0,0,806933.333333333,0,0,0,0,0,0,0,0,0,0,0,0,0,0,0,0,593333.333333333,0,0,0,0,0,0,0,0,0,0,333500,191317400,0,256545466.666667,1716266.66666667,0,0,0,0,0,188230006200,0,0,0,1329066.66666667,0,0,0,0,0,0,0,0,1768133.33333333,2397066.66666667,101182000,0,0,0,0,8472800,0,29923866.6666667,0,0,0,0,0,0,0,0,0,29466.6666666667,0,12687566.6666667,0,0,0,0,0,34123200,0,0,0,0,0,0,308533.333333333,0,0,0,0,0,0,0,0,0,191884000,0,0,0,0,0,0,0,0,620030666.666667,0,0,1923366.66666667,0,0,0,0,182981600,4011933.33333333,0,0,0,0,0,3301966.66666667,0,0,0,0,0,0,0,0,0,0,106800,6336800,534000,0,0,2705600,0,0,0,16974468066.6667,456300,0,0,29466.6666666667,0,0,0,0,0,0,0,3859900,0,0,0,1625733.33333333,145200,35600,0,0,0,0,0,0,0,0,0,2658133.33333333,272933.333333333,23733.3333333333,0,0,0,0
"Dominica",0,0,0,0,0,0,0,0,519235200,0,0,0,0,0,0,0,0,0,0,0,0,0,0,0,0,0,0,0,0,0,0,0,0,0,0,0,0,0,0,0,0,0,0,0,0,0,0,0,0,0,0,0,0,24200,0,0,0,0,0,0,0,0,0,0,0,0,193636300,0,0,0,0,0,0,0,0,0,0,0,0,0,0,0,0,0,0,0,0,0,0,0,0,0,0,0,0,0,0,0,0,0,0,0,0,0,0,0,0,0,0,0,0,0,0,0,0,0,0,0,0,0,0,0,0,0,0,0,0,0,0,0,0,0,0,0,0,0,0,0,0,0,0,0,0,0,88400,0,0,0,0,0,0,0,0,0,0,0,0,0,0,0,0,0,0,0,0,0,0,0,0,0,0,0,0,0,0,0,0,0,0,0,0,0,0,0,0,0,0,0,0,0,0,0,0,0,0
"Dominican Republic",0,0,0,0,0,0,0,0,0,0,0,0,0,0,0,0,0,0,0,0,0,0,0,0,0,0,0,0,0,0,0,0,0,0,0,0,0,0,0,0,0,0,0,0,0,0,0,0,0,0,0,0,0,0,0,0,0,0,0,0,0,0,0,0,0,0,0,0,0,0,0,0,0,0,0,0,0,0,0,0,0,0,0,0,0,0,0,0,0,0,0,0,0,0,0,0,0,0,0,0,0,0,0,0,0,0,0,0,0,0,0,0,0,0,0,0,0,0,0,0,0,0,0,0,0,0,0,0,0,0,0,0,0,0,0,0,0,0,0,0,0,0,0,0,0,0,0,0,0,0,0,0,0,0,0,0,0,0,0,0,0,0,0,0,0,0,0,0,0,0,0,0,0,0,0,0,0,0,0,0,0,0,0,0,0,0,0,0,0,0,0,0,0,0,0
"Belarus",0,0,0,0,0,0,0,0,0,0,0,0,0,0,0,0,0,0,0,0,0,0,0,0,0,0,0,0,0,0,0,0,0,0,0,0,0,0,0,0,0,10066220400,0,0,0,0,0,0,0,1657951333.33333,0,0,0,3346400,0,0,0,0,0,0,0,0,0,0,0,0,0,0,0,0,0,0,0,0,0,0,0,0,0,0,0,0,0,0,0,0,0,0,0,0,0,0,0,20146823200,0,0,0,0,0,48524936000,0,0,0,0,0,76155800,0,0,0,0,0,0,0,1424000,0,0,0,0,0,0,0,0,0,0,0,20382625733.3333,0,0,0,0,0,0,0,0,0,0,0,0,0,0,0,0,1046159100,0,0,0,0,0,0,0,0,0,0,0,0,0,0,0,0,0,0,0,0,0,0,0,0,0,0,0,0,0,0,0,0,0,0,1789137333.33333,0,0,0,0,0,0,0,0,1044266.66666667,0,0,0,0,0,0,0,0
"Ecuador",0,0,0,0,0,0,0,0,0,0,0,0,0,0,0,0,0,0,0,0,0,0,0,0,0,0,0,0,0,0,48166.6666666667,0,11776316333.3333,0,0,0,0,0,0,0,0,0,0,0,0,0,0,0,0,0,0,0,0,0,0,0,0,0,0,0,0,0,0,0,0,0,0,0,0,0,0,0,0,0,0,0,0,0,0,0,0,14240000,0,0,0,0,0,0,0,0,0,0,0,0,0,0,0,0,0,0,0,0,0,0,0,0,0,0,0,0,0,0,0,0,0,0,47466.6666666667,0,0,0,0,0,0,0,0,0,0,690366.666666667,121000,0,0,0,0,0,0,0,0,0,0,0,0,0,0,0,0,0,0,0,0,0,0,0,0,11866.6666666667,0,0,0,0,0,0,0,344833.333333333,0,0,0,0,0,0,0,0,0,0,0,0,0,0,71200,0,152801033.333333,0,0,0,0,0,0,0,0,0,0,0,0,0,0,0,0
"Egypt",0,0,485560266.666667,3323283733.33333,0,0,0,1040600,0,1193027200,0,0,0,0,0,0,0,0,0,0,0,0,0,0,0,0,0,0,0,91994666.6666667,4877200,0,0,0,0,0,0,0,0,0,0,0,0,0,0,0,0,0,0,0,0,0,0,52557600,0,201257333.333333,0,0,42589466.6666667,47570133.3333333,0,0,0,7369200,0,0,0,0,0,0,0,0,2693733.33333333,0,0,0,11866.6666666667,0,36952800,0,3360290966.66667,11641200,0,0,0,0,36552598600,0,9093836400,0,0,0,756863333.333333,0,0,201997733.333333,0,72805700,30535409666.6667,0,0,1158381400,0,0,3666800,87421300,0,89771333.3333333,157941333.333333,0,0,0,0,0,0,0,41106133.3333333,0,0,0,0,0,0,0,0,0,0,0,0,0,0,0,0,0,0,0,0,0,0,0,0,925506733.333333,0,0,0,0,0,9329630733.33333,0,5494266.66666667,0,50623733.3333333,0,0,53887400,152504500,0,0,0,0,323820933.333333,206266.666666667,6584591866.66667,0,0,77655466.6666667,0,25169200,0,0,9611057200,3668208700,492300533.333333,2351800733.33333,221124400,0,41580800,0,100217733.333333,0,0,0,0,0,0,7214126233.33333,17193166.6666667,949333.333333333,0,0,0,0,2295315733.33333,0,8112193500
"El Salvador",0,0,0,0,0,0,0,0,0,0,0,0,0,0,0,0,0,0,0,0,0,0,0,0,0,12850200,0,0,0,0,0,0,121000,0,0,0,17738124500,0,0,0,0,0,0,0,0,0,0,0,0,0,0,0,0,0,0,0,0,0,0,0,0,0,0,0,0,0,73199640500,0,0,0,143857149833.333,0,0,0,0,0,0,0,0,0,0,0,0,0,0,0,0,0,0,0,0,0,0,0,0,0,0,0,0,0,0,0,0,0,0,0,0,0,0,0,0,0,0,0,0,0,0,0,0,0,0,0,35168740866.6667,0,0,0,0,33725066.6666667,0,0,0,0,0,0,0,0,0,0,0,0,0,0,0,0,0,0,0,0,0,0,0,0,0,0,0,0,17254600,0,0,0,0,0,0,0,0,0,0,0,0,0,0,0,0,0,0,0,0,0,194070733.333333,0,0,0,0,0,0,0,0,0,0,0,0,0,0,0,0
"Equatorial Guinea",0,0,0,0,0,0,0,0,0,0,0,0,0,0,0,0,0,0,0,0,0,0,0,0,0,0,0,0,0,0,0,0,0,0,0,0,0,0,0,0,0,0,0,0,0,0,0,0,0,0,0,0,0,0,0,0,0,0,0,0,0,0,0,0,0,0,0,0,0,0,0,0,0,0,0,0,0,0,0,0,0,0,0,0,0,0,0,0,0,0,0,0,0,0,0,0,0,0,0,0,0,0,0,0,0,0,0,0,0,0,0,0,0,0,0,0,0,0,0,0,0,0,0,0,0,0,0,0,0,0,0,0,0,0,0,0,0,0,0,0,0,0,0,0,0,0,0,0,0,0,0,0,0,0,0,0,0,0,0,0,0,0,0,0,0,0,0,0,0,0,0,0,0,0,0,0,0,0,0,0,0,0,0,0,0,0,0,0,0,0,0,0,0,0,0
"Estonia",0,0,0,0,0,0,0,0,0,0,0,0,0,0,0,0,0,0,0,0,0,0,0,0,0,0,0,0,0,0,0,4817866.66666667,0,0,0,0,0,0,0,0,0,12376933.3333333,0,0,0,0,0,0,0,0,0,0,185575966.666667,0,0,0,0,0,0,0,0,0,0,0,0,0,0,0,0,0,0,0,0,0,0,0,0,0,0,0,0,0,0,0,0,0,0,0,0,0,0,0,1234133.33333333,169952033.333333,0,0,0,0,0,2634933.33333333,0,0,0,0,0,0,0,0,0,0,0,0,0,0,0,0,0,0,0,0,0,0,0,0,0,75871400,0,0,0,0,0,0,0,0,0,0,0,0,0,0,0,0,287133.333333333,0,0,0,0,0,0,0,0,0,0,0,0,0,0,0,0,0,511200,0,0,0,0,0,0,0,0,0,0,0,0,0,0,0,0,0,0,0,0,0,0,0,0,0,0,0,0,0,0,0,0,0,0
"Faroe Islands",0,0,0,0,0,0,0,0,0,0,0,0,0,0,0,0,0,0,0,0,0,0,0,0,0,0,0,0,0,0,0,0,0,0,0,0,0,0,0,0,0,0,0,0,0,0,0,0,0,0,0,0,0,0,0,0,0,0,0,0,0,0,0,0,0,0,0,0,0,0,0,0,0,0,0,0,0,0,0,0,0,0,0,0,0,0,0,0,0,0,0,0,0,0,0,0,0,0,0,0,0,0,0,0,0,0,0,0,0,0,0,0,0,0,0,0,0,0,0,0,0,0,0,0,0,0,0,0,0,0,0,0,0,0,0,0,0,0,0,0,0,0,0,0,0,0,0,0,0,0,0,0,0,0,0,0,0,0,0,0,0,0,0,0,0,0,0,0,0,0,0,0,0,0,0,0,0,0,0,0,0,0,0,0,0,0,0,0,0,0,0,0,0,0,0
"Fiji",0,0,0,0,0,0,145200,0,0,0,0,0,0,0,0,0,0,0,0,0,0,0,0,0,0,24200,0,0,0,0,0,0,0,0,0,277600,0,0,0,0,0,0,0,0,0,0,0,0,0,0,0,0,0,0,0,0,0,0,0,0,0,0,19993033.3333333,0,0,0,0,0,0,0,0,0,0,0,0,0,0,0,0,0,0,0,0,0,0,0,0,0,0,0,0,0,0,0,0,0,0,0,0,0,0,0,0,118666.666666667,0,0,0,0,0,0,0,0,0,0,0,0,0,0,569600,0,13128666.6666667,3375900,0,0,0,0,0,0,0,0,0,0,0,0,0,0,0,0,0,0,0,0,0,0,0,0,0,0,0,0,0,0,0,0,0,0,0,0,0,0,0,0,0,0,0,0,0,0,564733.333333333,0,0,0,0,0,0,1367300,0,0,11866.6666666667,0,0,0,0,0,0,0,0,0,0,0,0,0,0,0,0
"Finland",0,0,0,0,0,0,48400,0,0,0,0,0,0,0,0,0,0,0,0,0,0,0,0,0,0,36300,0,0,0,0,0,0,0,0,0,0,0,0,0,0,0,0,0,0,0,0,0,0,0,11134166.6666667,0,0,0,0,0,0,0,0,0,380800,0,0,0,0,0,0,0,0,0,0,0,15600,0,0,56000,0,0,0,0,0,0,0,0,0,0,12100,0,0,0,0,0,0,0,0,0,0,0,0,0,0,0,0,0,0,0,0,0,0,0,0,0,0,0,0,0,0,2954933.33333333,0,0,0,0,0,0,0,0,116133.333333333,0,0,0,0,0,0,0,0,0,0,0,0,0,0,0,0,517833.333333333,0,0,0,0,0,0,0,0,0,0,89966.6666666667,0,0,237066.666666667,0,0,0,2636233.33333333,52133.3333333333,0,0,0,0,0,0,0,0,0,0,0,0,0,0,72600,0,447700,0,0,0,0,0,0,0,0,0,0,0,0,0,0,0,0
"France",139148666.666667,0,676613600,20298103066.6667,0,2052933.33333333,6835800,34646575000,0,0,0,0,0,0,0,0,40508666.6666667,0,0,0,0,9394670100,0,0,13951412933.3333,356358433.333333,0,133100,0,0,951882533.333333,535545566.666667,6961200,0,30083181233.3333,0,0,568700,554799066.666667,2243766.66666667,1208133.33333333,34081261633.3333,0,291366.666666667,2365358933.33333,2081200,469645966.666667,0,0,930076400,0,0,239787000,0,35117066.6666667,117866.666666667,138708966.666667,1798999433.33333,130533.333333333,1594282498066.67,29773466.6666667,59392666.6666667,0,35167771866.6667,0,0,35600,878496300,1.424e+09,13868700,0,2332733.33333333,38247003200,3648522800,24200,156352000,9036837333.33333,172624400,486533.333333333,592511671300,11996049933.3333,673828470600,3074638133.33333,246779200,0,2746281866.66667,601913200,60140266.6666667,51425000,0,0,8832151933.33333,4377168000,818268933.333333,36300,1572631633.33333,0,319440000,0,2151637400,0,272761833.333333,0,3633861533.33333,1706100,8933866.66666667,477415533.333333,4331393133.33333,148239000,64153800,0,24884430600,94933.3333333333,1642548400,0,0,3280931417900,0,97096766.6666667,71722133.3333333,605000,696276666.666667,0,275240466.666667,266404300,6243245633.33333,242554666.666667,0,13772760733.3333,0,0,3629300,7518939833.33333,76494330200,101475900366.667,0,0,0,64593333.3333333,0,43339659866.6667,0,22494733466.6667,0,0,0,0,20932466.6666667,5942819600,0,0,2307374766.66667,5249605700,6336966.66666667,0,3530931900,4566632459500,830666666.666667,142400,0,9547223100,298723589066.667,0,427200,13333933800,0,10442722633.3333,10096800,0,830666666.666667,6430494766.66667,5212817566.66667,17099301333.3333,9003618966.66667,0,0,1182214839900,15175017833.3333,2320951766.66667,805918033.333333,712000,312651066.666667,0,1459400,0,0,3563830666.66667,0,2665839245166.67,10278834433.3333,4436654666.66667,0,284800,0,0
"French Polynesia",0,0,0,0,0,0,0,0,0,0,0,0,0,0,0,0,0,0,0,0,0,0,0,0,0,0,0,0,0,0,0,0,0,0,0,0,0,0,0,0,0,0,0,0,0,0,0,0,0,0,0,0,0,0,0,0,0,0,0,0,0,0,0,0,0,0,0,0,0,0,0,0,0,0,0,0,0,0,0,0,0,0,0,0,0,0,0,0,0,0,0,0,0,0,0,0,0,0,0,0,0,0,0,0,0,0,0,0,0,0,0,0,0,0,0,0,0,0,0,0,0,0,0,0,0,0,0,0,0,0,0,0,0,0,0,0,0,0,0,0,0,0,0,0,0,0,0,0,0,0,0,0,0,0,0,0,0,0,0,0,0,0,0,0,0,0,0,0,0,0,0,0,0,0,0,0,0,0,0,0,0,0,0,0,0,0,0,0,0,0,0,0,0,0,0
"Djibouti",0,0,0,0,0,0,0,0,0,0,0,0,0,0,0,0,0,0,0,0,0,0,0,0,0,0,0,0,0,0,0,0,0,0,0,0,0,0,0,0,0,0,0,0,0,0,0,0,0,0,0,0,0,0,0,0,0,0,0,0,0,0,0,0,0,0,0,0,0,0,0,0,0,0,0,0,0,0,0,0,0,0,0,0,0,0,0,0,0,0,0,0,0,0,0,0,0,0,0,0,0,367866666.666667,0,0,0,0,0,0,0,0,0,0,0,0,0,0,0,0,0,0,0,0,0,0,0,0,0,0,0,0,0,0,0,0,0,0,0,0,0,0,0,0,0,0,0,0,0,0,0,0,0,0,0,0,0,0,0,0,0,0,0,0,0,0,0,0,0,0,0,0,0,0,0,0,0,0,0,0,0,0,0,0,0,0,0,0,0,0,0,0,0,0,0,0,0
"Georgia",3293954766.66667,0,0,0,0,0,0,2407900,0,0,0,0,0,0,0,0,0,0,0,0,0,0,0,0,0,3267000,0,0,0,0,0,0,0,0,0,0,0,0,0,2589402800,0,0,0,0,0,0,0,0,0,0,0,0,0,27383733.3333333,0,0,0,0,0,14084400,0,0,0,3896200,0,0,0,0,0,0,0,0,0,0,0,0,0,0,109885333.333333,0,24768700,0,0,0,0,0,0,248666.666666667,0,0,0,0,0,0,0,0,0,0,0,0,0,0,0,0,0,0,0,0,0,0,0,0,0,0,0,0,0,0,0,0,0,0,0,0,0,0,0,0,2250600,0,0,0,0,0,0,0,0,0,0,0,0,0,962707300,0,0,0,0,0,0,0,0,0,0,24200,0,0,0,0,0,0,0,0,0,0,0,0,0,0,0,0,0,0,3275200,145200,0,0,0,12021366.6666667,35759700,0,0,0,0,0,0,0,0,0,0,0,0,0,0,0,0
"Gabon",0,0,0,0,201733.333333333,0,0,0,0,0,0,0,0,0,0,0,0,0,0,0,0,0,0,0,0,0,0,0,0,0,0,0,0,0,0,0,0,0,0,0,0,0,0,0,0,0,0,0,0,0,0,0,0,0,0,0,0,0,0,0,0,0,0,0,0,0,0,0,0,0,0,0,0,0,0,0,0,0,0,0,0,0,0,0,0,0,0,0,0,0,0,0,0,0,0,0,0,0,0,0,0,0,0,0,0,0,0,0,0,0,0,0,0,0,0,0,0,0,0,0,0,0,0,52913466.6666667,0,0,0,0,0,0,0,0,0,0,0,0,0,0,0,0,0,0,0,0,0,0,0,0,0,0,0,0,0,0,0,0,0,0,0,0,0,0,0,0,0,0,0,0,0,0,0,0,0,0,0,0,0,0,0,0,0,0,0,0,0,0,0,0,0,0,0,0,0,0,0
"Gambia",0,0,0,0,0,0,0,0,0,0,0,0,0,0,0,0,0,0,0,0,0,0,0,0,0,0,0,0,0,0,0,0,0,0,0,0,0,0,0,0,0,0,0,0,0,0,0,0,0,0,0,0,0,0,0,0,0,0,0,0,0,0,0,0,0,0,0,0,0,0,0,0,0,0,0,0,0,0,0,0,0,0,0,0,0,0,0,0,0,0,0,0,0,0,0,0,0,0,0,0,0,0,0,0,0,0,0,0,0,0,0,0,0,0,0,0,0,0,0,0,0,0,0,0,0,0,0,0,0,0,0,0,0,0,0,1960200,0,0,0,0,0,0,0,0,0,0,0,0,0,0,0,0,0,0,0,0,0,0,0,0,0,0,0,0,0,0,0,0,0,0,0,0,0,0,0,0,0,0,0,0,0,0,0,0,0,0,0,0,0,0,0,0,0,0,0
"Germany",0,0,0,0,0,23733.3333333333,11622533.3333333,94502162766.6667,0,6860700,0,147333.333333333,0,0,0,0,6776000,0,0,0,1768133.33333333,200492233.333333,0,0,0,0,0,0,0,0,379590533.333333,407598366.666667,2828800,0,0,0,296666.666666667,0,22234633.3333333,79175333.3333333,0,31961027600,0,677600,8181536533.33333,0,0,0,0,106249400,0,0,1144942133.33333,599751224566.667,0,0,19308666.6666667,0,0,0,0,1936000,0,67792300,0,0,0,0,0,0,0,0,8016357466.66667,1460678033.33333,13949398466.6667,49356666.6666667,0,379733.333333333,415429300,5920953100,359883600,42087176433.3333,0,55405466.6666667,0,1443688866.66667,4447875300,16328533.3333333,0,0,0,4095866.66666667,76621600,515079866.666667,0,0,0,0,0,562309766.666667,0,0,0,2127615600,2710933.33333333,0,29173500,0,14520000,0,0,0,0,128257466.666667,0,0,874035055966.667,0,0,2625700,0,24362266.6666667,0,0,149132500,619853900,265200,0,9355634433.33333,0,0,154266.666666667,0,23003777033.3333,141003066.666667,0,0,0,0,0,4618945533.33333,323266.666666667,2934557133.33333,0,0,0,0,41493833.3333333,0,0,0,575112600,1059453533.33333,7748933.33333333,0,19867833.3333333,910886900,0,0,0,24386674333.3333,79406192800,0,0,44818800,0,0,0,0,0,399300000,0,277214533.333333,174932900,0,0,35661958833.3333,528543466.666667,258563100,0,0,18773066.6666667,0,5330266.66666667,0,0,484900,0,152514931533.333,7826915133.33333,299289200,871200,0,0,79860000
"Bosnia and Herzegovina",0,0,0,0,0,0,1306800,43560000,0,0,0,0,0,0,0,0,0,0,0,0,0,0,0,0,0,290400,0,0,0,0,0,0,0,0,0,0,0,0,0,0,0,2722500,0,0,0,0,0,0,0,0,0,0,0,0,0,0,0,0,0,9680000,0,0,0,0,0,0,0,0,0,0,0,0,7772666.66666667,12686646333.3333,0,0,0,0,0,605000,0,2050761733.33333,0,0,0,0,0,0,0,0,0,0,0,0,0,0,0,0,0,0,0,0,0,0,0,0,0,0,0,0,0,0,0,0,0,0,4235000,0,0,4319466.66666667,0,0,0,0,0,0,0,0,0,0,0,0,0,0,0,0,0,0,0,0,0,0,0,0,0,0,0,0,0,0,0,70757166.6666667,0,0,0,0,20208933.3333333,0,0,0,164419433.333333,96800,0,0,0,0,0,0,0,0,0,0,3441997866.66667,10514900,0,0,9825200,0,80997400,0,0,0,0,0,0,0,0,0,0,0,909768466.666667,242614000,0,0,0
"Ghana",0,0,0,0,84700,0,21564900,0,0,84700,60500,0,0,0,0,0,0,0,0,0,0,0,0,0,0,107598866.666667,0,0,0,0,0,205700,0,0,605200,0,0,0,0,0,1452000,3904133.33333333,0,0,0,0,0,0,0,0,0,0,0,15923600,0,0,0,0,0,114732200,0,0,0,0,0,0,0,0,0,0,0,193600,0,0,3412200,0,0,0,0,4276138200,11192500,12910700,25283333.3333333,0,0,5856400,0,0,0,0,0,181500,338800,0,0,0,0,24200,0,0,0,0,0,0,0,0,0,0,24200,0,0,0,7018000,0,0,0,99437800,0,0,0,0,2057000,0,16623099600,0,2450700,0,0,0,0,0,0,0,0,0,0,0,0,858633.333333333,0,0,0,0,0,0,0,0,0,0,0,1839333.33333333,0,0,0,0,19094833.3333333,22748000,0,0,0,6255700,290400,0,0,0,0,0,352000933.333333,0,0,0,0,0,2976133.33333333,0,0,714727000,605000,308245533.333333,407350666.666667,0,0,0,0,0,0,0,0,116813433.333333,0,0,0,36300,0,0
"Kiribati",0,0,0,0,0,0,0,0,0,0,0,0,0,0,0,0,0,0,0,0,0,0,0,0,0,0,0,0,0,0,0,0,0,0,0,0,0,0,0,0,0,0,0,0,0,0,0,0,0,0,0,0,0,0,0,0,0,0,0,0,0,0,0,0,0,0,0,0,0,0,0,0,0,0,0,0,0,0,0,0,0,0,0,0,0,0,0,0,0,0,0,0,0,0,0,0,0,0,0,0,0,0,0,0,0,0,0,0,0,0,0,0,0,0,0,0,0,0,0,0,0,0,0,0,0,0,0,0,0,0,0,0,0,0,0,0,0,0,0,0,0,0,0,0,0,0,0,0,0,0,0,0,0,0,0,0,0,0,0,0,0,0,0,0,0,0,0,0,0,0,0,0,0,0,0,0,0,0,0,0,0,0,0,0,0,0,0,0,0,0,0,0,0,0,0
"Greece",0,0,4764604333.33333,0,0,0,0,301100,0,0,0,0,0,0,0,0,7956000,0,0,0,0,13167652066.6667,0,0,0,968000,0,0,0,0,0,0,0,0,0,0,0,0,4342857333.33333,0,0,0,0,0,0,0,21514266.6666667,0,0,0,0,0,5600,157780100,0,0,0,0,0,65907600,0,0,0,0,0,0,0,0,0,0,0,0,510900200,11154666.6666667,0,0,0,10276533.3333333,1145854800,1044266.66666667,5501161200,7464895366.66667,0,34532000,0,35600,59333.3333333333,0,0,0,0,0,0,0,0,29220366.6666667,0,0,0,0,0,0,0,0,0,0,1759533.33333333,0,0,0,0,12270133.3333333,0,24670800,0,0,0,0,0,3432760700,0,0,0,0,0,14851200,332266.666666667,0,1089000,0,0,0,0,126200,12756666.6666667,0,0,0,13646666.6666667,0,7008960566.66667,0,146785200,0,0,0,0,0,0,0,0,0,1332133.33333333,1780000,0,0,47834533.3333333,0,0,0,1499500,142866.666666667,3797333.33333333,0,0,0,0,0,0,0,0,0,16755733.3333333,20712533.3333333,0,0,494168166.666667,41826933.3333333,557733.333333333,0,0,83066.6666666667,0,0,0,0,0,0,12235433.3333333,0,285973966.666667,0,0,0,0
"Greenland",0,0,0,0,0,0,0,0,0,0,0,0,0,0,0,0,0,0,0,0,0,0,0,0,0,0,0,0,0,0,0,0,0,0,0,0,0,0,0,0,0,0,0,0,0,0,0,0,0,0,0,0,0,0,0,0,0,0,0,0,0,0,0,0,0,0,0,0,0,0,0,0,0,0,0,0,0,0,0,0,0,0,0,0,0,0,0,0,0,0,0,0,0,0,0,0,0,0,0,0,0,0,0,0,0,0,0,0,0,0,0,0,0,0,0,0,0,0,0,0,0,0,0,0,0,0,0,0,0,0,0,0,0,0,0,0,0,0,0,0,0,0,0,0,0,0,0,0,0,0,0,0,0,0,0,0,0,0,0,0,0,0,0,0,0,0,0,0,0,0,0,0,0,0,0,0,0,0,0,0,0,0,0,0,0,0,0,0,0,0,0,0,0,0,0
"Grenada",0,0,0,0,0,0,0,0,0,0,0,0,0,0,0,0,0,0,0,0,0,0,0,0,0,0,0,0,0,0,0,0,0,0,0,0,0,0,0,0,0,0,0,0,0,0,0,0,0,0,0,0,0,0,0,0,0,0,0,0,0,0,0,0,0,0,0,0,0,0,0,0,0,0,0,0,0,0,0,0,0,0,0,0,0,0,0,0,0,0,0,0,0,0,0,0,0,0,0,0,0,0,0,0,0,0,0,0,0,0,0,0,0,0,0,0,0,0,0,0,0,0,0,0,0,0,0,0,0,0,0,0,0,0,0,0,0,0,0,0,0,0,0,0,0,0,0,0,0,0,0,0,0,0,0,0,0,0,0,0,0,0,0,0,0,0,0,0,0,0,0,0,0,0,0,0,0,0,0,0,0,0,0,0,0,0,0,0,0,0,0,0,0,0,0
"Guatemala",0,0,0,0,0,0,0,0,0,0,0,0,0,0,0,0,9612000,0,2234391466.66667,0,0,0,0,0,0,0,0,0,0,0,3690533.33333333,0,108203533.333333,0,0,0,929334000,0,0,0,0,0,0,471900,0,0,0,14538425233.3333,0,0,0,0,0,19936000,0,0,0,0,0,0,0,0,0,0,0,0,0,0,0,0,5407407100,0,0,0,0,0,0,0,0,0,0,0,0,0,0,0,0,0,0,0,0,0,0,0,0,0,0,0,0,0,0,0,0,0,0,0,0,0,0,72082366.6666667,0,0,0,0,0,0,83066.6666666667,0,0,0,0,0,618536633.333333,0,0,0,0,356462033.333333,0,0,0,0,771333.333333333,0,0,0,0,0,0,0,106800,0,0,0,0,0,0,0,0,0,0,0,0,0,0,0,24538800,0,0,0,0,0,0,0,0,0,0,0,0,2207200,0,0,0,0,0,0,0,0,637889633.333333,0,0,0,0,0,0,0,0,0,0,0,0,0,0,0,0
"Guinea",0,0,0,0,0,0,0,0,0,0,0,0,0,0,0,0,0,0,0,0,0,0,0,0,0,1439900,0,0,0,0,0,0,0,0,0,0,0,0,0,0,0,0,0,0,0,0,0,0,0,0,0,0,0,1579966.66666667,0,0,0,0,0,0,0,0,0,0,0,0,0,0,0,0,0,0,0,0,0,0,0,0,0,0,0,0,0,0,0,0,0,0,0,0,0,0,0,0,0,0,0,0,0,0,0,0,0,0,0,0,0,0,3594933.33333333,0,0,0,0,0,0,0,14278000,0,0,0,0,0,0,427200,0,0,0,0,0,0,0,0,0,0,0,0,0,0,0,0,0,0,0,0,0,0,0,0,0,0,0,0,0,0,0,0,0,0,0,0,0,0,0,0,0,0,0,0,0,0,0,0,0,0,0,0,0,0,0,0,0,0,0,0,0,0,0,0,17106666.6666667,0,0,0,0,0,0
"Guyana",0,0,0,0,0,0,0,0,0,0,0,0,0,0,0,0,0,0,0,0,0,0,0,0,0,1829333.33333333,0,0,0,0,0,0,0,0,0,0,0,0,0,0,0,0,0,0,0,0,0,0,0,0,0,0,0,0,0,0,0,0,0,0,0,0,0,0,0,0,0,0,0,0,0,0,0,0,0,0,0,0,0,0,0,0,0,0,0,0,0,0,0,0,0,0,0,0,0,0,0,0,0,0,0,0,0,0,0,0,0,0,0,0,0,0,0,0,0,0,0,0,0,0,0,0,0,0,0,0,0,0,0,0,0,0,0,0,0,0,0,0,0,0,0,0,0,0,0,0,0,0,0,0,0,0,0,0,0,0,0,1186666.66666667,0,0,0,0,0,0,0,0,0,0,0,0,0,0,0,0,0,0,0,0,40489066.6666667,0,0,0,0,0,0,0,0,0,0,0,0,0,0,0,0
"Haiti",0,0,0,0,0,0,0,0,0,0,0,0,0,0,0,0,0,0,0,0,0,0,0,0,0,0,0,0,0,0,0,0,0,0,0,0,0,0,0,0,0,0,0,0,0,0,0,0,0,0,0,0,0,0,0,0,0,0,0,0,0,0,0,0,0,0,0,0,0,0,0,0,0,0,0,0,0,0,0,0,0,0,0,0,0,0,0,0,0,0,0,0,0,0,0,0,0,0,0,0,0,0,0,0,0,0,0,0,0,0,0,0,0,0,0,0,0,0,0,0,0,0,0,0,0,0,0,0,0,0,0,0,0,0,0,0,0,0,0,0,0,0,0,0,0,0,0,0,0,0,0,0,0,0,0,0,0,0,0,0,0,0,0,0,0,0,0,0,0,0,0,0,0,0,0,0,0,0,0,0,0,0,0,0,0,0,0,0,0,0,0,0,0,0,0
"Honduras",0,0,0,0,0,20932800,0,0,0,0,0,0,0,0,0,0,0,0,0,0,0,0,0,0,0,0,0,0,0,0,0,0,2245505600,0,0,0,5456026900,0,0,0,0,0,0,0,0,0,0,44867695400,0,0,0,0,0,0,0,0,0,0,0,0,0,0,0,0,0,0,5753426400,0,0,0,0,0,0,0,0,0,0,0,0,0,0,0,0,0,0,0,0,0,0,0,0,0,0,0,0,0,0,0,0,0,0,0,0,0,0,0,0,0,0,0,0,0,0,0,0,0,0,0,0,0,0,0,28448342700,0,0,0,0,6924666.66666667,0,0,0,0,0,0,0,0,0,0,0,0,0,0,0,0,0,0,0,0,0,0,0,0,0,0,0,0,155158300,0,0,0,0,0,0,0,0,0,0,0,0,0,0,0,0,0,0,0,0,0,412715533.333333,0,0,0,0,0,0,0,0,0,0,0,0,0,0,0,0
"Hong Kong SAR, China",0,0,0,0,0,0,213928000,0,0,0,0,0,0,0,0,0,0,0,0,1237600,0,0,0,0,0,12611733.3333333,0,0,0,0,0,2180032400,0,0,0,0,0,0,0,0,0,0,0,0,0,0,0,0,0,0,0,0,0,0,0,0,0,0,0,0,0,0,0,0,0,0,0,0,0,0,0,0,0,0,0,0,0,0,0,0,0,0,0,0,0,0,0,0,0,0,0,0,0,0,0,0,0,0,0,0,4473272166.66667,0,0,29504166.6666667,0,0,0,0,0,0,0,0,0,0,0,0,0,0,0,0,0,42667733.3333333,0,0,0,0,0,0,0,0,0,0,0,0,0,0,0,0,0,0,0,0,0,0,0,0,0,0,0,0,0,0,0,683833.333333333,0,0,0,0,0,0,0,0,0,0,0,0,0,0,0,0,0,0,0,0,0,0,0,0,456605733.333333,0,0,0,0,0,0,0,0,0,0,0,0,0,0,0,0
"Hungary",105589600,0,416318266.666667,0,0,80266.6666666667,0,1863080831166.67,0,0,0,0,0,0,0,0,0,0,0,0,0,16038119600,0,0,3149049200,0,0,0,0,0,118666.666666667,141866.666666667,0,0,7826280000,0,0,0,3495363700,24955600,0,1130279600,0,0,3789643733.33333,0,0,0,0,43864066.6666667,0,0,304736000,66100715266.6667,0,0,196632800,1969008800,0,2014565799700,14441939900,166133.333333333,0,61997791600,0,0,0,254100000,0,0,0,0,0,85813243466.6667,0,0,0,1137882800,98633466.6666667,75649733.3333333,308533.333333333,5080995208466.67,2633395600,1014861066.66667,0,47466.6666666667,0,560652533.333333,11866.6666666667,0,0,0,0,279461066.666667,2634400,2546126400,0,0,0,1677688133.33333,0,0,0,11021387866.6667,0,0,0,0,0,510266.666666667,0,5508728533.33333,0,2305408533.33333,0,0,775008627400,0,0,1752475366.66667,0,0,0,0,0,136241200,47466.6666666667,0,140422117733.333,0,0,142400,0,279018329600,13975539700,0,0,0,18063538133.3333,0,1428531732000,254100000,54797442400,0,0,0,0,0,0,0,0,252956820433.333,260715197766.667,0,0,26459733.3333333,48501951533.3333,0,0,0,9059270666.66667,93385735566.6667,0,0,0,0,1278123000,0,0,0,0,0,67611290400,1837836000,0,0,1277990866.66667,37705672200,142712133.333333,635250000,0,169610266.666667,0,0,0,0,0,0,81422113566.6667,10086666.6666667,9853542900,95752133.3333333,0,0,0
"Croatia",0,0,166358800,0,0,0,7973900,503138282266.667,0,0,0,0,0,0,0,0,0,0,0,0,0,46956400,0,0,0,1306800,0,0,0,0,0,2117500,0,0,0,0,0,0,3560249200,0,0,266200,0,0,0,0,0,0,0,0,0,0,0,108655866.666667,0,0,47704000,0,0,11106596466.6667,39609476100,62608533.3333333,0,40525687200,0,0,0,0,0,0,0,1839200,13409417333.3333,0,0,0,0,178000,45152666.6666667,45420166.6666667,0,2299451785333.33,0,24255466.6666667,0,0,0,0,0,0,0,0,0,145200,0,0,0,0,0,477270066.666667,0,0,0,0,0,0,130316778533.333,0,0,0,0,130533.333333333,0,1969866.66666667,0,0,209367833.333333,0,0,404800400,0,0,0,0,0,0,0,0,155021233.333333,0,0,0,0,414075700,152605333.333333,0,0,0,594638666.666667,0,125953928400,0,0,0,0,0,0,0,0,0,0,367457264866.667,44915333.3333333,0,0,0,254919733.333333,0,0,0,35271033.3333333,857700,0,0,0,0,0,0,0,0,0,9931213333.33333,98801866.6666667,0,0,0,186228766.666667,846639200,48484700,0,0,0,0,810700,0,0,0,0,412390400,1989707733.33333,65725385966.6667,266749633.333333,0,0,0
"Iceland",0,0,0,0,0,0,0,0,0,0,0,0,0,0,0,0,0,0,0,0,0,0,0,0,0,0,0,0,0,0,0,0,0,0,0,0,0,0,0,0,0,0,0,0,0,0,0,0,0,0,0,0,0,0,0,0,0,0,0,0,0,0,0,0,0,0,0,0,0,0,0,0,0,0,0,0,0,0,0,0,0,0,0,0,0,0,0,0,0,0,0,0,0,0,0,0,0,0,0,0,0,0,0,0,0,0,0,0,0,0,0,0,0,0,0,0,0,0,0,0,0,0,0,0,0,0,0,0,0,0,0,0,0,0,0,0,0,0,0,0,0,0,0,0,0,0,0,0,0,0,0,0,0,0,0,0,0,0,0,0,0,0,0,0,0,0,0,0,0,0,0,0,0,0,0,0,0,0,0,0,0,0,0,0,0,0,0,0,0,0,0,0,0,0,0
"India",0,0,0,1824400,0,58933.3333333333,292524433.333333,373000,0,5680183500,0,2956815756366.67,0,58207105433.3333,0,133100,3913066.66666667,0,0,0,3647060700,235733.333333333,25169143600,74600,78789600,1196669000,0,0,21117796433.3333,0,11866.6666666667,1733966.66666667,0,0,29753633.3333333,0,0,0,4948900,373000,156600,893133.333333333,0,167442800,0,0,1380587866.66667,0,0,0,0,34109900,0,785227533.333333,0,0,616666.666666667,0,1016400,9715233.33333333,0,25457533.3333333,0,1161600,0,62166.6666666667,0,529366.666666667,0,0,0,11521506533.3333,1815000,0,0,0,29680560733.3333,262253333.333333,1365595200,19038566.6666667,598448666.666667,198048100,3007471166.66667,373000,157066.666666667,21763013800,16588930333.3333,0,426400133.333333,18587111866.6667,0,35148078533.3333,984782766.666667,0,0,418154666.666667,0,2243575700,5933333.33333333,0,0,215700100,4348966.66666667,363023317333.333,35710466.6666667,1115466.66666667,943800,121000,354576733.333333,3327500,0,216562666.666667,2509433.33333333,0,0,1674305853466.67,17123200,0,0,0,0,117112166.666667,0,133100,8063833966.66667,2111666.66666667,3717358533.33333,0,392466.666666667,387866.666666667,0,124333.333333333,3925529100,266200,289546666.666667,12100,0,59333333.3333333,29187233233.3333,59333.3333333333,176800,22812866.6666667,0,0,0,0,0,46237442766.6667,2430083033.33333,8425062033.33333,259533066.666667,0,0,5428750266.66667,625985200,54893700,9966166.66666667,71200,0,0,26638066.6666667,2722666.66666667,2.136e+10,0,16122129666.6667,394046933.333333,13327419666.6667,683400,0,36300,45422183166.6667,0,54772133.3333333,39523704733.3333,200707866.666667,0,1092223800,4307600,5189504333.33333,0,0,122666.666666667,0,1560227440866.67,12460000,32952825333.3333,88076933.3333333,11724500,5374366.66666667,0,201733.333333333,0,171881033.333333,0,0
"Indonesia",0,0,0,0,0,0,2190100,0,0,0,0,2196366.66666667,0,0,0,0,0,0,0,189866666.666667,59333.3333333333,0,0,0,0,1206033.33333333,0,0,218940000,0,0,57339100,0,0,0,0,0,0,0,0,0,0,0,0,0,0,142400,0,0,0,0,0,0,0,0,0,0,0,0,732266.666666667,0,0,0,0,0,0,0,0,0,0,0,111264233.333333,0,0,0,3371611366.66667,0,0,0,0,32682100,0,0,0,0,2809724233.33333,0,0,0,0,0,14786673766.6667,360666.666666667,0,0,161633.333333333,0,0,0,0,0,0,0,1931585300,0,0,0,0,0,0,0,0,0,0,0,0,0,0,0,0,146707600,1839200,0,0,0,0,354042000,0,0,24470033.3333333,0,0,74166714133.3333,0,0,0,327882300,0,0,0,0,0,0,0,0,0,0,15492933.3333333,0,0,0,0,0,3241854900,0,11866.6666666667,0,0,0,0,0,0,0,0,2029200,0,757615466.666667,0,138198666.666667,0,0,0,16980004400,462800,0,0,169400,0,363000,0,0,0,0,416816666.666667,0,0,0,0,0,0,0,0,0,0,0
"Iran (Islamic Republic of)",2532400,104864529000,0,0,0,0,0,0,0,0,0,0,0,0,0,0,0,0,0,0,0,2273600,0,0,0,2746766.66666667,0,0,0,0,0,0,0,0,0,0,0,0,0,51566666.6666667,0,0,0,0,0,0,0,0,0,0,0,0,0,0,0,0,17206666.6666667,0,0,1855200,0,23733333.3333333,0,0,0,0,0,0,0,0,0,0,0,0,0,0,0,0,0,0,0,0,0,0,0,0,0,0,0,0,0,0,2573200,0,0,0,0,0,0,0,0,0,0,0,0,0,0,0,0,0,0,0,0,0,0,0,4961000,0,0,0,0,0,0,0,0,59333.3333333333,361933333.333333,0,0,0,0,0,0,0,0,0,0,0,0,0,164597066.666667,0,0,0,0,0,0,0,0,0,0,0,0,0,0,0,0,0,2349600,0,0,24866.6666666667,0,0,0,0,0,0,0,0,123427217333.333,0,3566727200,1226745766.66667,0,0,2434533.33333333,0,0,0,0,0,0,0,0,0,0,0,0,0,0,0,0,0,0
"Iraq",0,0,0,0,0,0,0,0,0,0,0,0,0,0,0,0,0,0,0,0,0,0,0,0,0,0,0,0,0,0,0,0,0,0,0,0,0,0,0,0,0,0,0,0,0,0,0,0,0,0,0,0,0,0,0,0,0,0,0,0,0,0,0,0,0,0,0,0,0,0,0,0,0,0,0,0,0,0,0,0,0,0,0,0,0,0,0,0,0,0,0,0,0,0,0,0,0,0,0,0,0,0,0,0,0,0,0,0,0,0,0,0,0,0,0,0,0,0,0,0,0,0,0,0,0,0,0,0,0,0,0,0,0,0,0,0,0,0,0,0,0,0,0,0,0,0,0,0,0,0,0,0,0,0,0,0,0,0,0,0,0,0,0,0,0,0,0,0,0,0,0,0,0,0,0,0,0,0,0,0,0,0,0,0,0,0,0,0,0,0,0,0,0,0,0
"Ireland",0,0,0,0,0,0,403466.666666667,0,0,1845166.66666667,0,0,0,0,0,0,0,0,0,0,0,0,0,0,0,6016400,0,0,0,0,0,0,0,0,0,0,0,0,0,0,0,0,0,0,0,0,0,0,0,0,0,0,0,0,0,0,0,0,0,36905333.3333333,0,0,0,0,0,0,0,0,0,0,0,0,0,0,0,0,0,0,0,0,0,0,0,0,0,23733.3333333333,0,0,0,0,0,0,0,0,0,0,0,0,0,0,0,0,0,0,0,0,189866.666666667,0,0,0,0,0,0,0,0,0,7586965200,0,0,0,0,0,0,0,0,0,0,0,0,0,0,0,23733.3333333333,0,12100,0,0,0,0,0,0,0,0,0,0,0,0,0,0,0,0,0,0,925600,0,0,2237166.66666667,0,0,0,1293466.66666667,0,0,0,0,0,0,0,0,0,0,0,0,11866.6666666667,0,0,334576727333.333,0,23768933.3333333,0,0,0,0,0,0,0,0,0,0,0,0,0,0,0,0
"Israel",0,0,0,0,0,0,0,6918266.66666667,0,0,0,0,0,0,0,0,0,0,0,0,0,0,0,0,0,0,0,0,0,0,946414133.333333,0,0,0,0,0,0,0,0,0,0,0,0,0,0,0,0,0,0,0,0,0,0,0,0,0,0,0,0,0,0,0,0,0,0,0,0,0,0,0,0,0,0,0,0,0,0,0,0,0,0,0,0,0,0,0,3359097333.33333,0,0,0,0,0,0,0,0,0,0,0,0,0,0,0,0,0,0,0,0,0,0,4841600,0,0,0,0,0,0,0,0,0,0,0,0,0,0,0,0,0,0,0,0,0,0,0,0,0,0,0,0,0,0,0,0,0,0,0,0,0,0,0,0,0,0,0,0,0,0,0,0,0,0,0,0,0,0,0,0,0,0,0,0,0,0,0,0,0,0,4734800,0,56782000,0,0,0,0,0,0,0,0,0,0,0,0,0,0,0,0
"Italy",986013533.333333,0,11706540100,102725933.333333,0,263808766.666667,1500392200,35732398433.3333,0,8977100,5657600,12199200,0,0,0,0,713125600,0,0,0,0,1889025333.33333,0,0,2662500666.66667,739851166.666667,0,480091700,197671100,0,1308953800,3307911366.66667,432526600,0,19035466.6666667,0,160461800,0,11256872166.6667,1041169600,0,6406506566.66667,0,2589400,221197066.666667,0,68072700,0,0,210245400,0,0,942247566.666667,67507370766.6667,0,0,673731200,1059355000,0,37922801166.6667,2061298000,57876266.6666667,0,74378673333.3333,0,0,14374800,0,0,0,0,260831133.333333,5066907066.66667,3804405866.66667,0,306809366.666667,302567466.666667,799774133.333333,1599640833.33333,511837966.666667,56227270100,0,247965300,353235066.666667,8125138666.66667,780423600,630041300,0,29040000,51301466.6666667,0,5259820633.33333,3882744800,281916933.333333,0,5978314700,0,0,1306302166.66667,407388000,0,4806000,0,473600900,17267466.6666667,254100000,5444622966.66667,0,0,21162666.6666667,0,2342287533.33333,5348200,52537600,0,0,25428985666.6667,0,0,139532100,0,193527933.333333,0,0,104702266.666667,415147900,476862000,9635600,1107601433.33333,0,0,531163866.666667,468427133.333333,10112698533.3333,11385401033.3333,0,0,230786666.666667,15969166.6666667,0,7717314933.33333,7795466.66666667,148810366.666667,0,0,0,0,554312666.666667,0,2420000,0,3088239866.66667,994755866.666667,34254500,53240000,260694500,54535928600,0,2357333.33333333,0,2505030833.33333,15008313266.6667,9540800,0,3053557166.66667,0,53796600,12291866.6666667,0,0,996800,91182666.6666667,11612513566.6667,1105488100,0,0,20512193966.6667,484436033.333333,31976058866.6667,49381133.3333333,62218200,0,90345666.6666667,10720600,26315600,26620000,8574800,0,35517499500,91757300,4451894400,54904266.6666667,81082100,0,16335000
"Cote dIvoire",0,0,0,0,0,0,145200,0,0,0,0,0,0,0,0,0,0,0,0,0,0,0,0,0,0,104533200,0,0,0,0,0,0,0,0,78320000,0,0,0,0,0,0,0,0,0,0,0,0,0,0,0,0,0,0,134368100,0,0,0,0,537797333.333333,0,0,620864000,0,0,0,0,0,149342000,0,0,0,0,0,0,0,0,0,0,0,145200,0,1008666.66666667,0,0,0,0,0,0,0,0,0,0,0,0,0,0,0,396484233.333333,0,0,0,0,0,0,0,843280933.333333,0,2133626666.66667,0,0,0,242000,0,0,0,0,5687000,0,0,0,0,0,0,31179496933.3333,0,0,0,0,0,0,0,42720000,0,0,12100,0,0,0,0,0,0,0,0,0,0,0,0,0,29941261333.3333,0,0,0,0,0,0,0,0,0,0,0,0,2244900,0,0,0,0,0,0,0,0,0,0,0,0,0,0,7930333.33333333,0,28970866.6666667,38756571133.3333,0,0,0,0,0,0,0,0,79447566.6666667,0,0,0,0,0,0
"Kazakhstan",0,0,0,0,0,0,0,0,0,0,0,0,0,0,0,0,0,0,0,0,0,0,0,0,0,0,0,0,0,0,0,1219466133.33333,0,0,0,0,0,0,0,46564800,0,0,0,0,0,0,0,0,0,0,0,0,0,0,0,0,0,0,0,0,0,0,0,0,0,0,0,0,0,0,0,0,0,0,0,0,0,0,0,47466.6666666667,0,0,0,0,0,0,0,572166100,0,0,0,0,0,0,0,0,0,0,0,0,0,0,0,0,0,0,0,0,0,0,25938000,0,0,0,0,0,0,0,0,0,0,0,0,0,0,0,0,0,0,0,0,0,0,0,0,0,0,0,0,0,0,0,3155965800,0,0,0,0,0,0,0,0,0,0,0,0,0,0,0,34324274000,0,0,0,0,2460114266.66667,0,0,0,0,0,0,0,0,0,0,0,0,0,0,0,0,0,211656880800,0,0,0,0,0,0,0,0,0,1780000,0,0,0
"Jamaica",0,0,0,0,172955266.666667,0,0,0,0,0,104177766.666667,0,0,0,0,0,0,0,0,0,0,0,0,0,0,28996733.3333333,0,0,0,0,0,0,0,0,0,0,0,0,0,0,0,0,955900,0,0,0,0,0,0,0,0,0,0,0,0,0,0,0,0,0,0,0,0,0,0,822800,0,0,0,0,0,0,0,0,0,0,0,0,0,0,0,0,0,0,0,0,0,0,0,0,0,0,0,0,0,0,0,0,0,0,0,0,0,0,0,0,0,0,0,0,0,0,0,0,0,0,0,0,0,0,0,0,0,0,0,0,0,0,0,0,0,0,0,0,0,0,0,0,0,0,0,0,0,0,45574866.6666667,8228000,0,0,0,0,0,0,0,0,0,0,0,0,0,0,0,0,0,0,0,0,0,0,0,1682585566.66667,0,0,0,0,0,0,9603300,0,92189900,0,0,0,0,0,0,0,0,0,0,0,0,0,0,0,0
"Japan",0,0,0,0,0,0,0,0,0,0,0,0,0,0,0,0,0,0,0,0,0,0,0,0,0,320400,0,0,0,0,0,8733866.66666667,0,0,0,0,0,0,0,0,0,0,0,0,0,0,0,0,0,0,0,0,0,6612966.66666667,0,0,0,0,0,2397066.66666667,0,0,0,0,0,0,0,0,0,0,0,223778933.333333,0,0,0,0,24962133.3333333,0,0,0,0,0,0,0,0,0,0,0,0,0,0,13348547333.3333,0,0,0,0,0,0,0,0,0,0,0,16671856933.3333,0,0,0,0,0,0,0,0,0,0,0,0,147333.333333333,0,0,0,0,0,0,0,0,0,0,0,0,0,0,0,7366666.66666667,0,0,0,0,0,0,0,0,0,0,0,0,0,0,0,0,0,0,0,0,43559733.3333333,0,0,0,0,0,0,0,0,0,0,5893333.33333333,0,58882266.6666667,0,0,0,0,0,0,0,0,0,0,0,0,0,0,0,0,515471233.333333,0,0,0,0,0,0,0,0,0,0,0
"Jordan",0,0,0,0,0,46287404800,0,0,0,45733333.3333333,0,0,0,0,0,0,9730998933.33334,0,0,0,0,0,0,0,0,0,0,0,1117435000,0,0,0,0,0,0,0,0,0,0,0,0,0,0,0,0,0,0,0,0,0,0,0,0,0,0,26620000,0,0,14580500,0,0,0,0,0,0,0,0,0,0,0,0,0,0,0,0,293056933.333333,0,0,1122166100,0,637121333.333333,0,0,0,0,0,0,0,0,0,0,0,13832000,0,0,621922666.666667,0,0,0,0,0,0,0,0,0,0,0,0,0,0,0,1536700,0,0,0,0,0,0,0,0,0,0,0,0,0,0,71710266.6666667,0,0,0,0,0,0,0,0,0,0,0,118666666.666667,0,28348968266.6667,0,0,0,0,0,0,168962633.333333,0,0,0,0,0,0,0,0,0,0,0,0,0,0,30588800,0,0,0,0,0,0,0,0,0,122403600,87645700,0,0,0,0,0,0,0,0,0,0,0,0,0,0,0,0,0,0,33650100,0,339593000
"Kyrgyzstan",0,0,0,0,0,0,0,0,0,0,0,0,0,0,0,0,0,0,0,0,0,0,0,0,0,0,0,0,0,0,0,0,0,0,0,0,0,0,0,0,0,0,0,0,0,0,0,0,0,0,0,0,0,0,0,0,0,0,0,0,0,0,0,0,0,0,0,0,0,0,0,0,0,0,0,0,0,0,0,0,0,0,0,2716054533.33333,0,0,0,0,0,0,0,0,0,0,0,0,0,0,0,0,0,0,0,0,0,0,0,0,0,0,0,0,0,0,0,0,0,0,0,0,0,0,0,0,0,0,0,0,0,0,0,0,0,0,0,0,0,0,0,0,0,0,5173866.66666667,0,0,0,0,0,0,0,0,0,0,0,0,0,0,0,712688266.666667,0,0,0,0,0,0,0,0,0,0,0,0,0,0,0,0,0,0,0,0,0,0,8132250400,0,0,0,0,0,0,0,0,0,0,0,0,0
"Kenya",0,0,0,0,0,0,74995800,48400,0,690600,0,0,0,0,0,0,0,0,0,0,0,0,0,946223166.666667,0,31338000,0,48400,0,0,0,0,0,0,0,0,0,0,0,0,0,1351600,0,0,0,0,0,0,0,0,0,0,0,4860166.66666667,0,526700,0,0,0,1823300,0,0,0,0,0,0,0,0,0,0,0,0,0,0,0,11866.6666666667,0,883300,0,118666.666666667,2729333.33333333,2045200,86318133.3333333,0,0,0,0,0,0,0,0,0,31719200,0,0,0,0,353600,0,0,0,0,0,0,0,0,0,0,0,0,0,0,3074633.33333333,0,0,0,5672266.66666667,0,0,0,0,0,0,5820100,0,272933.333333333,0,353600,0,0,0,0,0,0,0,0,0,0,416803766.666667,474666.666666667,0,8942209433.33333,0,0,0,0,0,296666.666666667,0,11616000,0,0,0,94933.3333333333,169535833.333333,952366.666666667,0,0,0,0,1047533.33333333,12100,0,0,0,6456953966.66667,0,0,0,0,500234233.333333,0,949333.333333333,31300733.3333333,6514212700,0,29378266.6666667,0,80554100,0,0,0,0,0,1612084666.66667,145200,127868433.333333,17921033.3333333,272933.333333333,0,0,0,0,1242315733.33333,0
"Cambodia",0,0,0,0,0,0,0,0,0,0,0,124600000,0,0,0,0,0,0,0,0,0,0,0,0,0,0,0,0,0,0,0,0,0,0,0,0,0,0,0,0,0,0,0,0,0,0,0,0,0,0,0,0,0,0,0,0,0,0,0,0,0,0,0,0,0,0,0,0,0,0,0,0,0,0,0,0,0,0,0,0,0,0,0,0,0,0,0,0,0,0,0,39219333.3333333,0,0,0,0,0,0,0,0,0,0,0,207666666.666667,0,0,0,0,0,0,0,0,0,0,0,0,0,0,0,0,0,0,0,0,0,0,0,0,0,0,0,0,0,0,0,0,0,0,0,0,0,0,0,0,0,0,0,0,0,0,0,0,0,0,0,0,0,0,0,0,0,0,0,0,4416808933.33333,0,0,0,0,0,0,0,0,0,0,0,0,0,0,0,0,0,0,0,0,0,0,0,0,0,0,0,0,0,0
"Democratic People's Republic of Korea",0,0,0,0,0,0,0,0,0,0,0,0,0,0,0,0,0,0,0,0,0,0,0,0,0,0,0,0,0,0,0,0,0,0,0,0,0,0,0,0,0,0,0,0,0,0,0,0,0,0,0,0,0,0,0,0,0,0,0,0,0,0,0,0,0,0,0,0,0,0,0,0,0,0,0,0,0,0,0,0,0,0,0,0,0,0,0,0,0,0,0,0,0,0,0,0,0,0,0,0,0,0,0,0,0,0,0,0,0,0,0,0,0,0,0,0,0,0,0,0,0,0,0,0,0,0,0,0,0,0,0,0,0,0,0,0,0,0,0,0,0,0,0,0,0,0,0,0,0,0,0,0,0,0,0,0,0,0,0,0,0,0,0,0,0,0,0,0,0,0,0,0,0,0,0,0,0,0,0,0,0,0,0,0,0,0,0,0,0,0,0,0,0,0,0
"Republic of Korea",0,0,0,0,0,0,12134733.3333333,0,0,0,0,1060800,0,0,0,0,0,0,0,0,0,0,5225566.66666667,0,0,6667466.66666667,0,0,0,0,130533.333333333,663042133.333333,0,0,0,0,0,0,0,0,0,0,0,0,0,0,0,0,0,0,0,0,0,0,0,0,0,0,0,0,0,29466.6666666667,0,0,0,0,766133.333333333,0,12433.3333333333,0,0,13948420166.6667,0,0,0,278300000,5513064033.33333,0,0,0,0,0,0,22063333.3333333,0,71067566.6666667,0,1208133.33333333,2533013600,11051600,0,0,0,0,249200,0,0,0,0,0,0,0,0,32710469466.6667,0,0,0,0,0,525133.333333333,106160233.333333,0,0,0,0,0,0,0,0,0,0,7452366.66666667,0,0,4213733.33333333,0,0,0,0,0,1031333.33333333,0,7387059866.66667,0,0,0,0,0,41206157200,0,0,0,11828000,0,0,0,0,193600,0,0,0,0,0,9187001600,0,0,0,0,0,0,0,0,0,0,109633.333333333,0,880848933.333333,0,0,0,14873712533.3333,0,0,15591952533.3333,0,0,259466.666666667,0,261806700,0,0,206266.666666667,0,593266400,0,0,0,0,0,0,0,0,0,0,0
"Kuwait",0,0,0,0,0,0,0,0,0,0,0,0,0,0,0,0,0,0,0,0,0,0,0,0,0,0,0,0,0,0,0,0,0,0,0,0,0,0,0,0,0,0,0,0,0,0,0,0,0,0,0,0,0,0,0,0,0,0,0,0,0,0,0,0,0,0,0,0,0,0,0,0,0,0,0,0,0,1178597600,30056000,0,0,0,0,0,0,0,0,0,0,0,0,0,0,0,0,0,0,0,0,0,0,0,0,0,0,0,0,0,0,0,0,0,0,0,0,0,1585012000,0,0,0,0,0,0,0,0,0,0,0,0,0,0,0,0,0,0,0,0,0,1194129500,0,0,0,0,0,0,0,0,473382000,0,0,0,0,0,0,0,0,0,0,0,0,0,0,0,0,0,0,0,0,0,0,2171600,0,0,51486000,0,0,0,0,0,0,0,0,0,0,0,0,0,0,0,0,0,0,0,0,0
"Latvia",0,0,0,0,0,0,0,0,0,0,0,0,0,0,0,0,0,0,0,0,0,0,0,0,0,0,0,0,0,0,0,0,0,0,0,0,0,0,0,0,0,7389195333.33333,0,0,1944800,0,0,0,0,73479318233.3333,0,0,244133.333333333,0,0,0,0,0,0,10977432433.3333,0,0,0,2916100,0,0,0,0,0,0,0,0,0,0,0,0,0,0,0,359122933.333333,0,0,0,0,0,0,464841066.666667,0,0,0,0,0,0,0,0,0,0,0,0,10440514000,0,0,0,0,0,0,0,0,0,0,0,0,0,0,0,0,0,0,0,0,0,0,0,0,0,508200,0,0,0,1923900,0,0,0,30903400,16020012100,0,0,0,0,0,0,0,109972733.333333,0,0,0,0,0,0,0,0,0,0,0,0,0,171164166.666667,0,0,0,3479214733.33333,60500,0,0,0,0,0,0,0,0,0,0,0,0,0,0,23744675700,3138533.33333333,580800,0,0,0,0,0,0,0,0,0,0,0,0,0,0,0,0
"Lao People's Democratic Republic",0,0,0,0,0,0,0,0,0,0,0,0,0,0,0,0,0,0,0,0,0,0,0,0,0,0,0,0,0,0,0,0,0,0,0,0,0,0,0,0,0,0,0,0,0,0,0,0,0,0,0,0,0,0,0,0,0,0,0,0,0,0,0,0,0,0,0,0,0,0,0,0,0,0,0,0,0,0,0,0,0,0,0,0,0,0,0,0,0,0,0,0,0,0,0,0,0,0,0,0,0,0,0,0,0,0,0,0,0,0,0,0,0,0,0,0,0,0,0,0,0,0,0,0,0,0,0,0,0,0,0,0,0,0,0,0,0,0,0,0,0,0,0,0,0,0,0,0,0,0,0,0,0,0,0,0,0,0,0,0,0,0,0,0,0,0,0,0,0,0,0,0,0,0,0,0,0,0,0,0,0,0,0,0,0,0,0,0,0,0,0,0,0,0,0
"Lebanon",48400,0,0,0,0,0,72605866.6666667,1815000,0,214066.666666667,0,0,0,0,0,0,0,0,0,0,0,4065600,0,0,55563366.6666667,8885733.33333333,0,2259866.66666667,0,0,0,0,0,0,31856166.6666667,0,0,0,8953300,0,1562500,0,0,0,0,0,49973000,0,735733.333333333,0,0,0,0,1637600,0,0,0,4529266.66666667,1220000,24976066.6666667,0,74656300,0,534000,0,0,0,8183333.33333333,0,0,0,0,0,0,0,0,0,0,36253700,0,0,0,97396166.6666667,0,0,0,787602266.666667,0,0,0,0,0,1233733.33333333,0,0,0,0,4021100,7865000,0,0,0,0,8381466.66666667,399300,3786966.66666667,0,7998100,0,0,0,339816400,0,0,0,0,3346000,0,0,0,0,1620666.66666667,0,9475066.66666667,108351400,0,0,60266.6666666667,213600,0,0,0,0,0,0,0,0,0,1747237933.33333,0,0,0,0,0,0,0,0,29587700,30272533.3333333,0,13170833.3333333,0,0,0,72600,0,0,0,0,0,19676933.3333333,0,39109466.6666667,0,0,1561733.33333333,0,1178866.66666667,0,0,192021500,186618300,4065012300,29157933.3333333,0,0,65016900,0,52357166.6666667,198674633.333333,0,0,45671066.6666667,0,0,71196400,0,920000,0,0,0,0,4567333.33333333,0,0
"Lesotho",0,0,0,0,0,0,0,0,0,0,0,0,0,0,0,0,0,0,0,0,0,0,0,0,0,0,0,0,0,0,0,0,0,0,0,0,0,0,0,0,0,0,0,0,0,0,0,0,0,0,0,0,0,0,0,0,0,0,0,0,0,0,0,0,0,0,0,0,0,0,0,0,0,0,0,0,0,0,0,0,0,0,0,0,0,0,0,0,0,0,0,0,0,0,0,0,0,0,0,0,0,0,0,0,0,0,0,0,0,0,0,0,0,0,0,0,0,0,0,0,0,0,0,0,0,0,0,0,0,0,0,0,0,0,0,0,0,0,0,0,0,0,0,0,0,0,0,0,0,0,0,0,0,0,0,0,0,0,0,0,0,0,0,0,0,0,0,0,0,0,0,0,0,0,0,0,0,0,0,0,0,0,0,0,0,0,0,0,0,0,0,0,0,0,0
"Liberia",0,0,0,0,0,0,0,0,0,0,0,0,0,0,0,0,0,0,0,0,0,0,0,0,0,0,0,0,0,0,0,0,0,0,0,0,0,0,0,0,0,0,0,0,0,0,0,0,0,0,0,0,0,0,0,0,0,0,0,0,0,0,0,0,0,0,0,0,0,0,0,0,0,0,0,0,0,0,0,0,0,0,0,0,0,0,0,0,0,0,0,0,0,0,0,0,0,0,0,0,0,0,0,0,0,0,0,0,0,0,0,0,0,0,0,0,0,0,0,0,0,0,0,0,0,0,0,0,0,0,0,0,0,0,0,0,0,0,0,0,0,0,0,0,0,0,0,0,0,0,0,0,0,0,0,0,0,0,0,0,0,0,0,0,0,0,0,0,0,0,0,0,0,0,0,0,0,0,0,0,0,0,0,0,0,0,0,0,0,0,0,0,0,0,0
"Libya",0,0,0,0,0,0,0,0,0,0,0,0,0,0,0,0,0,0,0,0,0,0,0,0,0,0,0,0,0,0,0,0,0,0,0,0,0,0,0,0,0,0,0,0,0,0,0,0,0,0,0,0,0,36300,0,0,0,0,0,0,0,0,0,0,0,0,0,0,0,0,0,0,0,0,0,0,0,0,0,0,0,0,0,0,0,0,0,0,0,0,0,0,0,0,0,0,0,0,0,0,0,0,0,0,0,0,0,0,0,0,0,0,0,0,0,0,0,0,0,0,0,0,0,0,0,0,0,0,0,0,0,0,0,0,0,0,0,0,0,0,0,0,0,0,0,0,0,0,0,0,0,0,0,0,0,0,0,0,0,0,0,0,0,0,0,0,0,0,0,0,0,0,24200,0,0,0,0,0,0,0,0,0,0,0,0,0,0,0,0,0,0,0,0,0,0
"Lithuania",0,0,0,0,0,0,0,26581333.3333333,0,0,0,0,0,0,0,0,0,0,0,0,0,0,0,0,0,0,0,0,0,0,0,0,0,0,0,0,0,0,0,0,0,293692666400,0,0,102470566.666667,0,0,0,0,31596757900,0,0,17340320933.3333,10513866.6666667,0,0,0,0,0,104863599400,0,0,0,0,0,0,0,0,0,0,0,266200,54244300,0,0,0,0,0,0,15003300,0,0,0,28525200,0,0,150137066.666667,12531200,0,0,0,0,311120266.666667,75042595500,0,0,0,0,0,0,0,0,0,0,0,0,84700,0,0,0,0,0,0,0,0,0,46259876466.6667,0,0,0,0,0,0,0,0,1379166.66666667,0,0,0,0,0,0,0,1553964633.33333,0,0,0,0,0,0,0,0,193482433.333333,0,0,0,0,0,0,0,0,0,0,0,0,0,235733.333333333,0,130533.333333333,0,97065888033.3333,0,0,0,0,0,0,0,0,0,0,0,0,0,0,0,8623743933.33333,15178366.6666667,0,0,0,12143100,0,0,0,0,0,0,9267949733.33333,0,0,0,0,0,0
"Macao SAR, China",0,0,0,0,0,0,0,0,0,0,0,0,0,0,0,0,0,0,0,0,0,0,0,0,0,0,0,0,0,0,0,0,0,0,0,0,0,0,0,0,0,0,0,0,0,0,0,0,0,0,0,0,0,0,0,0,0,0,0,0,0,0,0,0,0,0,0,0,0,0,0,0,0,0,0,0,0,0,0,0,0,0,0,0,0,0,0,0,0,0,0,0,0,0,0,0,0,0,0,0,0,0,0,0,0,0,0,0,0,0,0,0,0,0,0,0,0,0,0,0,0,0,0,0,0,0,0,0,0,0,0,0,0,0,0,0,0,0,0,0,0,0,0,0,0,0,0,0,0,0,0,0,0,0,0,0,0,0,0,0,0,0,0,0,0,0,0,0,0,0,0,0,0,0,0,0,0,0,0,0,0,0,0,0,0,0,0,0,0,0,0,0,0,0,0
"Madagascar",0,0,0,0,0,0,0,0,0,0,0,0,0,0,0,0,0,0,0,0,0,0,0,0,0,0,0,0,0,0,0,0,0,468578366.666667,0,0,0,0,0,0,0,0,0,0,0,0,0,0,0,0,0,0,0,656948266.666667,0,0,0,0,0,0,0,0,0,0,0,0,0,0,0,0,0,0,0,0,0,0,0,0,0,0,0,0,0,0,0,0,0,0,0,0,0,0,0,0,0,0,0,0,0,0,0,0,0,0,0,0,0,830666.666666667,43811733.3333333,0,0,0,0,0,0,0,0,0,0,0,0,0,0,0,0,0,0,0,0,0,0,0,0,0,0,0,0,0,0,0,0,0,0,0,0,0,0,0,0,0,0,0,0,0,0,0,0,0,0,0,0,0,0,0,0,0,0,0,0,0,0,0,0,0,0,0,0,0,0,0,0,0,0,0,0,0,0,0,35600,0,0,0,0,0,0
"Malawi",0,0,0,0,0,0,0,0,0,0,0,0,0,0,0,0,0,0,0,0,0,0,0,0,0,0,0,0,0,0,0,133100,0,0,0,0,0,0,0,0,20410666.6666667,0,0,0,0,0,0,0,0,0,0,0,0,0,0,0,0,0,0,0,0,124600000,0,0,0,0,0,0,0,0,0,0,0,0,0,0,0,0,0,11866.6666666667,0,0,0,0,0,0,0,0,0,0,0,0,0,0,0,0,0,0,0,0,0,0,0,0,0,0,0,0,0,0,0,0,2675686233.33333,0,0,0,0,0,0,0,0,0,0,0,0,0,0,0,0,0,0,0,0,0,0,0,0,0,0,25430266666.6667,0,0,0,0,0,0,0,0,67640000,0,0,0,0,0,0,63843833.3333333,0,0,0,0,0,0,0,0,0,0,0,0,0,0,0,0,0,0,0,0,823233.333333333,0,0,0,0,0,0,0,72600,0,0,1715920000,0,0,0,0,0,0,0
"Malaysia",0,0,0,0,0,0,5559977066.66667,0,0,3121168266.66667,0,14845200,0,0,0,0,0,0,0,0,18676026733.3333,0,63700666.6666667,0,0,13962633.3333333,0,0,2061753200,0,0,2619655633.33333,0,0,0,0,0,0,0,0,0,0,0,0,0,0,0,0,0,0,0,73686133.3333333,0,0,0,0,316884533.333333,0,0,0,0,0,0,0,0,0,0,0,0,0,0,5833706366.66667,0,0,0,729734400,11699039366.6667,0,0,0,0,0,589333.333333333,0,0,0,0,0,0,268135333.333333,0,0,500903866.666667,0,0,0,0,0,54542800,0,0,0,0,0,834733766.666667,0,0,0,1282600,0,0,0,0,0,0,0,0,0,0,0,0,40899733.3333333,0,0,0,0,94933.3333333333,0,0,2274800,0,0,8995211866.66667,0,0,0,0,0,625426133.333333,0,0,0,0,0,0,0,0,72598833.3333333,0,937466.666666667,0,0,0,75694308266.6667,0,0,0,118666.666666667,0,0,0,0,0,0,2232122400,0,3979143800,0,0,0,0,0,0,398158233.333333,0,0,0,0,57765266.6666667,0,0,0,0,688372200,0,0,0,0,0,0,0,0,0,0,0
"Maldives",0,0,0,0,0,0,0,0,0,0,0,0,0,0,0,0,0,0,0,0,0,0,0,0,0,0,0,0,0,0,0,0,0,0,0,0,0,0,0,0,0,0,0,0,0,0,0,0,0,0,0,0,0,0,0,0,0,0,0,0,0,0,0,0,0,0,0,0,0,0,0,0,0,0,0,0,0,0,0,0,0,0,0,0,0,0,0,0,0,0,0,0,0,0,0,0,0,0,0,0,0,0,0,0,0,0,0,0,0,0,0,0,0,0,0,0,0,0,0,0,0,0,0,0,0,0,0,0,0,0,0,0,0,0,0,0,0,0,0,0,0,0,0,0,0,0,0,0,0,0,0,0,0,0,0,0,0,0,0,0,0,0,0,0,0,0,0,0,0,0,0,0,0,0,0,0,0,0,0,0,0,0,0,0,0,0,0,0,0,0,0,0,0,0,0
"Mali",0,0,0,0,0,0,0,0,0,0,0,0,0,0,0,0,0,0,0,0,0,0,0,0,0,2215133.33333333,0,0,0,0,0,0,0,0,4368100,0,0,0,0,0,0,0,0,0,0,0,0,0,0,0,0,0,0,2762300,0,0,0,0,0,0,0,0,0,0,0,0,0,0,0,0,0,0,0,0,0,0,0,0,0,0,0,0,41779866.6666667,0,0,0,0,0,0,0,0,0,0,0,0,0,0,0,0,0,0,0,0,0,0,0,0,18377254000,0,0,0,0,0,0,0,0,0,0,0,0,0,0,0,47466666.6666667,0,0,0,0,0,0,0,0,0,0,0,0,0,0,0,0,0,0,0,0,0,0,0,0,119853333.333333,0,0,0,0,0,0,0,0,0,0,0,0,0,0,0,0,0,0,0,0,0,0,0,0,0,0,0,0,0,0,290733333.333333,0,0,0,0,0,0,0,0,0,0,0,0,0,0,0
"Malta",0,0,0,0,0,0,0,0,0,0,0,0,0,0,0,0,0,0,0,0,0,0,0,0,0,0,0,0,0,0,0,0,0,0,0,0,0,0,0,0,0,0,0,0,0,0,0,0,0,0,0,0,0,0,0,0,0,0,0,0,0,0,0,0,0,0,0,0,0,0,0,0,0,0,0,0,0,0,0,0,0,0,0,0,0,0,0,0,0,0,0,0,0,0,0,0,0,0,0,0,0,0,0,0,0,0,0,0,0,0,0,0,0,0,0,0,0,0,0,0,0,0,0,0,0,0,0,0,0,0,0,0,0,0,0,0,0,0,0,0,0,0,0,0,0,0,0,0,0,0,0,0,0,0,0,0,0,0,0,0,0,0,0,0,0,0,0,0,0,0,0,0,0,0,0,0,0,0,0,0,0,0,0,0,0,0,0,0,0,0,0,0,0,0,0
"Mauritania",0,0,0,0,0,0,0,0,0,0,0,0,0,0,0,0,0,0,0,0,0,0,0,0,0,0,0,0,0,0,0,0,0,0,0,0,0,0,0,0,0,0,0,0,0,0,0,0,0,0,0,0,0,0,0,0,0,0,0,0,0,0,0,0,0,0,0,0,0,0,0,0,0,0,0,0,0,0,0,0,0,0,0,0,0,0,0,0,0,0,0,0,0,0,0,0,0,0,0,0,0,0,0,0,0,0,0,0,0,0,0,0,0,0,0,0,0,0,0,0,0,0,0,0,0,0,0,0,0,0,0,0,0,0,0,0,0,0,0,0,0,0,0,0,0,0,0,0,0,0,0,0,0,0,0,0,0,0,0,0,0,0,0,0,0,0,0,0,0,0,0,0,0,0,0,0,0,0,0,0,0,0,0,0,0,0,0,0,0,0,0,0,0,0,0
"Mauritius",0,0,0,0,0,0,0,0,0,0,0,0,0,0,0,0,0,0,0,0,0,0,0,0,0,0,0,0,0,0,0,0,0,82592000,0,0,0,0,0,0,0,0,0,0,0,0,0,0,0,0,0,0,0,266233.333333333,0,0,0,0,0,0,0,0,0,0,0,0,0,0,0,0,0,0,0,0,0,0,0,0,0,0,0,0,0,0,0,0,0,0,0,0,0,0,0,0,0,0,0,0,0,0,0,0,0,0,0,0,0,0,0,0,0,0,0,0,0,0,0,0,0,0,0,0,0,0,0,0,0,0,0,0,0,0,0,0,0,0,0,0,0,0,0,0,0,0,0,0,0,0,0,4235000,0,0,0,0,0,0,0,0,0,0,0,0,0,0,0,0,0,0,0,0,0,0,0,0,0,0,0,0,0,0,0,0,0,0,0,0,0,0,0,0,0,0,0,0,0
"Mexico",0,0,0,0,0,0,1349888100,0,0,0,0,0,0,0,0,0,435910133.333333,0,6826411066.66667,0,0,0,0,0,0,110944900,0,0,0,0,216178600,0,22470921733.3333,0,0,0,19103937066.6667,761624600,0,0,0,0,0,0,0,21068198666.6667,0,88190436100,0,0,0,0,0,93604266.6666667,0,0,0,0,0,1313657533.33333,0,0,0,0,0,0,89947679366.6667,0,0,0,0,0,3476933.33333333,0,0,0,0,0,0,0,0,0,0,0,0,972558933.333333,0,0,0,0,0,0,0,0,0,0,0,0,0,0,0,0,0,0,0,0,0,0,0,0,0,0,0,0,0,0,0,0,0,0,0,59362600,0,0,0,0,0,6560818133.33333,483019900,0,0,4117578933.33333,0,0,0,0,0,0,0,0,0,0,0,0,0,0,0,0,0,0,0,0,0,0,0,0,1381578000,0,0,0,0,0,0,0,0,0,0,0,0,0,0,0,0,1636839600,0,0,1704711100,0,889441115600,0,0,0,1003771982266.67,0,0,0,0,0,0,0,0,0,0,0,0
"Mongolia",0,0,0,0,0,0,0,0,0,0,0,0,0,0,0,0,0,0,0,0,0,0,0,0,0,0,0,0,0,0,0,0,0,0,0,0,0,0,0,0,0,0,0,0,0,0,0,0,0,0,0,0,0,0,0,0,0,0,0,0,0,0,0,0,0,0,0,0,0,0,0,0,0,0,0,0,0,0,0,0,0,0,0,0,0,0,0,0,0,0,0,0,0,0,0,0,0,0,0,0,0,0,0,0,0,0,0,0,0,0,0,0,0,0,0,0,0,0,0,0,0,0,0,0,0,0,0,0,0,0,0,0,0,0,0,0,0,0,0,0,0,0,0,0,0,0,0,0,0,0,0,0,0,0,0,0,0,0,0,0,0,0,0,0,0,0,0,0,0,0,0,0,0,0,0,0,0,0,0,0,0,0,0,0,0,0,0,0,0,0,0,0,0,0,0
"Morocco",0,0,0,0,0,0,0,0,0,0,0,0,0,0,0,0,0,0,0,0,0,0,0,0,0,0,0,0,0,0,0,11866.6666666667,0,0,0,0,0,0,0,0,0,23733.3333333333,0,0,0,0,0,0,0,0,0,0,0,845338000,0,0,0,0,12100,465442133.333333,0,0,0,3843466.66666667,0,0,0,0,0,0,0,0,0,0,0,0,0,0,0,0,0,28238933.3333333,0,0,0,0,0,0,0,0,0,0,0,0,0,0,0,0,34456846666.6667,0,0,0,0,0,0,0,0,1320000,0,0,0,0,0,0,0,0,787906933.333333,0,0,0,0,0,0,0,0,0,0,0,0,0,0,0,0,0,0,0,0,0,14933.3333333333,0,0,0,0,0,0,0,0,0,1305333.33333333,0,0,0,0,0,0,0,1335242366.66667,0,0,0,0,266384533.333333,0,0,0,0,0,0,0,0,0,0,0,627200,0,0,4261618666.66667,0,0,0,0,0,0,0,0,0,0,0,2182133.33333333,0,0,0,0,0,0
"Mozambique",0,0,0,0,0,0,0,0,0,0,0,0,0,0,0,0,0,0,0,0,0,0,0,0,0,0,0,0,0,0,0,0,0,0,0,0,0,0,0,0,0,0,0,0,0,0,0,0,0,0,0,0,0,0,0,0,0,0,0,0,0,0,0,0,0,0,0,0,0,0,0,0,0,0,0,0,0,0,0,0,0,0,0,0,0,0,0,0,0,0,0,0,0,0,0,0,0,0,0,0,0,0,0,0,0,0,0,0,0,0,0,0,0,0,0,0,0,0,0,0,0,0,0,0,0,0,0,0,0,0,0,0,0,0,0,0,0,0,0,0,0,0,0,0,0,0,0,0,0,0,0,0,0,0,0,0,0,0,0,0,0,0,0,0,0,0,0,0,0,0,0,0,0,0,0,0,0,0,0,0,0,0,0,0,0,0,0,0,0,0,0,0,0,0,0
"Republic of Moldova",0,0,0,0,0,0,871200,3516800,0,0,0,544500,0,0,0,0,0,0,650174666.666667,0,0,1230941200,0,0,12100,1851300,0,0,269136000,0,0,0,0,0,0,0,0,0,146435461733.333,0,0,0,0,0,9566099733.33333,0,2819021600,0,0,14921336533.3333,0,0,0,1482455200,0,0,0,0,0,116474600,0,0,0,167778277900,0,0,0,0,0,0,0,0,0,0,0,0,29144533.3333333,0,0,6292000,14390588000,272060571533.333,0,8033733.33333333,29358133.3333333,0,0,0,0,0,0,0,0,0,0,68889797333.3333,0,0,0,0,0,0,0,0,0,0,3417623733.33333,0,0,0,0,0,0,0,0,0,3145378666.66667,0,0,0,0,0,0,0,0,750200,0,0,45686666.6666667,0,0,0,0,5526840666.66667,0,0,0,0,0,0,162200509666.667,0,370940133.333333,0,0,0,0,0,0,0,0,0,10988414666.6667,0,257862666.666667,0,1793516133.33333,0,0,0,0,463196216133.333,74813530533.3333,0,168969466.666667,0,0,0,0,0,0,2491264266.66667,474226662533.333,147740000,0,0,70265167733.3333,16080994666.6667,45713800,0,0,0,0,289178800,0,0,0,0,0,0,25964266.6666667,0,0,0,0
"Namibia",0,0,0,0,0,0,968783400,0,0,0,0,0,0,0,0,0,0,0,0,0,0,0,0,0,0,0,0,0,0,0,0,0,0,0,0,0,0,0,0,0,0,12100,0,0,0,0,0,0,0,0,0,0,0,0,0,0,0,0,0,84466.6666666667,0,0,0,72600,0,0,0,0,0,0,0,0,0,0,0,0,0,0,0,0,0,423500,0,0,0,0,0,0,0,0,0,0,0,0,0,0,0,121000,0,387200,0,0,0,0,0,0,0,0,0,0,0,0,0,0,0,0,0,0,0,0,0,0,0,0,0,23733.3333333333,0,0,0,0,0,0,0,0,0,0,0,0,0,0,0,0,0,0,0,12100,0,0,0,12100,0,0,0,0,0,831401800,0,0,0,0,0,0,0,0,0,0,0,0,0,0,0,0,0,0,36300,0,0,0,11866.6666666667,0,0,0,0,0,0,0,200230566.666667,0,0,0,0,0,0,0,0
"Nepal",0,0,0,0,0,0,1888933.33333333,0,0,0,0,0,0,0,0,0,0,0,0,0,0,0,0,0,0,94933.3333333333,0,0,0,0,0,1954500,0,0,0,0,0,0,0,0,0,0,0,0,0,0,0,0,0,0,0,0,0,0,0,0,0,0,0,0,0,0,0,0,0,0,0,0,0,0,0,0,0,0,0,0,0,0,0,0,0,0,0,0,0,9650800,0,0,0,0,0,0,0,0,0,0,0,0,0,0,0,0,0,0,0,0,0,0,0,0,0,0,0,0,0,0,0,0,0,0,0,0,0,0,0,0,0,0,0,0,0,0,0,0,0,0,0,0,0,0,0,0,0,0,0,0,0,0,0,0,0,0,0,0,0,0,0,0,0,0,0,0,0,0,0,0,0,0,0,0,0,0,0,0,0,0,1246000,0,0,0,0,0,0,0,0,0,0,0,0,0,0,0,0,0,0
"Netherlands",581466.666666667,200216766.666667,0,125074666.666667,0,0,4825433.33333333,3156439633.33333,0,461066.666666667,1089000,0,0,0,0,0,0,0,0,0,0,91817433.3333333,0,0,0,71331700,0,53106900,0,795600,71200,58933.3333333333,0,0,0,0,0,0,107310900,9333.33333333333,0,60722395233.3333,0,166133.333333333,541333.333333333,605000,0,0,2946666.66666667,308566233.333333,18666.6666666667,0,909379100,136229318133.333,0,0,56588000,1355466.66666667,0,1256456278933.33,24866.6666666667,1521566.66666667,0,162823266.666667,0,0,0,2289433.33333333,121000,707200,0,71883266.6666667,568646900,73660133.3333333,17734046000,5904800,39881600,14323066.6666667,106636500,454616300,15777900,4947855600,0,724266.666666667,0,231801633.333333,37159500,38198800,2534133.33333333,0,0,6503466.66666667,19990400,93989200,0,17410333.3333333,0,723866.666666667,10246200,255658733.333333,130533.333333333,0,0,184767000,36300,84724566.6666667,64128900,0,60500,0,0,1731333.33333333,36300,3509333.33333333,0,0,0,0,0,0,0,1008666.66666667,0,0,6278200,20088483866.6667,0,302500,320733866.666667,0,0,0,486533.333333333,5098712066.66667,966402666.666667,0,0,169433333.333333,9389966.66666667,0,534055066.666667,0,16759466.6666667,0,0,0,0,17622800,4918100,117333.333333333,4893033.33333333,72375566.6666667,106534733.333333,3272000,14950000,53293200,12407423000,21481533.3333333,0,0,1198707900,345940800,0,0,42716500,530400,0,15009600,0,205700,231466.666666667,0,2670650133.33333,288087166.666667,0,0,59706291966.6667,13877233.3333333,12222666.6666667,166266.666666667,0,20731066.6666667,0,0,0,0,819800,0,1354726782966.67,3364136333.33333,3508666.66666667,46666.6666666667,0,0,0
"Netherlands Antilles",0,0,0,0,0,0,0,0,0,0,0,0,0,0,0,0,0,0,0,0,0,0,0,0,0,0,0,0,0,0,0,0,0,0,0,0,0,0,0,0,0,0,0,0,0,0,0,0,0,0,0,0,0,0,0,0,0,0,0,0,0,0,0,0,0,0,0,0,0,0,0,0,0,0,0,0,0,0,0,0,0,0,0,0,0,0,0,0,0,0,0,0,0,0,0,0,0,0,0,0,0,0,0,0,0,0,0,0,0,0,0,0,0,0,0,0,0,0,0,0,0,0,0,0,0,0,0,0,0,0,0,0,0,0,0,0,0,0,0,0,0,0,0,0,0,0,0,0,0,0,0,0,0,0,0,0,0,0,0,0,0,0,0,0,0,0,0,0,0,0,0,0,0,0,0,0,0,0,0,0,0,0,0,0,0,0,0,0,0,0,0,0,0,0,0
"New Caledonia",0,0,0,0,0,0,0,0,0,0,0,0,0,0,0,0,0,0,0,0,0,0,0,0,0,0,0,0,0,0,0,0,0,0,0,0,0,0,0,0,0,0,0,0,0,0,0,0,0,0,0,0,0,0,0,0,0,0,0,0,0,0,0,0,0,0,0,0,0,0,0,0,0,0,0,0,0,0,0,0,0,0,0,0,0,0,0,0,0,0,0,0,0,0,0,0,0,0,0,0,0,0,0,0,0,0,0,0,0,0,0,0,0,0,0,0,0,0,0,0,0,0,0,0,0,0,0,0,0,0,0,0,0,0,0,0,0,0,0,0,0,0,0,0,0,0,0,0,0,0,0,0,0,0,0,0,0,0,0,0,0,0,0,0,0,0,0,0,0,0,0,0,0,0,0,0,0,0,0,0,0,0,0,0,0,0,0,0,0,0,0,0,0,0,0
"The former Yugoslav Republic of Macedonia",0,0,2866413800,0,0,0,181500,0,0,0,0,0,0,0,0,0,0,0,0,0,0,23304600,0,0,0,5711200,0,0,0,0,0,0,0,0,0,0,0,0,0,0,0,0,0,0,0,0,0,0,0,0,0,0,0,0,0,0,0,0,0,5614400,0,0,0,46603233466.6667,0,0,0,0,0,0,0,0,0,41901200,0,0,0,0,0,0,0,0,0,0,0,0,0,0,0,0,0,0,0,0,0,0,0,0,0,0,0,0,0,0,0,0,0,0,0,0,0,0,0,0,0,0,0,0,0,0,0,0,0,0,0,1831200,0,0,47466.6666666667,0,0,0,0,0,0,0,0,0,0,0,0,0,0,0,0,0,0,0,0,0,0,0,0,0,0,0,0,0,0,0,121000,0,0,0,0,0,0,0,0,0,0,0,0,0,0,0,0,0,2565200,0,0,0,0,0,0,0,0,0,0,0,8669666.66666667,28380300,0,0,0
"Vanuatu",0,0,0,0,0,0,0,0,0,0,0,0,0,0,0,0,0,0,0,0,0,0,0,0,0,0,0,0,0,0,0,0,0,0,0,0,0,0,0,0,0,0,0,0,0,0,0,0,0,0,0,0,0,0,0,0,0,0,0,0,0,0,0,0,0,0,0,0,0,0,0,0,0,0,0,0,0,0,0,0,0,0,0,0,0,0,0,0,0,0,0,0,0,0,0,0,0,0,0,0,0,0,0,0,0,0,0,0,0,0,0,0,0,0,0,0,0,0,0,0,0,0,0,0,0,0,0,0,0,0,0,0,0,0,0,0,0,0,0,0,0,0,0,0,0,0,0,0,0,0,0,0,0,0,0,0,0,0,0,0,0,0,0,0,0,0,0,0,0,0,0,0,0,0,0,0,0,0,0,0,0,0,0,0,0,0,0,0,0,0,0,0,0,0,0
"New Zealand",0,0,0,0,0,10017333.3333333,9623639566.66667,143456133.333333,0,12100,0,0,0,0,0,0,0,0,0,285733.333333333,0,0,0,0,0,0,0,0,0,0,0,0,0,0,0,112363866.666667,0,0,0,0,0,0,0,0,0,0,0,0,0,0,0,2141585800,0,207013900,1622500,0,0,0,0,136798933.333333,0,0,604300,0,0,0,0,0,0,0,0,167497933.333333,0,0,0,0,0,0,0,0,0,0,0,0,0,1231690966.66667,0,0,0,0,0,429375466.666667,0,0,0,0,0,0,0,0,0,0,0,871200,0,0,0,0,0,0,0,0,0,0,0,0,1364666.66666667,0,953817500,0,758800,0,0,0,0,0,0,0,0,1790299633.33333,0,0,0,0,0,0,0,0,0,0,0,0,0,0,0,0,0,0,0,0,0,0,0,139489600,0,25679466.6666667,0,0,0,0,0,271782266.666667,0,0,1437274300,0,791860300,0,71174933.3333333,0,0,0,0,0,0,0,2551333.33333333,0,185618400,0,0,0,0,3443775066.66667,0,0,0,0,0,0,0,0,0,0,0
"Nicaragua",0,0,0,0,0,0,0,0,0,0,0,0,0,0,0,0,0,0,0,0,0,0,0,0,0,0,0,0,0,0,0,0,0,0,0,0,47466.6666666667,0,0,0,0,0,0,0,0,0,0,1663481200,0,0,0,0,0,0,0,0,0,0,0,0,0,0,0,0,0,0,21775333.3333333,0,0,0,5019830400,0,0,0,0,0,0,0,0,0,0,0,0,0,0,0,0,0,0,0,0,0,0,0,0,0,0,0,0,0,0,0,0,0,0,0,0,0,0,0,0,0,0,0,0,0,0,0,0,0,0,0,0,0,0,0,0,0,0,0,0,0,0,0,0,0,0,0,0,0,0,0,0,0,0,0,0,0,0,0,0,0,0,0,0,0,0,0,0,0,0,0,0,0,0,0,0,0,0,0,0,0,0,0,0,0,0,0,5076566.66666667,0,0,0,0,0,0,0,0,0,0,0,0,0,0,0,0
"Niger",0,0,0,0,0,0,0,0,0,0,0,0,0,0,0,0,0,0,0,0,0,0,0,0,0,261100,0,0,0,0,0,0,0,0,0,0,0,0,0,0,0,0,0,0,0,0,0,0,0,0,0,0,0,0,0,0,0,0,0,0,0,0,0,0,0,0,0,0,0,0,0,0,0,0,0,0,0,0,0,0,0,0,0,0,0,0,0,0,0,0,0,0,0,0,0,0,0,0,0,0,0,0,0,0,0,0,0,0,0,0,0,0,0,0,0,0,0,0,0,0,0,0,0,0,237333.333333333,0,0,0,0,0,0,0,0,0,0,0,0,0,0,0,0,0,0,0,0,0,0,0,0,0,0,0,0,0,0,0,0,0,0,0,0,0,0,0,0,0,0,0,0,0,0,0,0,0,0,0,0,0,0,6050000,0,0,0,0,0,0,0,0,0,0,0,0,0,0,0
"Nigeria",0,0,0,0,0,0,1911800,1758766.66666667,12100,71200,0,0,0,0,0,0,0,0,0,0,0,0,0,0,0,480194900,0,0,0,0,0,0,0,0,0,0,0,0,36300,0,54519433.3333333,0,0,0,0,0,0,0,0,0,0,0,0,31625433.3333333,0,0,48400,0,36300,1790800,0,1664200800,0,0,0,0,0,0,0,0,0,0,0,0,193600,145200,0,0,0,10950266.6666667,0,0,6054900,0,0,0,0,0,35600,0,0,11866.6666666667,193600,0,0,0,0,0,0,0,0,0,0,0,0,0,0,0,0,0,0,0,0,0,0,47466.6666666667,16047266.6666667,0,0,0,0,0,0,39958198733.3333,0,2504700,0,0,0,0,0,0,0,0,0,0,0,0,0,118666.666666667,0,0,0,0,0,0,0,0,0,0,0,0,0,7779833.33333333,0,1219500,0,0,0,0,506633.333333333,1605533.33333333,0,0,0,35600,0,0,0,0,0,0,11866.6666666667,21740333.3333333,0,0,20206833.3333333,1173700,287230666.666667,0,0,0,0,0,11866.6666666667,0,0,296666.666666667,25779400,0,0,0,0,0,0
"Norway",0,0,0,0,0,0,0,0,0,0,0,0,0,0,0,0,0,0,0,0,0,0,0,0,0,0,0,0,0,0,0,0,0,0,0,0,0,0,0,0,0,85133433.3333333,0,0,0,0,0,0,0,0,0,0,243233366.666667,0,0,0,0,0,0,484000,0,0,0,0,0,0,0,0,0,0,0,0,0,0,0,0,0,0,0,0,0,825066.666666667,0,0,0,0,0,0,0,0,0,0,0,0,0,0,0,0,0,0,0,0,0,0,0,0,0,0,0,0,0,0,0,0,0,0,0,0,0,0,0,0,0,0,0,0,0,0,0,0,0,0,0,0,0,0,0,0,0,0,0,0,0,0,0,0,0,0,0,0,0,0,0,0,0,0,0,0,0,0,256946200,0,0,0,0,0,0,0,0,0,0,0,0,0,0,0,0,0,0,0,0,0,0,0,0,0,0,0,0,0,0,0,0,0,0
"Pakistan",0,415259148666.667,0,0,0,0,2172180000,0,0,9394840000,0,1172426666.66667,0,0,0,0,0,0,0,0,27293333.3333333,0,0,0,0,2731806666.66667,0,0,111284413333.333,0,0,0,0,0,0,0,0,0,0,0,0,0,0,0,0,0,227840000,0,0,0,0,0,0,63920000,0,0,0,0,5933333.33333333,275880000,0,0,0,0,0,0,0,141213333.333333,0,0,0,5424150800,0,0,0,1140386666.66667,1200906666.66667,0,0,1210000,0,115203333.333333,0,364210000,0,0,281240000,32670000,1186666.66666667,0,0,1543970000,256366666.666667,0,0,0,0,56960000,0,0,0,0,0,137955933333.333,11954800,0,0,0,1210000,0,0,0,5933333.33333333,0,0,13473413333.3333,19290000,0,0,0,0,245630000,0,0,0,88330000,0,0,0,0,0,0,0,14520000,0,0,0,0,4985186666.66667,0,72600000,0,0,0,0,0,0,509150000,0,1193786666.66667,435600000,0,0,784386666.666667,5147760000,27480000,0,0,0,0,206770000,0,0,0,1444173333.33333,0,0,0,0,1210000,86593650000,0,131720000,230571750000,0,0,227083333.333333,0,1666320000,0,0,378730000,0,257926746666.667,0,2373333333.33333,0,0,1815000,0,0,0,0,0,0
"Panama",0,0,0,0,0,0,0,0,0,0,0,0,0,0,0,0,0,0,0,0,0,0,0,0,0,0,0,0,0,0,0,0,0,0,0,0,6558200,2395800,0,0,0,0,0,0,0,0,0,14532100,0,0,0,0,0,0,0,0,0,0,0,0,0,0,0,0,0,0,0,0,0,0,0,0,0,0,0,0,0,0,0,0,0,0,0,0,0,0,0,0,0,0,0,0,0,0,0,0,0,0,0,0,0,0,0,0,0,0,0,0,0,0,0,0,0,0,0,0,0,0,0,0,0,0,0,0,0,0,0,0,0,0,0,0,0,0,0,0,0,0,0,0,0,0,0,0,0,0,0,0,0,0,0,0,0,0,0,0,0,0,0,0,0,0,0,0,0,0,0,0,0,0,0,0,0,0,0,0,0,0,0,0,0,0,0,0,0,0,0,0,0,0,0,0,0,0,0
"Czech Republic",0,0,0,0,0,0,0,516792046300,0,4662500,0,0,0,0,0,0,0,0,0,0,0,44189333.3333333,0,0,0,0,0,0,0,0,23733.3333333333,0,0,0,0,0,0,0,0,0,0,63147966.6666667,0,0,71200,0,0,0,0,134346533.333333,0,0,199862133.333333,457307033.333333,0,0,0,0,0,496544907766.667,0,0,0,2463500,0,0,0,0,0,0,0,30946566.6666667,1722710200,23911666.6666667,0,0,0,0,0,0,0,153095833.333333,0,628933.333333333,0,25109866.6666667,0,4568666.66666667,0,0,0,0,0,435729733.333333,0,0,0,0,0,150208000,0,0,0,0,0,0,0,0,0,0,0,0,0,48733.3333333333,0,0,302299866.666667,0,0,0,0,0,0,0,0,27079800,0,0,0,0,0,0,0,117862234633.333,39717733.3333333,0,0,0,0,0,305237533.333333,0,652666.666666667,0,0,0,0,0,0,0,0,15032066.6666667,38806564900,0,0,0,83300,0,0,0,173961166.666667,1573241200,0,0,0,0,0,0,0,0,0,0,0,0,0,0,263748366.666667,121000,0,0,0,0,0,0,0,0,0,0,2220014966.66667,59800,1028500,0,0,0,0
"Papua New Guinea",0,0,0,0,0,0,0,0,0,0,0,0,0,0,0,0,0,0,0,0,0,0,0,0,0,0,0,0,0,0,0,0,0,0,0,0,0,0,0,0,0,0,0,0,0,0,0,0,0,0,0,0,0,0,0,0,0,0,0,0,0,0,0,0,0,0,0,0,0,0,0,0,0,0,0,0,0,0,0,0,0,0,0,0,0,0,0,0,0,0,0,0,0,0,0,0,0,0,0,0,0,0,0,0,0,0,0,0,0,0,0,0,0,0,0,0,373000,0,0,0,0,0,0,0,0,0,0,0,0,0,0,0,0,0,0,0,0,0,0,0,0,0,0,0,0,0,0,0,0,0,0,0,0,0,0,0,0,0,0,0,0,0,0,0,0,0,0,0,0,0,0,0,0,0,0,0,0,0,0,0,0,0,0,0,0,0,0,0,0,0,0,0,0,0,0
"Paraguay",0,0,0,33725066666.6667,0,58112549200,2129600,0,0,0,0,0,0,0,0,0,5389835462800,0,0,0,0,0,0,0,0,0,6526666666.66667,0,0,0,737153630933.333,0,3.916e+10,0,0,0,0,0,0,0,0,0,0,26225392666.6667,0,0,63615657333.3333,0,0,0,0,0,0,302500,0,0,0,0,0,538433.333333333,0,0,0,0,0,0,0,0,0,0,0,0,0,0,0,0,0,0,1.5664e+10,0,0,120066.666666667,0,0,0,0,0,0,0,0,0,930401253333.333,0,0,0,0,0,0,0,0,0,0,0,5927838800,0,0,0,0,17444011866.6667,0,0,0,0,0,0,0,0,0,0,0,0,0,0,0,0,0,0,0,0,0,0,6882678533.33333,0,0,256901466.666667,0,0,0,608760000,0,0,0,0,0,0,0,0,409048480666.667,47166784133.3333,0,0,0,0,0,0,0,3645821366.66667,0,0,0,0,0,0,0,0,0,0,0,0,0,0,33689036533.3333,0,0,0,0,0,72600,121081767000,0,422315483666.667,0,0,51047919866.6667,0,0,0,0,0,0,0,0,0,0,0
"Peru",0,0,0,0,0,4687333.33333333,7263133.33333333,0,0,498400,0,0,0,0,84443200,0,121000,0,0,0,0,484000,0,0,0,166984733.333333,0,0,0,0,3270082966.66667,1178874733.33333,6418033.33333333,0,0,0,23966.6666666667,11866.6666666667,0,0,0,640800,2858266.66666667,0,0,5109549233.33333,0,166133.333333333,0,0,0,0,0,26534800,0,0,0,0,0,62102433.3333333,0,0,0,0,0,0,5694133.33333333,0,0,0,0,250133.333333333,6135066.66666667,0,0,0,0,0,0,0,5624800,397719100,0,0,0,5120688400,0,0,94933.3333333333,0,0,185300400,0,0,0,0,0,0,0,0,0,0,0,0,118666.666666667,0,0,0,0,640800,0,0,0,0,0,0,166108066.666667,0,0,0,0,1137400,0,0,0,0,0,48095833.3333333,2173566.66666667,0,0,0,11866.6666666667,0,66370066.6666667,0,0,0,0,0,0,0,14156533.3333333,0,0,0,0,4734800,0,0,0,0,0,110579566.666667,0,0,18949316566.6667,0,0,0,36300,13248100,0,0,229433.333333333,0,0,0,0,0,0,0,0,2909666.66666667,0,0,79762966.6666667,0,8725426800,0,237333.333333333,0,11866.6666666667,0,0,0,0,0,577832833.333333,0,0,0,0,0,0
"Philippines",0,0,0,0,0,0,6431733.33333333,0,0,0,0,510266.666666667,0,0,0,0,5280666.66666667,0,0,0,0,0,65314133.3333333,0,0,344133.333333333,0,0,0,0,59333.3333333333,4912800,0,0,0,0,0,0,0,0,0,0,0,0,0,0,0,0,0,0,0,0,0,23733.3333333333,0,0,0,0,0,47466.6666666667,0,0,25691333.3333333,0,0,0,0,0,0,0,0,64625866.6666667,0,0,0,0,178000,0,0,0,0,0,0,0,0,590100,0,0,0,0,0,0,0,0,0,0,0,0,0,0,0,0,0,0,0,0,0,0,0,0,0,0,0,0,0,0,0,0,0,0,0,0,0,0,0,0,0,0,0,0,0,0,0,0,0,0,0,0,1246000,0,0,0,0,0,0,0,0,0,0,0,0,0,0,23733.3333333333,0,830666.666666667,0,0,0,0,96800,0,0,0,15747066.6666667,0,1340933.33333333,0,0,0,0,0,0,2116466.66666667,0,0,0,0,640800,0,0,0,0,3460225066.66667,0,0,0,0,0,0,0,0,0,0,0
"Poland",0,0,0,0,0,0,12100,5141348433.33333,0,0,0,0,0,0,0,0,0,0,0,0,0,191673400,0,0,2227452700,6800533.33333333,0,0,0,0,35600,0,0,0,0,0,0,0,100532800,18676666.6666667,0,207240631766.667,0,0,508275800,0,0,0,0,534973600,0,0,52606653766.6667,26662940900,0,0,60500,1619766500,0,3944474738600,0,0,0,20703966.6666667,0,0,0,1285746000,0,0,0,12433.3333333333,17559272733.3333,88676233.3333333,18659027466.6667,48400,157300,96800,5069900,59004605900,30250000,3003868533.33333,911662400,9908666.66666667,0,142400000,302500000,0,0,0,0,244601200,6574133.33333333,2252228000,0,12100,0,0,580800,56248484166.6667,0,0,0,1656626666.66667,0,159720000,2101333.33333333,0,0,0,96800,0,0,53364400,0,0,856643998433.333,0,0,0,0,0,0,0,242000,158450463600,0,0,83392678933.3333,0,0,0,3650570000,0,58514766.6666667,0,0,0,569600,0,736584666.666667,0,3273134866.66667,0,0,0,0,1189966.66666667,978164000,0,0,1126133.33333333,19882697233.3333,0,0,0,12134091633.3333,0,0,0,90582118066.6667,2339143700,0,0,1403842000,0,604286100,0,0,0,0,0,240596666.666667,7096266.66666667,0,0,402583489900,524584333.333333,91327166.6666667,2403786000,0,55417333.3333333,0,35600,0,0,0,0,55095920866.6667,349248100,3000566.66666667,0,0,0,0
"Portugal",0,0,0,0,0,0,121000,157300,0,0,0,0,0,0,0,0,121000,0,0,0,0,0,0,0,0,80825200,6636821766.66667,0,0,0,0,40927866.6666667,0,0,859100,0,0,1706100,1461466.66666667,0,0,0,0,0,0,0,0,0,1140700,0,0,0,3263566.66666667,3862626900,0,0,0,0,0,412532933.333333,0,559866.666666667,0,0,0,0,0,0,0,0,0,0,217299200,0,0,0,0,0,0,32170633.3333333,315108200,22493666.6666667,47933.3333333333,0,0,118666.666666667,0,0,0,0,0,0,0,0,0,0,0,0,0,1173700,3035833.33333333,0,0,0,0,0,359817466.666667,72600,0,0,0,15350433.3333333,12117933.3333333,0,0,0,143415800,0,0,0,0,0,0,0,0,154733.333333333,0,0,3630000,0,0,712000,0,137772766.666667,0,280508333.333333,0,0,0,0,0,0,314660500,0,0,0,3061922533.33333,0,12100,0,0,0,11812266.6666667,0,0,8179600,468449268166.667,59333.3333333333,0,0,36300,350161400,0,0,0,0,2178000,71200,0,0,0,0,0,36300,0,0,501801700,0,8776666.66666667,0,0,0,31012300,0,2636100,0,60033.3333333333,0,159758033.333333,123068966.666667,0,0,0,0,0
"Guinea-Bissau",0,0,0,0,0,0,0,0,0,0,0,0,0,0,0,0,0,0,0,0,0,0,0,0,0,0,0,0,0,0,0,0,0,0,0,0,0,0,0,0,0,0,0,0,0,0,0,0,0,0,0,0,0,0,0,0,0,0,0,0,0,0,0,0,0,0,0,0,0,0,0,0,0,0,0,0,0,0,0,0,0,0,0,0,0,0,0,0,0,0,0,0,0,0,0,0,0,0,0,0,0,0,0,0,0,0,0,0,0,0,0,0,0,0,0,0,0,0,0,0,0,0,0,0,0,0,0,0,0,0,0,0,0,0,0,0,0,0,0,0,0,0,0,0,0,0,0,0,0,0,0,0,0,0,0,0,0,0,0,0,0,0,0,0,0,0,0,0,0,0,0,0,0,0,0,0,0,0,0,0,0,0,0,0,0,0,0,0,0,0,0,0,0,0,0
"Timor-Leste",0,0,0,0,0,0,0,0,0,0,0,0,0,0,0,0,0,0,0,0,0,0,0,0,0,0,0,0,0,0,0,0,0,0,0,0,0,0,0,0,0,0,0,0,0,0,0,0,0,0,0,0,0,0,0,0,0,0,0,0,0,0,0,0,0,0,0,0,0,0,0,0,0,0,0,0,0,0,0,0,0,0,0,0,0,0,0,0,0,0,0,0,0,0,0,0,0,0,0,0,0,0,0,0,0,0,0,0,0,0,0,0,0,0,0,0,0,0,0,0,0,0,0,0,0,0,0,0,0,0,0,0,0,0,0,0,0,0,0,0,0,0,0,0,0,0,0,0,0,0,0,0,0,0,0,0,0,0,0,0,0,0,0,0,0,0,0,0,0,0,0,0,0,0,0,0,0,0,0,0,0,0,0,0,0,0,0,0,0,0,0,0,0,0,0
"Eritrea",0,0,0,0,0,0,0,0,0,0,0,0,0,0,0,0,0,0,0,0,0,0,0,0,0,0,0,0,0,0,0,0,0,0,0,0,0,0,0,0,0,0,0,0,0,0,0,0,0,0,0,0,0,0,0,0,0,0,0,0,0,0,0,0,0,0,0,0,0,0,0,0,0,0,0,0,0,0,0,0,0,0,0,0,0,0,0,0,0,0,0,0,0,0,0,0,0,0,0,0,0,0,0,0,0,0,0,0,0,0,0,0,0,0,0,0,0,0,0,0,0,0,0,0,0,0,0,0,0,0,0,0,0,0,0,0,0,0,0,0,0,0,0,0,0,0,0,0,0,0,0,0,0,0,0,0,0,0,0,0,0,0,0,0,0,0,0,0,0,0,0,0,0,0,0,0,0,0,0,0,0,0,0,0,0,0,0,0,0,0,0,0,0,0,0
"Qatar",0,0,0,0,0,0,0,0,0,0,0,0,0,0,0,0,0,0,0,0,0,0,0,0,0,0,0,0,0,0,0,0,0,0,0,0,0,0,0,0,0,0,0,0,0,0,0,0,0,0,0,0,0,0,0,0,0,0,0,0,0,0,0,0,0,0,0,0,0,0,0,0,0,0,0,0,0,0,0,0,0,0,0,0,0,0,0,0,0,0,0,0,0,0,0,0,0,0,0,0,0,0,0,0,0,0,0,0,0,0,0,0,0,0,0,0,0,0,0,0,0,0,0,0,0,0,104426666.666667,0,0,0,0,0,0,0,0,0,0,0,0,0,0,0,0,0,0,0,0,0,0,0,0,0,0,0,0,0,0,0,0,0,0,0,0,0,0,0,0,0,0,0,0,0,0,0,0,0,0,0,0,0,0,0,0,0,0,0,0,0,0,0,0,0,0,0,0
"Zimbabwe",0,0,0,59333.3333333333,0,0,0,0,0,0,0,0,0,0,0,314585333.333333,0,0,0,0,0,0,0,0,0,0,0,0,0,0,0,0,0,0,0,0,0,0,0,0,0,0,0,0,0,0,0,0,0,0,0,0,0,0,0,0,0,0,0,0,0,142400,0,0,0,0,0,0,0,0,0,0,0,0,0,0,0,0,0,0,0,0,59333.3333333333,0,0,0,0,0,153661466.666667,0,0,0,0,0,0,0,0,0,0,0,0,0,79388000,0,0,0,0,0,0,0,0,0,5069796000,0,186306666.666667,0,0,0,0,0,0,0,0,0,47466.6666666667,0,35600,0,0,0,0,0,0,0,0,0,0,0,0,0,0,0,0,0,0,0,0,0,35600,0,0,0,0,0,0,605741266.666667,0,0,0,0,0,0,0,0,0,1352800000,0,0,0,0,0,0,0,0,0,0,0,0,0,118666.666666667,0,0,0,0,450933.333333333,0,0,2178968800,0,0,0,0,0,0,0
"Romania",0,0,49756933.3333333,32218640800,0,23733.3333333333,0,71581774933.3333,0,214205200,0,0,0,0,0,0,0,0,0,0,0,102087339200,0,0,8695616600,12946145933.3333,0,0,12586819066.6667,0,83066.6666666667,0,0,0,3543742666.66667,0,0,0,390399896033.333,167177600,0,46388949266.6667,0,0,1369377733.33333,0,1939562036133.33,0,0,0,0,0,227133.333333333,494510905866.667,0,0,0,570442400,0,850891763300,426739366.666667,0,0,543994063800,0,0,0,0,0,0,0,0,234322879600,2573687033.33333,0,0,485441600,2080256452000,509957967200,198596798466.667,766360476133.333,1728627457866.67,4971841600,106728800,0,0,59386573333.3333,0,6092702666.66667,0,0,945172096800,0,2516800,0,873216178266.667,0,0,239816231600,181911400,52266.6666666667,0,0,0,0,0,11526117066.6667,0,0,11866.6666666667,0,0,0,28248580233.3333,0,0,1714721907100,0,0,102195733.333333,0,271090611966.667,0,0,0,1699659400,0,0,49015632400,0,0,0,0,25789441733.3333,694867149000,36300,0,0,137794048266.667,0,0,0,11236558533.3333,0,0,0,0,148004887733.333,0,0,237333.333333333,684208300,3642568266.66667,0,0,0,3710201126400,0,0,0,6908866.66666667,20961457466.6667,290519970666.667,0,0,76239333.3333333,27830000,0,0,0,5417441866.66667,275115482800,2627487221233.33,22040695733.3333,0,0,301516480666.667,21066015200,73339393433.3333,0,0,61801600,0,81977994933.3333,0,0,0,0,142379998066.667,847000,7195781200,0,60835214266.6667,0,0
"Rwanda",0,0,0,0,0,0,0,0,0,0,0,0,0,0,0,0,0,0,0,0,0,0,0,1898666.66666667,0,0,0,4722933.33333333,0,0,0,0,0,0,278300,0,19965000,0,0,0,0,0,0,0,0,0,0,0,0,0,0,0,0,0,0,0,0,0,0,0,0,0,0,0,0,0,0,0,0,0,0,0,0,0,0,0,0,0,0,0,0,0,0,0,0,0,0,0,16304800,0,0,0,0,0,0,0,0,0,0,0,0,0,0,0,0,0,0,0,0,0,0,0,0,0,0,0,0,0,0,0,0,0,0,0,12100,0,0,0,0,0,0,0,0,0,0,0,0,0,0,0,0,0,0,0,0,0,0,0,0,0,0,0,0,0,0,0,0,0,0,0,0,0,0,0,0,1815000,0,0,0,0,0,0,0,326233.333333333,28680388000,0,12685466.6666667,0,1222100,0,0,0,0,0,0,0,99434208600,0,0,0,0,0,0,0,0
"Russian Federation",141944470566.667,0,12148400,118666666.666667,0,0,925433.333333333,295017200,0,0,0,0,0,0,0,0,0,0,0,0,0,886462466.666667,0,0,0,375280566.666667,0,0,0,0,0,440972273466.667,0,0,0,0,0,0,71135648500,188298459033.333,0,37788450666.6667,0,0,135564041600,0,951177800,0,0,78985500,0,0,22709489200,189866.666666667,0,0,544530742800,0,0,44939830900,0,0,0,195654423133.333,0,0,0,0,0,0,0,0,44950933.3333333,0,0,0,0,2084182776000,616829333.333333,0,26646073133.3333,125237109466.667,0,31766568366.6667,0,329189675600,1233138666.66667,1519145033.33333,0,0,0,1108635050400,0,346765725833.333,0,53636929866.6667,0,24200,200687880000,179865017066.667,0,0,0,0,0,0,0,0,0,0,23213626333.3333,0,0,538289766.666667,0,0,28005333333.3333,0,0,0,0,254100,0,0,2327528000,7467693333.33333,0,0,254100,48400,0,0,0,0,0,0,0,0,0,0,0,0,0,0,0,0,0,0,0,0,0,0,0,217800,0,96800,0,0,217654266.666667,0,18663238866.6667,0,0,10678764633.3333,0,0,0,0,0,0,30519156700,6098400,2772865230866.67,3555366.66666667,0,0,58251010266.6667,24479734866.6667,153169966.666667,0,0,878064066.666667,0,725955168400,0,0,0,0,6866302533.33333,0,100119066.666667,0,118666.666666667,0,0
"Saint Kitts and Nevis",0,0,0,0,0,0,0,0,0,0,0,0,0,0,0,0,0,0,0,0,0,0,0,0,0,0,0,0,0,0,0,0,0,0,0,0,0,0,0,0,0,0,0,0,0,0,0,0,0,0,0,0,0,0,0,0,0,0,0,0,0,0,0,0,0,0,0,0,0,0,0,0,0,0,0,0,0,0,0,0,0,0,0,0,0,0,0,0,0,0,0,0,0,0,0,0,0,0,0,0,0,0,0,0,0,0,0,0,0,0,0,0,0,0,0,0,0,0,0,0,0,0,0,0,0,0,0,0,0,0,0,0,0,0,0,0,0,0,0,0,0,0,0,0,0,0,0,0,0,0,0,0,0,0,0,0,0,0,0,0,0,0,0,0,0,0,0,0,0,0,0,0,0,0,0,0,0,0,0,0,0,0,0,0,0,0,0,0,0,0,0,0,0,0,0
"Saint Lucia",0,0,0,0,0,0,0,0,0,0,0,0,0,0,0,0,0,0,0,0,0,0,0,0,0,0,0,0,0,0,0,0,0,0,0,0,0,0,0,0,0,0,0,0,0,0,0,0,0,0,0,0,0,0,0,0,0,0,0,0,0,0,0,0,0,0,0,0,0,0,0,0,0,0,0,0,0,0,0,0,0,0,0,0,0,0,0,0,0,0,0,0,0,0,0,0,0,0,0,0,0,0,0,0,0,0,0,0,0,0,0,0,0,0,0,0,0,0,0,0,0,0,0,0,0,0,0,0,0,0,0,0,0,0,0,0,0,0,0,0,0,0,0,0,0,120650266.666667,0,0,0,0,0,0,0,0,0,0,0,0,0,0,0,0,0,0,0,0,0,0,0,237333333.333333,0,0,0,0,0,0,0,0,0,0,0,0,0,0,0,0,0,0,0,0,0,0,0,0,0
"Saint Vincent and the Grenadines",0,0,0,0,0,0,0,0,0,0,605000,0,0,0,0,0,0,0,0,0,0,0,0,0,0,0,0,0,0,0,0,0,0,0,0,0,0,0,0,0,0,0,0,0,0,0,0,0,0,0,0,0,0,0,0,0,0,0,0,0,0,0,0,0,0,135042666.666667,0,0,0,0,0,0,0,0,0,0,0,0,0,0,0,0,0,0,0,0,0,0,0,0,0,0,0,0,0,0,0,0,0,0,0,0,0,0,0,0,0,0,0,0,0,0,0,0,0,0,0,0,0,0,0,0,0,0,0,0,0,0,0,0,0,0,0,0,0,0,0,0,0,0,0,0,0,0,0,0,0,0,0,0,0,0,0,0,0,0,0,0,0,0,0,0,0,0,0,0,0,0,0,0,0,0,0,0,0,0,0,0,0,0,0,0,0,0,0,0,0,0,0,0,0,0,0,0,0
"Sao Tome and Principe",0,0,0,0,0,0,0,0,0,0,0,0,0,0,0,0,0,0,0,0,0,0,0,0,0,0,0,0,0,0,0,0,0,0,0,0,0,0,0,0,0,0,0,0,0,0,0,0,0,0,0,0,0,0,0,0,0,0,0,0,0,0,0,0,0,0,0,0,0,0,0,0,0,0,0,0,0,0,0,0,0,0,0,0,0,0,0,0,0,0,0,0,0,0,0,0,0,0,0,0,0,0,0,0,0,0,0,0,0,0,0,0,0,0,0,0,0,0,0,0,0,0,0,0,0,0,0,0,0,0,0,0,0,0,0,0,0,0,0,0,0,0,0,0,0,0,0,0,0,0,0,0,0,0,0,0,0,0,0,0,0,0,0,0,0,0,0,0,0,0,0,0,0,0,0,0,0,0,0,0,0,0,0,0,0,0,0,0,0,0,0,0,0,0,0
"Saudi Arabia",0,0,0,0,0,0,475120533.333333,0,0,36276231733.3333,0,0,0,0,0,0,0,0,0,0,0,0,0,0,0,0,0,0,0,0,0,0,0,0,0,0,0,0,0,0,0,0,0,0,0,0,2957746133.33333,0,0,0,0,0,0,0,0,0,0,0,0,0,0,0,0,0,0,0,0,0,0,0,0,0,0,0,0,236918000,0,0,11677227466.6667,0,0,0,0,0,0,0,62300815566.6667,0,0,0,0,0,19748736800,0,0,5272329300,0,0,5150630300,0,0,0,0,0,9150933.33333333,0,0,0,0,0,0,0,0,0,0,0,0,0,0,0,0,0,0,0,0,0,0,0,0,0,0,0,0,0,0,0,0,0,0,0,0,0,0,0,0,0,0,0,0,0,0,0,0,0,48965200,0,0,0,0,0,209154400,0,0,0,0,0,0,0,0,0,6771132866.66667,0,195894400,45841152066.6667,0,0,0,0,0,0,0,0,0,0,0,19907481500,0,0,0,0,0,0,115214666.666667,0,207150666.666667
"Senegal",0,0,0,0,0,0,0,0,0,0,0,0,0,0,0,0,0,0,0,0,0,0,0,0,0,890000,0,0,0,0,0,0,0,0,0,0,0,0,0,0,0,0,0,0,0,0,0,0,0,0,0,0,0,29881866.6666667,0,0,0,0,864842666.666667,0,0,0,0,0,0,0,0,47466666.6666667,0,0,0,0,0,0,0,0,0,0,0,0,0,0,0,0,0,0,0,0,0,0,0,0,0,0,0,0,0,0,0,0,0,0,0,0,0,0,0,0,0,0,0,0,0,0,0,0,0,0,0,0,0,0,0,0,0,0,0,0,0,0,0,0,0,0,0,0,0,0,0,0,0,0,0,0,0,0,0,0,0,0,0,0,0,0,0,0,0,0,0,0,0,0,0,0,0,0,0,0,0,0,0,0,0,0,0,0,0,0,6655000,0,0,0,0,0,0,0,0,0,106800,0,0,0,0,0,0
"Seychelles",0,0,0,0,0,0,0,0,0,0,0,0,0,0,0,0,0,0,0,0,0,0,0,0,0,0,0,0,0,0,0,0,0,0,0,0,0,0,0,0,0,0,0,0,0,0,0,0,0,0,0,0,0,0,0,0,0,0,0,0,0,0,0,0,0,0,0,0,0,0,0,0,0,0,0,0,0,0,0,0,0,0,0,0,0,0,0,0,0,0,0,0,0,0,0,0,0,0,0,0,0,0,0,0,0,0,0,0,0,0,0,0,0,0,0,0,0,0,0,0,0,0,0,0,0,0,0,0,0,0,0,0,0,0,0,0,0,0,0,0,0,0,0,0,0,0,0,0,0,0,0,0,0,0,0,0,0,0,0,0,0,0,0,0,0,0,0,0,0,0,0,0,0,0,0,0,0,0,0,0,0,0,0,0,0,0,0,0,0,0,0,0,0,0,0
"Sierra Leone",0,0,0,0,0,0,0,0,0,0,0,0,0,0,0,0,0,0,0,0,0,0,0,0,0,0,0,0,0,0,0,0,0,0,0,0,0,0,0,0,0,0,0,0,0,0,0,0,0,0,0,0,0,0,0,0,0,0,0,0,0,0,0,0,0,0,0,0,0,0,0,0,0,0,0,0,0,0,0,0,0,0,0,0,0,0,0,0,0,0,0,0,0,0,0,0,0,0,0,0,0,0,0,0,0,0,0,0,0,0,0,0,0,0,0,0,0,0,0,0,0,0,0,0,0,0,0,0,0,0,0,0,0,0,0,0,0,0,0,0,0,0,0,0,0,0,0,0,0,0,0,0,0,0,0,0,0,0,0,0,0,0,0,0,0,0,0,0,0,0,0,0,0,0,0,0,237066.666666667,0,0,0,0,0,0,0,0,0,0,0,9333.33333333333,0,0,0,0,0,0
"Slovenia",0,0,11866.6666666667,0,0,0,0,93435552233.3333,0,0,0,0,0,0,0,0,0,0,0,0,0,0,0,0,0,7126900,0,0,0,0,0,0,0,0,0,0,0,0,0,0,0,725172000,0,0,0,0,0,0,0,0,0,0,0,171247866.666667,0,0,0,0,0,7789379133.33333,1070159266.66667,0,0,0,0,0,0,0,0,0,0,0,3038903066.66667,25299950666.6667,435600,0,0,23733.3333333333,0,0,0,2592117206700,0,0,0,0,0,0,0,0,0,0,0,0,0,0,0,0,0,33155466.6666667,0,0,0,0,0,0,0,0,0,0,0,0,0,0,0,0,568700,0,0,77608000,0,0,0,0,0,1923900,0,0,12100,0,0,0,0,380066.666666667,0,0,0,0,0,0,3303333.33333333,0,107593200,0,0,0,0,0,0,0,0,0,170880000,0,0,0,7891333.33333333,0,0,0,119414900,0,0,0,0,0,0,0,0,0,0,0,0,0,0,0,50565900,0,0,0,0,0,0,0,0,0,0,0,0,0,1174191833.33333,26374266.6666667,0,0,0
"Slovakia",0,0,0,0,0,0,0,498175761466.667,0,0,0,0,0,0,0,0,0,0,0,0,0,41300166.6666667,0,0,0,0,0,0,0,0,0,0,0,0,0,0,0,0,0,0,0,208105733.333333,0,0,3281204533.33333,0,0,0,0,272933.333333333,0,0,0,2295143866.66667,0,0,1866.66666666667,0,0,533383674966.667,0,0,0,819366.666666667,0,0,0,0,0,0,0,0,136682694866.667,329300000,0,0,0,0,0,0,0,17562693300,0,94506133.3333333,0,0,0,0,0,0,0,0,0,152842666.666667,0,0,0,0,0,254051200,0,0,0,0,0,0,397600,0,0,0,0,0,0,22446666.6666667,0,0,50601389066.6667,0,0,0,0,0,0,0,0,0,0,0,349706113733.333,0,0,0,0,371008280533.333,9410266.66666667,0,0,0,0,0,42288076033.3333,0,583080533.333333,0,0,0,0,0,0,0,0,4995866.66666667,0,0,0,0,6700533.33333333,0,0,0,0,431118833.333333,0,0,0,0,0,0,0,0,0,23733.3333333333,12419669100,0,0,0,423022200,50024000,0,0,0,0,0,0,0,0,0,0,3160793466.66667,0,331910666.666667,0,0,0,0
"Singapore",0,0,0,0,0,0,511845000,0,0,554385866.666667,0,14996566.6666667,0,0,0,0,0,0,0,0,753549766.666667,0,120752266.666667,0,0,302500,0,0,272467800,0,0,0,0,0,0,0,0,0,0,38925466.6666667,0,0,0,0,0,0,0,0,0,0,0,50832100,0,2593066.66666667,0,0,0,0,0,0,0,0,0,0,0,0,0,0,0,0,0,194044733.333333,0,0,0,1321685600,5344258833.33333,0,0,0,0,0,0,0,0,0,0,0,0,275594366.666667,0,4646400,1849976266.66667,0,0,0,0,0,0,0,0,0,0,3696954966.66667,405653766.666667,35507333.3333333,0,0,189247466.666667,0,0,0,0,0,0,0,220209733.333333,0,3170200,0,57523400,31846933.3333333,0,0,0,0,0,0,24200,6195200,0,0,4607967866.66667,0,0,0,4194800,0,0,0,0,0,0,0,0,0,0,0,0,43843400,0,0,0,0,0,0,0,0,0,0,0,0,0,0,4249633.33333333,0,26963000,0,0,0,0,0,0,1645066.66666667,0,0,191966.666666667,0,2230933.33333333,0,0,0,0,1219145066.66667,0,0,0,0,0,0,0,0,0,0,0
"Somalia",0,0,0,0,0,0,0,0,0,0,0,0,0,0,0,0,0,0,0,0,0,0,0,0,0,0,0,0,0,0,0,0,0,0,0,0,0,0,0,0,0,0,0,0,0,0,0,0,0,0,0,0,0,0,0,0,0,0,0,0,0,0,0,0,0,0,0,0,0,0,0,0,0,0,0,0,0,0,0,0,0,0,0,0,0,0,0,0,0,0,0,0,0,0,0,0,0,0,0,0,0,0,0,0,0,0,0,0,0,0,0,0,0,0,0,0,0,0,0,0,0,0,0,0,0,0,0,0,0,0,0,0,0,0,0,0,0,0,0,0,0,0,0,0,0,0,0,0,0,0,0,0,0,0,0,0,0,0,0,0,0,0,0,0,0,0,0,0,0,0,0,0,0,0,0,0,0,0,0,0,0,0,0,0,0,0,0,0,0,0,0,0,0,0,0
"South Africa",0,0,0,30865200,0,498400,2000263800,285266.666666667,0,150907333.333333,0,214786666.666667,0,0,0,996599632466.667,250574800,0,0,0,0,4509333.33333333,1075392933.33333,11866.6666666667,4405957833.33333,171668766.666667,0,0,3054076533.33333,0,18974800,15112856633.3333,499415400,1186666.66666667,20857692366.6667,0,0,42531500,356933.333333333,0,3455608933.33333,222812266.666667,0,0,0,0,308533333.333333,0,0,1078976666.66667,0,0,0,14583121066.6667,0,42522182666.6667,733953333.333333,518204566.666667,1008915666.66667,1609700100,0,19862220500,0,0,0,0,0,337521266.666667,0,0,0,7482988600,0,0,357542666.666667,43393231600,647920000,59606266.6666667,154266666.666667,80924333.3333333,3378764166.66667,301279245533.333,17930537833.3333,0,0,1102637149600,3347990933.33333,0,41657863033.3333,0,7342571200,797987563600,19437600,216887066.666667,0,624305333.333333,686617190100,339386666.666667,0,30853333.3333333,0,2850847766.66667,37322784400,4504024700,0,416500,61706666.6666667,604066.666666667,400241066.666667,157300,0,1496906666.66667,1052490955366.67,0,678059261300,421296666.666667,2029538533.33333,0,0,0,0,338969500,0,0,1530359300,0,925611866.666667,1681900,0,99800800,0,0,2356720000,28480000,0,0,0,0,5060137966.66667,1157655179866.67,0,373466.666666667,4879003733.33333,0,0,0,0,14089406866.6667,137422900,625077600,139753400,0,0,6397684400,30043972433.3333,0,117491866666.667,0,0,598271425333.333,0,71200,59333333.3333333,0,979571231933.333,73317808566.6667,16052147666.6667,4364547133.33333,0,0,2738749866.66667,303786666.666667,2715105200,62100150333.3333,12643500,0,12037110466.6667,119390533.333333,1014909533.33333,522133.333333333,0,29844666.6666667,90186666.6666667,493748791400,72341044133.3333,0,157608017633.333,5228158933.33333,132866.666666667,47933.3333333333,0,0,23389200,0,0
"Spain",0,0,104367333.333333,1454963933.33333,0,10381800,774228433.333333,1135996100,0,0,0,1311497133.33333,0,0,0,0,14358666.6666667,0,0,0,0,1367716000,0,0,46239182000,67124033.3333333,2877600,8203800,0,1234200,143595066.666667,454176266.666667,67663966.6666667,0,895521000,0,11396409200,50088300,157480166.666667,0,556600,1233711533.33333,0,7060166.66666667,70998266.6666667,88762666.6666667,7439960933.33333,0,336545166.666667,30642633.3333333,0,0,867078233.333333,106554772633.333,0,0,0,12102758800,2779839466.66667,10671936566.6667,25976133.3333333,0,0,5290989333.33333,0,0,0,2095308600,0,0,11866.6666666667,15077218133.3333,757536033.333333,197413400,0,13201066.6666667,66550000,3668266.66666667,1498162266.66667,1581107666.66667,2524645533.33333,61442208733.3333,16635201000,3006533.33333333,15213066.6666667,1269217000,9351700333.33333,0,0,736890000,0,10736774133.3333,1606133.33333333,199889733.333333,0,6426228500,0,7484533.33333333,5989700233.33333,232505500,0,803925000,0,9103150666.66667,0,1691180700,50566033.3333333,1520463733.33333,486533.333333333,260365800,0,11488933166.6667,145200,54088266.6666667,0,0,3015118366.66667,0,0,32930000,0,4999411200,0,0,27001200,801227700,42594400,3699766.66666667,1312750166.66667,0,0,36171000,1437603200,5664895466.66667,306038760966.667,309228933.333333,0,0,1476788933.33333,0,5184128033.33333,0,1314581333.33333,0,0,0,0,8182046300,4086694433.33333,0,0,25833466.6666667,448148600,1481895600,0,924666.666666667,0,0,0,0,2794632566.66667,798473633.333333,1636092933.33333,0,25410000,0,313429466.666667,51727500,0,0,96800,84397500,55942871333.3333,21247729000,0,0,126162013400,1076989933.33333,2380315966.66667,7248166200,11866.6666666667,251466533.333333,57457333.3333333,0,0,0,642088400,0,18846281166.6667,37800966.6666667,756708266.666667,0,10810000,0,0
"Suriname",0,0,0,0,0,0,0,0,0,0,0,0,0,0,0,0,0,0,0,0,0,0,0,0,0,0,0,0,0,0,0,0,0,0,0,0,0,0,0,0,0,0,0,0,0,0,0,0,0,0,0,0,0,0,0,0,0,0,0,0,0,0,0,0,0,0,0,0,36323866.6666667,0,0,0,0,0,0,0,0,0,0,0,0,0,0,0,0,0,0,0,0,0,0,0,0,0,0,0,0,0,0,0,0,0,0,0,0,0,0,0,0,0,0,0,0,0,0,0,0,0,0,0,0,0,0,0,0,0,0,0,0,0,0,0,0,0,0,0,0,0,0,0,0,0,0,0,0,0,0,0,0,0,0,0,0,0,0,0,0,0,0,0,0,0,0,0,0,0,0,0,0,0,0,0,0,0,0,0,0,0,0,0,0,0,0,0,0,0,0,0,0,0,0,0,0,0,0
"Tajikistan",0,0,0,0,0,0,0,0,0,0,0,0,0,0,0,0,0,0,0,0,0,0,0,0,0,0,0,0,0,0,0,0,0,0,0,0,0,0,0,0,0,0,0,0,0,0,0,0,0,0,0,0,0,0,0,0,0,0,0,0,0,0,0,0,0,0,0,0,0,0,0,0,0,0,0,0,0,0,0,0,0,0,0,0,0,0,0,0,0,0,0,0,0,0,0,0,0,0,0,0,0,0,0,0,0,0,0,0,0,0,0,0,0,0,0,0,0,0,0,0,0,0,0,0,0,0,0,0,0,0,0,0,0,0,0,0,0,0,0,0,0,0,0,0,0,0,0,0,0,0,0,0,0,0,0,0,0,0,0,0,0,0,0,0,0,0,0,0,0,0,0,0,0,0,0,0,0,0,0,0,0,0,0,0,0,0,0,0,0,0,0,0,0,0,0
"Swaziland",0,0,0,0,0,0,0,0,0,0,0,0,0,0,0,1186666.66666667,0,0,0,0,0,0,0,0,0,0,0,0,0,0,0,0,0,0,0,0,0,0,0,0,0,0,0,0,0,0,0,0,0,0,0,0,0,0,0,0,0,0,0,0,0,48439733.3333333,0,0,0,0,0,0,0,0,0,0,0,0,0,0,0,0,0,0,0,0,0,0,0,0,0,0,0,0,0,0,0,0,0,0,0,0,0,0,0,0,0,0,0,0,0,0,0,0,0,0,306551600,0,0,0,0,0,0,0,0,0,0,0,0,0,0,0,0,0,0,0,0,0,0,0,0,0,0,0,0,0,0,0,0,0,0,0,0,0,0,0,0,0,0,745926800,0,0,0,0,0,0,0,0,0,0,0,0,0,0,0,0,0,0,0,0,0,0,0,0,0,0,0,0,0,0,0,0,0,0,0,0,0,0,0
"Sweden",0,0,0,0,0,0,12100,569600,0,0,0,0,0,0,0,0,368922666.666667,0,0,0,0,1089000,0,0,0,0,0,0,0,0,0,0,58933.3333333333,0,0,0,0,0,0,0,0,2107065566.66667,0,0,0,0,0,0,0,338800,0,0,386261633.333333,394388666.666667,0,0,0,0,0,828861533.333333,0,0,0,190354666.666667,0,0,0,0,0,0,0,12100,0,0,382533.333333333,29466.6666666667,0,0,0,0,0,0,0,0,0,0,0,0,0,0,0,29466.6666666667,0,0,0,0,0,0,0,0,0,0,0,0,0,0,11866.6666666667,0,0,169400,0,0,0,0,0,0,878416133.333333,0,0,0,0,0,0,0,0,708811633.333333,0,0,0,0,24200,0,0,6765766.66666667,0,0,0,0,0,12100,0,0,117866.666666667,0,0,0,0,238503200,0,0,0,0,0,2238500,0,0,10296466.6666667,0,0,0,0,86366.6666666667,0,0,0,0,12100,0,0,0,0,0,11882266.6666667,0,0,0,2075670633.33333,0,1889033.33333333,0,0,0,0,173558666.666667,0,0,0,0,35600,59333.3333333333,0,0,0,0,0
"Switzerland",0,0,0,0,0,0,96800,70238833.3333333,0,0,0,0,0,0,0,0,0,0,0,0,0,0,0,0,0,806933.333333333,0,0,0,0,534000,72600,0,0,0,0,0,0,0,0,0,36066.6666666667,0,0,0,0,0,0,0,0,0,0,0,2524466933.33333,0,0,0,0,0,588993133.333333,0,0,0,0,0,0,0,0,0,0,0,0,0,166133.333333333,0,0,0,0,0,35600,37610833.3333333,28208733.3333333,0,0,0,0,0,0,0,0,0,21027466.6666667,0,0,0,0,0,0,0,59333.3333333333,0,0,0,6146800,0,0,0,0,0,0,0,0,0,0,0,0,23733.3333333333,0,0,0,0,0,0,0,0,0,0,0,664533.333333333,0,0,0,0,2769866.66666667,0,0,0,0,0,0,4616133.33333333,0,0,0,0,0,0,0,0,0,0,0,0,72600,0,0,71816700,0,0,0,3730000,0,0,0,0,0,0,0,0,0,0,0,35600,0,0,0,61894133.3333333,0,6376066.66666667,0,0,0,0,0,0,0,0,0,1107666.66666667,24866.6666666667,0,0,0,0,0
"Syrian Arab Republic",145200,0,0,0,0,0,0,0,0,4833466.66666667,0,0,0,0,0,0,0,0,0,0,0,0,0,0,0,60500,0,0,0,0,0,0,0,0,0,0,0,0,0,0,0,47466.6666666667,0,0,0,0,489322000,0,0,0,0,0,0,0,0,0,0,0,0,8451700,0,0,0,290400,0,0,0,0,0,0,0,0,0,0,133100,0,0,0,0,0,0,0,0,0,0,0,0,0,0,0,0,0,13421200,0,0,71638800,0,0,0,0,0,0,0,0,0,0,0,0,0,0,0,0,0,0,0,0,5699100,0,0,0,0,0,0,0,0,931700,0,0,0,0,0,0,0,0,0,0,0,0,0,0,0,0,0,0,0,0,0,1146792400,0,0,0,0,0,0,0,0,0,0,0,0,2885633.33333333,0,0,0,0,0,0,0,0,0,0,0,55338800,4676233.33333333,0,0,13301600,0,0,0,0,0,0,0,0,0,0,0,10569033.3333333,0,0,0,0,0,0
"Turkmenistan",0,0,0,0,0,0,0,0,0,0,0,0,0,0,0,0,0,0,0,0,0,0,0,0,0,0,0,0,0,0,0,0,0,0,0,0,0,0,0,0,0,0,0,0,0,0,0,0,0,0,0,0,0,0,0,0,0,0,0,0,0,0,0,0,0,0,0,0,0,0,0,0,0,0,0,0,0,0,0,0,0,0,0,0,0,0,0,0,0,0,0,0,0,0,0,0,0,0,0,0,0,0,0,0,0,0,0,0,0,0,0,0,0,0,0,0,0,0,0,0,0,0,0,0,0,0,0,0,0,0,0,0,0,0,0,0,0,0,0,0,0,0,0,0,0,0,0,0,0,0,0,0,0,0,0,0,0,0,0,0,0,0,0,0,0,0,0,0,0,0,0,0,0,0,0,0,0,0,0,0,0,0,0,0,0,0,0,0,0,0,0,0,0,0,0
"Taiwan",0,0,0,0,0,0,1708933.33333333,0,0,0,0,100170000,0,0,0,0,0,0,0,0,42933.3333333333,0,0,0,0,1851300,0,0,0,0,0,1210000,0,0,0,0,0,0,0,0,0,0,0,0,0,0,1186666.66666667,0,0,0,0,0,0,0,0,0,0,0,0,0,0,0,0,0,0,0,0,0,0,0,0,27973733.3333333,0,0,0,0,0,0,0,0,0,0,0,0,0,7533666.66666667,0,0,0,0,0,0,0,0,0,0,0,0,0,0,1252266.66666667,0,0,14680341200,0,0,0,0,0,0,0,0,0,0,0,0,1021933.33333333,0,0,0,0,2636633.33333333,0,0,0,1529899800,0,0,0,0,0,0,254100,0,0,0,0,0,0,0,0,0,0,0,0,0,0,0,0,0,0,0,0,2116270066.66667,0,0,0,0,0,0,0,0,14204400,0,0,0,0,0,36300,0,0,0,0,0,0,0,24200,0,7744133.33333333,0,0,0,0,148933.333333333,0,0,0,0,0,0,0,0,0,0,0
"United Republic of Tanzania",0,0,0,0,0,0,121000,0,0,0,0,3413161866.66667,0,0,0,0,0,0,0,0,0,0,0,38030427233.3333,0,0,0,0,0,0,0,0,0,130680000,0,0,0,0,0,0,0,0,0,0,0,0,0,0,0,0,0,0,0,0,0,0,0,0,0,1113200,0,0,0,0,0,0,0,0,0,0,0,0,0,0,0,0,24200,0,0,0,0,0,0,0,0,0,0,0,539335077266.667,0,0,75946666.6666667,0,0,0,0,0,0,0,0,0,0,0,59333.3333333333,0,0,0,0,0,412533333.333333,0,0,905733400,0,0,0,0,0,0,0,0,0,0,0,0,0,0,0,0,0,0,0,0,0,0,0,0,0,0,38534009600,0,42248277066.6667,0,0,0,0,0,0,0,0,0,0,0,0,0,0,0,0,0,0,726000,0,0,0,0,0,0,0,0,0,906211200,0,0,6325948766.66667,163065052700,0,888400,0,38901500,0,0,0,0,0,0,41058666.6666667,29431077766.6667,0,0,0,0,0,37562667500,23756631066.6667,0
"Thailand",0,0,0,0,0,94933.3333333333,64881400,0,0,2577300,0,1381920800,0,0,467843333.333333,0,59333.3333333333,0,289867066.666667,227840000,12721066.6666667,0,34134202233.3333,0,141308266.666667,12258266.6666667,0,0,8913201200,0,166133.333333333,18821566.6666667,161624000,0,294649333.333333,0,332266.666666667,0,0,0,1079866.66666667,0,0,33630133.3333333,0,17904877600,1601394800,8650800,0,0,0,1512500,0,1395866.66666667,0,0,0,0,0,23733.3333333333,0,115652533.333333,0,0,0,0,235244800,0,0,0,830666.666666667,2936822066.66667,0,0,0,564617333.333333,41045660800,11866.6666666667,0,0,664533.333333333,1222100,51358933.3333333,0,0,574529366.666667,0,0,86021466.6666667,10725374300,0,4082133.33333333,71200,0,10523145133.3333,878133.333333333,0,0,11866.6666666667,0,0,7139000,0,4281643166.66667,0,165278933.333333,0,0,0,988979866.666667,0,47466.6666666667,50813066.6666667,0,0,0,2302133.33333333,0,2383700,0,60500,5260933.33333333,83066.6666666667,11866.6666666667,3049333.33333333,47300533.3333333,51998344933.3333,1207267200,0,60500,0,5850610800,69934376133.3333,1633500,0,0,0,0,0,47466.6666666667,0,0,363000,0,0,0,0,11866.6666666667,235956800,0,0,0,0,2795433.33333333,0,116388266.666667,0,0,0,0,1270500,11745133.3333333,16352266.6666667,0,2824531033.33333,83066.6666666667,0,1091733.33333333,0,225466.666666667,607533.333333333,0,95372400,8084700,0,0,2903766.66666667,0,21500866.6666667,2705600,0,0,23733.3333333333,35590253600,0,47466.6666666667,0,147538266.666667,0,0,0,0,11866.6666666667,0,0
"Togo",0,0,0,0,0,0,0,0,0,0,0,0,0,0,0,0,0,0,0,0,0,0,0,0,0,11954800,0,0,0,0,0,0,0,0,0,0,0,0,0,0,2277707333.33333,0,0,0,0,0,0,0,0,0,0,0,0,0,0,0,0,164922933.333333,0,0,0,0,0,0,0,0,0,0,0,0,0,0,0,0,0,0,0,0,0,0,0,0,544500000,0,0,0,0,0,0,0,0,0,0,0,0,0,0,0,0,0,0,0,0,0,0,0,0,0,0,0,0,0,0,0,0,0,0,0,0,0,0,0,0,532400000,59333333.3333333,0,0,0,0,0,0,0,0,0,0,0,0,0,0,0,0,0,0,0,0,0,0,0,22990000,0,0,0,0,0,0,0,0,0,0,0,0,0,0,0,0,0,0,0,0,0,29370000,0,0,0,0,0,0,0,0,20173333.3333333,0,0,0,0,0,0,0,0,30371000,0,0,0,0,0,0
"Tonga",0,0,0,0,0,0,0,0,0,0,0,0,0,0,0,0,0,0,0,0,0,0,0,0,0,0,0,0,0,0,0,0,0,0,0,0,0,0,0,0,0,0,0,0,0,0,0,0,0,0,0,0,0,0,0,0,0,0,0,0,0,0,0,0,0,0,0,0,0,0,0,0,0,0,0,0,0,0,0,0,0,0,0,0,0,0,0,0,0,0,0,0,0,0,0,0,0,0,0,0,0,0,0,0,0,0,0,0,0,0,0,0,0,0,0,0,0,0,0,0,0,925600,0,0,0,0,0,0,0,0,0,0,0,0,0,0,0,0,0,0,0,0,0,0,0,0,0,0,0,0,0,0,0,0,0,0,0,0,0,0,0,0,0,0,0,0,0,0,0,0,0,0,0,0,0,0,0,0,0,0,0,0,0,0,0,0,0,0,0,0,0,0,0,0,0
"Trinidad and Tobago",0,0,0,0,12008233.3333333,0,0,0,249200,0,205116966.666667,0,0,0,0,0,0,0,0,0,0,0,0,0,0,2601500,0,0,0,0,0,0,0,0,0,0,0,0,0,0,0,0,17347866.6666667,0,0,0,0,0,0,0,0,0,0,83066.6666666667,0,0,0,544500,0,0,0,0,0,0,0,265482666.666667,0,0,488838500,0,0,0,0,0,0,0,0,0,0,0,0,0,0,0,925600,0,0,0,0,0,0,0,0,0,0,0,0,0,0,0,0,0,0,0,0,0,0,0,0,0,0,0,0,0,0,0,0,0,0,0,0,0,0,0,0,0,0,0,0,0,0,0,0,0,0,0,0,0,0,0,0,0,0,1749333.33333333,617066.666666667,163945300,0,0,0,0,0,0,0,0,0,0,0,375971600,0,0,0,0,0,0,0,0,0,0,0,0,0,0,0,0,0,0,0,0,22118800,0,0,0,1317200,0,0,0,0,0,0,0,0,0,0,0,0
"Oman",0,0,0,0,0,0,0,0,0,619218000,0,0,0,0,0,0,0,0,0,0,0,0,0,0,0,0,0,0,0,0,0,0,0,0,0,0,0,0,0,0,0,0,0,0,0,0,23733.3333333333,0,0,0,0,0,0,0,0,0,0,0,0,0,0,0,0,0,0,0,0,0,0,0,0,0,0,0,0,0,0,84851413333.3333,575248266.666667,0,0,0,0,0,0,0,0,0,0,0,0,0,958030000,0,0,1744400,0,0,0,0,0,0,0,10964800000,0,0,0,0,0,0,0,0,0,0,0,0,0,0,0,0,0,0,0,0,0,0,5878776800,0,0,0,0,0,0,0,0,0,0,0,28472807633.3333,0,0,0,0,0,0,0,0,27883210666.6667,0,0,0,0,0,0,297119766.666667,0,0,0,0,0,0,0,0,0,0,126038633.333333,0,0,0,0,0,0,361199866.666667,11097912700,0,0,0,0,0,0,0,0,0,0,0,2073762733.33333,0,0,0,0,0,0,0,0,0
"Tunisia",0,0,0,0,0,0,0,0,0,0,0,0,0,0,0,0,0,0,0,0,0,0,0,0,0,318230000,0,0,0,0,0,0,0,0,0,0,0,0,0,0,0,0,0,0,0,0,0,0,0,0,0,0,0,0,0,0,0,0,0,0,0,0,0,0,0,0,0,0,0,0,0,0,0,0,0,0,0,0,0,0,0,0,0,0,0,0,0,0,1158040000,0,0,0,0,0,0,0,0,0,94815541200,0,0,0,0,0,0,0,0,0,0,0,0,0,0,0,0,0,0,0,0,0,0,0,0,0,0,0,0,0,0,0,0,0,0,0,0,0,0,0,76112400,0,0,0,0,0,0,0,0,0,0,0,0,0,0,0,0,0,0,0,0,0,0,0,0,0,0,0,0,0,0,0,7065332333.33333,0,0,0,0,0,0,0,0,0,0,0,0,0,0,0,0,0,0,0,0,0,0,0,0
"Turkey",0,8567686266.66667,596560466.666667,8468880800,961866.666666667,32989333.3333333,469045166.666667,527447900,786033.333333333,2683295500,185505966.666667,36917100,0,0,0,0,1443866.66666667,0,0,0,26154933.3333333,5417640033.33333,1512597666.66667,0,952875000,288684300,0,0,845734666.666667,0,1208046400,544867600,0,29040000,957878733.333333,0,0,648266.666666667,53519450000,22344382433.3333,1274287300,158675300,29466666.6666667,360507400,205700,0,61838362666.6667,0,25960566.6666667,12100,0,0,2908266.66666667,6442220600,0,12100,122000772900,4347384800,1615086566.66667,8194503833.33333,103822400,670924066.666667,0,3952902333.33333,0,0,0,1393678000,0,18166599200,0,38522266.6666667,5039180000,58708533.3333333,0,833100500,194747066.666667,26380434200,1267017414966.67,7599200,49939030866.6667,5970456700,11215877200,573368733.333333,0,59549466.6666667,14347658066.6667,531927766.666667,2587935466.66667,973301600,3011760000,26814666.6666667,3572836333.33333,68826666.6666667,0,26356759000,0,560662266.666667,322313257966.667,0,0,0,0,11464320766.6667,974013400,897914933.333333,91326100,879300,11866.6666666667,1222100,4955100,11841295333.3333,2121600,12100,0,2055996900,47591573833.3333,0,0,17145500,12100,23733333.3333333,0,6482933.33333333,18994060600,622486466.666667,5993645600,190182100,26522000,33182033.3333333,0,0,5046910000,365944266.666667,132633.333333333,3242900,0,72600,27051519566.6667,0,5132672333.33333,10890000,616361666.666667,0,0,61392733.3333333,6645333.33333333,16353002600,5172976333.33333,22049600,367852100,0,0,1127859100,565403933.333333,326700,5175361866.66667,0,119586466.666667,0,1494812333.33333,124909633.333333,315089884866.667,1178768166.66667,1783842500,559491900,770728666.666667,27830000,0,278300,855414933.333333,3627870200,0,18171127233.3333,1087337066.66667,0,18715056433.3333,153044633.333333,3291729966.66667,4644708666.66667,0,3965021033.33333,2230034766.66667,1154546233.33333,2856907200,59973792200,6532066.66666667,0,1277001966.66667,0,3530796133.33333,118666666.666667,6888700766.66667,0,11040166466.6667
"United Arab Emirates",72279700,3344902700,0,197413866.666667,0,780708000,99599933.3333333,0,0,34542743166.6667,0,11549600,0,0,0,0,3083078666.66667,0,0,0,9075733.33333333,0,0,17281366.6666667,6396200,0,0,132166.666666667,9981800,1317500,0,37894133.3333333,0,1424000,130535966.666667,0,12100,0,0,14978100,1830100,0,0,0,0,0,84787966.6666667,0,29011000,0,0,0,0,0,0,4096472200,22601600,125252666.666667,13686466.6666667,29466.6666666667,0,19217433.3333333,0,0,0,0,0,2865600,0,0,0,22830333.3333333,0,0,0,633022266.666667,0,44387078933.3333,27097107966.6667,0,0,8390533.33333333,9987266.66666667,1090266.66666667,0,0,2321404566.66667,8906933.33333333,331506666.666667,0,0,19979266.6666667,53834803666.6667,0,0,75226433.3333333,0,18090066.6666667,614069733.333333,0,0,1898666.66666667,0,5049866.66666667,549216466.666667,145200,0,6706000,64059166.6666667,5351866.66666667,0,0,0,0,0,121467200,913466.666666667,0,0,0,0,0,0,1436800,13931666.6666667,0,6753508166.66667,0,0,0,0,0,2121600,0,117866666.666667,0,0,71676733.3333333,1731433966.66667,0,0,55780933.3333333,0,0,0,0,0,26548380700,15248166.6666667,72928700,20835866.6666667,0,0,913733.333333333,43104040200,6428392000,3094000,0,2003733.33333333,0,5102666.66666667,0,207209600,2853133.33333333,0,1750976233.33333,7725433.33333333,7293666.66666667,0,0,29961005700,0,275749066.666667,0,59119166.6666667,0,45568600,32354400,684497966.666667,0,0,73872933.3333333,0,11786666.6666667,3618455033.33333,10140881200,52195666.6666667,3259233.33333333,0,0,0,0,1636411333.33333,1117493833.33333,0
"Uganda",0,0,0,0,0,0,0,0,0,0,0,0,0,0,0,0,0,0,0,0,0,0,0,22604139000,0,56497033.3333333,0,782428666.666667,0,0,0,0,0,0,76273560000,0,0,0,0,0,7260000,0,0,0,0,0,0,0,0,0,0,0,11200,0,0,0,0,7260000,0,0,0,0,0,0,0,0,0,0,0,0,0,0,0,0,0,0,0,0,0,0,0,0,7260000,0,0,0,0,0,387311430333.333,0,0,0,0,0,0,0,0,0,0,0,0,7260000,0,0,0,0,0,0,0,0,0,0,0,0,0,0,0,0,0,0,0,0,0,0,7260000,0,0,0,0,0,0,0,0,0,0,0,0,0,0,0,0,15441922600,0,0,0,0,0,0,7260000,0,0,0,0,0,0,0,0,0,0,0,0,0,0,0,0,86096226666.6667,0,0,0,0,0,0,0,42447633.3333333,0,0,35683033.3333333,0,126098033.333333,0,0,0,0,0,0,0,12988359733.3333,121000,14933.3333333333,0,0,0,0,157358555133.333,0
"Tuvalu",0,0,0,0,0,0,0,0,0,0,0,0,0,0,0,0,0,0,0,0,0,0,0,0,0,0,0,0,0,0,0,0,0,0,0,0,0,0,0,0,0,0,0,0,0,0,0,0,0,0,0,0,0,0,0,0,0,0,0,0,0,0,0,0,0,0,0,0,0,0,0,0,0,0,0,0,0,0,0,0,0,0,0,0,0,0,0,0,0,0,0,0,0,0,0,0,0,0,0,0,0,0,0,0,0,0,0,0,0,0,0,0,0,0,0,0,0,0,0,0,0,0,0,0,0,0,0,0,0,0,0,0,0,0,0,0,0,0,0,0,0,0,0,0,0,0,0,0,0,0,0,0,0,0,0,0,0,0,0,0,0,0,0,0,0,0,0,0,0,0,0,0,0,0,0,0,0,0,0,0,0,0,0,0,0,0,0,0,0,0,0,0,0,0,0
"United Kingdom",0,0,0,0,15684533.3333333,0,13003466.6666667,43086700,21696666.6666667,4169666.66666667,9506933.33333333,1768000,0,0,0,0,0,0,0,0,0,8365000,0,0,0,1400800,0,80266.6666666667,106400,0,0,5530900,0,0,0,0,0,0,80206133.3333333,0,0,83148133.3333333,0,0,0,1230900,537600,0,0,1115966.66666667,0,0,23282000,8574149400,0,0,0,0,0,646139233.333333,0,2225566.66666667,0,72357566.6666667,0,1756266.66666667,0,0,0,0,0,186776500,3050833.33333333,2259333.33333333,74547233.3333333,33725600,0,0,6592766.66666667,479689549966.667,16800,144803200,1230900,0,1680000,1993333.33333333,4370100,0,294441466.666667,0,0,6762133.33333333,5071066.66666667,434033.333333333,0,3915533.33333333,0,386400,1728233.33333333,3163166.66666667,0,0,0,7823633.33333333,7901600,0,29362300,0,1616333.33333333,0,0,0,0,0,0,0,15309309800,0,0,0,0,0,0,0,32186400,459961966.666667,2879133.33333333,0,14694300,0,0,0,11392933.3333333,134037466.666667,18985366.6666667,0,0,0,11146633.3333333,0,29895600,0,29040000,238933.333333333,2116800,0,0,61690400,0,1172066.66666667,0,871200,120766.666666667,51029600,0,28852466.6666667,386282733.333333,0,0,0,226112833.333333,115152666.666667,0,0,206266.666666667,41850600,5180373000,0,0,83066.6666666667,9474700,0,13518105066.6667,145864633.333333,18426200,0,0,0,251050833.333333,0,0,0,0,1322000,59333.3333333333,0,368266.666666667,0,21263257233.3333,867933.333333333,0,0,41066.6666666667,0,0
"Ukraine",105085066.666667,62469333.3333333,35786666.6666667,2420599267200,72600,0,33746900,24219922333.3333,237300,118666666.666667,0,139847942800,0,0,0,0,0,0,0,0,0,973574100,0,0,9673306300,23845012433.3333,0,0,15546828533.3333,0,0,23607024104100,3630000,71033.3333333333,0,0,10960778333.3333,0,160703784900,4275040433.33333,40382266.6666667,241663928100,0,0,400959113833.333,0,10701420893866.7,0,0,7667933033.33333,0,0,1215134800,73795028800,0,0,8893034266.66667,2090880000,0,2280134416633.33,0,21075200,0,20542811033.3333,0,0,0,1067220000,61685800,408762200,0,2687968466.66667,78668585933.3333,208011300,0,308206324066.667,33030155833.3333,4582055375733.33,719623164600,1859219196900,3271903048433.33,3627289552133.33,10896926666.6667,3420444666.66667,0,129848405866.667,46169645600,189866.666666667,11866666666.6667,0,0,3169519506266.67,2.5632e+10,46903085700,0,884322768033.333,0,1420365133.33333,1737102308800,765868826066.667,0,2209205466.66667,0,1587807100,0,406560000,1212133.33333333,1.335e+10,26620000,567127000,0,528106147066.667,0,24866821166.6667,0,23789355866.6667,10668455228900,0,0,0,0,711216800,24805000,0,890560000,7910086733.33333,1249797333.33333,133100,19937447500,0,26620000,0,0,159239795933.333,2712248973000,0,0,0,10101467900,0,1579122000,24260500,77429433.3333333,0,0,0,0,88114569933.3333,533610000,2812613600,12100,601128000,317020000,259586600,104462266.666667,1152649066.66667,10972414853566.7,0,0,0,0,67918923233.3333,58348150800,480067500,111955901466.667,3853700000,11856403466.6667,108900,0,0,462411971866.667,1762434924400,6408646640933.33,403094918333.333,77440000,0,2385605685366.67,0,74453833.3333333,1778700000,60500000,985338733.333333,591472200,232800886433.333,609840000,535257866.666667,360580000,24805000,2196867279166.67,3871654266.66667,175641266.666667,26148100,1787351500,0,26620000
"United States of America",0,39351600,248381200,266668813200,402374433.333333,11478103166.6667,42238125833.3333,169052533.333333,14169421433.3333,5023494166.66667,88560503133.3333,1298142133.33333,0,0,93533000,0,4273632166.66667,0,2814118000,0,62845866.6666667,1635176133.33333,1423620266.66667,22058300,15981776800,8844626351800,0,0,714468266.666667,0,471841214066.667,30936224291400,15704842414966.7,0,0,0,2979489927400,109758360000,29312300,24469066.6666667,588725500,483065800,9718000,1626711726766.67,313493600,91496663600,940972544400,2081901902466.67,4655733.33333333,57128933.3333333,0,23389200,163498933.333333,6124838033.33333,11765148666.6667,324933066.666667,29607333.3333333,0,48662833.3333333,3813162400,0,800401333.333333,0,1601385866.66667,0,35835627666.6667,4250907437400,0,165706564466.667,108670963766.667,2587274166966.67,125511213900,521718000,24433466.6666667,1618954166.66667,11233942766.6667,232820048400,48000666.6666667,227792800,4014315333.33333,1326327287466.67,1067078066.66667,0,195230400,975041844433.333,38457301094333.3,126155448966.667,0,6633955033.33333,2127218666.66667,0,9630702206066.67,331929603366.667,647887600,0,2977553600,0,42437700,38854206400,539126400,0,4405404300,0,92587006466.6667,0,4114000,0,1815600,0,55043145208566.7,252948133.333333,867930584800,8217654500,0,0,1408929333.33333,7967209666.66667,0,0,0,0,237219513800,1452162307700,0,54740852166.6667,1144255200,42694520133.3333,1889254476100,98742533.3333333,0,112530000,2745282364166.67,240004207266.667,3490411666.66667,430844266.666667,0,0,0,56649774266.6667,576377166.666667,431400800,0,1817237600,392173866.666667,17051672400,30832520400,0,3066999496933.33,32665645200,0,7226800,234069066.666667,0,136908257133.333,0,6642071833.33333,78453295500,14854693333.3333,0,0,3011705866.66667,726316000,23033200,0,4396216902200,23503253366.6667,44084792900,0,14883000,342180990400,110350152300,408149657200,102124422000,211406397966.667,4426276800,0,33107455333.3333,2658157066.66667,0,2471824300,1306120500,279827866.666667,1166993491600,971286179600,0,29054133066.6667,106191245600,49021200,2734293600,0,380670800,0,20814133.3333333,0,0
"Burkina Faso",0,0,0,0,0,0,0,0,0,0,0,0,0,0,0,0,0,0,0,0,0,0,0,0,0,0,0,3251466.66666667,0,0,0,0,0,0,0,0,0,0,0,0,0,0,0,0,0,0,0,0,0,0,0,0,0,5918900,0,0,0,0,0,0,0,3.56e+08,0,0,0,0,0,0,0,0,0,0,0,0,0,0,0,0,0,0,0,0,0,0,0,0,0,0,0,0,0,0,0,0,0,0,0,0,0,0,0,0,0,0,0,20173333.3333333,0,0,0,0,0,0,0,0,0,0,0,0,0,0,0,0,0,265053866666.667,0,0,0,0,0,0,0,0,0,0,0,0,0,0,0,0,0,0,0,0,0,0,0,0,2373333333.33333,0,26106666.6666667,0,0,0,0,0,0,0,0,0,0,0,0,0,0,0,0,14822500,0,0,0,0,0,23733.3333333333,0,0,0,0,1210000,0,0,0,0,0,0,0,0,0,0,0,0,0,0,0,0
"Uruguay",0,0,0,0,0,949333.333333333,1040600,0,0,0,0,0,0,0,0,0,6855891466.66667,0,0,0,0,0,0,0,0,786500,0,0,0,0,1710710533.33333,0,0,0,0,0,0,0,0,0,0,0,0,0,0,0,0,0,0,0,0,0,0,20861600,0,0,0,0,0,0,0,0,0,0,0,0,0,0,0,0,0,0,0,0,0,0,0,0,0,0,0,44571200,0,0,0,0,0,0,0,0,0,0,0,0,0,0,0,0,199360000,0,0,0,0,0,0,0,0,0,0,0,0,0,0,0,0,0,63646000,0,0,0,0,0,0,0,0,0,0,0,0,0,0,0,0,0,0,0,0,0,0,0,0,0,0,0,0,0,0,0,2667745333.33333,0,0,0,0,0,0,0,27176600,0,0,0,0,0,0,0,0,0,0,0,0,0,0,0,0,0,0,0,106800,0,17684100,0,0,0,0,0,0,0,0,0,0,0,0,0,0,0,0
"Uzbekistan",0,0,0,0,0,0,0,0,0,0,0,0,0,0,0,0,0,0,0,0,0,0,0,0,0,0,0,0,0,0,0,0,0,0,0,0,0,0,0,0,0,0,0,0,0,0,0,0,0,0,0,0,0,0,0,0,0,0,0,0,0,0,0,0,0,0,0,0,0,0,0,0,0,0,0,0,0,0,0,0,0,0,0,0,0,0,0,0,0,0,0,0,0,0,0,0,0,0,0,0,0,0,0,0,0,0,0,0,0,0,0,0,0,0,0,0,0,0,0,0,0,0,0,0,0,0,0,0,0,0,0,0,0,0,0,0,0,0,0,0,0,0,0,0,0,0,0,0,0,0,0,0,0,0,0,0,0,0,0,0,0,0,0,0,0,0,0,0,0,0,0,0,0,0,0,0,0,0,0,0,0,0,0,0,0,0,0,0,0,0,0,0,0,0,0
"Venezuela (Bolivarian Republic of)",0,0,0,0,0,0,0,0,0,0,0,0,0,0,0,0,2314000,0,0,0,0,0,0,0,0,447700,0,0,0,0,1445042500,338800,1177088000,0,0,0,0,0,0,0,0,0,0,0,0,0,0,0,0,0,0,0,0,0,0,0,0,0,0,0,0,0,0,0,0,0,11866.6666666667,0,0,0,0,0,0,0,0,0,0,0,0,0,0,0,0,0,0,0,0,0,0,0,0,0,0,0,0,0,0,0,0,0,0,0,0,0,0,0,0,0,0,0,0,0,0,0,0,0,0,0,0,0,0,0,0,0,0,0,0,0,0,0,0,1416571200,0,0,0,0,0,0,0,0,0,0,0,0,0,0,0,0,0,0,0,0,0,0,0,0,0,0,0,0,0,0,0,0,0,0,0,0,0,0,0,0,0,0,0,0,0,0,2129600,0,0,0,0,0,0,0,0,0,0,0,0,0,0,0,0
"Viet Nam",0,0,0,0,0,0,805221666.666667,0,0,0,0,0,0,0,0,0,0,0,0,0,0,0,0,0,0,969567000,0,0,0,0,0,196619600,0,0,0,0,0,0,1419348266.66667,0,0,854400,0,0,0,0,0,0,0,0,0,0,0,369448933.333333,0,0,0,0,0,144505000,0,0,0,0,0,0,0,0,0,0,88400,0,0,0,3536266.66666667,0,0,0,0,23733.3333333333,0,419534133.333333,0,0,0,3512533.33333333,0,0,0,154229509400,0,250233.333333333,0,0,13275275166.6667,0,0,0,0,59333.3333333333,0,0,0,7550400,0,0,0,0,0,0,0,0,0,0,0,0,54136200,0,0,0,0,149614933.333333,0,0,0,70613833.3333333,0,0,14975733.3333333,0,0,0,595657313200,0,0,0,0,0,0,0,0,0,0,0,0,0,0,89379733.3333333,184847066.666667,0,0,0,48400,46677700,0,23733.3333333333,0,0,0,0,31212933.3333333,72133.3333333333,0,0,968310533.333333,0,712201733.333333,0,0,0,0,0,0,415333.333333333,0,0,853920000,1548800,7307377800,688266.666666667,0,0,0,0,0,0,0,0,76682400,0,0,0,0,0,0
"Ethiopia",0,0,0,0,0,0,183666.666666667,0,0,0,0,0,0,0,0,0,0,0,0,0,0,0,0,0,0,729333.333333333,0,0,0,0,0,0,0,0,0,0,0,0,0,0,0,0,0,0,0,0,0,0,0,0,0,0,0,1443866.66666667,0,0,0,0,0,1452000,0,0,0,0,0,0,0,0,0,0,0,0,0,0,0,0,0,0,0,0,0,0,0,0,0,0,0,0,0,0,0,0,0,0,0,0,0,0,0,0,0,0,0,0,0,0,0,0,0,0,0,0,0,0,0,0,936600,0,0,0,0,0,0,0,0,24200,0,0,0,0,0,0,0,0,0,0,0,0,0,58933.3333333333,0,0,0,0,0,0,0,0,0,0,0,0,0,0,0,356000,0,0,0,0,23733.3333333333,96800,0,0,0,0,0,0,0,0,0,0,0,0,0,0,0,0,11850800,0,0,0,0,0,0,0,0,0,0,0,0,0,1.21e+08,11912098000,0
"Yemen",0,0,0,0,0,85440000,0,0,0,1535333.33333333,0,0,0,0,0,0,0,0,0,0,0,0,0,0,0,166133.333333333,0,0,0,0,0,0,0,0,0,0,0,0,0,0,0,0,0,0,0,0,0,0,0,0,0,0,0,0,0,0,0,0,0,0,0,0,0,0,0,0,0,0,0,0,0,0,0,0,0,0,0,0,0,0,0,0,0,0,0,0,0,0,0,0,0,0,8603333.33333333,0,0,0,0,0,0,0,0,0,0,0,0,0,0,0,0,0,0,0,0,0,0,0,0,0,0,0,0,0,0,0,0,0,0,0,0,0,0,0,0,0,0,0,0,0,0,0,0,0,0,0,0,0,0,35279672133.3333,0,0,0,0,0,0,0,0,0,0,0,0,0,0,0,0,0,0,0,0,0,0,113647766.666667,0,92560000,10454533.3333333,0,0,11200,0,0,0,0,0,0,0,0,0,0,0,0,0,0,0,0,0,0
"Democratic Republic of the Congo",0,0,0,0,0,0,0,0,0,0,0,0,0,0,0,0,0,0,0,0,0,0,0,83066.6666666667,0,847000,0,0,0,0,0,0,0,0,0,0,0,0,0,0,0,0,0,0,0,0,0,0,0,0,0,0,0,641300,0,0,0,0,0,0,0,0,0,0,0,0,0,0,0,0,0,0,0,0,0,0,0,0,0,0,0,0,0,0,0,0,0,0,0,0,0,0,0,0,0,0,0,0,0,0,0,0,0,0,0,0,0,0,0,0,0,0,0,0,0,0,0,0,0,0,0,0,0,0,0,0,0,0,0,0,0,0,0,0,0,0,0,0,0,0,0,420215766.666667,0,0,0,0,0,0,0,0,0,0,0,0,0,2904000,0,0,0,0,0,60500,0,0,0,0,0,0,0,0,0,0,0,0,105245333.333333,0,0,0,0,0,0,0,0,0,0,0,0,31460000,1754200,0,0,0,0,0,0
"Zambia",0,0,0,0,0,0,0,0,0,0,0,0,0,0,0,5426330000,0,0,0,0,0,0,0,1372154533.33333,0,0,0,0,0,0,0,0,0,0,3359582200,0,0,0,0,0,0,0,0,0,0,0,0,0,0,0,0,0,0,14857066.6666667,0,0,0,0,0,0,0,0,0,0,0,0,0,0,0,0,0,0,0,0,0,0,0,0,0,0,0,0,0,0,0,0,0,0,26170853466.6667,0,0,0,0,0,0,0,47466666.6666667,0,0,0,0,0,10061515866.6667,206266.666666667,0,0,0,0,0,0,0,0,8116431466.66667,0,14260873466.6667,0,0,0,0,0,0,0,0,0,116827333.333333,0,0,0,0,0,0,0,0,0,0,0,0,0,0,124267325400,0,976033333.333333,0,0,0,0,0,0,0,0,0,0,0,0,0,15346992133.3333,0,0,0,1342060666.66667,0,0,0,0,0,38356128266.6667,0,0,0,0,0,0,0,31460000,36988400,0,0,0,0,55678400,0,0,0,0,3856666.66666667,0,227532916366.667,0,0,0,0,0,0,0,0
"Belgium",0,0,0,4124164000,0,41564133.3333333,0,9993612633.33333,0,2195333.33333333,0,0,0,0,0,0,0,0,0,0,0,367966.666666667,0,3064533.33333333,2381933.33333333,21389466.6666667,0,0,0,0,588479866.666667,8968316033.33333,0,0,277066.666666667,0,0,0,212343500,0,4420000,878988133.333333,0,0,0,0,294852800,0,324133.333333333,164752066.666667,0,0,7314166.66666667,126525085500,71200,0,0,71200,3453733.33333333,29485230833.3333,0,47824400,0,7784592400,0,0,0,2563600,0,0,0,62166.6666666667,2810781466.66667,0,154266.666666667,12257300,4705590933.33333,0,3571866.66666667,2278724700,58469163166.6667,2026602900,356000,0,0,42618333.3333333,2053401266.66667,0,0,0,0,783345566.666667,3285062366.66667,234542466.666667,0,56590933.3333333,0,0,1871074400,153564133.333333,0,726000,0,642662200,439066.666666667,96800,55304900,0,0,641300,0,1833509300,0,0,0,13584133.3333333,611598049333.333,0,3630933.33333333,24866.6666666667,0,0,0,677733.333333333,247673600,9584966.66666667,0,0,135255966.666667,0,0,0,0,10306443900,1066245433.33333,0,0,0,100484133.333333,118666.666666667,342194733.333333,29525600,107711200,0,78770933.3333333,0,0,1305432266.66667,0,777000,0,30895866.6666667,2361466.66666667,23733.3333333333,0,2397066.66666667,23134337433.3333,1632533.33333333,0,0,1045973166.66667,25676300,647854133.333333,0,314822766.666667,0,0,29887133.3333333,0,0,339379066.666667,62166.6666666667,39632268266.6667,7045283666.66667,324133.333333333,0,59336720366.6667,885333.333333333,743308500,0,0,0,0,47736000,0,0,224825600,0,0,10646046300,3389333.33333333,0,242000,0,0
"Luxembourg",0,0,0,0,0,0,0,266533.333333333,0,0,0,0,0,0,0,0,0,0,0,0,0,0,0,0,0,0,0,0,0,0,0,0,0,0,0,0,0,0,0,599066.666666667,0,0,0,0,0,0,0,0,0,0,0,0,0,39022366.6666667,0,0,0,0,0,40359627766.6667,0,0,0,0,0,0,0,0,0,0,0,0,108900,0,0,0,0,0,0,0,0,0,0,0,0,0,0,0,0,0,0,0,0,0,0,0,0,0,0,0,0,0,0,0,0,0,0,0,0,0,0,0,0,0,0,0,40536533.3333333,0,0,0,0,0,0,11866.6666666667,0,0,0,0,0,0,0,0,0,0,12100,0,0,0,0,0,0,0,0,0,0,0,0,0,0,0,0,0,0,0,0,0,0,0,0,0,0,24200,0,0,0,0,0,0,0,0,0,0,0,0,0,0,24200,0,0,0,0,0,0,0,0,0,0,0,1564066533.33333,0,0,0,0,0,0
"Serbia",0,0,293100840600,65266666.6666667,0,0,43535800,579217810433.333,0,0,0,0,0,0,0,0,0,0,0,0,0,42265924500,0,0,0,52538200,0,0,0,0,94933.3333333333,72600,0,0,0,0,0,0,290400,709875866.666667,0,0,0,0,273704666.666667,0,0,0,0,0,0,0,0,3779141966.66667,0,0,162395333.333333,0,0,21101744033.3333,566008811866.667,0,0,11057343400,0,0,0,0,0,0,0,0,220266569366.667,67344371033.3333,0,0,0,641156000,1092777600,0,0,1849941700433.33,0,332231066.666667,0,0,0,157316400,0,0,0,0,0,16940000,0,0,0,0,0,10312133.3333333,0,0,0,0,0,0,0,0,0,0,0,347076266.666667,0,18769637200,0,0,4115823033.33333,0,0,216299827100,0,0,0,0,0,0,23733.3333333333,0,128889200,0,0,0,0,44727733.3333333,0,0,0,0,1316132000,0,6768097500666.67,0,10003089733.3333,0,0,0,0,712000,0,7551887333.33333,0,5708921133.33333,425206400,0,0,0,445166133.333333,0,0,0,123254100,805690233.333333,0,0,0,154266.666666667,0,0,0,0,0,0,23407196266.6667,1782515733.33333,0,0,537075566.666667,2214925200,269542233.333333,0,0,743446666.666667,26106666.6666667,0,0,0,0,0,0,833033.333333333,0,130217742433.333,0,0,0
"Montenegro",0,0,474915866.666667,0,0,0,0,0,0,0,0,0,0,0,0,0,0,0,0,0,0,0,0,0,0,0,0,0,0,0,0,0,0,0,0,0,0,0,0,0,0,0,0,0,0,0,0,0,0,0,0,0,0,0,0,0,0,0,0,0,2099733.33333333,0,0,0,0,0,0,0,0,0,0,0,0,0,0,0,0,0,0,0,0,0,0,0,0,0,0,0,0,0,0,0,0,0,0,0,0,0,0,0,0,0,0,0,0,0,0,0,0,0,0,0,0,0,0,0,0,0,0,0,0,0,0,0,0,84700,0,0,0,0,0,0,0,0,0,0,0,0,0,0,0,0,0,0,0,0,0,0,0,0,0,0,0,0,0,0,0,0,0,0,0,0,0,0,0,0,0,0,0,0,0,0,0,0,0,0,0,0,0,0,0,0,0,0,0,0,0,0,0,0,1973600,0,0,0,0
"Sudan",0,0,0,0,0,0,0,0,0,0,0,0,0,0,0,0,0,0,0,0,0,0,0,0,0,0,0,0,0,0,0,0,0,0,0,0,0,0,0,0,0,0,0,0,0,0,0,0,0,0,0,0,0,0,0,0,0,0,0,0,0,0,0,0,0,0,0,0,0,0,0,0,0,0,0,0,0,0,0,0,0,0,0,0,0,0,0,0,0,0,0,0,0,0,0,0,0,0,0,0,0,0,0,0,0,0,0,0,0,0,0,0,0,0,0,0,0,0,0,0,0,0,0,0,0,0,0,0,0,0,0,0,0,0,0,0,0,0,0,0,0,0,0,0,0,0,0,0,0,0,0,0,0,0,0,0,0,0,0,0,0,0,0,0,0,0,0,0,0,0,0,0,0,0,0,0,0,0,0,0,0,0,0,0,0,0,0,0,0,0,0,0,0,0,0
"South Sudan",0,0,0,0,0,0,0,0,0,0,0,0,0,0,0,0,0,0,0,0,0,0,0,0,0,0,0,0,0,0,0,0,0,0,0,0,0,0,0,0,0,0,0,0,0,0,0,0,0,0,0,0,0,0,0,0,0,0,0,0,0,0,0,0,0,0,0,0,0,0,0,0,0,0,0,0,0,0,0,0,0,0,0,0,0,0,0,0,0,0,0,0,0,0,0,0,0,0,0,0,0,0,0,0,0,0,0,0,0,0,0,0,0,0,0,0,0,0,0,0,0,0,0,0,0,0,0,0,0,0,0,0,0,0,0,0,0,0,0,0,0,0,0,0,0,0,0,0,0,0,0,0,0,0,0,0,0,0,0,0,0,0,0,0,0,0,0,0,0,0,0,0,0,0,0,0,0,0,0,0,0,0,0,0,0,0,0,0,0,0,0,0,0,0,0
"Occupied Palestinian Territory",0,0,0,0,0,0,0,0,0,0,0,0,0,0,0,0,0,0,0,0,0,0,0,0,0,0,0,0,0,0,0,0,0,0,0,0,0,0,0,0,0,0,0,0,0,0,0,0,0,0,0,0,0,0,0,0,0,0,0,0,0,0,0,0,0,0,0,0,0,0,0,0,0,0,0,0,0,0,0,0,0,0,0,0,0,0,0,0,0,0,0,0,0,0,0,0,0,0,0,0,0,0,0,0,0,0,0,0,0,0,0,0,0,0,0,0,0,0,0,0,0,0,0,0,0,0,0,0,0,0,0,0,0,0,0,0,0,0,0,0,0,0,0,0,0,0,0,0,0,0,0,0,0,0,0,0,0,0,0,0,0,0,0,0,0,0,0,0,0,0,0,0,0,0,0,0,0,0,0,0,0,0,0,0,0,0,0,0,0,0,0,0,0,0,0
