"","1","2","3","4","8","9","10","11","12","13","14","16","17","18","19","20","21","22","23","25","26","27","28","29","32","33","35","37","38","39","40","41","44","45","46","47","48","49","50","52","53","54","55","56","57","58","59","60","61","63","64","66","67","68","70","72","73","74","75","79","80","81","83","84","85","86","89","90","91","93","95","96","97","98","99","100","101","102","103","104","105","106","107","108","109","110","112","113","114","115","116","117","118","119","120","121","122","123","124","126","128","129","130","131","132","133","134","136","137","138","141","143","144","146","147","149","150","151","153","154","155","156","157","158","159","162","165","166","167","168","169","170","171","173","174","175","176","178","179","181","183","184","185","188","189","191","193","194","195","196","197","198","199","200","201","202","203","207","208","209","210","211","212","213","214","215","216","217","219","220","221","222","223","225","226","227","229","230","231","233","234","235","236","237","238","249","250","251","255","256","272","273","276","277","299"
"Armenia",0,0,0,0,0,0,0,0,0,0,0,0,0,0,0,0,0,0,0,0,0,0,0,0,0,0,0,0,0,0,0,0,0,0,0,0,0,0,0,0,0,0,0,0,2189600,0,0,0,0,0,0,0,0,0,0,0,743400,0,0,0,0,0,0,0,0,0,0,0,0,0,0,0,0,0,0,0,0,11900,0,0,0,0,0,0,0,0,0,0,0,0,0,0,0,0,0,1860000,0,0,0,0,0,0,0,0,0,0,0,0,0,0,0,0,0,0,0,0,0,0,0,0,0,0,0,0,0,0,0,0,0,0,0,0,0,0,0,0,0,0,0,0,0,0,0,0,0,0,0,0,0,0,0,0,0,0,0,0,0,0,0,0,0,0,0,0,0,0,0,0,0,0,0,0,0,0,0,0,0,0,0,0,0,0,0,0,0,0,0,0,841800,0,0,0,0,0,0
"Afghanistan",0,0,0,0,0,0,0,0,0,0,0,0,0,0,0,0,0,0,0,0,0,0,0,0,0,0,0,0,0,0,0,0,0,0,0,0,0,0,0,0,0,0,0,0,0,0,0,0,0,0,0,0,0,0,0,0,0,0,0,480000,0,0,0,0,0,0,0,0,0,0,0,0,0,0,0,2906436000,0,0,0,0,0,0,0,0,0,0,0,0,0,0,0,0,0,0,0,0,0,0,0,0,0,0,0,0,0,0,0,0,0,0,0,0,0,0,0,0,0,0,0,0,0,0,0,0,0,0,4917384000,0,0,0,0,0,0,0,0,0,0,0,0,0,0,0,0,0,0,0,0,0,0,0,0,0,0,0,0,0,0,0,31755000,0,36000,0,0,0,0,0,0,0,0,0,0,0,0,0,0,0,0,0,0,0,0,12960000,0,0,0,0,0,0,0,0,0,0,0,0,0
"Albania",0,0,0,0,0,0,0,0,0,0,0,0,0,0,0,0,0,0,0,0,0,0,0,0,0,0,0,0,0,0,0,0,0,0,0,0,0,0,0,0,0,0,0,0,0,0,0,0,0,0,0,0,0,0,0,0,0,0,0,5545400,0,0,0,0,0,0,0,0,0,0,0,0,0,0,0,0,0,0,0,0,0,0,0,0,0,0,0,0,0,0,0,0,0,0,0,0,0,0,0,0,0,0,0,0,0,0,0,0,0,0,0,0,0,0,0,0,0,0,0,0,0,0,0,0,0,0,0,0,0,0,0,0,0,0,0,0,0,0,0,0,0,0,0,0,0,0,0,0,0,0,0,0,0,0,0,0,0,0,0,0,0,0,0,0,0,0,0,0,0,0,0,0,0,0,0,0,0,0,4569600,0,0,0,0,0,0,0,0,0,0,0,0,45792000,0,0,0
"Algeria",0,0,0,0,0,0,0,0,0,0,0,0,0,0,0,0,0,0,0,0,0,0,0,0,0,948600,0,0,0,0,0,0,0,0,0,0,0,0,0,0,3e+07,0,0,0,0,0,0,0,0,0,0,0,0,5256200,0,0,0,0,6.72e+08,0,0,3.6e+08,0,0,0,0,0,0,0,0,0,0,0,0,0,0,0,0,0,0,0,0,0,0,0,0,0,0,0,0,0,0,0,0,0,0,0,0,42300000,0,0,0,0,0,0,1032000,0,0,0,0,0,0,0,0,0,0,0,0,0,0,0,0,0,1440000,0,0,0,0,0,0,0,0,0,0,0,0,0,0,0,0,0,0,0,0,0,0,0,0,0,0,0,0,0,0,0,0,0,0,0,0,0,36600,0,0,0,0,0,0,0,0,0,0,0,0,0,0,0,0,0,0,0,0,0,0,0,0,0,0,0,0,0,0,0,0,0
"Antigua and Barbuda",0,0,0,0,0,0,0,0,0,0,0,0,0,0,0,0,0,0,0,0,0,0,0,0,0,0,0,0,0,0,0,0,0,0,0,0,0,0,0,0,0,0,0,0,0,0,0,0,0,0,0,0,0,0,0,0,0,0,0,0,0,0,0,0,0,0,0,0,0,0,0,0,0,0,0,0,0,0,0,0,0,0,0,0,0,0,0,0,0,0,0,0,0,0,0,0,0,0,0,0,0,0,0,0,0,0,0,0,0,0,0,0,0,0,0,0,0,0,0,0,0,0,0,0,0,0,0,0,0,0,0,0,0,0,0,0,0,0,0,0,0,0,0,0,0,280000,0,0,11246580000,0,0,0,0,0,0,0,0,0,0,0,0,0,0,0,0,0,0,0,0,0,0,0,0,0,0,0,0,0,0,0,0,0,0,0,0,0,0,0,0,0,0,0,0,0,0
"Argentina",0,0,0,0,0,0,0,0,0,0,0,0,0,0,28744680000,0,306874307333.333,0,0,0,0,0,0,0,0,4808623400,0,0,0,0,326154896000,0,0,0,0,0,25767360000,9.6e+10,0,0,0,0,0,0,0,0,0,0,0,0,0,0,0,0,0,0,0,0,0,83311900,0,0,0,0,0,0,0,0,0,0,0,0,0,0,0,0,0,0,3.744e+10,0,0,0,0,0,0,0,0,0,0,0,0,0,0,0,0,0,0,0,0,0,0,0,0,0,0,0,0,0,0,48827760000,0,0,0,0,0,0,63040252600,0,0,0,0,0,0,0,0,0,0,0,0,0,0,8432340000,0,0,0,0,0,0,0,0,0,0,0,0,0,0,0,0,32607840000,0,0,0,0,0,0,0,110349890000,0,0,0,0,0,0,0,0,0,0,0,0,0,0,0,27847800000,0,0,0,11804562000,0,39598312000,0,0,0,55163733333.3333,0,0,0,0,0,5.7e+08,0,0,0,0,0,0
"Australia",0,0,0,0,0,2800000,0,0,0,0,0,0,0,0,0,0,0,0,0,0,0,0,0,0,0,0,0,0,0,0,0,0,0,0,0,0,0,0,0,0,0,0,0,0,0,0,0,0,0,0,0,0,0,0,0,0,0,0,0,0,0,0,0,0,0,0,0,0,0,0,0,9333.33333333333,0,0,0,0,0,0,0,0,0,0,0,0,0,0,0,0,0,0,0,0,0,0,0,0,0,0,0,0,0,0,0,0,0,0,0,0,0,0,0,0,0,0,0,0,0,0,35457333.3333333,0,0,0,0,0,0,0,0,0,0,53974666.6666667,0,0,0,0,0,0,0,0,0,0,0,0,0,0,0,0,0,0,0,0,0,0,0,0,0,0,0,0,0,0,0,0,0,0,0,0,0,0,0,0,0,0,0,0,0,0,0,0,0,0,17733333.3333333,0,0,0,0,0,0,0,0,0,0,0,0,0,0
"Austria",183000,0,2348733.33333333,0,0,0,0,0,11900,0,0,0,0,0,0,0,30756200,0,0,0,0,63290800,0,0,0,0,0,0,0,0,0,0,0,0,0,0,0,0,33624000,292800,0,133176400,0,0,0,0,0,0,0,2862100,0,0,3167900,139375200,0,0,3464800,0,0,3676928300,5490000,23800,0,32248300,0,0,0,0,0,0,0,0,2695214200,358804966.666667,0,43440000,0,0,0,84200,0,2188334500,0,0,0,0,0,0,0,0,0,0,0,2656200,0,2830400,0,0,0,18007200,0,0,0,0,0,0,3916000,0,0,0,0,0,11900,1256600,6e+05,0,107178700,0,0,5453400,0,204000,0,0,0,0,0,0,1281615866.66667,0,0,0,0,1027119800,276000,0,0,0,0,0,665032500,0,12200,0,0,0,0,0,0,0,0,343742733.333333,836253800,0,0,0,48249000,0,261800,0,4203100,42747800,0,0,3818600,0,95200,1440000,0,0,0,0,37596000,0,0,0,42231433.3333333,1123500,0,0,0,0,0,0,0,0,0,0,25600800,2771900,107467000,1256600,0,0,0
"Bahamas",0,0,0,0,0,0,0,0,0,0,0,0,0,0,0,0,0,0,0,0,0,0,0,0,0,0,0,0,0,0,0,0,0,0,0,0,0,0,0,0,0,0,0,0,0,0,0,0,0,0,0,0,0,0,0,0,0,0,0,0,0,0,0,0,0,0,0,0,0,528000,0,0,0,0,0,0,0,0,0,0,0,0,0,0,0,0,0,0,0,0,0,0,0,0,0,0,0,0,0,0,0,0,0,0,0,0,0,0,0,0,0,0,0,0,0,0,0,0,0,0,0,0,0,0,0,0,0,0,0,0,0,0,0,0,0,0,0,0,0,0,0,0,0,0,0,0,0,0,0,0,0,0,0,0,0,0,0,0,0,0,0,0,0,0,0,0,0,0,0,0,0,0,0,0,0,0,0,0,29136000,0,0,0,0,0,0,0,0,0,0,0,0,0,0,0,0
"Bahrain",0,0,0,0,168000,0,0,0,36000,0,0,0,0,0,0,0,0,0,0,0,0,0,0,0,0,0,0,0,0,0,0,0,0,0,0,0,0,0,132000,0,0,0,0,0,0,0,23800,12442000,0,0,0,0,0,0,0,0,0,0,0,0,0,0,0,1068000,0,0,0,0,0,0,0,1344000,0,0,0,67260000,0,0,11552000,0,0,0,0,0,0,0,0,0,0,0,0,0,7866666.66666667,0,0,0,0,3228000,0,0,0,3e+07,0,24000,0,0,1752000,7186666.66666667,0,0,0,0,0,0,0,0,384000,0,0,0,1104000,0,0,0,0,0,29712000,3744000,0,0,0,0,0,0,0,0,0,0,0,0,0,0,0,0,0,24000,0,1039204800,0,0,0,0,0,192000,0,0,0,0,0,0,0,240000,0,0,0,0,0,0,0,0,447300,0,0,117420000,0,0,420000,0,12025333.3333333,0,0,0,0,0,0,941600,0,0,84000,0,0,0,0,0,0
"Barbados",0,0,0,0,0,0,0,0,0,0,0,0,0,0,0,0,0,0,0,0,0,0,0,0,0,0,0,0,0,0,0,0,0,0,0,0,0,0,0,0,0,0,0,0,0,0,0,0,0,0,0,0,0,0,0,0,0,0,0,0,0,0,0,0,0,29750000,0,0,0,0,0,0,0,0,0,0,0,0,0,0,0,0,0,0,0,0,0,0,0,0,0,0,0,0,0,0,0,0,0,0,0,0,0,0,0,0,0,0,0,0,0,0,0,0,0,0,0,0,0,0,0,0,0,0,0,0,0,0,0,0,0,0,0,0,0,0,0,0,0,0,0,0,0,0,74732000,83300,0,0,0,0,0,0,0,0,0,0,0,0,0,0,0,0,0,0,0,0,0,0,0,0,0,0,0,0,0,0,0,0,285600,0,0,0,0,0,0,0,0,0,0,0,0,0,0,0,0
"Bangladesh",0,0,0,0,0,0,1702308000,16800000,0,242751000,0,0,0,0,0,0,0,0,0,0,101893866.666667,0,1190000,0,0,1421148666.66667,0,0,0,0,0,0,0,0,0,0,0,0,85764000,0,118500000,5736000,0,0,0,0,0,0,0,0,0,4560000,9549666.66666667,116449333.333333,0,0,0,0,0,68030666.6666667,0,0,0,3160620000,0,0,0,0,0,0,0,3768000,0,0,0,37333.3333333333,0,0,0,27569333.3333333,0,2718755000,0,0,0,226811733.333333,900792000,0,0,6e+05,0,0,360646333.333333,0,0,102312000,0,0,0,0,0,0,0,3472872000,330726000,0,0,0,254186666.666667,0,0,0,0,0,0,151218666.666667,5832000,0,0,0,0,108900000,0,0,0,1248000,46666666.6666667,0,0,0,0,0,8928000,0,51819633.3333333,0,0,0,772002000,0,0,0,0,0,0,0,0,11680944633.3333,0,0,0,0,0,923496000,0,125772533.333333,0,0,0,0,148245333.333333,11841333.3333333,0,0,0,0,618800,2261000,0,1428000,138324000,0,0,2413010666.66667,0,0,1413530133.33333,0,7460411400,0,0,0,0,0,56000,0,0,0,75577366.6666667,0,0,0,0,0,11184000
"Bermuda",0,0,0,0,0,0,0,0,0,0,0,0,0,0,0,0,0,0,0,0,0,0,0,0,0,0,0,0,0,0,0,0,0,0,0,0,0,0,0,0,0,0,0,0,0,0,0,0,0,0,0,0,0,0,0,0,0,0,0,0,0,0,0,0,0,0,0,0,0,0,0,0,0,0,0,0,0,0,0,0,0,0,0,0,0,0,0,0,0,0,0,0,0,0,0,0,0,0,0,0,0,0,0,0,0,0,0,0,0,0,0,0,0,0,0,0,0,0,0,0,0,0,0,0,0,0,0,0,0,0,0,0,0,0,0,0,0,0,0,0,0,0,0,0,0,0,0,0,0,0,0,0,0,0,0,0,0,0,0,0,0,0,0,0,0,0,0,0,0,0,0,0,0,0,0,0,0,0,0,0,0,0,0,0,0,0,0,0,0,0,0,0,0,0,0
"Bhutan",0,0,0,0,0,0,0,0,0,0,0,0,0,0,0,0,0,0,0,0,0,0,0,0,0,0,0,0,0,0,0,0,0,0,0,0,0,0,0,0,0,0,0,0,0,0,0,0,0,0,0,0,0,0,0,0,0,0,0,809900,0,0,0,0,0,0,0,0,0,0,0,0,0,0,0,0,0,0,0,0,0,0,0,0,0,0,0,0,0,0,0,0,0,0,0,0,0,0,0,0,0,0,0,0,0,0,0,0,0,0,0,0,0,0,0,0,0,0,0,0,0,0,0,0,0,0,0,0,0,0,0,0,0,0,0,0,0,0,0,0,0,0,0,0,0,0,0,0,0,0,0,0,0,6378400,0,0,0,0,0,0,0,0,0,0,0,0,0,0,0,0,0,0,0,48000,0,0,0,0,0,0,0,0,0,0,0,0,0,0,0,0,0,0,0,0,0
"Bolivia (Plurinational State of)",0,0,0,0,0,0,0,0,0,0,0,0,0,0,0,0,0,0,0,0,0,0,0,0,0,0,0,0,0,0,0,0,0,0,0,0,0,0,0,0,0,0,0,0,0,0,0,0,0,0,0,0,0,0,0,0,0,0,0,0,0,0,0,0,0,0,0,0,0,0,0,0,0,0,0,0,0,0,0,0,0,0,0,0,0,0,0,0,0,0,0,0,0,0,0,0,0,0,0,0,0,0,0,0,0,0,0,0,0,0,0,0,0,0,0,0,0,0,0,0,0,0,0,0,0,0,0,0,0,0,0,0,0,0,0,0,0,0,0,0,0,0,0,0,0,0,0,0,0,0,0,0,0,0,0,0,0,0,0,0,0,0,0,0,0,0,0,0,0,0,0,0,0,0,0,0,0,0,0,0,0,0,0,0,0,0,0,0,0,0,0,0,0,0,0
"Botswana",0,0,0,0,0,0,0,0,0,0,0,0,0,0,0,0,0,0,0,0,0,0,0,0,0,0,0,0,0,0,0,0,0,0,0,0,0,0,0,0,0,0,0,0,0,0,0,0,0,0,0,0,0,0,0,0,0,0,0,0,0,0,0,0,0,0,0,0,0,0,0,0,0,0,0,0,0,0,0,0,0,0,0,0,0,0,0,0,0,0,0,0,0,0,0,0,0,0,0,0,0,0,0,0,0,0,0,0,0,0,0,0,0,0,208279800,0,0,0,0,0,0,0,0,0,0,0,0,0,0,0,0,0,0,0,0,0,0,0,0,16988233.3333333,0,0,0,0,0,0,0,0,0,0,0,0,0,0,0,2149776000,0,0,0,0,0,0,0,0,0,0,0,0,0,0,0,0,0,0,0,0,0,0,0,0,0,0,0,0,0,0,0,2640000,0,0,0,0,0,0,0
"Brazil",0,120000,0,2342160000,1635715866.66667,640978133.333333,0,249900,2292800266.66667,24625200,4744266600,60000,0,0,26877258200,0,0,0,1608766.66666667,0,0,540000,0,0,48200,3602152000,40543531900,0,0,0,19926558433.3333,3083728166.66667,48412666.6666667,276000,3e+05,0,199761860000,180382776000,113460366.666667,0,1228560000,49680666.6666667,87312000,114264000,0,139568000,238000,10593312000,120590000,0,288000,0,0,150495566.666667,0,156000,0,0,337918920000,836075400,1810000,0,240000,113733533.333333,0,59616000,43448522666.6667,0,272674000,8543472000,26220693333.3333,182438466.666667,0,84200,36000,18799866.6666667,180000,4054533.33333333,74438760000,7524000,1146290000,415047366.666667,0,0,1.5e+08,121535800,542404100,0,0,0,0,9743366.66666667,60480000,84000,0,659670666.666667,0,1024490600,300432000,513624000,0,0,0,199800,0,3.6e+09,202615233.333333,0,0,127238752666.667,0,2134944000,259189600,0,2.49e+09,0,159638367100,0,0,0,479800,0,62471029333.3333,0,0,92321766.6666667,660000,10449455466.6667,0,0,1786242733.33333,372748807800,34967433.3333333,572433.333333333,971811300,7250904000,0,0,1924833.33333333,0,0,0,343162000,0,7614720000,487008000,4791132000,24794172000,462648384200,0,249862860000,21537000,24000,229938200,0,59866399000,3257423666.66667,0,0,504000,1118666.66666667,50065289633.3333,0,0,60000,0,25310133.3333333,30202500,0,22584596200,161333.333333333,0,31322038600,20881272233.3333,0,804000,528928100,0,202941789400,0,2556475633.33333,0,742978182066.667,149907300,0,0,80490666.6666667,0,15248668266.6667,140000,0,210366.666666667,0,0,553368000
"Aruba",0,0,0,0,0,0,0,0,0,0,0,0,0,0,0,0,0,0,0,0,0,0,0,0,0,0,0,0,0,0,0,0,0,0,0,0,0,0,0,0,0,0,0,0,0,0,0,0,0,0,0,0,0,0,0,0,0,0,0,0,0,0,0,0,0,0,0,0,0,0,0,0,0,0,0,0,0,0,0,0,0,0,0,0,0,0,0,0,0,0,0,0,0,0,0,0,0,0,0,0,0,0,0,0,0,0,0,0,0,0,0,0,0,0,0,0,0,0,0,0,0,0,0,0,0,0,0,0,0,0,0,0,0,0,0,0,0,0,0,0,0,0,0,0,0,0,0,0,0,0,0,0,0,0,0,0,0,0,0,0,0,0,0,0,0,0,0,0,0,0,0,0,0,0,0,0,0,0,0,0,0,0,0,0,0,0,0,0,0,0,0,0,0,0,0
"Belize",0,0,0,0,0,0,0,0,0,0,0,0,0,0,0,0,0,0,0,0,0,0,0,0,0,0,0,0,0,0,0,0,0,0,0,0,0,0,0,0,0,0,0,0,0,0,0,0,0,0,0,0,0,0,0,0,0,0,0,0,0,0,0,0,0,0,2671357333.33333,0,0,0,0,0,0,0,0,0,0,0,0,0,0,0,0,0,0,0,0,0,0,0,0,0,0,0,0,0,0,0,0,0,0,0,0,0,0,0,0,0,0,0,0,0,0,0,0,0,0,0,0,0,0,0,0,0,0,0,0,0,0,0,0,0,0,0,0,0,0,0,0,0,0,0,0,0,0,0,0,0,0,0,0,0,0,0,0,0,0,0,0,0,0,0,0,0,0,0,0,0,0,0,0,0,0,0,0,0,0,0,0,0,0,0,0,0,0,0,0,0,0,0,0,0,0,0,0
"Solomon Islands",0,0,0,0,0,0,0,0,0,0,0,0,0,0,0,0,0,0,0,0,0,0,0,0,0,0,0,0,0,0,0,0,0,0,0,0,0,0,0,0,0,0,0,0,0,0,0,0,0,0,0,0,0,0,0,0,0,0,0,0,0,0,0,0,0,0,0,0,0,0,0,0,0,0,0,0,0,0,0,0,0,0,0,0,0,0,0,0,0,0,0,0,0,0,0,0,0,0,0,0,0,0,0,0,0,0,0,0,0,0,0,0,0,0,0,0,0,0,0,0,0,0,0,0,0,0,0,0,0,0,0,0,0,0,0,0,0,0,0,0,0,0,0,0,0,0,0,0,0,0,0,0,0,0,0,0,0,0,0,0,0,0,0,0,0,0,0,0,0,0,0,0,0,0,0,0,0,0,0,0,0,0,0,0,0,0,0,0,0,0,0,0,0,0,0
"Brunei Darussalam",0,0,0,0,0,0,0,0,0,0,0,0,0,0,0,0,0,0,0,0,0,0,0,0,0,0,0,0,0,0,0,0,0,0,0,0,0,0,0,0,0,0,0,0,0,0,0,0,0,0,0,0,0,0,0,0,0,0,0,0,0,0,0,0,0,0,0,0,0,0,0,0,0,0,0,0,0,0,0,0,0,0,0,0,0,0,0,0,0,67320000,0,0,0,0,0,0,0,0,0,0,0,0,0,27096000,0,0,0,0,0,0,0,0,0,0,0,0,0,0,0,0,0,0,0,0,0,0,0,0,0,0,0,0,0,0,0,0,0,0,0,0,0,0,0,0,0,0,0,0,0,0,0,0,0,108300000,0,0,0,0,0,0,0,0,0,0,0,0,0,0,0,0,0,0,0,0,0,0,2.4e+07,0,0,0,0,0,0,0,0,0,0,0,0,0,0,0,0,0,0
"Bulgaria",0,0,2251920000,0,0,0,0,36431000,0,2.16e+08,0,0,0,0,0,0,0,0,0,0,0,0,0,0,0,31200000,0,0,0,0,0,0,0,0,0,0,0,0,58207200,0,0,756000,0,0,0,0,0,0,0,0,0,0,0,6846800,0,0,821100,0,0,334115300,0,0,0,842037000,0,0,0,0,0,0,0,0,1211445333.33333,211200000,0,0,0,0,504000,2796500,62400000,43773333.3333333,0,0,0,0,414960000,0,0,0,0,0,0,115200000,0,90095200,0,0,0,141600000,0,0,0,0,0,0,0,0,0,0,0,2.4e+08,0,52224000,0,0,35622400,0,0,8394400,0,0,0,0,0,0,0,0,1843020000,0,0,0,0,9585579800,0,0,0,0,91307100,0,184870560333.333,0,0,0,0,0,0,4421964000,0,0,0,0,18900000,0,0,0,598000,0,0,0,191184000,0,0,0,0,0,0,0,0,0,0,0,96881937866.6667,218769000,0,0,209691666.666667,0,23038600,0,0,0,0,0,0,0,0,0,192809400,0,1890419200,0,0,0,530400000
"Myanmar",0,0,0,0,0,0,0,0,0,0,0,0,0,0,0,0,0,0,0,0,0,0,0,0,0,0,0,0,0,0,0,0,0,0,0,0,0,0,0,0,0,0,0,0,0,0,0,0,0,0,0,0,0,0,0,0,0,0,0,0,0,0,0,0,0,0,0,0,0,0,0,0,0,0,0,0,0,0,0,0,0,0,0,0,0,0,0,0,0,0,0,0,0,0,0,0,0,0,0,0,0,0,0,0,0,0,0,0,0,0,0,0,0,0,0,0,0,0,0,0,0,0,0,0,0,0,0,0,0,0,0,0,0,0,0,0,0,0,0,0,0,0,0,0,0,0,0,0,0,0,0,0,0,0,0,0,0,0,0,0,0,0,0,0,0,0,0,0,0,0,0,0,0,0,0,0,0,0,0,0,0,0,0,0,0,0,0,0,0,0,0,0,0,0,0
"Burundi",0,0,0,0,0,0,0,0,0,0,0,0,0,0,0,0,0,0,0,0,0,0,0,0,0,0,0,0,0,0,0,0,0,0,0,0,0,0,0,0,0,0,0,0,0,0,0,0,0,0,0,0,0,0,0,0,0,0,0,0,0,0,0,0,0,0,0,0,0,0,0,0,0,0,0,0,0,0,0,0,0,0,0,0,0,0,0,0,60000,0,0,0,0,0,0,0,0,0,0,0,0,0,0,0,0,0,0,0,0,0,0,0,0,0,0,0,0,0,0,0,0,0,0,0,0,0,0,0,0,0,0,0,0,0,0,0,0,0,0,0,0,0,0,0,0,0,0,0,0,0,0,0,0,0,0,0,0,0,0,0,0,0,0,0,0,0,0,0,0,0,0,0,0,0,0,0,0,0,0,0,0,0,0,0,0,0,4306000,0,0,0,0,0,0,0,0
"Cameroon",0,0,0,0,0,0,0,0,0,0,0,0,0,0,0,0,0,0,0,0,0,0,0,0,0,0,0,25211268000,0,0,0,0,0,0,1437036000,0,0,0,0,0,0,0,0,0,0,0,0,0,0,0,0,0,0,0,0,0,0,0,0,0,0,36000,0,0,0,0,0,0,0,0,0,0,0,0,0,0,0,0,0,0,7381000,0,0,0,0,0,0,0,0,0,0,0,0,0,0,0,0,0,0,0,0,0,0,0,0,0,0,0,0,0,0,0,0,0,0,0,0,0,0,0,0,0,0,0,0,0,0,0,0,0,0,0,0,0,0,0,0,0,0,0,0,24000,0,0,0,0,0,0,0,0,0,0,0,0,0,0,0,0,0,0,0,0,0,0,0,0,420000,0,0,0,0,0,0,0,0,0,0,0,0,0,0,0,0,0,0,0,0,0,2286600,0,0,0,0,0,0
"Canada",0,0,0,0,0,0,0,0,47600,0,12768000,0,0,0,0,0,0,0,0,0,0,0,0,0,0,0,0,0,0,0,0,360000,0,0,0,0,0,50277333.3333333,0,0,0,0,35736000,191300000,0,0,0,15393400,0,0,0,0,0,203439500,0,0,0,0,0,12922800,0,87956600,0,0,0,17688000,1092000,737800,261800,40018900,2232000,579197566.666667,0,0,0,1728396000,0,0,0,0,0,0,5616000,0,552195400,0,0,0,4728000,0,0,0,0,0,0,42385300,0,8484000,0,0,0,0,0,0,0,0,0,0,0,0,0,0,0,0,0,0,0,0,0,0,0,0,0,0,5316000,0,143232000,0,0,0,0,1822100,428787300,0,0,0,0,0,0,0,0,0,0,0,0,103980000,0,0,0,0,18096000,0,0,38115700,30204000,0,16056000,0,0,0,0,0,0,0,0,0,124500000,5747700,0,15132000,0,0,75504000,50508000,0,0,2322358100,0,48146876766.6667,5631800,0,0,0,100740000,0,50328000,0,0,0,0,0,0,0,0,0
"Cape Verde",0,0,0,0,0,0,0,0,0,0,0,0,0,0,0,0,0,0,0,0,0,0,0,0,0,0,0,0,0,0,0,0,0,0,0,0,0,0,0,0,0,0,0,0,0,0,0,0,0,0,0,0,0,0,0,0,0,0,0,0,0,0,0,0,0,0,0,0,0,0,0,0,0,0,0,0,0,0,0,0,0,0,0,0,0,0,0,0,0,0,0,0,0,0,0,0,0,0,0,0,0,0,0,0,0,0,0,0,0,0,0,0,0,0,0,0,0,0,0,0,0,0,0,0,0,0,0,0,0,0,0,0,0,0,0,0,0,0,0,0,0,0,0,0,0,0,0,0,0,0,0,0,0,0,0,0,0,0,0,0,0,0,0,0,0,0,0,0,0,0,0,0,0,0,0,0,0,0,0,0,0,0,0,0,0,0,0,0,0,0,0,0,0,0,0
"Central African Republic",0,0,0,0,0,0,0,0,0,0,0,0,0,0,0,0,0,0,0,0,0,0,0,0,0,0,0,0,0,0,0,0,0,0,0,0,0,0,0,0,0,0,0,0,0,0,0,0,0,0,0,0,0,0,0,0,0,0,0,0,0,0,0,0,0,0,0,0,0,0,0,0,0,0,0,0,0,0,0,0,0,0,0,0,0,0,0,0,0,0,0,0,0,0,0,0,0,0,0,0,0,0,0,0,0,0,0,0,0,0,0,0,0,0,0,0,0,0,0,0,0,0,0,0,0,0,0,0,0,0,0,0,0,0,0,0,0,0,0,0,0,0,0,0,0,0,0,0,0,0,0,0,0,0,0,0,0,0,0,0,0,0,0,0,0,0,0,0,0,0,0,0,0,0,0,0,0,0,0,0,0,0,0,0,0,0,0,0,0,0,0,0,0,0,0
"Sri Lanka",0,0,0,0,0,0,3744950066.66667,0,0,50880266.6666667,0,0,0,0,0,30127000,0,0,0,1873333.33333333,0,0,0,0,0,3726828900,0,0,0,0,0,504800,0,0,0,0,0,0,116495400,0,0,152017800,0,0,0,0,0,0,0,0,0,0,0,1042300600,0,0,0,0,0,2737552366.66667,0,0,0,0,0,0,0,36000,0,14041733.3333333,0,10823200,0,0,0,18336000,0,0,47700,0,22404000,1758432500,0,0,0,311769033.333333,105117000,0,39900,0,0,26587800,675645700,0,0,72771200,0,120000,0,0,3048000,0,36200,11858200,1172579800,0,0,0,0,0,0,0,0,0,0,36000,786973200,0,0,0,0,539815700,0,0,0,366176333.333333,0,0,0,204000,0,36000,12000,0,0,0,0,0,878127300,0,0,0,24576000,0,0,0,0,426875600,0,30889533.3333333,0,0,0,147702500,36000,12000,0,0,0,833000,41870900,1305150966.66667,0,0,0,0,0,0,0,0,138032400,0,0,2939645200,0,0,3734162100,0,1410659700,0,195200,0,0,0,0,0,0,15665400,72115600,0,0,0,0,0,0
"Chad",0,0,0,0,0,0,0,0,0,0,0,0,0,0,0,0,0,0,0,0,0,0,0,0,0,0,0,0,0,0,0,0,0,0,0,0,0,0,0,0,0,0,0,0,0,0,0,0,0,0,0,0,0,0,0,0,0,0,0,0,0,0,0,0,0,0,0,0,0,0,0,0,0,0,0,0,0,0,0,0,0,0,0,0,0,0,0,0,0,0,0,0,0,0,0,0,0,0,0,0,0,0,0,0,0,0,0,0,0,0,0,0,0,0,0,0,0,0,0,0,0,0,0,0,0,0,0,0,0,0,0,0,0,0,0,0,0,0,0,0,0,0,0,0,0,0,0,0,0,0,0,0,0,0,0,0,0,0,0,0,0,0,0,0,0,0,0,0,0,0,0,0,0,0,0,0,0,0,0,0,0,0,0,0,0,0,0,0,0,0,0,0,0,0,0
"Chile",0,0,0,0,0,0,0,0,0,0,0,0,0,0,0,0,812880000,0,0,0,0,0,0,0,0,0,0,0,0,0,0,0,0,0,0,0,0,7200000,0,0,0,0,0,408000,0,0,0,0,0,0,0,0,0,0,0,0,0,0,0,0,0,0,0,0,0,0,0,0,0,528000,0,0,0,0,0,0,0,0,0,0,0,0,0,0,0,0,0,0,0,0,0,0,0,0,0,0,0,0,0,0,0,0,0,0,0,0,0,0,0,0,0,0,0,0,0,0,0,0,0,0,0,0,0,0,0,0,0,480000,0,0,0,25212000,0,0,0,0,0,0,0,0,0,0,6480000,0,0,0,0,0,0,0,0,0,0,0,0,0,0,0,0,0,0,0,0,0,0,0,0,0,0,0,0,0,0,0,0,0,0,0,0,0,0,0,3295104000,0,0,0,0,0,0,0,0,0,0,0,0
"China (mainland)",0,8032800000,4.8e+08,0,0,0,6271116000,0,948000,0,0,4542173333.33333,0,0,0,18666.6666666667,0,0,0,37856916000,1950666.66666667,124652742666.667,41228000,6978424000,5.6178e+11,4126606000,0,7.44e+08,0,7228980000,0,0,0,0,0,1050096000,0,6e+09,180936000,0,40720800000,0,0,9333.33333333333,6.6e+09,0,1.1514e+12,0,6300756000,0,0,31599066666.6667,22224000,1190028000,0,4843200000,0,0,2440800000,170352000,0,117996828000,13946184000,0,0,0,0,3.42953e+11,0,0,0,76810806000,0,3.45e+09,0,0,84616000,60541333.3333333,90093333.3333333,0,1639380000,4166820000,6.90891e+11,9333.33333333333,0,179270316300,9.09e+09,0,14421900000,18666.6666666667,195521184000,690091230000,3.3e+08,0,0,108959938000,3548400000,6.717e+10,1.839e+11,0,5574312000,225006666666.667,6.63e+09,1.2e+09,0,298666.666666667,0,0,0,0,145066056000,7.08e+09,134878320000,3.36e+09,0,677092000,3025728000,0,0,0,30196980000,987132000,0,481766940000,440066666.666667,0,29014357333.3333,1404000,0,476233800000,0,392000,76617449333.3333,0,2.4e+07,1.92e+11,114768696000,0,3e+08,16758308000,21122500000,0,25763352000,0,0,0,0,1.05e+09,2.2944e+11,0,620547845333.333,0,0,14217685500,5.28e+09,10456200000,8182500000,0,0,0,0,0,167006400000,0,0,1.56e+09,8.16e+09,29570682666.6667,275964000,0,2.7e+08,0,4.5654e+11,2418438666.66667,9555520000,746136000,497820000,7.17e+10,254516746100,6000420000,186666.666666667,5.6e+07,0,9552620000,1174800000,7814400000,1.9098e+11,0,2.52e+08,0,0,1.8e+08,9.765e+10,22984080000,0
"Colombia",0,0,0,0,0,0,0,0,0,0,0,0,0,0,0,0,0,0,0,0,0,0,0,0,0,3624000,0,0,0,0,3e+05,0,0,0,0,0,18666.6666666667,3.6e+08,0,0,0,0,0,0,0,17164000,0,0,0,0,0,0,0,0,0,0,0,0,0,4.2e+07,0,0,0,0,0,0,0,0,0,2263380000,0,0,0,0,0,0,0,0,0,0,0,0,0,0,0,0,0,0,0,0,0,0,0,0,0,0,0,0,0,0,0,0,0,0,0,0,0,0,0,0,0,0,0,0,0,0,0,0,0,0,0,0,0,0,0,0,0,36000,0,0,0,644000,0,0,0,7.2e+07,0,0,0,0,0,0,0,0,0,0,0,0,0,0,0,0,0,0,0,0,168000,0,0,0,0,552000,0,0,0,0,0,0,0,0,0,0,0,0,0,0,0,0,1356000,0,0,0,1128540000,0,0,0,0,0,0,0,0,0,0,0,0
"Comoros",0,0,0,0,0,0,0,0,0,0,0,0,0,0,0,0,0,0,0,0,0,0,0,0,0,0,0,0,0,0,0,0,0,0,0,0,0,0,0,0,0,0,0,0,0,0,0,0,0,0,0,0,0,0,0,0,0,0,0,0,0,0,0,0,0,0,0,0,0,0,0,0,0,0,0,0,0,0,0,0,0,0,0,0,0,0,0,0,0,0,0,0,0,0,0,0,0,0,0,0,0,0,0,0,0,0,0,0,0,0,0,0,0,0,0,0,0,0,0,0,0,0,0,0,0,0,0,0,0,0,0,0,0,0,0,0,0,0,0,0,0,0,0,0,0,0,0,0,0,0,0,0,0,0,0,0,0,0,0,0,0,0,0,0,0,0,0,0,0,0,0,0,0,0,0,0,0,0,0,0,0,0,0,0,0,0,0,0,0,0,0,0,0,0,0
"Congo",0,0,0,0,0,0,0,0,0,0,0,0,0,0,0,0,0,0,0,0,0,0,0,0,0,0,0,989100000,0,0,0,0,0,0,0,0,0,0,0,0,0,0,0,0,0,0,0,0,0,0,0,0,0,0,0,0,0,0,0,0,0,0,0,0,0,0,0,0,0,0,0,0,0,0,0,0,0,0,0,0,0,0,0,0,0,0,0,0,0,0,0,0,0,0,0,0,0,0,0,0,0,0,0,0,0,0,0,0,0,0,0,0,0,0,0,0,0,0,0,0,0,0,0,0,0,0,0,0,0,0,0,0,0,0,0,0,0,0,0,0,0,0,0,0,0,0,0,0,0,0,0,0,0,0,0,0,0,0,0,0,0,0,0,0,0,0,0,0,0,0,0,0,0,0,0,0,0,0,0,0,0,0,0,0,0,0,139717166.666667,0,0,0,0,0,0,0,0
"Cook Islands",0,0,0,0,0,0,0,0,0,0,0,0,0,0,0,0,0,0,0,0,0,0,0,0,0,0,0,0,0,0,0,0,0,0,0,0,0,0,0,0,0,0,0,0,0,0,0,0,0,0,0,0,0,0,0,0,0,0,0,0,0,0,0,0,0,0,0,0,0,0,0,0,0,0,0,0,0,0,0,0,0,0,0,0,0,0,0,0,0,0,0,0,0,0,0,0,0,0,0,0,0,0,0,0,0,0,0,0,0,0,0,0,0,0,0,0,0,0,0,0,0,0,0,0,0,0,0,0,0,0,0,0,0,0,0,0,0,0,0,0,0,0,0,0,0,0,0,0,0,0,0,0,0,0,0,0,0,0,0,0,0,0,0,0,0,0,0,0,0,0,0,0,0,0,0,0,0,0,0,0,0,0,0,0,0,0,0,0,0,0,0,0,0,0,0
"Costa Rica",0,0,0,0,0,0,0,0,0,0,0,0,0,0,0,0,7152000,0,0,0,0,0,0,0,0,0,0,0,0,0,0,0,0,0,0,0,0,0,0,0,0,0,0,0,0,0,0,19134507600,0,0,0,0,0,0,0,0,0,0,0,0,0,0,0,0,0,0,13647401333.3333,0,0,0,303600000,0,0,0,0,0,0,0,0,0,0,0,0,0,0,0,0,0,0,0,0,0,0,0,0,0,0,0,0,0,0,0,0,0,0,0,0,0,0,0,0,0,0,0,0,0,0,0,0,0,0,0,25457738900,0,0,0,0,700541333.333333,0,0,0,0,0,0,0,0,0,0,0,0,0,0,0,0,0,0,0,0,0,0,0,0,0,0,0,0,0,0,0,0,0,0,0,0,0,0,0,0,0,0,0,0,0,0,0,0,0,0,148000,0,0,0,0,0,0,0,0,0,0,0,0,0,0,0,0
"Cuba",0,0,0,0,0,0,0,0,0,0,0,0,0,0,0,0,0,0,0,0,0,0,0,0,0,0,0,0,0,0,0,0,0,0,0,0,0,0,0,0,0,0,0,0,0,0,0,0,0,0,0,0,0,0,0,0,0,0,0,0,0,0,0,0,0,0,0,0,0,0,0,0,0,0,0,0,0,0,0,0,0,0,0,0,0,0,0,0,0,0,0,0,0,0,0,0,0,0,0,0,0,0,0,0,0,0,0,0,0,0,0,0,0,0,0,0,0,0,0,0,0,0,0,0,0,0,0,0,0,0,0,0,0,0,0,0,0,0,0,0,0,0,0,0,0,0,0,0,0,0,0,0,0,0,0,0,0,0,0,0,0,0,0,0,0,0,0,0,0,0,0,0,0,0,0,0,0,0,0,0,0,0,0,0,0,0,0,0,0,0,0,0,0,0,0
"Cyprus",0,0,0,0,0,0,0,0,0,0,0,0,0,0,0,0,0,0,0,0,0,0,0,0,0,0,0,0,0,0,0,0,0,0,0,0,0,0,0,0,0,0,0,0,0,0,0,0,0,0,0,0,0,0,0,0,0,0,0,0,0,0,0,161388000,0,0,0,0,0,0,0,0,0,0,0,52800000,0,0,0,0,0,108000,0,0,0,0,0,0,0,0,0,0,0,0,0,3772300,0,0,0,0,0,0,0,0,0,0,0,0,0,0,0,0,0,0,0,0,0,0,0,0,0,0,0,0,0,0,26400000,0,0,0,0,0,0,0,0,0,0,0,0,0,0,0,0,0,0,0,0,0,0,0,0,0,0,0,0,0,0,0,0,0,0,0,0,0,0,0,0,0,0,0,0,0,0,22788000,0,0,0,0,0,0,0,0,0,28800000,0,0,0,0,0,0,0,0,0,0,0
"Azerbaijan",0,0,0,0,0,0,0,0,0,0,0,0,0,0,0,0,0,0,0,0,0,0,0,0,0,0,0,0,0,0,0,0,0,0,0,0,0,0,0,0,0,0,0,0,0,0,0,0,0,0,0,0,0,0,0,0,2.4e+07,0,0,0,0,0,0,0,0,0,0,0,0,0,0,0,0,0,0,0,0,0,0,0,0,0,0,6384000,0,0,0,0,0,0,0,0,0,8437333.33333333,0,0,0,0,0,0,0,0,0,0,0,0,0,0,0,0,0,0,0,0,0,0,0,0,0,0,0,0,0,0,0,0,0,0,0,0,0,0,0,0,0,0,0,0,0,0,0,0,39015666.6666667,0,0,0,0,0,0,0,0,0,0,0,0,0,0,0,0,0,0,0,0,1222666.66666667,0,0,0,0,0,0,0,0,18666.6666666667,0,0,0,0,0,0,0,0,0,0,0,0,0,0,0,0,0,0,0,0,0,0
"Benin",0,0,0,0,0,0,0,0,0,0,0,0,0,0,0,0,0,0,0,0,0,0,0,0,0,0,0,0,0,0,0,0,0,0,0,0,0,0,0,0,0,0,0,0,0,0,0,0,0,0,0,0,0,0,0,0,0,0,0,0,0,0,0,0,0,0,0,0,0,0,0,0,0,0,0,0,0,0,0,0,0,0,0,0,0,0,0,0,0,0,0,0,0,0,0,0,0,0,0,0,0,0,0,0,0,16800000,0,0,0,0,0,0,0,0,0,0,0,0,0,0,0,0,0,2218908000,0,0,0,0,0,0,0,0,0,0,0,0,0,0,0,0,0,0,0,0,0,0,0,0,0,0,0,0,0,0,0,0,0,0,0,0,0,0,0,0,0,0,0,50100000,0,0,0,0,0,745200000,0,0,0,0,0,590400000,0,0,0,0,0,0,0,0,0,0,0,0,0,0,0
"Denmark",36000,0,0,0,0,0,204000,590122900,0,0,0,0,0,0,0,0,24000,0,0,0,0,857100,0,0,0,636000,0,0,0,0,0,0,0,0,0,0,0,0,20657866.6666667,36000,0,0,0,0,0,0,0,0,0,624000,570075300,0,433773800,946411600,0,0,0,0,0,760892866.666667,0,312000,0,9615700,0,0,0,0,0,0,0,192000,432000,3e+05,656678733.333333,0,0,0,0,15849500,0,521059100,0,96000,0,0,0,72000,0,0,0,24000,0,44486200,0,0,0,0,0,3097000,0,0,0,0,0,24000,1980000,48000,0,0,0,72000,0,0,0,0,389315533.333333,0,0,0,0,180600,0,0,0,669905600,93696000,0,4979500,0,0,0,240000,331221300,11054600,0,0,0,12000,0,10678100,0,1968000,0,0,0,0,0,0,0,0,0,3876000,288000,0,0,11028000,0,24000,0,12249984633.3333,624000,0,0,0,24000,0,0,0,0,0,0,24024000,0,0,0,1267238100,792000,1524000,0,0,120000,0,0,24000,0,0,0,6009418000,23496000,96000,0,24000,0,0
"Dominica",0,0,0,0,0,0,0,0,1594600,0,0,0,0,0,0,0,0,0,0,0,0,0,0,0,0,96000,0,0,0,0,0,0,0,0,0,0,0,0,0,0,0,0,0,0,0,0,0,0,0,0,0,0,0,0,0,0,0,0,0,0,0,0,0,0,0,0,0,0,0,0,0,0,0,0,0,0,0,0,0,0,0,0,0,0,0,0,0,0,0,0,0,0,0,0,0,0,0,0,0,0,0,0,0,0,0,0,0,0,0,0,0,0,0,0,0,0,0,0,0,0,0,0,0,0,0,0,0,0,0,0,0,0,0,0,0,0,0,0,0,0,0,0,0,0,0,9023900,0,0,0,0,0,0,0,0,0,0,0,0,0,0,0,0,0,0,0,0,0,0,0,0,0,0,0,0,0,0,0,0,0,0,0,0,0,0,0,0,0,0,0,0,0,0,0,0,0
"Dominican Republic",0,0,0,0,0,0,0,0,0,0,0,0,0,0,0,0,0,0,0,0,0,0,0,0,0,0,0,0,0,0,0,0,0,0,0,0,0,0,0,0,0,0,0,0,0,0,0,0,0,0,0,0,0,0,0,0,0,0,0,0,0,0,0,0,0,0,0,0,0,0,0,0,0,0,0,0,0,0,0,0,0,0,0,0,0,0,0,0,0,0,0,0,0,0,0,0,0,0,0,0,0,0,0,0,0,0,0,0,0,0,0,0,0,0,0,0,0,0,0,0,0,0,0,0,0,0,0,0,0,0,0,0,0,0,0,0,0,0,0,0,0,0,0,0,0,0,0,0,0,0,0,0,0,0,0,0,0,0,0,0,0,0,0,0,0,0,0,0,0,0,0,0,0,0,0,0,0,0,0,0,0,0,0,0,0,0,0,0,0,0,0,0,0,0,0
"Belarus",564000,0,0,0,0,0,0,0,0,0,0,0,0,0,0,0,0,0,0,0,0,0,0,0,0,168000,0,0,0,0,0,0,0,0,0,0,0,0,0,336000,0,0,0,0,0,0,0,0,0,0,0,0,0,0,0,0,168000,0,0,0,0,0,0,0,0,0,0,0,0,0,0,0,0,0,0,0,0,0,0,0,0,0,0,180000,0,0,0,0,0,0,0,0,0,48000,0,0,0,0,0,24012000,0,0,0,0,0,0,0,0,0,0,0,0,0,0,0,0,0,0,0,0,0,0,0,0,0,0,0,0,0,0,0,0,0,0,0,0,0,0,0,0,492000,0,618469000,0,0,0,0,0,0,0,0,0,0,0,0,0,0,0,0,0,0,0,0,0,0,0,0,0,0,0,0,0,0,0,0,0,0,0,0,0,0,0,0,0,0,0,0,0,0,0,0,0,0,0,0
"Ecuador",0,0,0,0,0,0,0,0,0,0,0,0,0,0,0,0,0,0,0,0,0,0,0,0,0,0,0,0,0,0,57727000,0,109052364000,0,0,0,772520000,0,0,0,0,0,0,0,0,0,0,0,0,0,0,0,0,0,0,0,0,0,0,0,0,424200000,0,0,0,0,2537857333.33333,0,0,0,139729333.333333,0,0,0,0,0,0,0,0,0,0,13090000,0,0,0,0,0,0,0,0,0,0,0,0,0,0,0,0,0,0,0,0,0,0,0,0,0,0,0,0,0,0,0,0,0,0,0,0,0,0,0,0,0,0,0,9333.33333333333,0,56000,1166200,0,0,39600000,0,0,0,0,0,0,0,0,0,0,0,0,0,0,0,0,0,0,0,0,0,0,0,0,4712400,0,0,0,0,0,0,0,0,0,0,0,0,0,0,0,0,0,0,0,0,0,85355800,0,0,0,0,0,0,0,0,0,0,0,0,0,0,0,0
"Egypt",0,0,0,0,0,0,0,0,0,0,0,0,0,0,0,0,0,0,0,0,0,0,0,0,0,0,0,0,0,0,0,0,0,0,0,0,0,0,0,0,0,0,0,0,0,0,0,0,0,0,0,0,0,0,0,0,0,0,0,0,0,0,0,0,0,0,0,0,0,0,0,0,0,0,0,287004000,0,0,0,0,0,0,0,0,0,0,30024000,0,0,0,0,0,0,0,0,63024000,0,0,556788000,0,0,0,0,0,0,0,0,0,0,0,0,0,0,0,0,0,934000,0,0,0,0,0,0,0,0,0,0,0,0,0,0,0,0,0,0,0,0,0,0,0,0,0,0,0,0,0,0,239652000,0,0,0,0,0,0,0,0,0,0,0,0,0,0,0,0,0,0,0,0,0,0,0,0,298368000,147288000,0,0,0,6696000,95556000,0,0,0,0,0,0,0,0,0,0,0,0,0,8.4e+07,0,315648000
"El Salvador",0,0,0,0,0,0,0,0,0,0,0,0,0,0,0,0,0,0,0,0,0,0,0,0,0,0,0,0,0,0,0,0,0,0,0,0,4795332000,0,0,0,0,0,0,0,0,0,0,0,0,0,0,0,0,0,0,0,0,0,0,0,0,0,0,0,0,0,1892256000,0,0,0,2281776000,0,0,0,0,0,0,0,0,0,0,0,0,0,0,0,0,0,0,0,0,0,0,0,0,0,0,0,0,0,0,0,0,0,0,0,0,0,0,0,0,0,0,0,0,0,0,0,0,0,0,0,1914122400,0,0,0,0,84000,0,0,0,0,0,0,0,0,0,0,0,0,0,0,0,0,0,0,0,0,0,0,0,0,0,0,0,0,0,0,0,0,0,0,0,0,0,0,0,0,0,0,0,0,0,0,0,0,0,0,7618200,0,0,0,0,0,0,0,0,0,0,0,0,0,0,0,0
"Equatorial Guinea",0,0,0,0,0,0,0,0,0,0,0,0,0,0,0,0,0,0,0,0,0,0,0,0,0,0,0,0,0,0,0,0,0,0,0,0,0,0,0,0,0,0,0,0,0,0,0,0,0,0,0,0,0,0,0,0,0,0,0,0,0,0,0,0,0,0,0,0,0,0,0,0,0,0,0,0,0,0,0,0,0,0,0,0,0,0,0,0,0,0,0,0,0,0,0,0,0,0,0,0,0,0,0,0,0,0,0,0,0,0,0,0,0,0,0,0,0,0,0,0,0,0,0,0,0,0,0,0,0,0,0,0,0,0,0,0,0,0,0,0,0,0,0,0,0,0,0,0,0,0,0,0,0,0,0,0,0,0,0,0,0,0,0,0,0,0,0,0,0,0,0,0,0,0,0,0,0,0,0,0,0,0,0,0,0,0,0,0,0,0,0,0,0,0,0
"Estonia",0,0,0,0,0,0,0,0,0,0,0,0,0,0,0,0,0,0,0,0,0,0,0,0,0,0,0,0,0,0,0,0,0,0,0,0,0,0,0,0,0,1356000,0,0,0,0,0,0,0,0,0,0,177262966.666667,0,0,0,0,0,0,29004000,0,0,0,0,0,0,0,0,0,0,0,0,0,0,0,0,0,0,0,0,0,0,0,0,0,0,0,0,0,0,0,0,0,882536566.666667,0,0,0,0,0,187320700,0,0,0,0,0,0,0,0,0,0,0,0,0,0,0,0,0,0,0,0,0,0,0,0,0,7307000,0,0,0,0,0,0,0,0,0,0,0,0,0,0,0,0,4634166.66666667,0,0,0,0,0,0,0,0,0,0,0,0,0,0,0,0,0,1267000,0,0,0,0,0,0,0,0,0,0,0,0,0,0,0,564000,0,0,0,0,0,0,0,0,0,0,0,0,0,0,0,0,0,0
"Faroe Islands",0,0,0,0,0,0,0,0,0,0,0,0,0,0,0,0,0,0,0,0,0,0,0,0,0,0,0,0,0,0,0,0,0,0,0,0,0,0,0,0,0,0,0,0,0,0,0,0,0,0,0,0,0,0,0,0,0,0,0,0,0,0,0,0,0,0,0,0,0,0,0,0,0,0,0,0,0,0,0,0,0,0,0,0,0,0,0,0,0,0,0,0,0,0,0,0,0,0,0,0,0,0,0,0,0,0,0,0,0,0,0,0,0,0,0,0,0,0,0,0,0,0,0,0,0,0,0,0,0,0,0,0,0,0,0,0,0,0,0,0,0,0,0,0,0,0,0,0,0,0,0,0,0,0,0,0,0,0,0,0,0,0,0,0,0,0,0,0,0,0,0,0,0,0,0,0,0,0,0,0,0,0,0,0,0,0,0,0,0,0,0,0,0,0,0
"Fiji",0,0,0,0,0,0,39662666.6666667,0,0,0,0,0,0,0,0,0,0,0,0,3600000,0,0,0,0,0,0,0,0,0,0,0,0,0,0,0,315948000,0,0,0,0,0,0,0,0,0,0,0,0,0,0,0,0,0,0,259668000,0,0,0,0,0,0,0,704722666.666667,0,0,0,0,0,0,0,0,0,0,0,0,0,0,0,0,0,0,0,0,0,0,0,0,0,0,0,0,0,0,0,0,0,0,0,0,0,0,0,0,0,0,0,0,0,0,0,0,0,0,0,0,0,0,0,0,0,499500000,188361000,0,0,0,0,0,0,0,0,0,0,0,0,0,0,0,0,0,0,0,0,0,0,0,0,0,0,0,0,0,0,0,0,0,0,0,0,0,0,0,0,0,0,0,0,0,0,213156000,0,0,0,0,0,0,510312000,0,0,0,0,0,0,0,0,0,0,0,0,0,0,0,0,0,0,0
"Finland",0,0,0,0,0,0,12000,0,0,0,0,0,0,0,0,0,0,0,0,0,0,0,0,0,0,24000,0,0,0,0,0,36600,0,0,0,0,0,0,0,0,0,0,0,0,0,0,0,0,0,242465300,0,0,0,0,0,0,0,0,0,0,0,12000,0,0,0,0,0,0,0,0,0,11900,0,0,0,0,0,0,0,0,0,28800000,0,0,0,0,0,0,0,0,0,0,0,768000,0,0,0,0,0,0,0,0,0,0,0,0,0,0,0,0,0,0,0,0,0,0,1392900,0,0,0,0,0,0,0,0,2700000,0,0,4123600,0,0,0,0,0,0,0,0,0,0,0,0,0,75582900,0,0,0,0,0,0,0,0,0,0,0,0,0,324000,0,0,0,41516900,156200,0,0,0,0,0,0,0,0,0,0,0,0,0,0,12000,0,120000,0,0,0,0,0,0,0,0,0,325400,0,0,0,0,0,0
"France",2887400,0,816300,12597733.3333333,0,72000,7862700,2614480200,0,359800,0,0,0,0,0,0,1584000,0,0,0,0,3301400,0,0,347900,70608166.6666667,0,5926200,0,296304000,2675100,890000,528000,1052100,35615700,0,0,2400000,31992000,0,840000,1750363900,348000,11373300,0,0,0,0,1612000,63618100,0,390400,359856600,0,105626700,26215000,46197766.6666667,25321000,240000,37780769733.3333,17856000,24000,0,246701100,0,36000,0,10253900,0,3443100,0,4500400,188013700,24000,227800,25920000,0,0,0,1387573066.66667,34742400,24957340033.3333,80574700,0,0,8846000,1584000,0,2748000,70411500,0,0,0,64823800,728433.333333333,34160900,0,240000,0,219635400,0,14121233.3333333,0,0,0,145718200,1308000,1017300,1473333.33333333,0,0,166988100,144000,2067400,0,0,15777421100,0,124073400,0,3528300,72000,0,21525200,1296000,1524000,0,0,969725200,0,0,0,50796000,1398460300,2153689733.33333,0,0,240000,5545033.33333333,0,149592200,0,24000,0,0,0,0,38282900,164148400,264000,156000,119637400,19892966.6666667,463600,0,6e+05,30101993300,0,0,0,4044039200,810353400,1763606600,0,266000,0,444000,21266766.6666667,0,0,2110200,246154300,679052800,45657200,0,0,23246728533.3333,501700,97861400,16821100,0,468000,0,0,0,0,468000,0,61853513533.3333,3673503766.66667,0,0,0,0,0
"French Polynesia",0,0,0,0,0,0,0,0,0,0,0,0,0,0,0,0,0,0,0,0,0,0,0,0,0,0,0,0,0,0,12000,0,0,0,0,0,0,0,0,0,0,0,0,0,0,0,0,0,0,0,0,0,0,0,0,0,0,0,0,0,0,0,0,0,0,0,0,0,0,0,0,0,0,0,0,0,0,0,0,0,0,0,0,0,0,0,0,0,0,0,0,0,0,0,0,0,0,0,0,0,0,0,0,0,0,0,0,0,0,0,0,0,0,0,0,0,0,0,0,0,0,0,0,0,0,0,0,0,0,0,0,0,0,0,0,0,0,0,0,0,0,0,0,0,0,0,0,0,0,0,0,0,0,0,0,0,0,0,0,0,0,0,0,0,0,0,0,0,0,0,0,0,0,0,0,0,0,0,0,0,0,0,0,387180000,0,0,0,0,0,0,0,0,0,0,0
"Djibouti",0,0,0,0,0,0,0,0,0,0,0,0,0,0,0,0,0,0,0,0,0,0,0,0,0,0,0,0,0,0,0,0,0,0,0,0,0,0,0,0,0,0,0,0,0,0,0,0,0,0,0,0,0,0,0,0,0,0,0,0,0,0,0,0,0,0,0,0,0,0,0,0,0,0,0,0,0,0,0,0,0,0,0,0,0,0,0,0,0,0,0,0,0,0,0,0,0,0,0,0,0,0,0,0,0,0,0,0,0,0,0,0,0,0,0,0,0,0,0,0,0,0,0,0,0,0,0,0,0,0,0,0,0,0,0,0,0,0,0,0,0,0,0,0,0,0,0,121085000,0,0,0,0,0,0,0,0,0,0,0,0,0,0,0,0,0,0,0,0,0,0,0,0,0,0,0,0,0,0,0,0,0,0,0,0,1.5e+09,0,0,0,0,0,0,0,0,0,0
"Georgia",28033666.6666667,0,0,0,0,0,0,0,0,0,0,0,0,0,0,0,0,0,0,0,0,0,0,0,0,0,0,0,0,0,0,0,0,0,0,0,0,0,0,1226705333.33333,0,0,0,0,0,0,0,0,0,0,0,0,0,0,0,0,0,0,0,0,0,0,0,0,0,0,0,0,0,0,0,0,0,0,0,0,0,0,0,0,0,0,0,79200000,0,0,0,0,0,0,0,0,0,0,0,0,0,0,0,0,0,0,0,0,0,0,0,0,0,0,0,0,0,0,0,0,0,0,0,0,0,0,0,0,0,0,0,0,0,0,0,0,0,0,0,0,0,0,0,0,0,0,107366600,0,0,0,0,0,0,0,0,0,0,0,0,0,0,0,0,0,0,0,0,0,0,0,0,0,0,0,0,0,0,0,0,0,0,0,0,0,0,0,0,0,0,0,0,0,0,0,0,0,0,0,0
"Gabon",0,0,0,0,0,0,0,0,0,0,0,0,0,0,0,0,0,0,0,0,0,0,0,0,0,0,0,0,0,0,0,0,0,0,0,0,0,0,0,0,7e+05,0,0,0,0,0,0,0,0,0,0,0,0,0,0,0,0,0,0,0,0,0,0,0,0,0,0,0,0,0,0,0,0,0,0,0,0,0,0,0,0,0,0,0,0,0,0,0,0,0,0,0,0,0,0,0,0,0,0,0,0,0,0,0,0,0,0,0,0,0,0,0,0,0,0,0,0,0,0,0,0,0,0,0,0,0,0,0,0,0,0,0,0,0,0,0,0,0,0,0,0,0,0,0,0,0,132000,0,0,0,0,0,0,0,0,0,0,0,0,0,0,0,0,0,0,0,0,0,0,0,0,0,0,0,0,0,0,0,0,0,0,0,0,0,0,0,0,0,24400,0,0,0,0,0,0
"Gambia",0,0,0,0,0,0,0,0,0,0,0,0,0,0,0,0,0,0,0,0,0,0,0,0,0,0,0,0,0,0,0,0,0,0,0,0,0,0,0,0,0,0,0,0,0,0,0,0,0,0,0,0,0,0,0,0,0,0,0,0,0,0,0,0,0,0,0,0,0,0,0,0,0,0,0,0,0,0,0,0,0,0,0,0,0,0,0,0,0,0,0,0,0,0,0,0,0,0,0,0,0,0,0,0,0,0,0,0,0,0,0,0,0,0,0,0,0,0,0,0,0,0,0,0,0,0,0,0,0,0,0,0,0,0,0,324780000,0,0,0,0,0,0,0,0,0,0,0,0,0,0,0,0,0,0,0,0,0,0,0,0,0,0,0,0,0,0,0,0,0,0,0,0,0,0,0,0,0,0,0,0,0,0,0,0,0,0,0,0,0,0,0,0,0,0,0
"Germany",428400,14739700,16150700,0,416500,3752700,6188000,27653464800,0,4986100,5866700,0,0,0,0,595000,5720000,0,0,0,0,222577366.666667,0,0,0,55870500,0,0,963900,0,16660866.6666667,4785000,238000,0,0,0,952000,12304600,630301700,4600266.66666667,1e+06,13998859366.6667,0,20241900,0,0,0,0,0,1143115900,0,0,2967734533.33333,11716811366.6667,1213800,0,25740166.6666667,0,1368500,0,20182400,204411133.333333,0,1397452000,0,0,0,556966.666666667,0,0,0,3013400,7885557400,3524350700,225445500,149916200,11900,0,273700,418454066.666667,0,5925510000,0,5045600,7175700,0,37333.3333333333,0,190400,0,1011500,11900,90121500,1657305800,0,1047200,0,59500,0,291150666.666667,0,0,0,0,19587400,1618400,54513900,0,0,0,26746300,5096700,0,26318300,0,0,20501502866.6667,0,0,19635000,0,392700,0,916300,13093033.3333333,1021099500,0,0,8638747300,0,11590600,773500,0,97024000633.3333,374142200,0,0,1249500,0,0,276380400,285600,107042400,0,0,0,0,9495966.66666667,0,0,0,627323700,2062426300,7961100,0,4093600,3717072933.33333,0,0,0,8993069700,4942302966.66667,0,0,0,0,31378400,26951100,0,0,833000,2440000,6318900,296137766.666667,0,0,4177545133.33333,0,22564400,238000,4153100,0,3451000,14625100,0,4800000,0,0,10007096600,1694009500,97146166.6666667,7199500,654500,0,0
"Bosnia and Herzegovina",0,0,0,0,0,0,0,0,0,0,0,0,0,0,0,0,0,0,0,0,0,0,0,0,0,0,0,0,0,0,0,0,0,0,0,0,0,0,0,0,0,0,0,0,0,0,0,0,0,0,0,0,0,0,0,0,0,0,0,0,0,0,0,0,0,0,0,0,0,0,0,0,0,0,0,0,0,0,0,0,0,0,0,0,0,0,0,0,0,0,0,0,0,0,0,0,0,0,0,0,0,0,0,0,0,0,0,0,0,0,0,0,0,0,0,0,0,0,0,0,0,0,0,0,0,0,0,0,0,0,0,0,0,0,0,0,0,0,0,0,0,0,0,0,0,0,0,0,0,0,0,0,0,0,0,28800000,0,0,0,0,0,0,0,0,0,0,0,0,0,0,0,0,3600000,0,0,0,0,0,14496000,0,0,0,0,0,0,0,0,0,0,0,1.44e+08,31845866.6666667,0,0,0
"Ghana",0,0,0,0,0,0,5400000,0,0,0,0,0,0,0,0,0,0,0,0,0,0,0,0,0,0,20839000,0,0,0,0,0,0,0,0,0,0,0,0,0,0,488400000,0,0,0,0,0,0,0,0,0,0,0,0,2704000,0,0,0,0,12840000,1285200,0,0,0,0,0,0,0,0,0,0,0,0,0,0,0,0,0,0,0,50957100,0,1593333.33333333,0,0,0,0,0,0,0,0,0,0,0,0,0,0,0,0,0,0,0,0,0,0,0,0,0,0,0,0,0,0,0,0,0,0,816000,0,0,0,0,0,0,39162666.6666667,0,1512800,0,0,0,0,0,0,0,0,0,0,0,0,0,0,0,120000,0,0,0,0,0,0,0,0,0,0,0,0,0,3096000,60000,0,0,0,756000,154700,0,0,0,28000,1350000,1858073333.33333,0,0,0,0,0,18666.6666666667,0,0,14555200,0,27540000,2333333.33333333,0,0,0,0,0,0,0,0,7040300,0,0,0,0,0,0
"Kiribati",0,0,0,0,0,0,0,0,0,0,0,0,0,0,0,0,0,0,0,0,0,0,0,0,0,0,0,0,0,0,0,0,0,0,0,0,0,0,0,0,0,0,0,0,0,0,0,0,0,0,0,0,0,0,0,0,0,0,0,0,0,0,0,0,0,0,0,0,0,0,0,0,0,0,0,0,0,0,0,0,0,0,0,0,0,0,0,0,0,0,0,0,0,0,0,0,0,0,0,0,0,0,0,0,0,0,0,0,0,0,0,0,0,0,0,0,0,0,0,0,0,0,0,0,0,0,0,0,0,0,0,0,0,0,0,0,0,0,0,0,0,0,0,0,0,0,0,0,0,0,0,0,0,0,0,0,0,0,0,0,0,0,0,0,0,0,0,0,0,0,0,0,0,0,0,0,0,0,0,0,0,0,0,0,0,0,0,0,0,0,0,0,0,0,0
"Greece",0,0,6539670100,0,0,0,5140800,252538100,4224500,0,0,0,0,0,0,0,0,0,0,0,0,72345642033.3333,0,0,0,10773900,0,0,0,0,0,0,0,0,2289800,0,0,0,8625991800,0,0,126587400,0,0,0,0,0,0,0,57023900,0,0,804586700,4375734633.33333,0,0,0,0,0,3214328166.66667,57600000,0,0,0,0,0,0,0,0,0,0,0,20673994866.6667,71532000,2023000,0,0,0,0,119000,3463085500,19551881633.3333,0,0,0,0,4277556000,0,0,0,0,0,0,352993000,0,3525540000,0,0,139776000,831190000,0,0,0,0,0,0,7972400,0,0,0,0,956160000,0,243528000,0,0,4124890633.33333,0,0,4181926166.66667,0,336000,0,0,0,28236000,0,672000,12765029566.6667,0,0,0,0,32411590233.3333,2913433300,0,0,0,0,0,17170969900,0,0,0,0,0,0,0,0,0,0,0,677550000,0,0,216000,17497675700,0,0,0,1582755100,278412000,0,0,0,0,0,0,0,0,0,0,138808680700,119652000,0,0,21250892300,3266666.66666667,261595400,0,0,0,0,0,0,0,1739100,0,21777130166.6667,261800,7666594300,626400000,0,0,548868000
"Greenland",0,0,0,0,0,0,0,0,0,0,0,0,0,0,0,0,0,0,0,0,0,0,0,0,0,0,0,0,0,0,0,0,0,0,0,0,0,0,0,0,0,0,0,0,0,0,0,0,0,0,0,0,0,0,0,0,0,0,0,0,0,0,0,0,0,0,0,0,0,0,0,0,0,0,0,0,0,0,0,0,0,0,0,0,0,0,0,0,0,0,0,0,0,0,0,0,0,0,0,0,0,0,0,0,0,0,0,0,0,0,0,0,0,0,0,0,0,0,0,0,0,0,0,0,0,0,0,0,0,0,0,0,0,0,0,0,0,0,0,0,0,0,0,0,0,0,0,0,0,0,0,0,0,0,0,0,0,0,0,0,0,0,0,0,0,0,0,0,0,0,0,0,0,0,0,0,0,0,0,0,0,0,0,0,0,0,0,0,0,0,0,0,0,0,0
"Grenada",0,0,0,0,0,0,0,0,0,0,0,0,0,0,0,0,0,0,0,0,0,0,0,0,0,0,0,0,0,0,0,0,0,0,0,0,0,0,0,0,0,0,0,0,0,0,0,0,0,0,0,0,0,0,0,0,0,0,0,0,0,0,0,0,0,0,0,0,0,0,0,0,0,0,0,0,0,0,0,0,0,0,0,0,0,0,0,0,0,0,0,0,0,0,0,0,0,0,0,0,0,0,0,0,0,0,0,0,0,0,0,0,0,0,0,0,0,0,0,0,0,0,0,0,0,0,0,0,0,0,0,0,0,0,0,0,0,0,0,0,0,0,0,0,0,0,0,0,0,0,0,0,0,0,0,0,0,0,0,0,0,0,0,0,0,0,0,0,0,0,0,0,0,0,0,0,0,0,0,0,0,0,0,0,0,0,0,0,0,0,0,0,0,0,0
"Guatemala",0,0,0,0,0,0,0,0,0,0,0,0,0,0,0,0,0,0,0,0,0,0,0,0,0,0,0,0,0,0,0,0,0,0,0,0,753948000,0,0,0,0,0,0,504000,0,0,0,327528000,0,0,0,0,0,0,0,0,0,0,0,0,0,0,0,0,0,0,0,0,0,0,33324000,0,0,0,0,0,0,0,0,0,0,0,0,0,0,0,0,0,0,0,0,0,0,0,0,0,0,0,0,0,0,0,0,0,0,0,0,0,0,0,0,0,0,0,0,0,0,0,0,0,0,0,47220000,0,0,0,0,0,0,0,0,0,0,0,0,0,0,0,0,0,0,0,0,0,0,0,0,0,0,0,0,0,0,0,0,0,0,0,0,0,0,0,0,0,0,0,0,0,0,0,0,0,0,0,0,0,0,0,687912000,0,0,0,0,0,0,0,0,0,0,0,0,0,0,0,0
"Guinea",0,0,0,0,0,0,0,0,0,0,0,0,0,0,0,0,0,0,0,0,0,0,0,0,0,59800,0,0,0,0,8460000,0,0,0,102592000,0,0,0,0,0,0,0,0,0,0,0,0,0,0,0,0,0,0,606666.666666667,0,0,0,0,120000,0,0,0,0,0,0,0,0,0,0,0,0,0,0,0,0,0,0,0,0,0,0,0,420000,0,0,0,0,0,0,0,0,24000,0,0,0,0,0,0,0,0,0,0,0,0,0,7140000,0,0,0,0,0,12000,0,0,0,0,0,0,0,0,0,0,0,0,0,0,0,0,0,0,0,0,0,0,0,0,0,0,0,0,0,0,0,0,0,0,0,0,0,0,0,0,0,0,0,0,0,0,0,0,0,0,0,0,0,0,0,0,0,0,0,0,0,456000,0,0,0,0,0,0,0,0,0,0,0,0,0,0,1315700,0,0,0,0,0,0
"Guyana",0,0,0,0,2601055000,0,0,0,45624000,0,7266327500,0,0,0,0,0,61193816266.6667,0,0,0,0,0,0,0,0,0,0,0,0,0,0,0,30391116000,0,0,0,48666666.6666667,149688000,0,0,0,0,3308929400,29726200,0,604800000,0,804385500,0,6e+07,0,0,0,7259608700,0,0,0,0,0,16946585400,0,0,0,6442073200,0,6028109100,1964946900,0,0,16415172500,23750650100,0,596856000,1514625000,0,0,0,0,0,0,0,92982117866.6667,0,0,120231486966.667,0,0,0,0,0,0,0,0,0,0,57600000,0,0,0,1235769000,0,0,0,0,0,0,0,0,0,81348400,0,0,0,0,0,0,118156127000,0,0,0,0,0,0,0,0,0,0,17620286600,3278650900,0,0,1.122e+09,0,52666326100,202041034266.667,0,0,0,0,0,1191523700,0,0,1114211400,8194456800,7860117700,0,0,0,0,0,1.38e+09,1.02e+09,0,0,0,59590962500,1012277033.33333,0,0,0,0,0,0,0,0,0,0,0,77278775566.6667,0,0,0,0,0,0,99008691333.3333,0,8541831966.66667,0,0,0,526193690200,0,0,0,0,0,12718183200,0,0,0,0,0,0
"Haiti",0,0,0,0,0,0,0,0,0,0,0,0,0,0,0,0,0,0,0,0,0,0,0,0,0,0,0,0,0,0,0,0,0,0,0,0,0,0,0,0,0,0,0,0,0,0,0,0,0,0,0,0,0,0,0,0,0,0,0,0,0,0,0,0,0,0,0,0,0,0,0,0,0,0,0,0,0,0,0,0,0,0,0,0,0,0,0,0,0,0,0,0,0,0,0,0,0,0,0,0,0,0,0,0,0,0,0,0,0,0,0,0,0,0,0,0,0,0,0,0,0,0,0,0,0,0,0,0,0,0,0,0,0,0,0,0,0,0,0,0,0,0,0,0,0,0,0,0,0,0,0,0,0,0,0,0,0,0,0,0,0,0,0,0,0,0,0,0,0,0,0,0,0,0,0,0,0,0,0,0,0,0,0,0,0,0,0,0,0,0,0,0,0,0,0
"Honduras",0,0,0,0,0,0,0,0,0,0,0,0,0,0,0,0,0,0,0,0,0,0,0,0,0,0,0,0,0,0,0,0,0,0,0,0,0,0,0,0,0,0,0,0,0,0,0,11789808000,0,0,0,0,0,0,0,0,0,0,0,0,0,0,0,0,0,0,3783108000,0,0,0,0,0,0,0,0,0,0,0,0,0,0,0,0,0,0,0,0,0,0,0,0,0,0,0,0,0,0,0,0,0,0,0,0,0,0,0,0,0,0,0,0,0,0,0,0,0,0,0,0,0,0,0,2283070666.66667,0,0,0,0,0,0,0,0,0,0,0,0,0,0,0,0,0,0,0,0,0,0,0,0,0,0,0,0,0,0,0,0,0,0,0,0,0,0,0,0,0,0,0,0,0,0,0,0,0,0,0,0,0,0,0,216000,0,0,0,0,0,0,0,0,0,0,0,0,0,0,0,0
"Hong Kong SAR, China",0,0,180000,0,0,0,11784000,0,0,0,0,0,0,0,0,0,0,0,0,120000,0,0,0,0,0,941136000,0,0,0,0,0,812592000,0,0,0,0,0,0,0,0,0,0,0,0,0,0,0,0,0,0,0,120000,0,0,0,3636000,0,0,0,0,0,0,0,0,0,0,0,0,0,0,0,0,0,0,0,0,0,0,0,0,0,0,0,0,0,51792000,0,0,0,1.92e+08,0,8352000,0,0,0,0,0,0,0,0,39674668600,0,0,1296000,0,0,0,0,0,0,0,0,0,0,0,0,0,0,0,0,0,0,0,0,0,0,0,11964000,0,108000,0,0,0,0,0,0,0,0,0,0,0,0,0,0,0,0,0,0,0,0,0,0,0,0,0,0,3e+07,0,0,0,0,0,0,0,0,0,49524000,0,0,30360000,0,0,0,0,0,0,625164000,0,2878968000,0,0,0,0,79500000,0,0,0,0,0,0,0,0,0,0,0
"Hungary",0,0,0,0,0,0,6100000,181919233.333333,0,0,0,0,0,0,0,0,0,0,0,0,0,39660900,0,0,0,0,0,0,0,0,0,0,0,0,0,0,0,0,36000,0,0,0,0,0,0,0,122000,0,0,27204000,0,0,0,0,0,0,0,0,0,5619864133.33333,38538133.3333333,0,0,0,0,0,0,0,0,0,0,0,0,1357740200,0,0,0,0,1080000,12000,0,43087100,0,0,0,0,0,0,0,0,0,0,0,0,0,0,0,0,0,3600000,0,0,0,12810000,0,0,0,0,0,7051600,0,0,0,71800,0,0,133804133.333333,0,0,3034500,0,0,0,0,0,0,0,0,82941366.6666667,0,0,0,0,990242666.666667,35700,0,0,0,0,0,3774658466.66667,0,0,0,0,0,0,0,0,0,0,77918700,6967719100,2964600,0,0,6276000,0,0,0,0,206300,0,0,0,0,0,0,0,0,0,0,0,0,0,0,4700800,0,21167000,0,0,0,0,0,0,0,0,0,151968000,0,117535333.333333,0,0,0,0
"Croatia",0,0,0,0,0,0,0,29726200,0,0,0,0,0,0,0,0,0,0,0,0,0,0,0,0,0,0,0,0,0,0,0,0,0,0,0,0,0,0,0,0,0,0,0,0,0,0,0,0,0,0,0,0,0,132000,0,0,0,0,0,119926700,64711300,0,0,0,0,0,0,0,0,0,0,0,749890200,0,0,0,0,0,0,0,0,27672000,0,0,0,0,0,0,0,0,0,0,0,0,0,0,0,0,0,0,0,0,0,0,0,0,0,0,0,0,0,0,0,0,0,0,23900,0,0,0,0,0,0,0,0,0,0,0,0,0,0,0,0,60000,0,0,0,0,0,0,0,0,0,0,0,0,0,0,0,0,0,85464900,204000,0,0,0,0,0,0,0,9852000,0,0,0,0,0,0,0,0,0,0,0,0,0,0,0,12000,0,3948000,0,0,0,0,0,0,0,0,0,0,60000,29682300,13279700,0,0,0
"Iceland",0,0,0,0,0,0,0,0,0,0,0,0,0,0,0,0,0,0,0,0,0,0,0,0,0,0,0,0,0,0,0,0,0,0,0,0,0,0,0,0,0,0,0,0,0,0,0,0,0,0,10621333.3333333,0,0,0,0,0,0,0,0,0,0,0,0,0,0,0,0,0,0,0,0,0,0,0,0,0,0,0,0,0,0,0,0,0,0,0,0,0,0,0,0,0,0,0,0,0,0,0,0,0,0,0,0,0,0,0,0,0,0,0,0,0,0,0,0,0,0,0,0,0,0,0,0,0,0,0,0,0,0,0,0,0,0,0,0,0,0,0,0,0,0,0,0,0,0,0,0,0,0,0,0,0,0,0,0,0,0,0,0,0,0,0,0,0,0,0,0,0,0,0,0,0,0,0,0,0,0,0,0,0,0,0,0,0,0,0,0,0,0,0,0,0,0,0,0
"India",1592184000,24661800000,1530840000,3.62565e+11,31560000,309960000,230929896366.667,1730916000,12000,188025541500,184600000,3046443375333.33,0,144522308966.667,211200000,1734768666.66667,47923009333.3333,0,3024000,158150000,10006924633.3333,3932200000,717085333.333333,2145600000,662368826666.667,238471468866.667,4.08e+08,2889120000,262315899900,62400000,19919640000,1491868799000,249480000,8288868000,130872744000,0,95016000,0,3794040000,67107306666.6667,3527142717333.33,3586210666.66667,504000,22116000,49021332000,14048000,362584741333.333,0,24091310666.6667,455112000,0,13862462000,1453464000,62782100600,0,1235520468000,39043692000,5583720000,171861119800,51099525333.3333,364848000,317205706000,30480000,5823024000,0,2133333.33333333,287466666.666667,1930597740000,33360000,20701056000,0,4783307000,596400000,5687340000,0,0,310513126666.667,4032001800000,2491573416000,9463484933.33333,211534452333.333,78550286666.6667,2179195017333.33,2034024000,1956083000,5179438400,271646760000,1230624000,386413667000,220860000,55200000,28891400000,771690770466.667,239436000,530400000,45146472000,0,1133121156000,31169952000,14670048000,0,973463513333.333,652186666.666667,1122526468666.67,100980371833.333,30081245333.3333,1406472000,25923476000,155534298200,4668312000,72683800,63150560000,490116218666.667,2313250666.66667,42787872000,3246616298900,249412964266.667,0,0,0,0,32968903933.3333,6e+08,256597200000,18206819466.6667,4372164000,351881333.333333,108600000,725400000,83102000766.6667,0,38880000,67863352600,12552888000,12345928000,44112960000,102303672000,2096400000,616395626933.333,6155280000,1019928000,12001716000,445457498500,0,0,0,5278266666.66667,3931149379666.67,2529255425333.33,21425477833.3333,289393484000,2092584000,0,416760308233.333,1419278880000,778314835333.333,28119696000,28716000,334800000,1925400000,16945289800,8476436000,91222500000,1573200000,301824000,78959218000,17555196000,2075240382666.67,480480000,1307594666.66667,543961295666.667,2016480000,231132537333.333,1809210141633.33,10397472000,0,578420403666.667,94743048000,800498081900,191362740000,12624000,150024000,144654600000,1033216440333.33,337457590666.667,1155207792000,135458131000,2101241333.33333,68112060000,9.9e+07,530400000,2701200000,192158904000,1690400000,93600000
"Indonesia",0,0,0,0,0,0,68100000,0,0,3070200,0,0,0,0,0,0,0,0,0,0,92624000,0,0,0,0,0,0,336000,0,0,0,9333.33333333333,0,0,0,0,0,0,0,0,0,0,0,0,0,0,0,0,0,0,0,0,0,1209333.33333333,0,0,0,0,0,240000,0,0,0,0,0,0,0,0,0,0,0,7980000,0,0,0,0,0,0,0,0,0,17691200,0,0,0,684000,0,0,0,0,0,0,0,0,0,0,0,0,0,0,0,0,0,149844066.666667,119000,0,0,0,0,0,0,0,0,0,0,0,4021000,0,0,0,0,0,0,0,0,0,74666.6666666667,0,0,11900,0,0,3630266666.66667,0,0,0,31056466.6666667,0,0,0,0,0,12000,0,0,0,0,83067500,0,0,0,0,0,536761300,0,0,0,0,0,0,0,0,0,0,1248000,0,0,0,0,0,0,0,9333.33333333333,83300,0,0,0,0,810396000,0,0,0,0,0,0,0,0,0,236964000,0,0,0,0,0,0
"Iran (Islamic Republic of)",5972000,50280000,0,0,0,0,429128400,59740400,0,10907600,0,0,0,0,0,0,1200000,0,0,0,0,0,0,238000,0,1927167000,0,0,0,0,0,0,0,0,0,0,0,0,0,315524000,0,50437233.3333333,0,0,16660000,0,0,0,0,1154300,0,0,6108000,3876000,0,0,19656000,0,0,818640200,0,19188000,0,6e+06,0,0,0,0,0,0,0,0,11900,0,0,30552000,0,0,0,0,0,11400000,0,11400000,0,0,72000,29750000,0,0,0,0,912000,0,0,5184000,0,0,0,0,0,0,0,0,0,0,0,0,0,0,0,0,180000,0,0,0,78821200,0,0,0,0,4932000,0,0,0,46562866.6666667,0,0,38036300,0,0,0,0,24000,0,0,0,0,98424000,0,43906000,0,0,0,0,0,0,0,180000,0,0,12000,14112000,0,0,1860000,35700,0,31332000,0,188486000,263065833.333333,0,0,0,0,0,0,0,0,240242333.333333,0,5263272000,781197766.666667,0,0,126178600,0,0,0,0,0,0,0,0,0,0,0,36901900,11900,0,0,0,0,0
"Iraq",0,0,0,0,0,0,0,0,0,0,0,0,0,0,0,0,0,0,0,0,0,0,0,0,0,0,0,0,0,0,0,0,0,0,0,0,0,0,0,0,0,0,0,0,0,0,0,0,0,0,0,0,0,0,0,0,0,0,0,0,0,0,0,0,0,0,0,0,0,0,0,0,0,0,0,0,0,0,0,0,0,0,0,0,0,0,0,0,0,0,0,0,0,0,0,0,0,0,0,0,0,0,0,0,0,0,0,0,0,0,0,0,0,0,0,0,0,0,0,0,0,0,0,0,0,0,0,0,0,0,0,0,0,0,0,0,0,0,0,0,0,0,0,0,0,0,0,0,0,0,0,0,0,0,0,0,0,0,0,0,0,0,0,0,0,0,0,0,0,0,0,0,0,0,0,0,0,0,0,0,0,0,0,0,0,0,0,0,0,0,0,0,0,0,0
"Ireland",0,0,0,0,0,0,0,0,0,1331600,0,0,0,0,0,0,0,0,0,0,0,0,0,0,0,0,0,0,0,0,0,0,0,0,0,0,0,0,407400,0,0,0,0,0,0,0,0,0,0,0,0,0,0,0,0,0,0,0,0,21600000,0,0,0,0,0,0,0,0,0,0,0,0,0,0,0,0,0,0,0,0,0,8760000,0,0,0,0,0,0,0,0,0,0,0,0,0,0,0,0,0,0,0,0,0,0,0,0,15528000,0,0,0,0,0,0,0,0,0,11976000,0,0,0,0,0,0,0,0,0,0,0,0,0,0,0,276000,86400000,8152800,0,0,0,0,0,0,0,0,0,0,0,0,0,0,0,0,0,12000,23800,0,0,3849200,0,0,0,0,0,0,0,0,0,0,0,0,0,0,0,0,21035800,0,0,1710126333.33333,0,0,0,0,0,0,0,0,0,0,0,0,0,0,0,0,0,0
"Israel",0,0,0,0,0,0,2148000,2784000,0,0,0,0,0,0,0,0,0,0,0,0,0,0,0,0,0,1680000,0,0,0,0,0,0,0,0,0,0,0,0,0,0,0,0,0,0,0,0,0,0,0,0,0,0,0,35268000,0,0,0,0,0,540000,0,0,0,0,0,0,0,0,0,0,0,0,0,0,0,0,0,0,0,0,0,0,0,0,0,0,0,0,0,0,0,0,0,0,0,0,0,0,0,0,0,0,0,0,0,0,0,0,0,0,0,0,0,0,0,0,0,0,0,0,0,0,0,0,0,0,0,8868000,0,0,0,0,0,0,0,0,0,0,0,0,0,0,0,0,0,0,0,0,0,0,0,1092000,0,1056000,0,2076000,51144000,0,0,0,0,0,0,0,0,0,5424000,0,0,0,0,0,0,0,0,0,11136000,0,266100000,0,0,0,0,0,4476000,0,0,0,540000,0,0,0,0,0,0
"Italy",143724000,9756000,12062025500,29280000,1884000,298128533.333333,18307055733.3333,92279031500,0,127637700,0,0,0,0,0,0,19717225733.3333,0,1164000,0,0,6850840433.33333,57600000,0,0,6742972133.33333,8064000,0,6348000,0,769525900,229327000,755188000,0,5280000,132000,130824000,18324000,915640133.333333,5652000,0,32447043000,0,470424000,26145400,251939100,197046500,0,0,1371342300,0,0,36797579933.3333,553429120100,17448000,2400000,227880000,0,0,512023718933.333,9913733800,240000,0,13373940966.6667,0,0,51300000,0,0,0,0,1053612000,54735271133.3333,19763093300,21936000,586817000,14028000,0,5064000,6560458066.66667,8476807100,0,0,42889200,0,416757600,60059484000,0,49267200,8556000,11232000,91896000,330955900,8772328500,0,21013566800,0,0,395269400,4237433333.33333,0,4704000,0,115812000,24180000,0,5398103100,0,30396000,882786200,0,4631379866.66667,4512000,338974500,0,384000,104250532133.333,0,11134400,450459200,0,1090469700,6048000,0,0,9673674400,3024000,118995900,122351017600,0,49176000,85041600,101928000,98873466400,13126952066.6667,0,0,0,158212000,0,6129854033.33333,432000,3181334000,0,864000,0,0,4528318000,432000,0,0,29962547933.3333,25132290866.6667,357975800,0,3727266000,54335580033.3333,0,5460000,0,32252273266.6667,81382443833.3333,5.91e+08,0,640290000,24000,247440000,0,0,0,15102000,19812933.3333333,97002816500,3364862800,0,0,233606792333.333,1958756933.33333,30966500200,7e+07,71216133.3333333,0,235037200,85745700,1512000,3660000,4968000,0,156118307400,887723533.333333,22948671800,1800778200,6e+06,0,751200000
"Cote dIvoire",0,0,0,0,0,0,0,0,0,0,0,0,0,0,0,0,0,0,0,0,0,0,0,0,238000,1023533.33333333,0,1680000,0,0,0,0,0,0,0,0,0,0,0,0,2984729333.33333,0,0,0,0,0,0,0,0,0,0,0,0,4061700,0,0,0,0,0,0,0,18753658000,0,0,0,0,0,21173833.3333333,0,0,0,0,0,0,24000,0,0,0,0,0,0,0,0,0,0,0,0,0,0,0,0,0,0,0,0,0,0,1760199533.33333,0,0,0,5.6e+07,0,0,0,16567216333.3333,0,0,0,0,0,6996000,0,0,0,0,0,0,0,0,0,0,0,108594766.666667,3528000,0,0,0,0,0,0,0,0,0,0,0,0,0,0,0,0,0,0,0,0,0,0,0,1279433.33333333,0,0,0,0,0,0,11900,0,0,0,0,0,140000,0,0,0,0,0,184549600,0,0,0,23900,0,156000,0,0,289666.666666667,0,233333.333333333,17883006200,0,0,0,0,9333.33333333333,0,37333.3333333333,0,131000,0,0,0,24000,0,0
"Kazakhstan",0,1105635000,0,0,0,0,0,0,0,0,0,0,0,0,0,0,0,0,0,0,0,0,0,0,0,0,0,0,0,0,0,0,0,0,0,0,0,0,0,13203192000,0,0,0,0,3453590000,0,0,0,0,0,0,0,0,0,0,0,0,0,0,0,0,0,0,0,0,0,0,0,0,0,0,0,0,0,0,0,0,52200000,5.52e+08,0,0,0,0,0,0,0,0,13053555900,0,0,0,0,0,0,0,0,0,0,0,0,0,0,0,0,0,0,0,0,0,0,3810840000,0,0,0,0,0,0,0,0,0,0,0,0,0,0,0,0,0,0,0,1200000,0,0,0,0,0,0,0,0,0,0,0,110029280200,0,0,0,0,0,0,0,0,0,0,0,0,0,0,0,118317240000,0,0,0,0,1932480000,0,0,0,0,0,0,0,0,1.32e+08,0,0,0,648552000,29517840000,29287000,0,0,75085048133.3333,0,0,0,0,0,0,2737487900,0,0,0,0,0,0
"Jamaica",0,0,0,0,0,0,0,0,0,0,0,0,0,0,0,0,0,0,156000,0,0,0,0,0,0,0,0,0,0,0,0,0,0,0,0,0,0,0,0,0,0,0,0,0,0,0,0,0,0,0,0,0,0,0,0,0,0,0,0,0,0,0,0,0,0,0,0,0,0,0,0,0,0,0,0,0,0,0,0,0,0,0,0,0,0,0,0,0,0,0,0,0,0,0,0,0,0,0,0,0,0,0,0,0,0,0,0,0,0,0,0,0,0,0,0,0,0,0,0,0,0,0,0,0,0,0,0,0,0,0,0,0,0,0,0,0,0,0,0,0,0,0,0,0,597333.333333333,46666.6666666667,0,0,0,0,0,0,0,0,0,0,0,0,0,0,0,0,0,0,0,0,0,0,0,29760000,0,0,0,0,0,0,60000,0,12000,0,0,0,0,0,0,0,0,0,0,0,0,0,0,0,0
"Japan",0,0,0,0,0,1190000,3257030000,1190000,0,8330000,0,6152300,0,0,0,0,5474000,0,0,0,0,0,3.57e+08,3808000,0,681870000,686630000,0,0,0,0,3077372900,0,0,0,0,0,0,0,0,3730650000,0,0,0,0,0,0,0,0,3570000,0,0,698530000,453990200,0,0,0,0,7342300000,570047500,0,0,0,0,0,0,0,0,0,3629500000,0,25411320000,0,0,0,19040000,405990000,0,0,3498600,17850000,66640000,0,0,0,0,0,0,0,204751400,0,0,2380000,0,9877000,0,0,3038070000,0,0,265370000,0,0,672350000,11662000,1261400000,0,25876550000,5950000,0,924630000,0,1190000,0,0,4587450000,393194200,0,0,0,0,97580000,0,3497410000,5057500,1190000,0,0,0,0,0,0,447440000,7068600,51170000,0,0,0,117810000,0,0,0,726200000,0,0,0,4926600000,1190000,6192760000,0,646170000,0,8330000,14937993800,0,17850000,60690000,0,0,0,42840000,112799866.666667,0,0,6159927533.33333,0,2176224400,3495030000,0,0,0,0,0,249930000,2068220000,0,1467270000,28560000,7629869400,11276440000,1353333.33333333,0,0,642866000,0,0,3560480000,0,19040000,0,0,0,0,0,0
"Jordan",0,0,0,1.44e+08,0,0,26400000,0,0,0,0,0,0,0,0,0,0,0,0,0,0,147960000,0,0,0,61704000,0,0,0,0,0,0,0,0,0,0,0,0,0,0,0,0,0,0,0,0,0,0,0,0,0,0,0,0,0,0,0,0,0,0,0,0,0,0,0,0,0,0,0,0,0,0,0,0,0,1253748000,0,0,1315104700,0,0,0,0,0,0,0,0,0,0,0,0,0,0,0,0,0,0,0,0,0,0,0,0,0,0,0,0,0,0,0,0,0,0,0,0,0,0,0,0,0,0,0,0,0,0,0,0,0,0,0,0,0,0,0,0,0,0,0,3168000,0,0,0,37236000,0,0,0,0,693144000,0,0,0,0,0,0,0,0,0,0,0,0,0,0,146400000,0,0,0,0,0,0,0,0,0,180900000,384864000,0,0,0,0,36792000,0,0,0,0,0,0,0,0,0,0,0,0,0,0,0,996410700
"Kyrgyzstan",0,33400000,0,0,0,0,0,0,0,0,0,0,0,0,0,0,0,0,0,0,0,0,0,0,0,0,0,0,0,0,0,0,0,0,0,0,0,0,0,36000,0,0,0,0,0,0,0,0,0,0,0,0,0,0,0,0,0,0,0,0,0,0,0,0,0,0,0,0,0,0,0,0,0,0,0,0,0,54740000,996247333.333333,0,0,0,0,313133000,0,0,0,0,0,0,0,0,0,0,0,0,0,0,0,5950000,0,0,0,0,0,0,0,0,0,0,0,0,0,0,0,0,0,0,0,0,0,0,0,0,0,0,0,0,0,0,0,0,0,0,0,0,0,0,357000,0,0,0,2007647733.33333,0,0,0,0,3570000,0,0,0,0,0,0,0,0,0,0,0,0,0,0,0,0,0,0,0,0,0,0,0,0,0,0,0,0,0,2400000,109828000,0,0,1.19e+08,0,0,0,0,0,0,0,0,0,0,0,0,0
"Kenya",0,0,0,240000,0,0,1140000,0,60000,0,0,0,0,0,0,550400,0,0,0,0,0,0,0,276000,0,0,0,108000,0,0,0,0,0,0,0,0,0,0,0,0,0,276000,0,0,0,0,12000,0,0,0,0,0,0,0,0,2760000,0,0,0,972000,0,84000,0,0,0,0,0,0,0,0,0,0,0,0,0,681000,59500,0,0,0,0,0,0,0,0,214200,0,0,0,0,0,0,0,0,0,0,0,0,0,0,0,0,0,0,0,0,0,0,0,0,0,0,47800,0,0,0,0,0,0,0,0,0,0,0,0,0,0,240000,0,0,0,0,0,0,0,0,0,0,1355500,0,0,690766933.333333,0,0,0,0,0,0,0,0,0,0,0,83300,12000,1474700,0,0,0,0,1008000,0,0,0,0,430169333.333333,0,0,0,0,7091466.66666667,0,0,540000,69216000,0,180000,0,15027000,0,0,0,0,583200000,0,480000,14052000,0,0,0,0,0,0,248219800,0
"Cambodia",0,0,0,0,0,0,70786116000,1768260000,0,0,0,0,0,0,0,0,0,0,0,0,4.9014e+10,29400000,0,0,263928000,3030584000,3e+07,0,0,0,0,938120988000,0,172800000,1036584000,0,0,0,923772000,0,0,13222540000,0,0,0,0,0,0,0,0,0,0,3285912000,277711679000,380592000,0,0,147322212000,0,37792176000,0,10108200000,0,2991504000,0,0,0,0,0,0,0,58215632000,5166324000,267600000,0,933333.333333333,6e+08,0,0,691200000,465120000,21910246000,9688896000,0,0,0,0,0,4.2e+08,0,0,2.4e+07,0,179750000,0,3.24e+08,0,0,0,1362700000,2174100000,0,0,146370240000,0,0,2217144000,0,25776000,0,0,0,6e+07,0,4.8e+08,0,96538987766.6667,0,0,0,0,15485198000,0,0,42840000,3.42e+08,0,0,20421432000,5.1e+08,0,0,4.8e+08,31816776000,20906584000,0,0,0,2.88e+08,0,1.98e+09,0,10300132000,0,0,0,0,11669124000,2182200000,0,0,1153416000,652980000,30275931400,0,28800000,46295932000,0,0,0,14212860000,59856000,0,0,8.64e+08,0,360000,3052800000,0,0,0,0,6292200000,112800000,0,0,45384788000,1.8e+08,7430491200,0,0,0,0,2.28e+08,0,0,0,0,36994810000,0,29052000,0,0,0,0
"Democratic People's Republic of Korea",0,0,0,0,0,0,0,0,0,0,0,0,0,0,0,0,0,0,0,0,0,0,0,0,0,0,0,0,0,0,0,0,0,0,0,0,0,0,0,0,0,0,0,0,0,0,0,0,0,0,0,0,0,0,0,0,0,0,0,0,0,0,0,0,0,0,0,0,0,0,0,0,0,0,0,0,0,0,0,0,0,0,0,0,0,0,0,0,0,0,0,0,0,0,0,0,0,0,0,0,0,0,0,0,0,0,0,0,0,0,0,0,0,0,0,0,0,0,0,0,0,0,0,0,0,0,0,0,0,0,0,0,0,0,0,0,0,0,0,0,0,0,0,0,0,0,0,0,0,0,0,0,0,0,0,0,0,0,0,0,0,0,0,0,0,0,0,0,0,0,0,0,0,0,0,0,0,0,0,0,0,0,0,0,0,0,0,0,0,0,0,0,0,0,0
"Republic of Korea",0,0,0,7508600,0,0,1525468733.33333,16824000,0,3756000,0,4260000,0,0,0,0,0,0,0,0,156000,0,1320595000,72000,0,210818000,0,0,0,0,669300,13498800,216000,0,0,0,0,0,0,0,0,0,0,132000,0,0,0,0,0,0,0,0,0,68948600,0,78264000,0,0,120000,76772800,0,480000,0,0,0,0,0,3466000,0,888000,0,310138400,276000,0,0,4632000,0,0,173613133.333333,0,0,2268000,84000,0,0,107900,1860000,0,4.14e+10,419712000,0,0,1405800,0,2424060000,0,0,0,2172000,0,384000,180000,0,125416900,0,0,0,0,0,24000,155360033.333333,1788000,0,0,0,0,84347600,0,0,0,0,76939900,0,0,539000,0,813333.333333333,0,0,0,380800,0,2843231100,880600,0,24000,0,0,1612500,0,0,24000,262944000,0,0,0,0,5649600,4679800,384000,0,0,382400,573053366.666667,3.84e+10,6144000,492000,0,0,0,0,4380000,1418400000,0,0,0,602723300,24000,0,0,0,48000,2197296000,218254733.333333,1.14e+10,0,172261000,0,1848747400,0,0,37333.3333333333,0,237949900,16417800000,67138080000,0,2400000,358200,0,0,0,12000,0,0
"Kuwait",0,0,0,0,0,0,0,0,0,3357000,0,0,0,0,0,0,0,0,0,0,0,0,0,0,0,12200,0,0,0,0,0,0,0,0,0,0,0,0,0,0,0,0,0,0,0,0,0,0,0,0,0,0,0,0,0,0,0,0,0,0,0,0,0,0,0,0,0,0,0,0,0,0,0,4800000,0,194712000,0,17891000,123888000,1200000,0,0,0,0,0,0,83252400,0,0,0,0,0,0,0,0,5772000,0,0,0,0,0,0,0,0,0,0,0,0,0,0,0,0,0,0,0,0,0,0,0,0,0,0,0,0,0,0,0,0,0,0,0,0,0,0,0,0,0,0,17513800,0,0,0,0,0,0,0,0,82707433.3333333,0,0,0,0,0,0,0,0,0,0,0,0,0,35700,14280000,0,0,0,0,0,0,0,5771800,0,50308000,246748000,0,0,7420000,0,0,0,0,0,0,0,12000,0,0,0,0,0,0,0,0,0,0
"Latvia",0,0,0,0,0,0,0,0,0,0,0,0,0,0,0,0,0,0,0,0,0,0,0,0,0,0,0,0,0,0,0,0,0,0,0,0,0,0,0,0,0,0,0,0,0,0,0,0,0,3869277400,0,0,3e+05,0,0,0,0,0,0,4092000,0,0,0,408000,0,0,0,0,0,0,0,0,0,0,0,0,0,0,0,73117900,0,0,0,0,0,0,0,0,0,0,0,0,0,0,0,0,0,0,0,2966249066.66667,0,0,0,0,0,0,0,0,0,0,5400000,0,0,0,0,0,1786400,0,0,0,0,0,0,0,0,894200,0,0,8352000,9384000,0,0,0,123792000,12000,0,0,0,0,0,0,0,6188100,0,0,0,0,0,0,0,0,4356000,11196000,192000,0,0,7201333.33333333,0,0,0,60000,24000,0,0,0,0,0,0,0,0,0,0,0,0,0,0,233603300,0,333200,0,0,0,0,0,0,0,0,0,0,0,0,0,0,0,0
"Lao People's Democratic Republic",0,0,0,0,0,0,0,0,0,0,0,0,0,0,0,0,0,0,0,0,0,0,0,0,0,0,0,0,0,0,0,0,0,0,0,0,0,0,0,0,0,0,0,0,0,0,0,0,0,0,0,0,0,0,0,0,0,0,0,0,0,0,0,0,0,0,0,0,0,0,0,0,0,0,0,0,0,0,0,0,0,0,0,0,0,0,0,0,0,0,0,0,0,0,0,0,0,0,0,0,0,0,0,0,0,0,0,0,0,0,0,0,0,0,0,0,0,0,0,0,0,0,0,0,0,0,0,0,0,0,0,0,0,0,0,0,0,0,0,0,0,0,0,0,0,0,0,0,0,0,0,0,0,0,0,0,0,0,0,0,0,0,0,0,0,0,0,0,0,0,0,0,0,0,0,0,0,0,0,0,0,0,0,0,0,0,0,0,0,0,0,0,0,0,0
"Lebanon",1116000,0,0,6468000,0,0,0,2400000,0,897600,0,1.4e+07,0,0,0,0,2784000,0,0,0,0,0,0,0,4908000,115392000,0,7392000,0,1080000,588000,0,6132000,0,48249666.6666667,0,0,0,74757333.3333333,0,13633333.3333333,6504000,0,0,0,0,0,0,216000,0,0,0,0,18132000,0,0,0,10400866.6666667,1299300,74022166.6666667,0,10331600,0,13032000,0,0,0,11980000,0,0,0,0,0,0,0,135878000,0,0,3188533.33333333,0,0,0,71730100,0,0,0,842568000,0,11294666.6666667,0,0,0,770400000,0,0,0,0,19448000,0,0,0,0,72000,10572000,0,5268000,0,36000,0,0,0,5124866.66666667,0,0,0,0,0,0,0,0,0,0,0,7562666.66666667,98359400,0,0,3048000,0,0,3396000,0,0,0,0,0,0,0,667556566.666667,0,3e+05,0,0,0,0,0,0,1468866800,55989133.3333333,0,12440900,0,0,0,0,72000,0,0,0,0,293531000,0,29029680000,0,0,0,63408000,3252000,0,0,0,444000,38382756000,108000,432000,0,9048000,1791780000,643056000,2160000,1188000,0,15319300,124800000,0,0,0,14316000,1164000,0,0,0,0,0,0
"Lesotho",0,0,0,0,0,0,0,0,0,0,0,0,0,0,0,0,0,0,0,0,0,0,0,0,0,0,0,0,0,0,0,0,0,0,0,0,0,0,0,0,0,0,0,0,0,0,0,0,0,0,0,0,0,0,0,0,0,0,0,0,0,0,0,0,0,0,0,0,0,0,0,0,0,0,0,0,0,0,0,0,0,0,0,0,0,0,0,0,0,0,0,0,0,0,0,0,0,0,0,0,0,0,0,0,0,0,0,0,0,0,0,0,0,0,0,0,0,0,0,0,0,0,0,0,0,0,0,0,0,0,0,0,0,0,0,0,0,0,0,0,0,0,0,0,0,0,0,0,0,0,0,0,0,0,0,0,0,0,0,0,0,0,0,0,0,0,0,0,0,0,0,0,0,0,0,0,0,0,0,0,0,0,0,0,0,0,0,0,0,0,0,0,0,0,0
"Liberia",0,0,0,0,0,0,0,0,0,0,0,0,0,0,0,0,0,0,0,0,0,0,0,0,0,0,0,0,0,0,0,0,0,0,0,0,0,0,0,0,0,0,0,0,0,0,0,0,0,0,0,0,0,0,0,0,0,0,0,0,0,0,0,0,0,0,0,0,0,0,0,0,0,0,0,0,0,0,0,0,0,0,0,0,0,0,0,0,0,0,0,0,0,0,0,0,0,0,0,0,0,0,0,0,0,0,0,0,0,0,0,0,0,0,0,0,0,0,0,0,0,0,0,0,0,0,0,0,0,0,0,0,0,0,0,0,0,0,0,0,0,0,0,0,0,0,0,0,0,0,0,0,0,0,0,0,0,0,0,0,0,0,0,0,0,0,0,0,0,0,0,0,0,0,0,0,0,0,0,0,0,0,0,0,0,0,0,0,0,0,0,0,0,0,0
"Libya",0,0,0,0,0,0,0,0,0,0,0,0,0,0,0,0,0,0,0,0,0,0,0,0,0,0,0,0,0,0,0,0,0,0,0,0,0,0,0,0,0,0,0,0,0,0,0,0,0,0,0,0,0,0,0,0,0,0,0,0,0,0,0,0,0,0,0,0,0,0,0,0,0,0,0,0,0,0,0,0,0,0,0,0,0,0,0,0,0,0,0,0,0,0,0,0,0,0,0,0,0,0,0,0,0,0,0,0,0,0,0,0,0,0,0,0,0,0,0,0,0,0,0,0,0,0,0,0,0,0,0,0,0,0,0,0,0,0,0,0,0,0,0,0,0,0,0,0,0,0,0,0,0,0,0,0,0,0,0,0,0,0,0,0,0,0,0,0,0,0,0,0,4424832000,0,0,0,0,0,0,0,0,0,0,0,0,0,0,0,0,0,0,0,0,0,0
"Lithuania",0,0,0,0,0,0,0,1.8e+07,0,0,0,0,0,0,0,0,51504000,0,0,0,0,18672000,0,0,0,0,0,0,0,0,0,0,0,0,0,0,0,0,864000,228000,0,281448000,0,0,17506400,0,0,0,480000,3311558800,0,0,30180000,0,0,0,0,0,0,1263267200,0,0,0,1190000,0,0,0,960000,0,0,0,768600,590350000,3891300,456000,0,0,0,0,84164500,0,172800000,0,4285500,0,0,0,0,0,0,0,0,0,5307128900,0,0,0,0,0,0,0,0,0,0,0,0,0,0,0,0,0,54336000,0,0,0,0,178580000,0,0,0,0,0,0,0,0,504000,0,0,1911984000,0,0,0,0,19378495600,28800000,0,0,0,0,0,0,0,150894100,0,0,0,0,0,0,0,0,0,201600000,0,0,0,14365900,0,0,0,11880200,0,0,0,0,0,0,0,0,0,0,0,0,0,0,0,60470600,20749200,4008000,0,0,2352000,0,0,0,0,0,0,11626300,0,0,0,0,0,0
"Macao SAR, China",0,0,0,0,0,0,0,0,0,0,0,0,0,0,0,0,0,0,0,0,0,0,0,0,0,0,0,0,0,0,0,0,0,0,0,0,0,0,0,0,0,0,0,0,0,0,0,0,0,0,0,0,0,0,0,0,0,0,0,0,0,0,0,0,0,0,0,0,0,0,0,0,0,0,0,0,0,0,0,0,0,0,0,0,0,0,0,0,0,0,0,0,0,0,0,0,0,0,0,0,0,0,0,0,0,0,0,0,0,0,0,0,0,0,0,0,0,0,0,0,0,0,0,0,0,0,0,0,0,0,0,0,0,0,0,0,0,0,0,0,0,0,0,0,0,0,0,0,0,0,0,0,0,0,0,0,0,0,0,0,0,0,0,0,0,0,0,0,0,0,0,0,0,0,0,0,0,0,0,0,0,0,0,0,0,0,0,0,0,0,0,0,0,0,0
"Madagascar",0,0,0,0,0,0,0,0,0,0,0,0,0,0,0,0,0,0,0,0,0,0,0,0,0,0,0,0,0,0,0,0,0,28319000,0,0,0,0,0,0,0,0,0,0,0,0,0,0,0,0,0,0,0,17934400,0,0,0,0,0,0,0,0,0,0,0,0,0,0,0,0,0,0,0,0,0,0,0,0,0,0,0,0,0,0,0,0,0,0,0,0,0,0,0,0,0,0,0,0,0,0,0,0,0,0,0,0,0,0,0,0,0,0,0,0,0,0,0,0,0,0,0,0,0,0,0,0,0,0,0,0,0,0,0,0,0,0,0,0,0,0,0,0,0,0,0,0,0,0,0,0,0,0,0,0,0,0,0,0,0,0,0,0,0,0,0,0,0,0,0,0,0,0,0,0,0,0,0,0,0,0,0,0,0,0,0,0,0,0,276000,0,0,0,0,0,0
"Malawi",0,0,0,0,0,0,0,0,0,0,0,0,0,0,0,4836000,0,0,0,0,0,0,0,0,0,0,0,0,0,0,0,0,0,0,0,0,0,0,0,0,0,0,0,0,0,0,0,0,0,0,0,0,0,0,0,0,0,0,60000,0,0,0,0,0,0,0,0,0,0,0,0,0,0,0,0,0,0,0,0,24000,0,0,0,0,0,0,0,0,0,0,0,0,0,0,0,0,0,0,0,0,0,0,0,0,0,0,0,0,0,0,0,0,0,0,0,0,0,0,0,0,0,0,0,0,0,0,0,0,0,0,0,0,0,0,0,0,0,0,0,191969366.666667,0,12000,0,0,0,0,0,0,0,0,0,0,0,0,0,531906166.666667,0,0,0,0,9333.33333333333,0,0,0,0,1680000,0,0,0,0,0,0,0,60000,0,0,202106666.666667,0,26775000,0,0,0,0,0,35700,0,0,164038666.666667,0,0,0,0,0,0,0
"Malaysia",0,0,0,0,0,0,4305000,0,0,0,0,0,0,0,0,0,0,0,0,0,21577333.3333333,0,0,0,0,144000,0,0,3240000,0,0,0,0,0,0,0,0,0,0,0,0,0,0,0,0,0,0,0,0,0,0,0,0,0,0,0,0,0,0,0,0,0,0,0,0,0,0,0,0,0,0,0,0,0,0,0,215106907000,0,0,0,0,0,0,0,0,252000,0,0,0,0,0,0,0,0,0,0,0,0,0,0,0,0,0,0,0,0,0,0,0,0,0,0,0,0,0,0,0,0,0,0,0,0,0,0,0,0,0,0,0,780000,0,0,0,29761900,0,0,0,0,0,0,0,0,0,0,0,0,0,0,0,0,0,0,0,313384433.333333,0,0,0,0,0,0,0,0,0,0,0,0,130164000,0,0,0,0,0,0,0,0,0,3696000,0,10392000,0,0,0,0,57600000,0,0,0,0,3e+06,0,0,0,0,0,0
"Maldives",0,0,0,0,0,0,0,0,0,0,0,0,0,0,0,0,0,0,0,0,0,0,0,0,0,0,0,0,84000,0,0,0,0,0,0,0,0,0,0,0,0,0,0,0,0,0,0,0,0,0,0,0,0,0,0,0,0,0,0,0,0,0,0,0,0,0,0,0,0,0,0,0,0,0,0,0,0,0,0,0,0,0,0,0,0,0,0,0,0,0,0,0,0,0,0,0,0,0,0,0,0,0,0,0,0,0,0,0,0,0,0,0,0,0,0,0,0,0,0,0,0,0,0,0,0,0,0,0,0,0,0,0,0,0,0,0,0,0,0,0,0,0,0,0,0,0,0,0,0,0,0,0,0,0,0,0,0,0,0,0,0,0,0,0,0,0,0,0,0,0,0,0,0,0,0,0,0,0,0,0,0,0,0,0,0,0,0,0,0,0,0,0,0,0,0
"Mali",0,0,0,0,0,0,0,0,0,0,0,0,0,0,0,0,0,0,0,0,0,0,0,0,0,0,0,0,0,0,0,0,0,0,0,0,0,0,0,0,0,0,0,0,0,0,0,0,0,0,0,0,0,84000,0,0,0,0,0,0,0,0,0,0,0,0,0,0,0,0,0,0,0,0,0,0,0,0,0,0,0,0,0,0,0,0,0,0,47600,0,0,0,0,0,0,0,0,0,0,0,0,0,0,0,0,0,0,0,0,0,0,0,0,0,0,0,0,0,0,0,0,0,0,0,0,0,0,0,0,0,0,0,0,0,0,0,0,0,0,0,0,0,0,0,0,0,0,0,6626666.66666667,0,0,0,0,0,0,0,0,0,0,0,0,0,0,0,0,0,0,0,0,0,0,0,0,0,0,0,0,0,0,0,0,0,0,0,0,0,0,0,0,0,0,0,0,0,0
"Malta",0,0,0,0,0,0,0,0,0,0,0,0,0,0,0,0,0,0,0,0,0,0,0,0,0,0,0,0,0,0,0,0,0,0,0,0,0,0,0,0,0,0,0,0,0,0,0,0,0,0,0,0,0,0,0,0,0,0,877333.333333333,0,0,78666.6666666667,0,0,0,0,186666.666666667,0,0,0,0,0,0,0,0,0,0,0,0,0,0,42480000,0,0,0,0,0,0,0,0,0,0,0,0,0,0,0,0,3684000,0,0,0,0,0,0,0,0,0,0,0,0,0,0,0,0,0,0,0,0,0,0,0,0,0,0,0,0,0,0,0,0,0,0,0,0,0,0,0,0,0,0,0,0,0,0,0,0,0,0,0,0,0,0,0,0,0,0,0,0,0,0,0,0,0,0,0,0,0,0,0,0,0,0,0,0,0,0,0,0,0,0,0,0,0,0,0,0,0,0,0,0,0,0,0,0
"Mauritania",0,0,0,0,0,0,0,0,0,0,0,0,0,0,0,0,0,0,0,0,0,0,0,0,0,0,0,0,0,0,0,0,0,0,0,0,0,0,0,0,0,0,0,0,0,0,0,0,0,0,0,0,0,0,0,0,0,0,0,0,0,0,0,0,0,0,0,0,0,0,0,0,0,0,0,0,0,0,0,0,0,0,0,0,0,0,0,0,0,0,0,0,0,0,0,0,0,0,0,0,0,0,0,0,0,0,0,0,0,0,0,0,0,0,0,0,0,0,0,0,0,0,0,0,0,0,0,0,0,0,0,0,0,0,0,0,0,0,0,0,0,0,0,0,0,0,0,0,0,0,0,0,0,0,0,0,0,0,0,0,0,0,0,0,0,0,0,0,0,0,0,0,0,0,0,0,0,0,0,0,0,0,0,0,0,0,0,0,0,0,0,0,0,0,0
"Mauritius",0,0,0,0,0,0,0,0,0,0,0,17064000,0,0,0,0,0,0,0,0,0,0,0,0,0,0,0,0,0,0,0,0,0,0,0,0,0,0,0,0,0,0,0,0,0,0,0,0,0,0,0,0,0,9761333.33333333,0,0,0,0,0,0,0,0,0,0,0,0,0,0,0,0,0,0,0,0,0,0,0,0,0,0,0,0,0,0,0,11900,0,0,0,0,0,0,0,0,0,0,0,0,0,0,0,19218666.6666667,0,5988000,0,0,0,0,0,0,0,0,0,0,0,0,0,0,0,0,0,0,0,0,0,0,0,0,0,0,0,0,0,0,0,0,0,0,0,0,0,0,0,0,0,0,0,0,0,240000,0,0,0,0,0,84000,65333.3333333333,0,0,0,0,0,0,0,4788000,0,0,0,0,0,0,0,52481333.3333333,20784000,0,0,0,0,0,0,0,0,0,0,0,6360000,0,0,0,0,0,0,0,0,0
"Mexico",0,0,0,0,0,0,0,0,0,0,0,0,0,0,0,0,0,0,13272000,0,0,0,0,0,0,0,0,0,0,0,0,0,0,0,0,0,0,134844000,0,0,0,0,0,0,0,0,0,0,0,0,0,0,0,0,0,0,0,0,0,0,0,0,0,0,0,0,0,0,0,0,0,0,0,0,0,0,0,0,0,0,0,0,0,0,0,0,0,0,0,0,0,0,0,0,0,0,0,0,0,0,0,0,0,0,0,0,0,0,0,0,0,0,0,0,0,0,1431696000,0,0,0,0,0,0,0,0,0,0,259236000,0,0,0,0,0,0,0,0,0,0,0,0,0,0,0,0,0,0,0,0,0,0,0,0,0,0,0,0,0,0,0,0,0,0,0,0,0,0,0,0,0,0,0,0,0,11604000,0,0,0,0,15563712000,0,0,0,7295844000,0,0,0,0,0,0,0,0,0,0,0,0
"Mongolia",0,0,0,0,0,0,0,0,0,0,0,0,0,0,0,0,0,0,0,0,0,0,0,0,0,0,0,0,0,0,0,0,0,0,0,0,0,0,0,0,0,0,0,0,0,0,0,0,0,0,0,0,0,0,0,0,0,0,0,0,0,0,0,0,0,0,0,0,0,0,0,0,0,0,0,0,0,0,0,0,0,0,0,0,0,0,0,0,0,0,0,0,0,0,0,0,0,0,0,0,0,0,0,0,0,0,0,0,0,0,0,0,0,0,0,0,0,0,0,0,0,0,0,0,0,0,0,0,0,0,0,0,0,0,0,0,0,0,0,0,0,0,0,0,0,0,0,0,0,0,0,0,0,0,0,0,0,0,0,0,0,0,0,0,0,0,0,0,0,0,0,0,0,0,0,0,0,0,0,0,0,0,0,0,0,0,0,0,0,0,0,0,0,0,0
"Morocco",0,0,0,0,0,0,0,0,0,0,0,0,0,0,0,0,0,0,0,0,0,0,0,0,0,0,0,0,0,0,0,0,0,0,117866.666666667,0,0,0,120000,0,0,191400,0,0,0,0,0,0,0,0,0,0,0,0,0,0,0,0,172572000,0,0,0,0,0,0,0,0,0,0,0,0,0,0,0,0,3e+07,0,0,0,0,0,0,0,0,0,0,0,0,0,0,0,0,0,0,0,144000,0,0,0,0,0,0,0,0,0,8840000,0,60000,0,0,0,0,0,0,0,0,0,0,0,0,0,0,0,468180000,0,0,24000,0,0,0,0,0,0,0,0,0,0,0,0,0,0,0,0,0,0,0,0,0,0,0,0,0,0,0,0,0,2592869400,0,0,0,0,0,0,0,0,0,0,0,0,0,0,0,0,0,0,0,2384949600,0,0,0,0,0,0,0,0,0,0,0,27600000,0,0,0,0,0,0
"Mozambique",0,0,0,0,0,0,0,0,0,0,0,0,0,0,0,0,0,0,0,0,0,0,0,0,0,0,0,0,0,0,0,0,0,0,0,0,0,0,0,0,0,0,0,0,0,0,0,0,0,0,0,0,0,0,0,0,0,0,0,0,0,0,0,0,0,0,0,0,0,0,0,0,0,0,0,0,0,0,0,0,0,0,0,0,0,0,0,0,0,0,0,0,0,0,0,0,0,0,0,0,0,0,0,0,0,0,0,0,0,0,0,0,0,0,0,0,0,0,0,0,0,0,0,0,0,0,0,0,0,0,0,0,0,0,0,0,0,0,0,0,0,0,0,0,0,0,0,0,0,0,0,0,0,0,0,0,0,0,0,0,0,0,0,0,0,0,0,0,0,0,0,0,0,0,0,0,0,0,0,0,0,0,0,0,0,0,0,0,0,0,0,0,0,0,0
"Republic of Moldova",0,0,0,0,0,0,0,0,0,0,0,0,0,0,0,0,0,0,0,0,0,0,0,0,23900,0,0,0,0,0,0,0,0,0,0,0,0,0,0,0,0,0,0,0,0,0,0,0,0,0,0,0,0,0,0,0,0,0,0,0,0,0,0,0,0,0,0,0,0,0,0,0,0,0,0,0,0,0,0,0,0,0,0,0,0,0,0,0,0,0,0,0,0,0,0,0,0,0,0,0,0,0,0,0,0,0,0,0,0,0,0,0,0,0,0,0,0,0,0,0,0,0,0,24000,0,0,0,0,0,0,0,0,0,0,0,0,0,0,0,0,51732000,0,0,0,0,0,0,0,0,0,0,0,0,0,0,0,0,0,0,0,0,0,0,0,0,0,0,0,0,0,0,0,0,0,0,0,0,0,3600000,0,0,0,0,0,0,0,0,0,0,0,0,0,0,0,0
"Namibia",0,0,0,0,0,0,0,0,0,0,0,0,0,0,0,93333.3333333333,0,0,0,0,0,0,0,0,0,0,0,0,0,0,0,0,0,0,0,0,0,0,0,0,0,186666.666666667,0,0,0,0,0,0,0,0,0,0,0,0,0,0,0,0,0,0,0,0,0,0,0,0,0,0,0,0,0,0,0,0,0,0,0,0,0,0,0,0,0,0,0,336000,0,0,0,0,0,0,0,0,0,0,0,12000,0,24000,0,0,0,96000,0,0,0,0,0,0,0,0,0,0,0,0,0,0,0,0,0,0,0,0,0,0,0,0,0,0,0,0,0,0,0,0,0,0,0,46666.6666666667,0,0,0,0,0,108000,0,0,0,0,0,0,0,0,0,36269333.3333333,96000,0,0,0,0,0,0,0,0,0,0,0,0,0,0,0,0,0,24000,0,0,0,0,0,0,0,0,0,0,0,28560000,170909800,0,0,0,0,0,0,0
"Nepal",0,0,0,0,0,0,0,0,0,0,0,0,0,0,0,0,0,0,0,0,0,0,0,0,0,16660000,0,0,0,0,0,466666.666666667,0,0,0,0,0,0,0,0,0,0,0,0,0,0,0,0,0,0,0,0,0,0,0,0,0,0,0,0,0,0,0,0,0,0,0,0,0,0,0,0,0,0,0,31556000,0,0,0,0,0,0,0,0,0,0,0,0,0,0,0,8508500,0,0,0,0,0,0,0,0,0,0,0,0,0,0,0,0,0,0,0,0,0,0,0,0,0,0,0,0,0,0,0,0,0,0,0,0,0,0,0,0,0,0,0,0,0,0,0,0,0,0,0,0,0,0,0,0,0,0,0,0,0,0,0,0,0,0,0,0,0,0,0,0,0,0,0,0,0,0,0,0,0,0,0,0,0,0,0,0,0,0,0,0,0,0,0,0,0,0,0,0,0,0,0
"Netherlands",0,52376000,4042200,0,0,0,23900400,14124810766.6667,0,2181800,0,0,0,0,0,0,0,0,0,0,0,514861266.666667,0,144000,336000,1068000,0,4886000,0,0,36200000,5319200,2537600,0,828000,0,0,0,1367737066.66667,84000,0,11547513400,0,0,0,0,16652000,0,648000,150964800,0,0,7556332666.66667,113842579400,0,0,203200,0,3516000,446955120666.667,0,96537300,0,2615278333.33333,0,1080000,0,540000,4488000,0,0,9869500,4034024233.33333,304081700,289521300,232812000,0,0,14713000,17178972266.6667,168140400,18056600533.3333,2400000,0,0,0,38567400,0,120000,34270000,0,0,214200,201053633.333333,0,31499200,0,216000,2040000,218764000,0,0,0,7356600,0,92328000,556536266.666667,0,12000,0,0,0,2784000,0,0,0,0,0,0,168000,0,62220000,0,0,128560600,1402028966.66667,48932800,1620000,3831718033.33333,0,0,0,0,56435463033.3333,1317733866.66667,0,0,180000,15506433.3333333,73200,3408708500,0,199018600,0,0,0,0,6027700,4704000,0,238000,613518566.666667,2839051200,3264000,16548000,823718733.333333,10855653533.3333,64110000,0,0,28250311166.6667,2965199400,0,0,0,132000,43114800,656700,0,0,500900,8235000,6264000,62007500,0,0,112690650933.333,1536400,4009841100,0,0,0,0,0,0,0,3382000,0,92695436666.6667,1896087533.33333,6060600,0,32784666.6666667,0,0
"Netherlands Antilles",0,0,0,0,0,0,0,0,0,0,0,0,0,0,0,0,0,0,0,0,0,0,0,0,0,0,0,0,0,0,0,0,0,0,0,0,0,0,0,0,0,0,0,0,0,0,0,0,0,0,0,0,0,0,0,0,0,0,0,0,0,0,0,0,0,0,0,0,0,0,0,0,0,0,0,0,0,0,0,0,0,0,0,0,0,0,0,0,0,0,0,0,0,0,0,0,0,0,0,0,0,0,0,0,0,0,0,0,0,0,0,0,0,0,0,0,0,0,0,0,0,0,0,0,0,0,0,0,0,0,0,0,0,0,0,0,0,0,0,0,0,0,0,0,0,0,0,0,0,0,0,0,0,0,0,0,0,0,0,0,0,0,0,0,0,0,0,0,0,0,0,0,0,0,0,0,0,0,0,0,0,0,0,0,0,0,0,0,0,0,0,0,0,0,0
"New Caledonia",0,0,0,0,0,0,0,0,0,0,0,0,0,0,0,0,0,0,0,0,0,0,0,0,0,0,0,0,0,0,0,0,0,0,0,0,0,0,0,0,0,0,0,0,0,0,0,0,0,0,0,0,0,0,0,0,0,0,0,0,0,0,0,0,0,0,0,0,0,0,0,0,0,0,0,0,0,0,0,0,0,0,0,0,0,0,0,0,0,0,0,0,0,0,0,0,0,0,0,0,0,0,0,0,0,0,0,0,0,0,0,0,0,0,0,0,0,0,0,0,0,0,0,0,0,0,0,0,0,0,0,0,0,0,0,0,0,0,0,0,0,0,0,0,0,0,0,0,0,0,0,0,0,0,0,0,0,0,0,0,0,0,0,0,0,0,0,0,0,0,0,0,0,0,0,0,0,0,0,0,0,0,0,0,0,0,0,0,0,0,0,0,0,0,0
"The former Yugoslav Republic of Macedonia",0,0,663984000,0,0,0,6960000,4186900,0,0,0,0,0,0,0,0,0,0,0,0,0,667462000,0,0,0,28315000,0,0,0,0,0,0,0,0,0,0,0,0,0,0,0,27936000,0,0,0,0,0,0,0,0,0,0,25752000,0,0,0,0,0,0,96551800,98981700,0,0,1.44e+08,0,0,0,0,0,0,0,0,2.88e+08,27348000,0,0,0,0,0,0,0,0,0,0,0,0,0,0,0,0,0,0,0,0,0,0,0,0,0,0,0,0,0,0,0,0,0,0,0,0,0,0,0,0,0,0,0,0,0,0,0,0,0,0,0,0,0,0,264000,0,0,0,0,0,0,0,0,0,0,0,0,0,0,0,0,0,0,0,0,0,0,11760000,0,0,0,0,0,0,0,0,107172000,124584000,0,0,0,0,0,0,0,0,0,0,340800000,0,0,0,0,0,84671600,0,0,0,0,0,0,0,0,0,0,0,11426258333.3333,487126533.333333,0,0,0
"Vanuatu",0,0,0,0,0,0,0,0,0,0,0,0,0,0,0,0,0,0,0,0,0,0,0,0,0,0,288348000,0,0,0,0,0,0,0,0,0,0,0,0,0,0,0,0,0,0,0,0,0,0,0,0,0,0,0,0,0,0,0,0,0,0,0,7440000,0,0,0,0,0,0,0,0,0,0,0,0,0,0,0,0,0,0,0,0,0,0,0,0,0,0,0,0,0,0,0,0,0,0,0,0,0,0,0,0,0,0,0,0,0,0,0,0,0,0,0,0,0,0,0,0,0,0,0,0,0,0,0,0,0,0,0,0,0,0,0,0,0,0,0,0,0,0,0,0,0,0,0,0,0,0,0,0,0,0,0,0,0,0,0,0,0,0,0,0,0,0,0,0,0,0,0,0,0,0,0,0,0,0,0,0,0,0,0,0,0,0,0,0,0,0,0,0,0,0,0,0
"New Zealand",0,0,0,0,0,0,181265400,0,0,180000,0,0,0,0,0,0,0,0,0,36444000,0,0,0,0,0,0,0,0,0,0,0,95700,0,0,0,71039000,0,0,0,0,0,0,0,0,0,0,0,0,0,0,0,29977300,0,0,45874000,0,0,0,0,0,0,0,144000,0,0,0,0,0,0,0,0,0,0,0,0,37752000,0,0,0,0,0,0,0,0,0,0,0,0,0,0,0,0,0,0,0,0,0,0,0,0,1166200,0,0,0,0,0,0,0,0,0,0,0,0,0,0,0,0,0,3719700,0,24360000,0,0,0,0,0,0,0,0,0,0,0,0,0,0,0,0,0,0,0,0,0,0,0,0,0,0,0,0,0,0,0,0,27552000,0,0,0,0,0,0,0,0,0,0,0,0,18948000,0,95898500,0,0,0,31284000,0,0,13379500,41816700,0,0,0,0,0,0,21600000,0,0,0,0,0,0,0,0,0,0,0
"Nicaragua",0,0,0,0,0,0,0,0,0,0,0,0,0,0,0,0,48000,0,0,0,0,0,0,0,0,0,0,0,0,0,0,0,0,0,0,0,12000,536136000,0,0,0,0,0,0,0,0,0,14915782666.6667,0,0,0,0,0,0,0,0,0,0,0,0,0,0,0,0,0,0,2573963933.33333,0,0,0,1094134666.66667,0,0,0,0,0,0,0,0,0,0,0,0,0,0,0,0,0,0,0,0,0,0,0,0,0,0,0,0,0,0,0,0,0,0,0,0,0,0,0,0,0,0,0,0,0,0,0,0,0,0,0,0,0,0,0,0,0,0,0,0,0,0,0,0,0,0,0,0,0,0,0,0,0,0,0,0,0,0,0,0,0,0,0,0,0,0,0,0,0,0,0,0,0,0,0,0,0,0,0,0,0,0,0,0,0,0,0,26400000,0,0,0,0,0,0,0,0,0,0,0,0,0,0,0,0
"Niger",0,0,0,0,0,0,0,0,0,0,0,0,0,0,0,0,0,0,0,0,0,0,0,0,0,0,0,0,0,0,0,0,0,0,0,0,0,0,0,0,40758100,0,0,0,0,0,0,0,0,0,0,0,0,0,0,0,0,0,0,0,0,0,0,0,0,0,0,0,0,0,0,0,0,0,0,0,0,0,0,0,0,0,0,0,0,0,0,0,0,0,0,0,0,0,0,0,0,0,0,0,0,0,0,0,0,0,0,0,0,0,0,0,0,0,0,0,0,0,0,0,0,0,0,0,9998116433.33333,0,0,0,0,0,0,0,0,0,0,0,0,0,0,0,0,0,0,0,0,0,0,0,0,0,0,0,0,0,0,0,0,0,0,0,0,0,0,0,0,0,0,88172000,0,0,0,0,0,96000,0,0,13476000,0,0,0,0,0,0,0,0,0,0,0,0,0,0,0,0,0,0
"Nigeria",0,0,0,0,0,0,0,0,36000,0,0,0,0,0,0,252000,0,0,0,0,0,0,0,0,0,116469300,0,0,0,0,0,0,0,0,0,0,0,0,23800,0,1586000,0,0,0,0,0,35700,0,0,0,0,0,23800,0,0,0,12000,0,2592000,0,0,0,0,0,0,0,0,0,0,0,0,0,0,0,0,0,0,0,0,2304000,0,0,0,0,0,0,0,0,0,0,0,12000,0,0,0,0,0,0,0,11900,0,0,0,0,0,0,0,0,0,0,0,0,0,0,0,0,156000,0,0,0,0,0,0,0,0,2938200,0,0,24000,0,0,0,0,0,0,0,0,0,0,0,0,0,0,0,0,0,0,0,0,0,0,0,0,0,0,5195900,107100,0,0,0,0,0,0,0,0,0,0,0,0,0,0,0,0,8917200,0,0,7441300,190400,32275900,0,0,0,0,0,0,0,0,0,154700,0,0,0,0,0,0
"Norway",0,0,0,0,0,0,48000,0,0,84000,0,0,0,0,0,0,0,0,0,0,0,0,0,0,204000,0,0,0,0,0,0,0,0,0,0,0,0,0,0,0,0,336000,0,0,0,0,0,0,0,0,0,0,95640000,196692000,0,0,9876000,0,299500,19623000,0,1507066.66666667,0,0,0,0,0,0,0,0,0,0,0,0,0,50328000,0,0,28800000,0,0,4956000,0,0,0,0,0,0,0,0,0,0,0,0,0,0,0,0,0,0,0,0,0,0,0,0,0,0,0,0,0,0,0,0,47700,0,224501500,0,0,0,0,36000,0,0,120000,0,14832000,0,2732800,0,0,0,0,0,0,0,0,0,0,0,0,0,36000,0,0,0,0,0,0,0,0,0,0,0,0,0,22824000,0,0,0,270566800,0,0,0,0,0,17760000,120000,0,0,0,0,0,0,0,0,2028000,0,0,0,0,0,0,44148000,0,0,0,0,0,0,0,0,0,0,0
"Pakistan",0,1071886856666.67,11787600000,19163490000,0,316670000,63631216666.6667,2968800000,0,63080380000,0,5269200000,0,0,0,0,583200000,0,0,0,4.8e+07,3.306e+09,0,0,12686400000,51635970000,544800000,0,51991200000,0,11355600000,2747319440000,0,69403200000,5.1e+09,0,0,0,1635600000,3772420000,331209333333.333,17100680000,0,0,547200000,0,9787530000,0,3.18e+08,651600000,0,14400000,811200000,102757340000,0,170734510000,32303940000,0,114993600000,51778673333.3333,0,182623200000,0,20769050000,0,0,0,91738800000,4790000,5.607e+10,0,16063866000,1359220000,5152630000,0,0,4.15236e+11,409200000,43121680000,2432290000,0,294443420000,264890400000,479694510000,1.38e+08,6799200000,11582390000,168133333.333333,1243002460000,0,0,1551600000,20127486666.6667,1772400000,0,24533910000,6e+06,7.38e+08,3878160000,31801100000,0,274395600000,121200000,607407110000,12116050000,0,1114790000,39391200000,54704060000,0,0,21475866666.6667,6.77528e+11,0,388800000,0,266057173333.333,0,0,0,0,11538820000,0,0,28800000,11919880000,0,22800000,1630460000,0,0,0,159220400000,50306870000,51628970000,177346800000,29449992000,0,40953996666.6667,73645200000,1561540000,0,34929790000,0,0,0,0,466538663333.333,235377600000,1843200000,46976960000,1639730000,0,17185200000,2.8668e+11,57468743333.3333,107926350000,0,799200000,0,40611970000,3958053333.33333,4502400000,68230000,0,368997600000,4694400000,147615600000,0,954830000,263554003333.333,19369200000,56736120000,869449546666.667,0,0,436319780000,61688400000,115786990000,0,0,38747310000,0,1.2876e+10,0,169912800000,1.062e+09,34800000,326167230000,0,0,0,3478800000,0,3055200000
"Panama",0,0,0,0,0,0,0,0,0,0,0,0,0,0,0,0,0,0,4464000,0,0,0,0,0,0,0,0,0,0,0,0,0,66972000,0,0,0,0,31632000,0,0,0,0,0,34776000,0,0,0,0,0,0,0,0,0,0,0,0,0,0,0,0,0,0,0,0,0,84000,0,0,0,0,72000,0,0,0,0,0,0,0,0,0,0,0,0,0,9588000,0,0,0,0,0,0,0,0,0,0,0,0,0,0,0,0,0,0,0,0,0,0,0,0,0,0,0,0,0,0,0,0,0,0,0,0,0,0,0,0,0,0,0,0,0,0,0,0,0,0,0,0,0,0,0,0,0,0,0,0,0,0,0,0,0,0,0,0,0,0,0,0,0,0,0,0,0,0,0,0,0,0,0,0,6852000,0,0,0,0,0,0,0,0,0,0,0,0,213876000,0,0,0,0,0,0,0,0,0,0,0,0
"Czech Republic",0,0,0,0,0,0,0,2516852433.33333,0,0,0,0,0,0,0,0,0,0,0,0,0,98813700,0,0,0,0,0,0,0,0,46666.6666666667,0,11900,0,0,0,0,0,0,0,0,2028500,0,0,0,0,0,0,0,200340000,0,0,575900,20516200,0,0,0,0,0,6479260733.33333,0,0,0,77340000,0,0,0,0,0,0,0,0,4682358533.33333,1575399400,0,0,0,0,0,167900,97600,183092100,0,0,0,145400,0,0,0,0,0,0,12200,2594400,0,24400,0,0,0,29816500,0,0,0,0,0,0,12000,0,0,0,576000,0,0,132200,0,0,13268800,0,0,4080000,0,0,0,0,0,3896598800,0,0,0,0,0,0,0,5905239400,132000,0,0,0,0,0,1440321500,0,0,0,0,0,0,0,0,0,0,301236000,51445218266.6667,0,0,0,27456400,0,0,0,13549100,0,0,0,0,0,0,0,0,0,0,0,0,83300,0,0,57044566.6666667,0,0,0,0,0,0,0,0,0,0,0,55890266.6666667,2483266.66666667,48000,0,0,0,0
"Papua New Guinea",0,0,0,0,0,0,0,0,0,0,0,0,0,0,0,0,0,0,0,0,0,0,0,0,0,0,0,0,0,0,0,0,0,0,0,0,0,0,0,0,0,0,0,0,0,0,0,0,0,0,0,0,0,0,0,0,0,0,0,0,0,0,0,0,0,0,0,0,0,0,0,0,0,0,0,0,0,0,0,0,0,0,0,0,0,0,0,0,0,0,0,0,0,0,0,0,0,0,0,0,0,0,0,0,0,0,0,0,0,0,0,0,0,0,0,0,0,0,0,0,0,0,0,0,0,0,0,0,0,0,0,0,0,0,0,0,0,0,0,0,0,0,0,0,0,0,0,0,0,0,0,0,0,299800,0,0,0,0,0,0,0,0,0,0,0,0,0,0,0,0,0,0,0,0,0,0,0,0,0,0,0,0,0,0,0,0,0,0,0,0,0,0,0,0,0
"Paraguay",0,0,0,0,0,19784400000,0,0,0,0,0,0,0,0,249600000,0,1748754838000,0,0,0,0,4.86e+08,0,0,267920000,184704000,0,0,0,0,217722156000,0,0,0,0,0,37856652000,0,0,0,1090800000,0,0,0,0,0,0,20514805333.3333,0,0,0,0,0,17558509200,0,0,0,0,42063012000,7231606200,0,0,0,2588250000,0,0,51476598666.6667,31200000,0,1144800000,2.802e+09,0,0,0,0,0,0,0,37112400000,0,16907250000,1528630900,0,0,0,0,0,0,0,0,0,0,0,0,0,874800000,0,0,0,1978315000,0,0,0,0,0,0,0,0,0,137575606666.667,0,0,0,0,0,0,33101637000,0,0,0,0,0,0,0,267750000,0,0,12644114666.6667,0,0,0,19064340000,0,45661288300,39476108000,0,0,0,0,0,0,0,3e+08,0,0,0,0,0,17440884000,0,59313996000,0,0,0,0,2428800000,26602461100,0,0,0,0,67200000,0,0,0,0,0,604800000,0,360012000,0,0,7385333900,0,0,0,12822043300,0,3218958000,0,7047066000,0,7963656000,0,0,0,0,0,23537185300,0,0,0,0,0,0
"Peru",0,0,0,0,0,0,0,0,0,0,0,0,0,0,0,0,0,0,0,0,0,0,0,0,0,21276000,0,0,0,0,847357933.333333,0,98668548000,0,0,0,476000,0,0,0,0,0,0,0,0,1.068e+09,0,0,0,0,0,0,0,0,0,0,0,0,0,12000,0,0,0,0,0,0,0,0,0,0,0,0,0,0,0,0,0,0,0,0,0,0,0,0,0,0,0,0,0,0,0,0,0,0,0,0,0,0,0,0,0,0,0,0,130900,0,0,0,0,0,0,0,0,0,0,0,456000,0,0,0,0,0,0,0,0,0,0,0,60000,0,0,0,0,0,0,0,0,0,0,0,0,0,0,0,0,0,0,0,0,0,0,0,0,0,0,0,0,0,0,0,0,12000,0,0,0,0,0,0,0,0,0,0,0,0,0,0,0,0,3725333.33333333,0,0,0,12000,0,0,0,0,0,0,0,0,0,0,0,0
"Philippines",0,1201900,0,0,0,0,560000,0,0,25728000,0,43269333.3333333,0,0,0,0,0,0,0,0,528000,0,4666666.66666667,5424000,0,23632000,0,0,0,0,0,2.4e+07,0,0,0,0,0,0,0,0,0,0,0,0,0,0,0,0,0,0,0,0,0,0,0,0,0,0,0,0,0,0,0,0,0,0,0,0,0,0,0,17124000,0,0,0,0,140000,0,0,0,3744000,0,0,0,0,0,12066600,0,0,0,0,0,94755900,0,0,2.4e+07,0,0,0,0,0,0,0,0,0,0,0,0,0,0,0,0,0,0,0,0,0,0,0,0,0,0,0,0,0,0,0,0,0,120000,0,0,0,0,0,0,0,0,256709000,0,0,0,0,0,0,0,0,182353000,0,0,0,0,0,22695400,0,0,0,0,0,0,0,1488000,0,0,0,0,0,0,0,0,0,0,0,502060000,0,0,0,0,57078700,0,0,0,0,177333.333333333,0,0,0,0,0,0,0,0,0,0,0
"Poland",431900,0,0,0,0,0,264000,3199713800,0,0,0,0,0,0,0,0,0,0,0,0,0,217624600,0,0,0,37473300,0,0,0,0,2016000,1464000,0,0,0,0,0,0,1164300,244000,0,21690354166.6667,0,0,1297800,0,951600,0,0,190567866.666667,0,0,12959862800,228207333.333333,0,0,48800,0,59500,12163776466.6667,0,0,0,78022300,0,0,0,0,0,0,0,21533.3333333333,9834068466.66667,676983133.333333,169505600,0,0,97600,1872000,349961466.666667,0,753216200,0,0,0,0,0,0,0,0,0,0,0,1694680800,0,12200,0,0,496400,2914092900,0,0,0,0,0,0,261000,0,0,0,144000,1464000,0,5547800,0,0,3216281800,0,0,0,0,0,0,0,3717000,7147633100,0,0,23249874966.6667,0,0,0,228000,0,27746000,0,0,0,2033933.33333333,0,1961605766.66667,0,37579833.3333333,0,0,0,0,0,0,0,9333.33333333333,649801000,9291222400,0,0,0,436945800,0,0,0,24714090000,6039833.33333333,0,0,0,0,0,24000,0,0,0,0,0,4176000,0,0,3529993233.33333,144349200,265676400,0,0,12000,0,0,0,0,0,0,2672262433.33333,7865966.66666667,393340333.333333,3454000,0,0,0
"Portugal",0,0,3087360000,0,0,0,1212000,651132000,0,390228000,0,0,0,0,0,0,149747900,0,0,0,0,56754400,354810400,0,0,517631600,340429400,24000,0,0,0,1440000,0,0,16336000,0,0,432960000,24696000,0,2844000,12000,0,0,146916000,0,0,0,576477200,660531200,0,0,1788000,39542201933.3333,0,0,0,209053900,0,4388836000,0,180096000,0,586161200,0,0,0,744000,0,0,0,10464000,113196000,0,11900,46620000,0,0,90168000,78710100,12891872000,1047817600,0,0,0,0,67641900000,0,0,0,0,59500,599364000,580596000,0,1103808600,0,0,3028968000,120744000,49912000,0,0,0,0,23800,792000,96000,0,1884000,0,1071641900,101986533.333333,0,720000,0,17753109400,0,0,0,0,0,0,0,12000,104700000,0,0,347767100,0,9100000,0,0,8653758600,0,131662433.333333,0,0,591670700,0,604787700,0,787134600,0,0,0,5885508800,7055076000,144000,0,0,0,0,3012000,0,548712000,99587151500,0,0,0,938359200,2037774000,17745132000,0,0,0,0,276000,0,0,0,89756000,566652000,355079000,0,0,38841628466.6667,0,509071600,0,6066666.66666667,0,208932000,0,21308433.3333333,0,216000,0,12968137833.3333,3767407400,2.1e+08,0,116160000,0,1428096000
"Guinea-Bissau",0,0,0,0,0,0,0,0,0,0,0,0,0,0,0,0,0,0,0,0,0,0,0,0,0,0,0,0,0,0,0,0,0,0,0,0,0,0,0,0,0,0,0,0,0,0,0,0,0,0,0,0,0,0,0,0,0,0,0,0,0,0,0,0,0,0,0,0,0,0,0,0,0,0,0,0,0,0,0,0,0,0,0,0,0,0,0,0,0,0,0,0,0,0,0,0,0,0,0,0,0,0,0,0,0,0,0,0,0,0,0,0,0,0,0,0,0,0,0,0,0,0,0,0,0,0,0,0,0,0,0,0,0,0,0,0,0,0,0,0,0,0,0,0,0,0,0,0,0,0,0,0,0,0,0,0,0,0,0,0,0,0,0,0,0,0,0,0,0,0,0,0,0,0,0,0,0,0,0,0,0,0,0,0,0,0,0,0,0,0,0,0,0,0,0
"Timor-Leste",0,0,0,0,0,0,0,0,0,0,0,0,0,0,0,0,0,0,0,0,0,0,0,0,0,0,0,0,0,0,0,0,0,0,0,0,0,0,0,0,0,0,0,0,0,0,0,0,0,0,0,0,0,0,0,0,0,0,0,0,0,0,0,0,0,0,0,0,0,0,0,0,0,0,0,0,0,0,0,0,0,0,0,0,0,0,0,0,0,0,0,0,0,0,0,0,0,0,0,0,0,0,0,0,0,0,0,0,0,0,0,0,0,0,0,0,0,0,0,0,0,0,0,0,0,0,0,0,0,0,0,0,0,0,0,0,0,0,0,0,0,0,0,0,0,0,0,0,0,0,0,0,0,0,0,0,0,0,0,0,0,0,0,0,0,0,0,0,0,0,0,0,0,0,0,0,0,0,0,0,0,0,0,0,0,0,0,0,0,0,0,0,0,0,0
"Eritrea",0,0,0,0,0,0,0,0,0,0,0,0,0,0,0,0,0,0,0,0,0,0,0,0,0,0,0,0,0,0,0,0,0,0,0,0,0,0,0,0,0,0,0,0,0,0,0,0,0,0,0,0,0,0,0,0,0,0,0,0,0,0,0,0,0,0,0,0,0,0,0,0,0,0,0,0,0,0,0,0,0,0,0,0,0,0,0,0,0,0,0,0,0,0,0,0,0,0,0,0,0,0,0,0,0,0,0,0,0,0,0,0,0,0,0,0,0,0,0,0,0,0,0,0,0,0,0,0,0,0,0,0,0,0,0,0,0,0,0,0,0,0,0,0,0,0,0,0,0,0,0,0,0,0,0,0,0,0,0,0,0,0,0,0,0,0,0,0,0,0,0,0,0,0,0,0,0,0,0,0,0,0,0,0,0,0,0,0,0,0,0,0,0,0,0
"Qatar",0,0,0,0,0,0,0,0,0,0,0,0,0,0,0,0,0,0,0,0,0,0,0,0,0,0,0,0,0,0,0,0,0,0,0,0,0,0,0,0,0,0,0,0,0,0,0,0,0,0,0,0,0,0,0,0,0,0,0,0,0,0,0,0,0,0,0,0,0,0,0,0,0,0,0,0,0,0,0,0,0,0,0,0,0,0,0,0,0,0,0,0,0,0,0,0,0,0,0,0,0,0,0,0,0,0,0,0,0,0,0,0,0,0,0,0,0,0,0,0,0,0,0,0,0,0,0,0,0,0,0,0,0,0,0,0,0,0,0,0,0,0,0,0,0,0,0,0,0,0,0,0,0,0,0,0,0,0,0,0,0,0,0,0,0,0,0,0,0,0,0,0,0,0,0,0,0,0,0,0,0,0,0,0,0,0,0,0,0,0,0,0,0,0,0
"Zimbabwe",0,0,0,0,0,0,0,0,0,0,0,0,0,0,0,0,0,0,0,0,0,0,0,0,0,0,0,0,0,0,0,0,0,0,0,0,0,0,0,0,0,0,0,0,0,0,0,0,0,0,0,0,0,0,0,0,0,0,0,0,0,0,0,0,0,0,0,0,0,0,0,0,0,0,0,0,0,0,0,0,0,0,0,0,0,0,0,0,0,0,0,0,0,0,0,0,0,0,0,0,0,0,0,0,0,0,0,0,0,0,0,0,0,0,0,0,0,0,0,0,0,0,0,0,0,0,0,0,0,0,0,0,0,0,0,0,0,0,0,0,0,0,0,0,0,0,0,0,0,0,0,0,0,0,0,168000,0,0,0,0,0,0,0,0,0,0,0,0,0,0,0,0,0,0,0,0,0,0,0,0,0,0,0,0,0,0,0,0,0,0,0,0,0,0,0
"Romania",8064000,0,716280000,0,0,0,0,70494566.6666667,0,0,0,0,0,0,0,0,0,0,0,0,0,1125834866.66667,0,0,0,23760000,0,0,0,0,0,0,0,0,0,0,0,0,23297600,0,0,97314833.3333333,0,0,0,0,0,0,0,28631400,0,0,1284057600,106075133.333333,0,0,0,0,0,1762934733.33333,0,0,0,425959033.333333,0,0,0,0,0,0,0,0,203989400,49207200,0,0,0,0,0,127504700,129360000,23242084133.3333,0,0,0,0,0,0,0,0,0,0,0,460540000,0,92694000,0,0,0,1395012000,0,0,0,0,0,0,0,0,0,0,0,0,0,3114747166.66667,0,0,466482400,0,0,0,0,0,0,0,0,19042000,0,0,5975291500,0,0,0,0,1949841300,0,0,0,0,0,0,0,0,0,0,0,0,0,2461740000,0,0,0,0,24791478500,0,0,0,502604633.333333,0,0,0,404168300,571200,0,0,0,0,0,0,0,0,0,0,7530660033.33333,0,0,0,1775326966.66667,0,240000,0,0,0,0,0,0,0,0,0,123951633.333333,382500,896112000,0,0,0,0
"Rwanda",0,0,0,0,0,0,0,0,0,0,0,0,0,0,0,0,0,0,0,0,0,0,0,2400000,0,0,0,0,0,0,0,0,0,0,0,0,0,0,0,0,0,0,0,0,0,0,0,0,0,0,0,0,0,0,0,0,0,0,0,0,0,119000,0,0,0,0,0,0,0,0,0,0,0,0,0,0,0,0,0,0,0,0,0,0,0,0,0,0,204000,0,0,0,0,0,0,0,0,0,0,0,0,0,0,0,0,0,0,0,0,0,0,0,0,0,0,0,0,0,0,0,0,0,0,0,0,0,0,0,0,0,0,0,0,0,0,0,0,0,0,0,0,0,0,0,0,9300000,0,25500000,0,0,0,0,0,0,0,0,0,0,0,0,0,0,0,0,0,4296000,0,0,0,0,0,0,0,3e+05,4234700,0,0,0,0,0,0,0,0,0,0,0,218025811500,0,0,0,0,0,0,198648000,0
"Russian Federation",8359569166.66667,0,15257736000,0,0,0,732000,0,192000,0,0,0,0,0,0,0,28800000,0,0,0,0,5988000,0,0,0,78945900,0,0,0,0,0,1630775033.33333,0,0,0,0,0,0,216000,37306453633.3333,0,0,0,0,32070407033.3333,0,1388400000,0,0,83595100,0,0,0,0,0,0,5468853400,0,0,175824200,0,0,0,2710300,0,0,0,0,0,0,0,7332200,0,24000,0,124476000,191760000,0,568738666.666667,6e+08,7103205733.33333,109800,0,45931192233.3333,0,184912100,21372518666.6667,7544284933.33333,1296000,0,0,285796400,390400,78886700,0,4316400000,0,3384000,0,0,0,0,0,7308000,0,0,597800,0,0,0,35459128400,0,0,8524932066.66667,0,0,7e+05,0,0,0,0,505200,0,0,0,12000,0,2555700,0,0,0,3096000,0,0,0,0,0,0,0,0,48400,0,0,12000,0,0,0,2.7e+08,0,0,0,0,0,3208600,0,0,12000,0,12057343200,0,0,0,3.78e+09,3994424600,2076000,0,0,0,0,0,0,0,191175227066.667,1397719000,0,0,10329396200,30943509966.6667,964850600,0,0,6403277700,0,8592400,0,0,0,0,41872896000,0,125940000,3e+08,1296000,0,0
"Saint Kitts and Nevis",0,0,0,0,0,0,0,0,0,0,0,0,0,0,0,0,0,0,0,0,0,0,0,0,0,0,0,0,0,0,0,0,0,0,0,0,0,0,0,0,0,0,0,0,0,0,0,0,0,0,0,0,0,0,0,0,0,0,0,0,0,0,0,0,0,0,0,0,0,0,0,0,0,0,0,0,0,0,0,0,0,0,0,0,0,0,0,0,0,0,0,0,0,0,0,0,0,0,0,0,0,0,0,0,0,0,0,0,0,0,0,0,0,0,0,0,0,0,0,0,0,55200000,0,0,0,0,0,0,0,0,0,0,0,0,0,0,0,0,0,0,0,0,0,0,0,0,0,0,0,0,0,0,0,0,0,0,0,0,0,0,0,0,0,0,0,0,0,0,0,0,0,0,0,0,0,0,0,0,0,0,0,0,0,0,0,0,0,0,0,0,0,0,0,0,0
"Saint Lucia",0,0,0,0,0,0,0,0,0,0,0,0,0,0,0,0,0,0,0,0,0,0,0,0,0,0,0,0,0,0,0,0,0,0,0,0,0,0,0,0,0,0,11900,0,0,0,0,0,0,0,0,0,0,71500,0,0,0,0,0,0,0,0,0,0,0,0,0,0,0,0,0,0,0,0,0,0,0,0,0,0,0,0,0,0,12000,0,0,0,0,0,0,0,0,0,0,0,0,0,0,0,0,0,0,0,0,0,0,0,0,0,0,0,0,0,0,0,0,0,0,0,0,0,0,0,0,0,0,0,0,0,0,0,0,0,0,0,0,0,0,0,0,0,0,0,0,310000,0,0,0,0,0,0,0,0,0,0,0,0,0,0,0,0,0,0,0,0,0,0,0,0,0,0,0,0,0,0,0,0,0,0,0,0,0,0,0,0,0,0,0,0,0,0,0,0,0
"Saint Vincent and the Grenadines",0,0,0,0,0,0,0,0,0,0,19123300,0,0,0,0,0,0,0,0,0,0,0,0,0,0,72000,0,0,0,0,0,0,0,0,0,0,0,148750000,0,0,0,0,119000,0,0,0,0,0,0,0,0,0,0,0,0,0,0,0,0,0,0,0,0,0,0,0,0,0,0,0,0,0,0,0,0,0,0,0,0,0,0,0,0,0,104910400,0,0,0,0,0,0,0,0,0,0,0,0,0,0,0,0,0,0,0,0,0,0,0,0,0,0,0,0,0,0,0,0,0,0,0,0,0,0,0,0,0,0,0,0,0,0,0,0,0,0,0,0,0,0,0,0,0,0,3712800,791576100,0,0,0,0,0,0,0,0,0,0,0,0,0,0,0,0,0,0,0,0,0,0,0,0,0,0,0,0,0,0,0,0,0,0,0,0,0,0,0,0,0,0,0,0,0,0,0,0,0,0
"Sao Tome and Principe",0,0,0,0,0,0,0,0,0,0,0,0,0,0,0,0,0,0,0,0,0,0,0,0,0,0,0,0,0,0,0,0,0,0,0,0,0,0,0,0,0,0,0,0,0,0,0,0,0,0,0,0,0,0,0,0,0,0,0,0,0,0,0,0,0,0,0,0,0,0,0,0,0,0,0,0,0,0,0,0,0,0,0,0,0,0,0,0,0,0,0,0,0,0,0,0,0,0,0,0,0,0,0,0,0,0,0,0,0,0,0,0,0,0,0,0,0,0,0,0,0,0,0,0,0,0,0,0,0,0,0,0,0,0,0,0,0,0,0,0,0,0,0,0,0,0,0,0,0,0,0,0,0,0,0,0,0,0,0,0,0,0,0,0,0,0,0,0,0,0,0,0,0,0,0,0,0,0,0,0,0,0,0,0,0,0,0,0,0,0,0,0,0,0,0
"Saudi Arabia",0,0,0,0,0,0,0,0,0,1895879433.33333,0,0,0,0,0,0,0,0,0,0,0,0,0,0,2380000,47293333.3333333,0,0,0,0,0,0,0,0,0,0,0,0,0,0,593490000,0,0,0,0,0,0,0,0,0,0,0,0,0,0,23426666.6666667,0,0,28630000,0,0,71660000,0,0,0,0,0,16068333.3333333,0,0,0,0,0,0,0,884664000,120000,0,0,0,0,0,10266666.6666667,0,0,0,0,0,0,0,0,1728000,1913602666.66667,0,0,8175300,0,0,30180000,0,0,0,0,5466666.66666667,0,0,0,24333333.3333333,0,0,0,75032000,0,0,0,0,0,0,0,0,0,0,0,16400000,127365000,0,90142500,0,0,0,0,0,0,0,0,0,0,10285333.3333333,0,0,0,0,0,0,0,0,0,0,9006666.66666667,0,0,0,0,0,30453333.3333333,0,0,0,0,0,0,0,0,0,0,0,3266666.66666667,29280000,0,0,0,0,122540000,1490214000,0,0,76578000,0,24514000,0,0,0,0,0,0,2087767133.33333,0,0,0,0,0,0,70931666.6666667,0,0
"Senegal",0,0,0,0,0,0,0,0,0,0,0,0,0,0,0,0,0,0,0,0,0,0,0,0,0,9e+05,0,0,0,0,0,0,0,0,0,0,0,0,0,0,0,0,0,0,0,0,0,0,0,0,0,0,0,288000,0,0,0,0,1.776e+09,0,0,0,0,0,0,0,0,0,0,0,0,0,0,0,0,1292160000,0,0,0,0,0,0,51744000,0,0,0,0,0,0,0,0,0,0,0,0,6312000,0,0,0,0,0,0,0,0,0,296145486666.667,0,8570760000,0,0,0,57396000,0,0,0,0,0,0,0,0,0,0,0,0,466666.666666667,0,1.2e+09,0,0,0,0,0,0,0,0,34284281333.3333,0,0,0,0,0,0,0,0,0,0,0,0,0,0,111730000,0,0,0,0,0,0,0,0,0,0,0,0,0,0,0,0,0,0,0,0,0,0,0,0,0,0,0,0,0,0,0,0,6e+08,0,0,0,0,0,0,0,0,0,0,0
"Seychelles",0,0,0,0,0,0,0,0,0,0,0,0,0,0,0,0,0,0,0,0,0,0,0,0,0,0,0,0,0,0,0,0,0,0,0,0,0,0,0,0,0,0,0,0,0,0,0,0,0,0,0,0,0,0,0,0,0,0,0,0,0,0,0,0,0,0,0,0,0,0,0,0,0,0,0,0,0,0,0,0,0,0,0,0,0,0,0,0,0,0,0,0,0,0,0,0,0,0,0,0,0,0,0,0,0,0,0,0,0,0,0,0,0,0,0,0,0,0,0,0,0,0,0,0,0,0,0,0,0,0,0,0,0,0,0,0,0,0,0,0,0,0,0,0,0,0,0,0,0,0,0,0,0,0,0,0,0,0,0,0,0,0,0,0,0,0,0,0,0,0,0,0,0,0,0,0,0,0,0,0,0,0,0,0,0,0,0,0,0,0,0,0,0,0,0
"Sierra Leone",0,0,0,0,0,0,20709333.3333333,0,0,0,0,0,0,0,0,0,0,0,0,0,0,0,0,0,0,0,0,0,0,0,0,0,0,0,0,0,0,0,0,0,0,0,0,0,0,0,0,0,0,0,0,0,0,0,0,0,0,0,0,0,0,0,0,0,0,0,0,0,0,0,0,0,0,0,0,0,0,0,0,0,0,0,0,0,0,0,0,0,0,0,0,0,0,0,0,0,0,0,0,0,0,0,0,0,0,0,0,0,0,0,0,0,0,0,0,0,0,0,0,0,0,0,0,0,0,0,0,0,0,0,0,0,0,0,0,0,0,0,0,0,0,0,0,0,0,0,0,0,0,0,0,0,0,0,0,0,0,0,0,0,0,0,0,0,0,0,0,0,0,0,0,0,0,0,0,0,1713600,0,0,0,0,0,0,0,0,0,0,0,0,0,0,0,0,0,0
"Slovenia",0,0,2510600,0,0,0,0,247759900,0,0,0,0,0,0,0,0,0,0,0,0,0,0,0,0,0,0,0,0,0,0,12000,0,0,0,0,0,0,0,0,0,0,0,0,0,0,0,0,0,0,120000,0,0,0,12000,0,0,0,0,0,12504000,2925393000,0,0,0,0,0,0,0,0,0,0,0,4.1713e+10,5765852233.33333,0,0,0,0,0,0,0,1279672000,0,0,0,0,0,0,0,0,0,0,0,0,0,0,0,0,0,12000,0,0,0,0,0,0,264000,0,0,0,0,0,0,0,0,0,1274600,0,0,29492000,0,0,0,0,0,0,0,0,15602400,0,0,0,0,864000,12000,0,0,0,0,0,101748000,0,5513400,0,0,0,0,0,0,0,0,0,1523640000,0,0,0,47800,0,0,0,1200000,0,0,0,0,0,0,0,0,0,0,0,36000,0,0,0,372000,0,35900,0,0,0,0,0,0,0,0,0,0,0,512152500,173118400,0,0,0
"Slovakia",0,0,0,0,0,0,0,2161765800,0,0,0,0,0,0,0,0,0,0,0,0,0,120900,0,0,0,0,0,0,0,0,0,0,0,0,0,0,0,0,0,0,0,0,0,0,0,0,0,0,0,0,0,0,0,132000,0,0,0,0,0,5236100,0,0,0,11900,0,0,0,0,0,0,0,0,3905256666.66667,0,0,0,0,0,0,7392000,0,3048000,0,0,0,0,0,0,0,0,0,0,0,0,0,0,0,0,0,0,0,0,0,0,0,0,3e+05,0,0,0,0,0,0,0,0,0,20563200,0,0,0,0,0,0,0,0,48000,0,0,2747585900,0,0,0,0,821834933.333333,0,0,0,0,0,0,14742433.3333333,0,0,0,0,0,0,0,0,0,0,93683900,0,0,0,0,2796000,0,0,0,0,84000,0,0,0,0,0,0,0,0,0,0,0,0,0,0,26012733.3333333,0,0,0,0,0,0,0,0,0,0,0,0,0,0,0,0,0,0
"Singapore",0,0,0,0,0,0,90509333.3333333,0,0,0,75552100,11988700,0,0,0,0,0,0,0,0,1629975700,0,25560000,0,311748000,0,0,0,77697700,0,0,880600,0,0,39732000,0,0,0,0,0,0,0,0,0,0,0,0,0,0,0,0,27924000,0,0,0,0,0,24144000,0,15360000,0,159744000,0,0,0,0,0,0,0,0,0,4898600,0,0,0,591876000,294003557800,0,0,0,0,0,0,0,0,6252000,0,0,0,168000,0,127748500,0,0,0,0,0,0,0,0,0,385236000,0,33104807100,18360000,0,0,0,193008000,0,3191000,0,3351012000,0,0,0,8076000,0,0,0,0,16236000,0,0,3585732000,0,0,0,0,530004000,0,0,45263238700,0,0,0,29098700,0,0,0,0,0,0,0,0,0,0,0,0,2436000,0,0,0,0,0,0,0,0,0,0,0,0,0,0,276395400,0,5877276000,6.24e+08,0,0,0,0,0,0,0,0,60636000,0,216084000,0,0,0,0,1702909600,0,0,0,0,0,0,0,0,0,0,0
"Somalia",0,0,0,0,0,0,0,0,0,0,0,0,0,0,0,0,0,0,0,0,0,0,0,0,0,0,0,0,0,0,0,0,0,0,0,0,0,0,0,0,0,0,0,0,0,0,0,0,0,0,0,0,0,0,0,0,0,0,0,0,0,0,0,0,0,0,0,0,0,0,0,0,0,0,0,0,0,0,0,0,0,0,0,0,0,0,0,0,0,0,0,0,0,0,0,0,0,0,0,0,0,0,0,0,0,0,0,0,0,0,0,0,0,0,0,0,0,0,0,0,0,0,0,0,0,0,0,0,0,0,0,0,0,0,0,0,0,0,0,0,0,0,0,0,0,0,0,0,0,0,0,0,0,0,0,0,0,0,0,0,0,0,0,0,0,0,0,0,0,0,0,0,0,0,0,0,0,0,0,0,0,0,0,0,0,0,0,0,0,0,0,0,0,0,0
"South Africa",0,0,0,9333.33333333333,0,0,24012000,0,0,18666.6666666667,0,0,0,0,0,143542671666.667,0,0,0,0,0,0,0,0,0,6396000,0,0,24000,0,0,0,25200000,24000,4876300,0,0,0,0,0,0,48000,0,0,0,0,0,0,0,0,0,0,0,83520000,0,0,1752000,0,0,48000,0,55752000,0,0,0,0,0,0,0,0,0,204000,0,0,0,0,0,0,0,828000,0,0,0,0,0,0,0,0,6257633.33333333,0,0,0,0,0,0,0,36577404433.3333,0,0,0,0,0,117756533.333333,48000,372000,23900,0,0,12095500,0,0,0,5132053700,0,39779989633.3333,79200000,408000,0,0,0,0,29680000,0,0,8124233.33333333,0,130666666.666667,0,0,0,0,0,0,0,0,0,0,0,3239500,50300414166.6667,0,0,0,0,0,0,0,9333.33333333333,0,8362666.66666667,0,0,0,108000,291540000,0,59500,0,0,134087504133.333,0,2160000,0,0,0,827900,0,0,0,0,0,0,0,21333.3333333333,31162666.6666667,0,17401333.3333333,0,5367900,24000,0,0,0,0,30666.6666666667,209976000,3781573766.66667,7123173666.66667,0,0,0,0,36000,0,0
"Spain",108000,0,13124748000,1734804000,0,228153333.333333,5757670000,588836766.666667,0,11289566.6666667,420000,0,0,0,8400000,0,149993600,0,0,0,0,5043945000,0,0,24000,1737979000,118881500,0,0,5592800,282387400,4151000,178428000,0,291288000,0,19296000,2242224733.33333,189397700,0,1355500,449420200,0,181594533.333333,0,30586000,3780000,0,188237600,214200000,0,0,30085874100,80027638766.6667,0,0,4.2e+08,0,1140200,40962860000,228000,1536000,0,6764461600,0,0,23307500,19066600,0,33867400,1308000,138355600,238662700,24215800,312000,1969391900,0,0,57600000,10293370733.3333,2435756000,8547943333.33333,9.44e+08,0,180000,85272000,15119700,0,0,0,0,12000,527712000,2942364933.33333,0,39094966.6666667,0,0,4021212000,51266500,972000,7648000,0,16644000,6e+05,276000,148398500,19978900,792000,4536000,876000,2471476133.33333,7949100,0,0,23800,69583020033.3333,0,0,1008000,0,438273400,360000,0,26279100,4281800633.33333,27519800,49743200,2960011800,0,12096000,39123400,42628300,9619090733.33333,85342382200,2016000,0,0,159420000,0,12998440166.6667,0,13243766.6666667,0,0,0,0,3041891600,6634666.66666667,0,2796000,8064000,159448800,86123500,0,45768000,0,0,0,0,5330527166.66667,341540366.666667,11828724000,0,40855100,264000,18720000,0,0,0,0,115296000,85349700,254884333.333333,0,0,205670381600,24044500,39125294100,0,34269000,0,1860666.66666667,24000,0,0,9e+05,0,301484488133.333,25391900,1673940000,0,0,0,0
"Suriname",0,0,0,0,0,0,0,0,0,0,0,0,0,0,0,0,0,0,0,0,0,172800000,0,0,0,0,0,0,0,0,0,0,0,0,0,0,0,0,0,0,0,0,59400000,0,0,0,0,0,0,0,0,0,0,15266716100,0,0,0,0,3360000,3.45e+08,0,29773800,0,226760000,0,0,0,0,522666.666666667,974400000,0,0,0,5.95e+08,0,0,0,0,0,0,0,140560000,0,0,127707369400,0,0,0,0,0,0,116844000,0,0,0,0,0,0,0,93492000,0,0,0,0,0,0,0,0,0,0,0,0,3e+07,0,0,0,10007052000,0,0,0,0,0,0,0,0,0,0,0,0,0,0,0,0,1414835333.33333,51911439300,0,0,0,0,0,0,0,0,0,0,0,0,0,0,0,0,0,0,0,0,0,3e+07,0,0,0,0,0,0,0,0,0,0,2.025e+09,0,622669800,0,0,2409750000,0,0,0,574110000,0,1.19e+08,0,0,0,6042535000,0,0,0,0,0,3e+07,0,0,0,0,0,0
"Tajikistan",0,0,0,0,0,0,0,0,0,0,0,0,0,0,0,0,0,0,0,0,0,0,0,0,0,0,0,0,0,0,0,0,0,0,0,0,0,0,0,0,0,0,0,0,0,0,0,0,0,0,0,0,0,0,0,0,0,0,0,0,0,0,0,0,0,0,0,0,0,0,0,0,0,0,0,0,0,0,0,0,0,0,0,0,0,0,0,0,0,0,0,0,0,0,0,0,0,0,0,0,0,0,0,0,0,0,0,0,0,0,0,0,0,0,0,0,0,0,0,0,0,0,0,0,0,0,0,0,0,0,0,0,0,0,0,0,0,0,0,0,0,0,0,0,0,0,0,0,0,0,0,0,0,0,0,0,0,0,0,0,0,0,0,0,0,0,0,0,0,0,0,0,0,0,0,0,0,0,0,0,0,0,0,0,0,0,0,0,0,0,0,0,0,0,0
"Swaziland",0,0,0,0,0,0,0,0,0,0,0,0,0,0,0,0,0,0,0,0,0,0,0,0,0,0,0,0,0,0,0,0,0,0,0,0,0,0,0,0,0,0,0,0,0,0,0,0,0,0,0,0,0,0,0,0,0,0,0,0,0,0,0,0,0,0,0,0,0,0,0,0,0,0,0,0,0,0,0,0,0,0,0,0,0,0,0,0,0,0,0,0,0,0,0,0,0,0,0,0,0,0,0,0,0,0,0,0,0,0,0,0,0,0,0,0,0,0,0,0,0,0,0,0,0,0,0,0,0,0,0,0,0,0,0,0,0,0,0,0,0,0,0,0,0,0,0,0,0,0,0,0,0,0,0,357324000,0,0,0,0,0,0,0,0,0,0,0,0,0,0,0,0,0,0,0,0,0,0,0,0,0,0,0,0,0,0,0,0,0,0,0,0,0,0,0
"Sweden",0,0,0,0,0,0,0,1200000,0,0,0,0,0,0,216000,0,0,0,0,0,0,0,0,0,0,0,0,0,0,0,0,12000,0,0,0,0,0,0,0,0,0,1745934033.33333,0,0,0,0,0,0,0,24091400,1332000,0,2233550166.66667,1763200,0,0,0,0,119000,97495066.6666667,0,1400000,0,0,0,0,0,0,0,0,0,24000,0,0,124234133.333333,27621233.3333333,0,0,0,0,0,112181500,0,0,0,0,0,0,0,0,0,0,0,152352000,0,0,0,0,0,0,0,0,0,0,0,0,3e+05,0,0,0,0,0,0,0,0,0,89543600,0,0,0,0,0,0,0,0,490759400,0,0,12000,0,0,0,0,44808000,24000,0,0,0,0,0,0,0,0,0,0,0,0,0,0,0,0,0,0,0,0,0,53890900,0,0,0,0,1071100,0,0,0,0,1.2e+07,0,0,0,0,0,4346700,23800,0,0,37465100,0,79900,0,0,0,0,19464000,0,0,0,0,349800,24000,0,0,0,0,0
"Switzerland",0,0,0,0,0,0,0,314833000,0,0,0,0,0,0,0,0,0,0,0,0,0,0,0,0,96000,0,3168000,0,0,0,0,305000,0,0,0,0,0,0,0,0,0,0,0,0,0,0,0,0,0,0,0,0,0,327226800,0,0,0,0,0,6190252300,0,2376000,0,0,0,0,0,5532000,0,0,0,0,0,0,0,0,0,0,0,0,0,1065709333.33333,0,0,0,0,0,0,0,0,0,0,0,0,0,0,0,0,144000,0,0,0,0,0,0,0,0,0,0,0,0,0,0,0,0,0,2660962700,0,0,0,0,18666.6666666667,0,0,120000,115296000,0,0,52800000,0,0,0,2184000,0,0,0,0,0,0,0,0,0,0,0,0,0,0,0,0,0,0,0,0,707600,0,35700,7541333.33333333,0,0,0,17331400,0,0,0,0,0,79200000,2964000,0,0,0,0,0,0,0,0,4240400,0,0,0,0,0,0,0,0,0,0,0,1195011400,0,0,0,0,0,0
"Syrian Arab Republic",0,0,0,0,0,0,0,0,0,552000,0,0,0,0,0,0,0,0,0,0,0,0,0,0,0,38425700,0,0,0,0,0,0,0,0,0,0,0,0,792000,0,0,0,0,0,0,0,0,0,0,0,0,0,0,0,0,0,0,0,0,14982100,0,0,0,0,0,0,0,0,0,0,0,0,0,0,0,0,0,0,0,0,0,0,0,0,0,0,0,0,0,0,0,0,0,0,0,20508000,0,0,0,0,0,0,0,0,0,0,0,0,0,0,0,0,0,0,0,0,0,0,0,0,0,0,0,0,0,0,0,0,0,0,0,0,0,0,0,0,0,0,0,0,0,0,0,0,0,0,0,0,0,0,0,0,0,0,0,0,0,0,0,0,0,3600000,0,0,0,0,0,0,0,0,0,0,86280000,0,0,0,0,0,0,0,0,0,0,0,0,39648000,0,0,0,0,0,0,0,0,0
"Turkmenistan",0,0,0,0,0,0,0,0,0,0,0,0,0,0,0,0,0,0,0,0,0,0,0,0,0,0,0,0,0,0,0,0,0,0,0,0,0,0,0,0,0,0,0,0,0,0,0,0,0,0,0,0,0,0,0,0,0,0,0,0,0,0,0,0,0,0,0,0,0,0,0,0,0,0,0,0,0,0,0,0,0,0,0,0,0,0,0,0,0,0,0,0,0,0,0,0,0,0,0,0,0,0,0,0,0,0,0,0,0,0,0,0,0,0,0,0,0,0,0,0,0,0,0,0,0,0,0,0,0,0,0,0,0,0,0,0,0,0,0,0,0,0,0,0,0,0,0,0,0,0,0,0,0,0,0,0,0,0,0,0,0,0,0,0,0,0,0,0,0,0,0,0,0,0,0,0,0,0,0,0,0,0,0,0,0,0,0,0,0,0,0,0,0,0,0
"Taiwan",0,0,0,0,0,0,10160422000,0,0,0,0,0,0,0,0,7.2e+07,0,0,0,1.599e+10,20244800,297500000,0,0,0,3149603900,0,0,123900000,0,31452000,259390140000,0,0,0,0,15600000,0,0,0,0,1152000,0,0,0,0,0,0,0,0,0,4040400000,1200000,43217200,31200000,0,0,0,0,33108000,0,2.4e+09,20794800000,0,0,0,5.232e+09,0,0,3.792e+10,1.2528e+10,6266534000,0,0,0,0,0,0,0,0,164220000,0,0,0,0,13282128000,0,0,0,1.08e+09,0,2.4e+07,847200000,0,0,0,7.68e+08,0,0,0,56768100,6e+07,0,1272170000,0,0,0,0,33600000,0,2.76e+08,0,1041600000,0,1.8e+07,0,213738800,0,0,0,19851600000,547499300,7331339300,0,336000,0,0,7438000,0,109191600000,0,0,5499240400,0,0,0,0,0,0,1.68e+09,0,0,612000,0,0,540000,0,0,20400000,9600000,2.64e+09,0,0,9151383400,1.032e+09,2927046500,0,0,0,6193200000,0,20899100,1338750000,0,0,0,1143600000,1047600000,64800000,39600000,0,0,6364700000,251459200,0,453600000,222144900,2.4e+09,4907915400,0,4154500,0,0,1188810000,0,0,0,0,0,0,0,0,0,0,0
"United Republic of Tanzania",0,0,0,0,0,0,4641200,0,0,0,0,0,0,0,0,7584000,0,0,0,0,0,14400000,0,25300201400,0,0,0,0,0,0,0,0,0,6802666.66666667,0,0,0,0,0,0,0,0,0,0,0,0,0,0,0,0,0,0,0,12000,0,0,0,0,0,0,0,0,0,252000,0,0,0,0,0,0,0,74666.6666666667,0,0,0,1179756000,0,0,27192000,0,0,0,0,0,0,0,0,0,271906906000,0,0,0,0,0,0,0,0,32130000,0,0,0,3.6e+08,5.46e+08,0,0,0,0,0,0,0,0,0,46837600,0,12000,0,0,0,0,0,0,0,0,0,0,0,5205290966.66667,0,0,0,0,0,0,0,0,0,0,0,179000,153557333.333333,0,194636914666.667,0,0,0,0,0,0,0,0,0,0,0,0,0,30705000,0,0,0,1.2e+08,46666.6666666667,0,0,0,0,0,0,0,0,0,75023333.3333333,0,51412000,680728000,782434905333.333,0,534000,0,120660000,0,0,0,0,0,0,0,22744262833.3333,1760280000,30153333.3333333,0,0,0,0,3345250000,0
"Thailand",2324664000,0,519480000,62331595500,0,155516500,332240403133.333,2571551100,492984000,6794711266.66667,7944000,312549633.333333,0,0,0,792264000,34437919000,0,0,6e+07,78752025866.6667,1052934833.33333,6466997200,0,1178123512000,446276384233.333,37276392000,58800000,638100666.666667,0,2452224500,1798531434933.33,1042474600,591504000,161244552000,23800,680064000,0,2694513700,179712000,1997267016000,10204424300,0,174924000,0,0,26410413233.3333,0,56564244000,84540000,0,34800227000,7900534800,275316664400,21648604900,2.04e+08,23752716000,117010992000,20487564000,38758327300,62400000,225117414000,0,3474312000,0,0,2767920000,36526644000,0,0,0,766654482200,852761600,548724000,2388823000,4425809466.66667,294520886933.333,33412030466.6667,390553770400,7080561400,180475752600,114007005133.333,494432964000,0,7261675700,964037596200,16498032000,199116000,249526258300,15913299200,0,110533821466.667,19771017700,211788000,143186564800,43804233100,0,422844000,12194172000,3192463800,13186382700,9204113000,0,565862950533.333,1799113733.33333,1092420000,3054804000,72135792000,4563033600,11562218666.6667,526224000,51541154000,762715001100,0,291241333.333333,38191400,166305319400,0,28433254700,0,812240300,62291777300,0,195525804000,20217750266.6667,30911521766.6667,978646133.333333,44412000,18139583133.3333,190540926800,0,16693032000,565591581300,25340545166.6667,12328411500,3945168000,20265888000,0,10623438066.6667,46046520000,0,1016328000,75757238866.6667,0,0,0,4040412000,125119653133.333,566286024000,1325733.33333333,16707768000,29808000,1915333.33333333,470472347600,0,2491025801033.33,70189305666.6667,658402800,0,0,41407234600,56653680900,33583359500,0,91992540233.3333,22206852000,0,256692288000,0,2036855100,7071323500,59741808000,52764207466.6667,110125493566.667,249543000,0,204032416000,16872957600,2672862720000,6022956000,29466.6666666667,749317200,109704000,36575435266.6667,511596000,598388904000,3.32244e+11,13807068000,130505892500,0,233196000,0,355800000,0,240276000
"Togo",0,0,0,0,0,0,0,0,0,0,0,0,0,0,0,0,0,0,0,0,0,0,0,0,66852000,0,0,0,0,0,0,0,0,0,0,0,0,0,0,0,537600000,0,0,0,0,0,0,0,0,0,0,0,0,0,0,0,0,0,0,0,0,2.4e+07,0,0,0,0,0,0,0,0,0,0,0,0,0,0,0,0,0,0,0,0,0,0,0,0,0,0,0,0,0,0,0,0,0,0,0,9e+08,0,0,0,0,0,0,0,3360000,0,0,0,0,0,0,0,0,0,0,0,0,0,0,0,0,0,2379208400,0,0,0,0,0,0,0,0,0,0,0,0,0,0,0,0,0,0,0,0,0,0,27600000,0,0,0,0,0,0,0,0,0,0,0,0,0,0,0,0,0,0,0,321300000,0,0,0,0,0,0,0,0,0,0,0,0,5.4e+07,0,0,0,0,0,0,0,0,0,0,0,0,0,0,0
"Tonga",0,0,0,0,0,0,0,0,0,0,0,0,0,0,0,0,0,0,0,0,0,0,0,0,0,0,0,0,0,0,0,0,0,0,0,0,0,0,0,0,0,0,0,0,0,0,0,0,0,0,0,0,0,0,0,0,0,0,0,0,0,0,0,0,0,0,0,0,0,0,0,0,0,0,0,0,0,0,0,0,0,0,0,0,0,0,0,0,0,0,0,0,0,0,0,0,0,0,0,0,0,0,0,0,0,0,0,0,0,0,0,0,0,0,0,0,0,0,0,0,0,0,0,0,0,0,0,0,0,0,0,0,0,0,0,0,0,0,0,0,0,0,0,0,0,0,0,0,0,0,0,0,0,0,0,0,0,0,0,0,0,0,0,0,0,0,0,0,0,0,0,0,0,0,0,0,0,0,0,0,0,0,0,0,0,0,0,0,0,0,0,0,0,0,0
"Trinidad and Tobago",0,0,59500,0,803098200,0,0,0,0,0,141550600,0,0,0,0,0,0,0,0,0,0,0,0,0,0,24000,0,0,0,0,0,0,179600,0,0,0,0,0,0,0,0,0,44416400,4522000,0,0,0,0,0,0,0,0,0,0,0,0,0,0,0,119000,0,0,0,0,0,51551100,0,0,917000,0,0,0,0,0,0,0,0,0,0,0,0,0,0,0,12316500,0,0,0,0,0,0,0,0,0,0,0,0,0,0,0,0,0,0,0,0,0,0,0,0,226100,0,0,0,0,0,0,0,0,0,0,0,0,0,0,0,0,0,0,0,0,0,0,0,0,0,0,0,0,0,0,0,0,190400,0,397519500,137362400,0,0,0,0,654500,0,0,0,0,0,0,52459800,0,0,0,0,0,0,0,0,0,0,0,0,0,0,0,0,0,0,535500,0,3906800,0,0,0,37024033.3333333,0,0,0,0,0,0,0,0,0,0,0,0
"Oman",0,0,0,0,0,0,1056000,0,0,4912833.33333333,0,0,0,0,0,0,0,0,0,0,0,15852000,0,0,0,0,0,0,0,0,0,9e+05,0,0,0,0,0,0,96000,0,0,504000,0,0,0,0,1187000,0,0,0,0,0,0,24000,0,0,0,0,0,360000,0,0,0,6e+05,0,0,0,0,0,0,0,0,0,0,0,2209272000,0,1200000,0,0,0,1894666.66666667,0,0,0,0,78468000,0,0,0,0,205333.333333333,142068000,0,0,12000,0,624000,0,0,0,0,0,0,0,0,0,0,0,0,0,0,0,0,0,0,336000,0,0,0,0,1824000,0,0,0,0,387441333.333333,96000,0,0,0,552000,0,0,0,0,0,0,387909966.666667,0,0,0,3788666.66666667,0,0,0,0,57072000,0,0,0,0,0,9586066.66666667,2723206400,0,1008000,0,0,0,660000,0,0,0,0,0,0,0,0,0,0,0,672000,1557750000,0,0,0,0,7980000,0,0,0,0,0,0,27695416800,0,0,0,0,0,0,0,0,0
"Tunisia",0,0,0,0,0,0,0,0,0,0,0,0,0,0,0,0,0,0,0,0,0,0,0,0,0,0,0,0,0,0,0,0,0,0,0,0,0,0,0,0,0,0,0,0,0,0,0,0,0,0,0,0,0,48800,0,0,0,0,0,0,0,0,0,0,0,0,0,0,0,0,0,0,0,0,0,0,0,0,0,0,0,0,0,0,0,0,0,0,0,0,0,0,0,0,0,0,0,0,0,0,0,0,0,0,0,0,0,0,0,0,0,0,0,0,0,0,0,0,0,0,0,0,0,0,0,0,0,0,0,0,0,0,0,0,0,0,0,0,0,7.2e+08,0,0,0,0,0,0,0,0,0,0,0,0,0,0,0,0,0,0,0,0,0,158600,0,0,0,0,442000,0,0,0,0,0,0,0,0,0,0,0,0,0,0,0,0,0,0,0,0,0,0,0,0,0,0,0,0
"Turkey",0,17652000,5948928000,2041310600,30112000,0,82272000,376609600,96288000,7200000,3684000,1680000,0,0,0,0,0,0,7668000,0,0,1403737733.33333,0,0,4440000,951346600,0,0,0,0,4200000,4270800,1704000,1260000,535500,864000,0,1512000,4071259000,7882918200,0,111059366.666667,204000,0,204000,0,7845084000,0,0,3171700,0,0,4883700,507877200,0,1488000,470004000,0,361032000,2413936500,80455733.3333333,768000,0,209115266.666667,0,0,0,8016000,0,0,288000,124680533.333333,6333400,7082952000,9840000,1250915900,3e+05,65790666.6666667,171895524000,30648000,33505668000,4317656533.33333,6048000,18193333.3333333,0,20151933.3333333,8819724000,32471400,1284000,36000,408000,27556333.3333333,1704888000,144000,0,50420733333.3333,0,470404000,129675144000,1100000,0,0,0,309333.333333333,0,313560000,308359900,32976000,2520000,2820000,48000,11572056000,840000,5326900,0,0,2176168533.33333,0,0,44340000,1164000,456000,0,4.2e+08,5136000,258712733.333333,1080000,358362666.666667,445173700,0,0,0,17533333.3333333,1112866800,348364833.333333,2040000,0,156000,751488000,0,244263000,0,725389533.333333,732000,0,2278666.66666667,0,1776300000,1636400,96000,2592000,292800000,144000,179121333.333333,464964000,64217700,61769500,3240000,0,0,942949200,422449800,227489832000,489936000,142800,1968000,9323400,1836000,0,0,99204000,301068000,0,4247115000,0,2460000,23324612400,23290439633.3333,2386990000,75600000,0,1048800000,1225824000,420000,192000,0,888000,0,23458430700,4342333.33333333,524802666.666667,1330908000,29954040000,0,361032000
"United Arab Emirates",599808000,796235300,240000,0,0,0,239095533.333333,0,0,3671592666.66667,0,12569400,0,17700000,0,0,0,0,0,0,5556000,16572000,0,11196000,114744500,91800000,0,2604000,71570500,61554500,2880000,53500100,0,341049400,95264500,0,0,0,0,522425200,363890000,109116000,0,0,0,0,196462000,0,37596000,0,0,0,0,407184000,0,1695069800,107640000,672000,187709600,244624000,0,3751247100,0,304644000,0,0,0,207241333.333333,0,0,0,23286566.6666667,0,636000,0,5575012333.33333,569333.333333333,41507819566.6667,20645169633.3333,325368000,0,35160000,7044000,15312000,0,196656000,2126329866.66667,183540000,2889158133.33333,0,0,77820000,4540436966.66667,0,0,623040000,0,89504000,528089100,0,0,1114080000,12060000,44424000,224674533.333333,153562800,0,108780600,898899933.333333,0,0,60688000,85560000,0,0,0,278112000,0,0,0,0,33048000,0,291424800,3498434200,0,3040339433.33333,0,0,0,0,0,737800,0,0,312624000,0,857716666.666667,227888000,0,0,591483200,12108000,0,0,0,61212000,7003420600,969983333.333333,705972133.333333,102408000,0,0,72000,18284053200,191940000,3888000,0,1190000,0,229596000,19560000,685620000,72396000,0,598671666.666667,75559833.3333333,146292000,0,0,68431593366.6667,0,334692000,0,728962233.333333,0,6578591600,1.8e+07,18917638366.6667,63370000,0,10848000,0,69064100,83075000,13649100866.6667,130510766.666667,181540866.666667,8112000,0,60000,0,4338763166.66667,302140000,5880000
"Uganda",0,0,0,0,0,0,0,0,0,0,0,0,0,0,0,0,0,0,0,0,0,0,0,33840000,0,863300,0,0,0,0,0,0,0,0,0,0,0,0,0,0,7200000,0,0,0,0,0,0,0,0,0,0,0,0,0,0,0,0,7200000,0,0,0,0,0,0,0,0,0,0,0,0,0,0,0,0,0,0,0,0,0,0,0,0,7200000,0,0,0,0,0,2220523333.33333,0,0,0,0,0,0,0,0,0,0,0,0,7200000,0,0,0,0,0,0,0,0,0,0,0,0,0,0,0,0,0,0,0,0,0,0,0,61000,0,0,0,0,0,0,0,0,0,0,0,0,0,0,0,272448000,0,0,0,0,0,0,7200000,0,0,0,0,0,0,0,0,0,0,0,0,0,0,0,0,0,0,0,0,0,0,0,0,0,0,0,0,0,0,0,0,0,0,0,0,0,66921072666.6667,120000,0,0,0,0,2.04e+08,34176409833.3333,0
"Tuvalu",0,0,0,0,0,0,0,0,0,0,0,0,0,0,0,0,0,0,0,0,0,0,0,0,0,0,0,0,0,0,0,0,0,0,0,0,0,0,0,0,0,0,0,0,0,0,0,0,0,0,0,26640000,0,0,0,0,0,0,0,0,0,0,0,0,0,0,0,0,0,0,0,0,0,0,0,0,0,0,0,0,0,0,0,0,0,0,0,0,0,0,0,0,0,0,0,0,0,0,0,0,0,0,0,0,0,0,0,0,0,0,0,0,0,0,0,0,0,0,0,0,0,0,0,0,0,0,0,0,0,0,0,0,0,0,0,0,0,0,0,0,0,0,0,0,0,0,0,0,0,0,0,0,0,0,0,0,0,0,0,0,0,0,0,0,0,0,0,0,0,0,0,0,0,0,0,0,0,0,0,0,0,0,0,0,0,0,0,0,0,0,0,0,0,0,0
"United Kingdom",0,0,0,0,324000,0,230736000,1348749933.33333,0,4440000,1824000,0,0,0,0,0,0,0,0,0,0,87836800,0,0,0,0,0,53952000,4320000,0,0,0,0,0,0,0,0,0,2035063433.33333,0,0,1841440033.33333,0,1560000,2952000,0,0,0,0,79967500,0,0,1524682133.33333,27970463466.6667,0,7644000,0,0,28560000,16666722400,0,0,0,624590533.333333,0,0,0,0,0,0,0,106546666.666667,142468966.666667,17441200,1567066600,0,0,0,0,43871780800,735109100,13649956600,0,0,22812000,0,2537600,0,13962666.6666667,0,0,0,22053400,265587400,0,11676000,0,0,38250000,10422000,0,0,0,396000,0,2172000,2147470833.33333,0,0,5880000,0,540000,0,0,0,0,29288678733.3333,0,0,9760000,0,0,0,0,162913000,235953433.333333,53750000,0,648641100,0,0,0,0,1163495233.33333,3211129700,0,0,0,33180200,0,63483800,420000,2712000,0,0,0,0,11000333.3333333,0,0,0,20979500,14069566.6666667,16310400,0,0,4966204466.66667,0,0,0,2974494133.33333,628416100,8664000,0,0,0,109249666.666667,0,0,372000,0,0,4800000,208462066.666667,0,0,0,0,1070184266.66667,0,1920000,0,0,0,0,35466666.6666667,12348000,0,13351422166.6667,163657200,0,0,0,0,0
"Ukraine",14988000,0,0,0,192000,0,0,516000,336000,0,60000,0,0,0,0,0,0,0,12000,0,0,516000,0,0,36000,5544000,0,0,168000,0,0,2605700,0,96000,0,0,0,1884000,8170366.66666667,2649500,0,1080000,12000,0,0,0,144000,0,0,131900,0,0,0,24000,0,0,24000,0,0,25004900,0,0,0,3143500,0,0,0,0,0,0,0,2484000,6.6e+07,24000,0,150108000,0,0,0,12000,5004000,269340000,0,37342666.6666667,0,1545133.33333333,0,0,0,0,0,780000,0,0,0,60000,0,2784000,0,24000,0,0,0,372000,0,0,1641333.33333333,0,0,0,0,0,0,5198213200,0,0,24899700,0,0,0,0,0,0,0,0,444000,0,3671900,668400000,0,0,0,960000,1225356000,576000,0,0,0,0,0,2.844e+09,0,276000,0,0,0,0,0,0,192000,120000,9e+05,0,3203400,0,0,48000,0,0,0,0,36000,0,0,708000,12000,552000,192000,0,0,0,0,13780713333.3333,24000,0,840000,6600000,0,23760000,0,0,0,0,0,0,0,0,0,732000,0,0,168000,0,0,0
"United States of America",0,0,0,0,258430100,110779500,36209904933.3333,7506491000,26711809500,1275367300,3091134300,794016000,0,0,0,0,112831815133.333,0,1247695433.33333,0,0,0,145248000,7155696000,66374025100,874449510500,0,731897600,87756000,0,7414675200,275136000,335054202166.667,0,8190540000,0,194939209966.667,233797900,313176000,0,23434932000,1436445300,292734300,104577341033.333,300156000,1672863500,98513366.6666667,222830588566.667,168096000,0,0,2772000,532308000,6986689900,131709800,120960000,372924000,0,23669700,14445199800,0,16562580300,8160000,844957333.333333,0,0,307184825700,32922048000,333401200,1577703996000,422457461500,24539972400,0,0,368015900,4479897100,1824972000,0,289436760000,0,98487709633.3333,3038492633.33333,109247357333.333,0,18130082133.3333,1160147149366.67,302000133533.333,191700000,0,5510533700,0,620247506000,15610776266.6667,0,6287424000,8083358666.66667,2784000,17188517600,53201240000,744612000,21996000,2249112100,544788000,217692000,23136000,32925780000,442248000,1471884000,138024000,2149506178166.67,478272000,7921410400,1408656000,0,0,7335996000,25088420900,0,0,0,0,15867134800,314216211166.667,7528740000,3021761733.33333,5098218500,321529400,106368757700,614586300,0,183428000,469380000,435324000,2970384000,12131187100,2601120000,2650680000,5784000,7790925900,0,9672000,1835628000,3106620000,2789365300,356294300,3264000,0,390965458200,2049779700,0,8351700000,0,46992000,11275673300,283630666.666667,1547538700,4424084900,247560000,0,0,8.049e+09,2207108800,0,0,220756576066.667,32029333.3333333,10564145300,51798446933.3333,9348000,1832736033.33333,838428000,0,29696139400,26008775900,208347000,0,76371147800,5785296000,0,6261624000,995717333.333333,1.8e+08,367121405000,14353425600,4005060000,540012000,22778000,13980000,11884936600,0,23952000,23952000,649224000,45840000,0
"Burkina Faso",0,0,0,0,0,0,0,0,0,0,0,0,0,0,0,0,0,0,0,0,0,0,0,0,0,0,0,0,0,0,0,0,0,0,0,0,0,0,0,0,1644132000,0,0,0,0,0,0,0,0,0,0,0,0,0,0,0,0,0,0,0,0,18666666.6666667,0,0,0,0,0,0,0,0,0,0,0,0,0,0,0,0,0,0,0,0,1.26e+09,0,0,0,0,0,0,0,0,0,0,0,0,0,0,0,0,0,0,0,0,0,0,0,0,0,0,0,0,0,0,0,0,0,0,0,0,0,0,0,0,3233866666.66667,0,0,0,0,0,0,0,0,0,0,0,0,0,0,0,0,0,0,0,0,0,0,0,0,149333333.333333,0,365269333.333333,0,0,0,0,0,0,0,0,0,0,0,0,0,0,0,0,115733333.333333,0,0,0,0,0,0,0,0,0,0,0,0,0,0,0,0,0,0,0,0,0,0,0,0,0,0,0
"Uruguay",0,0,0,5567160000,124320000,1747772000,2577960000,0,0,0,1429228400,0,0,0,0,0,501085192233.333,0,0,0,0,0,0,0,0,9404538000,3752820000,0,0,0,50194562000,0,6e+07,0,0,0,85284070666.6667,220803624000,4606884000,0,0,0,0,0,0,0,0,6366432000,0,0,0,0,7.2e+07,18255939400,0,0,0,0,0,30944952300,0,0,0,0,0,0,12262428000,0,0,22112400000,2.64e+08,0,0,0,0,0,0,0,2.33118e+11,0,8247191100,94484000,316200000,0,0,71900,0,0,0,0,0,0,0,0,0,0,0,0,0,0,0,0,0,52824000,0,0,0,0,0,334679572000,0,0,0,0,0,0,53610793800,0,0,0,0,108756000,0,0,0,0,0,95611494666.6667,0,0,0,540720396000,0,4460618000,25684134500,0,0,0,0,0,0,0,0,0,0,0,0,0,128735160000,0,87310380000,0,0,0,0,8355216900,24879117900,0,0,0,0,1299496500,0,0,0,0,0,0,0,0,0,0,167556727000,300144000,0,0,87195030000,297500000,17017464100,0,0,0,164517734666.667,0,0,0,0,0,131037896100,0,0,0,0,0,0
"Uzbekistan",0,0,0,0,0,0,0,0,0,0,0,0,0,0,0,0,0,0,0,0,0,0,0,0,0,0,0,0,0,0,0,0,0,0,0,0,0,0,0,0,0,0,0,0,0,0,0,0,0,0,0,0,0,0,0,0,0,0,0,0,0,0,0,0,0,0,0,0,0,0,0,0,0,0,0,0,0,0,0,0,0,0,0,0,0,0,0,0,0,0,0,0,0,0,0,0,0,0,0,0,0,0,0,0,0,0,0,0,0,0,0,0,0,0,0,0,0,0,0,0,0,0,0,0,0,0,0,0,0,0,0,0,0,0,0,0,0,0,0,0,0,0,0,0,0,0,0,0,0,0,0,0,0,0,0,0,0,0,0,0,0,0,0,0,0,0,0,0,0,0,0,0,0,0,0,0,0,0,0,0,0,0,0,0,0,0,0,0,0,0,0,0,0,0,0
"Venezuela (Bolivarian Republic of)",0,0,0,0,0,0,0,0,0,0,0,0,0,0,0,0,0,0,0,0,0,0,0,0,0,0,0,0,0,0,0,0,0,0,0,0,0,0,0,0,0,0,0,0,0,0,0,0,0,0,0,0,0,0,0,0,0,0,0,0,0,0,0,0,0,0,0,0,0,0,0,0,0,0,0,0,0,0,0,0,0,0,0,0,0,0,0,0,0,0,0,0,0,0,0,0,0,0,0,0,0,0,0,0,0,0,0,0,0,0,0,0,0,0,0,0,0,0,0,0,0,0,0,0,0,0,0,0,0,0,0,0,0,0,0,0,0,0,0,0,0,0,0,0,0,0,0,0,0,0,0,0,0,0,0,0,0,0,0,0,0,0,0,0,0,0,0,0,0,0,0,0,0,0,0,0,0,0,15351000,0,0,0,0,0,0,0,0,0,0,0,0,0,0,0,0
"Viet Nam",3816000,0,0,20136336000,0,238068000,101423806233.333,1143101800,0,0,0,7064316000,0,0,0,0,5765752000,0,0,0,9925476000,610656000,532000,0,68222316000,46796467066.6667,0,0,972096000,0,4848910000,2953808394000,28800000,28308000,4743024000,0,0,0,121660400,7452000,2558712000,1798832000,0,544320000,1247220000,0,33823932000,0,0,0,0,16740216000,292417333.333333,27153980333.3333,0,0,145116000,0,0,26597664400,23286666.6666667,1133483545200,0,720649100,0,0,6384000,0,852000,0,4188000,339951804000,5576328200,5884800000,1704436733.33333,411480000,247165918666.667,0,468119742400,341977800,18668860066.6667,27208564000,1235904204000,0,0,7815635100,755376000,0,11680404000,20814298000,0,240855405566.667,11496980200,316572000,153864874666.667,110495500,0,0,0,14766675400,7865616000,86004000,0,1627801805100,93600000,0,52764000,0,71760000,884088000,21951252000,131676000,331637772000,34413100,0,24000,26923930333.3333,0,0,0,0,31754441266.6667,0,0,2520237333.33333,11313450600,2.4e+08,299304000,15612263900,0,0,124800000,8320612408000,29354865400,5303167200,0,0,0,41261332300,0,1148207200,4.5e+08,40873618000,0,0,0,304536000,105615277766.667,157940760000,0,0,1044528000,1360300,386996707100,0,23541476000,3439934000,0,0,456000,8949672400,238463600,0,0,72868126300,43081020000,19320948000,44701344000,0,280364000,1821613900,3570000,5702592000,163803621900,0,0,10082866600,7955418600,66220397700,5301636000,2400000,3.12e+08,411960000,0,376812000,0,0,624000,4456840600,0,95196000,609333.333333333,0,0,0
"Ethiopia",0,0,0,0,0,0,0,0,0,0,0,0,0,0,0,0,0,0,0,0,0,0,0,0,0,0,0,0,0,0,0,0,0,0,0,0,0,0,0,0,0,0,0,0,0,0,0,0,0,0,0,0,0,0,0,1.08e+08,0,0,0,0,0,0,0,0,0,0,0,0,0,0,0,0,0,0,0,27408000,0,0,0,0,0,0,60000,0,0,0,0,0,12000,0,0,0,0,0,0,0,0,0,0,0,0,0,0,0,0,0,0,0,0,0,0,0,0,0,0,0,0,0,0,0,0,0,0,0,0,0,0,0,0,0,0,0,0,0,0,0,0,0,0,9333.33333333333,0,0,0,0,0,0,0,0,0,0,0,0,0,0,0,0,0,0,0,0,0,0,0,0,0,0,0,0,0,0,0,0,0,0,0,0,0,0,0,0,0,0,0,0,0,0,0,0,0,0,0,0,0,0,0
"Yemen",0,0,0,0,0,0,0,0,0,0,0,0,0,0,0,0,0,0,0,0,0,0,0,0,0,0,0,0,0,0,0,0,0,0,0,0,0,0,0,0,0,0,0,0,0,0,0,0,0,0,0,0,0,0,0,0,0,0,0,0,0,0,0,0,0,0,0,0,0,0,0,0,0,0,0,0,0,0,0,0,0,0,0,0,0,0,0,0,0,0,0,0,0,0,0,0,0,0,0,0,0,0,0,46200000,0,0,0,0,0,0,0,0,0,0,0,0,0,0,0,0,0,0,0,0,0,0,0,0,0,0,0,0,0,0,0,0,0,0,0,0,0,0,0,0,0,0,0,3099373400,0,0,0,0,0,0,0,0,0,0,0,0,0,0,0,0,0,0,530400,0,0,0,16374400,0,0,0,0,0,0,0,0,0,0,0,0,0,0,0,0,0,0,0,0,0,0,0,0
"Democratic Republic of the Congo",0,0,0,0,0,0,0,0,0,0,0,0,0,0,0,0,0,0,0,0,0,0,0,119000,0,0,0,0,0,0,0,0,0,0,0,0,0,0,0,0,0,0,0,0,0,0,0,0,0,0,0,0,0,0,0,0,0,0,0,0,0,0,0,0,0,0,0,0,0,0,0,0,0,0,0,0,0,0,0,0,0,0,0,0,0,0,0,0,0,0,0,0,0,0,0,0,0,0,0,0,0,0,0,0,0,0,0,0,0,0,0,0,0,0,0,0,12000,0,0,0,0,0,0,0,0,0,55140000,0,0,0,0,0,0,0,0,0,0,0,0,0,0,1775500,0,0,0,0,0,0,0,0,0,0,0,0,0,336000,0,0,0,0,0,0,0,0,0,0,0,0,0,0,0,0,0,0,1535034766.66667,0,0,0,0,0,0,0,0,0,0,0,0,0,11900,0,0,0,0,0,0
"Zambia",0,0,0,0,0,0,0,0,0,0,0,0,0,0,0,888000,0,0,0,0,0,0,0,0,0,36000,0,0,0,0,0,0,0,0,0,0,0,0,0,0,0,0,0,0,0,0,0,0,0,0,0,0,0,0,0,0,0,0,0,0,0,0,0,0,0,0,0,0,0,0,0,0,0,0,0,0,0,0,0,0,0,0,0,0,0,0,0,0,0,0,0,0,0,0,0,0,0,0,0,0,0,0,0,0,0,0,0,0,0,0,0,0,0,0,180000,0,0,0,0,0,0,0,0,0,0,0,0,0,0,0,0,0,0,0,0,0,0,0,0,72120000,0,0,0,0,0,0,0,0,0,0,0,0,0,0,0,44460000,0,0,0,0,0,0,0,0,0,0,0,0,0,0,0,0,0,0,0,0,0,0,0,0,0,0,0,0,0,0,13901724000,0,0,0,0,0,0,0,0
"Belgium",0,0,0,0,0,15372000,4912920700,23323112233.3333,0,3691100,0,0,0,0,0,0,8869400,0,0,0,102666.666666667,47960600,0,2737000,1652400,16946833.3333333,5735800,714000,0,1368500,452912400,12163400,0,0,4212600,0,0,1630300,1081031700,0,35700,24334719266.6667,0,571200,0,0,6473600,0,71400,1550942800,0,0,11084536100,440454510400,12959100,0,0,0,3332000,368543944566.667,0,44295600,0,5464489800,0,0,0,963900,0,0,0,0,5252621166.66667,87298200,282291800,453604200,0,0,0,13422043333.3333,391621900,16905180066.6667,0,0,0,0,0,0,0,0,0,0,0,198551500,0,2378848466.66667,0,11900,82634000,2336438500,0,0,0,1125242600,0,833000,365077200,238000,107100,51630400,0,226150066.666667,0,0,0,0,361565435766.667,0,833000,158600,0,1014623600,0,916300,14477600,3737996600,635053500,0,57478243600,0,0,0,0,84460286366.6667,1638222333.33333,0,0,0,0,0,633555866.666667,12982900,131174400,0,0,0,0,2562000,26037200,15140400,0,1582074633.33333,929158133.333333,366000,0,3842333.33333333,14508194533.3333,9900800,0,0,31894927333.3333,23201430933.3333,0,0,0,0,0,571200,0,0,0,77695100,48913800,68340700,2701300,0,118776400366.667,956500,5703277700,1240100,1512800,0,0,0,95200,0,57135900,0,0,5784809966.66667,406846700,0,0,0,0
"Luxembourg",0,0,0,0,0,0,0,0,0,0,0,0,0,0,0,0,0,0,0,0,0,0,0,0,0,0,0,0,0,0,0,0,0,0,0,0,0,0,0,4935433.33333333,0,0,0,0,0,0,0,0,0,0,0,0,0,85096800,0,0,0,0,0,10959133.3333333,0,71500,0,24000,0,0,0,0,0,0,0,0,0,0,0,0,0,0,0,0,0,416500,0,0,0,0,0,0,0,0,0,0,0,0,0,0,0,0,0,0,0,0,0,0,0,0,0,0,0,0,0,0,0,0,0,0,12000,0,0,0,0,0,0,48000,456000,0,0,0,0,0,0,0,0,0,24000,0,0,0,0,0,0,0,0,0,0,0,0,0,0,0,0,0,0,0,0,0,0,0,0,0,0,0,0,0,0,0,0,0,0,0,0,0,0,0,0,0,0,0,0,0,0,0,0,0,0,0,0,0,88931300,0,0,0,0,0,0
"Serbia",0,0,12000,0,0,0,2352000,0,0,0,0,0,0,0,0,0,0,0,0,0,0,720000,0,0,0,0,0,0,0,0,0,0,0,0,0,0,0,0,0,0,0,0,0,0,0,0,0,0,0,0,0,0,0,0,0,0,0,0,0,0,1483157066.66667,0,0,224000,0,0,0,0,0,0,0,0,0,0,0,0,0,0,0,0,0,0,0,0,0,0,0,0,0,0,0,0,0,0,0,0,0,0,0,0,0,0,0,0,0,0,0,0,0,0,0,0,0,0,0,0,0,0,0,26574666.6666667,0,0,0,0,0,0,0,0,0,0,0,0,0,0,0,0,0,0,0,0,0,0,0,0,0,0,0,0,0,0,0,0,0,0,0,0,0,0,0,0,0,0,0,0,0,0,0,0,0,0,0,0,0,0,0,0,0,0,40013333.3333333,0,0,0,0,0,0,0,0,0,0,0,0,748018400,0,0,0
"Montenegro",0,0,0,0,0,0,0,0,0,0,0,0,0,0,0,0,0,0,0,0,0,0,0,0,0,0,0,0,0,0,0,0,0,0,0,0,0,0,60000,0,0,0,0,0,0,0,0,0,0,0,0,0,0,0,0,0,0,0,0,0,43733333.3333333,0,0,0,0,0,0,0,0,0,0,0,0,228000,60000,0,0,0,0,0,0,83500,0,0,0,0,0,0,0,0,0,0,0,0,0,0,0,366333.333333333,0,0,0,0,0,0,0,0,0,0,0,0,0,0,0,0,0,0,0,0,0,0,0,0,0,0,0,3e+05,0,35700,0,0,0,0,0,0,0,0,0,0,0,0,0,0,0,0,0,0,0,0,0,0,0,0,0,0,0,0,0,0,0,0,0,0,0,0,0,0,0,0,0,0,0,0,0,0,0,0,108000,0,0,0,0,0,0,0,0,0,0,0,0,0,122302666.666667,0,0,0,0
"Sudan",0,0,0,0,0,0,0,0,0,0,0,0,0,0,0,0,0,0,0,0,0,0,0,0,0,0,0,0,0,0,0,0,0,0,0,0,0,0,0,0,0,0,0,0,0,0,0,0,0,0,0,0,0,0,0,0,0,0,0,0,0,0,0,0,0,0,0,0,0,0,0,0,0,0,0,0,0,0,0,0,0,0,0,0,0,0,0,0,0,0,0,0,0,0,0,0,0,0,0,0,0,0,0,0,0,0,0,0,0,0,0,0,0,0,0,0,0,0,0,0,0,0,0,0,0,0,0,0,0,0,0,0,0,0,0,0,0,0,0,0,0,0,0,0,0,0,0,0,0,0,0,0,0,0,0,0,0,0,0,0,0,0,0,0,0,0,0,0,0,0,0,0,0,0,0,0,0,0,0,0,0,0,0,0,0,0,0,0,0,0,0,0,0,0,0
"South Sudan",0,0,0,0,0,0,0,0,0,0,0,0,0,0,0,0,0,0,0,0,0,0,0,0,0,0,0,0,0,0,0,0,0,0,0,0,0,0,0,0,0,0,0,0,0,0,0,0,0,0,0,0,0,0,0,0,0,0,0,0,0,0,0,0,0,0,0,0,0,0,0,0,0,0,0,0,0,0,0,0,0,0,0,0,0,0,0,0,0,0,0,0,0,0,0,0,0,0,0,0,0,0,0,0,0,0,0,0,0,0,0,0,0,0,0,0,0,0,0,0,0,0,0,0,0,0,0,0,0,0,0,0,0,0,0,0,0,0,0,0,0,0,0,0,0,0,0,0,0,0,0,0,0,0,0,0,0,0,0,0,0,0,0,0,0,0,0,0,0,0,0,0,0,0,0,0,0,0,0,0,0,0,0,0,0,0,0,0,0,0,0,0,0,0,0
"Occupied Palestinian Territory",0,0,0,0,0,0,0,0,0,0,0,0,0,0,0,0,0,0,0,0,0,0,0,0,0,0,0,0,0,0,0,0,0,0,0,0,0,0,0,0,0,0,0,0,0,0,0,0,0,0,0,0,0,0,0,0,0,0,0,0,0,0,0,0,0,0,0,0,0,0,0,0,0,0,0,0,0,0,0,0,0,0,0,0,0,0,0,0,0,0,0,0,0,0,0,0,0,0,0,0,0,0,0,0,0,0,0,0,0,0,0,0,0,0,0,0,0,0,0,0,0,0,0,0,0,0,0,0,0,0,0,0,0,0,0,0,0,0,0,0,0,0,0,0,0,0,0,0,0,0,0,0,0,0,0,0,0,0,0,0,0,0,0,0,0,0,0,0,0,0,0,0,0,0,0,0,0,0,0,0,0,0,0,0,0,0,0,0,0,0,0,0,0,0,0
