"","1","2","3","4","8","9","10","11","12","13","14","16","17","18","19","20","21","22","23","25","26","27","28","29","32","33","35","37","38","39","40","41","44","45","46","47","48","49","50","52","53","54","55","56","57","58","59","60","61","63","64","66","67","68","70","72","73","74","75","79","80","81","83","84","85","86","89","90","91","93","95","96","97","98","99","100","101","102","103","104","105","106","107","108","109","110","112","113","114","115","116","117","118","119","120","121","122","123","124","126","128","129","130","131","132","133","134","136","137","138","141","143","144","146","147","149","150","151","153","154","155","156","157","158","159","162","165","166","167","168","169","170","171","173","174","175","176","178","179","181","183","184","185","188","189","191","193","194","195","196","197","198","199","200","201","202","203","207","208","209","210","211","212","213","214","215","216","217","219","220","221","222","223","225","226","227","229","230","231","233","234","235","236","237","238","249","250","251","255","256","272","273","276","277","299"
"Armenia",0,0,0,0,0,0,0,0,0,0,0,0,0,0,0,0,0,0,0,0,0,0,0,0,0,31315800,0,0,0,0,0,0,0,0,0,0,0,0,0,0,0,0,0,0,3050400,0,0,0,0,0,0,0,0,82242066.6666667,0,0,3139761233.33333,0,0,18228600,0,0,0,0,0,0,0,0,0,0,0,0,356700,0,0,0,0,140133366.666667,0,0,7380000,36900,0,1814000,0,0,0,0,0,0,0,0,0,4247800,0,16369500,0,0,0,0,0,0,0,0,0,0,0,0,0,0,0,0,0,258300,0,0,0,0,0,0,0,0,0,0,0,0,0,0,0,0,0,0,0,0,0,0,0,0,0,0,0,0,1599982566.66667,0,0,0,0,0,0,0,0,0,0,0,0,0,0,0,0,0,0,91300,0,221400,0,0,0,0,0,0,0,0,0,2233700,0,0,2093100,3554700,246300100,0,0,3161100,0,0,0,0,0,0,51865033.3333333,0,0,0,0,0,0
"Afghanistan",0,0,0,0,0,0,0,2804400,0,0,0,0,0,0,0,0,0,0,0,0,0,0,0,0,0,27703966.6666667,0,0,12300,0,0,123000,0,0,0,0,0,0,0,0,0,0,0,0,0,0,0,0,0,0,0,0,0,0,0,0,0,0,0,7650600,0,0,0,0,0,0,0,0,0,0,0,0,0,0,0,0,24533.3333333333,0,0,0,0,0,0,0,0,0,0,0,0,0,0,36766.6666666667,0,0,0,0,0,0,0,0,0,0,0,0,0,0,0,0,0,0,0,0,0,0,0,0,1230000,0,0,0,0,0,0,0,0,0,0,0,0,0,0,0,0,0,0,0,0,0,0,0,0,0,0,0,0,0,0,0,0,0,0,0,0,36900,0,0,0,0,0,0,135300,147600,0,0,0,0,0,0,0,0,0,0,2632200,23146733.3333333,0,0,0,0,8649866.66666667,0,0,7146300,0,0,0,0,0,0,1143900,0,0,0,0,0,0
"Albania",0,0,0,0,0,0,0,24600,0,0,0,0,0,0,0,0,0,0,0,0,0,285261600,0,0,0,14242400,0,0,0,0,0,0,1119300,0,0,0,0,0,47822400,0,0,0,0,0,0,0,0,0,0,0,0,0,0,78916800,0,0,0,0,0,13542300,106941600,0,0,608862300,0,0,0,0,0,0,0,0,0,157369600,0,0,0,0,0,0,0,254413200,0,0,0,0,0,0,0,0,0,0,0,0,0,12582900,0,0,0,0,0,0,0,0,0,0,5178300,0,0,0,0,0,0,0,0,0,0,0,0,0,0,0,0,0,0,0,0,0,0,0,0,0,0,75497400,15116700,0,0,0,0,0,1843228800,122333.333333333,0,0,0,0,0,46364333.3333333,35829900,0,0,0,23062500,0,0,0,55829700,0,0,0,0,13714500,0,0,0,0,0,0,0,0,0,0,0,0,0,0,441520800,0,94448533.3333333,0,0,0,0,0,0,0,0,0,0,0,191326500,163935800,0,0,0
"Algeria",0,0,0,0,0,0,0,0,0,18585300,0,0,0,0,0,0,14973600,0,0,0,0,0,0,0,0,8224633366.66667,0,0,0,0,0,0,0,0,0,0,0,0,0,0,879185200,0,0,0,0,0,110700,0,0,0,0,0,0,400054833.333333,0,0,0,0,1119281566.66667,0,0,507683333.333333,0,0,0,0,0,0,0,0,0,0,8154566.66666667,0,0,0,0,0,0,12300,0,0,62866300,0,0,0,507657900,0,16309800,0,0,61500,110700,0,0,456514500,0,0,5379021800,0,0,35608500,0,438187500,0,1192669600,6937200,635922200,6863400,0,0,254056500,98400000,0,0,0,707137133.333333,0,0,0,0,0,0,99613300100,0,0,0,0,0,0,0,0,71610600,0,0,0,0,0,42988500,0,0,0,0,0,0,0,0,59236800,24378600,0,0,0,0,0,0,93110933.3333333,2812502933.33333,72016500,0,0,30184133.3333333,1797066.66666667,0,0,0,0,0,143474700,0,0,118584300,312456900,45559033.3333333,15350600,0,0,623466.666666667,0,29994466.6666667,2426666.66666667,0,0,0,0,0,23911200,0,0,14086033.3333333,0,0,0,0,0,0
"Antigua and Barbuda",0,0,0,0,0,0,0,0,0,0,613700,0,0,0,0,0,0,0,0,0,0,0,0,0,0,1008600,0,0,0,0,0,0,0,0,0,0,0,0,0,0,18523800,0,364300,0,0,0,0,0,0,0,0,0,0,0,0,0,0,0,37296666666.6667,0,0,0,0,0,0,73466.6666666667,0,0,0,0,0,0,22266.6666666667,0,0,0,0,0,0,0,0,0,0,0,0,0,0,0,0,0,0,0,0,0,0,0,0,0,0,0,0,0,0,0,0,0,0,0,0,0,0,0,0,0,0,0,0,0,0,0,0,0,0,0,0,0,0,0,0,0,0,0,0,0,0,0,0,0,0,0,0,0,0,0,1439100,0,0,0,7244700,0,0,0,0,0,0,0,0,0,0,0,0,221333.333333333,0,0,0,0,0,0,0,2546100,0,0,0,0,0,0,0,0,147600,0,0,0,0,0,0,0,0,32900,0,0,0,0,0,0,0
"Argentina",0,0,0,511502630000,0,0,1857300,0,0,0,0,1294679746666.67,0,0,1355770307200,0,17968629743966.7,0,0,0,0,0,0,0,0,8981497733.33333,0,0,0,0,2015068795966.67,22841100,409688400,0,0,0,89531700,134869500,0,0,0,0,0,0,0,370537785533.333,0,0,0,0,0,0,0,0,0,0,0,0,0,2865900,0,2.004e+10,0,0,0,0,0,79562140000,0,0,0,0,0,0,0,0,5448929440000,0,0,0,300046200,0,0,0,0,0,0,0,1532030166666.67,0,0,0,0,0,0,0,0,0,0,0,0,0,0,53811853333.3333,0,0,0,0,0,627300,0,718091093333.333,0,0,0,0,4674753066.66667,0,0,0,0,1094700,0,0,581727800000,0,0,81881100,0,0,29991767800,696871708100,119016446666.667,0,0,0,0,0,0,0,0,0,0,0,0,0,0,0,0,0,0,0,0,0,0,0,1415804466.66667,0,0,0,0,0,0,0,0,73604693333.3333,1177493620000,0,0,0,0,0,0,0,554824211333.333,0,0,0,34644933966.6667,0,78551024600,0,4735033333.33333,666004906666.667,3.09451e+11,0,0,0,0,0,0,0,0,0,0
"Australia",0,0,0,0,0,2649733.33333333,0,455100,0,298681544500,0,537464896100,0,0,0,0,0,0,0,50531877566.6667,40425333.3333333,0,898388705300,26208980000,0,2752759766.66667,0,0,786579595033.333,0,336386200,5914099211266.67,2460000,0,0,13769000,9323400,0,0,0,0,0,0,0,0,0,756384651833.333,0,0,0,0,556485393633.333,824100,66321600,8339916200,0,0,0,0,34452300,0,0,148476233.333333,0,0,0,0,0,0,0,0,9621320500,0,0,0,2030869466.66667,7489779366633.33,0,0,356700,990760500,517274409533.333,0,0,0,3294590171200,285057866.666667,0,617644350800,19235466.6666667,0,3680231638633.33,1501986161400,0,2239753366.66667,3546246000,0,0,0,0,922500,35968460000,1.26085e+11,2411584649500,2017200,0,232605300,0,887218566.666667,0,0,0,316497954666.667,0,0,10356600,78471700,0,81629953533.3333,0,2460755933.33333,1585772571933.33,0,0,128345066666.667,12300,292747700,8465800,0,835727648900,305300,0,5054882089700,0,0,0,4490033.33333333,0,116767264333.333,0,0,47345836000,701100,0,0,0,0,621184928133.333,0,157483400,0,0,0,364184463800,0,657376229166.667,528900,0,0,0,0,7244700,0,0,430159701200,225756211200,2091384786300,0,85225766.6666667,0,265904325966.667,0,139831066.666667,562703032800,136956032000,18462300,25619579933.3333,0,4928487533.33333,0,3868500,0,0,5375904187366.67,0,2203544180666.67,0,2.004e+10,134905766.666667,0,897900,0,251697501333.333,0,0
"Austria",1510400,24600,26058900,0,0,0,317398633.333333,0,61166.6666666667,86100,0,0,0,0,12300,0,581666.666666667,0,0,0,0,18156512166.6667,0,0,0,273739700,12300,0,12300,0,13099400,98627766.6666667,36900,0,84198900,0,0,0,8623666633.33333,194791966.666667,0,650921166.666667,0,0,249061666.666667,24600,36900,0,0,40893733.3333333,0,0,374010300,66400051533.3333,0,0,308855733.333333,0,0,749951224833.333,2119876100,36900,0,15550235200,0,0,0,0,12300,0,0,91690766.6666667,69898051833.3333,60081734100,3530100,217400,13468500,31788766.6666667,12300,293780833.333333,100265233.333333,1701712164500,0,405479533.333333,12300,100856733.333333,1746600,12393966.6666667,3111900,0,0,122433.333333333,12189300,243990700,0,39021366.6666667,0,0,73694266.6666667,2675783500,0,295200,0,141342866.666667,362362766.666667,0,68945966.6666667,0,12300,36900,583900,4145100,24366.6666666667,29742600,2622133.33333333,0,46027010433.3333,0,0,7578849533.33333,0,32895300,0,0,30894466.6666667,2460657100,86100,0,100417667300,12300,24600,28880400,23626900,41713328433.3333,82769233.3333333,0,0,0,221400,0,34630922666.6667,0,1190116900,0,0,0,0,18087700,0,12300,0,78306922433.3333,22755502466.6667,24768666.6666667,0,213058600,4290786866.66667,0,0,0,635442100,227699598933.333,0,22652900,6520466.66666667,0,110100,122333.333333333,0,0,73300,36900,114778066.666667,223841766.666667,0,0,41288538400,760339966.666667,165363933.333333,133600,8400900,1353000,0,69061000,0,0,61500,0,21974805600,3016948900,25209505000,659259500,0,0,0
"Bahamas",0,0,0,0,0,0,0,0,0,0,0,0,0,0,0,0,0,0,0,0,0,0,0,0,0,0,0,0,0,0,0,0,0,0,0,0,0,0,0,0,0,0,0,0,0,0,0,0,0,0,0,0,0,0,0,0,0,0,0,0,0,0,0,0,0,0,0,0,0,0,0,0,0,0,0,0,0,0,0,0,0,0,0,0,0,0,0,0,0,0,0,0,0,0,0,0,0,0,0,0,0,0,0,0,0,0,0,0,0,0,0,0,0,0,0,0,0,0,0,0,0,0,0,0,0,0,0,0,0,0,0,0,0,0,0,0,0,0,0,0,0,0,0,0,0,0,0,0,0,0,0,0,0,0,0,0,0,0,0,0,0,0,0,0,0,0,0,0,0,0,0,0,0,0,0,0,0,0,14010033.3333333,0,0,0,0,0,0,0,0,0,0,0,0,0,0,0,0
"Bahrain",0,528900,0,0,157733.333333333,0,11630055900,0,72800,0,0,0,0,0,0,0,0,0,0,0,0,0,0,0,0,2681400,0,0,123000,0,0,15325800,0,0,0,0,0,0,145600,0,0,167000,0,0,0,0,123000,0,0,0,0,0,0,0,0,0,0,0,0,123000,0,0,0,922133.333333333,0,0,0,0,0,0,0,128783966.666667,0,0,0,12133.3333333333,48866.6666666667,0,818546866.666667,0,0,0,25584000,0,1857300,0,3700368900,0,276417900,0,0,9311100,3676935533.33333,0,0,1167577500,0,2204000,56506200,0,0,0,0,1472592566.66667,0,0,900033.333333333,0,0,0,0,0,583020000,0,0,0,157733.333333333,0,0,0,305000,2003891400,0,0,0,0,0,3312566.66666667,0,0,0,0,760447500,24600,0,0,0,0,0,0,0,0,0,0,0,0,0,59954858433.3333,9913800,9520200,0,0,0,249060033.333333,0,10661221800,0,0,0,3001200,0,170033.333333333,0,0,1145080800,26420400,35989800,0,0,0,4430018500,0,85100,15915968466.6667,0,24600,416366.666666667,0,166206566.666667,0,0,0,0,0,0,481544333.333333,0,111142800,17748900,0,0,0,12233.3333333333,0,1752233400
"Barbados",0,0,0,0,463634933.333333,0,0,0,13514900,0,0,0,0,0,0,0,0,0,196509100,0,0,0,0,0,0,458403833.333333,0,0,0,0,0,0,0,0,0,0,12300,24600,0,0,0,0,171042866.666667,24600,0,0,0,0,0,0,0,0,0,24600,0,0,0,8892900,0,0,0,0,0,0,0,336256800,0,0,9931195466.66667,0,0,0,0,0,0,0,0,0,0,0,0,0,0,0,2938838100,0,0,0,0,0,0,0,0,0,0,0,0,0,0,0,0,0,0,0,0,0,0,0,0,0,0,0,0,0,0,0,0,0,0,0,0,0,0,0,0,0,0,18142500,0,0,0,0,0,0,0,0,0,0,0,0,0,0,0,159953666.666667,2053588233.33333,302615866.666667,0,0,0,0,0,0,0,0,0,0,0,553336100,0,0,0,172200,0,0,0,0,0,0,0,1303470366.66667,0,0,24266.6666666667,12300,0,0,147068700,0,2765906033.33333,0,0,0,0,0,0,0,0,0,0,0,0,0,0,0,0
"Bangladesh",0,46518600,0,0,0,0,2459094566.66667,2386200,0,1000446233.33333,0,0,0,0,3640800,0,0,0,0,0,331132733.333333,0,409196666.666667,0,0,531491200,17392200,0,49200,0,0,156591200,0,52541700,0,0,0,0,364687600,0,179432400,178300,0,0,0,0,73800,123000,0,0,0,68907033.3333333,49098733.3333333,227612266.666667,0,0,0,0,108486000,22256633.3333333,0,110240266.666667,0,119150100,0,0,12300,0,0,0,8300,133947000,0,0,0,39672201700,172200,0,0,40921300,0,1289417100,332201133.333333,0,6100800,336038600,206673566.666667,0,5719500,212360833.333333,0,233273000,377794066.666667,0,5399700,74047633.3333333,0,0,0,0,0,152704500,0,16674161100,105543066.666667,0,0,177894900,660408133.333333,0,3155500,0,647551666.666667,0,12233.3333333333,3101455966.66667,124657866.666667,0,0,0,0,84081800,0,348200700,0,24600,16678800,0,0,0,0,0,474716533.333333,0,193659466.666667,0,0,0,3232613200,0,0,0,12300,0,0,0,0,27922943933.3333,3493200,0,0,0,0,3061672266.66667,0,427343533.333333,0,11817633.3333333,0,5543400,85472233.3333333,14322566.6666667,0,0,0,0,102866.666666667,17359200,0,2296466.66666667,2133201666.66667,0,0,12746594800,0,0,13183481433.3333,33400,9202255966.66667,54456300,0,0,247651600,1303800,3025800,0,10712400,0,462478300,0,0,0,0,0,0
"Bermuda",0,0,0,0,0,0,0,0,0,0,0,0,0,0,0,0,0,0,0,0,0,0,0,0,0,0,0,0,0,0,0,0,0,0,0,0,0,0,0,0,0,0,0,0,0,0,0,0,0,0,0,0,0,0,0,0,0,0,0,0,0,0,0,0,0,0,0,0,0,0,0,0,0,0,0,0,0,0,0,0,0,0,0,0,0,0,0,0,0,0,0,0,0,0,0,0,0,0,0,0,0,0,0,0,0,0,0,0,0,0,0,0,0,0,0,0,0,0,0,0,0,0,0,0,0,0,0,0,0,0,0,0,0,0,0,0,0,0,0,0,0,0,0,0,0,0,0,0,0,0,0,0,0,0,0,0,0,0,0,0,0,0,0,0,0,0,0,0,0,0,0,0,0,0,0,0,0,0,0,0,0,0,0,0,0,0,0,0,0,0,0,0,0,0,0
"Bhutan",0,0,0,0,0,0,0,0,0,0,0,0,0,0,0,0,0,0,0,0,0,0,0,0,0,10713300,0,0,0,0,0,0,0,0,0,0,0,0,0,0,0,0,0,0,0,0,0,0,0,0,0,0,0,0,0,0,0,0,0,0,0,0,0,0,0,0,0,0,0,0,0,0,0,0,0,0,0,0,0,0,0,0,0,0,0,0,0,0,0,0,0,0,0,0,0,0,0,0,0,0,0,0,0,0,0,0,0,0,0,0,0,0,0,0,0,0,0,0,0,0,0,0,0,0,0,0,0,0,0,0,0,0,0,0,0,0,0,0,0,0,0,0,0,0,0,0,0,0,0,0,0,0,0,36900,0,0,0,0,0,0,0,0,0,0,0,0,119300,0,0,0,0,0,0,134600,0,0,0,0,0,0,0,0,0,0,0,0,0,0,0,0,0,0,0,0,0
"Bolivia (Plurinational State of)",0,0,0,0,0,15414866.6666667,0,0,0,0,0,0,0,0,0,0,54707466.6666667,0,0,0,0,0,0,0,0,32718000,0,0,0,0,5372325933.33333,0,0,0,0,0,7404600,0,0,0,0,0,0,0,0,0,0,0,0,0,0,0,0,0,0,0,0,0,0,3185700,0,0,0,0,0,0,161528933.333333,0,0,0,0,861000,0,0,0,0,0,0,0,0,356700,121333.333333333,0,0,0,0,0,0,0,0,0,0,110700,0,0,0,0,0,0,0,0,0,0,0,0,0,0,0,0,92975700,0,0,0,0,0,0,0,0,0,0,0,0,0,0,0,24600,0,73800,0,0,1069804266.66667,3261787800,0,0,0,0,0,0,110700,0,0,0,1033200,0,0,0,0,0,0,0,0,0,0,0,0,381300,22257533.3333333,0,0,0,0,0,0,0,0,0,0,0,0,0,0,0,0,1328400,0,0,0,0,214103633.333333,0,949301300,0,0,0,0,0,0,0,21069900,0,0,0,0,0,0
"Botswana",0,0,0,0,0,0,0,0,0,0,0,0,0,0,0,0,0,0,0,0,0,0,0,0,0,0,0,0,0,0,0,0,0,0,0,0,0,0,0,0,0,0,0,0,0,0,0,0,0,0,0,0,0,0,0,0,0,0,0,0,0,0,0,0,0,0,0,0,0,0,0,0,0,0,0,12300,0,0,0,0,0,0,0,0,0,0,0,0,0,0,0,0,0,0,0,0,0,0,0,0,0,0,0,0,0,0,0,0,0,0,0,0,0,0,2531118300,0,0,0,0,0,0,0,0,0,0,0,0,0,0,0,0,0,0,0,0,0,0,0,0,266199333.333333,0,0,0,0,0,0,0,0,0,0,0,0,0,0,0,868163300,0,0,0,0,0,0,0,0,0,0,0,0,0,0,0,0,0,0,0,0,12300,0,0,0,0,0,0,0,0,0,0,0,0,0,0,0,0,0,0
"Brazil",0,61000,0,0,19904133.3333333,4724604033.33333,170760900,24600,87929800,22757566.6666667,8155733.33333333,770900,0,0,2513071066.66667,0,0,0,16901600,0,0,208766.666666667,0,0,41080800,467325333.333333,919020166.666667,0,182000,0,13683019366.6667,288200433.333333,2319417666.66667,377566.666666667,98133.3333333333,49200,652213166.666667,4826181800,110687100,0,0,53820333.3333333,0,1038597500,9089700,302402200,5629800,13013358900,1744841100,0,267266.666666667,41008500,0,104019633.333333,0,340566.666666667,0,214621000,25349600,104844600,3790900,174775500,881500,133310366.666667,0,0,190565700,8179500,508599533.333333,52373400,627040433.333333,437940733.333333,60920966.6666667,767500,293866.666666667,17834166.6666667,673324330766.667,5919633.33333333,26390000,3516200,60271855800,52621300,24144766.6666667,0,48643600,1067665200,17894233.3333333,0,38019300,0,147600,70198396666.6667,934800,356100,0,110625133.333333,0,448384733.333333,727823066.666667,4648666.66666667,613666.666666667,66069300,0,735300,1906500,11502200,201521266.666667,36900,150587700,496047233.333333,7833766.66666667,50520657066.6667,1352778566.66667,0,0,0,114115800,0,19434500,0,829600,19170800,494201700,0,125349300,74240566.6666667,138819695166.667,1354443900,0,14919900,40939411866.6667,3936958266.66667,244562055566.667,33623066.6666667,1344442600,27912400,0,0,59719500,0,134340600,0,245866.666666667,0,354606073100,22085533.3333333,185545500,69747786866.6667,35273966.6666667,34701000,168485400,0,15079800,214576000,6494400,322640700,56145066.6666667,240148566.666667,0,171166.666666667,735466.666666667,720998900,0,0,14065900,0,71374136600,832433.333333333,0,100448033.333333,667660700,0,130215866.666667,421247333.333333,1968000,561166.666666667,270019700,77412533.3333333,36589615566.6667,123000,38031368000,0,164686846900,714394183666.667,369000,650227200,285934300,0,27868400,741366.666666667,0,2493433.33333333,23156233.3333333,18942000,61635754733.3333
"Aruba",0,0,0,0,0,0,0,0,0,0,0,0,0,0,0,0,0,0,0,0,0,0,0,0,0,0,0,0,0,0,0,0,0,0,0,0,0,0,0,0,0,0,0,0,0,0,0,0,0,0,0,0,0,0,0,0,0,0,0,0,0,0,0,0,0,0,0,0,0,0,0,0,0,0,0,0,0,0,0,0,0,0,0,0,0,0,0,0,0,0,0,0,0,0,0,0,0,0,0,0,0,0,0,0,0,0,0,0,0,0,0,0,0,0,0,0,0,0,0,0,0,0,0,0,0,0,0,0,0,0,0,0,0,0,0,0,0,0,0,0,0,0,0,0,0,0,0,0,0,0,0,0,0,0,0,0,0,0,0,0,0,0,0,0,0,0,0,0,0,0,0,0,0,0,0,0,0,0,0,0,0,0,0,0,0,0,0,0,0,0,0,0,0,0,0
"Belize",0,0,0,0,0,0,0,0,0,0,0,0,0,0,0,0,0,0,0,0,0,0,0,0,0,0,0,0,0,0,0,0,0,0,0,0,0,0,0,0,0,5682600,0,0,0,0,0,0,0,0,0,0,0,0,0,0,0,0,0,0,0,0,0,0,0,270600,0,0,0,0,0,0,0,0,0,0,0,0,0,0,0,0,0,0,0,0,0,0,0,0,0,0,0,0,0,0,0,0,0,0,0,0,0,0,0,0,0,0,0,0,0,0,0,0,0,0,0,0,0,0,0,0,0,0,0,0,0,0,0,0,0,0,0,0,0,0,0,0,0,0,0,0,0,0,0,0,0,0,0,0,0,0,0,0,0,0,0,0,0,0,0,0,0,0,0,0,0,0,0,0,0,0,0,0,0,0,0,0,25768500,0,0,0,0,0,0,0,0,0,0,0,0,0,0,0,0
"Solomon Islands",0,0,0,0,0,0,0,0,0,0,0,0,0,0,0,0,0,0,0,0,0,0,0,0,0,0,0,0,0,0,0,0,0,0,0,0,0,0,0,0,0,0,0,0,0,0,0,0,0,0,0,0,0,0,0,0,0,0,0,0,0,0,0,0,0,0,0,0,0,0,0,0,0,0,0,0,0,0,0,0,0,0,0,0,0,0,0,0,0,0,0,12300,0,0,0,0,0,0,0,0,0,0,0,0,0,0,0,0,0,0,0,0,0,0,0,0,0,0,0,0,0,0,0,0,0,0,0,0,0,0,0,0,0,0,0,0,0,0,0,0,0,0,0,0,0,0,0,0,0,0,0,0,0,0,0,0,0,0,0,0,0,0,0,0,0,0,0,0,0,0,0,0,12133.3333333333,0,0,0,0,0,0,0,0,0,0,0,0,0,0,0,0,0,0,0,0,0,0
"Brunei Darussalam",0,0,0,0,0,0,0,0,0,0,0,0,0,0,0,0,0,0,0,0,0,0,0,0,0,36900,0,0,0,0,0,17048000,0,0,0,0,0,0,0,0,0,0,0,0,0,0,0,0,0,0,0,0,0,12300,0,0,0,0,0,0,0,0,0,0,0,0,0,0,0,0,0,0,0,0,0,0,184433.333333333,0,0,0,0,0,0,0,0,49200,0,0,0,0,0,0,0,0,0,0,0,0,0,0,0,0,0,1428394433.33333,0,0,0,0,0,0,0,0,0,0,0,0,0,0,0,0,0,0,0,0,0,0,0,0,0,0,0,0,0,0,0,0,0,0,0,0,0,0,0,0,0,0,0,24846000,0,0,0,0,0,2880933.33333333,0,0,0,0,0,0,0,0,0,0,12300,0,0,0,0,0,0,0,0,1411000,0,0,49200,0,24600,0,0,0,0,0,0,0,0,0,0,0,0,0,0,0,0
"Bulgaria",240774233.333333,0,12882636100,9.0013e+10,0,6656600,263389900,652312100,0,42222300,0,133208028433.333,0,0,0,0,169593300,0,0,0,0,0,1353000,0,0,394642900,0,0,0,0,49386100,361300900,59608500,0,2091000,0,74527300,0,44877457366.6667,389957733.333333,1468000,817975933.333333,0,5395000,1552332066.66667,12616000,103249568833.333,15942500,0,168485400,0,0,77565600,143412370033.333,0,713400,1803007333.33333,2285000,0,62707440400,6618133600,0,0,1916142633933.33,0,0,0,0,0,0,0,9220700,6380947166.66667,9069434900,12300,40395000,579961862000,86924633.3333333,2045083833.33333,215235358633.333,583217218233.333,710457818566.667,0,6002400,0,1047657500,62136204200,0,0,1881900,0,713670735866.667,65999900,737705400,0,409932146600,0,0,673795797700,2404384600,0,0,0,166397400,13881100,824100,515114566.666667,13689900,122171900,3251321500,38917200,150432517266.667,17798100,419224900,0,0,404744187233.333,0,0,17681524266.6667,0,103887100,0,0,34218600,52935066.6666667,369664520000,88121100,2913012233.33333,0,48729300,15371600,880535422400,5200616900,420850903166.667,0,0,0,103252900,0,1534021687766.67,0,1784977700,0,0,0,0,1240348266.66667,13658373333.3333,11168400,0,2663548600,4095222600,15077300,0,273678300,2836061383966.67,0,0,0,316137333.333333,32960600,101582292400,0,31277800,0,302658330666.667,0,0,17982600,51308200,623962922933.333,326567979300,639595100,0,0,11483407100,2336180200,10473428333.3333,0,220855200,0,0,288889603500,89066666666.6667,46312305533.3333,4760100,0,12225828500,0,85407230766.6667,2547812000,230963783333.333,0,58577900
"Myanmar",0,0,0,0,0,0,0,0,0,0,0,0,0,0,0,0,0,0,0,0,0,0,0,0,0,0,0,0,0,0,0,0,0,0,0,0,0,0,0,0,0,0,0,0,0,0,0,0,0,0,0,0,0,0,0,0,0,0,0,0,0,0,0,0,0,0,0,0,0,0,0,0,0,0,0,0,0,0,0,0,0,0,0,0,0,0,0,0,0,0,0,0,0,0,0,0,0,0,0,0,0,0,0,0,0,0,0,0,0,0,0,0,0,0,0,0,0,0,0,0,0,0,0,0,0,0,0,0,0,0,0,0,0,0,0,0,0,0,0,0,0,0,0,0,0,0,0,0,0,0,0,0,0,0,0,0,0,0,0,0,0,0,0,0,0,0,0,0,0,0,0,0,0,0,0,0,0,0,0,0,0,0,0,0,0,0,0,0,0,0,0,0,0,0,0
"Burundi",0,0,0,0,0,0,0,0,0,0,0,0,0,0,0,0,0,0,0,0,0,0,0,0,0,0,0,0,0,0,0,0,0,0,73800,0,0,0,0,0,0,0,0,0,0,0,0,0,0,0,0,0,0,0,0,0,0,0,0,0,0,0,0,0,0,0,0,0,0,0,0,0,0,0,0,0,0,0,0,0,0,0,0,0,0,0,0,0,265076933.333333,0,0,0,0,0,0,0,0,0,0,0,0,0,0,0,0,0,0,0,0,0,0,0,0,0,0,0,0,0,0,0,0,0,0,0,0,0,0,0,0,0,0,0,0,0,0,0,0,0,0,0,0,33465066.6666667,0,0,0,0,0,0,0,0,0,0,0,0,0,611666.666666667,0,0,0,0,0,0,0,0,0,3542933.33333333,0,0,0,0,0,0,0,0,0,0,0,0,1201200,0,0,0,0,0,0,0,53997187666.6667,0,610866.666666667,0,0,0,0,0,0
"Cameroon",0,0,0,0,0,0,0,0,0,0,0,0,0,0,0,0,0,0,0,0,0,0,0,0,0,1126333.33333333,0,27250884966.6667,0,0,0,0,0,0,2946746166.66667,0,0,0,110100,0,0,0,0,0,0,0,12300,0,0,0,0,0,762600,195633.333333333,0,0,0,0,0,0,0,0,0,0,0,0,0,0,0,0,0,0,0,0,0,0,0,0,0,0,0,121333.333333333,0,0,0,0,0,0,0,0,0,24600,48933.3333333333,0,0,0,0,0,0,0,0,0,0,0,0,0,0,0,0,0,0,0,0,0,0,0,0,0,0,0,0,0,0,0,0,0,0,0,0,0,0,0,0,0,0,0,0,0,0,0,0,0,0,0,0,0,0,0,690000,0,0,0,0,0,0,0,0,0,0,0,0,734200,0,0,0,24600,0,0,0,0,0,0,12133.3333333333,12300,0,0,28290000,196800,11635800,0,0,0,0,0,12300,0,0,0,75494200,0,0,0,0,0,0
"Canada",0,0,0,2847144033333.33,23468900,588296700,1094904273833.33,18794400,9096437333.33333,240944500,537848266.666667,3716954626666.67,0,0,3341113333.33333,0,266269505466.667,0,5922800,0,12951900,0,101041680000,8572666666.66667,510993403000,0,0,0,1144505553333.33,0,1184340764466.67,7175867905800,4470265970766.67,5568893333.33333,0,0,653598093533.333,278156913966.667,0,0,0,1282560000,41742300,970425359100,0,2607979111633.33,113501544366.667,220481264200,0,0,0,1426800,25497900,23869758900,180231900,1230000,0,5568893333.33333,0,3766744933.33333,0,1402999280433.33,0,2130006666.66667,0,23616000,498943512766.667,455100,9658255900,245518388800,33644600,1806533766.66667,0,0,1549750866.66667,1456736866.66667,7003165774433.33,0,58209452266.6667,944652300,167847597666.667,4163938717700,59768102466.6667,276106666.666667,10260533033.3333,6236186153300,219152500,0,388634520200,0,0,1066770774100,198139233933.333,2.1543e+10,138190033.333333,35466648266.6667,0,695766.666666667,84780883166.6667,1599000,33400,0,60236900000,623272306533.333,27281400,31752266666.6667,0,15586666666.6667,35411700,2234256051366.67,0,3041271827233.33,513584006666.667,0,24504466666.6667,1325161866.66667,28774042133.3333,0,16026400,0,0,13919909266.6667,82401402433.3333,0,2946748602966.67,0,0,11209641933.3333,0,0,13530000,4961013152833.33,488364922600,2693566.66666667,72385753233.3333,0,0,0,51291248900,9520113333.33333,0,25605553333.3333,3340000,3865000,3343472766.66667,93040966.6666667,0,66146532833.3333,69162505633.3333,4219000,1378900,0,0,62002755966.6667,1104133.33333333,299287935533.333,267502689733.333,5473500,0,0,339692200,1175194466.66667,0,12248893333.3333,76287194033.3333,124273606666.667,833366384066.667,158774693333.333,0,28435043833.3333,126188364166.667,734112739333.333,1263212408533.33,950232165666.667,30783666666.6667,0,1558775646233.33,113167833.333333,8942154500600,8584025266.66667,0,0,507987604933.333,728596422166.667,0,8937300,0,430500,576138883266.667,0,0,0,191967613333.333,0,0
"Cape Verde",0,0,0,0,0,0,0,0,0,0,0,0,0,0,0,0,0,0,0,0,0,0,0,0,0,0,0,0,0,0,0,0,0,0,0,0,0,0,0,0,0,0,0,0,0,0,0,0,0,0,0,0,0,0,0,0,0,0,0,0,0,0,0,0,0,0,0,0,0,0,0,0,0,0,0,0,0,0,0,0,0,0,0,0,0,0,0,0,0,0,0,0,0,0,0,0,0,0,0,0,0,0,0,0,0,0,0,0,0,0,0,0,0,0,0,0,66321600,0,0,0,0,0,0,0,0,0,0,0,0,0,0,0,0,0,100404900,372190000,0,0,0,0,0,0,0,0,0,0,0,0,0,0,0,0,0,0,0,0,0,0,0,0,0,0,0,0,0,0,0,0,0,0,0,0,0,0,0,0,0,0,275655300,0,0,0,0,0,0,0,0,0,0,12300,0,0,0,0,0
"Central African Republic",0,0,0,0,0,0,0,0,0,0,0,0,0,0,0,0,0,0,0,0,0,0,0,0,0,0,0,0,0,0,0,0,0,0,0,0,0,0,0,0,0,0,0,0,0,0,0,0,0,0,0,0,0,0,0,0,0,0,0,0,0,0,0,0,0,0,0,0,0,0,0,0,0,0,0,0,0,0,0,0,0,0,0,0,0,0,0,0,0,0,0,0,0,0,0,0,0,0,0,0,0,0,0,0,0,0,0,0,0,0,0,0,0,0,0,0,0,0,0,0,0,0,0,0,0,0,0,0,0,0,0,0,0,0,0,0,0,0,0,0,0,0,0,0,0,0,0,0,0,0,0,0,0,0,0,0,0,0,0,0,0,0,0,0,0,0,0,0,0,0,0,0,0,0,0,0,0,0,0,0,0,0,0,0,0,0,0,0,0,0,0,0,0,0,0
"Sri Lanka",0,0,0,0,0,0,1133552300,0,0,137586200,0,0,0,0,0,895433.333333333,0,0,69593400,30330533.3333333,0,16334400,634943933.333333,0,0,1429613100,155865600,0,0,0,0,386002800,0,0,0,0,0,0,33143700,0,73554000,6245100,0,0,12300,0,0,0,0,0,0,61918200,0,438746366.666667,44722800,0,0,0,1197897000,376474900,0,7283162100,0,0,0,0,7650600,29421600,319800,4480233.33333333,0,11255180500,0,0,0,7803102166.66667,0,0,33788100,5781000,0,458946233.333333,408163200,0,0,320803966.666667,281174533.333333,0,37478033.3333333,13486999500,0,234992200,455236733.333333,0,0,28999733.3333333,0,618997500,0,0,0,0,0,65434893433.3333,69251087466.6667,0,25251900,0,87133200,0,6888000,0,0,0,0,0,239420033.333333,0,7047900,1549800,24317100,348122633.333333,0,0,43763400,24337966.6666667,109273200,0,2054100,109101000,0,0,1610663600,0,16600,738676500,0,0,1535856633.33333,0,0,0,0,0,39310800,0,0,181171133.333333,220342200,2855780300,2189855100,0,0,72334023300,6654300,140662800,0,0,0,0,2654966.66666667,265114133.333333,0,0,0,0,51592874666.6667,202261200,3702300,52287300,128471966.666667,0,0,1249189233.33333,0,0,2649405666.66667,0,1434920766.66667,19680000,0,0,0,2865900,0,119556000,0,5126500,7194100,0,1881900,0,0,0,0
"Chad",0,0,0,0,0,0,0,0,0,0,0,0,0,0,0,0,0,0,0,0,0,0,0,0,0,0,0,0,0,0,0,0,0,0,0,0,0,0,0,0,0,0,0,0,0,0,0,0,0,0,0,0,0,0,0,0,0,0,0,0,0,0,0,0,0,0,0,0,0,0,0,0,0,0,0,0,0,0,0,0,0,0,0,0,0,0,0,0,0,0,0,0,0,0,0,0,0,0,0,0,0,0,0,0,0,0,0,0,0,0,0,0,0,0,0,0,0,0,0,0,0,0,0,0,0,0,0,0,0,0,0,0,0,0,0,0,0,0,0,0,0,0,0,0,0,0,0,0,0,0,0,0,0,0,0,0,0,0,0,0,0,0,0,0,0,0,0,0,0,0,0,0,0,0,0,0,0,0,0,0,0,0,0,0,0,0,0,0,0,0,0,0,0,0,0
"Chile",0,0,0,0,0,78253866.6666667,2386200,0,0,0,0,0,0,0,2136410900,0,590731100,0,0,0,0,0,0,0,0,5245666.66666667,0,0,0,0,0,381300,3635335766.66667,0,0,0,731676966.666667,1366527100,0,0,0,0,0,327967433.333333,0,524255666.666667,0,257097500,0,0,0,0,0,0,496046733.333333,0,0,0,0,1202400,0,0,0,0,0,0,1086486933.33333,0,0,4008914733.33333,935217133.333333,0,0,0,0,0,0,0,0,0,0,0,0,0,0,1211100,0,0,0,0,0,0,0,0,0,0,0,0,0,0,0,0,0,0,0,0,0,0,0,113574500,0,0,0,0,0,0,0,0,0,0,0,184500,582239533.333333,0,0,0,0,209169400,0,0,4328346500,7685127766.66667,0,0,0,0,0,0,0,0,0,0,0,0,0,0,0,0,0,0,0,0,0,0,0,0,32165466.6666667,0,0,0,0,0,0,0,0,0,0,0,0,0,0,0,127226666.666667,0,0,0,98166.6666666667,0,4040816033.33333,0,951206133.333333,0,3700748766.66667,0,0,0,0,0,0,0,0,0,0,0,0
"China (mainland)",0,3271998000,12127800,0,20590200,330746400,22149379000,33382400,71712166.6666667,116407200,0,121548600,0,3407100,72360900,0,4731580966.66667,0,0,33603600,95238900,11598900,10733024866.6667,0,14268000,10335029200,5043000,0,93024900,0,4546276233.33333,0,991980900,23969966.6666667,255729300,0,335900700,45333800,72805233.3333333,75718800,1782784400,218208366.666667,0,598308333.333333,124264866.666667,403126800,271516466.666667,82053300,0,28070600,0,198325200,142221066.666667,2875974166.66667,103443000,0,30865600,7429200,513844800,2966680600,0,9262803866.66667,12152400,207843400,0,0,567300600,1513687200,30588966.6666667,523918500,279935700,343678252766.667,54421800,9594000,1869600,1268047366.66667,6871192633.33333,904177900,1474655966.66667,335947000,3036793533.33333,3569812500,205373100,916819900,2936000,102996857166.667,465289966.666667,1988213133.33333,221563133.333333,1963971000,408274974900,31033949633.3333,270257333.333333,14402400,581514266.666667,1339920533.33333,0,273146100,371386200,177272900,26296452266.6667,303823500,0,36820555200,621988600,0,136134166.666667,0,1752196600,6487949533.33333,3519019866.66667,498940700,934800,615000,0,1269454400,5959109833.33333,0,117526500,0,0,4071482500,35928300,1027600,4764493433.33333,288053700,489082500,798781833.333333,41700500,9206451600,528629400,1355887066.66667,17132695466.6667,446616066.666667,1363211400,52779300,330300,0,419282400,30945000,664408233.333333,738000,15810453100,0,22238400,0,0,7115371833.33333,27306000,6352800,316971000,664200,26913333.3333333,12490981966.6667,3075000,947440566.666667,2981180366.66667,18917400,39238200,0,890323066.666667,125963500,0,3075000,103671666.666667,193688100,40344644266.6667,5280968100,12300,91488900,30342933.3333333,12349133.3333333,2848281600,1728370366.66667,17047800,0,16594664033.3333,646354033.333333,46460240900,116431800,751246600,333869600,247365300,33967032266.6667,10244017166.6667,218128200,181463166.666667,15719400,1798751100,0,42253933.3333333,5707200,165092033.333333,9384633.33333333,226443000
"Colombia",0,0,0,0,164487900,165435000,428955033.333333,0,0,0,125533800,0,0,0,866633400,0,2195193300,0,0,0,0,0,0,0,295200,1985361500,10737900,0,0,0,3893620933.33333,344400,0,0,392985000,0,3266905133.33333,6564981800,0,0,30085800,0,132312100,4220265300,0,26836982600,0,966692966.666667,19237200,0,0,824100,0,731493300,53112966.6666667,0,0,570547800,0,98066.6666666667,0,482418300,0,17097000,0,78535500,3665140966.66667,71364600,473586900,20210720400,329935200,363821700,0,0,0,0,0,0,0,0,589309000,2004900,39175500,0,1343799600,0,0,0,0,0,0,91155300,0,0,0,0,0,0,0,0,0,0,0,0,0,70663500,0,0,1476000,18303000,0,0,0,0,0,0,569084100,0,0,0,0,4051600,24021900,0,2221527600,0,0,8367981066.66667,0,0,196800,8534902366.66667,121333.333333333,0,22373700,0,0,0,0,0,86100,0,86100,118067700,272580300,103393800,1045500,615000,2730600,0,1254181800,0,49200,398274000,0,77920500,5189529333.33333,1845774900,0,0,23517600,651900,0,0,0,0,0,16617300,0,795546966.666667,0,0,0,3456300,0,0,345824633.333333,0,34397174400,49187700,0,0,52546293200,170502600,0,0,0,0,0,0,0,0,0,0,0
"Comoros",0,0,0,0,0,0,0,0,0,0,0,0,0,0,0,0,0,0,0,0,0,0,0,0,0,0,0,0,0,0,0,0,0,0,0,0,0,0,0,0,0,0,0,0,0,0,0,0,0,0,0,0,0,0,0,0,0,0,0,0,0,0,0,0,0,0,0,0,0,0,0,0,0,0,0,0,0,0,0,0,0,0,0,0,0,0,0,0,0,0,0,0,0,0,0,0,0,0,0,0,0,0,0,0,0,0,0,0,0,0,0,0,0,0,0,0,0,0,0,0,0,0,0,0,0,0,0,0,0,0,0,0,0,0,0,0,0,0,0,0,0,0,0,0,0,0,0,0,0,0,0,0,0,0,0,0,0,0,0,0,0,0,0,0,0,0,0,0,0,0,0,0,0,0,0,0,0,0,0,0,0,0,0,0,0,0,0,0,0,0,0,0,0,0,0
"Congo",0,0,0,0,0,0,0,0,0,0,0,0,0,0,0,0,0,0,0,0,0,0,0,0,0,0,0,1302133.33333333,0,0,0,0,0,0,0,0,0,0,0,0,0,0,0,0,0,0,0,0,0,0,0,0,0,1463700,0,0,0,8610000,0,0,0,0,0,0,0,0,0,0,0,0,0,0,0,0,0,0,0,0,0,0,0,0,0,0,0,0,0,0,0,0,0,0,0,0,0,0,0,0,0,0,0,0,0,0,0,0,0,0,0,0,0,0,0,0,0,0,0,0,0,0,0,0,0,0,0,0,0,0,0,0,0,0,0,0,0,0,0,0,0,0,0,0,0,0,0,0,0,0,0,0,0,0,0,0,0,0,0,0,0,0,0,12300,0,0,0,0,0,0,0,0,0,0,0,0,0,0,328100,0,0,0,0,0,0,0,0,0,239333.333333333,0,0,0,0,0,0,0,0
"Cook Islands",0,0,0,0,0,0,0,0,0,0,0,0,0,0,0,0,0,0,0,0,0,0,0,0,0,0,0,0,0,0,0,0,0,0,0,0,0,0,0,0,0,0,0,0,0,0,0,0,0,0,0,0,0,0,0,0,0,0,0,0,0,0,0,0,0,0,0,0,0,0,0,0,0,0,0,0,0,0,0,0,0,0,0,0,0,0,0,0,0,0,0,0,0,0,0,0,0,0,0,0,0,0,0,0,0,0,0,0,0,0,0,0,0,0,0,0,0,0,0,0,0,0,0,0,0,0,0,0,0,0,0,0,0,0,0,0,0,0,0,0,0,0,0,0,0,0,0,0,0,0,0,0,0,0,0,0,0,0,0,0,0,0,0,0,0,0,0,0,0,0,0,0,0,0,0,0,0,0,0,0,0,0,0,0,0,0,0,0,0,0,0,0,0,0,0
"Costa Rica",0,0,0,0,15104400,0,0,0,43244833.3333333,0,2014894500,0,0,0,0,0,0,0,497281833.333333,0,0,0,0,0,0,427002933.333333,0,0,0,0,5128579633.33333,12300,3231897366.66667,0,0,0,0,100626300,0,0,0,0,0,11493144666.6667,0,90884700,0,21874798200,0,0,0,0,0,2064518100,0,0,0,0,0,0,0,0,0,0,0,0,69271421633.3333,0,797780300,0,20590373433.3333,1193100,0,0,0,0,0,0,0,0,0,11205300,0,0,2720263200,0,0,0,0,0,0,0,0,0,0,0,0,0,0,12300,0,0,0,0,0,0,0,0,0,1298753533.33333,0,0,0,0,0,0,16223700,0,0,0,0,0,71650704566.6667,0,0,0,0,33701247666.6667,0,0,0,54558066.6666667,2289248133.33333,0,0,0,0,0,0,0,0,0,0,0,0,0,0,7158600,0,0,0,0,0,0,0,0,0,7047900,0,0,0,12300,0,0,0,0,0,0,0,3323600066.66667,0,0,0,0,0,0,9314433.33333333,0,15253498066.6667,0,0,0,7350300,0,0,0,0,0,0,0,0,0,0,0,0
"Cuba",0,0,0,0,0,0,0,0,715866.666666667,0,0,0,0,0,0,0,0,0,0,0,0,0,0,0,0,0,0,0,0,0,61500,0,0,0,0,0,0,0,0,0,0,0,0,0,0,0,0,0,0,0,0,0,0,12300,0,0,0,0,0,0,0,0,0,0,0,0,0,0,0,0,147600,0,0,0,0,0,0,0,0,0,0,0,0,0,0,0,0,0,0,0,0,0,0,0,0,0,0,0,0,0,0,0,0,0,0,0,0,0,0,0,0,0,0,0,0,0,0,0,0,0,0,0,0,0,0,0,0,0,0,0,0,0,0,0,0,0,0,0,0,0,0,0,0,0,0,0,0,0,0,0,0,0,0,0,0,0,0,0,0,0,0,0,0,0,0,0,0,0,0,35635600,0,0,0,0,0,0,0,0,0,0,0,0,414414000,0,0,0,0,0,0,0,0,0,0,0,0
"Cyprus",0,0,0,0,0,0,32555566.6666667,0,0,165004500,0,599993333.333333,0,0,0,0,0,0,0,0,0,0,0,0,0,0,0,0,0,0,0,73800,0,0,0,0,0,0,0,0,0,0,0,0,0,0,0,0,0,0,0,0,0,24600,0,0,0,0,0,0,0,0,0,1275443500,0,0,0,0,0,0,0,39196400,0,0,0,0,0,0,0,0,105297300,36400,0,0,0,27621333.3333333,156896133.333333,0,0,0,0,0,697180266.666667,0,0,233626800,0,0,0,0,0,0,0,0,0,0,135799800,0,0,0,0,0,0,0,0,0,0,0,0,0,0,0,0,0,0,0,0,0,0,0,0,0,0,0,0,0,0,0,2706751033.33333,0,0,0,21598666.6666667,0,0,0,0,2206482300,0,0,0,0,0,0,0,121333.333333333,0,0,0,0,0,0,0,0,29249566.6666667,0,0,0,0,0,373480933.333333,0,0,584789233.333333,0,0,10370031533.3333,0,197621466.666667,0,0,0,0,0,0,0,0,0,0,0,704255066.666667,0,0,0,0
"Azerbaijan",0,0,0,0,0,0,0,0,0,0,0,0,0,0,0,0,0,0,0,0,0,369000,0,0,0,0,0,0,0,0,0,17785800,0,0,0,0,0,0,0,0,0,0,0,0,0,0,0,0,0,0,0,0,0,0,0,9913800,1523174000,0,0,0,0,0,0,0,0,0,0,0,0,0,0,0,0,0,0,0,0,1674477200,1138048266.66667,0,7822800,0,0,15800200,0,0,0,47601000,0,0,0,0,0,0,0,0,0,0,11734200,0,0,0,0,0,196800,0,0,0,0,0,142606200,0,0,0,0,0,0,0,0,0,0,0,0,0,0,0,0,0,0,0,0,0,0,0,0,0,0,0,0,0,0,0,852986100,0,0,0,0,14273800,0,0,0,0,0,0,9913800,0,0,0,0,0,0,0,0,184852566.666667,0,0,0,0,0,0,0,0,12287700,897900,0,0,0,85989300,934733.333333333,0,0,236196900,0,0,0,49126200,0,0,0,73800,0,0,0,0,4846200
"Benin",0,0,0,0,0,0,0,0,0,0,0,0,0,0,0,0,0,0,0,0,0,0,0,0,0,0,0,0,0,0,0,0,0,0,172101600,0,0,0,0,0,0,0,0,0,0,0,0,0,0,0,0,0,0,5608400,0,0,0,32756866.6666667,0,0,0,0,0,0,0,0,0,0,0,0,0,0,0,0,0,0,0,0,0,0,0,0,17933400,0,0,0,0,0,0,0,0,0,0,0,0,0,0,0,0,0,0,0,0,0,0,3288400,0,0,0,0,0,0,0,0,0,0,0,0,0,0,0,0,0,9293526666.66667,22109900,0,0,0,0,0,0,0,0,0,0,0,0,0,0,0,0,0,0,0,0,0,0,0,0,0,0,0,0,0,0,0,0,0,0,0,0,0,0,0,0,0,0,67224333.3333333,0,0,0,0,0,458640000,0,0,0,0,0,220193300,0,0,0,0,0,0,0,0,0,0,0,0,0,0,0
"Denmark",639600,49200,1463700,504300,0,40614600,2509311033.33333,3159387033.33333,0,44489100,5338200,369000,0,0,602700,0,374719500,0,9815400,0,0,310209266.666667,22004700,246000,355200,1573471000,676500,73800,29987400,0,582343500,21629371900,429245400,0,5756400,0,232088700,0,117712300,55239300,3690000,0,0,42988500,43800300,203060700,29458500,27293700,442800,1333048666.66667,8657153366.66667,0,25205057600,110072867133.333,32828700,615000,48206233.3333333,455100,1402200,369774042066.667,1968000,63943766.6666667,0,339807333.333333,0,0,77613000,3259500,54316800,0,14514000,8411711500,348553933.333333,74095600,65337079700,68863700,35829900,73800,947100,291021231700,885565066.666667,61319936100,8265600,0,0,885895200,2472300,0,16482000,135300,0,2437577100,11352900,581482233.333333,5387400,7134000,0,3862200,85862900,91920614066.6667,0,725700,2496900,530609700,2496900,1365300,421345800,13478479633.3333,56026500,1861937100,0,34281524366.6667,3456300,11623500,13296300,10897800,258334358200,0,93479933.3333333,47195100,0,194817500,10614900,0,110208000,88096817500,73800,317115500,1727194533.33333,0,46863000,322530600,873595200,77173159833.3333,110785458900,541200,0,0,61598400,49200,396114533.333333,0,541188966.666667,0,0,0,0,355236300,12115500,8253300,2804400,49249200,262209166.666667,388437500,61500,754777200,623806402866.667,4108200,24600,0,164205419933.333,3338783900,0,971700,506317200,1279200,6261433.33333333,2632200,0,237513000,362001300,49200,124884866.666667,636372833.333333,885600,0,179165941100,222814366.666667,32130444400,0,77551500,8290200,1623600,1402331400,467400,0,578100,28044000,16941863100,145367033.333333,268374266.666667,110700,12300,0,0
"Dominica",0,0,0,0,4829066.66666667,0,0,0,1136765566.66667,0,0,0,0,0,0,0,0,0,0,0,0,0,0,0,0,0,0,0,0,0,0,0,0,0,0,0,0,0,0,0,0,0,0,0,0,0,0,0,0,0,0,0,0,36400,0,0,0,0,0,0,0,0,0,0,0,12133.3333333333,0,0,0,0,0,0,0,0,0,0,0,0,0,0,0,0,0,0,0,0,0,0,0,0,0,0,256900,0,0,0,0,0,0,0,0,0,0,0,0,0,0,0,0,0,0,0,0,0,0,0,0,0,0,0,0,0,0,0,0,0,0,0,0,0,0,0,0,0,0,0,0,0,0,0,0,0,0,0,0,0,0,0,0,0,0,0,0,0,0,0,0,1660000,0,0,0,0,0,0,0,0,0,0,0,0,0,0,0,24600,0,0,0,0,0,0,0,0,0,0,0,0,0,0,0,0,0,0,0,0,0
"Dominican Republic",0,0,0,0,0,0,0,0,0,0,0,0,0,0,0,0,0,0,0,0,0,0,0,0,0,0,0,0,0,0,0,0,0,0,0,0,0,0,0,0,0,0,0,0,0,0,0,0,0,0,0,0,0,0,0,0,0,0,0,0,0,0,0,0,0,0,0,0,0,0,0,0,0,0,0,0,0,0,0,0,0,0,0,0,0,0,0,0,0,0,0,0,0,0,0,0,0,0,0,0,0,0,0,0,0,0,0,0,0,0,0,0,0,0,0,0,0,0,0,0,0,0,0,0,0,0,0,0,0,0,0,0,0,0,0,0,0,0,0,0,0,0,0,0,0,0,0,0,0,0,0,0,0,0,0,0,0,0,0,0,0,0,0,0,0,0,0,0,0,0,0,0,0,0,0,0,0,0,0,0,0,0,0,0,0,0,0,0,0,0,0,0,0,0,0
"Belarus",215871000,477500,0,28513333.3333333,8300,20600,0,0,0,1365300,0,0,0,0,0,0,0,0,0,0,0,62859100,0,0,0,134545533.333333,0,0,0,0,0,676316100,0,85139600,0,0,0,0,0,233483800,0,1362553000,0,0,0,0,0,0,0,32237200,0,0,0,12300,0,0,370651866.666667,0,0,482770600,0,0,0,0,0,0,0,0,0,0,0,385733.333333333,0,0,0,0,0,0,506300,0,754334466.666667,242666.666666667,0,1271724033.33333,0,0,8446766.66666667,155620800,12300,0,0,34532600,5685500,124752400,0,0,0,0,2446700,34174313133.3333,0,57063066.6666667,0,339400,0,0,0,0,0,0,402794600,0,0,1330282900,0,0,0,0,0,0,0,0,0,0,0,8030681633.33333,0,9324200,57045900,0,0,0,0,164456033.333333,0,0,0,0,28513333.3333333,0,4622300,0,79621281133.3333,0,0,0,0,0,0,0,0,0,0,8520600,0,0,15778300,0,120595233.333333,0,3137400,1678100,0,190454500,0,0,0,0,0,0,0,0,0,254300,0,0,5399700,61092624233.3333,295945800,0,0,114409600,63625566.6666667,38472100,0,455100,0,0,0,0,39528300,0,24600,0,3807300
"Ecuador",0,0,0,0,0,0,0,0,0,0,0,0,0,0,0,0,5252100,0,0,0,0,0,0,0,0,0,0,0,0,0,2158898533.33333,0,831489833.333333,0,0,0,887197433.333333,0,0,0,0,0,0,0,0,0,0,477001466.666667,0,0,0,0,0,0,0,0,0,0,0,49066.6666666667,0,0,0,0,0,0,2090535500,0,0,0,777624566.666667,0,0,0,0,0,0,0,0,0,0,378966.666666667,0,0,0,0,0,0,0,0,0,0,0,0,0,0,0,0,0,0,0,0,0,0,0,0,0,0,0,526452400,0,0,0,0,0,0,258033.333333333,0,0,0,0,0,92288266.6666667,0,0,0,0,316260633.333333,0,0,0,16903738300,0,0,0,0,0,0,0,0,0,0,0,0,0,0,0,0,0,0,0,0,0,0,0,0,600750866.666667,0,0,0,0,0,0,0,0,0,0,0,0,0,0,0,0,0,0,0,12300,0,6057767666.66667,0,0,0,80134500,0,0,0,0,0,0,0,0,0,0,0,0
"Egypt",0,0,27504200,435980600,0,0,8171888300,0,0,1470189666.66667,0,591995466.666667,0,0,0,0,0,0,0,0,101169666.666667,13013400,0,1642334466.66667,636157800,759995233.333333,206706633.333333,0,0,1818613766.66667,2204400,4183800,0,3671953566.66667,237154966.666667,0,0,0,0,0,1536846300,398400,0,432913200,0,0,0,0,125807600,0,0,0,98400,735077200,0,41506434400,0,1366624366.66667,5149395866.66667,658230400,0,7980163433.33333,0,17709000,0,0,31317333.3333333,1861995433.33333,0,2914347000,224200300,12841200,0,40080433.3333333,0,27512766.6666667,93406200,0,15389336033.3333,0,1240837766.66667,361845400,4583875366.66667,0,214523733.333333,2486510700,23318466833.3333,0,64851110666.6667,0,0,795301233.333333,2397613800,0,0,14238391933.3333,0,923613633.333333,47661308633.3333,23935800,0,153739200066.667,1850801366.66667,333088700,11366900,676099633.333333,0,67257233.3333333,238238366.666667,0,6273000,7887282866.66667,24935775666.6667,0,488415833.333333,0,2815164266.66667,0,0,0,0,976210666.666667,0,2194632433.33333,331059600,98400,1370327900,0,0,0,0,94037633.3333333,218916600,18240900,0,124337066.666667,0,372746694433.333,14153966.6666667,49196030333.3333,565401233.333333,3453146666.66667,1072373500,0,0,10122900,111078666.666667,48244945633.3333,9838355400,15634200,812550233.333333,0,0,209672566.666667,391888810033.333,17972552333.3333,1683924666.66667,0,21611100,0,108219600,47884566.6666667,127902913600,0,0,349670333.333333,213891400,182362300,0,0,2676021533.33333,2562576300,2201241666.66667,16801959966.6667,25388629366.6667,0,445007133.333333,569424966.666667,8124896133.33333,5597258700,223857766.666667,0,13642723300,0,1828993000,543219688000,3167357100,9754135233.33333,18787933.3333333,0,18863800,0,176123193866.667,0,131346399833.333
"El Salvador",0,0,0,0,0,0,0,0,0,0,0,0,0,0,0,0,0,0,241018500,0,0,0,0,0,0,78211966.6666667,0,0,0,0,0,0,319530300,0,0,0,5455979566.66667,132667800,0,0,0,0,0,5277290400,0,0,0,0,0,0,0,0,0,0,0,0,0,0,0,369000,0,0,0,0,0,0,184487701066.667,0,0,0,134954310133.333,0,0,0,0,0,0,0,0,0,0,20282133.3333333,0,0,0,0,0,0,0,0,0,0,0,0,0,0,0,0,0,0,0,0,0,0,0,0,0,0,0,271620900,0,0,0,0,0,0,5392100,0,0,0,0,0,29942907933.3333,0,0,0,0,220907866.666667,0,0,0,2570700,0,0,0,0,0,0,0,0,0,0,0,0,0,0,0,0,0,0,0,0,0,0,0,0,14218800,0,0,0,0,0,0,0,0,0,0,0,0,0,0,0,0,0,0,0,0,0,28417482666.6667,0,0,0,0,0,0,0,0,0,0,0,0,0,0,0,0
"Equatorial Guinea",0,0,0,0,0,0,0,0,0,0,0,0,0,0,0,0,0,0,0,0,0,0,0,0,0,0,0,0,0,0,0,0,0,0,0,0,0,0,0,0,0,0,0,0,0,0,0,0,0,0,0,0,0,0,0,0,0,0,0,0,0,0,0,0,0,0,0,0,0,0,0,0,0,0,0,0,0,0,0,0,0,0,0,0,0,0,0,0,0,0,0,0,0,0,0,0,0,0,0,0,0,0,0,0,0,0,0,0,0,0,0,0,0,0,0,0,0,0,0,0,0,0,0,0,0,0,0,0,0,0,0,0,0,0,0,0,0,0,0,0,0,0,0,0,0,0,0,0,0,0,0,0,0,0,0,0,0,0,0,0,0,0,0,0,0,0,0,0,0,0,0,0,0,0,0,0,0,0,0,0,0,0,0,0,0,0,0,0,0,0,0,0,0,0,0
"Estonia",381300,0,824100,96024821866.6667,0,0,0,0,0,0,0,0,0,0,8339400,0,9015900,0,0,0,0,430653700,0,15219266666.6667,0,65096800,0,0,0,0,0,356700,0,0,0,0,0,0,34009500,42058733.3333333,0,8461129600,0,0,249179766.666667,0,0,0,0,0,0,0,85624795466.6667,171855900,0,0,0,0,0,14848585100,0,0,0,3505500,0,0,0,0,0,0,0,9397200,98202066.6666667,0,1869600,0,0,0,0,16734998166.6667,12300,9555457166.66667,0,292026600,0,10750200,0,0,53723900000,282900,0,101775935866.667,6233500,88772959800,0,0,0,24600,18462300,28037974233.3333,0,0,0,848700,233700,0,10713674333.3333,30324661600,0,0,0,235142179000,0,0,0,0,147359964000,0,0,0,0,13726800,0,0,221876534000,18933653633.3333,0,0,658848266.666667,0,0,0,0,7370511433.33333,12479136733.3333,0,0,0,0,0,177488100,0,4146381066.66667,0,0,0,0,423879930833.333,0,0,0,13320900,265495500,0,0,0,47469941066.6667,0,0,0,75530341900,0,0,0,0,0,0,0,0,0,0,0,146960972900,2804400,8461333333.33333,0,83882770800,952070233.333333,112882300,0,262080000,0,0,141100,0,356700,0,0,689302666.666667,0,553500,0,84611997333.3333,0,0
"Faroe Islands",0,0,0,0,0,0,0,0,0,0,0,0,0,0,0,0,0,0,0,0,0,0,0,0,0,0,0,0,0,0,0,0,0,0,0,0,0,0,0,0,0,233700,0,0,0,0,0,0,0,0,0,0,0,0,0,0,0,0,0,0,0,0,0,0,0,0,0,0,0,0,0,0,0,0,0,0,0,0,0,74700,0,0,0,0,0,0,0,0,0,0,0,0,0,0,0,0,0,0,0,0,0,0,0,0,0,0,0,0,0,0,0,0,0,0,329133.333333333,0,0,0,0,0,0,0,0,0,0,0,0,0,0,0,0,0,0,0,0,0,0,0,0,0,0,0,0,0,0,0,0,0,0,0,0,0,0,0,0,0,0,0,0,0,0,0,0,0,0,0,0,0,0,0,0,0,0,0,0,0,0,0,0,0,0,0,0,0,0,0,0,0,0,0,0,0,0,0,0
"Fiji",0,0,0,0,0,0,16049977066.6667,0,0,0,0,0,0,0,0,0,0,0,0,5682550533.33333,0,0,0,0,0,122511500,0,0,0,0,0,307500,0,0,0,666684300,0,0,0,0,0,0,0,0,0,0,0,0,0,0,0,0,0,77987500,7444564866.66667,0,0,0,0,0,0,0,15647762066.6667,0,0,0,0,0,0,0,0,0,0,0,0,0,734466.666666667,0,0,0,0,0,0,0,0,479700,0,0,0,0,0,664200,0,0,0,0,0,12300,0,0,0,0,0,0,0,0,0,0,0,0,0,0,0,0,0,0,0,0,1772711833.33333,0,38334496433.3333,3555411733.33333,0,0,0,0,0,0,0,7349214500,0,0,0,0,0,0,0,0,0,0,0,0,0,0,0,0,0,0,0,0,0,0,0,0,0,7927200,0,0,0,0,0,0,0,0,0,0,0,0,23208681166.6667,0,0,0,0,5982233.33333333,0,2038323566.66667,61943966.6666667,0,1873044866.66667,0,0,0,0,0,0,0,0,0,0,0,0,0,0,0,0
"Finland",1747200,0,0,0,0,0,100140133.333333,594323200,0,135300,0,0,0,0,0,0,463900,0,0,0,0,12124700,0,0,0,279554633.333333,0,0,0,0,98466.6666666667,56069666.6666667,0,0,0,0,0,0,539500,3200966.66666667,0,1970364066.66667,0,0,155687833.333333,57026666.6666667,0,0,0,18762492533.3333,0,0,0,259848666.666667,0,0,17959033.3333333,0,367466.666666667,19126516700,0,220200,0,139551900,0,0,0,0,0,0,0,10546000,150880600,8922500,304933500,8300,28900,0,0,5631622733.33333,45323533.3333333,8648532233.33333,0,49200,0,12022266.6666667,0,0,0,0,0,71860000,0,17966574233.3333,0,318066.666666667,0,0,0,2038116733.33333,0,0,0,6824700,0,0,141100,0,0,20600,0,71830407400,0,0,0,0,59378193733.3333,0,0,0,0,1703033.33333333,0,0,492000,22882175566.6667,0,0,1842396700,0,0,0,15768533.3333333,25116514400,12297834033.3333,0,0,0,504300,0,137764400,0,12358210966.6667,0,0,0,0,2775800,0,0,0,2332300,2807528033.33333,13118400,36400,24392855133.3333,23517097433.3333,0,0,0,60115696133.3333,96434300,0,0,581150433.333333,0,32900,0,0,0,0,0,4569000,94400,0,0,14174625300,1419386666.66667,824454233.333333,0,20600,0,8300,606666.666666667,0,0,0,0,1255277833.33333,14220333.3333333,2063500,0,0,0,871500
"France",544452800,0,10400719333.3333,11760049358233.3,187659700,70793166.6666667,42696624666.6667,38659483233.3333,15599600,2572280333.33333,416816400,3360933.33333333,0,0,196800,0,16861335166.6667,0,0,0,0,3957180566.66667,73652066.6666667,106760733.333333,815174829300,22935385733.3333,23295861000,288624066.666667,4498466.66666667,5777103400,574319500,5605091769433.33,682015333.333333,14745984300,145336795033.333,0,486907800,1185590470733.33,39860189300,263527833.333333,10032733433.3333,51542028300,18867500,1015833500,367811433.333333,53924100,1966873122600,39901200,346336600,4975735866.66667,0,18905100,27688790366.6667,0,28541017633.3333,20439600800,1176538733.33333,319682543633.333,97695310433.3333,1738093212600,7293900,204977391633.333,0,245826006933.333,0,49200,121619500,34794102566.6667,0,791881600,7929333.33333333,12250292233.3333,9361095433.33333,2705420333.33333,542702700,324619433.333333,172225766.666667,12602366.6666667,1147680200,332462127400,12779387500,4378661617466.67,1786358616166.67,188078800,5793300,73964796633.3333,4178664633.33333,10676400,264986000,838280833.333333,0,36788787466.6667,3048274633.33333,25823589700,46999133.3333333,8421342400,0,469326500,14906582700,4836500400,344407233.333333,12164090500,0,912241166.666667,124480900,631897712133.333,5167028566.66667,650731439433.333,357895322500,254931311800,16137333.3333333,4965042672266.67,26017433.3333333,83587066.6666667,61266300,5781000,6633302643300,0,30529104166.6667,9184400,294091566.666667,1775411800,0,1763075966.66667,89511018266.6667,50453011733.3333,72953388533.3333,484830000,30368342000,0,6359100,114202400,181074618833.333,118066650733.333,2033577944900,9469000,0,0,9638152933.33333,461233.333333333,25465985766.6667,104556900,3270104166.66667,47601000,3740227000,0,103713600,117173743233.333,795450611166.667,206907933.333333,60166600,10479781100,2887920000,6582495166.66667,24600,31151338133.3333,4767118686333.33,9286500,0,0,67722592466.6667,569063881500,0,8979000,16893895766.6667,456779000,7203779633.33333,34385234833.3333,0,615000,4619707333.33333,386400235633.333,47341940100,27528152500,1881900,0,1216855006533.33,2271716400,162544680266.667,353581944200,91422433.3333333,29791466.6666667,34092933.3333333,7048737666.66667,5961695000,367961898866.667,123595334400,996300,8012437052466.67,279242710866.667,3040541366.66667,11767969700,0,0,23837400
"French Polynesia",0,0,0,0,0,0,0,0,0,0,0,0,0,0,0,0,0,0,0,0,0,0,0,0,0,0,0,0,0,0,36766.6666666667,0,0,0,0,0,0,0,0,0,0,0,0,0,0,0,0,0,0,0,0,0,0,626900,0,0,0,0,0,0,0,0,0,0,0,0,0,0,0,0,0,0,0,0,0,0,0,0,0,0,0,0,0,0,0,0,0,0,0,0,0,0,0,0,0,0,0,0,0,0,0,0,0,0,0,0,0,0,0,0,0,0,0,0,0,0,0,0,0,0,0,0,0,0,0,0,0,0,0,0,0,0,0,0,0,0,0,0,0,0,0,0,0,0,0,0,0,0,0,0,0,0,0,0,0,0,0,0,0,0,0,0,0,0,0,0,0,0,0,0,0,0,0,0,0,0,0,0,0,0,0,0,0,0,0,0,0,0,0,0,0,0,0,0,0
"Djibouti",0,0,0,0,0,0,0,0,0,0,0,0,0,0,0,0,0,0,0,0,0,0,0,0,0,0,0,0,0,0,0,0,0,0,0,0,0,0,0,0,0,0,0,0,0,0,0,0,0,0,0,0,0,0,0,0,0,0,0,0,0,0,0,0,0,0,0,0,0,0,0,0,0,0,0,0,0,0,0,0,0,0,0,0,0,0,0,0,0,0,0,0,0,0,0,0,0,0,0,0,0,0,0,0,0,0,0,0,0,0,0,0,0,0,0,0,0,0,0,0,0,0,0,0,0,0,0,0,0,0,0,0,0,0,0,0,0,0,0,0,0,0,0,0,0,0,0,0,0,0,0,0,0,0,0,0,0,0,0,0,0,0,0,0,0,0,0,0,0,0,0,0,0,0,0,0,0,0,0,0,0,0,0,0,1213357933.33333,0,0,0,0,0,0,0,0,0,0
"Georgia",4528391866.66667,0,0,0,0,0,0,66800,0,0,0,0,0,0,0,0,0,0,0,0,0,0,0,0,0,12300,0,0,0,0,0,2120133.33333333,0,0,0,0,0,0,0,1232648133.33333,0,0,0,0,0,0,0,0,0,0,0,0,0,0,0,0,0,0,0,170533.333333333,0,0,0,11599466.6666667,0,0,0,0,0,0,0,0,0,0,0,0,0,84437066.6666667,43720233.3333333,52088400,0,0,0,9578366.66666667,0,12133.3333333333,0,0,0,0,0,0,0,16600,0,0,0,0,0,2491500,0,0,0,0,0,0,0,0,0,0,0,0,0,0,0,0,0,0,0,0,0,0,0,0,0,0,0,0,0,0,0,0,0,0,0,0,0,0,0,0,0,0,3905033.33333333,0,0,0,0,0,0,0,0,0,0,147600,0,0,0,0,0,0,0,0,0,0,0,0,0,0,0,0,0,0,78048866.6666667,51653733.3333333,0,0,244533.333333333,44533333.3333333,0,0,0,12312300,275014133.333333,0,0,0,0,0,0,0,0,0,0,0,0
"Gabon",0,0,0,0,0,0,0,0,0,0,0,0,0,0,0,0,0,0,0,0,73800,0,0,0,0,0,0,0,0,0,0,0,0,0,0,0,0,0,0,0,123000,0,0,0,0,0,12300,0,0,0,0,0,0,0,0,0,0,0,3690000,0,0,0,0,0,0,0,0,0,0,0,0,0,0,0,0,0,0,0,0,0,0,0,0,0,0,0,0,0,0,0,0,0,0,0,0,0,0,0,0,0,0,0,0,0,0,3364166.66666667,0,0,0,0,0,0,0,0,0,0,0,0,0,0,0,0,0,4920000,0,0,0,0,0,0,0,0,0,0,0,0,0,0,0,0,0,0,0,0,0,0,344400,0,0,0,0,0,0,0,0,0,0,0,0,0,0,0,0,0,0,0,0,0,0,0,0,0,0,0,0,0,0,0,2496900,0,0,0,0,0,0,0,0,0,0,0,0,0,0,0,0
"Gambia",0,0,0,0,0,0,0,0,0,0,0,0,0,0,0,0,0,0,0,0,0,0,0,0,0,0,0,0,0,0,0,0,0,0,0,0,0,0,0,0,0,0,0,0,0,0,0,0,0,0,0,0,0,0,0,0,0,0,0,0,0,0,0,0,0,0,0,0,0,0,0,0,0,0,0,0,0,0,0,0,0,0,0,0,0,0,0,0,0,0,0,0,0,0,0,0,0,0,0,0,0,0,0,0,0,26734866.6666667,0,0,0,0,0,0,0,0,0,0,0,0,0,0,0,0,0,0,0,0,0,0,0,0,0,0,0,0,0,1449933333.33333,0,0,0,0,0,0,0,0,0,0,0,0,3809866.66666667,0,0,0,0,0,0,0,0,0,0,0,0,0,0,0,0,0,0,0,0,0,0,0,0,0,0,0,0,0,0,0,0,0,0,0,0,0,0,0,0,0,0,0,0,0,0
"Germany",23848766.6666667,39456733.3333333,590544533.333333,3412267357533.33,6742866.66666667,121568200,21124052866.6667,825725821066.667,10684333.3333333,694559333.333333,111783233.333333,0,0,0,12004800,18592666666.6667,5972519866.66667,0,0,0,276165133.333333,17557883333.3333,10614900,27666553033.3333,74168900,32676088766.6667,7252333.33333333,11315166.6666667,39655200,0,7819520900,6376873166.66667,161822400,27300000,20837186400,1382366.66666667,1268323866.66667,296960629633.333,5591570633.33333,442232033.333333,32782000,435408372633.333,0,618965300,4211285366.66667,136442433.333333,1103428533.33333,11365200,0,7403397900,7622856666.66667,98400,77972015033.3333,1809486435900,13913200,44323066.6666667,541165233.333333,2140200,41516500,0,2989272200,3814529233.33333,0,103018986400,0,0,523341800,718058095766.667,52173333.3333333,0,0,2049326633.33333,84456036633.3333,28872131566.6667,33097696766.6667,405071333.333333,114267000,1812004138633.33,1447991300,46748676766.6667,53802125100,1222611400433.33,57052366.6666667,448720233.333333,40992633.3333333,3865030266.66667,1713117833.33333,3942700,384855776433.333,1746600,47479233.3333333,7025466733.33333,4075496566.66667,6988172933.33333,5682600,5029470966.66667,14473333333.3333,13869844666.6667,40245140466.6667,17820413633.3333,0,0,57576033333.3333,1593275266.66667,1976219600,57927000,4247986100,32923103633.3333,113654782833.333,1713808933.33333,2033333000,695292050300,99977333333.3333,587932566.666667,24513808600,774900,6092190130566.67,0,0,1251080866.66667,13111800,1006362666.66667,0,17330433.3333333,665107882600,381053035766.667,275383234400,50667000,107381777700,0,144705766.666667,210838833.333333,596232133.333333,492428375533.333,170476543333.333,0,0,1284500,1814785333.33333,21153222000,88929030166.6667,26476474666.6667,56320367100,0,3574200,0,0,1245212145500,892258500,20184766.6666667,2728033.33333333,22008154533.3333,37098398933.3333,3530188333.33333,873300,1049190029033.33,453683529033.333,74575828033.3333,0,0,237304269300,611346802766.667,4985116500,922500,1379516666.66667,142163179666.667,1915355966.66667,83335966.6666667,196800,78523200,75621262133.3333,297660000,474214629000,72746956366.6667,120010474800,0,2356062647333.33,7573970133.33333,105471142833.333,0,169493766.666667,14760000,555905400,2788678900,7090466.66666667,481717200,85746580366.6667,0,2826363614066.67,105168721366.667,14608547300,427162233.333333,569869474166.667,0,209205600
"Bosnia and Herzegovina",0,0,637952233.333333,0,0,0,269770000,542077500,0,0,0,0,0,0,0,0,0,0,0,0,0,1946809000,0,0,0,80494900,0,0,0,0,0,61500,0,0,0,0,0,0,0,0,0,860470666.666667,0,0,0,0,0,0,0,0,0,0,664200,0,0,0,0,0,0,1230472166.66667,0,0,0,0,0,0,0,0,0,0,0,0,289536733.333333,99026264066.6667,0,0,0,0,8634600,30142033.3333333,36690900,561776600,0,0,0,0,0,0,0,0,0,0,7072500,0,0,0,0,0,52890000,0,0,0,0,0,0,0,0,0,0,0,0,0,0,0,0,0,1116421466.66667,0,0,21532247866.6667,0,0,0,0,0,0,0,0,0,0,0,0,0,37023000,0,0,0,0,8929800,0,130146300,0,185570100,0,0,0,0,22201500,0,0,0,2594727700,40442400,0,0,0,9028200,0,0,0,3927690900,168776600,0,0,0,0,0,0,0,0,0,0,60679399266.6667,68854666.6666667,0,0,1453469400,0,1768450700,0,0,0,0,0,0,0,0,0,55567600,0,16101084166.6667,28130085933.3333,0,0,22078500
"Ghana",0,0,0,0,0,0,149500,12300,0,0,0,0,0,0,0,0,0,0,0,0,0,0,0,0,0,18967600,0,0,0,0,0,61500,0,0,33210000,0,0,0,538600,0,2182256266.66667,0,0,0,0,0,24600,0,0,0,0,0,0,24600,0,0,0,0,0,5217700,0,0,0,0,0,0,0,0,0,0,0,0,0,0,1881366.66666667,73800,0,0,0,59576333.3333333,0,1480733.33333333,1475288866.66667,0,0,123000,0,0,0,0,0,12300,0,0,0,0,0,10275400,0,0,0,0,0,0,0,286073400,0,0,0,0,0,0,11133.3333333333,0,24600,0,175976500,0,0,0,0,1230000,0,58576365533.3333,0,367133.333333333,0,0,0,0,0,0,0,0,12300,0,0,0,465333.333333333,0,0,0,0,0,0,0,0,0,139924800,0,0,0,0,0,0,53286100,12233.3333333333,0,0,0,795233.333333333,134566.666666667,0,0,0,0,0,87717634200,0,0,0,0,0,30817533.3333333,0,0,1953108233.33333,0,62028566.6666667,84434041666.6667,0,0,0,0,0,0,0,0,132937933.333333,0,0,0,0,0,0
"Kiribati",0,0,0,0,0,0,0,0,0,0,0,0,0,0,0,0,0,0,0,0,0,0,0,0,0,0,0,0,0,0,0,0,0,0,0,0,0,0,0,0,0,0,0,0,0,0,0,0,0,0,0,0,0,0,0,0,0,0,0,0,0,0,0,0,0,0,0,0,0,0,0,0,0,0,0,0,0,0,0,0,0,0,0,0,0,0,0,0,0,0,0,0,0,0,0,0,0,0,0,0,0,0,0,0,0,0,0,0,0,0,0,0,0,0,0,0,0,0,0,0,0,0,0,0,0,0,0,0,0,0,0,0,0,0,0,0,0,0,0,0,0,0,0,0,0,0,0,0,0,0,0,0,0,0,0,0,0,0,0,0,0,0,0,0,0,0,0,0,0,0,0,0,0,0,0,0,0,0,0,0,0,0,0,0,0,0,0,0,0,0,0,0,0,0,0
"Greece",29869900,0,62352396033.3333,0,0,0,3901029900,6053490966.66667,14202666.6666667,1158387100,0,0,0,0,0,0,558169900,0,0,0,0,100192864666.667,43929733.3333333,0,37661533.3333333,4851224333.33333,0,0,110809533.333333,0,11379300,5860014366.66667,133602600,0,1402200,0,0,2633579766.66667,69112670966.6667,0,0,5881159866.66667,0,0,0,0,943617433.333333,0,0,2247914966.66667,0,0,680336766.666667,3322327433.33333,651900,0,285878766.666667,0,0,31256896366.6667,80891533.3333333,0,0,0,0,0,713400,0,0,0,0,2882448033.33333,2157497933.33333,174929666.666667,1057800,195119733.333333,65780400,8984600,2115666.66666667,603094566.666667,1083616600,787862449333.333,0,14268000,3493200,11908689366.6667,900342600,0,59704200,0,0,1185012733.33333,325601633.333333,492588666.666667,0,774665266.666667,0,2060900,1190095133.33333,124205700,0,121333.333333333,0,141987400,20159700,0,762962766.666667,0,0,7030100,110700,0,0,593055866.666667,0,0,22481801400,0,0,4220827166.66667,0,135377200,0,0,0,379197966.666667,144795600,167097833.333333,5719915133.33333,0,0,0,51598500,14923828500,99000700,0,0,0,733874100,0,31539686333.3333,0,698819966.666667,0,0,0,0,2864992900,3763800,0,0,300982433.333333,623850800,370403133.333333,0,1140669400,1785865766.66667,136609400,0,0,1938246766.66667,1183170900,0,0,31500300,0,213072900,73800,0,0,11426700,239163296533.333,226113856200,2838985333.33333,186357833.333333,0,36697281400,1925459166.66667,17889172866.6667,0,6555900,0,12300,175861266.666667,34558200,0,9166900,0,17358965433.3333,5409979833.33333,6085386766.66667,779589566.666667,63323900,0,36900
"Greenland",0,0,0,0,0,0,0,0,0,0,0,0,0,0,0,0,0,0,0,0,0,0,0,0,0,0,0,0,0,0,0,0,0,0,0,0,0,0,0,0,0,0,0,0,0,0,0,0,0,0,0,0,0,0,0,0,0,0,0,0,0,0,0,0,0,0,0,0,0,0,0,0,0,0,0,0,0,0,0,0,0,0,0,0,0,0,0,0,0,0,0,0,0,0,0,0,0,0,0,0,0,0,0,0,0,0,0,0,0,0,0,0,0,0,0,0,0,0,0,0,0,0,0,0,0,0,0,0,0,0,0,0,0,0,0,0,0,0,0,0,0,0,0,0,0,0,0,0,0,0,0,0,0,0,0,0,0,0,0,0,0,0,0,0,0,0,0,0,0,0,0,0,0,0,0,0,0,0,0,0,0,0,0,0,0,0,0,0,0,0,0,0,0,0,0
"Grenada",0,0,0,0,0,0,0,0,0,0,0,0,0,0,0,0,0,0,0,0,0,0,0,0,0,0,0,0,0,0,0,0,0,0,0,0,0,0,0,0,0,0,0,0,0,0,0,0,0,0,0,0,0,0,0,0,0,0,0,0,0,0,0,0,0,0,0,0,0,0,0,0,0,0,0,0,0,0,0,0,0,0,0,0,0,0,0,0,0,0,0,0,0,0,0,0,0,0,0,0,0,0,0,0,0,0,0,0,0,0,0,0,0,0,0,0,0,0,0,0,0,0,0,0,0,0,0,0,0,0,0,0,0,0,0,0,0,0,0,0,0,0,0,0,26584133.3333333,20533.3333333333,0,0,0,0,0,0,0,0,0,0,0,0,0,0,0,0,0,0,0,0,0,0,0,61500,0,0,0,0,0,0,0,0,0,0,0,0,0,0,0,0,0,0,0,0,0,0,0,0,0
"Guatemala",0,0,0,0,0,0,0,0,0,4428000,0,0,0,0,0,0,12300,0,2505465900,0,0,0,0,0,0,1045500,0,0,0,0,2715485233.33333,0,0,0,318066.666666667,0,34134161033.3333,4966036600,0,0,0,1116266.66666667,0,24454280066.6667,0,397954200,0,90406263966.6667,0,0,0,0,0,0,0,0,0,0,0,0,0,0,0,0,0,0,0,0,131536200,0,155256232533.333,0,0,0,0,0,0,0,0,0,0,4501800,0,0,324843000,0,2214000,0,0,0,0,0,0,0,0,0,0,0,0,0,0,0,0,0,0,0,0,0,0,10488556600,0,0,0,0,0,0,0,0,0,0,0,0,43836282566.6667,0,0,0,0,17411940633.3333,0,0,0,497399700,0,0,0,0,0,0,0,0,0,0,0,0,0,0,0,10553400,0,0,0,0,0,0,0,0,0,0,0,0,0,0,0,0,0,0,0,0,0,25263633.3333333,5608800,0,0,13517700,0,0,0,0,8640403700,0,46727700,0,68597100,0,0,0,0,0,0,0,0,0,0,0,0
"Guinea",0,0,0,0,0,0,984000,0,0,0,0,0,0,0,0,0,0,0,0,0,0,0,0,0,0,0,0,0,0,0,0,0,0,0,0,0,0,0,0,0,0,0,0,0,0,0,0,0,0,0,0,0,0,61333.3333333333,0,0,0,0,145600000,0,0,0,0,0,0,0,0,0,0,0,134566.666666667,0,0,0,0,0,0,0,0,947100,0,0,0,0,0,0,0,0,0,0,0,12300,0,0,0,0,0,0,0,0,0,0,0,32796400,0,0,0,0,0,0,0,0,0,0,0,0,11133.3333333333,0,0,0,0,0,0,0,0,0,0,0,0,0,0,0,0,0,0,0,0,0,0,0,0,0,0,0,0,0,0,0,0,0,0,0,0,0,0,0,0,0,0,0,24600,0,0,0,0,0,0,0,0,0,0,0,0,0,0,0,0,0,1626000,0,0,0,0,0,0,0,0,0,0,0,0,0,0,0,0
"Guyana",0,0,0,0,94101133.3333333,0,0,0,0,0,986145000,0,0,0,0,0,0,0,0,0,0,0,0,0,0,328819766.666667,0,0,0,0,0,0,0,0,0,0,0,0,0,0,0,0,0,0,0,0,0,0,0,0,0,0,0,123000,0,0,0,0,0,0,0,0,0,0,0,2041800,0,0,0,0,0,0,0,0,0,0,0,0,0,0,0,0,0,0,639600,0,0,0,0,0,0,0,0,0,0,0,0,0,0,0,0,0,0,0,0,0,0,0,0,0,0,0,0,0,0,0,1043466.66666667,0,0,0,0,0,0,0,0,0,0,0,0,0,0,0,0,0,0,0,0,0,0,0,0,0,0,3837433.33333333,0,0,0,0,0,0,0,0,0,0,0,0,0,660295466.666667,0,0,0,0,0,0,0,0,0,0,0,599679033.333333,0,0,0,0,0,0,82379333.3333333,0,930910166.666667,0,0,0,0,0,0,0,0,0,0,0,0,0,0,0,0
"Haiti",0,0,0,0,0,0,0,0,0,0,0,0,0,0,0,0,0,0,0,0,0,0,0,0,0,0,0,0,0,0,0,0,0,0,0,0,0,0,0,0,0,0,0,0,0,0,0,0,0,0,0,0,0,0,0,0,0,0,0,0,0,0,0,0,0,0,0,0,0,0,0,0,0,0,0,0,0,0,0,0,0,0,0,0,0,0,0,0,0,0,0,0,0,0,0,0,0,0,0,0,0,0,0,0,0,0,0,0,0,0,0,0,0,0,0,0,0,0,0,0,0,0,0,0,0,0,0,0,0,0,0,0,0,0,0,0,0,0,0,0,0,0,0,0,0,0,0,0,0,0,0,0,0,0,0,0,0,0,0,0,0,0,0,0,0,0,0,0,0,0,0,0,0,0,0,0,0,0,0,0,0,0,0,0,0,0,0,0,0,0,0,0,0,0,0
"Honduras",0,0,0,0,0,0,0,0,0,0,0,0,0,0,0,0,0,0,214831800,0,0,0,0,0,0,0,0,0,0,0,36900,0,0,0,0,0,13650011100,0,0,0,0,0,0,6896015266.66667,0,0,0,69443806866.6667,0,0,0,0,0,0,0,0,0,0,0,0,0,0,0,0,0,0,29117991400,0,0,0,0,0,0,0,0,0,0,0,0,0,14046600,5362933.33333333,0,0,36900,0,0,0,0,0,0,0,0,0,0,0,0,0,0,0,0,0,0,0,0,0,0,0,0,0,0,0,0,0,0,0,0,0,0,0,0,0,18791288833.3333,0,0,0,0,191744700,0,0,0,0,0,0,0,0,0,0,0,0,0,0,0,0,0,0,0,0,0,0,0,0,0,0,0,0,267096466.666667,0,0,0,0,0,0,0,0,0,0,0,0,0,0,0,0,0,0,0,0,0,9725412700,0,0,0,0,0,0,0,0,0,0,0,0,0,0,0,0
"Hong Kong SAR, China",0,0,0,0,0,0,3749448633.33333,582400,5891700,0,0,4784700,0,0,0,0,664200,0,0,20527233.3333333,356700,123000,15674100,0,0,7916290066.66667,0,0,0,0,0,87520815333.3333,0,0,0,0,28816300,0,0,0,0,7217666.66666667,0,0,0,0,0,0,0,0,0,4587966.66666667,0,1626000366.66667,0,691600,246000,0,0,79430066.6666667,0,14488133.3333333,0,528900,0,0,30069533.3333333,0,0,0,0,0,0,0,0,590400,12300000,0,0,45592900,0,98642700,0,0,90181900,79188366.6666667,0,282900,8733000,666577366.666667,0,851577066.666667,4391100,0,0,0,172200,0,0,0,56896069800,4924833.33333333,0,3457289366.66667,0,0,369000,0,30139466.6666667,215844933.333333,0,0,0,0,0,0,5287659766.66667,0,0,0,872800,1011684200,0,0,0,34534300,405900,187787766.666667,307500,0,0,19028100,10473732100,2397733.33333333,1660500,0,0,0,0,0,0,0,3763800,0,0,0,0,0,0,52988400,0,73800,0,6132358200,0,106957700,228206100,3689233.33333333,61500,0,532506333.333333,22254400,0,0,2258059900,0,165561766.666667,0,209100,3111900,0,0,0,263889600,0,0,1764176533.33333,0,13824396400,184500,0,0,0,675013733.333333,0,0,0,0,97798333.3333333,0,0,0,0,0,0
"Hungary",0,0,5026196666.66667,0,0,0,97759733.3333333,1591010343233.33,0,465542700,0,0,0,0,0,0,116862300,0,0,0,0,36891936100,0,0,0,430960633.333333,0,0,0,0,48933.3333333333,249784500,0,0,38889766.6666667,0,0,0,3461458233.33333,404600,0,469330400,0,147600,713400,0,21381200,0,0,117069300,0,0,1390977866.66667,16383345766.6667,0,0,7023300,0,0,417692628233.333,580103958866.667,98133.3333333333,0,90995454700,0,0,0,0,0,0,0,135899333.333333,0,396072509500,266368800,104045700,24900,50100000,833136933.333333,1097827700,1309830766.66667,3731880051400,24466.6666666667,3726900,0,1238300,3149766.66666667,49200,0,0,0,47601000,206976933.333333,80198800,0,51326566.6666667,0,0,10516500,4150350633.33333,0,0,0,1070100,0,0,22361883366.6667,0,0,788500,0,124829600,0,205943300,0,0,157991643866.667,0,0,20495993666.6667,0,18434833.3333333,0,0,0,523854566.666667,0,0,43873209133.3333,0,0,0,246000,128137637833.333,577584000,0,0,0,30885300,0,1887804688466.67,0,5204668966.66667,0,0,0,0,78951300,0,0,0,278316500233.333,201003876033.333,295200,0,125106633.333333,742403433.333333,1537500,0,0,2783322200,20800929800,0,0,319800,0,1599000,0,0,0,0,0,74708700,127501800,0,0,3988104100,7638964166.66667,547052533.333333,0,324707700,0,0,12300,0,0,14924666.6666667,0,14112913733.3333,138444400,74481350566.6667,96685266.6666667,0,0,0
"Croatia",0,0,10231362800,0,0,0,227288600,102792228033.333,0,0,0,0,0,0,0,0,0,0,0,0,0,672241700,0,0,0,150813800,0,0,0,0,0,8579233.33333333,0,0,0,0,0,0,2789700,172200,0,215304166.666667,0,0,0,0,17736600,0,0,822933.333333333,0,0,98121266.6666667,449591000,0,0,0,0,0,30529934033.3333,297533488866.667,0,0,3469445733.33333,0,0,0,0,0,0,0,4173866.66666667,12122705633.3333,0,24600,0,0,445333.333333333,10207833.3333333,62422600,323465400,997489789233.333,0,4898000,0,541200,3948300,0,0,0,0,947100,0,758266.666666667,0,3296400,0,0,4469040433.33333,338872000,0,0,0,254666.666666667,36900,0,2091000,0,0,0,0,0,0,0,0,0,1346650166.66667,0,0,16666923933.3333,0,3480900,0,0,0,1771200,0,0,250957900,0,0,0,0,7420191466.66667,7281600,0,0,0,713400,0,25006436466.6667,0,158633100,0,0,0,0,107305200,0,0,0,173726719466.667,1502099166.66667,428300,0,79101300,51220000,0,0,0,2462170233.33333,600198933.333333,0,0,0,0,0,0,0,0,12300000,21698677400,7190994500,254500700,0,0,1676812866.66667,5928600,789967600,0,0,0,0,351866.666666667,0,0,0,0,134477300,2337199733.33333,109436853500,3767889233.33333,0,0,0
"Iceland",0,0,0,0,0,0,0,12300,0,0,0,0,0,0,0,0,0,0,0,0,0,0,0,0,0,73800,0,0,0,0,24600,12300,0,0,0,0,0,0,0,0,0,8324500,0,0,0,0,0,0,0,0,177319000,0,0,3714600,0,0,0,0,0,73800,0,0,0,0,0,0,0,0,0,0,0,0,0,0,0,0,0,0,0,0,0,24600,0,0,0,0,0,0,0,0,0,0,0,0,0,0,0,0,0,0,0,0,0,0,0,0,0,0,0,0,0,0,0,0,0,0,4428000,0,0,0,0,0,0,0,0,263200,0,0,0,0,0,0,0,12300,24600,0,0,0,0,0,0,0,0,0,0,0,0,0,0,0,0,12300,0,0,0,0,24600,0,0,0,9589600,36900,0,0,0,0,0,0,0,0,0,0,0,0,0,0,1709700,0,7406100,0,0,0,0,0,0,0,0,0,73800,24600,0,0,0,0,0
"India",454433.333333333,62168050500,6640400,57635966.6666667,0,0,72500767300,578312666.666667,26358900,8379166333.33333,53896333.3333333,4524295094433.33,0,28936305866.6667,0,758910933.333333,119997966.666667,0,59259700,387182300,1894700800,85608000,3510128900,5803364066.66667,8984188200,80061541466.6667,199562100,1172780400,593598793133.333,9585795900,1353711100,1503164666.66667,162335400,1492879433.33333,20070010800,0,987444000,475542600,237810566.666667,18923700,11072181266.6667,2034898733.33333,47129566.6666667,10512657400,487000,404053400,12507100,549305700,3196004500,0,0,651236166.666667,215463000,4391724166.66667,0,93878754433.3333,16233766.6666667,3617841233.33333,6952337366.66667,9576993366.66667,0,9121336933.33333,49657833.3333333,48228500,0,2322033.33333333,514718100,21861341066.6667,643411766.666667,8763983700,124857300,9849724500,10095733.3333333,11808000,0,0,424429158566.667,1069474100,951863533.333333,1784639566.66667,4245115533.33333,2043524866.66667,3505783300,29919333.3333333,90161566.6666667,2795511933.33333,7861277533.33333,8212366.66666667,15389560366.6667,1363605300,1755381166.66667,84349221066.6667,9793325800,14268900,0,1861750533.33333,0,2148708900,2595587000,430500,946900,13272521200,940428000,128233610766.667,9715230533.33333,2720616500,104144266.666667,5254738533.33333,4832750200,1636991033.33333,1765704033.33333,133829800,7557026033.33333,0,8679913200,806443347466.667,9438852000,0,12300,0,106804400,16019386166.6667,281620800,8971822366.66667,9417057466.66667,1834598900,1435582533.33333,1921836733.33333,479393300,1262438833.33333,128116800,91436600,338811035833.333,720041666.666667,191209133.333333,784311166.666667,0,0,256169700666.667,315100,28068600,10693781066.6667,2656611100,0,12300,37601100,253312100,19573513566.6667,11802586400,2708134266.66667,5967949933.33333,12161533.3333333,0,28030770333.3333,90260406566.6667,28670426800,1970010866.66667,317093433.333333,0,2891100,2557507766.66667,749967000,0,0,4621424866.66667,27849710466.6667,18928827633.3333,18133894833.3333,274966500,670571433.333333,102161981333.333,16641900,196216166.666667,895602172733.333,27964393833.3333,0,82700509333.3333,29801066.6666667,322531701166.667,7113841433.33333,109595766.666667,8537333.33333333,1277124500,11228040833.3333,18437133833.3333,290372072200,26424584800,701786233.333333,344465533.333333,12300,0,0,8801429033.33333,5811154300,14760000
"Indonesia",36641700,0,0,237193200,0,0,43292752266.6667,8726966.66666667,24415500,1365230133.33333,0,340884933.333333,0,21993533.3333333,0,0,626168400,0,0,3770150700,3443455366.66667,0,12700158266.6667,0,21094500,677535166.666667,0,0,483432166.666667,0,68584800,76955683733.3333,61586100,0,0,0,0,0,0,8757600,861000,0,0,29224800,0,0,254844500,0,24132600,0,0,1523920800,0,239825500,240046800,0,10762500,148879800,27690700,677858300,110700,244559200,1902720266.66667,0,0,0,1586700,34469200,18376200,0,0,16948368133.3333,0,11119200,0,26295717333.3333,0,1679663566.66667,2819051600,382665300,1154845033.33333,23649666.6666667,1075708800,0,0,25211065800,1351555966.66667,3321000,49507500,3518436733.33333,0,24121318800,2398826700,0,18425400,519437100,0,159792300,1410035100,707803500,24255600,82638000,0,74433464766.6667,2002997733.33333,1340700,0,233700,1252876333.33333,63517200,412148400,42050566.6666667,42435000,0,528900,122544900,3732995300,0,481404266.666667,0,1458529100,4813604066.66667,0,3038100,620505166.666667,270612466.666667,312420000,361581100,0,109361589966.667,2841300,26531100,52750924033.3333,98203200,654502166.666667,0,75974258900,0,1077317033.33333,0,1722000,0,151364400,0,0,0,0,11921208633.3333,10295100,169248000,13689900,0,0,20272229900,5621100,303336766.666667,2030052566.66667,27158000,0,0,85765933.3333333,1191233.33333333,454854000,0,13762206466.6667,116899200,67296049466.6667,46948300,1709046433.33333,45569166.6666667,985467266.666667,0,345886566.666667,6660300166.66667,36900,16269700,1259790600,15042900,10486175866.6667,0,0,13702200,29741400,72738960000,44858100,3086411433.33333,33726600,0,206947833.333333,0,0,0,107661733.333333,0,258041700
"Iran (Islamic Republic of)",168574400,0,0,0,0,0,30583333.3333333,26514000,0,6648300,0,0,0,0,0,0,0,0,0,0,0,0,0,0,0,55937766.6666667,0,0,28136666.6666667,0,0,0,0,0,0,0,0,0,0,57496666.6666667,330300000,0,0,0,0,0,0,0,0,0,0,0,0,1565866.66666667,0,0,80672033.3333333,0,0,149485800,0,0,0,0,0,0,0,0,0,0,0,0,0,0,110100,0,41500,0,0,0,0,0,3462934300,149400,0,0,0,3714566.66666667,4146561733.33333,0,0,0,522066.666666667,0,0,283836000,0,0,0,0,0,0,0,29482333.3333333,34121000,0,0,0,0,0,0,0,0,0,0,0,27652966.6666667,0,0,0,0,4465166.66666667,0,0,0,14423100,9403466.66666667,0,0,0,0,0,636133.333333333,0,0,0,0,0,8379833.33333333,0,0,31806666.6666667,0,0,0,0,0,0,1111031333.33333,0,0,0,0,0,0,47122800,0,0,44468166.6666667,0,81162966.6666667,23109733.3333333,0,0,0,8717889266.66667,3670000,0,0,0,1541115366.66667,0,151057200,2652247833.33333,0,0,27887833.3333333,0,0,0,0,0,0,0,0,0,0,0,1553633.33333333,0,0,0,0,0,0
"Iraq",0,0,0,0,0,0,0,0,0,0,0,0,0,0,0,0,0,0,0,0,0,0,0,0,0,0,0,0,0,0,0,0,0,0,0,0,0,0,0,0,0,0,0,0,0,0,0,0,0,0,0,0,0,0,0,0,0,0,0,0,0,0,0,0,0,0,0,0,0,0,0,0,0,0,0,0,0,0,0,0,0,0,0,0,0,0,0,0,0,0,0,0,0,0,0,0,0,0,0,0,0,0,0,0,0,0,0,0,0,0,0,0,0,0,0,0,0,0,0,0,0,0,0,0,0,0,0,0,0,0,0,0,0,0,0,0,0,0,0,0,0,0,0,0,0,0,0,0,0,0,0,0,0,0,0,0,0,0,0,0,0,0,0,0,0,0,0,0,0,0,0,0,0,0,0,0,0,0,0,0,0,0,0,0,0,0,0,0,0,0,0,0,0,0,0
"Ireland",24600,0,0,0,0,0,1892473833.33333,109408500,0,33642233.3333333,0,0,0,0,0,0,246000,0,0,0,12300,186627900,0,0,0,1991848000,0,0,0,0,0,54050500,0,0,0,0,0,0,195452233.333333,0,0,2807483500,0,0,12300,0,135300,0,0,9975300,0,0,7418266.66666667,1204307666.66667,0,0,25128600,0,0,1809555800,0,0,0,186603300,0,0,0,0,0,0,0,2226300,0,0,41184300,122833.333333333,0,0,86100,0,64587300,494818200,0,0,0,7982700,0,0,0,12300,0,17256900,14427900,0,0,0,0,0,12669000,1340700,49200,0,0,55607466.6666667,0,0,439979600,0,12300,61500,0,10505733.3333333,0,0,0,0,2816794600,0,0,0,0,10274133.3333333,0,0,3058333.33333333,255836000,26346600,0,22791900,0,0,0,467400,18694800,779381533.333333,0,0,0,77296633.3333333,0,5524200,0,98400,0,0,0,0,32558100,0,0,0,0,1439100,27799966.6666667,0,343514400,349741833.333333,0,0,0,140207700,600426333.333333,0,0,20600,0,24600,0,0,0,0,8300,8730200,203377033.333333,0,0,845247070133.333,361000,3135554966.66667,0,83320200,0,0,3614500,0,0,0,0,43972500,559466.666666667,36900,332100,0,0,0
"Israel",0,0,0,0,0,331386600,3362007700,201522066.666667,0,0,0,0,0,0,0,0,171378300,0,0,0,0,11890400,0,0,23016933.3333333,3904480566.66667,0,0,0,0,243097200,296442333.333333,39310800,0,0,0,2159866.66666667,0,145758033.333333,27446800,0,1740281133.33333,0,0,0,0,32422800,0,0,0,0,0,1316100,5673358566.66667,0,0,41445700,0,0,3680906966.66667,0,1045500,0,31611000,0,0,1316100,0,0,0,0,18400800,217225966.666667,4993800,0,51524700,0,0,0,0,0,2057924633.33333,0,0,0,371041800,351913533.333333,0,4501800,1709700,0,72671933.3333333,0,0,0,0,0,0,0,77661766.6666667,0,0,0,0,0,0,0,0,7559533.33333333,234537000,0,0,0,0,0,0,3455301200,0,0,0,0,76075500,0,0,5633400,0,0,73770333.3333333,0,0,0,0,25114133.3333333,3899100,1426800,0,0,0,0,0,30159600,0,305611500,0,0,0,0,0,0,0,0,304423200,4637100,91260800,0,1208293366.66667,890155700,0,0,0,70123433.3333333,252615966.666667,0,0,4391100,0,59076700,0,0,0,0,0,300766766.666667,63418800,3099600,0,8387701766.66667,299640800,71118467800,0,58142100,13702200,0,1029400,0,0,0,3308700,3118517800,0,0,0,0,0,0
"Italy",6008648133.33333,154614433.333333,88578507466.6667,17426596400,535015500,6298171033.33333,188125104533.333,190728325766.667,271021766.666667,5299329766.66667,230991933.333333,1099934866.66667,0,21971066.6666667,180194333.333333,15426233.3333333,103790833166.667,0,53962966.6666667,0,508360966.666667,20850723300,299911900,4760100,851398666.666667,154835697100,698847100,8808000,876541333.333333,0,25396052900,141145756900,46389245533.3333,154530166.666667,486808366.666667,43305200,5250374166.66667,3671052500,15054749200,1196405700,1838295933.33333,139648603866.667,371526333.333333,9591674633.33333,9365032033.33333,3987706266.66667,4721534500,593105633.333333,29519033.3333333,6454164100,0,79692266.6666667,38916811500,1375543061900,2932648233.33333,258900066.666667,8438207933.33333,1065702400,30583333.3333333,1939354706133.33,10513880400,746587866.666667,0,105289075100,0,105729200,1965393166.66667,1747214733.33333,14472033.3333333,287728000,937577200,38044166833.3333,67736954566.6667,73264748033.3333,4814887100,18253590466.6667,6077317333.33333,34265733.3333333,4290081900,82819646733.3333,152471742433.333,0,309434933.333333,4721067633.33333,523668100,314090868433.333,16868667600,8969533.33333333,1586750133.33333,1433032933.33333,0,105055495666.667,10731832666.6667,15176640433.3333,140446800,24740009233.3333,0,27977633.3333333,36566605266.6667,23476867700,240557366.666667,333539066.666667,47571233.3333333,11913569700,1064278033.33333,7607192166.66667,64901414100,153500800,2732659600,20835979400,1284146400,16070032966.6667,679707033.333333,6239646366.66667,822843933.333333,1328065733.33333,268780737833.333,0,2947229300,17705246266.6667,30583333.3333333,24921848800,161782800,237742600,405198533.333333,73082508966.6667,2735026366.66667,5048187666.66667,107039172033.333,17505900,583760866.666667,4083764600,10607581566.6667,189216250033.333,56635950366.6667,5904000,0,236408666.666667,9476785800,8612266.66666667,110051158066.667,133161400,128228023800,123397633.333333,22325833.3333333,0,0,198837325900,4673163233.33333,1331259300,19614900,86275392166.6667,28643583900,23535745600,2585376700,60627305900,338223796366.667,230619066.666667,11262300,0,236496346800,242190539633.333,415492933.333333,32141100,21519627300,555476666.666667,20107968866.6667,91822233.3333333,0,286137933.333333,4378891033.33333,94823680333.3333,20218210200,50430183500,360422100,0,1221310857166.67,103947319400,1084297709233.33,27866234966.6667,4371241633.33333,121905900,8757967766.66667,13694329033.3333,3085046500,21367532266.6667,331592533.333333,232986533.333333,299830004866.667,18470192100,56494308133.3333,13728195733.3333,34524400,0,1873879000
"Cote dIvoire",0,0,0,0,0,0,0,0,0,0,0,0,0,0,0,0,0,0,0,0,0,0,0,0,0,12300,0,0,0,0,0,0,0,0,770133.333333333,0,0,0,0,0,89913000,0,0,0,0,0,0,0,602700,0,0,0,0,3626933.33333333,0,0,0,6174600,0,0,0,17204919133.3333,0,0,0,0,0,1228274366.66667,0,0,0,0,0,0,114200,0,0,0,0,0,0,0,0,0,0,0,0,0,0,0,0,0,0,0,0,0,0,2945583966.66667,0,0,0,0,0,0,0,36284124066.6667,0,0,0,0,0,0,0,0,0,0,0,0,0,0,0,0,0,15583952933.3333,0,0,0,0,0,0,0,0,0,0,0,0,0,0,0,0,0,32718000,0,0,0,0,0,0,5322951066.66667,0,0,0,0,0,0,0,0,0,0,0,0,0,0,0,0,0,0,375233566.666667,0,0,0,12300,0,0,0,0,206266.666666667,0,0,219138818133.333,0,0,0,0,0,0,0,0,1218066.66666667,0,0,0,24266.6666666667,0,0
"Kazakhstan",253909800,3422925868633.33,0,0,0,0,0,0,0,0,0,0,0,0,0,0,0,0,0,0,0,301633.333333333,0,0,0,0,0,0,0,0,0,998292836833.333,0,0,0,0,0,0,0,346891813033.333,0,0,0,0,4694774466.66667,0,0,0,0,155866.666666667,0,0,4989403333.33333,0,0,0,62090830033.3333,0,0,979840000,0,0,0,32787343800,0,0,0,0,0,0,0,0,0,0,0,0,0,25576161333.3333,1797371333.33333,33400,0,451264638933.333,0,0,0,0,0,521631636300,0,0,0,24600,0,12397913000,0,5567913600,0,0,0,414160000,0,0,0,1263856000,0,0,0,0,0,0,7735773000,0,0,2564270333.33333,0,0,11327042200,0,0,0,0,0,0,0,0,16356837266.6667,0,0,12300,0,0,0,0,10347427133.3333,0,0,0,0,0,0,24873333.3333333,0,801267954766.667,0,0,0,0,0,0,0,0,0,0,0,0,0,0,0,3604716584233.33,0,10020077933.3333,2120855466.66667,0,413994097400,0,0,0,0,0,0,0,39621072866.6667,287723558233.333,82506666.6666667,0,0,43665378666.6667,178852800,0,0,0,9008748934100,0,15363109333.3333,0,0,0,0,7594046666.66667,0,0,0,0,0,0
"Jamaica",0,0,0,0,361734666.666667,0,12300,49200,54624300,0,2634013666.66667,0,0,0,0,0,0,0,381300,0,0,0,0,0,0,2984341233.33333,0,0,0,0,0,110700,24600,0,0,0,98400,0,0,0,0,0,26023300,19946600,0,0,0,0,0,0,0,0,0,23886600,0,0,0,0,0,0,0,0,0,0,0,823451066.666667,270600,0,4625871433.33333,3702300,12300,0,0,0,0,0,0,0,0,73800,0,0,0,0,0,12300,0,0,0,0,0,12300,0,0,0,0,0,0,0,0,0,0,0,0,0,0,0,0,36174300,0,1820400,0,0,0,0,0,69800,0,0,0,0,0,6014700,0,0,0,0,0,0,0,0,0,49200,0,0,0,0,0,0,0,0,0,0,32250600,136715066.666667,96089233.3333333,0,0,0,0,0,0,0,0,0,12300,0,1530357733.33333,0,0,49200,86100,0,0,0,0,0,0,0,2467336300,0,0,0,12300,0,0,4954669900,270600,16211225600,0,0,0,0,0,0,0,0,0,24600,0,0,0,0,0,0
"Japan",0,0,0,0,0,12493300,6995395600,3199900,0,77586233.3333333,0,0,0,0,0,0,386180866.666667,0,0,0,77842033.3333333,495234900,321924933.333333,0,0,3798145333.33333,0,0,5651966.66666667,0,8216566.66666667,92648031366.6667,1230000,0,0,0,0,0,0,0,0,32595000,0,0,0,0,0,0,0,7280000,0,0,14254533.3333333,1125663633.33333,984000,1751566.66666667,0,0,0,1128687800,0,0,0,0,0,0,0,0,0,0,0,196907737000,0,1724900,0,24792633.3333333,5023074066.66667,0,0,492000,87108800,2075665400,0,0,0,0,5399600,0,5994333.33333333,389537233.333333,0,8181658666.66667,81752400,0,33909000,25165200,0,0,0,2337000,730624300,0,0,86592700033.3333,0,0,0,0,7009700,208484600,218037100,0,159900,0,0,2154066.66666667,2862281066.66667,0,20361066.6666667,0,0,1040352533.33333,0,0,0,98976300,0,0,33675933.3333333,0,4757233.33333333,2927400,1458292666.66667,232512133.333333,322553200,0,0,0,97678666.6666667,0,0,0,506495666.666667,0,0,0,0,2709915600,0,0,0,23509266.6666667,221400,189688168633.333,0,31587300,494706833.333333,0,1525200,0,176503300,449026733.333333,0,0,64230151766.6667,1776200,31151428766.6667,0,0,0,308607000,0,0,990865800,0,0,2087865500,5260333.33333333,39513635866.6667,0,0,0,0,55666065166.6667,244666.666666667,0,0,0,277240266.666667,0,0,0,0,0,0
"Jordan",0,0,0,0,0,0,71122000,0,0,239300666.666667,0,0,0,0,0,0,0,0,0,0,0,0,0,0,0,201818400,0,0,0,0,0,0,0,0,0,0,0,0,0,0,0,82102500,0,0,0,0,348262200,0,0,0,0,0,0,0,0,0,0,0,0,441889800,0,0,0,0,0,0,0,0,0,0,0,0,0,0,0,0,0,0,36514506366.6667,0,1524713600,0,0,0,0,0,0,0,0,0,0,0,1632755200,0,0,1213753400,0,9151200,555049800,0,0,97206066.6666667,0,0,0,0,0,0,0,0,0,970014900,0,0,0,0,173294700,0,0,0,0,0,0,0,0,188448300,0,0,0,0,0,0,0,0,0,0,0,0,791753866.666667,0,0,0,47328612733.3333,0,0,0,0,7978166600,0,0,0,0,0,0,42152100,0,0,0,0,0,81218933.3333333,0,161064776433.333,0,0,0,0,0,0,0,516034200,0,120522800,885481300,0,0,136335200,0,3834942866.66667,0,0,0,0,0,0,5672535600,0,0,47896200,0,0,0,0,0,3479780333.33333
"Kyrgyzstan",0,90219566.6666667,0,0,0,0,0,0,0,0,0,0,0,0,0,0,0,0,0,0,0,0,0,0,0,0,0,0,0,0,0,326695300,0,0,0,0,0,0,0,0,0,0,0,0,0,0,0,0,0,0,0,0,0,0,0,0,356700,0,0,0,0,0,0,0,0,0,0,0,0,0,0,0,0,0,0,0,0,0,0,0,0,0,0,10414807633.3333,0,0,0,0,0,0,0,0,0,0,0,0,0,0,0,0,0,0,0,0,0,0,0,0,0,0,164598600,0,0,0,0,0,0,0,0,0,0,0,0,0,0,0,0,0,0,0,0,0,0,0,0,0,0,0,0,0,0,0,2130485700,0,0,0,0,0,0,0,0,0,0,0,0,0,0,0,743852733.333333,0,0,0,0,81658866.6666667,0,0,0,0,0,0,0,0,0,0,0,0,0,0,22266.6666666667,0,0,180469800,0,0,0,0,0,0,0,0,0,0,0,0,0
"Kenya",0,0,0,61000,0,0,1630033.33333333,0,0,24673800,0,0,0,0,0,109666.666666667,0,0,0,0,0,0,0,282700,307500,292333.333333333,0,836400,0,0,0,530300,0,109200,135300,0,0,0,0,0,0,0,0,0,0,0,0,0,0,0,0,0,0,572833.333333333,0,12300,0,0,0,2160400,0,0,0,0,0,0,0,0,0,0,0,0,0,0,0,1457666.66666667,0,0,0,0,16700000,71800,0,0,0,110133.333333333,0,0,0,0,0,0,0,0,0,0,0,0,0,0,0,0,0,0,0,16600,0,0,1623600,0,0,0,24466.6666666667,0,0,0,12300,0,0,0,0,1230000,0,2912000,467400,0,0,0,0,0,0,0,0,49200,0,0,0,0,6260800,246000,0,1662469766.66667,0,0,0,0,0,0,0,0,0,0,0,1520666.66666667,215304300,602100,0,0,0,0,2499466.66666667,0,0,0,0,255941600,0,0,0,0,0,0,0,36633066.6666667,7264477600,0,38991000,0,42664866.6666667,0,0,0,0,0,12300,17126666.6666667,218187033.333333,0,0,0,0,0,12300,5021480300,0
"Cambodia",0,0,0,0,0,0,6966025100,371697600,0,0,0,0,0,0,0,0,0,0,0,0,0,0,0,0,0,95297666.6666667,0,0,0,0,0,167346933.333333,0,0,0,0,0,0,0,0,0,0,0,0,0,0,0,0,0,0,0,0,0,1038388300,0,0,0,0,0,273610733.333333,0,0,0,120669600,0,0,0,0,0,0,0,369000,0,0,0,0,0,0,0,0,0,322531833.333333,0,0,0,13008233.3333333,0,0,0,0,0,405312866.666667,0,0,0,578100,0,0,0,0,0,0,0,19200300,0,0,0,0,0,0,0,0,0,0,0,0,649712333.333333,0,0,0,0,66149400,0,0,0,11364766.6666667,0,0,38461600,0,0,0,0,0,96300800,0,0,0,0,0,0,0,0,0,0,0,0,0,0,0,0,0,0,43904800,0,0,457967066.666667,0,0,0,16882000,0,0,0,0,0,0,0,0,0,0,0,0,0,0,0,690806700,0,798624200,0,0,0,0,27010800,0,0,0,0,264680400,0,0,0,0,0,0
"Democratic People's Republic of Korea",0,0,0,0,0,0,0,0,0,0,0,0,0,0,0,0,0,0,0,0,0,0,0,0,0,0,0,0,0,0,0,0,0,0,0,0,0,0,0,0,0,0,0,0,0,0,0,0,0,0,0,0,0,0,0,0,0,0,0,0,0,0,0,0,0,0,0,0,0,0,0,0,0,0,0,0,0,0,0,0,0,0,0,0,0,0,0,0,0,0,0,0,0,0,0,0,0,0,0,0,0,0,0,0,0,0,0,0,0,0,0,0,0,0,0,0,0,0,0,0,0,0,0,0,0,0,0,0,0,0,0,0,0,0,0,0,0,0,0,0,0,0,0,0,0,0,0,0,0,0,0,0,0,0,0,0,0,0,0,0,0,0,0,0,0,0,0,0,0,0,0,0,0,0,0,0,0,0,0,0,0,0,0,0,0,0,0,0,0,0,0,0,0,0,0
"Republic of Korea",0,0,146966.666666667,9493366.66666667,0,228444966.666667,17486165633.3333,892163800,0,299774133.333333,0,113510600,0,6851100,64218200,0,1269639866.66667,0,0,773900,135944766.666667,3898866.66666667,538565966.666667,159900,196400,14663048466.6667,0,0,14981066.6666667,0,517732766.666667,47251340166.6667,91218200,0,0,0,35659866.6666667,36900,2127900,0,48800,218183300,0,54574466.6666667,0,25654366.6666667,60881133.3333333,1992600,0,0,0,24931166.6666667,29370966.6666667,2226821166.66667,22078500,367866.666666667,5580600,0,0,9188962100,0,1177518633.33333,602700,23699900,0,0,171347700,638800,0,2886333.33333333,110100,64065872266.6667,35326300,0,0,661595633.333333,19912239300,9298800,75958300,320759233.333333,291609866.666667,800698100,5101600,1280177500,0,19778056866.6667,59176066.6666667,102418500,77980266.6666667,695887166.666667,0,0,1133625033.33333,18942000,123881633.333333,16933033.3333333,0,159366.666666667,11744300,208230533.333333,102856166.666667,3287166.66666667,18351600,7011648200,3234900,0,4277400,0,19101900,327673566.666667,1939132300,5163733.33333333,2742900,19434000,0,96861600,6396988266.66667,0,29593133.3333333,0,5269500,4155701633.33333,31295166.6666667,0,26623533.3333333,130714566.666667,13254733.3333333,48479766.6666667,234292166.666667,38031366.6666667,156503166.666667,283921433.333333,10770888666.6667,913943800,62737133.3333333,0,15585600,0,537449633.333333,0,89255700,538266.666666667,6569642666.66667,0,0,0,0,3377826566.66667,6383433.33333333,11578866.6666667,159900,6665400,94434400,19114449433.3333,0,852153733.333333,826121633.333333,20553300,0,24600,894824700,644644833.333333,0,0,14808421300,11216533.3333333,35177465900,6066866.66666667,0,611666.666666667,81103966.6666667,98133.3333333333,222941766.666667,1767233066.66667,1394833.33333333,0,4918207800,135889800,121421066266.667,0,64292766.6666667,50204833.3333333,0,15821683333.3333,1365300,0,0,9199533.33333333,224491833.333333,0,14796900,0,18324766.6666667,0,0
"Kuwait",0,0,0,0,0,0,3062700,0,0,3837488533.33333,0,0,0,0,0,0,0,0,0,0,0,0,0,0,0,4969200,0,0,24600,0,0,24600,0,0,0,0,0,0,0,0,0,24600,0,0,0,0,43572000,0,0,0,0,0,0,6519000,0,14589533.3333333,0,0,0,60666.6666666667,0,0,0,0,0,0,0,0,0,0,0,0,0,0,0,0,0,344636866.666667,28096034533.3333,77766.6666666667,0,0,0,0,0,0,3122400666.66667,0,0,0,0,5867100,0,0,0,9248400,0,0,126788400,0,0,0,0,0,0,0,0,0,0,0,0,0,0,0,0,0,9286500,0,0,0,0,0,0,0,0,10860900,1340700,0,0,0,0,0,0,0,0,0,0,0,15549283466.6667,0,0,270600,0,0,0,0,0,295691360533.333,0,0,0,0,0,0,1722000,0,19772033.3333333,0,0,0,24600,53500,0,0,0,0,12300,0,0,0,225332800,0,24600,22264169000,0,0,0,0,59667300,0,0,0,0,0,171266.666666667,72349100,0,0,0,0,0,0,24969000,0,6113100
"Latvia",7650600,0,0,580155194400,0,0,41270700,127799433.333333,0,30498967200,0,0,0,0,0,0,160072200,0,0,0,0,39356266.6666667,0,3.34e+09,3256975633.33333,45103266.6666667,0,0,0,725705800,137582966.666667,231184600,0,0,25862360733.3333,0,10602600,0,304514500,2467233.33333333,16301120000,35207278366.6667,0,0,7710900,0,73480200,0,727393333.333333,98537531500,0,0,117913979933.333,42183901400,490189666.666667,0,15830100,131055700,2344152633.33333,270228222833.333,0,98672776000,0,247462333.333333,0,0,0,0,58720000,0,0,2899600200,10405300,7761300,12300,647657133.333333,10614900,0,8302500,49331985100,108124073300,203876333.333333,1857552666.66667,193289300,0,4526246333.33333,922598300,0,391454803866.667,0,0,35614401966.6667,5112800,0,0,209100,0,0,34942728600,264456847133.333,0,3.674e+10,1.67e+09,208527333.333333,3530100,0,18942255233.3333,117934809933.333,0,0,14830600,308154143266.667,118705470400,22501900,293477666.666667,0,180862228666.667,0,0,21795600,0,6313578866.66667,0,1.837e+10,2521710788200,35046117466.6667,0,0,419290733.333333,2796633.33333333,0,0,4477200,14384091666.6667,83519619900,0,0,0,19409400,2393666666.66667,115472400,3.34e+09,3797453500,0,0,0,0,1148509327500,13581568000,0,34202880800,6197600,25934133.3333333,27279787633.3333,213618466.666667,507670048566.667,353850700666.667,418945533.333333,258300,0,74982473733.3333,56225900133.3333,0,0,2134200,4.2752e+10,47828679533.3333,33030000,0,0,0,0,482884398000,60570885933.3333,7069666666.66667,0,277632189733.333,4442900933.33333,631849600,0,60510933.3333333,11046466.6666667,0,0,0,0,51402600000,0,14663678000,467400,0,0,7.348e+10,0,31340400
"Lao People's Democratic Republic",0,0,0,0,0,0,0,0,0,0,0,0,0,0,0,0,0,0,0,0,0,0,0,0,0,0,0,0,0,0,0,0,0,0,0,0,0,0,0,0,0,0,0,0,0,0,0,0,0,0,0,0,0,0,0,0,0,0,0,0,0,0,0,0,0,0,0,0,0,0,0,0,0,0,0,0,0,0,0,0,0,0,0,0,0,0,0,0,0,0,0,0,0,0,0,0,0,0,0,0,0,0,0,0,0,0,0,0,0,0,0,0,0,0,0,0,0,0,0,0,0,0,0,0,0,0,0,0,0,0,0,0,0,0,0,0,0,0,0,0,0,0,0,0,0,0,0,0,0,0,0,0,0,0,0,0,0,0,0,0,0,0,0,0,0,0,0,0,0,0,0,0,0,0,0,0,0,0,0,0,0,0,0,0,0,0,0,0,0,0,0,0,0,0,0
"Lebanon",0,0,258300,70886666.6666667,0,0,638316533.333333,3911400,0,244807700,0,0,0,0,307500,0,9294333.33333333,0,0,0,0,49200,0,0,21013766.6666667,342254666.666667,0,27786333.3333333,0,1831033.33333333,886566.666666667,2939700,12719300,0,107968166.666667,0,0,0,102766933.333333,0,31880133.3333333,52033400,655200,0,0,0,89962200,0,22296633.3333333,0,0,0,0,234068566.666667,0,159469500,0,159920666.666667,20290633.3333333,817507033.333333,0,196450300,0,876100,0,0,0,124411833.333333,307500,0,0,1980300,0,0,0,0,971700,13689900,8035117100,713400,0,512066233.333333,314510300,0,0,3111900,13509444800,0,5041300,0,0,0,616670000,0,0,0,0,149202766.666667,380261866.666667,0,0,0,1066700,21274733.3333333,13593800,27367000,1168500,1866500,0,0,0,7424366.66666667,10172100,0,0,0,4803301866.66667,0,0,0,0,4821600,0,2422866.66666667,118828500,13001100,0,62794033.3333333,184500,0,5833533.33333333,196800,0,0,0,0,0,0,512669033.333333,0,1074900,0,329600,0,0,13566900,3480900,4153336733.33333,123176166.666667,24600,60386466.6666667,4218900,0,9201200,11429600,7180100,1082400,0,0,3726900,521067833.333333,52959300,946716200,0,0,602366.666666667,0,57990966.6666667,0,1645333.33333333,1199374866.66667,6150000,3274386800,1037200100,5424300,0,279686200,0,450061466.666667,52518700,1697400,0,1056942266.66667,0,0,2174011366.66667,0,45117633.3333333,68027633.3333333,6334500,24050733.3333333,0,5461200,0,0
"Lesotho",0,0,0,0,0,0,0,0,0,0,0,0,0,0,0,0,0,0,0,0,0,0,0,0,0,0,0,0,0,0,0,0,0,0,0,0,0,0,0,0,0,0,0,0,0,0,0,0,0,0,0,0,0,0,0,0,0,0,0,0,0,0,0,0,0,0,0,0,0,0,0,0,0,0,0,0,0,0,0,0,0,0,0,0,0,0,0,0,0,0,0,0,0,0,0,0,0,0,0,0,0,0,0,0,0,0,0,0,0,0,0,0,0,0,0,0,0,0,0,0,0,0,0,0,0,0,0,0,0,0,0,0,0,0,0,0,0,0,0,0,0,0,0,0,0,0,0,0,0,0,0,0,0,0,0,0,0,0,0,0,0,0,0,0,0,0,0,0,0,0,0,0,0,0,0,0,0,0,0,0,0,0,0,0,0,0,0,0,0,0,0,0,0,0,0
"Liberia",0,0,0,0,0,0,0,0,0,0,0,0,0,0,0,0,0,0,0,0,0,0,0,0,0,0,0,0,0,0,0,0,0,0,0,0,0,0,0,0,0,0,0,0,0,0,0,0,0,0,0,0,0,0,0,0,0,0,0,0,0,0,0,0,0,0,0,0,0,0,0,0,0,0,0,0,0,0,0,0,0,0,0,0,0,0,0,0,0,0,0,0,0,0,0,0,0,0,0,0,0,0,0,0,0,0,0,0,0,0,0,0,0,0,0,0,0,0,0,0,0,0,0,0,0,0,0,0,0,0,0,0,0,0,0,0,0,0,0,0,0,0,0,0,0,0,0,0,0,0,0,0,0,0,0,0,0,0,0,0,0,0,0,0,0,0,0,0,0,0,0,0,0,0,0,0,0,0,0,0,0,0,0,0,0,0,0,0,0,0,0,0,0,0,0
"Libya",0,0,0,0,0,0,0,0,0,0,0,0,0,0,0,0,0,0,0,0,0,0,0,0,0,12300,0,0,0,0,0,0,0,0,0,0,0,0,0,0,0,0,0,0,0,0,0,0,0,0,0,0,0,48533.3333333333,0,0,0,0,0,0,0,0,0,0,0,0,0,0,0,0,0,0,0,0,0,0,0,0,0,0,0,103479900,0,0,0,0,36900,0,0,0,0,0,0,0,0,0,0,0,0,0,0,0,0,0,0,0,0,0,0,0,0,0,0,0,0,0,0,0,0,0,0,0,0,12294833.3333333,0,0,0,0,0,0,0,0,0,0,0,0,0,0,0,0,0,0,0,0,0,0,0,0,0,0,0,0,0,0,0,0,0,0,0,0,0,0,0,0,0,0,0,0,0,0,0,0,23136300,0,0,0,0,0,0,0,0,0,0,0,0,0,0,0,0,0,0,0,0,0,0
"Lithuania",13568133.3333333,290749766.666667,0,523092096000,0,0,349290900,2125596166.66667,0,3784800,0,0,0,0,0,813626766.666667,0,0,0,0,0,1707665300,0,0,25606666666.6667,697446000,0,0,0,0,2632200,664019960133.333,0,0,0,0,0,0,650485500,170566100,0,33210066166.6667,0,0,9004205633.33333,0,144866933333.333,0,1920833.33333333,20091518166.6667,0,0,11271428066.6667,36594173800,0,0,883888400,0,0,243001000066.667,13161000,8.016e+10,0,383620033.333333,0,0,0,36748192466.6667,0,32293201933.3333,0,8481533.33333333,150055766.666667,138940000,124913700,121431733.333333,0,996300,0,16013017833.3333,248125109000,95664257100,0,1251987866.66667,0,1539432266.66667,206669933.333333,82956700,212253058800,0,0,3801200,0,1446200597633.33,0,0,0,0,33401545800,0,0,0,0,0,0,0,2599705400,0,23082300,0,15830100,104687612866.667,57893333333.3333,71561400,0,0,207373825333.333,0,0,6457500,0,67644100,0,0,2132737327400,24128850400,0,0,7085676600,0,0,6100800,0,59063643400,56611204800,0,0,0,824100,0,650196700,0,38468823533.3333,0,0,0,0,1275641920633.33,25389113533.3333,0,3179164933.33333,25547100,1072017700,257201733.333333,0,1105966088933.33,921742586766.667,0,68986066.6666667,0,21997223966.6667,213181600,0,3640000,569572433.333333,82386666666.6667,7041992533.33333,30333333.3333333,0,0,30534400,0,657832543900,374367133.333333,41521766666.6667,0,153787483366.667,5977592600,7051731433.33333,0,0,165356066.666667,0,79247234233.3333,0,0,0,0,5987227500,8350000,41737066.6666667,418200,536344749000,0,1241361333.33333
"Macao SAR, China",0,0,0,0,0,0,0,0,0,0,0,0,0,0,0,0,0,0,0,0,0,0,0,0,0,42582600,0,0,0,0,0,567775066.666667,0,0,0,0,0,0,0,0,0,0,0,0,0,0,0,0,0,0,0,0,0,0,0,0,0,0,0,0,0,0,0,0,0,0,0,0,0,0,0,965639633.333333,0,0,0,0,0,0,0,0,0,0,0,0,0,0,0,0,0,0,0,0,0,0,0,0,0,0,0,0,0,0,0,7170900,0,0,0,0,0,0,0,0,0,0,0,0,0,0,0,0,0,0,0,0,0,0,0,0,0,0,0,0,1143900,0,0,0,0,0,0,0,0,0,0,0,0,0,0,0,0,0,0,0,0,2263200,0,0,0,0,0,0,0,0,0,0,20836200,0,0,0,0,0,0,0,0,0,0,0,0,0,84820800,0,0,0,0,0,0,0,0,0,0,0,0,0,0,0,0
"Madagascar",0,0,0,0,0,0,0,0,0,0,0,0,0,0,0,0,0,0,0,0,0,0,0,0,0,0,0,0,0,0,0,0,0,82117600,0,0,0,0,0,0,0,0,0,0,0,0,0,0,0,0,0,0,0,321741733.333333,0,0,0,0,0,12300,0,0,0,0,0,0,0,0,0,0,0,0,0,0,0,0,0,0,0,0,0,0,0,0,0,0,0,0,0,0,0,0,0,0,0,0,0,0,0,0,0,0,0,0,0,0,0,0,107157433.333333,0,0,0,0,0,0,0,0,0,0,0,0,0,0,0,0,0,0,0,0,0,0,0,0,0,0,0,0,0,0,31708800,0,0,0,0,0,0,0,0,0,0,0,0,0,0,0,0,0,0,0,0,0,0,0,0,0,0,0,0,0,0,0,0,0,0,0,0,0,0,0,0,0,0,0,0,0,0,0,0,61500,0,0,0,0,0,0
"Malawi",0,0,0,0,0,0,0,0,0,0,0,0,0,0,0,0,0,0,0,0,0,0,0,0,0,0,0,0,0,0,0,0,0,0,0,0,0,0,0,0,0,8300,0,0,0,0,0,0,0,0,0,0,0,0,0,0,0,0,0,0,0,0,0,0,0,0,0,0,0,0,0,0,0,0,0,0,0,0,0,0,0,0,0,0,0,0,0,0,0,0,0,0,0,0,0,0,0,0,0,0,0,0,0,0,0,0,0,0,0,0,0,0,180421900,0,0,0,0,0,0,0,0,0,0,0,0,0,0,0,0,0,0,0,0,0,0,0,0,0,0,0,0,0,0,0,0,0,0,0,0,0,0,0,0,0,0,2829000,0,0,0,0,0,0,0,0,0,0,0,0,0,0,0,0,0,0,0,0,123000,0,61500,0,0,0,0,0,0,0,0,3075000,0,0,0,0,0,0,0
"Malaysia",0,0,38781900,1273505100,0,339996600,53670035833.3333,0,160714133.333333,1978435700,0,2215564766.66667,0,81708900,0,0,2441033400,0,0,2115978066.66667,40194577633.3333,8314800,63219786166.6667,0,92951100,5401320666.66667,0,0,704877633.333333,0,520732800,52902499500,5670300,296651400,417681100,0,11955600,173233200,4846200,29679900,0,2742900,0,20823900,0,58584900,391361400,0,102643500,661592400,0,467639500,82323900,2998559400,667201200,63099000,83898300,132840000,120736800,437560200,0,776351400,140820900,7392300,0,0,0,58707900,202125900,0,0,15529236500,0,0,2546100,12191786333.3333,42559195733.3333,247512900,3562535100,155559900,0,851811900,12213900,230379000,22238400,49712033500,2857007100,0,346626300,6531640866.66667,0,46184177400,2257154400,138731700,41352600,1183727400,0,160515000,1178610600,22521300,495120500,153737700,0,0,7297897900,651900,17958000,8708400,8954484700,496590900,224253600,421926900,0,0,0,822820800,540460266.666667,0,558297000,0,342591900,11370313000,0,9225000,619319633.333333,21173300,2302810800,141640266.666667,135300,5905939533.33333,175816200,63197400,26313242733.3333,0,233909100,3407100,336768433.333333,0,3157650900,0,117784800,0,5406927500,0,0,0,0,15918487833.3333,31734000,1138507266.66667,109519200,0,0,406700793666.667,13603800,3686285400,1429215500,225446700,0,0,2521500,3591600,0,0,33813809666.6667,130982700,113647110800,192704100,159838500,349221600,5548442100,3628500,2187825600,11773115766.6667,34636800,7970400,9250403000,303502400,33533519700,0,25473300,34317000,52262700,23143694966.6667,45352433.3333333,886000633.333333,180029200,0,170785400,0,0,0,0,0,102840300
"Maldives",0,0,0,0,0,0,61500,0,0,0,0,0,0,0,0,0,0,0,0,0,0,0,0,0,0,0,0,0,220833.333333333,0,0,0,0,0,0,0,0,0,0,0,0,0,0,0,0,0,0,0,0,0,0,0,0,0,0,0,0,0,0,0,0,0,0,0,0,0,0,0,0,0,0,0,0,0,0,0,0,0,0,12300,0,0,0,0,0,0,0,0,0,0,0,0,0,0,0,0,0,0,0,0,0,0,0,697009400,0,0,0,0,0,0,0,0,0,0,0,0,0,0,0,0,0,0,0,0,0,0,0,0,0,0,0,0,0,0,0,0,0,0,0,0,0,0,0,0,0,0,0,0,0,0,0,0,0,184433.333333333,0,0,0,0,0,0,0,0,0,0,0,0,49000,0,0,0,0,0,0,0,0,0,0,0,0,0,0,0,0,0,0,0,0,0,0,0,0,0,0,0,0
"Mali",0,0,0,0,0,0,61573800,0,0,541200,0,0,0,0,0,0,0,0,0,0,0,0,0,0,0,0,0,0,0,0,0,0,0,0,0,0,0,0,0,0,639600,0,0,0,0,0,0,0,0,0,0,0,0,36168233.3333333,0,0,0,0,0,0,0,0,0,0,0,0,0,0,0,0,0,0,0,0,0,0,0,0,0,0,0,179852400,0,0,0,0,0,0,0,0,0,0,0,0,0,0,0,0,0,0,0,0,0,0,0,0,0,154242000,0,0,0,0,0,0,0,0,0,0,0,0,0,0,0,109916666.666667,0,0,0,0,0,0,0,0,0,0,0,0,0,0,0,0,0,0,0,0,0,0,0,0,0,0,0,0,0,0,0,0,246173200,0,0,0,0,184500,0,0,0,0,0,0,0,0,0,0,0,0,0,0,0,0,7041533.33333333,995958633.333333,0,0,0,0,0,0,0,0,0,0,0,0,0,0,0
"Malta",0,0,0,0,0,0,2284033.33333333,0,18253200,19409400,0,0,0,0,0,0,836400,0,0,0,0,0,0,0,0,1201353300,0,0,0,0,0,9249600,0,0,0,0,0,0,140386033.333333,0,0,0,0,0,0,0,0,0,0,0,0,0,0,6334500,0,0,0,0,0,0,0,36700,0,0,0,0,257900,0,0,0,0,13370100,0,0,0,0,0,0,0,479343300,0,68129133.3333333,0,0,0,0,60270000,0,0,0,0,0,43874100,0,0,217864500,0,0,322870866.666667,0,0,0,0,0,0,0,0,0,226012500,0,0,0,0,0,0,0,0,0,0,0,0,16555800,0,0,6592800,0,0,0,0,0,0,0,0,0,0,0,0,0,88633800,0,0,0,0,0,0,0,0,9889200,0,7429200,0,0,0,6974100,0,0,16359000,0,0,0,0,119396100,0,0,0,0,0,0,0,0,573057000,0,79925400,103061700,0,0,419544400,0,6801900,0,0,0,0,0,0,9729300,0,0,6531300,0,0,0,0,0,0
"Mauritania",0,0,0,0,0,0,0,0,0,0,0,0,0,0,0,0,0,0,0,0,0,0,0,0,0,0,0,0,0,0,0,0,0,0,0,0,0,0,0,0,0,0,0,0,0,0,0,0,0,0,0,0,0,1092000,0,0,0,0,0,0,0,0,0,0,0,0,0,0,0,0,0,0,0,0,0,0,0,0,0,0,0,0,4674000,0,0,0,0,0,0,0,0,0,0,0,0,0,0,0,0,0,0,0,0,0,0,0,0,0,0,0,0,0,0,0,0,0,0,0,0,0,0,0,0,0,0,0,0,0,0,0,0,0,0,0,0,0,0,0,0,0,0,0,0,0,0,0,0,0,23616000,0,0,0,0,0,0,0,0,0,0,0,0,0,0,0,0,0,0,0,0,0,0,0,0,0,0,0,0,0,0,0,0,0,0,0,0,0,0,0,0,0,0,0,0,0,0
"Mauritius",0,0,0,0,36900,0,66618133.3333333,0,0,0,0,4865466.66666667,0,0,0,0,0,0,0,0,0,0,0,0,0,7180966.66666667,0,0,0,0,0,11586600,0,8193789800,0,0,0,0,0,0,0,0,0,0,0,0,0,0,0,0,0,0,0,24922724666.6667,0,0,0,0,0,331366.666666667,0,0,0,0,0,0,0,0,0,0,0,21156000,0,0,0,12760500,0,0,0,243226800,0,9938400,0,0,0,330633.333333333,0,0,0,0,0,0,0,0,0,0,0,0,0,0,0,7994324400,30534400,8152900,0,0,0,0,0,0,0,0,0,0,0,0,12775366.6666667,0,0,0,0,0,0,0,0,0,0,0,0,0,0,0,0,0,0,0,0,0,0,580765266.666667,0,0,17035500,0,0,0,0,1734300,0,4244968300,0,0,0,242666.666666667,0,1152882266.66667,2029500,0,0,0,0,799500,0,0,428166.666666667,52211866.6666667,504300,0,0,0,0,5682600,120263033.333333,8753766.66666667,0,0,95113966.6666667,0,0,0,0,0,0,0,0,2663533.33333333,0,0,45633000,147533.333333333,0,0,0,0,0
"Mexico",0,0,0,687375640600,0,0,0,0,13776000,0,0,0,0,0,0,0,0,0,19730396133.3333,0,0,0,0,0,0,62617335400,0,0,0,0,10503339000,11943300,6346763733.33333,0,0,0,5250254066.66667,2013272433.33333,0,0,0,0,0,8152353900,0,168227100,0,14421103366.6667,0,0,0,0,0,0,0,0,0,0,0,185102700,0,0,0,0,0,0,152644072133.333,0,0,1245510933.33333,14085830166.6667,0,0,0,0,0,0,0,0,0,0,0,0,0,274856866.666667,156320700,0,0,0,0,0,96825600,0,0,0,0,0,0,0,0,0,0,0,0,0,0,0,0,0,0,0,0,0,0,0,0,232556100,0,0,0,0,0,1806476400,0,16279115466.6667,0,0,16747794200,0,0,0,417695700,0,0,0,0,0,0,0,0,0,0,0,0,0,0,0,0,0,0,0,0,0,0,0,0,62151900,0,0,0,0,0,0,0,0,0,0,0,0,25534800,0,0,583869029466.667,413931900,0,0,127821600,0,2585106178600,0,0,0,122770293833.333,0,0,0,0,0,0,0,0,0,0,0,0
"Mongolia",0,0,0,0,0,0,0,0,0,0,0,0,0,0,0,0,0,0,0,0,0,0,0,0,0,0,0,0,0,0,0,156228166.666667,0,0,0,0,0,0,0,0,0,0,0,0,0,0,0,0,0,0,0,0,0,0,0,0,0,0,0,8300,0,0,0,0,0,0,0,0,0,0,0,0,0,0,0,0,0,0,0,0,0,0,0,0,0,0,0,0,0,0,0,4932300,0,0,0,0,0,0,0,0,0,0,0,0,0,0,0,0,0,0,0,0,0,0,0,0,0,0,0,0,0,0,0,0,0,0,0,0,0,0,0,0,0,0,0,0,0,0,0,0,0,0,24478900,0,0,0,0,0,0,0,0,0,0,0,0,0,0,0,0,0,3480900,36900,0,0,0,0,0,0,0,0,0,0,0,0,0,0,0,0,31412000,0,0,0,0,0,0,0,0,0,0,0,0,0,0,0,0
"Morocco",0,0,0,13456200,0,856333.333333333,0,0,0,66889266.6666667,0,0,0,0,0,0,0,0,0,0,0,0,0,0,224045633.333333,1692827900,442800,306396066.666667,0,343248800,0,0,0,68252200,0,0,0,0,403200,0,7872875000,184000,0,0,0,0,0,0,202316533.333333,0,0,0,0,4716741400,0,0,0,295428866.666667,954964433.333333,51717133.3333333,0,0,0,0,0,0,0,16919720600,0,0,0,72966.6666666667,0,0,159900,73800,0,0,0,836400,0,898875133.333333,242171800,0,0,49593600,273306000,0,0,0,0,12294500,3303000,0,0,14871666.6666667,0,3469630233.33333,349000200,0,0,0,0,0,0,12017100,0,7746474933.33333,0,0,0,0,0,0,0,0,217405400,0,0,0,0,0,0,75125400,0,16648266.6666667,9395200,0,0,0,0,0,0,26913333.3333333,21018000,66867400,0,0,28041600,0,113971800,0,603544133.333333,0,0,0,0,3339825500,10651405933.3333,0,134603066.666667,0,0,12300,0,0,6289708833.33333,0,0,516600,39405900,0,0,0,0,0,0,4740767033.33333,0,0,38021466.6666667,566771700,819512100,244375133.333333,0,0,156828166.666667,0,783193400,134026833.333333,0,0,1186633.33333333,0,0,244204200,8523900,0,2807568633.33333,0,0,0,1254600,0,106026000
"Mozambique",0,0,0,0,0,0,0,0,0,0,0,0,0,0,0,0,0,0,0,0,0,0,0,0,0,0,0,0,0,0,0,0,0,0,0,0,0,0,0,0,0,0,0,0,0,0,0,0,0,0,0,0,0,0,0,0,0,0,0,0,0,0,0,0,0,0,0,0,0,0,0,0,0,0,0,0,0,0,0,0,0,0,0,0,0,0,0,0,0,0,0,0,0,0,0,0,0,0,0,0,0,0,0,0,0,0,0,0,0,0,0,0,0,0,0,0,0,0,0,0,0,0,0,0,0,0,0,0,0,0,0,0,0,0,0,0,0,0,0,0,0,0,0,0,0,0,0,0,0,0,0,0,0,0,0,0,0,0,0,0,0,0,0,0,0,0,0,0,0,0,0,0,0,0,0,0,0,0,0,0,0,0,0,0,0,0,0,0,0,0,0,0,0,0,0
"Republic of Moldova",30270300,15522600,0,0,0,0,43869633.3333333,563346666.666667,0,0,0,5005282100,0,0,0,0,0,0,0,0,0,862029300,14066899866.6667,0,401733.333333333,440204600,0,0,0,0,0,0,0,0,0,0,54853933.3333333,0,11093730966.6667,6457500,0,41362133.3333333,0,0,174057300,0,7571869066.66667,0,0,8371197866.66667,0,0,0,32538033.3333333,0,0,831184800,0,0,2706104033.33333,0,0,0,209144034133.333,0,0,0,0,0,0,0,258300,0,0,0,0,134910738466.667,0,16113000,109582000,14873421600,267979555100,0,0,0,0,246000,0,0,2641628266.66667,0,20012100,0,437363400,2017200,73219603900,0,0,15498000,0,0,12300,0,79833581800,897900,0,24266.6666666667,0,0,0,0,0,0,0,0,0,4067151400,0,0,27109200,0,0,0,0,6974100,183820000,0,0,38165566.6666667,0,0,0,2941738400,1873540300,0,0,0,0,0,0,107585113500,0,190006933.333333,0,0,0,0,615000,0,0,0,0,16887816933.3333,354407400,0,0,209973300,0,67007666.6666667,0,57441000,346419623000,31256543866.6667,0,19498223800,0,4620756400,0,0,0,0,13459220266.6667,367723308633.333,11562000,0,0,18248994700,2674685633.33333,2062517833.33333,0,0,0,0,1114446666.66667,0,0,0,0,0,0,244437900,0,0,0,0
"Namibia",0,0,0,0,0,0,208785700,0,0,0,0,0,0,0,0,37107833.3333333,0,0,0,0,0,0,0,0,0,24600,0,0,0,0,0,0,0,0,0,0,0,0,69800,0,0,24466.6666666667,0,0,0,0,0,0,0,0,0,0,0,0,0,0,0,0,0,121500,0,0,0,12233.3333333333,0,0,0,0,0,0,0,0,0,0,0,0,0,0,0,0,0,12233.3333333333,0,0,0,12133.3333333333,0,0,0,0,0,0,0,0,564400,0,0,135300,0,319000,0,0,0,0,0,0,0,0,0,0,0,0,0,0,0,24266.6666666667,24266.6666666667,0,0,0,0,0,0,0,0,0,0,0,0,0,0,0,0,0,0,0,0,0,0,105916333.333333,0,0,0,0,0,24600,0,0,0,24533.3333333333,0,0,0,0,0,22305858000,123000,0,0,0,0,0,0,0,0,0,0,0,0,0,0,0,0,0,12233.3333333333,0,245933.333333333,0,86100,0,0,0,0,0,0,0,34914500,4502134033.33333,0,0,0,0,0,0,0
"Nepal",0,0,0,0,0,0,1539237400,0,0,0,0,0,0,0,0,0,0,0,0,0,0,0,0,0,0,137392566.666667,0,0,0,0,0,741103466.666667,0,0,0,0,0,0,0,0,0,0,0,0,0,0,0,0,0,0,0,0,0,0,0,0,0,0,0,852997600,0,0,0,0,0,0,0,0,0,0,0,125783133.333333,0,0,0,14593987433.3333,0,0,0,0,0,82770733.3333333,0,0,0,1219894333.33333,0,0,0,0,0,29506800,0,0,0,0,0,0,0,0,0,0,0,221851300,0,0,0,0,0,0,0,0,0,0,0,0,0,0,0,0,0,6324633.33333333,0,0,0,0,0,0,0,0,0,0,0,0,13615700,0,0,0,46816966.6666667,0,0,0,0,0,0,0,0,50646000,0,0,0,0,0,14068333.3333333,0,0,0,0,0,0,0,0,0,0,0,0,24466.6666666667,0,0,0,0,0,0,0,0,0,174684966.666667,0,1601102000,0,0,0,0,0,0,0,0,0,59509866.6666667,0,0,0,0,0,0
"Netherlands",6012300,545784200,358123466.666667,775748700,73800,15555133.3333333,21999674066.6667,25659093266.6667,699333.333333333,505536366.666667,29387933.3333333,235312266.666667,0,0,1094700,0,1972073933.33333,0,0,270600,159289100,4513351333.33333,16359000,12466300,56876168566.6667,4722469133.33333,548378300,212269233.333333,280468333.333333,74399133.3333333,25183857533.3333,3319959100,1369411166.66667,11414400,1649364233.33333,0,538578266.666667,151666666.666667,3193436700,2644500,1505236066.66667,83482936066.6667,1697400,228213000,80121100,51737100,845209133.333333,25768500,225605066.666667,1558178566.66667,1123490133.33333,2115600,38538556900,279949166666.667,21614418033.3333,1904830633.33333,136421266.666667,706175200,495777433.333333,1091654026466.67,602710966.666667,453241466.666667,332100,22588030733.3333,0,17037366.6666667,8179500,60791533.3333333,7798182700,669172300,12300,3144067133.33333,12483976500,3781980800,6218380233.33333,1791405066.66667,138282200,270600,1084452333.33333,101298832933.333,15202758333.3333,54897294533.3333,216722200,71295000,2643400,11793543033.3333,1035596633.33333,0,66930366.6666667,0,0,10657916166.6667,3448635866.66667,3733794333.33333,3075000,651848900,0,179713733.333333,419200000,2760132500,123000,88277100,1906500,4655432066.66667,96235433.3333333,754437900,2246608033.33333,41807700,142900766.666667,361258633.333333,39695233.3333333,35589677400,104460033.333333,113327700,577100,2386200,0,0,77427633.3333333,179899800,0,2940679266.66667,0,114216466.666667,537875166.666667,58758351933.3333,23241166.6666667,243889100,20905805400,381300,13234800,117299933.333333,1387555466.66667,49113582333.3333,13839978400,92762670000,0,92013733.3333333,1813911366.66667,11428566.6666667,16695465733.3333,3763800,2746696533.33333,0,5473500,0,1696252233.33333,17047106600,217691566.666667,21190266.6666667,52540769200,3814342566.66667,3982466366.66667,1548456400,204417833.333333,7215098233.33333,70421154300,21203019933.3333,0,0,80759423000,19540337300,12497333333.3333,0,173541366.666667,18709286900,297224800,77070033.3333333,0,152331366.666667,847589433.333333,133197566.666667,7684567900,11067373866.6667,49138366.6666667,0,402235806333.333,9316076833.33333,49398872533.3333,148047100,55909266.6666667,159900,55285300,45251100,33529800,46899900,31817430433.3333,32976300,1034096575966.67,4354609266.66667,2978361466.66667,217402500,44679566.6666667,0,624544800
"Netherlands Antilles",0,0,0,0,0,0,0,0,0,0,0,0,0,0,0,0,0,0,0,0,0,0,0,0,0,0,0,0,0,0,0,0,0,0,0,0,0,0,0,0,0,0,0,0,0,0,0,0,0,0,0,0,0,0,0,0,0,0,0,0,0,0,0,0,0,0,0,0,0,0,0,0,0,0,0,0,0,0,0,0,0,0,0,0,0,0,0,0,0,0,0,0,0,0,0,0,0,0,0,0,0,0,0,0,0,0,0,0,0,0,0,0,0,0,0,0,0,0,0,0,0,0,0,0,0,0,0,0,0,0,0,0,0,0,0,0,0,0,0,0,0,0,0,0,0,0,0,0,0,0,0,0,0,0,0,0,0,0,0,0,0,0,0,0,0,0,0,0,0,0,0,0,0,0,0,0,0,0,0,0,0,0,0,0,0,0,0,0,0,0,0,0,0,0,0
"New Caledonia",0,0,0,0,0,0,0,0,0,0,0,0,0,0,0,0,0,0,0,0,0,0,0,0,0,0,0,0,0,0,0,0,0,0,0,0,0,0,0,0,0,0,0,0,0,0,0,0,0,0,0,0,0,12300,176918800,0,0,0,0,0,0,0,0,0,0,0,0,0,0,0,0,0,0,0,0,0,0,0,0,0,0,0,0,0,0,0,0,0,0,0,0,12300,0,0,0,0,0,0,0,0,0,0,0,0,0,0,0,0,0,0,0,0,0,0,0,0,0,0,0,0,0,0,0,0,0,0,0,0,0,0,0,0,0,0,0,0,0,0,0,0,0,0,0,0,0,0,0,0,0,0,0,0,0,0,0,0,0,0,0,0,0,0,0,0,0,0,0,0,0,0,0,0,0,0,0,0,0,0,0,0,0,0,0,0,0,0,0,0,0,0,0,0,0,0,0
"The former Yugoslav Republic of Macedonia",0,0,4807410266.66667,87182400,0,0,397866766.666667,407695800,0,489933.333333333,3124200,3948100,0,0,0,0,0,0,0,0,0,5524925200,0,0,0,301124966.666667,0,0,0,0,12300,22287600,0,0,9778500,0,0,0,238829100,0,12300,284093100,0,0,0,0,0,0,0,24600,0,0,17994900,445358033.333333,0,0,0,0,0,1915331266.66667,5946387000,4932300,0,30627522466.6667,0,0,0,0,0,0,0,26678700,2080102200,11742379500,209100,0,0,0,338680500,246000,320436733.333333,2438942400,0,0,0,19261800,0,0,28699933.3333333,3321000,0,0,0,31488000,0,84938300,0,0,488575000,1451400,0,0,0,0,0,0,102435000,3075000,4140566.66666667,0,602700,29077200,0,9766200,0,0,263650500,0,0,0,0,12607500,0,0,0,322688066.666667,0,0,1648042400,0,0,0,5018400,105755400,35104200,0,0,0,26457300,0,18146706600,0,100871066.666667,0,0,0,0,51431066.6666667,0,0,0,3648081266.66667,373735500,1193100,0,0,299406600,1808100,0,0,663385266.666667,619870800,0,0,4932300,0,0,0,0,5153700,885600,0,440573700,10651800,0,0,722098866.666667,1291500,1050062400,0,0,0,24600,0,0,0,0,0,276344100,14477100,12489509166.6667,1628687566.66667,0,0,14600100
"Vanuatu",0,0,0,0,0,0,4637100,0,0,0,0,0,0,0,0,0,0,0,0,0,0,0,0,0,0,0,0,0,0,0,0,0,0,0,0,0,0,0,0,0,0,0,0,0,0,0,0,0,0,0,0,30857733.3333333,0,0,0,0,0,0,0,0,0,0,0,0,0,0,0,0,0,0,0,0,0,0,0,0,0,0,0,0,0,0,0,0,0,0,0,0,0,0,0,0,0,0,0,0,0,0,0,0,0,0,0,0,0,0,0,0,0,0,0,0,0,0,0,0,0,0,0,0,0,0,0,0,0,0,0,0,0,0,0,0,0,0,0,0,0,0,0,0,0,0,0,0,0,0,0,0,0,0,0,0,0,12300,0,0,0,0,0,0,12300,0,0,0,0,0,0,0,0,0,0,0,0,1198866.66666667,0,0,0,0,0,0,0,0,0,0,0,0,0,0,0,0,0,0,0,0,0
"New Zealand",0,0,0,0,0,0,78371593266.6667,0,0,10388466.6666667,0,0,0,0,0,0,0,0,0,1462603033.33333,60835800,0,0,0,0,142373066.666667,0,0,0,0,2706000,7035732700,0,0,0,3815080166.66667,0,0,0,0,0,6684400,0,0,0,0,0,0,0,0,0,5519878533.33333,47160800,0,995222966.666667,0,0,0,0,4769066.66666667,0,676500,9328300,0,0,0,0,0,0,0,0,547733900,0,0,0,24600,544928700,0,0,0,0,0,0,0,0,156325466.666667,0,0,4182000,0,0,94924633.3333333,16630800,0,0,0,0,0,0,61500,4793266.66666667,0,0,3897833466.66667,0,0,0,0,7367700,541200,0,0,0,0,0,0,3013500,0,974780233.333333,0,441224100,0,0,0,0,0,405900,0,0,4473753366.66667,0,2988900,21885266.6666667,0,0,0,8680800,0,19340500,0,0,0,0,0,0,0,0,7011000,0,6715800,0,0,0,1190344633.33333,0,1340700,0,0,0,0,1169000,0,0,0,692518733.333333,0,800659000,0,1774501533.33333,0,0,0,0,62680800,0,10260833.3333333,2745778200,0,249861266.666667,0,0,0,0,11048966.6666667,0,0,0,0,4354200,0,0,0,0,0,0
"Nicaragua",0,0,0,0,0,0,0,0,0,0,0,0,0,0,0,0,0,0,0,0,0,0,0,0,0,1033200,0,0,0,0,0,0,0,0,0,0,22577327666.6667,0,0,0,0,0,0,0,0,0,0,3403849633.33333,0,0,0,0,0,0,0,0,0,0,0,12300,0,0,0,0,0,0,516600,0,0,0,60347233.3333333,0,0,0,0,0,0,0,0,0,0,0,0,0,0,0,0,0,0,0,0,0,0,0,0,0,0,0,0,0,0,0,0,0,0,0,0,0,0,0,0,0,0,0,0,0,11537400,0,0,0,0,0,0,0,0,0,0,1857300,0,0,0,0,0,0,0,0,0,0,0,0,0,0,0,0,0,0,0,0,0,0,0,0,0,0,0,0,16482000,0,0,0,295200,0,0,0,0,0,0,0,0,0,0,0,0,0,0,0,0,0,1210677566.66667,0,0,0,0,0,0,0,0,0,0,0,0,0,0,0,0
"Niger",0,0,0,0,0,0,0,0,0,0,0,0,0,0,0,0,0,0,0,0,0,0,0,0,0,0,0,0,0,2397515633.33333,0,0,0,0,0,0,0,0,0,0,99236800,0,0,0,0,0,0,0,0,0,0,0,0,0,0,0,0,0,0,0,0,0,0,0,0,0,0,0,0,0,0,0,0,0,0,0,0,0,0,0,0,0,0,0,0,0,0,0,0,0,0,0,0,0,0,0,0,0,0,0,0,0,0,0,0,0,0,0,0,0,0,0,0,0,0,0,0,0,0,0,0,0,0,0,1371755300,0,0,0,0,0,0,0,0,0,0,0,0,0,0,0,0,0,0,0,0,0,0,0,27244500,0,0,0,0,0,0,0,0,0,0,0,0,0,0,0,0,0,0,0,0,0,0,0,0,0,0,0,0,0,0,16961700,0,0,0,0,0,0,0,0,0,0,0,0,0,0,0
"Nigeria",0,0,0,0,12300,0,0,314433.333333333,12133.3333333333,123000,0,0,0,0,0,0,0,0,0,0,0,0,0,0,0,109410566.666667,0,0,0,0,0,0,0,0,2002000,0,0,0,118166.666666667,0,5333200800,22266.6666666667,0,0,0,0,2398500,0,0,0,0,0,83000,884766.666666667,0,0,311466.666666667,0,2676733.33333333,1092000,0,5489400433.33333,0,218400,0,0,0,0,0,0,0,0,0,0,24600,3254166.66666667,159900,0,0,26614333.3333333,0,3773466.66666667,80700300,0,0,0,0,0,61000,811800,0,73300,73800,0,0,0,0,0,0,0,0,0,344400,0,0,2202000,0,0,0,0,0,0,0,0,0,0,13203633.3333333,0,0,910000,0,145600,0,2418638666.66667,0,1564133.33333333,0,0,12133.3333333333,0,0,0,0,0,0,0,0,0,0,0,0,0,219233.333333333,0,0,0,0,206787600,16478933.3333333,0,0,0,0,24266.6666666667,0,390443666.666667,0,0,0,12300,1697400,512033.333333333,0,0,0,0,12300,4514100,0,12233.3333333333,0,0,911866.666666667,79696400,0,0,157686366.666667,36900,161232700,4233000,0,0,0,0,0,0,0,0,7939766.66666667,0,0,0,0,0,0
"Norway",0,86100,0,0,0,22238400,66576500,333197533.333333,0,3811333.33333333,0,1832700,0,0,0,0,34206300,0,0,0,24600,56014200,0,0,518174400,135241533.333333,0,0,2533800,0,10172100,142167700,2435400,0,0,0,0,0,3923700,9458700,0,9015985033.33333,0,0,0,4059000,14169600,0,0,102397500,404448600,0,7006883933.33333,1212890200,0,0,0,0,0,564127266.666667,0,836266.666666667,0,96938000,0,0,0,0,0,0,0,24600,49200,0,893985400,29458500,0,0,0,4059000,5965500,1234137300,0,0,0,202378533.333333,0,0,113135400,0,0,138055200,1869600,40811400,0,4415700,0,0,0,288853200,0,0,0,3394800,0,30159600,215729700,0,0,26555700,0,4329600,0,0,166000,0,458015733.333333,0,0,0,0,14772300,0,0,3074333.33333333,0,0,20295000,0,0,0,0,0,104980000,2435400,0,0,550500,12939600,0,5166000,0,42840300,0,0,0,0,35891400,0,0,0,0,0,351571000,0,80368200,105682733.333333,0,0,0,9151422366.66667,42466000,0,0,14723100,49200,558843700,159924600,0,0,0,1623600,63984600,77957200,0,0,289903700,3247200,3530189900,86050800,4808700,0,0,33333000,305384400,0,0,0,56622300,0,0,0,38228400,0,0
"Pakistan",0,598813158666.667,6371400,0,0,0,4062720566.66667,0,0,1489051066.66667,0,28276166.6666667,0,0,0,0,0,0,0,17970300,3357533.33333333,0,0,0,132753900,7044765566.66667,21033000,0,50734241833.3333,0,43062400,152828400,0,209092233.333333,259837500,0,0,0,6790700,0,11426700,59218000,0,0,0,8142600,0,9003600,1808100,0,0,19456466.6666667,0,1061947633.33333,0,2318732866.66667,0,92483700,85571100,457101933.333333,0,322096666.666667,0,56111566.6666667,0,0,68117400,124502566.666667,266918733.333333,8400900,0,346216566.666667,0,5264400,0,4836866.66666667,57711507066.6667,0,836644066.666667,354123000,0,355867433.333333,237636000,761053333.333333,0,304713866.666667,604097733.333333,1107000,1170019200,0,0,236043266.666667,1130381266.66667,0,0,101106000,0,25547100,41978033.3333333,0,0,1539861300,8369966.66666667,31663826300,312601600,6334500,0,97366800,627752833.333333,42174566.6666667,0,93463933.3333333,470571966.666667,0,0,0,1119896566.66667,0,0,0,0,334450666.666667,0,0,121327200,309294566.666667,0,11556066.6666667,0,0,0,0,3452266.66666667,1593733.33333333,0,0,0,0,28055931866.6667,0,0,0,8118000,0,0,0,9840000,13865715500,1337292900,0,139198166.666667,4956900,0,401617833.333333,18939261300,1371263466.66667,92833766.6666667,152287966.666667,0,0,107035233.333333,52020100,0,0,2055374933.33333,616098000,53073233.3333333,109293233.333333,0,53725600,46780375566.6667,0,568313900,91388931733.3333,0,0,9391988333.33333,2471133.33333333,15538928866.6667,0,13603800,11932252100,70537400,31189335633.3333,0,2453533033.33333,14169600,344400,174262033.333333,0,0,417351300,740086033.333333,0,0
"Panama",0,0,0,0,6826500,0,0,0,0,0,11658000,0,0,0,516600,0,553500,0,4769800,0,0,0,0,0,0,0,0,0,0,0,10504200,0,159539533.333333,0,0,0,1477393733.33333,769867633.333333,0,0,0,0,27638100,24725133.3333333,0,8003066.66666667,0,18302400,0,0,0,0,0,0,0,0,0,0,0,0,0,0,0,0,0,16302833.3333333,135300,0,1425333.33333333,4563300,24721266.6666667,0,0,0,0,0,0,0,0,0,0,10182866.6666667,0,0,112510533.333333,0,0,0,0,0,0,0,0,0,0,0,0,0,0,0,0,0,0,0,0,0,0,0,0,0,0,0,0,0,0,0,0,0,0,0,0,0,20159033.3333333,0,0,0,0,0,0,0,9397200,7109400,0,0,0,0,0,0,0,0,0,0,0,0,984000,1463700,0,0,0,0,0,0,0,0,0,0,0,0,0,0,0,0,0,0,0,0,0,0,0,67631600,0,0,0,0,0,0,0,0,234007366.666667,0,3758600,0,147082566.666667,0,0,0,0,0,0,0,0,0,0,0,0
"Czech Republic",5719500,48533.3333333333,180306733.333333,0,0,60833.3333333333,5838342600,976100303433.333,0,1758900,0,0,0,0,0,0,0,0,0,0,0,10900750200,0,0,0,23085100,0,0,0,0,3021800800,30796633.3333333,32907666.6666667,0,0,0,0,60833.3333333333,48978600,4661700,0,5895136266.66667,0,224100,642299933.333333,0,0,0,0,1933145233.33333,0,0,4189422433.33333,44363829066.6667,0,0,25620900,0,3670000,5466572788700,359083900,0,0,4972399466.66667,0,0,0,0,0,0,0,31869300,66864871866.6667,20937578266.6667,357302500,356533.333333333,24266.6666666667,48533.3333333333,528900,4980112133.33333,5644003000,130499691333.333,0,110700,0,13764800,12133.3333333333,0,0,0,0,339578266.666667,51450900,190629266.666667,1916800,19251100,24600,0,37625700,4868138200,0,0,0,24600,207600,28528133.3333333,370139900,0,553623000,0,21980100,2349300,0,170382266.666667,0,0,116250524533.333,0,0,257923000,0,12250800,0,0,0,5409566066.66667,0,0,0,0,0,36900,0,799202486666.667,7203160933.33333,0,0,0,37810200,0,37738232866.6667,0,5440078633.33333,0,0,0,0,268705800,0,664200,0,2549535466.66667,275635401166.667,0,0,12385600,25655926000,0,47177966.6666667,0,11731769533.3333,17504925366.6667,0,0,7970400,0,12300,0,0,0,221400,0,2443257033.33333,570688533.333333,0,0,78084043433.3333,3603457066.66667,2111244366.66667,676500,12300,16094100,0,4845033.33333333,0,0,0,0,48170333800,12835166.6666667,1360934933.33333,538866.666666667,0,0,8769900
"Papua New Guinea",0,0,0,0,0,0,1813219200,0,0,0,0,0,0,0,0,0,0,0,0,0,0,0,0,0,0,0,0,0,0,0,0,0,0,0,0,0,0,0,0,0,0,0,0,0,0,0,0,0,0,0,0,1999190400,0,0,0,0,0,0,0,0,0,0,1384000,0,0,0,0,0,0,0,0,0,0,0,0,0,49200,0,0,0,0,0,0,0,0,0,0,0,0,0,0,24600,0,0,0,0,0,0,0,0,0,0,0,0,0,0,0,0,0,0,0,0,0,0,0,0,0,0,0,0,0,0,0,0,0,0,0,0,0,0,0,0,0,0,0,0,0,0,0,0,0,0,0,0,0,0,0,0,0,0,0,0,0,0,0,0,0,0,0,0,0,0,0,0,0,0,36700,0,0,0,0,0,0,0,0,0,0,0,0,0,0,0,0,0,0,0,0,0,0,0,0,0,0,0,0
"Paraguay",0,0,0,0,0,624876900,40085700,0,0,0,0,0,0,0,15120418266.6667,0,1141004154900,0,0,0,0,0,0,0,0,14827333.3333333,0,0,0,0,3531828533.33333,0,0,0,0,0,0,0,0,0,0,0,0,0,0,0,0,0,0,0,0,0,0,24600,0,0,0,0,0,54243000,0,0,0,0,0,0,0,0,0,0,0,0,0,0,0,0,0,0,0,0,0,73800,0,0,0,24466.6666666667,0,0,0,0,0,0,0,0,0,0,0,0,0,0,0,0,0,4787333.33333333,0,0,0,0,20282700,0,0,0,0,0,0,0,0,0,0,0,0,0,934800,0,0,0,0,0,0,0,0,609157500,0,0,0,0,0,0,0,0,0,0,0,0,0,0,0,0,0,0,0,0,0,0,0,0,233117700,0,0,0,0,35571600,0,0,348261800,0,0,0,0,0,0,0,0,0,0,0,0,0,150182300,0,2007406700,0,261934533.333333,28034312266.6667,0,0,0,0,0,0,0,0,0,0,0
"Peru",0,0,0,0,40405500,126616900,16225733.3333333,12300,144254400,0,211154100,0,0,0,62907475666.6667,0,0,0,0,0,0,0,0,0,0,94994666.6666667,0,0,0,0,104215478900,553500,59395045366.6667,0,0,0,6557774066.66667,5037952600,0,0,0,0,0,16827543900,0,55664866866.6667,0,7260906800,0,0,0,0,0,2619900,0,0,0,0,0,784066.666666667,0,0,0,0,0,36457200,5013515766.66667,0,2108084700,8942478900,8233920900,0,0,0,0,0,0,0,0,0,0,66825333.3333333,0,0,2313962100,265115000,0,0,6873910000,0,0,0,0,0,0,0,0,0,0,0,0,0,0,0,0,0,0,0,0,3838066000,0,0,0,0,0,0,202926933.333333,0,0,0,0,1213333.33333333,17618920766.6667,0,0,0,0,23416121100,0,0,447325300,0,0,0,4926500,0,0,0,0,0,0,0,0,24759900,63295800,17601300,0,0,0,0,0,0,0,356700,0,0,262591033.333333,1038218400,0,0,196800,4808300,0,0,123000,0,0,0,0,1676342400,0,0,0,36900,0,0,6846533.33333333,0,6866039300,0,211117700,0,2443943833.33333,0,0,0,0,0,76081066.6666667,0,0,0,0,0,0
"Philippines",0,14174000,0,0,0,0,4637655100,0,0,2079330833.33333,0,0,0,0,0,0,0,0,0,20676300,933217133.333333,0,6230094100,0,0,15233749700,0,0,0,0,0,3247347666.66667,2348800,0,0,405900,23197800,0,235255933.333333,0,0,19017466.6666667,0,0,0,0,0,0,0,0,0,14131100,26052466.6666667,502962866.666667,6888000,0,0,0,0,37920066.6666667,0,0,49676366.6666667,43024000,0,0,0,109517600,17416800,0,0,16417173633.3333,0,0,0,12582900,232818800,11475900,4709833.33333333,6966633.33333333,344794033.333333,2662538300,0,0,0,1447361766.66667,295203433.333333,0,0,29801933.3333333,0,4032773633.33333,4173246066.66667,0,10848600,373141600,0,20135100,0,0,220442933.333333,0,0,2376758966.66667,43907333.3333333,0,60497566.6666667,0,0,0,59310600,0,0,0,0,0,2628414966.66667,0,0,0,88801633.3333333,2328168966.66667,0,0,37761000,10970077733.3333,5018400,159900,0,361857733.333333,0,0,0,0,193026266.666667,0,7710733.33333333,0,7290382800,0,0,0,5424300,0,0,0,0,11283838500,0,0,0,0,0,3912010966.66667,23032866.6666667,5658900,228314033.333333,0,0,0,122120700,194341466.666667,0,0,9292802000,0,70908854500,11133.3333333333,32765500,28142400,792653200,0,309491100,21241258333.3333,0,0,2796635900,0,37817896166.6667,0,0,0,0,41782628633.3333,0,41377200,0,0,1524817466.66667,0,0,0,0,0,0
"Poland",863581866.666667,0,313638600,1629089104666.67,0,14169600,11354664533.3333,26290745900,0,259397800,5654000,0,0,0,0,0,536002200,0,5350500,0,16432800,26415291266.6667,0,2226666666.66667,381300,3367759100,1498466.66666667,0,10031333.3333333,0,848904700,410629166.666667,771453700,0,4949633.33333333,0,20434733.3333333,322580071800,659711866.666667,1348508400,0,66666527233.3333,0,224100,17553443333.3333,7404600,178067538566.667,22386000,0,14770921366.6667,24600,0,17472738200,103428307700,5535000,7503000,1525237666.66667,0,11058238233.3333,2772708705300,1914594500,9342093233.33333,0,19397490233.3333,0,0,275889000,20115839666.6667,0,9056632666.66667,30196500,188282933.333333,101424128700,29746672133.3333,13410613533.3333,31328100,10182100,11447500,2379624000,34503044133.3333,7463677833.33333,78279116100,5830200,2394090166.66667,0,594971066.666667,1675598600,29675633.3333333,260385052266.667,0,36700,1547561400,1274223266.66667,13459314600,0,1031206466.66667,4453333333.33333,6450300,1582275100,157546838666.667,0,0,0,28910166.6666667,26100100,10154766.6666667,905544833.333333,72992580433.3333,469185600,35817600,1225201466.66667,681673073133.333,239720606466.667,3067013466.66667,28225905800,10024500,237348537866.667,0,20208900,1387651900,0,221072233.333333,0,2447700,122420672900,251459361700,137354100,78810366.6666667,253531969700,0,5940900,26125200,826818300,0,131296038900,0,0,0,685948400,0,95168849066.6667,4453333333.33333,142717602366.667,0,5204100,0,0,3425296055566.67,219854066.666667,140150366.666667,44700,6447068600,125766924466.667,176985766.666667,0,1147978291233.33,235429634800,10442700,675216433.333333,0,77694778333.3333,8220332333.33333,8327100,342005600,98876733.3333333,150262382666.667,95823600,254002766.666667,0,8499300,1913897500,219956200,254831567433.333,2750052300,9666933.33333333,0,266933335500,82130811333.3333,24120572866.6667,0,12518266.6666667,870764300,64527633.3333333,352313266.666667,1562100,356601600,33780033.3333333,0,102120879866.667,24113486233.3333,8908999333.33333,371622300,4255800,0,216775200
"Portugal",79335500,0,12458300,21229800,0,54784200,3893450033.33333,1302312500,166947900,3062700,0,0,0,0,0,0,2870302633.33333,0,0,0,2878200,201178800,4674000,0,15953100,6662739766.66667,24837042466.6667,49133.3333333333,0,0,2157653800,1169435300,630479400,0,32517933.3333333,0,62713600,1656945500,465061233.333333,80392800,18040600,815694466.666667,0,554274600,0,256661100,20412500,16863300,172408500,785785533.333333,0,0,397926800,54445123700,63976400,0,164820000,103759600,4218900,8937410166.66667,0,279936200,0,473869200,0,0,97377500,27116066.6666667,22458666.6666667,12054000,6949500,503967633.333333,173442300,369903200,49200,11918700,24600,0,73787700,6902177833.33333,1380042700,5511171533.33333,137330200,0,0,3423412700,70244600,0,12502300,0,0,3068709400,45048266.6666667,29080166.6666667,0,110011500,0,32595000,1007554833.33333,29860233.3333333,425977300,87036966.6666667,0,108510600,51297300,1316100,88955833.3333333,89625633.3333333,158906900,272818566.666667,0,2709343600,3212101733.33333,96150966.6666667,242693666.666667,0,13565753900,0,7380000,0,0,114291600,4772400,0,45193866.6666667,150857966.666667,0,15129000,46695700,0,35460900,346285200,33259200,13151049900,0,3192591700,0,0,27933300,0,933401766.666667,4415700,470174100,0,0,0,30932244666.6667,656252466.666667,44773600,22365566.6666667,50115333.3333333,17451300,164638200,87016066.6666667,0,10458945966.6667,347928617100,156856033.333333,0,0,193416133.333333,4610048966.66667,0,0,96390066.6666667,0,45645300,19165433.3333333,0,14224300,96542700,688800,27699600,263703833.333333,33695733.3333333,0,47425142966.6667,231737566.666667,12525228966.6667,114672033.333333,199661800,0,3610663733.33333,118781100,226765666.666667,0,21648066.6666667,0,8210165400,6284663666.66667,20098200,0,0,0,43259100
"Guinea-Bissau",0,0,0,0,0,0,0,0,0,0,0,0,0,0,0,0,0,0,0,0,0,0,0,0,0,0,0,0,0,0,0,0,0,0,0,0,0,0,0,0,0,0,0,0,0,0,0,0,0,0,0,0,0,0,0,0,0,0,0,0,0,0,0,0,0,0,0,0,0,0,0,0,0,0,0,0,0,0,0,0,0,0,0,0,0,0,0,0,0,0,0,0,0,0,0,0,0,0,0,0,0,0,0,0,0,0,0,0,0,0,0,0,0,0,0,0,0,0,0,0,0,0,0,0,0,0,0,0,0,0,0,0,0,0,0,0,0,0,0,0,0,0,0,0,0,0,0,0,0,0,0,0,0,0,0,0,0,0,0,0,0,0,0,0,0,0,0,0,0,0,0,0,0,0,0,0,0,0,0,0,0,0,0,0,0,0,0,0,0,0,0,0,0,0,0
"Timor-Leste",0,0,0,0,0,0,0,0,0,0,0,0,0,0,0,0,0,0,0,0,0,0,0,0,0,0,0,0,0,0,0,0,0,0,0,0,0,0,0,0,0,0,0,0,0,0,0,0,0,0,0,0,0,0,0,0,0,0,0,0,0,0,0,0,0,0,0,0,0,0,0,0,0,0,0,0,0,0,0,0,0,0,0,0,0,0,0,0,0,0,0,0,0,0,0,0,0,0,0,0,0,0,0,0,0,0,0,0,0,0,0,0,0,0,0,0,0,0,0,0,0,0,0,0,0,0,0,0,0,0,0,0,0,0,0,0,0,0,0,0,0,0,0,0,0,0,0,0,0,0,0,0,0,0,0,0,0,0,0,0,0,0,0,0,0,0,0,0,0,0,0,0,0,0,0,0,0,0,0,0,0,0,0,0,0,0,0,0,0,0,0,0,0,0,0
"Eritrea",0,0,0,0,0,0,0,0,0,0,0,0,0,0,0,0,0,0,0,0,0,0,0,0,0,0,0,0,0,0,0,0,0,0,0,0,0,0,0,0,0,0,0,0,0,0,0,0,0,0,0,0,0,0,0,0,0,0,0,0,0,0,0,0,0,0,0,0,0,0,0,0,0,0,0,0,0,0,0,0,0,0,0,0,0,0,0,0,0,0,0,0,0,0,0,0,0,0,0,0,0,0,0,0,0,0,0,0,0,0,0,0,0,0,0,0,0,0,0,0,0,0,0,0,0,0,0,0,0,0,0,0,0,0,0,0,0,0,0,0,0,0,0,0,0,0,0,0,0,0,0,0,0,0,0,0,0,0,0,0,0,0,0,0,0,0,0,0,0,0,0,0,0,0,0,0,0,0,0,0,0,0,0,0,0,0,0,0,0,0,0,0,0,0,0
"Qatar",0,60666666.6666667,0,0,0,0,0,0,0,0,0,0,0,0,0,0,0,0,0,0,0,0,0,0,0,0,0,0,0,0,0,0,0,0,0,0,0,0,0,0,0,0,0,0,0,0,0,0,0,0,0,0,0,0,0,0,0,0,0,0,0,0,0,0,0,0,0,0,0,0,0,0,0,0,0,153257366.666667,0,0,0,0,0,0,0,0,0,0,0,0,0,0,0,0,10117866.6666667,0,0,0,0,0,0,0,0,0,0,0,0,0,0,0,0,0,0,0,0,0,0,0,0,0,0,0,0,0,0,0,0,0,0,0,0,0,0,0,356700,0,0,0,0,0,0,0,0,0,0,0,0,0,0,53137533.3333333,0,0,0,0,0,0,0,0,1795800,0,0,0,0,0,0,0,0,0,0,0,0,0,12496333.3333333,0,66038200,0,0,0,0,0,0,0,0,0,0,0,0,0,0,0,0,0,0,0,85364200,0,0
"Zimbabwe",0,0,0,0,0,0,0,0,0,0,0,0,0,0,0,2979072300,0,0,0,0,0,0,0,0,0,0,0,0,0,0,0,0,0,0,0,0,0,0,0,0,0,0,0,0,0,0,0,0,0,0,0,0,0,0,0,0,0,0,0,0,0,0,0,0,0,0,0,0,0,0,0,0,0,0,0,0,0,0,0,0,0,0,0,0,0,0,0,0,0,0,0,0,0,0,0,0,0,0,0,0,0,0,786043800,0,0,0,0,0,0,0,0,0,664384500,0,0,0,0,0,0,0,0,0,0,0,0,0,0,0,0,0,0,0,0,0,0,0,0,0,0,0,0,0,0,0,0,0,0,0,0,0,0,0,0,0,0,13012634733.3333,0,0,0,0,0,0,0,0,0,0,0,0,0,0,0,0,123000,0,0,0,73800,0,0,0,0,0,0,0,0,0,12300,3631233166.66667,0,0,0,0,0,0,0
"Romania",431366033.333333,0,5134744200,62764349166.6667,1500600,253093700,1585505700,89502589533.3333,0,704211900,0,100327298533.333,0,0,0,0,0,0,0,0,0,42685939466.6667,23561462200,0,0,445234333.333333,0,0,227617125600,0,22373700,197657000,12300,0,6231172366.66667,0,16851000,0,62324996766.6667,23921200,0,2213309266.66667,0,0,269773333.333333,0,4451793094900,14239600,0,281553233.333333,0,0,58479966.6666667,199354563566.667,0,57105839266.6667,1282470300,0,0,286558456000,3875416566.66667,0,0,269655280900,0,0,0,0,0,0,0,0,78185833066.6667,3371271500,6961800,16208600,7766546533.33333,17326100,805662300,23855526200,1232824804266.67,881932607433.333,135300,3351933.33333333,0,42548353500,2218118245333.33,0,35388858666.6667,993850400,0,991587408433.333,30456587233.3333,427089500,0,523589513533.333,0,7341275466.66667,361728112000,300276666.666667,0,0,0,59830167100,7724400,0,278506666.666667,26163333333.3333,0,3263383000,36223500,162487586300,0,16794515533.3333,0,0,255022250800,0,0,4360855000,0,298596633.333333,0,0,39194388633.3333,259902266.666667,212295666066.667,0,13026116833.3333,0,0,0,1009613878866.67,30520116700,44186700700,0,0,0,47134137833.3333,0,0,0,264484000,0,0,0,0,24283479933.3333,266614800,3025800,0,253958133.333333,11492483366.6667,627300,0,1495211866.66667,961371837800,1279200,0,0,2224399633.33333,543425666.666667,129434374266.667,0,11389800,1787533.33333333,705933304066.667,0,0,0,45183784900,232368420333.333,232205427333.333,240792053833.333,12246666666.6667,0,187309749566.667,2426203300,3653071033.33333,0,16518900,6297600,8526633.33333333,365359608400,582431215133.333,147768240100,3333300,0,48735322700,420039333.333333,8272755466.66667,127290433.333333,1360059868133.33,0,80663400
"Rwanda",0,0,0,0,0,0,2426666.66666667,0,0,0,0,0,0,0,0,0,0,0,0,0,0,0,0,441320133.333333,0,0,0,0,0,0,0,0,0,0,24600,0,0,0,0,0,0,0,0,0,0,0,0,0,0,0,0,0,0,0,0,0,0,0,0,0,0,0,0,0,0,0,0,0,0,0,0,0,0,0,0,0,0,0,0,0,0,0,0,0,0,0,0,0,40349033.3333333,0,0,0,0,0,0,0,0,0,0,0,0,0,0,0,0,0,0,0,0,0,0,0,0,0,0,0,0,0,0,0,0,0,0,0,0,0,0,0,0,0,0,0,0,0,0,0,0,0,0,0,0,0,0,0,0,0,0,0,0,0,0,0,0,0,0,0,0,0,0,0,0,0,0,0,0,3259500,0,0,0,0,0,0,0,1439100,34807498266.6667,0,72800,0,117476700,0,0,0,0,0,0,0,243510817200,0,825066.666666667,0,0,0,0,0,0
"Russian Federation",1095560671500,46183037800,536989221066.667,367296771733.333,0,0,41205466.6666667,12300,2417800,1854800,0,5856618574800,0,0,0,0,397791723300,0,0,0,0,14139574633.3333,13468589733.3333,82807226666.6667,1395855806000,771366100,11133333333.3333,110700,776250847333.333,900900000,62828400,531039002100,27473392666.6667,0,431258228200,0,0,5278533.33333333,135595424800,4210199782300,61165352266.6667,10389853666.6667,0,3963433266.66667,886554256266.667,0,22311204191600,0,0,2304731366.66667,0,0,196487239466.667,1969265100,0,152366321733.333,1756595648766.67,55605433333.3333,103064468666.667,8493518100,0,728130175866.667,0,645455881000,0,0,0,337424502000,0,65917460666.6667,0,36886982400,11690000,176100,0,170533.333333333,462259161866.667,76538674100,30111118800,12924933933.3333,1562956114766.67,413105031500,295953163433.333,2479372161100,0,51031481233.3333,380910776933.333,513401536500,1671981488400,2644500,83910950800,171960218766.667,11979700,1807634381933.33,6647161533.33333,763523558600,0,39833323000,860858615766.667,482524859666.667,0,150454274800,121636120000,143999645600,2742900,359648867733.333,27907426900,212391713333.333,0,251994309866.667,454857633600,1109606238466.67,772300963333.333,29332445133.3333,132717249133.333,0,9158229633.33333,0,0,0,0,10046333.3333333,302070118133.333,0,3192408434200,97016307166.6667,1747701960400,1537933.33333333,13719933.3333333,633433.333333333,0,166514085666.667,945629628733.333,2280847466.66667,0,0,0,35776966666.6667,161325622433.333,14411333333.3333,66355424733.3333,219530128333.333,0,98166.6666666667,0,0,0,1013834588866.67,1099660257433.33,514600,47926666.6666667,84933.3333333333,16432800,120345966.666667,75084902933.3333,1233968344533.33,76480391800,0,66403717366.6667,0,7825992833.33333,265836438700,95640532200,56136616500,1723412900,1774799792333.33,355590497900,198465400000,0,27300000,976952413533.333,289867466666.667,24144140785766.7,1616255637733.33,457769155333.333,0,5588657500,98587089900,7694274433.33333,137552313333.333,0,83496861500,178593946600,1271910795966.67,410436122666.667,2518803108200,747749269066.667,0,2318923700,954500,1570191733.33333,3751500,3354506255033.33,938938000,3525794966.66667
"Saint Kitts and Nevis",0,0,0,0,0,0,0,0,0,0,0,0,0,0,0,0,0,0,0,0,0,0,0,0,0,12300,0,0,0,0,0,0,0,0,0,0,0,0,0,0,0,0,0,0,0,0,0,0,0,0,0,0,12233.3333333333,0,0,0,0,0,0,0,0,0,0,0,0,0,0,0,0,0,0,0,0,0,0,0,0,0,0,0,0,0,0,0,0,0,0,0,0,0,0,0,0,0,0,0,0,0,0,0,0,0,0,0,0,0,0,0,0,0,0,0,0,0,0,0,12300,0,0,0,0,0,0,0,0,0,0,0,0,0,0,0,0,0,0,0,0,0,0,0,0,0,0,0,0,0,0,0,0,0,0,0,0,0,0,0,0,0,0,0,0,0,0,0,0,0,0,0,0,0,0,0,0,0,0,0,0,0,0,0,0,0,22802603066.6667,0,0,0,0,0,0,0,0,0,0,0,0
"Saint Lucia",0,0,0,0,107528233.333333,0,0,0,0,0,3469200366.66667,0,0,0,0,0,0,0,0,0,0,0,0,0,0,36900,0,0,0,0,0,0,0,0,0,0,0,0,0,0,0,0,1092983533.33333,0,0,0,0,0,0,0,0,0,0,1485866.66666667,0,0,0,0,0,0,0,0,0,0,0,647871666.666667,0,0,13835900,0,0,0,0,0,0,0,0,0,0,0,0,0,0,0,12300,0,0,0,0,0,0,0,0,0,0,0,0,0,0,0,0,0,0,0,0,0,0,0,0,0,0,0,0,0,0,0,0,0,0,0,0,0,0,0,0,0,0,0,0,0,0,0,0,0,0,0,0,0,0,0,0,0,0,28489066.6666667,0,608930833.333333,0,0,0,0,0,0,0,0,0,0,0,0,0,0,0,0,0,0,0,0,0,0,0,12300,0,0,0,0,0,0,0,0,8733000,0,0,0,0,0,0,0,0,0,0,0,0,0,0,0,0
"Saint Vincent and the Grenadines",0,0,0,0,5873855866.66667,0,0,0,0,0,7658116800,0,0,0,0,0,0,0,0,0,0,0,0,0,0,0,0,0,0,0,0,0,0,0,0,0,0,286783466.666667,0,0,0,0,4257257200,0,0,0,0,0,0,0,0,0,0,0,0,0,0,0,0,0,0,0,0,0,0,3675356533.33333,0,0,13530000,0,0,0,0,0,0,0,0,0,0,0,0,0,0,0,0,0,0,0,0,0,0,0,0,0,0,0,0,0,0,0,0,0,0,0,0,0,0,0,0,0,0,0,0,0,0,0,0,0,0,0,0,0,0,0,0,0,0,0,0,0,0,0,0,0,0,0,0,0,0,0,0,0,0,3437616000,9654202133.33333,0,0,0,0,0,0,0,0,0,0,0,0,0,0,0,0,0,0,0,0,0,0,0,0,98400,0,0,0,0,0,0,12300,0,688633.333333333,0,0,0,0,0,0,0,0,0,0,0,0,0,0,0,0
"Sao Tome and Principe",0,0,0,0,0,0,0,0,0,0,0,0,0,0,0,0,0,0,0,0,0,0,0,0,0,0,0,0,0,0,0,0,0,0,0,0,0,0,0,0,0,0,0,0,0,0,0,0,21094500,0,0,0,0,0,0,0,0,0,0,0,0,0,0,0,0,0,0,0,0,0,0,0,0,0,0,0,0,0,0,0,0,0,0,0,0,0,0,0,0,0,0,0,0,0,0,0,0,0,0,0,0,0,0,0,0,0,0,0,0,0,0,0,0,0,0,0,0,0,0,0,0,0,0,0,0,0,0,0,0,0,0,0,0,0,0,0,0,0,0,0,0,0,0,0,0,0,0,0,0,0,0,0,0,0,0,0,0,0,0,0,0,0,0,0,0,0,0,0,0,0,0,0,0,0,0,0,0,0,0,0,0,0,0,0,0,0,0,0,0,0,0,0,0,0,0
"Saudi Arabia",0,0,0,7217869266.66667,0,0,310009200,0,0,40196671766.6667,0,2984900,0,0,0,0,0,0,0,0,44919600,22865700,0,21069900,0,485234000,0,0,0,88593800,0,1290684700,0,0,0,0,0,0,33037800,0,0,479048100,0,0,0,0,5584882566.66667,0,0,0,0,0,0,312407700,0,5406732566.66667,0,174319166.666667,18905100,546640700,0,0,0,0,0,0,0,140819600,20208900,0,0,562606200,0,0,0,112314900,28720500,0,179658266833.333,0,0,42090600,204020100,0,0,2899300,93228256600,0,351940833.333333,0,0,3292800,68791686200,0,0,11420498466.6667,0,717441800,5582436833.33333,0,0,0,0,111269000,30823800,0,18450000,3049693633.33333,1955700,0,0,318894066.666667,0,0,0,18142500,1683316500,0,0,0,0,0,0,0,202039800,21795600,440912100,0,0,0,0,0,53197500,0,0,0,0,17795000,11083400,0,0,0,0,0,0,0,11070000,0,169076766.666667,0,64648800,0,0,78707700,6005995900,388852200,2531500,0,0,0,430352400,6116666.66666667,244660200,0,219272100,291359900,0,0,0,0,44523186833.3333,1056505133.33333,1217544100,143265220866.667,0,0,219165466.666667,0,1202482500,0,0,0,145041600,498408300,38904900,140845176366.667,0,0,118153800,0,0,0,3085833466.66667,0,18749859966.6667
"Senegal",0,0,0,0,0,0,0,0,0,0,0,0,0,0,0,63960000,0,0,0,0,0,0,0,0,269133.333333333,0,2460000,0,0,0,0,492000,0,0,7982700,0,0,0,0,0,501581633.333333,0,0,0,0,0,0,0,0,0,0,0,0,58310100,0,0,0,0,8703561766.66667,0,0,0,0,0,0,0,0,392881766.666667,0,0,0,0,0,0,0,0,0,0,0,0,0,11051100,0,0,0,0,0,0,0,0,0,0,0,0,0,8870600,0,11964200,0,0,0,0,0,0,0,91150597633.3333,0,2693645633.33333,0,0,0,0,0,0,0,0,4600000,0,0,0,0,0,0,5596500000,4250043933.33333,0,0,0,0,0,0,0,0,0,0,3793182700,0,0,0,0,0,0,0,0,0,0,0,0,0,0,0,0,0,0,0,0,0,0,0,0,0,0,0,0,0,0,0,0,0,0,0,0,0,1389900,0,0,255431266.666667,0,5366600,740805066.666667,0,0,0,0,0,0,0,0,381300,0,0,0,0,0,0
"Seychelles",0,0,0,0,0,0,0,0,0,0,0,0,0,0,0,0,0,0,0,0,0,0,0,0,0,0,0,0,0,0,0,0,0,0,0,0,0,0,0,0,0,0,0,0,0,0,0,0,0,0,0,0,0,23344533.3333333,0,0,0,0,0,0,0,0,0,0,0,0,0,0,0,0,0,0,0,0,0,0,0,0,0,0,0,0,0,0,0,0,0,0,0,0,0,0,0,0,0,0,0,0,0,0,0,0,0,0,221400,0,0,0,0,0,0,0,0,0,0,0,0,0,0,0,0,0,0,0,0,0,0,0,0,0,0,0,0,0,0,0,0,0,0,1113333333.33333,0,0,0,0,0,0,0,0,0,0,0,0,0,0,0,0,0,0,0,0,0,0,0,0,0,0,0,0,0,0,0,0,0,0,0,0,0,0,0,0,0,0,0,0,0,0,0,0,12300,0,0,0,0,0,0
"Sierra Leone",0,0,0,0,0,0,0,0,0,0,0,0,0,0,0,0,0,0,0,0,0,0,0,0,0,0,0,0,0,0,0,0,0,0,0,0,0,0,0,0,0,0,0,0,0,0,0,0,0,0,0,0,0,0,0,0,0,0,0,0,0,0,0,0,0,0,0,0,0,0,0,0,0,0,0,0,0,0,0,0,0,0,0,0,0,0,0,0,0,0,0,0,0,0,0,0,0,0,0,0,0,0,0,0,0,0,0,0,0,0,0,0,0,0,0,0,0,0,0,0,0,0,0,0,0,0,0,0,0,0,0,0,0,0,0,0,0,0,0,0,0,0,0,0,0,0,0,0,0,0,0,0,0,0,0,0,0,0,0,0,0,0,0,0,0,0,0,0,0,0,0,0,0,0,0,0,0,0,5830200,0,0,0,0,0,0,0,0,0,0,0,0,0,0,0,0
"Slovenia",33954500,0,85807500,0,0,0,697543866.666667,29907311933.3333,0,676500,0,0,0,0,0,0,0,0,0,0,0,776072733.333333,0,0,0,135096466.666667,0,0,0,0,0,0,10347332566.6667,0,0,0,0,0,123000,492000,0,48228300,0,0,1033200,0,0,0,0,0,0,0,0,1251753300,0,0,6199200,0,0,5552161133.33333,4787672500,0,0,63367933.3333333,0,0,0,0,0,0,0,55839833.3333333,3001690066.66667,55227922000,147066.666666667,0,0,0,0,526941466.666667,722508566.666667,699230389666.667,0,0,0,533630233.333333,381680000,0,0,0,0,295200,10947000,12300,0,16531200,0,0,189411900,10442700,0,0,0,30927600,3542033.33333333,0,578100,0,0,0,0,0,0,633977100,0,0,220853366.666667,0,0,1071757366.66667,0,140989333.333333,0,0,0,12233.3333333333,0,930430633.333333,786198600,0,0,0,0,1558866700,818675700,0,0,0,0,0,44724133.3333333,0,152589533.333333,0,0,0,0,27906666.6666667,1761600,0,0,0,1236156400,492000,0,15584100,1550341133.33333,0,0,0,3107413200,407061833.333333,0,0,0,0,23733988166.6667,0,0,0,364000,5606891400,264328000,18606600,0,0,384114900,23935800,218469633.333333,0,0,0,0,26088300,0,0,0,0,83847433.3333333,762600,5777707500,413258800,0,0,0
"Slovakia",0,0,0,0,0,0,2862600,678374058400,0,581933.333333333,0,0,0,0,0,0,23800500,0,2546100,0,0,214673366.666667,0,0,0,34069366.6666667,0,0,0,0,6598366.66666667,14742566.6666667,0,0,0,0,0,6088500,915533433.333333,3784733.33333333,0,325086066.666667,0,0,664200,0,0,0,0,6302833.33333333,0,0,33972466.6666667,763370266.666667,0,0,44544466.6666667,0,0,676021603533.333,269227200,0,0,1804323466.66667,0,0,442800,0,0,0,0,0,654500451900,5910042300,0,1242300,0,0,8327100,1678371200,159260400,443290488100,0,22968066.6666667,0,33200,5770400,0,0,0,0,65488500,34539200,728902666.666667,0,1722000,0,0,0,801870633.333333,2570700,0,0,0,0,0,106921733.333333,0,0,12300,530600,0,0,5579866.66666667,0,0,5873702400,0,0,0,0,0,0,0,0,135408466.666667,0,171266.666666667,569177168466.667,0,0,0,0,1042118020500,32573500,0,0,0,405433.333333333,0,86808008333.3333,0,274882166.666667,0,0,0,0,95915400,0,0,0,16594619500,0,0,0,0,44621866.6666667,0,0,0,330978066.666667,25990496700,0,0,10361500,0,159900,0,0,0,0,0,94500,19631033.3333333,0,0,4937079666.66667,246556366.666667,158411933.333333,0,0,12853500,0,0,0,91917900,0,0,1787369433.33333,0,1029692000,1697400,0,0,0
"Singapore",0,0,0,0,0,0,3479979633.33333,3088200,0,359098500,1544600,2842096366.66667,0,194133.333333333,0,0,1316100,0,0,47477333.3333333,11343673366.6667,11377500,3729026333.33333,0,0,600357733.333333,0,0,180206866.666667,0,2078700,3714956866.66667,4403400,0,492000,63812400,0,0,112170133.333333,0,0,4686300,0,0,1015366.66666667,0,18236766.6666667,0,0,0,0,16183900,0,219699433.333333,1264995966.66667,0,0,0,0,89809266.6666667,0,3210300,0,226226766.666667,0,0,0,0,0,0,0,15994394166.6667,0,0,0,624925033.333333,33982317200,0,17392200,41050333.3333333,0,96916200,0,0,0,5680473933.33333,81020100,0,3082966.66666667,725580000,0,5056909866.66667,1553131533.33333,551566.666666667,0,192002100,0,0,0,0,9751166.66666667,0,0,111169489133.333,3039137833.33333,0,14489400,0,630837533.333333,0,2386766.66666667,49200,0,0,0,12133.3333333333,1810789300,0,142547166.666667,0,424810400,229332900,0,825552000,210884466.666667,45190566.6666667,6205766.66666667,0,249866.666666667,9871954600,0,3382500,4408043466.66667,5670300,1119300,0,146735533.333333,0,1040449566.66667,0,0,0,7564500,0,0,0,0,1502961600,858000,279264333.333333,0,0,0,0,0,180343800,295605900,0,0,0,219235633.333333,67511000,0,0,6967536000,12669000,55989826666.6667,0,0,0,20307300,0,2348900,2103223966.66667,0,0,2236665933.33333,14452500,5841819700,0,0,0,0,4664605200,0,4241300,0,0,15239700,49200,0,0,0,0,0
"Somalia",0,0,0,0,0,0,0,0,0,0,0,0,0,0,0,0,0,0,0,0,0,0,0,0,0,0,0,0,0,0,0,0,0,0,0,0,0,0,0,0,0,0,0,0,0,0,0,0,0,0,0,0,0,0,0,0,0,0,0,0,0,0,0,0,0,0,0,0,0,0,0,0,0,0,0,0,0,0,0,0,0,0,0,0,0,0,0,0,0,0,0,0,0,0,0,0,0,0,0,0,0,0,0,0,0,0,0,0,0,0,0,0,0,0,0,0,0,0,0,0,0,0,0,0,0,0,0,0,0,0,0,0,0,0,0,0,0,0,0,0,0,0,0,0,0,0,0,0,0,0,0,0,0,0,0,0,0,0,0,0,0,0,0,0,0,0,0,0,0,0,0,0,0,0,0,0,0,0,0,0,0,0,0,0,0,0,0,0,0,0,0,0,0,0,0
"South Africa",0,0,0,12300,0,376133.333333333,4565690866.66667,61500,0,68062533.3333333,0,0,0,0,0,141247524933.333,0,0,110300,0,0,0,0,98066.6666666667,11266800,426945966.666667,0,0,86066.6666666667,0,1444200,76323600,39312000,20873733.3333333,223844800,0,0,0,28103800,0,0,5608800,0,0,0,0,196800,0,0,0,0,0,134566.666666667,539056600,0,197611800,6971600,70365300,0,83822600,0,1135697066.66667,0,0,0,0,0,24433.3333333333,0,0,0,7832900,0,0,258300,0,0,0,0,92154333.3333333,5453400,150066.666666667,10476500,0,0,86100,0,0,317523333.333333,0,270600,184500,61670933.3333333,0,24600,0,191299252800,0,12382600,0,0,240101466.666667,7014741966.66667,43181933.3333333,19986300,188266.666666667,0,0,1599779033.33333,8300,0,0,32445456200,0,82871428166.6667,0,15948766.6666667,0,28794300,0,0,333646100,0,0,227958500,0,0,0,0,393900,0,0,6039300,0,615312200,0,0,12300,107829100,295277629400,159900,20587866.6666667,0,0,0,0,0,115484700,8952766.66666667,1160962066.66667,61166.6666666667,0,0,29432500,897266.666666667,0,190035000,0,0,108366008200,57862866.6666667,398500,0,0,2188100,1161372666.66667,0,455100,0,0,77180866.6666667,0,0,882099266.666667,352108000,0,5343637933.33333,0,323419133.333333,172200,0,0,0,1535100,29220733.3333333,0,3808389900,115147260633.333,1244300,873300,0,0,1008200,0,0
"Spain",230940800,61340100,913268700,8916480133.33333,11574300,1029529600,23860815366.6667,30281298500,0,1057299766.66667,0,0,0,0,5670300,0,2466948300,0,0,0,1057800,4286261666.66667,36899400,0,3169877033.33333,6178395200,1038632666.66667,1028566.66666667,1740533.33333333,56280633.3333333,32841134800,16744838000,13478466900,20282700,92934966.6666667,0,1405830466.66667,11441465200,3546982566.66667,65952600,19979149000,9479726433.33333,46457100,27135673266.6667,651900,5469126966.66667,7399298833.33333,345679200,8357871033.33333,919873566.666667,0,0,4792784433.33333,958599851933.333,63394200,189616800,149893800,2657300766.66667,194264366.666667,73800009766.6667,1022966933.33333,687754000,0,35228536500,0,1685100,574581166.666667,106367666.666667,6383700,777105466.666667,235738833.333333,1026894766.66667,8924553500,4784936300,354879600,587089633.333333,1483626000,176203066.666667,5318350966.66667,7696715966.66667,17164990400,504519208900,53545971500,2878200,65881233.3333333,12086769366.6667,6526539233.33333,0,45448500,1008600,0,11747396333.3333,4325539400,754225566.666667,5498100,4309092933.33333,0,96782833.3333333,42167335233.3333,2696841066.66667,0,10745833.3333333,0,623785100,149795766.666667,56255818633.3333,3715696700,51490258266.6667,856795066.666667,14358150233.3333,122035233.333333,102494794666.667,291448100,80073000,29726666.6666667,271583933.333333,85713373200,0,311463533.333333,568679900,0,3553445400,54095400,31057500,535460400,22570712100,148362600,4215823533.33333,11387326566.6667,0,1359126433.33333,1804179866.66667,1953028200,63157963333.3333,1064616859300,548660866.666667,0,0,979059566.666667,0,10873343900,38258466.6666667,6530194133.33333,0,0,0,46949100,6583949533.33333,40694257500,14944500,2935633.33333333,1029009600,4862376100,838546500,87846600,6234764066.66667,0,35255400,0,0,17660888200,15366939733.3333,21021153633.3333,0,578302433.333333,46653133.3333333,989992866.666667,143753733.333333,0,1183186200,2049838000,458867528466.667,153078033666.667,17591474933.3333,0,0,210325844966.667,3853933700,65013785900,3296033.33333333,2347289233.33333,0,1763970266.66667,440046900,2113867566.66667,1176138300,41033833.3333333,15006000,117723848833.333,1188210766.66667,653588666.666667,167743800,146064300,0,112335900
"Suriname",0,0,0,0,0,0,0,0,0,0,0,0,0,0,0,0,0,0,0,0,0,0,0,0,0,0,0,0,0,0,0,0,0,0,0,0,0,0,0,0,0,0,0,0,0,0,0,0,0,0,0,0,0,74510900,0,0,0,0,0,0,0,0,0,0,0,0,0,0,81103800,0,0,0,0,0,0,0,0,0,0,0,0,0,0,0,0,0,0,0,0,0,0,0,0,0,0,0,0,0,0,0,0,0,0,0,0,0,0,0,0,0,0,0,0,0,0,0,270618333.333333,0,0,0,0,0,0,0,0,0,0,0,0,0,0,0,0,0,0,0,0,0,0,0,0,0,0,0,0,0,0,0,0,0,0,0,0,0,0,0,0,0,0,0,0,0,0,0,0,0,0,0,0,499925733.333333,0,0,0,0,0,0,0,0,984000,0,0,0,85185100,0,0,0,0,0,2348800,0,0,0,0,0,0
"Tajikistan",0,0,0,0,0,0,0,0,0,0,0,0,0,0,0,0,0,0,0,0,0,0,0,0,0,0,0,0,0,0,0,0,0,0,0,0,0,0,0,0,0,0,0,0,0,0,0,0,0,0,0,0,0,0,0,0,0,0,0,0,0,0,0,0,0,0,0,0,0,0,0,0,0,0,0,0,0,0,0,0,0,0,0,0,0,0,0,0,0,0,0,0,0,0,0,0,0,0,0,0,0,0,0,0,0,0,0,0,0,0,0,0,0,0,0,0,0,0,0,0,0,0,0,0,0,0,0,0,0,0,0,0,0,0,0,0,0,0,0,0,0,0,0,0,0,0,0,0,0,0,0,0,0,0,0,0,0,0,0,0,0,0,0,0,0,0,0,0,0,0,0,0,0,0,0,0,0,0,0,0,0,0,0,0,0,0,0,0,0,0,0,0,0,0,0
"Swaziland",0,0,0,0,0,0,0,0,0,0,0,0,0,0,0,0,0,0,0,0,0,0,0,0,0,0,0,0,0,0,0,0,0,0,0,0,0,0,0,0,0,0,0,0,0,0,0,0,0,0,0,0,0,0,0,0,0,0,0,0,0,0,0,0,0,0,0,0,0,0,0,0,0,0,0,0,0,0,0,0,0,0,0,0,0,0,0,0,0,0,0,0,0,0,0,0,184500,0,0,0,0,0,0,0,0,0,0,0,0,0,0,0,994184400,0,0,0,0,0,0,0,0,0,0,0,0,0,0,0,0,0,0,0,0,0,0,0,0,0,0,0,0,0,0,0,0,0,0,0,0,0,0,0,0,0,0,18841913566.6667,0,0,0,0,0,0,0,0,0,0,0,0,0,0,0,0,0,19573333.3333333,0,0,0,0,0,0,0,0,0,0,0,0,0,0,0,0,0,0,0,0,0
"Sweden",98400,0,12300,482688683800,8300,160500,1769192733.33333,3633180200,0,63883333.3333333,0,11820300,0,0,115600,0,13412600,0,0,0,0,98617766.6666667,0,0,0,2592602333.33333,0,0,0,0,13478433.3333333,1349985133.33333,0,0,0,0,0,0,4273000,0,0,369785370800,0,0,12300,0,12665000,0,0,5718776666.66667,41267423300,0,87495381600,41214140366.6667,0,0,4046700,0,86400,431462801900,53412033.3333333,0,0,55402500,0,0,12300,0,0,0,0,425749300,1920600600,195299133.333333,13860187333.3333,61500,34687500,0,20600,60929122933.3333,507118300,11534003666.6667,0,159900,0,1678336033.33333,60167300,0,127300,0,0,506456633.333333,215621166.666667,1751676266.66667,0,2300100,0,0,0,191857130100,0,0,0,19360200,0,0,84792533.3333333,52326666666.6667,0,34839100,0,31469960700,0,0,0,12300,162420918066.667,0,0,49200,0,13484300,0,0,49200,383000371366.667,0,12300,562815866.666667,0,0,0,4857833.33333333,22894379300,57826306333.3333,0,0,36766.6666666667,124191733.333333,0,536791066.666667,0,3569554100,0,0,8300,0,536254033.333333,0,0,0,14992533.3333333,318468600,74819666.6666667,0,68554933.3333333,494097201466.667,0,0,0,0,2639613066.66667,0,0,2469851966.66667,0,8242933.33333333,0,0,0,61500,12300,439467033.333333,1600604966.66667,0,0,156754024833.333,3763800,11251353433.3333,0,0,4489500,0,0,0,12300,0,12300,52339230866.6667,9515833.33333333,161671900,0,0,0,0
"Switzerland",0,0,34206300,0,0,232566.666666667,136254300,63688817400,97866.6666666667,12177000,0,0,0,0,12300,0,178000,0,0,0,1549800,1761833.33333333,0,0,1443533.33333333,103772000,1125466.66666667,0,61500,0,8300,804566300,36900,0,73466.6666666667,0,13677600,0,4832166.66666667,2632200,0,415484600,0,0,688800,0,2915100,0,0,858666.666666667,0,0,1358688766.66667,36119328633.3333,0,0,627300,0,0,80096762300,0,0,0,173768300,0,0,49200,19108433.3333333,0,123000,0,491259766.666667,348622866.666667,3237566.66666667,0,10405800,21758700,12300,0,410010500,11647966.6666667,1101108066.66667,122333.333333333,3542400,0,295454100,6445200,0,3406866.66666667,0,0,193442100,150520266.666667,56833.3333333333,0,1103933.33333333,0,0,0,9573133.33333333,6408300,1541400,0,14145000,2730600,0,553500,0,0,24600,1039833.33333333,23433.3333333333,0,0,0,0,2603965633.33333,0,0,0,0,824100,0,36700,1724033.33333333,442280466.666667,0,0,1295459700,0,0,0,33097633.3333333,260949433.333333,347004166.666667,0,0,250599833.333333,46319466.6666667,0,24144700,0,35079533.3333333,0,12300,0,0,331177500,0,0,3792333.33333333,5261266.66666667,12648633.3333333,76255000,0,12189033.3333333,883404166.666667,0,0,0,524866066.666667,0,0,0,29323200,0,33185333.3333333,246100,0,0,171533.333333333,0,279860100,237574500,0,0,6043822033.33333,5540666.66666667,1963974400,2923766.66666667,0,0,0,24526133.3333333,0,0,9419666.66666667,0,1247938100,140884066.666667,12300,0,48933.3333333333,0,0
"Syrian Arab Republic",3197266.66666667,0,0,0,0,0,160483400,33693300,0,15789600,0,0,0,0,0,0,0,0,0,0,0,100404900,0,0,0,322065100,0,0,0,0,3665400,922500,0,0,0,0,0,0,53588633.3333333,0,0,71143400,0,0,9620800,0,1955700,0,0,0,0,0,0,44440100,0,0,0,0,0,1263788200,0,0,0,14819200,0,258300,0,0,0,0,0,0,116200,0,340633.333333333,0,0,0,0,897700,0,0,4145100,0,0,258300,1496753766.66667,0,0,0,0,12300,159114566.666667,0,0,6084835000,0,0,0,0,2337000,0,0,51327800,0,0,0,0,0,0,0,73800,0,0,0,0,807511800,0,0,0,0,2215200,0,0,0,146816900,0,0,5966000,0,0,0,0,86100,0,0,0,0,81192300,0,34428000,0,0,0,0,0,0,9909635800,0,0,0,0,0,0,0,655700,0,0,0,0,336074333.333333,5928600,0,0,0,922500,0,0,0,72800,63946633.3333333,69162900,179568459933.333,474843166.666667,392266.666666667,0,120489000,11494600,384986200,0,0,0,86004833.3333333,0,0,101231500,0,0,1245607200,6063900,0,0,0,0,0
"Turkmenistan",0,0,0,0,0,0,0,0,0,0,0,0,0,0,0,0,0,0,0,0,0,0,0,0,0,0,0,0,0,0,0,0,0,0,0,0,0,0,0,0,0,0,0,0,0,0,0,0,0,0,0,0,0,0,0,0,0,0,0,0,0,0,0,0,0,0,0,0,0,0,0,0,0,0,0,0,0,0,0,0,0,0,0,0,0,0,0,0,0,0,0,0,0,0,0,0,0,0,0,0,0,0,0,0,0,0,0,0,0,0,0,0,0,0,0,0,0,0,0,0,0,0,0,0,0,0,0,0,0,0,0,0,0,0,0,0,0,0,0,0,0,0,0,0,0,0,0,0,0,0,0,0,0,0,0,0,0,0,0,0,0,0,0,0,0,0,0,0,0,0,0,0,0,0,0,0,0,0,0,0,0,0,0,0,0,0,0,0,0,0,0,0,0,0,0
"Taiwan",0,0,0,0,0,53492433.3333333,7990831666.66667,2470700,0,0,0,60666.6666666667,0,0,0,0,85874633.3333333,0,39768033.3333333,1155400,84341433.3333333,0,104156400,0,0,9003885466.66667,0,0,1190200,0,250980100,38537383233.3333,3295100,0,0,0,61248466.6666667,0,0,0,0,9643200,0,73533.3333333333,0,0,0,528900,0,0,0,6360866.66666667,0,1596171300,17281233.3333333,28028000,0,0,0,854370300,0,1867100,0,0,0,0,4170600,0,0,0,147600,98733668366.6667,701100,0,0,509600,176067366.666667,0,0,30822100,0,348088500,3829033.33333333,0,0,7601515866.66667,332000,0,54721333.3333333,118610966.666667,0,7953946133.33333,873300,0,0,664000,1255700,0,0,3124200,6563004900,12300,0,5265856200,12300,0,4563033.33333333,0,7749400,1057400,49200,0,0,0,590266.666666667,0,5363198800,0,0,0,0,1015027400,4858733.33333333,0,12976500,23997300,0,6105166.66666667,0,540300,24600,13972800,1958529033.33333,4624800,319022833.333333,0,0,0,1012600,0,0,0,133848600,0,73800,24533.3333333333,0,350998066.666667,3532066.66666667,620633.333333333,0,0,0,5565848300,24600,167541600,549730666.666667,135300,0,430500,41429833.3333333,20052100,0,0,0,0,556860733.333333,24466.6666666667,315800,12672933.3333333,0,0,0,720530766.666667,0,97900,2589244733.33333,6346800,52239933966.6667,0,27558700,0,0,4433350500,28028000,0,0,0,94220366.6666667,0,0,0,0,0,0
"United Republic of Tanzania",0,0,0,0,0,0,0,0,0,0,0,0,0,0,0,0,0,0,0,0,0,0,0,8214432600,0,0,0,0,0,0,0,0,0,478919466.666667,0,0,0,0,0,0,0,0,0,0,0,0,0,0,0,0,0,0,0,655200,0,0,0,0,0,24900,0,0,0,0,0,0,0,0,0,0,0,0,0,0,0,1213333.33333333,0,0,0,0,0,0,0,0,0,0,0,0,656782900,0,0,0,0,0,0,0,0,0,0,0,0,0,78827000,0,0,0,0,0,0,0,0,0,43983333.3333333,0,0,0,0,0,0,0,0,0,0,0,0,0,134522266.666667,0,0,0,0,0,0,0,0,0,0,0,0,0,0,1192309600,0,0,0,0,0,0,0,0,0,0,0,0,0,0,0,0,0,0,0,0,0,0,0,0,0,0,0,0,897866.666666667,0,0,744933.333333333,835172366.666667,0,36733.3333333333,0,16600,0,0,0,0,0,0,0,76648785000,32189100,0,0,0,0,1113333333.33333,0,0
"Thailand",906400,0,1230000,0,0,202843900,50438708333.3333,83647066.6666667,0,814660533.333333,14518233.3333333,367173866.666667,0,178273100,0,0,1665779533.33333,0,0,3645533.33333333,502411833.333333,14190866.6666667,44056931666.6667,0,141100,27313083800,0,0,296408100,0,1044353266.66667,18048657133.3333,59585966.6666667,0,2081900,36733.3333333333,8306500,0,444926133.333333,1008600,71529400,943433433.333333,0,0,3006000,1180800,319201066.666667,0,0,296982166.666667,0,30932000,1238216566.66667,12277215600,468655300,0,16093233.3333333,0,0,6089812333.33333,0,583486900,0,792909433.333333,0,0,12300,43421033.3333333,0,0,11421700,16789231766.6667,35416633.3333333,8856000,381119400,3236771633.33333,33413952066.6667,37200,19910800,828913200,6048047066.66667,1310846100,5511382600,82037500,0,36588464066.6667,235358833.333333,0,53479766.6666667,38363396833.3333,0,22913343666.6667,649499300,144084266.666667,62584232866.6667,143447400,0,55294600,0,147883133.333333,119477766.666667,36142433.3333333,0,77721607566.6667,464945266.666667,0,46161600,0,91044466.6666667,227477466.666667,103931400,64330433.3333333,624033.333333333,3988066.66666667,6672400,118209133.333333,41300102533.3333,0,234826366.666667,1871700,7734100,15194309733.3333,0,0,28548200,1144080900,1095306733.33333,640833.333333333,836710366.666667,161529533.333333,67711500,4337866.66666667,17181003566.6667,3391303466.66667,391246366.666667,0,5276700,0,406757000,0,24712266.6666667,0,1177541733.33333,0,0,0,0,5730928400,2030266.66666667,50855500,0,350689800,2266100,18820985533.3333,0,1930253333.33333,2912165800,2046500,0,28051033.3333333,7364765633.33333,2518102200,0,0,12392569800,8607133.33333333,0,367685533.333333,1553633.33333333,20182400,306699966.666667,31936833.3333333,154868900,3336957766.66667,0,0,24250661333.3333,191169900,101581908166.667,0,196936866.666667,2287800,3376400,29690074300,759933.333333333,1712666.66666667,0,0,6101673366.66667,281833.333333333,20050433.3333333,0,53733.3333333333,12133.3333333333,3308700
"Togo",0,0,0,0,0,0,0,0,0,0,0,0,0,0,0,0,0,0,0,0,0,0,0,0,0,0,0,0,0,0,0,0,0,0,0,0,0,0,0,0,1725955533.33333,0,0,0,0,0,0,0,19126500,0,0,0,0,12177000,0,0,0,39852000,0,0,0,1852446000,0,0,0,0,0,0,0,0,0,0,0,0,0,339733333.333333,0,0,0,0,0,0,12189300,0,0,0,0,0,0,0,0,0,0,0,0,0,0,0,0,0,0,0,0,0,0,606920133.333333,0,0,0,0,0,0,0,0,0,0,0,0,0,0,0,0,0,40070801200,1353000,0,0,0,0,0,0,0,0,0,0,0,0,0,0,0,0,0,0,0,0,0,27490500,0,0,0,0,0,0,0,0,2915100,0,0,0,0,0,0,0,0,0,0,0,0,0,0,0,0,135767400,0,0,0,0,0,0,37581450033.3333,0,0,0,0,0,0,4428000,0,0,0,0,0,0,0,0
"Tonga",0,0,0,0,0,0,0,0,0,0,0,0,0,0,0,0,0,0,0,0,0,0,0,0,0,0,0,0,0,0,0,0,0,0,0,0,0,0,0,0,0,0,0,0,0,0,0,0,0,0,0,0,0,0,0,0,0,0,0,0,0,0,0,0,0,0,0,0,0,0,0,0,0,0,0,0,0,0,0,0,0,0,0,0,0,0,0,0,0,0,0,0,0,0,0,0,0,0,0,0,0,0,0,0,0,0,0,0,0,0,0,0,0,0,0,0,0,0,0,0,0,0,0,0,0,0,0,0,0,0,0,0,0,0,0,0,0,0,0,0,0,0,0,0,0,0,0,0,0,0,0,0,0,0,0,0,0,0,0,0,0,0,0,0,0,0,0,0,0,0,0,0,0,0,0,0,0,0,0,0,0,0,0,0,0,0,0,0,0,0,0,0,0,0,0
"Trinidad and Tobago",0,0,110700,0,3633926633.33333,0,0,0,22804200,0,11492511466.6667,0,0,0,0,0,0,0,443910966.666667,0,0,0,0,0,0,212602133.333333,0,0,0,0,0,0,1955366.66666667,0,0,0,12878100,0,0,0,0,0,1180628833.33333,54538300,0,0,0,0,0,0,0,0,0,0,0,0,0,73400,0,2301266.66666667,0,0,0,0,0,4881407500,0,0,17579051633.3333,0,0,0,0,0,0,0,0,0,0,0,0,135300,0,0,10608808133.3333,0,0,0,0,0,0,0,0,0,0,0,0,110000,0,0,0,0,0,0,0,0,159766.666666667,0,0,97066.6666666667,0,0,0,0,0,0,1598000,0,0,0,0,0,0,0,0,233700,0,64952833.3333333,0,0,0,0,0,0,0,0,0,0,0,0,0,0,958133.333333333,500068166.666667,4398326566.66667,3358111400,0,0,0,0,0,0,0,0,0,0,110700,3345402966.66667,0,0,0,159900,0,0,0,0,0,0,0,0,0,0,0,0,0,0,1580333.33333333,0,3099332366.66667,0,0,0,36149000,0,0,0,0,0,0,0,0,0,0,0,0
"Oman",0,0,0,526046400,0,0,428394700,0,0,10162271933.3333,0,18720333.3333333,0,0,0,0,0,0,0,0,0,2755600,3963109200,0,4174221300,878581900,0,0,31739200,0,0,31212933.3333333,0,96739500,0,0,0,0,17060933.3333333,0,0,157733.333333333,0,0,0,0,517879933.333333,0,66060000,0,0,51426300,0,81097033.3333333,0,6571241733.33333,0,248685900,0,141074033.333333,0,332445533.333333,0,0,0,0,0,117637200,0,0,0,0,0,0,0,263708566.666667,146800,123482200,826713500,0,0,0,57625500,0,0,70972000,6680438266.66667,0,6613527100,0,0,6654600,7205437033.33333,0,0,302743633.333333,0,1612772900,425481600,0,0,0,0,266933.333333333,1594018500,0,0,0,157591900,1456000,0,24266666.6666667,0,0,0,0,168730400,0,0,0,24477000,597418200,0,0,6940266.66666667,41500,306014966.666667,1651500,0,318619200,0,0,21402000,0,59327000,0,0,0,53717259166.6667,0,0,29605333.3333333,6608866.66666667,0,0,0,0,42604640833.3333,5083255833.33333,90256100,0,0,0,1148654600,535642695833.333,93209400,3389300,0,0,0,9498733.33333333,418200,0,0,171733.333333333,5371955266.66667,31143600,233656666.666667,0,0,0,179329066.666667,28314600,131170749866.667,0,0,1265034800,0,715464466.666667,0,0,0,132120000,0,0,633579205166.667,0,0,0,0,0,0,424854300,0,45829800
"Tunisia",0,0,0,1647749500,0,0,23825800,2214000,0,307500,0,0,0,0,0,0,0,0,0,0,0,0,0,0,1576052300,1215667033.33333,0,67283333.3333333,0,1394807966.66667,0,0,0,19581600,921925800,0,3333300,0,0,0,9104381500,0,0,30584500,0,0,111188766.666667,0,256913433.333333,0,0,0,0,5448696000,0,69821100,0,142921466.666667,1274134800,63922366.6666667,0,21094500,0,811800,0,0,0,5146131900,0,0,0,8905200,0,0,0,762600,0,0,65928000,492000,0,140822633.333333,5562165266.66667,0,0,85608933.3333333,559383500,0,0,0,0,0,4371333.33333333,0,0,278206200,0,166777766.666667,92986834700,0,165150000,10569519400,0,95155366.6666667,13333200,12996023166.6667,0,17478300,28449900,0,0,1091302200,0,4612500,0,0,162030666.666667,0,3456300,0,0,357996266.666667,0,15585696733.3333,0,0,0,0,0,0,0,0,0,319800,0,159033333.333333,0,0,540389500,0,0,0,0,0,0,0,0,118283733.333333,37261400,0,48994500,0,0,23812800,0,24194100,6273000,149937000,0,0,16600,8929800,0,0,0,4130186666.66667,0,1234751466.66667,0,0,37773300,0,66690600,376673200,0,0,18794400,0,123679466.666667,131542500,0,0,0,0,26387188633.3333,1588569600,0,0,87482200,0,0,0,0,0,137919900
"Turkey",36900,55498561933.3333,30673118366.6667,5685094700,902111100,49003200,6955474300,3516566233.33333,2052467966.66667,3351548100,1082719233.33333,1133173833.33333,0,0,3046181100,135985033.333333,1310359033.33333,0,208946333.333333,0,65516466.6666667,14779758000,31667534533.3333,0,64928059733.3333,62446700300,2142508366.66667,1358475500,10740981800,76155248966.6667,45302010233.3333,65130511033.3333,5926742533.33333,23726212466.6667,55560191400,270266.666666667,5780599600,97136881500,56901398466.6667,83059185800,739112527500,2635447066.66667,200248700,46975777966.6667,2238691233.33333,5076950966.66667,56289449133.3333,10710679633.3333,91946397566.6667,40597100,0,2865900,140581866.666667,8540151766.66667,47877866.6666667,374007467966.667,19711216966.6667,20104962200,40268456333.3333,101788032833.333,17425458100,553495863466.667,919706666.666667,4385911733.33333,0,19801933.3333333,1207016866.66667,22939350466.6667,1774152433.33333,124949893433.333,304474200,19072434533.3333,1029811333.33333,2134715733.33333,2031466.66666667,3373333200,76585935866.6667,5258028133.33333,5560428743866.67,419406800,265372190600,111455865400,35186329733.3333,6002323666.66667,1215932800,196964072666.667,24020436166.6667,1719740033.33333,216376160900,1804519366.66667,90700,36740862666.6667,14687618000,207289933.333333,0,128506937066.667,0,27647261500,149788728500,2178538200,10750200,169045643833.333,126879033.333333,71213104433.3333,7122320033.33333,11375592533.3333,620905700,26674081700,5021952900,4379869633.33333,3021928600,54462644433.3333,19647666366.6667,3212120166.66667,1210273133.33333,803269066.666667,22117395633.3333,0,139873500,8796301666.66667,29389933.3333333,971322466.666667,505117800,146481215000,14837945133.3333,12933750333.3333,1587660733.33333,20126269566.6667,1756377566.66667,5728846133.33333,121478000,14342226133.3333,90733221100,10741601800,1134982600,5906107000,0,62551857833.3333,37273013666.6667,38240700,36233806700,12192856900,18006646566.6667,26352300,56764500,266700366.666667,6173475733.33333,80773237166.6667,122187467233.333,883190800,138869908033.333,108337866.666667,1534121933.33333,24908069000,1031873394966.67,14680492466.6667,1927607266.66667,4395234633.33333,2177879166.66667,0,7561142766.66667,2360221333.33333,1155555191200,4999344633.33333,20695475466.6667,162173943933.333,44788153566.6667,294081581800,1172080000,19549939100,70540414100,1485945300,0,61708901400,25899670633.3333,61166.6666666667,98221395333.3333,82365967900,110960289866.667,44228189033.3333,560924866.666667,1673001266.66667,1126060291500,8475480766.66667,10911735833.3333,1483925796266.67,88258201233.3333,310867966.666667,27716692766.6667,5484500,5526346000,760772400,17259722366.6667,4779399733.33333,156323044833.333
"United Arab Emirates",26726500,1750514366.66667,12300,38056200,0,211533333.333333,3555736366.66667,2337000,0,62003135300,0,705224566.666667,0,7729566.66666667,0,0,33480600,0,18271766.6666667,0,40973733.3333333,418200,142274100,42661133.3333333,1639791166.66667,29881257633.3333,48647166.6666667,292666333.333333,72750616500,633639566.666667,61500,1535368633.33333,774900,2839218066.66667,581555666.666667,0,0,0,30698000,51746900,2322101166.66667,27812800,0,114365400,0,0,35471064800,0,592063366.666667,36900,0,486837700,0,645091833.333333,0,33941881233.3333,24281966.6666667,214617533.333333,268956766.666667,96754200,0,1256265600,0,840200,0,0,12742800,584566966.666667,53886300,27158400,0,621167533.333333,12233.3333333333,0,1266900,6319339666.66667,375497066.666667,5308792200,40281258733.3333,347109900,44931900,382056933.333333,628666700,381733.333333333,15812800,3741810466.66667,32080294700,36833.3333333333,4383097300,104746800,0,953943866.666667,43963307066.6667,43308300,2570700,5367800366.66667,0,249700366.666667,4150846733.33333,2767500,0,144567733.333333,65903400,3865313033.33333,1575042633.33333,24818333.3333333,1015280933.33333,139701766.666667,918607500,113363766.666667,3849900,11680023233.3333,2253334100,0,157489200,197512733.333333,510023066.666667,0,0,24466.6666666667,22976400,494666133.333333,0,1356870900,981404133.333333,363550066.666667,3739649133.33333,0,0,454995900,0,0,29150595500,158964266.666667,10533500,0,48216000,2113748700,383946500,0,0,205135233.333333,67820290266.6667,0,0,0,0,198630776433.333,710980433.333333,7036904500,139911200,0,0,1290289833.33333,92820330033.3333,6159817166.66667,159864133.333333,315167500,149199000,0,87448866.6666667,515099400,151531833.333333,338717066.666667,17581033233.3333,5533341833.33333,1542049700,895639200,14594500,271584000,157383309733.333,591284433.333333,186064133.333333,0,834992266.666667,0,2445477800,38142300,15806466666.6667,39225800,0,20551233.3333333,0,104168700,1694137666.66667,144030008333.333,827683200,202240400,435534066.666667,0,17212300,0,4674566066.66667,601774566.666667,1666761033.33333
"Uganda",0,0,0,0,0,0,0,0,0,0,0,0,0,0,0,0,0,0,0,0,0,0,0,307600766.666667,0,1464300,0,0,0,0,0,0,0,0,85898933.3333333,0,0,0,0,0,0,0,0,0,0,0,24466.6666666667,0,0,0,0,0,0,0,0,0,0,0,0,2804400,0,0,0,0,0,0,0,0,0,0,0,0,0,0,0,35653333.3333333,0,0,0,0,0,0,0,0,0,0,0,0,54796787333.3333,0,0,0,0,0,0,0,0,0,0,0,0,0,0,0,0,0,0,0,0,0,0,0,0,0,0,0,0,0,0,0,0,0,0,0,0,0,0,0,0,0,0,0,0,0,0,0,0,0,0,0,0,111988266.666667,0,0,0,0,0,0,0,0,0,0,0,0,1217700,0,0,0,0,0,0,0,0,0,0,0,12233.3333333333,0,0,0,0,0,0,86100,0,0,0,0,0,0,0,0,0,0,738000,0,48479802166.6667,0,771400,0,0,0,611579533.333333,106059977600,0
"Tuvalu",0,0,0,0,0,0,0,0,0,0,0,0,0,0,0,0,0,0,0,0,0,0,0,0,0,0,0,0,0,0,0,0,0,0,0,0,0,0,0,0,0,0,0,0,0,0,0,0,0,0,0,0,0,0,0,0,0,0,0,0,0,0,0,0,0,0,0,0,0,0,0,0,0,0,0,0,0,0,0,0,0,0,0,0,0,0,0,0,0,0,0,0,0,0,0,0,0,0,0,0,0,0,0,0,0,0,0,0,0,0,0,0,0,0,0,0,0,0,0,0,0,135300,0,0,0,0,0,0,0,0,0,0,0,0,0,0,0,0,0,0,0,0,0,0,0,0,0,0,0,0,0,0,0,0,0,0,0,0,0,0,0,0,0,0,0,0,0,0,0,0,0,0,0,0,0,0,0,0,0,0,0,0,0,0,0,0,0,0,0,0,0,0,0,0,0
"United Kingdom",841000,120810600,13296300,105767089733.333,282666666.666667,2693700,64363383966.6667,3040518433.33333,3971144200,3677482666.66667,1160359900,27620200,0,0,6400600,0,572736500,0,71709000,0,269490433.333333,1971788700,26481900,0,77834400,20343240200,0,36813900,24848100,0,324360100,8738174800,64772100,0,11931000,0,46882800,479700,7761640333.33333,8431000,111626666.666667,28053023866.6667,62656200,8189333.33333333,12381633.3333333,2583000,900605500,0,2915100,2628431533.33333,590361866.666667,0,7786825966.66667,168267836233.333,295200,58228200,9954233.33333333,10150500,131752466.666667,71444840166.6667,52088866.6666667,6521153700,0,12960760433.3333,0,136350766.666667,4526400,0,68744700,0,0,15979014266.6667,4158824133.33333,2522575366.66667,23888828766.6667,1170844633.33333,1720987800,63898500,2382084566.66667,1627350397366.67,1941539266.66667,73085193700,176554866.666667,3997500,406238000,6099464400,2686798800,0,1306314000,83857400,0,1184184533.33333,10277800000,417749266.666667,0,1628692800,0,113835133.333333,263381500,1464913066.66667,13456966.6666667,747000,0,5639904500,32376333.3333333,10852700,4967263433.33333,0,784760600,334812466.666667,416337866.666667,8429708600,12233.3333333333,811800,947100,593413500,463216545966.667,0,0,1902300,0,3401636066.66667,0,0,126175437333.333,9222006000,471059100,188460600,7640312000,0,0,9446400,2447428733.33333,38171294633.3333,187383417200,0,0,0,5753086000,66940466.6666667,4580054433.33333,139186800,9295489833.33333,150072300,299157466.666667,145016900,0,30120718200,3567000,22324500,228086266.666667,727306866.666667,636989966.666667,11914248700,66026400,10713114100,512107277266.667,1230000,0,0,66804337200,4775807200,0,0,2216979633.33333,77256300,14642213433.3333,498000,8450100,824376366.666667,3094698166.66667,249000,21707743600,29723011833.3333,12718200,0,0,194807133.333333,106711564433.333,0,6752700,8042666.66666667,55805266.6666667,317244900,97645933.3333333,536267700,11880733.3333333,233700,99589866533.3333,89519800,26186700,578100,211894333.333333,2184000,165122966.666667
"Ukraine",19358766033.3333,63000600,57591025633.3333,162331949200,684900,0,609866233.333333,417435466.666667,1376233.33333333,293416500,231333.333333333,5137017561400,0,0,0,0,0,0,489500,0,0,6569367633.33333,163592505866.667,0,35982604700,3488787533.33333,0,0,193823018766.667,2484057333.33333,241522800,92810702866.6667,16027880666.6667,2254427900,0,170400,0,5096000,11225148666.6667,14899852700,418870300,7956488833.33333,365866.666666667,0,82197806100,66626532666.6667,11149829603766.7,0,0,9224081100,0,0,63092833.3333333,11107887466.6667,0,428054327933.333,22476528633.3333,3396711200,9089631200,32981494200,78806100,47716907333.3333,0,214299546800,0,0,0,55153200,231746666.666667,0,12133.3333333333,13950066366.6667,2909037666.66667,121333.333333333,0,611729166.666667,9472724322433.33,149547791966.667,9717983033.33333,33860124833.3333,1256504366333.33,617651069333.333,10028437800,20764684700,0,1094173900,520311691633.333,1022541100,683857673533.333,983852666.666667,0,1180482156833.33,1898647300,11829327366.6667,6264147733.33333,1977857451900,0,13519966.6666667,1921332154666.67,16104982966.6667,0,42540045100,0,781278815833.333,34317000,17617638100,124471033.333333,560396077266.667,10221166.6666667,513018644866.667,5665080300,3261856686400,254989084800,138471765966.667,0,1942655333.33333,115176770533.333,0,9032640333.33333,431392600,147600,1054495566.66667,0,21488100,618346698466.667,517874366.666667,2948643281733.33,3462233.33333333,4029689500,1859466.66666667,0,0,2291612046133.33,36305142266.6667,737197366.666667,0,0,41582131600,73975896833.3333,145600000,25269419666.6667,5826426666.66667,229234466.666667,207833.333333333,0,292566.666666667,29726666.6666667,803000525333.333,46287703366.6667,2802166.66666667,4514720800,6673333.33333333,1515706233.33333,86855304633.3333,141397352533.333,175410177300,1006535334166.67,59453333.3333333,3582211266.66667,0,1335130833.33333,36366789966.6667,799500,1452057833.33333,21803730200,290458618066.667,2200185666066.67,470775800,0,0,258611697900,2916187091466.67,4162464786933.33,373935162166.667,122400475333.333,171933.333333333,100669324833.333,0,7462644066.66667,2565101933.33333,0,4605464400,16281748966.6667,649199519033.333,1176172984000,2397949402200,26775556333.3333,0,524512133.333333,0,84344700,165006933.333333,312563360133.333,3555066666.66667,98438737566.6667
"United States of America",16395900,12582900,8274933.33333333,912103491100,1524186733.33333,2693879866.66667,35127764433.3333,112890200,35294557200,3042703666.66667,62299043666.6667,836136713333.333,0,0,653399366.666667,0,1419021788733.33,0,46940561766.6667,0,628197533.333333,0,278763939433.333,4898666666.66667,27650400,2400148284866.67,0,0,371727306700,0,1044252193800,5840018535400,2108882663133.33,0,1.4863e+10,6617400,243878584766.667,15448800,205806600,0,106048766.666667,991578300,677985466.666667,994697041333.333,0,1284267117533.33,1148727395566.67,656237967766.667,121517200,72550033.3333333,0,48152666.6666667,875585333.333333,4792574200,680128633.333333,142748804366.667,106968867500,2004900,1672800,6477617600,1980300,57623693533.3333,6509566.66666667,208165000,0,34763219566.6667,1600178035866.67,35662348500,124754571400,460043022300,978609268966.667,26952921800,0,0,1303029066.66667,1132312300,3087000905666.67,0,527448496633.333,280762000,140412294633.333,2150239339400,2792100,3892700,646628210033.333,8428588292166.67,1850138600,0,239890592333.333,3437555800,0,5040374631033.33,8131054200,44636500,0,968919700,0,37885222666.6667,23332463933.3333,7011000,5922866.66666667,0,29063566666.6667,1164671192833.33,4674000,6129692433.33333,0,0,5387200,13084632186533.3,34160800,128610847933.333,118505426666.667,0,29080266666.6667,0,16705083966.6667,0,368555800,0,0,6633863533.33333,115162105133.333,0,5785725011600,1373579466.66667,183512633.333333,496453933733.333,47098900,57572066.6666667,1368495400,1010812394033.33,10156864161433.3,725288400,92877884666.6667,0,0,464866.666666667,6166120300,0,528900,15823806666.6667,1449358366.66667,1358368633.33333,23284884066.6667,77181514266.6667,0,64129494200,3043942933.33333,0,7109400,246000,0,242984690133.333,8784533.33333333,292284986033.333,42136694833.3333,378514600,0,0,9348790333.33333,10342634700,0,0,3821858865500,114388589000,2222422859033.33,12173966.6666667,661251433.333333,389612472066.667,130656824700,98571984300,282295133.333333,174215721133.333,12246666666.6667,3491766.66666667,92958286933.3333,97099566.6666667,0,0,999065400,0,801951435600,1141730050566.67,1041900761600,2361479516800,57040520000,4624800,106007428600,0,0,0,340780200000,0,72963600
"Burkina Faso",0,0,0,0,0,0,0,0,0,0,0,0,0,0,0,0,0,0,0,0,0,0,0,0,0,0,0,0,0,0,0,0,0,0,0,0,0,0,0,0,0,0,0,0,0,0,0,0,0,0,0,0,0,0,0,0,0,0,0,0,0,24600000,0,0,0,0,0,0,0,0,0,0,0,0,0,0,0,0,0,0,0,0,18105333.3333333,0,0,0,0,0,0,0,0,0,0,0,0,0,0,0,0,0,0,0,0,0,0,24600000,0,0,0,0,0,0,0,0,0,0,0,0,0,0,0,0,0,0,0,0,0,0,0,0,0,0,0,0,0,0,0,0,0,0,0,0,0,0,0,0,0,0,0,0,0,0,0,0,0,0,0,0,0,0,0,0,0,0,0,0,0,0,0,0,0,0,0,49200,0,0,0,0,0,0,0,0,0,0,0,0,0,0,0,0,0,0,0,0,0
"Uruguay",0,0,0,121831287333.333,0,598991433.333333,1353000,0,0,0,0,0,0,0,56222666.6666667,0,483221616800,0,0,0,0,0,0,0,0,0,0,0,0,0,4601566466.66667,0,673433.333333333,0,0,0,3480900,0,0,0,0,0,0,0,0,0,36738775333.3333,0,0,0,0,0,0,0,0,0,0,0,0,24600,0,0,0,0,0,0,20479500,0,0,0,0,0,0,0,0,0,34379733333.3333,0,0,0,295200,1082400,0,0,0,0,0,0,0,0,0,0,0,0,0,0,0,0,0,0,0,0,0,0,0,0,0,0,0,7687500,0,0,0,0,0,0,0,0,0,0,0,60666.6666666667,0,0,0,0,0,117140466.666667,0,0,2385248966.66667,1072704600,0,0,0,0,0,0,0,0,0,0,0,0,0,0,0,0,0,0,0,0,0,0,0,64922300,46425300,0,0,0,0,4435831733.33333,0,0,2653017666.66667,0,0,0,0,0,0,0,0,0,0,0,7098866.66666667,0,413937366.666667,0,0,0,4576438533.33333,0,0,0,0,0,0,0,0,0,0,0,0
"Uzbekistan",0,0,0,0,0,0,0,0,0,0,0,0,0,0,0,0,0,0,0,0,0,0,0,0,0,0,0,0,0,0,0,0,0,0,0,0,0,0,0,0,0,0,0,0,0,0,0,0,0,0,0,0,0,0,0,0,0,0,0,0,0,0,0,0,0,0,0,0,0,0,0,0,0,0,0,0,0,0,0,0,0,0,0,0,0,0,0,0,0,0,0,0,0,0,0,0,0,0,0,0,0,0,0,0,0,0,0,0,0,0,0,0,0,0,0,0,0,0,0,0,0,0,0,0,0,0,0,0,0,0,0,0,0,0,0,0,0,0,0,0,0,0,0,0,0,0,0,0,0,0,0,0,0,0,0,0,0,0,0,0,0,0,0,0,0,0,0,0,0,0,0,0,0,0,0,0,0,0,0,0,0,0,0,0,0,0,0,0,0,0,0,0,0,0,0
"Venezuela (Bolivarian Republic of)",0,0,0,0,0,0,0,0,0,0,0,0,0,0,0,0,8364000,0,0,0,0,0,0,0,0,12828900,0,0,0,0,238407000,0,18090800,0,0,0,0,0,0,0,0,0,0,87871200,0,0,0,0,0,0,0,0,0,0,0,0,0,0,0,0,0,0,0,0,0,0,0,0,0,0,12300,0,0,0,0,0,0,0,0,0,0,0,0,0,0,0,0,0,0,0,0,0,0,0,0,0,0,0,0,0,0,0,0,0,0,0,0,0,0,0,0,0,0,0,0,0,0,0,0,0,0,0,0,0,0,36900,0,95546400,0,0,0,31857000,0,0,0,0,0,0,0,0,0,0,0,0,0,0,0,0,0,0,0,0,0,0,0,0,8671500,0,0,0,0,0,0,0,0,0,0,0,0,0,0,0,0,0,0,0,0,0,992142600,0,0,0,0,0,0,0,0,0,0,0,0,0,0,0,0
"Viet Nam",799233.333333333,0,0,0,0,30766833.3333333,15827933166.6667,24476066.6666667,0,0,0,40799100,0,0,0,110700,503764633.333333,0,0,0,45615600,14094466.6666667,22315732500,0,0,11583531633.3333,0,0,41413566.6666667,0,338424533.333333,49270418066.6667,394037900,0,76124700,0,81150166.6666667,0,2269589800,2435633.33333333,7380000,423938300,0,5211866.66666667,60677500,2570700,0,3370200,0,9604733.33333333,0,4194300,131077466.666667,26285823000,0,0,0,0,0,18140305800,344400,0,0,85923466.6666667,0,0,0,0,6361333.33333333,0,89006066.6666667,41054958433.3333,218481700,1685100,16435166.6666667,1374533500,33369258800,0,0,587846900,1953605600,315431966.666667,143524000,7856200,0,55098530633.3333,29962800,0,131277900,207041020133.333,0,53522267566.6667,1132559400,6899600,35215995766.6667,760200,0,0,0,108646266.666667,2431232500,14723100,0,9566665533.33333,22141033.3333333,0,1447000,0,21054233.3333333,594472266.666667,1273086433.33333,307291266.666667,5382666.66666667,2122900,0,215840333.333333,15383707633.3333,0,0,0,0,1964163100,16983900,0,146542200,984976433.333333,827613700,53652800,765342400,0,0,5844333.33333333,70045488000,2427325400,47227866.6666667,0,0,0,188497500,0,115451533.333333,0,12012583633.3333,0,0,0,0,2111003666.66667,1414367366.66667,0,0,80153833.3333333,48872500,51764460233.3333,0,1365590500,871819900,279727400,2254000,4784700,1689849433.33333,1564423500,0,0,16847054166.6667,9889200,215537318333.333,0,0,221400,122242400,0,6349966.66666667,1253362133.33333,0,0,32493036366.6667,827668633.333333,67442701066.6667,0,0,39399766.6666667,8634600,0,27769666.6666667,0,0,811800,2071251066.66667,0,2177100,754800,0,0,0
"Ethiopia",0,0,0,0,0,0,2311566.66666667,0,0,718725066.666667,0,0,0,0,0,0,0,0,0,0,0,0,0,0,0,1393069033.33333,0,0,0,0,0,787200,0,0,0,0,0,0,0,0,0,196800,0,0,0,0,0,0,0,0,0,0,44168800,25178100,0,1138476433.33333,0,0,0,168953633.333333,1353000,0,0,4182000,0,0,0,0,0,0,0,0,0,0,0,49200,0,0,0,0,110700,6050400,36900,0,0,0,0,0,7416700,0,0,0,592927133.333333,0,0,172200,0,0,0,0,0,0,0,0,0,0,0,0,0,0,0,0,49200,0,0,0,700900,0,0,0,0,83000,0,0,0,1096546933.33333,0,0,0,0,0,0,0,0,36400,0,0,0,9537800,24600,0,0,0,0,0,0,0,32521200,0,0,0,0,0,0,822625700,3550366.66666667,0,0,0,4132800,3305093366.66667,323200100,0,0,0,0,0,0,0,0,627300,0,0,8648598600,24600,0,1017637400,0,10018865866.6667,0,0,0,0,0,0,0,0,0,9667800,0,0,0,0,836400,0
"Yemen",0,0,0,0,0,0,0,0,0,33080000,0,0,0,0,0,0,0,0,0,0,0,0,0,0,0,20133700,0,0,0,0,0,0,0,0,0,0,0,0,0,0,0,12300,0,0,0,0,81632885000,0,0,0,0,0,0,0,0,0,0,0,0,0,0,0,0,0,0,0,0,0,0,0,0,0,0,0,0,0,0,0,0,0,0,0,0,0,0,0,0,0,0,0,0,0,3111900,0,0,0,0,0,0,0,0,0,0,13530000,0,0,0,0,0,0,0,0,0,0,0,0,504300,0,0,0,0,0,0,0,0,0,0,0,0,0,0,0,0,0,0,0,0,1308966.66666667,276707866.666667,0,0,0,0,0,0,0,0,9701766.66666667,0,0,0,0,0,0,0,0,0,0,0,0,0,479700,0,0,0,0,0,0,0,0,10529013333.3333,0,20296813800,288438466.666667,0,0,39901200,0,272506500,0,0,0,0,0,204991800,0,0,0,0,0,0,0,7.28e+09,0,0
"Democratic Republic of the Congo",0,0,0,0,0,0,0,0,0,0,0,0,0,0,0,0,0,0,0,0,0,0,0,1992600,0,430500,0,0,0,0,0,0,0,0,0,0,0,0,0,0,0,0,0,0,0,0,0,0,0,0,0,0,0,196800,0,0,0,0,0,24600,0,0,0,0,0,0,0,0,0,0,0,0,0,0,0,0,0,0,0,0,0,0,0,0,0,0,0,0,0,0,0,0,0,0,0,0,0,0,0,0,0,0,0,0,0,0,0,0,0,0,0,0,0,0,0,0,0,0,0,0,0,0,0,0,0,0,0,0,0,0,0,0,0,0,0,0,0,0,0,0,0,2719266.66666667,0,0,0,0,0,0,0,0,0,0,0,0,0,0,0,0,0,0,0,0,0,0,0,0,0,0,0,0,0,0,0,24600,43969266.6666667,0,0,0,0,0,0,0,0,0,0,0,0,0,0,0,0,0,0,0,0
"Zambia",0,0,0,0,0,0,0,0,0,0,0,0,0,0,0,96149100,0,0,0,0,0,0,0,0,0,0,0,0,0,0,0,0,0,0,0,0,0,0,0,0,0,0,0,0,0,0,0,0,0,0,0,0,0,0,0,0,0,0,0,0,0,0,0,0,0,0,0,0,0,0,0,0,0,0,0,0,0,0,0,0,0,110700,0,0,0,0,0,0,7416900,0,0,0,0,0,0,0,0,0,0,0,0,0,1131497600,0,0,0,0,0,0,0,0,0,4152266.66666667,0,984000,0,0,0,0,0,0,0,0,0,0,0,0,0,0,0,0,0,0,0,0,0,0,0,0,2115708033.33333,0,10405800,0,0,0,0,0,0,0,0,0,0,0,0,0,517213833.333333,0,0,0,0,0,0,0,0,0,4985590300,0,0,0,0,0,0,0,24600,0,0,0,0,24600,0,0,0,0,0,0,0,78453931333.3333,0,0,0,0,0,0,0,0
"Belgium",3210300,4329600,84502700,197402700,0,69298200,16046120766.6667,18150416833.3333,0,1371481000,2017200,307100,0,0,2693700,0,5142887766.66667,0,0,0,26395800,2779750833.33333,7785900,419304133.333333,1218742766.66667,12941903300,541200,88621400,615000,103230166.666667,5886858333.33333,13636171233.3333,120531733.333333,664200,94467400,0,69679500,62621566.6666667,2324132700,10811700,33360800,28202608300,393600,336984533.333333,28277700,12238500,5152584933.33333,19347900,328548000,4663783666.66667,307500,0,25965231600,998533913033.333,301303033.333333,0,17711333.3333333,593632533.333333,122648600,816862246666.667,622326800,142165233.333333,0,18985277266.6667,0,0,59126100,105129666.666667,16180133.3333333,5063000,4428000,933888600,14206904433.3333,5202876766.66667,2777667800,314694766.666667,922965800,9091433.33333333,4970682600,41784645100,9023918833.33333,99997665900,160716766.666667,24600,111585600,14237626266.6667,4679780833.33333,1758900,289255433.333333,3899100,0,11808246933.3333,3955311666.66667,2288310333.33333,0,4331702733.33333,0,165533333.333333,1530835866.66667,3884305666.66667,36900,75616900,0,834191700,17373000,61882533.3333333,1785078433.33333,168177900,1222766933.33333,800627633.333333,4403400,7900576000,8300,121610100,442800,12300,2961101819500,0,54136366.6666667,202252366.666667,0,309883200,27281400,371355966.666667,1143194466.66667,34315888933.3333,103123200,333134533.333333,26289793033.3333,0,25633200,51823400,300393000,42105185900,13464812566.6667,606666666.666667,0,0,1840733333.33333,36900,13158338166.6667,348210466.666667,10792938933.3333,0,0,0,27627600,15832402666.6667,957736400,155764233.333333,17522700,3355527300,3433911066.66667,2217220100,26691000,1601361500,115405850500,277398233.333333,0,0,75419869100,43832238466.6667,0,0,2254929800,39003300,919231166.666667,58863733.3333333,0,175094100,1541343933.33333,225286633.333333,21116480466.6667,14834583333.3333,40888700,0,465364426633.333,2729360233.33333,66142409133.3333,72830400,132424800,4391100,1722000,272248200,137316666.666667,18486900,2852777666.66667,18595333.3333333,0,106950022266.667,2738925966.66667,117071400,193703966.666667,0,266590200
"Luxembourg",0,0,0,12300,0,0,24600,467332733.333333,0,0,0,0,0,0,0,0,12300,0,0,0,0,36900,0,0,0,61500,0,0,0,0,0,12300,172200,0,24533.3333333333,0,0,0,121055200,64553733.3333333,0,1787714666.66667,0,24600,0,12300,0,0,0,0,0,0,487997933.333333,97987598233.3333,0,0,0,0,0,169052340700,0,827666.666666667,0,70500200,0,0,0,0,0,0,0,0,718713900,127900,29433900,0,0,0,0,3424786466.66667,12300,476159700,0,0,0,3161100,0,0,0,0,0,6088500,0,0,0,12300,0,0,0,61233333.3333333,0,0,0,0,0,0,59409000,0,0,0,0,0,0,0,0,0,27881745100,0,110700,0,0,0,0,5070233.33333333,538933.333333333,10750682866.6667,0,0,112963200,0,0,98400,0,2923042800,6855166.66666667,0,0,0,24266.6666666667,0,33431000,0,0,0,0,0,0,45780600,0,0,0,27170700,0,0,0,24600,274466300,0,0,0,172974900,219603266.666667,0,0,0,0,0,12300,0,0,0,12300,24600,159733.333333333,0,0,1623696100,0,1045500,0,0,0,0,0,0,0,0,0,166449945433.333,0,0,0,0,0,0
"Serbia",11365200,0,177526864433.333,77877400,0,0,762186200,20747008500,0,57704633.3333333,0,0,0,0,0,1274833.33333333,1082400,0,0,0,0,4288375766.66667,138209200,0,0,677406233.333333,0,24316666.6666667,0,0,0,142974533.333333,0,8513333.33333333,0,0,0,0,7249795400,10811700,0,37355100,0,0,443303500,0,0,0,0,0,0,0,0,1165758333.33333,0,0,0,0,0,6940208200,411123371200,0,0,3835333700,0,0,0,0,0,0,0,123000,1466167366.66667,38927412533.3333,0,110433.333333333,28271233.3333333,27054000,96649766.6666667,26608733.3333333,1528042300,455416920033.333,0,0,0,12133.3333333333,63527700,0,0,0,0,0,0,183046266.666667,0,807032566.666667,28648333.3333333,6985233.33333333,360028200,3259500,0,48633333.3333333,0,0,0,0,45560400,10996200,0,0,17662800,16580400,0,3259500,0,0,5602780600,0,0,435648891900,0,0,0,0,356700,43629100,0,0,43171100,0,0,0,0,783728766.666667,410898300,0,0,0,1430653733.33333,26101666.6666667,957294641633.333,0,1314093200,0,0,0,0,27560966.6666667,10368900,39464733.3333333,7871033.33333333,12968805833.3333,220529433.333333,54575600,0,0,82811666.6666667,0,0,18250000,1795804866.66667,7162412733.33333,0,0,0,0,0,0,0,0,0,0,411532800,1654857300,0,0,8194938233.33333,151191666.666667,2979067766.66667,0,0,31173333.3333333,163800000,0,0,127211566.666667,0,0,174203000,4427900,0,221978855800,0,0,0
"Montenegro",0,0,172940300,0,0,0,0,0,0,0,0,0,0,0,0,0,0,0,0,0,0,0,0,0,0,0,0,0,0,0,0,258300,0,0,0,0,0,0,281100,0,0,12300,0,0,0,0,0,0,0,170966.666666667,0,0,0,49200,0,0,0,0,0,11310666.6666667,565800,0,0,49200,0,0,0,0,0,0,0,0,0,536533.333333333,60766.6666666667,0,0,0,0,0,0,241100,0,0,0,0,0,0,0,0,0,0,0,0,0,0,0,403466.666666667,0,0,0,0,0,0,0,0,0,0,0,0,0,0,0,0,0,0,0,0,0,614717100,0,0,0,0,0,688100,0,244200,0,0,0,0,0,172200,0,0,0,0,0,0,0,0,0,0,0,0,0,0,0,0,36900,0,0,0,0,0,0,0,0,0,0,24698400,0,0,0,0,0,0,0,0,0,0,0,0,0,0,328900,0,0,0,0,0,0,0,0,0,0,0,0,5399700,81939900,0,0,0,0
"Sudan",0,0,0,0,0,0,0,0,0,0,0,0,0,0,0,0,0,0,0,0,0,0,0,0,0,0,0,0,0,0,0,0,0,0,0,0,0,0,0,0,0,0,0,0,0,0,0,0,0,0,0,0,0,0,0,0,0,0,0,0,0,0,0,0,0,0,0,0,0,0,0,0,0,0,0,0,0,0,0,0,0,0,0,0,0,0,0,0,0,0,0,0,0,0,0,0,0,0,0,0,0,0,0,0,0,0,0,0,0,0,0,0,0,0,0,0,0,0,0,0,0,0,0,0,0,0,0,0,0,0,0,0,0,0,0,0,0,0,0,0,0,0,0,0,0,0,0,0,0,0,0,0,0,0,0,0,0,0,0,0,0,0,0,0,0,0,0,0,0,0,0,0,0,0,0,0,0,0,0,0,0,0,0,0,0,0,0,0,0,0,0,0,0,0,0
"South Sudan",0,0,0,0,0,0,0,0,0,0,0,0,0,0,0,0,0,0,0,0,0,0,0,0,0,0,0,0,0,0,0,0,0,0,0,0,0,0,0,0,0,0,0,0,0,0,0,0,0,0,0,0,0,0,0,0,0,0,0,0,0,0,0,0,0,0,0,0,0,0,0,0,0,0,0,0,0,0,0,0,0,0,0,0,0,0,0,0,0,0,0,0,0,0,0,0,0,0,0,0,0,0,0,0,0,0,0,0,0,0,0,0,0,0,0,0,0,0,0,0,0,0,0,0,0,0,0,0,0,0,0,0,0,0,0,0,0,0,0,0,0,0,0,0,0,0,0,0,0,0,0,0,0,0,0,0,0,0,0,0,0,0,0,0,0,0,0,0,0,0,0,0,0,0,0,0,0,0,0,0,0,0,0,0,0,0,0,0,0,0,0,0,0,0,0
"Occupied Palestinian Territory",0,0,0,0,0,0,0,0,0,0,0,0,0,0,0,0,0,0,0,0,0,0,0,0,0,0,0,0,0,0,0,0,0,0,0,0,0,0,0,0,0,0,0,0,0,0,0,0,0,0,0,0,0,0,0,0,0,0,0,0,0,0,0,0,0,0,0,0,0,0,0,0,0,0,0,0,0,0,0,0,0,0,0,0,0,0,0,0,0,0,0,0,0,0,0,0,0,0,0,0,0,0,0,0,0,0,0,0,0,0,0,0,0,0,0,0,0,0,0,0,0,0,0,0,0,0,0,0,0,0,0,0,0,0,0,0,0,0,0,0,0,0,0,0,0,0,0,0,0,0,0,0,0,0,0,0,0,0,0,0,0,0,0,0,0,0,0,0,0,0,0,0,0,0,0,0,0,0,0,0,0,0,0,0,0,0,0,0,0,0,0,0,0,0,0
