"","ARM","AFG","ALB","DZA","ATG","ARG","AUS","AUT","BHS","BHR","BRB","BGD","BMU","BTN","BOL","BWA","BRA","ARB","BLZ","SLB","BRN","BGR","MMR","BDI","CMR","CAN","CPV","CAF","LKA","TCD","CHL","CHN","COL","COM","COG","COK","CRI","CUB","CYP","AZE","BEN","DNK","DMA","DOM","BLR","ECU","EGY","SLV","GNQ","EST","FRO","FJI","FIN","FRA","PYF","DJI","GEO","GAB","GMB","DEU","BIH","GHA","KIR","GRC","GRL","GRD","GTM","GIN","GUY","HTI","HND","HKG","HUN","HRV","ISL","IND","IDN","IRN","IRQ","IRL","ISR","ITA","CIV","KAZ","JAM","JPN","JOR","KGZ","KEN","KHM","PRK","KOR","KWT","LVA","LAO","LBN","LSO","LBR","LBY","LTU","MAC","MDG","MWI","MYS","MDV","MLI","MLT","MRT","MUS","MEX","MNG","MAR","MOZ","MDA","NAM","NPL","NLD","ANT","NCL","MKD","VUT","NZL","NIC","NER","NGA","NOR","PAK","PAN","CZE","PNG","PRY","PER","PHL","POL","PRT","GNB","TLS","ERI","QAT","ZWE","ROU","RWA","RUS","KNA","LCA","VCT","STP","SAU","SEN","SYC","SLE","SVN","SVK","SGP","SOM","ZAF","ESP","SUR","TJK","SWZ","SWE","CHE","SYR","TKM","TWN","TZA","THA","TGO","TON","TTO","OMN","TUN","TUR","ARE","UGA","TUV","GBR","UKR","USA","BFA","URY","UZB","VEN","VNM","ETH","YEM","COD","ZMB","BEL","LUX","SRB","MNE","SDN","SSD","PSE"
"ARM",0,0,0,0,0,0,0,0,0,0,0,0,0,0,0,0,0,0,0,0,0,0,0,0,0,0,0,0,0,0,0,0,0,0,0,0,0,0,0,0,0,0,0,0,0,0,0,0,0,0,0,0,0,1245000,0,0,535595000,0,0,0,0,0,0,0,0,0,0,0,0,0,0,0,0,0,0,0,0,0,0,0,0,0,0,0,0,0,0,0,0,0,0,0,0,0,0,0,0,0,0,0,0,0,0,0,0,0,0,0,0,0,0,0,0,0,0,0,0,0,0,0,0,0,0,0,0,0,0,0,0,0,0,0,0,0,0,0,0,0,0,0,0,0,173340000,0,0,0,0,0,0,0,0,0,0,0,0,0,0,0,0,0,0,0,0,0,0,0,0,0,0,0,0,0,0,31365000,0,0,0,0,11070000,0,0,0,0,0,0,0,0,0,0,0,0,0,0,0,0
"AFG",0,0,0,0,0,0,0,0,0,0,0,0,0,0,0,0,0,0,0,0,0,0,0,0,0,0,0,0,0,0,0,0,0,0,0,0,0,0,0,0,0,0,0,0,0,0,0,0,0,0,0,0,0,0,0,0,0,0,0,0,0,0,0,0,0,0,0,0,0,0,0,0,0,0,0,0,0,0,0,0,0,0,0,0,0,0,0,0,0,0,0,0,0,0,0,0,0,0,0,0,0,0,0,0,0,0,0,0,0,0,0,0,0,0,0,0,0,0,0,0,0,0,0,0,0,0,0,0,0,0,0,0,0,0,0,0,0,0,0,0,0,0,0,0,0,0,0,0,0,0,0,0,0,0,0,0,0,0,0,0,0,0,0,0,0,0,0,0,0,0,0,0,0,0,0,0,0,0,0,0,0,0,0,0,0,0,0,0,0,0,0,0,0,0,0
"ALB",0,0,0,0,0,0,0,0,0,0,0,0,0,0,0,0,0,0,0,0,0,246030000,0,0,0,0,0,0,0,0,0,0,0,0,0,0,0,0,0,0,0,0,0,0,0,0,0,0,0,0,0,0,0,0,0,0,0,0,0,0,5535000,0,0,461240000,0,0,0,0,0,0,0,0,0,0,0,0,0,0,0,0,0,3690000,0,0,0,0,0,0,0,0,0,0,0,0,0,0,0,0,9225000,0,0,0,0,0,0,0,0,0,0,0,0,0,0,0,0,0,0,0,0,307790000,0,0,0,0,0,0,0,0,0,0,0,0,0,0,0,0,0,0,0,0,31365000,0,0,0,0,0,0,0,0,0,0,0,0,0,0,0,0,0,0,0,0,0,0,0,0,0,0,0,0,0,0,0,0,0,0,0,0,0,1845000,0,0,0,0,0,0,0,0,0,0,0,4206045000,563345000,0,0,0
"DZA",0,0,0,0,0,0,0,0,0,0,0,0,0,0,0,0,0,0,0,0,0,0,0,0,23985000,36850000,0,0,0,0,0,0,0,0,0,0,0,0,0,0,0,0,0,0,0,0,0,0,0,0,0,0,0,47710000,0,0,0,0,0,0,0,0,0,0,0,0,0,0,0,0,0,0,0,0,0,0,0,0,134685000,0,0,0,0,0,0,0,234315000,0,0,0,0,0,0,0,0,0,0,0,228780000,0,0,0,0,0,0,0,0,0,0,0,0,0,0,0,0,0,0,0,0,0,0,0,0,3583835000,0,0,0,0,0,0,0,0,0,0,0,0,0,0,35055000,0,0,0,0,0,0,0,0,0,217690000,0,0,0,0,0,0,0,0,0,0,0,0,0,0,0,0,0,0,0,0,0,0,67380000,0,0,0,0,0,0,0,0,0,0,0,0,0,0,103575000,0,0,0,0,0,0,0,0
"ATG",0,0,0,0,0,0,0,0,0,0,3690000,0,0,0,0,0,0,0,0,0,0,0,0,0,0,0,0,0,0,0,0,0,0,0,0,0,0,0,0,0,0,0,1845000,0,0,0,0,0,0,0,0,0,0,0,0,0,0,0,0,0,0,0,0,0,0,0,0,0,0,0,0,0,0,0,0,0,0,0,0,0,0,0,0,0,0,0,0,0,0,0,0,0,0,0,0,0,0,0,0,0,0,0,0,0,0,0,0,0,0,0,0,0,0,0,0,0,0,0,0,0,0,0,0,0,0,0,0,0,0,0,0,0,0,0,0,0,0,0,0,0,0,0,0,0,1845000,0,0,0,0,0,0,0,0,0,0,0,0,0,0,0,0,0,0,0,0,0,0,0,0,0,0,0,0,0,0,0,0,0,0,0,0,0,0,0,0,0,0,0,0,0,0,0,0,0,0
"ARG",0,0,26145000,507530575000,0,0,18450000,0,18450000,67143575000,7380000,329597880000,0,0,832233355000,0,15790261715000,0,0,0,0,297555000,0,5.01e+09,51421430000,618860000,7533450000,0,0,0,510495650000,120315000,553916875000,0,50024850000,0,158070000,46575660000,1245000,1845000,0,0,25320000,10194380000,0,18206025000,770136580000,177120000,57035000,80925000,0,0,0,1710460000,0,7.682e+10,29610000,0,0,178540000,0,0,0,0,0,33210000,127305000,0,0,43576310000,432975000,91100000,0,0,0,0,5525520000,0,0,0,1313455000,103075445000,49293390000,0,16605000,132840000,0,0,216086310000,0,0,0,12915000,0,0,0,0,130725000,69260000,18450000,0,1845000,78260000,8602170000,0,1.0855e+10,0,69221500000,2241940000,123035000,123015000,566131670000,186728150000,0,27335995000,0,1999515000,0,0,0,0,1845000,0,0,112704960000,257180000,0,7180125000,0,0,32256860000,348660445000,1245375000,0,0,0,0,0,1845000,30418125000,21165000,12516650000,0,0,9225000,8625000,0,44976170000,41868570000,0,938250000,0,0,66420000,0,1449287310000,2263015000,40460000,0,0,0,4823780000,45206900000,0,7470000,202652830000,293020000,5535000,0,200065000,72227500000,45961900000,270897380000,125996490000,77569830000,0,4064460000,0,4789010000,0,65138275000,0,68895455000,549240000,0,161828010000,90697700000,0,4458900000,0,0,0,0,0,0
"AUS",0,1845000,0,5.511e+10,0,0,0,0,0,159440930000,0,2312397645000,0,0,0,0,33210000,0,0,48565700000,67665000,0,545163755000,0,0,1339855000,0,0,335559575000,0,0,2135765675000,0,0,0,372700000,0,0,1845000,0,0,0,0,0,0,0,2130068650000,0,0,0,0,498186465000,152880000,66420000,6160605000,7212730000,81830000,0,0,43469830000,0,0,11701180000,0,0,0,0,0,0,0,0,17196950000,0,0,0,526700890000,11788002115000,102466190000,2118857590000,3690000,62189150000,654149710000,0,0,0,3817559175000,0,0,129308100000,70270275000,35064990000,4458993375000,1081355490000,0,0,46053225000,0,0,0,0,0,0,80888120000,2833379460000,32760000,0,69425000,0,154408310000,0,0,7.3981e+10,347577100000,0,0,384100000,16650000,0,105992215000,0,7523910000,1314448165000,0,0,718100000,48840000,582660000,29120000,0,581213295000,0,0,1991343775000,0,8625000,0,46100000,0,55826925000,0,0,0,29520000,0,0,0,0,312232470000,0,374845000,0,0,0,296940910000,0,500733250000,35055000,0,0,0,52665000,27675000,0,0,980837225000,466349170000,1874744370000,0,509650000,0,3.15964e+11,129220000,0,787363025000,0,245700000,6592450000,0,3828165000,0,0,0,8141250000,5682401435000,6619880000,2546369240000,0,0,134365000,0,0,0,0,0,0
"AUT",75045000,3690000,752625000,0,0,0,250045000,0,0,70335000,0,0,0,0,0,0,0,0,0,0,0,26710255000,0,0,9215000,1065915000,0,0,0,0,1845000,109445000,0,0,0,0,0,0,219645000,201105000,0,8964220000,1835000,0,205520000,0,57195000,0,9225000,20295000,0,0,1009300000,73276910000,0,0,250090000,0,5535000,782601630000,1651490000,0,0,29259795000,0,0,0,0,0,1845000,0,36465000,108652720000,21132580000,18450000,0,5535000,158670000,3690000,623225000,148165000,1584860130000,0,4935000,0,229425000,0,0,0,0,53505000,27575000,99620000,819085000,0,67065000,0,0,178965000,333330000,0,0,0,81900000,740740000,0,188140000,0,11070000,0,0,0,0,105985000,0,0,60801410000,0,0,6981455000,0,5535000,0,0,0,3485915000,0,0,101975395000,0,0,83025000,8715000,38655265000,3184565000,0,0,0,17965000,0,26739900000,0,1653710000,0,0,0,0,3090000,0,0,0,165540025000,19969940000,30345000,0,529480000,5000800000,0,0,0,2961045000,206714465000,18300000,0,12915000,0,14760000,0,0,0,14760000,0,165060000,910450000,0,0,11241340000,867610000,2604540000,0,14760000,5525000,0,25275000,47970000,75645000,0,0,8247415000,207930000,23220900000,613685000,0,0,0
"BHS",0,0,0,0,0,0,0,0,0,0,0,0,0,0,0,0,0,0,0,0,0,0,0,0,0,0,0,0,0,0,0,0,0,0,0,0,0,0,0,0,0,0,0,0,0,0,0,0,0,0,0,0,0,0,0,0,0,0,0,0,0,0,0,0,0,0,0,0,0,0,0,0,0,0,0,0,0,0,0,0,0,0,0,0,0,0,0,0,0,0,0,0,0,0,0,0,0,0,0,0,0,0,0,0,0,0,0,0,0,0,0,0,0,0,0,0,0,0,0,0,0,0,0,0,0,0,0,0,0,0,0,0,0,0,0,0,0,0,0,0,0,0,0,0,0,0,0,0,0,0,0,0,0,0,0,0,0,0,0,0,0,0,0,0,0,0,0,0,0,0,0,0,0,0,0,0,0,0,0,0,0,0,0,0,0,0,0,0,0,0,0,0,0,0,0
"BHR",0,0,0,0,0,0,0,0,0,0,0,0,0,0,0,0,0,0,0,0,0,0,0,0,0,0,0,0,0,0,0,0,0,0,0,0,0,0,0,0,0,0,0,0,0,0,44280000,0,0,0,0,0,0,0,0,110180000,0,0,0,0,0,0,0,0,0,0,0,0,0,0,0,0,0,0,0,1835000,0,0,0,0,0,0,0,0,0,0,7470000,0,0,0,0,0,314345000,0,0,0,0,0,0,0,0,0,0,0,0,0,0,0,0,0,0,0,0,0,0,0,0,0,0,0,0,0,0,0,0,0,0,0,0,0,0,0,0,0,0,0,0,0,233190000,0,0,0,0,0,0,0,0,21067085000,0,0,0,0,0,0,0,0,0,0,0,0,0,0,0,0,0,0,0,0,0,0,70735000,0,0,132180000,0,0,0,0,0,0,0,0,0,0,0,62730000,0,0,0,0,0,0,0,0,0
"BRB",0,0,0,0,461250000,0,0,0,7380000,0,0,0,0,0,0,0,0,0,62730000,0,0,0,0,0,0,151290000,0,0,0,0,0,0,0,0,0,0,0,0,0,0,0,0,132840000,0,0,0,0,0,0,0,0,0,0,59040000,0,0,0,0,0,0,0,0,0,0,0,572095000,0,0,470475000,0,0,0,0,0,0,0,0,0,0,0,0,0,0,0,2409570000,0,0,0,0,0,0,0,0,0,0,0,0,0,0,0,0,0,0,0,0,0,0,0,0,0,0,0,0,0,0,0,0,0,0,0,0,0,0,0,0,0,0,0,0,0,0,0,0,0,0,0,0,0,0,0,0,0,0,201105000,8640490000,321030000,0,0,0,0,0,0,0,0,0,0,0,404055000,0,0,0,0,0,0,0,0,0,0,0,1300225000,0,0,0,0,0,0,200355000,0,1922505000,0,0,0,0,0,0,0,0,0,0,0,0,0,0,0,0
"BGD",0,0,0,0,0,0,0,0,0,0,0,0,0,0,0,0,0,0,0,0,0,0,0,0,0,0,0,0,0,0,0,0,0,0,0,0,0,0,0,0,0,0,0,0,0,0,0,0,0,0,0,0,0,0,0,0,0,0,0,0,0,0,0,0,0,0,0,0,0,0,0,0,0,0,0,0,0,0,0,0,0,0,0,0,0,0,0,0,0,0,0,0,0,0,0,0,0,0,0,0,0,0,0,0,0,0,0,0,0,0,0,0,0,0,0,0,0,0,0,0,0,0,0,0,0,0,0,0,0,0,0,0,0,0,0,0,0,0,0,0,0,0,0,0,0,0,0,0,0,0,0,0,0,0,0,0,0,0,0,0,0,0,0,0,0,0,0,0,0,0,0,0,0,0,0,0,0,0,0,0,0,0,0,0,0,0,0,0,0,0,0,0,0,0,0
"BMU",0,0,0,0,0,0,0,0,0,0,0,0,0,0,0,0,0,0,0,0,0,0,0,0,0,0,0,0,0,0,0,0,0,0,0,0,0,0,0,0,0,0,0,0,0,0,0,0,0,0,0,0,0,0,0,0,0,0,0,0,0,0,0,0,0,0,0,0,0,0,0,0,0,0,0,0,0,0,0,0,0,0,0,0,0,0,0,0,0,0,0,0,0,0,0,0,0,0,0,0,0,0,0,0,0,0,0,0,0,0,0,0,0,0,0,0,0,0,0,0,0,0,0,0,0,0,0,0,0,0,0,0,0,0,0,0,0,0,0,0,0,0,0,0,0,0,0,0,0,0,0,0,0,0,0,0,0,0,0,0,0,0,0,0,0,0,0,0,0,0,0,0,0,0,0,0,0,0,0,0,0,0,0,0,0,0,0,0,0,0,0,0,0,0,0
"BTN",0,0,0,0,0,0,0,0,0,0,0,0,0,0,0,0,0,0,0,0,0,0,0,0,0,0,0,0,0,0,0,0,0,0,0,0,0,0,0,0,0,0,0,0,0,0,0,0,0,0,0,0,0,0,0,0,0,0,0,0,0,0,0,0,0,0,0,0,0,0,0,0,0,0,0,875435000,0,0,0,0,0,0,0,0,0,0,0,0,0,0,0,0,0,0,0,0,0,0,0,0,0,0,0,0,0,0,0,0,0,0,0,0,0,0,0,0,0,0,0,0,0,0,0,0,0,0,0,0,0,0,0,0,0,0,0,0,0,0,0,0,0,0,0,0,0,0,0,0,0,0,0,0,0,0,0,0,0,0,0,0,0,0,0,0,0,0,0,0,0,0,0,0,0,0,0,0,0,0,0,0,0,0,0,0,0,0,0,0,0,0,0,0,0,0,0
"BOL",0,0,0,0,0,0,0,0,0,0,0,0,0,0,0,0,23855000,0,0,0,0,0,0,0,0,68265000,0,0,0,0,9225000,0,0,0,0,0,0,0,0,0,0,0,0,0,0,0,0,0,0,0,0,0,0,0,0,0,0,0,0,0,0,0,0,0,0,0,0,0,0,0,0,0,0,0,0,0,0,0,0,0,0,0,0,0,0,0,0,0,0,0,0,0,0,0,0,0,0,0,0,0,0,0,0,0,0,0,0,0,0,0,0,0,0,0,0,0,0,0,0,0,0,0,0,0,0,0,0,0,0,0,1839465000,11070000,0,0,0,0,0,0,0,0,0,0,0,0,0,0,0,0,0,0,0,0,0,0,0,0,0,0,0,0,0,0,0,0,0,0,0,0,0,0,0,0,0,0,0,0,0,0,351305000,0,1937250000,0,0,0,0,0,0,0,0,0,0,0,0,0,0
"BWA",0,0,0,0,0,0,0,0,0,0,0,0,0,0,0,0,0,0,0,0,0,0,0,0,0,0,0,0,0,0,0,0,0,0,0,0,0,0,0,0,0,0,0,0,0,0,0,0,0,0,0,0,0,0,0,0,0,0,0,0,0,0,0,0,0,0,0,0,0,0,0,0,0,0,0,0,0,0,0,0,0,0,0,0,0,0,0,0,0,0,0,0,0,0,0,0,0,0,0,0,0,0,0,0,0,0,0,0,0,0,0,0,0,0,647745000,0,0,0,0,0,0,0,0,0,0,0,0,0,0,0,0,0,0,0,0,0,0,0,0,6015340000,0,0,0,0,0,0,0,0,0,0,0,0,0,0,0,3762595000,0,0,0,123760000,0,0,0,0,0,0,0,0,0,0,0,0,0,0,0,0,0,0,0,0,0,0,0,0,0,0,0,103320000,0,0,0,0,0,0,0
"BRA",0,0,0,1178294080000,12915000,4325065000,173370000,0,5030295000,7380000,0,226004440000,0,0,3521055000,7380000,0,0,0,12915000,0,0,0,23955000,522135000,393135000,836560000,0,3.5571e+10,0,3058465000,30395190000,65272390000,0,13628475000,0,428685000,6171930000,0,1845000,0,0,3690000,255125000,0,34161025000,406297260000,0,359545000,0,0,60885000,0,109330000,18450000,0,3690000,116235000,319185000,14285000,0,97185000,12915000,0,0,0,0,36900000,83015000,70100000,172890000,215865000,16555000,0,0,5863350000,3.7575e+10,94695785000,0,11070000,46268815000,21540000,22140000,0,206640000,2378800000,66410000,0,326853705000,0,0,156454305000,588555000,7380000,0,182670000,0,166050000,269446700000,0,0,90405000,0,16605000,0,1.4696e+10,0,9225000,147600000,57145000,0,143421980000,94637670000,0,23985000,0,127180000,0,0,0,53505000,22140000,25275000,20295000,58520300000,0,0,344015000,0,23985000,29394955000,1255935000,383070660000,0,1793230000,58780000,0,0,110100000,0,0,0,1252755000,0,11070000,0,0,149641980000,25740000,1845000,29520000,0,0,36900000,0,377794185000,589195000,252890000,0,0,0,5360000,44273450000,0,40590000,3361540000,84009240000,1845000,0,42435000,32334795000,344023860000,257262130000,102901690000,31365000,0,150705000,0,461165770000,0,13387475000,0,14709970000,402019100000,26748645000,185284370000,401610000,87960000,0,0,0,0,0,0,0
"ARB",0,0,0,0,0,0,0,0,0,0,0,0,0,0,0,0,0,0,0,0,0,0,0,0,0,0,0,0,0,0,0,0,0,0,0,0,0,0,0,0,0,0,0,0,0,0,0,0,0,0,0,0,0,0,0,0,0,0,0,0,0,0,0,0,0,0,0,0,0,0,0,0,0,0,0,0,0,0,0,0,0,0,0,0,0,0,0,0,0,0,0,0,0,0,0,0,0,0,0,0,0,0,0,0,0,0,0,0,0,0,0,0,0,0,0,0,0,0,0,0,0,0,0,0,0,0,0,0,0,0,0,0,0,0,0,0,0,0,0,0,0,0,0,0,0,0,0,0,0,0,0,0,0,0,0,0,0,0,0,0,0,0,0,0,0,0,0,0,0,0,0,0,0,0,0,0,0,0,0,0,0,0,0,0,0,0,0,0,0,0,0,0,0,0,0
"BLZ",0,0,0,0,0,0,0,0,0,0,0,0,0,0,0,0,0,0,0,0,0,0,0,0,0,0,0,0,0,0,0,0,0,0,0,0,0,0,0,0,0,0,0,0,0,0,0,0,0,0,0,0,0,0,0,0,0,0,0,0,0,0,0,0,0,0,0,0,0,0,0,0,0,0,0,0,0,0,0,0,0,0,0,0,0,0,0,0,0,0,0,0,0,0,0,0,0,0,0,0,0,0,0,0,0,0,0,0,0,0,0,0,0,0,0,0,0,0,0,0,0,0,0,0,0,0,0,0,0,0,0,0,0,0,0,0,0,0,0,0,0,0,0,0,0,0,0,0,0,0,0,0,0,0,0,0,0,0,0,0,0,0,0,0,0,0,0,0,0,0,0,0,0,0,0,0,0,0,0,0,0,0,0,0,0,0,0,0,0,0,0,0,0,0,0
"SLB",0,0,0,0,0,0,0,0,0,0,0,0,0,0,0,0,0,0,0,0,0,0,0,0,0,0,0,0,0,0,0,0,0,0,0,0,0,0,0,0,0,0,0,0,0,0,0,0,0,0,0,0,0,0,0,0,0,0,0,0,0,0,0,0,0,0,0,0,0,0,0,0,0,0,0,0,0,0,0,0,0,0,0,0,0,0,0,0,0,0,0,0,0,0,0,0,0,0,0,0,0,0,0,0,0,0,0,0,0,0,0,0,0,0,0,0,0,0,0,0,0,0,0,0,0,0,0,0,0,0,0,0,0,0,0,0,0,0,0,0,0,0,0,0,0,0,0,0,0,0,0,0,0,0,0,0,0,0,0,0,0,0,0,0,0,0,0,0,0,0,0,0,0,0,0,0,0,0,0,0,0,0,0,0,0,0,0,0,0,0,0,0,0,0,0
"BRN",0,0,0,0,0,0,0,0,0,0,0,0,0,0,0,0,0,0,0,0,0,0,0,0,0,0,0,0,0,0,0,0,0,0,0,0,0,0,0,0,0,0,0,0,0,0,0,0,0,0,0,0,0,0,0,0,0,0,0,0,0,0,0,0,0,0,0,0,0,0,0,0,0,0,0,0,0,0,0,0,0,0,0,0,0,0,0,0,0,0,0,0,0,0,0,0,0,0,0,0,0,0,0,0,0,0,0,0,0,0,0,0,0,0,0,0,0,0,0,0,0,0,0,0,0,0,0,0,0,0,0,0,0,0,0,0,0,0,0,0,0,0,0,0,0,0,0,0,0,0,0,0,0,0,0,0,0,0,0,0,0,0,0,0,0,0,0,0,0,0,0,0,0,0,0,0,0,0,0,0,0,0,0,0,0,0,0,0,0,0,0,0,0,0,0
"BGR",214020000,0,10539510000,6972030000,0,0,69510000,1234400000,0,0,0,175371505000,0,0,0,0,60885000,0,0,0,0,0,0,0,0,4278555000,0,0,0,0,0,7380000,0,0,0,0,0,0,64917550000,1421160000,0,447745000,0,0,115735000,0,23783330000,0,0,62730000,0,0,323520000,15982530000,0,92182330000,724425000,22140000,41860000,12646365000,3058115000,282125000,0,824206125000,0,0,0,0,0,0,0,0,7056020000,8606895000,0,0,0,0,2322480000,5535000,86338755000,1217821115000,0,29520000,0,70110000,76875000,0,3690000,0,11070000,383609020000,127305000,402210000,0,7176515000,0,0,13180320000,738690000,0,0,0,2847350000,0,0,5682675000,0,0,110700000,0,10901125000,0,140130000,0,0,18394565000,0,0,57445560000,0,0,0,0,0,7380000,0,0,11568055000,0,0,0,41773380000,14667055000,256341045000,0,0,0,3690000,0,1065603500000,0,184500000,0,0,0,0,394830000,0,0,0,2196765000,7783130000,0,0,97785000,2715096875000,9225000,70110000,0,496380000,301980000,4980000,191880000,0,0,68265000,0,0,0,0,38758605000,100933865000,990765000,0,0,12500285000,164475000,731975000,0,1845000,0,0,86318960000,290718610000,3579290000,0,0,805095000,0,18074355000,2431770000,0,0,3690000
"MMR",0,0,0,0,0,0,0,0,0,0,0,0,0,0,0,0,0,0,0,0,0,0,0,0,0,0,0,0,0,0,0,0,0,0,0,0,0,0,0,0,0,0,0,0,0,0,0,0,0,0,0,0,0,0,0,0,0,0,0,0,0,0,0,0,0,0,0,0,0,0,0,0,0,0,0,0,0,0,0,0,0,0,0,0,0,0,0,0,0,0,0,0,0,0,0,0,0,0,0,0,0,0,0,0,0,0,0,0,0,0,0,0,0,0,0,0,0,0,0,0,0,0,0,0,0,0,0,0,0,0,0,0,0,0,0,0,0,0,0,0,0,0,0,0,0,0,0,0,0,0,0,0,0,0,0,0,0,0,0,0,0,0,0,0,0,0,0,0,0,0,0,0,0,0,0,0,0,0,0,0,0,0,0,0,0,0,0,0,0,0,0,0,0,0,0
"BDI",0,0,0,0,0,0,0,0,0,0,0,0,0,0,0,0,0,0,0,0,0,0,0,0,0,0,0,0,0,0,0,0,0,0,0,0,0,0,0,0,0,0,0,0,0,0,0,0,0,0,0,0,0,0,0,0,0,0,0,0,0,0,0,0,0,0,0,0,0,0,0,0,0,0,0,0,0,0,0,0,0,0,0,0,0,0,0,0,0,0,0,0,0,0,0,0,0,0,0,0,0,0,0,0,0,0,0,0,0,0,0,0,0,0,0,0,0,0,0,0,0,0,0,0,0,0,0,0,0,0,0,0,0,0,0,0,0,0,0,0,0,0,0,0,0,0,0,0,0,0,0,0,0,0,0,0,0,0,0,0,0,0,0,0,0,0,0,0,0,0,0,0,0,0,0,0,0,0,0,0,0,0,0,0,0,0,0,0,0,0,0,0,0,0,0
"CMR",0,0,0,0,0,0,0,0,0,0,0,0,0,0,0,0,0,0,0,0,0,0,0,0,0,7340000,0,2684595000,0,3674250000,0,0,0,0,800620000,0,0,0,0,0,0,0,0,0,0,0,0,0,135745000,0,0,0,0,108475000,0,0,0,1969070000,0,1245000,0,9100000,0,0,0,0,0,0,0,0,0,0,0,0,0,0,0,0,0,0,0,0,0,0,0,0,0,0,0,0,0,0,0,0,0,0,0,0,0,0,0,0,0,0,0,0,0,0,0,0,0,0,0,0,0,0,64225000,0,0,0,0,0,0,0,0,0,0,0,0,0,0,0,0,0,0,0,0,0,0,0,0,0,0,0,0,0,0,0,0,0,0,0,0,0,0,0,0,0,0,1835000,0,5505000,0,0,0,0,0,0,0,0,0,1403220000,0,0,0,0,150470000,0,99200000,0,0,0,0,0,0,0,0,0,514565000,0,0,0,0,0,0
"CAN",0,0,0,1109876990000,22045000,1.837e+10,6558250000,214715000,11479920000,73165110000,119800000,3411428230000,0,0,0,0,683305450000,0,25830000,0,0,0,0,0,196148180000,0,0,0,2905080230000,0,530821045000,764027830000,1881124950000,0,1845000,0,144368660000,705260270000,0,0,0,162810000,34405000,45482830000,0,1330850700000,712006525000,31365000,0,0,0,0,243820000,1488400000,0,0,0,0,0,75125485000,0,1104969920000,0,2708160000,0,42310000,12873760000,0,159540295000,162535000,108855000,6962240000,12915000,0,1849480000,88560000,2648576740000,0,1382340830000,138375000,1537865000,3417297950000,51470530000,63460000,339596930000,4055897810000,242760000,0,8.0661e+10,5535000,0,3769099010000,946485000,14760000,0,794285000,0,11070000,42781520000,0,13360000,3690000,0,335188270000,46125000,0,0,0,0,2828460170000,45090000,1525490040000,25051670000,0,27723670000,11070000,112438385000,0,1845000,0,0,3891760000,16605000,0,566259640000,624910000,37464780000,111345000,3680000,0,11070000,2091912045000,802127210000,71810000,70864780000,0,0,0,247230000,0,0,0,450180000,531745000,312575000,764725000,0,1971135855000,92284200000,0,0,0,0,2292570000,0,631548315000,78633970000,16605000,0,11070000,987075000,228989345000,0,0,54995290000,115807820000,793753385000,77658340000,2.839e+10,1101200000,35701215000,295795410000,80353125000,716553305000,3754145000,0,1094733550000,0,8842326080000,15355000,0,0,2826920860000,23771830000,0,18450000,0,0,779013930000,0,0,0,0,0,0
"CPV",0,0,0,0,0,0,0,0,0,0,0,0,0,0,0,0,0,0,0,0,0,0,0,0,0,0,0,0,0,0,0,0,0,0,0,0,0,0,0,0,0,0,0,0,0,0,0,0,0,0,0,0,0,11070000,0,0,0,0,0,25830000,0,0,0,0,0,0,0,0,0,0,0,0,0,0,0,0,0,0,0,0,0,0,0,0,0,0,0,0,0,0,0,0,0,0,0,0,0,0,0,0,0,0,0,0,0,0,0,0,0,0,0,0,0,0,0,0,1845000,0,0,0,0,0,0,0,0,0,0,0,0,0,0,0,0,0,92250000,0,0,0,0,0,0,0,0,0,0,0,0,0,0,0,0,0,0,0,0,0,0,0,0,0,0,0,0,0,0,0,0,0,0,0,0,0,0,0,0,0,0,0,83025000,0,0,0,0,0,0,0,0,0,0,0,0,0,0,0,0
"CAF",0,0,0,0,0,0,0,0,0,0,0,0,0,0,0,0,0,0,0,0,0,0,0,0,0,0,0,0,0,0,0,0,0,0,0,0,0,0,0,0,0,0,0,0,0,0,0,0,0,0,0,0,0,0,0,0,0,0,0,0,0,0,0,0,0,0,0,0,0,0,0,0,0,0,0,0,0,0,0,0,0,0,0,0,0,0,0,0,0,0,0,0,0,0,0,0,0,0,0,0,0,0,0,0,0,0,0,0,0,0,0,0,0,0,0,0,0,0,0,0,0,0,0,0,0,0,0,0,0,0,0,0,0,0,0,0,0,0,0,0,0,0,0,0,0,0,0,0,0,0,0,0,0,0,0,0,0,0,0,0,0,0,0,0,0,0,0,0,0,0,0,0,0,0,0,0,0,0,0,0,0,0,0,0,0,0,0,0,0,0,0,0,0,0,0
"LKA",0,0,0,5535000,0,0,578320000,1845000,0,12905000,0,14760000,0,0,0,16580000,0,0,44280000,0,0,143910000,0,0,0,521660000,0,0,0,0,0,717155000,0,0,35055000,0,0,0,7345000,0,0,9165000,0,0,0,0,0,0,0,0,0,59040000,0,114170000,0,0,0,66420000,635925000,88485000,0,8874495000,0,0,0,0,0,46125000,55350000,1845000,0,22384380000,66420000,0,0,1008700000,795442640000,0,0,0,0,264810000,0,0,0,14710000,147320000,0,35030000,704340000,3740100000,6972435000,149425000,0,0,101335000,0,435420000,94095000,0,0,0,0,6277605000,28559025000,36900000,46125000,74445000,1845000,0,0,0,0,0,0,0,12870000,0,0,0,0,162305000,0,0,0,29370000,1845000,0,1845000,42435000,0,0,18450000,0,0,27675000,1845000,0,343170000,0,0,0,0,3690000,22140000,0,0,46105000,81180000,40590000,885600000,0,0,118766140000,0,66420000,0,0,0,25830000,0,130795000,0,0,0,0,85274280000,0,0,0,75645000,11070000,0,2340710000,0,0,1384520000,0,863315000,0,0,0,0,1874600000,59040000,0,0,0,11070000,0,0,0,0,0,0
"TCD",0,0,0,0,0,0,0,0,0,0,0,0,0,0,0,0,0,0,0,0,0,0,0,0,0,0,0,0,0,0,0,0,0,0,0,0,0,0,0,0,0,0,0,0,0,0,0,0,0,0,0,0,0,0,0,0,0,0,0,0,0,0,0,0,0,0,0,0,0,0,0,0,0,0,0,0,0,0,0,0,0,0,0,0,0,0,0,0,0,0,0,0,0,0,0,0,0,0,0,0,0,0,0,0,0,0,0,0,0,0,0,0,0,0,0,0,0,0,0,0,0,0,0,0,0,0,0,0,0,0,0,0,0,0,0,0,0,0,0,0,0,0,0,0,0,0,0,0,0,0,0,0,0,0,0,0,0,0,0,0,0,0,0,0,0,0,0,0,0,0,0,0,0,0,0,0,0,0,0,0,0,0,0,0,0,0,0,0,0,0,0,0,0,0,0
"CHL",0,0,0,0,0,1859760000,3690000,0,0,0,1845000,0,0,0,5194805000,0,6040885000,0,0,0,0,0,0,0,0,15730000,0,0,0,0,0,0,3188165000,0,23985000,0,893095000,466655000,0,0,0,1670000,0,2129130000,0,2858355000,0,369095000,0,0,0,0,0,0,743415000,0,3690000,0,0,0,0,0,0,0,0,0,1344080000,0,0,3257695000,663480000,0,0,0,0,31365000,0,0,0,0,0,0,0,0,0,0,0,0,0,0,0,218365000,0,56885000,0,0,0,0,0,0,0,0,0,0,0,0,0,0,0,1065870000,0,0,1845000,0,0,0,34875000,0,0,0,0,18410000,132490000,0,0,0,0,703690000,0,0,5555325000,39170805000,0,0,0,0,0,0,0,0,0,0,0,0,0,0,0,0,0,0,0,0,0,0,0,88080000,0,1835000,0,0,17575000,0,0,0,0,23985000,0,0,0,0,0,0,0,0,0,0,0,0,2586235000,0,267525000,0,3677480000,0,0,0,0,0,0,0,0,0,0,0,0
"CHN",3690000,73800000,25830000,64575000,0,1245000,48405585000,0,0,57195000,0,25830000,0,0,40590000,0,2282930000,0,0,0,199260000,29520000,7089160000,0,494460000,4928315000,45875000,0,36545000,0,75025000,0,105165000,3690000,173430000,0,213745000,2271195000,75330000,18450000,861615000,49815000,0,58980000,29520000,20295000,450100000,0,18200000,12915000,0,167105000,0,1358195000,0,8939840000,0,143910000,0,878835000,0,38195190000,0,1835000,0,0,154980000,136530000,0,71955000,0,547191590000,0,5535000,0,484125000,1973295000,1721320000,118080000,136060000,945275000,2056035000,92250000,666045000,0,70844455000,268870000,149445000,9284195000,304425000,479864660000,16884740000,408165000,44240000,0,292200000,0,1368990000,234015000,105165000,31529470000,400340000,0,16734455000,634680000,51660000,27525000,0,1070040000,526510000,11422120000,0,20035000,0,0,0,1620840000,0,0,0,142065000,3892650000,0,0,1881900000,20185000,434545000,573920000,36700000,1032790000,308115000,66620000,20904840000,231105000,842685000,0,0,0,22140000,16259500000,0,1835000,3644775000,0,0,0,0,1928025000,0,40590000,1608840000,0,0,9407445000,0,1499985000,1383025000,46125000,116235000,0,114390000,0,449725000,0,127305000,18450000,100766305000,732465000,0,40590000,35055000,55050000,29880000,794160000,3640000,0,4509940000,38635000,28484065000,18450000,16605000,5535000,22140000,19526540000,41007010000,529515000,71895000,65605000,1233090000,0,0,0,0,0,99630000
"COL",0,0,0,0,190035000,0,362265000,0,0,0,186345000,0,0,0,448335000,0,518445000,0,14760000,0,0,0,0,0,0,233715000,0,0,0,0,374535000,0,0,0,887445000,0,326340000,2343150000,0,0,77490000,0,195570000,1075635000,0,15763640000,0,210330000,308115000,0,0,0,0,1575630000,0,0,0,385605000,0,1845000,0,520290000,0,0,0,108855000,527670000,0,1396665000,1400485000,261990000,0,0,0,0,0,0,0,0,0,0,138375000,0,0,2110680000,0,0,0,0,0,0,0,0,0,0,261990000,0,0,0,0,0,0,0,0,0,0,12915000,77490000,0,392985000,0,0,20295000,0,0,0,103320000,0,0,0,0,49815000,0,0,531360000,0,0,2169580000,0,0,0,2423620000,16605000,0,0,0,0,0,0,0,0,0,1845000,186345000,673425000,173430000,0,0,0,0,0,0,0,0,0,0,2527950000,1693710000,0,0,1845000,1845000,0,0,0,0,33210000,0,0,590400000,9225000,0,0,0,0,0,541275000,0,23734125000,0,0,0,16146330000,0,0,0,0,0,0,0,0,0,0,0,0
"COM",0,0,0,0,0,0,0,0,0,0,0,0,0,0,0,0,0,0,0,0,0,0,0,0,0,0,0,0,0,0,0,0,0,0,0,0,0,0,0,0,0,0,0,0,0,0,0,0,0,0,0,0,0,0,0,0,0,0,0,0,0,0,0,0,0,0,0,0,0,0,0,0,0,0,0,0,0,0,0,0,0,0,0,0,0,0,0,0,0,0,0,0,0,0,0,0,0,0,0,0,0,0,0,0,0,0,0,0,0,0,0,0,0,0,0,0,0,0,0,0,0,0,0,0,0,0,0,0,0,0,0,0,0,0,0,0,0,0,0,0,0,0,0,0,0,0,0,0,0,0,0,0,0,0,0,0,0,0,0,0,0,0,0,0,0,0,0,0,0,0,0,0,0,0,0,0,0,0,0,0,0,0,0,0,0,0,0,0,0,0,0,0,0,0,0
"COG",0,0,0,0,0,0,0,0,0,0,0,0,0,0,0,0,0,0,0,0,0,0,0,0,0,0,0,0,0,0,0,0,0,0,0,0,0,0,0,0,0,0,0,0,0,0,11070000,0,0,0,0,0,0,0,0,0,0,0,0,0,0,0,0,0,0,0,0,0,0,0,0,0,0,0,0,0,0,0,0,0,0,0,0,0,0,0,0,0,0,0,0,0,0,0,0,0,0,0,0,0,0,0,0,0,0,0,0,0,0,0,0,337340000,0,0,0,0,0,0,0,0,0,0,0,0,0,0,0,0,0,0,0,0,0,0,0,0,0,0,0,0,0,0,0,0,0,0,0,0,0,0,0,0,0,0,0,0,0,0,0,0,0,0,0,0,0,0,0,0,0,0,0,0,0,0,0,0,0,0,0,0,0,0,0,0,0,0,0,0,0,0,0,0,0,0,0
"COK",0,0,0,0,0,0,0,0,0,0,0,0,0,0,0,0,0,0,0,0,0,0,0,0,0,0,0,0,0,0,0,0,0,0,0,0,0,0,0,0,0,0,0,0,0,0,0,0,0,0,0,0,0,0,0,0,0,0,0,0,0,0,0,0,0,0,0,0,0,0,0,0,0,0,0,0,0,0,0,0,0,0,0,0,0,0,0,0,0,0,0,0,0,0,0,0,0,0,0,0,0,0,0,0,0,0,0,0,0,0,0,0,0,0,0,0,0,0,0,0,0,0,0,0,0,0,0,0,0,0,0,0,0,0,0,0,0,0,0,0,0,0,0,0,0,0,0,0,0,0,0,0,0,0,0,0,0,0,0,0,0,0,0,0,0,0,0,0,0,0,0,0,0,0,0,0,0,0,0,0,0,0,0,0,0,0,0,0,0,0,0,0,0,0,0
"CRI",0,0,0,0,0,105165000,153135000,0,0,0,1365260000,0,0,0,0,0,0,0,212940000,0,0,0,0,0,0,0,0,0,0,0,1844505000,1845000,497980000,0,0,0,0,1368990000,0,0,0,0,0,4307690000,0,11010000,0,16911340000,0,0,0,0,0,33210000,0,0,0,0,0,0,0,0,0,0,0,0,42004155000,0,464760000,36900000,16559900000,0,0,0,0,0,0,0,0,0,0,0,0,0,3142055000,0,0,0,0,0,0,0,0,0,0,0,0,0,0,0,0,0,0,0,0,0,0,0,0,25690000,0,0,0,0,0,0,0,0,0,0,0,0,103468320000,0,0,0,0,25674610000,0,0,0,1845000,216530000,0,0,0,0,0,0,0,0,0,0,0,0,0,0,0,0,0,0,0,0,0,0,0,0,69900000,0,0,0,0,0,0,0,0,0,0,0,3003800000,0,0,11070000,0,0,0,1845000,0,10746390000,0,0,0,0,0,0,0,0,0,0,0,0,0,0,0,0
"CUB",0,0,0,0,0,0,0,0,0,0,0,0,0,0,0,0,0,0,0,0,0,0,0,0,0,0,0,0,0,0,0,0,0,0,0,0,0,0,0,0,0,0,0,0,0,0,0,0,0,0,0,0,0,0,0,0,0,0,0,0,0,0,0,0,0,0,0,0,0,0,0,0,0,0,0,0,0,0,0,0,0,0,0,0,0,0,0,0,0,0,0,0,0,0,0,0,0,0,0,0,0,0,0,0,0,0,0,0,0,0,0,0,0,0,0,0,0,0,0,0,0,0,0,0,0,0,0,0,0,0,0,0,0,0,0,0,0,0,0,0,0,0,0,0,0,0,0,0,0,0,0,0,0,0,0,0,0,0,0,0,0,0,0,0,0,0,0,0,0,0,0,0,0,0,0,0,0,0,0,0,0,0,0,0,0,0,0,0,0,0,0,0,0,0,0
"CYP",0,0,0,0,40040000,0,63045000,0,0,166245000,0,236600000,0,0,0,0,0,0,0,0,40040000,0,0,0,0,18450000,0,0,0,0,0,0,0,0,0,0,0,0,0,0,0,0,0,0,0,0,0,0,0,0,0,0,0,3735000,0,0,0,0,0,129960000,0,0,0,537695000,0,0,0,0,0,0,0,0,0,0,0,96460000,0,0,0,0,0,0,0,0,0,7340000,447145000,0,0,0,0,0,2531045000,0,0,2421460000,0,0,0,0,0,0,0,0,0,0,0,0,0,0,0,0,0,0,0,0,0,0,0,0,0,0,0,0,0,0,196560000,0,0,0,0,0,0,0,0,0,0,0,33210000,0,0,0,0,0,0,0,0,1407865000,0,0,0,0,0,0,0,0,0,0,0,0,23985000,0,0,0,33855000,0,0,0,0,0,145700000,0,0,15465890000,0,0,1676675000,0,14120000,0,0,0,0,0,0,0,0,0,0,0,706160000,0,0,0,0
"AZE",0,0,0,0,0,0,0,0,0,0,0,0,0,0,0,0,0,0,0,0,0,0,0,0,0,0,0,0,0,0,0,0,0,0,0,0,0,0,0,0,0,0,0,0,0,0,0,0,0,0,0,0,0,0,0,0,15195530000,0,0,0,0,0,0,0,0,0,0,0,0,0,0,0,0,0,0,0,0,0,0,0,124885000,0,0,145515000,0,0,0,0,0,0,0,0,0,0,0,0,0,0,0,0,0,0,0,0,0,0,0,0,0,0,0,0,0,0,0,0,0,0,0,0,0,0,0,0,0,0,0,0,0,0,0,0,0,0,0,0,0,0,0,0,0,0,460930000,0,0,0,0,0,0,0,0,0,0,0,0,0,0,0,298550000,0,0,0,0,786705000,0,0,0,0,0,0,0,0,0,0,0,0,0,0,0,0,0,0,0,0,0,0,0,0,0,0,0,0,0,0,0
"BEN",0,0,0,0,0,0,0,0,0,0,0,0,0,0,0,0,0,0,0,0,0,0,0,0,0,0,0,0,0,0,0,0,0,0,0,0,0,0,0,0,0,0,0,0,0,0,0,0,0,0,0,0,0,0,0,0,0,0,0,0,0,0,0,0,0,0,0,0,0,0,0,0,0,0,0,0,0,0,0,0,0,0,0,0,0,0,0,0,0,0,0,0,0,0,0,0,0,0,0,0,0,0,0,0,0,0,0,0,0,0,0,0,0,0,0,0,0,0,0,0,0,0,0,1310400000,0,0,0,0,0,0,0,0,0,0,0,0,0,0,0,0,0,0,0,0,0,0,0,0,0,0,0,0,0,0,0,0,0,0,0,0,0,0,0,0,0,0,0,0,0,0,0,0,0,0,0,0,0,0,0,509600000,0,0,0,0,0,0,0,0,0,0,0,0,0,0,0
"DNK",35055000,29520000,0,0,0,49815000,1638645000,218385000,11070000,38745000,11070000,5535000,0,0,0,0,636525000,0,0,0,29520000,70755000,1845000,0,3690000,3469935000,0,0,22140000,0,1341315000,4903635000,221400000,0,0,0,180810000,0,117480000,126750000,3690000,0,0,319185000,23985000,79335000,3690000,36900000,0,113607890000,8670120000,0,16652515000,366650445000,25830000,0,18450000,0,5485000,1212137085000,1845000,252765000,0,611580000,0,0,132840000,3690000,60885000,18450000,68265000,19874485000,362015000,118080000,46282310000,252765000,0,12915000,0,120081355000,276750000,88437220000,3690000,47970000,31365000,4935900000,40590000,0,4935000,0,0,175255290000,35055000,9406910000,0,43680000,0,7380000,22140000,24920760000,0,0,0,872685000,0,1845000,629430000,3690000,31365000,1426185000,1845000,11070000,0,0,5535000,29520000,772197415000,0,57195000,0,0,103320000,3690000,0,289665000,119259420000,9225000,202950000,145755000,0,92250000,232470000,120170055000,156218445000,79918280000,0,0,0,62730000,20295000,214065000,1845000,3932760000,0,0,70980000,0,330255000,7380000,16605000,7380000,148845000,43405000,833985000,0,563160000,397547150000,25830000,1845000,0,349904025000,2455830000,0,29520000,352395000,38245000,90203885000,3690000,0,173430000,75645000,0,23985000,732465000,0,0,63547960000,153325000,22011570000,0,156825000,0,0,546120000,0,0,0,0,80321610000,54805000,5535000,0,0,0,0
"DMA",0,0,0,0,0,0,0,0,0,0,0,0,0,0,0,0,0,0,0,0,0,0,0,0,0,0,0,0,0,0,0,0,0,0,0,0,0,0,0,0,0,0,0,0,0,0,0,0,0,0,0,0,0,0,0,0,0,0,0,0,0,0,0,0,0,0,0,0,0,0,0,0,0,0,0,0,0,0,0,0,0,0,0,0,0,0,0,0,0,0,0,0,0,0,0,0,0,0,0,0,0,0,0,0,0,0,0,0,0,0,0,0,0,0,0,0,0,0,0,0,0,0,0,0,0,0,0,0,0,0,0,0,0,0,0,0,0,0,0,0,0,0,0,0,0,0,0,0,0,0,0,0,0,0,0,0,0,0,0,0,0,0,0,0,0,0,0,0,0,0,0,0,0,0,0,0,0,0,0,0,0,0,0,0,0,0,0,0,0,0,0,0,0,0,0
"DOM",0,0,0,0,0,0,0,0,0,0,0,0,0,0,0,0,0,0,0,0,0,0,0,0,0,0,0,0,0,0,0,0,0,0,0,0,0,0,0,0,0,0,0,0,0,0,0,0,0,0,0,0,0,0,0,0,0,0,0,0,0,0,0,0,0,0,0,0,0,0,0,0,0,0,0,0,0,0,0,0,0,0,0,0,0,0,0,0,0,0,0,0,0,0,0,0,0,0,0,0,0,0,0,0,0,0,0,0,0,0,0,0,0,0,0,0,0,0,0,0,0,0,0,0,0,0,0,0,0,0,0,0,0,0,0,0,0,0,0,0,0,0,0,0,0,0,0,0,0,0,0,0,0,0,0,0,0,0,0,0,0,0,0,0,0,0,0,0,0,0,0,0,0,0,0,0,0,0,0,0,0,0,0,0,0,0,0,0,0,0,0,0,0,0,0
"BLR",146995000,458640000,0,0,0,0,1820000,0,0,0,0,0,0,0,0,0,0,0,0,0,0,0,0,0,0,9225000,0,0,0,0,0,0,0,0,0,0,0,0,0,2333480000,0,0,0,0,0,0,0,0,0,0,0,0,0,0,0,0,112545000,0,0,372135000,0,0,0,1845000,0,0,0,127400000,0,0,0,0,0,0,0,0,0,0,0,0,1172320000,1845000,0,235840000,0,0,1845000,20095000,0,0,0,0,0,58485000,0,0,0,0,0,17907150000,0,0,0,0,0,0,0,0,0,0,5535000,0,0,14171500000,0,0,0,0,0,0,0,0,0,0,0,0,0,0,0,0,0,0,0,0,0,0,0,0,0,0,0,0,62197660000,0,0,0,0,0,0,0,0,0,0,0,0,0,0,0,1199560000,0,0,0,0,129420000,0,0,0,0,0,0,0,0,0,0,0,0,0,3385870000,497220000,0,0,114660000,0,0,0,0,0,0,0,0,0,0,0,0,0
"ECU",0,0,0,0,0,226935000,0,0,0,0,0,0,0,0,3690000,0,885600000,0,0,0,0,0,0,0,0,0,0,0,0,0,86715000,0,592085000,0,0,0,335805000,0,0,0,0,0,0,0,0,0,0,0,0,0,0,0,0,5535000,0,0,0,0,0,0,0,0,0,0,0,0,0,0,0,0,0,0,0,0,0,0,0,0,0,0,0,44280000,0,0,0,0,0,0,0,0,0,0,0,0,0,0,0,0,0,0,0,0,0,0,0,0,0,0,0,0,0,0,0,0,0,0,0,0,0,0,0,0,110700000,0,0,0,0,5535000,0,0,0,2399130000,0,0,0,0,0,0,0,0,0,0,0,0,0,0,0,0,0,0,0,0,0,0,0,0,564060000,0,0,0,0,0,0,0,0,0,0,0,0,0,0,0,0,0,0,0,0,0,2177735000,0,0,0,855480000,0,0,0,0,0,7380000,0,0,0,0,0,0
"EGY",0,0,7380000,40590000,0,0,18400000,5505000,0,57095000,0,0,0,0,0,0,0,0,0,0,0,0,0,2832130000,486275000,38535000,295435000,0,0,383515000,0,3690000,0,0,125580000,0,0,0,0,0,293600000,0,0,0,0,0,0,0,0,0,0,0,0,7380000,0,4555940000,0,130445000,1921615000,18450000,0,0,0,9145000,0,0,0,12812825000,0,209300000,0,0,0,0,0,0,0,0,2406860000,0,1694765000,49645000,5535000,0,0,0,7463355000,0,11913670000,0,0,27675000,1642720000,0,0,4306030000,0,4980000,10961755000,0,0,0,0,62410000,71565000,0,0,2363600000,275320000,0,0,406170000,1912725000,0,0,0,0,0,0,0,0,0,0,0,78905000,0,9225000,0,0,0,0,0,0,0,0,3690000,0,0,666140000,2152565000,0,282240000,0,0,0,0,0,6057170000,157905000,0,327600000,0,0,31365000,146069455000,550560000,0,0,0,0,18450000,7355000,2492870000,0,0,2487650000,103320000,471595000,0,0,497910000,24884945000,5505000,6747940000,119335000,0,64250000,4043415000,3498905000,0,0,0,0,0,27545000,14683500000,752085000,2069880000,0,0,0,0,0,0,5815485000
"SLV",0,0,0,0,0,0,0,0,0,0,0,0,0,0,0,0,0,0,549810000,0,0,0,0,0,0,0,0,0,0,0,0,0,92250000,0,0,0,7053975000,330255000,0,0,0,0,0,2684475000,0,0,0,0,0,0,0,0,0,0,0,0,0,0,0,0,0,0,0,0,0,0,114508780000,0,0,118080000,89100555000,0,0,0,0,0,0,0,0,0,0,0,0,0,0,0,0,0,0,0,0,0,0,0,0,0,0,0,0,0,0,0,0,0,0,0,0,0,0,3.321e+09,0,0,0,0,0,0,0,0,0,0,0,0,20089275000,0,0,0,0,1001835000,0,0,0,0,0,0,0,0,0,0,0,0,0,0,0,0,0,0,0,0,0,0,0,0,0,0,0,0,0,0,0,0,0,0,0,0,0,0,0,0,0,0,0,0,0,0,0,0,0,0,14640530000,0,0,0,35055000,0,0,0,0,0,0,0,0,0,0,0,0
"GNQ",0,0,0,0,0,0,0,0,0,0,0,0,0,0,0,0,0,0,0,0,0,0,0,0,0,0,0,0,0,0,0,0,0,0,0,0,0,0,0,0,0,0,0,0,0,0,0,0,0,0,0,0,0,0,0,0,0,0,0,0,0,0,0,0,0,0,0,0,0,0,0,0,0,0,0,0,0,0,0,0,0,0,0,0,0,0,0,0,0,0,0,0,0,0,0,0,0,0,0,0,0,0,0,0,0,0,0,0,0,0,0,0,0,0,0,0,0,0,0,0,0,0,0,0,0,0,0,0,0,0,0,0,0,0,0,0,0,0,0,0,0,0,0,0,0,0,0,0,0,0,0,0,0,0,0,0,0,0,0,0,0,0,0,0,0,0,0,0,0,0,0,0,0,0,0,0,0,0,0,0,0,0,0,0,0,0,0,0,0,0,0,0,0,0,0
"EST",0,0,0,0,0,0,0,0,0,0,0,0,0,0,0,0,0,0,0,0,0,160515000,0,0,0,0,0,0,0,0,0,0,0,0,0,0,0,0,5535000,0,0,11747445000,0,0,1365290000,0,40040000,0,0,0,0,0,60826915000,14701460000,0,0,14760000,83720000,167440000,111514215000,0,0,0,7310000,0,0,0,0,0,0,0,0,38745000,14760000,0,0,0,0,0,187790000,376740000,1319500000,0,404025000,0,0,0,0,45918320000,0,0,0,4980000,62806105000,0,0,0,0,0,14480550000,0,0,0,0,0,0,13930280000,0,0,0,0,0,0,9225000,0,0,36201490000,0,0,0,0,0,0,0,0,592455000,0,0,225780000,0,0,0,0,802640000,1845000,0,0,0,0,0,119925000,0,2914610000,0,0,0,0,0,0,0,0,0,25830000,0,0,0,26117305000,0,0,0,28455765000,0,0,0,0,0,0,0,0,0,0,0,0,0,0,0,719050000,1247200000,0,0,0,0,0,209300000,0,0,0,0,11070000,0,12915000,0,0,0,0
"FRO",0,0,0,0,0,0,0,0,0,0,0,0,0,0,0,0,0,0,0,0,0,0,0,0,0,0,0,0,0,0,0,0,0,0,0,0,0,0,0,0,0,0,0,0,0,0,0,0,0,0,0,0,0,0,0,0,0,0,0,0,0,0,0,0,0,0,0,0,0,0,0,0,0,0,0,0,0,0,0,0,0,0,0,0,0,0,0,0,0,0,0,0,0,0,0,0,0,0,0,0,0,0,0,0,0,0,0,0,0,0,0,0,0,0,0,0,0,0,0,0,0,0,0,0,0,0,0,0,0,0,0,0,0,0,0,0,0,0,0,0,0,0,0,0,0,0,0,0,0,0,0,0,0,0,0,0,0,0,0,0,0,0,0,0,0,0,0,0,0,0,0,0,0,0,0,0,0,0,0,0,0,0,0,0,0,0,0,0,0,0,0,0,0,0,0
"FJI",0,0,0,0,0,0,21161500000,0,0,0,0,0,0,0,0,0,0,0,0,2496455000,0,0,0,0,0,75695000,0,0,0,0,0,1845000,0,0,0,474285000,0,0,0,0,0,0,0,0,0,0,0,0,0,0,0,0,0,0,5329785000,0,0,0,0,0,0,0,6111970000,0,0,0,0,0,0,0,0,0,0,0,0,0,0,0,0,0,0,0,0,0,0,0,0,0,0,0,0,1835000,0,0,0,0,0,0,0,0,0,0,0,0,0,0,0,0,0,0,0,0,0,0,57195000,0,0,0,1324890000,0,19884445000,10170245000,0,0,0,0,0,0,0,13265920000,0,0,0,0,0,0,0,0,0,0,0,0,0,0,0,0,0,0,0,0,0,0,0,0,0,0,0,0,0,0,0,0,0,0,0,0,0,0,18048765000,0,0,0,0,0,0,1574350000,0,0,1179305000,0,0,0,0,0,0,0,0,0,0,0,0,0,0,0,0
"FIN",0,0,0,0,0,0,110805000,351090000,0,0,0,0,0,0,0,0,1245000,0,0,0,0,31125000,0,0,0,439350000,0,0,0,0,0,62730000,0,0,0,0,0,0,0,54400000,0,60724385000,0,0,135350000,0,14940000,0,0,44635900000,0,0,0,29880000,0,0,21885000,0,0,155200925000,0,0,0,97110000,0,0,0,0,0,0,0,0,29880000,32370000,193245000,8715000,0,0,0,5616685000,67830000,36773695000,0,57175000,0,2490000,0,0,0,0,0,0,1245000,7657370000,0,2490000,0,0,0,1294290000,0,0,0,0,0,0,0,0,0,0,0,1.002e+10,0,1820000,0,0,8176090000,0,0,0,0,0,0,0,0,19501070000,0,0,818300000,0,0,0,0,4181095000,72210000,0,0,0,0,0,41085000,0,14007020000,0,0,0,0,55885670000,0,0,0,0,1143630000,3690000,0,195465000,148488755000,0,0,0,40722115000,206090000,0,0,0,0,0,0,0,0,0,0,0,16185000,0,0,42522130000,931600000,653725000,0,0,0,0,0,0,0,0,0,122885000,35225000,0,0,0,0,0
"FRA",5049945000,951945000,238666380000,16618722215000,98820000,52350000,5291390000,34834265000,0,2370870000,40035000,0,0,0,0,0,2826975000,0,0,0,0,2610055000,0,0,1046386955000,7271745000,53568145000,91490375000,0,136262265000,61625000,7378825000,1303595000,20380175000,312137640000,0,191685000,1445373595000,254994355000,27300000,173185635000,75754085000,172900000,388985000,16700000,194740000,5126732365000,0,40126480000,2182580000,0,14760000,28929970000,0,54870470000,2753440000,86600000,321599250000,18419700000,2841053305000,5162420000,260765835000,0,729651235000,0,0,2490000,184770335000,0,11825130000,0,1913775000,5625395000,4760450000,2137960000,23800000,12915000,41860000,104685000,203742975000,132718050000,7119509815000,1620029575000,79335000,0,31873470000,840665000,0,0,117950000,36400000,3555095000,1321685000,625665000,20215000,51903210000,0,1927480000,835402095000,3860800000,0,87697610000,0,1759815000,34455000,321305085000,50157015000,792395185000,346191280000,47351075000,25830000,7317016750000,0,123545000,0,0,5024165065000,0,14833645000,143505000,394425000,194590000,0,66645955000,460977745000,37296295000,14560000,16605000,33020205000,0,0,1845000,193560000,54540350000,2140451630000,1006485000,0,0,5057715000,0,18719770000,0,9563985000,0,2490000,0,170510000,119301030000,1262264575000,366040000,80570000,1619850000,1237250000,1566715000,145600000,1345960000,3203822970000,8811070000,6160000,0,65788845000,357710980000,113526100000,0,2276270000,0,111624460000,146938780000,87360000,3640000,3367425000,865954185000,90532065000,21954415000,309450000,0,851803310000,672105000,23381420000,1.66227e+11,124680000,0,41960000,1521395000,19095000,1535478845000,574001350000,0,5910693105000,2.30097e+11,24680525000,1.3193e+10,0,0,8218070000
"PYF",0,0,0,0,0,0,0,0,0,0,0,0,0,0,0,0,0,0,0,0,0,0,0,0,0,0,0,0,0,0,0,0,0,0,0,0,0,0,0,0,0,0,0,0,0,0,0,0,0,0,0,0,0,5500000,0,0,0,0,0,0,0,0,0,0,0,0,0,0,0,0,0,0,0,0,0,0,0,0,0,0,0,0,0,0,0,0,0,0,0,0,0,0,0,0,0,0,0,0,0,0,0,0,0,0,0,0,0,0,0,0,0,0,0,0,0,0,0,0,0,0,0,16605000,0,0,0,0,0,0,0,0,0,0,0,0,0,0,0,0,0,0,0,0,0,0,0,0,0,0,0,0,0,0,0,0,0,0,0,0,0,0,0,0,0,0,0,0,0,0,0,0,0,0,0,0,0,0,0,0,0,0,0,0,0,0,0,0,0,0,0,0,0,0,0,0,0
"DJI",0,0,0,0,0,0,0,0,0,0,0,0,0,0,0,0,0,0,0,0,0,0,0,0,0,0,0,0,0,0,0,0,0,0,0,0,0,0,0,0,0,0,0,0,0,0,0,0,0,0,0,0,0,0,0,0,0,0,0,0,0,0,0,0,0,0,0,0,0,0,0,0,0,0,0,0,0,0,0,0,0,0,0,0,0,0,0,0,0,0,0,0,0,0,0,0,0,0,0,0,0,0,0,0,0,0,0,0,0,0,0,0,0,0,0,0,0,0,0,0,0,0,0,0,0,0,0,0,0,0,0,0,0,0,0,0,0,0,0,0,0,0,0,0,0,0,0,0,0,0,0,0,0,0,0,0,0,0,0,0,0,0,0,0,0,0,0,0,0,0,0,0,0,0,0,0,0,0,0,0,0,0,0,0,0,0,0,0,0,0,0,0,0,0,0
"GEO",72344140000,0,0,0,0,0,0,0,0,0,0,0,0,0,0,0,0,0,0,0,0,0,0,0,0,0,0,0,0,0,0,0,0,0,0,0,0,0,0,20295000,0,0,0,0,0,0,0,0,0,0,0,0,0,0,0,0,0,0,0,0,0,0,0,0,0,0,0,0,0,0,0,0,0,0,0,0,0,0,0,0,0,0,0,0,0,0,0,0,0,0,0,0,0,0,0,0,0,0,0,0,0,0,0,170340000,0,0,0,0,0,0,0,0,17084100000,0,0,0,0,0,0,0,0,0,0,0,0,0,0,0,0,0,0,0,0,0,0,0,0,0,0,0,0,0,0,0,0,0,0,0,0,0,0,0,0,0,0,0,0,0,0,0,0,0,0,0,0,0,0,0,0,0,0,0,3984620000,0,0,0,0,0,3690000,0,0,0,0,0,0,0,0,0,0,0,0,0,0,0,0
"GAB",0,0,0,0,0,0,0,0,0,0,0,0,0,0,0,0,0,0,0,0,0,0,0,0,0,0,0,0,0,0,0,0,0,0,0,0,0,0,0,0,0,0,0,0,0,0,0,0,0,0,0,0,0,0,0,0,0,0,0,0,0,0,0,0,0,0,0,0,0,0,0,0,0,0,0,0,0,0,0,0,0,0,0,0,0,0,0,0,0,0,0,0,0,0,0,0,0,0,0,0,0,0,0,0,0,0,0,0,0,0,0,0,0,0,0,0,0,0,0,0,0,0,0,0,0,0,0,0,0,0,0,0,0,0,0,0,0,0,0,0,0,0,0,0,0,0,0,0,0,0,0,0,0,0,0,0,0,0,0,0,0,0,0,0,0,0,0,0,0,0,0,0,0,0,0,0,0,0,0,0,0,0,0,0,0,0,0,0,0,0,0,0,0,0,0
"GMB",0,0,0,0,0,0,0,0,0,0,0,0,0,0,0,0,0,0,0,0,0,0,0,0,0,0,0,0,0,0,0,0,0,0,0,0,0,0,0,0,0,0,0,0,0,0,0,0,0,0,0,0,0,0,0,0,3690000,0,0,0,0,0,0,0,0,0,0,275520000,0,0,0,0,0,0,0,0,0,0,0,0,0,0,0,0,0,0,0,0,0,0,0,0,0,0,0,0,0,0,0,0,0,0,0,0,0,42185000,0,0,0,0,0,0,0,0,0,0,0,0,0,0,0,0,0,0,0,0,0,0,0,0,0,0,0,0,0,609985000,0,0,0,0,0,0,0,0,0,0,0,0,1761395000,0,0,0,0,0,0,0,0,0,0,0,0,0,0,0,0,0,0,0,0,0,0,0,0,0,0,0,0,0,0,0,0,0,0,0,0,0,0,0,0,0,0,0,0,0,0
"DEU",80980000,5045865000,14100285000,43759480000,0,12295000,18401425000,865125915000,0,733285000,0,251530390000,0,0,6225000,0,3486550000,0,0,0,92250000,12912385000,0,0,12949840000,42900750000,0,0,1835000,12915000,3371625000,3794615000,40590000,0,14213425000,0,391005000,137880210000,6067905000,1717685000,753480000,492652310000,0,378060000,281600000,43080000,202605090000,3690000,0,7537310000,18450000,0,60319465000,1812784765000,0,1845000,614680000,5535000,8681310000,0,1350715000,20625970000,0,170948540000,0,0,110700000,0,0,680740000,1845000,938205000,95014250000,27651805000,40193030000,158080000,99630000,108743025000,226935000,99927580000,206436705000,1822290645000,1187090000,1776115000,4935000,4320450000,649261435000,3690000,93141340000,22140000,375355000,88910410000,1645280000,9071150000,0,9704720000,0,10335205000,961363125000,4713890000,0,1099280000,2.7555e+10,629495000,893250000,438770000,26093235000,0,160515000,620655000,1031990000,243621330000,288339735000,638885000,11894855000,5535000,7047063705000,0,14760000,1182200000,22140000,2219235000,0,0,98761035000,755227300000,1614375000,62605000,107340450000,0,36300000,148845000,147045000,680424900000,221613455000,0,0,171420490000,2230005000,3.173e+10,52317290000,0,61764400000,0,0,0,0,1519665670000,121060000,47370000,53768260000,30526320000,31716455000,2381200000,0,1483123240000,689989410000,1583660000,0,0,239478320000,643664330000,22990095000,0,424525000,124896030000,4718240000,16264035000,0,138375000,192133045000,198815000,464409030000,345341815000,104222585000,0,1360977265000,7921465000,84756415000,429670000,568950000,3690000,6180000,830510000,57195000,227993785000,142153560000,5535000,3450872605000,55698405000,1826880000,485235000,0,0,0
"BIH",0,0,5535000,0,0,0,198990000,159940000,0,0,0,0,0,0,0,0,0,0,0,0,0,0,0,0,0,101130000,0,0,0,0,0,3690000,0,0,1845000,0,0,0,0,0,0,533205000,0,0,0,0,0,0,0,0,0,0,0,190035000,0,0,0,0,0,285540000,0,0,0,0,0,0,0,0,0,0,0,0,36900000,22255825000,0,0,0,0,0,0,0,5535000,0,0,0,0,0,0,0,0,0,0,0,0,0,0,0,0,0,0,0,0,0,0,0,0,0,0,0,0,0,0,0,0,0,0,214660000,0,0,3425895000,0,375750000,0,0,0,0,0,0,0,0,0,0,0,0,0,0,0,0,0,0,0,0,0,0,0,0,0,0,0,0,0,2359020000,0,0,0,0,36900000,0,0,0,1662360000,3408020000,0,0,0,0,0,0,0,0,0,0,69190560000,0,0,0,695815000,0,855365000,0,0,0,0,0,0,0,0,0,0,0,5732670000,12265735000,0,0,0
"GHA",0,0,0,0,0,0,0,0,0,0,0,0,0,0,0,0,0,0,0,0,0,0,0,0,0,0,0,0,0,0,0,0,0,0,0,0,0,0,0,0,1257015000,0,0,0,0,0,0,0,0,0,0,0,0,0,0,0,0,0,0,0,0,0,0,0,0,0,0,0,0,0,0,0,0,0,0,0,0,0,0,0,0,0,5535000,0,0,0,0,0,0,0,0,0,0,0,0,0,0,0,0,0,0,0,0,0,0,4211325000,0,0,0,0,0,0,0,0,0,0,0,0,0,0,0,0,0,1645995000,180810000,0,0,0,0,0,0,0,0,0,0,0,0,0,0,0,0,0,0,0,0,0,0,0,798225000,0,38535000,0,0,0,0,0,0,0,0,0,0,0,0,0,0,0,0,729100000,0,0,0,0,0,0,0,0,0,0,14830000,1376560000,0,0,0,0,0,0,0,0,0,0,0,0,0,0,0
"KIR",0,0,0,0,0,0,0,0,0,0,0,0,0,0,0,0,0,0,0,0,0,0,0,0,0,0,0,0,0,0,0,0,0,0,0,0,0,0,0,0,0,0,0,0,0,0,0,0,0,0,0,0,0,0,0,0,0,0,0,0,0,0,0,0,0,0,0,0,0,0,0,0,0,0,0,0,0,0,0,0,0,0,0,0,0,0,0,0,0,0,0,0,0,0,0,0,0,0,0,0,0,0,0,0,0,0,0,0,0,0,0,0,0,0,0,0,0,0,0,0,0,0,0,0,0,0,0,0,0,0,0,0,0,0,0,0,0,0,0,0,0,0,0,0,0,0,0,0,0,0,0,0,0,0,0,0,0,0,0,0,0,0,0,0,0,0,0,0,0,0,0,0,0,0,0,0,0,0,0,0,0,0,0,0,0,0,0,0,0,0,0,0,0,0,0
"GRC",1845000,0,29638955000,55799710000,0,7380000,1875850000,1194090000,0,295445000,0,1845000,0,0,0,0,7380000,0,0,0,0,63687175000,0,0,71565000,1503290000,0,0,0,0,0,2303125000,0,0,3690000,0,5535000,0,37826465000,0,0,2763395000,0,0,75235000,0,6026470000,0,0,1187045000,0,0,421295000,5748735000,0,0,16605000,0,0,36806790000,0,22140000,0,0,0,0,0,0,0,0,0,3700745000,339315000,147110000,0,107010000,0,0,0,20295000,838080000,1086934240000,0,0,0,11750230000,29520000,0,0,0,0,42205000,142065000,464405000,0,343740000,0,0,302740000,99090000,0,0,0,31365000,0,0,94410000,0,0,88560000,0,3690000,0,27675000,0,0,2839310000,0,0,7507450000,0,1845000,0,0,150195650000,1427700000,51660000,49860000,2390300000,0,8625000,0,9225000,8625885000,1883575000,0,0,0,55350000,159075000,13792900000,0,2021265000,0,0,0,0,771795000,0,1845000,0,46860000,833930000,53505000,0,742295000,789920000,0,0,0,1347420000,317215000,0,0,39450000,0,79335000,0,0,0,76490000,116310490000,74478410000,487920000,0,0,8839775000,717170000,6532240000,0,75645000,0,0,0,79045000,0,0,0,14030340000,18450000,856710000,53695000,0,0,0
"GRL",0,0,0,0,0,0,0,0,0,0,0,0,0,0,0,0,0,0,0,0,0,0,0,0,0,0,0,0,0,0,0,0,0,0,0,0,0,0,0,0,0,0,0,0,0,0,0,0,0,0,0,0,0,0,0,0,0,0,0,0,0,0,0,0,0,0,0,0,0,0,0,0,0,0,0,0,0,0,0,0,0,0,0,0,0,0,0,0,0,0,0,0,0,0,0,0,0,0,0,0,0,0,0,0,0,0,0,0,0,0,0,0,0,0,0,0,0,0,0,0,0,0,0,0,0,0,0,0,0,0,0,0,0,0,0,0,0,0,0,0,0,0,0,0,0,0,0,0,0,0,0,0,0,0,0,0,0,0,0,0,0,0,0,0,0,0,0,0,0,0,0,0,0,0,0,0,0,0,0,0,0,0,0,0,0,0,0,0,0,0,0,0,0,0,0
"GRD",0,0,0,0,0,0,0,0,0,0,0,0,0,0,0,0,0,0,0,0,0,0,0,0,0,0,0,0,0,0,0,0,0,0,0,0,0,0,0,0,0,0,0,0,0,0,0,0,0,0,0,0,0,0,0,0,0,0,0,0,0,0,0,0,0,0,0,0,0,0,0,0,0,0,0,0,0,0,0,0,0,0,0,0,0,0,0,0,0,0,0,0,0,0,0,0,0,0,0,0,0,0,0,0,0,0,0,0,0,0,0,0,0,0,0,0,0,0,0,0,0,0,0,0,0,0,0,0,0,0,0,0,0,0,0,0,0,0,0,0,0,0,0,0,0,0,0,0,0,0,0,0,0,0,0,0,0,0,0,0,0,0,0,0,0,0,0,0,0,0,0,0,0,0,0,0,0,0,0,0,0,0,0,0,0,0,0,0,0,0,0,0,0,0,0
"GTM",0,0,103320000,0,0,0,0,0,0,0,0,0,0,0,0,0,271215000,0,1245215000,0,0,0,0,0,0,7360000,0,0,0,0,400365000,0,0,0,0,0,30244445000,1092240000,0,0,0,0,0,17426815000,0,0,0,70929010000,0,0,0,0,0,2031345000,0,0,0,0,7380000,0,0,0,0,0,0,0,0,0,822870000,221400000,102666210000,0,0,0,0,0,0,0,0,0,0,5505000,0,0,0,0,0,0,0,0,0,0,0,0,0,0,0,0,0,0,0,0,0,0,0,0,0,0,0,4400900000,0,0,0,0,0,0,0,0,0,0,0,0,27844355000,0,0,0,0,6005175000,0,0,0,293355000,0,0,0,0,0,0,0,42435000,0,0,0,0,0,0,0,0,0,0,0,0,0,0,0,0,1171575000,0,0,0,0,0,0,0,0,0,0,0,0,0,0,0,0,0,0,0,0,0,3568300000,0,0,0,0,0,0,0,0,0,0,0,0,0,0,0,0
"GIN",0,0,0,0,0,0,0,0,0,0,0,0,0,0,0,0,0,0,0,0,0,0,0,0,0,0,0,0,0,0,0,0,0,0,0,0,0,0,0,0,0,0,0,0,0,0,0,0,0,0,0,0,0,0,0,0,0,0,0,0,0,0,0,0,0,0,0,0,0,0,0,0,0,0,0,0,0,0,0,0,0,0,0,0,0,0,0,0,0,0,0,0,0,0,0,0,0,0,0,0,0,0,0,0,0,0,0,0,0,0,0,0,0,0,0,0,0,0,0,0,0,0,0,0,0,0,0,0,0,0,0,0,0,0,0,0,0,0,0,0,0,0,0,0,0,0,0,0,0,0,0,0,0,0,0,0,0,0,0,0,0,0,0,0,0,0,0,0,0,0,0,0,0,0,0,0,0,0,0,0,0,0,0,0,0,0,0,0,0,0,0,0,0,0,0
"GUY",0,0,0,0,427875000,0,0,0,0,0,1631175000,0,0,0,0,0,7214480000,0,0,0,0,0,0,0,0,592400000,0,0,0,0,0,0,0,0,0,0,0,0,0,0,0,0,3670000,0,0,0,0,0,0,0,0,0,0,200200000,0,0,0,0,0,0,0,0,0,0,0,12855000,0,0,0,5535000,0,0,0,0,0,0,0,0,0,0,0,0,0,0,1835000,0,0,0,0,0,0,0,0,0,0,0,0,0,0,0,0,0,0,0,0,0,0,0,0,0,0,0,0,0,0,0,0,0,0,0,0,0,0,0,0,0,0,0,0,0,0,0,0,0,0,0,0,0,0,0,0,0,0,74620000,3690000,1845000,0,0,0,0,0,0,0,0,0,0,0,2535525000,0,0,0,0,0,0,0,0,0,0,0,706070000,0,0,0,0,0,0,9225000,0,412780000,0,0,0,0,0,0,0,0,0,0,0,0,0,0,0,0
"HTI",0,0,0,0,0,0,0,0,0,0,0,0,0,0,0,0,0,0,0,0,0,0,0,0,0,0,0,0,0,0,0,0,0,0,0,0,0,0,0,0,0,0,0,0,0,0,0,0,0,0,0,0,0,0,0,0,0,0,0,0,0,0,0,0,0,0,0,0,0,0,0,0,0,0,0,0,0,0,0,0,0,0,0,0,0,0,0,0,0,0,0,0,0,0,0,0,0,0,0,0,0,0,0,0,0,0,0,0,0,0,0,0,0,0,0,0,0,0,0,0,0,0,0,0,0,0,0,0,0,0,0,0,0,0,0,0,0,0,0,0,0,0,0,0,0,0,0,0,0,0,0,0,0,0,0,0,0,0,0,0,0,0,0,0,0,0,0,0,0,0,0,0,0,0,0,0,0,0,0,0,0,0,0,0,0,0,0,0,0,0,0,0,0,0,0
"HND",0,0,0,0,0,0,0,0,0,0,0,0,0,0,0,0,0,0,0,0,0,0,0,0,0,0,0,0,0,0,0,0,0,0,0,0,0,0,0,0,0,0,0,0,0,0,0,0,0,0,0,0,0,0,0,0,0,0,0,0,0,0,0,0,0,0,0,0,0,0,0,0,0,0,0,0,0,0,0,0,0,0,0,0,0,0,0,0,0,0,0,0,0,0,0,0,0,0,0,0,0,0,0,0,0,0,0,0,0,0,0,0,0,0,0,0,0,0,0,0,0,0,0,0,0,0,0,0,0,0,0,0,0,0,0,0,0,0,0,0,0,0,0,0,0,0,0,0,0,0,0,0,0,0,0,0,0,0,0,0,0,0,0,0,0,0,0,0,0,0,0,0,0,0,0,0,0,0,0,0,0,0,0,0,0,0,0,0,0,0,0,0,0,0,0
"HKG",0,0,0,0,0,0,4706190000,7380000,3690000,55350000,0,1835000,0,0,0,0,3690000,0,0,25725000,77220000,0,35055000,0,0,10173015000,0,0,1845000,0,0,91602580000,0,0,0,0,36860000,0,0,1835000,1845000,25690000,0,0,0,0,0,0,0,0,0,5535000,16515000,723065000,0,0,0,0,0,355005000,0,58980000,0,11020000,0,0,170675000,0,69840000,0,0,0,0,0,0,38745000,737680000,0,0,60150000,0,154180000,1835000,0,82440000,51510000,0,0,0,457010000,20295000,223940000,33210000,0,0,0,0,0,0,0,34671140000,42025000,0,4910400000,0,0,3670000,0,68005000,22030000,0,0,0,0,25830000,0,3044805000,0,0,0,3640000,965865000,0,0,3640000,88255000,1845000,206080000,0,3665000,0,3690000,567090000,0,29390000,0,0,0,0,0,0,0,0,0,0,0,0,0,1835000,44280000,0,0,0,13327890000,0,491735000,170685000,66080000,0,0,187320000,246060000,1845000,0,729555000,0,117770000,16515000,0,40490000,0,0,69830000,237985000,0,0,2756115000,0,11737990000,0,0,0,95630000,1263470000,0,0,0,0,5505000,0,0,0,0,0,0
"HUN",0,1845000,11899820000,0,0,0,140220000,646429485000,0,68355000,0,0,0,0,0,0,129150000,0,0,0,0,19882830000,0,0,0,248555000,0,0,0,0,0,126205000,0,0,29520000,0,0,0,18077860000,0,0,1862235000,0,0,0,0,79335000,0,0,101570000,0,0,193725000,19505380000,0,0,39860000,0,0,307276070000,657768140000,0,0,423708315000,0,0,0,80080000,0,0,0,0,0,31077945000,0,0,0,0,0,109865000,90310735000,1714435975000,0,0,0,73750000,0,0,0,0,0,1692600000,158670000,12305000,0,184500000,0,0,9241670000,1278150000,0,0,0,0,0,0,3356700000,0,0,0,123580000,0,0,0,0,0,57662960000,0,0,27144455000,0,0,0,0,0,0,0,0,56325385000,0,0,0,72800000,224195175000,140220000,0,0,0,36850000,0,1285110630000,0,5329505000,0,0,0,0,0,0,0,0,265452670000,275162480000,0,0,455715000,7165045000,83500000,0,0,254560000,12301320000,46125000,0,0,0,0,200200000,0,0,0,0,61099800000,166020000,0,0,6583360000,8374860000,488720000,0,232470000,0,0,0,0,0,0,0,3464910000,35055000,19809760000,10470000,0,0,0
"HRV",11070000,0,46749980000,0,0,0,114390000,702915000,0,0,0,0,0,0,0,0,0,0,0,0,0,197415000,0,0,0,94085000,0,0,0,0,0,7380000,0,0,0,0,0,0,0,1845000,0,31365000,0,0,7380000,0,5535000,0,0,0,0,0,0,5535000,0,0,0,0,0,3071325000,308135455000,0,0,25540980000,0,0,0,0,0,0,7114385000,110700000,872855000,0,1835000,0,0,0,0,0,2568060000,227673525000,0,0,0,0,182655000,0,0,0,0,0,0,0,0,0,0,0,34007880000,0,0,0,0,0,0,0,0,0,0,0,0,0,0,0,0,0,18405000,0,0,35065185000,0,0,0,0,0,0,0,0,94095000,0,0,0,0,8859690000,14760000,0,0,0,0,0,11250345000,0,1411425000,0,0,0,0,0,0,0,0,9423580000,64375000,0,0,0,14760000,0,0,0,112195000,464165000,0,0,0,0,0,0,0,0,0,38097710000,5495970000,3690000,0,0,613160000,0,512070000,0,0,0,0,0,0,0,0,0,3090000,0,2046515000,1841725000,0,0,0
"ISL",0,0,0,0,0,0,0,0,0,0,0,0,0,0,0,0,0,0,0,0,0,0,0,0,0,0,0,0,0,0,0,0,0,0,0,0,0,0,0,0,0,0,0,0,0,0,0,0,0,0,411770000,0,0,0,0,0,0,0,0,0,0,0,0,0,0,0,0,0,0,0,0,0,0,0,0,0,0,0,0,0,0,0,0,0,0,0,0,0,0,0,0,0,0,0,0,0,0,0,0,0,0,0,0,0,0,0,0,0,0,0,0,0,0,0,0,0,0,0,0,0,0,0,0,0,0,5535000,0,0,0,0,0,0,0,0,0,0,0,0,0,0,0,0,0,0,0,0,0,0,0,0,0,0,0,0,0,0,0,0,0,0,0,0,0,0,0,0,0,0,0,0,0,0,0,0,0,0,0,0,0,0,0,0,0,0,0,0,0,0,0,0,0,0,0,0,0
"IND",0,378670000,0,0,0,0,27266325000,46125000,0,3204350000,0,375019285000,0,2526940000,0,849100000,10995000,0,0,0,1115935000,0,823310000,42435000,7943910000,16147155000,0,0,35453505000,929880000,72745000,667320000,83025000,18450000,19632055000,0,0,0,3680000,0,6157335000,145750000,153135000,7195500000,0,0,166795000,0,669735000,31365000,0,250920000,96885000,271180000,0,42026495000,0,728775000,2648245000,2127535000,0,26064230000,0,0,0,0,0,10681425000,64525000,20818980000,230625000,3551725000,0,0,0,0,4048600000,239850000,855630000,291115000,1355855000,341320000,3307935000,23735000,11070000,1237550000,1222735000,0,14370690000,0,0,129720000,5094100000,0,0,266900000,0,6908600000,295200000,3640000,60125000,8365835000,55275000,40270415000,4629720000,140220000,0,1854225000,1534795000,21690000,57195000,3735000,2841570000,0,11247120000,75115820000,1342710000,0,12740000,0,0,6459730000,130995000,1293345000,3579060000,700405000,79450865000,42435000,5535000,190035000,0,0,1843145000,72715000,16605000,238005000,0,285975000,25351565000,297760000,0,40590000,315470000,0,0,0,348705000,7584860000,2612390000,874820000,3424195000,3735000,1820000,16468610000,5241660000,12239430000,326565000,11070000,18450000,42435000,602425000,248760000,1298880000,0,38411110000,12478125000,77865115000,11016825000,198380000,161810000,72413240000,0,9225000,105383360000,29090710000,0,49292385000,0,86843970000,7132520000,0,0,99630000,35646295000,35245000,12231470000,0,156725000,360120000,0,0,0,0,0,0
"IDN",0,0,0,36780000,0,0,13173585000,1845000,25830000,641930000,0,123615000,0,0,0,7380000,118080000,0,1845000,725085000,2991555000,0,193725000,0,7380000,107635000,9225000,7380000,199905000,0,25830000,16204955000,0,3690000,0,9225000,0,0,11010000,0,439110000,5535000,0,0,0,0,191915000,0,11070000,0,0,770910000,0,11010000,262935000,4980000,0,0,3690000,133280000,0,436155000,12915000,0,0,0,0,88560000,46125000,0,0,10930525000,0,0,0,4013515000,0,1038735000,0,27675000,175275000,0,0,0,0,9218640000,2189715000,0,254830000,550035000,12915000,44541840000,134585000,0,1845000,405200000,0,0,97785000,0,217710000,25740000,0,101850095000,1829685000,0,1835000,0,1296435000,297045000,66420000,0,24675000,0,0,0,3297660000,0,812515000,0,151265000,1887640000,0,3690000,476055000,18350000,37697445000,0,22140000,2934260000,0,31365000,28614310000,7340000,81110000,0,47206715000,0,143910000,0,0,0,34865000,0,0,0,22140000,2390395000,0,254730000,23985000,0,0,18845485000,0,3180710000,332155000,31365000,0,0,11070000,1820000,5535000,0,15227445000,128135000,38852885000,49815000,800675000,0,278305000,0,55350000,2803190000,84630000,5525000,155625000,0,11032765000,0,0,0,0,25008055000,11010000,319185000,22140000,0,36900000,0,0,0,0,0,0
"IRN",15569250000,116400745000,0,0,0,0,204005000,18215000,0,125460000,0,79239830000,0,0,7380000,0,0,0,0,0,0,0,0,0,562120000,159745000,0,0,33879290000,0,0,20185000,0,0,242590000,0,0,0,0,78485460000,20295000,0,0,0,0,0,0,0,0,14760000,0,0,0,45875000,0,284725000,382675000,47970000,0,56910000,12915000,33210000,0,0,0,0,0,121770000,0,0,0,0,0,69730000,0,79328300000,0,0,289645690000,0,0,29355000,1808100000,380070000,0,0,401620000,492615000,3040595000,0,0,0,506890000,0,0,407325000,0,0,1845000,0,0,838615000,0,2091140000,33210000,90405000,0,0,33210000,0,0,0,0,0,0,0,40540000,0,0,0,0,1835000,0,618395000,0,0,1763545000,0,0,0,0,0,0,0,0,0,0,0,88080000,20265000,195570000,0,0,0,0,0,0,99440000,0,0,18450000,0,0,14560000,1427995000,1234985000,0,0,10764070000,0,11070000,0,12915000,15079895000,0,271620000,0,73550000,0,0,110320255000,22140000,33030000,424483415000,266715000,0,47840000,0,110100000,115735000,0,25830000,0,3097850000,109200000,66240225000,0,0,0,0,0,0,0,0,0
"IRQ",0,0,0,0,0,0,0,0,0,0,0,0,0,0,0,0,0,0,0,0,0,0,0,0,0,0,0,0,0,0,0,0,0,0,0,0,0,0,0,0,0,0,0,0,0,0,0,0,0,0,0,0,0,0,0,0,0,0,0,0,0,0,0,0,0,0,0,0,0,0,0,0,0,0,0,0,0,0,0,0,0,0,0,0,0,0,0,0,0,0,0,0,0,0,0,0,0,0,0,0,0,0,0,0,0,0,0,0,0,0,0,0,0,0,0,0,0,0,0,0,0,0,0,0,0,0,0,0,0,0,0,0,0,0,0,0,0,0,0,0,0,0,0,0,0,0,0,0,0,0,0,0,0,0,0,0,0,0,0,0,0,0,0,0,0,0,0,0,0,0,0,0,0,0,0,0,0,0,0,0,0,0,0,0,0,0,0,0,0,0,0,0,0,0,0
"IRL",0,0,0,0,0,0,54750000,0,0,0,0,0,0,0,0,0,0,0,0,0,0,0,0,0,0,0,0,0,0,0,0,0,0,0,0,0,0,0,44260000,0,5535000,1470465000,0,0,0,0,0,0,0,1845000,0,0,57195000,836460000,0,0,0,0,0,188010000,0,0,0,0,0,0,0,0,0,0,0,0,7380000,0,0,0,0,0,0,0,0,488680000,0,0,0,0,0,0,0,0,0,5460000,107010000,0,0,0,0,0,0,0,0,0,0,71955000,0,0,59685000,0,0,0,0,0,0,0,0,0,7829805000,0,0,0,0,0,0,0,0,493315000,29520000,0,1845000,0,0,0,0,3690000,0,0,0,0,0,0,0,0,0,0,0,0,0,20295000,0,0,0,0,0,0,0,16515000,177965000,0,0,0,5535000,676475000,0,0,0,0,0,0,0,0,0,0,14160000,145755000,0,0,572976860000,0,4025610000,0,0,0,0,0,0,0,0,0,161205000,0,0,0,0,0,0
"ISR",0,0,0,0,0,368760000,2569170000,142070000,0,0,0,0,0,0,0,0,396235000,0,0,0,0,9225000,0,0,1845000,3272025000,0,0,0,0,31365000,818070000,0,0,0,0,0,0,143910000,16605000,0,454965000,0,0,0,0,5505000,0,125370000,129150000,0,0,5535000,2319875000,0,5535000,14760000,0,0,2073745000,0,1845000,0,242490000,0,0,5535000,0,0,0,0,36900000,43770000,3690000,0,68995000,0,0,0,0,0,1823050000,0,21710000,0,51660000,241880000,0,1845000,3690000,0,5535000,0,241695000,0,0,0,0,0,31365000,0,0,0,0,0,0,0,0,0,107010000,0,0,0,1845000,0,5535000,973645000,0,0,0,0,51840000,0,1845000,3690000,0,0,0,0,0,0,0,13560000,322395000,53440000,0,0,0,0,0,55310000,0,731310000,0,0,0,0,0,0,0,0,36900000,1845000,94290000,0,1592290000,715510000,0,0,0,7380000,225970000,0,0,0,0,81825000,0,0,0,0,0,180810000,0,1845000,0,4554370000,88605000,34460195000,0,23985000,7380000,278265000,0,0,0,0,0,3888025000,0,1820000,0,0,0,0
"ITA",6140660000,885030000,55615255000,184447780000,704640000,4449065000,98338685000,190358680000,198300000,4025700000,198190000,99100000,0,9175000,297695000,12845000,61074785000,0,23855000,3670000,211275000,9165200000,84430000,284465000,3494080000,111315390000,1219145000,11070000,563985000,150530000,23569485000,24499370000,3.935e+09,0,3578925000,0,3201200000,2485780000,14475005000,2946345000,3398325000,157216910000,227540000,6873070000,2370320000,2999905000,8251575000,458850000,816715000,5465255000,0,102760000,31629995000,1353851895000,2650785000,3297550000,3481405000,3543705000,99090000,1569794350000,7652145000,21227520000,0,89730975000,0,40370000,1169965000,3317680000,36750000,359710000,1002250000,26656150000,43705855000,84610935000,2141195000,13936540000,3899620000,2283160000,2090040000,43741300000,98714885000,0,30175755000,2765230000,385350000,316583905000,6393670000,62730000,4037815000,445875000,11070000,56542030000,10873660000,12317215000,1845000,32871660000,0,2097505000,18959555000,8348295000,5460000,334720000,0,10278920000,634465000,7200710000,40420610000,9065120000,2240575000,25804365000,762570000,113727360000,508605000,2344450000,1890360000,697340000,274675035000,0,870875000,11922345000,29520000,7050845000,181685000,143170000,1921685000,37370075000,788355000,2448865000,70477140000,0,257140000,5002295000,8218230000,85255465000,61432645000,511965000,0,1393990000,6765305000,200115000,78348210000,3659110000,154781220000,34865000,1835000,0,0,55908365000,14810675000,940605000,956005000,79331710000,20529450000,15390130000,97285000,42670975000,179733945000,616260000,106650000,0,171764970000,161872385000,871970000,285525000,12847455000,1345225000,14194580000,13649120000,0,362270000,3619465000,847090675000,22986545000,30904660000,4398635000,0,978998660000,19996910000,543810245000,16491775000,1613825000,348705000,48266410000,4.139e+09,3232770000,20794730000,1809380000,574435000,192396200000,9968820000,30104350000,11238515000,0,0,632655000
"CIV",0,0,0,0,0,0,0,0,0,0,0,0,0,0,0,0,0,0,0,0,0,0,0,0,59040000,0,0,0,0,0,0,0,0,0,348705000,0,0,0,0,0,12678955000,0,0,0,0,0,0,0,0,0,0,0,0,453325000,0,0,0,196925000,0,0,0,35514015000,0,0,0,0,0,825715000,0,0,0,0,0,0,0,0,0,0,0,0,0,3670000,0,0,0,0,0,0,0,0,0,0,0,0,0,0,0,2220265000,0,0,0,0,0,0,0,68050565000,0,0,0,0,0,0,0,0,0,0,14680000,0,0,0,0,0,0,6433680000,220200000,0,0,0,0,0,0,0,0,0,0,0,0,0,0,0,0,0,0,0,0,0,0,0,8290530000,0,47710000,0,0,0,0,0,0,0,0,0,0,0,0,0,0,0,0,21453720000,0,0,0,0,0,0,0,0,0,0,0,224243465000,0,0,0,0,0,0,0,5535000,0,0,0,0,0,0,0
"KAZ",0,783300335000,17286170000,0,0,0,0,0,0,0,0,0,0,0,0,0,0,0,0,0,0,0,0,0,0,0,0,0,0,0,0,22759405000,0,0,0,0,0,0,0,929770850000,0,0,0,0,22570050000,0,286067660000,0,0,0,0,0,2404800000,0,0,0,390242965000,0,0,13607285000,0,239850000,0,83105880000,0,0,0,0,0,0,0,0,0,0,0,0,0,67510290000,0,0,0,31756720000,0,0,0,0,0,635190970000,0,0,0,0,0,25091750000,0,0,0,0,0,2928800000,0,0,0,1.169e+09,0,0,0,0,0,0,13243470000,0,0,844480000,0,0,5.01e+09,0,0,0,0,0,0,0,0,0,0,0,0,0,0,0,0,4392100000,0,0,0,0,0,0,0,0,204553390000,0,0,0,0,0,0,0,0,0,0,0,0,0,0,0,1322959320000,0,57427960000,0,0,61467420000,0,0,0,0,0,0,0,0,317607280000,115188250000,0,0,42663490000,23980110000,10085130000,0,0,2814685700000,0,801600000,0,0,0,0,0,0,0,0,0,0,0
"JAM",0,0,0,0,51880000,0,0,0,16050000,0,226435000,0,0,0,0,0,0,0,0,0,0,0,0,0,0,950325000,0,0,0,0,0,0,0,0,0,0,0,2490000,0,0,0,0,17840000,17850000,0,0,0,0,0,0,0,0,0,0,0,0,0,0,0,25830000,0,0,0,0,0,4.26e+08,0,0,2922400000,22140000,0,0,0,0,0,0,0,0,0,0,0,0,0,0,0,0,0,0,0,0,0,0,0,0,0,0,0,0,0,0,0,0,0,0,0,0,0,0,0,0,0,0,0,0,0,0,122610000,0,0,0,0,1845000,0,0,0,0,0,0,0,0,0,0,0,0,0,0,0,0,0,0,0,0,0,16605000,111740000,64575000,0,0,0,0,0,0,0,0,0,0,0,0,0,0,0,0,0,0,0,0,0,0,0,689835000,0,0,0,0,0,0,1306845000,0,3495510000,0,0,0,0,0,0,0,0,0,0,0,0,0,0,0,0
"JPN",0,0,0,11020000,0,8615000,2866525000,0,0,91655000,0,0,0,0,0,0,558365000,0,0,0,38145000,0,0,0,0,2861480000,0,0,0,0,0,9692215000,0,0,0,0,0,0,0,0,0,22140000,0,0,1835000,0,0,0,0,9185000,0,0,14700000,698985000,1845000,1245000,0,0,0,647030000,0,0,0,78435000,0,0,0,0,0,12915000,0,457122020000,0,0,0,43955000,10349405000,0,0,134740000,77875000,417555000,0,0,0,0,0,0,0,14750000,0,6053705000,110830000,0,0,20230000,0,0,0,0,180070000,0,0,4353215000,0,0,0,0,0,3735000,16605000,0,0,0,0,0,926150000,0,1835000,0,0,642745000,0,0,0,0,0,11070000,1845000,0,0,4935000,651975000,0,189145000,0,0,0,11010000,0,0,0,128005000,0,0,0,0,2479560000,0,0,0,0,0,122215735000,0,1835000,542925000,0,0,0,53635000,99590000,0,0,45122805000,0,38340345000,0,0,0,145755000,0,0,412845000,0,0,1528875000,14680000,32481965000,0,0,0,0,71478415000,0,0,0,0,93795000,0,0,0,0,0,0
"JOR",0,0,0,116235000,0,0,0,0,0,0,0,0,0,0,0,0,0,0,0,0,0,0,0,0,0,0,0,0,0,0,0,1835000,0,0,145755000,0,0,0,0,0,0,0,0,0,0,0,1776435000,0,0,0,0,0,0,0,0,0,0,0,0,1845000,0,0,0,40590000,0,0,0,0,0,0,0,0,0,0,0,0,0,0,44665745000,0,56660000,0,0,0,0,0,0,0,0,0,0,0,180780000,0,0,2331535000,0,0,590400000,0,0,0,0,0,0,0,0,0,0,0,0,225090000,0,0,0,0,0,0,0,0,0,0,0,0,0,0,0,0,0,0,0,0,0,0,0,0,0,0,3340000,0,0,0,0,0,0,0,0,762485000,0,0,0,0,0,0,0,121770000,0,0,0,0,0,0,3497115000,0,0,0,0,0,0,0,215865000,0,203065000,49815000,0,0,0,0,29520000,0,0,0,0,0,0,10748970000,0,0,0,0,0,0,0,0,2108545000
"KGZ",1245000,0,0,0,0,0,0,0,0,0,0,0,0,0,0,0,0,0,0,0,0,0,0,0,0,0,0,0,0,0,0,276750000,0,0,0,0,0,0,0,0,0,0,0,0,0,0,0,0,0,0,0,0,0,0,0,0,45350000,0,0,0,0,0,0,0,0,0,0,0,0,0,0,0,0,0,0,0,0,0,0,0,0,0,0,2864175000,0,0,0,0,0,0,0,0,0,0,0,0,0,0,0,0,0,0,0,0,0,0,0,0,0,0,114390000,0,0,0,0,0,0,0,0,0,0,0,0,0,0,0,1845000,0,0,0,0,0,0,0,0,0,0,0,0,0,0,0,138345000,0,0,0,0,0,0,0,0,0,0,0,0,0,0,0,1713175000,0,0,0,0,18675000,0,0,0,0,0,0,0,0,27425000,267525000,0,0,0,0,0,0,0,1103745000,0,0,0,0,0,0,0,0,0,0,0,0,0
"KEN",0,0,0,0,0,0,0,0,0,0,0,0,0,0,0,0,0,0,0,0,0,0,0,9225000,0,0,0,0,0,0,0,0,0,0,0,0,0,0,0,0,0,0,0,0,0,0,0,0,0,0,0,0,0,0,0,0,0,0,0,0,0,0,0,0,0,0,0,0,0,0,0,0,0,0,0,0,0,0,0,0,0,0,0,0,0,0,0,0,0,0,0,0,0,0,0,0,0,0,0,0,0,0,0,0,0,0,0,0,0,0,0,0,0,0,0,0,0,0,0,0,0,0,0,0,0,0,0,0,0,0,0,0,0,0,0,0,0,0,0,0,0,988055000,0,0,0,0,0,0,0,0,0,0,0,0,1412010000,0,0,0,0,0,0,0,0,0,0,325630000,0,0,0,0,0,0,0,982800000,7577435000,0,0,0,0,0,0,0,0,0,11070000,0,218185000,0,0,0,0,0,0,0,0
"KHM",0,0,0,0,0,0,0,0,0,0,0,0,0,0,0,0,0,0,0,0,0,0,0,0,0,0,0,0,0,0,0,0,0,0,0,0,0,0,0,0,0,0,0,0,0,0,0,0,0,0,0,0,0,0,0,0,0,0,0,0,0,0,0,0,0,0,0,0,0,0,0,0,0,0,0,0,0,0,0,0,0,0,0,0,0,3690000,0,0,0,0,0,0,0,0,0,0,0,0,0,0,0,0,0,0,0,0,0,0,0,0,0,0,0,0,0,0,0,0,0,0,0,0,0,0,0,0,0,0,0,0,0,0,0,0,0,0,0,0,0,0,0,0,0,0,0,0,0,0,0,0,0,0,0,1845000,0,0,0,0,0,0,0,0,0,0,0,0,0,0,0,0,0,0,0,0,0,0,0,0,0,0,0,0,0,0,0,0,0,0,0,0,0,0,0,0,0
"PRK",0,0,0,0,0,0,0,0,0,0,0,0,0,0,0,0,0,0,0,0,0,0,0,0,0,0,0,0,0,0,0,0,0,0,0,0,0,0,0,0,0,0,0,0,0,0,0,0,0,0,0,0,0,0,0,0,0,0,0,0,0,0,0,0,0,0,0,0,0,0,0,0,0,0,0,0,0,0,0,0,0,0,0,0,0,0,0,0,0,0,0,0,0,0,0,0,0,0,0,0,0,0,0,0,0,0,0,0,0,0,0,0,0,0,0,0,0,0,0,0,0,0,0,0,0,0,0,0,0,0,0,0,0,0,0,0,0,0,0,0,0,0,0,0,0,0,0,0,0,0,0,0,0,0,0,0,0,0,0,0,0,0,0,0,0,0,0,0,0,0,0,0,0,0,0,0,0,0,0,0,0,0,0,0,0,0,0,0,0,0,0,0,0,0,0
"KOR",12915000,18370000,0,77125000,0,569985000,11909070000,181955000,0,169650000,0,110330000,0,0,3690000,0,1101045000,0,0,0,22140000,1835000,114335000,0,0,10298660000,0,0,104805000,0,366265000,24815425000,5515000,0,7340000,0,3670000,0,0,60885000,0,0,0,5535000,0,44280000,5525000,0,0,0,0,11030000,0,1314730000,0,25830000,166050000,3690000,0,1598390000,0,22080000,0,0,0,0,351595000,86495000,0,11010000,9195000,27661705000,0,0,0,2453945000,2896200000,68145000,7340000,27490000,78510000,963665000,3670000,230850000,0,26188395000,53435000,31345000,47745000,100800000,0,0,357840000,3690000,23985000,0,0,0,102820000,12855000,38595000,0,0,3011265000,5535000,0,0,0,20295000,172250000,594260000,0,1835000,0,0,136530000,3065595000,0,9175000,0,0,3944400000,59020000,0,1845000,11010000,27655000,0,36780000,25820000,360260000,11050000,4249640000,27480000,12845000,0,0,0,207675000,14760000,0,0,10367315000,0,0,0,0,2303375000,0,0,1835000,38385000,112050000,11421715000,0,71605000,150640000,5535000,79335000,0,177040000,56965000,0,18450000,11028150000,29520000,8011030000,0,0,0,23985000,0,29510000,994050000,0,0,3534920000,5535000,70101685000,0,0,16595000,0,10845755000,9215000,33210000,0,0,60725000,0,0,0,0,0,0
"KWT",0,0,0,0,0,0,0,0,0,0,0,0,0,0,0,0,0,0,0,0,0,0,0,0,0,0,0,0,0,0,0,0,0,0,0,0,0,0,0,0,0,0,0,0,0,0,0,0,0,0,0,0,0,0,0,0,0,0,0,0,0,0,0,0,0,0,0,0,0,0,0,0,0,0,0,0,0,0,0,0,0,0,0,0,0,0,0,0,0,0,0,0,0,0,0,0,0,0,0,0,0,0,0,0,0,0,0,0,0,0,0,0,0,0,0,0,0,0,0,0,0,0,0,0,0,0,0,0,0,0,0,0,0,0,0,0,0,0,0,0,0,0,0,0,0,0,0,0,0,0,0,0,0,0,0,0,0,0,0,0,0,0,0,0,0,0,0,0,0,0,0,0,0,0,0,0,0,0,0,0,0,0,0,0,0,0,0,0,0,0,0,0,0,0,0
"LVA",0,771680000,0,0,0,0,41505000,0,0,0,0,0,0,0,0,0,0,0,0,0,0,5535000,0,0,41860000,12915000,0,0,0,0,0,0,0,0,0,0,0,0,7340000,73800000,41860000,256104630000,0,0,17930000,0,209300000,0,1195740000,71356305000,14485580000,0,14269695000,35628175000,0,0,0,0,6422780000,357176195000,0,0,0,135405000,0,0,0,0,0,0,0,0,0,0,43680000,0,47306090000,0,0,5886730000,11690790000,109576975000,0,0,0,0,0,0,0,0,0,0,0,0,0,0,0,0,33440080000,347865270000,0,0,0,0,0,0,2296855000,0,0,0,23985000,11289200000,42109050000,0,0,0,145988060000,0,0,0,0,0,0,0,10424140000,56562900000,0,302120000,768110000,0,0,0,0,5824785000,1845000,693420000,0,0,0,0,0,0,1752725000,0,0,0,0,205196240000,0,0,3774200000,0,9225000,0,0,0,476652095000,0,0,0,47909545000,1820000,0,1845000,0,90999970000,15413580000,0,0,0,0,0,90849670000,0,0,0,13965635000,0,857355000,0,0,0,0,0,44335160000,8.7675e+10,0,0,21949315000,0,0,0,0,0,0
"LAO",0,0,0,0,0,0,0,0,0,0,0,0,0,0,0,0,0,0,0,0,0,0,0,0,0,0,0,0,0,0,0,0,0,0,0,0,0,0,0,0,0,0,0,0,0,0,0,0,0,0,0,0,0,0,0,0,0,0,0,0,0,0,0,0,0,0,0,0,0,0,0,0,0,0,0,0,0,0,0,0,0,0,0,0,0,0,0,0,0,0,0,0,0,0,0,0,0,0,0,0,0,0,0,0,0,0,0,0,0,0,0,0,0,0,0,0,0,0,0,0,0,0,0,0,0,0,0,0,0,0,0,0,0,0,0,0,0,0,0,0,0,0,0,0,0,0,0,0,0,0,0,0,0,0,0,0,0,0,0,0,0,0,0,0,0,0,0,0,0,0,0,0,0,0,0,0,0,0,0,0,0,0,0,0,0,0,0,0,0,0,0,0,0,0,0
"LBN",0,0,0,787650000,0,0,406985000,0,0,108350000,0,35055000,0,0,0,0,14435000,0,0,0,0,0,0,0,14760000,248680000,0,100615000,0,0,0,3640000,9190000,7380000,81685000,0,0,0,40540000,0,53480000,39880000,0,0,0,0,6719085000,0,5500000,0,0,0,0,141415000,0,0,0,62285000,27635000,391375000,1835000,88920000,0,6180000,0,0,0,92610000,0,0,0,0,0,0,0,20295000,0,20185000,3950875000,0,0,0,127175000,0,0,0,3521080000,0,0,0,0,0,570270000,0,0,0,0,292965000,0,0,0,0,0,1845000,0,16580000,0,7380000,0,0,0,38555000,1845000,0,0,0,43680000,0,0,0,0,1835000,0,46055000,65180000,0,43680000,5485000,130285000,0,7355000,0,304425000,0,0,1845000,0,0,143445000,0,5460000,0,0,0,0,0,3690000,7144500000,58195000,0,29380000,0,0,3690000,0,0,0,0,0,0,170650000,59015000,73598495000,0,0,1820000,0,11020000,0,0,3210280000,0,6.012e+09,367970000,0,0,143535000,0,292235000,14760000,0,0,106395000,0,1845000,3976445000,3665000,9225000,15330000,0,0,0,0,0,0
"LSO",0,0,0,0,0,0,0,0,0,0,0,0,0,0,0,0,0,0,0,0,0,0,0,0,0,0,0,0,0,0,0,0,0,0,0,0,0,0,0,0,0,0,0,0,0,0,0,0,0,0,0,0,0,0,0,0,0,0,0,0,0,0,0,0,0,0,0,0,0,0,0,0,0,0,0,0,0,0,0,0,0,0,0,0,0,0,0,0,0,0,0,0,0,0,0,0,0,0,0,0,0,0,0,0,0,0,0,0,0,0,0,0,0,0,0,0,0,0,0,0,0,0,0,0,0,0,0,0,0,0,0,0,0,0,0,0,0,0,0,0,0,0,0,0,0,0,0,0,0,0,0,0,0,0,0,0,0,0,0,0,0,0,0,0,0,0,0,0,0,0,0,0,0,0,0,0,0,0,0,0,0,0,0,0,0,0,0,0,0,0,0,0,0,0,0
"LBR",0,0,0,0,0,0,0,0,0,0,0,0,0,0,0,0,0,0,0,0,0,0,0,0,0,0,0,0,0,0,0,0,0,0,0,0,0,0,0,0,0,0,0,0,0,0,0,0,0,0,0,0,0,0,0,0,0,0,0,0,0,0,0,0,0,0,0,0,0,0,0,0,0,0,0,0,0,0,0,0,0,0,0,0,0,0,0,0,0,0,0,0,0,0,0,0,0,0,0,0,0,0,0,0,0,0,0,0,0,0,0,0,0,0,0,0,0,0,0,0,0,0,0,0,0,0,0,0,0,0,0,0,0,0,0,0,0,0,0,0,0,0,0,0,0,0,0,0,0,0,0,0,0,0,0,0,0,0,0,0,0,0,0,0,0,0,0,0,0,0,0,0,0,0,0,0,0,0,0,0,0,0,0,0,0,0,0,0,0,0,0,0,0,0,0
"LBY",0,0,0,0,0,0,0,0,0,0,0,0,0,0,0,0,0,0,0,0,0,0,0,0,0,0,0,0,0,0,0,0,0,0,0,0,0,0,0,0,0,0,0,0,0,0,0,0,0,0,0,0,0,0,0,0,0,0,0,0,0,0,0,0,0,0,0,0,0,0,0,0,0,0,0,0,0,0,0,0,0,0,0,0,0,0,0,0,0,0,0,0,0,0,0,0,0,0,0,0,0,0,0,0,0,0,0,0,0,0,0,0,0,0,0,0,0,0,0,0,0,0,0,0,0,0,0,0,0,0,0,0,0,0,0,0,0,0,0,0,0,0,0,0,0,0,0,0,0,0,0,0,0,0,0,0,0,0,0,0,0,0,0,0,0,0,0,0,0,0,0,0,0,0,0,0,0,0,0,0,0,0,0,0,0,0,0,0,0,0,0,0,0,0,0
"LTU",0,0,133955000,0,0,0,74385000,7425000,0,0,44040000,0,0,0,0,0,7470000,0,0,0,0,293845000,0,0,45875000,258710000,0,0,0,0,0,42205000,0,0,0,0,0,0,92815000,28320000,0,72792365000,0,0,2253590000,0,39201580000,0,0,23020640000,24054680000,0,8323765000,69835200000,0,45875000,4980000,0,731770000,369213525000,0,209300000,0,355465000,0,0,0,0,0,91750000,0,0,724985000,118080000,1117870000,0,45935020000,0,0,1640050000,70685000,43847400000,0,252065000,0,0,306445000,0,13699010000,0,0,0,0,705053325000,0,0,0,0,54849480000,0,0,0,38241330000,5794900000,0,0,116480000,2.7555e+10,0,0,0,29139830000,79365080000,0,0,0,105426770000,0,0,1845000,0,0,0,0,36870260000,37226845000,0,0,128255000,0,0,0,0,27448800000,24236680000,0,0,0,0,0,859430000,0,27036480000,0,0,0,45875000,662559140000,91750000,0,2204400000,27720000,48615000,0,280280000,39104175000,170992920000,0,1820000,0,83451955000,10470000,0,1845000,1738470000,64538820000,843010000,91750000,0,0,0,0,315182440000,5460000,0,0,6041870000,1299030000,2550540000,0,0,0,0,2558440000,0,0,26763420000,0,70886190000,0,0,0,0,0,0
"MAC",0,0,0,0,0,0,0,0,0,0,0,0,0,0,0,0,0,0,0,0,0,0,0,0,0,0,0,0,0,0,0,5460000,0,0,0,0,0,0,0,0,0,0,0,0,0,0,0,0,0,0,0,0,0,0,0,0,0,0,0,0,0,0,0,0,0,0,0,0,0,0,0,32760000,0,0,0,0,0,0,0,0,0,0,0,0,0,0,0,0,0,0,0,0,0,0,0,0,0,0,0,0,0,0,0,0,0,0,0,0,0,0,0,0,0,0,0,0,0,0,0,0,0,0,0,0,0,0,0,0,0,0,0,0,0,0,0,0,0,0,0,0,0,0,0,0,0,0,0,0,0,0,0,0,0,0,0,0,0,0,0,0,0,0,0,0,0,0,0,0,0,0,0,0,0,0,0,0,0,0,0,0,0,0,0,0,0,0,0,0,0,0,0,0,0,0,0
"MDG",0,0,0,0,0,0,0,0,0,0,0,0,0,0,0,0,0,0,0,0,0,0,0,0,0,0,0,0,0,0,0,0,0,1845000,0,0,0,0,0,0,0,0,0,0,0,0,0,0,0,0,0,0,0,0,0,0,0,0,0,0,0,0,0,0,0,0,0,0,0,0,0,0,0,0,0,0,0,0,0,0,0,0,0,0,0,0,0,0,0,0,0,0,0,0,0,0,0,0,0,0,0,0,0,0,0,0,0,0,162360000,0,0,0,0,0,0,0,0,0,0,0,0,0,0,0,0,0,0,0,0,0,0,0,0,0,0,0,0,0,0,0,0,0,0,0,0,0,0,0,0,0,0,0,0,0,0,0,1845000,0,0,0,0,0,0,0,0,0,0,0,0,0,0,0,0,0,0,0,0,0,0,0,0,0,0,0,0,0,0,0,0,0,0,0,0,0,0
"MWI",0,0,0,0,0,0,0,0,0,0,0,0,0,0,0,0,0,0,0,0,0,0,0,0,0,0,0,0,0,0,0,0,0,0,5535000,0,0,0,0,0,0,0,0,0,0,0,0,0,0,0,0,0,0,0,0,0,0,0,0,0,0,0,0,0,0,0,0,0,0,0,0,0,0,0,0,40080000,0,0,0,0,0,0,1233730000,0,0,0,0,0,51660000,0,0,0,0,0,0,0,0,0,0,0,0,0,0,0,0,0,0,0,0,0,0,0,116680000,0,0,0,0,0,0,0,0,0,0,0,0,0,0,0,0,0,0,0,0,0,0,0,0,0,0,25735675000,0,0,0,0,0,0,0,0,0,0,0,0,0,0,0,25383490000,0,0,0,0,0,0,0,0,0,0,0,0,0,0,0,0,0,0,0,0,0,0,0,0,0,0,0,0,0,0,0,357930000,0,0,0,0,0,0,0
"MYS",0,0,0,184500000,0,0,12353980000,9960000,295200000,959400000,0,1420600000,0,60885000,0,0,33210000,0,0,328400000,27150215000,0,4259340000,0,35055000,2815460000,0,0,418775000,0,0,14448475000,35055000,11070000,9225000,5535000,0,20295000,1845000,0,289665000,0,0,49815000,0,0,217710000,0,9225000,0,0,245355000,474165000,1270020000,191880000,428040000,101475000,0,42435000,46095000,0,1298865000,68265000,29520000,0,0,0,27675000,118080000,3690000,0,15552475000,0,0,0,5838240000,66080890000,389295000,675245000,62580000,0,35055000,1845000,0,0,15707890000,2.757e+09,0,61155000,1726770000,0,20159085000,811800000,448335000,0,719290000,0,6825000,1022130000,0,47970000,60885000,0,0,2520405000,12915000,0,0,6593180000,0,151290000,0,35055000,0,0,90405000,56685000,0,225090000,0,231270000,1907010000,0,51660000,1038735000,0,525225000,45030000,14760000,1864075000,11070000,0,19052410000,0,0,0,42435000,0,1091635000,0,0,0,151290000,0,0,0,0,9812065000,3690000,1058955000,27675000,0,3690000,284759245000,0,1094085000,0,46125000,0,0,38745000,0,154980000,0,25431825000,12915000,69960070000,16605000,142065000,238005000,2956570000,147600000,121770000,11412855000,12915000,9225000,8179715000,0,19796670000,0,0,0,0,33882400000,5535000,1239840000,0,0,125320000,0,0,0,0,0,71955000
"MDV",0,0,0,0,0,0,0,0,0,0,0,0,0,0,0,0,0,0,0,0,0,0,0,0,0,0,0,0,0,0,0,0,0,0,0,0,0,0,0,0,0,0,0,0,0,0,0,0,0,0,0,0,0,0,0,0,0,0,0,0,0,0,0,0,0,0,0,0,0,0,0,0,0,0,0,0,0,0,0,0,0,0,0,0,0,0,0,0,0,0,0,0,0,0,0,0,0,0,0,0,0,0,0,0,0,0,0,0,0,0,0,0,0,0,0,0,0,0,0,0,0,0,0,0,0,0,0,0,0,0,0,0,0,0,0,0,0,0,0,0,0,0,0,0,0,0,0,0,0,0,0,0,0,0,0,0,0,0,0,0,0,0,0,0,0,0,0,0,0,0,0,0,0,0,0,0,0,0,0,0,0,0,0,0,0,0,0,0,0,0,0,0,0,0,0
"MLI",0,0,0,0,0,0,0,0,0,0,0,0,0,0,0,0,0,0,0,0,0,0,0,0,0,0,0,0,0,0,0,0,0,0,0,0,0,0,0,0,0,0,0,0,0,0,0,0,0,0,0,0,0,0,0,0,0,0,0,0,0,0,0,0,0,0,0,0,0,0,0,0,0,0,0,0,0,0,0,0,0,0,0,0,0,0,0,0,0,0,0,0,0,0,0,0,0,0,0,0,0,0,0,0,0,0,0,0,0,0,0,0,0,0,0,0,0,0,0,0,0,0,0,0,0,0,0,0,0,0,0,0,0,0,0,0,0,0,0,0,0,0,0,0,0,0,0,0,0,0,0,0,0,0,0,0,0,0,0,0,0,0,0,0,0,0,0,0,0,0,0,0,0,0,0,0,0,0,0,0,0,0,0,0,0,0,0,0,0,0,0,0,0,0,0
"MLT",0,0,0,14760000,0,0,5535000,0,0,51660000,0,0,0,0,0,0,0,0,0,0,0,0,0,0,0,830250000,0,0,0,0,0,0,0,0,0,0,0,0,74620000,0,0,0,0,0,0,0,83025000,0,0,0,0,0,0,0,0,0,0,0,23985000,0,0,59040000,0,0,0,0,0,49140000,0,0,0,0,1845000,0,0,0,0,0,0,1114380000,0,16605000,0,0,0,0,49815000,0,0,0,0,0,195570000,0,0,254610000,0,0,617115000,0,0,0,0,0,0,0,0,0,153135000,0,0,0,0,0,0,0,0,0,0,0,0,0,0,0,14760000,0,0,0,0,0,0,0,0,0,0,0,0,0,62730000,0,0,0,0,0,0,0,0,374535000,0,7380000,0,0,0,0,0,0,35055000,0,0,0,0,5535000,0,0,0,0,0,0,0,0,276750000,20295000,90405000,356085000,0,0,656820000,0,0,0,0,0,0,0,0,0,0,0,0,0,0,0,0,0,0
"MRT",0,0,0,0,0,0,0,0,0,0,0,0,0,0,0,0,0,0,0,0,0,0,0,0,0,0,0,0,0,0,0,0,0,0,0,0,0,0,0,0,0,0,0,0,0,0,0,0,0,0,0,0,0,0,0,0,0,0,0,0,0,0,0,0,0,0,0,0,0,0,0,0,0,0,0,0,0,0,0,0,0,0,0,0,0,0,0,0,0,0,0,0,0,0,0,0,0,0,0,0,0,0,0,0,0,0,0,0,0,0,0,0,0,0,0,0,0,0,0,0,0,0,0,0,0,0,0,0,0,0,0,0,0,0,0,0,0,0,0,0,0,0,0,0,0,0,0,0,0,0,0,0,0,0,0,0,0,0,0,0,0,0,0,0,0,0,0,0,0,0,0,0,0,0,0,0,0,0,0,0,0,0,0,0,0,0,0,0,0,0,0,0,0,0,0
"MUS",0,0,0,0,0,0,9175000,0,0,0,0,0,0,0,0,0,0,0,0,0,0,0,0,0,0,1835000,0,0,0,0,0,0,0,7640715000,0,0,0,0,0,0,0,0,0,0,0,0,0,0,0,0,0,0,0,12315155000,0,0,0,0,0,0,0,0,0,0,0,0,0,0,0,0,0,0,0,0,0,0,0,0,0,66060000,0,228780000,0,0,0,0,0,0,104715000,0,0,0,0,0,0,0,0,0,0,0,0,58852325000,0,7350000,0,0,0,0,0,0,0,0,27535000,0,0,0,0,0,0,0,0,0,0,0,0,0,5515000,0,0,0,0,0,0,0,0,0,0,0,0,651025000,0,0,38745000,0,0,0,0,0,0,16256200000,0,0,0,0,0,2545345000,6155000,0,0,0,0,0,0,0,1124860000,0,0,0,0,0,1053780000,5535000,49815000,207630000,22020000,0,66180000,0,0,11010000,0,0,0,0,0,0,0,207785000,0,0,0,0,0,0,0
"MEX",0,20295000,0,853710680000,513810000,4295160000,0,0,55150000,0,0,0,0,0,1532585000,0,2366630000,0,3524155000,0,0,0,0,0,0,13337960000,0,0,0,0,14014200000,0,9211005000,0,0,0,19597575000,10440240000,0,0,0,0,0,13495265000,0,32831165000,0,4385810000,0,0,0,0,0,14760000,0,0,0,0,0,0,0,0,0,0,0,0,270112055000,0,4792060000,0,11465970000,33030000,0,80269700000,0,3340000,0,0,0,0,0,722963215000,0,0,8591175000,0,0,0,1670000,0,0,139460000,0,0,0,0,0,0,0,0,0,0,0,0,0,0,0,0,0,0,0,0,0,0,0,0,12915000,0,0,0,0,0,25075420000,0,51491110000,0,1670000,25501055000,0,0,36900000,144752815000,4373460000,0,0,0,0,0,0,0,0,0,0,0,41860000,0,0,0,0,0,0,0,0,3670000,0,0,315125000,252980000,0,0,0,0,0,0,0,0,0,0,0,22476810000,0,90313600000,26133830000,0,0,0,467790000,0,1297022860000,0,4188975000,0,40117920000,0,0,0,0,0,0,0,0,0,0,0,0
"MNG",0,0,0,0,0,0,0,0,0,0,0,0,0,0,0,0,0,0,0,0,0,0,0,0,0,0,0,0,0,0,0,0,0,0,0,0,0,0,0,0,0,0,0,0,0,0,0,0,0,0,0,0,0,0,0,0,0,0,0,0,0,0,0,0,0,0,0,0,0,0,0,0,0,0,0,0,0,0,0,0,0,0,0,0,0,0,0,0,0,0,0,0,0,0,0,0,0,0,0,0,0,0,0,0,0,0,0,0,0,0,0,0,0,0,0,0,0,0,0,0,0,0,0,0,0,0,0,0,0,0,0,0,0,0,0,0,0,0,0,0,0,0,0,0,0,0,0,0,0,0,0,0,0,0,0,0,0,0,0,0,0,0,0,0,0,0,0,0,0,0,0,0,0,0,0,0,0,0,0,0,0,0,0,0,0,0,0,0,0,0,0,0,0,0,0
"MAR",0,0,0,404055000,0,0,0,0,0,0,0,0,0,0,0,0,0,0,0,0,0,0,0,0,523980000,162550000,12915000,5651100000,0,0,0,0,0,0,107590000,0,0,0,0,0,2879415000,0,0,0,0,0,0,0,217710000,0,0,0,0,410730000,0,0,0,156825000,30590560000,1835000,0,59040000,0,0,0,0,0,98181720000,0,0,0,0,0,0,0,0,0,0,25830000,0,0,58260000,142065000,0,0,0,0,0,0,0,0,0,1845000,0,0,0,0,4202380000,55350000,0,0,0,0,0,0,0,0,2001295000,0,0,0,0,0,0,0,0,29360000,0,0,0,0,0,0,14128660000,0,0,0,0,0,0,0,0,0,0,0,0,0,0,40590000,0,0,0,0,0,0,0,0,0,149405000,0,0,0,0,0,0,0,292635000,0,0,0,1835000,0,0,0,0,0,0,123760000,0,0,0,0,0,1820000,0,0,3670000,0,23840000,2293200000,0,0,0,0,0,1206630000,0,0,108315000,0,0,0,0,0,0
"MOZ",0,0,0,0,0,0,0,0,0,0,0,0,0,0,0,0,0,0,0,0,0,0,0,0,0,0,0,0,0,0,0,0,0,0,0,0,0,0,0,0,0,0,0,0,0,0,0,0,0,0,0,0,0,0,0,0,0,0,0,0,0,0,0,0,0,0,0,0,0,0,0,0,0,0,0,0,0,0,0,0,0,0,0,0,0,0,0,0,0,0,0,0,0,0,0,0,0,0,0,0,0,0,0,0,0,0,0,0,0,0,0,0,0,0,0,0,0,0,0,0,0,0,0,0,0,0,0,0,0,0,0,0,0,0,0,0,0,0,0,0,0,0,0,0,0,0,0,0,0,0,0,0,0,0,0,0,0,0,0,0,0,0,0,0,0,0,0,0,0,0,0,0,0,0,0,0,0,0,0,0,0,0,0,0,0,0,0,0,0,0,0,0,0,0,0
"MDA",0,0,20812870000,0,0,0,16605000,0,0,0,0,0,0,0,0,0,0,0,0,0,0,547365000,0,0,0,198060000,0,0,0,0,0,0,0,0,0,0,0,0,88560000,14760000,0,0,0,0,0,0,17576750000,0,0,610695000,0,0,0,0,0,0,1145745000,0,0,33780250000,280440000,278460000,0,21667840000,0,0,0,0,0,0,0,15686310000,8351975000,0,0,0,0,0,0,0,3690000,57732820000,0,12905000,0,0,5535000,0,0,0,0,0,0,965250000,0,15631200000,0,33210000,0,116235000,0,0,0,0,0,0,0,0,0,0,35055000,0,0,0,0,0,0,0,0,0,0,0,0,0,0,0,0,13568750000,47970000,0,0,0,0,6599840000,0,0,0,0,0,0,71208745000,0,1205735000,0,0,0,0,20295000,0,0,0,0,0,0,0,0,38745000,0,0,1561450000,0,15870010000,5509330000,0,0,0,0,0,0,0,0,0,54575505000,0,0,0,37915680000,18381650000,25023465000,0,0,0,0,2742140000,0,0,0,0,22140000,0,204795000,0,0,0,0
"NAM",0,0,0,0,0,0,0,0,0,0,0,0,0,0,0,0,0,0,0,0,0,0,0,0,0,0,0,0,0,0,0,0,0,0,0,0,0,0,0,0,0,0,0,0,0,0,0,0,0,0,0,0,0,0,0,0,0,0,0,0,0,0,0,0,0,0,0,0,0,0,0,0,0,0,0,0,0,0,0,0,0,0,0,0,0,0,0,0,0,0,0,0,0,0,0,0,0,0,0,0,0,0,0,0,0,0,0,0,0,0,0,0,0,0,0,0,0,0,0,0,0,0,0,0,0,0,0,0,0,0,0,0,0,0,0,0,0,0,0,0,0,0,0,0,0,0,0,0,0,0,0,0,0,0,0,0,0,0,0,0,0,0,0,0,0,0,0,0,0,0,0,0,0,0,0,0,0,0,0,0,0,0,0,0,0,0,0,0,0,0,0,0,0,0,0
"NPL",0,0,0,0,0,0,207355000,0,0,9175000,0,49545000,0,711980000,0,0,0,0,0,0,0,0,0,0,0,9175000,0,0,0,0,0,4849430000,0,0,0,0,0,0,0,0,0,0,0,0,0,0,0,0,0,0,0,0,0,0,0,0,0,0,0,0,0,0,0,0,0,0,0,0,0,0,0,99090000,0,0,0,19405840000,0,0,0,0,0,0,0,0,0,38645000,0,0,0,0,0,0,49545000,0,0,0,0,0,0,0,0,0,0,370670000,0,0,0,0,0,0,0,0,0,0,0,0,0,0,0,0,0,0,0,0,0,0,0,0,0,0,0,0,0,0,0,0,0,0,987230000,0,0,0,0,0,0,0,0,40370000,0,0,0,80080000,0,1190490000,0,0,0,0,0,0,0,0,0,0,2384945000,0,0,0,0,0,20020000,0,0,231210000,0,0,497845000,0,213735000,0,0,0,0,0,0,0,0,0,9175000,0,0,0,0,0,0
"NLD",3690000,2027065000,142065000,593915000,0,136530000,9710550000,22223240000,7380000,317090000,47615000,62730000,0,0,0,0,1254645000,0,0,0,0,1317410000,0,0,494460000,3685360000,18425000,11035000,372690000,135965000,59685000,2356010000,22140000,0,585745000,0,220635000,42435000,1736530000,6780000,335790000,47169560000,0,46125000,2006690000,19275000,2174120000,0,213745000,834635000,1342115000,16605000,30820700000,273657795000,0,640215000,12905000,737120000,258185000,1079113265000,92250000,776105000,0,12024540000,0,0,0,55155000,0,854105000,0,2798135000,1917985000,741175000,3285485000,1930430000,607095000,587560000,163965000,32622635000,56435535000,49108820000,521385000,44210000,3640000,1842020000,2848985000,1845000,592560000,0,1845000,955545000,816585000,210245000,0,2501120000,0,135445000,1030245000,19725735000,0,23940000,0,10947415000,62730000,77490000,6287790000,46115000,73800000,209865000,29520000,6090480000,11070000,12915000,27630000,70110000,0,0,42435000,73800000,0,1495320000,0,234315000,267440000,26148225000,140565000,149285000,9781320000,0,208485000,80925000,256455000,79408630000,21958060000,136530000,0,91165000,881580000,47350000,3572470000,1845000,2385635000,0,0,0,0,20869820000,206620000,12905000,23970000,1202110000,1146510000,2327210000,38495000,2125350000,219042885000,7567645000,0,0,49116815000,17433945000,890520000,35145000,544245000,107010000,356055000,70110000,0,106990000,529400000,149445000,7316245000,32873385000,53505000,0,276941885000,458755000,9484065000,55340000,577485000,0,235605000,89655000,298665000,204760000,395715000,83620000,1031922565000,5149210000,220740000,112545000,0,0,0
"ANT",0,0,0,0,0,0,0,0,0,0,0,0,0,0,0,0,0,0,0,0,0,0,0,0,0,0,0,0,0,0,0,0,0,0,0,0,0,0,0,0,0,0,0,0,0,0,0,0,0,0,0,0,0,0,0,0,0,0,0,0,0,0,0,0,0,0,0,0,0,0,0,0,0,0,0,0,0,0,0,0,0,0,0,0,0,0,0,0,0,0,0,0,0,0,0,0,0,0,0,0,0,0,0,0,0,0,0,0,0,0,0,0,0,0,0,0,0,0,0,0,0,0,0,0,0,0,0,0,0,0,0,0,0,0,0,0,0,0,0,0,0,0,0,0,0,0,0,0,0,0,0,0,0,0,0,0,0,0,0,0,0,0,0,0,0,0,0,0,0,0,0,0,0,0,0,0,0,0,0,0,0,0,0,0,0,0,0,0,0,0,0,0,0,0,0
"NCL",0,0,0,0,0,0,0,0,0,0,0,0,0,0,0,0,0,0,0,0,0,0,0,0,0,0,0,0,0,0,0,0,0,0,0,0,0,0,0,0,0,0,0,0,0,0,0,0,0,0,0,0,0,0,66345000,0,0,0,0,0,0,0,0,0,0,0,0,0,0,0,0,0,0,0,0,0,0,0,0,0,0,0,0,0,0,0,0,0,0,0,0,0,0,0,0,0,0,0,0,0,0,0,0,0,0,0,0,0,0,0,0,0,0,0,0,0,0,0,0,0,7330000,0,0,0,0,0,0,0,0,0,0,0,0,0,0,0,0,0,0,0,0,0,0,0,0,0,0,0,0,0,0,0,0,0,0,0,0,0,0,0,0,0,0,0,0,0,0,0,0,0,0,0,0,0,0,0,0,0,0,0,0,0,0,0,0,0,0,0,0,0,0,0,0,0,0
"MKD",3690000,0,2715140000,494460000,0,0,442215000,88560000,0,0,0,0,0,0,0,0,0,0,0,0,0,1309925000,0,0,0,238780000,0,0,0,0,0,0,0,0,0,0,0,0,136530000,466785000,0,0,0,0,0,0,7380000,0,0,0,0,0,16605000,105165000,0,0,0,0,3690000,160515000,8890565000,7380000,0,3066810000,0,0,0,0,0,0,0,0,173430000,8964205000,0,0,0,0,77490000,0,511065000,3690000,0,0,0,0,0,0,0,0,0,0,0,0,0,12915000,0,0,130995000,0,0,0,0,0,0,0,9225000,0,0,0,0,16605000,0,0,0,0,206640000,0,0,0,0,0,0,0,0,0,0,0,289665000,0,0,0,0,0,20295000,0,0,0,0,0,6612480000,0,0,0,0,0,0,7380000,0,0,0,1147590000,821025000,0,0,0,0,0,0,0,308115000,136530000,0,0,0,0,0,0,0,0,0,0,3210300000,23985000,0,0,29520000,0,303600000,0,0,0,0,0,0,81180000,0,0,33210000,0,8110130000,1556720000,0,0,0
"VUT",0,0,0,0,0,0,0,0,0,0,0,0,0,0,0,0,0,0,0,0,0,0,0,0,0,0,0,0,0,0,0,0,0,0,0,0,0,0,0,0,0,0,0,0,0,0,0,0,0,0,0,0,0,0,0,0,0,0,0,0,0,0,0,0,0,0,0,0,0,0,0,0,0,0,0,0,0,0,0,0,0,0,0,0,0,0,0,0,0,0,0,0,0,0,0,0,0,0,0,0,0,0,0,0,0,0,0,0,0,0,0,0,0,0,0,0,0,0,0,0,0,0,0,0,0,0,0,0,0,0,0,0,0,0,0,0,0,0,0,0,0,0,0,0,0,0,0,0,0,0,0,0,0,0,0,0,0,0,0,0,0,0,0,0,0,0,0,0,0,0,0,0,0,0,0,0,0,0,0,0,0,0,0,0,0,0,0,0,0,0,0,0,0,0,0
"NZL",0,0,0,0,0,0,69426790000,0,0,0,0,0,0,0,0,0,0,0,0,512145000,7380000,0,0,0,0,107295000,0,0,0,0,0,130995000,0,0,0,2.535e+09,0,0,0,0,0,0,0,0,0,0,0,0,0,0,0,13075040000,81830000,0,1303370000,0,0,0,0,0,0,0,0,0,0,0,0,0,0,0,0,1028825000,0,0,0,3690000,0,0,0,0,0,0,0,0,0,4577990000,0,0,0,0,0,396675000,0,0,0,0,0,0,0,0,0,0,0,156775000,0,0,0,0,9225000,0,0,0,0,0,0,0,1845000,0,401685000,0,31140000,0,0,0,0,0,0,0,0,70035000,0,0,16605000,0,0,0,0,0,0,0,0,0,0,0,0,0,0,36400000,0,0,0,0,0,2333925000,0,0,0,0,0,0,0,0,0,0,1638360000,0,400365000,0,256440000,0,0,0,0,184500000,0,7380000,4396055000,0,345015000,0,0,0,0,12915000,0,0,0,0,0,0,0,0,0,0,0
"NIC",0,0,0,0,51660000,0,0,0,119925000,0,195570000,0,0,0,0,0,1719540000,0,0,0,0,0,0,0,0,0,0,0,0,0,0,0,0,0,0,0,53614390000,0,0,0,0,0,23985000,15988770000,0,0,0,4803355000,0,0,0,0,0,0,0,0,0,0,0,0,0,0,0,0,0,0,2642040000,0,1226925000,481545000,4581280000,0,0,0,0,0,0,0,0,0,0,0,0,0,1780425000,0,0,0,0,0,0,0,0,0,0,0,0,0,0,0,0,0,0,0,0,0,0,0,0,0,0,0,0,0,0,0,0,0,0,0,0,0,0,0,0,0,0,3440925000,0,0,0,0,0,0,0,0,0,0,0,0,0,0,0,0,0,0,0,0,0,0,0,0,0,0,0,0,0,701100000,0,0,0,0,0,0,0,0,0,0,0,684495000,0,0,0,0,0,0,0,0,1422485000,0,0,0,0,0,0,0,0,0,0,0,0,0,0,0,0
"NER",0,0,0,6.37e+08,0,0,0,0,0,0,0,0,0,0,0,0,0,0,0,0,0,0,0,0,0,0,0,0,0,0,0,261990000,0,0,0,0,0,0,0,0,0,0,0,0,0,0,0,0,0,0,0,0,0,135790000,0,0,0,0,0,0,0,0,0,0,0,0,0,0,0,0,0,0,0,0,0,5535000,0,0,0,0,0,0,0,0,0,0,0,0,0,0,0,0,0,0,0,0,0,0,0,0,0,0,0,0,0,0,0,0,0,0,0,0,0,0,0,0,0,0,0,0,0,0,0,0,484030000,0,0,0,0,0,0,0,0,0,0,0,0,0,0,0,0,0,0,0,0,0,0,0,0,0,0,0,0,0,0,0,49545000,0,0,0,0,0,0,0,0,0,0,0,0,0,0,1354230000,9576865000,0,0,0,0,0,0,0,0,0,0,0,0,0,0,0,0,0,0,0,0,0,0
"NGA",0,0,0,0,0,0,0,0,0,0,0,0,0,0,0,0,0,0,0,0,0,0,0,0,0,0,0,0,0,0,0,0,0,0,0,0,0,0,0,0,0,0,0,0,0,0,0,0,0,0,0,0,0,0,0,0,0,0,0,0,0,0,0,0,0,0,0,0,0,0,0,0,0,0,0,0,0,0,0,0,0,0,0,0,0,0,0,0,0,0,0,0,0,0,0,0,0,0,0,0,0,0,0,0,0,0,0,0,0,0,0,0,0,0,0,0,0,0,0,0,0,0,0,0,0,0,0,0,0,0,0,0,0,0,0,0,0,0,0,0,0,0,0,0,0,0,0,0,0,0,0,0,0,0,0,0,0,0,0,0,0,0,0,0,0,0,0,0,0,0,0,0,0,0,0,0,0,0,0,0,0,0,0,0,0,0,0,0,0,0,0,0,0,0,0
"NOR",0,0,0,0,0,11070000,280110000,77490000,0,3690000,0,0,0,0,0,0,10470000,0,0,0,0,3690000,0,0,3690000,176990000,0,0,1845000,0,1845000,22785000,0,0,0,0,0,0,7380000,0,0,4556820000,0,0,0,3690000,11070000,0,0,68265000,1278750000,0,6314325000,123615000,0,0,0,0,0,326875000,0,1845000,0,44505000,0,0,0,0,0,252765000,0,72780000,0,0,453850000,16605000,0,0,0,0,3690000,509910000,42435000,0,0,183435000,1845000,0,769365000,0,0,119925000,0,3690000,0,1845000,0,40590000,0,44280000,0,0,0,3690000,0,0,267525000,0,0,0,0,0,0,0,0,0,448660000,0,0,0,0,38745000,0,0,1845000,0,640215000,3690000,1845000,0,0,0,1845000,23985000,83025000,9225000,0,0,3690000,0,5535000,0,5535000,0,0,0,0,27675000,0,0,0,1845000,0,302025000,367155000,27675000,104710000,0,0,0,10144365000,11070000,3690000,0,35055000,0,422220000,0,0,3690000,0,0,29520000,1190025000,0,0,420035000,7380000,1090445000,0,5535000,0,0,5535000,0,217710000,0,0,21075000,0,0,0,0,0,0
"PAK",0,1828937625000,0,0,0,0,1370450000,3690000,0,656695000,0,1226220790000,0,0,0,5535000,0,0,1845000,0,0,0,5018350000,0,3690000,2053475000,0,0,446375360000,0,11070000,14600000,0,158340000,12765000,0,0,0,10920000,0,0,169305000,0,0,0,0,0,0,0,0,0,11010000,0,49335000,0,55274325000,0,53505000,22140000,68015000,0,5535000,0,124190000,0,0,0,0,1845000,0,0,204430000,0,0,0,38575000,55818080000,690275000,79335000,94860000,0,49545000,0,0,0,57145000,787095000,0,496426910000,0,30555000,0,721010000,0,0,141015000,0,20295000,0,0,0,15729565000,0,103504970000,0,0,0,0,2259580000,0,0,25830000,155500000,0,255065000,0,62275000,0,0,0,0,105810000,0,1845000,0,152410000,0,0,0,0,0,0,83450885000,0,0,9225000,0,0,118556510000,538870000,0,0,0,0,0,0,0,9660005000,129150000,5505000,12915000,0,0,11211835000,20192805000,3915705000,0,0,0,0,21970000,12285000,0,0,13847625000,21861570000,61895000,0,0,0,39405255000,0,25830000,0,77325000,0,4192470000,0,5006595000,0,0,0,0,19048685000,0,396612800000,34855000,9225000,65550000,0,0,0,0,0,0
"PAN",0,0,0,0,0,0,0,0,0,0,0,0,0,0,0,0,0,0,0,0,0,0,0,0,0,7380000,0,0,0,0,0,0,0,0,0,0,702905000,33210000,0,0,0,0,0,0,0,0,0,0,0,0,0,0,0,0,0,0,0,0,0,0,0,0,0,0,0,0,0,0,0,0,0,0,0,0,0,0,0,0,0,0,0,0,0,0,130995000,0,0,0,0,0,0,0,0,0,0,0,0,0,0,0,0,0,0,0,0,0,0,0,0,0,0,0,0,0,0,0,0,0,0,0,0,0,0,0,0,0,0,0,0,0,0,0,0,0,0,0,0,0,0,0,0,0,0,0,0,0,0,0,0,0,0,0,0,0,0,0,1845000,0,0,0,0,0,0,0,0,0,0,0,0,0,0,0,0,0,0,0,0,0,1007370000,0,0,0,0,0,0,0,0,0,0,0,0,0,0,0,0
"CZE",1845000,0,0,0,0,0,915120000,268933130000,0,0,0,0,0,0,0,0,0,0,0,0,0,5023890000,0,0,0,34955000,0,0,0,0,0,14735000,0,0,0,0,0,0,62730000,12915000,0,213065000,0,5535000,0,0,0,0,0,2521575000,0,0,779210000,21341650000,0,0,0,0,0,3088779300000,0,249340000,0,54700000,0,0,0,0,0,0,0,0,46206965000,3230050000,3690000,0,0,0,0,142485000,44820000,58202835000,0,0,0,0,0,0,0,0,0,16605000,57195000,2901135000,0,1298880000,0,0,0,5539935000,0,0,0,0,0,0,7370000,0,0,0,0,0,0,3670000,0,0,6668465000,0,0,0,0,0,0,0,0,1083015000,0,0,0,0,0,0,0,993630450000,4033985000,0,0,0,0,0,21677765000,0,6553310000,0,0,0,0,23985000,0,0,0,2869630000,424342230000,1845000,0,0,9108765000,0,0,0,1136520000,12341450000,0,0,0,0,0,0,0,0,0,0,94095000,140220000,0,0,14671750000,964690000,865155000,0,0,0,0,0,0,0,0,0,26547760000,1982290000,141140000,1845000,0,0,0
"PNG",0,0,0,0,0,0,0,0,0,0,0,0,0,0,0,0,0,0,0,0,0,0,0,0,0,0,0,0,0,0,0,0,0,0,0,0,0,0,0,0,0,0,0,0,0,0,0,0,0,0,0,0,0,0,0,0,0,0,0,0,0,0,0,0,0,0,0,0,0,0,0,0,0,0,0,0,0,0,0,0,0,0,0,0,0,0,0,0,0,0,0,0,0,0,0,0,0,0,0,0,0,0,0,0,0,0,0,0,0,0,0,0,0,0,0,0,0,0,0,0,0,0,0,0,0,0,0,0,0,0,0,0,0,0,0,0,0,0,0,0,0,0,0,0,0,0,0,0,0,0,0,0,0,0,0,0,0,0,0,0,0,0,0,0,0,0,0,0,0,0,0,0,0,0,0,0,0,0,0,0,0,0,0,0,0,0,0,0,0,0,0,0,0,0,0
"PRY",0,0,0,43588670000,0,233800000,0,0,0,0,0,0,0,0,0,0,1743977020000,0,0,0,0,0,0,0,16716700000,20225000,0,0,39759360000,0,0,0,202031590000,0,13456860000,0,0,0,0,0,0,0,0,0,0,0,0,0,0,0,0,0,0,0,0,0,0,0,0,0,0,0,0,0,0,0,0,0,0,0,0,0,0,0,0,0,0,0,0,0,0,0,0,0,0,0,0,0,117162190000,0,0,0,0,0,0,0,0,0,47625060000,0,0,0,0,0,0,5.845e+09,0,0,0,0,0,148252580000,0,0,0,0,0,0,0,0,0,0,0,0,0,0,0,0,0,0,0,0,0,0,0,0,0,0,0,0,42072310000,1.002e+10,0,0,0,0,0,0,0,0,0,0,0,0,0,0,45950000,0,0,0,0,0,0,0,0,32534940000,0,63700000,0,0,0,0,171442200000,120777740000,4.4255e+10,0,0,0,64575000,3423500000,49600450000,0,0,0,0,110098090000,0,0,0,0,0,0,0,0,0
"PER",0,0,0,0,0,0,7380000,0,38745000,0,0,0,0,0,17322320000,0,1285705000,0,0,0,0,0,0,0,0,7205000,0,0,0,0,114356585000,53505000,36369020000,0,0,0,3649410000,57195000,0,0,0,0,0,1610425000,0,50679220000,0,209260000,0,0,0,0,0,3690000,0,0,0,0,0,0,0,0,0,0,0,0,3080980000,0,0,65717545000,57195000,0,0,0,0,0,0,0,0,0,0,35850000,0,0,77490000,245820000,0,0,0,0,0,0,0,0,0,0,0,0,0,0,0,0,0,0,0,0,0,0,0,138375000,0,0,0,0,0,0,138295000,0,0,0,0,86715000,1611290000,0,0,1845000,0,13862470000,0,0,0,0,0,0,0,0,0,0,0,0,0,0,0,0,0,0,0,0,0,0,0,0,0,0,0,0,413675000,195100000,0,0,3690000,3690000,0,0,0,0,0,0,0,127305000,0,0,0,0,0,0,0,0,4833935000,0,0,0,2010720000,0,0,0,0,0,1845000,0,0,0,0,0,0
"PHL",0,0,0,0,0,0,1440035000,3670000,0,285830000,0,14680000,0,0,0,0,0,0,0,12915000,218865000,0,0,0,0,3169720000,0,0,0,0,0,1030305000,0,0,0,0,0,0,73490000,0,0,55350000,0,0,0,0,0,0,0,0,0,11070000,0,40390000,89725000,0,0,0,0,22020000,0,23985000,7360000,33775000,0,0,0,0,0,0,0,1720155000,0,0,0,9225000,31365000,0,0,9195000,128540000,425220000,0,0,0,2299875000,51380000,0,0,16515000,0,3835295000,799370000,0,0,198260000,0,0,0,0,82405000,0,0,1035295000,92700000,0,3690000,0,0,0,25275000,0,0,0,0,3690000,471135000,0,0,0,76230000,526900000,0,0,0,139640000,0,3670000,0,326950000,0,0,0,0,0,0,0,0,797820000,0,0,0,3670000,0,0,0,0,3008505000,0,0,18450000,0,0,8.64e+08,0,38745000,120775000,0,0,0,20195000,45885000,0,0,3110930000,12915000,52177390000,0,9225000,0,67495000,0,0,3231305000,0,0,866240000,0,13985110000,0,0,0,0,5838645000,0,16595000,0,0,46030000,0,0,0,0,0,0
"POL",108715000,0,258300000,228825000,0,422255000,1814330000,22721430000,0,1845000,0,45657800000,0,0,0,0,56025120000,0,0,0,5535000,13460265000,0,0,223245000,3305220000,0,0,0,0,17895000,933755000,0,0,0,0,0,4.2251e+10,178880000,2880080000,0,32594055000,0,0,7719855000,0,102429130000,0,0,7658130000,1845000,0,9927635000,103892150000,0,0,35055000,0,0,2278247340000,940950000,0,0,3531965000,0,0,0,0,0,0,0,788460000,65976855000,9663285000,1384715000,1481535000,1752660000,154980000,149445000,36176330000,3268480000,17304535000,0,3691165000,0,1632825000,130835000,12915000,0,0,0,1674765000,4136490000,17446940000,0,1127810000,0,0,1153125000,101640795000,0,0,0,232470000,0,0,191880000,42205000,0,0,143870000,58959195000,0,726730000,0,0,127039390000,0,0,92250000,0,290730000,0,1845000,34837250000,94671505000,3690000,0,160242285000,6863220000,0,0,861185000,0,36255910000,0,0,0,31365000,0,33398975000,0,23536505000,0,0,0,0,98011910000,0,31365000,0,5244170000,9.5717e+10,563360000,0,1004705000,126206420000,0,5535000,0,48938025000,3710210000,20295000,862470000,607005000,0,9225000,0,0,1605915000,31365000,0,9800665000,2797735000,0,0,107219500000,13440285000,13990375000,0,0,51660000,0,989415000,0,258300000,0,0,62591785000,293355000,2997890000,123615000,0,0,42435000
"PRT",46770000,0,62730000,370655000,0,0,275020000,249075000,0,1845000,0,0,0,0,0,89915000,1360350000,0,0,0,0,44415000,9225000,0,9225000,1349935000,7730780000,0,0,0,278595000,279790000,36900000,0,22140000,0,0,25700000,507750000,70110000,0,1015905000,22410000,639795000,0,0,0,0,140040000,0,0,0,392385000,21074770000,0,3690000,14760000,7380000,36900000,15859360000,0,35055000,0,829455000,0,0,0,0,0,3690000,9225000,464940000,335910000,7380000,0,40590000,0,0,9225000,4239300000,1549560000,7031255000,60885000,0,0,2918790000,0,0,0,16605000,0,59040000,1845000,0,0,16605000,0,0,183390000,0,65135000,22140000,0,0,0,0,51060000,1845000,101475000,192240000,9225000,328585000,2226375000,0,12845000,9225000,2504230000,0,0,0,0,53505000,0,0,0,49815000,0,9225000,55530000,0,22140000,6780000,92250000,1497345000,0,4507130000,82075000,0,0,0,107100000,0,863460000,0,0,0,17624175000,95940000,59040000,20275000,0,54150000,39150000,134685000,0,1003250000,331316255000,57195000,0,0,119370000,1815035000,32610000,0,23385000,18450000,31365000,100975000,0,78735000,42435000,0,42525000,82825000,0,0,3371080000,225120000,2742615000,0,95940000,0,43125000,35055000,0,0,51630000,22140000,2105620000,1613105000,0,0,0,0,0
"GNB",0,0,0,0,0,0,0,0,0,0,0,0,0,0,0,0,0,0,0,0,0,0,0,0,0,0,0,0,0,0,0,0,0,0,0,0,0,0,0,0,0,0,0,0,0,0,0,0,0,0,0,0,0,0,0,0,0,0,0,0,0,0,0,0,0,0,0,0,0,0,0,0,0,0,0,0,0,0,0,0,0,0,0,0,0,0,0,0,0,0,0,0,0,0,0,0,0,0,0,0,0,0,0,0,0,0,0,0,0,0,0,0,0,0,0,0,0,0,0,0,0,0,0,0,0,0,0,0,0,0,0,0,0,0,0,0,0,0,0,0,0,0,0,0,0,0,0,0,0,0,0,0,0,0,0,0,0,0,0,0,0,0,0,0,0,0,0,0,0,0,0,0,0,0,0,0,0,0,0,0,0,0,0,0,0,0,0,0,0,0,0,0,0,0,0
"TLS",0,0,0,0,0,0,0,0,0,0,0,0,0,0,0,0,0,0,0,0,0,0,0,0,0,0,0,0,0,0,0,0,0,0,0,0,0,0,0,0,0,0,0,0,0,0,0,0,0,0,0,0,0,0,0,0,0,0,0,0,0,0,0,0,0,0,0,0,0,0,0,0,0,0,0,0,0,0,0,0,0,0,0,0,0,0,0,0,0,0,0,0,0,0,0,0,0,0,0,0,0,0,0,0,0,0,0,0,0,0,0,0,0,0,0,0,0,0,0,0,0,0,0,0,0,0,0,0,0,0,0,0,0,0,0,0,0,0,0,0,0,0,0,0,0,0,0,0,0,0,0,0,0,0,0,0,0,0,0,0,0,0,0,0,0,0,0,0,0,0,0,0,0,0,0,0,0,0,0,0,0,0,0,0,0,0,0,0,0,0,0,0,0,0,0
"ERI",0,0,0,0,0,0,0,0,0,0,0,0,0,0,0,0,0,0,0,0,0,0,0,0,0,0,0,0,0,0,0,0,0,0,0,0,0,0,0,0,0,0,0,0,0,0,0,0,0,0,0,0,0,0,0,0,0,0,0,0,0,0,0,0,0,0,0,0,0,0,0,0,0,0,0,0,0,0,0,0,0,0,0,0,0,0,0,0,0,0,0,0,0,0,0,0,0,0,0,0,0,0,0,0,0,0,0,0,0,0,0,0,0,0,0,0,0,0,0,0,0,0,0,0,0,0,0,0,0,0,0,0,0,0,0,0,0,0,0,0,0,0,0,0,0,0,0,0,0,0,0,0,0,0,0,0,0,0,0,0,0,0,0,0,0,0,0,0,0,0,0,0,0,0,0,0,0,0,0,0,0,0,0,0,0,0,0,0,0,0,0,0,0,0,0
"QAT",0,0,0,0,0,0,0,0,0,0,0,0,0,0,0,0,0,0,0,0,0,0,0,0,0,0,0,0,0,0,0,0,0,0,0,0,0,0,0,0,0,0,0,0,0,0,0,0,0,0,0,0,0,0,0,0,0,0,0,0,0,0,0,0,0,0,0,0,0,0,0,0,0,0,0,0,0,0,0,0,0,0,0,0,0,0,0,0,0,0,0,0,0,0,0,0,0,0,0,0,0,0,0,0,0,0,0,0,0,0,0,0,0,0,0,0,0,0,0,0,0,0,0,0,0,0,0,0,0,0,0,0,0,0,0,0,0,0,0,0,0,0,0,0,0,0,0,0,0,0,0,0,0,0,0,0,0,0,0,0,0,0,0,0,0,0,0,0,0,0,0,0,0,0,0,0,0,0,0,0,0,0,0,0,0,0,0,0,0,0,0,0,0,0,0
"ZWE",0,0,0,0,0,0,0,0,0,0,0,0,0,0,0,896670000,0,0,0,0,0,0,0,0,0,0,0,0,0,0,0,0,0,0,0,0,0,0,0,0,0,0,0,0,0,0,0,0,0,0,0,0,0,0,0,0,0,0,0,0,0,0,0,0,0,0,0,0,0,0,0,0,0,0,0,0,0,0,0,0,0,0,0,0,0,0,0,0,0,0,0,0,0,0,0,0,0,0,0,0,0,0,49140000,0,0,0,0,0,0,0,0,0,400355000,0,11070000,0,0,0,0,0,0,0,0,0,0,0,0,0,0,0,0,0,0,0,0,0,0,0,0,0,0,0,0,0,0,0,0,0,0,0,0,0,0,0,0,726755000,0,0,0,0,0,0,0,0,0,0,0,0,0,0,0,0,0,0,0,0,7380000,0,0,0,0,0,0,0,0,0,0,1022130000,0,0,0,0,0,0,0
"ROU",17752100000,0,13140620000,822870000,0,0,146870000,41511330000,0,3690000,0,355801850000,0,0,0,0,12915000,0,0,0,0,45161180000,0,0,0,382935000,0,0,0,0,0,57195000,0,0,495450000,0,0,0,45611420000,12915000,99090000,4676895000,0,0,297460000,0,325156015000,0,0,236160000,0,0,171585000,85155390000,0,0,30940445000,0,0,226170535000,426195000,629145000,0,209606740000,0,0,0,0,0,0,0,44280000,69443960000,1824170000,0,8551975000,0,0,61474230000,208630000,215950750000,962972470000,0,0,0,79335000,167784890000,0,0,0,5535000,271507590000,0,353640000,0,24407245000,0,0,107222860000,454855000,0,0,0,5535000,0,0,2451755000,0,12915000,143530000,0,55350000,328465000,6917605000,0,0,289689330000,0,0,1502475000,0,11070000,0,0,0,12915000,27300000,0,44301930000,0,0,0,451424380000,4474245000,56498805000,0,0,0,0,0,0,0,180620000,0,0,0,0,98779780000,2640195000,0,0,191265000,7143845000,51660000,0,126665000,1600916395000,29520000,0,0,480860000,6796900000,367072235000,0,0,0,1.2024e+11,3090000,0,71795000,0,8076120000,229618580000,143200000,0,0,95885125000,475445000,3171350000,0,22140000,0,0,129174500000,16708350000,0,0,0,84372170000,66800000,3738650000,239850000,0,0,70110000
"RWA",0,0,0,0,0,0,0,0,0,0,0,0,0,0,0,0,0,0,0,0,0,0,0,167505000,0,0,0,0,0,0,0,0,0,0,0,0,0,0,0,0,0,0,0,0,0,0,0,0,0,0,0,0,0,0,0,0,0,0,0,0,0,0,0,0,0,0,0,0,0,0,0,0,0,0,0,0,0,0,0,0,0,0,0,0,0,0,0,0,376140000,0,0,0,0,0,0,0,0,0,0,0,0,0,0,0,0,0,0,0,0,0,0,0,0,0,0,0,0,0,0,0,0,0,0,0,0,0,0,0,0,0,0,0,0,0,0,0,0,0,0,0,0,0,0,0,0,0,0,0,0,0,0,0,0,0,0,0,0,0,0,0,0,0,0,0,0,127400000,0,0,0,0,0,0,0,2416960000,51010000,0,30940000,0,0,0,0,0,0,0,0,0,16336685000,0,0,0,0,0,0,0,0
"RUS",860501560000,62759060000,602841330000,0,0,0,432160000,59290010000,0,5535000,0,417910820000,0,0,0,0,48234065000,0,0,0,0,311805000,0,0,0,502330000,0,0,8613860000,2391440000,0,3234140000,0,0,4.175e+09,0,0,160883630000,65955480000,1149179915000,0,1813325000,0,0,0,17117500000,16107295610000,0,0,1220910000,0,0,5460000,1845000,0,545617390000,1111024070000,0,81900000,4290100000,0,0,0,340228135000,0,0,0,0,0,0,0,49815000,0,0,2012350000,6695030000,120665170000,654726100000,1076198650000,0,1634755855000,859166570000,0,36659695000,0,84810895000,1054121225000,72673280000,1623120450000,0,117174900000,116004820000,9225000,130949055000,0,719139090000,0,163800000,1094789110000,8186890000,0,0,0,12221060000,0,0,0,147653050000,0,0,330040950000,232641020000,226722890000,27039120000,0,0,107128600000,0,0,0,0,1845000,42835500000,0,57206200000,65018260000,1845000,0,208460000,0,0,255309600000,38400180000,5930265000,74260940000,0,0,120517220000,35077380000,33044290000,0,22730370000,0,0,0,0,0,246885045000,17899060000,0,3.34e+09,0,204795000,3013400000,0,238467650000,642369715000,0,83379640000,0,0,17728720000,711238460000,58139935000,8904330000,653557840000,207958810000,0,0,0,177302755000,970901950000,5932181630000,542567805000,137043540000,0,88535000,109306835000,5146185000,0,0,128793060000,0,20120325000,655050820000,1692492260000,14056390000,0,21940000,0,6523920000,0,0,0,3909360000
"KNA",0,0,0,0,0,0,0,0,0,0,0,0,0,0,0,0,0,0,0,0,0,0,0,0,0,0,0,0,0,0,0,0,0,0,0,0,0,0,0,0,0,0,0,0,0,0,0,0,0,0,0,0,0,0,0,0,0,0,0,0,0,0,0,0,0,0,0,0,0,0,0,0,0,0,0,0,0,0,0,0,0,0,0,0,0,0,0,0,0,0,0,0,0,0,0,0,0,0,0,0,0,0,0,0,0,0,0,0,0,0,0,0,0,0,0,0,0,0,0,0,0,0,0,0,0,0,0,0,0,0,0,0,0,0,0,0,0,0,0,0,0,0,0,0,0,0,0,0,0,0,0,0,0,0,0,0,0,0,0,0,0,0,0,0,0,0,0,0,0,0,0,0,0,0,0,0,0,0,0,0,0,0,0,0,0,0,0,0,0,0,0,0,0,0,0
"LCA",0,0,0,0,0,0,0,0,0,0,0,0,0,0,0,0,0,0,0,0,0,0,0,0,0,0,0,0,0,0,0,0,0,0,0,0,0,0,0,0,0,0,0,0,0,0,0,0,0,0,0,0,0,0,0,0,0,0,0,0,0,0,0,0,0,0,0,0,0,0,0,0,0,0,0,0,0,0,0,0,0,0,0,0,0,0,0,0,0,0,0,0,0,0,0,0,0,0,0,0,0,0,0,0,0,0,0,0,0,0,0,0,0,0,0,0,0,0,0,0,0,0,0,0,0,0,0,0,0,0,0,0,0,0,0,0,0,0,0,0,0,0,0,0,0,0,0,0,0,0,0,0,0,0,0,0,0,0,0,0,0,0,0,0,0,0,0,0,0,0,0,0,0,0,0,0,0,0,0,0,0,0,0,0,0,0,0,0,0,0,0,0,0,0,0
"VCT",0,0,0,0,4014920000,0,0,0,0,0,1527005000,0,0,0,0,0,0,0,0,0,0,0,0,0,0,0,0,0,0,0,0,0,0,0,0,0,0,0,0,0,0,0,2984800000,0,0,0,0,0,0,0,0,0,0,0,0,0,0,0,0,0,0,0,0,0,0,1135680000,0,0,0,40040000,0,0,0,0,0,0,0,0,0,0,0,0,0,0,0,0,0,0,0,0,0,0,0,0,0,0,0,0,0,0,0,0,0,0,0,0,0,0,0,0,0,0,0,0,0,0,0,0,0,0,0,0,0,0,0,0,0,0,0,0,0,0,0,0,0,0,0,0,0,0,0,0,0,2497040000,9788080000,0,0,0,0,0,0,0,0,0,0,0,0,275550000,0,0,0,0,0,0,0,0,0,0,0,0,0,0,0,0,0,0,0,0,0,0,0,0,0,0,0,0,0,0,0,0,0,0,0,0,0
"STP",0,0,0,0,0,0,0,0,0,0,0,0,0,0,0,0,0,0,0,0,0,0,0,0,0,0,0,0,0,0,0,0,0,0,0,0,0,0,0,0,0,0,0,0,0,0,0,0,0,0,0,0,0,0,0,0,0,0,0,0,0,0,0,0,0,0,0,0,0,0,0,0,0,0,0,0,0,0,0,0,0,0,0,0,0,0,0,0,0,0,0,0,0,0,0,0,0,0,0,0,0,0,0,0,0,0,0,0,0,0,0,0,0,0,0,0,0,0,0,0,0,0,0,0,0,0,0,0,0,0,0,0,0,0,0,0,0,0,0,0,0,0,0,0,0,0,0,0,0,0,0,0,0,0,0,0,0,0,0,0,0,0,0,0,0,0,0,0,0,0,0,0,0,0,0,0,0,0,0,0,0,0,0,0,0,0,0,0,0,0,0,0,0,0,0
"SAU",0,0,0,0,0,0,0,0,0,0,0,0,0,0,0,0,0,0,0,0,0,0,0,0,0,0,0,0,0,0,0,0,0,0,0,0,0,0,0,0,0,0,0,0,0,0,0,0,0,0,0,0,0,0,0,0,0,0,0,0,0,0,0,0,0,0,0,0,0,0,0,0,0,0,0,0,0,0,0,0,0,0,0,0,0,0,0,0,0,0,0,0,0,0,0,0,0,0,0,0,0,0,0,0,0,0,0,0,0,0,0,0,0,0,0,0,0,0,0,0,0,0,0,0,0,0,0,0,0,0,0,0,0,0,0,0,0,0,0,0,0,0,0,0,0,0,0,0,0,0,0,0,0,0,0,0,0,0,0,0,0,0,0,0,0,0,0,0,0,0,0,0,0,0,0,0,0,0,0,0,0,0,0,0,0,0,0,0,0,0,0,0,0,0,0
"SEN",0,0,0,0,0,0,0,0,0,0,0,0,0,0,0,0,249075000,0,0,0,0,0,0,0,0,0,0,0,0,0,0,0,0,0,5505000,0,0,0,0,0,1199380000,0,0,0,0,0,0,0,0,0,0,0,0,190150000,0,0,0,12915000,5599750000,0,0,20295000,0,44280000,0,0,0,2031160000,0,0,0,0,0,0,0,0,0,0,0,0,0,35055000,62610000,0,0,0,0,0,0,0,0,0,0,0,0,0,0,9225000,0,0,0,0,0,0,0,44091535000,0,721325000,0,0,0,0,0,0,0,0,0,0,0,0,0,0,0,1993940000,0,0,0,0,0,0,0,0,0,0,0,4188810000,0,0,0,0,0,0,0,0,0,0,0,51750000,0,0,332795000,0,0,0,0,0,29520000,0,0,0,0,5010000,0,0,0,0,0,62730000,0,0,0,0,0,0,0,0,391980000,0,0,9407650000,0,0,0,0,0,0,0,0,0,0,0,0,0,0,0
"SYC",0,0,0,0,0,0,0,0,0,0,0,0,0,0,0,0,0,0,0,0,0,0,0,0,0,0,0,0,0,0,0,0,0,0,0,0,0,0,0,0,0,0,0,0,0,0,0,0,0,0,0,0,0,0,0,0,0,0,0,0,0,0,0,0,0,0,0,0,0,0,0,0,0,0,0,0,0,0,0,0,0,0,0,0,0,0,0,0,0,0,0,0,0,0,0,0,0,0,0,0,0,0,0,0,0,0,0,0,0,0,0,0,0,0,0,0,0,0,0,0,0,0,0,0,0,0,0,0,0,0,0,0,0,0,0,0,0,0,0,0,0,0,0,0,0,0,0,0,0,0,0,0,0,0,0,0,0,0,0,0,0,0,0,0,0,0,0,0,0,0,0,0,0,0,0,0,0,0,0,0,0,0,0,0,0,0,0,0,0,0,0,0,0,0,0
"SLE",0,0,0,0,0,0,0,0,0,0,0,0,0,0,0,0,0,0,0,0,0,0,0,0,0,0,0,0,0,0,0,0,0,0,0,0,0,0,0,0,0,0,0,0,0,0,0,0,0,0,0,0,0,0,0,0,0,0,0,0,0,0,0,0,0,0,0,0,0,0,0,0,0,0,0,0,0,0,0,0,0,0,0,0,0,0,0,0,0,0,0,0,0,0,0,0,0,0,0,0,0,0,0,0,0,0,0,0,0,0,0,0,0,0,0,0,0,0,0,0,0,0,0,0,0,0,0,0,0,0,0,0,0,0,0,0,0,0,0,0,0,0,0,0,0,0,0,0,0,0,0,0,0,0,0,0,0,0,0,0,0,0,0,0,0,0,0,0,0,0,0,0,0,0,0,0,0,0,0,0,0,0,0,0,0,0,0,0,0,0,0,0,0,0,0
"SVN",0,0,37925000,0,0,0,0,8501295000,0,0,0,0,0,0,0,0,0,0,0,0,0,112055000,0,0,0,280730000,0,0,0,0,0,0,0,0,0,0,0,0,0,23985000,0,12845000,0,0,0,0,0,0,0,0,0,0,0,414400000,0,0,5535000,0,0,1487110000,2500980000,0,0,11205000,0,0,0,0,0,14665000,0,0,9163935000,21375170000,0,0,0,0,0,0,10170645000,81599915000,0,16605000,0,0,192675000,0,0,0,0,0,0,0,0,0,0,0,0,1245000,0,0,0,0,0,0,0,0,0,0,0,0,0,22020000,0,0,34985000,0,0,314905000,0,0,0,0,0,0,0,0,121180000,0,0,0,0,1845000,0,0,0,0,0,0,3340000,0,309820000,0,0,0,0,0,0,0,0,0,59965000,0,0,0,1820000,0,0,0,350930000,0,0,0,0,0,60899020000,0,0,0,0,0,0,1835000,0,0,51660000,0,564565000,0,0,0,0,0,0,0,0,0,3073770000,0,489270000,76920000,0,0,0
"SVK",0,0,0,0,0,0,1845000,235456145000,0,0,0,0,0,0,0,0,0,0,0,0,0,1185080000,0,0,0,22070000,0,0,0,0,0,81925000,0,0,0,0,0,0,255070000,0,0,247910000,0,0,233790000,0,0,0,0,0,0,0,0,42315000,0,0,31730000,0,0,122601920000,0,0,0,1845000,0,0,0,0,0,0,0,0,508332185000,1451585000,0,0,0,0,0,158040000,1845000,78029115000,0,0,0,0,0,0,0,0,0,0,0,313835000,0,0,0,0,33210000,328645000,0,0,0,0,0,0,0,0,0,0,0,0,0,65520000,0,0,4595365000,0,0,0,0,0,0,0,0,1845000,0,0,207588065000,0,0,0,0,286930580000,953570000,0,0,0,0,0,12196010000,0,141775000,0,0,0,0,0,0,0,0,5141280000,0,0,0,0,12018800000,0,0,0,3690000,1676680000,0,0,0,0,0,0,0,0,0,0,8350000,0,0,0,321500000,62510000,104815000,0,0,0,0,0,0,0,0,0,90355000,0,1845000,0,0,0,0
"SGP",0,1845000,0,0,0,0,3290720000,1845000,0,658075000,0,143390000,0,0,0,0,0,0,0,114380000,9551400000,0,2226050000,0,0,1383730000,0,0,402525000,0,0,2116575000,0,25830000,0,0,0,0,204495000,14760000,36900000,14760000,0,0,0,0,103270000,0,0,0,0,18450000,12915000,314870000,887395000,0,0,0,0,680675000,0,0,3690000,293355000,0,0,0,27675000,0,0,0,3302435000,0,0,0,971165000,35806005000,0,0,11070000,38745000,27645000,1845000,260145000,0,8796880000,315270000,0,71880000,1840755000,59040000,18283345000,1136460000,1845000,0,202910000,0,0,5535000,20295000,1835000,194420000,0,67130525000,9233455000,0,1845000,0,820880000,0,116160000,0,0,0,0,0,988590000,0,265680000,0,785095000,228640000,0,0,14760000,16605000,74755000,0,0,2441065000,0,33210000,3367020000,7380000,3670000,0,71760000,0,544275000,0,0,0,114320000,0,0,0,0,1433555000,0,594220000,0,0,0,0,0,112415000,616230000,0,0,0,90045000,14750000,29520000,0,3476800000,38220000,71968220000,27675000,0,0,292680000,23985000,14760000,2538895000,0,0,2076840000,0,8349240000,0,0,36900000,0,2697725000,0,12915000,0,0,5535000,0,0,0,0,0,0
"SOM",0,0,0,0,0,0,0,0,0,0,0,0,0,0,0,0,0,0,0,0,0,0,0,0,0,0,0,0,0,0,0,0,0,0,0,0,0,0,0,0,0,0,0,0,0,0,0,0,0,0,0,0,0,0,0,0,0,0,0,0,0,0,0,0,0,0,0,0,0,0,0,0,0,0,0,0,0,0,0,0,0,0,0,0,0,0,0,0,0,0,0,0,0,0,0,0,0,0,0,0,0,0,0,0,0,0,0,0,0,0,0,0,0,0,0,0,0,0,0,0,0,0,0,0,0,0,0,0,0,0,0,0,0,0,0,0,0,0,0,0,0,0,0,0,0,0,0,0,0,0,0,0,0,0,0,0,0,0,0,0,0,0,0,0,0,0,0,0,0,0,0,0,0,0,0,0,0,0,0,0,0,0,0,0,0,0,0,0,0,0,0,0,0,0,0
"ZAF",0,0,0,0,0,0,1414360000,0,0,6180000,0,116480000,0,0,0,0,0,0,0,0,0,0,0,0,0,285600000,0,0,1245000,0,0,1245000,0,5535000,3690000,0,0,0,21540000,0,1845000,3690000,0,0,0,0,0,0,0,0,0,0,0,417760000,0,0,0,0,0,1820000,0,1297600000,9100000,0,0,0,0,118080000,0,0,0,0,0,0,0,3690000,0,0,0,11115000,365955000,0,0,0,0,0,0,0,197430000,0,0,0,0,0,0,0,0,3690000,0,0,0,2732385000,3047180000,91330000,0,0,0,1845000,1576140000,0,0,0,14684140000,0,0,0,7280000,0,0,0,0,212940000,0,0,177520000,0,0,0,0,3090000,0,0,0,0,1245000,0,0,0,32055000,285444050000,0,0,0,0,0,0,0,1820000,0,807950000,0,0,0,13560000,25830000,0,1845000,0,0,0,1670000,1835000,0,0,220440000,2530640000,0,0,0,0,0,0,0,653905000,9441435000,0,499015000,0,299195000,0,0,0,0,0,1845000,0,5902985000,41756315000,0,0,0,0,0,0,0
"ESP",4980000,489965000,5722755000,101641510000,0,42415000,4629080000,5461955000,0,250920000,0,0,0,0,0,0,1348990000,0,0,0,0,1311680000,0,0,10710120000,9393190000,348485000,0,0,0,1254660000,5827280000,465315000,1845000,123615000,0,51660000,4189275000,1086835000,75645000,62730000,5710645000,0,4112470000,0,410575000,633005000,0,21144460000,810420000,0,0,5460495000,452727275000,23985000,14760000,9225000,849965000,1170750000,63074180000,545155000,125460000,0,15108890000,0,0,69540000,194495000,0,224445000,9225000,666610000,662160000,970605000,174580000,293795000,5621185000,142065000,116235000,5765325000,6122790000,242548065000,3851145000,267745000,0,1573285000,991110000,0,0,0,0,1038595000,780375000,631945000,0,4299605000,0,42435000,38893665000,106540000,7340000,567840000,0,93445000,71955000,20733440000,886815000,8341895000,297045000,3375350000,66420000,13631385000,18430000,7380000,0,173300000,15874180000,0,121770000,115815000,0,121770000,3690000,53505000,95940000,10898020000,35055000,1377870000,4900850000,0,1845000,51500000,170565000,7436860000,1320436045000,183275000,0,0,130845000,0,3711995000,0,1133935000,0,0,0,190035000,22778430000,12387455000,0,0,771210000,1683885000,112545000,0,525825000,0,27675000,0,0,25345345000,5619700000,168570000,16605000,27675000,0,587370000,11070000,0,426195000,52280000,256753200000,24081235000,2385300000,0,0,165876550000,1933320000,25675940000,104675000,159360000,0,294620000,361620000,1845000,46125000,254610000,0,89171190000,228050000,39390000,4935000,0,0,0
"SUR",0,0,0,0,0,0,0,0,0,0,161980000,0,0,0,0,0,0,0,0,0,0,0,0,0,0,0,0,0,0,0,0,0,0,0,0,0,0,0,0,0,0,0,187460000,0,0,0,0,0,0,0,0,0,0,1820000,0,0,0,0,0,1820000,0,0,0,0,0,0,0,0,361885000,116480000,0,0,0,0,0,1820000,0,0,0,0,0,0,0,0,0,0,0,0,0,0,0,0,0,0,0,0,0,0,0,0,0,0,0,0,0,0,0,0,0,0,0,0,0,0,0,0,97050000,0,0,0,0,0,0,0,0,0,0,0,0,0,0,0,0,0,0,0,0,0,0,0,0,0,0,0,0,0,0,0,0,0,0,0,0,0,0,0,0,0,0,0,0,0,0,0,0,0,0,0,0,12740000,0,0,0,0,0,0,0,0,1049620000,0,0,0,0,0,0,0,0,0,0,0,0,0,0,0,0
"TJK",0,0,0,0,0,0,0,0,0,0,0,0,0,0,0,0,0,0,0,0,0,0,0,0,0,0,0,0,0,0,0,0,0,0,0,0,0,0,0,0,0,0,0,0,0,0,0,0,0,0,0,0,0,0,0,0,0,0,0,0,0,0,0,0,0,0,0,0,0,0,0,0,0,0,0,0,0,0,0,0,0,0,0,0,0,0,0,0,0,0,0,0,0,0,0,0,0,0,0,0,0,0,0,0,0,0,0,0,0,0,0,0,0,0,0,0,0,0,0,0,0,0,0,0,0,0,0,0,0,0,0,0,0,0,0,0,0,0,0,0,0,0,0,0,0,0,0,0,0,0,0,0,0,0,0,0,0,0,0,0,0,0,0,0,0,0,0,0,0,0,0,0,0,0,0,0,0,0,0,0,0,0,0,0,0,0,0,0,0,0,0,0,0,0,0
"SWZ",0,0,0,0,0,0,0,0,0,0,0,0,0,0,0,0,0,0,0,0,0,0,0,0,0,0,0,0,0,0,0,0,0,0,0,0,0,0,0,0,0,0,0,0,0,0,0,0,0,0,0,0,0,0,0,0,0,0,0,0,0,0,0,0,0,0,0,0,0,0,0,0,0,0,0,0,0,0,0,0,0,0,0,0,0,0,0,0,0,0,0,0,0,0,0,0,0,0,0,0,0,0,0,0,0,0,0,0,0,0,0,0,0,0,0,0,0,0,0,0,0,0,0,0,0,0,0,0,0,0,0,0,0,0,0,0,0,0,0,0,0,0,0,0,0,0,0,0,0,0,0,0,0,0,0,0,0,0,0,0,0,0,0,0,0,0,0,0,0,0,0,0,0,0,0,0,0,0,0,0,0,0,0,0,0,0,0,0,0,0,0,0,0,0,0
"SWE",3690000,0,0,1.1022e+10,0,0,1047235000,3559900000,0,0,0,3690000,0,0,0,0,14160000,0,0,0,0,85640000,0,0,0,2270735000,0,0,0,0,27675000,1793910000,0,0,0,0,0,0,40035000,4750000,0,562225965000,0,0,44325000,0,0,0,0,2934060000,171810000,0,78851095000,20856490000,0,0,0,0,0,255230105000,0,0,0,721440000,0,0,0,0,0,0,0,339635000,759805000,90750000,28201410000,0,20295000,0,1245000,303830000,203130000,9349875000,0,0,0,1407105000,0,0,0,0,0,101475000,14760000,348665000,0,5535000,0,0,34652500000,2566940000,0,0,0,241820000,0,0,148845000,0,0,0,0,85964920000,0,0,0,0,72638140000,0,7380000,0,0,14760000,0,0,0,231697400000,0,0,1987210000,0,0,0,0,32380825000,6636955000,0,0,0,0,0,734890000,0,3494080000,0,0,0,0,51284130000,0,0,0,376380000,420865000,443670000,0,0,252613795000,0,0,0,0,3879910000,0,0,420900000,0,108315000,0,0,0,0,44672500000,553170000,299020000,0,0,12435860000,469940000,11955290000,0,0,0,0,0,0,0,0,0,12885245000,147690000,0,0,0,0,0
"CHE",0,0,0,0,0,1670000,134685000,54883740000,0,27675000,0,0,0,0,0,0,23985000,0,0,0,0,1820000,0,0,1835000,890205000,0,0,0,0,0,154980000,0,0,0,0,3690000,0,0,0,0,1601485000,0,0,0,0,1845000,0,0,0,0,0,389120000,21270760000,0,0,0,0,0,96302555000,0,0,0,0,0,0,0,0,0,0,0,121310000,539115000,42435000,0,7380000,22140000,11070000,0,27675000,142065000,9354840000,0,0,0,515705000,0,0,0,1845000,25830000,18450000,70110000,0,0,0,0,0,0,3665000,3690000,0,0,7380000,0,0,0,0,0,0,0,12915000,0,5460000,0,0,1746040000,0,0,0,0,0,0,0,0,449435000,0,0,1891095000,0,0,0,14700000,431755000,392790000,0,0,0,22140000,0,0,0,64575000,0,0,0,0,123615000,54625000,0,0,33210000,77490000,86695000,0,22290000,952915000,0,0,0,1756200000,0,5535000,0,16605000,5535000,86615000,0,0,0,0,2490000,37965000,230625000,0,0,2756840000,16700000,1997835000,0,0,0,0,5535000,0,0,0,0,1511350000,179920000,44280000,0,0,0,0
"SYR",0,0,0,330255000,0,0,97785000,0,0,197415000,0,0,0,0,0,0,0,0,0,0,0,0,0,0,0,383100000,0,0,0,0,0,0,0,0,0,0,0,0,22140000,0,0,0,0,0,0,0,455715000,0,0,0,0,0,0,57195000,0,424350000,0,0,0,145755000,0,0,0,0,0,0,0,0,0,0,0,0,0,0,0,0,0,0,32682385000,0,0,0,0,0,0,0,13569975000,0,0,0,5.01e+10,0,666045000,0,0,4708885000,0,0,404055000,0,0,0,0,0,0,88560000,0,0,0,0,0,0,0,0,0,0,0,0,0,0,0,0,0,0,0,0,0,0,0,0,0,0,0,0,0,0,0,0,160515000,0,62730000,0,0,0,0,0,0,4695525000,0,0,0,0,0,0,0,0,0,0,0,0,84870000,0,0,0,0,0,0,0,0,70110000,0,201105000,66420000,441630000,0,0,47970000,0,247230000,0,0,0,0,0,0,5519130000,0,0,33210000,0,0,0,0,0,0
"TKM",0,0,0,0,0,0,0,0,0,0,0,0,0,0,0,0,0,0,0,0,0,0,0,0,0,0,0,0,0,0,0,0,0,0,0,0,0,0,0,0,0,0,0,0,0,0,0,0,0,0,0,0,0,0,0,0,0,0,0,0,0,0,0,0,0,0,0,0,0,0,0,0,0,0,0,0,0,0,0,0,0,0,0,0,0,0,0,0,0,0,0,0,0,0,0,0,0,0,0,0,0,0,0,0,0,0,0,0,0,0,0,0,0,0,0,0,0,0,0,0,0,0,0,0,0,0,0,0,0,0,0,0,0,0,0,0,0,0,0,0,0,0,0,0,0,0,0,0,0,0,0,0,0,0,0,0,0,0,0,0,0,0,0,0,0,0,0,0,0,0,0,0,0,0,0,0,0,0,0,0,0,0,0,0,0,0,0,0,0,0,0,0,0,0,0
"TWN",0,0,0,0,0,78805000,3912690000,23260000,0,0,0,0,0,0,0,0,139255000,0,47970000,0,97785000,0,12915000,0,0,6186220000,0,0,0,0,266200000,26690585000,0,0,0,0,62730000,0,0,0,0,0,0,0,0,0,0,0,0,0,0,1845000,0,443840000,5535000,0,0,0,0,205745000,0,0,0,0,0,0,0,0,0,0,0,41501080000,1845000,0,0,0,194220000,0,0,29520000,192675000,143370000,0,0,0,2875695000,0,0,0,11050000,287635000,3551005000,0,0,0,0,0,0,0,0,384165000,5535000,0,2063380000,0,0,0,0,11070000,14760000,0,0,0,0,7380000,0,499945000,0,0,0,0,697265000,1245000,0,90405000,38675000,0,3690000,1845000,0,41805000,0,2303615000,0,1845000,0,0,0,0,0,0,0,0,0,0,0,0,27525000,0,0,0,0,0,3043455000,0,175325000,324070000,3690000,0,0,3690000,7380000,0,0,0,0,3579370000,0,1845000,82605000,0,0,0,0,0,0,746405000,0,25414720000,0,39980000,0,2490000,3366035000,0,0,0,0,55110000,0,0,0,0,0,0
"TZA",0,0,0,0,0,0,0,0,0,0,0,0,0,0,0,0,0,0,0,0,0,0,0,22734840000,0,0,0,0,0,0,0,1820000,0,1686285000,955500000,0,0,0,0,0,0,0,0,0,0,0,0,0,0,0,0,0,0,0,0,0,0,0,0,0,0,0,0,0,0,0,0,0,0,0,0,0,0,0,0,0,0,0,0,0,0,0,0,0,0,0,0,0,6895530000,0,0,0,0,0,0,0,0,0,0,0,0,0,3783640000,0,0,0,0,0,0,0,0,0,0,0,0,0,0,0,0,0,0,0,0,0,0,0,0,0,0,0,0,0,0,0,0,0,0,0,0,0,0,25203520000,0,0,0,0,0,0,0,5460000,0,0,0,0,0,10995000,0,0,0,0,0,0,0,0,0,0,0,0,0,0,0,0,0,11010000,68131225000,0,0,0,0,0,0,0,0,0,0,0,237133420000,23685000,0,0,0,0,0,0,0
"THA",0,7350000,0,9305000,0,16515000,20949870000,119375000,0,406350000,1835000,236020000,0,4980000,0,0,50390000,0,4980000,0,887115000,40370000,31882655000,0,0,23789140000,0,0,354155000,0,243195000,7185575000,38665000,0,0,0,0,0,345795000,0,91685000,907945000,1845000,0,0,0,177535000,0,0,108265000,0,12845000,545990000,11453815000,269620000,0,0,0,0,2701540000,0,5568600000,69415000,423285000,0,0,0,0,0,0,3080000,17520450000,22020000,0,365185000,1861200000,7570060000,448335000,253230000,621590000,2525675000,697065000,7310000,0,0,37801445000,438815000,0,43920000,22538300000,190840000,11138245000,547010000,23875000,35198175000,241975000,0,16095000,637330000,0,0,41680000,0,39134535000,505260000,0,36130000,0,85895000,58190000,80860000,33210000,7380000,1835000,0,40410000,17951630000,0,94865000,0,9195000,6748820000,0,0,7350000,1371170000,236040000,3670000,909710000,315820000,0,3670000,10511195000,999920000,309330000,0,0,0,460080000,0,11010000,0,250410000,11805000,0,0,0,2612270000,5505000,41225000,0,45885000,0,11261475000,0,1673800000,2129295000,45875000,0,9205000,2941725000,1993425000,389685000,0,5933015000,0,0,30785000,0,5505000,268320000,67895000,159615000,2709135000,0,0,21985530000,496495000,76134120000,0,9175000,0,5505000,12496365000,0,1835000,0,11205000,1196930000,0,3670000,0,0,0,0
"TGO",0,0,0,0,0,0,0,0,0,0,0,0,0,0,0,0,0,0,0,0,0,0,0,0,160515000,0,0,0,0,0,0,0,0,0,147600000,0,0,0,0,0,29534425000,0,0,0,0,0,0,0,0,0,0,0,0,0,0,0,0,171585000,0,0,0,2355580000,0,0,0,0,0,0,0,0,0,0,0,0,0,0,0,0,0,0,0,95420000,115605000,0,0,0,0,0,0,0,0,0,0,0,0,0,0,0,0,0,0,0,0,0,0,0,0,0,0,0,0,0,0,0,0,0,0,0,0,0,0,0,0,2761640000,156870000,0,0,0,0,0,0,0,0,0,0,0,0,0,0,0,0,0,0,0,0,0,0,0,177120000,0,0,0,0,0,0,0,0,0,0,0,0,0,0,0,0,0,0,0,0,0,0,0,0,0,0,0,0,0,0,1634760000,0,0,0,0,0,0,0,0,0,0,0,0,0,0,0
"TON",0,0,0,0,0,0,0,0,0,0,0,0,0,0,0,0,0,0,0,0,0,0,0,0,0,0,0,0,0,0,0,0,0,0,0,0,0,0,0,0,0,0,0,0,0,0,0,0,0,0,0,0,0,0,0,0,0,0,0,0,0,0,0,0,0,0,0,0,0,0,0,0,0,0,0,0,0,0,0,0,0,0,0,0,0,0,0,0,0,0,0,0,0,0,0,0,0,0,0,0,0,0,0,0,0,0,0,0,0,0,0,0,0,0,0,0,0,0,0,0,0,0,0,0,0,0,0,0,0,0,0,0,0,0,0,0,0,0,0,0,0,0,0,0,0,0,0,0,0,0,0,0,0,0,0,0,0,0,0,0,0,0,0,0,0,0,0,0,0,0,0,0,0,0,0,0,0,0,0,0,0,0,0,0,0,0,0,0,0,0,0,0,0,0,0
"TTO",0,0,0,0,1057310000,0,0,0,3690000,0,3751655000,0,0,0,0,0,0,0,62730000,0,0,0,0,0,0,142045000,0,0,0,0,0,0,0,0,0,0,0,0,0,0,0,0,88560000,356990000,0,0,0,0,0,0,0,0,0,1845000,0,0,0,0,0,0,0,0,0,0,0,1370420000,0,0,5130315000,1835000,0,0,0,0,0,7280000,0,0,0,0,0,0,0,0,13000970000,0,0,0,0,0,0,0,0,0,0,0,0,0,0,0,0,0,0,0,0,0,0,0,0,0,0,0,0,0,0,0,1845000,0,0,0,0,0,0,0,0,0,0,27675000,0,0,0,0,0,0,0,0,0,0,0,0,0,0,0,182505000,1307520000,925985000,0,0,0,0,0,0,0,0,0,0,0,3132480000,0,0,0,0,0,0,0,0,0,0,0,0,0,0,0,0,0,0,9225000,0,1186215000,0,0,0,0,0,0,0,0,0,0,0,0,0,0,0,0
"OMN",0,0,0,527070000,0,0,1077480000,0,0,5586560000,0,7380000,0,0,0,330255000,0,0,0,0,0,0,0,16605000,88560000,295200000,0,0,130440000,0,0,453870000,1.092e+09,18450000,0,0,0,0,193725000,9225000,40590000,0,0,0,0,0,5206340000,0,79335000,0,0,36900000,0,0,0,44160950000,0,53505000,208485000,0,0,559035000,0,0,0,0,0,156825000,0,0,0,18450000,0,0,0,477855000,0,53335000,1555335000,0,0,828405000,0,0,0,634130000,8559795000,0,8620085000,0,0,101475000,2075290000,0,0,400365000,0,4237965000,1339470000,0,0,3690000,0,219555000,378225000,0,0,245385000,439110000,0,0,0,0,0,42435000,31365000,0,0,0,0,36900000,579330000,0,99090000,249075000,0,1116050000,0,0,59040000,0,0,0,0,0,0,0,0,9807820000,43680000,0,0,0,0,0,0,0,15701020000,0,7380000,857925000,0,0,1132830000,253269115000,2398770000,0,29520000,0,0,0,0,2356065000,0,18450000,16074410000,0,164205000,35055000,0,0,599625000,46125000,60396185000,835810000,0,246780000,0,348705000,0,0,20295000,0,0,295200000,42839980000,0,247995000,0,0,0,0,0,0,3690000
"TUN",0,0,0,40445035000,53505000,0,11020000,0,0,768070000,0,0,0,0,0,0,0,0,0,0,0,0,0,0,11120425000,593020000,258815000,51380000,0,3666980000,0,0,0,7380000,2660605000,0,0,0,55350000,0,4653690000,0,0,0,0,0,2450120000,0,2571155000,12915000,0,0,0,5013450000,11070000,928610000,0,2895565000,115755000,86625000,0,236160000,0,0,0,0,0,255195000,0,55050000,0,0,0,0,0,0,0,0,149445000,1845000,0,951665000,2291915000,0,0,7973075000,1593010000,0,29360000,0,0,409205000,383515000,0,0,977955000,0,262725000,384548245000,0,0,0,0,138190000,0,3768135000,78905000,22234490000,110700000,9225000,0,1514945000,0,0,0,0,3690000,0,53505000,0,0,89915000,0,79133115000,0,0,0,16605000,0,0,0,0,0,0,25830000,150470000,0,0,97285000,0,1845000,5505000,14760000,0,0,0,0,271680000,8313390000,11070000,240385000,0,0,678950000,0,64225000,3690000,199260000,0,0,81180000,75645000,99110000,0,0,0,0,3545850000,0,0,0,0,62730000,1572655000,0,0,88190000,0,499020000,1290910000,0,0,239850000,0,11760935000,354240000,49545000,0,114390000,0,0,0,0,0,0
"TUR",0,2893515000,53570515000,43326650000,0,127155000,3728110000,3066640000,812905000,1275585000,353475000,275615510000,0,0,1813635000,1465520000,93870000,0,53505000,0,44280000,18925355000,0,108235000,46077480000,8723520000,1635445000,458885000,205170000,4808380000,0,8327360000,1169730000,3093010000,52605525000,0,2921485000,46108730000,39556980000,57510230000,91183045000,3000725000,131040000,4980785000,90100000,0,240514180000,83025000,1956915000,256455000,0,1294020000,23785000,7442175000,66420000,87307830000,13424225000,7812745000,148639260000,113716635000,14754845000,119613625000,81900000,1337530000,0,0,193725000,42725450000,759080000,72423275000,11312620000,6498900000,2464175000,4351775000,0,9625220000,1526315710000,2486530000,3398028205000,0,368890865000,314401720000,11009425000,2912290000,471200000,49113330000,46998205000,1235145000,82063810000,9.1e+07,0,62732620000,7314310000,302580000,0,76798080000,0,8575520000,344856095000,715860000,0,141733740000,5316345000,43817620000,19853220000,7697525000,655320000,23735200000,50384080000,1112345000,3689040000,3700940000,58050920000,2529620000,1480845000,945815000,20814040000,0,0,13977985000,444080000,406735000,196760000,54575270000,1611110000,3518330000,25791910000,1456035000,4784085000,156375000,0,0,375252865000,11914885000,1017360000,2653630000,0,9.1e+08,3217705000,15198820000,19759015000,1453320000,3323620000,0,0,0,241435000,117959605000,35955545000,664500000,13140450000,81180000,3563770000,29618015000,43689420000,28198455000,1070100000,411235000,2123280000,0,4147340000,2428860000,493698110000,15943650000,5634050000,39741060000,225924755000,113599265000,1010100000,3652025000,65188095000,178719755000,0,135430275000,5789500000,0,15558155000,1835580000,23195340000,3612600000,33210000,619395000,850545000,107426120000,5831110000,163970170000,2894045000,632060000,9396940000,0,0,0,0,0,101764545000
"ARE",0,0,0,0,0,0,0,0,0,0,0,0,0,0,0,0,0,0,0,0,0,0,0,0,0,0,0,0,0,0,0,0,0,0,0,0,0,0,0,0,0,0,0,0,0,0,0,0,0,0,0,0,0,0,0,0,0,0,0,0,0,0,0,0,0,0,0,0,0,0,0,0,0,0,0,0,0,0,0,0,0,0,0,0,0,0,0,0,0,0,0,0,0,0,0,0,0,0,0,0,0,0,0,0,0,0,0,0,0,0,0,0,0,0,0,0,0,0,0,0,0,0,0,0,0,0,0,0,0,0,0,0,0,0,0,0,0,0,0,0,0,0,0,0,0,0,0,0,0,0,0,0,0,0,0,0,0,0,0,0,0,0,0,0,0,0,0,0,0,0,0,0,0,0,0,0,0,0,0,0,0,0,0,0,0,0,0,0,0,0,0,0,0,0,0
"UGA",0,0,0,0,0,0,0,0,0,0,0,0,0,0,0,0,0,0,0,0,0,0,0,1025785000,0,0,0,0,0,0,0,0,0,0,0,0,0,0,0,0,0,0,0,0,0,0,0,0,0,0,0,0,0,0,0,0,0,0,0,30940000,0,0,0,0,0,0,0,0,0,0,0,0,0,0,0,0,0,0,0,0,0,0,0,0,0,0,0,0,11465020000,0,0,0,0,0,0,0,0,0,0,0,0,0,0,0,0,0,0,0,0,0,0,0,0,0,0,0,0,0,0,0,0,0,0,0,0,0,0,0,0,0,0,0,0,0,0,0,0,0,0,0,0,32590610000,0,0,0,0,0,0,0,0,0,0,0,0,81180000,23985000,0,0,0,0,0,0,0,0,0,186345000,0,0,0,0,0,0,0,33877760000,0,0,0,0,0,0,0,0,0,0,0,0,26698665000,0,0,0,0,0,0,0,0
"TUV",0,0,0,0,0,0,0,0,0,0,0,0,0,0,0,0,0,0,0,0,0,0,0,0,0,0,0,0,0,0,0,0,0,0,0,0,0,0,0,0,0,0,0,0,0,0,0,0,0,0,0,0,0,0,0,0,0,0,0,0,0,0,0,0,0,0,0,0,0,0,0,0,0,0,0,0,0,0,0,0,0,0,0,0,0,0,0,0,0,0,0,0,0,0,0,0,0,0,0,0,0,0,0,0,0,0,0,0,0,0,0,0,0,0,0,0,0,0,0,0,0,0,0,0,0,0,0,0,0,0,0,0,0,0,0,0,0,0,0,0,0,0,0,0,0,0,0,0,0,0,0,0,0,0,0,0,0,0,0,0,0,0,0,0,0,0,0,0,0,0,0,0,0,0,0,0,0,0,0,0,0,0,0,0,0,0,0,0,0,0,0,0,0,0,0
"GBR",1845000,2534420000,31365000,81284580000,190035000,0,26711110000,3394960000,2947155000,3743280000,375360000,25830000,0,0,46125000,311805000,3045510000,0,142065000,0,66420000,273965000,0,0,18450000,16698205000,0,0,5535000,0,347505000,1052775000,113790000,0,3690000,0,125340000,0,6387455000,129150000,433575000,72465205000,46125000,95940000,5535000,6225000,3242535000,0,0,1417305000,959835000,0,6917600000,609777385000,0,0,0,0,205105000,678827085000,46125000,5062575000,0,44616600000,0,60885000,0,0,11070000,0,0,9999030000,2456730000,556025000,28703545000,1930175000,101475000,1845000,664200000,1623844540000,593415000,276993465000,140220000,0,300735000,3677585000,2870550000,0,1048085000,3690000,0,3869615000,10217810000,231675000,0,5282550000,0,81180000,482615000,1084900000,5535000,0,0,3180755000,5535000,49800000,4978485000,28691300000,1.41e+08,961245000,5535000,144262215000,1845000,0,0,538740000,2665290970000,0,0,0,0,2123480000,0,0,4873280000,25679130000,561285000,350550000,4160340000,1845000,5535000,6780000,84278955000,35302210000,705374450000,0,0,0,3399060000,0,322370000,0,3180635000,31365000,244760000,59040000,0,19248425000,12915000,83025000,158640000,216550000,245495000,4718620000,0,8666545000,2700998140000,1306615000,0,0,19072935000,4651645000,0,0,875490000,290910000,91151045000,0,0,1.785e+09,2203935000,128210910000,12982355000,19714160000,314895000,0,0,3434685000,316536005000,184500000,14760000,0,22140000,97419435000,0,697410000,27075000,12915000,822293815000,70830000,108845000,33210000,0,0,579330000
"UKR",121470050000,121770000,19570600000,9965500000,0,0,17250000,5290560000,0,0,0,789267050000,0,0,0,0,0,0,5485000,0,0,4990835000,0,0,0,292720000,0,5601960000,12184320000,19781150000,0,1845000,0,0,3543740000,0,0,0,70085000,36752290000,80080000,0,0,138320000,37440720000,36400000,1841850950000,0,5460000,1257630000,0,0,0,10032915000,0,700700000,419595815000,0,5236140000,61884960000,0,0,0,21009480000,0,0,0,121940000,0,0,0,1845000,0,0,0,12545040000,111862300000,96322320000,1570375000,0,1363718580000,472416630000,0,97491515000,0,21717180000,343095380000,23272755000,591691250000,1192875000,19313550000,546168530000,0,6869285000,0,258465820000,0,0,475988410000,3316230000,0,161980000,0,57579640000,0,0,3665000,26609680000,0,0,17959695000,64012770000,0,189852910000,0,0,141631030000,0,0,232470000,0,71920000,0,0,10412450000,0,0,78500000,67665000,0,0,0,222274290000,65305515000,162536090000,0,0,0,0,0,2263175000,0,163767195000,18355000,0,0,0,358103110000,0,123785000,4286100000,0,7380000,766270000,131040000,5535000,1577101570000,0,7943190000,0,0,1680370000,374692410000,22355065000,56258960000,98044030000,207666470000,360360000,0,0,0,1205596230000,925476415000,116088150000,55408450000,0,37566825000,0,1783965000,0,0,7527495000,0,294617370000,323313670000,60209275000,0,0,27425000,0,63380000,0,0,0,15622960000
"USA",42935000,112794815000,3670000,400116590000,1436510000,5470265000,22135070000,15450000,27658075000,1566495000,65233410000,293296220000,0,0,1110940000,0,1010173860000,0,67061625000,0,642030000,1245000,57054190000,30770435000,16076200000,1755578490000,0,0,443916960000,24010920000,1596848395000,1150000615000,2296966055000,0,93920785000,0,714400110000,146810785000,304190000,9100000,0,302005000,515405000,1873043720000,0,397049910000,6773032115000,792304440000,112760000,0,0,193725000,1126965000,7482150000,802180000,241476410000,0,0,9270000,103362505000,0,61034670000,25630000,1120135000,0,70946905000,1586913140000,25057380000,1497715000,49781960000,641847825000,33986645000,7470000,0,1519100000,3410905000,2310185875000,0,3276122195000,286965000,1109254025000,1613249820000,1245000,0,602347870000,11636158430000,938117450000,491400000,131956005000,562265000,11512980000,4932395895000,6689675000,313650000,20295000,159247925000,0,53919140000,219961880000,49815000,11030000,1.169e+10,125283400000,953074725000,0,8.35e+09,57990000,22394700000,0,9975927640000,53505000,1060768555000,544418330000,1835000,54075300000,367155000,78557330000,0,269370000,0,1845000,3889980000,441868550000,0,11732314840000,2938855000,243720915000,467395920000,45640000,73225000,3105115000,3020854140000,6346478135000,97185000,141005725000,0,0,0,1672240000,14347115000,0,0,4109425000,1192040000,4239120000,83375800000,0,1024386095000,16605000,3080000,48667730000,1845000,6815000,296064990000,0,1165343015000,711427805000,11794075000,6621160000,0,1750120000,1070100000,142065660000,0,3018537535000,304070595000,1484901930000,0,472075000,440635965000,357914860000,245887875000,1455039750000,180925735000,71526100000,0,255621605000,172060000,0,0,2001010000,0,2230569170000,470697700000,1110625280000,1676491730000,110203300000,0,292366610000,1245000,0,0,0,0,0
"BFA",0,0,0,0,0,0,0,0,0,0,0,0,0,0,0,0,0,0,0,0,0,0,0,0,0,0,0,0,0,0,0,0,0,0,0,0,0,0,0,0,0,0,0,0,0,0,0,0,0,0,0,0,0,0,0,0,0,0,0,0,0,0,0,0,0,0,0,0,0,0,0,0,0,0,0,0,0,0,0,0,0,0,7380000,0,0,0,0,0,0,0,0,0,0,0,0,0,0,0,0,0,0,0,0,0,0,0,0,0,0,0,0,0,0,0,0,0,0,0,0,0,0,0,0,0,0,0,0,0,0,0,0,0,0,0,0,0,0,0,0,0,0,0,0,0,0,0,0,0,0,0,0,0,0,0,0,0,0,0,0,0,0,0,0,0,0,0,0,0,0,0,0,0,0,0,0,0,0,0,0,0,0,0,0,0,0,0,0,0,0,0,0,0,0,0,0
"URY",0,0,0,43780720000,0,1116110000,5535000,0,0,0,0,43715590000,0,0,0,0,1411909110000,0,0,0,0,0,0,0,0,0,0,0,0,0,4564335000,9186670000,10265650000,0,18597120000,0,0,57195000,0,0,0,0,0,0,0,29296365000,0,0,0,0,0,0,0,0,0,0,0,0,0,0,0,0,0,0,0,0,0,20185000,0,0,0,0,0,0,0,0,0,0,0,0,0,0,0,0,0,0,0,0,0,0,0,0,0,0,0,0,0,0,0,0,0,0,0,0,0,0,0,0,0,0,0,4.5925e+10,45928340000,0,0,0,0,0,0,0,0,0,0,0,25557680000,1217580000,0,0,0,0,3754395000,46125000,0,0,0,0,0,0,0,0,0,0,0,0,0,0,0,0,26302500000,0,0,0,0,0,0,106430000,1.8e+08,0,0,0,0,0,0,0,0,0,0,0,0,0,0,0,335670000,18358310000,0,0,3640000,0,4978850000,0,0,0,32284865000,24699300000,0,0,0,0,0,0,0,0,0,0,0
"UZB",0,0,0,0,0,0,0,0,0,0,0,0,0,0,0,0,0,0,0,0,0,0,0,0,0,0,0,0,0,0,0,0,0,0,0,0,0,0,0,0,0,0,0,0,0,0,0,0,0,0,0,0,0,0,0,0,0,0,0,0,0,0,0,0,0,0,0,0,0,0,0,0,0,0,0,0,0,0,0,0,0,0,0,0,0,0,0,0,0,0,0,0,0,0,0,0,0,0,0,0,0,0,0,0,0,0,0,0,0,0,0,0,0,0,0,0,0,0,0,0,0,0,0,0,0,0,0,0,0,0,0,0,0,0,0,0,0,0,0,0,0,0,0,0,0,0,0,0,0,0,0,0,0,0,0,0,0,0,0,0,0,0,0,0,0,0,0,0,0,0,0,0,0,0,0,0,0,0,0,0,0,0,0,0,0,0,0,0,0,0,0,0,0,0,0
"VEN",0,0,0,0,0,0,0,0,0,0,0,0,0,0,0,0,9550000,0,0,0,0,0,0,0,0,0,0,0,0,0,0,0,38725000,0,0,0,0,0,0,0,0,0,0,0,0,0,0,0,0,0,0,0,0,0,0,0,0,0,0,0,0,0,0,0,0,0,0,0,17190000,0,0,0,0,0,0,0,0,0,0,0,0,0,0,0,0,0,0,0,0,0,0,0,0,0,0,0,0,0,0,0,0,0,0,0,0,0,0,0,0,22140000,0,0,0,0,0,0,0,0,0,0,0,0,0,0,0,0,0,5535000,0,0,0,0,0,0,0,0,0,0,0,0,0,0,0,0,0,0,0,0,0,0,0,0,0,0,0,0,1835000,0,0,0,0,0,0,0,0,0,0,0,0,0,0,0,0,0,0,0,0,0,22175000,0,0,0,0,0,0,0,0,0,0,0,0,0,0,0,0
"VNM",0,0,0,0,0,0,0,0,0,0,0,0,0,0,0,0,0,0,0,0,0,0,0,0,0,0,0,0,0,0,0,0,0,0,0,0,0,0,0,0,0,0,0,0,0,0,0,0,0,0,0,0,0,0,0,0,0,0,0,0,0,0,0,0,0,0,0,0,0,0,0,0,0,0,0,0,0,0,0,0,0,0,0,0,0,0,0,0,0,0,0,0,0,0,0,0,0,0,0,0,0,0,0,0,0,0,0,0,0,0,0,0,0,0,0,0,0,0,0,0,0,0,0,0,0,0,0,0,0,0,0,0,0,0,0,0,0,0,0,0,0,0,0,0,0,0,0,0,0,0,0,0,0,0,0,0,0,0,0,0,0,0,0,0,0,0,0,0,0,0,0,0,0,0,0,0,0,0,0,0,0,0,0,0,0,0,0,0,0,0,0,0,0,0,0
"ETH",0,0,0,0,0,0,1245000,0,0,619920000,0,0,0,0,0,0,0,0,0,0,0,0,0,0,0,0,0,0,0,0,0,0,0,0,0,0,0,0,0,0,0,0,0,0,0,0,0,0,0,0,0,0,9225000,0,0,1845000,0,0,0,29520000,0,0,0,0,0,0,0,3690000,0,0,0,0,0,0,0,0,0,0,0,0,0,0,0,0,0,0,0,0,16605000,0,0,0,16605000,0,0,0,0,0,0,0,0,0,0,0,0,0,0,0,0,0,0,0,0,0,0,0,0,0,0,0,0,0,0,0,0,107010000,0,0,0,0,0,0,0,0,0,0,0,0,0,0,0,0,0,0,0,0,0,5510000,0,0,0,0,0,0,2904470000,1820000,0,0,0,0,678960000,0,0,0,0,0,0,0,0,0,0,0,0,3800100000,0,0,5535000,0,463185000,0,0,0,0,0,0,0,1820000,0,1835000,0,0,0,0,0,0
"YEM",0,0,0,188190000,0,0,0,0,0,0,0,0,0,0,0,0,0,0,0,0,0,0,0,0,0,0,0,0,0,0,0,2490000,0,0,0,0,0,0,0,0,0,0,0,0,0,0,125372770000,0,0,0,0,0,0,42435000,0,1466705000,0,0,0,0,0,2678940000,0,0,0,0,0,0,0,0,0,0,0,0,0,42435000,0,0,4012875000,0,0,11010000,0,0,0,0,527670000,0,0,0,0,0,0,0,0,706635000,0,356085000,0,0,0,0,0,0,0,0,0,0,0,0,0,0,0,0,0,0,0,0,0,0,0,0,0,0,0,0,0,0,0,0,0,0,0,0,0,0,0,2823100000,0,0,0,0,0,0,0,0,0,908700000,0,0,0,0,0,38745000,18506690000,12915000,0,0,0,0,0,0,9961520000,0,0,0,0,0,0,0,927525000,0,235005000,1694660000,101475000,0,0,0,71955000,0,0,0,0,0,922500000,0,0,0,0,0,0,0,0,0,0
"COD",0,0,0,0,0,0,0,0,0,0,0,0,0,0,0,0,0,0,0,0,0,0,0,0,0,0,0,0,0,0,0,0,0,0,0,0,0,0,0,0,0,0,0,0,0,0,0,0,0,0,0,0,0,0,0,0,0,0,0,0,0,0,0,0,0,0,0,0,0,0,0,0,0,0,0,0,0,0,0,0,0,0,0,0,0,0,0,0,0,0,0,0,0,0,0,0,0,0,0,0,0,0,0,0,0,0,0,0,0,0,0,0,0,0,0,0,0,0,0,0,0,0,0,0,0,0,0,0,0,0,0,0,0,0,0,0,0,0,0,0,0,0,0,0,0,0,0,0,0,0,0,0,0,0,0,0,0,0,0,0,0,0,0,0,0,0,0,0,0,0,0,0,0,0,0,0,0,0,0,0,0,0,0,0,0,0,0,0,0,0,0,0,0,0,0
"ZMB",0,0,0,0,0,0,0,0,0,0,0,0,0,0,0,154775000,0,0,0,0,0,0,0,0,0,0,0,0,0,0,0,0,0,0,1845000,0,0,0,0,0,0,0,0,0,0,0,0,0,0,0,0,0,0,0,0,0,0,0,0,0,0,0,0,0,0,0,0,0,0,0,0,0,0,0,0,0,0,0,0,0,0,0,0,0,0,0,0,0,54600000,0,0,0,0,0,0,0,0,0,0,0,0,0,36900000,0,0,0,0,0,0,0,0,0,25830000,0,9839120000,0,0,0,0,0,0,0,0,0,0,0,0,0,0,0,0,0,0,0,0,0,0,0,0,32294040000,0,0,0,0,0,0,0,0,0,0,0,0,0,0,0,686470000,0,0,0,0,0,0,0,0,0,158670000,0,0,0,0,0,0,0,0,0,0,0,0,0,0,0,0,0,0,0,0,141311415000,0,0,0,0,0,0,0,0
"BEL",107010000,315520000,149445000,11070000,0,3690000,3985245000,26459435000,0,763125000,0,6825000,0,0,0,0,1020535000,0,0,0,5535000,597095000,0,119020000,125235000,6670860000,2668170000,1041040000,45500000,46221750000,91920000,2469185000,23905000,4528175000,20984725000,0,48555000,48170000,1510165000,245385000,1157845000,30942690000,0,50460000,166050000,0,219225000,0,3659940000,1298660000,0,0,20199200000,1203929605000,473690000,30830800000,138365000,164205000,3545240000,851079455000,106455000,530170000,0,16993485000,0,0,165645000,70943120000,1507005000,1574355000,0,631365000,3382365000,1832555000,2829405000,90235000,143306175000,53505000,664200000,15601010000,4288655000,92996290000,2872020000,808245000,0,7606835000,311385000,40590000,114795000,0,0,6530315000,2429715000,306270000,0,4243980000,1845000,8319410000,287820000,1335045000,0,326645000,0,259920000,13605000,0,996105000,3690000,191880000,372450000,49815000,3015030000,1845000,22140000,0,8715000,2551608400000,0,214200000,5535000,0,1442555000,0,438635000,1066455000,36161910000,588555000,2889860000,20572550000,9240140000,1845000,9225000,123885000,23622605000,17238270000,12780040000,0,0,353400000,0,5553700000,1440215000,2.2507e+10,0,0,0,8321590000,7393875000,169140000,277355000,49180000,3126340000,1773645000,1137135000,0,5615625000,65300215000,5303365000,36900000,0,81099860000,55365530000,77490000,9225000,1137195000,0,2549150000,3085635000,0,36900000,734310000,58440000,6458730000,12251455000,0,0,329214215000,1889105000,27989125000,9782500000,7380000,0,1845000,422505000,0,0,95031355000,0,0,59792510000,217310000,0,0,0,1845000
"LUX",0,0,0,0,0,0,0,206400000,0,0,0,0,0,0,0,0,0,0,0,0,0,0,0,0,0,0,0,0,0,0,0,0,0,0,0,0,0,0,0,30735000,0,515185000,0,0,0,0,0,0,0,0,0,0,204175000,47667960000,1845000,0,1820000,0,0,20292600000,0,21520000,0,139025000,0,0,0,0,0,0,0,0,0,0,0,0,0,0,0,411305000,0,364650000,0,0,0,41085000,0,0,0,0,0,0,0,0,0,0,0,0,0,0,0,0,0,0,0,0,0,0,0,0,0,0,0,0,0,0,46056775000,0,0,0,0,0,0,0,62310000,6693870000,0,0,0,0,0,0,0,749840000,7340000,0,0,0,0,0,0,0,0,0,0,0,0,0,0,0,0,0,1845000,0,0,0,345665000,0,0,0,491775000,20475000,0,0,0,0,0,0,0,0,0,0,0,0,0,0,242925000,0,0,0,0,0,0,0,0,0,0,0,138349625000,0,0,0,0,0,0
"SRB",0,0,21021705000,0,0,0,477695000,12578050000,0,0,0,0,0,0,0,0,0,0,0,0,0,21237375000,0,0,0,178945000,0,0,0,0,0,1845000,0,0,0,0,0,0,9799065000,79335000,0,0,0,0,0,0,0,0,0,0,0,0,0,128860000,0,0,0,0,0,204195000,433022475000,0,36900000,407010000,0,0,0,0,0,0,0,0,2759225000,10093195000,0,0,0,125250000,136530000,0,0,42355505000,0,7380000,0,0,0,0,0,0,0,0,9225000,0,0,36700000,0,0,0,0,0,0,0,0,0,0,0,0,0,0,0,0,0,0,0,0,8612840000,0,0,416353550000,0,0,0,14760000,0,0,0,0,64065000,0,0,0,0,83500000,0,0,0,0,0,0,633105915000,0,1805220000,0,0,0,0,0,0,0,0,12754885000,75645000,0,0,0,5535000,0,0,0,786205000,3618265000,0,0,0,0,0,0,0,0,0,0,14585000,0,0,0,22360455000,561490000,874460000,0,0,0,0,0,92032030000,0,0,0,0,0,0,128239660000,0,0,0
"MNE",0,0,8588655000,0,0,0,0,86715000,0,0,0,0,0,0,0,0,0,0,0,0,0,0,0,0,0,0,0,0,0,0,0,0,0,0,0,0,0,0,0,0,0,0,0,0,0,0,0,0,0,0,0,0,0,0,0,0,0,0,0,9225000,661975000,0,0,0,0,0,0,0,0,0,0,0,0,0,0,0,0,0,0,0,0,0,0,0,0,0,0,0,0,0,0,0,0,0,0,0,0,0,0,0,0,0,0,0,0,0,0,0,0,0,0,0,0,0,0,0,0,0,0,1187605000,0,0,0,0,0,0,0,0,0,0,0,0,0,0,0,0,0,0,0,0,0,0,0,0,0,0,0,0,0,0,0,12915000,0,0,0,0,0,0,0,0,0,7380000,0,0,0,0,0,0,0,0,0,0,0,0,0,0,0,0,18450000,0,0,0,0,0,0,0,0,0,0,0,4423835000,0,0,0,0
"SDN",0,0,0,0,0,0,0,0,0,0,0,0,0,0,0,0,0,0,0,0,0,0,0,0,0,0,0,0,0,0,0,0,0,0,0,0,0,0,0,0,0,0,0,0,0,0,0,0,0,0,0,0,0,0,0,0,0,0,0,0,0,0,0,0,0,0,0,0,0,0,0,0,0,0,0,0,0,0,0,0,0,0,0,0,0,0,0,0,0,0,0,0,0,0,0,0,0,0,0,0,0,0,0,0,0,0,0,0,0,0,0,0,0,0,0,0,0,0,0,0,0,0,0,0,0,0,0,0,0,0,0,0,0,0,0,0,0,0,0,0,0,0,0,0,0,0,0,0,0,0,0,0,0,0,0,0,0,0,0,0,0,0,0,0,0,0,0,0,0,0,0,0,0,0,0,0,0,0,0,0,0,0,0,0,0,0,0,0,0,0,0,0,0,0,0
"SSD",0,0,0,0,0,0,0,0,0,0,0,0,0,0,0,0,0,0,0,0,0,0,0,0,0,0,0,0,0,0,0,0,0,0,0,0,0,0,0,0,0,0,0,0,0,0,0,0,0,0,0,0,0,0,0,0,0,0,0,0,0,0,0,0,0,0,0,0,0,0,0,0,0,0,0,0,0,0,0,0,0,0,0,0,0,0,0,0,0,0,0,0,0,0,0,0,0,0,0,0,0,0,0,0,0,0,0,0,0,0,0,0,0,0,0,0,0,0,0,0,0,0,0,0,0,0,0,0,0,0,0,0,0,0,0,0,0,0,0,0,0,0,0,0,0,0,0,0,0,0,0,0,0,0,0,0,0,0,0,0,0,0,0,0,0,0,0,0,0,0,0,0,0,0,0,0,0,0,0,0,0,0,0,0,0,0,0,0,0,0,0,0,0,0,0
"PSE",0,0,0,0,0,0,0,0,0,0,0,0,0,0,0,0,0,0,0,0,0,0,0,0,0,0,0,0,0,0,0,0,0,0,0,0,0,0,0,0,0,0,0,0,0,0,0,0,0,0,0,0,0,0,0,0,0,0,0,0,0,0,0,0,0,0,0,0,0,0,0,0,0,0,0,0,0,0,0,0,0,0,0,0,0,0,0,0,0,0,0,0,0,0,0,0,0,0,0,0,0,0,0,0,0,0,0,0,0,0,0,0,0,0,0,0,0,0,0,0,0,0,0,0,0,0,0,0,0,0,0,0,0,0,0,0,0,0,0,0,0,0,0,0,0,0,0,0,0,0,0,0,0,0,0,0,0,0,0,0,0,0,0,0,0,0,0,0,0,0,0,0,0,0,0,0,0,0,0,0,0,0,0,0,0,0,0,0,0,0,0,0,0,0,0
