"","ARM","AFG","ALB","DZA","ATG","ARG","AUS","AUT","BHS","BHR","BRB","BGD","BMU","BTN","BOL","BWA","BRA","ARB","BLZ","SLB","BRN","BGR","MMR","BDI","CMR","CAN","CPV","CAF","LKA","TCD","CHL","CHN","COL","COM","COG","COK","CRI","CUB","CYP","AZE","BEN","DNK","DMA","DOM","BLR","ECU","EGY","SLV","GNQ","EST","FRO","FJI","FIN","FRA","PYF","DJI","GEO","GAB","GMB","DEU","BIH","GHA","KIR","GRC","GRL","GRD","GTM","GIN","GUY","HTI","HND","HKG","HUN","HRV","ISL","IND","IDN","IRN","IRQ","IRL","ISR","ITA","CIV","KAZ","JAM","JPN","JOR","KGZ","KEN","KHM","PRK","KOR","KWT","LVA","LAO","LBN","LSO","LBR","LBY","LTU","MAC","MDG","MWI","MYS","MDV","MLI","MLT","MRT","MUS","MEX","MNG","MAR","MOZ","MDA","NAM","NPL","NLD","ANT","NCL","MKD","VUT","NZL","NIC","NER","NGA","NOR","PAK","PAN","CZE","PNG","PRY","PER","PHL","POL","PRT","GNB","TLS","ERI","QAT","ZWE","ROU","RWA","RUS","KNA","LCA","VCT","STP","SAU","SEN","SYC","SLE","SVN","SVK","SGP","SOM","ZAF","ESP","SUR","TJK","SWZ","SWE","CHE","SYR","TKM","TWN","TZA","THA","TGO","TON","TTO","OMN","TUN","TUR","ARE","UGA","TUV","GBR","UKR","USA","BFA","URY","UZB","VEN","VNM","ETH","YEM","COD","ZMB","BEL","LUX","SRB","MNE","SDN","SSD","PSE"
"ARM",0,0,0,0,0,0,0,0,0,0,0,0,0,0,0,0,0,0,0,0,0,0,0,0,0,0,0,0,0,0,0,0,0,0,0,0,0,0,0,0,0,0,0,0,0,0,0,0,0,0,0,0,0,0,0,0,560880000,0,0,0,0,0,0,0,0,0,0,0,0,0,0,0,0,0,0,0,0,0,0,0,0,0,0,0,0,0,0,0,0,0,0,0,0,0,0,0,0,0,0,0,0,0,0,0,0,0,0,0,0,0,0,0,0,0,0,0,0,0,0,0,0,0,0,0,0,0,0,0,0,0,0,0,0,0,0,0,0,0,0,0,0,0,0,0,0,0,0,0,0,0,0,0,0,0,0,0,0,0,0,0,0,0,0,0,0,0,0,0,0,0,0,0,0,14160000,0,0,0,0,1845000,0,0,0,0,0,0,0,0,0,0,0,0,0,0,0,0
"AFG",0,0,0,0,0,0,0,0,0,0,0,0,0,0,0,0,0,0,0,0,0,0,0,0,0,0,0,0,0,0,0,0,0,0,0,0,0,0,0,0,0,0,0,0,0,0,0,0,0,0,0,0,0,0,0,0,0,0,0,0,0,0,0,0,0,0,0,0,0,0,0,0,0,0,0,0,0,0,0,0,0,0,0,0,0,0,0,0,0,0,0,0,0,0,0,0,0,0,0,0,0,0,0,0,0,0,0,0,0,0,0,0,0,0,0,0,0,0,0,0,0,0,0,0,0,0,0,0,0,0,0,0,0,0,0,0,0,0,0,0,0,0,0,0,0,0,0,0,0,0,0,0,0,0,0,0,0,0,0,0,0,0,0,0,0,0,0,0,0,0,0,0,0,0,0,0,0,0,0,0,0,0,0,0,0,0,0,0,0,0,0,0,0,0,0
"ALB",0,0,0,0,0,0,0,0,0,0,0,0,0,0,0,0,0,0,0,0,0,7470000,0,0,0,0,0,0,0,0,0,0,0,0,0,0,0,0,0,0,0,0,0,0,0,0,0,0,0,0,0,0,0,0,0,0,0,0,0,0,0,0,0,0,0,0,0,0,0,0,0,0,0,0,0,0,0,0,0,0,0,0,0,0,0,0,0,0,0,0,0,0,0,0,0,0,0,0,0,0,0,0,0,0,0,0,0,0,0,0,0,0,0,0,0,0,0,0,0,14560000,0,0,0,0,0,0,0,0,0,0,0,0,0,0,0,0,0,0,0,0,0,0,0,0,0,0,0,0,0,0,0,0,0,0,0,0,0,0,0,0,0,0,0,0,0,0,0,0,0,0,0,0,0,0,0,0,0,0,0,0,0,0,0,0,0,0,0,0,0,0,3045500000,0,0,0,0
"DZA",0,0,0,0,0,0,0,0,0,0,0,0,0,0,0,0,0,0,0,0,0,0,0,0,14760000,190355000,74715000,0,0,0,0,0,0,0,0,0,0,0,0,0,0,0,0,0,0,0,0,0,0,0,0,0,0,296710000,0,0,0,0,0,0,0,0,0,1845000,0,0,0,191100000,0,0,0,0,0,0,0,0,0,0,0,0,0,0,83025000,0,0,0,22140000,0,0,0,0,0,0,0,0,0,0,0,64575000,0,0,0,0,0,0,11070000,0,174935000,0,0,0,16605000,0,0,0,0,0,0,0,0,0,0,0,9087985000,0,0,0,4335000,0,0,0,0,0,0,0,0,0,0,0,0,0,0,0,0,0,0,0,0,337635000,0,0,0,0,0,0,0,14220000,0,0,0,0,0,0,0,0,0,0,0,0,0,0,18420830000,0,0,0,0,6225000,0,0,0,0,0,0,0,0,0,244185000,0,80550000,0,0,0,0,0,0
"ATG",0,0,0,0,0,0,0,0,0,0,0,0,0,0,0,0,0,0,0,0,0,0,0,0,0,0,0,0,0,0,0,0,0,0,0,0,0,0,0,0,0,0,0,0,0,0,0,0,0,0,0,0,0,0,0,0,0,0,0,0,0,0,0,0,0,0,0,0,0,0,0,0,0,0,0,0,0,0,0,0,0,0,0,0,0,0,0,0,0,0,0,0,0,0,0,0,0,0,0,0,0,0,0,0,0,0,0,0,0,0,0,0,0,0,0,0,0,0,0,0,0,0,0,0,0,0,0,0,0,0,0,0,0,0,0,0,0,0,0,0,0,0,0,0,0,0,0,0,0,0,0,0,0,0,0,0,0,0,0,0,0,0,0,0,0,0,0,0,0,0,0,0,0,0,0,0,0,0,0,0,0,0,0,0,0,0,0,0,0,0,0,0,0,0,0
"ARG",0,0,24075000,481955320000,4335000,0,102765000,1245000,18450000,16537335000,36900000,271882680000,0,0,589453095000,5535000,20976434910000,0,12845000,0,0,932160000,0,0,218400000,2285935000,0,0,0,141295000,1762703340000,27675000,1009274350000,0,222780235000,0,256455000,305735675000,39480000,0,0,5535000,33300000,1054725000,12845000,217050780000,96442500000,439055000,161980000,114450000,0,1845000,0,225335000,0,12915000,0,69920000,4701485000,5510000,0,0,0,45615000,0,39060000,94100000,0,26475000,63031620000,535050000,37125000,0,0,0,496656275000,404460000,0,0,0,2036340000,413445000,35093660000,0,151175000,35055000,88560000,0,414260455000,0,0,12865000,48882570000,23655000,0,46125000,0,0,32700000,8715000,0,44583455000,94881050000,310364490000,0,0,0,5.344e+10,3022155000,1314390000,38745000,80552625000,507704330000,0,728480000,0,789910000,0,0,0,0,17895000,35745000,0,625830830000,2279550000,0,1628900000,29880000,0,52896020000,1740713840000,1303870000,0,78915000,0,0,7280000,0,0,0,5.01e+09,76740000,12845000,42435000,16605000,0,3.7575e+10,55303295000,0,22167245000,0,0,22140000,0,1454030940000,1242460000,499680000,0,0,0,0,0,0,0,445834890000,1245000,1845000,0,564375000,201730990000,0,0,230373940000,50016500000,0,19604370000,0,13327130000,0,107972160000,0,178279230000,222907180000,0,375709920000,425087160000,0,4871010000,0,0,0,0,0,0
"AUS",0,0,0,0,0,0,0,0,0,9339225000,0,98371130000,0,0,0,0,181665000,0,0,36654095000,452955000,0,266124295000,0,0,1042285000,0,0,2196620000,0,16605000,539618175000,0,0,0,990095000,0,0,49815000,0,0,0,0,0,0,0,2470886870000,0,0,0,0,468433645000,0,32760000,6599630000,0,0,0,5535000,80570000,0,0,8684295000,0,0,0,0,0,0,0,0,27908440000,0,0,0,2828073840000,8149937825000,777056010000,773126500000,105165000,536010000,645115540000,0,0,0,3451530290000,0,0,0,89403625000,0,3117433070000,907204060000,0,0,48517005000,0,0,0,0,0,0,0,2079800950000,399905000,38220000,47970000,80160000,64727335000,0,0,0,0,0,9225000,0,416235000,0,108612805000,0,2902945000,1216110825000,0,0,107234040000,31255000,162043670000,0,0,495545395000,0,0,296990640000,3690000,0,0,59040000,0,212598470000,0,0,0,99460000,0,0,0,0,485190000,0,123580000,0,0,0,200105380000,0,5053010000,11030000,0,0,0,3321005000,31365000,0,0,378587500000,0,914868325000,0,1891355000,0,86260510000,0,7380000,767379110000,0,906360000,27014395000,7340000,8167050000,0,0,0,1.67e+09,1681917940000,0,1379779050000,0,0,9520485000,0,0,0,0,0,0
"AUT",11070000,7380000,309950000,65876490000,0,0,197415000,0,0,16580000,0,0,0,0,0,0,1845000,0,0,0,0,450220000,0,0,0,903390000,0,0,0,0,0,49715000,0,0,0,0,0,0,73845000,182655000,0,15329840000,0,20295000,62400000,0,129150000,5535000,0,118080000,0,0,959110000,28636525000,0,0,154380000,0,18440000,459188865000,23132830000,0,0,18154715000,0,0,7380000,0,0,0,0,40165000,57022110000,17548950000,5505000,0,0,9225000,0,5793790000,54286690000,1473132760000,0,3690000,0,348705000,11070000,0,0,0,0,0,20295000,6780000,0,12915000,0,0,197415000,199020000,0,0,0,47470000,0,0,212785000,0,0,105165000,0,0,0,40140000,0,0,30133615000,0,0,9279960000,0,5535000,0,0,0,3331665000,0,0,51860815000,0,0,25830000,1845000,25472735000,2917905000,0,0,0,0,0,9073295000,0,2474470000,0,0,0,0,0,0,0,0,84723690000,10476335000,49815000,0,346735000,3927800000,0,0,0,3053425000,137210645000,12790000,0,53505000,0,0,0,0,0,0,0,3690000,726580000,0,0,17885970000,134550000,4014275000,0,7380000,0,0,0,0,19225390000,0,0,4931165000,64330000,8213215000,142065000,0,0,0
"BHS",0,0,0,0,0,0,0,0,0,0,0,0,0,0,0,0,0,0,0,0,0,0,0,0,0,0,0,0,0,0,0,0,0,0,0,0,0,0,0,0,0,0,0,0,0,0,0,0,0,0,0,0,0,0,0,0,0,0,0,0,0,0,0,0,0,0,0,0,0,0,0,0,0,0,0,0,0,0,0,0,0,0,0,0,0,0,0,0,0,0,0,0,0,0,0,0,0,0,0,0,0,0,0,0,0,0,0,0,0,0,0,0,0,0,0,0,0,0,0,0,0,0,0,0,0,0,0,0,0,0,0,0,0,0,0,0,0,0,0,0,0,0,0,0,0,0,0,0,0,0,0,0,0,0,0,0,0,0,0,0,0,0,0,0,0,0,0,0,0,0,0,0,0,0,0,0,0,0,429770000,0,0,0,0,0,0,0,0,0,0,0,0,0,0,0,0
"BHR",0,0,0,0,0,0,0,0,0,0,0,0,0,0,0,0,0,0,0,0,0,0,0,0,0,0,0,0,0,0,0,0,0,0,0,0,0,0,0,0,0,0,0,0,0,0,0,0,0,0,0,0,0,0,0,0,0,0,0,0,0,0,0,0,0,0,0,0,0,0,0,0,0,0,0,0,25690000,0,0,0,0,0,0,0,0,0,0,0,0,0,0,0,0,0,0,0,0,0,0,0,0,0,0,0,0,0,0,0,0,0,0,0,0,0,0,0,0,0,0,0,0,0,0,0,0,0,16605000,0,0,0,0,0,0,0,0,0,0,0,101620000,0,0,0,0,0,0,0,0,9347795000,0,0,0,0,0,0,0,0,0,0,0,0,0,0,0,0,0,0,0,0,0,0,1245000,0,0,3690000,0,0,0,0,5505000,0,0,0,0,0,0,0,0,0,0,0,0,0,0,0,0
"BRB",0,0,0,0,300735000,0,0,0,0,0,0,0,0,0,0,0,0,0,79335000,0,0,0,0,0,0,86715000,0,0,0,0,0,0,0,0,0,0,0,0,0,0,0,0,1308790000,44280000,0,0,0,0,0,0,0,0,0,130995000,0,0,0,0,0,0,0,0,0,0,0,190035000,0,0,365285000,119925000,0,0,0,0,0,0,0,0,0,0,0,0,0,0,2273040000,0,0,0,0,0,0,0,0,0,0,0,0,0,0,0,0,0,0,0,0,0,0,0,0,0,0,0,0,0,0,0,0,0,0,0,0,0,0,0,0,0,0,0,0,0,0,0,0,0,0,0,0,0,0,0,0,0,0,195520000,12270635000,116235000,0,0,0,0,0,0,0,0,0,0,0,3690000,0,0,0,0,0,0,0,0,0,0,0,2282265000,0,0,0,0,0,0,231445000,0,1464930000,0,0,0,0,0,0,0,0,0,0,0,0,0,0,0,0
"BGD",0,0,0,0,0,0,84870000,0,0,6750000,0,0,0,0,0,0,0,0,0,0,0,0,0,0,0,389255000,0,0,0,0,0,0,0,0,0,0,0,0,0,0,0,0,0,0,0,0,0,0,0,0,0,0,0,0,0,0,0,0,0,0,0,0,0,0,0,0,0,0,0,0,0,0,0,0,0,138375000,0,0,0,0,0,115625000,0,0,0,0,0,0,0,0,0,5525000,80860000,0,0,0,0,0,0,0,0,0,0,7370000,0,0,0,0,0,0,0,0,0,0,0,0,0,0,0,0,0,0,0,0,0,0,0,0,0,11070000,0,0,0,0,0,0,0,0,20185000,0,0,0,0,0,0,0,0,143200000,0,0,0,0,0,36900000,0,11060000,0,0,0,0,5535000,0,0,0,0,0,0,0,0,0,0,0,0,287300000,0,0,2010565000,0,1670910000,0,0,0,0,0,0,0,0,0,1157310000,0,0,0,0,0,0
"BMU",0,0,0,0,0,0,0,0,0,0,0,0,0,0,0,0,0,0,0,0,0,0,0,0,0,0,0,0,0,0,0,0,0,0,0,0,0,0,0,0,0,0,0,0,0,0,0,0,0,0,0,0,0,0,0,0,0,0,0,0,0,0,0,0,0,0,0,0,0,0,0,0,0,0,0,0,0,0,0,0,0,0,0,0,0,0,0,0,0,0,0,0,0,0,0,0,0,0,0,0,0,0,0,0,0,0,0,0,0,0,0,0,0,0,0,0,0,0,0,0,0,0,0,0,0,0,0,0,0,0,0,0,0,0,0,0,0,0,0,0,0,0,0,0,0,0,0,0,0,0,0,0,0,0,0,0,0,0,0,0,0,0,0,0,0,0,0,0,0,0,0,0,0,0,0,0,0,0,0,0,0,0,0,0,0,0,0,0,0,0,0,0,0,0,0
"BTN",0,0,0,0,0,0,0,0,0,0,0,0,0,0,0,0,0,0,0,0,0,0,0,0,0,0,0,0,0,0,0,0,0,0,0,0,0,0,0,0,0,0,0,0,0,0,0,0,0,0,0,0,0,0,0,0,0,0,0,0,0,0,0,0,0,0,0,0,0,0,0,0,0,0,0,0,0,0,0,0,0,0,0,0,0,0,0,0,0,0,0,0,0,0,0,0,0,0,0,0,0,0,0,0,0,0,0,0,0,0,0,0,0,0,0,0,0,0,0,0,0,0,0,0,0,0,0,0,0,0,0,0,0,0,0,0,0,0,0,0,0,0,0,0,0,0,0,0,0,0,0,0,0,0,0,0,0,0,0,0,0,0,0,0,0,0,0,0,0,0,0,0,0,0,0,0,0,0,0,0,0,0,0,0,0,0,0,0,0,0,0,0,0,0,0
"BOL",0,0,0,0,0,0,0,0,0,0,0,0,0,0,0,0,0,0,0,0,0,0,0,0,0,0,0,0,0,0,106805000,0,0,0,0,0,0,0,0,0,0,0,0,0,0,0,0,0,0,0,0,0,0,0,0,0,0,0,0,0,0,0,0,0,0,0,0,0,0,0,0,0,0,0,0,0,0,0,0,0,3670000,0,0,0,0,0,0,0,0,0,0,0,0,0,0,0,0,0,0,0,0,0,0,0,0,0,0,0,0,0,0,0,0,0,0,0,0,0,0,0,0,0,0,0,0,0,0,0,0,0,73800000,16601825000,0,0,0,0,0,0,0,0,0,0,0,0,0,0,0,0,0,0,0,0,0,0,0,0,7510000,0,0,0,0,0,0,0,0,0,0,0,0,0,0,0,0,0,0,0,0,0,299490000,0,0,0,0,0,0,0,0,0,0,0,0,0,0,0,0
"BWA",0,0,0,0,0,0,0,0,0,0,0,0,0,0,0,0,0,0,0,0,0,0,0,0,0,0,0,0,0,0,0,0,0,0,0,0,0,0,0,0,0,0,0,0,0,0,0,0,0,0,0,0,0,22140000,0,0,0,0,0,0,0,0,0,0,0,0,0,0,0,0,0,0,0,0,0,0,0,0,0,0,0,0,0,0,0,0,0,0,0,0,0,0,0,0,0,0,0,0,0,0,0,0,0,0,0,0,0,0,0,0,0,0,0,0,369085000,0,0,0,0,0,0,0,0,0,0,0,0,0,0,0,0,0,0,0,0,0,0,0,0,20270000,0,0,0,0,0,0,0,0,0,0,0,0,0,0,0,9755820000,0,0,0,0,0,0,0,0,0,0,0,0,0,0,0,0,0,0,0,0,0,0,0,0,0,0,0,0,0,0,0,65795000,0,0,0,0,0,0,0
"BRA",35055000,0,22140000,65252245000,16605000,12571570000,1104690000,0,20295000,16605000,126105000,0,0,0,302910000,64575000,0,0,0,70110000,0,11070000,0,0,260145000,1479650000,1055130000,0,73800000,0,1872200000,338880000,551745000,0,162360000,0,810645000,6383280000,0,36900000,38145000,130995000,16605000,409670000,12915000,182655000,89389280000,0,404055000,31365000,0,330255000,0,329820000,0,1845000,16605000,236160000,409590000,51405000,0,463095000,0,0,0,0,185675000,103320000,116235000,212175000,173050000,481545000,0,0,0,66643895000,0,0,0,5360000,348840000,1297995000,7380000,0,239850000,3142270000,106410000,0,1.9539e+10,0,130995000,630990000,538720000,11070000,0,442890000,0,166695000,1340760000,0,0,82425000,0,36900000,0,0,11070000,33210000,34455000,2485905000,62730000,39838735000,1190550000,0,51660000,0,22140000,0,22140000,0,16605000,84870000,16005000,14760000,3.674e+10,0,0,707880000,75645000,57195000,28042735000,196905000,445118460000,75150000,2705530000,29520000,0,0,154960000,0,153360000,0,1343160000,0,0,18450000,97185000,352215000,70110000,51660000,418815000,0,0,44270000,0,38232375000,300155005000,349395000,0,33210000,0,1670000,0,0,83025000,97785000,114390000,71955000,0,129150000,17228675000,204795000,0,404825000,79335000,0,108020000,0,14512970000,0,10465890000,0,3042860000,126740595000,0,18600625000,249075000,220800000,554440000,21790000,0,0,0,0,0
"ARB",0,0,0,0,0,0,0,0,0,0,0,0,0,0,0,0,0,0,0,0,0,0,0,0,0,0,0,0,0,0,0,0,0,0,0,0,0,0,0,0,0,0,0,0,0,0,0,0,0,0,0,0,0,0,0,0,0,0,0,0,0,0,0,0,0,0,0,0,0,0,0,0,0,0,0,0,0,0,0,0,0,0,0,0,0,0,0,0,0,0,0,0,0,0,0,0,0,0,0,0,0,0,0,0,0,0,0,0,0,0,0,0,0,0,0,0,0,0,0,0,0,0,0,0,0,0,0,0,0,0,0,0,0,0,0,0,0,0,0,0,0,0,0,0,0,0,0,0,0,0,0,0,0,0,0,0,0,0,0,0,0,0,0,0,0,0,0,0,0,0,0,0,0,0,0,0,0,0,0,0,0,0,0,0,0,0,0,0,0,0,0,0,0,0,0
"BLZ",0,0,0,0,0,0,0,0,0,0,0,0,0,0,0,0,0,0,0,0,0,0,0,0,0,0,0,0,0,0,0,0,0,0,0,0,0,0,0,0,0,0,0,0,0,0,0,0,0,0,0,0,0,0,0,0,0,0,0,0,0,0,0,0,0,0,0,0,0,0,0,0,0,0,0,0,0,0,0,0,0,0,0,0,0,0,0,0,0,0,0,0,0,0,0,0,0,0,0,0,0,0,0,0,0,0,0,0,0,0,0,0,0,0,0,0,0,0,0,0,0,0,0,0,0,0,0,0,0,0,0,0,0,0,0,0,0,0,0,0,0,0,0,0,0,0,0,0,0,0,0,0,0,0,0,0,0,0,0,0,0,0,0,0,0,0,0,0,0,0,0,0,0,0,0,0,0,0,0,0,0,0,0,0,0,0,0,0,0,0,0,0,0,0,0
"SLB",0,0,0,0,0,0,0,0,0,0,0,0,0,0,0,0,0,0,0,0,0,0,0,0,0,0,0,0,0,0,0,0,0,0,0,0,0,0,0,0,0,0,0,0,0,0,0,0,0,0,0,0,0,0,0,0,0,0,0,0,0,0,0,0,0,0,0,0,0,0,0,0,0,0,0,0,0,0,0,0,0,0,0,0,0,0,0,0,0,0,0,0,0,0,0,0,0,0,0,0,0,0,0,0,0,0,0,0,0,0,0,0,0,0,0,0,0,0,0,0,0,0,0,0,0,0,0,0,0,0,0,0,0,0,0,0,0,0,0,0,0,0,0,0,0,0,0,0,0,0,0,0,0,0,0,0,0,0,0,0,0,0,0,0,0,0,0,0,0,0,0,0,0,0,0,0,0,0,0,0,0,0,0,0,0,0,0,0,0,0,0,0,0,0,0
"BRN",0,0,0,0,0,0,0,0,0,0,0,0,0,0,0,0,0,0,0,0,0,0,0,0,0,0,0,0,0,0,0,0,0,0,0,0,0,0,0,0,0,0,0,0,0,0,0,0,0,0,0,0,0,0,0,0,0,0,0,0,0,0,0,0,0,0,0,0,0,0,0,0,0,0,0,0,0,0,0,0,0,0,0,0,0,0,0,0,0,0,0,0,0,0,0,0,0,0,0,0,0,0,0,0,0,0,0,0,0,0,0,0,0,0,0,0,0,0,0,0,0,0,0,0,0,0,0,0,0,0,0,0,0,0,0,0,0,0,0,0,0,0,0,0,0,0,0,0,0,0,0,0,0,0,0,0,0,0,0,0,0,0,0,0,0,0,0,0,0,0,0,0,0,0,0,0,0,0,0,0,0,0,0,0,0,0,0,0,0,0,0,0,0,0,0
"BGR",123615000,10560000,41656960000,54221730000,139415000,0,26575000,374835000,7280000,0,5475000,414160000,0,0,0,0,0,0,0,0,0,0,0,0,0,570105000,0,0,0,477620000,0,0,0,4910000,0,0,0,0,23498520000,571340000,0,56595000,0,0,16140000,0,5.5444e+10,0,0,3690000,0,0,99630000,172200000,0,0,20214285000,0,0,8625055000,2943780000,59040000,0,140671370000,0,0,0,0,0,0,0,0,12052095000,13365690000,0,61759940000,94927810000,0,638370000,9225000,137504990000,28080925000,7380000,0,0,0,924675000,31365000,3.2565e+10,1820000,0,0,0,422505000,0,20295000,0,1845000,1070100000,797040000,0,0,0,0,0,0,452020000,0,0,0,47970000,57395805000,0,78780000,0,0,14197040000,0,0,40944275000,0,0,0,0,0,127095000,0,17690000,10237740000,0,0,0,67953970000,21027210000,91872990000,0,0,0,0,0,370320085000,0,112940000,0,0,31315000,0,0,0,0,0,2615610000,4201355000,0,0,20295000,1070336390000,0,0,0,756450000,11070000,28572030000,295200000,537740000,7425000,2490000,0,0,0,0,167959225000,19782965000,1845000,2.4215e+10,0,9848295000,5141430000,8641165000,0,0,0,0,12044040000,0,7380000,0,0,29565000,0,39539225000,545790000,0,0,0
"MMR",0,0,0,0,0,0,0,0,0,0,0,0,0,0,0,0,0,0,0,0,0,0,0,0,0,0,0,0,0,0,0,0,0,0,0,0,0,0,0,0,0,0,0,0,0,0,0,0,0,0,0,0,0,0,0,0,0,0,0,0,0,0,0,0,0,0,0,0,0,0,0,0,0,0,0,0,0,0,0,0,0,0,0,0,0,0,0,0,0,0,0,0,0,0,0,0,0,0,0,0,0,0,0,0,0,0,0,0,0,0,0,0,0,0,0,0,0,0,0,0,0,0,0,0,0,0,0,0,0,0,0,0,0,0,0,0,0,0,0,0,0,0,0,0,0,0,0,0,0,0,0,0,0,0,0,0,0,0,0,0,0,0,0,0,0,0,0,0,0,0,0,0,0,0,0,0,0,0,0,0,0,0,0,0,0,0,0,0,0,0,0,0,0,0,0
"BDI",0,0,0,0,0,0,0,0,0,0,0,0,0,0,0,0,0,0,0,0,0,0,0,0,0,0,0,0,0,0,0,0,0,0,0,0,0,0,0,0,0,0,0,0,0,0,0,0,0,0,0,0,0,0,0,0,0,0,0,0,0,0,0,0,0,0,0,0,0,0,0,0,0,0,0,0,0,0,0,0,0,0,0,0,0,0,0,0,48430000,0,0,0,0,0,0,0,0,0,0,0,0,0,0,0,0,0,0,0,0,0,0,0,0,0,0,0,0,0,0,0,0,0,0,0,0,0,0,0,0,0,0,0,0,0,0,0,0,0,0,0,0,0,0,0,0,0,0,0,0,0,0,0,0,0,0,0,0,0,0,0,0,0,0,0,0,0,0,0,0,0,0,0,0,0,0,0,0,0,0,0,0,0,0,0,0,0,0,0,0,0,0,0,0,0,0
"CMR",0,0,0,0,0,0,0,0,0,0,0,0,0,0,0,0,0,0,0,0,0,0,0,0,0,0,0,1859160000,0,2911855000,0,0,0,0,1320735000,0,0,0,0,0,0,0,0,0,0,0,0,0,174325000,0,0,0,0,0,0,0,0,1665100000,0,0,0,0,0,0,0,0,0,0,0,0,0,0,0,0,0,0,0,0,0,0,0,0,0,0,0,0,0,0,0,0,0,0,0,0,0,0,0,0,0,0,0,0,0,0,0,0,0,0,0,0,0,0,0,0,0,0,0,0,0,0,0,0,0,0,7380000,0,0,0,0,0,0,0,0,0,0,0,0,0,0,0,0,0,0,0,0,0,0,0,0,0,0,0,0,0,0,0,0,0,0,0,0,0,0,0,0,0,0,0,0,0,0,0,0,0,0,0,0,0,0,0,0,0,0,0,0,0,0,0,0,0,0,0,0,0,0
"CAN",0,0,0,1862846590000,178050000,5460000,1465040000,1559780000,14656980000,222710000,250775000,1234231870000,0,0,22379670000,0,693355505000,0,9240000,0,0,0,0,0,91691350000,0,0,0,3261513340000,769870000,536587155000,231285325000,1249899190000,0,2490000,0,1312485000,374763405000,0,0,0,593070000,22700000,50864895000,0,1024943565000,1036049905000,19695000,3081150000,0,0,0,78490000,1836625000,32370000,0,0,0,0,28909500000,7280000,582751510000,0,26805650000,0,50535000,87035695000,0,124378780000,20109590000,380205000,25233100000,0,0,3320020000,2481315695000,4606023030000,890848140000,2417740830000,97833130000,639485000,2505905635000,8847660000,0,590116435000,3905886910000,1025165000,0,5460000,783230000,180945000,1273941275000,463140000,19920000,0,574955000,0,0,249272550000,0,0,0,0,737722185000,1245000,941880000,0,31740020000,0,3299510530000,267200000,1935820580000,213963740000,0,2.2044e+10,0,632293880000,0,0,0,0,50367170000,11110000,0,465906620000,1628415000,0,63315000,0,0,0,1630399155000,904124390000,11401440000,44515520000,0,0,0,175545000,0,0,0,85430000,696990000,254265000,2516120000,0,1523050000,24794490000,0,0,5460000,0,134739165000,4627570000,975824420000,272749510000,13985000,0,0,835395000,122713865000,0,0,10029745000,96203690000,804083640000,66350770000,138320000,1010890000,122010000,485442280000,0,936673460000,0,0,1541184870000,1364390000,8934746700000,0,56420000,0,2314985680000,1099160340000,113870620000,17546690000,69324210000,0,1133104715000,0,0,0,0,0,0
"CPV",0,0,0,0,0,0,0,0,0,0,0,0,0,0,0,0,0,0,0,0,0,0,0,0,0,0,0,0,0,0,0,0,0,0,0,0,0,0,0,0,0,0,0,0,0,0,0,0,0,0,0,0,0,27675000,0,0,0,0,0,0,0,0,0,0,0,0,0,4369845000,0,0,0,0,0,0,0,0,0,0,0,0,0,0,0,0,0,0,0,0,0,0,0,0,0,0,0,0,0,0,0,0,0,0,0,0,0,0,0,0,0,0,0,0,0,0,0,0,0,0,0,0,0,0,0,0,0,0,0,0,0,0,0,0,0,0,0,0,0,0,0,0,0,0,0,0,0,0,0,0,0,0,0,0,0,0,0,0,32970000,0,0,0,0,0,0,0,0,0,0,0,0,0,0,0,0,0,0,0,0,0,0,0,0,0,0,0,0,0,0,0,0,0,0,0,0,0,0
"CAF",0,0,0,0,0,0,0,0,0,0,0,0,0,0,0,0,0,0,0,0,0,0,0,0,0,0,0,0,0,0,0,0,0,0,0,0,0,0,0,0,0,0,0,0,0,0,0,0,0,0,0,0,0,0,0,0,0,0,0,0,0,0,0,0,0,0,0,0,0,0,0,0,0,0,0,0,0,0,0,0,0,0,0,0,0,0,0,0,0,0,0,0,0,0,0,0,0,0,0,0,0,0,0,0,0,0,0,0,0,0,0,0,0,0,0,0,0,0,0,0,0,0,0,0,0,0,0,0,0,0,0,0,0,0,0,0,0,0,0,0,0,0,0,0,0,0,0,0,0,0,0,0,0,0,0,0,0,0,0,0,0,0,0,0,0,0,0,0,0,0,0,0,0,0,0,0,0,0,0,0,0,0,0,0,0,0,0,0,0,0,0,0,0,0,0
"LKA",0,0,0,0,0,0,0,0,0,0,0,0,0,0,0,0,0,0,0,0,0,0,0,0,0,0,0,0,0,0,0,0,0,0,0,0,0,0,0,0,0,0,0,0,0,0,0,0,0,0,0,0,0,0,0,0,0,0,0,0,0,0,0,0,0,0,0,0,0,0,0,0,0,0,0,0,0,0,0,0,0,0,0,0,0,0,0,0,0,0,0,0,0,0,0,0,0,0,0,0,0,0,0,0,0,0,0,0,0,0,0,0,0,0,0,0,0,0,0,0,0,0,0,0,0,0,0,0,0,0,0,0,0,0,0,0,0,0,0,0,0,0,0,0,0,0,0,0,0,0,0,0,0,0,0,0,0,0,0,0,0,0,0,0,0,0,0,0,0,0,0,0,0,0,0,0,0,0,0,0,0,0,0,0,0,0,0,0,0,0,0,0,0,0,0
"TCD",0,0,0,0,0,0,0,0,0,0,0,0,0,0,0,0,0,0,0,0,0,0,0,0,0,0,0,0,0,0,0,0,0,0,0,0,0,0,0,0,0,0,0,0,0,0,0,0,0,0,0,0,0,0,0,0,0,0,0,0,0,0,0,0,0,0,0,0,0,0,0,0,0,0,0,0,0,0,0,0,0,0,0,0,0,0,0,0,0,0,0,0,0,0,0,0,0,0,0,0,0,0,0,0,0,0,0,0,0,0,0,0,0,0,0,0,0,0,0,0,0,0,0,0,0,0,0,0,0,0,0,0,0,0,0,0,0,0,0,0,0,0,0,0,0,0,0,0,0,0,0,0,0,0,0,0,0,0,0,0,0,0,0,0,0,0,0,0,0,0,0,0,0,0,0,0,0,0,0,0,0,0,0,0,0,0,0,0,0,0,0,0,0,0,0
"CHL",0,0,0,0,0,1835965000,5535000,1820000,0,0,0,0,0,0,4074865000,0,1789375000,0,0,0,0,0,0,0,0,25750000,0,0,0,0,0,51660000,3050570000,0,0,0,1522365000,1672955000,0,0,7380000,0,0,995250000,0,3302240000,0,466210000,0,0,0,0,0,7380000,536705000,0,0,0,0,3640000,0,0,0,0,0,9225000,2660320000,0,0,7175640000,1104595000,0,0,0,0,3690000,0,0,0,0,0,5010000,0,0,5535000,285975000,0,0,0,0,0,0,0,5505000,0,1845000,0,0,0,0,0,0,0,0,0,0,0,0,0,2358090000,27675000,0,0,0,0,0,0,0,0,0,0,79265000,268770000,0,0,0,0,1046575000,0,0,3200100000,2197730000,0,0,0,0,0,0,0,0,0,0,0,0,0,0,0,0,0,0,0,0,0,0,0,0,15905000,42345000,0,0,54920000,0,0,0,0,0,5535000,0,0,7380000,0,0,0,0,0,0,0,0,10609025000,0,304395000,0,7324480000,12915000,0,0,0,29390000,0,0,0,0,0,0,0
"CHN",42435000,0,0,0,0,0,34432835000,29360000,0,22140000,14760000,85653505000,0,0,0,9100000,169765000,0,12915000,9225000,217650000,1845000,79091130000,0,47895000,5447550000,0,0,45059085000,0,50860000,0,0,254800000,23985000,0,11010000,250920000,141355000,143910000,315495000,1191240000,7380000,12915000,3690000,45590000,106105000,0,38535000,0,0,140220000,14760000,1836810000,112545000,0,11070000,0,18450000,375145000,0,11287485000,1845000,68215000,0,0,86715000,272535000,1835000,0,19695000,583271645000,143820000,44820000,0,1730490000,1234058335000,46125000,206640000,35460000,807555000,1329285000,175275000,1848555000,5535000,139584110000,130995000,7166415000,5525000,18450000,513628380000,2444696480000,389385000,0,223860000,309305000,0,18450000,394830000,5535000,11830630000,1371420000,0,151217655000,544275000,0,1835000,0,678765000,492930000,82399590000,66420000,1845000,23985000,18450000,115035000,3698505000,0,0,0,7380000,1642590000,0,0,71955000,23915000,64575000,304470000,0,4219585000,0,79275000,1800082145000,64225000,378110000,1845000,0,0,44280000,0,70560000,0,13330360000,0,0,0,0,3974010000,7340000,3690000,57195000,0,0,18416690000,0,602730000,1171840000,0,3397695000,5535000,51750000,47710000,0,0,1618320000,0,283337545000,1600445000,0,47970000,140220000,0,156305000,46551720000,5535000,0,6373580000,210705000,31264810000,12915000,5535000,1474910000,123435000,706616055000,36825000,390390000,11070000,5475000,1328440000,0,0,0,0,0,88560000
"COL",0,0,0,0,293355000,0,1104555000,11070000,0,0,59040000,0,0,0,191880000,0,1014750000,0,0,0,0,0,0,0,12915000,89805000,0,25830000,0,0,415125000,0,0,0,453870000,0,602115000,5020245000,0,0,0,0,147600000,1712160000,0,21113375000,0,267525000,0,0,0,0,0,1804410000,0,0,0,190035000,14760000,27675000,0,607005000,0,0,0,42435000,909585000,0,2036880000,138375000,83025000,0,0,0,0,0,0,0,0,0,0,20295000,7380000,0,374535000,35055000,0,0,0,0,0,0,0,0,0,0,0,0,0,0,0,0,0,0,0,0,0,11070000,0,2338860000,0,0,0,0,0,0,937260000,0,0,0,0,73800000,0,0,0,0,0,1723250000,0,0,0,1536885000,0,7380000,75645000,0,0,0,0,0,0,0,1845000,0,400365000,90405000,0,0,75645000,0,0,0,0,0,0,0,2489295000,1749060000,0,0,0,1845000,0,0,0,0,0,38745000,0,926190000,0,0,0,0,0,0,315320000,0,23324840000,0,0,0,27169090000,0,0,0,0,0,0,0,0,0,0,0,0
"COM",0,0,0,0,0,0,0,0,0,0,0,0,0,0,0,0,0,0,0,0,0,0,0,0,0,0,0,0,0,0,0,0,0,0,0,0,0,0,0,0,0,0,0,0,0,0,0,0,0,0,0,0,0,0,0,0,0,0,0,0,0,0,0,0,0,0,0,0,0,0,0,0,0,0,0,0,0,0,0,0,0,0,0,0,0,0,0,0,0,0,0,0,0,0,0,0,0,0,0,0,0,0,0,0,0,0,0,0,0,0,0,0,0,0,0,0,0,0,0,0,0,0,0,0,0,0,0,0,0,0,0,0,0,0,0,0,0,0,0,0,0,0,0,0,0,0,0,0,0,0,0,0,0,0,0,0,0,0,0,0,0,0,0,0,0,0,0,0,0,0,0,0,0,0,0,0,0,0,0,0,0,0,0,0,0,0,0,0,0,0,0,0,0,0,0
"COG",0,0,0,0,0,0,0,0,0,0,0,0,0,0,0,0,0,0,0,0,0,0,0,0,0,0,0,0,0,0,0,0,0,0,0,0,0,0,0,0,0,0,0,0,0,0,0,0,0,0,0,0,0,0,0,0,0,0,0,0,0,0,0,0,0,0,0,0,0,0,0,0,0,0,0,0,0,0,0,0,0,0,0,0,0,0,0,0,0,0,0,0,0,0,0,0,0,0,0,0,0,0,0,0,0,0,0,0,0,0,0,0,0,0,0,0,0,0,0,0,0,0,0,0,0,0,0,0,0,0,0,0,0,0,0,0,0,0,0,0,0,0,0,0,0,0,0,0,0,0,0,0,0,0,0,0,0,0,0,0,0,0,0,0,0,0,0,0,0,0,0,0,0,0,0,0,0,0,0,0,0,0,0,0,0,0,0,0,0,0,0,0,0,0,0
"COK",0,0,0,0,0,0,0,0,0,0,0,0,0,0,0,0,0,0,0,0,0,0,0,0,0,0,0,0,0,0,0,0,0,0,0,0,0,0,0,0,0,0,0,0,0,0,0,0,0,0,0,0,0,0,0,0,0,0,0,0,0,0,0,0,0,0,0,0,0,0,0,0,0,0,0,0,0,0,0,0,0,0,0,0,0,0,0,0,0,0,0,0,0,0,0,0,0,0,0,0,0,0,0,0,0,0,0,0,0,0,0,0,0,0,0,0,0,0,0,0,0,0,0,0,0,0,0,0,0,0,0,0,0,0,0,0,0,0,0,0,0,0,0,0,0,0,0,0,0,0,0,0,0,0,0,0,0,0,0,0,0,0,0,0,0,0,0,0,0,0,0,0,0,0,0,0,0,0,0,0,0,0,0,0,0,0,0,0,0,0,0,0,0,0,0
"CRI",7380000,0,0,0,20295000,0,0,0,0,0,302775000,0,0,0,0,0,0,0,0,0,0,0,0,0,0,0,0,0,0,0,0,0,952020000,0,0,0,0,0,0,0,0,0,177120000,6112130000,0,0,0,15498875000,0,0,0,0,0,62730000,0,0,0,0,0,0,0,0,0,0,0,9175000,36607625000,281905000,73800000,2335770000,17961420000,0,0,0,0,0,0,0,0,0,0,0,0,0,2746295000,0,0,0,0,0,0,0,0,0,0,0,0,0,0,0,0,0,0,0,0,0,0,0,0,1344735000,0,0,0,0,0,0,0,0,0,0,0,0,111245635000,0,0,0,0,25309940000,0,0,0,0,0,0,0,0,0,0,0,0,0,0,0,0,40590000,0,0,0,0,0,0,0,0,0,0,0,0,55350000,0,0,0,12915000,0,0,0,0,0,0,0,2330585000,0,0,0,0,0,0,0,0,16105660000,0,0,0,0,0,0,0,0,0,0,0,0,0,0,0,0
"CUB",0,0,0,0,0,0,0,0,0,0,0,0,0,0,0,0,0,0,0,0,0,0,0,0,0,0,0,0,0,0,0,0,0,0,0,0,0,0,0,0,0,0,0,0,0,0,0,0,0,0,0,0,0,0,0,0,0,0,0,0,0,0,0,0,0,0,0,0,0,0,0,0,0,0,0,0,0,0,0,0,0,0,0,0,0,0,0,0,0,0,0,0,0,0,0,0,0,0,0,0,0,0,0,0,0,0,0,0,0,0,0,0,0,0,0,0,0,0,0,0,0,0,0,0,0,0,0,0,0,0,0,0,0,0,0,0,0,0,0,0,0,0,0,0,0,0,0,0,0,0,0,0,0,0,0,0,0,0,0,0,0,0,0,0,0,0,0,0,0,0,0,0,0,0,0,0,0,0,0,0,0,0,0,0,0,0,0,0,0,0,0,0,0,0,0
"CYP",0,118300000,0,0,0,0,21165000,0,0,759975000,0,187460000,0,0,0,0,0,0,0,0,324065000,0,0,0,0,0,0,0,0,0,0,0,0,0,0,0,0,0,0,0,0,0,0,0,0,0,0,0,0,0,0,0,1835000,0,0,0,0,0,0,0,0,0,0,230480000,0,0,0,0,0,0,0,0,0,0,0,2748200000,0,0,0,0,0,0,0,0,0,7340000,939120000,0,0,0,0,0,5908060000,0,0,1533275000,0,0,0,0,0,0,0,0,0,0,1845000,0,0,0,0,0,0,0,0,40040000,0,0,0,0,0,0,0,0,0,0,20020000,0,0,0,0,0,0,0,0,0,0,0,1118305000,1845000,0,0,0,0,0,0,0,5988590000,0,0,0,0,0,0,0,0,0,0,0,0,14735000,0,0,0,0,0,0,0,0,0,1087340000,0,0,5589485000,0,0,1292460000,0,19175000,0,0,0,0,101920000,0,109200000,0,0,0,0,0,0,0,0,0
"AZE",0,0,0,0,0,0,0,0,0,0,0,0,0,0,0,0,0,0,0,0,0,0,0,0,0,0,0,0,0,0,0,0,0,0,0,0,0,0,0,0,0,0,0,0,0,0,0,0,0,0,0,0,0,0,0,0,42447415000,0,0,0,0,0,0,0,0,0,0,0,0,0,0,0,0,0,0,0,0,64225000,0,0,0,0,0,828405000,0,0,0,0,0,0,0,0,0,0,0,0,0,0,0,0,0,0,0,0,0,0,0,0,0,0,0,0,0,0,0,0,0,0,0,0,0,0,0,0,0,0,0,0,0,0,0,0,0,0,0,0,0,0,0,0,0,0,274905000,0,0,0,0,0,0,0,0,0,0,0,0,0,0,0,149445000,0,0,0,0,0,0,0,0,0,0,0,0,0,33210000,0,0,0,0,0,0,0,0,0,0,0,0,0,0,0,0,0,0,0,0,0,0
"BEN",0,0,0,0,0,0,0,0,0,0,0,0,0,0,0,0,0,0,0,0,0,0,0,0,0,0,0,0,0,0,0,0,0,0,0,0,0,0,0,0,0,0,0,0,0,0,0,0,0,0,0,0,0,0,0,0,0,0,0,0,0,0,0,0,0,0,0,0,0,0,0,0,0,0,0,0,0,0,0,0,0,0,0,0,0,0,0,0,0,0,0,0,0,0,0,0,0,0,0,0,0,0,0,0,0,0,0,0,0,0,0,0,0,0,0,0,0,0,0,0,0,0,0,5896800000,78905000,0,0,0,0,0,0,0,0,0,0,0,0,0,0,0,0,0,0,0,0,0,0,0,0,0,0,0,0,0,0,0,0,0,0,0,0,0,0,0,0,0,0,0,0,0,0,0,0,0,0,0,0,0,0,5605600000,0,0,0,0,0,0,0,0,0,0,0,0,0,0,0
"DNK",64575000,4935000,12915000,3690000,1845000,356085000,4049775000,720800000,0,36900000,62730000,3690000,0,77190000,0,0,843165000,0,29520000,0,27675000,183115000,0,0,14760000,4629105000,0,0,256035000,0,1254600000,4225050000,444645000,0,3690000,0,405900000,23655000,137775000,278595000,199260000,0,0,964935000,1845000,228780000,3690000,64575000,0,756330000,14494040000,11070000,13701470000,14949650000,59040000,0,44280000,0,27675000,731487385000,0,252765000,0,1027310000,0,0,363465000,5535000,44280000,107010000,95940000,19900170000,373425000,327340000,39856430000,479700000,0,1845000,0,34541560000,11396710000,54095100000,62775000,317315000,90405000,5542935000,1845000,0,156240000,0,0,1978455000,25830000,15260530000,0,130385000,0,27675000,0,518985000,0,0,0,464940000,0,3690000,389985000,3690000,84870000,3512880000,12915000,28408625000,0,9225000,0,0,590590190000,0,59040000,12915000,0,647595000,1845000,35055000,214020000,243151685000,38745000,308115000,422505000,0,59040000,254610000,508020000,185168240000,102178240000,0,0,0,53505000,0,197415000,0,8165535000,0,40590000,1845000,0,160515000,51660000,0,64575000,63975000,197160000,906630000,0,899760000,556647915000,22140000,12915000,0,165284685000,1346720000,11070000,0,272460000,88560000,197415000,47970000,0,383760000,86715000,42830490000,20295000,1217100000,22140000,0,67290410000,562725000,48517965000,29520000,195570000,0,223245000,132840000,3640000,0,0,0,2609875000,142350000,22140000,0,0,0,0
"DMA",0,0,0,0,0,0,0,0,0,0,0,0,0,0,0,0,0,0,0,0,0,0,0,0,0,0,0,0,0,0,0,0,0,0,0,0,0,0,0,0,0,0,0,0,0,0,0,0,0,0,0,0,0,0,0,0,0,0,0,0,0,0,0,0,0,0,0,0,0,0,0,0,0,0,0,0,0,0,0,0,0,0,0,0,0,0,0,0,0,0,0,0,0,0,0,0,0,0,0,0,0,0,0,0,0,0,0,0,0,0,0,0,0,0,0,0,0,0,0,0,0,0,0,0,0,0,0,0,0,0,0,0,0,0,0,0,0,0,0,0,0,0,0,0,0,0,0,0,0,0,0,0,0,0,0,0,0,0,0,0,0,0,0,0,0,0,0,0,0,0,0,0,0,0,0,0,0,0,1845000,0,0,0,0,0,0,0,0,0,0,0,0,0,0,0,0
"DOM",0,0,0,0,0,0,0,0,0,0,0,0,0,0,0,0,0,0,0,0,0,0,0,0,0,0,0,0,0,0,0,0,0,0,0,0,0,0,0,0,0,0,0,0,0,0,0,0,0,0,0,0,0,0,0,0,0,0,0,0,0,0,0,0,0,0,0,0,0,0,0,0,0,0,0,0,0,0,0,0,0,0,0,0,0,0,0,0,0,0,0,0,0,0,0,0,0,0,0,0,0,0,0,0,0,0,0,0,0,0,0,0,0,0,0,0,0,0,0,0,0,0,0,0,0,0,0,0,0,0,0,0,0,0,0,0,0,0,0,0,0,0,0,0,0,0,0,0,0,0,0,0,0,0,0,0,0,0,0,0,0,0,0,0,0,0,0,0,0,0,0,0,0,0,0,0,0,0,0,0,0,0,0,0,0,0,0,0,0,0,0,0,0,0,0
"BLR",1845000,0,0,0,0,0,1835000,0,0,0,0,0,0,0,0,0,0,0,0,0,0,0,0,0,0,3090000,0,0,0,0,0,0,0,0,0,0,0,0,0,83025000,0,0,0,0,0,0,0,0,0,0,0,0,0,0,0,0,55350000,0,0,92295000,0,0,0,3690000,0,0,0,0,0,0,0,0,0,0,0,0,0,0,0,0,51660000,0,0,35055000,0,0,0,22140000,0,0,0,0,0,12915000,0,0,0,0,0,0,0,0,0,0,0,0,0,0,0,0,1845000,0,0,174380000,0,0,0,0,0,0,0,0,0,0,0,0,0,0,44460000,0,0,0,0,0,0,0,0,0,0,0,0,0,12463790000,0,0,0,0,0,0,0,0,0,0,0,0,0,0,0,118080000,0,0,0,0,0,0,0,0,0,0,0,0,0,0,0,0,0,0,31410000,487475000,0,0,0,0,0,0,0,0,0,0,0,0,0,0,0,0
"ECU",0,0,0,0,0,116235000,0,0,0,0,0,0,0,0,0,0,1776735000,0,0,0,0,0,0,0,0,0,0,0,0,0,5535000,0,3724430000,0,0,0,0,0,0,0,0,0,0,0,0,0,0,0,0,0,0,0,0,0,0,0,0,0,0,0,0,0,0,0,0,0,5535000,0,0,0,0,0,0,0,0,0,0,0,0,0,0,5665000,0,0,0,0,0,0,0,0,0,0,0,0,0,0,0,0,0,0,0,0,0,0,0,0,0,0,0,73800000,0,0,0,0,0,0,0,0,0,0,0,0,0,0,0,0,0,0,0,0,0,358595000,0,0,0,0,0,0,0,0,0,0,0,0,0,0,0,0,0,0,0,0,0,0,0,0,1136710000,0,0,0,0,0,0,0,0,0,0,0,0,0,0,0,0,0,0,0,0,0,1904640000,0,0,0,2075625000,0,0,0,0,0,0,0,0,0,0,0,0
"EGY",0,0,0,2328985000,0,0,55350000,5535000,0,105165000,0,0,0,0,0,0,0,0,0,0,0,0,0,0,33210000,25830000,0,0,0,53505000,0,31365000,0,0,0,0,0,0,0,0,22015000,0,0,0,0,0,0,0,0,0,0,0,0,2088540000,0,68265000,0,31365000,0,359775000,0,18450000,0,0,0,0,0,62730000,0,0,0,0,11070000,0,0,11070000,0,0,1188425000,27675000,147675000,81180000,60885000,0,0,84870000,4611405000,0,6380635000,0,0,0,177740000,0,0,871505000,0,0,29154030000,0,0,204445000,0,0,0,0,0,0,0,0,0,918810000,0,0,0,0,25050000,0,0,0,0,0,0,0,0,0,66420000,0,0,0,0,0,0,0,0,0,0,18450000,482400000,0,7380000,0,0,0,0,0,0,17777125000,0,0,0,0,0,46125000,0,9225000,684495000,0,22140000,0,0,0,47970000,0,0,0,0,0,0,0,208360000,0,0,4371005000,0,0,456960000,0,163855000,0,0,0,0,0,0,4494835000,0,9225000,0,0,0,0,0,0,6746860000
"SLV",0,0,0,0,0,0,0,0,0,0,0,0,0,0,0,0,0,0,763830000,0,0,0,0,0,0,7380000,0,0,0,0,0,0,0,0,0,0,4921595000,913275000,0,0,0,0,0,11516490000,0,0,0,0,0,0,0,0,0,0,0,0,0,0,0,0,0,0,0,0,0,0,88681640000,0,0,985230000,38928815000,0,0,0,0,0,0,0,0,0,0,0,0,0,0,7380000,0,0,0,0,0,0,0,0,0,0,0,0,0,0,0,0,0,0,0,0,0,0,0,1191870000,0,0,0,0,0,0,0,0,0,0,0,0,17324965000,0,0,0,0,188190000,0,0,0,0,0,0,0,0,0,0,0,0,0,0,0,0,0,0,0,0,0,0,0,0,0,0,0,0,1845000,0,0,0,0,0,0,0,0,0,0,0,0,0,0,0,0,0,0,0,0,0,11456960000,0,0,0,0,0,0,0,0,0,0,0,0,0,0,0,0
"GNQ",0,0,0,0,0,0,0,0,0,0,0,0,0,0,0,0,0,0,0,0,0,0,0,0,0,0,0,0,0,0,0,0,0,0,0,0,0,0,0,0,0,0,0,0,0,0,0,0,0,0,0,0,0,0,0,0,0,0,0,0,0,0,0,0,0,0,0,0,0,0,0,0,0,0,0,0,0,0,0,0,0,0,0,0,0,0,0,0,0,0,0,0,0,0,0,0,0,0,0,0,0,0,0,0,0,0,0,0,0,0,0,0,0,0,0,0,0,0,0,0,0,0,0,0,0,0,0,0,0,0,0,0,0,0,0,0,0,0,0,0,0,0,0,0,0,0,0,0,0,0,0,0,0,0,0,0,0,0,0,0,0,0,0,0,0,0,0,0,0,0,0,0,0,0,0,0,0,0,0,0,0,0,0,0,0,0,0,0,0,0,0,0,0,0,0
"EST",0,0,0,0,0,0,0,0,0,0,0,0,0,0,0,0,0,0,0,0,0,0,0,0,0,0,0,0,0,0,0,0,0,0,0,0,0,0,0,139310000,0,8309995000,0,0,20295000,0,0,0,0,0,0,0,21136005000,3690000,0,0,0,0,0,31914305000,0,0,0,1820000,0,0,0,0,0,0,0,0,0,3690000,0,0,0,0,0,1845000,0,0,0,101230000,0,0,0,0,0,0,0,0,0,29499610000,0,0,0,0,0,21713795000,0,0,0,0,0,0,3090000,0,0,0,0,0,0,0,0,0,37456345000,0,0,0,0,0,0,0,0,1245000,0,0,90405000,0,0,0,0,2146440000,0,0,0,0,0,0,3690000,0,6167125000,0,0,0,0,0,0,0,0,0,5535000,0,0,0,0,0,0,0,11380005000,0,0,0,0,0,0,0,0,0,0,0,0,454240000,0,0,9835000,491910000,0,0,0,0,0,0,0,0,0,0,14760000,2490000,0,0,0,0,0
"FRO",0,0,0,0,0,0,0,0,0,0,0,0,0,0,0,0,0,0,0,0,0,0,0,0,0,0,0,0,0,0,0,0,0,0,0,0,0,0,0,0,0,0,0,0,0,0,0,0,0,0,0,0,0,0,0,0,0,0,0,0,0,0,0,0,0,0,0,0,0,0,0,0,0,0,0,0,0,0,0,0,0,0,0,0,0,0,0,0,0,0,0,0,0,0,0,0,0,0,0,0,0,0,0,0,0,0,0,0,0,0,0,0,0,0,0,0,0,0,0,0,0,0,0,0,0,0,0,0,0,0,0,0,0,0,0,0,0,0,0,0,0,0,0,0,0,0,0,0,0,0,0,0,0,0,0,0,0,0,0,0,0,0,0,0,0,0,0,0,0,0,0,0,0,0,0,0,0,0,0,0,0,0,0,0,0,0,0,0,0,0,0,0,0,0,0
"FJI",0,0,0,0,0,0,21861195000,0,0,0,0,0,0,0,0,0,0,0,0,1331680000,0,0,0,0,0,112495000,0,0,0,0,0,0,0,0,0,1018350000,0,0,0,0,0,0,0,0,0,0,0,0,0,0,0,0,0,0,4090740000,0,0,0,0,0,0,0,3329960000,0,0,0,0,0,0,0,0,0,0,0,0,0,0,0,0,0,0,0,0,0,0,0,0,0,0,0,0,0,0,0,0,0,0,0,0,0,0,0,0,0,0,0,0,0,0,0,0,0,23925000,0,0,0,0,0,1139385000,0,20436065000,11399635000,0,0,0,0,0,0,0,555135000,0,0,0,0,0,0,0,0,0,0,0,0,0,0,0,0,0,0,0,0,0,0,0,0,0,0,0,0,0,0,0,0,0,0,0,0,0,0,20020050000,0,0,0,0,0,0,939790000,0,0,1872705000,0,0,0,0,0,0,0,0,0,0,0,0,0,0,0,0
"FIN",0,0,0,0,0,0,90885000,388440000,0,0,0,0,0,0,0,0,0,0,0,0,0,64740000,0,0,0,367185000,0,0,0,0,6225000,38595000,0,0,0,0,0,0,0,0,0,6459835000,0,0,204215000,0,0,0,0,30808040000,1845000,0,0,912865000,0,0,0,0,0,40163215000,9915000,0,0,156870000,0,0,0,0,0,0,0,0,27390000,34860000,498705000,11205000,0,0,0,5528985000,78435000,11115000,0,87990000,0,21765000,0,0,1245000,0,0,3065000,11205000,6149675000,0,4335000,0,0,0,956895000,0,0,0,123760000,0,0,4915000,0,0,0,0,4821290000,0,22040000,0,0,18130775000,0,0,0,0,0,0,0,0,25625390000,0,2490000,1114870000,0,0,0,3735000,12686095000,8861390000,0,0,0,0,0,93375000,0,16849495000,0,0,0,0,0,0,0,0,2490000,551460000,1245000,0,178035000,28246340000,0,0,0,32362590000,159960000,0,0,7470000,0,0,0,0,0,0,0,32370000,0,0,0,25088355000,270470000,1053845000,0,0,0,0,0,0,0,0,0,37510000,25090000,0,0,0,0,0
"FRA",81900000,445175000,5028030000,8414996665000,1845000,11070000,3656805000,31893175000,144230000,2036370000,52955000,8744120000,0,0,0,0,1637295000,0,0,0,12915000,1753285000,0,5535000,860866670000,16927980000,64832775000,94918755000,0,117243840000,34860000,1153760000,222610000,14674795000,128448740000,0,139395000,48035660000,205194965000,0,129200185000,63990100000,1845000,130520000,28150000,5.46e+08,2464167220000,0,37049050000,1972795000,0,0,13847745000,0,49143040000,3109430000,15470000,268791975000,2390750000,2185712410000,361355000,259071420000,0,833757730000,0,0,4980000,245276970000,0,29409455000,0,959955000,4113630000,420300000,1133625000,473025920000,88575000,0,11070000,289429815000,87434410000,7413369270000,1047323545000,0,0,23756480000,929550000,0,0,110215000,27525000,2141690000,8.75e+08,155355000,0,9554085000,0,5358925000,437445230000,1553155000,2734100000,143256265000,0,918120000,5535000,241424265000,24688695000,579999575000,390813900000,2650535000,18450000,2936789925000,0,33210000,0,1845000,7664838295000,0,10801250000,570890000,44615000,9870000,0,49003080000,2.91955e+11,49767570000,0,8670000,13698865000,0,0,0,2440620000,8709430000,2096802480000,20320535000,0,0,2525535000,0,2055235000,78260000,7130110000,0,40590000,0,33200000,7.0135e+10,1128609305000,116165000,1845000,956985000,209660000,2325120000,0,16782765000,3964565770000,36900000,1820000,0,30203060000,277259125000,53505000,0,982670000,0,820185000,214619700000,0,0,2049735000,541081460000,91106205000,28289700000,768040000,0,1052036820000,465145000,21695125000,173618365000,38220000,0,0,462435000,2490000,170082880000,252876225000,0,6723849560000,108092720000,129240000,2490000,0,0,25830000
"PYF",0,0,0,0,0,0,0,0,0,0,0,0,0,0,0,0,0,0,0,0,0,0,0,0,0,0,0,0,0,0,0,0,0,0,0,0,0,0,0,0,0,0,0,0,0,0,0,0,0,0,0,0,0,0,0,0,0,0,0,0,0,0,0,0,0,0,0,0,0,0,0,0,0,0,0,0,0,0,0,0,0,0,0,0,0,0,0,0,0,0,0,0,0,0,0,0,0,0,0,0,0,0,0,0,0,0,0,0,0,0,0,0,0,0,0,0,0,0,0,0,0,0,0,0,0,0,0,0,0,0,0,0,0,0,0,0,0,0,0,0,0,0,0,0,0,0,0,0,0,0,0,0,0,0,0,0,0,0,0,0,0,0,0,0,0,0,0,0,0,0,0,0,0,0,0,0,0,0,0,0,0,0,0,0,0,0,0,0,0,0,0,0,0,0,0
"DJI",0,0,0,0,0,0,0,0,0,0,0,0,0,0,0,0,0,0,0,0,0,0,0,0,0,0,0,0,0,0,0,0,0,0,0,0,0,0,0,0,0,0,0,0,0,0,0,0,0,0,0,0,0,0,0,0,0,0,0,0,0,0,0,0,0,0,0,0,0,0,0,0,0,0,0,0,0,0,0,0,0,0,0,0,0,0,0,0,0,0,0,0,0,0,0,0,0,0,0,0,0,0,0,0,0,0,0,0,0,0,0,0,0,0,0,0,0,0,0,0,0,0,0,0,0,0,0,0,0,0,0,0,0,0,0,0,0,0,0,0,0,0,0,0,0,0,0,0,0,0,0,0,0,0,0,0,0,0,0,0,0,0,0,0,0,0,0,0,0,0,0,0,0,0,0,0,0,0,0,0,0,0,0,0,0,0,0,0,0,0,0,0,0,0,0
"GEO",108983055000,0,0,0,0,0,0,0,0,0,0,0,0,0,0,0,0,0,0,0,0,0,0,0,0,0,0,0,0,0,0,0,0,0,0,0,0,0,0,5535000,0,0,0,0,0,0,0,0,0,0,0,0,0,0,0,0,0,0,0,0,0,0,0,0,0,0,0,0,0,0,0,0,0,0,0,0,0,0,0,0,0,0,0,0,0,0,0,0,0,0,0,0,0,0,0,0,0,0,0,0,0,0,0,0,0,0,0,0,0,0,0,0,0,0,0,0,0,0,0,0,0,0,0,0,0,0,0,0,0,0,0,0,0,0,0,0,0,0,0,0,0,0,0,0,0,0,0,0,0,0,0,0,7380000,0,0,0,0,0,0,0,0,0,0,0,0,0,0,0,0,0,0,0,0,0,0,0,0,0,0,0,0,0,0,0,0,0,0,0,0,0,0,0,0,0,0
"GAB",0,0,0,0,0,0,0,0,0,0,0,0,0,0,0,0,0,0,0,0,0,0,0,0,0,0,0,0,0,0,0,0,0,0,0,0,0,0,0,0,0,0,0,0,0,0,0,0,0,0,0,0,0,0,0,0,0,0,0,0,0,0,0,0,0,0,0,0,0,0,0,0,0,0,0,0,0,0,0,0,0,0,0,0,0,0,0,0,0,0,0,0,0,0,0,0,0,0,0,0,0,0,0,0,0,0,0,0,0,0,0,0,0,0,0,0,0,0,0,0,0,0,0,0,0,0,0,0,0,0,0,0,0,0,0,0,0,0,0,0,0,0,0,0,0,0,0,0,0,0,0,0,0,0,0,0,0,0,0,0,0,0,0,0,0,0,0,0,0,0,0,0,0,0,0,0,0,0,0,0,0,0,0,0,0,0,0,0,0,0,0,0,0,0,0
"GMB",0,0,0,0,0,0,0,0,0,0,0,0,0,0,0,0,0,0,0,0,0,0,0,0,0,0,0,0,0,0,0,0,0,0,0,0,0,0,0,0,0,0,0,0,0,0,0,0,0,0,0,0,0,0,0,0,0,0,0,0,0,0,0,0,0,0,0,0,0,0,0,0,0,0,0,0,0,0,0,0,0,0,0,0,0,0,0,0,0,0,0,0,0,0,0,0,0,0,0,0,0,0,0,0,0,0,0,0,0,0,0,0,0,0,0,0,0,0,0,0,0,0,0,0,0,0,0,0,0,0,0,0,0,0,0,0,0,0,0,0,0,0,0,0,0,0,0,0,0,0,0,0,0,0,0,0,0,0,0,0,0,0,0,0,0,0,0,0,0,0,0,0,0,0,0,0,0,0,0,0,0,0,0,0,0,0,0,0,0,0,0,0,0,0,0
"DEU",33210000,2761830000,42176095000,1070193850000,0,40115000,9910440000,704702290000,0,19798975000,0,2490000,0,0,46820000,0,872065000,0,0,0,46125000,12749075000,27675000,1.67e+09,42165830000,25106825000,0,1845000,0,0,962115000,2306300000,229585000,2111200000,0,0,176460000,54750000,84125400000,328225000,1490605000,653016795000,0,58874930000,960280000,20253300000,96438130000,27675000,0,4165255000,10702540000,0,48915250000,1015364780000,1845000,1576170000,398985000,33210000,1900120000,0,5857315000,32408490000,0,167301370000,0,1845000,40590000,3785600000,0,196762805000,6780000,686140000,79159625000,11303625000,64575670000,166065000,8434830000,392925000,212034620000,90718445000,468377350000,1772679860000,237355000,981885000,33300000,3764750000,243094095000,9215000,160856420000,1845000,1835000,2400290000,931780000,1381605000,0,19561660000,1845000,14615095000,510866425000,3972735000,1845000,0,89860560000,549945000,167735000,50430000,3274395000,33963140000,71355000,1310040000,531435000,396330455000,286285100000,368265000,36567105000,20295000,4691283245000,0,5535000,830675000,0,1673120000,0,220890000,110815490000,283314870000,274905000,53505000,109563195000,0,20295000,113790000,110180000,1296134025000,498374200000,0,0,89180000,564615000,16666600000,14197220000,43420000,51580050000,0,0,0,0,2258975000,32727780000,25830000,11305410000,7771955000,13901195000,1043040000,0,737972505000,995610990000,402385000,3690000,0,134358875000,276253915000,4980000,0,528375000,405046810000,1583590000,11908400000,0,458270000,136644255000,72132705000,160891185000,114469030000,3.841e+10,0,1150401040000,3504800000,67986535000,14858480000,249075000,0,109601815000,301395000,140210000,169480750000,12201560000,0,2282201280000,34081370000,894325000,129150000,0,0,0
"BIH",0,0,0,0,0,0,152830000,226645000,0,0,0,0,0,0,0,0,0,0,0,0,0,0,0,0,0,178360000,0,0,0,0,0,0,0,0,0,0,0,0,0,0,0,699255000,0,0,0,0,0,0,0,0,0,0,0,14760000,0,0,0,0,0,314765000,0,0,0,0,0,0,0,0,0,0,0,0,77490000,22109595000,0,0,0,0,0,0,0,7380000,0,0,0,0,0,0,0,0,0,0,0,0,0,0,0,0,238545000,0,0,0,0,0,0,0,0,0,0,0,0,0,0,0,0,0,179665000,0,0,1931165000,0,0,0,0,0,0,0,0,917390000,0,0,0,0,0,0,0,0,0,0,0,0,0,0,0,0,0,0,0,0,0,0,2186970000,3690000,0,0,0,0,0,0,0,1152460000,79315000,0,0,0,0,0,0,0,0,0,0,0,0,0,0,493530000,0,837970000,0,0,0,0,0,0,0,0,0,0,0,7101595000,3587125000,0,0,0
"GHA",0,0,0,0,0,0,1820000,0,0,0,0,0,0,27675000,0,0,0,0,0,0,0,0,0,0,132840000,0,0,0,0,0,0,0,0,0,0,0,0,0,0,0,0,0,0,0,0,0,0,0,0,0,0,0,0,0,0,0,0,86715000,0,3735000,0,0,0,0,0,0,0,36900000,0,0,0,0,0,0,0,0,0,0,0,0,0,1245000,450180000,0,0,0,0,0,0,0,0,0,0,0,0,0,0,46125000,0,0,0,0,0,0,0,0,0,0,0,0,0,0,0,0,0,0,14760000,0,0,0,0,0,0,282285000,0,0,0,0,0,0,0,0,0,0,0,0,0,0,0,0,0,0,0,0,0,0,0,0,276750000,0,0,0,0,0,0,0,3690000,0,0,0,0,0,0,0,0,0,0,0,0,0,0,0,18350000,0,0,0,8670000,0,5515000,1079475000,0,0,0,0,0,0,0,0,0,0,0,0,0,0,0
"KIR",0,0,0,0,0,0,0,0,0,0,0,0,0,0,0,0,0,0,0,0,0,0,0,0,0,0,0,0,0,0,0,0,0,0,0,0,0,0,0,0,0,0,0,0,0,0,0,0,0,0,0,0,0,0,0,0,0,0,0,0,0,0,0,0,0,0,0,0,0,0,0,0,0,0,0,0,0,0,0,0,0,0,0,0,0,0,0,0,0,0,0,0,0,0,0,0,0,0,0,0,0,0,0,0,0,0,0,0,0,0,0,0,0,0,0,0,0,0,0,0,0,0,0,0,0,0,0,0,0,0,0,0,0,0,0,0,0,0,0,0,0,0,0,0,0,0,0,0,0,0,0,0,0,0,0,0,0,0,0,0,0,0,0,0,0,0,0,0,0,0,0,0,0,0,0,0,0,0,0,0,0,0,0,0,0,0,0,0,0,0,0,0,0,0,0
"GRC",53235000,0,50260990000,47556070000,132120000,51060000,2358140000,11072690000,220200000,427585000,0,3690000,0,0,11070000,0,16605000,0,0,0,0,53592560000,0,0,62410000,1833355000,0,0,0,0,84870000,101465000,0,0,111935000,0,11070000,0,101911495000,0,27675000,8871820000,0,0,0,0,4670745000,0,0,979960000,0,0,367480000,2720670000,0,42205000,77080000,0,5535000,22240050000,0,25830000,0,0,0,0,0,0,14710000,0,0,740485000,320165000,1245000,76440000,85955000,0,0,51380000,78430000,1285635000,541755895000,0,3690000,0,3906555000,25690000,0,77070000,0,0,744485000,293145000,587210000,0,594705000,0,0,23985000,42175000,0,0,0,0,0,0,406755000,5535000,0,199260000,0,116235000,84410000,1845000,0,0,7922825000,0,0,15151800000,0,12960000,0,0,0,164205000,0,118925000,851865000,0,5535000,0,58720000,15244585000,291845000,0,0,0,88080000,111935000,29513080000,0,4490435000,0,0,0,0,608985000,0,0,0,167700000,63260000,151465000,0,943485000,117675200000,0,0,0,3524050000,69950000,0,0,22020000,44070000,22830000,0,0,0,0,0,4189060000,532715000,0,0,166517205000,485145000,24626360000,0,14760000,0,0,0,106600000,4231550000,0,0,7568120000,1845000,719265000,0,0,0,0
"GRL",0,0,0,0,0,0,0,0,0,0,0,0,0,0,0,0,0,0,0,0,0,0,0,0,0,0,0,0,0,0,0,0,0,0,0,0,0,0,0,0,0,0,0,0,0,0,0,0,0,0,0,0,0,0,0,0,0,0,0,0,0,0,0,0,0,0,0,0,0,0,0,0,0,0,0,0,0,0,0,0,0,0,0,0,0,0,0,0,0,0,0,0,0,0,0,0,0,0,0,0,0,0,0,0,0,0,0,0,0,0,0,0,0,0,0,0,0,0,0,0,0,0,0,0,0,0,0,0,0,0,0,0,0,0,0,0,0,0,0,0,0,0,0,0,0,0,0,0,0,0,0,0,0,0,0,0,0,0,0,0,0,0,0,0,0,0,0,0,0,0,0,0,0,0,0,0,0,0,0,0,0,0,0,0,0,0,0,0,0,0,0,0,0,0,0
"GRD",0,0,0,0,2451540000,0,0,0,0,0,1820000,0,0,0,0,0,0,0,0,0,0,0,0,0,0,0,0,0,0,0,0,0,0,0,0,0,0,0,0,0,0,0,4115470000,0,0,0,0,0,0,0,0,0,0,0,0,0,0,0,0,0,0,0,0,0,0,0,0,0,0,0,0,0,0,0,0,0,0,0,0,0,0,0,0,0,0,0,0,0,0,0,0,0,0,0,0,0,0,0,0,0,0,0,0,0,0,0,0,0,0,0,0,0,0,0,0,0,0,0,0,0,0,0,0,0,0,0,0,0,0,0,0,0,0,0,0,0,0,0,0,0,0,0,0,3306940000,4906795000,0,0,0,0,0,0,0,0,0,0,0,0,0,0,0,0,0,0,0,0,0,0,0,0,67340000,0,0,0,0,0,0,0,0,0,0,0,0,0,0,0,0,0,0,0,0,0,0,0,0,0
"GTM",0,0,0,0,0,0,0,0,0,0,0,0,0,0,0,0,0,0,2913730000,0,0,0,0,0,0,0,0,0,0,0,0,0,0,0,0,0,31588150000,2598975000,0,0,0,29520000,0,9966690000,0,0,0,104944345000,0,0,0,0,0,512910000,0,0,0,0,0,0,0,0,0,0,0,0,0,0,0,1370835000,133854775000,0,0,0,0,0,0,0,0,0,0,0,0,0,0,0,0,0,0,0,0,0,0,0,0,0,0,0,0,0,0,0,0,0,0,5535000,0,0,0,19587570000,0,0,0,0,0,0,7380000,0,0,0,0,0,36494165000,0,0,0,0,887395000,0,0,0,0,0,0,0,0,0,0,0,0,0,0,0,0,0,0,0,1845000,0,0,0,0,0,0,0,0,0,0,0,0,0,0,0,0,0,0,0,0,0,0,0,0,0,0,0,0,0,0,2450010000,0,0,0,0,0,0,0,0,0,0,0,0,0,0,0,0
"GIN",0,0,0,0,0,0,0,0,0,0,0,0,0,0,0,0,0,0,0,0,0,0,0,0,0,0,0,0,0,0,0,0,0,0,0,0,0,0,0,0,0,0,0,0,0,0,0,0,0,0,0,0,0,0,0,0,0,0,0,0,0,0,0,0,0,0,0,0,0,0,0,0,0,0,0,0,0,0,0,0,0,0,0,0,0,0,0,0,0,0,0,0,0,0,0,0,0,0,0,0,0,0,0,0,0,0,0,0,0,0,0,0,0,0,0,0,0,0,0,0,0,0,0,0,0,0,0,0,0,0,0,0,0,0,0,0,0,0,0,0,0,0,0,0,0,0,0,0,0,0,0,0,0,0,0,0,0,0,0,0,0,0,0,0,0,0,0,0,0,0,0,0,0,0,0,0,0,0,0,0,0,0,0,0,0,0,0,0,0,0,0,0,0,0,0
"GUY",0,0,0,0,149445000,0,0,0,0,0,502695000,0,0,0,0,0,0,0,0,0,0,0,0,0,0,218365000,0,0,0,0,0,0,0,0,0,0,0,0,0,0,0,0,3670000,0,0,0,0,0,0,0,0,0,0,0,0,0,0,0,0,0,0,0,0,0,0,16515000,0,0,0,0,0,0,0,0,0,0,0,0,0,0,0,0,0,0,0,0,0,0,0,0,0,0,0,0,0,0,0,0,0,0,0,0,0,0,0,0,0,0,0,0,0,0,0,0,0,0,0,0,0,0,0,0,0,0,0,0,0,0,0,0,0,0,0,0,0,0,0,0,0,0,0,0,0,1845000,7280000,0,0,0,0,0,0,0,0,0,0,0,0,12765000,0,0,0,0,0,0,0,0,0,0,0,14805000,0,0,0,0,0,0,23985000,0,405590000,0,0,0,0,0,0,0,0,0,0,0,0,0,0,0,0
"HTI",0,0,0,0,0,0,0,0,0,0,0,0,0,0,0,0,0,0,0,0,0,0,0,0,0,0,0,0,0,0,0,0,0,0,0,0,0,0,0,0,0,0,0,0,0,0,0,0,0,0,0,0,0,0,0,0,0,0,0,0,0,0,0,0,0,0,0,0,0,0,0,0,0,0,0,0,0,0,0,0,0,0,0,0,0,0,0,0,0,0,0,0,0,0,0,0,0,0,0,0,0,0,0,0,0,0,0,0,0,0,0,0,0,0,0,0,0,0,0,0,0,0,0,0,0,0,0,0,0,0,0,0,0,0,0,0,0,0,0,0,0,0,0,0,0,0,0,0,0,0,0,0,0,0,0,0,0,0,0,0,0,0,0,0,0,0,0,0,0,0,0,0,0,0,0,0,0,0,0,0,0,0,0,0,0,0,0,0,0,0,0,0,0,0,0
"HND",0,0,0,0,0,0,0,0,0,0,0,0,0,0,0,0,0,0,58880000,0,0,0,0,0,0,97785000,0,0,0,0,0,23985000,0,0,0,0,706305000,1440945000,0,0,0,0,0,4632795000,0,0,0,6082205000,0,0,0,0,0,0,0,0,0,0,0,0,0,0,0,0,0,0,10535390000,0,0,904050000,0,0,0,0,0,0,0,0,0,0,0,0,0,0,20295000,0,0,0,0,0,0,0,0,0,0,0,0,0,0,0,0,0,0,0,0,0,0,0,0,1079325000,0,0,0,0,0,0,0,0,0,0,0,0,11690130000,0,0,0,0,278595000,0,0,0,25690000,0,0,0,0,0,0,0,0,0,0,0,0,0,0,0,0,0,0,0,0,0,0,0,0,5515000,0,0,0,0,0,0,0,0,0,0,0,0,35055000,0,0,0,0,0,0,0,0,6916580000,0,0,0,0,0,0,0,0,0,0,0,0,0,0,0,0
"HKG",0,0,0,0,0,0,4365140000,0,1845000,7380000,0,0,0,0,0,0,3670000,0,0,16555000,11010000,0,0,0,0,10043865000,0,0,0,0,1835000,72414010000,0,0,0,0,35035000,0,16535000,0,0,102685000,0,1835000,0,9175000,0,0,0,0,0,7360000,23855000,2040235000,0,0,0,0,0,425860000,0,40580000,0,9185000,0,0,119265000,0,0,0,3670000,0,0,0,0,91830000,2158415000,0,0,59355000,0,101075000,0,0,34865000,523860000,0,0,0,918710000,0,296350000,46125000,0,0,0,0,0,0,0,44092250000,45895000,0,4256730000,0,0,0,0,76955000,53505000,0,0,45875000,0,0,14760000,2556735000,0,0,0,0,1358725000,20225000,0,16605000,69790000,0,278285000,0,27510000,0,31170000,847280000,0,38535000,0,0,0,5535000,0,0,0,0,0,0,0,0,3640000,0,35055000,0,0,0,27178030000,0,572785000,110230000,36720000,0,0,148180000,268025000,0,0,3339415000,0,2324770000,16515000,0,44240000,0,0,0,282285000,0,0,3350315000,0,17351770000,0,0,0,95505000,112125000,0,0,1820000,0,180070000,0,0,0,0,0,0
"HUN",0,0,3774870000,139997500000,0,0,298890000,320315010000,0,0,0,0,0,0,0,0,0,0,0,0,0,4074570000,0,0,0,433195000,0,0,0,0,0,36900000,0,0,0,0,11070000,0,3690000,1845000,0,254610000,0,0,327600000,0,66420000,0,0,16650000,0,0,0,622600000,0,0,18425000,0,0,167504615000,572582160000,0,0,627928245000,0,0,0,0,0,0,0,22140000,0,47407270000,55350000,961968430000,0,0,0,106500000,134322140000,772985960000,0,20295000,0,12915000,0,0,4993300000,0,0,0,0,14160000,0,30011605000,0,0,360582855000,648335000,0,0,0,0,0,0,40590000,0,0,0,9225000,16605000,0,1304095000,0,0,138120335000,0,0,15784205000,0,9.1e+07,0,0,0,0,0,5535000,85457595000,0,0,0,0,245005665000,256455000,0,0,0,0,0,907751350000,0,612540000,0,0,0,0,0,0,0,0,261242515000,118620760000,0,0,94095000,45915655000,0,0,0,59040000,27267550000,0,0,9225000,0,1845000,0,0,0,0,93459880000,192296890000,83025000,0,0,10838820000,631240000,952365000,0,118080000,0,0,12915000,0,143802030000,0,0,1695050000,839475000,48375760000,2130070000,0,0,0
"HRV",0,0,1106495000,0,0,0,1.07e+08,186345000,0,0,0,0,0,0,0,0,0,0,0,0,0,64065000,0,0,0,99630000,0,0,0,0,0,0,0,0,0,0,0,0,0,0,0,3690000,0,0,0,0,7380000,0,0,0,0,0,0,9150000,0,0,0,0,0,413105000,493244275000,0,0,4776200000,0,0,0,0,0,0,0,0,2763445000,0,1845000,0,0,0,7380000,1845000,127305000,205237990000,0,0,3690000,0,33210000,0,0,0,0,0,0,0,0,0,0,0,3690000,0,0,0,0,0,0,0,0,0,0,0,0,0,0,0,0,0,16530000,0,0,16280345000,0,0,0,0,0,0,0,0,118080000,0,0,0,0,1723230000,0,0,0,0,0,0,102962180000,0,79335000,0,0,0,0,60885000,0,0,0,32966350000,68265000,0,0,3690000,3690000,0,0,0,57195000,80495000,0,0,0,0,0,0,0,0,0,0,101870000,9225000,0,0,234435000,0,783610000,0,0,0,0,0,0,0,0,0,0,0,12623205000,4351260000,0,0,0
"ISL",0,0,0,0,0,0,0,0,0,0,0,0,0,0,0,0,0,0,0,0,0,0,0,0,0,0,0,0,0,0,0,0,0,0,0,0,0,0,0,0,0,0,0,0,0,0,0,0,0,0,380855000,0,0,0,0,0,0,0,0,0,0,0,0,0,0,0,0,0,0,0,0,0,0,0,0,0,0,0,0,0,0,0,0,0,0,0,0,0,0,0,0,0,0,0,0,0,0,0,0,0,0,0,0,0,0,0,0,0,0,0,0,0,0,0,0,0,0,0,0,0,0,0,0,0,0,0,0,0,0,0,0,0,0,0,0,0,0,0,0,0,0,0,0,0,0,0,0,0,0,0,0,0,0,0,0,0,0,0,0,0,0,0,0,0,0,0,0,0,0,0,0,0,0,0,0,0,0,0,0,0,0,0,0,0,0,0,0,0,0,0,0,0,0,0,0
"IND",0,75645000,0,130995000,0,1820000,13829335000,1994445000,127305000,2614120000,0,9773145000,0,1313935000,0,1078185000,0,0,0,1845000,416830000,218400000,86715000,167895000,1193665000,6629105000,0,0,11452745000,983385000,0,796490000,0,319805000,9745290000,0,0,0,5485000,0,1898480000,63975000,47970000,182655000,0,0,16605000,0,35055000,1845000,0,212175000,9100000,777430000,0,94095000,0,145755000,912825000,1222800000,0,10204430000,1845000,69360000,0,0,0,5645700000,73800000,9684405000,0,1188445000,0,0,0,0,568025000,28235880000,0,45725000,560575000,17175000,536835000,81180000,0,1956690000,4723815000,0,3512300000,0,0,40215000,2546795000,0,42435000,166050000,0,1739190000,40590000,0,30940000,496475000,25730000,8036075000,32567460000,3690000,0,254610000,1008735000,1845000,25830000,0,1257215000,0,2352325000,46274705000,2011275000,0,7280000,0,1845000,3488875000,0,280440000,187810000,268040000,236445000,66095000,1845000,1845000,0,0,1126290000,115760000,63465000,70110000,0,202950000,3512355000,0,0,0,167645000,0,0,0,70110000,5531175000,333945000,824120000,2199215000,5535000,0,12238860000,1487765000,3236515000,265950000,0,0,1820000,89180000,224265000,315495000,0,62730000,5581810000,2360925000,5271080000,0,51540000,3498035000,0,86090000,57485705000,2311755000,0,53183195000,12865000,56797355000,710325000,0,14585000,0,3690000,83025000,6212405000,0,143910000,277320000,12915000,0,0,0,0,0
"IDN",23985000,1845000,0,31245000,0,0,11078950000,0,0,179360000,0,423420000,0,0,0,0,1835000,0,0,202140000,2870120000,0,89940000,0,60885000,418815000,0,0,271215000,0,38745000,1697445000,0,11070000,0,0,0,38745000,80740000,0,684495000,38745000,0,5535000,0,0,59040000,12915000,0,0,0,879510000,112145000,89965000,221400000,0,3690000,0,33210000,165720000,0,273680000,25770000,1845000,0,0,0,49815000,0,0,0,6344515000,0,0,0,2959380000,0,70110000,0,0,0,0,0,0,0,59654210000,1250570000,0,249820000,212175000,0,31298855000,204305000,0,0,279460000,0,0,5535000,0,16605000,252765000,0,137472840000,2635575000,3690000,104595000,0,1222745000,1064565000,0,177120000,0,0,1485205000,18450000,1851775000,0,258290000,0,83025000,3367100000,0,0,27675000,135840000,407745000,20295000,0,982915000,0,0,12498170000,71565000,1845000,0,20295000,0,3690000,0,0,12845000,0,0,0,0,0,9638320000,1845000,142065000,16605000,0,0,79086315000,0,916245000,77160000,38745000,0,0,44280000,5535000,0,0,34854935000,23855000,38425870000,46125000,1025435000,36900000,221330000,0,0,1538460000,12845000,5535000,1214010000,0,26422690000,0,7380000,0,0,10018060000,0,306960000,3690000,0,124950000,0,0,0,0,0,0
"IRN",0,0,0,0,0,0,0,0,0,0,0,0,0,0,0,0,0,0,0,0,0,0,0,0,0,0,0,0,0,0,0,0,0,0,0,0,0,0,0,0,0,0,0,0,0,0,0,0,0,0,0,0,0,0,0,0,0,0,0,0,0,0,0,0,0,0,0,0,0,0,0,0,0,0,0,0,0,0,0,0,0,0,0,0,0,0,0,0,0,0,0,0,0,0,0,0,0,0,0,0,0,0,0,0,0,0,0,0,0,0,0,0,0,0,0,0,0,0,0,0,0,0,0,0,0,0,0,0,0,0,0,0,0,0,0,0,0,0,0,0,0,0,0,0,0,0,0,0,0,0,0,0,0,0,0,0,0,0,0,0,0,0,0,0,0,0,0,0,0,0,0,0,0,0,0,0,0,0,0,0,0,0,0,0,0,0,0,0,0,0,0,0,0,0,0
"IRQ",0,0,0,0,0,0,0,0,0,0,0,0,0,0,0,0,0,0,0,0,0,0,0,0,0,0,0,0,0,0,0,0,0,0,0,0,0,0,0,0,0,0,0,0,0,0,0,0,0,0,0,0,0,0,0,0,0,0,0,0,0,0,0,0,0,0,0,0,0,0,0,0,0,0,0,0,0,0,0,0,0,0,0,0,0,0,0,0,0,0,0,0,0,0,0,0,0,0,0,0,0,0,0,0,0,0,0,0,0,0,0,0,0,0,0,0,0,0,0,0,0,0,0,0,0,0,0,0,0,0,0,0,0,0,0,0,0,0,0,0,0,0,0,0,0,0,0,0,0,0,0,0,0,0,0,0,0,0,0,0,0,0,0,0,0,0,0,0,0,0,0,0,0,0,0,0,0,0,0,0,0,0,0,0,0,0,0,0,0,0,0,0,0,0,0
"IRL",0,0,0,0,0,9225000,46065000,0,0,5535000,0,0,0,0,0,0,0,0,0,0,0,0,0,0,0,75645000,0,0,0,0,0,18675000,0,0,0,0,0,0,5535000,0,0,108855000,0,0,0,0,0,0,0,0,0,0,0,2687855000,0,0,0,0,0,7379175000,0,0,0,0,0,0,0,0,0,0,0,0,0,0,35055000,0,0,0,0,0,343980000,208645000,0,0,0,0,5535000,0,0,0,0,16380000,5535000,0,0,0,0,0,0,0,0,0,0,0,0,0,9225000,0,0,0,0,0,0,0,0,0,525825000,0,0,0,0,0,0,0,0,0,0,0,0,0,0,0,0,0,0,0,0,0,0,0,0,0,81165000,0,0,0,0,36900000,0,0,0,0,0,0,0,70110000,390505000,0,0,0,654975000,0,0,0,1845000,0,0,0,0,0,0,0,3735000,3690000,0,0,448441145000,0,3505145000,0,0,0,0,0,0,0,0,0,563030000,0,0,0,0,0,0
"ISR",0,0,0,0,0,378300000,2231180000,71945000,0,0,0,0,0,0,0,0,297045000,0,0,0,0,5535000,0,0,0,3150165000,0,0,0,0,44280000,572175000,0,0,0,0,0,0,61470000,51660000,0,403965000,0,0,12915000,0,0,0,0,11070000,0,0,9960000,4984160000,0,0,60885000,0,0,3767580000,0,5580000,0,478125000,0,0,0,0,0,0,0,64545000,95010000,1845000,0,3090000,0,0,0,0,0,2498850000,0,25830000,0,0,23985000,0,0,0,0,69180000,0,22140000,0,0,0,0,0,49815000,0,0,0,0,0,0,60120000,0,0,140220000,0,0,0,12915000,0,1845000,325050000,0,0,0,0,37250000,0,0,7380000,0,0,0,59670000,0,0,0,26100000,191400000,0,0,0,0,0,0,90405000,0,1245345000,0,0,0,0,0,0,0,0,56085000,24255000,17250000,0,1868395000,304425000,0,0,0,769365000,196950000,0,0,0,0,182880000,0,0,0,0,0,94205000,0,1845000,0,5112255000,574710000,30390235000,0,31365000,35055000,95640000,0,0,0,0,0,2864175000,61155000,0,0,0,0,0
"ITA",5177550000,943545000,49559990000,55360210000,864285000,7371070000,88286465000,185107125000,69750000,2819775000,62390000,36700000,0,0,274095000,14760000,44672085000,0,0,0,189775000,5668210000,20195000,273635000,6488710000,108506715000,1021630000,132120000,1145250000,582015000,1086775000,16369930000,3561315000,244055000,6246020000,0,3357120000,772255055000,25144695000,1782730000,16633630000,141931735000,43450000,6601140000,2165805000,4329340000,4010675000,672955000,663925000,3295060000,0,3670000,35211155000,1096282910000,2545365000,8879605000,3571785000,4349210000,1208085000,1628037070000,6676365000,30458880000,0,73007245000,0,34865000,1016500000,3785625000,315730000,849945000,961350000,30352975000,39835090000,78986140000,1884920000,6379645000,1679075000,254520000,373240000,46524475000,73969400000,0,534035000,2766175000,429390000,278860325000,3846460000,36700000,11374240000,190840000,270435000,44038095000,9191330000,14079275000,0,24024590000,0,892160000,171740070000,6698415000,17760000,509075000,14690000,8839185000,931205000,12758715000,32775885000,17036435000,1877660000,27029845000,447900000,15060885000,669935000,607005000,483895000,616650000,226807820000,0,429940000,8617765000,20285000,5559420000,105890000,837240000,448660000,36934660000,564145000,2120960000,61759380000,0,196365000,8553510000,4591980000,80460665000,42895320000,689960000,0,181630000,3730385000,288095000,20963140000,1924915000,113865030000,0,0,0,0,43132665000,2281845000,782970000,451530000,62426195000,21307140000,11759270000,6121560000,66618200000,171731605000,291765000,205550000,0,161752330000,146751860000,734550000,7380000,13411960000,1552050000,8828175000,20989010000,0,451675000,2691640000,124645815000,5688635000,27762690000,7210075000,0,837292265000,10348130000,617399450000,25713885000,847980000,462005000,10448585000,2432885000,2900985000,21372370000,2951755000,146810000,156557805000,12775905000,18386020000,13055175000,0,0,511330000
"CIV",0,0,0,0,0,0,0,0,0,0,0,0,0,0,0,0,0,0,0,0,0,0,0,0,38745000,1835000,0,0,0,0,0,0,0,0,275420000,0,0,0,0,0,6883345000,0,0,0,0,0,0,0,20295000,0,0,0,0,0,0,0,0,359275000,0,0,0,23428065000,0,0,0,0,0,0,0,0,0,0,0,0,0,0,0,0,0,0,0,0,0,0,0,0,0,0,0,0,0,0,0,0,0,0,0,29520000,0,0,0,0,0,0,0,39090340000,0,27675000,0,0,0,0,0,0,0,0,3670000,0,0,0,0,0,0,10892980000,220200000,0,0,0,0,0,0,0,0,0,0,0,0,0,0,0,0,0,0,0,0,0,0,0,4015260000,0,22140000,0,0,0,0,0,0,0,0,0,0,0,0,0,0,0,0,14191895000,0,0,0,0,0,0,0,0,45875000,0,0,59359620000,0,0,0,0,0,0,0,0,0,0,0,0,0,0,0
"KAZ",13933845000,655658760000,7456550000,25196960000,0,0,0,0,0,0,0,125829490000,0,0,0,0,0,0,0,0,0,0,0,0,0,0,0,0,0,0,0,708620000,0,0,0,0,0,0,1.002e+10,2208080970000,0,0,0,0,467332800000,0,669636600000,0,0,26616460000,0,0,32877290000,0,0,0,559367950000,0,0,269974220000,0,11070000,0,163356060000,0,0,0,0,0,0,0,0,0,0,0,653497720000,26265760000,302497120000,0,0,232185110000,648407560000,0,0,0,0,0,1127992780000,85049760000,0,0,0,0,109956140000,0,72775260000,0,0,98075760000,11591470000,0,0,0,0,0,0,0,0,0,0,212118470000,83568470000,6987280000,36532400000,0,0,0,0,0,0,0,0,0,0,0,281760730000,68475010000,0,0,0,0,0,0,88494970000,0,0,0,0,0,0,0,0,3116968985000,0,0,0,0,95485590000,0,0,0,0,0,0,0,0,124047600000,0,2445462055000,0,0,16088780000,23481870000,303287715000,0,46544570000,0,0,0,0,9904770000,1259223420000,1894946340000,8744120000,0,0,43717260000,56267310000,0,0,0,2585796775000,0,0,0,615035950000,0,0,0,0,0,0,0,0,0
"JAM",0,0,0,0,27765000,0,0,0,6825000,0,280570000,0,0,0,0,0,0,0,0,0,0,0,0,0,0,628005000,0,0,0,0,0,0,0,0,0,0,0,8625000,0,0,0,11070000,14680000,0,0,0,0,0,0,43680000,0,0,0,0,0,0,0,0,0,0,0,46125000,0,0,0,148645000,0,0,16605000,43680000,0,0,0,0,0,0,0,0,0,0,0,0,0,0,0,0,0,0,0,0,0,0,0,0,0,0,0,0,0,0,0,0,0,0,0,0,0,0,0,0,0,0,0,0,0,0,0,0,0,0,0,0,0,0,0,0,0,0,0,0,0,0,0,0,0,0,0,0,0,0,0,0,0,44285000,13560000,5505000,0,0,0,0,0,0,0,51150000,0,0,0,0,0,0,0,0,0,0,0,0,0,0,0,529935000,0,0,0,0,0,0,1088815000,0,3232145000,0,0,0,0,0,0,0,0,0,0,0,0,0,0,0,0
"JPN",0,0,0,9175000,0,4325000,1371630000,7340000,0,173455000,0,0,0,0,0,0,615770000,0,0,0,29520000,0,0,0,0,3896990000,0,0,0,0,1835000,19368050000,0,0,0,0,0,0,1835000,0,0,5535000,0,0,0,0,0,0,0,0,0,1845000,29370000,353280000,0,0,0,0,0,638125000,0,0,0,89640000,0,0,0,0,0,0,0,661888145000,0,0,0,22020000,15116825000,0,6225000,123760000,68080000,156140000,0,0,0,0,0,0,0,0,26375000,4490275000,58505000,0,0,35390000,0,0,0,0,62730000,0,0,8970895000,0,0,0,0,0,11730000,1845000,0,0,0,0,0,2201820000,0,1835000,0,0,492345000,0,0,0,0,0,12915000,0,0,0,0,829445000,0,0,0,0,0,0,0,0,0,295815000,0,0,0,0,3085245000,0,0,0,0,0,133045995000,0,1835000,794780000,0,0,0,158760000,147995000,0,0,49839065000,0,54503050000,0,0,0,119925000,0,0,292990000,0,0,1896920000,9175000,40475955000,0,0,0,0,99166925000,0,0,0,0,154040000,0,1835000,0,0,0,0
"JOR",0,0,0,127305000,0,0,0,0,0,14760000,0,0,0,0,0,0,0,0,0,0,0,0,0,0,0,7360000,0,0,0,0,0,12915000,0,0,0,0,0,0,0,0,0,0,0,0,0,0,10920000,0,0,0,0,0,0,0,0,86715000,0,0,0,0,0,0,0,128450000,0,0,0,0,0,0,0,0,0,0,0,0,0,0,17197025000,0,0,0,0,0,0,0,0,0,0,0,0,0,40470000,0,0,2434970000,0,0,171585000,0,0,0,0,0,0,0,0,0,0,0,0,83025000,0,0,0,0,0,0,0,0,0,0,0,0,0,0,0,0,0,0,0,0,0,0,0,0,0,0,20295000,0,0,0,0,0,0,0,0,490770000,0,0,0,0,0,0,18450000,18450000,0,0,0,0,0,0,677115000,0,0,0,0,0,0,0,31365000,0,43680000,33210000,0,0,0,0,38745000,0,0,0,0,0,7380000,4935375000,0,0,0,0,0,0,0,0,2063225000
"KGZ",0,0,0,0,0,0,0,0,0,0,0,0,0,0,0,0,0,0,0,0,0,0,0,0,0,0,0,0,0,0,0,132490000,0,0,0,0,0,0,0,0,0,0,0,0,0,0,0,0,0,0,0,0,0,0,0,0,0,0,0,1845000,0,0,0,0,0,0,0,0,0,0,0,0,0,0,0,0,0,0,0,0,0,0,0,1511600000,0,0,0,0,0,0,0,4380935000,0,0,0,0,0,0,0,0,0,0,0,0,0,0,0,0,0,0,38745000,0,0,0,0,0,0,0,0,0,0,0,0,0,0,0,0,0,0,0,0,0,0,0,0,0,0,0,0,0,0,0,92985000,0,0,0,0,0,0,0,0,0,0,0,0,0,0,0,3801015000,0,0,0,0,0,0,0,0,0,0,0,0,0,40590000,51660000,0,0,0,0,0,0,0,376850000,0,0,0,0,0,0,0,0,0,0,0,0,0
"KEN",0,0,0,0,0,0,0,0,0,0,0,0,0,0,0,0,0,0,0,0,0,0,0,18495000,0,0,0,0,0,0,0,3670000,0,7640000,0,0,0,0,0,0,0,0,0,0,0,0,5535000,0,0,0,0,0,0,0,0,0,0,0,0,0,0,0,0,0,0,0,0,1845000,0,0,0,0,0,0,0,0,0,0,0,0,0,0,0,0,0,0,0,0,0,0,0,0,0,0,0,0,0,0,0,0,0,0,0,0,0,0,0,0,0,0,0,0,0,0,0,0,0,0,0,0,0,0,0,0,0,0,0,0,0,0,0,0,0,0,0,0,0,367400000,0,3640000,0,807910000,0,0,0,0,0,0,5535000,0,1845000,0,0,0,517195000,0,0,0,0,0,0,8525000,0,0,0,3260845000,0,0,0,0,0,0,0,5303750000,4899280000,0,3665000,768200000,1845000,0,0,0,0,0,1845000,0,188360000,16605000,0,0,0,0,0,0,0
"KHM",0,0,0,0,0,0,0,0,0,0,0,0,0,0,0,0,0,0,0,0,0,0,0,0,0,0,0,0,0,0,0,0,0,0,0,0,0,0,0,0,0,0,0,0,0,0,0,0,0,0,0,0,0,0,0,0,0,0,0,0,0,0,0,0,0,0,0,0,0,0,0,0,0,0,0,0,0,0,0,0,0,0,0,0,0,0,0,0,0,0,0,0,0,0,0,0,0,0,0,0,0,0,0,0,0,0,0,0,0,0,0,0,0,0,0,0,0,0,0,0,0,0,0,0,0,0,0,0,0,0,0,0,0,0,0,0,0,0,0,0,0,0,0,0,0,0,0,0,0,0,0,0,0,0,0,0,0,0,0,0,0,0,0,0,0,0,0,0,0,0,0,0,0,0,0,0,0,0,0,0,0,0,0,0,0,0,0,0,0,0,0,0,0,0,0
"PRK",0,0,0,0,0,0,0,0,0,0,0,0,0,0,0,0,0,0,0,0,0,0,0,0,0,0,0,0,0,0,0,0,0,0,0,0,0,0,0,0,0,0,0,0,0,0,0,0,0,0,0,0,0,0,0,0,0,0,0,0,0,0,0,0,0,0,0,0,0,0,0,0,0,0,0,0,0,0,0,0,0,0,0,0,0,0,0,0,0,0,0,0,0,0,0,0,0,0,0,0,0,0,0,0,0,0,0,0,0,0,0,0,0,0,0,0,0,0,0,0,0,0,0,0,0,0,0,0,0,0,0,0,0,0,0,0,0,0,0,0,0,0,0,0,0,0,0,0,0,0,0,0,0,0,0,0,0,0,0,0,0,0,0,0,0,0,0,0,0,0,0,0,0,0,0,0,0,0,0,0,0,0,0,0,0,0,0,0,0,0,0,0,0,0,0
"KOR",114390000,5525000,0,0,0,283870000,7328305000,104750000,0,205890000,0,20235000,0,0,33210000,0,261415000,0,0,0,7380000,0,22120000,0,36430000,6464205000,0,0,33200000,0,57155000,24524990000,23860000,0,0,0,0,0,5535000,0,0,0,1845000,0,0,9225000,23895000,0,0,0,0,7340000,0,1318630000,0,31195000,0,40490000,0,1207585000,0,20295000,0,0,0,0,336395000,0,0,0,7350000,26944205000,18450000,0,0,654875000,959555000,18350000,92200000,31195000,271430000,139460000,5490000,299250000,0,15226530000,0,9225000,9225000,171075000,0,0,298710000,0,0,0,0,0,29360000,0,0,454175000,0,812060000,0,0,0,0,3690000,84650000,639830000,0,0,0,0,84870000,655930000,0,0,0,0,2776800000,14760000,0,1845000,0,0,0,47810000,12885000,124970000,287690000,2343790000,0,69730000,0,0,0,84420000,3670000,0,0,7862380000,0,0,0,0,1447645000,0,0,0,0,9175000,7936235000,0,108510000,257740000,0,0,0,0,3670000,0,0,9755925000,0,2517630000,0,0,0,0,0,38745000,512470000,0,0,2184860000,0,54518610000,0,0,16605000,11070000,4104115000,1845000,3690000,0,0,135950000,0,0,0,0,0,0
"KWT",0,0,0,0,0,0,0,0,0,0,0,0,0,0,0,0,0,0,0,0,0,0,0,0,0,0,0,0,0,0,0,0,0,0,0,0,0,0,0,0,0,0,0,0,0,0,0,0,0,0,0,0,0,0,0,0,0,0,0,0,0,0,0,0,0,0,0,0,0,0,0,0,0,0,0,0,0,0,0,0,0,0,0,0,0,0,0,0,0,0,0,0,0,0,0,0,0,0,0,0,0,0,0,0,0,0,0,0,0,0,0,0,0,0,0,0,0,0,0,0,0,0,0,0,0,0,0,0,0,0,0,0,0,0,0,0,0,0,0,0,0,0,0,0,0,0,0,0,0,0,0,0,0,0,0,0,0,0,0,0,0,0,0,0,0,0,0,0,0,0,0,0,0,0,0,0,0,0,0,0,0,0,0,0,0,0,0,0,0,0,0,0,0,0,0
"LVA",0,0,0,65552510000,0,0,0,0,0,0,0,0,0,0,0,0,0,0,0,0,0,0,0,0,0,11115000,0,0,0,0,0,0,0,0,0,0,0,0,1845000,73800000,0,103216170000,0,0,42205000,0,0,0,0,73619055000,0,0,15418550000,0,0,0,0,0,14895000,104953155000,0,0,0,0,0,0,0,0,0,0,0,0,44295000,0,300970000,0,0,0,0,269220000,74625000,5580000,0,14760000,0,0,0,0,0,0,0,0,0,0,0,0,0,0,0,160402815000,0,0,0,0,0,0,1.5865e+10,0,0,0,0,68301330000,0,0,0,0,46292400000,0,0,0,0,0,0,0,0,73911035000,0,0,0,0,0,0,0,33210000,5853350000,0,0,0,0,0,0,0,5668285000,0,0,0,0,0,0,0,0,0,0,0,0,0,81880775000,0,0,0,30657785000,1342680000,0,0,0,0,0,0,0,0,0,0,0,0,0,0,208945000,0,661030000,0,0,0,0,0,0,0,0,0,0,0,0,0,0,0,0
"LAO",0,0,0,0,0,0,0,0,0,0,0,0,0,0,0,0,0,0,0,0,0,0,0,0,0,0,0,0,0,0,0,0,0,0,0,0,0,0,0,0,0,0,0,0,0,0,0,0,0,0,0,0,0,0,0,0,0,0,0,0,0,0,0,0,0,0,0,0,0,0,0,0,0,0,0,0,0,0,0,0,0,0,0,0,0,0,0,0,0,0,0,0,0,0,0,0,0,0,0,0,0,0,0,0,0,0,0,0,0,0,0,0,0,0,0,0,0,0,0,0,0,0,0,0,0,0,0,0,0,0,0,0,0,0,0,0,0,0,0,0,0,0,0,0,0,0,0,0,0,0,0,0,0,0,0,0,0,0,0,0,0,0,0,0,0,0,0,0,0,0,0,0,0,0,0,0,0,0,0,0,0,0,0,0,0,0,0,0,0,0,0,0,0,0,0
"LBN",0,0,0,1931080000,0,0,317335000,0,0,148955000,0,0,0,0,0,0,15655000,0,0,0,0,33210000,0,0,0,280270000,0,51660000,0,0,0,0,0,0,10895000,0,0,0,3690000,0,11050000,27615000,0,0,0,0,263810000,0,10810000,0,0,0,0,102020000,0,0,0,5310000,27625000,313265000,0,66390000,0,0,0,0,0,1845000,0,0,0,0,0,0,0,394925000,105165000,29520000,19817700000,3690000,0,0,98470000,0,0,0,2572065000,0,0,0,0,0,428190000,0,0,0,0,36865000,3690000,0,0,0,0,404055000,0,23985000,0,1835000,0,1820000,0,163555000,8700000,0,0,0,315730000,0,0,0,0,0,0,42395000,1670000,0,0,4935000,0,0,11070000,0,341325000,0,0,0,0,0,73900000,0,5460000,0,0,1845000,0,0,0,2894645000,36890000,0,33645000,0,0,0,0,43710000,1845000,0,0,0,281615000,57145000,17715775000,0,0,1845000,3690000,27570000,0,0,2571245000,14680000,0,468145000,0,0,111855000,0,333035000,5535000,0,0,39890000,0,0,880820000,5535000,11070000,1245000,0,0,0,0,0,0
"LSO",0,0,0,0,0,0,0,0,0,0,0,0,0,0,0,0,0,0,0,0,0,0,0,0,0,0,0,0,0,0,0,0,0,0,0,0,0,0,0,0,0,0,0,0,0,0,0,0,0,0,0,0,0,0,0,0,0,0,0,0,0,0,0,0,0,0,0,0,0,0,0,0,0,0,0,0,0,0,0,0,0,0,0,0,0,0,0,0,0,0,0,0,0,0,0,0,0,0,0,0,0,0,0,0,0,0,0,0,0,0,0,0,0,0,0,0,0,0,0,0,0,0,0,0,0,0,0,0,0,0,0,0,0,0,0,0,0,0,0,0,0,0,0,0,0,0,0,0,0,0,0,0,0,0,0,0,0,0,0,0,0,0,0,0,0,0,0,0,0,0,0,0,0,0,0,0,0,0,0,0,0,0,0,0,0,0,0,0,0,0,0,0,0,0,0
"LBR",0,0,0,0,0,0,0,0,0,0,0,0,0,0,0,0,0,0,0,0,0,0,0,0,0,0,0,0,0,0,0,0,0,0,0,0,0,0,0,0,0,0,0,0,0,0,0,0,0,0,0,0,0,0,0,0,0,0,0,0,0,0,0,0,0,0,0,0,0,0,0,0,0,0,0,0,0,0,0,0,0,0,0,0,0,0,0,0,0,0,0,0,0,0,0,0,0,0,0,0,0,0,0,0,0,0,0,0,0,0,0,0,0,0,0,0,0,0,0,0,0,0,0,0,0,0,0,0,0,0,0,0,0,0,0,0,0,0,0,0,0,0,0,0,0,0,0,0,0,0,0,0,0,0,0,0,0,0,0,0,0,0,0,0,0,0,0,0,0,0,0,0,0,0,0,0,0,0,0,0,0,0,0,0,0,0,0,0,0,0,0,0,0,0,0
"LBY",0,0,0,0,0,0,0,0,0,0,0,0,0,0,0,0,0,0,0,0,0,0,0,0,0,0,0,0,0,0,0,0,0,0,0,0,0,0,0,0,0,0,0,0,0,0,0,0,0,0,0,0,0,0,0,0,0,0,0,0,0,0,0,0,0,0,0,0,0,0,0,0,0,0,0,0,0,0,0,0,0,0,0,0,0,0,0,0,0,0,0,0,0,0,0,0,0,0,0,0,0,0,0,0,0,0,0,0,0,0,0,0,0,0,0,0,0,0,0,0,0,0,0,0,0,0,0,0,0,0,0,0,0,0,0,0,0,0,0,0,0,0,0,0,0,0,0,0,0,0,0,0,0,0,0,0,0,0,0,0,0,0,0,0,0,0,0,0,0,0,0,0,0,0,0,0,0,0,0,0,0,0,0,0,0,0,0,0,0,0,0,0,0,0,0
"LTU",0,0,0,81354050000,0,0,34770000,22965000,0,0,0,0,0,0,0,0,0,0,0,0,0,38835000,0,0,0,153930000,0,0,0,0,0,0,0,0,0,0,0,0,63495000,2490000,0,109706445000,0,0,160235430000,0,0,0,0,20800160000,0,0,11463600000,117030000,0,0,15945000,0,18990000,102919265000,1845000,0,0,24075000,0,0,0,0,0,0,0,0,44280000,14760000,225105000,0,0,0,0,7625680000,50086280000,4335000,0,77490000,0,0,0,0,0,0,0,72800000,0,103799040000,0,0,0,0,46663140000,0,0,0,0,0,0,0,0,0,0,0,0,149189450000,64251580000,11070000,0,0,54739930000,0,0,0,0,0,0,0,0,26200905000,0,0,119925000,0,0,0,0,75298720000,90570780000,0,0,0,0,0,84870000,0,45101090000,0,0,0,0,0,0,0,0,0,0,0,0,0,270132550000,0,0,0,3259685000,0,0,0,33570000,8249800000,0,0,0,0,0,0,0,0,0,0,34394695000,1522505000,4243895000,0,0,0,0,0,0,0,0,0,181080000,0,0,0,0,0,0
"MAC",0,0,0,0,0,0,12915000,0,0,0,0,0,0,0,0,0,0,0,0,0,0,0,0,0,0,103320000,0,0,0,0,0,789405000,0,0,0,0,0,0,0,0,0,0,0,0,0,0,0,0,0,0,0,0,0,0,0,0,0,0,0,0,0,0,0,0,0,0,0,0,0,0,0,1034365000,0,0,0,0,0,0,0,0,0,0,0,0,0,0,0,0,0,0,0,0,0,0,0,0,0,0,0,0,0,0,0,51660000,0,0,0,0,0,0,0,0,0,0,0,0,0,0,0,0,0,0,0,0,0,0,0,0,0,0,0,0,0,0,0,0,0,0,0,0,0,0,0,0,0,0,0,0,0,0,0,0,0,18450000,0,0,0,0,0,0,0,0,0,0,1845000,0,0,0,0,0,0,0,0,0,0,0,0,0,175275000,0,0,0,0,0,0,0,0,0,0,0,0,0,0,0,0
"MDG",0,0,0,0,0,0,0,0,0,0,0,0,0,0,0,0,0,0,0,0,0,0,0,0,0,0,0,0,0,0,0,0,0,0,0,0,0,0,0,0,0,0,0,0,0,0,0,0,0,0,0,0,0,59040000,0,0,0,18450000,0,0,0,0,0,0,0,0,0,0,0,0,0,0,0,0,0,0,0,0,0,0,0,0,0,0,0,0,0,0,0,0,0,0,0,0,0,0,0,0,0,0,0,0,0,0,0,0,0,0,280440000,0,0,0,0,0,0,0,0,0,0,0,0,0,0,0,0,0,0,0,0,0,0,0,0,0,0,0,0,0,0,0,0,0,0,0,0,0,0,0,0,0,0,0,0,0,0,0,1845000,0,0,0,0,0,0,0,0,0,0,0,0,0,0,0,0,0,0,0,0,0,0,0,0,0,0,0,0,0,0,0,0,0,0,0,0,0,0
"MWI",0,0,0,0,0,0,0,0,0,0,0,0,0,0,0,0,0,0,0,0,0,0,0,0,0,0,0,0,0,0,0,0,0,0,0,0,0,0,0,0,0,0,0,0,0,0,0,0,0,0,0,0,0,0,0,0,0,0,0,0,0,0,0,0,0,0,0,0,0,0,0,0,0,0,0,0,0,0,0,0,0,0,0,0,0,10020000,0,0,0,0,0,0,0,0,0,0,0,0,0,0,0,0,0,0,0,0,0,0,0,0,0,0,212175000,0,0,0,0,0,0,0,0,0,0,0,0,0,0,0,0,0,0,0,0,0,0,0,0,0,0,10334625000,0,0,0,0,0,0,0,0,0,0,0,0,0,0,0,10491550000,0,0,0,0,0,0,0,0,0,0,0,0,0,0,0,0,0,0,0,0,0,0,0,0,0,0,0,0,0,0,1845000,363405000,0,0,0,0,0,0,0
"MYS",0,0,0,62730000,0,0,8885050000,0,0,1235150000,0,3524020000,0,147600000,0,0,79335000,0,0,193435000,18940710000,16605000,1319385000,0,0,3019110000,0,0,452670000,0,22140000,3253450000,0,3690000,0,0,0,38745000,0,0,498150000,0,0,12915000,0,0,142065000,0,0,0,0,256455000,1808100000,517335000,92250000,511065000,0,27675000,49815000,129150000,0,1778580000,40590000,107010000,0,0,20295000,36900000,193725000,12915000,0,13972775000,0,0,0,3610800000,60710095000,254610000,191730000,14750000,0,175275000,0,0,57195000,14552940000,278565000,0,66420000,2792910000,1845000,6184755000,892380000,125460000,0,625385000,0,0,1120215000,0,272460000,38745000,0,0,2560025000,0,36900000,0,4974240000,0,293355000,0,9225000,0,1593885000,36550000,535040000,0,309960000,0,101475000,1556060000,0,53505000,23985000,0,196905000,0,20295000,720110000,11070000,0,12253175000,0,33210000,0,0,0,685475000,0,0,0,42435000,0,0,0,0,8414020000,40590000,655810000,12915000,0,0,205546255000,0,0,49815000,62730000,0,0,0,18450000,31365000,0,12912610000,9225000,60087575000,33255000,18420000,54795000,2914670000,5535000,0,10903395000,79335000,1845000,7732420000,0,13964795000,0,36900000,0,0,18189520000,0,5758935000,0,0,94095000,0,0,0,0,0,40590000
"MDV",0,0,0,0,0,0,0,0,0,0,0,0,0,0,0,0,0,0,0,0,0,0,0,0,0,0,0,0,0,0,0,0,0,0,0,0,0,0,0,0,0,0,0,0,0,0,0,0,0,0,0,0,0,0,0,0,0,0,0,0,0,0,0,0,0,0,0,0,0,0,0,0,0,0,0,0,0,0,0,0,0,0,0,0,0,0,0,0,0,0,0,0,0,0,0,0,0,0,0,0,0,0,0,0,0,0,0,0,0,0,0,0,0,0,0,0,0,0,0,0,0,0,0,0,0,0,0,0,0,0,0,0,0,0,0,0,0,0,0,0,0,0,0,0,0,0,0,0,0,0,0,0,0,0,0,0,0,0,0,0,0,0,0,0,0,0,0,0,0,0,0,0,0,0,0,0,0,0,0,0,0,0,0,0,0,0,0,0,0,0,0,0,0,0,0
"MLI",0,0,0,0,0,0,0,0,0,0,0,0,0,0,0,0,0,0,0,0,0,0,0,0,0,0,0,0,0,0,0,0,0,0,0,0,0,0,0,0,0,0,0,0,0,0,0,0,0,0,0,0,0,0,0,0,0,0,0,0,0,0,0,0,0,0,0,12790000,0,0,0,0,0,0,0,0,0,0,0,0,0,269745000,0,0,0,0,0,0,0,0,0,0,0,0,0,0,0,0,0,0,0,0,0,0,0,0,0,38410000,0,0,0,0,0,0,0,0,0,0,0,0,0,0,0,475210000,0,0,0,0,0,0,0,0,0,0,0,0,0,0,0,0,0,0,0,0,0,0,0,0,799520000,0,0,0,0,0,0,0,0,0,0,0,0,0,0,0,0,0,0,0,0,0,0,0,0,0,0,0,0,0,10920000,2538150000,0,0,0,0,0,0,0,0,0,0,0,0,0,0,0
"MLT",0,0,0,25830000,0,0,0,0,0,75645000,0,0,0,0,0,0,0,0,0,0,0,0,9225000,0,16605000,712170000,0,0,0,0,0,0,0,0,0,0,9225000,0,95300000,0,0,0,0,0,0,0,94095000,0,0,0,0,0,0,682650000,0,0,0,0,27675000,46125000,0,95940000,0,42435000,0,0,0,0,0,0,0,0,0,0,0,0,0,0,0,86715000,0,22140000,0,0,0,0,164205000,0,14760000,0,0,0,86715000,0,0,261990000,0,0,143860000,0,0,0,0,0,0,0,0,0,73800000,0,0,0,0,0,0,0,140220000,0,0,0,0,0,0,0,0,0,0,0,0,0,0,0,0,0,5535000,0,0,0,31365000,0,0,0,0,0,0,0,0,0,0,0,0,0,0,0,0,0,162360000,0,0,0,0,12915000,0,0,0,0,0,0,0,0,258300000,27675000,86715000,359775000,0,0,968625000,0,0,0,0,0,0,0,0,0,0,0,12915000,0,0,0,0,0,0
"MRT",0,0,0,0,0,0,0,0,0,0,0,0,0,0,0,0,0,0,0,0,0,0,0,0,0,0,0,0,0,0,0,0,0,0,0,0,0,0,0,0,0,0,0,0,0,0,0,0,0,0,0,0,0,0,0,0,0,0,0,0,0,0,0,0,0,0,0,0,0,0,0,0,0,0,0,0,0,0,0,0,0,0,0,0,0,0,0,0,0,0,0,0,0,0,0,0,0,0,0,0,0,0,0,0,0,0,0,0,0,0,0,0,0,0,0,0,0,0,0,0,0,0,0,0,0,0,0,0,0,0,0,0,0,0,0,0,0,0,0,0,0,0,0,0,0,0,0,0,0,0,0,0,0,0,0,0,0,0,0,0,0,0,0,0,0,0,0,0,0,0,0,0,0,0,0,0,0,0,0,0,0,0,0,0,0,0,0,0,0,0,0,0,0,0,0
"MUS",0,0,0,0,0,0,3690000,0,0,0,0,0,0,0,0,0,0,0,0,0,0,0,0,80080000,0,0,0,0,0,0,0,0,0,5159805000,0,0,0,0,0,0,0,0,0,0,0,0,0,0,0,0,0,0,0,22852175000,0,0,0,0,0,0,0,8625000,0,0,0,0,0,0,0,0,0,0,0,0,0,0,0,0,0,22020000,0,83025000,0,0,0,0,0,0,256790000,0,0,0,0,0,0,0,0,0,0,0,0,35028980000,0,0,0,0,0,0,0,0,0,0,3680000,0,0,0,0,0,0,0,0,0,0,0,0,0,0,0,0,0,0,0,0,0,0,0,0,0,0,99160000,0,51050000,0,0,0,0,0,0,0,13052450000,0,0,0,1845000,0,512025000,0,0,0,0,0,0,0,0,5765760000,0,0,12915000,0,0,0,0,1845000,0,55855000,0,56905000,0,0,0,0,0,0,0,0,0,0,1054075000,0,0,0,0,0,0,0
"MEX",0,0,0,553635060000,198210000,7380000,0,0,0,0,313925000,0,0,0,189795000,0,1184920000,0,3382710000,0,0,0,0,0,0,1011105000,0,0,0,0,14836575000,0,10129085000,0,0,0,3199725000,33637970000,0,0,0,0,202950000,22330805000,0,22591350000,0,3369655000,0,0,0,0,0,757120000,0,0,0,0,0,34980000,0,0,0,0,0,0,80480620000,0,2406020000,0,4581075000,0,0,29869845000,0,3340000,0,1670000,0,0,0,610190285000,0,0,4501070000,45982195000,0,0,0,0,0,20295000,0,0,0,0,0,0,107900370000,0,0,0,0,0,0,0,0,0,0,0,0,0,0,0,0,0,1820000,0,0,0,0,0,841010000,0,0,0,0,21300810000,51660000,0,0,223168475000,0,0,26720000,0,0,0,0,0,0,0,0,0,205660000,0,0,0,0,0,0,0,0,0,0,0,42210675000,0,0,0,0,0,0,0,0,0,0,0,0,23169610000,0,5.01e+10,0,0,0,0,477255000,0,1015825645000,0,2334210000,0,5978950000,0,0,0,0,0,0,0,0,0,0,0,0
"MNG",0,0,0,0,0,0,0,0,0,0,0,0,0,0,0,0,0,0,0,0,0,0,0,0,0,0,0,0,0,0,0,0,0,0,0,0,0,0,0,0,0,0,0,0,0,0,0,0,0,0,0,0,0,0,0,0,0,0,0,0,0,0,0,0,0,0,0,0,0,0,0,0,0,0,0,0,0,0,0,0,0,0,0,0,0,0,0,0,0,0,0,0,0,0,0,0,0,0,0,0,0,0,0,0,0,0,0,0,0,0,0,0,0,0,0,0,0,0,0,0,0,0,0,0,0,0,0,0,0,0,0,0,0,0,0,0,0,0,0,0,0,0,0,0,0,0,0,0,0,0,0,0,0,0,0,0,0,0,0,0,0,0,0,0,0,0,0,0,0,0,0,0,0,0,0,0,0,0,0,0,0,0,0,0,0,0,0,0,0,0,0,0,0,0,0
"MAR",0,0,0,177120000,0,0,0,0,0,0,0,0,0,0,0,0,0,0,0,0,0,0,0,0,44280000,149655000,640640000,10361260000,0,0,0,0,0,0,66420000,0,0,21849100000,0,0,2140470000,0,0,0,0,0,0,0,92250000,0,0,0,0,706410000,0,0,0,337635000,63724110000,5535000,0,75645000,0,0,0,0,0,104197770000,0,0,0,0,0,0,0,0,0,0,0,0,0,55745000,1405670000,0,0,0,147600000,0,0,0,0,0,7380000,0,0,372690000,0,3.0303e+10,54688660000,0,0,0,0,0,0,19819800000,0,575725000,0,0,0,0,0,0,0,0,35035000,0,0,0,0,0,0,3723870000,11070000,0,0,0,0,0,0,0,0,0,0,3891160000,0,0,0,0,0,0,0,0,0,0,0,0,262760000,0,0,0,0,0,0,0,304085000,0,0,0,0,19469680000,35055000,0,0,0,0,389295000,0,0,14560000,12915000,0,7305000,0,0,9185000,0,29360000,6941755000,0,0,0,0,0,952020000,0,0,180450000,0,0,0,0,0,0
"MOZ",0,0,0,0,0,0,0,0,0,0,0,0,0,0,0,0,0,0,0,0,0,0,0,0,0,0,0,0,0,0,0,0,0,0,0,0,0,0,0,0,0,0,0,0,0,0,0,0,0,0,0,0,0,0,0,0,0,0,0,0,0,0,0,0,0,0,0,0,0,0,0,0,0,0,0,0,0,0,0,0,0,0,0,0,0,0,0,0,0,0,0,0,0,0,0,0,0,0,0,0,0,0,0,0,0,0,0,0,0,0,0,0,0,0,0,0,0,0,0,0,0,0,0,0,0,0,0,0,0,0,0,0,0,0,0,0,0,0,0,0,0,0,0,0,0,0,0,0,0,0,0,0,0,0,0,0,0,0,0,0,0,0,0,0,0,0,0,0,0,0,0,0,0,0,0,0,0,0,0,0,0,0,0,0,0,0,0,0,0,0,0,0,0,0,0
"MDA",0,0,0,0,0,0,0,0,0,0,0,0,0,0,0,0,0,0,0,0,0,92250000,0,0,0,206640000,0,0,0,0,0,0,0,0,0,0,0,0,0,0,0,0,0,0,10068675000,0,0,0,0,190035000,0,0,0,6264170000,0,0,2301965000,0,0,14754290000,0,0,0,250920000,0,0,0,0,0,0,0,0,87785220000,0,0,0,0,0,0,1820000,55350000,51500000,0,1835000,0,0,0,0,0,0,0,0,0,0,0,0,0,0,0,0,0,0,0,0,0,0,0,0,0,0,0,0,0,0,0,0,0,0,0,0,0,0,0,0,0,0,0,35903330000,22140000,0,0,0,0,31365000,0,0,0,0,0,0,3338110000,0,3049785000,0,0,0,0,0,0,0,0,0,142065000,0,0,9225000,36900000,0,0,0,0,123896560000,11690000,0,0,0,0,0,0,0,0,0,29520000,0,0,0,15926790000,53896195000,25880815000,0,0,0,0,0,0,0,0,0,0,0,0,0,0,0,0
"NAM",0,0,0,0,0,0,0,0,0,0,0,0,0,0,0,0,0,0,0,0,0,0,0,0,0,0,0,0,0,0,0,0,0,0,0,0,0,0,0,0,0,0,0,0,0,0,0,0,0,0,0,0,0,0,0,0,0,0,0,0,0,0,0,0,0,0,0,0,0,0,0,0,0,0,0,0,0,0,0,0,0,0,0,0,0,0,0,0,0,0,0,0,0,0,0,0,0,0,0,0,0,0,0,0,0,0,0,0,0,0,0,0,0,0,0,0,0,0,0,0,0,0,0,0,0,0,0,0,0,0,0,0,0,0,0,0,0,0,0,0,0,0,0,0,0,0,0,0,0,0,0,0,0,0,0,0,0,0,0,0,0,0,0,0,0,0,0,0,0,0,0,0,0,0,0,0,0,0,0,0,0,0,0,0,0,0,0,0,0,0,0,0,0,0,0
"NPL",0,0,0,0,0,0,0,0,0,0,0,0,0,0,0,0,0,0,0,0,0,0,0,0,0,0,0,0,0,0,0,0,0,0,0,0,0,0,0,0,0,0,0,0,0,0,0,0,0,0,0,0,0,0,0,0,0,0,0,0,0,0,0,0,0,0,0,0,0,0,0,0,0,0,0,0,0,0,0,0,0,0,0,0,0,0,0,0,0,0,0,0,0,0,0,0,0,0,0,0,0,0,0,0,0,0,0,0,0,0,0,0,0,0,0,0,0,0,0,0,0,0,0,0,0,0,0,0,0,0,0,0,0,0,0,0,0,0,0,0,0,0,0,0,0,0,0,0,0,0,0,0,0,0,0,0,0,0,0,0,0,0,0,0,0,0,0,0,0,0,0,0,0,0,0,0,0,0,0,0,0,0,0,0,0,0,0,0,0,0,0,0,0,0,0
"NLD",1845000,1194035000,542430000,413260000,0,59040000,8661360000,23335075000,0,901250000,5535000,47970000,0,0,0,0,188970000,0,0,0,0,1122560000,0,38655000,208485000,4738840000,243810000,11070000,306270000,4901360000,7667070000,399985000,0,36900000,69594745000,0,34545000,12915000,3044500000,0,403175000,57728175000,0,20295000,1845000,0,1297125000,0,245910000,1543365000,2834315000,7380000,11464455000,368131415000,800800000,933570000,62460000,382500000,5580195000,1146516600000,7.25e+08,7963725000,0,7658195000,0,5505000,1845000,6741330000,0,27710205000,0,1565085000,5847205000,2198515000,4236030000,1839325000,1582470000,46075000,179910000,13100700000,4855325000,52825235000,970960000,65955000,11070000,1947275000,1597405000,0,143900000,0,0,262315000,4379445000,994455000,0,5661310000,0,6918765000,6811505000,2406625000,0,27675000,326565000,345005000,47970000,6181245000,1375770000,31365000,95640000,180810000,1845000,1151245000,38745000,41795000,9225000,119925000,0,0,49815000,73765000,0,1700290000,0,4959430000,79335000,24515640000,57195000,71955000,5259060000,0,18450000,111405000,68265000,27642955000,6141255000,17106035000,0,124410000,711950000,0,3809625000,5535000,7015725000,0,0,0,0,26402890000,213980000,18450000,40351725000,1057080000,320125000,1126925000,0,1637795000,163013510000,40869160000,3690000,0,29500355000,17231850000,687885000,0,518820000,164105000,178965000,53505000,0,71910000,1135175000,46100450000,2761785000,15409310000,93600000,0,254610280000,1146615000,25177415000,411520000,83025000,0,359955000,25830000,87635000,263835000,5072510000,84870000,470119615000,24571735000,2145550000,88560000,0,0,18450000
"ANT",0,0,0,0,0,0,0,0,0,0,0,0,0,0,0,0,0,0,0,0,0,0,0,0,0,0,0,0,0,0,0,0,0,0,0,0,0,0,0,0,0,0,0,0,0,0,0,0,0,0,0,0,0,0,0,0,0,0,0,0,0,0,0,0,0,0,0,0,0,0,0,0,0,0,0,0,0,0,0,0,0,0,0,0,0,0,0,0,0,0,0,0,0,0,0,0,0,0,0,0,0,0,0,0,0,0,0,0,0,0,0,0,0,0,0,0,0,0,0,0,0,0,0,0,0,0,0,0,0,0,0,0,0,0,0,0,0,0,0,0,0,0,0,0,0,0,0,0,0,0,0,0,0,0,0,0,0,0,0,0,0,0,0,0,0,0,0,0,0,0,0,0,0,0,0,0,0,0,0,0,0,0,0,0,0,0,0,0,0,0,0,0,0,0,0
"NCL",0,0,0,0,0,0,0,0,0,0,0,0,0,0,0,0,0,0,0,0,0,0,0,0,0,0,0,0,0,0,0,0,0,0,0,0,0,0,0,0,0,0,0,0,0,0,0,0,0,0,0,0,0,0,361310000,0,0,0,0,0,0,0,0,0,0,0,0,0,0,0,0,0,0,0,0,0,0,0,0,0,0,0,0,0,0,0,0,0,0,0,0,0,0,0,0,0,0,0,0,0,0,0,0,0,0,0,0,0,0,0,0,0,0,0,0,0,0,0,0,0,1845000,0,0,0,0,0,0,0,0,0,0,0,0,0,0,0,0,0,0,0,0,0,0,0,0,0,0,0,0,0,0,0,0,0,0,0,0,0,0,0,0,0,0,0,0,0,0,0,0,0,0,0,0,0,0,0,0,0,0,0,0,0,0,0,0,0,0,0,0,0,0,0,0,0,0
"MKD",0,0,1023045000,31365000,0,0,81180000,0,0,0,0,0,0,0,0,0,0,0,0,0,0,53345000,0,0,0,11070000,0,0,0,0,0,0,0,0,0,0,0,0,9225000,20295000,0,0,0,0,0,0,0,0,0,0,0,0,0,0,0,0,0,0,0,3690000,2270105000,0,0,406185000,0,0,0,0,0,0,0,0,11070000,2876445000,0,0,0,0,0,0,94095000,0,0,0,0,0,0,0,0,0,0,0,0,0,0,9225000,0,0,127305000,0,0,0,0,0,0,0,0,0,0,0,0,0,0,0,0,0,0,0,0,0,0,0,0,0,0,0,0,0,7382440000,0,0,0,0,0,0,0,0,0,0,0,0,0,0,0,0,0,0,0,0,0,0,350550000,140220000,0,0,0,0,0,0,0,27675000,12915000,0,0,0,0,0,0,0,0,0,1845000,0,0,0,0,1845000,0,141230000,0,0,0,0,0,0,0,0,0,0,0,0,0,0,0,0
"VUT",0,0,0,0,0,0,0,0,0,0,0,0,0,0,0,0,0,0,0,0,0,0,0,0,0,0,0,0,0,0,0,0,0,0,0,0,0,0,0,0,0,0,0,0,0,0,0,0,0,0,0,0,0,0,0,0,0,0,0,0,0,0,0,0,0,0,0,0,0,0,0,0,0,0,0,0,0,0,0,0,0,0,0,0,0,0,0,0,0,0,0,0,0,0,0,0,0,0,0,0,0,0,0,0,0,0,0,0,0,0,0,0,0,0,0,0,0,0,0,0,0,0,0,0,0,0,0,0,0,0,0,0,0,0,0,0,0,0,0,0,0,0,0,0,0,0,0,0,0,0,0,0,0,0,0,0,0,0,0,0,0,0,0,0,0,0,0,0,0,0,0,0,0,0,0,0,0,0,0,0,0,0,0,0,0,0,0,0,0,0,0,0,0,0,0
"NZL",0,0,0,0,0,0,89895875000,858380000,0,0,0,0,0,0,0,0,0,0,0,0,0,0,0,0,0,33495000,0,0,0,0,3340000,251355000,0,0,0,3518685000,0,0,0,0,0,0,0,0,0,0,0,0,0,0,0,899845000,0,1845000,1508590000,0,0,0,0,501175000,0,0,0,0,0,0,0,0,0,0,0,536295000,0,0,0,23380000,247230000,0,0,0,0,7380000,0,0,0,10370745000,0,0,0,0,0,108855000,0,0,0,0,0,0,0,0,1845000,0,0,49815000,0,0,0,0,0,0,0,0,0,0,0,0,0,0,765500000,0,25830000,0,0,0,0,0,0,44280000,0,29520000,0,0,94095000,0,0,0,0,0,0,0,0,0,0,0,0,0,0,0,0,0,0,0,0,523830000,0,107010000,0,0,0,0,0,105165000,0,0,367155000,0,571950000,0,350785000,0,0,0,0,400365000,0,7380000,11902095000,0,1413270000,0,0,0,0,11070000,0,0,0,0,0,0,0,0,0,0,0
"NIC",0,0,0,0,0,0,0,0,0,0,0,0,0,0,0,0,0,0,0,0,0,0,0,0,0,0,0,0,0,0,0,0,0,0,0,0,25228790000,0,0,0,0,0,0,4677075000,0,0,0,4010165000,0,0,0,0,0,0,0,0,0,0,0,0,0,0,0,0,0,0,1843155000,0,0,0,1613825000,0,0,0,0,0,0,0,0,0,0,0,0,0,3.69e+08,0,0,0,0,0,0,0,0,0,0,0,0,0,0,0,0,0,0,0,0,0,0,0,0,0,0,0,0,0,0,0,0,0,0,0,0,0,0,0,0,0,0,1590390000,0,0,0,0,0,0,0,0,0,0,0,0,0,0,63460000,0,0,0,0,0,0,0,0,0,0,0,0,0,0,0,0,0,0,0,0,0,0,0,0,0,0,0,0,0,0,0,0,0,0,0,774900000,0,0,0,0,0,0,0,0,0,0,0,0,0,0,0,0
"NER",0,0,0,0,0,0,0,0,0,0,0,0,0,0,0,0,0,0,0,0,0,0,0,0,0,0,0,0,0,0,0,0,0,0,0,0,0,0,0,0,0,0,0,0,0,0,0,0,0,0,0,0,0,0,0,0,0,0,0,0,0,0,0,0,0,0,0,0,0,0,0,0,0,0,0,0,0,0,0,0,0,0,0,0,0,0,0,0,0,0,0,0,0,0,0,0,0,0,0,0,0,0,0,0,0,0,0,0,0,0,0,0,0,0,0,0,0,0,0,0,0,0,0,0,299895000,0,0,0,0,0,0,0,0,0,0,0,0,0,0,0,0,0,0,0,0,0,0,0,0,0,0,0,0,0,0,0,0,0,0,0,0,0,0,0,0,0,0,0,0,0,0,91750000,0,0,0,0,0,0,0,0,0,0,0,0,0,0,0,0,0,0,0,0,0,0,0
"NGA",0,0,0,0,0,0,0,0,0,0,0,0,0,0,0,0,0,0,0,0,0,0,0,0,0,0,0,0,0,0,0,0,0,0,0,0,0,0,0,0,0,0,0,0,0,0,0,0,0,0,0,0,0,0,0,0,0,0,0,0,0,0,0,0,0,0,0,0,0,0,0,0,0,0,0,0,0,0,0,0,0,0,0,0,0,0,0,0,0,0,0,0,0,0,0,0,0,0,0,0,0,0,0,0,0,0,0,0,0,0,0,0,0,0,0,0,0,0,0,0,0,0,0,0,0,0,0,0,0,0,0,0,0,0,0,0,0,0,0,0,0,0,0,0,0,0,0,0,0,0,0,0,0,0,0,0,0,0,0,0,0,0,0,0,0,0,0,0,0,0,0,0,0,0,0,0,0,0,0,0,0,0,0,0,0,0,0,0,0,0,0,0,0,0,0
"NOR",0,0,0,0,0,3690000,501585000,18425000,0,38745000,0,132840000,0,0,0,0,7425000,0,0,0,0,0,0,0,3690000,319665000,0,0,14760000,265680000,1845000,8625000,0,0,0,0,0,3690000,1845000,0,0,5742115000,0,0,0,1845000,7380000,0,0,47970000,357930000,0,6571890000,184360000,0,0,0,0,0,330375000,0,7380000,0,49395000,0,0,0,0,0,0,0,43125000,9960000,0,952295000,13560000,0,0,0,0,3690000,2588505000,0,0,0,218490000,0,0,433575000,0,0,128825000,0,3690000,0,8025000,0,0,0,35055000,0,0,166050000,5310000,0,0,1845000,0,0,1845000,0,0,33210000,0,0,0,803975000,0,0,0,0,115080000,0,0,0,0,0,5535000,48620000,0,0,0,66420000,35055000,27675000,0,0,92250000,1845000,0,1845000,0,161640000,0,0,0,0,18450000,0,0,0,9225000,0,231915000,0,14760000,142880000,0,0,33210000,6706930000,0,0,0,14760000,77490000,133755000,0,0,3690000,0,0,19695000,673425000,177120000,0,355170000,1845000,1478745000,66420000,3690000,0,0,1845000,776745000,0,166050000,27675000,27675000,0,0,0,0,0,0
"PAK",0,1817775735000,0,0,0,0,330325000,0,0,338230000,0,83285130000,0,0,0,0,0,0,0,0,0,0,1.4195e+10,0,44280000,1164655000,0,0,11206115000,0,0,274845000,0,0,18450000,0,0,0,9175000,295575000,29520000,32805000,0,0,0,0,0,0,0,0,0,3670000,0,7350000,0,0,0,103320000,0,75535000,0,62730000,0,18350000,0,0,0,95940000,0,0,0,12285000,0,0,0,120856560000,6.4963e+10,3466045000,220370000,1835000,0,7380000,0,0,11070000,33200000,110700000,0,164015000,0,82995000,0,2793700000,0,0,38745000,0,11070000,0,0,0,1722955000,0,64968175000,25830000,0,0,14680000,1400100000,0,0,0,38715000,0,16605000,0,3690000,0,0,0,0,42415000,0,0,14760000,119135000,0,0,0,0,0,0,8956210000,0,0,0,0,0,123025000,0,0,0,0,0,0,0,0,4082155000,1845000,0,11070000,0,0,50125830000,4393830000,347825000,60705000,0,962780000,0,0,0,0,0,92250000,119805000,1846660000,138375000,0,0,547890000,0,0,2346350000,27525000,0,2521265000,0,3448365000,0,0,0,0,29570690000,0,127592950000,3690000,20295000,0,0,0,0,0,0,0
"PAN",0,0,0,0,0,0,0,0,0,0,0,0,0,0,0,0,0,0,18450000,0,0,0,0,0,0,27675000,0,0,0,0,0,0,212165000,0,0,0,715780000,0,0,0,0,0,0,0,0,0,0,0,0,0,0,0,0,0,0,0,0,0,0,0,0,0,0,0,0,0,0,0,0,0,0,0,0,0,0,0,0,0,0,0,0,0,0,0,813645000,0,0,0,0,0,0,0,0,0,0,0,0,0,0,0,0,0,0,0,0,0,0,0,0,0,0,0,0,0,0,0,0,0,0,0,0,0,3690000,0,0,0,0,0,0,0,0,0,0,0,0,0,0,0,0,0,0,0,0,0,0,0,0,0,0,0,0,0,0,0,0,0,29520000,0,0,0,0,0,0,0,0,0,0,0,0,0,0,0,0,0,0,0,0,0,1666035000,0,0,0,708480000,0,0,0,0,0,0,0,0,0,0,0,0
"CZE",3665000,0,0,46086990000,0,0,5535000,137275415000,0,9225000,0,0,0,0,0,0,0,0,0,0,0,254420000,0,0,0,66235000,0,0,0,0,14760000,0,0,0,93585000,0,0,0,3690000,0,0,1603305000,0,0,0,0,0,0,0,5575850000,0,0,433575000,14545350000,0,0,0,0,0,1709536045000,9225000,0,0,12915000,0,0,0,0,0,0,0,0,23900325000,2880910000,16605000,200336540000,0,0,0,0,204580000,102439140000,0,3690000,0,0,95731080000,0,0,0,0,0,22140000,8675645000,0,143910000,0,0,0,8200700000,0,0,0,0,0,0,81180000,0,0,0,0,0,0,11690000,0,0,4984245000,0,0,0,0,0,0,0,27857270000,415125000,0,0,0,0,0,0,0,736241470000,321030000,0,0,0,9225000,0,3601355000,0,7321555000,0,0,0,0,23985000,0,0,0,1840025000,146344345000,1845000,0,0,10057095000,0,0,0,35055000,3595290000,0,0,3690000,0,0,0,0,0,0,0,0,40590000,0,0,494600000,885190000,269295000,0,0,0,0,0,0,0,0,0,18690895000,94095000,20295000,0,0,0,0
"PNG",0,0,0,0,0,0,0,0,0,0,0,0,0,0,0,0,0,0,0,0,0,0,0,0,0,0,0,0,0,0,0,0,0,0,0,0,0,0,0,0,0,0,0,0,0,0,0,0,0,0,0,0,0,0,0,0,0,0,0,0,0,0,0,0,0,0,0,0,0,0,0,0,0,0,0,0,0,0,0,0,0,0,0,0,0,0,0,0,0,0,0,0,0,0,0,0,0,0,0,0,0,0,0,0,0,0,0,0,0,0,0,0,0,0,0,0,0,0,0,0,0,0,0,0,0,0,0,0,0,0,0,0,0,0,0,0,0,0,0,0,0,0,0,0,0,0,0,0,0,0,0,0,0,0,0,0,0,0,0,0,0,0,0,0,0,0,0,0,0,0,0,0,0,0,0,0,0,0,0,0,0,0,0,0,0,0,0,0,0,0,0,0,0,0,0
"PRY",0,0,0,0,0,2.505e+09,0,0,0,0,0,0,0,0,4.175e+09,0,871947180000,0,0,0,0,0,0,0,0,18380000,0,0,0,0,1663320000,0,0,0,0,0,0,0,0,0,0,0,0,0,0,0,0,0,0,0,0,0,0,0,0,0,0,0,0,0,0,0,0,0,0,0,0,0,0,0,0,0,0,0,0,0,0,0,0,0,0,0,0,0,0,0,0,0,0,0,0,0,0,0,0,0,0,0,0,0,0,0,0,0,0,0,0,0,0,0,0,0,0,0,0,0,0,0,0,0,0,0,0,0,0,0,0,0,0,0,0,0,0,0,0,0,0,0,0,0,0,0,0,0,0,0,0,0,0,0,0,0,0,0,0,0,1845000,0,0,0,0,0,0,0,0,0,0,0,0,0,0,0,0,0,0,0,736470000,0,75595000,0,0,0,0,0,0,0,0,0,636270000,0,0,0,0,0,0
"PER",0,0,0,0,0,0,5535000,0,0,0,0,0,0,0,44067585000,0,1379560000,0,0,0,0,0,0,0,0,5535000,0,0,0,0,33719855000,0,27384280000,0,0,0,70110000,0,0,0,0,0,0,1992340000,0,36664425000,0,25830000,0,0,0,0,0,0,0,0,0,0,0,0,0,0,0,0,0,0,632835000,0,0,58655220000,312260000,0,0,0,0,0,0,0,0,0,0,28795000,0,0,287820000,198990000,0,0,0,0,0,0,0,0,0,0,0,0,0,0,0,0,0,0,0,0,0,0,0,4629105000,0,0,0,0,0,0,1845000,0,0,0,0,0,14760000,0,0,0,0,5610500000,0,0,0,0,0,0,0,0,0,0,0,0,0,0,0,0,0,0,0,0,0,0,0,0,0,0,0,0,404870000,5535000,0,0,16605000,3640000,0,0,0,0,11070000,0,0,29520000,0,0,0,0,0,0,0,0,2526080000,0,0,0,4886475000,0,0,0,0,0,0,0,0,0,0,0,0
"PHL",0,0,0,0,0,0,1397875000,0,0,280295000,0,0,0,0,0,0,0,0,0,9225000,62620000,0,0,0,0,2699735000,0,0,0,0,36900000,128950000,0,0,0,3690000,0,0,17760000,0,0,3690000,0,0,0,0,9225000,0,0,0,0,0,0,47870000,1845000,0,0,0,0,22070000,0,42435000,29470000,15975000,0,0,0,0,0,0,0,1554020000,0,0,1835000,14760000,11010000,0,0,22130000,266580000,372155000,0,0,0,4768985000,22020000,0,0,5515000,0,6759255000,558765000,0,0,77100000,0,0,0,0,457560000,0,0,269240000,95940000,5505000,0,0,0,0,0,0,0,0,0,7380000,553135000,0,7380000,0,7380000,198485000,0,0,0,38665000,1845000,11070000,0,102040000,0,0,0,0,0,0,0,0,538455000,0,0,0,0,0,0,0,0,1278205000,0,10460000,0,0,0,534080000,0,27645000,83890000,0,0,0,9175000,11030000,0,0,3743850000,0,47528945000,0,1845000,0,40530000,0,0,2421605000,0,0,501540000,0,12820845000,0,0,0,0,188170000,0,3680000,0,0,22705000,0,0,0,0,0,0
"POL",109500000,0,110700000,678139180000,0,293355000,491800000,11392860000,0,7380000,0,0,0,0,0,0,1588545000,0,0,0,0,6898940000,0,0,108855000,4139050000,0,0,0,0,0,338325000,0,0,0,0,0,45511190000,261840000,1181455000,0,13087865000,0,0,10910595000,0,293355000,0,0,5436960000,57195000,0,2915100000,17891130000,0,0,191880000,0,0,637279220000,747225000,23985000,0,3510045000,0,0,0,0,0,0,0,136530000,69305565000,8669055000,909165000,186265000,0,7380000,127305000,7872230000,3769580000,17295605000,0,1137290000,0,1754595000,46125000,0,18591315000,0,9225000,127305000,3394800000,15679115000,0,1097775000,0,0,55499815000,23861080000,0,0,0,3.69e+08,0,0,523980000,0,0,2029500000,228780000,165586790000,0,990790000,0,0,46000840000,0,0,474165000,0,12915000,0,0,0,5666295000,0,0,83294635000,0,0,0,0,0,1276760000,0,0,0,46125000,0,18837035000,0,40378505000,0,0,0,0,7828335000,0,0,0,6925605000,46397115000,625455000,0,769365000,48524865000,0,46125000,0,12534355000,4636485000,0,0,125460000,26259080000,3690000,0,0,0,25055090000,94814015000,5693670000,19259060000,0,0,47221505000,7163735000,16054220000,0,0,14760000,0,35055000,0,206640000,0,1845000,27465160000,92250000,1988910000,175275000,0,0,9225000
"PRT",0,0,0,0,0,33210000,35075000,173430000,0,1845000,0,0,0,0,9225000,0,836475000,0,0,0,0,0,0,0,0,702045000,4486240000,0,0,0,9225000,420795000,60885000,0,1845000,0,0,120570000,748095000,0,3690000,980235000,0,431730000,0,0,7380000,0,3690000,0,0,0,557190000,7046635000,0,0,0,69880000,20295000,7310335000,0,18450000,0,1192005000,0,20295000,0,717730000,0,0,0,389295000,36900000,0,0,193125000,0,0,0,132985000,805110000,3249640000,7380000,0,0,934815000,0,0,12915000,0,0,7380000,22140000,1845000,0,9225000,0,0,164205000,11070000,73625000,0,0,0,0,135790000,263235000,0,89805000,322275000,0,105165000,627355000,0,14760000,0,2433470000,0,0,0,0,51660000,0,11070000,0,31365000,0,0,20295000,0,0,0,66420000,659805000,0,2397035000,0,0,5535000,1845000,3665000,0,715860000,0,0,0,18459110000,84870000,238005000,11070000,7380000,1845000,9225000,33040000,0,118810000,503982810000,57195000,0,0,250920000,843800000,0,0,0,0,0,7380000,0,0,63420000,0,0,0,0,0,4528540000,44280000,4249870000,60885000,0,0,0,0,0,0,47850000,0,2315265000,1203185000,0,0,0,0,0
"GNB",0,0,0,0,0,0,0,0,0,0,0,0,0,0,0,0,0,0,0,0,0,0,0,0,0,0,0,0,0,0,0,0,0,0,0,0,0,0,0,0,0,0,0,0,0,0,0,0,0,0,0,0,0,0,0,0,0,0,0,0,0,0,0,0,0,0,0,0,0,0,0,0,0,0,0,0,0,0,0,0,0,0,0,0,0,0,0,0,0,0,0,0,0,0,0,0,0,0,0,0,0,0,0,0,0,0,0,0,0,0,0,0,0,0,0,0,0,0,0,0,0,0,0,0,0,0,0,0,0,0,0,0,0,0,0,0,0,0,0,0,0,0,0,0,0,0,0,0,0,0,0,0,0,0,0,0,0,0,0,0,0,0,0,0,0,0,0,0,0,0,0,0,0,0,0,0,0,0,0,0,0,0,0,0,0,0,0,0,0,0,0,0,0,0,0
"TLS",0,0,0,0,0,0,0,0,0,0,0,0,0,0,0,0,0,0,0,0,0,0,0,0,0,0,0,0,0,0,0,0,0,0,0,0,0,0,0,0,0,0,0,0,0,0,0,0,0,0,0,0,0,0,0,0,0,0,0,0,0,0,0,0,0,0,0,0,0,0,0,0,0,0,0,0,0,0,0,0,0,0,0,0,0,0,0,0,0,0,0,0,0,0,0,0,0,0,0,0,0,0,0,0,0,0,0,0,0,0,0,0,0,0,0,0,0,0,0,0,0,0,0,0,0,0,0,0,0,0,0,0,0,0,0,0,0,0,0,0,0,0,0,0,0,0,0,0,0,0,0,0,0,0,0,0,0,0,0,0,0,0,0,0,0,0,0,0,0,0,0,0,0,0,0,0,0,0,0,0,0,0,0,0,0,0,0,0,0,0,0,0,0,0,0
"ERI",0,0,0,0,0,0,0,0,0,0,0,0,0,0,0,0,0,0,0,0,0,0,0,0,0,0,0,0,0,0,0,0,0,0,0,0,0,0,0,0,0,0,0,0,0,0,0,0,0,0,0,0,0,0,0,0,0,0,0,0,0,0,0,0,0,0,0,0,0,0,0,0,0,0,0,0,0,0,0,0,0,0,0,0,0,0,0,0,0,0,0,0,0,0,0,0,0,0,0,0,0,0,0,0,0,0,0,0,0,0,0,0,0,0,0,0,0,0,0,0,0,0,0,0,0,0,0,0,0,0,0,0,0,0,0,0,0,0,0,0,0,0,0,0,0,0,0,0,0,0,0,0,0,0,0,0,0,0,0,0,0,0,0,0,0,0,0,0,0,0,0,0,0,0,0,0,0,0,0,0,0,0,0,0,0,0,0,0,0,0,0,0,0,0,0
"QAT",0,0,0,0,0,0,0,0,0,403065000,0,0,0,0,0,0,0,0,0,0,0,0,0,0,0,0,0,0,0,0,0,0,0,0,0,0,0,0,0,0,0,0,0,0,0,0,0,0,0,0,0,0,0,0,0,0,0,0,0,0,0,0,0,0,0,0,0,0,0,0,0,0,0,0,0,0,0,0,0,0,0,0,0,0,0,0,0,0,0,0,0,0,122050000,0,0,22020000,0,0,9225000,0,0,0,0,0,0,0,12915000,3690000,0,0,0,0,0,0,0,0,0,0,0,0,0,0,0,0,0,0,0,0,0,0,0,0,0,0,0,0,0,0,0,0,0,0,0,0,0,0,0,1039225000,0,0,0,0,0,0,0,0,0,0,0,0,0,0,1845000,0,0,0,0,0,0,0,0,0,34865000,387960000,0,0,0,0,0,0,0,0,0,0,0,0,0,0,0,0,0,0,0,0,0
"ZWE",0,0,0,0,0,0,0,0,0,0,0,0,0,0,0,0,0,0,0,0,0,0,0,0,0,0,0,0,0,0,0,0,0,0,0,0,0,0,0,0,0,0,0,0,0,0,0,0,0,0,0,0,0,0,0,0,0,0,0,0,0,0,0,0,0,0,0,0,0,0,0,0,0,0,0,0,0,0,0,0,0,0,0,0,0,0,0,0,0,0,0,0,0,0,0,0,0,0,0,0,0,0,0,0,0,0,0,0,0,0,0,0,0,0,0,0,0,0,0,0,0,0,0,0,0,0,0,0,0,0,0,0,0,0,0,0,0,0,0,0,0,0,0,0,0,0,0,0,0,0,0,0,0,0,0,0,0,0,0,0,0,0,0,0,0,0,0,0,0,0,0,0,0,0,0,0,0,0,0,0,0,0,0,0,0,0,0,0,0,0,0,0,0,0,0
"ROU",47970000,0,10809815000,71928810000,1245000,1670000,11070000,1812650000,0,0,0,201609080000,0,0,0,0,16515000,0,0,0,0,17830490000,0,0,0,35055000,0,0,0,0,0,0,0,0,5422425000,0,0,0,29320165000,0,0,5554595000,0,0,81825000,0,159712120000,0,0,0,0,0,20295000,5601520000,0,0,43145000,0,289930000,14900120000,0,0,0,95678430000,0,0,0,0,0,0,0,40465000,7966380000,1031355000,0,112307500000,0,0,5535000,73200000,126139245000,364189855000,0,0,0,0,285975000,0,0,0,0,0,0,55350000,0,780435000,0,1245000,46754100000,100920000,0,144965000,0,0,0,0,20589525000,144965000,0,138375000,0,5597840000,484440000,9919115000,0,0,4276415000,0,0,3434970000,0,0,0,0,14149235000,0,5525000,12835000,4867850000,0,0,0,0,3896640000,134685000,0,0,0,0,0,0,0,53505000,0,0,1245000,231210000,0,194510000,0,47710000,23985000,4826520000,0,0,1845000,452389960000,0,0,0,3690000,1626580000,0,0,0,0,0,0,0,0,0,62676770000,11254415000,576430000,0,0,51688965000,913410000,2447060000,97255000,0,0,0,0,0,0,0,0,54150000,0,673425000,0,0,0,0
"RWA",0,0,0,0,0,0,0,0,0,0,0,0,0,0,0,0,0,0,0,0,0,0,0,216580000,0,0,0,0,0,0,0,0,0,0,0,0,0,0,0,0,0,0,0,0,0,0,0,0,0,0,0,0,0,18200000,0,0,0,0,0,0,0,0,0,0,0,0,0,0,0,0,0,0,0,0,0,0,0,0,0,0,0,0,0,0,0,0,0,0,806610000,0,0,0,0,0,0,0,0,0,0,0,0,0,0,0,0,0,0,0,0,0,0,0,0,0,0,0,0,0,0,0,0,0,0,0,0,0,0,0,0,0,0,0,0,0,0,0,0,0,0,0,0,0,0,0,0,0,0,0,0,0,0,0,0,0,0,0,0,0,0,0,0,0,0,0,0,0,0,0,0,0,0,0,0,0,0,0,0,0,0,0,0,0,0,0,0,0,1152060000,0,0,0,0,0,0,0,0
"RUS",618584345000,6923280000,708090020000,226684130000,0,0,38810000,77210780000,0,15519310000,0,2824370800000,0,0,0,0,0,0,0,0,0,46150450000,0,0,0,495175000,0,0,0,0,0,1301325000,0,0,0,0,0,9175000,113784055000,1829898915000,0,24538185000,0,0,0,0,10137416030000,0,0,1796700000,0,0,101175000,39390000,0,0,2056125850000,0,0,37111210000,0,0,0,1107807855000,0,0,0,4935000,0,0,0,0,77190000,4911470000,0,4957799140000,146883180000,12703690000,0,11070000,1229478475000,1713396620000,0,187281835000,0,22140000,924084480000,19492765000,696619280000,0,20637890000,1702205000,905140000,14373265000,0,630799080000,0,0,1056669120000,33351770000,0,0,0,0,0,0,0,47568280000,0,0,421413360000,294137100000,88600180000,38756970000,0,0,33210000,0,0,0,0,5510000,0,0,86834990000,11721730000,754966920000,29360000,724330000,0,0,0,0,2476470000,0,0,0,111277110000,0,26716660000,59976380000,3.34e+09,0,0,0,0,0,82734345000,0,0,0,0,372850000,0,0,0,325999030000,0,159420490000,0,4789705000,30044970000,167313960000,5714690000,11070000,620997850000,0,0,0,0,498348040000,1446570700000,2001441015000,371503865000,1.71843e+11,0,15268190000,595284060000,3490390000,0,0,50642740000,0,36756605000,42924010000,1287386300000,13942830000,0,11070000,0,22338230000,16234070000,0,0,0
"KNA",0,0,0,0,0,0,0,0,0,0,0,0,0,0,0,0,0,0,0,0,0,0,0,0,0,0,0,0,0,0,0,0,0,0,0,0,0,0,0,0,0,0,0,0,0,0,0,0,0,0,0,0,0,0,0,0,0,0,0,0,0,0,0,0,0,0,0,0,0,0,0,0,0,0,0,0,0,0,0,0,0,0,0,0,0,0,0,0,0,0,0,0,0,0,0,0,0,0,0,0,0,0,0,0,0,0,0,0,0,0,0,0,0,0,0,0,0,0,0,0,0,0,0,0,0,0,0,0,0,0,0,0,0,0,0,0,0,0,0,0,0,0,0,0,0,0,0,0,0,0,0,0,0,0,0,0,0,0,0,0,0,0,0,0,0,0,0,0,0,0,0,0,0,0,0,0,0,0,1845000,0,0,0,0,0,0,0,0,0,0,0,0,0,0,0,0
"LCA",0,0,0,0,0,0,0,0,0,0,157350000,0,0,0,0,0,0,0,0,0,0,0,0,0,0,0,0,0,0,0,0,0,0,0,0,0,0,0,0,0,0,0,216530000,0,0,0,0,0,0,0,0,0,0,0,0,0,0,0,0,0,0,0,0,0,0,55180000,0,0,0,0,0,0,0,0,0,0,0,0,0,0,0,0,0,0,0,0,0,0,0,0,0,0,0,0,0,0,0,0,0,0,0,0,0,0,0,0,0,0,0,0,0,0,0,0,0,0,0,0,0,0,0,0,0,0,0,0,0,0,0,0,0,0,0,0,0,0,0,0,0,0,0,0,0,9175000,0,11205000,0,0,0,0,0,0,0,0,0,0,0,0,0,0,0,0,0,0,0,0,0,0,0,0,0,0,0,0,0,0,0,0,0,0,0,0,0,0,0,0,0,0,0,0,0,0,0,0,0
"VCT",0,0,0,0,11864580000,0,0,0,0,0,1539745000,0,0,0,0,0,0,0,0,0,0,0,0,0,0,0,0,0,0,0,0,0,0,0,0,0,0,0,0,0,0,0,3960320000,0,0,0,0,0,0,0,0,0,0,0,0,0,0,0,0,0,0,0,0,0,0,1869770000,0,0,0,0,0,0,0,0,0,0,0,0,0,0,0,0,0,0,0,0,0,0,0,0,0,0,0,0,0,0,0,0,0,0,0,0,0,0,0,0,0,0,0,0,0,0,0,0,0,0,0,0,0,0,0,0,0,0,0,0,0,0,0,0,0,0,0,0,0,0,0,0,0,0,0,0,0,3545405000,17087660000,0,0,0,0,0,0,0,0,0,0,0,0,0,0,0,0,0,0,0,0,0,0,0,0,71025000,0,0,0,0,0,0,0,0,0,0,0,0,0,0,0,0,0,0,0,0,0,0,0,0,0
"STP",0,0,0,0,0,0,0,0,0,0,0,0,0,0,0,0,0,0,0,0,0,0,0,0,0,0,0,0,0,0,0,0,0,0,0,0,0,0,0,0,0,0,0,0,0,0,0,0,0,0,0,0,0,0,0,0,0,0,0,0,0,0,0,0,0,0,0,0,0,0,0,0,0,0,0,0,0,0,0,0,0,0,0,0,0,0,0,0,0,0,0,0,0,0,0,0,0,0,0,0,0,0,0,0,0,0,0,0,0,0,0,0,0,0,0,0,0,0,0,0,0,0,0,0,0,0,0,0,0,0,0,0,0,0,0,0,0,0,0,0,0,0,0,0,0,0,0,0,0,0,0,0,0,0,0,0,0,0,0,0,0,0,0,0,0,0,0,0,0,0,0,0,0,0,0,0,0,0,0,0,0,0,0,0,0,0,0,0,0,0,0,0,0,0,0
"SAU",113770000,36900000,0,612450000,0,0,193725000,0,0,18049800000,0,391140000,0,0,0,0,0,0,0,0,0,210330000,0,110700000,769365000,140305000,0,0,260145000,0,0,376380000,324645000,0,285975000,0,0,79335000,0,280440000,121490000,131685000,0,0,0,0,11470835000,0,0,0,0,0,0,487080000,0,2438740000,0,402210000,457560000,274905000,0,583020000,0,0,0,0,0,31365000,0,0,0,14760000,0,0,0,440355000,270625000,11070000,5770685000,0,0,2263655000,1204785000,0,0,505530000,26235280000,0,1484190000,0,0,402210000,29222250000,0,0,8986875000,0,1012905000,426455000,25830000,14720000,260145000,0,755625000,0,439110000,1402200000,1256415000,88560000,0,121770000,55330000,0,0,0,0,332080000,0,0,0,0,40590000,64575000,0,77070000,0,1917855000,0,0,0,0,0,293355000,0,0,0,0,769095000,14768385000,0,86715000,0,25830000,0,0,0,0,0,308105000,0,171585000,0,0,1236785000,2392965000,1074630000,1735620000,40590000,0,40590000,156825000,0,40209130000,0,1800720000,534655000,107010000,0,0,0,10277095000,747055000,594090000,31161395000,3690000,0,1743135000,0,1201105000,0,0,0,0,0,211175000,35419105000,0,58940000,564570000,40590000,0,0,0,0,2188410000
"SEN",0,0,0,0,0,0,0,0,0,0,0,0,0,0,0,0,0,0,0,0,0,0,0,0,0,0,3670000,0,0,0,0,0,0,0,0,0,0,0,0,0,0,0,0,0,0,0,0,0,0,0,0,0,0,9225000,0,0,0,31365000,3462975000,0,0,0,0,0,0,0,0,1714310000,0,0,0,0,0,0,0,0,0,36900000,0,0,0,188470000,5535000,0,0,0,0,0,0,0,0,0,0,0,0,0,0,0,0,0,0,0,0,0,0,74003560000,0,1181670000,0,0,0,0,0,0,0,0,0,0,0,0,0,0,0,202950000,0,0,0,0,0,0,0,0,0,0,0,2740335000,0,0,0,0,0,0,0,0,0,0,0,0,0,0,158420000,0,0,0,0,0,5535000,0,0,0,0,9175000,0,0,0,0,0,22020000,0,0,0,0,0,0,0,0,0,0,0,520465000,0,0,0,0,0,0,0,0,0,0,0,0,0,0,0
"SYC",0,0,0,0,0,0,0,0,0,0,0,0,0,0,0,0,0,0,0,0,0,0,0,0,0,0,0,0,0,0,0,0,0,0,0,0,0,0,0,0,0,0,0,0,0,0,0,0,0,0,0,0,0,0,0,0,0,0,0,3690000,0,0,0,0,0,0,0,0,0,0,0,0,0,0,0,0,0,0,0,0,0,0,0,0,0,0,0,0,0,0,0,0,0,0,0,0,0,0,0,0,0,0,0,0,0,0,0,0,1820000,0,0,0,0,0,0,0,7380000,0,0,0,0,0,0,0,0,0,0,0,0,0,0,0,0,0,0,0,0,0,0,0,0,0,0,0,0,0,0,0,0,0,0,0,0,18250000,0,0,0,0,0,0,0,0,0,0,0,0,0,0,0,0,0,0,0,21865000,0,0,1845000,0,0,0,0,0,0,0,0,0,0,0,0,0,0,0,0,0,0
"SLE",0,0,0,0,0,0,0,0,0,0,0,0,0,0,0,0,0,0,0,0,0,0,0,0,0,0,0,0,0,0,0,0,0,0,0,0,0,0,0,0,0,0,0,0,0,0,0,0,0,0,0,0,0,0,0,0,0,0,0,0,0,0,0,0,0,0,0,0,0,0,0,0,0,0,0,0,0,0,0,0,0,0,0,0,0,0,0,0,0,0,0,0,0,0,0,0,0,0,0,0,0,0,0,0,0,0,0,0,0,0,0,0,0,0,0,0,0,0,0,0,0,0,0,0,0,0,0,0,0,0,0,0,0,0,0,0,0,0,0,0,0,0,0,0,0,0,0,0,0,0,0,0,0,0,0,0,0,0,0,0,0,0,0,0,0,0,0,0,0,0,0,0,0,0,0,0,0,0,0,0,0,0,0,0,0,0,0,0,0,0,0,0,0,0,0
"SVN",0,0,5037460000,0,0,0,1820000,6081820000,0,0,0,14680000,0,0,0,0,0,0,0,0,0,1820000,0,0,0,198120000,0,0,0,0,0,0,0,0,0,0,0,0,1835000,0,0,0,0,0,0,0,0,0,0,0,0,0,6225000,3090000,0,0,0,0,0,679910000,3443325000,0,0,0,0,0,0,0,0,0,0,0,260745000,16498130000,0,0,0,0,0,0,100845000,21650515000,0,0,0,3180055000,385350000,0,0,0,0,0,0,0,0,0,0,0,0,0,0,0,0,0,0,0,3670000,0,0,0,0,0,0,0,0,0,23915000,0,0,346210000,0,0,0,0,0,0,0,0,939065000,0,0,0,0,0,0,0,0,0,0,0,0,0,100995000,0,0,0,0,0,0,0,0,0,1845000,0,0,0,0,0,0,0,247730000,0,0,0,0,0,0,0,0,0,0,0,0,0,0,0,1835000,5500000,844025000,0,0,0,0,0,0,0,0,0,16605000,0,1103550000,72790000,0,0,0
"SVK",0,0,0,101101800000,0,0,0,90905975000,0,0,0,0,0,0,0,0,0,0,0,0,0,701835000,0,0,0,9200000,0,0,0,0,0,0,0,0,0,0,0,0,17321240000,0,0,273130000,0,0,0,0,0,0,0,251395000,0,0,0,538740000,0,0,0,0,0,41152805000,2079150000,0,0,4510670000,0,0,0,0,0,0,0,0,178906140000,547965000,0,0,0,0,0,7380000,0,107450485000,0,0,0,0,110715990000,0,0,0,0,0,0,943190000,0,0,0,0,0,1480115000,0,0,0,0,0,0,0,0,0,0,0,0,0,9225000,0,0,7414850000,0,0,0,0,0,0,0,71723160000,0,0,0,149860620000,0,0,0,0,210397270000,16605000,0,0,0,0,0,13547700000,0,658870000,0,0,0,0,0,0,0,0,5491700000,0,16605000,0,1845000,9225000,0,0,0,1845000,874015000,0,0,0,0,0,0,0,0,0,8954540000,0,25830000,0,0,18450000,111875000,128515000,0,0,0,0,0,0,0,0,0,20295000,1845000,77490000,0,0,0,0
"SGP",0,0,0,0,0,0,2878880000,0,0,5.68e+08,0,194330000,0,0,0,0,0,0,0,112545000,12557715000,0,1395125000,0,0,1171105000,0,0,456755000,0,1845000,668055000,0,3690000,0,0,0,0,230465000,0,0,11070000,0,0,1845000,0,9205000,0,0,0,0,97765000,3670000,367075000,875985000,1835000,0,0,0,932385000,0,46125000,0,616220000,0,0,0,60885000,0,0,0,4606855000,0,0,0,513495000,57688590000,7380000,0,14760000,49575000,33210000,0,363465000,0,15240385000,166050000,0,36870000,810385000,53505000,5147980000,1527610000,1845000,0,223210000,0,16605000,0,0,5535000,18450000,0,66440955000,10558360000,0,20295000,0,376085000,14760000,55350000,0,0,0,0,75645000,1030465000,0,195570000,0,343080000,1345095000,0,0,12915000,20295000,243305000,0,0,870800000,0,0,5094015000,0,9175000,0,0,0,343050000,0,0,0,7380000,0,0,0,0,1027665000,0,921085000,0,0,0,0,0,688005000,433575000,0,0,0,23945000,3690000,0,0,3466475000,0,72051810000,0,0,0,206640000,0,27675000,1862945000,0,0,1847505000,0,6393895000,0,0,0,14760000,5429750000,0,0,0,0,0,0,0,0,0,0,0
"SOM",0,0,0,0,0,0,0,0,0,0,0,0,0,0,0,0,0,0,0,0,0,0,0,0,0,0,0,0,0,0,0,0,0,0,0,0,0,0,0,0,0,0,0,0,0,0,0,0,0,0,0,0,0,0,0,0,0,0,0,0,0,0,0,0,0,0,0,0,0,0,0,0,0,0,0,0,0,0,0,0,0,0,0,0,0,0,0,0,0,0,0,0,0,0,0,0,0,0,0,0,0,0,0,0,0,0,0,0,0,0,0,0,0,0,0,0,0,0,0,0,0,0,0,0,0,0,0,0,0,0,0,0,0,0,0,0,0,0,0,0,0,0,0,0,0,0,0,0,0,0,0,0,0,0,0,0,0,0,0,0,0,0,0,0,0,0,0,0,0,0,0,0,0,0,0,0,0,0,0,0,0,0,0,0,0,0,0,0,0,0,0,0,0,0,0
"ZAF",0,0,0,0,0,0,369800000,0,0,0,0,0,0,0,0,0,0,0,0,0,0,0,0,0,0,102720000,0,0,18450000,0,0,0,0,16525000,152795000,0,0,0,381315000,0,0,0,0,0,0,0,0,0,0,0,0,0,1845000,228780000,0,0,0,0,0,14805000,10728080000,336155000,0,63205000,0,0,0,4325000,0,0,0,143660000,0,0,0,0,0,0,0,4935000,0,3735000,0,0,0,1845000,0,0,177800000,0,0,0,0,0,0,0,0,22140000,0,0,0,57690000,6903195000,209085000,16605000,0,0,0,1130615000,0,0,0,7293105000,0,0,56780000,1845000,0,14760000,0,0,201690000,0,0,45655000,0,9225000,0,0,0,0,0,9225000,0,0,0,0,5535000,0,76516005000,0,20295000,0,0,0,3690000,0,0,5535000,5.14e+08,0,0,0,0,0,0,1845000,0,0,0,0,3655000,0,0,146960000,727900000,0,0,0,0,11070000,0,0,789070000,379105000,0,383640000,0,139130000,0,0,0,0,0,3090000,0,18385185000,53261890000,27675000,0,0,0,0,0,0
"ESP",0,0,2469350000,249182685000,0,76885000,598050000,3633200000,0,241785000,0,0,0,0,20295000,0,25830000,0,0,0,0,381355000,0,0,13953520000,7859745000,695080000,0,0,0,259635000,569450000,1362530000,0,972550000,0,131540000,99780205000,7440440000,0,154310000,2929445000,0,2983810000,11070000,428535000,47970000,0,12734235000,148755000,0,0,4446390000,675820800000,25830000,47970000,22140000,1431410000,46125000,60117615000,96210000,1535170000,0,33432415000,0,0,64065000,668455000,0,47910000,0,451070000,969585000,802425000,225140000,9225000,0,7380000,53505000,20806555000,3208560000,732784740000,31455060000,47770000,0,838250000,1192965000,0,5535000,0,0,108900000,597515000,598355000,0,2945635000,0,733865000,168441200000,89695000,0,0,0,38145000,11070000,2840810000,944730000,61578995000,5535000,3566195000,11070000,13874940000,0,3690000,0,0,29327725000,0,125460000,0,0,11070000,1845000,181665000,7778860000,3833880000,64575000,968925000,3797300000,0,0,166395000,153775000,5206950000,696145135000,1845000,0,0,75645000,1585220000,648910000,0,875250000,0,0,0,0,26054375000,19029315000,0,0,714015000,910095000,53910000,0,40590000,0,0,0,0,40477850000,6361815000,42410000,0,25830000,0,273455000,64335000,0,134685000,64320000,107845185000,46708135000,8162230000,0,0,175766280000,464870000,29983150000,4376360000,3690000,0,308970000,49565000,0,162360000,7380000,0,22591625000,5054285000,19095000,0,0,0,0
"SUR",0,0,0,0,0,0,0,0,0,0,0,0,0,0,0,0,0,0,0,0,0,0,0,0,0,0,0,0,0,0,0,0,0,0,0,0,0,0,0,0,0,0,0,0,0,0,0,0,0,0,0,0,0,0,0,0,0,0,0,0,0,0,0,0,0,0,0,0,0,0,0,0,0,0,0,0,0,0,0,0,0,0,0,0,0,0,0,0,0,0,0,0,0,0,0,0,0,0,0,0,0,0,0,0,0,0,0,0,0,0,0,0,0,0,0,0,0,0,0,0,0,0,0,0,0,0,0,0,0,0,0,0,0,0,0,0,0,0,0,0,0,0,0,0,0,0,0,0,0,0,0,0,0,0,0,0,0,0,0,0,0,0,0,0,0,0,0,0,0,0,0,0,0,0,0,0,0,0,0,0,0,0,0,0,0,0,0,0,0,0,0,0,0,0,0
"TJK",0,0,0,0,0,0,0,0,0,0,0,0,0,0,0,0,0,0,0,0,0,0,0,0,0,0,0,0,0,0,0,0,0,0,0,0,0,0,0,0,0,0,0,0,0,0,0,0,0,0,0,0,0,0,0,0,0,0,0,0,0,0,0,0,0,0,0,0,0,0,0,0,0,0,0,0,0,0,0,0,0,0,0,0,0,0,0,0,0,0,0,0,0,0,0,0,0,0,0,0,0,0,0,0,0,0,0,0,0,0,0,0,0,0,0,0,0,0,0,0,0,0,0,0,0,0,0,0,0,0,0,0,0,0,0,0,0,0,0,0,0,0,0,0,0,0,0,0,0,0,0,0,0,0,0,0,0,0,0,0,0,0,0,0,0,0,0,0,0,0,0,0,0,0,0,0,0,0,0,0,0,0,0,0,0,0,0,0,0,0,0,0,0,0,0
"SWZ",0,0,0,0,0,0,0,0,0,0,0,0,0,0,0,0,0,0,0,0,0,0,0,0,0,0,0,0,0,0,0,0,0,0,0,0,0,0,0,0,0,0,0,0,0,0,0,0,0,0,0,0,0,0,0,0,0,0,0,0,0,0,0,0,0,0,0,0,0,0,0,0,0,0,0,0,0,0,0,0,0,0,0,0,0,0,0,0,0,0,0,0,0,0,0,0,0,0,0,0,0,0,0,0,0,0,0,0,0,0,0,0,520670000,0,0,0,0,0,0,0,0,0,0,0,0,0,0,0,0,0,0,0,0,0,0,0,0,0,0,0,0,0,0,0,0,0,0,0,0,0,0,0,0,0,0,3235540000,0,0,0,0,0,0,0,0,0,0,0,0,0,0,0,0,0,0,0,0,0,0,0,0,0,0,0,0,0,0,0,0,0,0,0,0,0,0,0
"SWE",0,0,0,0,0,0,845515000,3874570000,0,0,0,0,0,0,0,0,6180000,0,0,0,0,1845000,0,0,0,1789030000,0,0,0,0,27675000,747095000,1845000,0,0,0,0,0,49305000,0,0,525115385000,0,0,0,0,14760000,0,0,1175465000,150270000,0,53058315000,28527630000,0,18830920000,0,0,0,168988330000,0,0,0,318100000,0,0,0,0,0,0,0,73880000,589585000,92505000,6909960000,31365000,0,79854390000,0,21412620000,195840000,17558320000,0,0,0,1131845000,0,0,0,0,0,5535000,0,671865000,0,1845000,0,0,0,1481335000,0,0,0,243675000,0,0,83025000,0,0,0,0,345845310000,0,0,0,0,147886640000,0,0,0,0,18450000,0,1245000,0,176799320000,0,0,724680000,0,0,0,0,48011025000,90352030000,0,0,63229540000,0,0,92475000,0,2431605000,0,0,0,0,0,0,0,0,11070000,88650000,298560000,0,5580000,377039695000,0,0,0,0,3409175000,0,0,130065000,0,0,0,0,0,57122350000,0,430735000,196485000,0,0,47090110000,35890000,8744215000,0,0,0,0,0,0,0,0,0,4752350000,25230000,0,0,0,0,0
"CHE",0,0,1835000,9225000,0,3340000,3.69e+08,37807060000,0,23985000,0,0,0,0,0,0,5535000,0,0,0,0,5535000,0,0,0,67215000,0,0,0,0,0,81180000,0,0,0,0,3690000,0,0,0,0,243055000,0,0,0,0,11070000,0,0,0,0,0,49595000,25558375000,0,0,0,0,0,61478900000,0,0,0,0,0,0,0,0,0,0,0,97070000,16480000,12405000,0,1845000,6780000,0,0,1845000,14760000,6817070000,0,0,0,349070000,9225000,0,0,0,9225000,42435000,119925000,0,0,0,0,0,0,3690000,0,0,0,7350000,0,0,1245000,0,3690000,12890000,0,1845000,0,0,0,0,624940000,0,0,0,0,0,0,0,0,510995000,0,0,2368280000,0,0,0,16535000,440955000,533860000,0,0,0,20295000,0,0,0,90405000,0,0,0,0,83025000,0,0,0,89945000,25230000,60285000,0,145995000,873640000,0,0,0,909520000,0,0,0,20295000,0,65195000,0,0,0,0,4980000,7340000,182545000,0,0,6722585000,20295000,2200250000,0,0,0,5535000,3690000,0,0,0,0,1087580000,230850000,0,0,0,0,0
"SYR",0,0,0,525825000,0,0,929880000,46125000,0,125205000,0,0,0,0,0,0,0,0,0,0,0,0,0,0,0,3313620000,0,0,0,0,0,0,0,0,0,0,0,0,0,0,0,333945000,0,0,0,0,1246373405000,0,0,0,0,0,0,387900000,0,1669155000,0,0,0,2175255000,0,0,0,0,0,0,0,0,0,0,0,0,114390000,0,0,0,0,0,235970595000,0,0,1075536800000,0,0,0,0,1040011590000,0,0,0,43837500000,6262500000,2119805000,0,0,12412250000,0,0,867150000,0,0,0,0,31365000,0,0,0,92250000,0,0,0,304425000,0,0,0,0,322875000,0,0,0,0,0,0,0,0,62730000,0,0,0,0,0,0,0,0,1.8537e+10,0,0,0,223245000,0,0,0,0,0,0,0,0,29373655000,0,0,0,0,0,0,0,0,186345000,0,0,0,1590390000,0,0,0,0,0,0,0,0,64575000,0,528804485000,76532760000,2867055000,0,0,1096020000,0,1036890000,0,0,0,0,0,0,7249575000,0,0,35055000,0,0,0,0,0,0
"TKM",0,0,0,0,0,0,0,0,0,0,0,0,0,0,0,0,0,0,0,0,0,0,0,0,0,0,0,0,0,0,0,0,0,0,0,0,0,0,0,0,0,0,0,0,0,0,0,0,0,0,0,0,0,0,0,0,0,0,0,0,0,0,0,0,0,0,0,0,0,0,0,0,0,0,0,0,0,0,0,0,0,0,0,0,0,0,0,0,0,0,0,0,0,0,0,0,0,0,0,0,0,0,0,0,0,0,0,0,0,0,0,0,0,0,0,0,0,0,0,0,0,0,0,0,0,0,0,0,0,0,0,0,0,0,0,0,0,0,0,0,0,0,0,0,0,0,0,0,0,0,0,0,0,0,0,0,0,0,0,0,0,0,0,0,0,0,0,0,0,0,0,0,0,0,0,0,0,0,0,0,0,0,0,0,0,0,0,0,0,0,0,0,0,0,0
"TWN",0,0,0,0,0,9215000,1141565000,0,0,1845000,0,0,0,0,0,0,47950000,0,1845000,0,10445000,0,0,0,0,1781805000,0,0,0,0,11040000,540510000,0,0,0,0,25820000,0,0,0,0,0,0,0,0,0,0,3680000,0,0,0,0,0,103270000,0,0,0,0,0,29410000,0,0,0,0,0,0,0,0,0,0,0,14699845000,3670000,0,0,0,134685000,0,0,0,36700000,34995000,0,0,0,2228980000,5535000,0,0,0,0,363465000,0,0,0,0,0,0,0,0,70110000,1845000,0,390165000,0,0,0,0,12915000,1845000,0,0,0,0,0,0,100765000,0,0,0,0,459400000,0,0,1845000,42435000,0,1845000,0,0,14760000,0,152135000,0,5535000,0,0,0,0,0,0,0,0,0,0,0,0,11010000,0,0,0,0,0,1259060000,0,47910000,148865000,1845000,0,0,3680000,0,0,0,0,1845000,473400000,0,0,36415000,0,0,0,0,0,0,248300000,0,9710050000,0,0,0,0,33320000,0,0,0,0,0,0,0,0,0,0,0
"TZA",0,0,0,0,0,0,0,0,0,0,0,0,0,0,0,0,1820000,0,0,0,0,0,0,16510870000,0,0,0,0,0,0,0,9225000,0,2675395000,31399245000,0,0,0,0,0,0,0,0,0,0,0,0,0,0,0,0,0,0,0,0,0,0,0,0,0,0,0,0,0,0,0,0,0,0,0,0,0,0,0,0,0,0,0,0,0,0,0,0,0,0,0,0,0,6166840000,0,0,0,0,0,0,0,0,0,0,0,0,0,522200000,0,0,0,0,0,0,0,0,0,269935000,0,0,0,0,0,0,0,0,0,0,0,0,0,0,0,0,0,0,0,0,0,0,0,0,0,0,44280000,0,31942820000,27972500000,0,0,0,0,0,0,0,0,0,0,0,0,9200000,0,0,0,0,0,0,0,0,0,0,0,0,0,0,0,0,0,2455580000,84902400000,0,0,0,0,0,0,0,0,0,0,0,183812620000,158540000,0,0,0,0,0,0,0
"THA",0,1835000,0,146960000,0,12845000,17713940000,80770000,0,434005000,12845000,285825000,0,20940000,0,0,28820000,0,0,0,506620000,5505000,13718645000,0,23855000,19188530000,0,0,894630000,0,80760000,5538695000,9175000,0,0,0,1835000,0,227775000,5505000,20205000,350305000,0,1835000,0,55350000,162430000,1835000,0,62390000,0,3670000,396755000,7693410000,177880000,0,0,0,0,3251175000,0,362455000,9175000,210890000,0,0,6180000,0,0,3690000,3670000,18065220000,42205000,0,289960000,1531725000,8356195000,97785000,0,274120000,2757595000,1439655000,0,0,0,45304500000,52660000,0,25690000,27479285000,1364310000,8911990000,380465000,45875000,28732660000,166125000,0,1835000,17770000,0,14740000,56985000,0,43874505000,256375000,0,15955000,0,58305000,52440000,3690000,0,4325000,0,3670000,60105000,17341625000,0,188575000,0,11020000,6687850000,0,0,255415000,641225000,124690000,0,1071660000,141800000,0,0,3676400000,610335000,198330000,0,0,0,385035000,7340000,24575000,0,16575000,0,0,0,0,1853390000,3670000,14885000,40370000,55050000,18350000,11383890000,0,1112515000,1233865000,31235000,0,16515000,2057635000,1252390000,92130000,0,4515895000,0,0,64475000,5505000,1835000,102970000,20840000,66090000,4179050000,0,0,9552850000,86245000,75197490000,0,0,0,5505000,11016330000,0,9175000,0,0,812860000,0,0,0,0,0,0
"TGO",0,0,0,0,0,0,0,0,0,0,0,0,0,0,0,0,0,0,0,0,0,0,0,0,0,0,0,0,0,0,0,0,0,0,0,0,0,0,0,0,5774860000,0,0,0,0,0,0,0,0,0,0,0,0,0,0,0,0,0,0,0,0,1605240000,0,0,0,0,0,0,0,0,0,0,0,0,0,0,0,0,0,0,0,0,1845000,0,0,0,0,0,0,0,0,0,0,0,0,0,0,0,0,0,0,0,0,0,0,0,0,0,0,0,0,0,0,0,0,0,0,0,0,0,0,0,0,6064240000,0,0,0,0,0,0,0,0,0,0,0,0,0,0,0,0,0,0,0,0,0,0,180180000,0,0,0,0,0,0,0,0,0,0,0,0,0,0,0,0,0,0,0,0,0,0,0,0,0,0,0,0,0,0,0,0,6313580000,0,0,0,0,0,0,0,0,0,0,0,0,0,0,0
"TON",0,0,0,0,0,0,0,0,0,0,0,0,0,0,0,0,0,0,0,0,0,0,0,0,0,0,0,0,0,0,0,0,0,0,0,0,0,0,0,0,0,0,0,0,0,0,0,0,0,0,0,0,0,0,0,0,0,0,0,0,0,0,0,0,0,0,0,0,0,0,0,0,0,0,0,0,0,0,0,0,0,0,0,0,0,0,0,0,0,0,0,0,0,0,0,0,0,0,0,0,0,0,0,0,0,0,0,0,0,0,0,0,0,0,0,0,0,0,0,0,0,0,0,0,0,0,0,0,0,0,0,0,0,0,0,0,0,0,0,0,0,0,0,0,0,0,0,0,0,0,0,0,0,0,0,0,0,0,0,0,0,0,0,0,0,0,0,0,0,0,0,0,0,0,0,0,0,0,0,0,0,0,0,0,0,0,0,0,0,0,0,0,0,0,0
"TTO",0,0,0,0,1843650000,0,0,0,43705000,0,11658825000,0,0,0,0,0,0,0,442800000,0,0,0,0,0,0,173340000,0,0,0,0,0,0,29120000,0,0,0,0,68265000,0,0,0,0,332100000,2126575000,0,0,0,0,0,0,0,0,0,0,0,0,0,0,0,0,0,0,0,9225000,0,4230770000,0,0,20150840000,766220000,0,0,0,0,0,0,0,0,0,0,0,0,0,0,35075130000,0,0,0,0,0,0,0,0,0,0,0,0,1845000,0,0,0,0,0,0,0,0,0,0,0,0,0,0,0,0,0,0,23810000,0,0,0,0,0,0,0,0,0,0,0,0,0,0,0,0,0,0,0,0,0,0,0,0,0,0,447500000,4.537e+09,3148495000,0,0,0,0,0,0,0,0,0,0,0,9859520000,0,0,0,0,0,0,0,0,0,0,0,0,0,0,0,0,0,0,5535000,0,1766565000,0,0,0,7280000,0,0,0,81900000,0,0,0,0,0,0,0,0
"OMN",0,0,0,2828385000,0,38745000,263835000,0,0,3584595000,0,36525000,0,0,0,0,0,0,0,0,9225000,0,0,11070000,452025000,520290000,0,0,44180000,0,0,236160000,14760000,0,80605000,0,0,0,0,0,221400000,84870000,0,0,0,0,81180000,0,0,0,0,14760000,0,0,0,16503945000,0,0,40590000,2726910000,0,632835000,0,0,0,0,0,429885000,0,0,0,0,0,0,0,739195000,8945300000,355130000,354240000,0,0,0,40590000,0,0,0,178965000,0,618680000,0,0,18450000,615685000,0,0,118080000,0,1175265000,996300000,0,0,163800000,0,20295000,0,0,0,308115000,77490000,0,0,70110000,0,0,0,20295000,0,0,0,0,0,274905000,0,0,0,0,43830000,0,20295000,701100000,0,0,3075800000,0,0,0,0,18450000,2518660000,0,0,0,0,0,0,0,0,14887295000,0,0,514755000,0,0,1326950000,170033970000,6074760000,0,0,0,0,0,0,1371280000,0,0,4929640000,0,0,0,0,0,125460000,0,63740435000,0,0,1105155000,0,1180800000,0,0,0,0,0,121770000,66632230000,0,0,9225000,0,0,0,0,0,0
"TUN",0,0,0,15071955000,0,0,12915000,1845000,0,23985000,0,0,0,0,0,0,0,0,0,0,0,0,0,0,551750000,115895000,0,29360000,0,2223770000,0,0,0,157820000,550500000,0,0,0,0,0,222235000,0,0,0,0,0,121450000,0,0,0,0,0,0,1267220000,0,0,0,508020000,258925000,14760000,0,44040000,0,0,0,0,0,194510000,0,0,0,0,0,0,0,0,0,0,0,0,0,38715000,10968545000,0,0,1401940000,374370000,0,0,0,0,0,0,0,0,94095000,0,137625000,110574610000,0,0,137625000,0,36900000,0,591110000,0,1081255000,0,0,0,302400000,0,0,0,0,1845000,0,20295000,0,0,3670000,0,17501505000,33210000,0,0,27675000,0,0,0,0,0,0,1845000,0,0,0,0,0,0,0,0,0,0,0,0,3690000,3332985000,0,166985000,0,0,0,0,0,3690000,14760000,0,0,0,57195000,47970000,0,29520000,0,0,242580000,0,0,0,0,0,0,0,0,0,0,1845000,297270000,0,0,0,0,448115000,651285000,0,0,77490000,0,0,0,0,0,0
"TUR",0,709065000,102754225000,120699830000,0,119375000,4754430000,1508750000,277085000,19321270000,195570000,147151880000,0,0,0,0,71955000,0,42205000,0,0,19424125000,0,36700000,30853420000,5998365000,1011425000,1077440000,15711420000,12037315000,112545000,3202875000,789160000,2502740000,12889410000,0,459405000,47927880000,37701335000,124695760000,19814645000,2411535000,64575000,854235000,60885000,42435000,35413555000,147600000,1002710000,99380000,0,0,224970000,4671230000,105165000,56765460000,71613535000,3403135000,129809060000,57034435000,12574370000,50690095000,0,6119775000,0,0,254610000,82653755000,846595000,19441785000,11241495000,4071415000,2479150000,15411080000,3690000,11720435000,431818805000,2172855000,2136712175000,11070000,234725235000,332005950000,19855750000,3106370000,1042890000,11841755000,31084030000,854315000,137708180000,79335000,6821070000,15032765000,7204610000,315495000,0,131532410000,0,2623535000,794626695000,1241685000,0,57168345000,3026660000,4909885000,6370490000,4533075000,514755000,3514250000,32320055000,2337615000,4583970000,5222215000,17721560000,1397975000,1581910000,177995000,6831170000,0,0,23646160000,0,185020000,90405000,23905765000,2118420000,1574915000,430075000,1268490000,5206815000,0,0,20295000,16883795000,8716915000,25102725000,604300000,2358720000,200875220000,1860490000,80740000,7749400000,1025420000,13390185000,68265000,0,0,1182490000,87891390000,25647620000,518330000,25584605000,70110000,5860365000,11941900000,12782610000,22634695000,1562895000,600600000,2693700000,0,2495010000,2121395000,28823470000,4161015000,1853405000,59798360000,15880230000,3.7253e+10,326565000,3834945000,6212025000,12871370000,0,135691510000,34897360000,0,14730750000,878025000,22026250000,3124670000,0,1434335000,667890000,23885000,4800850000,181218885000,1332560000,140220000,5412510000,95820000,0,0,0,0,58033305000
"ARE",0,1462665000,0,619380000,0,42435000,2741220000,0,0,2615955000,0,123435000,0,0,0,0,0,0,0,79335000,320735000,0,0,0,1307755000,1538320000,0,0,2280580000,0,0,14760000,0,2826525000,886125000,0,0,0,184500000,12915000,581175000,1820000,0,0,0,0,2775760000,0,518445000,0,0,175275000,14760000,714015000,0,12047890000,0,462735000,114300000,11070000,0,7149155000,0,0,0,0,0,130995000,160515000,0,0,741570000,0,0,0,4279675000,55350000,3818660000,18494480000,0,0,774900000,197965000,23965000,0,44280000,1624135000,0,5771250000,0,0,69560000,41063030000,0,0,1.472e+09,0,429885000,4211035000,0,0,6096695000,0,1032435000,7329050000,1.28e+08,116235000,721395000,250920000,0,0,25097315000,4329575000,0,0,0,1142055000,0,0,0,40590000,824715000,0,35055000,196865000,0,2380015000,0,0,300735000,0,0,7045220000,0,0,0,0,461350000,45171095000,7340000,0,10803390000,210965000,0,0,0,95940000,13995860000,289345000,1882450000,501840000,0,0,413325000,116365130000,6930835000,0,83025000,127305000,22140000,22140000,0,31365000,109440000,175275000,6371190000,1845000,459405000,0,31365000,4556635000,234315000,0,0,204020000,0,549740000,0,4281775000,59040000,0,0,0,6688975000,376665000,20416100000,0,22140000,0,0,0,0,0,0,0
"UGA",0,0,0,0,0,0,0,0,0,0,0,0,0,0,0,0,0,0,0,0,0,0,0,6032110000,0,0,0,0,0,0,0,0,0,0,619395000,0,0,0,0,0,0,0,0,0,0,0,0,0,0,0,0,0,0,3690000,0,0,0,0,0,0,0,0,0,0,0,0,0,0,0,0,0,0,0,0,0,0,0,0,0,0,0,0,0,0,0,0,0,0,3609300000,0,0,0,0,0,0,0,0,0,0,0,0,0,0,0,0,0,0,0,0,0,0,0,0,0,0,0,0,0,0,0,0,0,0,0,0,0,0,0,0,0,0,0,0,0,0,0,0,0,0,0,0,28834070000,0,0,0,0,0,0,0,0,0,0,0,0,0,0,0,0,0,0,0,0,0,0,0,0,0,0,0,0,0,0,0,0,0,0,0,0,0,0,0,0,0,0,0,0,10728750000,0,0,0,0,0,0,0,0
"TUV",0,0,0,0,0,0,0,0,0,0,0,0,0,0,0,0,0,0,0,0,0,0,0,0,0,0,0,0,0,0,0,0,0,0,0,0,0,0,0,0,0,0,0,0,0,0,0,0,0,0,0,0,0,0,0,0,0,0,0,0,0,0,0,0,0,0,0,0,0,0,0,0,0,0,0,0,0,0,0,0,0,0,0,0,0,0,0,0,0,0,0,0,0,0,0,0,0,0,0,0,0,0,0,0,0,0,0,0,0,0,0,0,0,0,0,0,0,0,0,0,0,0,0,0,0,0,0,0,0,0,0,0,0,0,0,0,0,0,0,0,0,0,0,0,0,0,0,0,0,0,0,0,0,0,0,0,0,0,0,0,0,0,0,0,0,0,0,0,0,0,0,0,0,0,0,0,0,0,0,0,0,0,0,0,0,0,0,0,0,0,0,0,0,0,0
"GBR",0,627760000,7380000,120290000,330255000,1245000,19078300000,2583165000,3281700000,3770010000,430610000,5535000,0,0,29520000,0,2816540000,0,116235000,0,359755000,770630000,0,1845000,0,17113100000,0,0,21030000,0,126885000,625955000,89850000,0,38745000,0,42425000,0,6155510000,1845000,3584835000,43616315000,49815000,97785000,0,1245000,1411515000,1845000,1845000,478305000,786685000,0,8753385000,341327310000,0,0,0,33210000,60885000,273954760000,16005000,4359050000,0,45147890000,0,84870000,11070000,1845000,16605000,5535000,0,7808895000,3691650000,314070000,7372715000,1743795000,221400000,127305000,795195000,1922280200000,536780000,137263175000,476700000,7380000,260145000,2390030000,1414170000,0,865520000,0,0,1818910000,9368875000,19075000,0,12451440000,0,215265000,1322865000,369285000,0,0,0,2705765000,3690000,0,3825195000,0,157940000,527070000,0,26856345000,0,0,0,202950000,806645040000,0,0,0,0,1322215000,0,1845000,418165000,23773560000,856845000,313650000,2185315000,0,0,5535000,260135000,15489295000,855290390000,1845000,0,0,2261155000,0,92285000,0,4423130000,44280000,187590000,123615000,0,15529710000,0,51650000,62120000,43215000,337635000,3678510000,40590000,3463550000,3425881240000,217710000,0,0,26399145000,5218355000,26745000,0,1263225000,36900000,1606775000,20295000,0,1385370000,1397535000,5535000,1211955000,13236750000,93495000,0,0,2671990000,34990085000,0,9225000,0,0,22140000,142065000,343170000,156825000,0,283113840000,72630000,11070000,0,0,0,127305000
"UKR",6306200000,88560000,113371250000,141343530000,0,0,6755000,31462310000,0,18370000,0,693258750000,0,0,0,0,0,0,0,0,0,131325000,2.505e+09,0,0,346300000,0,0,3323300000,0,0,0,0,0,49545000,0,0,0,30658010000,22412575000,0,0,0,0,106115170000,41785070000,808123020000,0,0,2074650000,0,0,0,45625000,0,23233040000,124315880000,0,0,11728720000,0,0,0,26205640000,0,0,0,0,0,0,0,0,187485890000,0,0,544162820000,98105820000,25830000,0,8.684e+09,789497445000,591061580000,0,93359435000,0,0,8.7675e+10,11516490000,300842150000,0,0,135582290000,0,1431720000,0,16901945000,0,0,69647350000,1435410000,0,0,0,2935860000,0,0,0,85245150000,0,0,11394720000,106509260000,35761380000,100372470000,0,0,577876780000,0,0,33210000,0,0,0,0,14285180000,0,0,13173120000,781480000,0,0,157429230000,161640970000,583960000,1820000,0,0,12331280000,0,0,217895000,0,155190935000,0,0,345690000,0,0,0,33210000,0,0,3690000,0,0,7.5651e+10,443655775000,0,1902195000,0,178965000,847127540000,151722840000,4613280000,0,0,0,0,0,0,0,456803865000,2670580000,48954985000,3.34e+09,0,774811315000,0,55659325000,0,0,1345855000,0,0,0,541277825000,16605000,0,95031350000,0,31365000,0,0,0,0
"USA",2202200000,250579595000,167440000,1530854105000,1177420000,2221310000,29077720000,164220000,22983670000,923490000,77890100000,713994785000,0,0,66044640000,0,708506150000,0,73459445000,0,274905000,18450000,393120000,23660000,2.9392e+10,1352499590000,6.68e+09,5.46e+08,287274610000,54400100000,1341993895000,295967925000,2160570725000,0,29276770000,0,663454275000,970766850000,127745000,373100000,44280000,1886475000,394090000,1207943275000,0,301548240000,7752366615000,334326845000,24455000,0,0,1845000,820345000,31973175000,930620000,160783780000,47353250000,25830000,139835000,3966895000,0,190215495000,0,4619555000,0,58257665000,1999365440000,18286500000,25088445000,409249240000,720266045000,27438665000,44280000,0,2429110000,1520935000,2328336875000,0,5279088700000,1914875000,603763640000,1722121790000,18405245000,1845000,594297680000,10645467305000,156005140000,0,349422685000,982080000,11862010000,4065597995000,3324840000,150315000,0,44250790000,0,8453685000,2490000,90405000,8070000,61113650000,56975390000,375522800000,0,49116860000,75298630000,26011900000,43623740000,8242095960000,41759175000,2022949665000,272106970000,2691780000,97826455000,0,100631555000,0,293355000,1845000,0,39220650000,397102855000,4091500000,8577725375000,2882220000,249653040000,414534435000,10980000,0,112545000,1173697520000,5464020910000,5295000,236486040000,0,0,0,650830000,1.169e+10,46125000,1.837e+09,3147605000,558960000,4979830000,76938900000,47320000,10494865000,59495225000,0,23976355000,1845000,1845000,253715575000,36416680000,1058129025000,1249770505000,13690025000,12681760000,0,18433345000,659580000,0,0,3520078095000,71830105000,1409089140000,0,671455000,503403765000,603705000,297665810000,76909585000,262697320000,103908440000,0,249149255000,1095440000,0,0,322555000,3735000,2912592585000,260732615000,704798760000,2951234610000,193188940000,2.004e+10,415852950000,0,0,1845000,0,0,68098940000
"BFA",0,0,0,0,0,0,0,0,0,0,0,0,0,0,0,0,0,0,0,0,0,0,0,0,0,0,0,0,0,0,0,0,0,0,0,0,0,0,0,0,0,0,0,0,0,0,0,0,0,0,0,0,0,0,0,0,0,0,0,0,0,0,0,0,0,0,0,0,0,0,0,0,0,0,0,0,0,0,0,0,0,0,0,0,0,0,0,0,0,0,0,0,0,0,0,0,0,0,0,0,0,0,0,0,0,0,0,0,0,0,0,0,0,0,0,0,0,0,0,0,0,0,0,0,0,0,0,0,0,0,0,0,0,0,0,0,0,0,0,0,0,0,0,0,0,0,0,0,0,0,0,0,0,0,0,0,0,0,0,0,0,0,0,0,0,0,0,0,0,0,0,0,0,0,0,0,0,0,0,0,0,0,0,0,0,0,0,0,0,0,0,0,0,0,0
"URY",0,0,0,0,0,784380000,0,0,0,0,0,0,0,0,61575000,0,203906100000,0,0,0,0,0,0,0,0,0,0,0,0,0,2133005000,0,0,0,0,0,0,330255000,0,0,0,0,0,9225000,0,184500000,0,55350000,0,0,0,0,0,0,0,0,0,0,0,12915000,0,0,0,0,0,0,0,0,0,0,0,0,0,0,0,0,0,0,0,0,0,0,0,0,0,0,0,0,36910340000,0,0,0,0,0,0,0,0,0,0,0,0,0,0,0,0,0,0,0,0,149265000,0,0,0,0,0,0,0,0,0,0,0,0,0,0,0,0,0,0,0,0,4785885000,0,0,0,0,0,0,0,0,0,0,0,0,0,0,0,0,0,0,0,0,0,0,0,0,31195000,209660000,0,0,0,0,0,0,0,0,0,0,0,0,0,0,0,0,0,0,0,1649960000,0,4015695000,0,0,0,101055000,0,0,0,0,0,0,0,0,0,0,0,0
"UZB",0,0,0,0,0,0,0,0,0,0,0,0,0,0,0,0,0,0,0,0,0,0,0,0,0,0,0,0,0,0,0,0,0,0,0,0,0,0,0,0,0,0,0,0,0,0,0,0,0,0,0,0,0,0,0,0,0,0,0,0,0,0,0,0,0,0,0,0,0,0,0,0,0,0,0,0,0,0,0,0,0,0,0,0,0,0,0,0,0,0,0,0,0,0,0,0,0,0,0,0,0,0,0,0,0,0,0,0,0,0,0,0,0,0,0,0,0,0,0,0,0,0,0,0,0,0,0,0,0,0,0,0,0,0,0,0,0,0,0,0,0,0,0,0,0,0,0,0,0,0,0,0,0,0,0,0,0,0,0,0,0,0,0,0,0,0,0,0,0,0,0,0,0,0,0,0,0,0,0,0,0,0,0,0,0,0,0,0,0,0,0,0,0,0,0
"VEN",0,0,0,0,51660000,0,0,0,232470000,0,1845000,0,0,0,0,0,0,0,0,0,0,0,0,0,0,0,0,0,0,0,0,0,7469340000,0,0,0,252765000,697410000,0,0,0,0,0,4677075000,0,0,0,464940000,0,0,0,0,0,0,0,0,0,0,0,0,0,0,0,0,0,0,3.69e+08,0,1248755000,1519380000,55350000,0,0,0,0,0,0,0,0,0,0,20295000,0,0,933570000,0,0,0,0,0,0,0,0,0,0,0,0,0,0,0,0,0,0,0,0,0,0,0,0,0,0,0,0,0,0,0,1845000,0,0,0,0,0,18450000,0,0,0,0,239850000,0,0,0,0,0,0,0,0,0,0,0,0,0,0,0,0,0,0,0,0,0,0,0,0,0,0,0,0,0,913275000,0,0,0,0,0,0,0,0,0,0,0,914700000,0,0,0,0,0,0,0,0,3322260000,0,0,0,0,0,0,0,0,0,0,0,0,0,0,0,0
"VNM",0,0,0,0,0,0,0,0,0,0,0,0,0,0,0,0,0,0,0,0,0,0,0,0,0,0,0,0,0,0,0,0,0,0,0,0,0,0,0,0,0,0,0,0,0,0,0,0,0,0,0,0,0,0,0,0,0,0,0,0,0,0,0,0,0,0,0,0,0,0,0,0,0,0,0,0,0,0,0,0,0,0,0,0,0,0,0,0,0,0,0,0,0,0,0,0,0,0,0,0,0,0,0,0,0,0,0,0,0,0,0,0,0,0,0,0,0,0,0,0,0,0,0,0,0,0,0,0,0,0,0,0,0,0,0,0,0,0,0,0,0,0,0,0,0,0,0,0,0,0,0,0,0,0,0,0,0,0,0,0,0,0,0,0,0,0,0,0,0,0,0,0,0,0,0,0,0,0,0,0,0,0,0,0,0,0,0,0,0,0,0,0,0,0,0
"ETH",0,0,1845000,0,0,0,0,0,0,22140000,0,0,0,0,0,0,0,0,0,0,0,0,0,0,0,0,0,0,0,0,0,0,0,0,0,0,0,0,0,0,0,0,0,0,0,0,0,0,0,0,0,0,1835000,1845000,0,25655000,0,0,0,0,0,0,0,0,0,0,0,0,0,0,0,0,0,0,0,0,0,0,0,0,0,0,0,0,0,0,0,0,0,0,0,0,0,0,0,0,0,0,0,0,0,0,0,0,0,0,0,0,0,0,0,0,0,0,0,0,1845000,0,0,0,0,0,0,0,0,0,0,0,0,0,0,0,0,0,0,0,0,0,0,0,0,0,0,0,0,0,0,3690000,0,0,0,0,0,0,1061975000,0,0,0,0,0,226935000,0,0,0,0,0,0,0,0,0,0,0,0,1147590000,0,0,3690000,0,40045000,0,0,0,0,0,0,0,0,0,0,0,0,0,0,0,0
"YEM",0,0,0,0,0,0,20080590000,0,0,62730000,0,0,0,0,0,0,0,0,0,0,0,0,0,0,31365000,0,0,0,0,0,0,4915000,0,0,0,0,0,2490000,0,0,0,0,0,0,0,0,25537520000,0,0,0,0,0,0,9175000,0,6931755000,0,0,0,0,0,1354230000,0,0,0,0,0,0,0,0,0,0,0,0,11070000,0,0,0,4160475000,0,0,3670000,0,0,0,0,1108845000,0,549210000,0,0,0,97785000,0,0,603315000,0,60885000,505530000,0,0,0,0,0,0,0,0,0,0,0,0,0,0,0,0,0,0,0,0,0,0,0,0,0,0,0,633610000,0,0,0,0,0,0,0,0,0,0,3750110000,5122145000,0,1257510000,0,0,0,0,0,0,6642680000,0,0,378225000,0,0,20295000,41883595000,193170000,0,0,0,0,0,0,378225000,0,9960000,0,0,0,0,0,42435000,53505000,3690000,670850000,0,0,466785000,0,0,0,0,0,0,0,3478230000,0,0,0,0,0,0,0,0,0,0
"COD",0,0,0,0,0,0,0,0,0,0,0,0,0,0,0,0,0,0,0,0,0,0,0,0,0,0,0,0,0,0,0,0,0,0,0,0,0,0,0,0,0,0,0,0,0,0,0,0,0,0,0,0,0,0,0,0,0,0,0,0,0,0,0,0,0,0,0,0,0,0,0,0,0,0,0,0,0,0,0,0,0,0,0,0,0,0,0,0,0,0,0,0,0,0,0,0,0,0,0,0,0,0,0,0,0,0,0,0,0,0,0,0,0,0,0,0,0,0,0,0,0,0,0,0,0,0,0,0,0,0,0,0,0,0,0,0,0,0,0,0,0,0,0,0,0,0,0,0,0,0,0,0,0,0,0,0,0,0,0,0,0,0,0,0,0,0,0,0,0,0,0,0,0,0,0,0,0,0,0,0,0,0,0,0,0,0,0,0,0,0,0,0,0,0,0
"ZMB",0,0,0,0,0,0,0,0,0,0,0,0,0,0,0,0,0,0,0,0,0,0,0,0,0,0,0,0,0,0,0,0,0,0,0,0,0,0,0,0,0,0,0,0,0,0,0,0,0,0,0,0,0,0,0,0,0,0,0,0,0,0,0,0,0,0,0,0,0,0,0,0,0,0,0,0,0,0,0,0,0,0,0,0,0,0,0,0,0,0,0,0,0,0,0,0,0,0,0,0,0,0,203235000,0,0,0,0,0,0,0,0,0,0,0,0,0,0,0,0,0,0,0,0,0,0,0,0,0,0,0,0,0,0,0,0,0,0,0,0,47970000,0,0,0,0,0,0,0,0,0,0,0,0,0,0,0,103740000,0,0,0,0,0,0,0,0,0,169465000,0,0,0,0,0,0,0,0,0,0,0,0,0,0,0,0,0,0,0,0,88274780000,0,0,0,0,0,0,0,0
"BEL",12915000,119925000,43680000,54941330000,0,0,8680630000,20738225000,72585000,763275000,0,0,0,0,0,0,3936570000,0,0,11070000,0,518385000,0,25700000,31325000,7052550000,2098805000,2468245000,3690000,1.547e+10,147150000,5115560000,315675000,6375460000,970285000,0,25830000,27120000,848970000,86715000,242380000,23266850000,7380000,55350000,188190000,40590000,581820000,0,554860000,598640000,0,0,39966635000,1200192500000,280065000,30301305000,2401155000,158115000,2757800000,946708805000,20295000,8735470000,0,8620905000,0,0,5505000,12370765000,18450000,108155000,0,935415000,2084325000,1479660000,8192070000,3605960000,128785545000,0,429885000,14014995000,2231515000,66735400000,136530000,1352385000,0,11990210000,359745000,20295000,44460000,7470000,0,7140710000,2570050000,66420000,1845000,4882255000,0,17691615000,262467780000,838650000,187860000,1197740000,977340000,162240000,5535000,0,894735000,35646645000,84870000,161760000,0,42783200000,5535000,0,525980000,7470000,2789700595000,0,321390000,5535000,0,2999730000,0,424185000,158670000,37508025000,337635000,14760000,10999130000,3829280000,7380000,27945000,1969540000,20857200000,9420975000,121940000,0,0,830660000,7380000,1127700000,3780445000,19300200000,0,0,0,8794240000,8023665000,940370000,50535000,9531490000,966620000,520420000,754095000,0,4985060000,50175670000,137755000,1245000,0,135850045000,23537020000,263655000,0,1343850000,18450000,1913315000,7166615000,0,30255000,699255000,84050910000,2611155000,4590290000,77490000,0,485184245000,2298340000,27447315000,73800000,14760000,0,0,116235000,0,15540000,81798835000,0,0,52867365000,145245000,9960000,0,0,0
"LUX",0,0,0,0,0,0,0,224295000,0,0,0,0,0,0,0,0,0,0,0,0,0,0,0,0,0,0,0,0,0,0,0,1845000,0,0,0,0,0,0,0,0,0,8767710000,0,0,0,0,0,0,0,0,0,0,126210000,33950740000,3690000,0,0,0,0,20911790000,0,1845000,0,0,0,0,0,0,0,0,0,1845000,0,0,19095000,0,0,0,0,287700000,0,448275000,0,0,0,11205000,0,0,0,0,0,0,0,0,0,0,0,0,0,0,0,0,0,0,0,0,0,0,0,0,0,0,0,0,0,0,43238255000,0,0,0,0,0,0,0,7380000,766230000,0,0,0,0,0,0,0,7380000,0,0,0,0,0,0,0,0,4980000,0,0,0,0,0,0,0,0,0,0,0,0,0,346860000,0,0,0,9960000,9225000,0,0,0,0,0,0,0,0,0,0,0,0,0,0,154410000,0,1245000,0,0,0,0,0,0,0,0,0,102807920000,0,0,0,0,0,0
"SRB",0,0,45205050000,0,0,0,420630000,17416325000,16605000,0,0,0,0,0,0,0,0,0,0,0,0,147600000,0,0,0,245190000,0,0,0,0,0,0,0,7380000,45500000,0,0,0,142463505000,0,0,9215000,0,0,0,0,0,0,0,0,0,0,0,20275000,0,0,0,0,0,174558200000,328019350000,0,0,12595260000,0,0,0,0,0,0,0,0,5383095000,6417695000,0,0,0,9225000,36400000,0,0,237995000,0,1670000,0,0,0,0,0,0,0,0,0,0,0,0,0,0,12915000,0,0,0,0,0,0,0,0,0,0,0,0,0,0,1.82e+08,11070000,0,20295000,0,0,409767725000,0,0,0,0,0,45500000,0,0,115580000,0,0,0,0,0,0,0,0,0,0,0,43836275000,0,772180000,0,0,0,0,0,0,0,0,8994655000,23385000,0,0,0,52550000,0,0,0,333845000,60683520000,0,0,0,0,0,0,0,0,0,0,168670000,0,0,0,7284795000,3340000,673155000,0,0,0,0,0,0,0,0,0,0,0,0,0,0,0,0
"MNE",0,0,811745000,0,0,0,0,42435000,0,0,0,0,0,0,0,0,0,0,0,0,0,0,0,0,0,0,0,0,0,0,0,0,0,0,0,0,0,0,0,0,0,0,0,0,0,0,0,0,0,0,0,0,0,0,0,0,0,0,0,0,2339120000,0,0,0,0,0,0,0,0,0,0,0,0,22140000,0,0,0,0,0,0,0,0,0,0,0,0,0,0,0,0,0,0,0,0,0,0,0,0,0,0,0,0,0,0,0,0,0,0,0,0,0,0,0,0,0,0,0,0,0,55330000,0,0,0,0,0,0,0,0,0,0,0,0,0,0,0,0,0,0,0,0,0,0,0,0,0,0,0,0,0,0,0,0,0,0,0,0,0,0,0,0,0,0,0,0,0,0,0,0,0,0,0,0,0,0,0,0,0,0,0,0,0,0,0,0,0,0,0,0,0,0,1960645000,0,0,0,0
"SDN",0,0,0,0,0,0,0,0,0,0,0,0,0,0,0,0,0,0,0,0,0,0,0,0,0,0,0,0,0,0,0,0,0,0,0,0,0,0,0,0,0,0,0,0,0,0,0,0,0,0,0,0,0,0,0,0,0,0,0,0,0,0,0,0,0,0,0,0,0,0,0,0,0,0,0,0,0,0,0,0,0,0,0,0,0,0,0,0,0,0,0,0,0,0,0,0,0,0,0,0,0,0,0,0,0,0,0,0,0,0,0,0,0,0,0,0,0,0,0,0,0,0,0,0,0,0,0,0,0,0,0,0,0,0,0,0,0,0,0,0,0,0,0,0,0,0,0,0,0,0,0,0,0,0,0,0,0,0,0,0,0,0,0,0,0,0,0,0,0,0,0,0,0,0,0,0,0,0,0,0,0,0,0,0,0,0,0,0,0,0,0,0,0,0,0
"SSD",0,0,0,0,0,0,0,0,0,0,0,0,0,0,0,0,0,0,0,0,0,0,0,0,0,0,0,0,0,0,0,0,0,0,0,0,0,0,0,0,0,0,0,0,0,0,0,0,0,0,0,0,0,0,0,0,0,0,0,0,0,0,0,0,0,0,0,0,0,0,0,0,0,0,0,0,0,0,0,0,0,0,0,0,0,0,0,0,0,0,0,0,0,0,0,0,0,0,0,0,0,0,0,0,0,0,0,0,0,0,0,0,0,0,0,0,0,0,0,0,0,0,0,0,0,0,0,0,0,0,0,0,0,0,0,0,0,0,0,0,0,0,0,0,0,0,0,0,0,0,0,0,0,0,0,0,0,0,0,0,0,0,0,0,0,0,0,0,0,0,0,0,0,0,0,0,0,0,0,0,0,0,0,0,0,0,0,0,0,0,0,0,0,0,0
"PSE",0,0,0,0,0,0,0,0,0,0,0,0,0,0,0,0,0,0,0,0,0,0,0,0,0,0,0,0,0,0,0,0,0,0,0,0,0,0,0,0,0,0,0,0,0,0,0,0,0,0,0,0,0,0,0,0,0,0,0,0,0,0,0,0,0,0,0,0,0,0,0,0,0,0,0,0,0,0,0,0,0,0,0,0,0,0,0,0,0,0,0,0,0,0,0,0,0,0,0,0,0,0,0,0,0,0,0,0,0,0,0,0,0,0,0,0,0,0,0,0,0,0,0,0,0,0,0,0,0,0,0,0,0,0,0,0,0,0,0,0,0,0,0,0,0,0,0,0,0,0,0,0,0,0,0,0,0,0,0,0,0,0,0,0,0,0,0,0,0,0,0,0,0,0,0,0,0,0,0,0,0,0,0,0,0,0,0,0,0,0,0,0,0,0,0
