Country_Code,Country_Name,year,grain,consumption,fsi,feed
AF,Afghanistan,1960,maize,700.0,700.0,0.0
AF,Afghanistan,1960,rice,203.0,0.0,0.0
AF,Afghanistan,1960,wheat,2330.0,2330.0,0.0
AF,Afghanistan,1961,maize,700.0,700.0,0.0
AF,Afghanistan,1961,rice,207.0,0.0,0.0
AF,Afghanistan,1961,wheat,2294.0,2294.0,0.0
AF,Afghanistan,1962,maize,700.0,700.0,0.0
AF,Afghanistan,1962,rice,207.0,0.0,0.0
AF,Afghanistan,1962,wheat,2286.0,2286.0,0.0
AF,Afghanistan,1963,maize,713.0,713.0,0.0
AF,Afghanistan,1963,rice,207.0,0.0,0.0
AF,Afghanistan,1963,wheat,2027.0,2027.0,0.0
AF,Afghanistan,1964,maize,720.0,720.0,0.0
AF,Afghanistan,1964,rice,247.0,0.0,0.0
AF,Afghanistan,1964,wheat,2310.0,2310.0,0.0
AF,Afghanistan,1965,maize,720.0,720.0,0.0
AF,Afghanistan,1965,rice,247.0,0.0,0.0
AF,Afghanistan,1965,wheat,2264.0,2264.0,0.0
AF,Afghanistan,1966,maize,720.0,720.0,0.0
AF,Afghanistan,1966,rice,219.0,0.0,0.0
AF,Afghanistan,1966,wheat,2197.0,2197.0,0.0
AF,Afghanistan,1967,maize,783.0,783.0,0.0
AF,Afghanistan,1967,rice,257.0,0.0,0.0
AF,Afghanistan,1967,wheat,2315.0,2315.0,0.0
AF,Afghanistan,1968,maize,773.0,773.0,0.0
AF,Afghanistan,1968,rice,261.0,0.0,0.0
AF,Afghanistan,1968,wheat,2481.0,2481.0,0.0
AF,Afghanistan,1969,maize,785.0,785.0,0.0
AF,Afghanistan,1969,rice,265.0,0.0,0.0
AF,Afghanistan,1969,wheat,2559.0,2559.0,0.0
AF,Afghanistan,1970,maize,667.0,667.0,0.0
AF,Afghanistan,1970,rice,238.0,0.0,0.0
AF,Afghanistan,1970,wheat,2154.0,2154.0,0.0
AF,Afghanistan,1971,maize,670.0,670.0,0.0
AF,Afghanistan,1971,rice,228.0,0.0,0.0
AF,Afghanistan,1971,wheat,2177.0,2177.0,0.0
AF,Afghanistan,1972,maize,680.0,680.0,0.0
AF,Afghanistan,1972,rice,221.0,0.0,0.0
AF,Afghanistan,1972,wheat,2478.0,2478.0,0.0
AF,Afghanistan,1973,maize,760.0,760.0,0.0
AF,Afghanistan,1973,rice,273.0,0.0,0.0
AF,Afghanistan,1973,wheat,2585.0,2585.0,0.0
AF,Afghanistan,1974,maize,770.0,770.0,0.0
AF,Afghanistan,1974,rice,273.0,0.0,0.0
AF,Afghanistan,1974,wheat,2988.0,2988.0,0.0
AF,Afghanistan,1975,maize,780.0,780.0,0.0
AF,Afghanistan,1975,rice,293.0,0.0,0.0
AF,Afghanistan,1975,wheat,2810.0,2810.0,0.0
AF,Afghanistan,1976,maize,790.0,790.0,0.0
AF,Afghanistan,1976,rice,297.0,0.0,0.0
AF,Afghanistan,1976,wheat,2949.0,2949.0,0.0
AF,Afghanistan,1977,maize,800.0,800.0,0.0
AF,Afghanistan,1977,rice,299.0,0.0,0.0
AF,Afghanistan,1977,wheat,3050.0,3050.0,0.0
AF,Afghanistan,1978,maize,800.0,800.0,0.0
AF,Afghanistan,1978,rice,311.0,0.0,0.0
AF,Afghanistan,1978,wheat,3050.0,3050.0,0.0
AF,Afghanistan,1979,maize,760.0,760.0,0.0
AF,Afghanistan,1979,rice,296.0,0.0,0.0
AF,Afghanistan,1979,wheat,2913.0,2913.0,0.0
AF,Afghanistan,1980,maize,797.0,797.0,0.0
AF,Afghanistan,1980,rice,314.0,0.0,0.0
AF,Afghanistan,1980,wheat,3070.0,3070.0,0.0
AF,Afghanistan,1981,maize,798.0,798.0,0.0
AF,Afghanistan,1981,rice,327.0,0.0,0.0
AF,Afghanistan,1981,wheat,3200.0,3200.0,0.0
AF,Afghanistan,1982,maize,800.0,800.0,0.0
AF,Afghanistan,1982,rice,313.0,0.0,0.0
AF,Afghanistan,1982,wheat,3210.0,3210.0,0.0
AF,Afghanistan,1983,maize,806.0,806.0,0.0
AF,Afghanistan,1983,rice,312.0,0.0,0.0
AF,Afghanistan,1983,wheat,3200.0,3200.0,0.0
AF,Afghanistan,1984,maize,799.0,799.0,0.0
AF,Afghanistan,1984,rice,312.0,0.0,0.0
AF,Afghanistan,1984,wheat,3100.0,3100.0,0.0
AF,Afghanistan,1985,maize,810.0,810.0,0.0
AF,Afghanistan,1985,rice,312.0,0.0,0.0
AF,Afghanistan,1985,wheat,3250.0,3250.0,0.0
AF,Afghanistan,1986,maize,820.0,820.0,0.0
AF,Afghanistan,1986,rice,312.0,0.0,0.0
AF,Afghanistan,1986,wheat,2850.0,2850.0,0.0
AF,Afghanistan,1987,maize,514.0,514.0,0.0
AF,Afghanistan,1987,rice,216.0,0.0,0.0
AF,Afghanistan,1987,wheat,2301.0,2301.0,0.0
AF,Afghanistan,1988,maize,494.0,494.0,0.0
AF,Afghanistan,1988,rice,223.0,0.0,0.0
AF,Afghanistan,1988,wheat,1900.0,1900.0,0.0
AF,Afghanistan,1989,maize,458.0,458.0,0.0
AF,Afghanistan,1989,rice,208.0,0.0,0.0
AF,Afghanistan,1989,wheat,1808.0,1808.0,0.0
AF,Afghanistan,1990,maize,480.0,480.0,0.0
AF,Afghanistan,1990,rice,216.0,0.0,0.0
AF,Afghanistan,1990,wheat,1655.0,1655.0,0.0
AF,Afghanistan,1991,maize,420.0,420.0,0.0
AF,Afghanistan,1991,rice,236.0,0.0,0.0
AF,Afghanistan,1991,wheat,1741.0,1741.0,0.0
AF,Afghanistan,1992,maize,300.0,300.0,0.0
AF,Afghanistan,1992,rice,268.0,0.0,0.0
AF,Afghanistan,1992,wheat,1668.0,1668.0,0.0
AF,Afghanistan,1993,maize,470.0,470.0,0.0
AF,Afghanistan,1993,rice,239.0,0.0,0.0
AF,Afghanistan,1993,wheat,2033.0,2033.0,0.0
AF,Afghanistan,1994,maize,500.0,500.0,0.0
AF,Afghanistan,1994,rice,280.0,0.0,0.0
AF,Afghanistan,1994,wheat,2082.0,2082.0,0.0
AF,Afghanistan,1995,maize,530.0,530.0,0.0
AF,Afghanistan,1995,rice,338.0,0.0,0.0
AF,Afghanistan,1995,wheat,2125.0,2125.0,0.0
AF,Afghanistan,1996,maize,360.0,360.0,0.0
AF,Afghanistan,1996,rice,272.0,0.0,0.0
AF,Afghanistan,1996,wheat,2376.0,2376.0,0.0
AF,Afghanistan,1997,maize,300.0,300.0,0.0
AF,Afghanistan,1997,rice,337.0,0.0,0.0
AF,Afghanistan,1997,wheat,2801.0,2801.0,0.0
AF,Afghanistan,1998,maize,330.0,330.0,0.0
AF,Afghanistan,1998,rice,349.0,0.0,0.0
AF,Afghanistan,1998,wheat,2876.0,2876.0,0.0
AF,Afghanistan,1999,maize,240.0,240.0,0.0
AF,Afghanistan,1999,rice,288.0,0.0,0.0
AF,Afghanistan,1999,wheat,2849.0,2849.0,0.0
AF,Afghanistan,2000,maize,115.0,115.0,0.0
AF,Afghanistan,2000,rice,385.0,0.0,0.0
AF,Afghanistan,2000,wheat,2043.0,2043.0,0.0
AF,Afghanistan,2001,maize,160.0,160.0,0.0
AF,Afghanistan,2001,rice,427.0,0.0,0.0
AF,Afghanistan,2001,wheat,2597.0,2597.0,0.0
AF,Afghanistan,2002,maize,298.0,298.0,0.0
AF,Afghanistan,2002,rice,440.0,0.0,0.0
AF,Afghanistan,2002,wheat,3186.0,3186.0,0.0
AF,Afghanistan,2003,maize,210.0,210.0,0.0
AF,Afghanistan,2003,rice,486.0,0.0,0.0
AF,Afghanistan,2003,wheat,4000.0,3800.0,200.0
AF,Afghanistan,2004,maize,400.0,400.0,0.0
AF,Afghanistan,2004,rice,455.0,0.0,0.0
AF,Afghanistan,2004,wheat,3293.0,3268.0,25.0
AF,Afghanistan,2005,maize,316.0,316.0,0.0
AF,Afghanistan,2005,rice,526.0,0.0,0.0
AF,Afghanistan,2005,wheat,4500.0,4300.0,200.0
AF,Afghanistan,2006,maize,359.0,359.0,0.0
AF,Afghanistan,2006,rice,539.0,0.0,0.0
AF,Afghanistan,2006,wheat,4500.0,4400.0,100.0
AF,Afghanistan,2007,maize,361.0,361.0,0.0
AF,Afghanistan,2007,rice,628.0,0.0,0.0
AF,Afghanistan,2007,wheat,5650.0,5500.0,150.0
AF,Afghanistan,2008,maize,280.0,280.0,0.0
AF,Afghanistan,2008,rice,619.0,0.0,0.0
AF,Afghanistan,2008,wheat,5900.0,5850.0,50.0
AF,Afghanistan,2009,maize,300.0,300.0,0.0
AF,Afghanistan,2009,rice,525.0,0.0,0.0
AF,Afghanistan,2009,wheat,6680.0,6055.0,625.0
AF,Afghanistan,2010,maize,301.0,110.0,191.0
AF,Afghanistan,2010,rice,677.0,0.0,0.0
AF,Afghanistan,2010,wheat,5700.0,5400.0,300.0
AF,Afghanistan,2011,maize,306.0,110.0,196.0
AF,Afghanistan,2011,rice,668.0,0.0,0.0
AF,Afghanistan,2011,wheat,4700.0,4500.0,200.0
AF,Afghanistan,2012,maize,311.0,110.0,201.0
AF,Afghanistan,2012,rice,515.0,0.0,0.0
AF,Afghanistan,2012,wheat,6640.0,6040.0,600.0
AF,Afghanistan,2013,maize,312.0,110.0,202.0
AF,Afghanistan,2013,rice,473.0,0.0,0.0
AF,Afghanistan,2013,wheat,7000.0,6200.0,800.0
AF,Afghanistan,2014,maize,350.0,115.0,235.0
AF,Afghanistan,2014,rice,469.0,0.0,0.0
AF,Afghanistan,2014,wheat,7300.0,6500.0,800.0
AF,Afghanistan,2015,maize,319.0,115.0,204.0
AF,Afghanistan,2015,rice,566.0,0.0,0.0
AF,Afghanistan,2015,wheat,7300.0,6800.0,500.0
AF,Afghanistan,2016,maize,319.0,115.0,204.0
AF,Afghanistan,2016,rice,658.0,0.0,0.0
AF,Afghanistan,2016,wheat,7400.0,7000.0,400.0
AF,Afghanistan,2017,maize,185.0,90.0,95.0
AF,Afghanistan,2017,rice,500.0,0.0,0.0
AF,Afghanistan,2017,wheat,7600.0,7100.0,500.0
AF,Afghanistan,2018,maize,126.0,30.0,96.0
AF,Afghanistan,2018,rice,486.0,0.0,0.0
AF,Afghanistan,2018,wheat,7400.0,7200.0,200.0
AF,Afghanistan,2019,maize,194.0,90.0,104.0
AF,Afghanistan,2019,rice,560.0,0.0,0.0
AF,Afghanistan,2019,wheat,7900.0,7300.0,600.0
AF,Afghanistan,2020,maize,282.0,90.0,192.0
AF,Afghanistan,2020,rice,637.0,0.0,0.0
AF,Afghanistan,2020,wheat,8200.0,7600.0,600.0
AF,Afghanistan,2021,maize,267.0,70.0,197.0
AF,Afghanistan,2021,rice,735.0,0.0,0.0
AF,Afghanistan,2021,wheat,8250.0,7850.0,400.0
AF,Afghanistan,2022,maize,366.0,80.0,286.0
AF,Afghanistan,2022,rice,761.0,0.0,0.0
AF,Afghanistan,2022,wheat,8500.0,8100.0,400.0
AF,Afghanistan,2023,maize,415.0,80.0,335.0
AF,Afghanistan,2023,rice,885.0,0.0,0.0
AF,Afghanistan,2023,wheat,8300.0,8100.0,200.0
AF,Afghanistan,2024,maize,438.0,78.0,360.0
AF,Afghanistan,2024,rice,728.0,0.0,0.0
AF,Afghanistan,2024,wheat,8900.0,8400.0,500.0
AF,Afghanistan,2025,maize,339.0,79.0,260.0
AF,Afghanistan,2025,rice,345.0,0.0,0.0
AF,Afghanistan,2025,wheat,9250.0,8750.0,500.0
AF,Afghanistan,2026,maize,399.0,80.0,319.0
AF,Afghanistan,2026,rice,390.0,0.0,0.0
AF,Afghanistan,2026,wheat,9500.0,9000.0,500.0
AG,Algeria,1960,maize,8.0,8.0,0.0
AG,Algeria,1960,rice,13.0,0.0,0.0
AG,Algeria,1960,wheat,1748.0,1748.0,0.0
AG,Algeria,1961,maize,12.0,12.0,0.0
AG,Algeria,1961,rice,9.0,0.0,0.0
AG,Algeria,1961,wheat,1358.0,1358.0,0.0
AG,Algeria,1962,maize,4.0,4.0,0.0
AG,Algeria,1962,rice,6.0,0.0,0.0
AG,Algeria,1962,wheat,1778.0,1778.0,0.0
AG,Algeria,1963,maize,1.0,1.0,0.0
AG,Algeria,1963,rice,8.0,0.0,0.0
AG,Algeria,1963,wheat,1745.0,1745.0,0.0
AG,Algeria,1964,maize,9.0,9.0,0.0
AG,Algeria,1964,rice,8.0,0.0,0.0
AG,Algeria,1964,wheat,1426.0,1426.0,0.0
AG,Algeria,1965,maize,5.0,5.0,0.0
AG,Algeria,1965,rice,4.0,0.0,0.0
AG,Algeria,1965,wheat,1723.0,1723.0,0.0
AG,Algeria,1966,maize,5.0,5.0,0.0
AG,Algeria,1966,rice,5.0,0.0,0.0
AG,Algeria,1966,wheat,1539.0,1539.0,0.0
AG,Algeria,1967,maize,13.0,13.0,0.0
AG,Algeria,1967,rice,4.0,0.0,0.0
AG,Algeria,1967,wheat,1915.0,1915.0,0.0
AG,Algeria,1968,maize,15.0,15.0,0.0
AG,Algeria,1968,rice,6.0,0.0,0.0
AG,Algeria,1968,wheat,2234.0,2234.0,0.0
AG,Algeria,1969,maize,15.0,15.0,0.0
AG,Algeria,1969,rice,8.0,0.0,0.0
AG,Algeria,1969,wheat,1601.0,1601.0,0.0
AG,Algeria,1970,maize,22.0,22.0,0.0
AG,Algeria,1970,rice,11.0,0.0,0.0
AG,Algeria,1970,wheat,2081.0,2081.0,0.0
AG,Algeria,1971,maize,26.0,26.0,0.0
AG,Algeria,1971,rice,17.0,0.0,0.0
AG,Algeria,1971,wheat,2202.0,2202.0,0.0
AG,Algeria,1972,maize,6.0,6.0,0.0
AG,Algeria,1972,rice,19.0,0.0,0.0
AG,Algeria,1972,wheat,2302.0,2302.0,0.0
AG,Algeria,1973,maize,43.0,43.0,0.0
AG,Algeria,1973,rice,20.0,0.0,0.0
AG,Algeria,1973,wheat,2505.0,2505.0,0.0
AG,Algeria,1974,maize,19.0,19.0,0.0
AG,Algeria,1974,rice,24.0,0.0,0.0
AG,Algeria,1974,wheat,2906.0,2906.0,0.0
AG,Algeria,1975,maize,109.0,109.0,0.0
AG,Algeria,1975,rice,19.0,0.0,0.0
AG,Algeria,1975,wheat,2663.0,2663.0,0.0
AG,Algeria,1976,maize,129.0,125.0,4.0
AG,Algeria,1976,rice,18.0,0.0,0.0
AG,Algeria,1976,wheat,3139.0,3139.0,0.0
AG,Algeria,1977,maize,165.0,165.0,0.0
AG,Algeria,1977,rice,17.0,0.0,0.0
AG,Algeria,1977,wheat,3200.0,3200.0,0.0
AG,Algeria,1978,maize,137.0,137.0,0.0
AG,Algeria,1978,rice,17.0,0.0,0.0
AG,Algeria,1978,wheat,3250.0,3250.0,0.0
AG,Algeria,1979,maize,206.0,206.0,0.0
AG,Algeria,1979,rice,19.0,0.0,0.0
AG,Algeria,1979,wheat,3561.0,3561.0,0.0
AG,Algeria,1980,maize,207.0,10.0,197.0
AG,Algeria,1980,rice,17.0,0.0,0.0
AG,Algeria,1980,wheat,3667.0,3657.0,10.0
AG,Algeria,1981,maize,380.0,10.0,370.0
AG,Algeria,1981,rice,30.0,0.0,0.0
AG,Algeria,1981,wheat,3319.0,3309.0,10.0
AG,Algeria,1982,maize,324.0,10.0,314.0
AG,Algeria,1982,rice,26.0,0.0,0.0
AG,Algeria,1982,wheat,3644.0,3634.0,10.0
AG,Algeria,1983,maize,401.0,10.0,391.0
AG,Algeria,1983,rice,27.0,0.0,0.0
AG,Algeria,1983,wheat,3634.0,3624.0,10.0
AG,Algeria,1984,maize,502.0,0.0,502.0
AG,Algeria,1984,rice,39.0,0.0,0.0
AG,Algeria,1984,wheat,4446.0,4436.0,10.0
AG,Algeria,1985,maize,548.0,0.0,548.0
AG,Algeria,1985,rice,34.0,0.0,0.0
AG,Algeria,1985,wheat,4460.0,4450.0,10.0
AG,Algeria,1986,maize,1101.0,22.0,1079.0
AG,Algeria,1986,rice,13.0,0.0,0.0
AG,Algeria,1986,wheat,4740.0,4690.0,50.0
AG,Algeria,1987,maize,905.0,30.0,875.0
AG,Algeria,1987,rice,47.0,0.0,0.0
AG,Algeria,1987,wheat,4987.0,4937.0,50.0
AG,Algeria,1988,maize,1201.0,1.0,1200.0
AG,Algeria,1988,rice,39.0,0.0,0.0
AG,Algeria,1988,wheat,4773.0,4723.0,50.0
AG,Algeria,1989,maize,1363.0,1.0,1362.0
AG,Algeria,1989,rice,29.0,0.0,0.0
AG,Algeria,1989,wheat,4870.0,4740.0,130.0
AG,Algeria,1990,maize,1302.0,1.0,1301.0
AG,Algeria,1990,rice,29.0,0.0,0.0
AG,Algeria,1990,wheat,5160.0,5010.0,150.0
AG,Algeria,1991,maize,952.0,0.0,952.0
AG,Algeria,1991,rice,35.0,0.0,0.0
AG,Algeria,1991,wheat,5000.0,4850.0,150.0
AG,Algeria,1992,maize,1102.0,0.0,1102.0
AG,Algeria,1992,rice,45.0,0.0,0.0
AG,Algeria,1992,wheat,5300.0,5150.0,150.0
AG,Algeria,1993,maize,1227.0,0.0,1227.0
AG,Algeria,1993,rice,75.0,0.0,0.0
AG,Algeria,1993,wheat,5700.0,5500.0,200.0
AG,Algeria,1994,maize,1102.0,0.0,1102.0
AG,Algeria,1994,rice,57.0,0.0,0.0
AG,Algeria,1994,wheat,6007.0,5807.0,200.0
AG,Algeria,1995,maize,540.0,0.0,540.0
AG,Algeria,1995,rice,27.0,0.0,0.0
AG,Algeria,1995,wheat,5966.0,5866.0,100.0
AG,Algeria,1996,maize,998.0,0.0,998.0
AG,Algeria,1996,rice,59.0,0.0,0.0
AG,Algeria,1996,wheat,6011.0,5911.0,100.0
AG,Algeria,1997,maize,945.0,0.0,945.0
AG,Algeria,1997,rice,42.0,0.0,0.0
AG,Algeria,1997,wheat,6050.0,6000.0,50.0
AG,Algeria,1998,maize,1173.0,0.0,1173.0
AG,Algeria,1998,rice,53.0,0.0,0.0
AG,Algeria,1998,wheat,6150.0,6100.0,50.0
AG,Algeria,1999,maize,1151.0,0.0,1151.0
AG,Algeria,1999,rice,55.0,0.0,0.0
AG,Algeria,1999,wheat,6100.0,6050.0,50.0
AG,Algeria,2000,maize,1601.0,0.0,1601.0
AG,Algeria,2000,rice,43.0,0.0,0.0
AG,Algeria,2000,wheat,6150.0,6100.0,50.0
AG,Algeria,2001,maize,1650.0,0.0,1650.0
AG,Algeria,2001,rice,76.0,0.0,0.0
AG,Algeria,2001,wheat,6372.0,6322.0,50.0
AG,Algeria,2002,maize,1400.0,0.0,1400.0
AG,Algeria,2002,rice,40.0,0.0,0.0
AG,Algeria,2002,wheat,6650.0,6600.0,50.0
AG,Algeria,2003,maize,1800.0,0.0,1800.0
AG,Algeria,2003,rice,60.0,0.0,0.0
AG,Algeria,2003,wheat,7050.0,7000.0,50.0
AG,Algeria,2004,maize,1900.0,0.0,1900.0
AG,Algeria,2004,rice,60.0,0.0,0.0
AG,Algeria,2004,wheat,7550.0,7500.0,50.0
AG,Algeria,2005,maize,2100.0,0.0,2100.0
AG,Algeria,2005,rice,50.0,0.0,0.0
AG,Algeria,2005,wheat,7750.0,7700.0,50.0
AG,Algeria,2006,maize,2300.0,0.0,2300.0
AG,Algeria,2006,rice,60.0,0.0,0.0
AG,Algeria,2006,wheat,7850.0,7800.0,50.0
AG,Algeria,2007,maize,2100.0,0.0,2100.0
AG,Algeria,2007,rice,100.0,0.0,0.0
AG,Algeria,2007,wheat,8050.0,8000.0,50.0
AG,Algeria,2008,maize,2100.0,0.0,2100.0
AG,Algeria,2008,rice,68.0,0.0,0.0
AG,Algeria,2008,wheat,8300.0,8250.0,50.0
AG,Algeria,2009,maize,2400.0,0.0,2400.0
AG,Algeria,2009,rice,130.0,0.0,0.0
AG,Algeria,2009,wheat,8550.0,8500.0,50.0
AG,Algeria,2010,maize,2800.0,0.0,2800.0
AG,Algeria,2010,rice,93.0,0.0,0.0
AG,Algeria,2010,wheat,8750.0,8700.0,50.0
AG,Algeria,2011,maize,2900.0,0.0,2900.0
AG,Algeria,2011,rice,126.0,0.0,0.0
AG,Algeria,2011,wheat,8950.0,8900.0,50.0
AG,Algeria,2012,maize,3000.0,0.0,3000.0
AG,Algeria,2012,rice,153.0,0.0,0.0
AG,Algeria,2012,wheat,9450.0,9400.0,50.0
AG,Algeria,2013,maize,3700.0,0.0,3700.0
AG,Algeria,2013,rice,121.0,0.0,0.0
AG,Algeria,2013,wheat,9850.0,9800.0,50.0
AG,Algeria,2014,maize,4200.0,0.0,4200.0
AG,Algeria,2014,rice,129.0,0.0,0.0
AG,Algeria,2014,wheat,10050.0,10000.0,50.0
AG,Algeria,2015,maize,4200.0,0.0,4200.0
AG,Algeria,2015,rice,125.0,0.0,0.0
AG,Algeria,2015,wheat,10250.0,10200.0,50.0
AG,Algeria,2016,maize,4200.0,0.0,4200.0
AG,Algeria,2016,rice,172.0,0.0,0.0
AG,Algeria,2016,wheat,10350.0,10300.0,50.0
AG,Algeria,2017,maize,4200.0,0.0,4200.0
AG,Algeria,2017,rice,160.0,0.0,0.0
AG,Algeria,2017,wheat,10450.0,10400.0,50.0
AG,Algeria,2018,maize,4400.0,0.0,4400.0
AG,Algeria,2018,rice,117.0,0.0,0.0
AG,Algeria,2018,wheat,10750.0,10700.0,50.0
AG,Algeria,2019,maize,5300.0,0.0,5300.0
AG,Algeria,2019,rice,127.0,0.0,0.0
AG,Algeria,2019,wheat,10950.0,10900.0,50.0
AG,Algeria,2020,maize,4800.0,0.0,4800.0
AG,Algeria,2020,rice,172.0,0.0,0.0
AG,Algeria,2020,wheat,11150.0,11100.0,50.0
AG,Algeria,2021,maize,3200.0,0.0,3200.0
AG,Algeria,2021,rice,156.0,0.0,0.0
AG,Algeria,2021,wheat,11370.0,11300.0,70.0
AG,Algeria,2022,maize,3600.0,0.0,3600.0
AG,Algeria,2022,rice,167.0,0.0,0.0
AG,Algeria,2022,wheat,11570.0,11500.0,70.0
AG,Algeria,2023,maize,5100.0,0.0,5100.0
AG,Algeria,2023,rice,280.0,0.0,0.0
AG,Algeria,2023,wheat,11750.0,11700.0,50.0
AG,Algeria,2024,maize,4800.0,0.0,4800.0
AG,Algeria,2024,rice,168.0,0.0,0.0
AG,Algeria,2024,wheat,11950.0,11900.0,50.0
AG,Algeria,2025,maize,6000.0,0.0,6000.0
AG,Algeria,2025,rice,190.0,0.0,0.0
AG,Algeria,2025,wheat,12250.0,12200.0,50.0
AG,Algeria,2026,maize,5100.0,0.0,5100.0
AG,Algeria,2026,rice,200.0,0.0,0.0
AG,Algeria,2026,wheat,12575.0,12500.0,75.0
AJ,Azerbaijan,1987,maize,292.0,16.0,276.0
AJ,Azerbaijan,1987,wheat,1605.0,1210.0,395.0
AJ,Azerbaijan,1988,maize,271.0,16.0,255.0
AJ,Azerbaijan,1988,wheat,1655.0,1225.0,430.0
AJ,Azerbaijan,1989,maize,420.0,16.0,404.0
AJ,Azerbaijan,1989,wheat,1463.0,1130.0,333.0
AJ,Azerbaijan,1990,maize,144.0,11.0,133.0
AJ,Azerbaijan,1990,wheat,1672.0,1235.0,437.0
AJ,Azerbaijan,1991,maize,168.0,16.0,152.0
AJ,Azerbaijan,1991,wheat,1572.0,1210.0,362.0
AJ,Azerbaijan,1992,maize,86.0,16.0,70.0
AJ,Azerbaijan,1992,wheat,1442.0,1232.0,210.0
AJ,Azerbaijan,1993,maize,23.0,15.0,8.0
AJ,Azerbaijan,1993,rice,6.0,0.0,0.0
AJ,Azerbaijan,1993,wheat,1367.0,1166.0,201.0
AJ,Azerbaijan,1994,maize,20.0,12.0,8.0
AJ,Azerbaijan,1994,rice,7.0,0.0,0.0
AJ,Azerbaijan,1994,wheat,1224.0,1053.0,171.0
AJ,Azerbaijan,1995,maize,16.0,8.0,8.0
AJ,Azerbaijan,1995,rice,3.0,0.0,0.0
AJ,Azerbaijan,1995,wheat,1117.0,946.0,171.0
AJ,Azerbaijan,1996,maize,14.0,7.0,7.0
AJ,Azerbaijan,1996,rice,2.0,0.0,0.0
AJ,Azerbaijan,1996,wheat,1107.0,937.0,170.0
AJ,Azerbaijan,1997,maize,24.0,7.0,17.0
AJ,Azerbaijan,1997,rice,33.0,0.0,0.0
AJ,Azerbaijan,1997,wheat,1648.0,1478.0,170.0
AJ,Azerbaijan,1998,maize,33.0,8.0,25.0
AJ,Azerbaijan,1998,rice,18.0,0.0,0.0
AJ,Azerbaijan,1998,wheat,1597.0,1447.0,150.0
AJ,Azerbaijan,1999,maize,100.0,8.0,92.0
AJ,Azerbaijan,1999,rice,2.0,0.0,0.0
AJ,Azerbaijan,1999,wheat,1616.0,1466.0,150.0
AJ,Azerbaijan,2000,maize,105.0,8.0,97.0
AJ,Azerbaijan,2000,rice,17.0,0.0,0.0
AJ,Azerbaijan,2000,wheat,1898.0,1698.0,200.0
AJ,Azerbaijan,2001,maize,118.0,10.0,108.0
AJ,Azerbaijan,2001,rice,14.0,0.0,0.0
AJ,Azerbaijan,2001,wheat,2215.0,2015.0,200.0
AJ,Azerbaijan,2002,maize,139.0,11.0,128.0
AJ,Azerbaijan,2002,rice,11.0,0.0,0.0
AJ,Azerbaijan,2002,wheat,2300.0,2100.0,200.0
AJ,Azerbaijan,2003,maize,162.0,14.0,148.0
AJ,Azerbaijan,2003,rice,17.0,0.0,0.0
AJ,Azerbaijan,2003,wheat,2450.0,2250.0,200.0
AJ,Azerbaijan,2004,maize,189.0,15.0,174.0
AJ,Azerbaijan,2004,rice,10.0,0.0,0.0
AJ,Azerbaijan,2004,wheat,2500.0,2300.0,200.0
AJ,Azerbaijan,2005,maize,184.0,15.0,169.0
AJ,Azerbaijan,2005,rice,7.0,0.0,0.0
AJ,Azerbaijan,2005,wheat,2600.0,2400.0,200.0
AJ,Azerbaijan,2006,maize,190.0,15.0,175.0
AJ,Azerbaijan,2006,rice,8.0,0.0,0.0
AJ,Azerbaijan,2006,wheat,2650.0,2450.0,200.0
AJ,Azerbaijan,2007,maize,210.0,15.0,195.0
AJ,Azerbaijan,2007,rice,10.0,0.0,0.0
AJ,Azerbaijan,2007,wheat,2750.0,2550.0,200.0
AJ,Azerbaijan,2008,maize,225.0,15.0,210.0
AJ,Azerbaijan,2008,rice,14.0,0.0,0.0
AJ,Azerbaijan,2008,wheat,2850.0,2650.0,200.0
AJ,Azerbaijan,2009,maize,225.0,25.0,200.0
AJ,Azerbaijan,2009,rice,13.0,0.0,0.0
AJ,Azerbaijan,2009,wheat,3100.0,2700.0,400.0
AJ,Azerbaijan,2010,maize,200.0,25.0,175.0
AJ,Azerbaijan,2010,rice,15.0,0.0,0.0
AJ,Azerbaijan,2010,wheat,3025.0,2725.0,300.0
AJ,Azerbaijan,2011,maize,240.0,25.0,215.0
AJ,Azerbaijan,2011,rice,24.0,0.0,0.0
AJ,Azerbaijan,2011,wheat,3100.0,2750.0,350.0
AJ,Azerbaijan,2012,maize,260.0,25.0,235.0
AJ,Azerbaijan,2012,rice,55.0,0.0,0.0
AJ,Azerbaijan,2012,wheat,3200.0,2800.0,400.0
AJ,Azerbaijan,2013,maize,325.0,25.0,300.0
AJ,Azerbaijan,2013,rice,75.0,0.0,0.0
AJ,Azerbaijan,2013,wheat,3150.0,2800.0,350.0
AJ,Azerbaijan,2014,maize,400.0,25.0,375.0
AJ,Azerbaijan,2014,rice,85.0,0.0,0.0
AJ,Azerbaijan,2014,wheat,3100.0,2850.0,250.0
AJ,Azerbaijan,2015,maize,350.0,25.0,325.0
AJ,Azerbaijan,2015,rice,100.0,0.0,0.0
AJ,Azerbaijan,2015,wheat,3150.0,2850.0,300.0
AJ,Azerbaijan,2016,maize,350.0,25.0,325.0
AJ,Azerbaijan,2016,rice,85.0,0.0,0.0
AJ,Azerbaijan,2016,wheat,3225.0,2900.0,325.0
AJ,Azerbaijan,2017,maize,300.0,25.0,275.0
AJ,Azerbaijan,2017,rice,75.0,0.0,0.0
AJ,Azerbaijan,2017,wheat,3150.0,2850.0,300.0
AJ,Azerbaijan,2018,maize,305.0,25.0,280.0
AJ,Azerbaijan,2018,rice,55.0,0.0,0.0
AJ,Azerbaijan,2018,wheat,3150.0,2900.0,250.0
AJ,Azerbaijan,2019,maize,350.0,25.0,325.0
AJ,Azerbaijan,2019,rice,60.0,0.0,0.0
AJ,Azerbaijan,2019,wheat,3350.0,3000.0,350.0
AJ,Azerbaijan,2020,maize,350.0,25.0,325.0
AJ,Azerbaijan,2020,rice,60.0,0.0,0.0
AJ,Azerbaijan,2020,wheat,3300.0,3000.0,300.0
AJ,Azerbaijan,2021,maize,325.0,25.0,300.0
AJ,Azerbaijan,2021,rice,60.0,0.0,0.0
AJ,Azerbaijan,2021,wheat,3200.0,2900.0,300.0
AJ,Azerbaijan,2022,maize,360.0,25.0,335.0
AJ,Azerbaijan,2022,rice,65.0,0.0,0.0
AJ,Azerbaijan,2022,wheat,3200.0,2900.0,300.0
AJ,Azerbaijan,2023,maize,365.0,25.0,340.0
AJ,Azerbaijan,2023,rice,65.0,0.0,0.0
AJ,Azerbaijan,2023,wheat,3100.0,2850.0,250.0
AJ,Azerbaijan,2024,maize,355.0,25.0,330.0
AJ,Azerbaijan,2024,rice,70.0,0.0,0.0
AJ,Azerbaijan,2024,wheat,3300.0,3000.0,300.0
AJ,Azerbaijan,2025,maize,345.0,25.0,320.0
AJ,Azerbaijan,2025,rice,70.0,0.0,0.0
AJ,Azerbaijan,2025,wheat,3300.0,3000.0,300.0
AJ,Azerbaijan,2026,maize,335.0,25.0,310.0
AJ,Azerbaijan,2026,rice,70.0,0.0,0.0
AJ,Azerbaijan,2026,wheat,3300.0,3000.0,300.0
AL,Albania,1960,maize,157.0,157.0,0.0
AL,Albania,1960,wheat,309.0,309.0,0.0
AL,Albania,1961,maize,199.0,199.0,0.0
AL,Albania,1961,wheat,280.0,280.0,0.0
AL,Albania,1962,maize,151.0,151.0,0.0
AL,Albania,1962,wheat,235.0,235.0,0.0
AL,Albania,1963,maize,218.0,218.0,0.0
AL,Albania,1963,wheat,172.0,172.0,0.0
AL,Albania,1964,maize,213.0,213.0,0.0
AL,Albania,1964,wheat,235.0,235.0,0.0
AL,Albania,1965,maize,190.0,190.0,0.0
AL,Albania,1965,wheat,251.0,251.0,0.0
AL,Albania,1966,maize,240.0,240.0,0.0
AL,Albania,1966,wheat,259.0,259.0,0.0
AL,Albania,1967,maize,273.0,273.0,0.0
AL,Albania,1967,wheat,232.0,232.0,0.0
AL,Albania,1968,maize,273.0,273.0,0.0
AL,Albania,1968,wheat,220.0,220.0,0.0
AL,Albania,1969,maize,270.0,270.0,0.0
AL,Albania,1969,wheat,262.0,262.0,0.0
AL,Albania,1970,maize,248.0,248.0,0.0
AL,Albania,1970,wheat,297.0,297.0,0.0
AL,Albania,1971,maize,272.0,272.0,0.0
AL,Albania,1971,wheat,295.0,295.0,0.0
AL,Albania,1972,maize,258.0,258.0,0.0
AL,Albania,1972,wheat,260.0,260.0,0.0
AL,Albania,1973,maize,251.0,251.0,0.0
AL,Albania,1973,wheat,483.0,483.0,0.0
AL,Albania,1974,maize,227.0,227.0,0.0
AL,Albania,1974,wheat,375.0,375.0,0.0
AL,Albania,1975,maize,223.0,223.0,0.0
AL,Albania,1975,wheat,370.0,370.0,0.0
AL,Albania,1976,maize,260.0,260.0,0.0
AL,Albania,1976,wheat,460.0,460.0,0.0
AL,Albania,1977,maize,250.0,250.0,0.0
AL,Albania,1977,wheat,460.0,460.0,0.0
AL,Albania,1978,maize,230.0,230.0,0.0
AL,Albania,1978,wheat,460.0,460.0,0.0
AL,Albania,1979,maize,210.0,210.0,0.0
AL,Albania,1979,wheat,450.0,450.0,0.0
AL,Albania,1980,maize,368.0,368.0,0.0
AL,Albania,1980,wheat,500.0,500.0,0.0
AL,Albania,1981,maize,311.0,311.0,0.0
AL,Albania,1981,wheat,489.0,489.0,0.0
AL,Albania,1982,maize,342.0,342.0,0.0
AL,Albania,1982,wheat,524.0,524.0,0.0
AL,Albania,1983,maize,366.0,366.0,0.0
AL,Albania,1983,wheat,583.0,583.0,0.0
AL,Albania,1984,maize,360.0,360.0,0.0
AL,Albania,1984,wheat,600.0,600.0,0.0
AL,Albania,1985,maize,360.0,360.0,0.0
AL,Albania,1985,wheat,575.0,575.0,0.0
AL,Albania,1986,maize,360.0,360.0,0.0
AL,Albania,1986,wheat,560.0,560.0,0.0
AL,Albania,1987,maize,363.0,363.0,0.0
AL,Albania,1987,wheat,598.0,598.0,0.0
AL,Albania,1988,maize,263.0,263.0,0.0
AL,Albania,1988,wheat,658.0,658.0,0.0
AL,Albania,1989,maize,323.0,323.0,0.0
AL,Albania,1989,wheat,611.0,611.0,0.0
AL,Albania,1990,maize,302.0,302.0,0.0
AL,Albania,1990,wheat,754.0,754.0,0.0
AL,Albania,1991,maize,250.0,250.0,0.0
AL,Albania,1991,wheat,669.0,669.0,0.0
AL,Albania,1992,maize,200.0,200.0,0.0
AL,Albania,1992,wheat,662.0,662.0,0.0
AL,Albania,1993,maize,150.0,150.0,0.0
AL,Albania,1993,wheat,842.0,842.0,0.0
AL,Albania,1994,maize,204.0,204.0,0.0
AL,Albania,1994,wheat,665.0,665.0,0.0
AL,Albania,1995,maize,201.0,201.0,0.0
AL,Albania,1995,wheat,620.0,620.0,0.0
AL,Albania,1996,maize,207.0,207.0,0.0
AL,Albania,1996,wheat,809.0,809.0,0.0
AL,Albania,1997,maize,222.0,222.0,0.0
AL,Albania,1997,wheat,683.0,683.0,0.0
AL,Albania,1998,maize,193.0,193.0,0.0
AL,Albania,1998,wheat,690.0,665.0,25.0
AL,Albania,1999,maize,211.0,211.0,0.0
AL,Albania,1999,wheat,622.0,597.0,25.0
AL,Albania,2000,maize,211.0,211.0,0.0
AL,Albania,2000,wheat,691.0,591.0,100.0
AL,Albania,2001,maize,206.0,206.0,0.0
AL,Albania,2001,wheat,693.0,593.0,100.0
AL,Albania,2002,maize,209.0,209.0,0.0
AL,Albania,2002,wheat,618.0,518.0,100.0
AL,Albania,2003,maize,224.0,224.0,0.0
AL,Albania,2003,wheat,580.0,505.0,75.0
AL,Albania,2004,maize,252.0,252.0,0.0
AL,Albania,2004,wheat,624.0,549.0,75.0
AL,Albania,2005,maize,269.0,269.0,0.0
AL,Albania,2005,wheat,647.0,572.0,75.0
AL,Albania,2006,maize,297.0,297.0,0.0
AL,Albania,2006,wheat,539.0,489.0,50.0
AL,Albania,2007,maize,261.0,261.0,0.0
AL,Albania,2007,wheat,580.0,505.0,75.0
AL,Albania,2008,maize,290.0,290.0,0.0
AL,Albania,2008,wheat,620.0,520.0,100.0
AL,Albania,2009,maize,325.0,325.0,0.0
AL,Albania,2009,wheat,622.0,522.0,100.0
AL,Albania,2010,maize,427.0,427.0,0.0
AL,Albania,2010,wheat,601.0,501.0,100.0
AL,Albania,2011,maize,411.0,411.0,0.0
AL,Albania,2011,wheat,646.0,546.0,100.0
AL,Albania,2012,maize,410.0,410.0,0.0
AL,Albania,2012,wheat,581.0,501.0,80.0
AL,Albania,2013,maize,437.0,437.0,0.0
AL,Albania,2013,wheat,575.0,500.0,75.0
AL,Albania,2014,maize,445.0,445.0,0.0
AL,Albania,2014,wheat,580.0,500.0,80.0
AL,Albania,2015,maize,435.0,435.0,0.0
AL,Albania,2015,wheat,590.0,510.0,80.0
AL,Albania,2016,maize,455.0,10.0,445.0
AL,Albania,2016,wheat,590.0,510.0,80.0
AL,Albania,2017,maize,429.0,10.0,419.0
AL,Albania,2017,wheat,590.0,510.0,80.0
AL,Albania,2018,maize,484.0,10.0,474.0
AL,Albania,2018,wheat,580.0,500.0,80.0
AL,Albania,2019,maize,481.0,10.0,471.0
AL,Albania,2019,wheat,570.0,490.0,80.0
AL,Albania,2020,maize,460.0,10.0,450.0
AL,Albania,2020,wheat,530.0,480.0,50.0
AL,Albania,2021,maize,485.0,10.0,475.0
AL,Albania,2021,wheat,495.0,445.0,50.0
AL,Albania,2022,maize,455.0,10.0,445.0
AL,Albania,2022,wheat,430.0,400.0,30.0
AL,Albania,2023,maize,470.0,10.0,460.0
AL,Albania,2023,wheat,470.0,430.0,40.0
AL,Albania,2024,maize,485.0,10.0,475.0
AL,Albania,2024,wheat,480.0,440.0,40.0
AL,Albania,2025,maize,510.0,10.0,500.0
AL,Albania,2025,wheat,490.0,450.0,40.0
AL,Albania,2026,maize,520.0,10.0,510.0
AL,Albania,2026,wheat,500.0,460.0,40.0
AM,Armenia,1987,maize,150.0,5.0,145.0
AM,Armenia,1987,wheat,895.0,575.0,320.0
AM,Armenia,1988,maize,180.0,5.0,175.0
AM,Armenia,1988,rice,12.0,0.0,0.0
AM,Armenia,1988,wheat,853.0,575.0,278.0
AM,Armenia,1989,maize,270.0,0.0,270.0
AM,Armenia,1989,rice,15.0,0.0,0.0
AM,Armenia,1989,wheat,771.0,545.0,226.0
AM,Armenia,1990,maize,100.0,0.0,100.0
AM,Armenia,1990,rice,9.0,0.0,0.0
AM,Armenia,1990,wheat,731.0,525.0,206.0
AM,Armenia,1991,maize,220.0,0.0,220.0
AM,Armenia,1991,rice,17.0,0.0,0.0
AM,Armenia,1991,wheat,577.0,515.0,62.0
AM,Armenia,1992,maize,120.0,0.0,120.0
AM,Armenia,1992,rice,29.0,0.0,0.0
AM,Armenia,1992,wheat,495.0,445.0,50.0
AM,Armenia,1993,rice,3.0,0.0,0.0
AM,Armenia,1993,wheat,540.0,465.0,75.0
AM,Armenia,1994,rice,4.0,0.0,0.0
AM,Armenia,1994,wheat,547.0,474.0,73.0
AM,Armenia,1995,rice,2.0,0.0,0.0
AM,Armenia,1995,wheat,511.0,441.0,70.0
AM,Armenia,1996,rice,1.0,0.0,0.0
AM,Armenia,1996,wheat,328.0,261.0,67.0
AM,Armenia,1997,rice,1.0,0.0,0.0
AM,Armenia,1997,wheat,430.0,365.0,65.0
AM,Armenia,1998,rice,1.0,0.0,0.0
AM,Armenia,1998,wheat,308.0,233.0,75.0
AM,Armenia,1999,wheat,337.0,277.0,60.0
AM,Armenia,2000,wheat,306.0,281.0,25.0
AM,Armenia,2001,wheat,357.0,282.0,75.0
AM,Armenia,2002,wheat,575.0,425.0,150.0
AM,Armenia,2003,rice,1.0,0.0,0.0
AM,Armenia,2003,wheat,526.0,426.0,100.0
AM,Armenia,2004,rice,1.0,0.0,0.0
AM,Armenia,2004,wheat,501.0,426.0,75.0
AM,Armenia,2005,rice,1.0,0.0,0.0
AM,Armenia,2005,wheat,508.0,433.0,75.0
AM,Armenia,2006,rice,2.0,0.0,0.0
AM,Armenia,2006,wheat,316.0,291.0,25.0
AM,Armenia,2007,rice,3.0,0.0,0.0
AM,Armenia,2007,wheat,427.0,377.0,50.0
AM,Armenia,2008,rice,1.0,0.0,0.0
AM,Armenia,2008,wheat,550.0,425.0,125.0
AM,Armenia,2009,rice,1.0,0.0,0.0
AM,Armenia,2009,wheat,565.0,440.0,125.0
AM,Armenia,2010,rice,1.0,0.0,0.0
AM,Armenia,2010,wheat,495.0,445.0,50.0
AM,Armenia,2011,rice,1.0,0.0,0.0
AM,Armenia,2011,wheat,590.0,465.0,125.0
AM,Armenia,2012,rice,1.0,0.0,0.0
AM,Armenia,2012,wheat,555.0,455.0,100.0
AM,Armenia,2013,rice,1.0,0.0,0.0
AM,Armenia,2013,wheat,615.0,465.0,150.0
AM,Armenia,2014,rice,1.0,0.0,0.0
AM,Armenia,2014,wheat,620.0,470.0,150.0
AM,Armenia,2015,rice,1.0,0.0,0.0
AM,Armenia,2015,wheat,600.0,450.0,150.0
AM,Armenia,2016,rice,1.0,0.0,0.0
AM,Armenia,2016,wheat,600.0,450.0,150.0
AM,Armenia,2017,wheat,500.0,450.0,50.0
AM,Armenia,2018,wheat,490.0,450.0,40.0
AM,Armenia,2019,wheat,490.0,450.0,40.0
AM,Armenia,2020,wheat,500.0,460.0,40.0
AM,Armenia,2021,wheat,500.0,460.0,40.0
AM,Armenia,2022,wheat,540.0,470.0,70.0
AM,Armenia,2023,wheat,560.0,480.0,80.0
AM,Armenia,2024,wheat,570.0,490.0,80.0
AM,Armenia,2025,wheat,600.0,510.0,90.0
AM,Armenia,2026,wheat,620.0,530.0,90.0
AO,Angola,1960,rice,18.0,0.0,0.0
AO,Angola,1960,wheat,29.0,29.0,0.0
AO,Angola,1961,maize,237.0,237.0,0.0
AO,Angola,1961,rice,17.0,0.0,0.0
AO,Angola,1961,wheat,48.0,48.0,0.0
AO,Angola,1962,maize,206.0,206.0,0.0
AO,Angola,1962,rice,16.0,0.0,0.0
AO,Angola,1962,wheat,53.0,53.0,0.0
AO,Angola,1963,maize,273.0,273.0,0.0
AO,Angola,1963,rice,15.0,0.0,0.0
AO,Angola,1963,wheat,58.0,58.0,0.0
AO,Angola,1964,maize,247.0,247.0,0.0
AO,Angola,1964,rice,17.0,0.0,0.0
AO,Angola,1964,wheat,58.0,58.0,0.0
AO,Angola,1965,maize,241.0,241.0,0.0
AO,Angola,1965,rice,20.0,0.0,0.0
AO,Angola,1965,wheat,74.0,74.0,0.0
AO,Angola,1966,maize,263.0,263.0,0.0
AO,Angola,1966,rice,19.0,0.0,0.0
AO,Angola,1966,wheat,59.0,59.0,0.0
AO,Angola,1967,maize,256.0,256.0,0.0
AO,Angola,1967,rice,21.0,0.0,0.0
AO,Angola,1967,wheat,64.0,64.0,0.0
AO,Angola,1968,maize,253.0,253.0,0.0
AO,Angola,1968,rice,22.0,0.0,0.0
AO,Angola,1968,wheat,96.0,96.0,0.0
AO,Angola,1969,maize,375.0,375.0,0.0
AO,Angola,1969,rice,14.0,0.0,0.0
AO,Angola,1969,wheat,82.0,82.0,0.0
AO,Angola,1970,maize,302.0,302.0,0.0
AO,Angola,1970,rice,23.0,0.0,0.0
AO,Angola,1970,wheat,96.0,96.0,0.0
AO,Angola,1971,maize,299.0,299.0,0.0
AO,Angola,1971,rice,14.0,0.0,0.0
AO,Angola,1971,wheat,86.0,86.0,0.0
AO,Angola,1972,maize,335.0,335.0,0.0
AO,Angola,1972,rice,11.0,0.0,0.0
AO,Angola,1972,wheat,123.0,123.0,0.0
AO,Angola,1973,maize,415.0,415.0,0.0
AO,Angola,1973,rice,18.0,0.0,0.0
AO,Angola,1973,wheat,43.0,43.0,0.0
AO,Angola,1974,maize,447.0,447.0,0.0
AO,Angola,1974,rice,26.0,0.0,0.0
AO,Angola,1974,wheat,110.0,110.0,0.0
AO,Angola,1975,maize,454.0,454.0,0.0
AO,Angola,1975,rice,29.0,0.0,0.0
AO,Angola,1975,wheat,68.0,68.0,0.0
AO,Angola,1976,maize,451.0,451.0,0.0
AO,Angola,1976,rice,53.0,0.0,0.0
AO,Angola,1976,wheat,67.0,67.0,0.0
AO,Angola,1977,maize,399.0,399.0,0.0
AO,Angola,1977,rice,52.0,0.0,0.0
AO,Angola,1977,wheat,111.0,111.0,0.0
AO,Angola,1978,maize,400.0,400.0,0.0
AO,Angola,1978,rice,63.0,0.0,0.0
AO,Angola,1978,wheat,73.0,73.0,0.0
AO,Angola,1979,maize,438.0,438.0,0.0
AO,Angola,1979,rice,81.0,0.0,0.0
AO,Angola,1979,wheat,93.0,93.0,0.0
AO,Angola,1980,maize,450.0,450.0,0.0
AO,Angola,1980,rice,62.0,0.0,0.0
AO,Angola,1980,wheat,215.0,215.0,0.0
AO,Angola,1981,maize,408.0,408.0,0.0
AO,Angola,1981,rice,45.0,0.0,0.0
AO,Angola,1981,wheat,119.0,119.0,0.0
AO,Angola,1982,maize,425.0,425.0,0.0
AO,Angola,1982,rice,60.0,0.0,0.0
AO,Angola,1982,wheat,156.0,156.0,0.0
AO,Angola,1983,maize,366.0,366.0,0.0
AO,Angola,1983,rice,68.0,0.0,0.0
AO,Angola,1983,wheat,168.0,168.0,0.0
AO,Angola,1984,maize,375.0,375.0,0.0
AO,Angola,1984,rice,75.0,0.0,0.0
AO,Angola,1984,wheat,161.0,161.0,0.0
AO,Angola,1985,maize,290.0,290.0,0.0
AO,Angola,1985,rice,101.0,0.0,0.0
AO,Angola,1985,wheat,95.0,95.0,0.0
AO,Angola,1986,maize,236.0,236.0,0.0
AO,Angola,1986,rice,110.0,0.0,0.0
AO,Angola,1986,wheat,131.0,131.0,0.0
AO,Angola,1987,maize,255.0,255.0,0.0
AO,Angola,1987,rice,121.0,0.0,0.0
AO,Angola,1987,wheat,150.0,150.0,0.0
AO,Angola,1988,maize,346.0,346.0,0.0
AO,Angola,1988,rice,136.0,0.0,0.0
AO,Angola,1988,wheat,133.0,133.0,0.0
AO,Angola,1989,maize,296.0,296.0,0.0
AO,Angola,1989,rice,111.0,0.0,0.0
AO,Angola,1989,wheat,139.0,139.0,0.0
AO,Angola,1990,maize,355.0,355.0,0.0
AO,Angola,1990,rice,135.0,0.0,0.0
AO,Angola,1990,wheat,133.0,133.0,0.0
AO,Angola,1991,maize,449.0,449.0,0.0
AO,Angola,1991,rice,105.0,0.0,0.0
AO,Angola,1991,wheat,135.0,135.0,0.0
AO,Angola,1992,maize,322.0,322.0,0.0
AO,Angola,1992,rice,93.0,0.0,0.0
AO,Angola,1992,wheat,141.0,141.0,0.0
AO,Angola,1993,maize,377.0,377.0,0.0
AO,Angola,1993,rice,73.0,0.0,0.0
AO,Angola,1993,wheat,197.0,197.0,0.0
AO,Angola,1994,maize,365.0,365.0,0.0
AO,Angola,1994,rice,33.0,0.0,0.0
AO,Angola,1994,wheat,252.0,252.0,0.0
AO,Angola,1995,maize,475.0,475.0,0.0
AO,Angola,1995,rice,70.0,0.0,0.0
AO,Angola,1995,wheat,229.0,229.0,0.0
AO,Angola,1996,maize,463.0,463.0,0.0
AO,Angola,1996,rice,13.0,0.0,0.0
AO,Angola,1996,wheat,319.0,319.0,0.0
AO,Angola,1997,maize,458.0,458.0,0.0
AO,Angola,1997,rice,46.0,0.0,0.0
AO,Angola,1997,wheat,369.0,369.0,0.0
AO,Angola,1998,maize,575.0,575.0,0.0
AO,Angola,1998,rice,99.0,0.0,0.0
AO,Angola,1998,wheat,359.0,359.0,0.0
AO,Angola,1999,maize,525.0,525.0,0.0
AO,Angola,1999,rice,74.0,0.0,0.0
AO,Angola,1999,wheat,332.0,332.0,0.0
AO,Angola,2000,maize,509.0,509.0,0.0
AO,Angola,2000,rice,43.0,0.0,0.0
AO,Angola,2000,wheat,362.0,362.0,0.0
AO,Angola,2001,maize,503.0,503.0,0.0
AO,Angola,2001,rice,128.0,0.0,0.0
AO,Angola,2001,wheat,391.0,391.0,0.0
AO,Angola,2002,maize,699.0,699.0,0.0
AO,Angola,2002,rice,178.0,0.0,0.0
AO,Angola,2002,wheat,435.0,435.0,0.0
AO,Angola,2003,maize,712.0,712.0,0.0
AO,Angola,2003,rice,257.0,0.0,0.0
AO,Angola,2003,wheat,509.0,509.0,0.0
AO,Angola,2004,maize,641.0,641.0,0.0
AO,Angola,2004,rice,256.0,0.0,0.0
AO,Angola,2004,wheat,594.0,594.0,0.0
AO,Angola,2005,maize,800.0,800.0,0.0
AO,Angola,2005,rice,210.0,0.0,0.0
AO,Angola,2005,wheat,556.0,556.0,0.0
AO,Angola,2006,maize,540.0,540.0,0.0
AO,Angola,2006,rice,202.0,0.0,0.0
AO,Angola,2006,wheat,509.0,509.0,0.0
AO,Angola,2007,maize,600.0,500.0,100.0
AO,Angola,2007,rice,318.0,0.0,0.0
AO,Angola,2007,wheat,524.0,524.0,0.0
AO,Angola,2008,maize,750.0,650.0,100.0
AO,Angola,2008,rice,205.0,0.0,0.0
AO,Angola,2008,wheat,543.0,543.0,0.0
AO,Angola,2009,maize,1000.0,900.0,100.0
AO,Angola,2009,rice,218.0,0.0,0.0
AO,Angola,2009,wheat,583.0,583.0,0.0
AO,Angola,2010,maize,1000.0,900.0,100.0
AO,Angola,2010,rice,266.0,0.0,0.0
AO,Angola,2010,wheat,612.0,612.0,0.0
AO,Angola,2011,maize,1200.0,1100.0,100.0
AO,Angola,2011,rice,324.0,0.0,0.0
AO,Angola,2011,wheat,725.0,725.0,0.0
AO,Angola,2012,maize,600.0,500.0,100.0
AO,Angola,2012,rice,483.0,0.0,0.0
AO,Angola,2012,wheat,775.0,775.0,0.0
AO,Angola,2013,maize,1400.0,1200.0,200.0
AO,Angola,2013,rice,474.0,0.0,0.0
AO,Angola,2013,wheat,800.0,800.0,0.0
AO,Angola,2014,maize,1700.0,1400.0,300.0
AO,Angola,2014,rice,567.0,0.0,0.0
AO,Angola,2014,wheat,800.0,800.0,0.0
AO,Angola,2015,maize,1900.0,1500.0,400.0
AO,Angola,2015,rice,428.0,0.0,0.0
AO,Angola,2015,wheat,800.0,800.0,0.0
AO,Angola,2016,maize,2000.0,1600.0,400.0
AO,Angola,2016,rice,576.0,0.0,0.0
AO,Angola,2016,wheat,950.0,950.0,0.0
AO,Angola,2017,maize,2200.0,1700.0,500.0
AO,Angola,2017,rice,406.0,0.0,0.0
AO,Angola,2017,wheat,1000.0,1000.0,0.0
AO,Angola,2018,maize,2800.0,2200.0,600.0
AO,Angola,2018,rice,546.0,0.0,0.0
AO,Angola,2018,wheat,1050.0,1050.0,0.0
AO,Angola,2019,maize,2850.0,2200.0,650.0
AO,Angola,2019,rice,456.0,0.0,0.0
AO,Angola,2019,wheat,1075.0,1075.0,0.0
AO,Angola,2020,maize,2950.0,2300.0,650.0
AO,Angola,2020,rice,407.0,0.0,0.0
AO,Angola,2020,wheat,900.0,900.0,0.0
AO,Angola,2021,maize,3200.0,2500.0,700.0
AO,Angola,2021,rice,667.0,0.0,0.0
AO,Angola,2021,wheat,1200.0,1200.0,0.0
AO,Angola,2022,maize,3300.0,2500.0,800.0
AO,Angola,2022,rice,557.0,0.0,0.0
AO,Angola,2022,wheat,1000.0,1000.0,0.0
AO,Angola,2023,maize,3300.0,2500.0,800.0
AO,Angola,2023,rice,414.0,0.0,0.0
AO,Angola,2023,wheat,1000.0,1000.0,0.0
AO,Angola,2024,maize,3000.0,2500.0,500.0
AO,Angola,2024,rice,519.0,0.0,0.0
AO,Angola,2024,wheat,1500.0,1500.0,0.0
AO,Angola,2025,maize,3400.0,2600.0,800.0
AO,Angola,2025,rice,482.0,0.0,0.0
AO,Angola,2025,wheat,1450.0,1450.0,0.0
AO,Angola,2026,maize,3400.0,2600.0,800.0
AO,Angola,2026,rice,582.0,0.0,0.0
AO,Angola,2026,wheat,1450.0,1450.0,0.0
AR,Argentina,1960,maize,3076.0,331.0,2745.0
AR,Argentina,1960,rice,95.0,0.0,0.0
AR,Argentina,1960,wheat,3294.0,3159.0,135.0
AR,Argentina,1961,maize,2331.0,314.0,2017.0
AR,Argentina,1961,rice,90.0,0.0,0.0
AR,Argentina,1961,wheat,3529.0,3395.0,134.0
AR,Argentina,1962,maize,1624.0,352.0,1272.0
AR,Argentina,1962,rice,86.0,0.0,0.0
AR,Argentina,1962,wheat,3643.0,3505.0,138.0
AR,Argentina,1963,maize,2016.0,473.0,1543.0
AR,Argentina,1963,rice,101.0,0.0,0.0
AR,Argentina,1963,wheat,3771.0,3628.0,143.0
AR,Argentina,1964,maize,2447.0,501.0,1946.0
AR,Argentina,1964,rice,106.0,0.0,0.0
AR,Argentina,1964,wheat,3846.0,3700.0,146.0
AR,Argentina,1965,maize,3205.0,483.0,2722.0
AR,Argentina,1965,rice,106.0,0.0,0.0
AR,Argentina,1965,wheat,3658.0,3519.0,139.0
AR,Argentina,1966,maize,3781.0,558.0,3223.0
AR,Argentina,1966,rice,109.0,0.0,0.0
AR,Argentina,1966,wheat,4078.0,3923.0,155.0
AR,Argentina,1967,maize,3377.0,668.0,2709.0
AR,Argentina,1967,rice,111.0,0.0,0.0
AR,Argentina,1967,wheat,4393.0,4226.0,167.0
AR,Argentina,1968,maize,3103.0,743.0,2360.0
AR,Argentina,1968,rice,117.0,0.0,0.0
AR,Argentina,1968,wheat,3794.0,3650.0,144.0
AR,Argentina,1969,maize,3823.0,883.0,2940.0
AR,Argentina,1969,rice,148.0,0.0,0.0
AR,Argentina,1969,wheat,4768.0,4587.0,181.0
AR,Argentina,1970,maize,2977.0,532.0,2445.0
AR,Argentina,1970,rice,150.0,0.0,0.0
AR,Argentina,1970,wheat,4056.0,4025.0,31.0
AR,Argentina,1971,maize,3855.0,387.0,3468.0
AR,Argentina,1971,rice,165.0,0.0,0.0
AR,Argentina,1971,wheat,4356.0,4327.0,29.0
AR,Argentina,1972,maize,3936.0,1111.0,2825.0
AR,Argentina,1972,rice,135.0,0.0,0.0
AR,Argentina,1972,wheat,4301.0,4247.0,54.0
AR,Argentina,1973,maize,4457.0,1661.0,2796.0
AR,Argentina,1973,rice,130.0,0.0,0.0
AR,Argentina,1973,wheat,4221.0,4171.0,50.0
AR,Argentina,1974,maize,3632.0,1420.0,2212.0
AR,Argentina,1974,rice,141.0,0.0,0.0
AR,Argentina,1974,wheat,4498.0,4309.0,189.0
AR,Argentina,1975,maize,2863.0,300.0,2563.0
AR,Argentina,1975,rice,140.0,0.0,0.0
AR,Argentina,1975,wheat,5380.0,4398.0,982.0
AR,Argentina,1976,maize,3401.0,300.0,3101.0
AR,Argentina,1976,rice,66.0,0.0,0.0
AR,Argentina,1976,wheat,4242.0,3700.0,542.0
AR,Argentina,1977,maize,3533.0,283.0,3250.0
AR,Argentina,1977,rice,112.0,0.0,0.0
AR,Argentina,1977,wheat,4349.0,4149.0,200.0
AR,Argentina,1978,maize,3296.0,246.0,3050.0
AR,Argentina,1978,rice,120.0,0.0,0.0
AR,Argentina,1978,wheat,4093.0,3993.0,100.0
AR,Argentina,1979,maize,3048.0,248.0,2800.0
AR,Argentina,1979,rice,100.0,0.0,0.0
AR,Argentina,1979,wheat,4020.0,3820.0,200.0
AR,Argentina,1980,maize,3700.0,300.0,3400.0
AR,Argentina,1980,rice,100.0,0.0,0.0
AR,Argentina,1980,wheat,3950.0,3800.0,150.0
AR,Argentina,1981,maize,3500.0,300.0,3200.0
AR,Argentina,1981,rice,115.0,0.0,0.0
AR,Argentina,1981,wheat,4300.0,4150.0,150.0
AR,Argentina,1982,maize,3200.0,300.0,2900.0
AR,Argentina,1982,rice,110.0,0.0,0.0
AR,Argentina,1982,wheat,4849.0,4649.0,200.0
AR,Argentina,1983,maize,4250.0,350.0,3900.0
AR,Argentina,1983,rice,125.0,0.0,0.0
AR,Argentina,1983,wheat,4700.0,4550.0,150.0
AR,Argentina,1984,maize,4475.0,675.0,3800.0
AR,Argentina,1984,rice,125.0,0.0,0.0
AR,Argentina,1984,wheat,4600.0,4525.0,75.0
AR,Argentina,1985,maize,5000.0,300.0,4700.0
AR,Argentina,1985,rice,139.0,0.0,0.0
AR,Argentina,1985,wheat,4400.0,4325.0,75.0
AR,Argentina,1986,maize,5250.0,600.0,4650.0
AR,Argentina,1986,rice,125.0,0.0,0.0
AR,Argentina,1986,wheat,4539.0,4539.0,0.0
AR,Argentina,1987,maize,4666.0,66.0,4600.0
AR,Argentina,1987,rice,200.0,0.0,0.0
AR,Argentina,1987,wheat,4500.0,4400.0,100.0
AR,Argentina,1988,maize,3000.0,1000.0,2000.0
AR,Argentina,1988,rice,208.0,0.0,0.0
AR,Argentina,1988,wheat,4700.0,4600.0,100.0
AR,Argentina,1989,maize,2900.0,900.0,2000.0
AR,Argentina,1989,rice,210.0,0.0,0.0
AR,Argentina,1989,wheat,4540.0,4440.0,100.0
AR,Argentina,1990,maize,3303.0,1100.0,2203.0
AR,Argentina,1990,rice,219.0,0.0,0.0
AR,Argentina,1990,wheat,4530.0,4330.0,200.0
AR,Argentina,1991,maize,4401.0,1500.0,2901.0
AR,Argentina,1991,rice,180.0,0.0,0.0
AR,Argentina,1991,wheat,4578.0,4528.0,50.0
AR,Argentina,1992,maize,5102.0,1501.0,3601.0
AR,Argentina,1992,rice,175.0,0.0,0.0
AR,Argentina,1992,wheat,4265.0,4215.0,50.0
AR,Argentina,1993,maize,5766.0,1516.0,4250.0
AR,Argentina,1993,rice,189.0,0.0,0.0
AR,Argentina,1993,wheat,4298.0,4148.0,150.0
AR,Argentina,1994,maize,5479.0,1501.0,3978.0
AR,Argentina,1994,rice,200.0,0.0,0.0
AR,Argentina,1994,wheat,4314.0,4164.0,150.0
AR,Argentina,1995,maize,4308.0,1501.0,2807.0
AR,Argentina,1995,rice,210.0,0.0,0.0
AR,Argentina,1995,wheat,4165.0,4015.0,150.0
AR,Argentina,1996,maize,4323.0,1546.0,2777.0
AR,Argentina,1996,rice,215.0,0.0,0.0
AR,Argentina,1996,wheat,4895.0,4887.0,8.0
AR,Argentina,1997,maize,6350.0,1650.0,4700.0
AR,Argentina,1997,rice,220.0,0.0,0.0
AR,Argentina,1997,wheat,4796.0,4782.0,14.0
AR,Argentina,1998,maize,6450.0,1600.0,4850.0
AR,Argentina,1998,rice,225.0,0.0,0.0
AR,Argentina,1998,wheat,5150.0,5050.0,100.0
AR,Argentina,1999,maize,5520.0,1520.0,4000.0
AR,Argentina,1999,rice,230.0,0.0,0.0
AR,Argentina,1999,wheat,5050.0,4950.0,100.0
AR,Argentina,2000,maize,5600.0,1700.0,3900.0
AR,Argentina,2000,rice,325.0,0.0,0.0
AR,Argentina,2000,wheat,5100.0,5000.0,100.0
AR,Argentina,2001,maize,4150.0,1500.0,2650.0
AR,Argentina,2001,rice,325.0,0.0,0.0
AR,Argentina,2001,wheat,5150.0,5050.0,100.0
AR,Argentina,2002,maize,4100.0,1600.0,2500.0
AR,Argentina,2002,rice,325.0,0.0,0.0
AR,Argentina,2002,wheat,5300.0,5200.0,100.0
AR,Argentina,2003,maize,4400.0,1600.0,2800.0
AR,Argentina,2003,rice,350.0,0.0,0.0
AR,Argentina,2003,wheat,5350.0,5250.0,100.0
AR,Argentina,2004,maize,5200.0,1700.0,3500.0
AR,Argentina,2004,rice,375.0,0.0,0.0
AR,Argentina,2004,wheat,5350.0,5250.0,100.0
AR,Argentina,2005,maize,6200.0,1800.0,4400.0
AR,Argentina,2005,rice,325.0,0.0,0.0
AR,Argentina,2005,wheat,5075.0,5050.0,25.0
AR,Argentina,2006,maize,6700.0,1900.0,4800.0
AR,Argentina,2006,rice,325.0,0.0,0.0
AR,Argentina,2006,wheat,5350.0,5250.0,100.0
AR,Argentina,2007,maize,6800.0,1900.0,4900.0
AR,Argentina,2007,rice,325.0,0.0,0.0
AR,Argentina,2007,wheat,5650.0,5550.0,100.0
AR,Argentina,2008,maize,6400.0,1900.0,4500.0
AR,Argentina,2008,rice,330.0,0.0,0.0
AR,Argentina,2008,wheat,5325.0,5300.0,25.0
AR,Argentina,2009,maize,6900.0,1900.0,5000.0
AR,Argentina,2009,rice,310.0,0.0,0.0
AR,Argentina,2009,wheat,5825.0,5800.0,25.0
AR,Argentina,2010,maize,7300.0,2000.0,5300.0
AR,Argentina,2010,rice,380.0,0.0,0.0
AR,Argentina,2010,wheat,5950.0,5850.0,100.0
AR,Argentina,2011,maize,7000.0,2200.0,4800.0
AR,Argentina,2011,rice,400.0,0.0,0.0
AR,Argentina,2011,wheat,5950.0,5850.0,100.0
AR,Argentina,2012,maize,11300.0,2800.0,8500.0
AR,Argentina,2012,rice,430.0,0.0,0.0
AR,Argentina,2012,wheat,6200.0,5900.0,300.0
AR,Argentina,2013,maize,14300.0,3300.0,11000.0
AR,Argentina,2013,rice,470.0,0.0,0.0
AR,Argentina,2013,wheat,6050.0,5950.0,100.0
AR,Argentina,2014,maize,13500.0,3500.0,10000.0
AR,Argentina,2014,rice,510.0,0.0,0.0
AR,Argentina,2014,wheat,6350.0,6050.0,300.0
AR,Argentina,2015,maize,13700.0,3500.0,10200.0
AR,Argentina,2015,rice,500.0,0.0,0.0
AR,Argentina,2015,wheat,5700.0,5500.0,200.0
AR,Argentina,2016,maize,14800.0,3800.0,11000.0
AR,Argentina,2016,rice,500.0,0.0,0.0
AR,Argentina,2016,wheat,5150.0,5100.0,50.0
AR,Argentina,2017,maize,15900.0,3900.0,12000.0
AR,Argentina,2017,rice,500.0,0.0,0.0
AR,Argentina,2017,wheat,5550.0,5500.0,50.0
AR,Argentina,2018,maize,16600.0,4100.0,12500.0
AR,Argentina,2018,rice,500.0,0.0,0.0
AR,Argentina,2018,wheat,6050.0,6000.0,50.0
AR,Argentina,2019,maize,16900.0,4100.0,12800.0
AR,Argentina,2019,rice,500.0,0.0,0.0
AR,Argentina,2019,wheat,6250.0,6200.0,50.0
AR,Argentina,2020,maize,16800.0,4100.0,12700.0
AR,Argentina,2020,rice,495.0,0.0,0.0
AR,Argentina,2020,wheat,6250.0,6200.0,50.0
AR,Argentina,2021,maize,15700.0,4200.0,11500.0
AR,Argentina,2021,rice,485.0,0.0,0.0
AR,Argentina,2021,wheat,6550.0,6300.0,250.0
AR,Argentina,2022,maize,14200.0,4200.0,10000.0
AR,Argentina,2022,rice,475.0,0.0,0.0
AR,Argentina,2022,wheat,6850.0,6600.0,250.0
AR,Argentina,2023,maize,15200.0,4200.0,11000.0
AR,Argentina,2023,rice,500.0,0.0,0.0
AR,Argentina,2023,wheat,7050.0,6800.0,250.0
AR,Argentina,2024,maize,17100.0,4400.0,12700.0
AR,Argentina,2024,rice,510.0,0.0,0.0
AR,Argentina,2024,wheat,7150.0,6900.0,250.0
AR,Argentina,2025,maize,18600.0,4600.0,14000.0
AR,Argentina,2025,rice,515.0,0.0,0.0
AR,Argentina,2025,wheat,7600.0,7100.0,500.0
AR,Argentina,2026,maize,17700.0,4700.0,13000.0
AR,Argentina,2026,rice,510.0,0.0,0.0
AR,Argentina,2026,wheat,7450.0,7200.0,250.0
AS,Australia,1960,maize,159.0,56.0,103.0
AS,Australia,1960,rice,35.0,0.0,0.0
AS,Australia,1960,wheat,1982.0,1394.0,588.0
AS,Australia,1961,maize,171.0,60.0,111.0
AS,Australia,1961,rice,36.0,0.0,0.0
AS,Australia,1961,wheat,1959.0,1485.0,474.0
AS,Australia,1962,maize,189.0,66.0,123.0
AS,Australia,1962,rice,37.0,0.0,0.0
AS,Australia,1962,wheat,2053.0,1648.0,405.0
AS,Australia,1963,maize,175.0,61.0,114.0
AS,Australia,1963,rice,35.0,0.0,0.0
AS,Australia,1963,wheat,2018.0,1599.0,419.0
AS,Australia,1964,maize,177.0,62.0,115.0
AS,Australia,1964,rice,36.0,0.0,0.0
AS,Australia,1964,wheat,2607.0,1663.0,944.0
AS,Australia,1965,maize,139.0,49.0,90.0
AS,Australia,1965,rice,40.0,0.0,0.0
AS,Australia,1965,wheat,2591.0,1870.0,721.0
AS,Australia,1966,maize,173.0,64.0,109.0
AS,Australia,1966,rice,45.0,0.0,0.0
AS,Australia,1966,wheat,2460.0,1859.0,601.0
AS,Australia,1967,maize,182.0,64.0,118.0
AS,Australia,1967,rice,54.0,0.0,0.0
AS,Australia,1967,wheat,2672.0,1910.0,762.0
AS,Australia,1968,maize,154.0,55.0,99.0
AS,Australia,1968,rice,60.0,0.0,0.0
AS,Australia,1968,wheat,2584.0,2135.0,449.0
AS,Australia,1969,maize,160.0,57.0,103.0
AS,Australia,1969,rice,65.0,0.0,0.0
AS,Australia,1969,wheat,2540.0,1800.0,740.0
AS,Australia,1970,maize,167.0,46.0,121.0
AS,Australia,1970,rice,72.0,0.0,0.0
AS,Australia,1970,wheat,2625.0,1972.0,653.0
AS,Australia,1971,maize,221.0,46.0,175.0
AS,Australia,1971,rice,67.0,0.0,0.0
AS,Australia,1971,wheat,2899.0,2077.0,822.0
AS,Australia,1972,maize,154.0,45.0,109.0
AS,Australia,1972,rice,80.0,0.0,0.0
AS,Australia,1972,wheat,3328.0,2089.0,1239.0
AS,Australia,1973,maize,116.0,44.0,72.0
AS,Australia,1973,rice,92.0,0.0,0.0
AS,Australia,1973,wheat,3539.0,2313.0,1226.0
AS,Australia,1974,maize,107.0,34.0,73.0
AS,Australia,1974,rice,37.0,0.0,0.0
AS,Australia,1974,wheat,3119.0,2119.0,1000.0
AS,Australia,1975,maize,115.0,56.0,59.0
AS,Australia,1975,rice,55.0,0.0,0.0
AS,Australia,1975,wheat,2312.0,962.0,1350.0
AS,Australia,1976,maize,118.0,61.0,57.0
AS,Australia,1976,rice,56.0,0.0,0.0
AS,Australia,1976,wheat,2843.0,1593.0,1250.0
AS,Australia,1977,maize,112.0,58.0,54.0
AS,Australia,1977,rice,58.0,0.0,0.0
AS,Australia,1977,wheat,2629.0,1349.0,1280.0
AS,Australia,1978,maize,119.0,63.0,56.0
AS,Australia,1978,rice,60.0,0.0,0.0
AS,Australia,1978,wheat,2531.0,1281.0,1250.0
AS,Australia,1979,maize,130.0,62.0,68.0
AS,Australia,1979,rice,62.0,0.0,0.0
AS,Australia,1979,wheat,3369.0,1441.0,1928.0
AS,Australia,1980,maize,161.0,55.0,106.0
AS,Australia,1980,rice,65.0,0.0,0.0
AS,Australia,1980,wheat,3503.0,1489.0,2014.0
AS,Australia,1981,maize,265.0,139.0,126.0
AS,Australia,1981,rice,66.0,0.0,0.0
AS,Australia,1981,wheat,2620.0,1201.0,1419.0
AS,Australia,1982,maize,170.0,79.0,91.0
AS,Australia,1982,rice,73.0,0.0,0.0
AS,Australia,1982,wheat,3326.0,885.0,2441.0
AS,Australia,1983,maize,150.0,40.0,110.0
AS,Australia,1983,rice,71.0,0.0,0.0
AS,Australia,1983,wheat,3143.0,1885.0,1258.0
AS,Australia,1984,maize,203.0,73.0,130.0
AS,Australia,1984,rice,74.0,0.0,0.0
AS,Australia,1984,wheat,3568.0,2168.0,1400.0
AS,Australia,1985,maize,168.0,28.0,140.0
AS,Australia,1985,rice,75.0,0.0,0.0
AS,Australia,1985,wheat,2864.0,1514.0,1350.0
AS,Australia,1986,maize,119.0,44.0,75.0
AS,Australia,1986,rice,81.0,0.0,0.0
AS,Australia,1986,wheat,2657.0,1157.0,1500.0
AS,Australia,1987,maize,189.0,108.0,81.0
AS,Australia,1987,rice,110.0,0.0,0.0
AS,Australia,1987,wheat,3552.0,1687.0,1865.0
AS,Australia,1988,maize,199.0,119.0,80.0
AS,Australia,1988,rice,160.0,0.0,0.0
AS,Australia,1988,wheat,2929.0,1979.0,950.0
AS,Australia,1989,maize,191.0,96.0,95.0
AS,Australia,1989,rice,172.0,0.0,0.0
AS,Australia,1989,wheat,3023.0,2023.0,1000.0
AS,Australia,1990,maize,188.0,66.0,122.0
AS,Australia,1990,rice,212.0,0.0,0.0
AS,Australia,1990,wheat,3536.0,2036.0,1500.0
AS,Australia,1991,maize,264.0,86.0,178.0
AS,Australia,1991,rice,250.0,0.0,0.0
AS,Australia,1991,wheat,3429.0,2063.0,1366.0
AS,Australia,1992,maize,187.0,91.0,96.0
AS,Australia,1992,rice,267.0,0.0,0.0
AS,Australia,1992,wheat,4212.0,2318.0,1894.0
AS,Australia,1993,maize,193.0,118.0,75.0
AS,Australia,1993,rice,262.0,0.0,0.0
AS,Australia,1993,wheat,4108.0,2348.0,1760.0
AS,Australia,1994,maize,329.0,129.0,200.0
AS,Australia,1994,rice,294.0,0.0,0.0
AS,Australia,1994,wheat,3907.0,2274.0,1633.0
AS,Australia,1995,maize,312.0,137.0,175.0
AS,Australia,1995,rice,302.0,0.0,0.0
AS,Australia,1995,wheat,3669.0,2591.0,1078.0
AS,Australia,1996,maize,385.0,160.0,225.0
AS,Australia,1996,rice,307.0,0.0,0.0
AS,Australia,1996,wheat,3332.0,2615.0,717.0
AS,Australia,1997,maize,263.0,163.0,100.0
AS,Australia,1997,rice,313.0,0.0,0.0
AS,Australia,1997,wheat,4001.0,2650.0,1351.0
AS,Australia,1998,maize,301.0,166.0,135.0
AS,Australia,1998,rice,333.0,0.0,0.0
AS,Australia,1998,wheat,4530.0,2699.0,1831.0
AS,Australia,1999,maize,355.0,100.0,255.0
AS,Australia,1999,rice,345.0,0.0,0.0
AS,Australia,1999,wheat,5227.0,2749.0,2478.0
AS,Australia,2000,maize,300.0,100.0,200.0
AS,Australia,2000,rice,356.0,0.0,0.0
AS,Australia,2000,wheat,5328.0,2728.0,2600.0
AS,Australia,2001,maize,390.0,100.0,290.0
AS,Australia,2001,rice,360.0,0.0,0.0
AS,Australia,2001,wheat,5427.0,2727.0,2700.0
AS,Australia,2002,maize,290.0,100.0,190.0
AS,Australia,2002,rice,370.0,0.0,0.0
AS,Australia,2002,wheat,6125.0,2725.0,3400.0
AS,Australia,2003,maize,380.0,110.0,270.0
AS,Australia,2003,rice,380.0,0.0,0.0
AS,Australia,2003,wheat,5950.0,2750.0,3200.0
AS,Australia,2004,maize,335.0,110.0,225.0
AS,Australia,2004,rice,348.0,0.0,0.0
AS,Australia,2004,wheat,6000.0,2800.0,3200.0
AS,Australia,2005,maize,370.0,110.0,260.0
AS,Australia,2005,rice,400.0,0.0,0.0
AS,Australia,2005,wheat,6550.0,2850.0,3700.0
AS,Australia,2006,maize,265.0,115.0,150.0
AS,Australia,2006,rice,435.0,0.0,0.0
AS,Australia,2006,wheat,7400.0,2900.0,4500.0
AS,Australia,2007,maize,320.0,120.0,200.0
AS,Australia,2007,rice,343.0,0.0,0.0
AS,Australia,2007,wheat,6615.0,3115.0,3500.0
AS,Australia,2008,maize,350.0,125.0,225.0
AS,Australia,2008,rice,270.0,0.0,0.0
AS,Australia,2008,wheat,7415.0,3265.0,4150.0
AS,Australia,2009,maize,325.0,125.0,200.0
AS,Australia,2009,rice,291.0,0.0,0.0
AS,Australia,2009,wheat,5170.0,3270.0,1900.0
AS,Australia,2010,maize,325.0,125.0,200.0
AS,Australia,2010,rice,308.0,0.0,0.0
AS,Australia,2010,wheat,5815.0,3315.0,2500.0
AS,Australia,2011,maize,350.0,125.0,225.0
AS,Australia,2011,rice,325.0,0.0,0.0
AS,Australia,2011,wheat,6505.0,3305.0,3200.0
AS,Australia,2012,maize,375.0,125.0,250.0
AS,Australia,2012,rice,350.0,0.0,0.0
AS,Australia,2012,wheat,6740.0,3340.0,3400.0
AS,Australia,2013,maize,325.0,125.0,200.0
AS,Australia,2013,rice,357.0,0.0,0.0
AS,Australia,2013,wheat,6950.0,3350.0,3600.0
AS,Australia,2014,maize,425.0,125.0,300.0
AS,Australia,2014,rice,364.0,0.0,0.0
AS,Australia,2014,wheat,7200.0,3400.0,3800.0
AS,Australia,2015,maize,350.0,125.0,225.0
AS,Australia,2015,rice,370.0,0.0,0.0
AS,Australia,2015,wheat,7125.0,3425.0,3700.0
AS,Australia,2016,maize,355.0,125.0,230.0
AS,Australia,2016,rice,385.0,0.0,0.0
AS,Australia,2016,wheat,7450.0,3450.0,4000.0
AS,Australia,2017,maize,340.0,120.0,220.0
AS,Australia,2017,rice,365.0,0.0,0.0
AS,Australia,2017,wheat,8475.0,3475.0,5000.0
AS,Australia,2018,maize,285.0,120.0,165.0
AS,Australia,2018,rice,340.0,0.0,0.0
AS,Australia,2018,wheat,9200.0,3500.0,5700.0
AS,Australia,2019,maize,238.0,120.0,118.0
AS,Australia,2019,rice,310.0,0.0,0.0
AS,Australia,2019,wheat,8000.0,3500.0,4500.0
AS,Australia,2020,maize,220.0,120.0,100.0
AS,Australia,2020,rice,340.0,0.0,0.0
AS,Australia,2020,wheat,8025.0,3525.0,4500.0
AS,Australia,2021,maize,335.0,120.0,215.0
AS,Australia,2021,rice,370.0,0.0,0.0
AS,Australia,2021,wheat,8500.0,3500.0,5000.0
AS,Australia,2022,maize,320.0,120.0,200.0
AS,Australia,2022,rice,390.0,0.0,0.0
AS,Australia,2022,wheat,8000.0,3500.0,4500.0
AS,Australia,2023,maize,290.0,120.0,170.0
AS,Australia,2023,rice,400.0,0.0,0.0
AS,Australia,2023,wheat,8300.0,3500.0,4800.0
AS,Australia,2024,maize,315.0,120.0,195.0
AS,Australia,2024,rice,410.0,0.0,0.0
AS,Australia,2024,wheat,9100.0,3500.0,5600.0
AS,Australia,2025,maize,285.0,120.0,165.0
AS,Australia,2025,rice,405.0,0.0,0.0
AS,Australia,2025,wheat,10600.0,3600.0,7000.0
AS,Australia,2026,maize,300.0,120.0,180.0
AS,Australia,2026,rice,405.0,0.0,0.0
AS,Australia,2026,wheat,8650.0,3650.0,5000.0
BA,Bahrain,1980,wheat,27.0,27.0,0.0
BA,Bahrain,1981,wheat,30.0,30.0,0.0
BA,Bahrain,1982,wheat,22.0,22.0,0.0
BA,Bahrain,1983,wheat,39.0,39.0,0.0
BA,Bahrain,1984,wheat,55.0,55.0,0.0
BA,Bahrain,1985,wheat,34.0,34.0,0.0
BA,Bahrain,1986,wheat,54.0,54.0,0.0
BA,Bahrain,1987,wheat,32.0,32.0,0.0
BA,Bahrain,1988,wheat,45.0,45.0,0.0
BA,Bahrain,1989,wheat,57.0,57.0,0.0
BA,Bahrain,1990,wheat,8.0,8.0,0.0
BA,Bahrain,1991,wheat,43.0,43.0,0.0
BA,Bahrain,1992,wheat,56.0,56.0,0.0
BA,Bahrain,1993,wheat,63.0,63.0,0.0
BA,Bahrain,1994,wheat,35.0,35.0,0.0
BA,Bahrain,1995,wheat,56.0,56.0,0.0
BA,Bahrain,1996,wheat,56.0,56.0,0.0
BA,Bahrain,1997,wheat,60.0,60.0,0.0
BA,Bahrain,1998,wheat,56.0,56.0,0.0
BA,Bahrain,1999,wheat,43.0,43.0,0.0
BA,Bahrain,2000,wheat,31.0,31.0,0.0
BA,Bahrain,2001,wheat,31.0,31.0,0.0
BA,Bahrain,2002,wheat,50.0,50.0,0.0
BA,Bahrain,2003,wheat,29.0,29.0,0.0
BA,Bahrain,2004,wheat,33.0,33.0,0.0
BA,Bahrain,2005,wheat,48.0,48.0,0.0
BA,Bahrain,2006,wheat,20.0,20.0,0.0
BA,Bahrain,2007,wheat,14.0,14.0,0.0
BA,Bahrain,2008,wheat,61.0,61.0,0.0
BA,Bahrain,2009,wheat,90.0,90.0,0.0
BA,Bahrain,2010,wheat,66.0,66.0,0.0
BA,Bahrain,2011,wheat,87.0,87.0,0.0
BA,Bahrain,2012,wheat,45.0,45.0,0.0
BA,Bahrain,2013,wheat,94.0,94.0,0.0
BA,Bahrain,2014,wheat,100.0,100.0,0.0
BA,Bahrain,2015,wheat,115.0,115.0,0.0
BA,Bahrain,2016,wheat,115.0,115.0,0.0
BA,Bahrain,2017,wheat,135.0,135.0,0.0
BA,Bahrain,2018,wheat,140.0,140.0,0.0
BA,Bahrain,2019,wheat,130.0,130.0,0.0
BA,Bahrain,2020,wheat,116.0,116.0,0.0
BA,Bahrain,2021,wheat,138.0,138.0,0.0
BA,Bahrain,2022,wheat,148.0,148.0,0.0
BA,Bahrain,2023,wheat,160.0,160.0,0.0
BA,Bahrain,2024,wheat,160.0,160.0,0.0
BA,Bahrain,2025,wheat,150.0,150.0,0.0
BA,Bahrain,2026,wheat,160.0,160.0,0.0
BB,Barbados,1982,wheat,16.0,16.0,0.0
BB,Barbados,1983,wheat,18.0,18.0,0.0
BB,Barbados,1984,wheat,23.0,23.0,0.0
BB,Barbados,1985,wheat,19.0,19.0,0.0
BB,Barbados,1986,wheat,24.0,24.0,0.0
BB,Barbados,1987,wheat,20.0,20.0,0.0
BB,Barbados,1988,wheat,31.0,31.0,0.0
BB,Barbados,1989,wheat,27.0,27.0,0.0
BB,Barbados,1990,wheat,24.0,24.0,0.0
BB,Barbados,1991,wheat,23.0,23.0,0.0
BB,Barbados,1992,wheat,20.0,20.0,0.0
BB,Barbados,1993,wheat,20.0,20.0,0.0
BB,Barbados,1994,wheat,22.0,22.0,0.0
BB,Barbados,1995,wheat,26.0,26.0,0.0
BB,Barbados,1996,wheat,23.0,23.0,0.0
BB,Barbados,1997,wheat,27.0,27.0,0.0
BB,Barbados,1998,wheat,25.0,25.0,0.0
BB,Barbados,1999,wheat,17.0,17.0,0.0
BB,Barbados,2000,wheat,22.0,22.0,0.0
BB,Barbados,2001,wheat,22.0,22.0,0.0
BB,Barbados,2002,wheat,23.0,23.0,0.0
BB,Barbados,2003,wheat,34.0,34.0,0.0
BB,Barbados,2004,wheat,26.0,26.0,0.0
BB,Barbados,2005,wheat,24.0,24.0,0.0
BB,Barbados,2006,wheat,23.0,23.0,0.0
BB,Barbados,2007,wheat,25.0,25.0,0.0
BB,Barbados,2008,wheat,18.0,18.0,0.0
BB,Barbados,2009,wheat,23.0,23.0,0.0
BB,Barbados,2010,wheat,15.0,15.0,0.0
BB,Barbados,2011,wheat,21.0,21.0,0.0
BB,Barbados,2012,wheat,17.0,17.0,0.0
BB,Barbados,2013,wheat,23.0,23.0,0.0
BB,Barbados,2014,wheat,21.0,21.0,0.0
BB,Barbados,2015,wheat,22.0,22.0,0.0
BB,Barbados,2016,wheat,19.0,19.0,0.0
BB,Barbados,2017,wheat,19.0,19.0,0.0
BB,Barbados,2018,wheat,21.0,21.0,0.0
BB,Barbados,2019,wheat,25.0,25.0,0.0
BB,Barbados,2020,wheat,18.0,18.0,0.0
BB,Barbados,2021,wheat,6.0,6.0,0.0
BB,Barbados,2022,wheat,20.0,20.0,0.0
BC,Botswana,1960,maize,17.0,17.0,0.0
BC,Botswana,1961,maize,17.0,17.0,0.0
BC,Botswana,1962,maize,16.0,16.0,0.0
BC,Botswana,1963,maize,16.0,16.0,0.0
BC,Botswana,1964,maize,11.0,11.0,0.0
BC,Botswana,1965,maize,17.0,17.0,0.0
BC,Botswana,1966,maize,45.0,45.0,0.0
BC,Botswana,1967,maize,22.0,22.0,0.0
BC,Botswana,1968,maize,21.0,21.0,0.0
BC,Botswana,1969,maize,29.0,29.0,0.0
BC,Botswana,1971,maize,28.0,28.0,0.0
BC,Botswana,1972,maize,37.0,37.0,0.0
BC,Botswana,1973,maize,33.0,33.0,0.0
BC,Botswana,1974,maize,14.0,14.0,0.0
BC,Botswana,1975,maize,14.0,14.0,0.0
BC,Botswana,1976,maize,69.0,69.0,0.0
BC,Botswana,1977,maize,45.0,45.0,0.0
BC,Botswana,1978,maize,16.0,16.0,0.0
BC,Botswana,1979,maize,27.0,27.0,0.0
BC,Botswana,1980,maize,17.0,17.0,0.0
BC,Botswana,1981,maize,26.0,26.0,0.0
BC,Botswana,1982,maize,23.0,23.0,0.0
BC,Botswana,1983,maize,9.0,9.0,0.0
BC,Botswana,1984,maize,14.0,14.0,0.0
BC,Botswana,1985,maize,31.0,31.0,0.0
BC,Botswana,1986,maize,34.0,34.0,0.0
BC,Botswana,1987,maize,28.0,28.0,0.0
BC,Botswana,1988,maize,44.0,44.0,0.0
BC,Botswana,1989,maize,24.0,24.0,0.0
BC,Botswana,1990,maize,47.0,47.0,0.0
BC,Botswana,1991,maize,5.0,5.0,0.0
BC,Botswana,1992,maize,8.0,8.0,0.0
BC,Botswana,1993,maize,40.0,40.0,0.0
BC,Botswana,1994,maize,5.0,5.0,0.0
BC,Botswana,1995,maize,5.0,5.0,0.0
BC,Botswana,1996,maize,55.0,55.0,0.0
BC,Botswana,1997,maize,12.0,12.0,0.0
BC,Botswana,1998,maize,1.0,1.0,0.0
BC,Botswana,1999,maize,5.0,5.0,0.0
BC,Botswana,2000,maize,9.0,9.0,0.0
BC,Botswana,2001,maize,5.0,5.0,0.0
BC,Botswana,2002,maize,10.0,10.0,0.0
BC,Botswana,2003,maize,141.0,141.0,0.0
BC,Botswana,2004,maize,125.0,125.0,0.0
BC,Botswana,2005,maize,200.0,200.0,0.0
BC,Botswana,2006,maize,150.0,150.0,0.0
BC,Botswana,2007,maize,145.0,145.0,0.0
BC,Botswana,2008,maize,275.0,275.0,0.0
BC,Botswana,2009,maize,200.0,200.0,0.0
BC,Botswana,2010,maize,180.0,180.0,0.0
BC,Botswana,2011,maize,215.0,215.0,0.0
BC,Botswana,2012,maize,223.0,223.0,0.0
BC,Botswana,2013,maize,199.0,199.0,0.0
BC,Botswana,2014,maize,229.0,229.0,0.0
BC,Botswana,2015,maize,223.0,223.0,0.0
BC,Botswana,2016,maize,218.0,218.0,0.0
BC,Botswana,2017,maize,216.0,216.0,0.0
BC,Botswana,2018,maize,195.0,185.0,10.0
BC,Botswana,2019,maize,275.0,265.0,10.0
BC,Botswana,2020,maize,340.0,330.0,10.0
BC,Botswana,2021,maize,325.0,315.0,10.0
BC,Botswana,2022,maize,270.0,260.0,10.0
BC,Botswana,2023,maize,330.0,320.0,10.0
BC,Botswana,2024,maize,325.0,315.0,10.0
BC,Botswana,2025,maize,315.0,305.0,10.0
BC,Botswana,2026,maize,315.0,305.0,10.0
BG,Bangladesh,1960,rice,10080.0,0.0,0.0
BG,Bangladesh,1960,wheat,29.0,29.0,0.0
BG,Bangladesh,1961,rice,9981.0,0.0,0.0
BG,Bangladesh,1961,wheat,33.0,33.0,0.0
BG,Bangladesh,1962,rice,9144.0,0.0,0.0
BG,Bangladesh,1962,wheat,40.0,40.0,0.0
BG,Bangladesh,1963,rice,11198.0,0.0,0.0
BG,Bangladesh,1963,wheat,45.0,45.0,0.0
BG,Bangladesh,1964,rice,10740.0,0.0,0.0
BG,Bangladesh,1964,wheat,35.0,35.0,0.0
BG,Bangladesh,1965,rice,10695.0,0.0,0.0
BG,Bangladesh,1965,wheat,35.0,35.0,0.0
BG,Bangladesh,1966,rice,9996.0,0.0,0.0
BG,Bangladesh,1966,wheat,36.0,36.0,0.0
BG,Bangladesh,1967,rice,11538.0,0.0,0.0
BG,Bangladesh,1967,wheat,59.0,59.0,0.0
BG,Bangladesh,1968,rice,11499.0,0.0,0.0
BG,Bangladesh,1968,wheat,90.0,90.0,0.0
BG,Bangladesh,1969,rice,12321.0,0.0,0.0
BG,Bangladesh,1969,wheat,101.0,101.0,0.0
BG,Bangladesh,1970,rice,11490.0,0.0,0.0
BG,Bangladesh,1970,wheat,107.0,107.0,0.0
BG,Bangladesh,1971,rice,10613.0,0.0,0.0
BG,Bangladesh,1971,wheat,1183.0,1173.0,10.0
BG,Bangladesh,1972,rice,10418.0,0.0,0.0
BG,Bangladesh,1972,wheat,2511.0,2496.0,15.0
BG,Bangladesh,1973,rice,11950.0,0.0,0.0
BG,Bangladesh,1973,wheat,1670.0,1652.0,18.0
BG,Bangladesh,1974,rice,11571.0,0.0,0.0
BG,Bangladesh,1974,wheat,2110.0,2085.0,25.0
BG,Bangladesh,1975,rice,12839.0,0.0,0.0
BG,Bangladesh,1975,wheat,1250.0,1250.0,0.0
BG,Bangladesh,1976,rice,12266.0,0.0,0.0
BG,Bangladesh,1976,wheat,872.0,872.0,0.0
BG,Bangladesh,1977,rice,13060.0,0.0,0.0
BG,Bangladesh,1977,wheat,1698.0,1698.0,0.0
BG,Bangladesh,1978,rice,13157.0,0.0,0.0
BG,Bangladesh,1978,wheat,2770.0,2770.0,0.0
BG,Bangladesh,1979,rice,13242.0,0.0,0.0
BG,Bangladesh,1979,wheat,2531.0,2451.0,80.0
BG,Bangladesh,1980,rice,13590.0,0.0,0.0
BG,Bangladesh,1980,wheat,1997.0,1897.0,100.0
BG,Bangladesh,1981,rice,14113.0,0.0,0.0
BG,Bangladesh,1981,wheat,2357.0,2267.0,90.0
BG,Bangladesh,1982,rice,14571.0,0.0,0.0
BG,Bangladesh,1982,wheat,2546.0,2546.0,0.0
BG,Bangladesh,1983,rice,14890.0,0.0,0.0
BG,Bangladesh,1983,wheat,2702.0,2702.0,0.0
BG,Bangladesh,1984,rice,14925.0,0.0,0.0
BG,Bangladesh,1984,wheat,3530.0,3530.0,0.0
BG,Bangladesh,1985,rice,15201.0,0.0,0.0
BG,Bangladesh,1985,wheat,2125.0,2125.0,0.0
BG,Bangladesh,1986,rice,15789.0,0.0,0.0
BG,Bangladesh,1986,wheat,2815.0,2815.0,0.0
BG,Bangladesh,1987,rice,15800.0,0.0,0.0
BG,Bangladesh,1987,wheat,2923.0,2923.0,0.0
BG,Bangladesh,1988,rice,15897.0,0.0,0.0
BG,Bangladesh,1988,wheat,3204.0,3204.0,0.0
BG,Bangladesh,1989,rice,17674.0,0.0,0.0
BG,Bangladesh,1989,wheat,2316.0,2316.0,0.0
BG,Bangladesh,1990,rice,18153.0,0.0,0.0
BG,Bangladesh,1990,wheat,2221.0,2221.0,0.0
BG,Bangladesh,1991,rice,18138.0,0.0,0.0
BG,Bangladesh,1991,wheat,2551.0,2551.0,0.0
BG,Bangladesh,1992,rice,18586.0,0.0,0.0
BG,Bangladesh,1992,wheat,2138.0,2138.0,0.0
BG,Bangladesh,1993,rice,18300.0,0.0,0.0
BG,Bangladesh,1993,wheat,2241.0,2241.0,0.0
BG,Bangladesh,1994,rice,18267.0,0.0,0.0
BG,Bangladesh,1994,wheat,2738.0,2738.0,0.0
BG,Bangladesh,1995,rice,18366.0,0.0,0.0
BG,Bangladesh,1995,wheat,2558.0,2558.0,0.0
BG,Bangladesh,1996,rice,19139.0,0.0,0.0
BG,Bangladesh,1996,wheat,2257.0,2257.0,0.0
BG,Bangladesh,1997,rice,20062.0,0.0,0.0
BG,Bangladesh,1997,wheat,2489.0,2489.0,0.0
BG,Bangladesh,1998,rice,21854.0,0.0,0.0
BG,Bangladesh,1998,wheat,3839.0,3839.0,0.0
BG,Bangladesh,1999,rice,23766.0,0.0,0.0
BG,Bangladesh,1999,wheat,3412.0,3412.0,0.0
BG,Bangladesh,2000,rice,24958.0,0.0,0.0
BG,Bangladesh,2000,wheat,2866.0,2866.0,0.0
BG,Bangladesh,2001,rice,25553.0,0.0,0.0
BG,Bangladesh,2001,wheat,2950.0,2950.0,0.0
BG,Bangladesh,2002,rice,26100.0,0.0,0.0
BG,Bangladesh,2002,wheat,3000.0,3000.0,0.0
BG,Bangladesh,2003,rice,26700.0,0.0,0.0
BG,Bangladesh,2003,wheat,3050.0,3050.0,0.0
BG,Bangladesh,2004,rice,26900.0,0.0,0.0
BG,Bangladesh,2004,wheat,3000.0,3000.0,0.0
BG,Bangladesh,2005,rice,29000.0,0.0,0.0
BG,Bangladesh,2005,wheat,2950.0,2950.0,0.0
BG,Bangladesh,2006,rice,29764.0,0.0,0.0
BG,Bangladesh,2006,wheat,2800.0,2800.0,0.0
BG,Bangladesh,2007,rice,30747.0,0.0,0.0
BG,Bangladesh,2007,wheat,2800.0,2800.0,0.0
BG,Bangladesh,2008,rice,31200.0,0.0,0.0
BG,Bangladesh,2008,wheat,3300.0,3300.0,0.0
BG,Bangladesh,2009,maize,1900.0,300.0,1600.0
BG,Bangladesh,2009,rice,31600.0,0.0,0.0
BG,Bangladesh,2009,wheat,3700.0,3700.0,0.0
BG,Bangladesh,2010,maize,2300.0,300.0,2000.0
BG,Bangladesh,2010,rice,32400.0,0.0,0.0
BG,Bangladesh,2010,wheat,4100.0,4100.0,0.0
BG,Bangladesh,2011,maize,2450.0,300.0,2150.0
BG,Bangladesh,2011,rice,34300.0,0.0,0.0
BG,Bangladesh,2011,wheat,4000.0,4000.0,0.0
BG,Bangladesh,2012,maize,2300.0,300.0,2000.0
BG,Bangladesh,2012,rice,34500.0,0.0,0.0
BG,Bangladesh,2012,wheat,4000.0,4000.0,0.0
BG,Bangladesh,2013,maize,3000.0,300.0,2700.0
BG,Bangladesh,2013,rice,34900.0,0.0,0.0
BG,Bangladesh,2013,wheat,4400.0,4400.0,0.0
BG,Bangladesh,2014,maize,2750.0,300.0,2450.0
BG,Bangladesh,2014,rice,35100.0,0.0,0.0
BG,Bangladesh,2014,wheat,4900.0,4900.0,0.0
BG,Bangladesh,2015,maize,3400.0,300.0,3100.0
BG,Bangladesh,2015,rice,35100.0,0.0,0.0
BG,Bangladesh,2015,wheat,5800.0,5600.0,200.0
BG,Bangladesh,2016,maize,3600.0,300.0,3300.0
BG,Bangladesh,2016,rice,35000.0,0.0,0.0
BG,Bangladesh,2016,wheat,6925.0,6700.0,225.0
BG,Bangladesh,2017,maize,4700.0,300.0,4400.0
BG,Bangladesh,2017,rice,35200.0,0.0,0.0
BG,Bangladesh,2017,wheat,7150.0,6900.0,250.0
BG,Bangladesh,2018,maize,4900.0,300.0,4600.0
BG,Bangladesh,2018,rice,35400.0,0.0,0.0
BG,Bangladesh,2018,wheat,7175.0,6900.0,275.0
BG,Bangladesh,2019,maize,5300.0,300.0,5000.0
BG,Bangladesh,2019,rice,35700.0,0.0,0.0
BG,Bangladesh,2019,wheat,7500.0,7200.0,300.0
BG,Bangladesh,2020,maize,6900.0,400.0,6500.0
BG,Bangladesh,2020,rice,36100.0,0.0,0.0
BG,Bangladesh,2020,wheat,8000.0,7500.0,500.0
BG,Bangladesh,2021,maize,6900.0,400.0,6500.0
BG,Bangladesh,2021,rice,36500.0,0.0,0.0
BG,Bangladesh,2021,wheat,8250.0,7700.0,550.0
BG,Bangladesh,2022,maize,6900.0,400.0,6500.0
BG,Bangladesh,2022,rice,37300.0,0.0,0.0
BG,Bangladesh,2022,wheat,6700.0,6500.0,200.0
BG,Bangladesh,2023,maize,5850.0,400.0,5450.0
BG,Bangladesh,2023,rice,37600.0,0.0,0.0
BG,Bangladesh,2023,wheat,7300.0,7100.0,200.0
BG,Bangladesh,2024,maize,7100.0,400.0,6700.0
BG,Bangladesh,2024,rice,38000.0,0.0,0.0
BG,Bangladesh,2024,wheat,7400.0,7200.0,200.0
BG,Bangladesh,2025,maize,7500.0,400.0,7100.0
BG,Bangladesh,2025,rice,38600.0,0.0,0.0
BG,Bangladesh,2025,wheat,7800.0,7500.0,300.0
BG,Bangladesh,2026,maize,7650.0,400.0,7250.0
BG,Bangladesh,2026,rice,39000.0,0.0,0.0
BG,Bangladesh,2026,wheat,8000.0,7700.0,300.0
BK,Bosnia and Herzegovina,1990,rice,10.0,0.0,0.0
BK,Bosnia and Herzegovina,1991,rice,3.0,0.0,0.0
BK,Bosnia and Herzegovina,1992,maize,1100.0,100.0,1000.0
BK,Bosnia and Herzegovina,1992,rice,4.0,0.0,0.0
BK,Bosnia and Herzegovina,1992,wheat,520.0,361.0,159.0
BK,Bosnia and Herzegovina,1993,maize,750.0,105.0,645.0
BK,Bosnia and Herzegovina,1993,rice,6.0,0.0,0.0
BK,Bosnia and Herzegovina,1993,wheat,429.0,349.0,80.0
BK,Bosnia and Herzegovina,1994,maize,600.0,90.0,510.0
BK,Bosnia and Herzegovina,1994,rice,6.0,0.0,0.0
BK,Bosnia and Herzegovina,1994,wheat,390.0,312.0,78.0
BK,Bosnia and Herzegovina,1995,maize,630.0,98.0,532.0
BK,Bosnia and Herzegovina,1995,rice,6.0,0.0,0.0
BK,Bosnia and Herzegovina,1995,wheat,406.0,316.0,90.0
BK,Bosnia and Herzegovina,1996,maize,680.0,114.0,566.0
BK,Bosnia and Herzegovina,1996,rice,7.0,0.0,0.0
BK,Bosnia and Herzegovina,1996,wheat,451.0,331.0,120.0
BK,Bosnia and Herzegovina,1997,maize,894.0,94.0,800.0
BK,Bosnia and Herzegovina,1997,rice,8.0,0.0,0.0
BK,Bosnia and Herzegovina,1997,wheat,512.0,384.0,128.0
BK,Bosnia and Herzegovina,1998,maize,916.0,66.0,850.0
BK,Bosnia and Herzegovina,1998,rice,9.0,0.0,0.0
BK,Bosnia and Herzegovina,1998,wheat,576.0,429.0,147.0
BK,Bosnia and Herzegovina,1999,maize,940.0,125.0,815.0
BK,Bosnia and Herzegovina,1999,rice,1.0,0.0,0.0
BK,Bosnia and Herzegovina,1999,wheat,600.0,500.0,100.0
BK,Bosnia and Herzegovina,2000,maize,620.0,100.0,520.0
BK,Bosnia and Herzegovina,2000,rice,2.0,0.0,0.0
BK,Bosnia and Herzegovina,2000,wheat,700.0,550.0,150.0
BK,Bosnia and Herzegovina,2001,maize,950.0,100.0,850.0
BK,Bosnia and Herzegovina,2001,rice,3.0,0.0,0.0
BK,Bosnia and Herzegovina,2001,wheat,675.0,575.0,100.0
BK,Bosnia and Herzegovina,2002,maize,1050.0,100.0,950.0
BK,Bosnia and Herzegovina,2002,rice,11.0,0.0,0.0
BK,Bosnia and Herzegovina,2002,wheat,700.0,550.0,150.0
BK,Bosnia and Herzegovina,2003,maize,800.0,100.0,700.0
BK,Bosnia and Herzegovina,2003,rice,10.0,0.0,0.0
BK,Bosnia and Herzegovina,2003,wheat,600.0,550.0,50.0
BK,Bosnia and Herzegovina,2004,maize,1100.0,100.0,1000.0
BK,Bosnia and Herzegovina,2004,rice,10.0,0.0,0.0
BK,Bosnia and Herzegovina,2004,wheat,725.0,575.0,150.0
BK,Bosnia and Herzegovina,2005,maize,1325.0,125.0,1200.0
BK,Bosnia and Herzegovina,2005,rice,10.0,0.0,0.0
BK,Bosnia and Herzegovina,2005,wheat,675.0,575.0,100.0
BK,Bosnia and Herzegovina,2006,maize,1225.0,125.0,1100.0
BK,Bosnia and Herzegovina,2006,rice,3.0,0.0,0.0
BK,Bosnia and Herzegovina,2006,wheat,675.0,575.0,100.0
BK,Bosnia and Herzegovina,2007,maize,775.0,125.0,650.0
BK,Bosnia and Herzegovina,2007,rice,4.0,0.0,0.0
BK,Bosnia and Herzegovina,2007,wheat,650.0,550.0,100.0
BK,Bosnia and Herzegovina,2008,maize,1125.0,125.0,1000.0
BK,Bosnia and Herzegovina,2008,rice,3.0,0.0,0.0
BK,Bosnia and Herzegovina,2008,wheat,650.0,550.0,100.0
BK,Bosnia and Herzegovina,2009,maize,1125.0,125.0,1000.0
BK,Bosnia and Herzegovina,2009,rice,4.0,0.0,0.0
BK,Bosnia and Herzegovina,2009,wheat,650.0,550.0,100.0
BK,Bosnia and Herzegovina,2010,maize,1025.0,125.0,900.0
BK,Bosnia and Herzegovina,2010,rice,7.0,0.0,0.0
BK,Bosnia and Herzegovina,2010,wheat,575.0,525.0,50.0
BK,Bosnia and Herzegovina,2011,maize,925.0,125.0,800.0
BK,Bosnia and Herzegovina,2011,rice,5.0,0.0,0.0
BK,Bosnia and Herzegovina,2011,wheat,625.0,525.0,100.0
BK,Bosnia and Herzegovina,2012,maize,775.0,125.0,650.0
BK,Bosnia and Herzegovina,2012,rice,5.0,0.0,0.0
BK,Bosnia and Herzegovina,2012,wheat,625.0,525.0,100.0
BK,Bosnia and Herzegovina,2013,maize,925.0,125.0,800.0
BK,Bosnia and Herzegovina,2013,rice,5.0,0.0,0.0
BK,Bosnia and Herzegovina,2013,wheat,625.0,525.0,100.0
BK,Bosnia and Herzegovina,2014,maize,975.0,125.0,850.0
BK,Bosnia and Herzegovina,2014,rice,5.0,0.0,0.0
BK,Bosnia and Herzegovina,2014,wheat,600.0,525.0,75.0
BK,Bosnia and Herzegovina,2015,maize,1025.0,125.0,900.0
BK,Bosnia and Herzegovina,2015,rice,5.0,0.0,0.0
BK,Bosnia and Herzegovina,2015,wheat,630.0,530.0,100.0
BK,Bosnia and Herzegovina,2016,maize,1125.0,125.0,1000.0
BK,Bosnia and Herzegovina,2016,rice,5.0,0.0,0.0
BK,Bosnia and Herzegovina,2016,wheat,655.0,530.0,125.0
BK,Bosnia and Herzegovina,2017,maize,1125.0,125.0,1000.0
BK,Bosnia and Herzegovina,2017,wheat,620.0,520.0,100.0
BK,Bosnia and Herzegovina,2018,maize,1280.0,130.0,1150.0
BK,Bosnia and Herzegovina,2018,wheat,620.0,520.0,100.0
BK,Bosnia and Herzegovina,2019,maize,1430.0,130.0,1300.0
BK,Bosnia and Herzegovina,2019,wheat,620.0,520.0,100.0
BK,Bosnia and Herzegovina,2020,maize,1530.0,130.0,1400.0
BK,Bosnia and Herzegovina,2020,wheat,645.0,520.0,125.0
BK,Bosnia and Herzegovina,2021,maize,1270.0,130.0,1140.0
BK,Bosnia and Herzegovina,2021,wheat,615.0,515.0,100.0
BK,Bosnia and Herzegovina,2022,maize,780.0,100.0,680.0
BK,Bosnia and Herzegovina,2022,wheat,580.0,480.0,100.0
BK,Bosnia and Herzegovina,2023,maize,900.0,100.0,800.0
BK,Bosnia and Herzegovina,2023,wheat,590.0,490.0,100.0
BK,Bosnia and Herzegovina,2024,maize,925.0,100.0,825.0
BK,Bosnia and Herzegovina,2024,wheat,570.0,470.0,100.0
BK,Bosnia and Herzegovina,2025,maize,875.0,100.0,775.0
BK,Bosnia and Herzegovina,2025,wheat,590.0,490.0,100.0
BK,Bosnia and Herzegovina,2026,maize,900.0,100.0,800.0
BK,Bosnia and Herzegovina,2026,wheat,600.0,500.0,100.0
BL,Bolivia,1960,maize,260.0,135.0,125.0
BL,Bolivia,1960,rice,25.0,0.0,0.0
BL,Bolivia,1960,wheat,208.0,198.0,10.0
BL,Bolivia,1961,maize,252.0,128.0,124.0
BL,Bolivia,1961,rice,28.0,0.0,0.0
BL,Bolivia,1961,wheat,174.0,165.0,9.0
BL,Bolivia,1962,maize,265.0,138.0,127.0
BL,Bolivia,1962,rice,35.0,0.0,0.0
BL,Bolivia,1962,wheat,197.0,188.0,9.0
BL,Bolivia,1963,maize,270.0,140.0,130.0
BL,Bolivia,1963,rice,30.0,0.0,0.0
BL,Bolivia,1963,wheat,171.0,163.0,8.0
BL,Bolivia,1964,maize,280.0,184.0,96.0
BL,Bolivia,1964,rice,33.0,0.0,0.0
BL,Bolivia,1964,wheat,193.0,185.0,8.0
BL,Bolivia,1965,maize,277.0,144.0,133.0
BL,Bolivia,1965,rice,36.0,0.0,0.0
BL,Bolivia,1965,wheat,174.0,166.0,8.0
BL,Bolivia,1966,maize,269.0,140.0,129.0
BL,Bolivia,1966,rice,38.0,0.0,0.0
BL,Bolivia,1966,wheat,306.0,295.0,11.0
BL,Bolivia,1967,maize,278.0,145.0,133.0
BL,Bolivia,1967,rice,40.0,0.0,0.0
BL,Bolivia,1967,wheat,200.0,190.0,10.0
BL,Bolivia,1968,maize,288.0,150.0,138.0
BL,Bolivia,1968,rice,46.0,0.0,0.0
BL,Bolivia,1968,wheat,210.0,199.0,11.0
BL,Bolivia,1969,maize,290.0,151.0,139.0
BL,Bolivia,1969,rice,58.0,0.0,0.0
BL,Bolivia,1969,wheat,225.0,213.0,12.0
BL,Bolivia,1970,maize,287.0,153.0,134.0
BL,Bolivia,1970,rice,37.0,0.0,0.0
BL,Bolivia,1970,wheat,275.0,263.0,12.0
BL,Bolivia,1971,maize,300.0,156.0,144.0
BL,Bolivia,1971,rice,54.0,0.0,0.0
BL,Bolivia,1971,wheat,264.0,249.0,15.0
BL,Bolivia,1972,maize,269.0,141.0,128.0
BL,Bolivia,1972,rice,51.0,0.0,0.0
BL,Bolivia,1972,wheat,231.0,217.0,14.0
BL,Bolivia,1973,maize,276.0,130.0,146.0
BL,Bolivia,1973,rice,50.0,0.0,0.0
BL,Bolivia,1973,wheat,275.0,261.0,14.0
BL,Bolivia,1974,maize,276.0,169.0,107.0
BL,Bolivia,1974,rice,58.0,0.0,0.0
BL,Bolivia,1974,wheat,320.0,305.0,15.0
BL,Bolivia,1975,maize,338.0,168.0,170.0
BL,Bolivia,1975,rice,96.0,0.0,0.0
BL,Bolivia,1975,wheat,297.0,282.0,15.0
BL,Bolivia,1976,maize,305.0,145.0,160.0
BL,Bolivia,1976,rice,79.0,0.0,0.0
BL,Bolivia,1976,wheat,235.0,225.0,10.0
BL,Bolivia,1977,maize,337.0,162.0,175.0
BL,Bolivia,1977,rice,65.0,0.0,0.0
BL,Bolivia,1977,wheat,207.0,197.0,10.0
BL,Bolivia,1978,maize,368.0,138.0,230.0
BL,Bolivia,1978,rice,62.0,0.0,0.0
BL,Bolivia,1978,wheat,200.0,190.0,10.0
BL,Bolivia,1979,maize,368.0,143.0,225.0
BL,Bolivia,1979,rice,75.0,0.0,0.0
BL,Bolivia,1979,wheat,250.0,240.0,10.0
BL,Bolivia,1980,maize,363.0,148.0,215.0
BL,Bolivia,1980,rice,66.0,0.0,0.0
BL,Bolivia,1980,wheat,325.0,315.0,10.0
BL,Bolivia,1981,maize,494.0,144.0,350.0
BL,Bolivia,1981,rice,71.0,0.0,0.0
BL,Bolivia,1981,wheat,256.0,246.0,10.0
BL,Bolivia,1982,maize,490.0,140.0,350.0
BL,Bolivia,1982,rice,60.0,0.0,0.0
BL,Bolivia,1982,wheat,260.0,250.0,10.0
BL,Bolivia,1983,maize,350.0,50.0,300.0
BL,Bolivia,1983,rice,157.0,0.0,0.0
BL,Bolivia,1983,wheat,300.0,290.0,10.0
BL,Bolivia,1984,maize,365.0,55.0,310.0
BL,Bolivia,1984,rice,128.0,0.0,0.0
BL,Bolivia,1984,wheat,320.0,310.0,10.0
BL,Bolivia,1985,maize,270.0,60.0,210.0
BL,Bolivia,1985,rice,72.0,0.0,0.0
BL,Bolivia,1985,wheat,340.0,330.0,10.0
BL,Bolivia,1986,maize,260.0,60.0,200.0
BL,Bolivia,1986,rice,117.0,0.0,0.0
BL,Bolivia,1986,wheat,355.0,340.0,15.0
BL,Bolivia,1987,maize,260.0,60.0,200.0
BL,Bolivia,1987,rice,121.0,0.0,0.0
BL,Bolivia,1987,wheat,315.0,300.0,15.0
BL,Bolivia,1988,maize,265.0,65.0,200.0
BL,Bolivia,1988,rice,111.0,0.0,0.0
BL,Bolivia,1988,wheat,315.0,300.0,15.0
BL,Bolivia,1989,maize,250.0,65.0,185.0
BL,Bolivia,1989,rice,141.0,0.0,0.0
BL,Bolivia,1989,wheat,235.0,220.0,15.0
BL,Bolivia,1990,maize,360.0,80.0,280.0
BL,Bolivia,1990,rice,140.0,0.0,0.0
BL,Bolivia,1990,wheat,340.0,325.0,15.0
BL,Bolivia,1991,maize,375.0,90.0,285.0
BL,Bolivia,1991,rice,146.0,0.0,0.0
BL,Bolivia,1991,wheat,415.0,400.0,15.0
BL,Bolivia,1992,maize,460.0,110.0,350.0
BL,Bolivia,1992,rice,138.0,0.0,0.0
BL,Bolivia,1992,wheat,515.0,500.0,15.0
BL,Bolivia,1993,maize,470.0,120.0,350.0
BL,Bolivia,1993,rice,147.0,0.0,0.0
BL,Bolivia,1993,wheat,545.0,530.0,15.0
BL,Bolivia,1994,maize,485.0,135.0,350.0
BL,Bolivia,1994,rice,156.0,0.0,0.0
BL,Bolivia,1994,wheat,575.0,560.0,15.0
BL,Bolivia,1995,maize,500.0,150.0,350.0
BL,Bolivia,1995,rice,206.0,0.0,0.0
BL,Bolivia,1995,wheat,415.0,400.0,15.0
BL,Bolivia,1996,maize,510.0,160.0,350.0
BL,Bolivia,1996,rice,161.0,0.0,0.0
BL,Bolivia,1996,wheat,515.0,500.0,15.0
BL,Bolivia,1997,maize,380.0,160.0,220.0
BL,Bolivia,1997,rice,189.0,0.0,0.0
BL,Bolivia,1997,wheat,615.0,600.0,15.0
BL,Bolivia,1998,maize,500.0,170.0,330.0
BL,Bolivia,1998,rice,162.0,0.0,0.0
BL,Bolivia,1998,wheat,615.0,600.0,15.0
BL,Bolivia,1999,maize,470.0,170.0,300.0
BL,Bolivia,1999,rice,207.0,0.0,0.0
BL,Bolivia,1999,wheat,555.0,540.0,15.0
BL,Bolivia,2000,maize,530.0,190.0,340.0
BL,Bolivia,2000,rice,211.0,0.0,0.0
BL,Bolivia,2000,wheat,595.0,580.0,15.0
BL,Bolivia,2001,maize,550.0,200.0,350.0
BL,Bolivia,2001,rice,120.0,0.0,0.0
BL,Bolivia,2001,wheat,575.0,560.0,15.0
BL,Bolivia,2002,maize,610.0,210.0,400.0
BL,Bolivia,2002,rice,219.0,0.0,0.0
BL,Bolivia,2002,wheat,465.0,450.0,15.0
BL,Bolivia,2003,maize,610.0,210.0,400.0
BL,Bolivia,2003,rice,209.0,0.0,0.0
BL,Bolivia,2003,wheat,365.0,350.0,15.0
BL,Bolivia,2004,maize,750.0,250.0,500.0
BL,Bolivia,2004,rice,316.0,0.0,0.0
BL,Bolivia,2004,wheat,440.0,425.0,15.0
BL,Bolivia,2005,maize,875.0,275.0,600.0
BL,Bolivia,2005,rice,313.0,0.0,0.0
BL,Bolivia,2005,wheat,465.0,450.0,15.0
BL,Bolivia,2006,maize,875.0,275.0,600.0
BL,Bolivia,2006,rice,252.0,0.0,0.0
BL,Bolivia,2006,wheat,465.0,450.0,15.0
BL,Bolivia,2007,maize,950.0,300.0,650.0
BL,Bolivia,2007,rice,321.0,0.0,0.0
BL,Bolivia,2007,wheat,465.0,450.0,15.0
BL,Bolivia,2008,maize,1150.0,300.0,850.0
BL,Bolivia,2008,rice,331.0,0.0,0.0
BL,Bolivia,2008,wheat,615.0,600.0,15.0
BL,Bolivia,2009,maize,850.0,300.0,550.0
BL,Bolivia,2009,rice,315.0,0.0,0.0
BL,Bolivia,2009,wheat,615.0,600.0,15.0
BL,Bolivia,2010,maize,900.0,300.0,600.0
BL,Bolivia,2010,rice,317.0,0.0,0.0
BL,Bolivia,2010,wheat,565.0,550.0,15.0
BL,Bolivia,2011,maize,950.0,300.0,650.0
BL,Bolivia,2011,rice,335.0,0.0,0.0
BL,Bolivia,2011,wheat,565.0,550.0,15.0
BL,Bolivia,2012,maize,900.0,300.0,600.0
BL,Bolivia,2012,rice,331.0,0.0,0.0
BL,Bolivia,2012,wheat,565.0,550.0,15.0
BL,Bolivia,2013,maize,1000.0,350.0,650.0
BL,Bolivia,2013,rice,405.0,0.0,0.0
BL,Bolivia,2013,wheat,615.0,600.0,15.0
BL,Bolivia,2014,maize,1000.0,350.0,650.0
BL,Bolivia,2014,rice,455.0,0.0,0.0
BL,Bolivia,2014,wheat,665.0,650.0,15.0
BL,Bolivia,2015,maize,900.0,350.0,550.0
BL,Bolivia,2015,rice,321.0,0.0,0.0
BL,Bolivia,2015,wheat,715.0,700.0,15.0
BL,Bolivia,2016,maize,1050.0,350.0,700.0
BL,Bolivia,2016,rice,370.0,0.0,0.0
BL,Bolivia,2016,wheat,760.0,750.0,10.0
BL,Bolivia,2017,maize,1150.0,350.0,800.0
BL,Bolivia,2017,rice,411.0,0.0,0.0
BL,Bolivia,2017,wheat,765.0,750.0,15.0
BL,Bolivia,2018,maize,1150.0,350.0,800.0
BL,Bolivia,2018,rice,438.0,0.0,0.0
BL,Bolivia,2018,wheat,715.0,700.0,15.0
BL,Bolivia,2019,maize,1000.0,350.0,650.0
BL,Bolivia,2019,rice,344.0,0.0,0.0
BL,Bolivia,2019,wheat,815.0,800.0,15.0
BL,Bolivia,2020,maize,1200.0,350.0,850.0
BL,Bolivia,2020,rice,393.0,0.0,0.0
BL,Bolivia,2020,wheat,835.0,820.0,15.0
BL,Bolivia,2021,maize,1050.0,350.0,700.0
BL,Bolivia,2021,rice,427.0,0.0,0.0
BL,Bolivia,2021,wheat,755.0,740.0,15.0
BL,Bolivia,2022,maize,1240.0,350.0,890.0
BL,Bolivia,2022,rice,489.0,0.0,0.0
BL,Bolivia,2022,wheat,515.0,500.0,15.0
BL,Bolivia,2023,maize,1525.0,350.0,1175.0
BL,Bolivia,2023,rice,302.0,0.0,0.0
BL,Bolivia,2023,wheat,495.0,480.0,15.0
BL,Bolivia,2024,maize,1185.0,350.0,835.0
BL,Bolivia,2024,rice,413.0,0.0,0.0
BL,Bolivia,2024,wheat,515.0,500.0,15.0
BL,Bolivia,2025,maize,1155.0,350.0,805.0
BL,Bolivia,2025,rice,440.0,0.0,0.0
BL,Bolivia,2025,wheat,565.0,550.0,15.0
BL,Bolivia,2026,maize,1150.0,350.0,800.0
BL,Bolivia,2026,rice,439.0,0.0,0.0
BL,Bolivia,2026,wheat,615.0,600.0,15.0
BM,Burma,1960,maize,17.0,17.0,0.0
BM,Burma,1960,rice,2690.0,0.0,0.0
BM,Burma,1960,wheat,48.0,48.0,0.0
BM,Burma,1961,maize,41.0,41.0,0.0
BM,Burma,1961,rice,2310.0,0.0,0.0
BM,Burma,1961,wheat,51.0,51.0,0.0
BM,Burma,1962,maize,36.0,36.0,0.0
BM,Burma,1962,rice,3079.0,0.0,0.0
BM,Burma,1962,wheat,68.0,68.0,0.0
BM,Burma,1963,maize,66.0,66.0,0.0
BM,Burma,1963,rice,3456.0,0.0,0.0
BM,Burma,1963,wheat,68.0,68.0,0.0
BM,Burma,1964,maize,42.0,42.0,0.0
BM,Burma,1964,rice,3983.0,0.0,0.0
BM,Burma,1964,wheat,76.0,76.0,0.0
BM,Burma,1965,maize,32.0,32.0,0.0
BM,Burma,1965,rice,4033.0,0.0,0.0
BM,Burma,1965,wheat,102.0,102.0,0.0
BM,Burma,1966,maize,40.0,40.0,0.0
BM,Burma,1966,rice,3382.0,0.0,0.0
BM,Burma,1966,wheat,73.0,73.0,0.0
BM,Burma,1967,maize,55.0,55.0,0.0
BM,Burma,1967,rice,4633.0,0.0,0.0
BM,Burma,1967,wheat,51.0,51.0,0.0
BM,Burma,1968,maize,52.0,52.0,0.0
BM,Burma,1968,rice,4563.0,0.0,0.0
BM,Burma,1968,wheat,25.0,25.0,0.0
BM,Burma,1969,maize,58.0,58.0,0.0
BM,Burma,1969,rice,4314.0,0.0,0.0
BM,Burma,1969,wheat,73.0,73.0,0.0
BM,Burma,1970,maize,55.0,55.0,0.0
BM,Burma,1970,rice,4268.0,0.0,0.0
BM,Burma,1970,wheat,65.0,65.0,0.0
BM,Burma,1971,maize,60.0,60.0,0.0
BM,Burma,1971,rice,4550.0,0.0,0.0
BM,Burma,1971,wheat,53.0,53.0,0.0
BM,Burma,1972,maize,59.0,59.0,0.0
BM,Burma,1972,rice,4451.0,0.0,0.0
BM,Burma,1972,wheat,59.0,59.0,0.0
BM,Burma,1973,maize,74.0,74.0,0.0
BM,Burma,1973,rice,5161.0,0.0,0.0
BM,Burma,1973,wheat,39.0,39.0,0.0
BM,Burma,1974,maize,74.0,74.0,0.0
BM,Burma,1974,rice,5058.0,0.0,0.0
BM,Burma,1974,wheat,78.0,78.0,0.0
BM,Burma,1975,maize,75.0,75.0,0.0
BM,Burma,1975,rice,5099.0,0.0,0.0
BM,Burma,1975,wheat,66.0,66.0,0.0
BM,Burma,1976,maize,73.0,73.0,0.0
BM,Burma,1976,rice,5135.0,0.0,0.0
BM,Burma,1976,wheat,79.0,79.0,0.0
BM,Burma,1977,maize,85.0,85.0,0.0
BM,Burma,1977,rice,5538.0,0.0,0.0
BM,Burma,1977,wheat,96.0,96.0,0.0
BM,Burma,1978,maize,85.0,85.0,0.0
BM,Burma,1978,rice,5991.0,0.0,0.0
BM,Burma,1978,wheat,57.0,57.0,0.0
BM,Burma,1979,maize,85.0,85.0,0.0
BM,Burma,1979,rice,5856.0,0.0,0.0
BM,Burma,1979,wheat,105.0,105.0,0.0
BM,Burma,1980,maize,108.0,108.0,0.0
BM,Burma,1980,rice,6001.0,0.0,0.0
BM,Burma,1980,wheat,136.0,136.0,0.0
BM,Burma,1981,maize,160.0,160.0,0.0
BM,Burma,1981,rice,6024.0,0.0,0.0
BM,Burma,1981,wheat,140.0,140.0,0.0
BM,Burma,1982,maize,178.0,178.0,0.0
BM,Burma,1982,rice,6100.0,0.0,0.0
BM,Burma,1982,wheat,138.0,138.0,0.0
BM,Burma,1983,maize,289.0,289.0,0.0
BM,Burma,1983,rice,6473.0,0.0,0.0
BM,Burma,1983,wheat,220.0,220.0,0.0
BM,Burma,1984,maize,288.0,288.0,0.0
BM,Burma,1984,rice,6625.0,0.0,0.0
BM,Burma,1984,wheat,206.0,206.0,0.0
BM,Burma,1985,maize,288.0,288.0,0.0
BM,Burma,1985,rice,6270.0,0.0,0.0
BM,Burma,1985,wheat,190.0,190.0,0.0
BM,Burma,1986,maize,260.0,260.0,0.0
BM,Burma,1986,rice,6480.0,0.0,0.0
BM,Burma,1986,wheat,192.0,192.0,0.0
BM,Burma,1987,maize,222.0,222.0,0.0
BM,Burma,1987,rice,6600.0,0.0,0.0
BM,Burma,1987,wheat,157.0,157.0,0.0
BM,Burma,1988,maize,187.0,187.0,0.0
BM,Burma,1988,rice,6725.0,0.0,0.0
BM,Burma,1988,wheat,130.0,130.0,0.0
BM,Burma,1989,maize,169.0,155.0,14.0
BM,Burma,1989,rice,7050.0,0.0,0.0
BM,Burma,1989,wheat,140.0,140.0,0.0
BM,Burma,1990,maize,158.0,158.0,0.0
BM,Burma,1990,rice,7350.0,0.0,0.0
BM,Burma,1990,wheat,135.0,135.0,0.0
BM,Burma,1991,maize,162.0,162.0,0.0
BM,Burma,1991,rice,7650.0,0.0,0.0
BM,Burma,1991,wheat,159.0,159.0,0.0
BM,Burma,1992,maize,163.0,163.0,0.0
BM,Burma,1992,rice,8050.0,0.0,0.0
BM,Burma,1992,wheat,142.0,142.0,0.0
BM,Burma,1993,maize,145.0,145.0,0.0
BM,Burma,1993,rice,8350.0,0.0,0.0
BM,Burma,1993,wheat,170.0,170.0,0.0
BM,Burma,1994,maize,186.0,186.0,0.0
BM,Burma,1994,rice,8650.0,0.0,0.0
BM,Burma,1994,wheat,255.0,255.0,0.0
BM,Burma,1995,maize,233.0,233.0,0.0
BM,Burma,1995,rice,8850.0,0.0,0.0
BM,Burma,1995,wheat,228.0,228.0,0.0
BM,Burma,1996,maize,226.0,226.0,0.0
BM,Burma,1996,rice,9050.0,0.0,0.0
BM,Burma,1996,wheat,255.0,255.0,0.0
BM,Burma,1997,maize,217.0,217.0,0.0
BM,Burma,1997,rice,9250.0,0.0,0.0
BM,Burma,1997,wheat,162.0,162.0,0.0
BM,Burma,1998,maize,225.0,225.0,0.0
BM,Burma,1998,rice,9350.0,0.0,0.0
BM,Burma,1998,wheat,157.0,157.0,0.0
BM,Burma,1999,maize,319.0,19.0,300.0
BM,Burma,1999,rice,9500.0,0.0,0.0
BM,Burma,1999,wheat,221.0,221.0,0.0
BM,Burma,2000,maize,318.0,18.0,300.0
BM,Burma,2000,rice,9700.0,0.0,0.0
BM,Burma,2000,wheat,181.0,181.0,0.0
BM,Burma,2001,maize,408.0,58.0,350.0
BM,Burma,2001,rice,9900.0,0.0,0.0
BM,Burma,2001,wheat,212.0,212.0,0.0
BM,Burma,2002,maize,566.0,116.0,450.0
BM,Burma,2002,rice,10100.0,0.0,0.0
BM,Burma,2002,wheat,213.0,213.0,0.0
BM,Burma,2003,maize,560.0,50.0,510.0
BM,Burma,2003,rice,10200.0,0.0,0.0
BM,Burma,2003,wheat,173.0,173.0,0.0
BM,Burma,2004,maize,500.0,50.0,450.0
BM,Burma,2004,rice,10300.0,0.0,0.0
BM,Burma,2004,wheat,238.0,238.0,0.0
BM,Burma,2005,maize,850.0,50.0,800.0
BM,Burma,2005,rice,10400.0,0.0,0.0
BM,Burma,2005,wheat,255.0,255.0,0.0
BM,Burma,2006,maize,875.0,75.0,800.0
BM,Burma,2006,rice,10670.0,0.0,0.0
BM,Burma,2006,wheat,249.0,249.0,0.0
BM,Burma,2007,maize,1000.0,75.0,925.0
BM,Burma,2007,rice,10750.0,0.0,0.0
BM,Burma,2007,wheat,224.0,224.0,0.0
BM,Burma,2008,maize,800.0,75.0,725.0
BM,Burma,2008,rice,10800.0,0.0,0.0
BM,Burma,2008,wheat,248.0,248.0,0.0
BM,Burma,2009,maize,900.0,100.0,800.0
BM,Burma,2009,rice,10890.0,0.0,0.0
BM,Burma,2009,wheat,352.0,352.0,0.0
BM,Burma,2010,maize,1050.0,100.0,950.0
BM,Burma,2010,rice,10100.0,0.0,0.0
BM,Burma,2010,wheat,397.0,397.0,0.0
BM,Burma,2011,maize,1100.0,100.0,1000.0
BM,Burma,2011,rice,10200.0,0.0,0.0
BM,Burma,2011,wheat,389.0,389.0,0.0
BM,Burma,2012,maize,900.0,100.0,800.0
BM,Burma,2012,rice,10400.0,0.0,0.0
BM,Burma,2012,wheat,445.0,445.0,0.0
BM,Burma,2013,maize,700.0,100.0,600.0
BM,Burma,2013,rice,10450.0,0.0,0.0
BM,Burma,2013,wheat,530.0,530.0,0.0
BM,Burma,2014,maize,650.0,100.0,550.0
BM,Burma,2014,rice,10500.0,0.0,0.0
BM,Burma,2014,wheat,475.0,475.0,0.0
BM,Burma,2015,maize,900.0,100.0,800.0
BM,Burma,2015,rice,10400.0,0.0,0.0
BM,Burma,2015,wheat,550.0,550.0,0.0
BM,Burma,2016,maize,700.0,100.0,600.0
BM,Burma,2016,rice,10000.0,0.0,0.0
BM,Burma,2016,wheat,630.0,630.0,0.0
BM,Burma,2017,maize,790.0,70.0,720.0
BM,Burma,2017,rice,10200.0,0.0,0.0
BM,Burma,2017,wheat,635.0,635.0,0.0
BM,Burma,2018,maize,870.0,70.0,800.0
BM,Burma,2018,rice,10250.0,0.0,0.0
BM,Burma,2018,wheat,640.0,640.0,0.0
BM,Burma,2019,maize,420.0,70.0,350.0
BM,Burma,2019,rice,10400.0,0.0,0.0
BM,Burma,2019,wheat,630.0,630.0,0.0
BM,Burma,2020,maize,200.0,50.0,150.0
BM,Burma,2020,rice,10400.0,0.0,0.0
BM,Burma,2020,wheat,580.0,580.0,0.0
BM,Burma,2021,maize,550.0,50.0,500.0
BM,Burma,2021,rice,10300.0,0.0,0.0
BM,Burma,2021,wheat,580.0,580.0,0.0
BM,Burma,2022,maize,450.0,50.0,400.0
BM,Burma,2022,rice,10200.0,0.0,0.0
BM,Burma,2022,wheat,420.0,420.0,0.0
BM,Burma,2023,maize,300.0,50.0,250.0
BM,Burma,2023,rice,9900.0,0.0,0.0
BM,Burma,2023,wheat,440.0,440.0,0.0
BM,Burma,2024,maize,450.0,50.0,400.0
BM,Burma,2024,rice,9600.0,0.0,0.0
BM,Burma,2024,wheat,515.0,515.0,0.0
BM,Burma,2025,maize,350.0,50.0,300.0
BM,Burma,2025,rice,9300.0,0.0,0.0
BM,Burma,2025,wheat,540.0,540.0,0.0
BM,Burma,2026,maize,150.0,50.0,100.0
BM,Burma,2026,rice,9100.0,0.0,0.0
BM,Burma,2026,wheat,550.0,550.0,0.0
BO,Belarus,1987,maize,1325.0,25.0,1300.0
BO,Belarus,1987,rice,88.0,0.0,0.0
BO,Belarus,1987,wheat,2105.0,1075.0,1030.0
BO,Belarus,1988,maize,1575.0,25.0,1550.0
BO,Belarus,1988,rice,80.0,0.0,0.0
BO,Belarus,1988,wheat,2098.0,1075.0,1023.0
BO,Belarus,1989,maize,1475.0,25.0,1450.0
BO,Belarus,1989,rice,65.0,0.0,0.0
BO,Belarus,1989,wheat,2054.0,1075.0,979.0
BO,Belarus,1990,maize,1215.0,15.0,1200.0
BO,Belarus,1990,rice,70.0,0.0,0.0
BO,Belarus,1990,wheat,2047.0,1070.0,977.0
BO,Belarus,1991,maize,1175.0,25.0,1150.0
BO,Belarus,1991,rice,65.0,0.0,0.0
BO,Belarus,1991,wheat,1385.0,970.0,415.0
BO,Belarus,1992,maize,525.0,25.0,500.0
BO,Belarus,1992,rice,3.0,0.0,0.0
BO,Belarus,1992,wheat,1288.0,1015.0,273.0
BO,Belarus,1993,maize,117.0,0.0,117.0
BO,Belarus,1993,rice,6.0,0.0,0.0
BO,Belarus,1993,wheat,1123.0,896.0,227.0
BO,Belarus,1994,maize,5.0,0.0,5.0
BO,Belarus,1994,rice,2.0,0.0,0.0
BO,Belarus,1994,wheat,905.0,682.0,223.0
BO,Belarus,1995,maize,1.0,0.0,1.0
BO,Belarus,1995,rice,4.0,0.0,0.0
BO,Belarus,1995,wheat,873.0,673.0,200.0
BO,Belarus,1996,maize,22.0,0.0,22.0
BO,Belarus,1996,wheat,1334.0,834.0,500.0
BO,Belarus,1997,maize,100.0,0.0,100.0
BO,Belarus,1997,rice,13.0,0.0,0.0
BO,Belarus,1997,wheat,1234.0,834.0,400.0
BO,Belarus,1998,maize,57.0,0.0,57.0
BO,Belarus,1998,rice,14.0,0.0,0.0
BO,Belarus,1998,wheat,1342.0,942.0,400.0
BO,Belarus,1999,maize,100.0,0.0,100.0
BO,Belarus,1999,rice,11.0,0.0,0.0
BO,Belarus,1999,wheat,1851.0,1051.0,800.0
BO,Belarus,2000,maize,199.0,25.0,174.0
BO,Belarus,2000,rice,3.0,0.0,0.0
BO,Belarus,2000,wheat,1310.0,1010.0,300.0
BO,Belarus,2001,maize,142.0,25.0,117.0
BO,Belarus,2001,rice,2.0,0.0,0.0
BO,Belarus,2001,wheat,1355.0,955.0,400.0
BO,Belarus,2002,maize,89.0,25.0,64.0
BO,Belarus,2002,rice,1.0,0.0,0.0
BO,Belarus,2002,wheat,1407.0,1007.0,400.0
BO,Belarus,2003,maize,174.0,25.0,149.0
BO,Belarus,2003,rice,5.0,0.0,0.0
BO,Belarus,2003,wheat,1090.0,840.0,250.0
BO,Belarus,2004,maize,293.0,30.0,263.0
BO,Belarus,2004,rice,5.0,0.0,0.0
BO,Belarus,2004,wheat,1740.0,1040.0,700.0
BO,Belarus,2005,maize,375.0,25.0,350.0
BO,Belarus,2005,rice,5.0,0.0,0.0
BO,Belarus,2005,wheat,1500.0,1000.0,500.0
BO,Belarus,2006,maize,400.0,25.0,375.0
BO,Belarus,2006,rice,9.0,0.0,0.0
BO,Belarus,2006,wheat,1400.0,1000.0,400.0
BO,Belarus,2007,maize,500.0,50.0,450.0
BO,Belarus,2007,rice,8.0,0.0,0.0
BO,Belarus,2007,wheat,1590.0,1040.0,550.0
BO,Belarus,2008,maize,550.0,50.0,500.0
BO,Belarus,2008,rice,3.0,0.0,0.0
BO,Belarus,2008,wheat,1690.0,1040.0,650.0
BO,Belarus,2009,maize,600.0,50.0,550.0
BO,Belarus,2009,rice,3.0,0.0,0.0
BO,Belarus,2009,wheat,1590.0,1040.0,550.0
BO,Belarus,2010,maize,700.0,50.0,650.0
BO,Belarus,2010,rice,14.0,0.0,0.0
BO,Belarus,2010,wheat,1610.0,1060.0,550.0
BO,Belarus,2011,maize,850.0,100.0,750.0
BO,Belarus,2011,rice,26.0,0.0,0.0
BO,Belarus,2011,wheat,2000.0,1100.0,900.0
BO,Belarus,2012,maize,950.0,100.0,850.0
BO,Belarus,2012,rice,30.0,0.0,0.0
BO,Belarus,2012,wheat,2300.0,1100.0,1200.0
BO,Belarus,2013,maize,1000.0,100.0,900.0
BO,Belarus,2013,rice,31.0,0.0,0.0
BO,Belarus,2013,wheat,2075.0,1075.0,1000.0
BO,Belarus,2014,maize,730.0,50.0,680.0
BO,Belarus,2014,rice,29.0,0.0,0.0
BO,Belarus,2014,wheat,2800.0,1100.0,1700.0
BO,Belarus,2015,maize,360.0,40.0,320.0
BO,Belarus,2015,rice,27.0,0.0,0.0
BO,Belarus,2015,wheat,2900.0,1100.0,1800.0
BO,Belarus,2016,maize,750.0,100.0,650.0
BO,Belarus,2016,rice,30.0,0.0,0.0
BO,Belarus,2016,wheat,2500.0,1100.0,1400.0
BO,Belarus,2017,maize,800.0,100.0,700.0
BO,Belarus,2017,rice,29.0,0.0,0.0
BO,Belarus,2017,wheat,2800.0,1200.0,1600.0
BO,Belarus,2018,maize,1350.0,100.0,1250.0
BO,Belarus,2018,rice,27.0,0.0,0.0
BO,Belarus,2018,wheat,2500.0,1200.0,1300.0
BO,Belarus,2019,maize,1350.0,100.0,1250.0
BO,Belarus,2019,rice,30.0,0.0,0.0
BO,Belarus,2019,wheat,2600.0,1200.0,1400.0
BO,Belarus,2020,maize,1100.0,100.0,1000.0
BO,Belarus,2020,rice,27.0,0.0,0.0
BO,Belarus,2020,wheat,2700.0,1200.0,1500.0
BO,Belarus,2021,maize,1200.0,100.0,1100.0
BO,Belarus,2021,rice,29.0,0.0,0.0
BO,Belarus,2021,wheat,2800.0,1200.0,1600.0
BO,Belarus,2022,maize,1000.0,100.0,900.0
BO,Belarus,2022,rice,25.0,0.0,0.0
BO,Belarus,2022,wheat,2900.0,1300.0,1600.0
BO,Belarus,2023,maize,1000.0,100.0,900.0
BO,Belarus,2023,rice,25.0,0.0,0.0
BO,Belarus,2023,wheat,2850.0,1300.0,1550.0
BO,Belarus,2024,maize,1650.0,100.0,1550.0
BO,Belarus,2024,rice,25.0,0.0,0.0
BO,Belarus,2024,wheat,2900.0,1300.0,1600.0
BO,Belarus,2025,maize,1800.0,100.0,1700.0
BO,Belarus,2025,rice,25.0,0.0,0.0
BO,Belarus,2025,wheat,3050.0,1400.0,1650.0
BO,Belarus,2026,maize,1900.0,100.0,1800.0
BO,Belarus,2026,rice,25.0,0.0,0.0
BO,Belarus,2026,wheat,3050.0,1400.0,1650.0
BR,Brazil,1960,maize,8937.0,3652.0,5285.0
BR,Brazil,1960,rice,3516.0,0.0,0.0
BR,Brazil,1960,wheat,2235.0,2235.0,0.0
BR,Brazil,1961,maize,9587.0,3687.0,5900.0
BR,Brazil,1961,rice,3735.0,0.0,0.0
BR,Brazil,1961,wheat,2442.0,2442.0,0.0
BR,Brazil,1962,maize,9919.0,3719.0,6200.0
BR,Brazil,1962,rice,3903.0,0.0,0.0
BR,Brazil,1962,wheat,2432.0,2432.0,0.0
BR,Brazil,1963,maize,9301.0,3671.0,5630.0
BR,Brazil,1963,rice,4303.0,0.0,0.0
BR,Brazil,1963,wheat,2559.0,2559.0,0.0
BR,Brazil,1964,maize,10007.0,3807.0,6200.0
BR,Brazil,1964,rice,4917.0,0.0,0.0
BR,Brazil,1964,wheat,2109.0,2109.0,0.0
BR,Brazil,1965,maize,11703.0,3768.0,7935.0
BR,Brazil,1965,rice,3656.0,0.0,0.0
BR,Brazil,1965,wheat,2476.0,2476.0,0.0
BR,Brazil,1966,maize,10950.0,3790.0,7160.0
BR,Brazil,1966,rice,4587.0,0.0,0.0
BR,Brazil,1966,wheat,2676.0,2676.0,0.0
BR,Brazil,1967,maize,11484.0,3914.0,7570.0
BR,Brazil,1967,rice,4365.0,0.0,0.0
BR,Brazil,1967,wheat,2820.0,2820.0,0.0
BR,Brazil,1968,maize,13926.0,3876.0,10050.0
BR,Brazil,1968,rice,4278.0,0.0,0.0
BR,Brazil,1968,wheat,3037.0,3037.0,0.0
BR,Brazil,1969,maize,12700.0,3910.0,8790.0
BR,Brazil,1969,rice,3686.0,0.0,0.0
BR,Brazil,1969,wheat,3219.0,3219.0,0.0
BR,Brazil,1970,maize,13239.0,3909.0,9330.0
BR,Brazil,1970,rice,4546.0,0.0,0.0
BR,Brazil,1970,wheat,3689.0,3689.0,0.0
BR,Brazil,1971,maize,16415.0,3945.0,12470.0
BR,Brazil,1971,rice,3770.0,0.0,0.0
BR,Brazil,1971,wheat,3973.0,3973.0,0.0
BR,Brazil,1972,maize,13567.0,3907.0,9660.0
BR,Brazil,1972,rice,4701.0,0.0,0.0
BR,Brazil,1972,wheat,3764.0,3764.0,0.0
BR,Brazil,1973,maize,15273.0,3063.0,12210.0
BR,Brazil,1973,rice,4472.0,0.0,0.0
BR,Brazil,1973,wheat,4322.0,4322.0,0.0
BR,Brazil,1974,maize,15586.0,3946.0,11640.0
BR,Brazil,1974,rice,4455.0,0.0,0.0
BR,Brazil,1974,wheat,4695.0,4695.0,0.0
BR,Brazil,1975,maize,16040.0,3366.0,12674.0
BR,Brazil,1975,rice,4972.0,0.0,0.0
BR,Brazil,1975,wheat,5598.0,5598.0,0.0
BR,Brazil,1976,maize,17494.0,3994.0,13500.0
BR,Brazil,1976,rice,5325.0,0.0,0.0
BR,Brazil,1976,wheat,5823.0,5823.0,0.0
BR,Brazil,1977,maize,16219.0,2519.0,13700.0
BR,Brazil,1977,rice,5591.0,0.0,0.0
BR,Brazil,1977,wheat,5955.0,5955.0,0.0
BR,Brazil,1978,maize,17800.0,2900.0,14900.0
BR,Brazil,1978,rice,5768.0,0.0,0.0
BR,Brazil,1978,wheat,6789.0,6682.0,107.0
BR,Brazil,1979,maize,21200.0,3600.0,17600.0
BR,Brazil,1979,rice,6120.0,0.0,0.0
BR,Brazil,1979,wheat,7100.0,7100.0,0.0
BR,Brazil,1980,maize,22300.0,3800.0,18500.0
BR,Brazil,1980,rice,6256.0,0.0,0.0
BR,Brazil,1980,wheat,6600.0,6600.0,0.0
BR,Brazil,1981,maize,22035.0,3535.0,18500.0
BR,Brazil,1981,rice,6392.0,0.0,0.0
BR,Brazil,1981,wheat,6300.0,6300.0,0.0
BR,Brazil,1982,maize,20795.0,3095.0,17700.0
BR,Brazil,1982,rice,6181.0,0.0,0.0
BR,Brazil,1982,wheat,6300.0,6100.0,200.0
BR,Brazil,1983,maize,20980.0,3080.0,17900.0
BR,Brazil,1983,rice,6069.0,0.0,0.0
BR,Brazil,1983,wheat,6400.0,6400.0,0.0
BR,Brazil,1984,maize,21614.0,3114.0,18500.0
BR,Brazil,1984,rice,6212.0,0.0,0.0
BR,Brazil,1984,wheat,6430.0,6430.0,0.0
BR,Brazil,1985,maize,22264.0,3264.0,19000.0
BR,Brazil,1985,rice,6675.0,0.0,0.0
BR,Brazil,1985,wheat,6800.0,6800.0,0.0
BR,Brazil,1986,maize,26426.0,3516.0,22910.0
BR,Brazil,1986,rice,7058.0,0.0,0.0
BR,Brazil,1986,wheat,8000.0,8000.0,0.0
BR,Brazil,1987,maize,24470.0,3040.0,21430.0
BR,Brazil,1987,rice,7100.0,0.0,0.0
BR,Brazil,1987,wheat,7100.0,7100.0,0.0
BR,Brazil,1988,maize,25108.0,3108.0,22000.0
BR,Brazil,1988,rice,7475.0,0.0,0.0
BR,Brazil,1988,wheat,7800.0,7800.0,0.0
BR,Brazil,1989,maize,25800.0,3300.0,22500.0
BR,Brazil,1989,rice,7643.0,0.0,0.0
BR,Brazil,1989,wheat,7400.0,7400.0,0.0
BR,Brazil,1990,maize,25630.0,3380.0,22250.0
BR,Brazil,1990,rice,7675.0,0.0,0.0
BR,Brazil,1990,wheat,7844.0,7844.0,0.0
BR,Brazil,1991,maize,28670.0,3000.0,25670.0
BR,Brazil,1991,rice,7700.0,0.0,0.0
BR,Brazil,1991,wheat,7175.0,7175.0,0.0
BR,Brazil,1992,maize,30200.0,3700.0,26500.0
BR,Brazil,1992,rice,7750.0,0.0,0.0
BR,Brazil,1992,wheat,7839.0,7839.0,0.0
BR,Brazil,1993,maize,33000.0,5000.0,28000.0
BR,Brazil,1993,rice,7765.0,0.0,0.0
BR,Brazil,1993,wheat,8075.0,8075.0,0.0
BR,Brazil,1994,maize,36000.0,5100.0,30900.0
BR,Brazil,1994,rice,7780.0,0.0,0.0
BR,Brazil,1994,wheat,8029.0,8029.0,0.0
BR,Brazil,1995,maize,36600.0,5100.0,31500.0
BR,Brazil,1995,rice,7815.0,0.0,0.0
BR,Brazil,1995,wheat,8214.0,8214.0,0.0
BR,Brazil,1996,maize,36250.0,5000.0,31250.0
BR,Brazil,1996,rice,7850.0,0.0,0.0
BR,Brazil,1996,wheat,8281.0,8281.0,0.0
BR,Brazil,1997,maize,33400.0,4900.0,28500.0
BR,Brazil,1997,rice,7800.0,0.0,0.0
BR,Brazil,1997,wheat,8560.0,8560.0,0.0
BR,Brazil,1998,maize,33200.0,5000.0,28200.0
BR,Brazil,1998,rice,8000.0,0.0,0.0
BR,Brazil,1998,wheat,8955.0,8755.0,200.0
BR,Brazil,1999,maize,33500.0,5000.0,28500.0
BR,Brazil,1999,rice,8025.0,0.0,0.0
BR,Brazil,1999,wheat,9547.0,9347.0,200.0
BR,Brazil,2000,maize,34500.0,5000.0,29500.0
BR,Brazil,2000,rice,8025.0,0.0,0.0
BR,Brazil,2000,wheat,9600.0,9400.0,200.0
BR,Brazil,2001,maize,35000.0,5500.0,29500.0
BR,Brazil,2001,rice,8050.0,0.0,0.0
BR,Brazil,2001,wheat,9700.0,9500.0,200.0
BR,Brazil,2002,maize,35800.0,5800.0,30000.0
BR,Brazil,2002,rice,8150.0,0.0,0.0
BR,Brazil,2002,wheat,9850.0,9600.0,250.0
BR,Brazil,2003,maize,36300.0,5800.0,30500.0
BR,Brazil,2003,rice,8500.0,0.0,0.0
BR,Brazil,2003,wheat,9900.0,9700.0,200.0
BR,Brazil,2004,maize,38500.0,6400.0,32100.0
BR,Brazil,2004,rice,8800.0,0.0,0.0
BR,Brazil,2004,wheat,10200.0,9900.0,300.0
BR,Brazil,2005,maize,39500.0,6500.0,33000.0
BR,Brazil,2005,rice,8600.0,0.0,0.0
BR,Brazil,2005,wheat,10450.0,10000.0,450.0
BR,Brazil,2006,maize,41500.0,6500.0,35000.0
BR,Brazil,2006,rice,8400.0,0.0,0.0
BR,Brazil,2006,wheat,10300.0,10100.0,200.0
BR,Brazil,2007,maize,44000.0,6500.0,37500.0
BR,Brazil,2007,rice,8350.0,0.0,0.0
BR,Brazil,2007,wheat,10300.0,10200.0,100.0
BR,Brazil,2008,maize,45500.0,7000.0,38500.0
BR,Brazil,2008,rice,8400.0,0.0,0.0
BR,Brazil,2008,wheat,10700.0,10500.0,200.0
BR,Brazil,2009,maize,48500.0,7000.0,41500.0
BR,Brazil,2009,rice,8477.0,0.0,0.0
BR,Brazil,2009,wheat,11000.0,10600.0,400.0
BR,Brazil,2010,maize,50000.0,7000.0,43000.0
BR,Brazil,2010,rice,8200.0,0.0,0.0
BR,Brazil,2010,wheat,10800.0,10600.0,200.0
BR,Brazil,2011,maize,51500.0,7500.0,44000.0
BR,Brazil,2011,rice,7928.0,0.0,0.0
BR,Brazil,2011,wheat,11200.0,10700.0,500.0
BR,Brazil,2012,maize,52500.0,8000.0,44500.0
BR,Brazil,2012,rice,7850.0,0.0,0.0
BR,Brazil,2012,wheat,10900.0,10700.0,200.0
BR,Brazil,2013,maize,55000.0,9000.0,46000.0
BR,Brazil,2013,rice,7900.0,0.0,0.0
BR,Brazil,2013,wheat,11400.0,10800.0,600.0
BR,Brazil,2014,maize,57000.0,9000.0,48000.0
BR,Brazil,2014,rice,7925.0,0.0,0.0
BR,Brazil,2014,wheat,10700.0,10400.0,300.0
BR,Brazil,2015,maize,57500.0,8500.0,49000.0
BR,Brazil,2015,rice,7900.0,0.0,0.0
BR,Brazil,2015,wheat,11100.0,10600.0,500.0
BR,Brazil,2016,maize,62500.0,8500.0,54000.0
BR,Brazil,2016,rice,7850.0,0.0,0.0
BR,Brazil,2016,wheat,11800.0,11000.0,800.0
BR,Brazil,2017,maize,61000.0,9000.0,52000.0
BR,Brazil,2017,rice,7650.0,0.0,0.0
BR,Brazil,2017,wheat,11800.0,11300.0,500.0
BR,Brazil,2018,maize,64000.0,9000.0,55000.0
BR,Brazil,2018,rice,7400.0,0.0,0.0
BR,Brazil,2018,wheat,11900.0,11400.0,500.0
BR,Brazil,2019,maize,69000.0,11000.0,58000.0
BR,Brazil,2019,rice,7350.0,0.0,0.0
BR,Brazil,2019,wheat,11900.0,11400.0,500.0
BR,Brazil,2020,maize,71000.0,13000.0,58000.0
BR,Brazil,2020,rice,7350.0,0.0,0.0
BR,Brazil,2020,wheat,11800.0,11400.0,400.0
BR,Brazil,2021,maize,72000.0,15000.0,57000.0
BR,Brazil,2021,rice,7200.0,0.0,0.0
BR,Brazil,2021,wheat,11750.0,11300.0,450.0
BR,Brazil,2022,maize,79500.0,18500.0,61000.0
BR,Brazil,2022,rice,7125.0,0.0,0.0
BR,Brazil,2022,wheat,11850.0,11400.0,450.0
BR,Brazil,2023,maize,84500.0,22500.0,62000.0
BR,Brazil,2023,rice,7200.0,0.0,0.0
BR,Brazil,2023,wheat,12000.0,11400.0,600.0
BR,Brazil,2024,maize,91500.0,27500.0,64000.0
BR,Brazil,2024,rice,7400.0,0.0,0.0
BR,Brazil,2024,wheat,12200.0,11500.0,700.0
BR,Brazil,2025,maize,98000.0,33000.0,65000.0
BR,Brazil,2025,rice,7350.0,0.0,0.0
BR,Brazil,2025,wheat,12410.0,11660.0,750.0
BR,Brazil,2026,maize,100000.0,35000.0,65000.0
BR,Brazil,2026,rice,7300.0,0.0,0.0
BR,Brazil,2026,wheat,12300.0,11700.0,600.0
BT,Bhutan,1980,maize,60.0,60.0,0.0
BT,Bhutan,1980,wheat,6.0,6.0,0.0
BT,Bhutan,1981,maize,60.0,60.0,0.0
BT,Bhutan,1981,wheat,9.0,9.0,0.0
BT,Bhutan,1982,maize,60.0,60.0,0.0
BT,Bhutan,1982,wheat,10.0,10.0,0.0
BT,Bhutan,1983,maize,15.0,15.0,0.0
BT,Bhutan,1983,wheat,11.0,11.0,0.0
BT,Bhutan,1984,maize,15.0,15.0,0.0
BT,Bhutan,1984,wheat,12.0,12.0,0.0
BT,Bhutan,1985,maize,15.0,15.0,0.0
BT,Bhutan,1985,wheat,11.0,11.0,0.0
BT,Bhutan,1986,maize,15.0,15.0,0.0
BT,Bhutan,1986,wheat,11.0,11.0,0.0
BT,Bhutan,1987,maize,85.0,85.0,0.0
BT,Bhutan,1987,wheat,8.0,8.0,0.0
BT,Bhutan,1988,maize,85.0,85.0,0.0
BT,Bhutan,1988,wheat,4.0,4.0,0.0
BT,Bhutan,1989,maize,85.0,85.0,0.0
BT,Bhutan,1989,wheat,4.0,4.0,0.0
BT,Bhutan,1990,maize,85.0,85.0,0.0
BT,Bhutan,1990,wheat,5.0,5.0,0.0
BT,Bhutan,1991,maize,85.0,85.0,0.0
BT,Bhutan,1991,wheat,5.0,5.0,0.0
BT,Bhutan,1992,maize,85.0,85.0,0.0
BT,Bhutan,1992,wheat,5.0,5.0,0.0
BT,Bhutan,1993,maize,85.0,85.0,0.0
BT,Bhutan,1993,wheat,7.0,7.0,0.0
BT,Bhutan,1994,maize,85.0,85.0,0.0
BT,Bhutan,1994,wheat,10.0,10.0,0.0
BT,Bhutan,1995,maize,85.0,85.0,0.0
BT,Bhutan,1995,wheat,14.0,14.0,0.0
BT,Bhutan,1996,maize,85.0,85.0,0.0
BT,Bhutan,1996,wheat,18.0,18.0,0.0
BT,Bhutan,1997,maize,85.0,85.0,0.0
BT,Bhutan,1997,wheat,20.0,20.0,0.0
BT,Bhutan,1998,maize,85.0,85.0,0.0
BT,Bhutan,1998,wheat,20.0,20.0,0.0
BT,Bhutan,1999,maize,80.0,80.0,0.0
BT,Bhutan,1999,wheat,20.0,20.0,0.0
BT,Bhutan,2000,maize,49.0,49.0,0.0
BT,Bhutan,2000,wheat,4.0,4.0,0.0
BT,Bhutan,2001,maize,45.0,45.0,0.0
BT,Bhutan,2001,wheat,4.0,4.0,0.0
BT,Bhutan,2002,maize,41.0,41.0,0.0
BT,Bhutan,2002,wheat,12.0,12.0,0.0
BT,Bhutan,2003,maize,50.0,50.0,0.0
BT,Bhutan,2003,wheat,10.0,10.0,0.0
BT,Bhutan,2004,maize,90.0,90.0,0.0
BT,Bhutan,2004,wheat,14.0,14.0,0.0
BT,Bhutan,2005,maize,94.0,94.0,0.0
BT,Bhutan,2005,wheat,21.0,21.0,0.0
BT,Bhutan,2006,maize,71.0,71.0,0.0
BT,Bhutan,2006,wheat,20.0,20.0,0.0
BT,Bhutan,2007,maize,62.0,62.0,0.0
BT,Bhutan,2007,wheat,9.0,9.0,0.0
BT,Bhutan,2008,maize,72.0,72.0,0.0
BT,Bhutan,2008,wheat,16.0,16.0,0.0
BT,Bhutan,2009,maize,66.0,66.0,0.0
BT,Bhutan,2009,wheat,14.0,14.0,0.0
BT,Bhutan,2010,maize,68.0,68.0,0.0
BT,Bhutan,2010,wheat,5.0,5.0,0.0
BT,Bhutan,2011,maize,85.0,85.0,0.0
BT,Bhutan,2011,wheat,9.0,9.0,0.0
BT,Bhutan,2012,maize,73.0,73.0,0.0
BT,Bhutan,2012,wheat,6.0,6.0,0.0
BT,Bhutan,2013,maize,76.0,76.0,0.0
BT,Bhutan,2013,wheat,5.0,5.0,0.0
BT,Bhutan,2014,maize,80.0,80.0,0.0
BT,Bhutan,2014,wheat,4.0,4.0,0.0
BT,Bhutan,2015,maize,89.0,89.0,0.0
BT,Bhutan,2015,wheat,7.0,7.0,0.0
BT,Bhutan,2016,maize,90.0,90.0,0.0
BT,Bhutan,2016,wheat,4.0,4.0,0.0
BT,Bhutan,2017,maize,95.0,95.0,0.0
BT,Bhutan,2017,wheat,6.0,6.0,0.0
BT,Bhutan,2018,maize,64.0,64.0,0.0
BT,Bhutan,2018,wheat,7.0,7.0,0.0
BT,Bhutan,2019,maize,63.0,63.0,0.0
BT,Bhutan,2019,wheat,8.0,8.0,0.0
BT,Bhutan,2020,maize,63.0,63.0,0.0
BT,Bhutan,2020,wheat,15.0,15.0,0.0
BT,Bhutan,2021,maize,55.0,55.0,0.0
BT,Bhutan,2021,wheat,16.0,16.0,0.0
BT,Bhutan,2022,maize,47.0,47.0,0.0
BT,Bhutan,2022,wheat,11.0,11.0,0.0
BT,Bhutan,2023,maize,69.0,69.0,0.0
BT,Bhutan,2024,maize,70.0,70.0,0.0
BT,Bhutan,2025,maize,71.0,71.0,0.0
BT,Bhutan,2026,maize,70.0,70.0,0.0
BU,Bulgaria,1960,maize,1462.0,488.0,974.0
BU,Bulgaria,1960,rice,28.0,0.0,0.0
BU,Bulgaria,1960,wheat,2387.0,2124.0,263.0
BU,Bulgaria,1961,maize,1378.0,346.0,1032.0
BU,Bulgaria,1961,rice,35.0,0.0,0.0
BU,Bulgaria,1961,wheat,2152.0,1949.0,203.0
BU,Bulgaria,1962,maize,1587.0,435.0,1152.0
BU,Bulgaria,1962,rice,44.0,0.0,0.0
BU,Bulgaria,1962,wheat,2250.0,2034.0,216.0
BU,Bulgaria,1963,maize,1595.0,412.0,1183.0
BU,Bulgaria,1963,rice,38.0,0.0,0.0
BU,Bulgaria,1963,wheat,2295.0,1725.0,570.0
BU,Bulgaria,1964,maize,2042.0,564.0,1478.0
BU,Bulgaria,1964,rice,37.0,0.0,0.0
BU,Bulgaria,1964,wheat,2260.0,2177.0,83.0
BU,Bulgaria,1965,maize,1127.0,746.0,381.0
BU,Bulgaria,1965,rice,36.0,0.0,0.0
BU,Bulgaria,1965,wheat,2838.0,1959.0,879.0
BU,Bulgaria,1966,maize,1926.0,497.0,1429.0
BU,Bulgaria,1966,rice,44.0,0.0,0.0
BU,Bulgaria,1966,wheat,2661.0,2175.0,486.0
BU,Bulgaria,1967,maize,1886.0,245.0,1641.0
BU,Bulgaria,1967,rice,68.0,0.0,0.0
BU,Bulgaria,1967,wheat,3157.0,1938.0,1219.0
BU,Bulgaria,1968,maize,1553.0,235.0,1318.0
BU,Bulgaria,1968,rice,37.0,0.0,0.0
BU,Bulgaria,1968,wheat,2712.0,1902.0,810.0
BU,Bulgaria,1969,maize,2165.0,630.0,1535.0
BU,Bulgaria,1969,rice,38.0,0.0,0.0
BU,Bulgaria,1969,wheat,2406.0,1965.0,441.0
BU,Bulgaria,1970,maize,2178.0,468.0,1710.0
BU,Bulgaria,1970,rice,43.0,0.0,0.0
BU,Bulgaria,1970,wheat,2872.0,2163.0,709.0
BU,Bulgaria,1971,maize,2233.0,239.0,1994.0
BU,Bulgaria,1971,rice,44.0,0.0,0.0
BU,Bulgaria,1971,wheat,2586.0,1921.0,665.0
BU,Bulgaria,1972,maize,2913.0,941.0,1972.0
BU,Bulgaria,1972,rice,35.0,0.0,0.0
BU,Bulgaria,1972,wheat,3362.0,2639.0,723.0
BU,Bulgaria,1973,maize,2935.0,904.0,2031.0
BU,Bulgaria,1973,rice,48.0,0.0,0.0
BU,Bulgaria,1973,wheat,3196.0,2615.0,581.0
BU,Bulgaria,1974,maize,1766.0,98.0,1668.0
BU,Bulgaria,1974,rice,43.0,0.0,0.0
BU,Bulgaria,1974,wheat,3026.0,1831.0,1195.0
BU,Bulgaria,1975,maize,3043.0,362.0,2681.0
BU,Bulgaria,1975,rice,52.0,0.0,0.0
BU,Bulgaria,1975,wheat,2775.0,2214.0,561.0
BU,Bulgaria,1976,maize,2921.0,371.0,2550.0
BU,Bulgaria,1976,rice,34.0,0.0,0.0
BU,Bulgaria,1976,wheat,3359.0,2389.0,970.0
BU,Bulgaria,1977,maize,3031.0,361.0,2670.0
BU,Bulgaria,1977,rice,52.0,0.0,0.0
BU,Bulgaria,1977,wheat,3242.0,2307.0,935.0
BU,Bulgaria,1978,maize,2451.0,51.0,2400.0
BU,Bulgaria,1978,rice,47.0,0.0,0.0
BU,Bulgaria,1978,wheat,3449.0,2559.0,890.0
BU,Bulgaria,1979,maize,3786.0,586.0,3200.0
BU,Bulgaria,1979,rice,56.0,0.0,0.0
BU,Bulgaria,1979,wheat,2876.0,2236.0,640.0
BU,Bulgaria,1980,maize,3066.0,66.0,3000.0
BU,Bulgaria,1980,rice,49.0,0.0,0.0
BU,Bulgaria,1980,wheat,3553.0,2653.0,900.0
BU,Bulgaria,1981,maize,3211.0,211.0,3000.0
BU,Bulgaria,1981,rice,49.0,0.0,0.0
BU,Bulgaria,1981,wheat,3848.0,2748.0,1100.0
BU,Bulgaria,1982,maize,3618.0,418.0,3200.0
BU,Bulgaria,1982,rice,50.0,0.0,0.0
BU,Bulgaria,1982,wheat,3913.0,2713.0,1200.0
BU,Bulgaria,1983,maize,3315.0,215.0,3100.0
BU,Bulgaria,1983,rice,49.0,0.0,0.0
BU,Bulgaria,1983,wheat,3700.0,2500.0,1200.0
BU,Bulgaria,1984,maize,3294.0,194.0,3100.0
BU,Bulgaria,1984,rice,58.0,0.0,0.0
BU,Bulgaria,1984,wheat,4536.0,2836.0,1700.0
BU,Bulgaria,1985,maize,1950.0,150.0,1800.0
BU,Bulgaria,1985,rice,46.0,0.0,0.0
BU,Bulgaria,1985,wheat,2779.0,1779.0,1000.0
BU,Bulgaria,1986,maize,2716.0,216.0,2500.0
BU,Bulgaria,1986,rice,71.0,0.0,0.0
BU,Bulgaria,1986,wheat,3637.0,2337.0,1300.0
BU,Bulgaria,1987,maize,2610.0,460.0,2150.0
BU,Bulgaria,1987,rice,50.0,0.0,0.0
BU,Bulgaria,1987,wheat,4349.0,2649.0,1700.0
BU,Bulgaria,1988,maize,2817.0,617.0,2200.0
BU,Bulgaria,1988,rice,76.0,0.0,0.0
BU,Bulgaria,1988,wheat,4291.0,2591.0,1700.0
BU,Bulgaria,1989,maize,2444.0,344.0,2100.0
BU,Bulgaria,1989,rice,40.0,0.0,0.0
BU,Bulgaria,1989,wheat,5002.0,3202.0,1800.0
BU,Bulgaria,1990,maize,1640.0,140.0,1500.0
BU,Bulgaria,1990,rice,38.0,0.0,0.0
BU,Bulgaria,1990,wheat,5245.0,3145.0,2100.0
BU,Bulgaria,1991,maize,2647.0,1047.0,1600.0
BU,Bulgaria,1991,rice,32.0,0.0,0.0
BU,Bulgaria,1991,wheat,4446.0,2496.0,1950.0
BU,Bulgaria,1992,maize,1894.0,194.0,1700.0
BU,Bulgaria,1992,rice,24.0,0.0,0.0
BU,Bulgaria,1992,wheat,3261.0,2061.0,1200.0
BU,Bulgaria,1993,maize,1028.0,128.0,900.0
BU,Bulgaria,1993,rice,58.0,0.0,0.0
BU,Bulgaria,1993,wheat,3489.0,2389.0,1100.0
BU,Bulgaria,1994,maize,1386.0,136.0,1250.0
BU,Bulgaria,1994,rice,28.0,0.0,0.0
BU,Bulgaria,1994,wheat,3612.0,2512.0,1100.0
BU,Bulgaria,1995,maize,1472.0,127.0,1345.0
BU,Bulgaria,1995,rice,27.0,0.0,0.0
BU,Bulgaria,1995,wheat,2772.0,1972.0,800.0
BU,Bulgaria,1996,maize,1013.0,113.0,900.0
BU,Bulgaria,1996,rice,40.0,0.0,0.0
BU,Bulgaria,1996,wheat,2425.0,1875.0,550.0
BU,Bulgaria,1997,maize,1507.0,127.0,1380.0
BU,Bulgaria,1997,rice,50.0,0.0,0.0
BU,Bulgaria,1997,wheat,2528.0,1828.0,700.0
BU,Bulgaria,1998,maize,1138.0,108.0,1030.0
BU,Bulgaria,1998,rice,30.0,0.0,0.0
BU,Bulgaria,1998,wheat,2530.0,1830.0,700.0
BX,Brunei,1960,rice,9.0,0.0,0.0
BX,Brunei,1961,rice,9.0,0.0,0.0
BX,Brunei,1962,rice,9.0,0.0,0.0
BX,Brunei,1963,rice,10.0,0.0,0.0
BX,Brunei,1964,rice,11.0,0.0,0.0
BX,Brunei,1965,rice,9.0,0.0,0.0
BX,Brunei,1966,rice,11.0,0.0,0.0
BX,Brunei,1967,rice,14.0,0.0,0.0
BX,Brunei,1968,rice,15.0,0.0,0.0
BX,Brunei,1969,rice,15.0,0.0,0.0
BX,Brunei,1970,rice,15.0,0.0,0.0
BX,Brunei,1971,rice,12.0,0.0,0.0
BX,Brunei,1972,rice,13.0,0.0,0.0
BX,Brunei,1973,rice,14.0,0.0,0.0
BX,Brunei,1974,rice,15.0,0.0,0.0
BX,Brunei,1975,rice,17.0,0.0,0.0
BX,Brunei,1976,rice,15.0,0.0,0.0
BX,Brunei,1977,rice,20.0,0.0,0.0
BX,Brunei,1978,rice,20.0,0.0,0.0
BX,Brunei,1979,rice,17.0,0.0,0.0
BX,Brunei,1980,rice,20.0,0.0,0.0
BX,Brunei,1981,rice,27.0,0.0,0.0
BX,Brunei,1982,rice,17.0,0.0,0.0
BX,Brunei,1983,rice,22.0,0.0,0.0
BX,Brunei,1984,rice,18.0,0.0,0.0
BX,Brunei,1985,rice,22.0,0.0,0.0
BX,Brunei,1986,rice,26.0,0.0,0.0
BX,Brunei,1987,rice,24.0,0.0,0.0
BX,Brunei,1988,rice,20.0,0.0,0.0
BX,Brunei,1989,rice,18.0,0.0,0.0
BX,Brunei,1990,rice,35.0,0.0,0.0
BX,Brunei,1991,rice,26.0,0.0,0.0
BX,Brunei,1992,rice,31.0,0.0,0.0
BX,Brunei,1993,rice,31.0,0.0,0.0
BX,Brunei,1994,rice,28.0,0.0,0.0
BX,Brunei,1995,rice,32.0,0.0,0.0
BX,Brunei,1996,rice,41.0,0.0,0.0
BX,Brunei,1997,rice,37.0,0.0,0.0
BX,Brunei,1998,rice,42.0,0.0,0.0
BX,Brunei,1999,rice,38.0,0.0,0.0
BX,Brunei,2000,rice,35.0,0.0,0.0
BX,Brunei,2001,rice,31.0,0.0,0.0
BX,Brunei,2002,rice,33.0,0.0,0.0
BX,Brunei,2003,rice,24.0,0.0,0.0
BX,Brunei,2004,rice,32.0,0.0,0.0
BX,Brunei,2005,rice,41.0,0.0,0.0
BX,Brunei,2006,rice,45.0,0.0,0.0
BX,Brunei,2007,rice,37.0,0.0,0.0
BX,Brunei,2008,rice,32.0,0.0,0.0
BX,Brunei,2009,rice,36.0,0.0,0.0
BX,Brunei,2010,rice,41.0,0.0,0.0
BX,Brunei,2011,rice,53.0,0.0,0.0
BX,Brunei,2012,rice,33.0,0.0,0.0
BX,Brunei,2013,rice,55.0,0.0,0.0
BX,Brunei,2014,rice,44.0,0.0,0.0
BX,Brunei,2015,rice,51.0,0.0,0.0
BX,Brunei,2016,rice,42.0,0.0,0.0
BX,Brunei,2017,rice,47.0,0.0,0.0
BX,Brunei,2018,rice,48.0,0.0,0.0
BX,Brunei,2019,rice,39.0,0.0,0.0
BX,Brunei,2020,rice,27.0,0.0,0.0
BX,Brunei,2021,rice,29.0,0.0,0.0
BX,Brunei,2022,rice,22.0,0.0,0.0
BX,Brunei,2023,rice,33.0,0.0,0.0
BX,Brunei,2024,rice,37.0,0.0,0.0
BX,Brunei,2025,rice,41.0,0.0,0.0
BX,Brunei,2026,rice,46.0,0.0,0.0
BY,Burundi,1960,maize,90.0,90.0,0.0
BY,Burundi,1961,maize,90.0,90.0,0.0
BY,Burundi,1962,maize,93.0,93.0,0.0
BY,Burundi,1963,maize,92.0,92.0,0.0
BY,Burundi,1964,maize,109.0,109.0,0.0
BY,Burundi,1965,maize,108.0,108.0,0.0
BY,Burundi,1966,maize,110.0,110.0,0.0
BY,Burundi,1967,maize,116.0,116.0,0.0
BY,Burundi,1968,maize,120.0,120.0,0.0
BY,Burundi,1969,maize,237.0,237.0,0.0
BY,Burundi,1970,maize,182.0,182.0,0.0
BY,Burundi,1971,maize,247.0,247.0,0.0
BY,Burundi,1972,maize,250.0,250.0,0.0
BY,Burundi,1973,maize,184.0,184.0,0.0
BY,Burundi,1974,maize,180.0,180.0,0.0
BY,Burundi,1975,maize,175.0,175.0,0.0
BY,Burundi,1976,maize,175.0,175.0,0.0
BY,Burundi,1977,maize,140.0,140.0,0.0
BY,Burundi,1978,maize,160.0,160.0,0.0
BY,Burundi,1979,maize,135.0,135.0,0.0
BY,Burundi,1980,maize,140.0,140.0,0.0
BY,Burundi,1981,maize,147.0,147.0,0.0
BY,Burundi,1982,maize,144.0,144.0,0.0
BY,Burundi,1983,maize,148.0,148.0,0.0
BY,Burundi,1984,maize,139.0,139.0,0.0
BY,Burundi,1985,maize,150.0,150.0,0.0
BY,Burundi,1986,maize,160.0,160.0,0.0
BY,Burundi,1987,maize,155.0,155.0,0.0
BY,Burundi,1988,maize,160.0,160.0,0.0
BY,Burundi,1989,maize,150.0,150.0,0.0
BY,Burundi,1990,maize,190.0,190.0,0.0
BY,Burundi,1991,maize,190.0,190.0,0.0
BY,Burundi,1992,maize,178.0,178.0,0.0
BY,Burundi,1993,maize,179.0,179.0,0.0
BY,Burundi,1994,maize,136.0,136.0,0.0
BY,Burundi,1995,maize,150.0,150.0,0.0
BY,Burundi,1996,maize,145.0,145.0,0.0
BY,Burundi,1997,maize,145.0,145.0,0.0
BY,Burundi,1998,maize,139.0,139.0,0.0
BY,Burundi,1999,maize,130.0,130.0,0.0
BY,Burundi,2000,maize,125.0,125.0,0.0
BY,Burundi,2001,maize,124.0,124.0,0.0
BY,Burundi,2002,maize,115.0,115.0,0.0
BY,Burundi,2003,maize,127.0,127.0,0.0
BY,Burundi,2004,maize,178.0,178.0,0.0
BY,Burundi,2005,maize,143.0,143.0,0.0
BY,Burundi,2006,maize,149.0,149.0,0.0
BY,Burundi,2007,maize,135.0,135.0,0.0
BY,Burundi,2008,maize,126.0,126.0,0.0
BY,Burundi,2009,maize,121.0,121.0,0.0
BY,Burundi,2010,maize,132.0,132.0,0.0
BY,Burundi,2011,maize,137.0,137.0,0.0
BY,Burundi,2012,maize,181.0,181.0,0.0
BY,Burundi,2013,maize,172.0,172.0,0.0
BY,Burundi,2014,maize,178.0,178.0,0.0
BY,Burundi,2015,maize,211.0,211.0,0.0
BY,Burundi,2016,maize,254.0,254.0,0.0
BY,Burundi,2017,maize,238.0,238.0,0.0
BY,Burundi,2018,maize,290.0,280.0,10.0
BY,Burundi,2019,maize,285.0,275.0,10.0
BY,Burundi,2020,maize,395.0,375.0,20.0
BY,Burundi,2021,maize,610.0,570.0,40.0
BY,Burundi,2022,maize,775.0,725.0,50.0
BY,Burundi,2023,maize,630.0,590.0,40.0
BY,Burundi,2024,maize,600.0,560.0,40.0
BY,Burundi,2025,maize,610.0,570.0,40.0
BY,Burundi,2026,maize,610.0,570.0,40.0
CA,Canada,1960,maize,1114.0,370.0,744.0
CA,Canada,1960,rice,48.0,0.0,0.0
CA,Canada,1960,wheat,4256.0,2561.0,1695.0
CA,Canada,1961,maize,1332.0,379.0,953.0
CA,Canada,1961,rice,39.0,0.0,0.0
CA,Canada,1961,wheat,3882.0,2680.0,1202.0
CA,Canada,1962,maize,1690.0,439.0,1251.0
CA,Canada,1962,rice,39.0,0.0,0.0
CA,Canada,1962,wheat,3756.0,2553.0,1203.0
CA,Canada,1963,maize,1471.0,459.0,1012.0
CA,Canada,1963,rice,47.0,0.0,0.0
CA,Canada,1963,wheat,4266.0,2803.0,1463.0
CA,Canada,1964,maize,1701.0,484.0,1217.0
CA,Canada,1964,rice,46.0,0.0,0.0
CA,Canada,1964,wheat,4016.0,2740.0,1276.0
CA,Canada,1965,maize,2073.0,525.0,1548.0
CA,Canada,1965,rice,54.0,0.0,0.0
CA,Canada,1965,wheat,4284.0,2919.0,1365.0
CA,Canada,1966,maize,2211.0,523.0,1688.0
CA,Canada,1966,rice,39.0,0.0,0.0
CA,Canada,1966,wheat,4365.0,2802.0,1563.0
CA,Canada,1967,maize,2663.0,529.0,2134.0
CA,Canada,1967,rice,41.0,0.0,0.0
CA,Canada,1967,wheat,4250.0,2789.0,1461.0
CA,Canada,1968,maize,2828.0,537.0,2291.0
CA,Canada,1968,rice,42.0,0.0,0.0
CA,Canada,1968,wheat,4486.0,2739.0,1747.0
CA,Canada,1969,maize,2580.0,661.0,1919.0
CA,Canada,1969,rice,42.0,0.0,0.0
CA,Canada,1969,wheat,4568.0,2260.0,2308.0
CA,Canada,1970,maize,2942.0,659.0,2283.0
CA,Canada,1970,rice,48.0,0.0,0.0
CA,Canada,1970,wheat,4650.0,2494.0,2156.0
CA,Canada,1971,maize,3049.0,663.0,2386.0
CA,Canada,1971,rice,71.0,0.0,0.0
CA,Canada,1971,wheat,4795.0,2586.0,2209.0
CA,Canada,1972,maize,3352.0,706.0,2646.0
CA,Canada,1972,rice,66.0,0.0,0.0
CA,Canada,1972,wheat,4764.0,2703.0,2061.0
CA,Canada,1973,maize,4031.0,720.0,3311.0
CA,Canada,1973,rice,66.0,0.0,0.0
CA,Canada,1973,wheat,4601.0,2683.0,1918.0
CA,Canada,1974,maize,3766.0,717.0,3049.0
CA,Canada,1974,rice,56.0,0.0,0.0
CA,Canada,1974,wheat,4607.0,2908.0,1699.0
CA,Canada,1975,maize,3609.0,433.0,3176.0
CA,Canada,1975,rice,60.0,0.0,0.0
CA,Canada,1975,wheat,4641.0,2826.0,1815.0
CA,Canada,1976,maize,3936.0,756.0,3180.0
CA,Canada,1976,rice,66.0,0.0,0.0
CA,Canada,1976,wheat,5045.0,3295.0,1750.0
CA,Canada,1977,maize,4341.0,799.0,3542.0
CA,Canada,1977,rice,89.0,0.0,0.0
CA,Canada,1977,wheat,5068.0,3581.0,1487.0
CA,Canada,1978,maize,4459.0,815.0,3644.0
CA,Canada,1978,rice,89.0,0.0,0.0
CA,Canada,1978,wheat,5290.0,2851.0,2439.0
CA,Canada,1979,maize,5561.0,920.0,4641.0
CA,Canada,1979,rice,90.0,0.0,0.0
CA,Canada,1979,wheat,5490.0,2953.0,2537.0
CA,Canada,1980,maize,6172.0,1059.0,5113.0
CA,Canada,1980,rice,99.0,0.0,0.0
CA,Canada,1980,wheat,5240.0,3065.0,2175.0
CA,Canada,1981,maize,6449.0,1147.0,5302.0
CA,Canada,1981,rice,99.0,0.0,0.0
CA,Canada,1981,wheat,5152.0,3150.0,2002.0
CA,Canada,1982,maize,6351.0,1143.0,5208.0
CA,Canada,1982,rice,99.0,0.0,0.0
CA,Canada,1982,wheat,5087.0,3272.0,1815.0
CA,Canada,1983,maize,6340.0,1268.0,5072.0
CA,Canada,1983,rice,105.0,0.0,0.0
CA,Canada,1983,wheat,5483.0,3237.0,2246.0
CA,Canada,1984,maize,6444.0,1172.0,5272.0
CA,Canada,1984,rice,108.0,0.0,0.0
CA,Canada,1984,wheat,5239.0,3257.0,1982.0
CA,Canada,1985,maize,6688.0,1265.0,5423.0
CA,Canada,1985,rice,87.0,0.0,0.0
CA,Canada,1985,wheat,5598.0,3538.0,2060.0
CA,Canada,1986,maize,6642.0,1204.0,5438.0
CA,Canada,1986,rice,85.0,0.0,0.0
CA,Canada,1986,wheat,6452.0,3614.0,2838.0
CA,Canada,1987,maize,6883.0,1183.0,5700.0
CA,Canada,1987,rice,113.0,0.0,0.0
CA,Canada,1987,wheat,7887.0,3449.0,4438.0
CA,Canada,1988,maize,6654.0,1406.0,5248.0
CA,Canada,1988,rice,115.0,0.0,0.0
CA,Canada,1988,wheat,5803.0,3543.0,2260.0
CA,Canada,1989,maize,6972.0,1060.0,5912.0
CA,Canada,1989,rice,155.0,0.0,0.0
CA,Canada,1989,wheat,6537.0,4373.0,2164.0
CA,Canada,1990,maize,7057.0,1273.0,5784.0
CA,Canada,1990,rice,189.0,0.0,0.0
CA,Canada,1990,wheat,6576.0,3657.0,2919.0
CA,Canada,1991,maize,6675.0,1273.0,5402.0
CA,Canada,1991,rice,175.0,0.0,0.0
CA,Canada,1991,wheat,7779.0,3609.0,4170.0
CA,Canada,1992,maize,6209.0,1374.0,4835.0
CA,Canada,1992,rice,184.0,0.0,0.0
CA,Canada,1992,wheat,8148.0,3713.0,4435.0
CA,Canada,1993,maize,7454.0,1500.0,5954.0
CA,Canada,1993,rice,187.0,0.0,0.0
CA,Canada,1993,wheat,9352.0,3041.0,6311.0
CA,Canada,1994,maize,7785.0,1500.0,6285.0
CA,Canada,1994,rice,217.0,0.0,0.0
CA,Canada,1994,wheat,7643.0,2530.0,5113.0
CA,Canada,1995,maize,7482.0,1550.0,5932.0
CA,Canada,1995,rice,225.0,0.0,0.0
CA,Canada,1995,wheat,7758.0,2603.0,5155.0
CA,Canada,1996,maize,7810.0,1405.0,6405.0
CA,Canada,1996,rice,240.0,0.0,0.0
CA,Canada,1996,wheat,8222.0,3833.0,4389.0
CA,Canada,1997,maize,8599.0,1415.0,7184.0
CA,Canada,1997,rice,245.0,0.0,0.0
CA,Canada,1997,wheat,7315.0,3785.0,3530.0
CA,Canada,1998,maize,9029.0,1480.0,7549.0
CA,Canada,1998,rice,248.0,0.0,0.0
CA,Canada,1998,wheat,8113.0,3860.0,4253.0
CA,Canada,1999,maize,9055.0,1550.0,7505.0
CA,Canada,1999,rice,251.0,0.0,0.0
CA,Canada,1999,wheat,8092.0,4030.0,4062.0
CA,Canada,2000,maize,10250.0,2180.0,8070.0
CA,Canada,2000,rice,255.0,0.0,0.0
CA,Canada,2000,wheat,7060.0,4065.0,2995.0
CA,Canada,2001,maize,11965.0,2320.0,9645.0
CA,Canada,2001,rice,229.0,0.0,0.0
CA,Canada,2001,wheat,7808.0,4171.0,3637.0
CA,Canada,2002,maize,12576.0,2420.0,10156.0
CA,Canada,2002,rice,242.0,0.0,0.0
CA,Canada,2002,wheat,7735.0,4223.0,3512.0
CA,Canada,2003,maize,11212.0,2430.0,8782.0
CA,Canada,2003,rice,285.0,0.0,0.0
CA,Canada,2003,wheat,7179.0,4048.0,3131.0
CA,Canada,2004,maize,10308.0,2405.0,7903.0
CA,Canada,2004,rice,321.0,0.0,0.0
CA,Canada,2004,wheat,8240.0,4406.0,3834.0
CA,Canada,2005,maize,10804.0,2290.0,8514.0
CA,Canada,2005,rice,333.0,0.0,0.0
CA,Canada,2005,wheat,8237.0,4420.0,3817.0
CA,Canada,2006,maize,11442.0,2995.0,8447.0
CA,Canada,2006,rice,341.0,0.0,0.0
CA,Canada,2006,wheat,8984.0,4528.0,4456.0
CA,Canada,2007,maize,13769.0,3585.0,10184.0
CA,Canada,2007,rice,388.0,0.0,0.0
CA,Canada,2007,wheat,6853.0,4230.0,2623.0
CA,Canada,2008,maize,11738.0,4130.0,7608.0
CA,Canada,2008,rice,326.0,0.0,0.0
CA,Canada,2008,wheat,7849.0,4866.0,2983.0
CA,Canada,2009,maize,11868.0,4610.0,7258.0
CA,Canada,2009,rice,358.0,0.0,0.0
CA,Canada,2009,wheat,7241.0,4863.0,2378.0
CA,Canada,2010,maize,11761.0,4965.0,6796.0
CA,Canada,2010,rice,322.0,0.0,0.0
CA,Canada,2010,wheat,7521.0,4971.0,2550.0
CA,Canada,2011,maize,11637.0,5225.0,6412.0
CA,Canada,2011,rice,347.0,0.0,0.0
CA,Canada,2011,wheat,9824.0,5247.0,4577.0
CA,Canada,2012,maize,11604.0,5330.0,6274.0
CA,Canada,2012,rice,358.0,0.0,0.0
CA,Canada,2012,wheat,9567.0,5093.0,4474.0
CA,Canada,2013,maize,12675.0,5180.0,7495.0
CA,Canada,2013,rice,373.0,0.0,0.0
CA,Canada,2013,wheat,9454.0,5233.0,4221.0
CA,Canada,2014,maize,12823.0,5397.0,7426.0
CA,Canada,2014,rice,353.0,0.0,0.0
CA,Canada,2014,wheat,9118.0,5143.0,3975.0
CA,Canada,2015,maize,12237.0,5281.0,6956.0
CA,Canada,2015,rice,342.0,0.0,0.0
CA,Canada,2015,wheat,7987.0,5168.0,2819.0
CA,Canada,2016,maize,12818.0,5202.0,7616.0
CA,Canada,2016,rice,354.0,0.0,0.0
CA,Canada,2016,wheat,10672.0,4994.0,5678.0
CA,Canada,2017,maize,13909.0,5189.0,8720.0
CA,Canada,2017,rice,363.0,0.0,0.0
CA,Canada,2017,wheat,9031.0,5087.0,3944.0
CA,Canada,2018,maize,15088.0,5805.0,9283.0
CA,Canada,2018,rice,404.0,0.0,0.0
CA,Canada,2018,wheat,9097.0,4989.0,4108.0
CA,Canada,2019,maize,13958.0,5317.0,8641.0
CA,Canada,2019,rice,456.0,0.0,0.0
CA,Canada,2019,wheat,9754.0,5134.0,4620.0
CA,Canada,2020,maize,13976.0,5391.0,8585.0
CA,Canada,2020,rice,412.0,0.0,0.0
CA,Canada,2020,wheat,9100.0,4943.0,4157.0
CA,Canada,2021,maize,17984.0,5813.0,12171.0
CA,Canada,2021,rice,443.0,0.0,0.0
CA,Canada,2021,wheat,9620.0,4990.0,4630.0
CA,Canada,2022,maize,14897.0,5343.0,9554.0
CA,Canada,2022,rice,413.0,0.0,0.0
CA,Canada,2022,wheat,8268.0,5140.0,3128.0
CA,Canada,2023,maize,15718.0,6015.0,9703.0
CA,Canada,2023,rice,459.0,0.0,0.0
CA,Canada,2023,wheat,8938.0,5131.0,3807.0
CA,Canada,2024,maize,14439.0,5864.0,8575.0
CA,Canada,2024,rice,458.0,0.0,0.0
CA,Canada,2024,wheat,8312.0,5304.0,3008.0
CA,Canada,2025,maize,15200.0,6000.0,9200.0
CA,Canada,2025,rice,455.0,0.0,0.0
CA,Canada,2025,wheat,8850.0,5350.0,3500.0
CA,Canada,2026,maize,15400.0,6000.0,9400.0
CA,Canada,2026,rice,475.0,0.0,0.0
CA,Canada,2026,wheat,8850.0,5350.0,3500.0
CB,Cambodia,1960,maize,34.0,34.0,0.0
CB,Cambodia,1960,rice,1279.0,0.0,0.0
CB,Cambodia,1961,maize,46.0,46.0,0.0
CB,Cambodia,1961,rice,1418.0,0.0,0.0
CB,Cambodia,1962,maize,52.0,52.0,0.0
CB,Cambodia,1962,rice,947.0,0.0,0.0
CB,Cambodia,1963,maize,118.0,118.0,0.0
CB,Cambodia,1963,rice,1213.0,0.0,0.0
CB,Cambodia,1964,maize,39.0,39.0,0.0
CB,Cambodia,1964,rice,1321.0,0.0,0.0
CB,Cambodia,1965,maize,35.0,35.0,0.0
CB,Cambodia,1965,rice,1459.0,0.0,0.0
CB,Cambodia,1966,maize,44.0,44.0,0.0
CB,Cambodia,1966,rice,1344.0,0.0,0.0
CB,Cambodia,1967,maize,74.0,74.0,0.0
CB,Cambodia,1967,rice,1403.0,0.0,0.0
CB,Cambodia,1968,maize,45.0,45.0,0.0
CB,Cambodia,1968,rice,2032.0,0.0,0.0
CB,Cambodia,1969,maize,83.0,83.0,0.0
CB,Cambodia,1969,rice,1450.0,0.0,0.0
CB,Cambodia,1970,maize,86.0,86.0,0.0
CB,Cambodia,1970,rice,2467.0,0.0,0.0
CB,Cambodia,1971,maize,80.0,80.0,0.0
CB,Cambodia,1971,rice,1850.0,0.0,0.0
CB,Cambodia,1972,maize,73.0,73.0,0.0
CB,Cambodia,1972,rice,1409.0,0.0,0.0
CB,Cambodia,1973,maize,70.0,70.0,0.0
CB,Cambodia,1973,rice,908.0,0.0,0.0
CB,Cambodia,1974,maize,70.0,70.0,0.0
CB,Cambodia,1974,rice,763.0,0.0,0.0
CB,Cambodia,1975,maize,70.0,70.0,0.0
CB,Cambodia,1975,rice,648.0,0.0,0.0
CB,Cambodia,1976,maize,75.0,75.0,0.0
CB,Cambodia,1976,rice,640.0,0.0,0.0
CB,Cambodia,1977,maize,80.0,80.0,0.0
CB,Cambodia,1977,rice,581.0,0.0,0.0
CB,Cambodia,1978,maize,80.0,80.0,0.0
CB,Cambodia,1978,rice,800.0,0.0,0.0
CB,Cambodia,1979,maize,85.0,85.0,0.0
CB,Cambodia,1979,rice,640.0,0.0,0.0
CB,Cambodia,1980,maize,100.0,100.0,0.0
CB,Cambodia,1980,rice,1212.0,0.0,0.0
CB,Cambodia,1981,maize,98.0,98.0,0.0
CB,Cambodia,1981,rice,975.0,0.0,0.0
CB,Cambodia,1982,maize,46.0,46.0,0.0
CB,Cambodia,1982,rice,1228.0,0.0,0.0
CB,Cambodia,1983,maize,40.0,40.0,0.0
CB,Cambodia,1983,rice,1292.0,0.0,0.0
CB,Cambodia,1984,maize,40.0,40.0,0.0
CB,Cambodia,1984,rice,797.0,0.0,0.0
CB,Cambodia,1985,maize,40.0,40.0,0.0
CB,Cambodia,1985,rice,1157.0,0.0,0.0
CB,Cambodia,1986,maize,40.0,40.0,0.0
CB,Cambodia,1986,rice,1319.0,0.0,0.0
CB,Cambodia,1987,maize,40.0,40.0,0.0
CB,Cambodia,1987,rice,1143.0,0.0,0.0
CB,Cambodia,1988,maize,40.0,40.0,0.0
CB,Cambodia,1988,rice,1592.0,0.0,0.0
CB,Cambodia,1989,maize,55.0,55.0,0.0
CB,Cambodia,1989,rice,1683.0,0.0,0.0
CB,Cambodia,1990,maize,88.0,88.0,0.0
CB,Cambodia,1990,rice,1630.0,0.0,0.0
CB,Cambodia,1991,maize,60.0,60.0,0.0
CB,Cambodia,1991,rice,1533.0,0.0,0.0
CB,Cambodia,1992,maize,60.0,60.0,0.0
CB,Cambodia,1992,rice,1434.0,0.0,0.0
CB,Cambodia,1993,maize,40.0,40.0,0.0
CB,Cambodia,1993,rice,1510.0,0.0,0.0
CB,Cambodia,1994,maize,44.0,44.0,0.0
CB,Cambodia,1994,rice,1426.0,0.0,0.0
CB,Cambodia,1995,maize,52.0,52.0,0.0
CB,Cambodia,1995,rice,2196.0,0.0,0.0
CB,Cambodia,1996,maize,64.0,64.0,0.0
CB,Cambodia,1996,rice,2152.0,0.0,0.0
CB,Cambodia,1997,maize,47.0,47.0,0.0
CB,Cambodia,1997,rice,2193.0,0.0,0.0
CB,Cambodia,1998,maize,49.0,49.0,0.0
CB,Cambodia,1998,rice,2240.0,0.0,0.0
CB,Cambodia,1999,maize,95.0,95.0,0.0
CB,Cambodia,1999,rice,2583.0,0.0,0.0
CB,Cambodia,2000,maize,157.0,157.0,0.0
CB,Cambodia,2000,rice,2575.0,0.0,0.0
CB,Cambodia,2001,maize,186.0,186.0,0.0
CB,Cambodia,2001,rice,2625.0,0.0,0.0
CB,Cambodia,2002,maize,149.0,149.0,0.0
CB,Cambodia,2002,rice,2463.0,0.0,0.0
CB,Cambodia,2003,maize,75.0,25.0,50.0
CB,Cambodia,2003,rice,2733.0,0.0,0.0
CB,Cambodia,2004,maize,75.0,25.0,50.0
CB,Cambodia,2004,rice,2777.0,0.0,0.0
CB,Cambodia,2005,maize,75.0,25.0,50.0
CB,Cambodia,2005,rice,2870.0,0.0,0.0
CB,Cambodia,2006,maize,100.0,50.0,50.0
CB,Cambodia,2006,rice,2960.0,0.0,0.0
CB,Cambodia,2007,maize,300.0,250.0,50.0
CB,Cambodia,2007,rice,3000.0,0.0,0.0
CB,Cambodia,2008,maize,350.0,300.0,50.0
CB,Cambodia,2008,rice,3220.0,0.0,0.0
CB,Cambodia,2009,maize,700.0,600.0,100.0
CB,Cambodia,2009,rice,3270.0,0.0,0.0
CB,Cambodia,2010,maize,600.0,500.0,100.0
CB,Cambodia,2010,rice,3400.0,0.0,0.0
CB,Cambodia,2011,maize,500.0,400.0,100.0
CB,Cambodia,2011,rice,3600.0,0.0,0.0
CB,Cambodia,2012,maize,700.0,600.0,100.0
CB,Cambodia,2012,rice,3900.0,0.0,0.0
CB,Cambodia,2013,maize,600.0,500.0,100.0
CB,Cambodia,2013,rice,4000.0,0.0,0.0
CB,Cambodia,2014,maize,600.0,350.0,250.0
CB,Cambodia,2014,rice,3900.0,0.0,0.0
CB,Cambodia,2015,maize,450.0,350.0,100.0
CB,Cambodia,2015,rice,3900.0,0.0,0.0
CB,Cambodia,2016,maize,350.0,200.0,150.0
CB,Cambodia,2016,rice,4000.0,0.0,0.0
CB,Cambodia,2017,maize,450.0,200.0,250.0
CB,Cambodia,2017,rice,4100.0,0.0,0.0
CB,Cambodia,2018,maize,650.0,200.0,450.0
CB,Cambodia,2018,rice,4150.0,0.0,0.0
CB,Cambodia,2019,maize,800.0,200.0,600.0
CB,Cambodia,2019,rice,4150.0,0.0,0.0
CB,Cambodia,2020,maize,600.0,200.0,400.0
CB,Cambodia,2020,rice,4100.0,0.0,0.0
CB,Cambodia,2021,maize,650.0,200.0,450.0
CB,Cambodia,2021,rice,4100.0,0.0,0.0
CB,Cambodia,2022,maize,650.0,200.0,450.0
CB,Cambodia,2022,rice,4200.0,0.0,0.0
CB,Cambodia,2023,maize,1005.0,205.0,800.0
CB,Cambodia,2023,rice,4350.0,0.0,0.0
CB,Cambodia,2024,maize,700.0,200.0,500.0
CB,Cambodia,2024,rice,4450.0,0.0,0.0
CB,Cambodia,2025,maize,800.0,200.0,600.0
CB,Cambodia,2025,rice,4525.0,0.0,0.0
CB,Cambodia,2026,maize,900.0,200.0,700.0
CB,Cambodia,2026,rice,4575.0,0.0,0.0
CD,Chad,1960,rice,17.0,0.0,0.0
CD,Chad,1961,rice,16.0,0.0,0.0
CD,Chad,1962,rice,16.0,0.0,0.0
CD,Chad,1963,rice,23.0,0.0,0.0
CD,Chad,1964,rice,26.0,0.0,0.0
CD,Chad,1965,rice,17.0,0.0,0.0
CD,Chad,1966,rice,25.0,0.0,0.0
CD,Chad,1967,rice,22.0,0.0,0.0
CD,Chad,1968,rice,24.0,0.0,0.0
CD,Chad,1969,rice,25.0,0.0,0.0
CD,Chad,1970,rice,27.0,0.0,0.0
CD,Chad,1971,rice,35.0,0.0,0.0
CD,Chad,1972,rice,19.0,0.0,0.0
CD,Chad,1973,rice,24.0,0.0,0.0
CD,Chad,1974,rice,25.0,0.0,0.0
CD,Chad,1975,rice,26.0,0.0,0.0
CD,Chad,1975,wheat,5.0,5.0,0.0
CD,Chad,1976,rice,36.0,0.0,0.0
CD,Chad,1976,wheat,6.0,6.0,0.0
CD,Chad,1977,rice,17.0,0.0,0.0
CD,Chad,1977,wheat,4.0,4.0,0.0
CD,Chad,1978,rice,31.0,0.0,0.0
CD,Chad,1978,wheat,5.0,5.0,0.0
CD,Chad,1979,rice,49.0,0.0,0.0
CD,Chad,1979,wheat,6.0,6.0,0.0
CD,Chad,1980,rice,31.0,0.0,0.0
CD,Chad,1980,wheat,6.0,6.0,0.0
CD,Chad,1981,rice,22.0,0.0,0.0
CD,Chad,1981,wheat,6.0,6.0,0.0
CD,Chad,1982,maize,30.0,30.0,0.0
CD,Chad,1982,rice,16.0,0.0,0.0
CD,Chad,1982,wheat,6.0,6.0,0.0
CD,Chad,1983,maize,31.0,31.0,0.0
CD,Chad,1983,rice,17.0,0.0,0.0
CD,Chad,1983,wheat,41.0,41.0,0.0
CD,Chad,1984,maize,68.0,68.0,0.0
CD,Chad,1984,rice,19.0,0.0,0.0
CD,Chad,1984,wheat,52.0,52.0,0.0
CD,Chad,1985,maize,39.0,39.0,0.0
CD,Chad,1985,rice,41.0,0.0,0.0
CD,Chad,1985,wheat,24.0,24.0,0.0
CD,Chad,1986,maize,53.0,53.0,0.0
CD,Chad,1986,rice,17.0,0.0,0.0
CD,Chad,1986,wheat,12.0,12.0,0.0
CD,Chad,1987,maize,45.0,45.0,0.0
CD,Chad,1987,rice,10.0,0.0,0.0
CD,Chad,1987,wheat,70.0,70.0,0.0
CD,Chad,1988,maize,62.0,62.0,0.0
CD,Chad,1988,rice,28.0,0.0,0.0
CD,Chad,1988,wheat,33.0,33.0,0.0
CD,Chad,1989,maize,45.0,45.0,0.0
CD,Chad,1989,rice,15.0,0.0,0.0
CD,Chad,1989,wheat,34.0,34.0,0.0
CD,Chad,1990,maize,40.0,40.0,0.0
CD,Chad,1990,rice,41.0,0.0,0.0
CD,Chad,1990,wheat,53.0,53.0,0.0
CD,Chad,1991,maize,70.0,70.0,0.0
CD,Chad,1991,rice,51.0,0.0,0.0
CD,Chad,1991,wheat,54.0,54.0,0.0
CD,Chad,1992,maize,90.0,90.0,0.0
CD,Chad,1992,rice,62.0,0.0,0.0
CD,Chad,1992,wheat,45.0,45.0,0.0
CD,Chad,1993,maize,100.0,100.0,0.0
CD,Chad,1993,rice,25.0,0.0,0.0
CD,Chad,1993,wheat,51.0,51.0,0.0
CD,Chad,1994,maize,94.0,94.0,0.0
CD,Chad,1994,rice,63.0,0.0,0.0
CD,Chad,1994,wheat,45.0,45.0,0.0
CD,Chad,1995,maize,60.0,60.0,0.0
CD,Chad,1995,rice,45.0,0.0,0.0
CD,Chad,1995,wheat,36.0,36.0,0.0
CD,Chad,1996,maize,75.0,75.0,0.0
CD,Chad,1996,rice,57.0,0.0,0.0
CD,Chad,1996,wheat,54.0,54.0,0.0
CD,Chad,1997,maize,100.0,100.0,0.0
CD,Chad,1997,rice,77.0,0.0,0.0
CD,Chad,1997,wheat,44.0,44.0,0.0
CD,Chad,1998,maize,170.0,170.0,0.0
CD,Chad,1998,rice,69.0,0.0,0.0
CD,Chad,1998,wheat,57.0,57.0,0.0
CD,Chad,1999,maize,100.0,100.0,0.0
CD,Chad,1999,rice,95.0,0.0,0.0
CD,Chad,1999,wheat,46.0,46.0,0.0
CD,Chad,2000,maize,64.0,64.0,0.0
CD,Chad,2000,rice,49.0,0.0,0.0
CD,Chad,2000,wheat,63.0,63.0,0.0
CD,Chad,2001,maize,105.0,105.0,0.0
CD,Chad,2001,rice,87.0,0.0,0.0
CD,Chad,2001,wheat,54.0,54.0,0.0
CD,Chad,2002,maize,85.0,85.0,0.0
CD,Chad,2002,rice,92.0,0.0,0.0
CD,Chad,2002,wheat,75.0,75.0,0.0
CD,Chad,2003,maize,118.0,118.0,0.0
CD,Chad,2003,rice,86.0,0.0,0.0
CD,Chad,2003,wheat,50.0,50.0,0.0
CD,Chad,2004,maize,107.0,107.0,0.0
CD,Chad,2004,rice,81.0,0.0,0.0
CD,Chad,2004,wheat,54.0,54.0,0.0
CD,Chad,2005,maize,201.0,151.0,50.0
CD,Chad,2005,rice,116.0,0.0,0.0
CD,Chad,2005,wheat,75.0,75.0,0.0
CD,Chad,2006,maize,209.0,159.0,50.0
CD,Chad,2006,rice,79.0,0.0,0.0
CD,Chad,2006,wheat,85.0,85.0,0.0
CD,Chad,2007,maize,225.0,175.0,50.0
CD,Chad,2007,rice,82.0,0.0,0.0
CD,Chad,2007,wheat,63.0,63.0,0.0
CD,Chad,2008,maize,251.0,201.0,50.0
CD,Chad,2008,rice,120.0,0.0,0.0
CD,Chad,2008,wheat,253.0,253.0,0.0
CD,Chad,2009,maize,234.0,184.0,50.0
CD,Chad,2009,rice,125.0,0.0,0.0
CD,Chad,2009,wheat,307.0,307.0,0.0
CD,Chad,2010,maize,225.0,175.0,50.0
CD,Chad,2010,rice,112.0,0.0,0.0
CD,Chad,2010,wheat,278.0,278.0,0.0
CD,Chad,2011,maize,324.0,274.0,50.0
CD,Chad,2011,rice,134.0,0.0,0.0
CD,Chad,2011,wheat,242.0,242.0,0.0
CD,Chad,2012,maize,450.0,400.0,50.0
CD,Chad,2012,rice,143.0,0.0,0.0
CD,Chad,2012,wheat,149.0,149.0,0.0
CD,Chad,2013,maize,450.0,400.0,50.0
CD,Chad,2013,rice,232.0,0.0,0.0
CD,Chad,2013,wheat,227.0,227.0,0.0
CD,Chad,2014,maize,375.0,325.0,50.0
CD,Chad,2014,rice,187.0,0.0,0.0
CD,Chad,2014,wheat,201.0,201.0,0.0
CD,Chad,2015,maize,375.0,325.0,50.0
CD,Chad,2015,rice,150.0,0.0,0.0
CD,Chad,2015,wheat,221.0,221.0,0.0
CD,Chad,2016,maize,425.0,350.0,75.0
CD,Chad,2016,rice,164.0,0.0,0.0
CD,Chad,2016,wheat,192.0,192.0,0.0
CD,Chad,2017,maize,425.0,350.0,75.0
CD,Chad,2017,rice,173.0,0.0,0.0
CD,Chad,2017,wheat,187.0,187.0,0.0
CD,Chad,2018,maize,425.0,350.0,75.0
CD,Chad,2018,rice,166.0,0.0,0.0
CD,Chad,2018,wheat,162.0,162.0,0.0
CD,Chad,2019,maize,425.0,350.0,75.0
CD,Chad,2019,rice,180.0,0.0,0.0
CD,Chad,2019,wheat,202.0,202.0,0.0
CD,Chad,2020,maize,425.0,350.0,75.0
CD,Chad,2020,rice,172.0,0.0,0.0
CD,Chad,2020,wheat,202.0,202.0,0.0
CD,Chad,2021,maize,390.0,350.0,40.0
CD,Chad,2021,rice,151.0,0.0,0.0
CD,Chad,2021,wheat,202.0,202.0,0.0
CD,Chad,2022,maize,365.0,325.0,40.0
CD,Chad,2022,rice,144.0,0.0,0.0
CD,Chad,2022,wheat,176.0,176.0,0.0
CD,Chad,2023,maize,365.0,325.0,40.0
CD,Chad,2023,rice,139.0,0.0,0.0
CD,Chad,2023,wheat,210.0,210.0,0.0
CD,Chad,2024,maize,390.0,350.0,40.0
CD,Chad,2024,rice,213.0,0.0,0.0
CD,Chad,2024,wheat,216.0,216.0,0.0
CD,Chad,2025,maize,440.0,400.0,40.0
CD,Chad,2025,rice,245.0,0.0,0.0
CD,Chad,2025,wheat,254.0,254.0,0.0
CD,Chad,2026,maize,390.0,350.0,40.0
CD,Chad,2026,rice,251.0,0.0,0.0
CD,Chad,2026,wheat,252.0,252.0,0.0
CE,Sri Lanka,1960,rice,1138.0,0.0,0.0
CE,Sri Lanka,1960,wheat,311.0,311.0,0.0
CE,Sri Lanka,1961,rice,1080.0,0.0,0.0
CE,Sri Lanka,1961,wheat,200.0,200.0,0.0
CE,Sri Lanka,1962,rice,1092.0,0.0,0.0
CE,Sri Lanka,1962,wheat,194.0,194.0,0.0
CE,Sri Lanka,1963,rice,1101.0,0.0,0.0
CE,Sri Lanka,1963,wheat,270.0,270.0,0.0
CE,Sri Lanka,1964,rice,1375.0,0.0,0.0
CE,Sri Lanka,1964,wheat,495.0,495.0,0.0
CE,Sri Lanka,1965,rice,1157.0,0.0,0.0
CE,Sri Lanka,1965,wheat,238.0,238.0,0.0
CE,Sri Lanka,1966,rice,1342.0,0.0,0.0
CE,Sri Lanka,1966,wheat,742.0,742.0,0.0
CE,Sri Lanka,1967,rice,1134.0,0.0,0.0
CE,Sri Lanka,1967,wheat,513.0,513.0,0.0
CE,Sri Lanka,1968,rice,1287.0,0.0,0.0
CE,Sri Lanka,1968,wheat,558.0,558.0,0.0
CE,Sri Lanka,1969,rice,1244.0,0.0,0.0
CE,Sri Lanka,1969,wheat,563.0,563.0,0.0
CE,Sri Lanka,1970,rice,1443.0,0.0,0.0
CE,Sri Lanka,1970,wheat,576.0,576.0,0.0
CE,Sri Lanka,1971,rice,1358.0,0.0,0.0
CE,Sri Lanka,1971,wheat,610.0,610.0,0.0
CE,Sri Lanka,1972,rice,1228.0,0.0,0.0
CE,Sri Lanka,1972,wheat,561.0,561.0,0.0
CE,Sri Lanka,1973,rice,1271.0,0.0,0.0
CE,Sri Lanka,1973,wheat,668.0,668.0,0.0
CE,Sri Lanka,1974,rice,1371.0,0.0,0.0
CE,Sri Lanka,1974,wheat,586.0,586.0,0.0
CE,Sri Lanka,1975,rice,1213.0,0.0,0.0
CE,Sri Lanka,1975,wheat,689.0,689.0,0.0
CE,Sri Lanka,1976,rice,1313.0,0.0,0.0
CE,Sri Lanka,1976,wheat,750.0,750.0,0.0
CE,Sri Lanka,1977,rice,1476.0,0.0,0.0
CE,Sri Lanka,1977,wheat,800.0,800.0,0.0
CE,Sri Lanka,1978,rice,1436.0,0.0,0.0
CE,Sri Lanka,1978,wheat,750.0,750.0,0.0
CE,Sri Lanka,1979,rice,1596.0,0.0,0.0
CE,Sri Lanka,1979,wheat,710.0,710.0,0.0
CE,Sri Lanka,1980,rice,1600.0,0.0,0.0
CE,Sri Lanka,1980,wheat,493.0,493.0,0.0
CE,Sri Lanka,1981,rice,1650.0,0.0,0.0
CE,Sri Lanka,1981,wheat,498.0,498.0,0.0
CE,Sri Lanka,1982,rice,1750.0,0.0,0.0
CE,Sri Lanka,1982,wheat,586.0,586.0,0.0
CE,Sri Lanka,1983,rice,1700.0,0.0,0.0
CE,Sri Lanka,1983,wheat,571.0,571.0,0.0
CE,Sri Lanka,1984,rice,1900.0,0.0,0.0
CE,Sri Lanka,1984,wheat,567.0,567.0,0.0
CE,Sri Lanka,1985,rice,1950.0,0.0,0.0
CE,Sri Lanka,1985,wheat,611.0,611.0,0.0
CE,Sri Lanka,1986,rice,1900.0,0.0,0.0
CE,Sri Lanka,1986,wheat,644.0,644.0,0.0
CE,Sri Lanka,1987,rice,1700.0,0.0,0.0
CE,Sri Lanka,1987,wheat,640.0,640.0,0.0
CE,Sri Lanka,1988,rice,1750.0,0.0,0.0
CE,Sri Lanka,1988,wheat,690.0,690.0,0.0
CE,Sri Lanka,1989,rice,1850.0,0.0,0.0
CE,Sri Lanka,1989,wheat,655.0,655.0,0.0
CE,Sri Lanka,1990,rice,1850.0,0.0,0.0
CE,Sri Lanka,1990,wheat,655.0,655.0,0.0
CE,Sri Lanka,1991,rice,1850.0,0.0,0.0
CE,Sri Lanka,1991,wheat,674.0,674.0,0.0
CE,Sri Lanka,1992,rice,1900.0,0.0,0.0
CE,Sri Lanka,1992,wheat,868.0,868.0,0.0
CE,Sri Lanka,1993,rice,1950.0,0.0,0.0
CE,Sri Lanka,1993,wheat,887.0,887.0,0.0
CE,Sri Lanka,1994,rice,1950.0,0.0,0.0
CE,Sri Lanka,1994,wheat,919.0,919.0,0.0
CE,Sri Lanka,1995,rice,1914.0,0.0,0.0
CE,Sri Lanka,1995,wheat,881.0,881.0,0.0
CE,Sri Lanka,1996,rice,1882.0,0.0,0.0
CE,Sri Lanka,1996,wheat,861.0,861.0,0.0
CE,Sri Lanka,1997,rice,1944.0,0.0,0.0
CE,Sri Lanka,1997,wheat,794.0,794.0,0.0
CE,Sri Lanka,1998,rice,2000.0,0.0,0.0
CE,Sri Lanka,1998,wheat,923.0,923.0,0.0
CE,Sri Lanka,1999,rice,2025.0,0.0,0.0
CE,Sri Lanka,1999,wheat,829.0,829.0,0.0
CE,Sri Lanka,2000,maize,150.0,100.0,50.0
CE,Sri Lanka,2000,rice,2020.0,0.0,0.0
CE,Sri Lanka,2000,wheat,750.0,750.0,0.0
CE,Sri Lanka,2001,maize,135.0,85.0,50.0
CE,Sri Lanka,2001,rice,2075.0,0.0,0.0
CE,Sri Lanka,2001,wheat,775.0,775.0,0.0
CE,Sri Lanka,2002,maize,180.0,120.0,60.0
CE,Sri Lanka,2002,rice,2100.0,0.0,0.0
CE,Sri Lanka,2002,wheat,800.0,800.0,0.0
CE,Sri Lanka,2003,maize,180.0,120.0,60.0
CE,Sri Lanka,2003,rice,2075.0,0.0,0.0
CE,Sri Lanka,2003,wheat,810.0,810.0,0.0
CE,Sri Lanka,2004,maize,170.0,110.0,60.0
CE,Sri Lanka,2004,rice,2139.0,0.0,0.0
CE,Sri Lanka,2004,wheat,850.0,850.0,0.0
CE,Sri Lanka,2005,maize,130.0,80.0,50.0
CE,Sri Lanka,2005,rice,2150.0,0.0,0.0
CE,Sri Lanka,2005,wheat,875.0,875.0,0.0
CE,Sri Lanka,2006,maize,150.0,100.0,50.0
CE,Sri Lanka,2006,rice,2152.0,0.0,0.0
CE,Sri Lanka,2006,wheat,885.0,885.0,0.0
CE,Sri Lanka,2007,maize,160.0,100.0,60.0
CE,Sri Lanka,2007,rice,2403.0,0.0,0.0
CE,Sri Lanka,2007,wheat,895.0,895.0,0.0
CE,Sri Lanka,2008,maize,160.0,100.0,60.0
CE,Sri Lanka,2008,rice,2600.0,0.0,0.0
CE,Sri Lanka,2008,wheat,875.0,875.0,0.0
CE,Sri Lanka,2009,maize,170.0,110.0,60.0
CE,Sri Lanka,2009,rice,2800.0,0.0,0.0
CE,Sri Lanka,2009,wheat,850.0,850.0,0.0
CE,Sri Lanka,2010,maize,140.0,90.0,50.0
CE,Sri Lanka,2010,rice,2600.0,0.0,0.0
CE,Sri Lanka,2010,wheat,850.0,850.0,0.0
CE,Sri Lanka,2011,maize,200.0,120.0,80.0
CE,Sri Lanka,2011,rice,2900.0,0.0,0.0
CE,Sri Lanka,2011,wheat,850.0,850.0,0.0
CE,Sri Lanka,2012,maize,210.0,130.0,80.0
CE,Sri Lanka,2012,rice,2800.0,0.0,0.0
CE,Sri Lanka,2012,wheat,850.0,850.0,0.0
CE,Sri Lanka,2013,maize,300.0,160.0,140.0
CE,Sri Lanka,2013,rice,2900.0,0.0,0.0
CE,Sri Lanka,2013,wheat,800.0,800.0,0.0
CE,Sri Lanka,2014,maize,350.0,200.0,150.0
CE,Sri Lanka,2014,rice,3000.0,0.0,0.0
CE,Sri Lanka,2014,wheat,850.0,850.0,0.0
CE,Sri Lanka,2015,maize,340.0,200.0,140.0
CE,Sri Lanka,2015,rice,3300.0,0.0,0.0
CE,Sri Lanka,2015,wheat,900.0,900.0,0.0
CE,Sri Lanka,2016,maize,330.0,200.0,130.0
CE,Sri Lanka,2016,rice,2950.0,0.0,0.0
CE,Sri Lanka,2016,wheat,975.0,975.0,0.0
CE,Sri Lanka,2017,maize,375.0,200.0,175.0
CE,Sri Lanka,2017,rice,2950.0,0.0,0.0
CE,Sri Lanka,2017,wheat,1075.0,1025.0,50.0
CE,Sri Lanka,2018,maize,375.0,200.0,175.0
CE,Sri Lanka,2018,rice,3050.0,0.0,0.0
CE,Sri Lanka,2018,wheat,1100.0,1050.0,50.0
CE,Sri Lanka,2019,maize,325.0,200.0,125.0
CE,Sri Lanka,2019,rice,3150.0,0.0,0.0
CE,Sri Lanka,2019,wheat,1270.0,1100.0,170.0
CE,Sri Lanka,2020,maize,472.0,200.0,272.0
CE,Sri Lanka,2020,rice,3300.0,0.0,0.0
CE,Sri Lanka,2020,wheat,1300.0,1200.0,100.0
CE,Sri Lanka,2021,maize,461.0,200.0,261.0
CE,Sri Lanka,2021,rice,3200.0,0.0,0.0
CE,Sri Lanka,2021,wheat,1175.0,1100.0,75.0
CE,Sri Lanka,2022,maize,430.0,200.0,230.0
CE,Sri Lanka,2022,rice,3200.0,0.0,0.0
CE,Sri Lanka,2022,wheat,1050.0,1000.0,50.0
CE,Sri Lanka,2023,maize,488.0,220.0,268.0
CE,Sri Lanka,2023,rice,3300.0,0.0,0.0
CE,Sri Lanka,2023,wheat,875.0,825.0,50.0
CE,Sri Lanka,2024,maize,535.0,220.0,315.0
CE,Sri Lanka,2024,rice,3350.0,0.0,0.0
CE,Sri Lanka,2024,wheat,950.0,900.0,50.0
CE,Sri Lanka,2025,maize,550.0,220.0,330.0
CE,Sri Lanka,2025,rice,3450.0,0.0,0.0
CE,Sri Lanka,2025,wheat,1150.0,1100.0,50.0
CE,Sri Lanka,2026,maize,550.0,220.0,330.0
CE,Sri Lanka,2026,rice,3550.0,0.0,0.0
CE,Sri Lanka,2026,wheat,1250.0,1200.0,50.0
CF,Congo (Brazzaville),1960,wheat,12.0,12.0,0.0
CF,Congo (Brazzaville),1961,wheat,12.0,12.0,0.0
CF,Congo (Brazzaville),1962,wheat,15.0,15.0,0.0
CF,Congo (Brazzaville),1963,wheat,16.0,16.0,0.0
CF,Congo (Brazzaville),1964,wheat,18.0,18.0,0.0
CF,Congo (Brazzaville),1965,wheat,17.0,17.0,0.0
CF,Congo (Brazzaville),1966,wheat,17.0,17.0,0.0
CF,Congo (Brazzaville),1967,wheat,20.0,20.0,0.0
CF,Congo (Brazzaville),1968,wheat,21.0,21.0,0.0
CF,Congo (Brazzaville),1969,wheat,24.0,24.0,0.0
CF,Congo (Brazzaville),1970,wheat,23.0,23.0,0.0
CF,Congo (Brazzaville),1971,wheat,33.0,33.0,0.0
CF,Congo (Brazzaville),1972,wheat,34.0,34.0,0.0
CF,Congo (Brazzaville),1973,wheat,29.0,29.0,0.0
CF,Congo (Brazzaville),1974,wheat,29.0,29.0,0.0
CF,Congo (Brazzaville),1975,wheat,29.0,29.0,0.0
CF,Congo (Brazzaville),1976,wheat,30.0,30.0,0.0
CF,Congo (Brazzaville),1977,maize,17.0,17.0,0.0
CF,Congo (Brazzaville),1977,wheat,54.0,54.0,0.0
CF,Congo (Brazzaville),1978,maize,10.0,10.0,0.0
CF,Congo (Brazzaville),1978,wheat,64.0,64.0,0.0
CF,Congo (Brazzaville),1979,maize,17.0,17.0,0.0
CF,Congo (Brazzaville),1979,wheat,60.0,60.0,0.0
CF,Congo (Brazzaville),1980,maize,11.0,11.0,0.0
CF,Congo (Brazzaville),1980,wheat,75.0,75.0,0.0
CF,Congo (Brazzaville),1981,maize,15.0,15.0,0.0
CF,Congo (Brazzaville),1981,wheat,75.0,75.0,0.0
CF,Congo (Brazzaville),1982,maize,15.0,15.0,0.0
CF,Congo (Brazzaville),1982,wheat,75.0,75.0,0.0
CF,Congo (Brazzaville),1983,maize,17.0,17.0,0.0
CF,Congo (Brazzaville),1983,wheat,102.0,102.0,0.0
CF,Congo (Brazzaville),1984,maize,22.0,22.0,0.0
CF,Congo (Brazzaville),1984,wheat,62.0,62.0,0.0
CF,Congo (Brazzaville),1985,maize,20.0,20.0,0.0
CF,Congo (Brazzaville),1985,wheat,77.0,77.0,0.0
CF,Congo (Brazzaville),1986,maize,24.0,24.0,0.0
CF,Congo (Brazzaville),1986,wheat,95.0,95.0,0.0
CF,Congo (Brazzaville),1987,maize,22.0,22.0,0.0
CF,Congo (Brazzaville),1987,wheat,102.0,102.0,0.0
CF,Congo (Brazzaville),1988,maize,21.0,21.0,0.0
CF,Congo (Brazzaville),1988,wheat,87.0,87.0,0.0
CF,Congo (Brazzaville),1989,maize,22.0,22.0,0.0
CF,Congo (Brazzaville),1989,wheat,63.0,63.0,0.0
CF,Congo (Brazzaville),1990,maize,20.0,20.0,0.0
CF,Congo (Brazzaville),1990,wheat,64.0,64.0,0.0
CF,Congo (Brazzaville),1991,maize,22.0,22.0,0.0
CF,Congo (Brazzaville),1991,wheat,75.0,75.0,0.0
CF,Congo (Brazzaville),1992,maize,20.0,20.0,0.0
CF,Congo (Brazzaville),1992,wheat,83.0,83.0,0.0
CF,Congo (Brazzaville),1993,maize,20.0,20.0,0.0
CF,Congo (Brazzaville),1993,wheat,75.0,75.0,0.0
CF,Congo (Brazzaville),1994,maize,20.0,20.0,0.0
CF,Congo (Brazzaville),1994,wheat,65.0,65.0,0.0
CF,Congo (Brazzaville),1995,maize,25.0,25.0,0.0
CF,Congo (Brazzaville),1995,wheat,75.0,75.0,0.0
CF,Congo (Brazzaville),1996,maize,25.0,25.0,0.0
CF,Congo (Brazzaville),1996,wheat,75.0,75.0,0.0
CF,Congo (Brazzaville),1997,maize,20.0,20.0,0.0
CF,Congo (Brazzaville),1997,wheat,222.0,222.0,0.0
CF,Congo (Brazzaville),1998,maize,25.0,25.0,0.0
CF,Congo (Brazzaville),1998,wheat,222.0,222.0,0.0
CF,Congo (Brazzaville),1999,maize,25.0,25.0,0.0
CF,Congo (Brazzaville),1999,wheat,235.0,235.0,0.0
CF,Congo (Brazzaville),2000,maize,12.0,12.0,0.0
CF,Congo (Brazzaville),2000,wheat,176.0,176.0,0.0
CF,Congo (Brazzaville),2001,maize,12.0,12.0,0.0
CF,Congo (Brazzaville),2001,wheat,204.0,204.0,0.0
CF,Congo (Brazzaville),2002,maize,10.0,10.0,0.0
CF,Congo (Brazzaville),2002,wheat,164.0,164.0,0.0
CF,Congo (Brazzaville),2003,maize,8.0,8.0,0.0
CF,Congo (Brazzaville),2003,wheat,153.0,153.0,0.0
CF,Congo (Brazzaville),2004,maize,12.0,12.0,0.0
CF,Congo (Brazzaville),2004,wheat,172.0,172.0,0.0
CF,Congo (Brazzaville),2005,maize,13.0,13.0,0.0
CF,Congo (Brazzaville),2005,wheat,209.0,209.0,0.0
CF,Congo (Brazzaville),2006,maize,13.0,13.0,0.0
CF,Congo (Brazzaville),2006,wheat,147.0,147.0,0.0
CF,Congo (Brazzaville),2007,maize,13.0,13.0,0.0
CF,Congo (Brazzaville),2007,wheat,104.0,104.0,0.0
CF,Congo (Brazzaville),2008,maize,18.0,18.0,0.0
CF,Congo (Brazzaville),2008,wheat,207.0,207.0,0.0
CF,Congo (Brazzaville),2009,maize,15.0,15.0,0.0
CF,Congo (Brazzaville),2009,wheat,140.0,140.0,0.0
CF,Congo (Brazzaville),2010,maize,31.0,31.0,0.0
CF,Congo (Brazzaville),2010,wheat,230.0,230.0,0.0
CF,Congo (Brazzaville),2011,maize,22.0,22.0,0.0
CF,Congo (Brazzaville),2011,wheat,180.0,180.0,0.0
CF,Congo (Brazzaville),2012,maize,23.0,23.0,0.0
CF,Congo (Brazzaville),2012,wheat,225.0,225.0,0.0
CF,Congo (Brazzaville),2013,maize,24.0,24.0,0.0
CF,Congo (Brazzaville),2013,wheat,240.0,240.0,0.0
CF,Congo (Brazzaville),2014,maize,24.0,24.0,0.0
CF,Congo (Brazzaville),2014,wheat,245.0,245.0,0.0
CF,Congo (Brazzaville),2015,maize,23.0,23.0,0.0
CF,Congo (Brazzaville),2015,wheat,245.0,245.0,0.0
CF,Congo (Brazzaville),2016,maize,23.0,23.0,0.0
CF,Congo (Brazzaville),2016,wheat,245.0,245.0,0.0
CF,Congo (Brazzaville),2017,maize,23.0,23.0,0.0
CF,Congo (Brazzaville),2017,wheat,300.0,300.0,0.0
CF,Congo (Brazzaville),2018,maize,23.0,23.0,0.0
CF,Congo (Brazzaville),2018,wheat,240.0,240.0,0.0
CF,Congo (Brazzaville),2019,maize,63.0,63.0,0.0
CF,Congo (Brazzaville),2019,wheat,210.0,210.0,0.0
CF,Congo (Brazzaville),2020,maize,63.0,63.0,0.0
CF,Congo (Brazzaville),2020,wheat,239.0,239.0,0.0
CF,Congo (Brazzaville),2021,maize,63.0,63.0,0.0
CF,Congo (Brazzaville),2021,wheat,135.0,135.0,0.0
CF,Congo (Brazzaville),2022,maize,63.0,63.0,0.0
CF,Congo (Brazzaville),2022,wheat,281.0,281.0,0.0
CF,Congo (Brazzaville),2023,maize,63.0,63.0,0.0
CF,Congo (Brazzaville),2023,wheat,254.0,254.0,0.0
CF,Congo (Brazzaville),2024,maize,73.0,73.0,0.0
CF,Congo (Brazzaville),2024,wheat,300.0,300.0,0.0
CF,Congo (Brazzaville),2025,maize,73.0,73.0,0.0
CF,Congo (Brazzaville),2025,wheat,300.0,300.0,0.0
CF,Congo (Brazzaville),2026,maize,63.0,63.0,0.0
CF,Congo (Brazzaville),2026,wheat,350.0,350.0,0.0
CG,Congo (Kinshasa),1960,rice,48.0,0.0,0.0
CG,Congo (Kinshasa),1960,wheat,31.0,31.0,0.0
CG,Congo (Kinshasa),1961,maize,265.0,265.0,0.0
CG,Congo (Kinshasa),1961,rice,61.0,0.0,0.0
CG,Congo (Kinshasa),1961,wheat,70.0,70.0,0.0
CG,Congo (Kinshasa),1962,maize,286.0,286.0,0.0
CG,Congo (Kinshasa),1962,rice,80.0,0.0,0.0
CG,Congo (Kinshasa),1962,wheat,59.0,59.0,0.0
CG,Congo (Kinshasa),1963,maize,292.0,292.0,0.0
CG,Congo (Kinshasa),1963,rice,79.0,0.0,0.0
CG,Congo (Kinshasa),1963,wheat,95.0,95.0,0.0
CG,Congo (Kinshasa),1964,maize,305.0,305.0,0.0
CG,Congo (Kinshasa),1964,rice,53.0,0.0,0.0
CG,Congo (Kinshasa),1964,wheat,61.0,61.0,0.0
CG,Congo (Kinshasa),1965,maize,292.0,292.0,0.0
CG,Congo (Kinshasa),1965,rice,56.0,0.0,0.0
CG,Congo (Kinshasa),1965,wheat,94.0,94.0,0.0
CG,Congo (Kinshasa),1966,maize,342.0,342.0,0.0
CG,Congo (Kinshasa),1966,rice,92.0,0.0,0.0
CG,Congo (Kinshasa),1966,wheat,90.0,90.0,0.0
CG,Congo (Kinshasa),1967,maize,378.0,378.0,0.0
CG,Congo (Kinshasa),1967,rice,88.0,0.0,0.0
CG,Congo (Kinshasa),1967,wheat,82.0,82.0,0.0
CG,Congo (Kinshasa),1968,maize,288.0,288.0,0.0
CG,Congo (Kinshasa),1968,rice,102.0,0.0,0.0
CG,Congo (Kinshasa),1968,wheat,60.0,60.0,0.0
CG,Congo (Kinshasa),1969,maize,445.0,445.0,0.0
CG,Congo (Kinshasa),1969,rice,86.0,0.0,0.0
CG,Congo (Kinshasa),1969,wheat,90.0,90.0,0.0
CG,Congo (Kinshasa),1970,maize,435.0,435.0,0.0
CG,Congo (Kinshasa),1970,rice,129.0,0.0,0.0
CG,Congo (Kinshasa),1970,wheat,93.0,93.0,0.0
CG,Congo (Kinshasa),1971,maize,391.0,391.0,0.0
CG,Congo (Kinshasa),1971,rice,135.0,0.0,0.0
CG,Congo (Kinshasa),1971,wheat,120.0,120.0,0.0
CG,Congo (Kinshasa),1972,maize,425.0,425.0,0.0
CG,Congo (Kinshasa),1972,rice,149.0,0.0,0.0
CG,Congo (Kinshasa),1972,wheat,110.0,110.0,0.0
CG,Congo (Kinshasa),1973,maize,425.0,425.0,0.0
CG,Congo (Kinshasa),1973,rice,153.0,0.0,0.0
CG,Congo (Kinshasa),1973,wheat,135.0,135.0,0.0
CG,Congo (Kinshasa),1974,maize,500.0,500.0,0.0
CG,Congo (Kinshasa),1974,rice,137.0,0.0,0.0
CG,Congo (Kinshasa),1974,wheat,146.0,146.0,0.0
CG,Congo (Kinshasa),1975,maize,675.0,675.0,0.0
CG,Congo (Kinshasa),1975,rice,135.0,0.0,0.0
CG,Congo (Kinshasa),1975,wheat,126.0,126.0,0.0
CG,Congo (Kinshasa),1976,maize,710.0,710.0,0.0
CG,Congo (Kinshasa),1976,rice,180.0,0.0,0.0
CG,Congo (Kinshasa),1976,wheat,135.0,135.0,0.0
CG,Congo (Kinshasa),1977,maize,638.0,638.0,0.0
CG,Congo (Kinshasa),1977,rice,180.0,0.0,0.0
CG,Congo (Kinshasa),1977,wheat,120.0,120.0,0.0
CG,Congo (Kinshasa),1978,maize,680.0,680.0,0.0
CG,Congo (Kinshasa),1978,rice,168.0,0.0,0.0
CG,Congo (Kinshasa),1978,wheat,135.0,135.0,0.0
CG,Congo (Kinshasa),1979,maize,696.0,696.0,0.0
CG,Congo (Kinshasa),1979,rice,170.0,0.0,0.0
CG,Congo (Kinshasa),1979,wheat,144.0,144.0,0.0
CG,Congo (Kinshasa),1980,maize,758.0,758.0,0.0
CG,Congo (Kinshasa),1980,rice,186.0,0.0,0.0
CG,Congo (Kinshasa),1980,wheat,150.0,150.0,0.0
CG,Congo (Kinshasa),1981,maize,776.0,776.0,0.0
CG,Congo (Kinshasa),1981,rice,198.0,0.0,0.0
CG,Congo (Kinshasa),1981,wheat,160.0,160.0,0.0
CG,Congo (Kinshasa),1982,maize,774.0,774.0,0.0
CG,Congo (Kinshasa),1982,rice,188.0,0.0,0.0
CG,Congo (Kinshasa),1982,wheat,160.0,160.0,0.0
CG,Congo (Kinshasa),1983,maize,732.0,732.0,0.0
CG,Congo (Kinshasa),1983,rice,182.0,0.0,0.0
CG,Congo (Kinshasa),1983,wheat,197.0,197.0,0.0
CG,Congo (Kinshasa),1984,maize,721.0,721.0,0.0
CG,Congo (Kinshasa),1984,rice,204.0,0.0,0.0
CG,Congo (Kinshasa),1984,wheat,209.0,209.0,0.0
CG,Congo (Kinshasa),1985,maize,769.0,769.0,0.0
CG,Congo (Kinshasa),1985,rice,183.0,0.0,0.0
CG,Congo (Kinshasa),1985,wheat,211.0,211.0,0.0
CG,Congo (Kinshasa),1986,maize,723.0,723.0,0.0
CG,Congo (Kinshasa),1986,rice,259.0,0.0,0.0
CG,Congo (Kinshasa),1986,wheat,259.0,259.0,0.0
CG,Congo (Kinshasa),1987,maize,765.0,765.0,0.0
CG,Congo (Kinshasa),1987,rice,243.0,0.0,0.0
CG,Congo (Kinshasa),1987,wheat,298.0,298.0,0.0
CG,Congo (Kinshasa),1988,maize,810.0,810.0,0.0
CG,Congo (Kinshasa),1988,rice,222.0,0.0,0.0
CG,Congo (Kinshasa),1988,wheat,255.0,255.0,0.0
CG,Congo (Kinshasa),1989,maize,800.0,800.0,0.0
CG,Congo (Kinshasa),1989,rice,202.0,0.0,0.0
CG,Congo (Kinshasa),1989,wheat,167.0,167.0,0.0
CG,Congo (Kinshasa),1990,maize,797.0,797.0,0.0
CG,Congo (Kinshasa),1990,rice,178.0,0.0,0.0
CG,Congo (Kinshasa),1990,wheat,265.0,265.0,0.0
CG,Congo (Kinshasa),1991,maize,884.0,884.0,0.0
CG,Congo (Kinshasa),1991,rice,286.0,0.0,0.0
CG,Congo (Kinshasa),1991,wheat,183.0,183.0,0.0
CG,Congo (Kinshasa),1992,maize,1059.0,1059.0,0.0
CG,Congo (Kinshasa),1992,rice,302.0,0.0,0.0
CG,Congo (Kinshasa),1992,wheat,182.0,182.0,0.0
CG,Congo (Kinshasa),1993,maize,1299.0,1299.0,0.0
CG,Congo (Kinshasa),1993,rice,316.0,0.0,0.0
CG,Congo (Kinshasa),1993,wheat,193.0,193.0,0.0
CG,Congo (Kinshasa),1994,maize,1219.0,1219.0,0.0
CG,Congo (Kinshasa),1994,rice,286.0,0.0,0.0
CG,Congo (Kinshasa),1994,wheat,275.0,275.0,0.0
CG,Congo (Kinshasa),1995,maize,1100.0,1100.0,0.0
CG,Congo (Kinshasa),1995,rice,272.0,0.0,0.0
CG,Congo (Kinshasa),1995,wheat,204.0,204.0,0.0
CG,Congo (Kinshasa),1996,maize,1095.0,1095.0,0.0
CG,Congo (Kinshasa),1996,rice,264.0,0.0,0.0
CG,Congo (Kinshasa),1996,wheat,293.0,293.0,0.0
CG,Congo (Kinshasa),1997,maize,1005.0,1005.0,0.0
CG,Congo (Kinshasa),1997,rice,199.0,0.0,0.0
CG,Congo (Kinshasa),1997,wheat,204.0,204.0,0.0
CG,Congo (Kinshasa),1998,maize,1200.0,1200.0,0.0
CG,Congo (Kinshasa),1998,rice,219.0,0.0,0.0
CG,Congo (Kinshasa),1998,wheat,139.0,139.0,0.0
CG,Congo (Kinshasa),1999,maize,1160.0,1160.0,0.0
CG,Congo (Kinshasa),1999,rice,211.0,0.0,0.0
CG,Congo (Kinshasa),1999,wheat,163.0,163.0,0.0
CG,Congo (Kinshasa),2000,maize,1187.0,1187.0,0.0
CG,Congo (Kinshasa),2000,rice,209.0,0.0,0.0
CG,Congo (Kinshasa),2000,wheat,271.0,271.0,0.0
CG,Congo (Kinshasa),2001,maize,1170.0,1170.0,0.0
CG,Congo (Kinshasa),2001,rice,245.0,0.0,0.0
CG,Congo (Kinshasa),2001,wheat,269.0,269.0,0.0
CG,Congo (Kinshasa),2002,maize,1058.0,1058.0,0.0
CG,Congo (Kinshasa),2002,rice,199.0,0.0,0.0
CG,Congo (Kinshasa),2002,wheat,300.0,300.0,0.0
CG,Congo (Kinshasa),2003,maize,1100.0,1100.0,0.0
CG,Congo (Kinshasa),2003,rice,199.0,0.0,0.0
CG,Congo (Kinshasa),2003,wheat,272.0,272.0,0.0
CG,Congo (Kinshasa),2004,maize,1134.0,1134.0,0.0
CG,Congo (Kinshasa),2004,rice,214.0,0.0,0.0
CG,Congo (Kinshasa),2004,wheat,361.0,361.0,0.0
CG,Congo (Kinshasa),2005,maize,1100.0,1100.0,0.0
CG,Congo (Kinshasa),2005,rice,264.0,0.0,0.0
CG,Congo (Kinshasa),2005,wheat,400.0,400.0,0.0
CG,Congo (Kinshasa),2006,maize,1110.0,1110.0,0.0
CG,Congo (Kinshasa),2006,rice,278.0,0.0,0.0
CG,Congo (Kinshasa),2006,wheat,420.0,420.0,0.0
CG,Congo (Kinshasa),2007,maize,1110.0,1110.0,0.0
CG,Congo (Kinshasa),2007,rice,268.0,0.0,0.0
CG,Congo (Kinshasa),2007,wheat,400.0,400.0,0.0
CG,Congo (Kinshasa),2008,maize,1100.0,1050.0,50.0
CG,Congo (Kinshasa),2008,rice,248.0,0.0,0.0
CG,Congo (Kinshasa),2008,wheat,435.0,435.0,0.0
CG,Congo (Kinshasa),2009,maize,1200.0,1150.0,50.0
CG,Congo (Kinshasa),2009,rice,298.0,0.0,0.0
CG,Congo (Kinshasa),2009,wheat,375.0,375.0,0.0
CG,Congo (Kinshasa),2010,maize,1250.0,1200.0,50.0
CG,Congo (Kinshasa),2010,rice,317.0,0.0,0.0
CG,Congo (Kinshasa),2010,wheat,310.0,310.0,0.0
CG,Congo (Kinshasa),2011,maize,1950.0,1800.0,150.0
CG,Congo (Kinshasa),2011,rice,312.0,0.0,0.0
CG,Congo (Kinshasa),2011,wheat,320.0,320.0,0.0
CG,Congo (Kinshasa),2012,maize,1950.0,1800.0,150.0
CG,Congo (Kinshasa),2012,rice,541.0,0.0,0.0
CG,Congo (Kinshasa),2012,wheat,315.0,315.0,0.0
CG,Congo (Kinshasa),2013,maize,2000.0,1850.0,150.0
CG,Congo (Kinshasa),2013,rice,631.0,0.0,0.0
CG,Congo (Kinshasa),2013,wheat,355.0,355.0,0.0
CG,Congo (Kinshasa),2014,maize,2000.0,1850.0,150.0
CG,Congo (Kinshasa),2014,rice,763.0,0.0,0.0
CG,Congo (Kinshasa),2014,wheat,365.0,365.0,0.0
CG,Congo (Kinshasa),2015,maize,2070.0,1900.0,170.0
CG,Congo (Kinshasa),2015,rice,774.0,0.0,0.0
CG,Congo (Kinshasa),2015,wheat,380.0,380.0,0.0
CG,Congo (Kinshasa),2016,maize,2070.0,1900.0,170.0
CG,Congo (Kinshasa),2016,rice,849.0,0.0,0.0
CG,Congo (Kinshasa),2016,wheat,290.0,290.0,0.0
CG,Congo (Kinshasa),2017,maize,2270.0,2100.0,170.0
CG,Congo (Kinshasa),2017,rice,844.0,0.0,0.0
CG,Congo (Kinshasa),2017,wheat,270.0,270.0,0.0
CG,Congo (Kinshasa),2018,maize,2170.0,2000.0,170.0
CG,Congo (Kinshasa),2018,rice,1052.0,0.0,0.0
CG,Congo (Kinshasa),2018,wheat,371.0,371.0,0.0
CG,Congo (Kinshasa),2019,maize,2170.0,2000.0,170.0
CG,Congo (Kinshasa),2019,rice,1064.0,0.0,0.0
CG,Congo (Kinshasa),2019,wheat,411.0,411.0,0.0
CG,Congo (Kinshasa),2020,maize,2170.0,2000.0,170.0
CG,Congo (Kinshasa),2020,rice,1224.0,0.0,0.0
CG,Congo (Kinshasa),2020,wheat,468.0,468.0,0.0
CG,Congo (Kinshasa),2021,maize,2250.0,2100.0,150.0
CG,Congo (Kinshasa),2021,rice,1255.0,0.0,0.0
CG,Congo (Kinshasa),2021,wheat,570.0,570.0,0.0
CG,Congo (Kinshasa),2022,maize,2275.0,2100.0,175.0
CG,Congo (Kinshasa),2022,rice,1372.0,0.0,0.0
CG,Congo (Kinshasa),2022,wheat,580.0,580.0,0.0
CG,Congo (Kinshasa),2023,maize,2375.0,2200.0,175.0
CG,Congo (Kinshasa),2023,rice,1471.0,0.0,0.0
CG,Congo (Kinshasa),2023,wheat,620.0,620.0,0.0
CG,Congo (Kinshasa),2024,maize,2550.0,2350.0,200.0
CG,Congo (Kinshasa),2024,rice,1467.0,0.0,0.0
CG,Congo (Kinshasa),2024,wheat,640.0,640.0,0.0
CG,Congo (Kinshasa),2025,maize,2475.0,2300.0,175.0
CG,Congo (Kinshasa),2025,rice,1562.0,0.0,0.0
CG,Congo (Kinshasa),2025,wheat,725.0,725.0,0.0
CG,Congo (Kinshasa),2026,maize,2350.0,2200.0,150.0
CG,Congo (Kinshasa),2026,rice,1572.0,0.0,0.0
CG,Congo (Kinshasa),2026,wheat,760.0,760.0,0.0
CH,China,1960,maize,16398.0,11904.0,4494.0
CH,China,1960,rice,46383.0,0.0,0.0
CH,China,1960,wheat,23907.0,23507.0,400.0
CH,China,1961,maize,17262.0,14180.0,3082.0
CH,China,1961,rice,38590.0,0.0,0.0
CH,China,1961,wheat,20521.0,20271.0,250.0
CH,China,1962,maize,21276.0,18608.0,2668.0
CH,China,1962,rice,39406.0,0.0,0.0
CH,China,1962,wheat,19268.0,18968.0,300.0
CH,China,1963,maize,20957.0,14594.0,6363.0
CH,China,1963,rice,48874.0,0.0,0.0
CH,China,1963,wheat,23070.0,22570.0,500.0
CH,China,1964,maize,23420.0,13848.0,9572.0
CH,China,1964,rice,59115.0,0.0,0.0
CH,China,1964,wheat,26257.0,25707.0,550.0
CH,China,1965,maize,24475.0,14573.0,9902.0
CH,China,1965,rice,59418.0,0.0,0.0
CH,China,1965,wheat,30998.0,30348.0,650.0
CH,China,1966,maize,26359.0,15973.0,10386.0
CH,China,1966,rice,63196.0,0.0,0.0
CH,China,1966,wheat,30275.0,29675.0,600.0
CH,China,1967,maize,28339.0,15776.0,12563.0
CH,China,1967,rice,64781.0,0.0,0.0
CH,China,1967,wheat,29628.0,29028.0,600.0
CH,China,1968,maize,26721.0,15362.0,11359.0
CH,China,1968,rice,64491.0,0.0,0.0
CH,China,1968,wheat,30991.0,30391.0,600.0
CH,China,1969,maize,27426.0,17201.0,10225.0
CH,China,1969,rice,65771.0,0.0,0.0
CH,China,1969,wheat,32909.0,32209.0,700.0
CH,China,1970,maize,30609.0,22469.0,8140.0
CH,China,1970,rice,72209.0,0.0,0.0
CH,China,1970,wheat,32343.0,31643.0,700.0
CH,China,1971,maize,33498.0,21584.0,11914.0
CH,China,1971,rice,77236.0,0.0,0.0
CH,China,1971,wheat,33538.0,32838.0,700.0
CH,China,1972,maize,32801.0,19622.0,13179.0
CH,China,1972,rice,76717.0,0.0,0.0
CH,China,1972,wheat,37270.0,36470.0,800.0
CH,China,1973,maize,38269.0,25595.0,12674.0
CH,China,1973,rice,80257.0,0.0,0.0
CH,China,1973,wheat,41365.0,40465.0,900.0
CH,China,1974,maize,38540.0,27501.0,11039.0
CH,China,1974,rice,83633.0,0.0,0.0
CH,China,1974,wheat,41606.0,40706.0,900.0
CH,China,1975,maize,43570.0,32187.0,11383.0
CH,China,1975,rice,85130.0,0.0,0.0
CH,China,1975,wheat,43510.0,42560.0,950.0
CH,China,1976,maize,47223.0,35633.0,11590.0
CH,China,1976,rice,86530.0,0.0,0.0
CH,China,1976,wheat,48543.0,47443.0,1100.0
CH,China,1977,maize,49090.0,38764.0,10326.0
CH,China,1977,rice,87561.0,0.0,0.0
CH,China,1977,wheat,51675.0,50675.0,1000.0
CH,China,1978,maize,48600.0,36700.0,11900.0
CH,China,1978,rice,89868.0,0.0,0.0
CH,China,1978,wheat,52887.0,51687.0,1200.0
CH,China,1979,maize,53300.0,35500.0,17800.0
CH,China,1979,rice,96527.0,0.0,0.0
CH,China,1979,wheat,66595.0,65095.0,1500.0
CH,China,1980,maize,61800.0,34700.0,27100.0
CH,China,1980,rice,98587.0,0.0,0.0
CH,China,1980,wheat,75999.0,74399.0,1600.0
CH,China,1981,maize,62000.0,32500.0,29500.0
CH,China,1981,rice,101085.0,0.0,0.0
CH,China,1981,wheat,78840.0,77140.0,1700.0
CH,China,1982,maize,61400.0,30100.0,31300.0
CH,China,1982,rice,103350.0,0.0,0.0
CH,China,1982,wheat,79470.0,77770.0,1700.0
CH,China,1983,maize,61800.0,28700.0,33100.0
CH,China,1983,rice,105212.0,0.0,0.0
CH,China,1983,wheat,82990.0,81190.0,1800.0
CH,China,1984,maize,61200.0,25700.0,35500.0
CH,China,1984,rice,110461.0,0.0,0.0
CH,China,1984,wheat,89105.0,87005.0,2100.0
CH,China,1985,maize,59700.0,22500.0,37200.0
CH,China,1985,rice,111894.0,0.0,0.0
CH,China,1985,wheat,95155.0,92855.0,2300.0
CH,China,1986,maize,64100.0,23500.0,40600.0
CH,China,1986,rice,112685.0,0.0,0.0
CH,China,1986,wheat,97265.0,94865.0,2400.0
CH,China,1987,maize,67300.0,24300.0,43000.0
CH,China,1987,rice,115939.0,0.0,0.0
CH,China,1987,wheat,99040.0,96540.0,2500.0
CH,China,1988,maize,69000.0,24000.0,45000.0
CH,China,1988,rice,118605.0,0.0,0.0
CH,China,1988,wheat,101826.0,99226.0,2600.0
CH,China,1989,maize,74200.0,26200.0,48000.0
CH,China,1989,rice,120822.0,0.0,0.0
CH,China,1989,wheat,102367.0,99767.0,2600.0
CH,China,1990,maize,79850.0,26500.0,53350.0
CH,China,1990,rice,123911.0,0.0,0.0
CH,China,1990,wheat,102598.0,99898.0,2700.0
CH,China,1991,maize,83200.0,26700.0,56500.0
CH,China,1991,rice,126827.0,0.0,0.0
CH,China,1991,wheat,105429.0,100429.0,5000.0
CH,China,1992,maize,87800.0,26800.0,61000.0
CH,China,1992,rice,128135.0,0.0,0.0
CH,China,1992,wheat,104281.0,101531.0,2750.0
CH,China,1993,maize,92900.0,26900.0,66000.0
CH,China,1993,rice,129340.0,0.0,0.0
CH,China,1993,wheat,105343.0,102643.0,2700.0
CH,China,1994,maize,97000.0,26000.0,71000.0
CH,China,1994,rice,130117.0,0.0,0.0
CH,China,1994,wheat,105355.0,102355.0,3000.0
CH,China,1995,maize,101200.0,26200.0,75000.0
CH,China,1995,rice,131237.0,0.0,0.0
CH,China,1995,wheat,106499.0,103299.0,3200.0
CH,China,1996,maize,105750.0,26750.0,79000.0
CH,China,1996,rice,131954.0,0.0,0.0
CH,China,1996,wheat,107615.0,104215.0,3400.0
CH,China,1997,maize,109500.0,27000.0,82500.0
CH,China,1997,rice,132700.0,0.0,0.0
CH,China,1997,wheat,109056.0,104156.0,4900.0
CH,China,1998,maize,113920.0,27420.0,86500.0
CH,China,1998,rice,134100.0,0.0,0.0
CH,China,1998,wheat,108250.0,103250.0,5000.0
CH,China,1999,maize,117300.0,27800.0,89500.0
CH,China,1999,rice,134200.0,0.0,0.0
CH,China,1999,wheat,109340.0,102840.0,6500.0
CH,China,2000,maize,120240.0,28240.0,92000.0
CH,China,2000,rice,134300.0,0.0,0.0
CH,China,2000,wheat,110274.0,100274.0,10000.0
CH,China,2001,maize,123100.0,29100.0,94000.0
CH,China,2001,rice,136500.0,0.0,0.0
CH,China,2001,wheat,108742.0,99742.0,9000.0
CH,China,2002,maize,125900.0,29900.0,96000.0
CH,China,2002,rice,135700.0,0.0,0.0
CH,China,2002,wheat,105200.0,98700.0,6500.0
CH,China,2003,maize,128400.0,31400.0,97000.0
CH,China,2003,rice,132100.0,0.0,0.0
CH,China,2003,wheat,104500.0,98500.0,6000.0
CH,China,2004,maize,131000.0,33000.0,98000.0
CH,China,2004,rice,130300.0,0.0,0.0
CH,China,2004,wheat,102000.0,98000.0,4000.0
CH,China,2005,maize,137000.0,36000.0,101000.0
CH,China,2005,rice,128000.0,0.0,0.0
CH,China,2005,wheat,101500.0,98000.0,3500.0
CH,China,2006,maize,145000.0,41000.0,104000.0
CH,China,2006,rice,127200.0,0.0,0.0
CH,China,2006,wheat,102000.0,98000.0,4000.0
CH,China,2007,maize,155000.0,44000.0,111000.0
CH,China,2007,rice,127455.0,0.0,0.0
CH,China,2007,wheat,106000.0,98000.0,8000.0
CH,China,2008,maize,164000.0,45000.0,119000.0
CH,China,2008,rice,132782.0,0.0,0.0
CH,China,2008,wheat,105500.0,97500.0,8000.0
CH,China,2009,maize,176000.0,47000.0,129000.0
CH,China,2009,rice,134576.0,0.0,0.0
CH,China,2009,wheat,108500.0,97500.0,11000.0
CH,China,2010,maize,191000.0,52000.0,139000.0
CH,China,2010,rice,135598.0,0.0,0.0
CH,China,2010,wheat,111500.0,97500.0,14000.0
CH,China,2011,maize,204000.0,57000.0,147000.0
CH,China,2011,rice,137867.0,0.0,0.0
CH,China,2011,wheat,123500.0,98500.0,25000.0
CH,China,2012,maize,207000.0,56000.0,151000.0
CH,China,2012,rice,139381.0,0.0,0.0
CH,China,2012,wheat,126000.0,100000.0,26000.0
CH,China,2013,maize,209000.0,58000.0,151000.0
CH,China,2013,rice,140140.0,0.0,0.0
CH,China,2013,wheat,117500.0,100500.0,17000.0
CH,China,2014,maize,206000.0,62000.0,144000.0
CH,China,2014,rice,141000.0,0.0,0.0
CH,China,2014,wheat,118000.0,101000.0,17000.0
CH,China,2015,maize,229000.0,64000.0,165000.0
CH,China,2015,rice,141028.0,0.0,0.0
CH,China,2015,wheat,117500.0,101500.0,16000.0
CH,China,2016,maize,255000.0,70000.0,185000.0
CH,China,2016,rice,141761.0,0.0,0.0
CH,China,2016,wheat,119000.0,102000.0,17000.0
CH,China,2017,maize,263000.0,76000.0,187000.0
CH,China,2017,rice,142509.0,0.0,0.0
CH,China,2017,wheat,121000.0,103500.0,17500.0
CH,China,2018,maize,274000.0,83000.0,191000.0
CH,China,2018,rice,142920.0,0.0,0.0
CH,China,2018,wheat,125000.0,105000.0,20000.0
CH,China,2019,maize,278000.0,85000.0,193000.0
CH,China,2019,rice,145230.0,0.0,0.0
CH,China,2019,wheat,126000.0,107000.0,19000.0
CH,China,2020,maize,285000.0,82000.0,203000.0
CH,China,2020,rice,150293.0,0.0,0.0
CH,China,2020,wheat,155000.0,110000.0,45000.0
CH,China,2021,maize,291000.0,82000.0,209000.0
CH,China,2021,rice,156360.0,0.0,0.0
CH,China,2021,wheat,148000.0,113000.0,35000.0
CH,China,2022,maize,299000.0,81000.0,218000.0
CH,China,2022,rice,154994.0,0.0,0.0
CH,China,2022,wheat,148000.0,115000.0,33000.0
CH,China,2023,maize,307000.0,82000.0,225000.0
CH,China,2023,rice,148115.0,0.0,0.0
CH,China,2023,wheat,153500.0,116500.0,37000.0
CH,China,2024,maize,316000.0,82000.0,234000.0
CH,China,2024,rice,144957.0,0.0,0.0
CH,China,2024,wheat,150000.0,117000.0,33000.0
CH,China,2025,maize,320000.0,82000.0,238000.0
CH,China,2025,rice,147351.0,0.0,0.0
CH,China,2025,wheat,150000.0,117000.0,33000.0
CH,China,2026,maize,324000.0,82000.0,242000.0
CH,China,2026,rice,147300.0,0.0,0.0
CH,China,2026,wheat,148000.0,117000.0,31000.0
CI,Chile,1960,rice,70.0,0.0,0.0
CI,Chile,1961,maize,183.0,26.0,157.0
CI,Chile,1961,rice,77.0,0.0,0.0
CI,Chile,1961,wheat,1287.0,1178.0,109.0
CI,Chile,1962,maize,185.0,33.0,152.0
CI,Chile,1962,rice,57.0,0.0,0.0
CI,Chile,1962,wheat,1303.0,1192.0,111.0
CI,Chile,1963,maize,176.0,26.0,150.0
CI,Chile,1963,rice,52.0,0.0,0.0
CI,Chile,1963,wheat,1296.0,1186.0,110.0
CI,Chile,1964,maize,254.0,38.0,216.0
CI,Chile,1964,rice,65.0,0.0,0.0
CI,Chile,1964,wheat,1298.0,1188.0,110.0
CI,Chile,1965,maize,282.0,39.0,243.0
CI,Chile,1965,rice,65.0,0.0,0.0
CI,Chile,1965,wheat,1374.0,1257.0,117.0
CI,Chile,1966,maize,348.0,50.0,298.0
CI,Chile,1966,rice,79.0,0.0,0.0
CI,Chile,1966,wheat,1822.0,1667.0,155.0
CI,Chile,1967,maize,476.0,69.0,407.0
CI,Chile,1967,rice,75.0,0.0,0.0
CI,Chile,1967,wheat,1556.0,1424.0,132.0
CI,Chile,1968,maize,519.0,51.0,468.0
CI,Chile,1968,rice,72.0,0.0,0.0
CI,Chile,1968,wheat,1546.0,1415.0,131.0
CI,Chile,1969,maize,477.0,52.0,425.0
CI,Chile,1969,rice,68.0,0.0,0.0
CI,Chile,1969,wheat,1677.0,1534.0,143.0
CI,Chile,1970,maize,525.0,62.0,463.0
CI,Chile,1970,rice,89.0,0.0,0.0
CI,Chile,1970,wheat,1517.0,1387.0,130.0
CI,Chile,1971,maize,457.0,65.0,392.0
CI,Chile,1971,rice,59.0,0.0,0.0
CI,Chile,1971,wheat,1720.0,1574.0,146.0
CI,Chile,1972,maize,623.0,95.0,528.0
CI,Chile,1972,rice,96.0,0.0,0.0
CI,Chile,1972,wheat,1859.0,1839.0,20.0
CI,Chile,1973,maize,363.0,75.0,288.0
CI,Chile,1973,rice,53.0,0.0,0.0
CI,Chile,1973,wheat,1900.0,1831.0,69.0
CI,Chile,1974,maize,512.0,78.0,434.0
CI,Chile,1974,rice,62.0,0.0,0.0
CI,Chile,1974,wheat,1623.0,1623.0,0.0
CI,Chile,1975,maize,520.0,70.0,450.0
CI,Chile,1975,rice,69.0,0.0,0.0
CI,Chile,1975,wheat,1800.0,1800.0,0.0
CI,Chile,1976,maize,408.0,85.0,323.0
CI,Chile,1976,rice,60.0,0.0,0.0
CI,Chile,1976,wheat,1707.0,1707.0,0.0
CI,Chile,1977,maize,375.0,75.0,300.0
CI,Chile,1977,rice,86.0,0.0,0.0
CI,Chile,1977,wheat,1963.0,1963.0,0.0
CI,Chile,1978,maize,530.0,75.0,455.0
CI,Chile,1978,rice,79.0,0.0,0.0
CI,Chile,1978,wheat,1776.0,1776.0,0.0
CI,Chile,1979,maize,551.0,76.0,475.0
CI,Chile,1979,rice,88.0,0.0,0.0
CI,Chile,1979,wheat,1890.0,1890.0,0.0
CI,Chile,1980,maize,805.0,70.0,735.0
CI,Chile,1980,rice,91.0,0.0,0.0
CI,Chile,1980,wheat,1797.0,1797.0,0.0
CI,Chile,1981,maize,809.0,70.0,739.0
CI,Chile,1981,rice,100.0,0.0,0.0
CI,Chile,1981,wheat,1765.0,1615.0,150.0
CI,Chile,1982,maize,720.0,70.0,650.0
CI,Chile,1982,rice,106.0,0.0,0.0
CI,Chile,1982,wheat,1665.0,1615.0,50.0
CI,Chile,1983,maize,751.0,80.0,671.0
CI,Chile,1983,rice,121.0,0.0,0.0
CI,Chile,1983,wheat,1715.0,1615.0,100.0
CI,Chile,1984,maize,762.0,70.0,692.0
CI,Chile,1984,rice,104.0,0.0,0.0
CI,Chile,1984,wheat,1875.0,1625.0,250.0
CI,Chile,1985,maize,821.0,70.0,751.0
CI,Chile,1985,rice,89.0,0.0,0.0
CI,Chile,1985,wheat,1975.0,1775.0,200.0
CI,Chile,1986,maize,841.0,104.0,737.0
CI,Chile,1986,rice,132.0,0.0,0.0
CI,Chile,1986,wheat,2025.0,1800.0,225.0
CI,Chile,1987,maize,853.0,43.0,810.0
CI,Chile,1987,rice,115.0,0.0,0.0
CI,Chile,1987,wheat,1960.0,1735.0,225.0
CI,Chile,1988,maize,950.0,70.0,880.0
CI,Chile,1988,rice,127.0,0.0,0.0
CI,Chile,1988,wheat,1800.0,1700.0,100.0
CI,Chile,1989,maize,921.0,60.0,861.0
CI,Chile,1989,rice,96.0,0.0,0.0
CI,Chile,1989,wheat,1800.0,1700.0,100.0
CI,Chile,1990,maize,959.0,33.0,926.0
CI,Chile,1990,rice,95.0,0.0,0.0
CI,Chile,1990,wheat,1750.0,1700.0,50.0
CI,Chile,1991,maize,1151.0,70.0,1081.0
CI,Chile,1991,rice,114.0,0.0,0.0
CI,Chile,1991,wheat,1800.0,1700.0,100.0
CI,Chile,1992,maize,1281.0,182.0,1099.0
CI,Chile,1992,rice,127.0,0.0,0.0
CI,Chile,1992,wheat,1835.0,1735.0,100.0
CI,Chile,1993,maize,1318.0,148.0,1170.0
CI,Chile,1993,rice,126.0,0.0,0.0
CI,Chile,1993,wheat,1850.0,1750.0,100.0
CI,Chile,1994,maize,1507.0,182.0,1325.0
CI,Chile,1994,rice,135.0,0.0,0.0
CI,Chile,1994,wheat,1950.0,1750.0,200.0
CI,Chile,1995,maize,1508.0,186.0,1322.0
CI,Chile,1995,rice,136.0,0.0,0.0
CI,Chile,1995,wheat,2000.0,1750.0,250.0
CI,Chile,1996,maize,1328.0,172.0,1156.0
CI,Chile,1996,rice,137.0,0.0,0.0
CI,Chile,1996,wheat,2050.0,1800.0,250.0
CI,Chile,1997,maize,1811.0,186.0,1625.0
CI,Chile,1997,rice,138.0,0.0,0.0
CI,Chile,1997,wheat,2045.0,1770.0,275.0
CI,Chile,1998,maize,1799.0,174.0,1625.0
CI,Chile,1998,rice,140.0,0.0,0.0
CI,Chile,1998,wheat,2050.0,1800.0,250.0
CI,Chile,1999,maize,1902.0,175.0,1727.0
CI,Chile,1999,rice,145.0,0.0,0.0
CI,Chile,1999,wheat,2050.0,1800.0,250.0
CI,Chile,2000,maize,2080.0,150.0,1930.0
CI,Chile,2000,rice,155.0,0.0,0.0
CI,Chile,2000,wheat,2150.0,1900.0,250.0
CI,Chile,2001,maize,2050.0,150.0,1900.0
CI,Chile,2001,rice,165.0,0.0,0.0
CI,Chile,2001,wheat,2150.0,1900.0,250.0
CI,Chile,2002,maize,2150.0,150.0,2000.0
CI,Chile,2002,rice,170.0,0.0,0.0
CI,Chile,2002,wheat,2200.0,1950.0,250.0
CI,Chile,2003,maize,2250.0,150.0,2100.0
CI,Chile,2003,rice,180.0,0.0,0.0
CI,Chile,2003,wheat,2250.0,1950.0,300.0
CI,Chile,2004,maize,2700.0,300.0,2400.0
CI,Chile,2004,rice,200.0,0.0,0.0
CI,Chile,2004,wheat,2250.0,1950.0,300.0
CI,Chile,2005,maize,2800.0,300.0,2500.0
CI,Chile,2005,rice,225.0,0.0,0.0
CI,Chile,2005,wheat,2250.0,1950.0,300.0
CI,Chile,2006,maize,2640.0,300.0,2340.0
CI,Chile,2006,rice,201.0,0.0,0.0
CI,Chile,2006,wheat,2250.0,1950.0,300.0
CI,Chile,2007,maize,2875.0,300.0,2575.0
CI,Chile,2007,rice,217.0,0.0,0.0
CI,Chile,2007,wheat,2150.0,1950.0,200.0
CI,Chile,2008,maize,2098.0,300.0,1798.0
CI,Chile,2008,rice,200.0,0.0,0.0
CI,Chile,2008,wheat,2100.0,1950.0,150.0
CI,Chile,2009,maize,1900.0,300.0,1600.0
CI,Chile,2009,rice,205.0,0.0,0.0
CI,Chile,2009,wheat,2275.0,2100.0,175.0
CI,Chile,2010,maize,2000.0,300.0,1700.0
CI,Chile,2010,rice,205.0,0.0,0.0
CI,Chile,2010,wheat,2275.0,2100.0,175.0
CI,Chile,2011,maize,2300.0,300.0,2000.0
CI,Chile,2011,rice,215.0,0.0,0.0
CI,Chile,2011,wheat,2275.0,2100.0,175.0
CI,Chile,2012,maize,2525.0,325.0,2200.0
CI,Chile,2012,rice,220.0,0.0,0.0
CI,Chile,2012,wheat,2300.0,2100.0,200.0
CI,Chile,2013,maize,2625.0,325.0,2300.0
CI,Chile,2013,rice,225.0,0.0,0.0
CI,Chile,2013,wheat,2300.0,2100.0,200.0
CI,Chile,2014,maize,2925.0,325.0,2600.0
CI,Chile,2014,rice,230.0,0.0,0.0
CI,Chile,2014,wheat,2300.0,2100.0,200.0
CI,Chile,2015,maize,2725.0,325.0,2400.0
CI,Chile,2015,rice,235.0,0.0,0.0
CI,Chile,2015,wheat,2500.0,2250.0,250.0
CI,Chile,2016,maize,2700.0,300.0,2400.0
CI,Chile,2016,rice,235.0,0.0,0.0
CI,Chile,2016,wheat,2675.0,2350.0,325.0
CI,Chile,2017,maize,3125.0,325.0,2800.0
CI,Chile,2017,rice,272.0,0.0,0.0
CI,Chile,2017,wheat,2760.0,2425.0,335.0
CI,Chile,2018,maize,3325.0,325.0,3000.0
CI,Chile,2018,rice,269.0,0.0,0.0
CI,Chile,2018,wheat,2785.0,2450.0,335.0
CI,Chile,2019,maize,3420.0,320.0,3100.0
CI,Chile,2019,rice,260.0,0.0,0.0
CI,Chile,2019,wheat,2740.0,2450.0,290.0
CI,Chile,2020,maize,3020.0,320.0,2700.0
CI,Chile,2020,rice,275.0,0.0,0.0
CI,Chile,2020,wheat,2800.0,2500.0,300.0
CI,Chile,2021,maize,3020.0,320.0,2700.0
CI,Chile,2021,rice,266.0,0.0,0.0
CI,Chile,2021,wheat,2600.0,2350.0,250.0
CI,Chile,2022,maize,2970.0,320.0,2650.0
CI,Chile,2022,rice,265.0,0.0,0.0
CI,Chile,2022,wheat,2450.0,2300.0,150.0
CI,Chile,2023,maize,3225.0,325.0,2900.0
CI,Chile,2023,rice,270.0,0.0,0.0
CI,Chile,2023,wheat,2150.0,2000.0,150.0
CI,Chile,2024,maize,3040.0,325.0,2715.0
CI,Chile,2024,rice,285.0,0.0,0.0
CI,Chile,2024,wheat,2250.0,2100.0,150.0
CI,Chile,2025,maize,3330.0,330.0,3000.0
CI,Chile,2025,rice,290.0,0.0,0.0
CI,Chile,2025,wheat,2400.0,2200.0,200.0
CI,Chile,2026,maize,3380.0,330.0,3050.0
CI,Chile,2026,rice,295.0,0.0,0.0
CI,Chile,2026,wheat,2500.0,2300.0,200.0
CM,Cameroon,1960,maize,280.0,280.0,0.0
CM,Cameroon,1960,rice,8.0,0.0,0.0
CM,Cameroon,1960,wheat,24.0,24.0,0.0
CM,Cameroon,1961,maize,204.0,204.0,0.0
CM,Cameroon,1961,rice,13.0,0.0,0.0
CM,Cameroon,1961,wheat,21.0,21.0,0.0
CM,Cameroon,1962,maize,270.0,270.0,0.0
CM,Cameroon,1962,rice,10.0,0.0,0.0
CM,Cameroon,1962,wheat,24.0,24.0,0.0
CM,Cameroon,1963,maize,311.0,311.0,0.0
CM,Cameroon,1963,rice,11.0,0.0,0.0
CM,Cameroon,1963,wheat,20.0,20.0,0.0
CM,Cameroon,1964,maize,265.0,265.0,0.0
CM,Cameroon,1964,rice,18.0,0.0,0.0
CM,Cameroon,1964,wheat,23.0,23.0,0.0
CM,Cameroon,1965,maize,341.0,341.0,0.0
CM,Cameroon,1965,rice,12.0,0.0,0.0
CM,Cameroon,1965,wheat,26.0,26.0,0.0
CM,Cameroon,1966,maize,381.0,381.0,0.0
CM,Cameroon,1966,rice,20.0,0.0,0.0
CM,Cameroon,1966,wheat,40.0,40.0,0.0
CM,Cameroon,1967,maize,455.0,455.0,0.0
CM,Cameroon,1967,rice,24.0,0.0,0.0
CM,Cameroon,1967,wheat,16.0,16.0,0.0
CM,Cameroon,1968,maize,457.0,457.0,0.0
CM,Cameroon,1968,rice,13.0,0.0,0.0
CM,Cameroon,1968,wheat,48.0,48.0,0.0
CM,Cameroon,1969,maize,319.0,319.0,0.0
CM,Cameroon,1969,rice,17.0,0.0,0.0
CM,Cameroon,1969,wheat,53.0,53.0,0.0
CM,Cameroon,1970,maize,263.0,263.0,0.0
CM,Cameroon,1970,rice,40.0,0.0,0.0
CM,Cameroon,1970,wheat,70.0,70.0,0.0
CM,Cameroon,1971,maize,370.0,370.0,0.0
CM,Cameroon,1971,rice,36.0,0.0,0.0
CM,Cameroon,1971,wheat,65.0,65.0,0.0
CM,Cameroon,1972,maize,270.0,270.0,0.0
CM,Cameroon,1972,rice,31.0,0.0,0.0
CM,Cameroon,1972,wheat,60.0,60.0,0.0
CM,Cameroon,1973,maize,317.0,317.0,0.0
CM,Cameroon,1973,rice,25.0,0.0,0.0
CM,Cameroon,1973,wheat,79.0,79.0,0.0
CM,Cameroon,1974,maize,377.0,377.0,0.0
CM,Cameroon,1974,rice,14.0,0.0,0.0
CM,Cameroon,1974,wheat,94.0,94.0,0.0
CM,Cameroon,1975,maize,662.0,662.0,0.0
CM,Cameroon,1975,rice,25.0,0.0,0.0
CM,Cameroon,1975,wheat,61.0,61.0,0.0
CM,Cameroon,1976,maize,465.0,465.0,0.0
CM,Cameroon,1976,rice,54.0,0.0,0.0
CM,Cameroon,1976,wheat,90.0,90.0,0.0
CM,Cameroon,1977,maize,477.0,477.0,0.0
CM,Cameroon,1977,rice,45.0,0.0,0.0
CM,Cameroon,1977,wheat,100.0,100.0,0.0
CM,Cameroon,1978,maize,401.0,401.0,0.0
CM,Cameroon,1978,rice,69.0,0.0,0.0
CM,Cameroon,1978,wheat,110.0,110.0,0.0
CM,Cameroon,1979,maize,409.0,409.0,0.0
CM,Cameroon,1979,rice,41.0,0.0,0.0
CM,Cameroon,1979,wheat,113.0,113.0,0.0
CM,Cameroon,1980,maize,414.0,414.0,0.0
CM,Cameroon,1980,rice,36.0,0.0,0.0
CM,Cameroon,1980,wheat,134.0,134.0,0.0
CM,Cameroon,1981,maize,425.0,425.0,0.0
CM,Cameroon,1981,rice,93.0,0.0,0.0
CM,Cameroon,1981,wheat,150.0,150.0,0.0
CM,Cameroon,1982,maize,491.0,491.0,0.0
CM,Cameroon,1982,rice,91.0,0.0,0.0
CM,Cameroon,1982,wheat,160.0,160.0,0.0
CM,Cameroon,1983,maize,423.0,423.0,0.0
CM,Cameroon,1983,rice,108.0,0.0,0.0
CM,Cameroon,1983,wheat,170.0,170.0,0.0
CM,Cameroon,1984,maize,435.0,435.0,0.0
CM,Cameroon,1984,rice,116.0,0.0,0.0
CM,Cameroon,1984,wheat,118.0,118.0,0.0
CM,Cameroon,1985,maize,461.0,461.0,0.0
CM,Cameroon,1985,rice,134.0,0.0,0.0
CM,Cameroon,1985,wheat,130.0,130.0,0.0
CM,Cameroon,1986,maize,512.0,512.0,0.0
CM,Cameroon,1986,rice,128.0,0.0,0.0
CM,Cameroon,1986,wheat,222.0,222.0,0.0
CM,Cameroon,1987,maize,410.0,410.0,0.0
CM,Cameroon,1987,rice,132.0,0.0,0.0
CM,Cameroon,1987,wheat,440.0,440.0,0.0
CM,Cameroon,1988,maize,434.0,434.0,0.0
CM,Cameroon,1988,rice,129.0,0.0,0.0
CM,Cameroon,1988,wheat,374.0,374.0,0.0
CM,Cameroon,1989,maize,460.0,460.0,0.0
CM,Cameroon,1989,rice,140.0,0.0,0.0
CM,Cameroon,1989,wheat,353.0,353.0,0.0
CM,Cameroon,1990,maize,433.0,433.0,0.0
CM,Cameroon,1990,rice,136.0,0.0,0.0
CM,Cameroon,1990,wheat,403.0,403.0,0.0
CM,Cameroon,1991,maize,520.0,520.0,0.0
CM,Cameroon,1991,rice,136.0,0.0,0.0
CM,Cameroon,1991,wheat,333.0,333.0,0.0
CM,Cameroon,1992,maize,437.0,437.0,0.0
CM,Cameroon,1992,rice,129.0,0.0,0.0
CM,Cameroon,1992,wheat,288.0,288.0,0.0
CM,Cameroon,1993,maize,433.0,433.0,0.0
CM,Cameroon,1993,rice,96.0,0.0,0.0
CM,Cameroon,1993,wheat,228.0,228.0,0.0
CM,Cameroon,1994,maize,435.0,435.0,0.0
CM,Cameroon,1994,rice,78.0,0.0,0.0
CM,Cameroon,1994,wheat,152.0,152.0,0.0
CM,Cameroon,1995,maize,650.0,650.0,0.0
CM,Cameroon,1995,rice,110.0,0.0,0.0
CM,Cameroon,1995,wheat,120.0,120.0,0.0
CM,Cameroon,1996,maize,763.0,763.0,0.0
CM,Cameroon,1996,rice,90.0,0.0,0.0
CM,Cameroon,1996,wheat,178.0,178.0,0.0
CM,Cameroon,1997,maize,769.0,769.0,0.0
CM,Cameroon,1997,rice,44.0,0.0,0.0
CM,Cameroon,1997,wheat,198.0,198.0,0.0
CM,Cameroon,1998,maize,865.0,865.0,0.0
CM,Cameroon,1998,rice,92.0,0.0,0.0
CM,Cameroon,1998,wheat,193.0,193.0,0.0
CM,Cameroon,1999,maize,600.0,600.0,0.0
CM,Cameroon,1999,rice,198.0,0.0,0.0
CM,Cameroon,1999,wheat,234.0,234.0,0.0
CM,Cameroon,2000,maize,771.0,771.0,0.0
CM,Cameroon,2000,rice,299.0,0.0,0.0
CM,Cameroon,2000,wheat,277.0,277.0,0.0
CM,Cameroon,2001,maize,730.0,730.0,0.0
CM,Cameroon,2001,rice,409.0,0.0,0.0
CM,Cameroon,2001,wheat,288.0,288.0,0.0
CM,Cameroon,2002,maize,850.0,750.0,100.0
CM,Cameroon,2002,rice,301.0,0.0,0.0
CM,Cameroon,2002,wheat,266.0,266.0,0.0
CM,Cameroon,2003,maize,850.0,750.0,100.0
CM,Cameroon,2003,rice,305.0,0.0,0.0
CM,Cameroon,2003,wheat,246.0,246.0,0.0
CM,Cameroon,2004,maize,1000.0,900.0,100.0
CM,Cameroon,2004,rice,385.0,0.0,0.0
CM,Cameroon,2004,wheat,308.0,308.0,0.0
CM,Cameroon,2005,maize,1050.0,900.0,150.0
CM,Cameroon,2005,rice,380.0,0.0,0.0
CM,Cameroon,2005,wheat,319.0,319.0,0.0
CM,Cameroon,2006,maize,1250.0,1100.0,150.0
CM,Cameroon,2006,rice,340.0,0.0,0.0
CM,Cameroon,2006,wheat,264.0,264.0,0.0
CM,Cameroon,2007,maize,1350.0,1200.0,150.0
CM,Cameroon,2007,rice,299.0,0.0,0.0
CM,Cameroon,2007,wheat,282.0,282.0,0.0
CM,Cameroon,2008,maize,1450.0,1300.0,150.0
CM,Cameroon,2008,rice,345.0,0.0,0.0
CM,Cameroon,2008,wheat,493.0,493.0,0.0
CM,Cameroon,2009,maize,1600.0,1400.0,200.0
CM,Cameroon,2009,rice,385.0,0.0,0.0
CM,Cameroon,2009,wheat,495.0,495.0,0.0
CM,Cameroon,2010,maize,1700.0,1500.0,200.0
CM,Cameroon,2010,rice,446.0,0.0,0.0
CM,Cameroon,2010,wheat,540.0,540.0,0.0
CM,Cameroon,2011,maize,1600.0,1400.0,200.0
CM,Cameroon,2011,rice,510.0,0.0,0.0
CM,Cameroon,2011,wheat,590.0,590.0,0.0
CM,Cameroon,2012,maize,1700.0,1500.0,200.0
CM,Cameroon,2012,rice,640.0,0.0,0.0
CM,Cameroon,2012,wheat,565.0,565.0,0.0
CM,Cameroon,2013,maize,1700.0,1500.0,200.0
CM,Cameroon,2013,rice,672.0,0.0,0.0
CM,Cameroon,2013,wheat,655.0,655.0,0.0
CM,Cameroon,2014,maize,1800.0,1600.0,200.0
CM,Cameroon,2014,rice,596.0,0.0,0.0
CM,Cameroon,2014,wheat,705.0,705.0,0.0
CM,Cameroon,2015,maize,2000.0,1800.0,200.0
CM,Cameroon,2015,rice,675.0,0.0,0.0
CM,Cameroon,2015,wheat,775.0,775.0,0.0
CM,Cameroon,2016,maize,2200.0,2000.0,200.0
CM,Cameroon,2016,rice,801.0,0.0,0.0
CM,Cameroon,2016,wheat,715.0,715.0,0.0
CM,Cameroon,2017,maize,2300.0,2100.0,200.0
CM,Cameroon,2017,rice,806.0,0.0,0.0
CM,Cameroon,2017,wheat,845.0,845.0,0.0
CM,Cameroon,2018,maize,2400.0,2100.0,300.0
CM,Cameroon,2018,rice,756.0,0.0,0.0
CM,Cameroon,2018,wheat,780.0,780.0,0.0
CM,Cameroon,2019,maize,2350.0,2100.0,250.0
CM,Cameroon,2019,rice,695.0,0.0,0.0
CM,Cameroon,2019,wheat,950.0,950.0,0.0
CM,Cameroon,2020,maize,2150.0,2000.0,150.0
CM,Cameroon,2020,rice,728.0,0.0,0.0
CM,Cameroon,2020,wheat,1025.0,1025.0,0.0
CM,Cameroon,2021,maize,2150.0,2000.0,150.0
CM,Cameroon,2021,rice,818.0,0.0,0.0
CM,Cameroon,2021,wheat,995.0,995.0,0.0
CM,Cameroon,2022,maize,2200.0,2050.0,150.0
CM,Cameroon,2022,rice,732.0,0.0,0.0
CM,Cameroon,2022,wheat,1010.0,1010.0,0.0
CM,Cameroon,2023,maize,2200.0,2050.0,150.0
CM,Cameroon,2023,rice,982.0,0.0,0.0
CM,Cameroon,2023,wheat,1210.0,1210.0,0.0
CM,Cameroon,2024,maize,2250.0,2100.0,150.0
CM,Cameroon,2024,rice,1109.0,0.0,0.0
CM,Cameroon,2024,wheat,1150.0,1150.0,0.0
CM,Cameroon,2025,maize,2250.0,2100.0,150.0
CM,Cameroon,2025,rice,796.0,0.0,0.0
CM,Cameroon,2025,wheat,1250.0,1250.0,0.0
CM,Cameroon,2026,maize,2250.0,2100.0,150.0
CM,Cameroon,2026,rice,946.0,0.0,0.0
CM,Cameroon,2026,wheat,1275.0,1275.0,0.0
CO,Colombia,1960,maize,890.0,711.0,179.0
CO,Colombia,1960,rice,293.0,0.0,0.0
CO,Colombia,1960,wheat,302.0,300.0,2.0
CO,Colombia,1961,maize,774.0,622.0,152.0
CO,Colombia,1961,rice,347.0,0.0,0.0
CO,Colombia,1961,wheat,299.0,297.0,2.0
CO,Colombia,1962,maize,755.0,619.0,136.0
CO,Colombia,1962,rice,379.0,0.0,0.0
CO,Colombia,1962,wheat,292.0,290.0,2.0
CO,Colombia,1963,maize,804.0,658.0,146.0
CO,Colombia,1963,rice,355.0,0.0,0.0
CO,Colombia,1963,wheat,236.0,234.0,2.0
CO,Colombia,1964,maize,968.0,795.0,173.0
CO,Colombia,1964,rice,390.0,0.0,0.0
CO,Colombia,1964,wheat,287.0,285.0,2.0
CO,Colombia,1965,maize,870.0,715.0,155.0
CO,Colombia,1965,rice,438.0,0.0,0.0
CO,Colombia,1965,wheat,346.0,344.0,2.0
CO,Colombia,1966,maize,851.0,686.0,165.0
CO,Colombia,1966,rice,442.0,0.0,0.0
CO,Colombia,1966,wheat,324.0,322.0,2.0
CO,Colombia,1967,maize,850.0,699.0,151.0
CO,Colombia,1967,rice,430.0,0.0,0.0
CO,Colombia,1967,wheat,343.0,341.0,2.0
CO,Colombia,1968,maize,899.0,806.0,93.0
CO,Colombia,1968,rice,511.0,0.0,0.0
CO,Colombia,1968,wheat,300.0,298.0,2.0
CO,Colombia,1969,maize,844.0,745.0,99.0
CO,Colombia,1969,rice,426.0,0.0,0.0
CO,Colombia,1969,wheat,315.0,313.0,2.0
CO,Colombia,1970,maize,932.0,832.0,100.0
CO,Colombia,1970,rice,432.0,0.0,0.0
CO,Colombia,1970,wheat,430.0,428.0,2.0
CO,Colombia,1971,maize,785.0,705.0,80.0
CO,Colombia,1971,rice,539.0,0.0,0.0
CO,Colombia,1971,wheat,430.0,427.0,3.0
CO,Colombia,1972,maize,680.0,615.0,65.0
CO,Colombia,1972,rice,729.0,0.0,0.0
CO,Colombia,1972,wheat,404.0,402.0,2.0
CO,Colombia,1973,maize,783.0,708.0,75.0
CO,Colombia,1973,rice,709.0,0.0,0.0
CO,Colombia,1973,wheat,464.0,462.0,2.0
CO,Colombia,1974,maize,676.0,626.0,50.0
CO,Colombia,1974,rice,895.0,0.0,0.0
CO,Colombia,1974,wheat,387.0,385.0,2.0
CO,Colombia,1975,maize,860.0,810.0,50.0
CO,Colombia,1975,rice,874.0,0.0,0.0
CO,Colombia,1975,wheat,386.0,384.0,2.0
CO,Colombia,1976,maize,882.0,822.0,60.0
CO,Colombia,1976,rice,1043.0,0.0,0.0
CO,Colombia,1976,wheat,406.0,404.0,2.0
CO,Colombia,1977,maize,821.0,751.0,70.0
CO,Colombia,1977,rice,832.0,0.0,0.0
CO,Colombia,1977,wheat,477.0,475.0,2.0
CO,Colombia,1978,maize,923.0,845.0,78.0
CO,Colombia,1978,rice,1115.0,0.0,0.0
CO,Colombia,1978,wheat,512.0,510.0,2.0
CO,Colombia,1979,maize,940.0,860.0,80.0
CO,Colombia,1979,rice,1171.0,0.0,0.0
CO,Colombia,1979,wheat,472.0,470.0,2.0
CO,Colombia,1980,maize,942.0,866.0,76.0
CO,Colombia,1980,rice,1219.0,0.0,0.0
CO,Colombia,1980,wheat,530.0,528.0,2.0
CO,Colombia,1981,maize,953.0,903.0,50.0
CO,Colombia,1981,rice,1249.0,0.0,0.0
CO,Colombia,1981,wheat,545.0,530.0,15.0
CO,Colombia,1982,maize,992.0,952.0,40.0
CO,Colombia,1982,rice,1204.0,0.0,0.0
CO,Colombia,1982,wheat,757.0,737.0,20.0
CO,Colombia,1983,maize,915.0,915.0,0.0
CO,Colombia,1983,rice,1253.0,0.0,0.0
CO,Colombia,1983,wheat,636.0,630.0,6.0
CO,Colombia,1984,maize,890.0,890.0,0.0
CO,Colombia,1984,rice,1062.0,0.0,0.0
CO,Colombia,1984,wheat,628.0,618.0,10.0
CO,Colombia,1985,maize,900.0,900.0,0.0
CO,Colombia,1985,rice,1097.0,0.0,0.0
CO,Colombia,1985,wheat,655.0,647.0,8.0
CO,Colombia,1986,maize,832.0,832.0,0.0
CO,Colombia,1986,rice,1220.0,0.0,0.0
CO,Colombia,1986,wheat,678.0,668.0,10.0
CO,Colombia,1987,maize,915.0,915.0,0.0
CO,Colombia,1987,rice,1190.0,0.0,0.0
CO,Colombia,1987,wheat,862.0,818.0,44.0
CO,Colombia,1988,maize,1029.0,999.0,30.0
CO,Colombia,1988,rice,1236.0,0.0,0.0
CO,Colombia,1988,wheat,842.0,817.0,25.0
CO,Colombia,1989,maize,1097.0,1047.0,50.0
CO,Colombia,1989,rice,998.0,0.0,0.0
CO,Colombia,1989,wheat,850.0,840.0,10.0
CO,Colombia,1990,maize,1252.0,1202.0,50.0
CO,Colombia,1990,rice,950.0,0.0,0.0
CO,Colombia,1990,wheat,866.0,840.0,26.0
CO,Colombia,1991,maize,1376.0,1098.0,278.0
CO,Colombia,1991,rice,965.0,0.0,0.0
CO,Colombia,1991,wheat,720.0,710.0,10.0
CO,Colombia,1992,maize,1551.0,1214.0,337.0
CO,Colombia,1992,rice,975.0,0.0,0.0
CO,Colombia,1992,wheat,933.0,913.0,20.0
CO,Colombia,1993,maize,2139.0,1231.0,908.0
CO,Colombia,1993,rice,1000.0,0.0,0.0
CO,Colombia,1993,wheat,1011.0,991.0,20.0
CO,Colombia,1994,maize,2120.0,1151.0,969.0
CO,Colombia,1994,rice,1050.0,0.0,0.0
CO,Colombia,1994,wheat,941.0,921.0,20.0
CO,Colombia,1995,maize,2400.0,1200.0,1200.0
CO,Colombia,1995,rice,1000.0,0.0,0.0
CO,Colombia,1995,wheat,1066.0,1046.0,20.0
CO,Colombia,1996,maize,2680.0,1201.0,1479.0
CO,Colombia,1996,rice,950.0,0.0,0.0
CO,Colombia,1996,wheat,972.0,952.0,20.0
CO,Colombia,1997,maize,2700.0,1200.0,1500.0
CO,Colombia,1997,rice,1000.0,0.0,0.0
CO,Colombia,1997,wheat,1113.0,1093.0,20.0
CO,Colombia,1998,maize,2500.0,1200.0,1300.0
CO,Colombia,1998,rice,1200.0,0.0,0.0
CO,Colombia,1998,wheat,1132.0,1112.0,20.0
CO,Colombia,1999,maize,2900.0,1250.0,1650.0
CO,Colombia,1999,rice,1300.0,0.0,0.0
CO,Colombia,1999,wheat,1161.0,1141.0,20.0
CO,Colombia,2000,maize,2944.0,1244.0,1700.0
CO,Colombia,2000,rice,1400.0,0.0,0.0
CO,Colombia,2000,wheat,1192.0,1172.0,20.0
CO,Colombia,2001,maize,3000.0,1250.0,1750.0
CO,Colombia,2001,rice,1425.0,0.0,0.0
CO,Colombia,2001,wheat,1189.0,1169.0,20.0
CO,Colombia,2002,maize,3150.0,1250.0,1900.0
CO,Colombia,2002,rice,1450.0,0.0,0.0
CO,Colombia,2002,wheat,1187.0,1167.0,20.0
CO,Colombia,2003,maize,3300.0,1300.0,2000.0
CO,Colombia,2003,rice,1500.0,0.0,0.0
CO,Colombia,2003,wheat,1245.0,1225.0,20.0
CO,Colombia,2004,maize,3650.0,1150.0,2500.0
CO,Colombia,2004,rice,1450.0,0.0,0.0
CO,Colombia,2004,wheat,1270.0,1250.0,20.0
CO,Colombia,2005,maize,4500.0,1200.0,3300.0
CO,Colombia,2005,rice,1450.0,0.0,0.0
CO,Colombia,2005,wheat,1320.0,1300.0,20.0
CO,Colombia,2006,maize,4700.0,1200.0,3500.0
CO,Colombia,2006,rice,1500.0,0.0,0.0
CO,Colombia,2006,wheat,1320.0,1300.0,20.0
CO,Colombia,2007,maize,5100.0,1300.0,3800.0
CO,Colombia,2007,rice,1550.0,0.0,0.0
CO,Colombia,2007,wheat,1345.0,1325.0,20.0
CO,Colombia,2008,maize,4900.0,1200.0,3700.0
CO,Colombia,2008,rice,1650.0,0.0,0.0
CO,Colombia,2008,wheat,1365.0,1325.0,40.0
CO,Colombia,2009,maize,5100.0,1200.0,3900.0
CO,Colombia,2009,rice,1700.0,0.0,0.0
CO,Colombia,2009,wheat,1395.0,1335.0,60.0
CO,Colombia,2010,maize,5400.0,1200.0,4200.0
CO,Colombia,2010,rice,1600.0,0.0,0.0
CO,Colombia,2010,wheat,1425.0,1350.0,75.0
CO,Colombia,2011,maize,4900.0,1200.0,3700.0
CO,Colombia,2011,rice,1600.0,0.0,0.0
CO,Colombia,2011,wheat,1480.0,1390.0,90.0
CO,Colombia,2012,maize,5200.0,1200.0,4000.0
CO,Colombia,2012,rice,1550.0,0.0,0.0
CO,Colombia,2012,wheat,1480.0,1420.0,60.0
CO,Colombia,2013,maize,5850.0,1250.0,4600.0
CO,Colombia,2013,rice,1600.0,0.0,0.0
CO,Colombia,2013,wheat,1560.0,1435.0,125.0
CO,Colombia,2014,maize,6050.0,1350.0,4700.0
CO,Colombia,2014,rice,1550.0,0.0,0.0
CO,Colombia,2014,wheat,1600.0,1475.0,125.0
CO,Colombia,2015,maize,6150.0,1350.0,4800.0
CO,Colombia,2015,rice,1650.0,0.0,0.0
CO,Colombia,2015,wheat,2050.0,1600.0,450.0
CO,Colombia,2016,maize,6350.0,1350.0,5000.0
CO,Colombia,2016,rice,1800.0,0.0,0.0
CO,Colombia,2016,wheat,2200.0,1650.0,550.0
CO,Colombia,2017,maize,6500.0,1400.0,5100.0
CO,Colombia,2017,rice,1850.0,0.0,0.0
CO,Colombia,2017,wheat,1925.0,1725.0,200.0
CO,Colombia,2018,maize,7350.0,1450.0,5900.0
CO,Colombia,2018,rice,1900.0,0.0,0.0
CO,Colombia,2018,wheat,1875.0,1700.0,175.0
CO,Colombia,2019,maize,7400.0,1500.0,5900.0
CO,Colombia,2019,rice,1900.0,0.0,0.0
CO,Colombia,2019,wheat,2025.0,1850.0,175.0
CO,Colombia,2020,maize,7250.0,1450.0,5800.0
CO,Colombia,2020,rice,2000.0,0.0,0.0
CO,Colombia,2020,wheat,2000.0,1900.0,100.0
CO,Colombia,2021,maize,8000.0,1500.0,6500.0
CO,Colombia,2021,rice,2050.0,0.0,0.0
CO,Colombia,2021,wheat,2075.0,1950.0,125.0
CO,Colombia,2022,maize,7900.0,1500.0,6400.0
CO,Colombia,2022,rice,2000.0,0.0,0.0
CO,Colombia,2022,wheat,2070.0,1950.0,120.0
CO,Colombia,2023,maize,8170.0,1520.0,6650.0
CO,Colombia,2023,rice,1950.0,0.0,0.0
CO,Colombia,2023,wheat,2070.0,1950.0,120.0
CO,Colombia,2024,maize,8950.0,1600.0,7350.0
CO,Colombia,2024,rice,2000.0,0.0,0.0
CO,Colombia,2024,wheat,1950.0,1850.0,100.0
CO,Colombia,2025,maize,9950.0,1600.0,8350.0
CO,Colombia,2025,rice,2025.0,0.0,0.0
CO,Colombia,2025,wheat,1920.0,1850.0,70.0
CO,Colombia,2026,maize,10000.0,1600.0,8400.0
CO,Colombia,2026,rice,2050.0,0.0,0.0
CO,Colombia,2026,wheat,2000.0,1900.0,100.0
CS,Costa Rica,1960,maize,77.0,55.0,22.0
CS,Costa Rica,1960,rice,44.0,0.0,0.0
CS,Costa Rica,1960,wheat,49.0,49.0,0.0
CS,Costa Rica,1961,maize,74.0,54.0,20.0
CS,Costa Rica,1961,rice,44.0,0.0,0.0
CS,Costa Rica,1961,wheat,53.0,53.0,0.0
CS,Costa Rica,1962,maize,74.0,54.0,20.0
CS,Costa Rica,1962,rice,47.0,0.0,0.0
CS,Costa Rica,1962,wheat,52.0,52.0,0.0
CS,Costa Rica,1963,maize,67.0,51.0,16.0
CS,Costa Rica,1963,rice,41.0,0.0,0.0
CS,Costa Rica,1963,wheat,56.0,56.0,0.0
CS,Costa Rica,1964,maize,72.0,56.0,16.0
CS,Costa Rica,1964,rice,44.0,0.0,0.0
CS,Costa Rica,1964,wheat,61.0,61.0,0.0
CS,Costa Rica,1965,maize,68.0,53.0,15.0
CS,Costa Rica,1965,rice,53.0,0.0,0.0
CS,Costa Rica,1965,wheat,47.0,47.0,0.0
CS,Costa Rica,1966,maize,69.0,54.0,15.0
CS,Costa Rica,1966,rice,52.0,0.0,0.0
CS,Costa Rica,1966,wheat,73.0,73.0,0.0
CS,Costa Rica,1967,maize,76.0,59.0,17.0
CS,Costa Rica,1967,rice,55.0,0.0,0.0
CS,Costa Rica,1967,wheat,87.0,87.0,0.0
CS,Costa Rica,1968,maize,89.0,68.0,21.0
CS,Costa Rica,1968,rice,47.0,0.0,0.0
CS,Costa Rica,1968,wheat,61.0,61.0,0.0
CS,Costa Rica,1969,maize,85.0,66.0,19.0
CS,Costa Rica,1969,rice,74.0,0.0,0.0
CS,Costa Rica,1969,wheat,71.0,71.0,0.0
CS,Costa Rica,1970,maize,78.0,50.0,28.0
CS,Costa Rica,1970,rice,64.0,0.0,0.0
CS,Costa Rica,1970,wheat,72.0,72.0,0.0
CS,Costa Rica,1971,maize,93.0,69.0,24.0
CS,Costa Rica,1971,rice,45.0,0.0,0.0
CS,Costa Rica,1971,wheat,77.0,77.0,0.0
CS,Costa Rica,1972,maize,92.0,67.0,25.0
CS,Costa Rica,1972,rice,71.0,0.0,0.0
CS,Costa Rica,1972,wheat,76.0,76.0,0.0
CS,Costa Rica,1973,maize,87.0,60.0,27.0
CS,Costa Rica,1973,rice,45.0,0.0,0.0
CS,Costa Rica,1973,wheat,70.0,70.0,0.0
CS,Costa Rica,1974,maize,71.0,28.0,43.0
CS,Costa Rica,1974,rice,66.0,0.0,0.0
CS,Costa Rica,1974,wheat,72.0,72.0,0.0
CS,Costa Rica,1975,maize,100.0,50.0,50.0
CS,Costa Rica,1975,rice,69.0,0.0,0.0
CS,Costa Rica,1975,wheat,94.0,94.0,0.0
CS,Costa Rica,1976,maize,63.0,28.0,35.0
CS,Costa Rica,1976,rice,100.0,0.0,0.0
CS,Costa Rica,1976,wheat,83.0,83.0,0.0
CS,Costa Rica,1977,maize,102.0,50.0,52.0
CS,Costa Rica,1977,rice,77.0,0.0,0.0
CS,Costa Rica,1977,wheat,91.0,91.0,0.0
CS,Costa Rica,1978,maize,83.0,39.0,44.0
CS,Costa Rica,1978,rice,55.0,0.0,0.0
CS,Costa Rica,1978,wheat,94.0,94.0,0.0
CS,Costa Rica,1979,maize,84.0,47.0,37.0
CS,Costa Rica,1979,rice,72.0,0.0,0.0
CS,Costa Rica,1979,wheat,98.0,98.0,0.0
CS,Costa Rica,1980,maize,100.0,67.0,33.0
CS,Costa Rica,1980,rice,98.0,0.0,0.0
CS,Costa Rica,1980,wheat,102.0,102.0,0.0
CS,Costa Rica,1981,maize,117.0,47.0,70.0
CS,Costa Rica,1981,rice,127.0,0.0,0.0
CS,Costa Rica,1981,wheat,90.0,90.0,0.0
CS,Costa Rica,1982,maize,130.0,60.0,70.0
CS,Costa Rica,1982,rice,119.0,0.0,0.0
CS,Costa Rica,1982,wheat,100.0,100.0,0.0
CS,Costa Rica,1983,maize,111.0,41.0,70.0
CS,Costa Rica,1983,rice,110.0,0.0,0.0
CS,Costa Rica,1983,wheat,100.0,100.0,0.0
CS,Costa Rica,1984,maize,130.0,60.0,70.0
CS,Costa Rica,1984,rice,108.0,0.0,0.0
CS,Costa Rica,1984,wheat,117.0,117.0,0.0
CS,Costa Rica,1985,maize,156.0,86.0,70.0
CS,Costa Rica,1985,rice,125.0,0.0,0.0
CS,Costa Rica,1985,wheat,125.0,125.0,0.0
CS,Costa Rica,1986,maize,145.0,67.0,78.0
CS,Costa Rica,1986,rice,127.0,0.0,0.0
CS,Costa Rica,1986,wheat,100.0,100.0,0.0
CS,Costa Rica,1987,maize,209.0,56.0,153.0
CS,Costa Rica,1987,rice,134.0,0.0,0.0
CS,Costa Rica,1987,wheat,122.0,122.0,0.0
CS,Costa Rica,1988,maize,243.0,69.0,174.0
CS,Costa Rica,1988,rice,136.0,0.0,0.0
CS,Costa Rica,1988,wheat,140.0,140.0,0.0
CS,Costa Rica,1989,maize,250.0,50.0,200.0
CS,Costa Rica,1989,rice,150.0,0.0,0.0
CS,Costa Rica,1989,wheat,146.0,146.0,0.0
CS,Costa Rica,1990,maize,279.0,49.0,230.0
CS,Costa Rica,1990,rice,158.0,0.0,0.0
CS,Costa Rica,1990,wheat,143.0,143.0,0.0
CS,Costa Rica,1991,maize,266.0,16.0,250.0
CS,Costa Rica,1991,rice,162.0,0.0,0.0
CS,Costa Rica,1991,wheat,179.0,179.0,0.0
CS,Costa Rica,1992,maize,368.0,38.0,330.0
CS,Costa Rica,1992,rice,163.0,0.0,0.0
CS,Costa Rica,1992,wheat,195.0,195.0,0.0
CS,Costa Rica,1993,maize,412.0,51.0,361.0
CS,Costa Rica,1993,rice,165.0,0.0,0.0
CS,Costa Rica,1993,wheat,144.0,144.0,0.0
CS,Costa Rica,1994,maize,445.0,55.0,390.0
CS,Costa Rica,1994,rice,180.0,0.0,0.0
CS,Costa Rica,1994,wheat,155.0,155.0,0.0
CS,Costa Rica,1995,maize,418.0,34.0,384.0
CS,Costa Rica,1995,rice,187.0,0.0,0.0
CS,Costa Rica,1995,wheat,172.0,172.0,0.0
CS,Costa Rica,1996,maize,421.0,50.0,371.0
CS,Costa Rica,1996,rice,206.0,0.0,0.0
CS,Costa Rica,1996,wheat,168.0,168.0,0.0
CS,Costa Rica,1997,maize,407.0,40.0,367.0
CS,Costa Rica,1997,rice,212.0,0.0,0.0
CS,Costa Rica,1997,wheat,202.0,202.0,0.0
CS,Costa Rica,1998,maize,460.0,0.0,460.0
CS,Costa Rica,1998,rice,215.0,0.0,0.0
CS,Costa Rica,1998,wheat,160.0,160.0,0.0
CS,Costa Rica,1999,maize,560.0,30.0,530.0
CS,Costa Rica,1999,rice,218.0,0.0,0.0
CS,Costa Rica,1999,wheat,180.0,180.0,0.0
CS,Costa Rica,2000,maize,520.0,30.0,490.0
CS,Costa Rica,2000,rice,221.0,0.0,0.0
CS,Costa Rica,2000,wheat,180.0,180.0,0.0
CS,Costa Rica,2001,maize,470.0,30.0,440.0
CS,Costa Rica,2001,rice,223.0,0.0,0.0
CS,Costa Rica,2001,wheat,180.0,180.0,0.0
CS,Costa Rica,2002,maize,510.0,30.0,480.0
CS,Costa Rica,2002,rice,225.0,0.0,0.0
CS,Costa Rica,2002,wheat,190.0,190.0,0.0
CS,Costa Rica,2003,maize,580.0,30.0,550.0
CS,Costa Rica,2003,rice,227.0,0.0,0.0
CS,Costa Rica,2003,wheat,190.0,190.0,0.0
CS,Costa Rica,2004,maize,600.0,30.0,570.0
CS,Costa Rica,2004,rice,230.0,0.0,0.0
CS,Costa Rica,2004,wheat,190.0,190.0,0.0
CS,Costa Rica,2005,maize,650.0,50.0,600.0
CS,Costa Rica,2005,rice,220.0,0.0,0.0
CS,Costa Rica,2005,wheat,200.0,200.0,0.0
CS,Costa Rica,2006,maize,700.0,50.0,650.0
CS,Costa Rica,2006,rice,224.0,0.0,0.0
CS,Costa Rica,2006,wheat,200.0,200.0,0.0
CS,Costa Rica,2007,maize,700.0,50.0,650.0
CS,Costa Rica,2007,rice,230.0,0.0,0.0
CS,Costa Rica,2007,wheat,200.0,200.0,0.0
CS,Costa Rica,2008,maize,650.0,50.0,600.0
CS,Costa Rica,2008,rice,232.0,0.0,0.0
CS,Costa Rica,2008,wheat,205.0,205.0,0.0
CS,Costa Rica,2009,maize,650.0,50.0,600.0
CS,Costa Rica,2009,rice,237.0,0.0,0.0
CS,Costa Rica,2009,wheat,205.0,205.0,0.0
CS,Costa Rica,2010,maize,675.0,50.0,625.0
CS,Costa Rica,2010,rice,240.0,0.0,0.0
CS,Costa Rica,2010,wheat,205.0,205.0,0.0
CS,Costa Rica,2011,maize,725.0,50.0,675.0
CS,Costa Rica,2011,rice,240.0,0.0,0.0
CS,Costa Rica,2011,wheat,210.0,210.0,0.0
CS,Costa Rica,2012,maize,725.0,50.0,675.0
CS,Costa Rica,2012,rice,235.0,0.0,0.0
CS,Costa Rica,2012,wheat,210.0,210.0,0.0
CS,Costa Rica,2013,maize,720.0,50.0,670.0
CS,Costa Rica,2013,rice,245.0,0.0,0.0
CS,Costa Rica,2013,wheat,215.0,215.0,0.0
CS,Costa Rica,2014,maize,790.0,60.0,730.0
CS,Costa Rica,2014,rice,245.0,0.0,0.0
CS,Costa Rica,2014,wheat,220.0,220.0,0.0
CS,Costa Rica,2015,maize,810.0,60.0,750.0
CS,Costa Rica,2015,rice,265.0,0.0,0.0
CS,Costa Rica,2015,wheat,230.0,230.0,0.0
CS,Costa Rica,2016,maize,850.0,100.0,750.0
CS,Costa Rica,2016,rice,260.0,0.0,0.0
CS,Costa Rica,2016,wheat,236.0,236.0,0.0
CS,Costa Rica,2017,maize,850.0,100.0,750.0
CS,Costa Rica,2017,rice,255.0,0.0,0.0
CS,Costa Rica,2017,wheat,240.0,240.0,0.0
CS,Costa Rica,2018,maize,925.0,150.0,775.0
CS,Costa Rica,2018,rice,240.0,0.0,0.0
CS,Costa Rica,2018,wheat,230.0,230.0,0.0
CS,Costa Rica,2019,maize,925.0,150.0,775.0
CS,Costa Rica,2019,rice,235.0,0.0,0.0
CS,Costa Rica,2019,wheat,250.0,250.0,0.0
CS,Costa Rica,2020,maize,950.0,175.0,775.0
CS,Costa Rica,2020,rice,235.0,0.0,0.0
CS,Costa Rica,2020,wheat,260.0,260.0,0.0
CS,Costa Rica,2021,maize,900.0,175.0,725.0
CS,Costa Rica,2021,rice,240.0,0.0,0.0
CS,Costa Rica,2021,wheat,260.0,260.0,0.0
CS,Costa Rica,2022,maize,950.0,175.0,775.0
CS,Costa Rica,2022,rice,245.0,0.0,0.0
CS,Costa Rica,2022,wheat,250.0,250.0,0.0
CS,Costa Rica,2023,maize,975.0,175.0,800.0
CS,Costa Rica,2023,rice,255.0,0.0,0.0
CS,Costa Rica,2023,wheat,260.0,260.0,0.0
CS,Costa Rica,2024,maize,1075.0,175.0,900.0
CS,Costa Rica,2024,rice,260.0,0.0,0.0
CS,Costa Rica,2024,wheat,265.0,265.0,0.0
CS,Costa Rica,2025,maize,1075.0,175.0,900.0
CS,Costa Rica,2025,rice,265.0,0.0,0.0
CS,Costa Rica,2025,wheat,250.0,250.0,0.0
CS,Costa Rica,2026,maize,1100.0,175.0,925.0
CS,Costa Rica,2026,rice,270.0,0.0,0.0
CS,Costa Rica,2026,wheat,265.0,265.0,0.0
CT,Central African Republic,1977,maize,33.0,33.0,0.0
CT,Central African Republic,1978,maize,39.0,39.0,0.0
CT,Central African Republic,1979,maize,34.0,34.0,0.0
CT,Central African Republic,1980,maize,41.0,41.0,0.0
CT,Central African Republic,1981,maize,46.0,46.0,0.0
CT,Central African Republic,1982,maize,40.0,40.0,0.0
CT,Central African Republic,1983,maize,35.0,35.0,0.0
CT,Central African Republic,1984,maize,45.0,45.0,0.0
CT,Central African Republic,1985,maize,50.0,50.0,0.0
CT,Central African Republic,1986,maize,35.0,35.0,0.0
CT,Central African Republic,1987,maize,64.0,64.0,0.0
CT,Central African Republic,1988,maize,68.0,68.0,0.0
CT,Central African Republic,1989,maize,65.0,65.0,0.0
CT,Central African Republic,1990,maize,64.0,64.0,0.0
CT,Central African Republic,1991,maize,66.0,66.0,0.0
CT,Central African Republic,1992,maize,60.0,60.0,0.0
CT,Central African Republic,1993,maize,58.0,58.0,0.0
CT,Central African Republic,1994,maize,60.0,60.0,0.0
CT,Central African Republic,1995,maize,70.0,70.0,0.0
CT,Central African Republic,1996,maize,75.0,75.0,0.0
CT,Central African Republic,1997,maize,80.0,80.0,0.0
CT,Central African Republic,1998,maize,80.0,80.0,0.0
CT,Central African Republic,1999,maize,95.0,95.0,0.0
CT,Central African Republic,2000,maize,100.0,100.0,0.0
CT,Central African Republic,2001,maize,107.0,107.0,0.0
CT,Central African Republic,2002,maize,113.0,113.0,0.0
CT,Central African Republic,2003,maize,119.0,119.0,0.0
CT,Central African Republic,2004,maize,125.0,125.0,0.0
CT,Central African Republic,2005,maize,131.0,131.0,0.0
CT,Central African Republic,2006,maize,131.0,131.0,0.0
CT,Central African Republic,2007,maize,140.0,140.0,0.0
CT,Central African Republic,2008,maize,172.0,172.0,0.0
CT,Central African Republic,2009,maize,151.0,151.0,0.0
CT,Central African Republic,2010,maize,150.0,150.0,0.0
CT,Central African Republic,2011,maize,160.0,160.0,0.0
CT,Central African Republic,2012,maize,162.0,162.0,0.0
CT,Central African Republic,2013,maize,121.0,121.0,0.0
CT,Central African Republic,2014,maize,80.0,80.0,0.0
CT,Central African Republic,2015,maize,80.0,80.0,0.0
CT,Central African Republic,2016,maize,92.0,92.0,0.0
CT,Central African Republic,2017,maize,95.0,90.0,5.0
CT,Central African Republic,2018,maize,95.0,90.0,5.0
CT,Central African Republic,2019,maize,105.0,100.0,5.0
CT,Central African Republic,2020,maize,195.0,180.0,15.0
CT,Central African Republic,2021,maize,210.0,195.0,15.0
CT,Central African Republic,2022,maize,215.0,200.0,15.0
CT,Central African Republic,2023,maize,220.0,205.0,15.0
CT,Central African Republic,2024,maize,200.0,185.0,15.0
CT,Central African Republic,2025,maize,200.0,185.0,15.0
CT,Central African Republic,2026,maize,200.0,185.0,15.0
CU,Cuba,1960,maize,215.0,215.0,0.0
CU,Cuba,1960,rice,407.0,0.0,0.0
CU,Cuba,1960,wheat,223.0,223.0,0.0
CU,Cuba,1961,maize,285.0,285.0,0.0
CU,Cuba,1961,rice,333.0,0.0,0.0
CU,Cuba,1961,wheat,408.0,408.0,0.0
CU,Cuba,1962,maize,256.0,256.0,0.0
CU,Cuba,1962,rice,340.0,0.0,0.0
CU,Cuba,1962,wheat,468.0,468.0,0.0
CU,Cuba,1963,maize,332.0,332.0,0.0
CU,Cuba,1963,rice,377.0,0.0,0.0
CU,Cuba,1963,wheat,708.0,708.0,0.0
CU,Cuba,1964,maize,307.0,307.0,0.0
CU,Cuba,1964,rice,362.0,0.0,0.0
CU,Cuba,1964,wheat,799.0,799.0,0.0
CU,Cuba,1965,maize,289.0,289.0,0.0
CU,Cuba,1965,rice,182.0,0.0,0.0
CU,Cuba,1965,wheat,995.0,995.0,0.0
CU,Cuba,1966,maize,254.0,254.0,0.0
CU,Cuba,1966,rice,201.0,0.0,0.0
CU,Cuba,1966,wheat,773.0,773.0,0.0
CU,Cuba,1967,maize,191.0,191.0,0.0
CU,Cuba,1967,rice,237.0,0.0,0.0
CU,Cuba,1967,wheat,842.0,842.0,0.0
CU,Cuba,1968,maize,126.0,126.0,0.0
CU,Cuba,1968,rice,251.0,0.0,0.0
CU,Cuba,1968,wheat,770.0,770.0,0.0
CU,Cuba,1969,maize,139.0,139.0,0.0
CU,Cuba,1969,rice,332.0,0.0,0.0
CU,Cuba,1969,wheat,1071.0,1071.0,0.0
CU,Cuba,1970,maize,199.0,199.0,0.0
CU,Cuba,1970,rice,492.0,0.0,0.0
CU,Cuba,1970,wheat,789.0,789.0,0.0
CU,Cuba,1971,maize,147.0,147.0,0.0
CU,Cuba,1971,rice,470.0,0.0,0.0
CU,Cuba,1971,wheat,834.0,834.0,0.0
CU,Cuba,1972,maize,127.0,127.0,0.0
CU,Cuba,1972,rice,429.0,0.0,0.0
CU,Cuba,1972,wheat,811.0,811.0,0.0
CU,Cuba,1973,maize,265.0,265.0,0.0
CU,Cuba,1973,rice,520.0,0.0,0.0
CU,Cuba,1973,wheat,825.0,825.0,0.0
CU,Cuba,1974,maize,307.0,307.0,0.0
CU,Cuba,1974,rice,460.0,0.0,0.0
CU,Cuba,1974,wheat,954.0,954.0,0.0
CU,Cuba,1975,maize,320.0,320.0,0.0
CU,Cuba,1975,rice,450.0,0.0,0.0
CU,Cuba,1975,wheat,930.0,930.0,0.0
CU,Cuba,1976,maize,320.0,320.0,0.0
CU,Cuba,1976,rice,427.0,0.0,0.0
CU,Cuba,1976,wheat,922.0,922.0,0.0
CU,Cuba,1977,maize,320.0,320.0,0.0
CU,Cuba,1977,rice,469.0,0.0,0.0
CU,Cuba,1977,wheat,1060.0,1060.0,0.0
CU,Cuba,1978,maize,370.0,370.0,0.0
CU,Cuba,1978,rice,459.0,0.0,0.0
CU,Cuba,1978,wheat,794.0,794.0,0.0
CU,Cuba,1979,maize,445.0,445.0,0.0
CU,Cuba,1979,rice,413.0,0.0,0.0
CU,Cuba,1979,wheat,1156.0,1156.0,0.0
CU,Cuba,1980,maize,475.0,475.0,0.0
CU,Cuba,1980,rice,381.0,0.0,0.0
CU,Cuba,1980,wheat,1106.0,1106.0,0.0
CU,Cuba,1981,maize,403.0,403.0,0.0
CU,Cuba,1981,rice,475.0,0.0,0.0
CU,Cuba,1981,wheat,1437.0,1437.0,0.0
CU,Cuba,1982,maize,392.0,392.0,0.0
CU,Cuba,1982,rice,518.0,0.0,0.0
CU,Cuba,1982,wheat,1395.0,1395.0,0.0
CU,Cuba,1983,maize,350.0,350.0,0.0
CU,Cuba,1983,rice,390.0,0.0,0.0
CU,Cuba,1983,wheat,1740.0,1740.0,0.0
CU,Cuba,1984,maize,429.0,429.0,0.0
CU,Cuba,1984,rice,492.0,0.0,0.0
CU,Cuba,1984,wheat,1319.0,1319.0,0.0
CU,Cuba,1985,maize,432.0,432.0,0.0
CU,Cuba,1985,rice,442.0,0.0,0.0
CU,Cuba,1985,wheat,1436.0,1436.0,0.0
CU,Cuba,1986,maize,456.0,456.0,0.0
CU,Cuba,1986,rice,539.0,0.0,0.0
CU,Cuba,1986,wheat,1397.0,1397.0,0.0
CU,Cuba,1987,maize,621.0,621.0,0.0
CU,Cuba,1987,rice,465.0,0.0,0.0
CU,Cuba,1987,wheat,1410.0,1410.0,0.0
CU,Cuba,1988,maize,752.0,752.0,0.0
CU,Cuba,1988,rice,504.0,0.0,0.0
CU,Cuba,1988,wheat,1343.0,1343.0,0.0
CU,Cuba,1989,maize,666.0,666.0,0.0
CU,Cuba,1989,rice,586.0,0.0,0.0
CU,Cuba,1989,wheat,1228.0,1228.0,0.0
CU,Cuba,1990,maize,158.0,0.0,158.0
CU,Cuba,1990,rice,572.0,0.0,0.0
CU,Cuba,1990,wheat,1405.0,1405.0,0.0
CU,Cuba,1991,maize,87.0,25.0,62.0
CU,Cuba,1991,rice,476.0,0.0,0.0
CU,Cuba,1991,wheat,1097.0,1097.0,0.0
CU,Cuba,1992,maize,185.0,50.0,135.0
CU,Cuba,1992,rice,641.0,0.0,0.0
CU,Cuba,1992,wheat,898.0,898.0,0.0
CU,Cuba,1993,maize,107.0,25.0,82.0
CU,Cuba,1993,rice,373.0,0.0,0.0
CU,Cuba,1993,wheat,1085.0,1085.0,0.0
CU,Cuba,1994,maize,282.0,100.0,182.0
CU,Cuba,1994,rice,570.0,0.0,0.0
CU,Cuba,1994,wheat,1075.0,1075.0,0.0
CU,Cuba,1995,maize,376.0,75.0,301.0
CU,Cuba,1995,rice,646.0,0.0,0.0
CU,Cuba,1995,wheat,776.0,776.0,0.0
CU,Cuba,1996,maize,374.0,100.0,274.0
CU,Cuba,1996,rice,639.0,0.0,0.0
CU,Cuba,1996,wheat,954.0,954.0,0.0
CU,Cuba,1997,maize,241.0,50.0,191.0
CU,Cuba,1997,rice,735.0,0.0,0.0
CU,Cuba,1997,wheat,946.0,946.0,0.0
CU,Cuba,1998,maize,242.0,50.0,192.0
CU,Cuba,1998,rice,718.0,0.0,0.0
CU,Cuba,1998,wheat,977.0,977.0,0.0
CU,Cuba,1999,maize,338.0,100.0,238.0
CU,Cuba,1999,rice,778.0,0.0,0.0
CU,Cuba,1999,wheat,1119.0,1119.0,0.0
CU,Cuba,2000,maize,392.0,100.0,292.0
CU,Cuba,2000,rice,840.0,0.0,0.0
CU,Cuba,2000,wheat,963.0,963.0,0.0
CU,Cuba,2001,maize,591.0,250.0,341.0
CU,Cuba,2001,rice,929.0,0.0,0.0
CU,Cuba,2001,wheat,1054.0,1054.0,0.0
CU,Cuba,2002,maize,550.0,250.0,300.0
CU,Cuba,2002,rice,821.0,0.0,0.0
CU,Cuba,2002,wheat,819.0,819.0,0.0
CU,Cuba,2003,maize,800.0,300.0,500.0
CU,Cuba,2003,rice,1104.0,0.0,0.0
CU,Cuba,2003,wheat,724.0,724.0,0.0
CU,Cuba,2004,maize,950.0,350.0,600.0
CU,Cuba,2004,rice,1054.0,0.0,0.0
CU,Cuba,2004,wheat,836.0,836.0,0.0
CU,Cuba,2005,maize,900.0,300.0,600.0
CU,Cuba,2005,rice,833.0,0.0,0.0
CU,Cuba,2005,wheat,751.0,751.0,0.0
CU,Cuba,2006,maize,1000.0,300.0,700.0
CU,Cuba,2006,rice,856.0,0.0,0.0
CU,Cuba,2006,wheat,660.0,660.0,0.0
CU,Cuba,2007,maize,1100.0,300.0,800.0
CU,Cuba,2007,rice,935.0,0.0,0.0
CU,Cuba,2007,wheat,902.0,902.0,0.0
CU,Cuba,2008,maize,1075.0,300.0,775.0
CU,Cuba,2008,rice,746.0,0.0,0.0
CU,Cuba,2008,wheat,871.0,871.0,0.0
CU,Cuba,2009,maize,1025.0,300.0,725.0
CU,Cuba,2009,rice,834.0,0.0,0.0
CU,Cuba,2009,wheat,765.0,765.0,0.0
CU,Cuba,2010,maize,1175.0,300.0,875.0
CU,Cuba,2010,rice,937.0,0.0,0.0
CU,Cuba,2010,wheat,834.0,834.0,0.0
CU,Cuba,2011,maize,1100.0,300.0,800.0
CU,Cuba,2011,rice,839.0,0.0,0.0
CU,Cuba,2011,wheat,772.0,772.0,0.0
CU,Cuba,2012,maize,1250.0,300.0,950.0
CU,Cuba,2012,rice,786.0,0.0,0.0
CU,Cuba,2012,wheat,789.0,789.0,0.0
CU,Cuba,2013,maize,1275.0,300.0,975.0
CU,Cuba,2013,rice,837.0,0.0,0.0
CU,Cuba,2013,wheat,753.0,753.0,0.0
CU,Cuba,2014,maize,1300.0,300.0,1000.0
CU,Cuba,2014,rice,863.0,0.0,0.0
CU,Cuba,2014,wheat,856.0,856.0,0.0
CU,Cuba,2015,maize,1275.0,300.0,975.0
CU,Cuba,2015,rice,796.0,0.0,0.0
CU,Cuba,2015,wheat,812.0,812.0,0.0
CU,Cuba,2016,maize,1350.0,300.0,1050.0
CU,Cuba,2016,rice,859.0,0.0,0.0
CU,Cuba,2016,wheat,846.0,846.0,0.0
CU,Cuba,2017,maize,1150.0,200.0,950.0
CU,Cuba,2017,rice,698.0,0.0,0.0
CU,Cuba,2017,wheat,812.0,812.0,0.0
CU,Cuba,2018,maize,830.0,180.0,650.0
CU,Cuba,2018,rice,798.0,0.0,0.0
CU,Cuba,2018,wheat,712.0,712.0,0.0
CU,Cuba,2019,maize,850.0,250.0,600.0
CU,Cuba,2019,rice,691.0,0.0,0.0
CU,Cuba,2019,wheat,652.0,652.0,0.0
CU,Cuba,2020,maize,750.0,250.0,500.0
CU,Cuba,2020,rice,609.0,0.0,0.0
CU,Cuba,2020,wheat,657.0,657.0,0.0
CU,Cuba,2021,maize,590.0,240.0,350.0
CU,Cuba,2021,rice,534.0,0.0,0.0
CU,Cuba,2021,wheat,594.0,594.0,0.0
CU,Cuba,2022,maize,390.0,190.0,200.0
CU,Cuba,2022,rice,644.0,0.0,0.0
CU,Cuba,2022,wheat,475.0,475.0,0.0
CU,Cuba,2023,maize,320.0,180.0,140.0
CU,Cuba,2023,rice,438.0,0.0,0.0
CU,Cuba,2023,wheat,611.0,611.0,0.0
CU,Cuba,2024,maize,215.0,140.0,75.0
CU,Cuba,2024,rice,415.0,0.0,0.0
CU,Cuba,2024,wheat,330.0,330.0,0.0
CU,Cuba,2025,maize,160.0,110.0,50.0
CU,Cuba,2025,rice,480.0,0.0,0.0
CU,Cuba,2025,wheat,450.0,450.0,0.0
CU,Cuba,2026,maize,120.0,80.0,40.0
CU,Cuba,2026,rice,465.0,0.0,0.0
CU,Cuba,2026,wheat,475.0,475.0,0.0
CV,Cabo Verde,1960,rice,1.0,0.0,0.0
CV,Cabo Verde,1961,rice,2.0,0.0,0.0
CV,Cabo Verde,1962,rice,1.0,0.0,0.0
CV,Cabo Verde,1963,rice,1.0,0.0,0.0
CV,Cabo Verde,1964,rice,2.0,0.0,0.0
CV,Cabo Verde,1965,rice,2.0,0.0,0.0
CV,Cabo Verde,1966,rice,2.0,0.0,0.0
CV,Cabo Verde,1967,rice,2.0,0.0,0.0
CV,Cabo Verde,1968,rice,2.0,0.0,0.0
CV,Cabo Verde,1969,rice,2.0,0.0,0.0
CV,Cabo Verde,1970,rice,3.0,0.0,0.0
CV,Cabo Verde,1971,rice,4.0,0.0,0.0
CV,Cabo Verde,1972,rice,4.0,0.0,0.0
CV,Cabo Verde,1973,rice,5.0,0.0,0.0
CV,Cabo Verde,1974,rice,4.0,0.0,0.0
CV,Cabo Verde,1975,rice,2.0,0.0,0.0
CV,Cabo Verde,1981,maize,4.0,4.0,0.0
CV,Cabo Verde,1982,maize,3.0,3.0,0.0
CV,Cabo Verde,1983,maize,20.0,20.0,0.0
CV,Cabo Verde,1984,maize,43.0,43.0,0.0
CV,Cabo Verde,1985,maize,26.0,26.0,0.0
CV,Cabo Verde,1986,maize,38.0,38.0,0.0
CV,Cabo Verde,1987,maize,30.0,30.0,0.0
CV,Cabo Verde,1988,maize,26.0,26.0,0.0
CV,Cabo Verde,1989,maize,21.0,21.0,0.0
CV,Cabo Verde,1990,maize,10.0,10.0,0.0
CV,Cabo Verde,1991,maize,14.0,14.0,0.0
CV,Cabo Verde,1992,maize,20.0,20.0,0.0
CV,Cabo Verde,1993,maize,16.0,16.0,0.0
CV,Cabo Verde,1994,maize,13.0,13.0,0.0
CV,Cabo Verde,1995,maize,15.0,15.0,0.0
CV,Cabo Verde,1996,maize,25.0,25.0,0.0
CV,Cabo Verde,1997,maize,25.0,25.0,0.0
CV,Cabo Verde,1998,maize,25.0,25.0,0.0
CV,Cabo Verde,1999,maize,26.0,26.0,0.0
CV,Cabo Verde,2000,maize,40.0,40.0,0.0
CV,Cabo Verde,2001,maize,44.0,44.0,0.0
CV,Cabo Verde,2002,maize,17.0,17.0,0.0
CV,Cabo Verde,2003,maize,32.0,32.0,0.0
CV,Cabo Verde,2004,maize,38.0,38.0,0.0
CV,Cabo Verde,2005,maize,35.0,35.0,0.0
CV,Cabo Verde,2006,maize,22.0,22.0,0.0
CV,Cabo Verde,2007,maize,31.0,31.0,0.0
CV,Cabo Verde,2008,maize,15.0,15.0,0.0
CV,Cabo Verde,2009,maize,20.0,20.0,0.0
CV,Cabo Verde,2010,maize,20.0,20.0,0.0
CV,Cabo Verde,2011,maize,17.0,17.0,0.0
CV,Cabo Verde,2012,maize,27.0,27.0,0.0
CV,Cabo Verde,2013,maize,35.0,35.0,0.0
CV,Cabo Verde,2014,maize,23.0,23.0,0.0
CV,Cabo Verde,2015,maize,51.0,51.0,0.0
CV,Cabo Verde,2016,maize,37.0,37.0,0.0
CV,Cabo Verde,2017,maize,12.0,12.0,0.0
CV,Cabo Verde,2018,maize,12.0,12.0,0.0
CV,Cabo Verde,2019,maize,15.0,15.0,0.0
CV,Cabo Verde,2020,maize,29.0,29.0,0.0
CV,Cabo Verde,2021,maize,27.0,27.0,0.0
CV,Cabo Verde,2022,maize,44.0,44.0,0.0
CV,Cabo Verde,2023,maize,26.0,26.0,0.0
CV,Cabo Verde,2024,maize,54.0,54.0,0.0
CV,Cabo Verde,2025,maize,41.0,41.0,0.0
CV,Cabo Verde,2026,maize,26.0,26.0,0.0
CY,Cyprus,1960,maize,2.0,2.0,0.0
CY,Cyprus,1960,rice,3.0,0.0,0.0
CY,Cyprus,1960,wheat,102.0,102.0,0.0
CY,Cyprus,1961,maize,8.0,8.0,0.0
CY,Cyprus,1961,rice,3.0,0.0,0.0
CY,Cyprus,1961,wheat,77.0,77.0,0.0
CY,Cyprus,1962,maize,9.0,9.0,0.0
CY,Cyprus,1962,rice,4.0,0.0,0.0
CY,Cyprus,1962,wheat,98.0,98.0,0.0
CY,Cyprus,1963,maize,17.0,17.0,0.0
CY,Cyprus,1963,rice,4.0,0.0,0.0
CY,Cyprus,1963,wheat,112.0,112.0,0.0
CY,Cyprus,1964,maize,11.0,11.0,0.0
CY,Cyprus,1964,rice,2.0,0.0,0.0
CY,Cyprus,1964,wheat,69.0,69.0,0.0
CY,Cyprus,1965,maize,19.0,19.0,0.0
CY,Cyprus,1965,rice,4.0,0.0,0.0
CY,Cyprus,1965,wheat,119.0,119.0,0.0
CY,Cyprus,1966,maize,4.0,4.0,0.0
CY,Cyprus,1966,rice,3.0,0.0,0.0
CY,Cyprus,1966,wheat,74.0,74.0,0.0
CY,Cyprus,1967,maize,5.0,5.0,0.0
CY,Cyprus,1967,rice,4.0,0.0,0.0
CY,Cyprus,1967,wheat,111.0,111.0,0.0
CY,Cyprus,1968,maize,21.0,21.0,0.0
CY,Cyprus,1968,rice,3.0,0.0,0.0
CY,Cyprus,1968,wheat,88.0,88.0,0.0
CY,Cyprus,1969,maize,12.0,12.0,0.0
CY,Cyprus,1969,rice,4.0,0.0,0.0
CY,Cyprus,1969,wheat,103.0,103.0,0.0
CY,Cyprus,1970,maize,22.0,22.0,0.0
CY,Cyprus,1970,rice,3.0,0.0,0.0
CY,Cyprus,1970,wheat,100.0,100.0,0.0
CY,Cyprus,1971,maize,19.0,19.0,0.0
CY,Cyprus,1971,rice,3.0,0.0,0.0
CY,Cyprus,1971,wheat,132.0,132.0,0.0
CY,Cyprus,1972,maize,29.0,29.0,0.0
CY,Cyprus,1972,rice,1.0,0.0,0.0
CY,Cyprus,1972,wheat,126.0,126.0,0.0
CY,Cyprus,1973,maize,20.0,20.0,0.0
CY,Cyprus,1973,rice,3.0,0.0,0.0
CY,Cyprus,1973,wheat,107.0,107.0,0.0
CY,Cyprus,1974,maize,25.0,25.0,0.0
CY,Cyprus,1974,rice,3.0,0.0,0.0
CY,Cyprus,1974,wheat,141.0,141.0,0.0
CY,Cyprus,1975,maize,25.0,25.0,0.0
CY,Cyprus,1975,wheat,84.0,84.0,0.0
CY,Cyprus,1976,maize,19.0,19.0,0.0
CY,Cyprus,1976,wheat,97.0,97.0,0.0
CY,Cyprus,1977,maize,16.0,16.0,0.0
CY,Cyprus,1977,wheat,66.0,66.0,0.0
CY,Cyprus,1978,maize,25.0,25.0,0.0
CY,Cyprus,1978,wheat,90.0,90.0,0.0
CY,Cyprus,1979,maize,33.0,33.0,0.0
CY,Cyprus,1979,wheat,72.0,72.0,0.0
CY,Cyprus,1980,maize,44.0,44.0,0.0
CY,Cyprus,1980,wheat,67.0,67.0,0.0
CY,Cyprus,1981,maize,35.0,35.0,0.0
CY,Cyprus,1981,wheat,78.0,78.0,0.0
CY,Cyprus,1982,maize,46.0,46.0,0.0
CY,Cyprus,1982,wheat,73.0,73.0,0.0
CY,Cyprus,1983,maize,60.0,60.0,0.0
CY,Cyprus,1983,wheat,108.0,108.0,0.0
CY,Cyprus,1984,maize,50.0,50.0,0.0
CY,Cyprus,1984,wheat,70.0,70.0,0.0
CY,Cyprus,1985,maize,60.0,60.0,0.0
CY,Cyprus,1985,wheat,113.0,113.0,0.0
CY,Cyprus,1986,maize,245.0,245.0,0.0
CY,Cyprus,1986,wheat,95.0,95.0,0.0
CY,Cyprus,1987,maize,55.0,55.0,0.0
CY,Cyprus,1987,wheat,95.0,95.0,0.0
CY,Cyprus,1988,maize,119.0,119.0,0.0
CY,Cyprus,1988,wheat,93.0,93.0,0.0
CY,Cyprus,1989,maize,107.0,107.0,0.0
CY,Cyprus,1989,wheat,81.0,81.0,0.0
CY,Cyprus,1990,maize,109.0,109.0,0.0
CY,Cyprus,1990,wheat,79.0,79.0,0.0
CY,Cyprus,1991,maize,104.0,104.0,0.0
CY,Cyprus,1991,wheat,129.0,129.0,0.0
CY,Cyprus,1992,maize,106.0,106.0,0.0
CY,Cyprus,1992,wheat,88.0,88.0,0.0
CY,Cyprus,1993,maize,154.0,154.0,0.0
CY,Cyprus,1993,wheat,131.0,131.0,0.0
CY,Cyprus,1994,maize,150.0,150.0,0.0
CY,Cyprus,1994,wheat,103.0,103.0,0.0
CY,Cyprus,1995,maize,177.0,177.0,0.0
CY,Cyprus,1995,wheat,110.0,110.0,0.0
CY,Cyprus,1996,maize,248.0,248.0,0.0
CY,Cyprus,1996,wheat,153.0,153.0,0.0
CY,Cyprus,1997,maize,73.0,73.0,0.0
CY,Cyprus,1997,wheat,97.0,97.0,0.0
CY,Cyprus,1998,maize,133.0,133.0,0.0
CY,Cyprus,1998,wheat,128.0,128.0,0.0
CZ,Former Czechoslovakia,1960,maize,700.0,27.0,673.0
CZ,Former Czechoslovakia,1960,rice,14.0,0.0,0.0
CZ,Former Czechoslovakia,1960,wheat,2582.0,1508.0,1074.0
CZ,Former Czechoslovakia,1961,maize,758.0,247.0,511.0
CZ,Former Czechoslovakia,1961,rice,63.0,0.0,0.0
CZ,Former Czechoslovakia,1961,wheat,2587.0,1447.0,1140.0
CZ,Former Czechoslovakia,1962,maize,756.0,43.0,713.0
CZ,Former Czechoslovakia,1962,rice,71.0,0.0,0.0
CZ,Former Czechoslovakia,1962,wheat,3002.0,2169.0,833.0
CZ,Former Czechoslovakia,1963,maize,997.0,187.0,810.0
CZ,Former Czechoslovakia,1963,rice,84.0,0.0,0.0
CZ,Former Czechoslovakia,1963,wheat,3256.0,1975.0,1281.0
CZ,Former Czechoslovakia,1964,maize,618.0,79.0,539.0
CZ,Former Czechoslovakia,1964,rice,82.0,0.0,0.0
CZ,Former Czechoslovakia,1964,wheat,2763.0,1349.0,1414.0
CZ,Former Czechoslovakia,1965,maize,686.0,190.0,496.0
CZ,Former Czechoslovakia,1965,rice,71.0,0.0,0.0
CZ,Former Czechoslovakia,1965,wheat,3036.0,2251.0,785.0
CZ,Former Czechoslovakia,1966,maize,604.0,190.0,414.0
CZ,Former Czechoslovakia,1966,rice,86.0,0.0,0.0
CZ,Former Czechoslovakia,1966,wheat,3461.0,2257.0,1204.0
CZ,Former Czechoslovakia,1967,maize,684.0,192.0,492.0
CZ,Former Czechoslovakia,1967,rice,60.0,0.0,0.0
CZ,Former Czechoslovakia,1967,wheat,3894.0,2091.0,1803.0
CZ,Former Czechoslovakia,1968,maize,670.0,91.0,579.0
CZ,Former Czechoslovakia,1968,rice,68.0,0.0,0.0
CZ,Former Czechoslovakia,1968,wheat,4385.0,1984.0,2401.0
CZ,Former Czechoslovakia,1969,maize,617.0,62.0,555.0
CZ,Former Czechoslovakia,1969,rice,77.0,0.0,0.0
CZ,Former Czechoslovakia,1969,wheat,4283.0,1896.0,2387.0
CZ,Former Czechoslovakia,1970,maize,993.0,59.0,934.0
CZ,Former Czechoslovakia,1970,rice,76.0,0.0,0.0
CZ,Former Czechoslovakia,1970,wheat,4492.0,1918.0,2574.0
CZ,Former Czechoslovakia,1971,maize,826.0,60.0,766.0
CZ,Former Czechoslovakia,1971,rice,80.0,0.0,0.0
CZ,Former Czechoslovakia,1971,wheat,5071.0,2240.0,2831.0
CZ,Former Czechoslovakia,1972,maize,1111.0,85.0,1026.0
CZ,Former Czechoslovakia,1972,rice,70.0,0.0,0.0
CZ,Former Czechoslovakia,1972,wheat,5083.0,2179.0,2904.0
CZ,Former Czechoslovakia,1973,maize,951.0,65.0,886.0
CZ,Former Czechoslovakia,1973,rice,70.0,0.0,0.0
CZ,Former Czechoslovakia,1973,wheat,5317.0,2113.0,3204.0
CZ,Former Czechoslovakia,1974,maize,857.0,65.0,792.0
CZ,Former Czechoslovakia,1974,rice,74.0,0.0,0.0
CZ,Former Czechoslovakia,1974,wheat,5584.0,2232.0,3352.0
CZ,Former Czechoslovakia,1975,maize,2103.0,955.0,1148.0
CZ,Former Czechoslovakia,1975,rice,71.0,0.0,0.0
CZ,Former Czechoslovakia,1975,wheat,4891.0,1802.0,3089.0
CZ,Former Czechoslovakia,1976,maize,985.0,0.0,985.0
CZ,Former Czechoslovakia,1976,rice,80.0,0.0,0.0
CZ,Former Czechoslovakia,1976,wheat,5181.0,1651.0,3530.0
CZ,Former Czechoslovakia,1977,maize,1382.0,0.0,1382.0
CZ,Former Czechoslovakia,1977,rice,84.0,0.0,0.0
CZ,Former Czechoslovakia,1977,wheat,5471.0,2051.0,3420.0
CZ,Former Czechoslovakia,1978,maize,1825.0,125.0,1700.0
CZ,Former Czechoslovakia,1978,rice,69.0,0.0,0.0
CZ,Former Czechoslovakia,1978,wheat,6337.0,2687.0,3650.0
CZ,Former Czechoslovakia,1979,maize,2130.0,50.0,2080.0
CZ,Former Czechoslovakia,1979,rice,50.0,0.0,0.0
CZ,Former Czechoslovakia,1979,wheat,4253.0,1553.0,2700.0
CZ,Former Czechoslovakia,1980,maize,1568.0,168.0,877.0
CZ,Former Czechoslovakia,1980,rice,53.0,0.0,0.0
CZ,Former Czechoslovakia,1980,wheat,5636.0,1986.0,3650.0
CZ,Former Czechoslovakia,1981,maize,1906.0,66.0,1840.0
CZ,Former Czechoslovakia,1981,rice,39.0,0.0,0.0
CZ,Former Czechoslovakia,1981,wheat,4927.0,2227.0,2700.0
CZ,Former Czechoslovakia,1982,maize,1626.0,86.0,1540.0
CZ,Former Czechoslovakia,1982,rice,50.0,0.0,0.0
CZ,Former Czechoslovakia,1982,wheat,4867.0,1751.0,2900.0
CZ,Former Czechoslovakia,1983,maize,1002.0,102.0,900.0
CZ,Former Czechoslovakia,1983,rice,66.0,0.0,0.0
CZ,Former Czechoslovakia,1983,wheat,5468.0,2168.0,3300.0
CZ,Former Czechoslovakia,1984,maize,1095.0,95.0,1000.0
CZ,Former Czechoslovakia,1984,rice,64.0,0.0,0.0
CZ,Former Czechoslovakia,1984,wheat,5630.0,2580.0,3050.0
CZ,Former Czechoslovakia,1985,maize,1214.0,114.0,1100.0
CZ,Former Czechoslovakia,1985,rice,62.0,0.0,0.0
CZ,Former Czechoslovakia,1985,wheat,5836.0,2821.0,3015.0
CZ,Former Czechoslovakia,1986,maize,1207.0,107.0,1100.0
CZ,Former Czechoslovakia,1986,rice,61.0,0.0,0.0
CZ,Former Czechoslovakia,1986,wheat,5235.0,2215.0,3020.0
CZ,Former Czechoslovakia,1987,maize,1150.0,150.0,1000.0
CZ,Former Czechoslovakia,1987,rice,35.0,0.0,0.0
CZ,Former Czechoslovakia,1987,wheat,5891.0,2891.0,3000.0
CZ,Former Czechoslovakia,1988,maize,1281.0,106.0,1175.0
CZ,Former Czechoslovakia,1988,rice,45.0,0.0,0.0
CZ,Former Czechoslovakia,1988,wheat,6009.0,2609.0,3400.0
CZ,Former Czechoslovakia,1989,maize,1005.0,55.0,950.0
CZ,Former Czechoslovakia,1989,rice,32.0,0.0,0.0
CZ,Former Czechoslovakia,1989,wheat,6394.0,3394.0,3000.0
CZ,Former Czechoslovakia,1990,maize,733.0,88.0,645.0
CZ,Former Czechoslovakia,1990,rice,44.0,0.0,0.0
CZ,Former Czechoslovakia,1990,wheat,5941.0,2441.0,3500.0
CZ,Former Czechoslovakia,1991,maize,933.0,158.0,775.0
CZ,Former Czechoslovakia,1991,rice,85.0,0.0,0.0
CZ,Former Czechoslovakia,1991,wheat,5548.0,1948.0,3600.0
DJ,Djibouti,1983,rice,39.0,0.0,0.0
DJ,Djibouti,1984,rice,50.0,0.0,0.0
DJ,Djibouti,1985,rice,26.0,0.0,0.0
DJ,Djibouti,1986,rice,17.0,0.0,0.0
DJ,Djibouti,1987,rice,21.0,0.0,0.0
DJ,Djibouti,1988,rice,15.0,0.0,0.0
DJ,Djibouti,1989,rice,18.0,0.0,0.0
DJ,Djibouti,1990,rice,46.0,0.0,0.0
DJ,Djibouti,1991,rice,60.0,0.0,0.0
DJ,Djibouti,1992,rice,61.0,0.0,0.0
DJ,Djibouti,1993,rice,51.0,0.0,0.0
DJ,Djibouti,1994,rice,19.0,0.0,0.0
DJ,Djibouti,1995,rice,18.0,0.0,0.0
DJ,Djibouti,1996,rice,13.0,0.0,0.0
DJ,Djibouti,1997,rice,13.0,0.0,0.0
DJ,Djibouti,1998,rice,20.0,0.0,0.0
DJ,Djibouti,1999,rice,14.0,0.0,0.0
DJ,Djibouti,2000,rice,10.0,0.0,0.0
DJ,Djibouti,2001,rice,5.0,0.0,0.0
DJ,Djibouti,2002,rice,10.0,0.0,0.0
DJ,Djibouti,2003,rice,20.0,0.0,0.0
DJ,Djibouti,2004,rice,20.0,0.0,0.0
DJ,Djibouti,2005,rice,20.0,0.0,0.0
DJ,Djibouti,2006,rice,20.0,0.0,0.0
DJ,Djibouti,2007,rice,20.0,0.0,0.0
DJ,Djibouti,2008,rice,34.0,0.0,0.0
DJ,Djibouti,2009,rice,20.0,0.0,0.0
DJ,Djibouti,2010,rice,40.0,0.0,0.0
DJ,Djibouti,2011,rice,40.0,0.0,0.0
DJ,Djibouti,2012,rice,40.0,0.0,0.0
DJ,Djibouti,2013,rice,40.0,0.0,0.0
DJ,Djibouti,2014,rice,0.0,0.0,0.0
DJ,Djibouti,2015,rice,0.0,0.0,0.0
DJ,Djibouti,2016,rice,0.0,0.0,0.0
DJ,Djibouti,2017,rice,0.0,0.0,0.0
DJ,Djibouti,2018,rice,0.0,0.0,0.0
DJ,Djibouti,2019,rice,0.0,0.0,0.0
DJ,Djibouti,2020,rice,0.0,0.0,0.0
DJ,Djibouti,2021,rice,0.0,0.0,0.0
DJ,Djibouti,2022,rice,0.0,0.0,0.0
DJ,Djibouti,2023,rice,0.0,0.0,0.0
DJ,Djibouti,2024,rice,0.0,0.0,0.0
DJ,Djibouti,2025,rice,0.0,0.0,0.0
DJ,Djibouti,2026,rice,0.0,0.0,0.0
DM,Benin,1960,maize,225.0,225.0,0.0
DM,Benin,1960,rice,7.0,0.0,0.0
DM,Benin,1961,maize,220.0,220.0,0.0
DM,Benin,1961,rice,4.0,0.0,0.0
DM,Benin,1962,maize,223.0,223.0,0.0
DM,Benin,1962,rice,5.0,0.0,0.0
DM,Benin,1963,maize,205.0,205.0,0.0
DM,Benin,1963,rice,5.0,0.0,0.0
DM,Benin,1964,maize,228.0,228.0,0.0
DM,Benin,1964,rice,6.0,0.0,0.0
DM,Benin,1965,maize,218.0,218.0,0.0
DM,Benin,1965,rice,8.0,0.0,0.0
DM,Benin,1966,maize,205.0,205.0,0.0
DM,Benin,1966,rice,7.0,0.0,0.0
DM,Benin,1967,maize,247.0,247.0,0.0
DM,Benin,1967,rice,8.0,0.0,0.0
DM,Benin,1968,maize,221.0,221.0,0.0
DM,Benin,1968,rice,5.0,0.0,0.0
DM,Benin,1969,maize,201.0,201.0,0.0
DM,Benin,1969,rice,11.0,0.0,0.0
DM,Benin,1970,maize,229.0,229.0,0.0
DM,Benin,1970,rice,8.0,0.0,0.0
DM,Benin,1971,maize,173.0,173.0,0.0
DM,Benin,1971,rice,11.0,0.0,0.0
DM,Benin,1972,maize,168.0,168.0,0.0
DM,Benin,1972,rice,15.0,0.0,0.0
DM,Benin,1973,maize,219.0,219.0,0.0
DM,Benin,1973,rice,14.0,0.0,0.0
DM,Benin,1974,maize,224.0,224.0,0.0
DM,Benin,1974,rice,9.0,0.0,0.0
DM,Benin,1975,maize,217.0,217.0,0.0
DM,Benin,1975,rice,10.0,0.0,0.0
DM,Benin,1976,maize,182.0,182.0,0.0
DM,Benin,1976,rice,20.0,0.0,0.0
DM,Benin,1977,maize,244.0,244.0,0.0
DM,Benin,1977,rice,25.0,0.0,0.0
DM,Benin,1978,maize,359.0,359.0,0.0
DM,Benin,1978,rice,10.0,0.0,0.0
DM,Benin,1979,maize,322.0,322.0,0.0
DM,Benin,1979,rice,29.0,0.0,0.0
DM,Benin,1980,maize,271.0,271.0,0.0
DM,Benin,1980,rice,43.0,0.0,0.0
DM,Benin,1981,maize,288.0,288.0,0.0
DM,Benin,1981,rice,21.0,0.0,0.0
DM,Benin,1982,maize,273.0,273.0,0.0
DM,Benin,1982,rice,18.0,0.0,0.0
DM,Benin,1983,maize,286.0,286.0,0.0
DM,Benin,1983,rice,28.0,0.0,0.0
DM,Benin,1984,maize,379.0,379.0,0.0
DM,Benin,1984,rice,30.0,0.0,0.0
DM,Benin,1985,maize,430.0,430.0,0.0
DM,Benin,1985,rice,29.0,0.0,0.0
DM,Benin,1986,maize,376.0,376.0,0.0
DM,Benin,1986,rice,31.0,0.0,0.0
DM,Benin,1987,maize,271.0,271.0,0.0
DM,Benin,1987,rice,37.0,0.0,0.0
DM,Benin,1988,maize,416.0,416.0,0.0
DM,Benin,1988,rice,38.0,0.0,0.0
DM,Benin,1989,maize,430.0,430.0,0.0
DM,Benin,1989,rice,37.0,0.0,0.0
DM,Benin,1990,maize,385.0,385.0,0.0
DM,Benin,1990,rice,36.0,0.0,0.0
DM,Benin,1991,maize,380.0,380.0,0.0
DM,Benin,1991,rice,36.0,0.0,0.0
DM,Benin,1992,maize,478.0,478.0,0.0
DM,Benin,1992,rice,56.0,0.0,0.0
DM,Benin,1993,maize,501.0,501.0,0.0
DM,Benin,1993,rice,41.0,0.0,0.0
DM,Benin,1994,maize,490.0,490.0,0.0
DM,Benin,1994,rice,37.0,0.0,0.0
DM,Benin,1995,maize,600.0,600.0,0.0
DM,Benin,1995,rice,51.0,0.0,0.0
DM,Benin,1996,maize,500.0,500.0,0.0
DM,Benin,1996,rice,96.0,0.0,0.0
DM,Benin,1997,maize,650.0,650.0,0.0
DM,Benin,1997,rice,70.0,0.0,0.0
DM,Benin,1998,maize,680.0,680.0,0.0
DM,Benin,1998,rice,98.0,0.0,0.0
DM,Benin,1999,maize,740.0,740.0,0.0
DM,Benin,1999,rice,109.0,0.0,0.0
DM,Benin,2000,maize,752.0,752.0,0.0
DM,Benin,2000,rice,125.0,0.0,0.0
DM,Benin,2001,maize,688.0,688.0,0.0
DM,Benin,2001,rice,147.0,0.0,0.0
DM,Benin,2002,maize,622.0,622.0,0.0
DM,Benin,2002,rice,141.0,0.0,0.0
DM,Benin,2003,maize,788.0,788.0,0.0
DM,Benin,2003,rice,224.0,0.0,0.0
DM,Benin,2004,maize,994.0,994.0,0.0
DM,Benin,2004,rice,164.0,0.0,0.0
DM,Benin,2005,maize,865.0,865.0,0.0
DM,Benin,2005,rice,212.0,0.0,0.0
DM,Benin,2006,maize,672.0,672.0,0.0
DM,Benin,2006,rice,204.0,0.0,0.0
DM,Benin,2007,maize,803.0,803.0,0.0
DM,Benin,2007,rice,197.0,0.0,0.0
DM,Benin,2008,maize,900.0,800.0,100.0
DM,Benin,2008,rice,215.0,0.0,0.0
DM,Benin,2009,maize,1100.0,1000.0,100.0
DM,Benin,2009,rice,232.0,0.0,0.0
DM,Benin,2010,maize,1025.0,900.0,125.0
DM,Benin,2010,rice,265.0,0.0,0.0
DM,Benin,2010,wheat,150.0,150.0,0.0
DM,Benin,2011,maize,1125.0,1000.0,125.0
DM,Benin,2011,rice,391.0,0.0,0.0
DM,Benin,2011,wheat,180.0,180.0,0.0
DM,Benin,2012,maize,1175.0,1050.0,125.0
DM,Benin,2012,rice,490.0,0.0,0.0
DM,Benin,2012,wheat,260.0,260.0,0.0
DM,Benin,2013,maize,1325.0,1175.0,150.0
DM,Benin,2013,rice,482.0,0.0,0.0
DM,Benin,2013,wheat,300.0,300.0,0.0
DM,Benin,2014,maize,1350.0,1200.0,150.0
DM,Benin,2014,rice,500.0,0.0,0.0
DM,Benin,2014,wheat,268.0,268.0,0.0
DM,Benin,2015,maize,1300.0,1125.0,175.0
DM,Benin,2015,rice,556.0,0.0,0.0
DM,Benin,2015,wheat,305.0,305.0,0.0
DM,Benin,2016,maize,1375.0,1200.0,175.0
DM,Benin,2016,rice,680.0,0.0,0.0
DM,Benin,2016,wheat,330.0,330.0,0.0
DM,Benin,2017,maize,1370.0,1200.0,170.0
DM,Benin,2017,rice,779.0,0.0,0.0
DM,Benin,2017,wheat,399.0,399.0,0.0
DM,Benin,2018,maize,1470.0,1300.0,170.0
DM,Benin,2018,rice,914.0,0.0,0.0
DM,Benin,2018,wheat,405.0,405.0,0.0
DM,Benin,2019,maize,1575.0,1400.0,175.0
DM,Benin,2019,rice,685.0,0.0,0.0
DM,Benin,2019,wheat,300.0,300.0,0.0
DM,Benin,2020,maize,1625.0,1450.0,175.0
DM,Benin,2020,rice,718.0,0.0,0.0
DM,Benin,2020,wheat,363.0,363.0,0.0
DM,Benin,2021,maize,1625.0,1450.0,175.0
DM,Benin,2021,rice,1008.0,0.0,0.0
DM,Benin,2021,wheat,365.0,365.0,0.0
DM,Benin,2022,maize,1625.0,1450.0,175.0
DM,Benin,2022,rice,991.0,0.0,0.0
DM,Benin,2022,wheat,332.0,332.0,0.0
DM,Benin,2023,maize,1950.0,1700.0,250.0
DM,Benin,2023,rice,726.0,0.0,0.0
DM,Benin,2023,wheat,301.0,301.0,0.0
DM,Benin,2024,maize,2100.0,1800.0,300.0
DM,Benin,2024,rice,655.0,0.0,0.0
DM,Benin,2024,wheat,436.0,436.0,0.0
DM,Benin,2025,maize,2150.0,1850.0,300.0
DM,Benin,2025,rice,701.0,0.0,0.0
DM,Benin,2025,wheat,400.0,400.0,0.0
DM,Benin,2026,maize,2150.0,1850.0,300.0
DM,Benin,2026,rice,708.0,0.0,0.0
DM,Benin,2026,wheat,450.0,450.0,0.0
DR,Dominican Republic,1960,maize,34.0,2.0,32.0
DR,Dominican Republic,1960,rice,75.0,0.0,0.0
DR,Dominican Republic,1960,wheat,31.0,31.0,0.0
DR,Dominican Republic,1961,maize,38.0,2.0,36.0
DR,Dominican Republic,1961,rice,67.0,0.0,0.0
DR,Dominican Republic,1961,wheat,44.0,44.0,0.0
DR,Dominican Republic,1962,maize,40.0,2.0,38.0
DR,Dominican Republic,1962,rice,73.0,0.0,0.0
DR,Dominican Republic,1962,wheat,58.0,58.0,0.0
DR,Dominican Republic,1963,maize,50.0,3.0,47.0
DR,Dominican Republic,1963,rice,110.0,0.0,0.0
DR,Dominican Republic,1963,wheat,70.0,70.0,0.0
DR,Dominican Republic,1964,maize,55.0,1.0,54.0
DR,Dominican Republic,1964,rice,116.0,0.0,0.0
DR,Dominican Republic,1964,wheat,49.0,49.0,0.0
DR,Dominican Republic,1965,maize,37.0,1.0,36.0
DR,Dominican Republic,1965,rice,132.0,0.0,0.0
DR,Dominican Republic,1965,wheat,64.0,64.0,0.0
DR,Dominican Republic,1966,maize,45.0,1.0,44.0
DR,Dominican Republic,1966,rice,117.0,0.0,0.0
DR,Dominican Republic,1966,wheat,78.0,78.0,0.0
DR,Dominican Republic,1967,maize,43.0,1.0,42.0
DR,Dominican Republic,1967,rice,92.0,0.0,0.0
DR,Dominican Republic,1967,wheat,83.0,83.0,0.0
DR,Dominican Republic,1968,maize,42.0,1.0,41.0
DR,Dominican Republic,1968,rice,92.0,0.0,0.0
DR,Dominican Republic,1968,wheat,82.0,82.0,0.0
DR,Dominican Republic,1969,maize,40.0,1.0,39.0
DR,Dominican Republic,1969,rice,119.0,0.0,0.0
DR,Dominican Republic,1969,wheat,81.0,81.0,0.0
DR,Dominican Republic,1970,maize,57.0,1.0,56.0
DR,Dominican Republic,1970,rice,140.0,0.0,0.0
DR,Dominican Republic,1970,wheat,111.0,111.0,0.0
DR,Dominican Republic,1971,maize,65.0,7.0,58.0
DR,Dominican Republic,1971,rice,140.0,0.0,0.0
DR,Dominican Republic,1971,wheat,180.0,180.0,0.0
DR,Dominican Republic,1972,maize,74.0,0.0,74.0
DR,Dominican Republic,1972,rice,181.0,0.0,0.0
DR,Dominican Republic,1972,wheat,101.0,101.0,0.0
DR,Dominican Republic,1973,maize,89.0,0.0,89.0
DR,Dominican Republic,1973,rice,218.0,0.0,0.0
DR,Dominican Republic,1973,wheat,100.0,100.0,0.0
DR,Dominican Republic,1974,maize,108.0,0.0,108.0
DR,Dominican Republic,1974,rice,238.0,0.0,0.0
DR,Dominican Republic,1974,wheat,95.0,95.0,0.0
DR,Dominican Republic,1975,maize,108.0,0.0,108.0
DR,Dominican Republic,1975,rice,238.0,0.0,0.0
DR,Dominican Republic,1975,wheat,138.0,138.0,0.0
DR,Dominican Republic,1976,maize,116.0,0.0,116.0
DR,Dominican Republic,1976,rice,244.0,0.0,0.0
DR,Dominican Republic,1976,wheat,138.0,138.0,0.0
DR,Dominican Republic,1977,maize,129.0,0.0,129.0
DR,Dominican Republic,1977,rice,259.0,0.0,0.0
DR,Dominican Republic,1977,wheat,135.0,135.0,0.0
DR,Dominican Republic,1978,maize,150.0,0.0,150.0
DR,Dominican Republic,1978,rice,232.0,0.0,0.0
DR,Dominican Republic,1978,wheat,132.0,132.0,0.0
DR,Dominican Republic,1979,maize,180.0,0.0,180.0
DR,Dominican Republic,1979,rice,304.0,0.0,0.0
DR,Dominican Republic,1979,wheat,145.0,145.0,0.0
DR,Dominican Republic,1980,maize,210.0,0.0,210.0
DR,Dominican Republic,1980,rice,314.0,0.0,0.0
DR,Dominican Republic,1980,wheat,158.0,158.0,0.0
DR,Dominican Republic,1981,maize,230.0,24.0,206.0
DR,Dominican Republic,1981,rice,287.0,0.0,0.0
DR,Dominican Republic,1981,wheat,165.0,165.0,0.0
DR,Dominican Republic,1982,maize,250.0,20.0,230.0
DR,Dominican Republic,1982,rice,270.0,0.0,0.0
DR,Dominican Republic,1982,wheat,175.0,175.0,0.0
DR,Dominican Republic,1983,maize,310.0,30.0,280.0
DR,Dominican Republic,1983,rice,304.0,0.0,0.0
DR,Dominican Republic,1983,wheat,186.0,186.0,0.0
DR,Dominican Republic,1984,maize,237.0,15.0,222.0
DR,Dominican Republic,1984,rice,336.0,0.0,0.0
DR,Dominican Republic,1984,wheat,209.0,209.0,0.0
DR,Dominican Republic,1985,maize,283.0,20.0,263.0
DR,Dominican Republic,1985,rice,345.0,0.0,0.0
DR,Dominican Republic,1985,wheat,235.0,235.0,0.0
DR,Dominican Republic,1986,maize,340.0,0.0,340.0
DR,Dominican Republic,1986,rice,334.0,0.0,0.0
DR,Dominican Republic,1986,wheat,234.0,234.0,0.0
DR,Dominican Republic,1987,maize,370.0,0.0,370.0
DR,Dominican Republic,1987,rice,340.0,0.0,0.0
DR,Dominican Republic,1987,wheat,245.0,245.0,0.0
DR,Dominican Republic,1988,maize,430.0,0.0,430.0
DR,Dominican Republic,1988,rice,330.0,0.0,0.0
DR,Dominican Republic,1988,wheat,232.0,232.0,0.0
DR,Dominican Republic,1989,maize,450.0,0.0,450.0
DR,Dominican Republic,1989,rice,332.0,0.0,0.0
DR,Dominican Republic,1989,wheat,205.0,205.0,0.0
DR,Dominican Republic,1990,maize,497.0,27.0,470.0
DR,Dominican Republic,1990,rice,332.0,0.0,0.0
DR,Dominican Republic,1990,wheat,176.0,176.0,0.0
DR,Dominican Republic,1991,maize,598.0,0.0,598.0
DR,Dominican Republic,1991,rice,340.0,0.0,0.0
DR,Dominican Republic,1991,wheat,223.0,175.0,48.0
DR,Dominican Republic,1992,maize,696.0,0.0,696.0
DR,Dominican Republic,1992,rice,235.0,0.0,0.0
DR,Dominican Republic,1992,wheat,239.0,185.0,54.0
DR,Dominican Republic,1993,maize,720.0,0.0,720.0
DR,Dominican Republic,1993,rice,289.0,0.0,0.0
DR,Dominican Republic,1993,wheat,285.0,232.0,53.0
DR,Dominican Republic,1994,maize,714.0,0.0,714.0
DR,Dominican Republic,1994,rice,245.0,0.0,0.0
DR,Dominican Republic,1994,wheat,252.0,202.0,50.0
DR,Dominican Republic,1995,maize,720.0,0.0,720.0
DR,Dominican Republic,1995,rice,349.0,0.0,0.0
DR,Dominican Republic,1995,wheat,226.0,176.0,50.0
DR,Dominican Republic,1996,maize,765.0,0.0,765.0
DR,Dominican Republic,1996,rice,310.0,0.0,0.0
DR,Dominican Republic,1996,wheat,288.0,238.0,50.0
DR,Dominican Republic,1997,maize,702.0,0.0,702.0
DR,Dominican Republic,1997,rice,392.0,0.0,0.0
DR,Dominican Republic,1997,wheat,270.0,270.0,0.0
DR,Dominican Republic,1998,maize,825.0,0.0,825.0
DR,Dominican Republic,1998,rice,372.0,0.0,0.0
DR,Dominican Republic,1998,wheat,312.0,312.0,0.0
DR,Dominican Republic,1999,maize,1036.0,0.0,1036.0
DR,Dominican Republic,1999,rice,419.0,0.0,0.0
DR,Dominican Republic,1999,wheat,334.0,334.0,0.0
DR,Dominican Republic,2000,maize,1000.0,100.0,900.0
DR,Dominican Republic,2000,rice,419.0,0.0,0.0
DR,Dominican Republic,2000,wheat,290.0,290.0,0.0
DR,Dominican Republic,2001,maize,1100.0,100.0,1000.0
DR,Dominican Republic,2001,rice,490.0,0.0,0.0
DR,Dominican Republic,2001,wheat,326.0,326.0,0.0
DR,Dominican Republic,2002,maize,1000.0,100.0,900.0
DR,Dominican Republic,2002,rice,475.0,0.0,0.0
DR,Dominican Republic,2002,wheat,265.0,265.0,0.0
DR,Dominican Republic,2003,maize,850.0,100.0,750.0
DR,Dominican Republic,2003,rice,399.0,0.0,0.0
DR,Dominican Republic,2003,wheat,351.0,351.0,0.0
DR,Dominican Republic,2004,maize,1000.0,100.0,900.0
DR,Dominican Republic,2004,rice,430.0,0.0,0.0
DR,Dominican Republic,2004,wheat,347.0,347.0,0.0
DR,Dominican Republic,2005,maize,1100.0,100.0,1000.0
DR,Dominican Republic,2005,rice,440.0,0.0,0.0
DR,Dominican Republic,2005,wheat,393.0,393.0,0.0
DR,Dominican Republic,2006,maize,1150.0,100.0,1050.0
DR,Dominican Republic,2006,rice,468.0,0.0,0.0
DR,Dominican Republic,2006,wheat,393.0,393.0,0.0
DR,Dominican Republic,2007,maize,1200.0,100.0,1100.0
DR,Dominican Republic,2007,rice,480.0,0.0,0.0
DR,Dominican Republic,2007,wheat,364.0,364.0,0.0
DR,Dominican Republic,2008,maize,1000.0,100.0,900.0
DR,Dominican Republic,2008,rice,500.0,0.0,0.0
DR,Dominican Republic,2008,wheat,370.0,370.0,0.0
DR,Dominican Republic,2009,maize,1050.0,100.0,950.0
DR,Dominican Republic,2009,rice,513.0,0.0,0.0
DR,Dominican Republic,2009,wheat,370.0,370.0,0.0
DR,Dominican Republic,2010,maize,1060.0,100.0,960.0
DR,Dominican Republic,2010,rice,550.0,0.0,0.0
DR,Dominican Republic,2010,wheat,375.0,375.0,0.0
DR,Dominican Republic,2011,maize,1100.0,100.0,1000.0
DR,Dominican Republic,2011,rice,560.0,0.0,0.0
DR,Dominican Republic,2011,wheat,370.0,370.0,0.0
DR,Dominican Republic,2012,maize,1060.0,100.0,960.0
DR,Dominican Republic,2012,rice,555.0,0.0,0.0
DR,Dominican Republic,2012,wheat,379.0,379.0,0.0
DR,Dominican Republic,2013,maize,1100.0,100.0,1000.0
DR,Dominican Republic,2013,rice,560.0,0.0,0.0
DR,Dominican Republic,2013,wheat,390.0,390.0,0.0
DR,Dominican Republic,2014,maize,1200.0,100.0,1100.0
DR,Dominican Republic,2014,rice,565.0,0.0,0.0
DR,Dominican Republic,2014,wheat,405.0,405.0,0.0
DR,Dominican Republic,2015,maize,1330.0,100.0,1230.0
DR,Dominican Republic,2015,rice,575.0,0.0,0.0
DR,Dominican Republic,2015,wheat,410.0,410.0,0.0
DR,Dominican Republic,2016,maize,1350.0,100.0,1250.0
DR,Dominican Republic,2016,rice,585.0,0.0,0.0
DR,Dominican Republic,2016,wheat,415.0,415.0,0.0
DR,Dominican Republic,2017,maize,1400.0,100.0,1300.0
DR,Dominican Republic,2017,rice,600.0,0.0,0.0
DR,Dominican Republic,2017,wheat,415.0,415.0,0.0
DR,Dominican Republic,2018,maize,1550.0,100.0,1450.0
DR,Dominican Republic,2018,rice,615.0,0.0,0.0
DR,Dominican Republic,2018,wheat,420.0,420.0,0.0
DR,Dominican Republic,2019,maize,1500.0,100.0,1400.0
DR,Dominican Republic,2019,rice,625.0,0.0,0.0
DR,Dominican Republic,2019,wheat,450.0,450.0,0.0
DR,Dominican Republic,2020,maize,1500.0,100.0,1400.0
DR,Dominican Republic,2020,rice,635.0,0.0,0.0
DR,Dominican Republic,2020,wheat,450.0,450.0,0.0
DR,Dominican Republic,2021,maize,1450.0,100.0,1350.0
DR,Dominican Republic,2021,rice,645.0,0.0,0.0
DR,Dominican Republic,2021,wheat,470.0,470.0,0.0
DR,Dominican Republic,2022,maize,1450.0,100.0,1350.0
DR,Dominican Republic,2022,rice,670.0,0.0,0.0
DR,Dominican Republic,2022,wheat,480.0,480.0,0.0
DR,Dominican Republic,2023,maize,1650.0,100.0,1550.0
DR,Dominican Republic,2023,rice,685.0,0.0,0.0
DR,Dominican Republic,2023,wheat,550.0,550.0,0.0
DR,Dominican Republic,2024,maize,1675.0,100.0,1575.0
DR,Dominican Republic,2024,rice,710.0,0.0,0.0
DR,Dominican Republic,2024,wheat,600.0,600.0,0.0
DR,Dominican Republic,2025,maize,1725.0,100.0,1625.0
DR,Dominican Republic,2025,rice,725.0,0.0,0.0
DR,Dominican Republic,2025,wheat,700.0,700.0,0.0
DR,Dominican Republic,2026,maize,1750.0,100.0,1650.0
DR,Dominican Republic,2026,rice,740.0,0.0,0.0
DR,Dominican Republic,2026,wheat,720.0,720.0,0.0
E2,EU-15,1960,maize,17137.0,2741.0,14396.0
E2,EU-15,1960,rice,1245.0,0.0,0.0
E2,EU-15,1960,wheat,48007.0,38506.0,9501.0
E2,EU-15,1961,maize,18829.0,2855.0,15974.0
E2,EU-15,1961,rice,1252.0,0.0,0.0
E2,EU-15,1961,wheat,46701.0,37759.0,8942.0
E2,EU-15,1962,maize,20140.0,2957.0,17183.0
E2,EU-15,1962,rice,1264.0,0.0,0.0
E2,EU-15,1962,wheat,48881.0,38842.0,10039.0
E2,EU-15,1963,maize,23373.0,3403.0,19970.0
E2,EU-15,1963,rice,1197.0,0.0,0.0
E2,EU-15,1963,wheat,47384.0,38098.0,9286.0
E2,EU-15,1964,maize,22254.0,3250.0,19004.0
E2,EU-15,1964,rice,1293.0,0.0,0.0
E2,EU-15,1964,wheat,48403.0,38027.0,10376.0
E2,EU-15,1965,maize,25096.0,3542.0,21554.0
E2,EU-15,1965,rice,1256.0,0.0,0.0
E2,EU-15,1965,wheat,49665.0,38757.0,10908.0
E2,EU-15,1966,maize,25867.0,3779.0,22088.0
E2,EU-15,1966,rice,1205.0,0.0,0.0
E2,EU-15,1966,wheat,48301.0,37452.0,10849.0
E2,EU-15,1967,maize,28075.0,4263.0,23812.0
E2,EU-15,1967,rice,1206.0,0.0,0.0
E2,EU-15,1967,wheat,50994.0,38973.0,12021.0
E2,EU-15,1968,maize,27492.0,4308.0,23184.0
E2,EU-15,1968,rice,1252.0,0.0,0.0
E2,EU-15,1968,wheat,51837.0,37898.0,13939.0
E2,EU-15,1969,maize,27631.0,4680.0,22951.0
E2,EU-15,1969,rice,1232.0,0.0,0.0
E2,EU-15,1969,wheat,53243.0,37333.0,15910.0
E2,EU-15,1970,maize,29566.0,5556.0,24010.0
E2,EU-15,1970,rice,1277.0,0.0,0.0
E2,EU-15,1970,wheat,54531.0,37659.0,16872.0
E2,EU-15,1971,maize,32741.0,6953.0,25788.0
E2,EU-15,1971,rice,1328.0,0.0,0.0
E2,EU-15,1971,wheat,54916.0,38579.0,16337.0
E2,EU-15,1972,maize,33784.0,6511.0,27273.0
E2,EU-15,1972,rice,1197.0,0.0,0.0
E2,EU-15,1972,wheat,56115.0,38216.0,17899.0
E2,EU-15,1973,maize,38534.0,6930.0,31604.0
E2,EU-15,1973,rice,1298.0,0.0,0.0
E2,EU-15,1973,wheat,51764.0,37540.0,14224.0
E2,EU-15,1974,maize,35431.0,6824.0,28607.0
E2,EU-15,1974,rice,1139.0,0.0,0.0
E2,EU-15,1974,wheat,54943.0,38997.0,15946.0
E2,EU-15,1975,maize,37991.0,6851.0,31140.0
E2,EU-15,1975,rice,1250.0,0.0,0.0
E2,EU-15,1975,wheat,49919.0,38320.0,11599.0
E2,EU-15,1976,maize,40285.0,7287.0,32998.0
E2,EU-15,1976,rice,1472.0,0.0,0.0
E2,EU-15,1976,wheat,53431.0,39020.0,14411.0
E2,EU-15,1977,maize,39351.0,7194.0,32157.0
E2,EU-15,1977,rice,1377.0,0.0,0.0
E2,EU-15,1977,wheat,54174.0,40355.0,13819.0
E2,EU-15,1978,maize,41740.0,8234.0,33506.0
E2,EU-15,1978,rice,1402.0,0.0,0.0
E2,EU-15,1978,wheat,54145.0,39243.0,14902.0
E2,EU-15,1979,maize,43242.0,8146.0,35096.0
E2,EU-15,1979,rice,1367.0,0.0,0.0
E2,EU-15,1979,wheat,55718.0,39592.0,16126.0
E2,EU-15,1980,maize,41863.0,7929.0,33934.0
E2,EU-15,1980,rice,1339.0,0.0,0.0
E2,EU-15,1980,wheat,55321.0,39368.0,15953.0
E2,EU-15,1981,maize,39985.0,7932.0,32053.0
E2,EU-15,1981,rice,1377.0,0.0,0.0
E2,EU-15,1981,wheat,55058.0,38865.0,16193.0
E2,EU-15,1982,maize,37783.0,8120.0,29663.0
E2,EU-15,1982,rice,1378.0,0.0,0.0
E2,EU-15,1982,wheat,56346.0,37928.0,18418.0
E2,EU-15,1983,maize,35618.0,7637.0,27981.0
E2,EU-15,1983,rice,1365.0,0.0,0.0
E2,EU-15,1983,wheat,63005.0,38328.0,24677.0
E2,EU-15,1984,maize,32702.0,8027.0,24675.0
E2,EU-15,1984,rice,1413.0,0.0,0.0
E2,EU-15,1984,wheat,67249.0,39920.0,27329.0
E2,EU-15,1985,maize,30765.0,7536.0,23229.0
E2,EU-15,1985,rice,1469.0,0.0,0.0
E2,EU-15,1985,wheat,65983.0,38693.0,27290.0
E2,EU-15,1986,maize,29755.0,8269.0,21486.0
E2,EU-15,1986,rice,1507.0,0.0,0.0
E2,EU-15,1986,wheat,64965.0,38946.0,26019.0
E2,EU-15,1987,maize,30830.0,7704.0,23126.0
E2,EU-15,1987,rice,1487.0,0.0,0.0
E2,EU-15,1987,wheat,67165.0,39830.0,27335.0
E2,EU-15,1988,maize,30641.0,7558.0,23083.0
E2,EU-15,1988,rice,1494.0,0.0,0.0
E2,EU-15,1988,wheat,66447.0,40866.0,25581.0
E2,EU-15,1989,maize,31253.0,7941.0,23312.0
E2,EU-15,1989,rice,1540.0,0.0,0.0
E2,EU-15,1989,wheat,64211.0,39521.0,24690.0
E2,EU-15,1990,maize,27806.0,7540.0,20266.0
E2,EU-15,1990,rice,1626.0,0.0,0.0
E2,EU-15,1990,wheat,64553.0,38432.0,26121.0
E2,EU-15,1991,maize,28583.0,7703.0,20880.0
E2,EU-15,1991,rice,1590.0,0.0,0.0
E2,EU-15,1991,wheat,65929.0,41524.0,24405.0
E2,EU-15,1992,maize,28885.0,8150.0,20735.0
E2,EU-15,1992,rice,1649.0,0.0,0.0
E2,EU-15,1992,wheat,67240.0,42216.0,25024.0
E2,EU-15,1993,maize,31874.0,8091.0,23783.0
E2,EU-15,1993,rice,1663.0,0.0,0.0
E2,EU-15,1993,wheat,71300.0,42500.0,28800.0
E2,EU-15,1994,maize,32414.0,8534.0,23880.0
E2,EU-15,1994,rice,1750.0,0.0,0.0
E2,EU-15,1994,wheat,73900.0,42800.0,31100.0
E2,EU-15,1995,maize,34126.0,8421.0,25705.0
E2,EU-15,1995,rice,1647.0,0.0,0.0
E2,EU-15,1995,wheat,77241.0,42496.0,34745.0
E2,EU-15,1996,maize,35905.0,8645.0,27260.0
E2,EU-15,1996,rice,2100.0,0.0,0.0
E2,EU-15,1996,wheat,81800.0,44300.0,37500.0
E2,EU-15,1997,maize,38852.0,8847.0,30005.0
E2,EU-15,1997,rice,2101.0,0.0,0.0
E2,EU-15,1997,wheat,82707.0,43106.0,39601.0
E2,EU-15,1998,maize,38259.0,8397.0,29862.0
E2,EU-15,1998,rice,2113.0,0.0,0.0
E2,EU-15,1998,wheat,88135.0,44010.0,44125.0
E4,European Union,1999,maize,59334.0,11106.0,48228.0
E4,European Union,1999,rice,2550.0,0.0,0.0
E4,European Union,1999,wheat,113971.0,61148.0,52823.0
E4,European Union,2000,maize,56992.0,12154.0,44838.0
E4,European Union,2000,rice,2600.0,0.0,0.0
E4,European Union,2000,wheat,119273.0,62727.0,56546.0
E4,European Union,2001,maize,60385.0,12827.0,47558.0
E4,European Union,2001,rice,2600.0,0.0,0.0
E4,European Union,2001,wheat,119115.0,62575.0,56540.0
E4,European Union,2002,maize,59695.0,12486.0,47209.0
E4,European Union,2002,rice,2650.0,0.0,0.0
E4,European Union,2002,wheat,125704.0,65660.0,60044.0
E4,European Union,2003,maize,58189.0,12525.0,45664.0
E4,European Union,2003,rice,2700.0,0.0,0.0
E4,European Union,2003,wheat,115752.0,63300.0,52452.0
E4,European Union,2004,maize,65694.0,12944.0,52750.0
E4,European Union,2004,rice,2750.0,0.0,0.0
E4,European Union,2004,wheat,123900.0,64650.0,59250.0
E4,European Union,2005,maize,63996.0,14796.0,49200.0
E4,European Union,2005,rice,2800.0,0.0,0.0
E4,European Union,2005,wheat,128190.0,65175.0,63015.0
E4,European Union,2006,maize,64558.0,13458.0,51100.0
E4,European Union,2006,rice,2850.0,0.0,0.0
E4,European Union,2006,wheat,126182.0,65950.0,60232.0
E4,European Union,2007,maize,66026.0,13226.0,52800.0
E4,European Union,2007,rice,2850.0,0.0,0.0
E4,European Union,2007,wheat,117151.0,64725.0,52426.0
E4,European Union,2008,maize,63910.0,15010.0,48900.0
E4,European Union,2008,rice,2900.0,0.0,0.0
E4,European Union,2008,wheat,127627.0,67100.0,60527.0
E4,European Union,2009,maize,61689.0,15189.0,46500.0
E4,European Union,2009,rice,3000.0,0.0,0.0
E4,European Union,2009,wheat,125100.0,68100.0,57000.0
E4,European Union,2010,maize,65246.0,15346.0,49900.0
E4,European Union,2010,rice,3100.0,0.0,0.0
E4,European Union,2010,wheat,121825.0,70325.0,51500.0
E4,European Union,2011,maize,69693.0,15693.0,54000.0
E4,European Union,2011,rice,3150.0,0.0,0.0
E4,European Union,2011,wheat,126734.0,69734.0,57000.0
E4,European Union,2012,maize,69846.0,16846.0,53000.0
E4,European Union,2012,rice,3250.0,0.0,0.0
E4,European Union,2012,wheat,118250.0,68250.0,50000.0
E4,European Union,2013,maize,76796.0,18796.0,58000.0
E4,European Union,2013,rice,3300.0,0.0,0.0
E4,European Union,2013,wheat,116300.0,68300.0,48000.0
E4,European Union,2014,maize,77880.0,18380.0,59500.0
E4,European Union,2014,rice,3400.0,0.0,0.0
E4,European Union,2014,wheat,124677.0,69677.0,55000.0
E4,European Union,2015,maize,73500.0,18000.0,55500.0
E4,European Union,2015,rice,3450.0,0.0,0.0
E4,European Union,2015,wheat,129850.0,70850.0,59000.0
E4,European Union,2016,maize,72900.0,18400.0,54500.0
E4,European Union,2016,rice,3070.0,0.0,0.0
E4,European Union,2016,wheat,112100.0,63600.0,48500.0
E4,European Union,2017,maize,75200.0,19200.0,56000.0
E4,European Union,2017,rice,3121.0,0.0,0.0
E4,European Union,2017,wheat,113500.0,63500.0,50000.0
E4,European Union,2018,maize,85000.0,19500.0,65500.0
E4,European Union,2018,rice,3246.0,0.0,0.0
E4,European Union,2018,wheat,106300.0,62300.0,44000.0
E4,European Union,2019,maize,79000.0,19900.0,59100.0
E4,European Union,2019,rice,3394.0,0.0,0.0
E4,European Union,2019,wheat,107250.0,61750.0,45500.0
E4,European Union,2020,maize,77700.0,20500.0,57200.0
E4,European Union,2020,rice,3400.0,0.0,0.0
E4,European Union,2020,wheat,104750.0,62250.0,42500.0
E4,European Union,2021,maize,81700.0,21700.0,60000.0
E4,European Union,2021,rice,3500.0,0.0,0.0
E4,European Union,2021,wheat,108250.0,63250.0,45000.0
E4,European Union,2022,maize,74700.0,19200.0,55500.0
E4,European Union,2022,rice,3300.0,0.0,0.0
E4,European Union,2022,wheat,109000.0,64000.0,45000.0
E4,European Union,2023,maize,78200.0,20000.0,58200.0
E4,European Union,2023,rice,3350.0,0.0,0.0
E4,European Union,2023,wheat,110500.0,64000.0,46500.0
E4,European Union,2024,maize,76700.0,20900.0,55800.0
E4,European Union,2024,rice,3500.0,0.0,0.0
E4,European Union,2024,wheat,108000.0,63500.0,44500.0
E4,European Union,2025,maize,73400.0,20100.0,53300.0
E4,European Union,2025,rice,3600.0,0.0,0.0
E4,European Union,2025,wheat,113500.0,63500.0,50000.0
E4,European Union,2026,maize,73000.0,20000.0,53000.0
E4,European Union,2026,rice,3700.0,0.0,0.0
E4,European Union,2026,wheat,114750.0,63750.0,51000.0
EC,Ecuador,1960,maize,82.0,38.0,44.0
EC,Ecuador,1960,rice,52.0,0.0,0.0
EC,Ecuador,1960,wheat,101.0,99.0,2.0
EC,Ecuador,1961,maize,104.0,61.0,43.0
EC,Ecuador,1961,rice,77.0,0.0,0.0
EC,Ecuador,1961,wheat,111.0,109.0,2.0
EC,Ecuador,1962,maize,93.0,54.0,39.0
EC,Ecuador,1962,rice,107.0,0.0,0.0
EC,Ecuador,1962,wheat,107.0,105.0,2.0
EC,Ecuador,1963,maize,106.0,66.0,40.0
EC,Ecuador,1963,rice,81.0,0.0,0.0
EC,Ecuador,1963,wheat,117.0,115.0,2.0
EC,Ecuador,1964,maize,112.0,67.0,45.0
EC,Ecuador,1964,rice,83.0,0.0,0.0
EC,Ecuador,1964,wheat,111.0,109.0,2.0
EC,Ecuador,1965,maize,105.0,59.0,46.0
EC,Ecuador,1965,rice,99.0,0.0,0.0
EC,Ecuador,1965,wheat,120.0,118.0,2.0
EC,Ecuador,1966,maize,118.0,68.0,50.0
EC,Ecuador,1966,rice,90.0,0.0,0.0
EC,Ecuador,1966,wheat,126.0,124.0,2.0
EC,Ecuador,1967,maize,115.0,60.0,55.0
EC,Ecuador,1967,rice,104.0,0.0,0.0
EC,Ecuador,1967,wheat,130.0,128.0,2.0
EC,Ecuador,1968,maize,110.0,53.0,57.0
EC,Ecuador,1968,rice,70.0,0.0,0.0
EC,Ecuador,1968,wheat,145.0,143.0,2.0
EC,Ecuador,1969,maize,122.0,87.0,35.0
EC,Ecuador,1969,rice,139.0,0.0,0.0
EC,Ecuador,1969,wheat,155.0,153.0,2.0
EC,Ecuador,1970,maize,135.0,97.0,38.0
EC,Ecuador,1970,rice,113.0,0.0,0.0
EC,Ecuador,1970,wheat,159.0,157.0,2.0
EC,Ecuador,1971,maize,110.0,66.0,44.0
EC,Ecuador,1971,rice,117.0,0.0,0.0
EC,Ecuador,1971,wheat,165.0,163.0,2.0
EC,Ecuador,1972,maize,116.0,71.0,45.0
EC,Ecuador,1972,rice,116.0,0.0,0.0
EC,Ecuador,1972,wheat,180.0,178.0,2.0
EC,Ecuador,1973,maize,124.0,69.0,55.0
EC,Ecuador,1973,rice,140.0,0.0,0.0
EC,Ecuador,1973,wheat,191.0,190.0,1.0
EC,Ecuador,1974,maize,132.0,67.0,65.0
EC,Ecuador,1974,rice,150.0,0.0,0.0
EC,Ecuador,1974,wheat,214.0,212.0,2.0
EC,Ecuador,1975,maize,136.0,66.0,70.0
EC,Ecuador,1975,rice,151.0,0.0,0.0
EC,Ecuador,1975,wheat,245.0,243.0,2.0
EC,Ecuador,1976,maize,53.0,10.0,43.0
EC,Ecuador,1976,rice,136.0,0.0,0.0
EC,Ecuador,1976,wheat,283.0,279.0,4.0
EC,Ecuador,1977,maize,174.0,30.0,144.0
EC,Ecuador,1977,rice,157.0,0.0,0.0
EC,Ecuador,1977,wheat,280.0,262.0,18.0
EC,Ecuador,1978,maize,180.0,31.0,149.0
EC,Ecuador,1978,rice,147.0,0.0,0.0
EC,Ecuador,1978,wheat,292.0,276.0,16.0
EC,Ecuador,1979,maize,200.0,31.0,169.0
EC,Ecuador,1979,rice,139.0,0.0,0.0
EC,Ecuador,1979,wheat,309.0,297.0,12.0
EC,Ecuador,1980,maize,191.0,30.0,161.0
EC,Ecuador,1980,rice,190.0,0.0,0.0
EC,Ecuador,1980,wheat,314.0,304.0,10.0
EC,Ecuador,1981,maize,216.0,31.0,185.0
EC,Ecuador,1981,rice,221.0,0.0,0.0
EC,Ecuador,1981,wheat,335.0,323.0,12.0
EC,Ecuador,1982,maize,220.0,25.0,195.0
EC,Ecuador,1982,rice,234.0,0.0,0.0
EC,Ecuador,1982,wheat,343.0,331.0,12.0
EC,Ecuador,1983,maize,242.0,34.0,208.0
EC,Ecuador,1983,rice,215.0,0.0,0.0
EC,Ecuador,1983,wheat,373.0,340.0,33.0
EC,Ecuador,1984,maize,274.0,56.0,218.0
EC,Ecuador,1984,rice,235.0,0.0,0.0
EC,Ecuador,1984,wheat,367.0,347.0,20.0
EC,Ecuador,1985,maize,265.0,45.0,220.0
EC,Ecuador,1985,rice,216.0,0.0,0.0
EC,Ecuador,1985,wheat,383.0,360.0,23.0
EC,Ecuador,1986,maize,267.0,67.0,200.0
EC,Ecuador,1986,rice,265.0,0.0,0.0
EC,Ecuador,1986,wheat,357.0,327.0,30.0
EC,Ecuador,1987,maize,202.0,2.0,200.0
EC,Ecuador,1987,rice,281.0,0.0,0.0
EC,Ecuador,1987,wheat,407.0,372.0,35.0
EC,Ecuador,1988,maize,220.0,30.0,190.0
EC,Ecuador,1988,rice,257.0,0.0,0.0
EC,Ecuador,1988,wheat,345.0,300.0,45.0
EC,Ecuador,1989,maize,250.0,50.0,200.0
EC,Ecuador,1989,rice,425.0,0.0,0.0
EC,Ecuador,1989,wheat,421.0,396.0,25.0
EC,Ecuador,1990,maize,279.0,54.0,225.0
EC,Ecuador,1990,rice,425.0,0.0,0.0
EC,Ecuador,1990,wheat,368.0,352.0,16.0
EC,Ecuador,1991,maize,313.0,53.0,260.0
EC,Ecuador,1991,rice,454.0,0.0,0.0
EC,Ecuador,1991,wheat,433.0,408.0,25.0
EC,Ecuador,1992,maize,330.0,50.0,280.0
EC,Ecuador,1992,rice,400.0,0.0,0.0
EC,Ecuador,1992,wheat,416.0,346.0,70.0
EC,Ecuador,1993,maize,364.0,54.0,310.0
EC,Ecuador,1993,rice,500.0,0.0,0.0
EC,Ecuador,1993,wheat,420.0,340.0,80.0
EC,Ecuador,1994,maize,457.0,67.0,390.0
EC,Ecuador,1994,rice,625.0,0.0,0.0
EC,Ecuador,1994,wheat,424.0,344.0,80.0
EC,Ecuador,1995,maize,431.0,61.0,370.0
EC,Ecuador,1995,rice,625.0,0.0,0.0
EC,Ecuador,1995,wheat,430.0,370.0,60.0
EC,Ecuador,1996,maize,339.0,65.0,274.0
EC,Ecuador,1996,rice,525.0,0.0,0.0
EC,Ecuador,1996,wheat,450.0,390.0,60.0
EC,Ecuador,1997,maize,576.0,76.0,500.0
EC,Ecuador,1997,rice,600.0,0.0,0.0
EC,Ecuador,1997,wheat,460.0,395.0,65.0
EC,Ecuador,1998,maize,630.0,80.0,550.0
EC,Ecuador,1998,rice,675.0,0.0,0.0
EC,Ecuador,1998,wheat,465.0,400.0,65.0
EC,Ecuador,1999,maize,565.0,75.0,490.0
EC,Ecuador,1999,rice,675.0,0.0,0.0
EC,Ecuador,1999,wheat,440.0,405.0,35.0
EC,Ecuador,2000,maize,560.0,75.0,485.0
EC,Ecuador,2000,rice,725.0,0.0,0.0
EC,Ecuador,2000,wheat,450.0,410.0,40.0
EC,Ecuador,2001,maize,500.0,55.0,445.0
EC,Ecuador,2001,rice,750.0,0.0,0.0
EC,Ecuador,2001,wheat,455.0,415.0,40.0
EC,Ecuador,2002,maize,530.0,40.0,490.0
EC,Ecuador,2002,rice,780.0,0.0,0.0
EC,Ecuador,2002,wheat,460.0,420.0,40.0
EC,Ecuador,2003,maize,650.0,50.0,600.0
EC,Ecuador,2003,rice,800.0,0.0,0.0
EC,Ecuador,2003,wheat,465.0,425.0,40.0
EC,Ecuador,2004,maize,750.0,50.0,700.0
EC,Ecuador,2004,rice,850.0,0.0,0.0
EC,Ecuador,2004,wheat,470.0,430.0,40.0
EC,Ecuador,2005,maize,750.0,50.0,700.0
EC,Ecuador,2005,rice,860.0,0.0,0.0
EC,Ecuador,2005,wheat,475.0,435.0,40.0
EC,Ecuador,2006,maize,800.0,50.0,750.0
EC,Ecuador,2006,rice,880.0,0.0,0.0
EC,Ecuador,2006,wheat,485.0,445.0,40.0
EC,Ecuador,2007,maize,1350.0,50.0,1300.0
EC,Ecuador,2007,rice,900.0,0.0,0.0
EC,Ecuador,2007,wheat,485.0,455.0,30.0
EC,Ecuador,2008,maize,1200.0,50.0,1150.0
EC,Ecuador,2008,rice,920.0,0.0,0.0
EC,Ecuador,2008,wheat,515.0,465.0,50.0
EC,Ecuador,2009,maize,1250.0,50.0,1200.0
EC,Ecuador,2009,rice,930.0,0.0,0.0
EC,Ecuador,2009,wheat,535.0,475.0,60.0
EC,Ecuador,2010,maize,1200.0,50.0,1150.0
EC,Ecuador,2010,rice,935.0,0.0,0.0
EC,Ecuador,2010,wheat,565.0,490.0,75.0
EC,Ecuador,2011,maize,1375.0,75.0,1300.0
EC,Ecuador,2011,rice,940.0,0.0,0.0
EC,Ecuador,2011,wheat,585.0,490.0,95.0
EC,Ecuador,2012,maize,1175.0,75.0,1100.0
EC,Ecuador,2012,rice,945.0,0.0,0.0
EC,Ecuador,2012,wheat,590.0,495.0,95.0
EC,Ecuador,2013,maize,1530.0,80.0,1450.0
EC,Ecuador,2013,rice,930.0,0.0,0.0
EC,Ecuador,2013,wheat,605.0,500.0,105.0
EC,Ecuador,2014,maize,1630.0,80.0,1550.0
EC,Ecuador,2014,rice,900.0,0.0,0.0
EC,Ecuador,2014,wheat,735.0,575.0,160.0
EC,Ecuador,2015,maize,1740.0,90.0,1650.0
EC,Ecuador,2015,rice,910.0,0.0,0.0
EC,Ecuador,2015,wheat,935.0,600.0,335.0
EC,Ecuador,2016,maize,1385.0,85.0,1300.0
EC,Ecuador,2016,rice,915.0,0.0,0.0
EC,Ecuador,2016,wheat,1135.0,620.0,515.0
EC,Ecuador,2017,maize,1480.0,80.0,1400.0
EC,Ecuador,2017,rice,920.0,0.0,0.0
EC,Ecuador,2017,wheat,1160.0,630.0,530.0
EC,Ecuador,2018,maize,1380.0,80.0,1300.0
EC,Ecuador,2018,rice,920.0,0.0,0.0
EC,Ecuador,2018,wheat,1140.0,640.0,500.0
EC,Ecuador,2019,maize,1485.0,85.0,1400.0
EC,Ecuador,2019,rice,900.0,0.0,0.0
EC,Ecuador,2019,wheat,1200.0,650.0,550.0
EC,Ecuador,2020,maize,1435.0,85.0,1350.0
EC,Ecuador,2020,rice,910.0,0.0,0.0
EC,Ecuador,2020,wheat,1320.0,670.0,650.0
EC,Ecuador,2021,maize,1875.0,75.0,1800.0
EC,Ecuador,2021,rice,925.0,0.0,0.0
EC,Ecuador,2021,wheat,1290.0,650.0,640.0
EC,Ecuador,2022,maize,1785.0,85.0,1700.0
EC,Ecuador,2022,rice,970.0,0.0,0.0
EC,Ecuador,2022,wheat,1350.0,700.0,650.0
EC,Ecuador,2023,maize,1585.0,85.0,1500.0
EC,Ecuador,2023,rice,1010.0,0.0,0.0
EC,Ecuador,2023,wheat,1440.0,720.0,720.0
EC,Ecuador,2024,maize,1355.0,90.0,1265.0
EC,Ecuador,2024,rice,1050.0,0.0,0.0
EC,Ecuador,2024,wheat,1975.0,775.0,1200.0
EC,Ecuador,2025,maize,1585.0,85.0,1500.0
EC,Ecuador,2025,rice,1100.0,0.0,0.0
EC,Ecuador,2025,wheat,2150.0,800.0,1350.0
EC,Ecuador,2026,maize,1805.0,85.0,1720.0
EC,Ecuador,2026,rice,1150.0,0.0,0.0
EC,Ecuador,2026,wheat,2325.0,825.0,1500.0
EG,Egypt,1960,maize,1745.0,1745.0,0.0
EG,Egypt,1960,rice,793.0,0.0,0.0
EG,Egypt,1960,wheat,2490.0,2490.0,0.0
EG,Egypt,1961,maize,2032.0,2032.0,0.0
EG,Egypt,1961,rice,621.0,0.0,0.0
EG,Egypt,1961,wheat,3139.0,3139.0,0.0
EG,Egypt,1962,maize,2185.0,2185.0,0.0
EG,Egypt,1962,rice,985.0,0.0,0.0
EG,Egypt,1962,wheat,3308.0,3308.0,0.0
EG,Egypt,1963,maize,2301.0,2301.0,0.0
EG,Egypt,1963,rice,960.0,0.0,0.0
EG,Egypt,1963,wheat,3407.0,3407.0,0.0
EG,Egypt,1964,maize,2154.0,2154.0,0.0
EG,Egypt,1964,rice,1034.0,0.0,0.0
EG,Egypt,1964,wheat,3465.0,3465.0,0.0
EG,Egypt,1965,maize,2378.0,2378.0,0.0
EG,Egypt,1965,rice,852.0,0.0,0.0
EG,Egypt,1965,wheat,3595.0,3595.0,0.0
EG,Egypt,1966,maize,2486.0,2486.0,0.0
EG,Egypt,1966,rice,690.0,0.0,0.0
EG,Egypt,1966,wheat,3934.0,3934.0,0.0
EG,Egypt,1967,maize,2435.0,2435.0,0.0
EG,Egypt,1967,rice,957.0,0.0,0.0
EG,Egypt,1967,wheat,4069.0,4069.0,0.0
EG,Egypt,1968,maize,2315.0,2315.0,0.0
EG,Egypt,1968,rice,961.0,0.0,0.0
EG,Egypt,1968,wheat,3466.0,3466.0,0.0
EG,Egypt,1969,maize,2432.0,2432.0,0.0
EG,Egypt,1969,rice,1059.0,0.0,0.0
EG,Egypt,1969,wheat,3497.0,3497.0,0.0
EG,Egypt,1970,maize,2473.0,2473.0,0.0
EG,Egypt,1970,rice,1230.0,0.0,0.0
EG,Egypt,1970,wheat,4354.0,4354.0,0.0
EG,Egypt,1971,maize,2390.0,2390.0,0.0
EG,Egypt,1971,rice,1340.0,0.0,0.0
EG,Egypt,1971,wheat,4319.0,4319.0,0.0
EG,Egypt,1972,maize,2547.0,2547.0,0.0
EG,Egypt,1972,rice,1382.0,0.0,0.0
EG,Egypt,1972,wheat,4656.0,4656.0,0.0
EG,Egypt,1973,maize,1450.0,1450.0,0.0
EG,Egypt,1973,rice,1388.0,0.0,0.0
EG,Egypt,1973,wheat,4217.0,4217.0,0.0
EG,Egypt,1974,maize,2929.0,2579.0,350.0
EG,Egypt,1974,rice,1399.0,0.0,0.0
EG,Egypt,1974,wheat,5373.0,5348.0,25.0
EG,Egypt,1975,maize,3248.0,2708.0,540.0
EG,Egypt,1975,rice,1413.0,0.0,0.0
EG,Egypt,1975,wheat,5733.0,5703.0,30.0
EG,Egypt,1976,maize,3480.0,2700.0,780.0
EG,Egypt,1976,rice,1325.0,0.0,0.0
EG,Egypt,1976,wheat,5793.0,5758.0,35.0
EG,Egypt,1977,maize,3335.0,2515.0,820.0
EG,Egypt,1977,rice,1379.0,0.0,0.0
EG,Egypt,1977,wheat,6091.0,6053.0,38.0
EG,Egypt,1978,maize,3659.0,2549.0,1110.0
EG,Egypt,1978,rice,1481.0,0.0,0.0
EG,Egypt,1978,wheat,7052.0,7012.0,40.0
EG,Egypt,1979,maize,3732.0,2512.0,1220.0
EG,Egypt,1979,rice,1504.0,0.0,0.0
EG,Egypt,1979,wheat,7162.0,7122.0,40.0
EG,Egypt,1980,maize,4100.0,2713.0,1387.0
EG,Egypt,1980,rice,1470.0,0.0,0.0
EG,Egypt,1980,wheat,7469.0,7429.0,40.0
EG,Egypt,1981,maize,4400.0,2500.0,1900.0
EG,Egypt,1981,rice,1476.0,0.0,0.0
EG,Egypt,1981,wheat,7670.0,7630.0,40.0
EG,Egypt,1982,maize,5100.0,1400.0,3700.0
EG,Egypt,1982,rice,1612.0,0.0,0.0
EG,Egypt,1982,wheat,7576.0,7536.0,40.0
EG,Egypt,1983,maize,5400.0,1300.0,4100.0
EG,Egypt,1983,rice,1571.0,0.0,0.0
EG,Egypt,1983,wheat,7950.0,7910.0,40.0
EG,Egypt,1984,maize,6247.0,650.0,5597.0
EG,Egypt,1984,rice,1548.0,0.0,0.0
EG,Egypt,1984,wheat,8150.0,8100.0,50.0
EG,Egypt,1985,maize,5580.0,630.0,4950.0
EG,Egypt,1985,rice,1518.0,0.0,0.0
EG,Egypt,1985,wheat,8169.0,8069.0,100.0
EG,Egypt,1986,maize,5985.0,530.0,5455.0
EG,Egypt,1986,rice,1736.0,0.0,0.0
EG,Egypt,1986,wheat,8601.0,8451.0,150.0
EG,Egypt,1987,maize,5486.0,767.0,4719.0
EG,Egypt,1987,rice,1469.0,0.0,0.0
EG,Egypt,1987,wheat,9616.0,9116.0,500.0
EG,Egypt,1988,maize,5542.0,442.0,5100.0
EG,Egypt,1988,rice,1396.0,0.0,0.0
EG,Egypt,1988,wheat,10247.0,9247.0,1000.0
EG,Egypt,1989,maize,5778.0,404.0,5374.0
EG,Egypt,1989,rice,1345.0,0.0,0.0
EG,Egypt,1989,wheat,10441.0,9641.0,800.0
EG,Egypt,1990,maize,6541.0,443.0,6098.0
EG,Egypt,1990,rice,1813.0,0.0,0.0
EG,Egypt,1990,wheat,10266.0,9266.0,1000.0
EG,Egypt,1991,maize,5873.0,800.0,5073.0
EG,Egypt,1991,rice,2054.0,0.0,0.0
EG,Egypt,1991,wheat,10289.0,9289.0,1000.0
EG,Egypt,1992,maize,6297.0,962.0,5335.0
EG,Egypt,1992,rice,2289.0,0.0,0.0
EG,Egypt,1992,wheat,10421.0,9721.0,700.0
EG,Egypt,1993,maize,6875.0,1305.0,5570.0
EG,Egypt,1993,rice,2375.0,0.0,0.0
EG,Egypt,1993,wheat,10514.0,10164.0,350.0
EG,Egypt,1994,maize,7998.0,1723.0,6275.0
EG,Egypt,1994,rice,2492.0,0.0,0.0
EG,Egypt,1994,wheat,10383.0,10283.0,100.0
EG,Egypt,1995,maize,7810.0,1745.0,6065.0
EG,Egypt,1995,rice,2443.0,0.0,0.0
EG,Egypt,1995,wheat,11300.0,10500.0,800.0
EG,Egypt,1996,maize,9026.0,1926.0,7100.0
EG,Egypt,1996,rice,2619.0,0.0,0.0
EG,Egypt,1996,wheat,11600.0,10800.0,800.0
EG,Egypt,1997,maize,9255.0,1955.0,7300.0
EG,Egypt,1997,rice,2769.0,0.0,0.0
EG,Egypt,1997,wheat,12100.0,11100.0,1000.0
EG,Egypt,1998,maize,9292.0,1992.0,7300.0
EG,Egypt,1998,rice,2771.0,0.0,0.0
EG,Egypt,1998,wheat,13000.0,11400.0,1600.0
EG,Egypt,1999,maize,10200.0,1900.0,8300.0
EG,Egypt,1999,rice,2891.0,0.0,0.0
EG,Egypt,1999,wheat,13300.0,11700.0,1600.0
EG,Egypt,2000,maize,10900.0,1700.0,9200.0
EG,Egypt,2000,rice,3015.0,0.0,0.0
EG,Egypt,2000,wheat,12800.0,12000.0,800.0
EG,Egypt,2001,maize,11200.0,1800.0,9400.0
EG,Egypt,2001,rice,3100.0,0.0,0.0
EG,Egypt,2001,wheat,12900.0,12300.0,600.0
EG,Egypt,2002,maize,10900.0,1800.0,9100.0
EG,Egypt,2002,rice,3200.0,0.0,0.0
EG,Egypt,2002,wheat,13300.0,12500.0,800.0
EG,Egypt,2003,maize,9200.0,1600.0,7600.0
EG,Egypt,2003,rice,3225.0,0.0,0.0
EG,Egypt,2003,wheat,13600.0,12600.0,1000.0
EG,Egypt,2004,maize,11300.0,1800.0,9500.0
EG,Egypt,2004,rice,3250.0,0.0,0.0
EG,Egypt,2004,wheat,14000.0,12800.0,1200.0
EG,Egypt,2005,maize,10100.0,1800.0,8300.0
EG,Egypt,2005,rice,3320.0,0.0,0.0
EG,Egypt,2005,wheat,14800.0,13000.0,1800.0
EG,Egypt,2006,maize,10700.0,2100.0,8600.0
EG,Egypt,2006,rice,3540.0,0.0,0.0
EG,Egypt,2006,wheat,15500.0,13500.0,2000.0
EG,Egypt,2007,maize,10400.0,2100.0,8300.0
EG,Egypt,2007,rice,3610.0,0.0,0.0
EG,Egypt,2007,wheat,15600.0,13800.0,1800.0
EG,Egypt,2008,maize,11100.0,2400.0,8700.0
EG,Egypt,2008,rice,4270.0,0.0,0.0
EG,Egypt,2008,wheat,16800.0,14600.0,2200.0
EG,Egypt,2009,maize,12000.0,2100.0,9900.0
EG,Egypt,2009,rice,3940.0,0.0,0.0
EG,Egypt,2009,wheat,18100.0,15300.0,2800.0
EG,Egypt,2010,maize,12500.0,2400.0,10100.0
EG,Egypt,2010,rice,3300.0,0.0,0.0
EG,Egypt,2010,wheat,17700.0,15500.0,2200.0
EG,Egypt,2011,maize,11700.0,2000.0,9700.0
EG,Egypt,2011,rice,3620.0,0.0,0.0
EG,Egypt,2011,wheat,18600.0,16000.0,2600.0
EG,Egypt,2012,maize,12000.0,2000.0,10000.0
EG,Egypt,2012,rice,4050.0,0.0,0.0
EG,Egypt,2012,wheat,19000.0,16500.0,2500.0
EG,Egypt,2013,maize,13200.0,2200.0,11000.0
EG,Egypt,2013,rice,4000.0,0.0,0.0
EG,Egypt,2013,wheat,19200.0,16700.0,2500.0
EG,Egypt,2014,maize,13900.0,2400.0,11500.0
EG,Egypt,2014,rice,4000.0,0.0,0.0
EG,Egypt,2014,wheat,20000.0,17500.0,2500.0
EG,Egypt,2015,maize,14850.0,2400.0,12450.0
EG,Egypt,2015,rice,3900.0,0.0,0.0
EG,Egypt,2015,wheat,20800.0,18200.0,2600.0
EG,Egypt,2016,maize,15100.0,2400.0,12700.0
EG,Egypt,2016,rice,4300.0,0.0,0.0
EG,Egypt,2016,wheat,20800.0,18400.0,2400.0
EG,Egypt,2017,maize,15900.0,2500.0,13400.0
EG,Egypt,2017,rice,4200.0,0.0,0.0
EG,Egypt,2017,wheat,19800.0,18500.0,1300.0
EG,Egypt,2018,maize,16200.0,2500.0,13700.0
EG,Egypt,2018,rice,4200.0,0.0,0.0
EG,Egypt,2018,wheat,20100.0,18800.0,1300.0
EG,Egypt,2019,maize,16900.0,2500.0,14400.0
EG,Egypt,2019,rice,4300.0,0.0,0.0
EG,Egypt,2019,wheat,20300.0,19000.0,1300.0
EG,Egypt,2020,maize,16400.0,2500.0,13900.0
EG,Egypt,2020,rice,4300.0,0.0,0.0
EG,Egypt,2020,wheat,20500.0,19200.0,1300.0
EG,Egypt,2021,maize,17000.0,2500.0,14500.0
EG,Egypt,2021,rice,4050.0,0.0,0.0
EG,Egypt,2021,wheat,20500.0,19200.0,1300.0
EG,Egypt,2022,maize,13700.0,2500.0,11200.0
EG,Egypt,2022,rice,4000.0,0.0,0.0
EG,Egypt,2022,wheat,20550.0,19250.0,1300.0
EG,Egypt,2023,maize,15300.0,2500.0,12800.0
EG,Egypt,2023,rice,4050.0,0.0,0.0
EG,Egypt,2023,wheat,20500.0,19200.0,1300.0
EG,Egypt,2024,maize,17300.0,2600.0,14700.0
EG,Egypt,2024,rice,4050.0,0.0,0.0
EG,Egypt,2024,wheat,20000.0,19000.0,1000.0
EG,Egypt,2025,maize,18900.0,2700.0,16200.0
EG,Egypt,2025,rice,4150.0,0.0,0.0
EG,Egypt,2025,wheat,20600.0,19300.0,1300.0
EG,Egypt,2026,maize,20100.0,2700.0,17400.0
EG,Egypt,2026,rice,4175.0,0.0,0.0
EG,Egypt,2026,wheat,20700.0,19400.0,1300.0
EN,Estonia,1987,maize,225.0,0.0,225.0
EN,Estonia,1987,wheat,349.0,135.0,214.0
EN,Estonia,1988,maize,400.0,0.0,400.0
EN,Estonia,1988,wheat,361.0,145.0,216.0
EN,Estonia,1989,maize,310.0,0.0,310.0
EN,Estonia,1989,wheat,219.0,135.0,84.0
EN,Estonia,1990,maize,350.0,0.0,350.0
EN,Estonia,1990,wheat,220.0,125.0,95.0
EN,Estonia,1991,maize,100.0,0.0,100.0
EN,Estonia,1991,rice,3.0,0.0,0.0
EN,Estonia,1991,wheat,304.0,240.0,64.0
EN,Estonia,1992,maize,78.0,0.0,78.0
EN,Estonia,1992,rice,5.0,0.0,0.0
EN,Estonia,1992,wheat,310.0,244.0,66.0
EN,Estonia,1993,maize,100.0,0.0,100.0
EN,Estonia,1993,rice,5.0,0.0,0.0
EN,Estonia,1993,wheat,155.0,87.0,68.0
EN,Estonia,1994,maize,85.0,0.0,85.0
EN,Estonia,1994,rice,3.0,0.0,0.0
EN,Estonia,1994,wheat,316.0,262.0,54.0
EN,Estonia,1995,maize,23.0,0.0,23.0
EN,Estonia,1995,rice,5.0,0.0,0.0
EN,Estonia,1995,wheat,263.0,203.0,60.0
EN,Estonia,1996,maize,1.0,0.0,1.0
EN,Estonia,1996,rice,10.0,0.0,0.0
EN,Estonia,1996,wheat,261.0,196.0,65.0
EN,Estonia,1997,rice,10.0,0.0,0.0
EN,Estonia,1997,wheat,261.0,196.0,65.0
EN,Estonia,1998,rice,5.0,0.0,0.0
EN,Estonia,1998,wheat,273.0,218.0,55.0
ER,Eritrea,1993,maize,6.0,6.0,0.0
ER,Eritrea,1993,wheat,85.0,85.0,0.0
ER,Eritrea,1994,maize,20.0,20.0,0.0
ER,Eritrea,1994,wheat,95.0,95.0,0.0
ER,Eritrea,1995,maize,5.0,5.0,0.0
ER,Eritrea,1995,wheat,90.0,90.0,0.0
ER,Eritrea,1996,maize,18.0,18.0,0.0
ER,Eritrea,1996,wheat,88.0,88.0,0.0
ER,Eritrea,1997,maize,18.0,18.0,0.0
ER,Eritrea,1997,wheat,189.0,189.0,0.0
ER,Eritrea,1998,maize,29.0,29.0,0.0
ER,Eritrea,1998,wheat,87.0,87.0,0.0
ER,Eritrea,1999,maize,16.0,16.0,0.0
ER,Eritrea,1999,wheat,167.0,167.0,0.0
ER,Eritrea,2000,maize,4.0,4.0,0.0
ER,Eritrea,2000,wheat,198.0,198.0,0.0
ER,Eritrea,2001,maize,20.0,20.0,0.0
ER,Eritrea,2001,wheat,172.0,172.0,0.0
ER,Eritrea,2002,maize,8.0,8.0,0.0
ER,Eritrea,2002,wheat,310.0,310.0,0.0
ER,Eritrea,2003,maize,5.0,5.0,0.0
ER,Eritrea,2003,wheat,258.0,258.0,0.0
ER,Eritrea,2004,maize,3.0,3.0,0.0
ER,Eritrea,2004,wheat,292.0,292.0,0.0
ER,Eritrea,2005,maize,14.0,14.0,0.0
ER,Eritrea,2005,wheat,140.0,140.0,0.0
ER,Eritrea,2006,maize,32.0,32.0,0.0
ER,Eritrea,2006,wheat,165.0,165.0,0.0
ER,Eritrea,2007,maize,14.0,14.0,0.0
ER,Eritrea,2007,wheat,99.0,99.0,0.0
ER,Eritrea,2008,maize,5.0,5.0,0.0
ER,Eritrea,2008,wheat,46.0,46.0,0.0
ER,Eritrea,2009,maize,17.0,17.0,0.0
ER,Eritrea,2009,wheat,186.0,186.0,0.0
ER,Eritrea,2010,maize,18.0,18.0,0.0
ER,Eritrea,2010,wheat,138.0,138.0,0.0
ER,Eritrea,2011,maize,14.0,14.0,0.0
ER,Eritrea,2011,wheat,160.0,160.0,0.0
ER,Eritrea,2012,maize,14.0,14.0,0.0
ER,Eritrea,2012,wheat,130.0,130.0,0.0
ER,Eritrea,2013,maize,21.0,21.0,0.0
ER,Eritrea,2013,wheat,130.0,130.0,0.0
ER,Eritrea,2014,maize,18.0,18.0,0.0
ER,Eritrea,2014,wheat,117.0,117.0,0.0
ER,Eritrea,2015,maize,20.0,20.0,0.0
ER,Eritrea,2015,wheat,114.0,114.0,0.0
ER,Eritrea,2016,maize,20.0,20.0,0.0
ER,Eritrea,2016,wheat,189.0,189.0,0.0
ER,Eritrea,2017,maize,20.0,20.0,0.0
ER,Eritrea,2017,wheat,349.0,349.0,0.0
ER,Eritrea,2018,maize,20.0,20.0,0.0
ER,Eritrea,2018,wheat,274.0,274.0,0.0
ER,Eritrea,2019,maize,20.0,20.0,0.0
ER,Eritrea,2019,wheat,325.0,325.0,0.0
ER,Eritrea,2020,maize,20.0,20.0,0.0
ER,Eritrea,2020,wheat,179.0,179.0,0.0
ER,Eritrea,2021,maize,20.0,20.0,0.0
ER,Eritrea,2021,wheat,126.0,126.0,0.0
ER,Eritrea,2022,maize,20.0,20.0,0.0
ER,Eritrea,2022,wheat,201.0,201.0,0.0
ER,Eritrea,2023,maize,20.0,20.0,0.0
ER,Eritrea,2023,wheat,356.0,356.0,0.0
ER,Eritrea,2024,maize,20.0,20.0,0.0
ER,Eritrea,2024,wheat,383.0,383.0,0.0
ER,Eritrea,2025,maize,20.0,20.0,0.0
ER,Eritrea,2025,wheat,355.0,355.0,0.0
ER,Eritrea,2026,maize,20.0,20.0,0.0
ER,Eritrea,2026,wheat,375.0,375.0,0.0
ES,El Salvador,1960,maize,236.0,224.0,12.0
ES,El Salvador,1960,rice,18.0,0.0,0.0
ES,El Salvador,1960,wheat,42.0,42.0,0.0
ES,El Salvador,1961,maize,167.0,156.0,11.0
ES,El Salvador,1961,rice,15.0,0.0,0.0
ES,El Salvador,1961,wheat,36.0,36.0,0.0
ES,El Salvador,1962,maize,241.0,225.0,16.0
ES,El Salvador,1962,rice,18.0,0.0,0.0
ES,El Salvador,1962,wheat,42.0,42.0,0.0
ES,El Salvador,1963,maize,228.0,213.0,15.0
ES,El Salvador,1963,rice,13.0,0.0,0.0
ES,El Salvador,1963,wheat,46.0,46.0,0.0
ES,El Salvador,1964,maize,250.0,233.0,17.0
ES,El Salvador,1964,rice,20.0,0.0,0.0
ES,El Salvador,1964,wheat,45.0,45.0,0.0
ES,El Salvador,1965,maize,266.0,248.0,18.0
ES,El Salvador,1965,rice,22.0,0.0,0.0
ES,El Salvador,1965,wheat,64.0,64.0,0.0
ES,El Salvador,1966,maize,284.0,265.0,19.0
ES,El Salvador,1966,rice,21.0,0.0,0.0
ES,El Salvador,1966,wheat,48.0,48.0,0.0
ES,El Salvador,1967,maize,234.0,218.0,16.0
ES,El Salvador,1967,rice,29.0,0.0,0.0
ES,El Salvador,1967,wheat,44.0,44.0,0.0
ES,El Salvador,1968,maize,286.0,267.0,19.0
ES,El Salvador,1968,rice,41.0,0.0,0.0
ES,El Salvador,1968,wheat,50.0,50.0,0.0
ES,El Salvador,1969,maize,282.0,263.0,19.0
ES,El Salvador,1969,rice,30.0,0.0,0.0
ES,El Salvador,1969,wheat,64.0,64.0,0.0
ES,El Salvador,1970,maize,300.0,280.0,20.0
ES,El Salvador,1970,rice,27.0,0.0,0.0
ES,El Salvador,1970,wheat,73.0,73.0,0.0
ES,El Salvador,1971,maize,354.0,334.0,20.0
ES,El Salvador,1971,rice,35.0,0.0,0.0
ES,El Salvador,1971,wheat,52.0,52.0,0.0
ES,El Salvador,1972,maize,301.0,276.0,25.0
ES,El Salvador,1972,rice,22.0,0.0,0.0
ES,El Salvador,1972,wheat,73.0,73.0,0.0
ES,El Salvador,1973,maize,458.0,432.0,26.0
ES,El Salvador,1973,rice,36.0,0.0,0.0
ES,El Salvador,1973,wheat,68.0,68.0,0.0
ES,El Salvador,1974,maize,392.0,375.0,17.0
ES,El Salvador,1974,rice,27.0,0.0,0.0
ES,El Salvador,1974,wheat,70.0,70.0,0.0
ES,El Salvador,1975,maize,418.0,393.0,25.0
ES,El Salvador,1975,rice,34.0,0.0,0.0
ES,El Salvador,1975,wheat,76.0,76.0,0.0
ES,El Salvador,1976,maize,400.0,370.0,30.0
ES,El Salvador,1976,rice,33.0,0.0,0.0
ES,El Salvador,1976,wheat,91.0,91.0,0.0
ES,El Salvador,1977,maize,440.0,400.0,40.0
ES,El Salvador,1977,rice,23.0,0.0,0.0
ES,El Salvador,1977,wheat,114.0,114.0,0.0
ES,El Salvador,1978,maize,497.0,437.0,60.0
ES,El Salvador,1978,rice,35.0,0.0,0.0
ES,El Salvador,1978,wheat,115.0,115.0,0.0
ES,El Salvador,1979,maize,512.0,442.0,70.0
ES,El Salvador,1979,rice,43.0,0.0,0.0
ES,El Salvador,1979,wheat,122.0,122.0,0.0
ES,El Salvador,1980,maize,528.0,458.0,70.0
ES,El Salvador,1980,rice,40.0,0.0,0.0
ES,El Salvador,1980,wheat,119.0,119.0,0.0
ES,El Salvador,1981,maize,542.0,472.0,70.0
ES,El Salvador,1981,rice,37.0,0.0,0.0
ES,El Salvador,1981,wheat,113.0,113.0,0.0
ES,El Salvador,1982,maize,502.0,417.0,85.0
ES,El Salvador,1982,rice,29.0,0.0,0.0
ES,El Salvador,1982,wheat,120.0,120.0,0.0
ES,El Salvador,1983,maize,472.0,387.0,85.0
ES,El Salvador,1983,rice,28.0,0.0,0.0
ES,El Salvador,1983,wheat,136.0,136.0,0.0
ES,El Salvador,1984,maize,487.0,392.0,95.0
ES,El Salvador,1984,rice,43.0,0.0,0.0
ES,El Salvador,1984,wheat,131.0,131.0,0.0
ES,El Salvador,1985,maize,510.0,425.0,85.0
ES,El Salvador,1985,rice,45.0,0.0,0.0
ES,El Salvador,1985,wheat,139.0,139.0,0.0
ES,El Salvador,1986,maize,506.0,410.0,96.0
ES,El Salvador,1986,rice,50.0,0.0,0.0
ES,El Salvador,1986,wheat,144.0,134.0,10.0
ES,El Salvador,1987,maize,656.0,490.0,166.0
ES,El Salvador,1987,rice,39.0,0.0,0.0
ES,El Salvador,1987,wheat,144.0,134.0,10.0
ES,El Salvador,1988,maize,696.0,546.0,150.0
ES,El Salvador,1988,rice,42.0,0.0,0.0
ES,El Salvador,1988,wheat,149.0,149.0,0.0
ES,El Salvador,1989,maize,647.0,490.0,157.0
ES,El Salvador,1989,rice,54.0,0.0,0.0
ES,El Salvador,1989,wheat,161.0,161.0,0.0
ES,El Salvador,1990,maize,662.0,512.0,150.0
ES,El Salvador,1990,rice,55.0,0.0,0.0
ES,El Salvador,1990,wheat,169.0,169.0,0.0
ES,El Salvador,1991,maize,639.0,504.0,135.0
ES,El Salvador,1991,rice,57.0,0.0,0.0
ES,El Salvador,1991,wheat,148.0,148.0,0.0
ES,El Salvador,1992,maize,760.0,529.0,231.0
ES,El Salvador,1992,rice,66.0,0.0,0.0
ES,El Salvador,1992,wheat,158.0,158.0,0.0
ES,El Salvador,1993,maize,794.0,491.0,303.0
ES,El Salvador,1993,rice,62.0,0.0,0.0
ES,El Salvador,1993,wheat,191.0,186.0,5.0
ES,El Salvador,1994,maize,696.0,496.0,200.0
ES,El Salvador,1994,rice,72.0,0.0,0.0
ES,El Salvador,1994,wheat,170.0,160.0,10.0
ES,El Salvador,1995,maize,787.0,487.0,300.0
ES,El Salvador,1995,rice,64.0,0.0,0.0
ES,El Salvador,1995,wheat,140.0,130.0,10.0
ES,El Salvador,1996,maize,1065.0,515.0,550.0
ES,El Salvador,1996,rice,69.0,0.0,0.0
ES,El Salvador,1996,wheat,182.0,172.0,10.0
ES,El Salvador,1997,maize,877.0,527.0,350.0
ES,El Salvador,1997,rice,70.0,0.0,0.0
ES,El Salvador,1997,wheat,190.0,180.0,10.0
ES,El Salvador,1998,maize,945.0,495.0,450.0
ES,El Salvador,1998,rice,60.0,0.0,0.0
ES,El Salvador,1998,wheat,209.0,199.0,10.0
ES,El Salvador,1999,maize,1025.0,525.0,500.0
ES,El Salvador,1999,rice,65.0,0.0,0.0
ES,El Salvador,1999,wheat,221.0,221.0,0.0
ES,El Salvador,2000,maize,1060.0,545.0,515.0
ES,El Salvador,2000,rice,70.0,0.0,0.0
ES,El Salvador,2000,wheat,236.0,236.0,0.0
ES,El Salvador,2001,maize,880.0,500.0,380.0
ES,El Salvador,2001,rice,80.0,0.0,0.0
ES,El Salvador,2001,wheat,233.0,233.0,0.0
ES,El Salvador,2002,maize,980.0,550.0,430.0
ES,El Salvador,2002,rice,80.0,0.0,0.0
ES,El Salvador,2002,wheat,271.0,271.0,0.0
ES,El Salvador,2003,maize,1020.0,550.0,470.0
ES,El Salvador,2003,rice,90.0,0.0,0.0
ES,El Salvador,2003,wheat,249.0,249.0,0.0
ES,El Salvador,2004,maize,1150.0,600.0,550.0
ES,El Salvador,2004,rice,90.0,0.0,0.0
ES,El Salvador,2004,wheat,199.0,199.0,0.0
ES,El Salvador,2005,maize,1250.0,700.0,550.0
ES,El Salvador,2005,rice,95.0,0.0,0.0
ES,El Salvador,2005,wheat,159.0,159.0,0.0
ES,El Salvador,2006,maize,1350.0,700.0,650.0
ES,El Salvador,2006,rice,90.0,0.0,0.0
ES,El Salvador,2006,wheat,176.0,176.0,0.0
ES,El Salvador,2007,maize,1300.0,650.0,650.0
ES,El Salvador,2007,rice,90.0,0.0,0.0
ES,El Salvador,2007,wheat,200.0,200.0,0.0
ES,El Salvador,2008,maize,1300.0,700.0,600.0
ES,El Salvador,2008,rice,95.0,0.0,0.0
ES,El Salvador,2008,wheat,210.0,210.0,0.0
ES,El Salvador,2009,maize,1250.0,700.0,550.0
ES,El Salvador,2009,rice,95.0,0.0,0.0
ES,El Salvador,2009,wheat,210.0,210.0,0.0
ES,El Salvador,2010,maize,1350.0,700.0,650.0
ES,El Salvador,2010,rice,95.0,0.0,0.0
ES,El Salvador,2010,wheat,225.0,225.0,0.0
ES,El Salvador,2011,maize,1250.0,700.0,550.0
ES,El Salvador,2011,rice,95.0,0.0,0.0
ES,El Salvador,2011,wheat,235.0,235.0,0.0
ES,El Salvador,2012,maize,1250.0,700.0,550.0
ES,El Salvador,2012,rice,95.0,0.0,0.0
ES,El Salvador,2012,wheat,245.0,245.0,0.0
ES,El Salvador,2013,maize,1300.0,700.0,600.0
ES,El Salvador,2013,rice,88.0,0.0,0.0
ES,El Salvador,2013,wheat,260.0,260.0,0.0
ES,El Salvador,2014,maize,1370.0,700.0,670.0
ES,El Salvador,2014,rice,75.0,0.0,0.0
ES,El Salvador,2014,wheat,270.0,270.0,0.0
ES,El Salvador,2015,maize,1430.0,700.0,730.0
ES,El Salvador,2015,rice,75.0,0.0,0.0
ES,El Salvador,2015,wheat,270.0,270.0,0.0
ES,El Salvador,2016,maize,1450.0,700.0,750.0
ES,El Salvador,2016,rice,75.0,0.0,0.0
ES,El Salvador,2016,wheat,280.0,280.0,0.0
ES,El Salvador,2017,maize,1500.0,700.0,800.0
ES,El Salvador,2017,rice,85.0,0.0,0.0
ES,El Salvador,2017,wheat,290.0,290.0,0.0
ES,El Salvador,2018,maize,1500.0,700.0,800.0
ES,El Salvador,2018,rice,85.0,0.0,0.0
ES,El Salvador,2018,wheat,285.0,285.0,0.0
ES,El Salvador,2019,maize,1550.0,700.0,850.0
ES,El Salvador,2019,rice,90.0,0.0,0.0
ES,El Salvador,2019,wheat,250.0,250.0,0.0
ES,El Salvador,2020,maize,1450.0,700.0,750.0
ES,El Salvador,2020,rice,90.0,0.0,0.0
ES,El Salvador,2020,wheat,270.0,270.0,0.0
ES,El Salvador,2021,maize,1550.0,700.0,850.0
ES,El Salvador,2021,rice,95.0,0.0,0.0
ES,El Salvador,2021,wheat,320.0,320.0,0.0
ES,El Salvador,2022,maize,1625.0,700.0,925.0
ES,El Salvador,2022,rice,90.0,0.0,0.0
ES,El Salvador,2022,wheat,350.0,350.0,0.0
ES,El Salvador,2023,maize,1400.0,675.0,725.0
ES,El Salvador,2023,rice,90.0,0.0,0.0
ES,El Salvador,2023,wheat,370.0,370.0,0.0
ES,El Salvador,2024,maize,1375.0,675.0,700.0
ES,El Salvador,2024,rice,95.0,0.0,0.0
ES,El Salvador,2024,wheat,380.0,380.0,0.0
ES,El Salvador,2025,maize,1400.0,700.0,700.0
ES,El Salvador,2025,rice,100.0,0.0,0.0
ES,El Salvador,2025,wheat,390.0,390.0,0.0
ES,El Salvador,2026,maize,1475.0,725.0,750.0
ES,El Salvador,2026,rice,105.0,0.0,0.0
ES,El Salvador,2026,wheat,400.0,400.0,0.0
ET,Ethiopia,1960,maize,739.0,739.0,0.0
ET,Ethiopia,1960,wheat,651.0,651.0,0.0
ET,Ethiopia,1961,maize,752.0,752.0,0.0
ET,Ethiopia,1961,wheat,660.0,660.0,0.0
ET,Ethiopia,1962,maize,694.0,694.0,0.0
ET,Ethiopia,1962,wheat,665.0,665.0,0.0
ET,Ethiopia,1963,maize,765.0,765.0,0.0
ET,Ethiopia,1963,wheat,655.0,655.0,0.0
ET,Ethiopia,1964,maize,787.0,787.0,0.0
ET,Ethiopia,1964,wheat,624.0,624.0,0.0
ET,Ethiopia,1965,maize,810.0,810.0,0.0
ET,Ethiopia,1965,wheat,744.0,744.0,0.0
ET,Ethiopia,1966,maize,831.0,831.0,0.0
ET,Ethiopia,1966,wheat,781.0,781.0,0.0
ET,Ethiopia,1967,maize,853.0,853.0,0.0
ET,Ethiopia,1967,wheat,786.0,786.0,0.0
ET,Ethiopia,1968,maize,880.0,880.0,0.0
ET,Ethiopia,1968,wheat,809.0,809.0,0.0
ET,Ethiopia,1969,maize,909.0,909.0,0.0
ET,Ethiopia,1969,wheat,848.0,848.0,0.0
ET,Ethiopia,1970,maize,940.0,940.0,0.0
ET,Ethiopia,1970,wheat,910.0,910.0,0.0
ET,Ethiopia,1971,maize,971.0,971.0,0.0
ET,Ethiopia,1971,wheat,931.0,931.0,0.0
ET,Ethiopia,1972,maize,893.0,893.0,0.0
ET,Ethiopia,1972,wheat,652.0,652.0,0.0
ET,Ethiopia,1973,maize,1013.0,1013.0,0.0
ET,Ethiopia,1973,wheat,756.0,756.0,0.0
ET,Ethiopia,1974,maize,841.0,841.0,0.0
ET,Ethiopia,1974,wheat,715.0,715.0,0.0
ET,Ethiopia,1975,maize,1470.0,1470.0,0.0
ET,Ethiopia,1975,wheat,783.0,783.0,0.0
ET,Ethiopia,1976,maize,985.0,985.0,0.0
ET,Ethiopia,1976,wheat,708.0,708.0,0.0
ET,Ethiopia,1977,maize,940.0,940.0,0.0
ET,Ethiopia,1977,wheat,549.0,549.0,0.0
ET,Ethiopia,1978,maize,1372.0,1372.0,0.0
ET,Ethiopia,1978,wheat,679.0,679.0,0.0
ET,Ethiopia,1979,maize,1524.0,1524.0,0.0
ET,Ethiopia,1979,wheat,737.0,737.0,0.0
ET,Ethiopia,1980,maize,942.0,942.0,0.0
ET,Ethiopia,1980,wheat,824.0,824.0,0.0
ET,Ethiopia,1981,maize,1194.0,1194.0,0.0
ET,Ethiopia,1981,wheat,916.0,916.0,0.0
ET,Ethiopia,1982,maize,1596.0,1596.0,0.0
ET,Ethiopia,1982,wheat,1167.0,1167.0,0.0
ET,Ethiopia,1983,maize,1538.0,1538.0,0.0
ET,Ethiopia,1983,wheat,837.0,837.0,0.0
ET,Ethiopia,1984,maize,1158.0,1158.0,0.0
ET,Ethiopia,1984,wheat,1633.0,1633.0,0.0
ET,Ethiopia,1985,maize,1082.0,1082.0,0.0
ET,Ethiopia,1985,wheat,1622.0,1622.0,0.0
ET,Ethiopia,1986,maize,1805.0,1805.0,0.0
ET,Ethiopia,1986,wheat,1454.0,1454.0,0.0
ET,Ethiopia,1987,maize,1560.0,1560.0,0.0
ET,Ethiopia,1987,wheat,1915.0,1915.0,0.0
ET,Ethiopia,1988,maize,1602.0,1602.0,0.0
ET,Ethiopia,1988,wheat,1353.0,1353.0,0.0
ET,Ethiopia,1989,maize,1888.0,1888.0,0.0
ET,Ethiopia,1989,wheat,1415.0,1415.0,0.0
ET,Ethiopia,1990,maize,2000.0,2000.0,0.0
ET,Ethiopia,1990,wheat,1495.0,1495.0,0.0
ET,Ethiopia,1991,maize,1785.0,1785.0,0.0
ET,Ethiopia,1991,wheat,1702.0,1702.0,0.0
ET,Ethiopia,1992,maize,1650.0,1650.0,0.0
ET,Ethiopia,1992,wheat,1758.0,1758.0,0.0
ET,Ethiopia,1993,maize,1501.0,1501.0,0.0
ET,Ethiopia,1993,wheat,1692.0,1692.0,0.0
ET,Ethiopia,1994,maize,1404.0,1404.0,0.0
ET,Ethiopia,1994,wheat,1394.0,1394.0,0.0
ET,Ethiopia,1995,maize,2375.0,2375.0,0.0
ET,Ethiopia,1995,wheat,2092.0,2092.0,0.0
ET,Ethiopia,1996,maize,3017.0,3017.0,0.0
ET,Ethiopia,1996,wheat,2187.0,2187.0,0.0
ET,Ethiopia,1997,maize,2150.0,2150.0,0.0
ET,Ethiopia,1997,wheat,1675.0,1675.0,0.0
ET,Ethiopia,1998,maize,2900.0,2900.0,0.0
ET,Ethiopia,1998,wheat,2200.0,2200.0,0.0
ET,Ethiopia,1999,maize,2530.0,2530.0,0.0
ET,Ethiopia,1999,wheat,2842.0,2842.0,0.0
ET,Ethiopia,2000,maize,3130.0,3130.0,0.0
ET,Ethiopia,2000,wheat,2712.0,2712.0,0.0
ET,Ethiopia,2001,maize,3250.0,3250.0,0.0
ET,Ethiopia,2001,wheat,2230.0,2230.0,0.0
ET,Ethiopia,2002,maize,1792.0,1792.0,0.0
ET,Ethiopia,2002,wheat,1683.0,1683.0,0.0
ET,Ethiopia,2003,maize,2543.0,2543.0,0.0
ET,Ethiopia,2003,wheat,2396.0,2396.0,0.0
ET,Ethiopia,2004,maize,2394.0,2394.0,0.0
ET,Ethiopia,2004,wheat,2608.0,2608.0,0.0
ET,Ethiopia,2005,maize,3200.0,3000.0,200.0
ET,Ethiopia,2005,wheat,2500.0,2500.0,0.0
ET,Ethiopia,2006,maize,3600.0,3400.0,200.0
ET,Ethiopia,2006,wheat,2763.0,2763.0,0.0
ET,Ethiopia,2007,maize,3700.0,3500.0,200.0
ET,Ethiopia,2007,wheat,2730.0,2730.0,0.0
ET,Ethiopia,2008,maize,4300.0,4100.0,200.0
ET,Ethiopia,2008,wheat,3800.0,3550.0,250.0
ET,Ethiopia,2009,maize,4100.0,3900.0,200.0
ET,Ethiopia,2009,wheat,3950.0,3550.0,400.0
ET,Ethiopia,2010,maize,4650.0,4250.0,400.0
ET,Ethiopia,2010,wheat,3715.0,3450.0,265.0
ET,Ethiopia,2011,maize,5900.0,5400.0,500.0
ET,Ethiopia,2011,wheat,4219.0,3969.0,250.0
ET,Ethiopia,2012,maize,6000.0,5500.0,500.0
ET,Ethiopia,2012,wheat,4450.0,4200.0,250.0
ET,Ethiopia,2013,maize,6750.0,6000.0,750.0
ET,Ethiopia,2013,wheat,4771.0,4322.0,449.0
ET,Ethiopia,2014,maize,6750.0,6000.0,750.0
ET,Ethiopia,2014,wheat,5250.0,4800.0,450.0
ET,Ethiopia,2015,maize,7900.0,7300.0,600.0
ET,Ethiopia,2015,rice,391.0,0.0,0.0
ET,Ethiopia,2015,wheat,6800.0,6300.0,500.0
ET,Ethiopia,2016,maize,8800.0,8200.0,600.0
ET,Ethiopia,2016,rice,418.0,0.0,0.0
ET,Ethiopia,2016,wheat,6000.0,5600.0,400.0
ET,Ethiopia,2017,maize,10300.0,9600.0,700.0
ET,Ethiopia,2017,rice,548.0,0.0,0.0
ET,Ethiopia,2017,wheat,6600.0,6100.0,500.0
ET,Ethiopia,2018,maize,10300.0,9600.0,700.0
ET,Ethiopia,2018,rice,692.0,0.0,0.0
ET,Ethiopia,2018,wheat,6200.0,5900.0,300.0
ET,Ethiopia,2019,maize,9700.0,9000.0,700.0
ET,Ethiopia,2019,rice,711.0,0.0,0.0
ET,Ethiopia,2019,wheat,6650.0,6350.0,300.0
ET,Ethiopia,2020,maize,9900.0,9200.0,700.0
ET,Ethiopia,2020,rice,974.0,0.0,0.0
ET,Ethiopia,2020,wheat,7000.0,6600.0,400.0
ET,Ethiopia,2021,maize,10700.0,9600.0,1100.0
ET,Ethiopia,2021,rice,1083.0,0.0,0.0
ET,Ethiopia,2021,wheat,7300.0,6800.0,500.0
ET,Ethiopia,2022,maize,10250.0,9100.0,1150.0
ET,Ethiopia,2022,rice,860.0,0.0,0.0
ET,Ethiopia,2022,wheat,7300.0,6900.0,400.0
ET,Ethiopia,2023,maize,10200.0,9000.0,1200.0
ET,Ethiopia,2023,rice,703.0,0.0,0.0
ET,Ethiopia,2023,wheat,7300.0,7000.0,300.0
ET,Ethiopia,2024,maize,10250.0,9000.0,1250.0
ET,Ethiopia,2024,rice,591.0,0.0,0.0
ET,Ethiopia,2024,wheat,7600.0,7200.0,400.0
ET,Ethiopia,2025,maize,10350.0,9050.0,1300.0
ET,Ethiopia,2025,rice,659.0,0.0,0.0
ET,Ethiopia,2025,wheat,7950.0,7500.0,450.0
ET,Ethiopia,2026,maize,10450.0,9150.0,1300.0
ET,Ethiopia,2026,rice,695.0,0.0,0.0
ET,Ethiopia,2026,wheat,8200.0,7700.0,500.0
EZ,Czech Republic,1992,maize,252.0,102.0,150.0
EZ,Czech Republic,1992,rice,47.0,0.0,0.0
EZ,Czech Republic,1992,wheat,3640.0,1323.0,2317.0
EZ,Czech Republic,1993,maize,292.0,102.0,190.0
EZ,Czech Republic,1993,rice,51.0,0.0,0.0
EZ,Czech Republic,1993,wheat,3097.0,1297.0,1800.0
EZ,Czech Republic,1994,maize,290.0,100.0,190.0
EZ,Czech Republic,1994,rice,38.0,0.0,0.0
EZ,Czech Republic,1994,wheat,3126.0,1326.0,1800.0
EZ,Czech Republic,1995,maize,188.0,98.0,90.0
EZ,Czech Republic,1995,rice,54.0,0.0,0.0
EZ,Czech Republic,1995,wheat,3240.0,1440.0,1800.0
EZ,Czech Republic,1996,maize,296.0,96.0,200.0
EZ,Czech Republic,1996,rice,59.0,0.0,0.0
EZ,Czech Republic,1996,wheat,3883.0,1883.0,2000.0
EZ,Czech Republic,1997,maize,269.0,99.0,170.0
EZ,Czech Republic,1997,rice,51.0,0.0,0.0
EZ,Czech Republic,1997,wheat,3668.0,1668.0,2000.0
EZ,Czech Republic,1998,maize,266.0,96.0,170.0
EZ,Czech Republic,1998,rice,49.0,0.0,0.0
EZ,Czech Republic,1998,wheat,3851.0,1851.0,2000.0
FJ,Fiji,1963,wheat,48.0,48.0,0.0
FJ,Fiji,1964,wheat,44.0,44.0,0.0
FJ,Fiji,1965,wheat,45.0,45.0,0.0
FJ,Fiji,1966,wheat,13.0,13.0,0.0
FJ,Fiji,1967,wheat,25.0,25.0,0.0
FJ,Fiji,1968,wheat,20.0,20.0,0.0
FJ,Fiji,1969,wheat,17.0,17.0,0.0
FJ,Fiji,1970,wheat,22.0,22.0,0.0
FJ,Fiji,1971,wheat,24.0,24.0,0.0
FJ,Fiji,1972,wheat,29.0,29.0,0.0
FJ,Fiji,1973,wheat,37.0,37.0,0.0
FJ,Fiji,1974,wheat,44.0,44.0,0.0
FJ,Fiji,1975,wheat,41.0,41.0,0.0
FJ,Fiji,1976,wheat,45.0,45.0,0.0
FJ,Fiji,1977,wheat,35.0,35.0,0.0
FJ,Fiji,1978,wheat,35.0,35.0,0.0
FJ,Fiji,1979,wheat,40.0,40.0,0.0
FJ,Fiji,1980,wheat,40.0,40.0,0.0
FJ,Fiji,1981,wheat,45.0,45.0,0.0
FJ,Fiji,1982,wheat,59.0,59.0,0.0
FJ,Fiji,1983,wheat,58.0,58.0,0.0
FJ,Fiji,1984,wheat,59.0,59.0,0.0
FJ,Fiji,1985,wheat,52.0,52.0,0.0
FJ,Fiji,1986,wheat,61.0,61.0,0.0
FJ,Fiji,1987,wheat,96.0,96.0,0.0
FJ,Fiji,1988,wheat,48.0,48.0,0.0
FJ,Fiji,1989,wheat,67.0,67.0,0.0
FJ,Fiji,1990,wheat,78.0,78.0,0.0
FJ,Fiji,1991,wheat,73.0,73.0,0.0
FJ,Fiji,1992,wheat,61.0,61.0,0.0
FJ,Fiji,1993,wheat,83.0,83.0,0.0
FJ,Fiji,1994,wheat,82.0,82.0,0.0
FJ,Fiji,1995,wheat,70.0,70.0,0.0
FJ,Fiji,1996,wheat,82.0,82.0,0.0
FJ,Fiji,1997,wheat,84.0,84.0,0.0
FJ,Fiji,1998,wheat,81.0,81.0,0.0
FJ,Fiji,1999,wheat,96.0,96.0,0.0
FJ,Fiji,2000,wheat,96.0,96.0,0.0
FJ,Fiji,2001,wheat,104.0,104.0,0.0
FJ,Fiji,2002,wheat,120.0,120.0,0.0
FJ,Fiji,2003,wheat,121.0,121.0,0.0
FJ,Fiji,2004,wheat,120.0,120.0,0.0
FJ,Fiji,2005,wheat,125.0,125.0,0.0
FJ,Fiji,2006,wheat,140.0,140.0,0.0
FJ,Fiji,2007,wheat,130.0,130.0,0.0
FJ,Fiji,2008,wheat,125.0,125.0,0.0
FJ,Fiji,2009,wheat,160.0,160.0,0.0
FJ,Fiji,2010,wheat,160.0,160.0,0.0
FJ,Fiji,2011,wheat,160.0,160.0,0.0
FJ,Fiji,2012,wheat,165.0,165.0,0.0
FJ,Fiji,2013,wheat,170.0,170.0,0.0
FJ,Fiji,2014,wheat,175.0,175.0,0.0
FJ,Fiji,2015,wheat,180.0,180.0,0.0
FJ,Fiji,2016,wheat,185.0,185.0,0.0
FJ,Fiji,2017,wheat,190.0,190.0,0.0
FJ,Fiji,2018,wheat,190.0,190.0,0.0
FJ,Fiji,2019,wheat,190.0,190.0,0.0
FJ,Fiji,2020,wheat,170.0,170.0,0.0
FJ,Fiji,2021,wheat,185.0,185.0,0.0
FJ,Fiji,2022,wheat,170.0,170.0,0.0
FJ,Fiji,2023,wheat,195.0,195.0,0.0
FJ,Fiji,2024,wheat,175.0,175.0,0.0
FJ,Fiji,2025,wheat,200.0,200.0,0.0
FJ,Fiji,2026,wheat,235.0,235.0,0.0
GA,"Gambia, The",1960,rice,27.0,0.0,0.0
GA,"Gambia, The",1961,rice,27.0,0.0,0.0
GA,"Gambia, The",1962,rice,31.0,0.0,0.0
GA,"Gambia, The",1963,rice,28.0,0.0,0.0
GA,"Gambia, The",1964,rice,33.0,0.0,0.0
GA,"Gambia, The",1965,rice,31.0,0.0,0.0
GA,"Gambia, The",1966,rice,32.0,0.0,0.0
GA,"Gambia, The",1967,rice,22.0,0.0,0.0
GA,"Gambia, The",1968,rice,36.0,0.0,0.0
GA,"Gambia, The",1969,rice,37.0,0.0,0.0
GA,"Gambia, The",1970,rice,41.0,0.0,0.0
GA,"Gambia, The",1971,rice,35.0,0.0,0.0
GA,"Gambia, The",1972,rice,44.0,0.0,0.0
GA,"Gambia, The",1973,rice,49.0,0.0,0.0
GA,"Gambia, The",1974,rice,43.0,0.0,0.0
GA,"Gambia, The",1975,maize,10.0,0.0,10.0
GA,"Gambia, The",1975,rice,33.0,0.0,0.0
GA,"Gambia, The",1976,maize,4.0,0.0,4.0
GA,"Gambia, The",1976,rice,62.0,0.0,0.0
GA,"Gambia, The",1977,maize,4.0,4.0,0.0
GA,"Gambia, The",1977,rice,43.0,0.0,0.0
GA,"Gambia, The",1978,maize,10.0,10.0,0.0
GA,"Gambia, The",1978,rice,51.0,0.0,0.0
GA,"Gambia, The",1979,maize,7.0,7.0,0.0
GA,"Gambia, The",1979,rice,69.0,0.0,0.0
GA,"Gambia, The",1980,maize,6.0,6.0,0.0
GA,"Gambia, The",1980,rice,51.0,0.0,0.0
GA,"Gambia, The",1981,maize,13.0,13.0,0.0
GA,"Gambia, The",1981,rice,61.0,0.0,0.0
GA,"Gambia, The",1982,maize,17.0,17.0,0.0
GA,"Gambia, The",1982,rice,51.0,0.0,0.0
GA,"Gambia, The",1983,maize,9.0,9.0,0.0
GA,"Gambia, The",1983,rice,52.0,0.0,0.0
GA,"Gambia, The",1984,maize,13.0,13.0,0.0
GA,"Gambia, The",1984,rice,73.0,0.0,0.0
GA,"Gambia, The",1985,maize,16.0,16.0,0.0
GA,"Gambia, The",1985,rice,56.0,0.0,0.0
GA,"Gambia, The",1986,maize,17.0,17.0,0.0
GA,"Gambia, The",1986,rice,147.0,0.0,0.0
GA,"Gambia, The",1987,maize,15.0,15.0,0.0
GA,"Gambia, The",1987,rice,99.0,0.0,0.0
GA,"Gambia, The",1988,maize,16.0,16.0,0.0
GA,"Gambia, The",1988,rice,102.0,0.0,0.0
GA,"Gambia, The",1989,maize,25.0,25.0,0.0
GA,"Gambia, The",1989,rice,82.0,0.0,0.0
GA,"Gambia, The",1990,maize,16.0,16.0,0.0
GA,"Gambia, The",1990,rice,72.0,0.0,0.0
GA,"Gambia, The",1991,maize,19.0,19.0,0.0
GA,"Gambia, The",1991,rice,116.0,0.0,0.0
GA,"Gambia, The",1992,maize,17.0,17.0,0.0
GA,"Gambia, The",1992,rice,66.0,0.0,0.0
GA,"Gambia, The",1993,maize,24.0,24.0,0.0
GA,"Gambia, The",1993,rice,68.0,0.0,0.0
GA,"Gambia, The",1994,maize,22.0,22.0,0.0
GA,"Gambia, The",1994,rice,84.0,0.0,0.0
GA,"Gambia, The",1995,maize,20.0,20.0,0.0
GA,"Gambia, The",1995,rice,33.0,0.0,0.0
GA,"Gambia, The",1996,maize,20.0,20.0,0.0
GA,"Gambia, The",1996,rice,38.0,0.0,0.0
GA,"Gambia, The",1997,maize,10.0,10.0,0.0
GA,"Gambia, The",1997,rice,34.0,0.0,0.0
GA,"Gambia, The",1998,maize,13.0,13.0,0.0
GA,"Gambia, The",1998,rice,27.0,0.0,0.0
GA,"Gambia, The",1999,maize,20.0,20.0,0.0
GA,"Gambia, The",1999,rice,33.0,0.0,0.0
GA,"Gambia, The",2000,maize,22.0,22.0,0.0
GA,"Gambia, The",2000,rice,113.0,0.0,0.0
GA,"Gambia, The",2001,maize,29.0,29.0,0.0
GA,"Gambia, The",2001,rice,121.0,0.0,0.0
GA,"Gambia, The",2002,maize,21.0,21.0,0.0
GA,"Gambia, The",2002,rice,112.0,0.0,0.0
GA,"Gambia, The",2003,maize,30.0,30.0,0.0
GA,"Gambia, The",2003,rice,119.0,0.0,0.0
GA,"Gambia, The",2004,maize,30.0,30.0,0.0
GA,"Gambia, The",2004,rice,111.0,0.0,0.0
GA,"Gambia, The",2005,maize,29.0,29.0,0.0
GA,"Gambia, The",2005,rice,102.0,0.0,0.0
GA,"Gambia, The",2006,maize,28.0,28.0,0.0
GA,"Gambia, The",2006,rice,80.0,0.0,0.0
GA,"Gambia, The",2007,maize,31.0,31.0,0.0
GA,"Gambia, The",2007,rice,132.0,0.0,0.0
GA,"Gambia, The",2008,maize,45.0,45.0,0.0
GA,"Gambia, The",2008,rice,115.0,0.0,0.0
GA,"Gambia, The",2009,maize,55.0,55.0,0.0
GA,"Gambia, The",2009,rice,116.0,0.0,0.0
GA,"Gambia, The",2010,maize,66.0,66.0,0.0
GA,"Gambia, The",2010,rice,171.0,0.0,0.0
GA,"Gambia, The",2011,maize,24.0,24.0,0.0
GA,"Gambia, The",2011,rice,180.0,0.0,0.0
GA,"Gambia, The",2012,maize,30.0,30.0,0.0
GA,"Gambia, The",2012,rice,188.0,0.0,0.0
GA,"Gambia, The",2013,maize,33.0,33.0,0.0
GA,"Gambia, The",2013,rice,190.0,0.0,0.0
GA,"Gambia, The",2014,maize,30.0,30.0,0.0
GA,"Gambia, The",2014,rice,185.0,0.0,0.0
GA,"Gambia, The",2015,maize,36.0,36.0,0.0
GA,"Gambia, The",2015,rice,200.0,0.0,0.0
GA,"Gambia, The",2016,maize,31.0,31.0,0.0
GA,"Gambia, The",2016,rice,210.0,0.0,0.0
GA,"Gambia, The",2017,maize,31.0,31.0,0.0
GA,"Gambia, The",2017,rice,220.0,0.0,0.0
GA,"Gambia, The",2018,maize,19.0,19.0,0.0
GA,"Gambia, The",2018,rice,205.0,0.0,0.0
GA,"Gambia, The",2019,maize,16.0,16.0,0.0
GA,"Gambia, The",2019,rice,230.0,0.0,0.0
GA,"Gambia, The",2020,maize,17.0,17.0,0.0
GA,"Gambia, The",2020,rice,240.0,0.0,0.0
GA,"Gambia, The",2021,maize,20.0,20.0,0.0
GA,"Gambia, The",2021,rice,250.0,0.0,0.0
GA,"Gambia, The",2022,maize,21.0,21.0,0.0
GA,"Gambia, The",2022,rice,265.0,0.0,0.0
GA,"Gambia, The",2023,maize,21.0,21.0,0.0
GA,"Gambia, The",2023,rice,270.0,0.0,0.0
GA,"Gambia, The",2024,maize,26.0,26.0,0.0
GA,"Gambia, The",2024,rice,350.0,0.0,0.0
GA,"Gambia, The",2025,maize,27.0,27.0,0.0
GA,"Gambia, The",2025,rice,395.0,0.0,0.0
GA,"Gambia, The",2026,maize,25.0,25.0,0.0
GA,"Gambia, The",2026,rice,405.0,0.0,0.0
GB,Gabon,1960,rice,1.0,0.0,0.0
GB,Gabon,1960,wheat,5.0,5.0,0.0
GB,Gabon,1961,rice,1.0,0.0,0.0
GB,Gabon,1961,wheat,5.0,5.0,0.0
GB,Gabon,1962,rice,2.0,0.0,0.0
GB,Gabon,1962,wheat,6.0,6.0,0.0
GB,Gabon,1963,rice,2.0,0.0,0.0
GB,Gabon,1963,wheat,5.0,5.0,0.0
GB,Gabon,1964,rice,1.0,0.0,0.0
GB,Gabon,1964,wheat,6.0,6.0,0.0
GB,Gabon,1965,rice,1.0,0.0,0.0
GB,Gabon,1965,wheat,6.0,6.0,0.0
GB,Gabon,1966,rice,2.0,0.0,0.0
GB,Gabon,1966,wheat,9.0,9.0,0.0
GB,Gabon,1967,rice,2.0,0.0,0.0
GB,Gabon,1967,wheat,9.0,9.0,0.0
GB,Gabon,1968,rice,1.0,0.0,0.0
GB,Gabon,1968,wheat,9.0,9.0,0.0
GB,Gabon,1969,rice,2.0,0.0,0.0
GB,Gabon,1969,wheat,7.0,7.0,0.0
GB,Gabon,1970,rice,3.0,0.0,0.0
GB,Gabon,1970,wheat,1.0,1.0,0.0
GB,Gabon,1971,rice,3.0,0.0,0.0
GB,Gabon,1971,wheat,1.0,1.0,0.0
GB,Gabon,1972,rice,3.0,0.0,0.0
GB,Gabon,1973,rice,3.0,0.0,0.0
GB,Gabon,1974,rice,3.0,0.0,0.0
GB,Gabon,1975,rice,5.0,0.0,0.0
GB,Gabon,1976,rice,6.0,0.0,0.0
GB,Gabon,1976,wheat,35.0,35.0,0.0
GB,Gabon,1977,rice,8.0,0.0,0.0
GB,Gabon,1977,wheat,31.0,31.0,0.0
GB,Gabon,1978,rice,8.0,0.0,0.0
GB,Gabon,1978,wheat,26.0,26.0,0.0
GB,Gabon,1979,rice,6.0,0.0,0.0
GB,Gabon,1979,wheat,30.0,30.0,0.0
GB,Gabon,1980,wheat,30.0,30.0,0.0
GB,Gabon,1981,wheat,30.0,30.0,0.0
GB,Gabon,1982,wheat,35.0,35.0,0.0
GB,Gabon,1983,wheat,36.0,36.0,0.0
GB,Gabon,1984,wheat,34.0,34.0,0.0
GB,Gabon,1985,wheat,38.0,38.0,0.0
GB,Gabon,1986,wheat,47.0,47.0,0.0
GB,Gabon,1987,wheat,45.0,45.0,0.0
GB,Gabon,1988,wheat,42.0,42.0,0.0
GB,Gabon,1989,wheat,40.0,40.0,0.0
GB,Gabon,1990,wheat,46.0,46.0,0.0
GB,Gabon,1991,wheat,49.0,49.0,0.0
GB,Gabon,1992,wheat,46.0,46.0,0.0
GB,Gabon,1993,wheat,42.0,42.0,0.0
GB,Gabon,1994,wheat,46.0,46.0,0.0
GB,Gabon,1995,wheat,46.0,46.0,0.0
GB,Gabon,1996,wheat,61.0,61.0,0.0
GB,Gabon,1997,wheat,66.0,66.0,0.0
GB,Gabon,1998,wheat,68.0,68.0,0.0
GB,Gabon,1999,wheat,65.0,65.0,0.0
GB,Gabon,2000,wheat,79.0,79.0,0.0
GB,Gabon,2001,wheat,76.0,76.0,0.0
GB,Gabon,2002,wheat,76.0,76.0,0.0
GB,Gabon,2003,wheat,84.0,84.0,0.0
GB,Gabon,2004,wheat,83.0,83.0,0.0
GB,Gabon,2005,wheat,91.0,91.0,0.0
GB,Gabon,2006,wheat,75.0,75.0,0.0
GB,Gabon,2007,wheat,78.0,78.0,0.0
GB,Gabon,2008,wheat,99.0,99.0,0.0
GB,Gabon,2009,wheat,90.0,90.0,0.0
GB,Gabon,2010,wheat,97.0,97.0,0.0
GB,Gabon,2011,wheat,112.0,112.0,0.0
GB,Gabon,2012,wheat,107.0,107.0,0.0
GB,Gabon,2013,wheat,116.0,116.0,0.0
GB,Gabon,2014,wheat,119.0,119.0,0.0
GB,Gabon,2015,wheat,127.0,127.0,0.0
GB,Gabon,2016,wheat,119.0,119.0,0.0
GB,Gabon,2017,wheat,118.0,118.0,0.0
GB,Gabon,2018,wheat,122.0,122.0,0.0
GB,Gabon,2019,wheat,105.0,105.0,0.0
GB,Gabon,2020,wheat,110.0,110.0,0.0
GB,Gabon,2021,wheat,138.0,138.0,0.0
GB,Gabon,2022,wheat,152.0,152.0,0.0
GB,Gabon,2023,wheat,115.0,115.0,0.0
GB,Gabon,2024,wheat,139.0,139.0,0.0
GB,Gabon,2025,wheat,150.0,150.0,0.0
GB,Gabon,2026,wheat,200.0,200.0,0.0
GG,Georgia,1987,maize,612.0,65.0,547.0
GG,Georgia,1987,wheat,1298.0,905.0,393.0
GG,Georgia,1988,maize,679.0,65.0,614.0
GG,Georgia,1988,wheat,1288.0,905.0,383.0
GG,Georgia,1989,maize,693.0,65.0,628.0
GG,Georgia,1989,wheat,1227.0,905.0,322.0
GG,Georgia,1990,maize,478.0,65.0,413.0
GG,Georgia,1990,wheat,1331.0,895.0,436.0
GG,Georgia,1991,maize,378.0,65.0,313.0
GG,Georgia,1991,wheat,979.0,826.0,153.0
GG,Georgia,1992,maize,278.0,78.0,200.0
GG,Georgia,1992,wheat,810.0,760.0,50.0
GG,Georgia,1993,maize,258.0,73.0,185.0
GG,Georgia,1993,wheat,805.0,755.0,50.0
GG,Georgia,1994,maize,358.0,81.0,277.0
GG,Georgia,1994,wheat,793.0,743.0,50.0
GG,Georgia,1995,maize,376.0,100.0,276.0
GG,Georgia,1995,wheat,698.0,648.0,50.0
GG,Georgia,1996,maize,491.0,204.0,287.0
GG,Georgia,1996,wheat,723.0,673.0,50.0
GG,Georgia,1997,maize,500.0,150.0,350.0
GG,Georgia,1997,wheat,700.0,650.0,50.0
GG,Georgia,1998,maize,450.0,150.0,300.0
GG,Georgia,1998,wheat,635.0,585.0,50.0
GG,Georgia,1999,maize,450.0,150.0,300.0
GG,Georgia,1999,wheat,656.0,606.0,50.0
GG,Georgia,2000,maize,325.0,125.0,200.0
GG,Georgia,2000,wheat,518.0,468.0,50.0
GG,Georgia,2001,maize,290.0,75.0,215.0
GG,Georgia,2001,wheat,681.0,631.0,50.0
GG,Georgia,2002,maize,390.0,75.0,315.0
GG,Georgia,2002,wheat,626.0,576.0,50.0
GG,Georgia,2003,maize,430.0,80.0,350.0
GG,Georgia,2003,wheat,666.0,616.0,50.0
GG,Georgia,2004,maize,450.0,80.0,370.0
GG,Georgia,2004,wheat,950.0,900.0,50.0
GG,Georgia,2005,maize,450.0,80.0,370.0
GG,Georgia,2005,wheat,1000.0,950.0,50.0
GG,Georgia,2006,maize,350.0,50.0,300.0
GG,Georgia,2006,wheat,1000.0,950.0,50.0
GG,Georgia,2007,maize,300.0,50.0,250.0
GG,Georgia,2007,wheat,950.0,900.0,50.0
GG,Georgia,2008,maize,350.0,50.0,300.0
GG,Georgia,2008,wheat,800.0,800.0,0.0
GG,Georgia,2009,maize,350.0,50.0,300.0
GG,Georgia,2009,wheat,750.0,750.0,0.0
GG,Georgia,2010,maize,160.0,25.0,135.0
GG,Georgia,2010,wheat,740.0,740.0,0.0
GG,Georgia,2011,maize,275.0,50.0,225.0
GG,Georgia,2011,wheat,745.0,745.0,0.0
GG,Georgia,2012,maize,250.0,50.0,200.0
GG,Georgia,2012,wheat,730.0,730.0,0.0
GG,Georgia,2013,maize,350.0,50.0,300.0
GG,Georgia,2013,wheat,725.0,725.0,0.0
GG,Georgia,2014,maize,350.0,50.0,300.0
GG,Georgia,2014,wheat,720.0,720.0,0.0
GG,Georgia,2015,maize,300.0,50.0,250.0
GG,Georgia,2015,wheat,710.0,710.0,0.0
GG,Georgia,2016,maize,325.0,50.0,275.0
GG,Georgia,2016,wheat,680.0,680.0,0.0
GG,Georgia,2017,maize,250.0,50.0,200.0
GG,Georgia,2017,wheat,680.0,680.0,0.0
GG,Georgia,2018,maize,275.0,50.0,225.0
GG,Georgia,2018,wheat,660.0,660.0,0.0
GG,Georgia,2019,maize,310.0,50.0,260.0
GG,Georgia,2019,wheat,640.0,640.0,0.0
GG,Georgia,2020,maize,340.0,50.0,290.0
GG,Georgia,2020,wheat,620.0,620.0,0.0
GG,Georgia,2021,maize,280.0,50.0,230.0
GG,Georgia,2021,wheat,600.0,600.0,0.0
GG,Georgia,2022,maize,225.0,50.0,175.0
GG,Georgia,2022,wheat,610.0,610.0,0.0
GG,Georgia,2023,maize,240.0,50.0,190.0
GG,Georgia,2023,wheat,610.0,610.0,0.0
GG,Georgia,2024,maize,220.0,50.0,170.0
GG,Georgia,2024,wheat,625.0,625.0,0.0
GG,Georgia,2025,maize,250.0,50.0,200.0
GG,Georgia,2025,wheat,650.0,650.0,0.0
GG,Georgia,2026,maize,260.0,50.0,210.0
GG,Georgia,2026,wheat,675.0,675.0,0.0
GH,Ghana,1960,maize,231.0,231.0,0.0
GH,Ghana,1960,rice,51.0,0.0,0.0
GH,Ghana,1960,wheat,82.0,82.0,0.0
GH,Ghana,1961,maize,230.0,230.0,0.0
GH,Ghana,1961,rice,70.0,0.0,0.0
GH,Ghana,1961,wheat,82.0,82.0,0.0
GH,Ghana,1962,maize,220.0,220.0,0.0
GH,Ghana,1962,rice,48.0,0.0,0.0
GH,Ghana,1962,wheat,63.0,63.0,0.0
GH,Ghana,1963,maize,185.0,185.0,0.0
GH,Ghana,1963,rice,67.0,0.0,0.0
GH,Ghana,1963,wheat,40.0,40.0,0.0
GH,Ghana,1964,maize,176.0,176.0,0.0
GH,Ghana,1964,rice,58.0,0.0,0.0
GH,Ghana,1964,wheat,60.0,60.0,0.0
GH,Ghana,1965,maize,210.0,210.0,0.0
GH,Ghana,1965,rice,70.0,0.0,0.0
GH,Ghana,1965,wheat,67.0,67.0,0.0
GH,Ghana,1966,maize,369.0,369.0,0.0
GH,Ghana,1966,rice,65.0,0.0,0.0
GH,Ghana,1966,wheat,53.0,53.0,0.0
GH,Ghana,1967,maize,346.0,346.0,0.0
GH,Ghana,1967,rice,66.0,0.0,0.0
GH,Ghana,1967,wheat,76.0,76.0,0.0
GH,Ghana,1968,maize,306.0,306.0,0.0
GH,Ghana,1968,rice,71.0,0.0,0.0
GH,Ghana,1968,wheat,81.0,81.0,0.0
GH,Ghana,1969,maize,310.0,310.0,0.0
GH,Ghana,1969,rice,98.0,0.0,0.0
GH,Ghana,1969,wheat,70.0,70.0,0.0
GH,Ghana,1970,maize,450.0,450.0,0.0
GH,Ghana,1970,rice,88.0,0.0,0.0
GH,Ghana,1970,wheat,125.0,125.0,0.0
GH,Ghana,1971,maize,385.0,385.0,0.0
GH,Ghana,1971,rice,69.0,0.0,0.0
GH,Ghana,1971,wheat,117.0,117.0,0.0
GH,Ghana,1972,maize,398.0,398.0,0.0
GH,Ghana,1972,rice,102.0,0.0,0.0
GH,Ghana,1972,wheat,87.0,87.0,0.0
GH,Ghana,1973,maize,427.0,427.0,0.0
GH,Ghana,1973,rice,89.0,0.0,0.0
GH,Ghana,1973,wheat,98.0,98.0,0.0
GH,Ghana,1974,maize,486.0,466.0,20.0
GH,Ghana,1974,rice,49.0,0.0,0.0
GH,Ghana,1974,wheat,137.0,137.0,0.0
GH,Ghana,1975,maize,343.0,303.0,40.0
GH,Ghana,1975,rice,47.0,0.0,0.0
GH,Ghana,1975,wheat,83.0,83.0,0.0
GH,Ghana,1976,maize,301.0,301.0,0.0
GH,Ghana,1976,rice,120.0,0.0,0.0
GH,Ghana,1976,wheat,89.0,89.0,0.0
GH,Ghana,1977,maize,363.0,298.0,65.0
GH,Ghana,1977,rice,134.0,0.0,0.0
GH,Ghana,1977,wheat,140.0,140.0,0.0
GH,Ghana,1978,maize,269.0,197.0,72.0
GH,Ghana,1978,rice,108.0,0.0,0.0
GH,Ghana,1978,wheat,139.0,139.0,0.0
GH,Ghana,1979,maize,409.0,394.0,15.0
GH,Ghana,1979,rice,92.0,0.0,0.0
GH,Ghana,1979,wheat,126.0,126.0,0.0
GH,Ghana,1980,maize,422.0,362.0,60.0
GH,Ghana,1980,rice,91.0,0.0,0.0
GH,Ghana,1980,wheat,131.0,131.0,0.0
GH,Ghana,1981,maize,415.0,365.0,50.0
GH,Ghana,1981,rice,105.0,0.0,0.0
GH,Ghana,1981,wheat,135.0,135.0,0.0
GH,Ghana,1982,maize,370.0,340.0,30.0
GH,Ghana,1982,rice,40.0,0.0,0.0
GH,Ghana,1982,wheat,120.0,120.0,0.0
GH,Ghana,1983,maize,271.0,254.0,17.0
GH,Ghana,1983,rice,46.0,0.0,0.0
GH,Ghana,1983,wheat,104.0,104.0,0.0
GH,Ghana,1984,maize,519.0,489.0,30.0
GH,Ghana,1984,rice,88.0,0.0,0.0
GH,Ghana,1984,wheat,61.0,61.0,0.0
GH,Ghana,1985,maize,423.0,388.0,35.0
GH,Ghana,1985,rice,69.0,0.0,0.0
GH,Ghana,1985,wheat,108.0,108.0,0.0
GH,Ghana,1986,maize,495.0,455.0,40.0
GH,Ghana,1986,rice,77.0,0.0,0.0
GH,Ghana,1986,wheat,106.0,106.0,0.0
GH,Ghana,1987,maize,586.0,551.0,35.0
GH,Ghana,1987,rice,109.0,0.0,0.0
GH,Ghana,1987,wheat,127.0,127.0,0.0
GH,Ghana,1988,maize,690.0,650.0,40.0
GH,Ghana,1988,rice,195.0,0.0,0.0
GH,Ghana,1988,wheat,125.0,125.0,0.0
GH,Ghana,1989,maize,666.0,641.0,25.0
GH,Ghana,1989,rice,99.0,0.0,0.0
GH,Ghana,1989,wheat,125.0,125.0,0.0
GH,Ghana,1990,maize,603.0,570.0,33.0
GH,Ghana,1990,rice,155.0,0.0,0.0
GH,Ghana,1990,wheat,193.0,193.0,0.0
GH,Ghana,1991,maize,820.0,780.0,40.0
GH,Ghana,1991,rice,197.0,0.0,0.0
GH,Ghana,1991,wheat,189.0,189.0,0.0
GH,Ghana,1992,maize,813.0,758.0,55.0
GH,Ghana,1992,rice,196.0,0.0,0.0
GH,Ghana,1992,wheat,154.0,154.0,0.0
GH,Ghana,1993,maize,960.0,905.0,55.0
GH,Ghana,1993,rice,194.0,0.0,0.0
GH,Ghana,1993,wheat,231.0,231.0,0.0
GH,Ghana,1994,maize,949.0,894.0,55.0
GH,Ghana,1994,rice,231.0,0.0,0.0
GH,Ghana,1994,wheat,156.0,156.0,0.0
GH,Ghana,1995,maize,1036.0,971.0,65.0
GH,Ghana,1995,rice,225.0,0.0,0.0
GH,Ghana,1995,wheat,151.0,151.0,0.0
GH,Ghana,1996,maize,1060.0,945.0,115.0
GH,Ghana,1996,rice,275.0,0.0,0.0
GH,Ghana,1996,wheat,217.0,217.0,0.0
GH,Ghana,1997,maize,1005.0,905.0,100.0
GH,Ghana,1997,rice,300.0,0.0,0.0
GH,Ghana,1997,wheat,257.0,257.0,0.0
GH,Ghana,1998,maize,1004.0,904.0,100.0
GH,Ghana,1998,rice,325.0,0.0,0.0
GH,Ghana,1998,wheat,187.0,187.0,0.0
GH,Ghana,1999,maize,1021.0,921.0,100.0
GH,Ghana,1999,rice,350.0,0.0,0.0
GH,Ghana,1999,wheat,205.0,205.0,0.0
GH,Ghana,2000,maize,1065.0,965.0,100.0
GH,Ghana,2000,rice,450.0,0.0,0.0
GH,Ghana,2000,wheat,298.0,298.0,0.0
GH,Ghana,2001,maize,955.0,855.0,100.0
GH,Ghana,2001,rice,525.0,0.0,0.0
GH,Ghana,2001,wheat,280.0,280.0,0.0
GH,Ghana,2002,maize,1250.0,1100.0,150.0
GH,Ghana,2002,rice,550.0,0.0,0.0
GH,Ghana,2002,wheat,268.0,268.0,0.0
GH,Ghana,2003,maize,1250.0,1100.0,150.0
GH,Ghana,2003,rice,570.0,0.0,0.0
GH,Ghana,2003,wheat,322.0,322.0,0.0
GH,Ghana,2004,maize,1350.0,1200.0,150.0
GH,Ghana,2004,rice,583.0,0.0,0.0
GH,Ghana,2004,wheat,392.0,392.0,0.0
GH,Ghana,2005,maize,1350.0,1200.0,150.0
GH,Ghana,2005,rice,608.0,0.0,0.0
GH,Ghana,2005,wheat,426.0,426.0,0.0
GH,Ghana,2006,maize,1250.0,1100.0,150.0
GH,Ghana,2006,rice,550.0,0.0,0.0
GH,Ghana,2006,wheat,327.0,327.0,0.0
GH,Ghana,2007,maize,1250.0,1100.0,150.0
GH,Ghana,2007,rice,463.0,0.0,0.0
GH,Ghana,2007,wheat,321.0,321.0,0.0
GH,Ghana,2008,maize,1500.0,1300.0,200.0
GH,Ghana,2008,rice,486.0,0.0,0.0
GH,Ghana,2008,wheat,306.0,306.0,0.0
GH,Ghana,2009,maize,1600.0,1400.0,200.0
GH,Ghana,2009,rice,600.0,0.0,0.0
GH,Ghana,2009,wheat,415.0,415.0,0.0
GH,Ghana,2010,maize,1800.0,1600.0,200.0
GH,Ghana,2010,rice,790.0,0.0,0.0
GH,Ghana,2010,wheat,450.0,440.0,10.0
GH,Ghana,2011,maize,1800.0,1600.0,200.0
GH,Ghana,2011,rice,875.0,0.0,0.0
GH,Ghana,2011,wheat,490.0,480.0,10.0
GH,Ghana,2012,maize,1800.0,1600.0,200.0
GH,Ghana,2012,rice,950.0,0.0,0.0
GH,Ghana,2012,wheat,520.0,510.0,10.0
GH,Ghana,2013,maize,1900.0,1700.0,200.0
GH,Ghana,2013,rice,970.0,0.0,0.0
GH,Ghana,2013,wheat,530.0,520.0,10.0
GH,Ghana,2014,maize,1800.0,1500.0,300.0
GH,Ghana,2014,rice,1000.0,0.0,0.0
GH,Ghana,2014,wheat,540.0,530.0,10.0
GH,Ghana,2015,maize,1800.0,1550.0,250.0
GH,Ghana,2015,rice,1050.0,0.0,0.0
GH,Ghana,2015,wheat,610.0,600.0,10.0
GH,Ghana,2016,maize,1800.0,1500.0,300.0
GH,Ghana,2016,rice,1100.0,0.0,0.0
GH,Ghana,2016,wheat,610.0,600.0,10.0
GH,Ghana,2017,maize,1950.0,1650.0,300.0
GH,Ghana,2017,rice,1200.0,0.0,0.0
GH,Ghana,2017,wheat,730.0,720.0,10.0
GH,Ghana,2018,maize,2200.0,1850.0,350.0
GH,Ghana,2018,rice,1350.0,0.0,0.0
GH,Ghana,2018,wheat,780.0,770.0,10.0
GH,Ghana,2019,maize,2800.0,2300.0,500.0
GH,Ghana,2019,rice,1500.0,0.0,0.0
GH,Ghana,2019,wheat,840.0,830.0,10.0
GH,Ghana,2020,maize,3000.0,2500.0,500.0
GH,Ghana,2020,rice,1600.0,0.0,0.0
GH,Ghana,2020,wheat,860.0,850.0,10.0
GH,Ghana,2021,maize,3300.0,2700.0,600.0
GH,Ghana,2021,rice,1650.0,0.0,0.0
GH,Ghana,2021,wheat,887.0,875.0,12.0
GH,Ghana,2022,maize,3250.0,2700.0,550.0
GH,Ghana,2022,rice,1700.0,0.0,0.0
GH,Ghana,2022,wheat,905.0,890.0,15.0
GH,Ghana,2023,maize,3500.0,2800.0,700.0
GH,Ghana,2023,rice,1750.0,0.0,0.0
GH,Ghana,2023,wheat,925.0,910.0,15.0
GH,Ghana,2024,maize,3700.0,2900.0,800.0
GH,Ghana,2024,rice,1800.0,0.0,0.0
GH,Ghana,2024,wheat,965.0,950.0,15.0
GH,Ghana,2025,maize,3700.0,2900.0,800.0
GH,Ghana,2025,rice,1850.0,0.0,0.0
GH,Ghana,2025,wheat,1065.0,1050.0,15.0
GH,Ghana,2026,maize,3750.0,2950.0,800.0
GH,Ghana,2026,rice,1900.0,0.0,0.0
GH,Ghana,2026,wheat,1165.0,1150.0,15.0
GT,Guatemala,1960,maize,520.0,469.0,51.0
GT,Guatemala,1960,rice,9.0,0.0,0.0
GT,Guatemala,1960,wheat,68.0,68.0,0.0
GT,Guatemala,1961,maize,562.0,507.0,55.0
GT,Guatemala,1961,rice,7.0,0.0,0.0
GT,Guatemala,1961,wheat,82.0,82.0,0.0
GT,Guatemala,1962,maize,576.0,518.0,58.0
GT,Guatemala,1962,rice,11.0,0.0,0.0
GT,Guatemala,1962,wheat,78.0,78.0,0.0
GT,Guatemala,1963,maize,588.0,531.0,57.0
GT,Guatemala,1963,rice,13.0,0.0,0.0
GT,Guatemala,1963,wheat,91.0,91.0,0.0
GT,Guatemala,1964,maize,643.0,580.0,63.0
GT,Guatemala,1964,rice,12.0,0.0,0.0
GT,Guatemala,1964,wheat,106.0,106.0,0.0
GT,Guatemala,1965,maize,640.0,572.0,68.0
GT,Guatemala,1965,rice,8.0,0.0,0.0
GT,Guatemala,1965,wheat,111.0,111.0,0.0
GT,Guatemala,1966,maize,559.0,488.0,71.0
GT,Guatemala,1966,rice,14.0,0.0,0.0
GT,Guatemala,1966,wheat,94.0,94.0,0.0
GT,Guatemala,1967,maize,646.0,566.0,80.0
GT,Guatemala,1967,rice,14.0,0.0,0.0
GT,Guatemala,1967,wheat,99.0,99.0,0.0
GT,Guatemala,1968,maize,683.0,603.0,80.0
GT,Guatemala,1968,rice,17.0,0.0,0.0
GT,Guatemala,1968,wheat,99.0,99.0,0.0
GT,Guatemala,1969,maize,762.0,675.0,87.0
GT,Guatemala,1969,rice,18.0,0.0,0.0
GT,Guatemala,1969,wheat,119.0,119.0,0.0
GT,Guatemala,1970,maize,749.0,678.0,71.0
GT,Guatemala,1970,rice,15.0,0.0,0.0
GT,Guatemala,1970,wheat,117.0,117.0,0.0
GT,Guatemala,1971,maize,752.0,712.0,40.0
GT,Guatemala,1971,rice,35.0,0.0,0.0
GT,Guatemala,1971,wheat,104.0,104.0,0.0
GT,Guatemala,1972,maize,763.0,738.0,25.0
GT,Guatemala,1972,rice,42.0,0.0,0.0
GT,Guatemala,1972,wheat,111.0,111.0,0.0
GT,Guatemala,1973,maize,772.0,744.0,28.0
GT,Guatemala,1973,rice,47.0,0.0,0.0
GT,Guatemala,1973,wheat,99.0,99.0,0.0
GT,Guatemala,1974,maize,757.0,740.0,17.0
GT,Guatemala,1974,rice,38.0,0.0,0.0
GT,Guatemala,1974,wheat,106.0,106.0,0.0
GT,Guatemala,1975,maize,842.0,815.0,27.0
GT,Guatemala,1975,rice,44.0,0.0,0.0
GT,Guatemala,1975,wheat,114.0,114.0,0.0
GT,Guatemala,1976,maize,917.0,830.0,87.0
GT,Guatemala,1976,rice,24.0,0.0,0.0
GT,Guatemala,1976,wheat,111.0,111.0,0.0
GT,Guatemala,1977,maize,854.0,765.0,89.0
GT,Guatemala,1977,rice,32.0,0.0,0.0
GT,Guatemala,1977,wheat,126.0,126.0,0.0
GT,Guatemala,1978,maize,1124.0,1024.0,100.0
GT,Guatemala,1978,rice,20.0,0.0,0.0
GT,Guatemala,1978,wheat,139.0,139.0,0.0
GT,Guatemala,1979,maize,1027.0,857.0,170.0
GT,Guatemala,1979,rice,43.0,0.0,0.0
GT,Guatemala,1979,wheat,142.0,142.0,0.0
GT,Guatemala,1980,maize,1025.0,862.0,163.0
GT,Guatemala,1980,rice,34.0,0.0,0.0
GT,Guatemala,1980,wheat,146.0,146.0,0.0
GT,Guatemala,1981,maize,1013.0,834.0,179.0
GT,Guatemala,1981,rice,28.0,0.0,0.0
GT,Guatemala,1981,wheat,129.0,129.0,0.0
GT,Guatemala,1982,maize,1017.0,842.0,175.0
GT,Guatemala,1982,rice,28.0,0.0,0.0
GT,Guatemala,1982,wheat,137.0,137.0,0.0
GT,Guatemala,1983,maize,1061.0,858.0,203.0
GT,Guatemala,1983,rice,30.0,0.0,0.0
GT,Guatemala,1983,wheat,150.0,150.0,0.0
GT,Guatemala,1984,maize,1098.0,879.0,219.0
GT,Guatemala,1984,rice,26.0,0.0,0.0
GT,Guatemala,1984,wheat,182.0,180.0,2.0
GT,Guatemala,1985,maize,1083.0,863.0,220.0
GT,Guatemala,1985,rice,28.0,0.0,0.0
GT,Guatemala,1985,wheat,194.0,191.0,3.0
GT,Guatemala,1986,maize,1203.0,924.0,279.0
GT,Guatemala,1986,rice,32.0,0.0,0.0
GT,Guatemala,1986,wheat,181.0,181.0,0.0
GT,Guatemala,1987,maize,1220.0,924.0,296.0
GT,Guatemala,1987,rice,36.0,0.0,0.0
GT,Guatemala,1987,wheat,200.0,200.0,0.0
GT,Guatemala,1988,maize,1299.0,969.0,330.0
GT,Guatemala,1988,rice,38.0,0.0,0.0
GT,Guatemala,1988,wheat,222.0,222.0,0.0
GT,Guatemala,1989,maize,1336.0,999.0,337.0
GT,Guatemala,1989,rice,40.0,0.0,0.0
GT,Guatemala,1989,wheat,210.0,210.0,0.0
GT,Guatemala,1990,maize,1370.0,1010.0,360.0
GT,Guatemala,1990,rice,36.0,0.0,0.0
GT,Guatemala,1990,wheat,222.0,222.0,0.0
GT,Guatemala,1991,maize,1425.0,1055.0,370.0
GT,Guatemala,1991,rice,44.0,0.0,0.0
GT,Guatemala,1991,wheat,233.0,233.0,0.0
GT,Guatemala,1992,maize,1436.0,1061.0,375.0
GT,Guatemala,1992,rice,39.0,0.0,0.0
GT,Guatemala,1992,wheat,240.0,240.0,0.0
GT,Guatemala,1993,maize,1425.0,1085.0,340.0
GT,Guatemala,1993,rice,43.0,0.0,0.0
GT,Guatemala,1993,wheat,330.0,280.0,50.0
GT,Guatemala,1994,maize,1392.0,1067.0,325.0
GT,Guatemala,1994,rice,50.0,0.0,0.0
GT,Guatemala,1994,wheat,320.0,280.0,40.0
GT,Guatemala,1995,maize,1468.0,1093.0,375.0
GT,Guatemala,1995,rice,50.0,0.0,0.0
GT,Guatemala,1995,wheat,268.0,228.0,40.0
GT,Guatemala,1996,maize,1465.0,1052.0,413.0
GT,Guatemala,1996,rice,42.0,0.0,0.0
GT,Guatemala,1996,wheat,307.0,267.0,40.0
GT,Guatemala,1997,maize,1576.0,1076.0,500.0
GT,Guatemala,1997,rice,50.0,0.0,0.0
GT,Guatemala,1997,wheat,418.0,378.0,40.0
GT,Guatemala,1998,maize,1530.0,1030.0,500.0
GT,Guatemala,1998,rice,50.0,0.0,0.0
GT,Guatemala,1998,wheat,442.0,402.0,40.0
GT,Guatemala,1999,maize,1500.0,1000.0,500.0
GT,Guatemala,1999,rice,53.0,0.0,0.0
GT,Guatemala,1999,wheat,404.0,364.0,40.0
GT,Guatemala,2000,maize,1550.0,1000.0,550.0
GT,Guatemala,2000,rice,66.0,0.0,0.0
GT,Guatemala,2000,wheat,502.0,462.0,40.0
GT,Guatemala,2001,maize,1600.0,1000.0,600.0
GT,Guatemala,2001,rice,52.0,0.0,0.0
GT,Guatemala,2001,wheat,511.0,471.0,40.0
GT,Guatemala,2002,maize,1600.0,1050.0,550.0
GT,Guatemala,2002,rice,82.0,0.0,0.0
GT,Guatemala,2002,wheat,402.0,362.0,40.0
GT,Guatemala,2003,maize,1500.0,1000.0,500.0
GT,Guatemala,2003,rice,69.0,0.0,0.0
GT,Guatemala,2003,wheat,410.0,370.0,40.0
GT,Guatemala,2004,maize,1750.0,1100.0,650.0
GT,Guatemala,2004,rice,81.0,0.0,0.0
GT,Guatemala,2004,wheat,490.0,450.0,40.0
GT,Guatemala,2005,maize,1600.0,900.0,700.0
GT,Guatemala,2005,rice,83.0,0.0,0.0
GT,Guatemala,2005,wheat,590.0,550.0,40.0
GT,Guatemala,2006,maize,2100.0,1100.0,1000.0
GT,Guatemala,2006,rice,78.0,0.0,0.0
GT,Guatemala,2006,wheat,590.0,550.0,40.0
GT,Guatemala,2007,maize,2300.0,1200.0,1100.0
GT,Guatemala,2007,rice,85.0,0.0,0.0
GT,Guatemala,2007,wheat,515.0,475.0,40.0
GT,Guatemala,2008,maize,2300.0,1200.0,1100.0
GT,Guatemala,2008,rice,87.0,0.0,0.0
GT,Guatemala,2008,wheat,490.0,450.0,40.0
GT,Guatemala,2009,maize,2350.0,1250.0,1100.0
GT,Guatemala,2009,rice,85.0,0.0,0.0
GT,Guatemala,2009,wheat,515.0,475.0,40.0
GT,Guatemala,2010,maize,2350.0,1250.0,1100.0
GT,Guatemala,2010,rice,74.0,0.0,0.0
GT,Guatemala,2010,wheat,525.0,485.0,40.0
GT,Guatemala,2011,maize,2350.0,1250.0,1100.0
GT,Guatemala,2011,rice,81.0,0.0,0.0
GT,Guatemala,2011,wheat,515.0,475.0,40.0
GT,Guatemala,2012,maize,2300.0,1300.0,1000.0
GT,Guatemala,2012,rice,91.0,0.0,0.0
GT,Guatemala,2012,wheat,540.0,500.0,40.0
GT,Guatemala,2013,maize,2475.0,1325.0,1150.0
GT,Guatemala,2013,rice,84.0,0.0,0.0
GT,Guatemala,2013,wheat,565.0,525.0,40.0
GT,Guatemala,2014,maize,2575.0,1375.0,1200.0
GT,Guatemala,2014,rice,109.0,0.0,0.0
GT,Guatemala,2014,wheat,575.0,535.0,40.0
GT,Guatemala,2015,maize,2800.0,1450.0,1350.0
GT,Guatemala,2015,rice,100.0,0.0,0.0
GT,Guatemala,2015,wheat,585.0,545.0,40.0
GT,Guatemala,2016,maize,2870.0,1450.0,1420.0
GT,Guatemala,2016,rice,121.0,0.0,0.0
GT,Guatemala,2016,wheat,600.0,560.0,40.0
GT,Guatemala,2017,maize,2950.0,1500.0,1450.0
GT,Guatemala,2017,rice,113.0,0.0,0.0
GT,Guatemala,2017,wheat,620.0,580.0,40.0
GT,Guatemala,2018,maize,3050.0,1500.0,1550.0
GT,Guatemala,2018,rice,128.0,0.0,0.0
GT,Guatemala,2018,wheat,630.0,590.0,40.0
GT,Guatemala,2019,maize,3150.0,1550.0,1600.0
GT,Guatemala,2019,rice,159.0,0.0,0.0
GT,Guatemala,2019,wheat,690.0,650.0,40.0
GT,Guatemala,2020,maize,3050.0,1550.0,1500.0
GT,Guatemala,2020,rice,116.0,0.0,0.0
GT,Guatemala,2020,wheat,690.0,650.0,40.0
GT,Guatemala,2021,maize,3175.0,1625.0,1550.0
GT,Guatemala,2021,rice,156.0,0.0,0.0
GT,Guatemala,2021,wheat,640.0,600.0,40.0
GT,Guatemala,2022,maize,3200.0,1625.0,1575.0
GT,Guatemala,2022,rice,148.0,0.0,0.0
GT,Guatemala,2022,wheat,590.0,550.0,40.0
GT,Guatemala,2023,maize,3425.0,1650.0,1775.0
GT,Guatemala,2023,rice,145.0,0.0,0.0
GT,Guatemala,2023,wheat,690.0,650.0,40.0
GT,Guatemala,2024,maize,3525.0,1650.0,1875.0
GT,Guatemala,2024,rice,161.0,0.0,0.0
GT,Guatemala,2024,wheat,800.0,750.0,50.0
GT,Guatemala,2025,maize,3675.0,1675.0,2000.0
GT,Guatemala,2025,rice,158.0,0.0,0.0
GT,Guatemala,2025,wheat,850.0,800.0,50.0
GT,Guatemala,2026,maize,3675.0,1675.0,2000.0
GT,Guatemala,2026,rice,148.0,0.0,0.0
GT,Guatemala,2026,wheat,900.0,850.0,50.0
GU,Guinea,1960,rice,230.0,0.0,0.0
GU,Guinea,1960,wheat,23.0,23.0,0.0
GU,Guinea,1961,rice,163.0,0.0,0.0
GU,Guinea,1961,wheat,7.0,7.0,0.0
GU,Guinea,1962,rice,232.0,0.0,0.0
GU,Guinea,1963,rice,204.0,0.0,0.0
GU,Guinea,1963,wheat,10.0,10.0,0.0
GU,Guinea,1964,rice,254.0,0.0,0.0
GU,Guinea,1965,rice,214.0,0.0,0.0
GU,Guinea,1965,wheat,17.0,17.0,0.0
GU,Guinea,1966,rice,219.0,0.0,0.0
GU,Guinea,1966,wheat,17.0,17.0,0.0
GU,Guinea,1967,rice,247.0,0.0,0.0
GU,Guinea,1967,wheat,23.0,23.0,0.0
GU,Guinea,1968,rice,269.0,0.0,0.0
GU,Guinea,1968,wheat,13.0,13.0,0.0
GU,Guinea,1969,rice,249.0,0.0,0.0
GU,Guinea,1969,wheat,22.0,22.0,0.0
GU,Guinea,1970,rice,258.0,0.0,0.0
GU,Guinea,1970,wheat,18.0,18.0,0.0
GU,Guinea,1971,rice,259.0,0.0,0.0
GU,Guinea,1971,wheat,28.0,28.0,0.0
GU,Guinea,1972,rice,261.0,0.0,0.0
GU,Guinea,1972,wheat,20.0,20.0,0.0
GU,Guinea,1973,rice,225.0,0.0,0.0
GU,Guinea,1973,wheat,8.0,8.0,0.0
GU,Guinea,1974,rice,224.0,0.0,0.0
GU,Guinea,1974,wheat,14.0,14.0,0.0
GU,Guinea,1975,rice,232.0,0.0,0.0
GU,Guinea,1975,wheat,19.0,19.0,0.0
GU,Guinea,1976,maize,68.0,68.0,0.0
GU,Guinea,1976,rice,289.0,0.0,0.0
GU,Guinea,1976,wheat,42.0,42.0,0.0
GU,Guinea,1977,maize,62.0,62.0,0.0
GU,Guinea,1977,rice,290.0,0.0,0.0
GU,Guinea,1977,wheat,34.0,34.0,0.0
GU,Guinea,1978,maize,47.0,47.0,0.0
GU,Guinea,1978,rice,300.0,0.0,0.0
GU,Guinea,1978,wheat,25.0,25.0,0.0
GU,Guinea,1979,maize,57.0,57.0,0.0
GU,Guinea,1979,rice,302.0,0.0,0.0
GU,Guinea,1979,wheat,35.0,35.0,0.0
GU,Guinea,1980,maize,57.0,57.0,0.0
GU,Guinea,1980,rice,375.0,0.0,0.0
GU,Guinea,1980,wheat,40.0,40.0,0.0
GU,Guinea,1981,maize,53.0,53.0,0.0
GU,Guinea,1981,rice,313.0,0.0,0.0
GU,Guinea,1981,wheat,45.0,45.0,0.0
GU,Guinea,1982,maize,50.0,50.0,0.0
GU,Guinea,1982,rice,313.0,0.0,0.0
GU,Guinea,1982,wheat,45.0,45.0,0.0
GU,Guinea,1983,maize,39.0,39.0,0.0
GU,Guinea,1983,rice,333.0,0.0,0.0
GU,Guinea,1983,wheat,46.0,46.0,0.0
GU,Guinea,1984,maize,50.0,50.0,0.0
GU,Guinea,1984,rice,299.0,0.0,0.0
GU,Guinea,1984,wheat,45.0,45.0,0.0
GU,Guinea,1985,maize,55.0,55.0,0.0
GU,Guinea,1985,rice,327.0,0.0,0.0
GU,Guinea,1985,wheat,81.0,81.0,0.0
GU,Guinea,1986,maize,60.0,60.0,0.0
GU,Guinea,1986,rice,445.0,0.0,0.0
GU,Guinea,1986,wheat,68.0,68.0,0.0
GU,Guinea,1987,maize,50.0,50.0,0.0
GU,Guinea,1987,rice,419.0,0.0,0.0
GU,Guinea,1987,wheat,116.0,116.0,0.0
GU,Guinea,1988,maize,60.0,60.0,0.0
GU,Guinea,1988,rice,447.0,0.0,0.0
GU,Guinea,1988,wheat,105.0,105.0,0.0
GU,Guinea,1989,maize,50.0,50.0,0.0
GU,Guinea,1989,rice,454.0,0.0,0.0
GU,Guinea,1989,wheat,76.0,76.0,0.0
GU,Guinea,1990,maize,60.0,60.0,0.0
GU,Guinea,1990,rice,413.0,0.0,0.0
GU,Guinea,1990,wheat,99.0,99.0,0.0
GU,Guinea,1991,maize,50.0,50.0,0.0
GU,Guinea,1991,rice,372.0,0.0,0.0
GU,Guinea,1991,wheat,111.0,111.0,0.0
GU,Guinea,1992,maize,96.0,96.0,0.0
GU,Guinea,1992,rice,515.0,0.0,0.0
GU,Guinea,1992,wheat,103.0,103.0,0.0
GU,Guinea,1993,maize,103.0,103.0,0.0
GU,Guinea,1993,rice,510.0,0.0,0.0
GU,Guinea,1993,wheat,113.0,113.0,0.0
GU,Guinea,1994,maize,114.0,114.0,0.0
GU,Guinea,1994,rice,605.0,0.0,0.0
GU,Guinea,1994,wheat,142.0,142.0,0.0
GU,Guinea,1995,maize,90.0,90.0,0.0
GU,Guinea,1995,rice,610.0,0.0,0.0
GU,Guinea,1995,wheat,104.0,104.0,0.0
GU,Guinea,1996,maize,80.0,80.0,0.0
GU,Guinea,1996,rice,630.0,0.0,0.0
GU,Guinea,1996,wheat,91.0,91.0,0.0
GU,Guinea,1997,maize,80.0,80.0,0.0
GU,Guinea,1997,rice,665.0,0.0,0.0
GU,Guinea,1997,wheat,115.0,115.0,0.0
GU,Guinea,1998,maize,80.0,80.0,0.0
GU,Guinea,1998,rice,697.0,0.0,0.0
GU,Guinea,1998,wheat,120.0,120.0,0.0
GU,Guinea,1999,maize,90.0,90.0,0.0
GU,Guinea,1999,rice,788.0,0.0,0.0
GU,Guinea,1999,wheat,110.0,110.0,0.0
GU,Guinea,2000,maize,329.0,329.0,0.0
GU,Guinea,2000,rice,841.0,0.0,0.0
GU,Guinea,2000,wheat,127.0,127.0,0.0
GU,Guinea,2001,maize,357.0,357.0,0.0
GU,Guinea,2001,rice,839.0,0.0,0.0
GU,Guinea,2001,wheat,126.0,126.0,0.0
GU,Guinea,2002,maize,389.0,389.0,0.0
GU,Guinea,2002,rice,845.0,0.0,0.0
GU,Guinea,2002,wheat,151.0,151.0,0.0
GU,Guinea,2003,maize,423.0,423.0,0.0
GU,Guinea,2003,rice,898.0,0.0,0.0
GU,Guinea,2003,wheat,154.0,154.0,0.0
GU,Guinea,2004,maize,461.0,461.0,0.0
GU,Guinea,2004,rice,806.0,0.0,0.0
GU,Guinea,2004,wheat,149.0,149.0,0.0
GU,Guinea,2005,maize,502.0,502.0,0.0
GU,Guinea,2005,rice,1052.0,0.0,0.0
GU,Guinea,2005,wheat,153.0,153.0,0.0
GU,Guinea,2006,maize,547.0,547.0,0.0
GU,Guinea,2006,rice,1114.0,0.0,0.0
GU,Guinea,2006,wheat,170.0,170.0,0.0
GU,Guinea,2007,maize,605.0,605.0,0.0
GU,Guinea,2007,rice,1100.0,0.0,0.0
GU,Guinea,2007,wheat,165.0,165.0,0.0
GU,Guinea,2008,maize,528.0,478.0,50.0
GU,Guinea,2008,rice,1212.0,0.0,0.0
GU,Guinea,2008,wheat,161.0,161.0,0.0
GU,Guinea,2009,maize,550.0,500.0,50.0
GU,Guinea,2009,rice,1231.0,0.0,0.0
GU,Guinea,2009,wheat,203.0,203.0,0.0
GU,Guinea,2010,maize,575.0,525.0,50.0
GU,Guinea,2010,rice,1255.0,0.0,0.0
GU,Guinea,2010,wheat,188.0,188.0,0.0
GU,Guinea,2011,maize,600.0,550.0,50.0
GU,Guinea,2011,rice,1377.0,0.0,0.0
GU,Guinea,2011,wheat,212.0,212.0,0.0
GU,Guinea,2012,maize,650.0,600.0,50.0
GU,Guinea,2012,rice,1512.0,0.0,0.0
GU,Guinea,2012,wheat,235.0,235.0,0.0
GU,Guinea,2013,maize,675.0,625.0,50.0
GU,Guinea,2013,rice,1608.0,0.0,0.0
GU,Guinea,2013,wheat,250.0,250.0,0.0
GU,Guinea,2014,maize,675.0,625.0,50.0
GU,Guinea,2014,rice,1750.0,0.0,0.0
GU,Guinea,2014,wheat,275.0,275.0,0.0
GU,Guinea,2015,maize,725.0,675.0,50.0
GU,Guinea,2015,rice,1900.0,0.0,0.0
GU,Guinea,2015,wheat,310.0,310.0,0.0
GU,Guinea,2016,maize,770.0,720.0,50.0
GU,Guinea,2016,rice,1925.0,0.0,0.0
GU,Guinea,2016,wheat,330.0,330.0,0.0
GU,Guinea,2017,maize,780.0,730.0,50.0
GU,Guinea,2017,rice,2050.0,0.0,0.0
GU,Guinea,2017,wheat,345.0,345.0,0.0
GU,Guinea,2018,maize,875.0,600.0,275.0
GU,Guinea,2018,rice,2100.0,0.0,0.0
GU,Guinea,2018,wheat,349.0,349.0,0.0
GU,Guinea,2019,maize,800.0,600.0,200.0
GU,Guinea,2019,rice,2150.0,0.0,0.0
GU,Guinea,2019,wheat,425.0,425.0,0.0
GU,Guinea,2020,maize,800.0,600.0,200.0
GU,Guinea,2020,rice,2325.0,0.0,0.0
GU,Guinea,2020,wheat,430.0,430.0,0.0
GU,Guinea,2021,maize,800.0,600.0,200.0
GU,Guinea,2021,rice,2650.0,0.0,0.0
GU,Guinea,2021,wheat,400.0,400.0,0.0
GU,Guinea,2022,maize,825.0,600.0,225.0
GU,Guinea,2022,rice,2850.0,0.0,0.0
GU,Guinea,2022,wheat,450.0,450.0,0.0
GU,Guinea,2023,maize,975.0,625.0,350.0
GU,Guinea,2023,rice,3000.0,0.0,0.0
GU,Guinea,2023,wheat,475.0,475.0,0.0
GU,Guinea,2024,maize,960.0,635.0,325.0
GU,Guinea,2024,rice,3250.0,0.0,0.0
GU,Guinea,2024,wheat,525.0,525.0,0.0
GU,Guinea,2025,maize,860.0,635.0,225.0
GU,Guinea,2025,rice,3400.0,0.0,0.0
GU,Guinea,2025,wheat,500.0,500.0,0.0
GU,Guinea,2026,maize,950.0,650.0,300.0
GU,Guinea,2026,rice,3500.0,0.0,0.0
GU,Guinea,2026,wheat,525.0,525.0,0.0
GY,Guyana,1960,rice,48.0,0.0,0.0
GY,Guyana,1960,wheat,40.0,40.0,0.0
GY,Guyana,1961,rice,46.0,0.0,0.0
GY,Guyana,1961,wheat,40.0,40.0,0.0
GY,Guyana,1962,rice,61.0,0.0,0.0
GY,Guyana,1962,wheat,29.0,29.0,0.0
GY,Guyana,1963,rice,22.0,0.0,0.0
GY,Guyana,1963,wheat,30.0,30.0,0.0
GY,Guyana,1964,rice,97.0,0.0,0.0
GY,Guyana,1964,wheat,45.0,45.0,0.0
GY,Guyana,1965,rice,54.0,0.0,0.0
GY,Guyana,1965,wheat,46.0,46.0,0.0
GY,Guyana,1966,rice,63.0,0.0,0.0
GY,Guyana,1966,wheat,45.0,45.0,0.0
GY,Guyana,1967,rice,26.0,0.0,0.0
GY,Guyana,1967,wheat,48.0,48.0,0.0
GY,Guyana,1968,rice,28.0,0.0,0.0
GY,Guyana,1968,wheat,54.0,54.0,0.0
GY,Guyana,1969,rice,52.0,0.0,0.0
GY,Guyana,1969,wheat,43.0,43.0,0.0
GY,Guyana,1970,rice,74.0,0.0,0.0
GY,Guyana,1970,wheat,40.0,40.0,0.0
GY,Guyana,1971,rice,32.0,0.0,0.0
GY,Guyana,1971,wheat,41.0,41.0,0.0
GY,Guyana,1972,rice,43.0,0.0,0.0
GY,Guyana,1972,wheat,50.0,50.0,0.0
GY,Guyana,1973,rice,74.0,0.0,0.0
GY,Guyana,1973,wheat,56.0,56.0,0.0
GY,Guyana,1974,maize,9.0,3.0,6.0
GY,Guyana,1974,rice,103.0,0.0,0.0
GY,Guyana,1974,wheat,51.0,51.0,0.0
GY,Guyana,1975,maize,12.0,1.0,11.0
GY,Guyana,1975,rice,98.0,0.0,0.0
GY,Guyana,1975,wheat,52.0,52.0,0.0
GY,Guyana,1976,maize,15.0,1.0,14.0
GY,Guyana,1976,rice,44.0,0.0,0.0
GY,Guyana,1976,wheat,54.0,54.0,0.0
GY,Guyana,1977,maize,7.0,0.0,7.0
GY,Guyana,1977,rice,124.0,0.0,0.0
GY,Guyana,1977,wheat,54.0,39.0,15.0
GY,Guyana,1978,maize,3.0,0.0,3.0
GY,Guyana,1978,rice,69.0,0.0,0.0
GY,Guyana,1978,wheat,48.0,34.0,14.0
GY,Guyana,1979,maize,6.0,1.0,5.0
GY,Guyana,1979,rice,90.0,0.0,0.0
GY,Guyana,1979,wheat,56.0,41.0,15.0
GY,Guyana,1980,maize,16.0,2.0,14.0
GY,Guyana,1980,rice,98.0,0.0,0.0
GY,Guyana,1980,wheat,48.0,48.0,0.0
GY,Guyana,1981,maize,6.0,4.0,2.0
GY,Guyana,1981,rice,45.0,0.0,0.0
GY,Guyana,1981,wheat,34.0,34.0,0.0
GY,Guyana,1982,maize,20.0,2.0,18.0
GY,Guyana,1982,rice,115.0,0.0,0.0
GY,Guyana,1983,maize,20.0,2.0,18.0
GY,Guyana,1983,rice,130.0,0.0,0.0
GY,Guyana,1983,wheat,2.0,2.0,0.0
GY,Guyana,1984,maize,5.0,0.0,5.0
GY,Guyana,1984,rice,132.0,0.0,0.0
GY,Guyana,1985,maize,20.0,2.0,18.0
GY,Guyana,1985,rice,149.0,0.0,0.0
GY,Guyana,1985,wheat,1.0,1.0,0.0
GY,Guyana,1986,maize,5.0,0.0,5.0
GY,Guyana,1986,rice,176.0,0.0,0.0
GY,Guyana,1986,wheat,39.0,39.0,0.0
GY,Guyana,1987,maize,5.0,0.0,5.0
GY,Guyana,1987,rice,128.0,0.0,0.0
GY,Guyana,1987,wheat,58.0,58.0,0.0
GY,Guyana,1988,maize,5.0,0.0,5.0
GY,Guyana,1988,rice,115.0,0.0,0.0
GY,Guyana,1988,wheat,38.0,38.0,0.0
GY,Guyana,1989,maize,5.0,0.0,5.0
GY,Guyana,1989,rice,91.0,0.0,0.0
GY,Guyana,1989,wheat,53.0,53.0,0.0
GY,Guyana,1990,maize,5.0,0.0,5.0
GY,Guyana,1990,rice,53.0,0.0,0.0
GY,Guyana,1990,wheat,43.0,43.0,0.0
GY,Guyana,1991,maize,5.0,0.0,5.0
GY,Guyana,1991,rice,66.0,0.0,0.0
GY,Guyana,1991,wheat,67.0,67.0,0.0
GY,Guyana,1992,maize,5.0,0.0,5.0
GY,Guyana,1992,rice,64.0,0.0,0.0
GY,Guyana,1992,wheat,41.0,41.0,0.0
GY,Guyana,1993,maize,5.0,0.0,5.0
GY,Guyana,1993,rice,48.0,0.0,0.0
GY,Guyana,1993,wheat,55.0,55.0,0.0
GY,Guyana,1994,maize,5.0,0.0,5.0
GY,Guyana,1994,rice,25.0,0.0,0.0
GY,Guyana,1994,wheat,60.0,60.0,0.0
GY,Guyana,1995,maize,5.0,0.0,5.0
GY,Guyana,1995,rice,55.0,0.0,0.0
GY,Guyana,1995,wheat,48.0,48.0,0.0
GY,Guyana,1996,maize,5.0,0.0,5.0
GY,Guyana,1996,rice,60.0,0.0,0.0
GY,Guyana,1996,wheat,50.0,50.0,0.0
GY,Guyana,1997,maize,5.0,0.0,5.0
GY,Guyana,1997,rice,73.0,0.0,0.0
GY,Guyana,1997,wheat,70.0,70.0,0.0
GY,Guyana,1998,maize,12.0,0.0,12.0
GY,Guyana,1998,rice,91.0,0.0,0.0
GY,Guyana,1998,wheat,41.0,41.0,0.0
GY,Guyana,1999,maize,17.0,0.0,17.0
GY,Guyana,1999,rice,98.0,0.0,0.0
GY,Guyana,1999,wheat,48.0,48.0,0.0
GY,Guyana,2000,maize,18.0,0.0,18.0
GY,Guyana,2000,rice,95.0,0.0,0.0
GY,Guyana,2000,wheat,55.0,55.0,0.0
GY,Guyana,2001,maize,14.0,0.0,14.0
GY,Guyana,2001,rice,100.0,0.0,0.0
GY,Guyana,2001,wheat,45.0,45.0,0.0
GY,Guyana,2002,maize,11.0,0.0,11.0
GY,Guyana,2002,rice,105.0,0.0,0.0
GY,Guyana,2002,wheat,41.0,41.0,0.0
GY,Guyana,2003,maize,5.0,0.0,5.0
GY,Guyana,2003,rice,110.0,0.0,0.0
GY,Guyana,2003,wheat,49.0,49.0,0.0
GY,Guyana,2004,maize,8.0,0.0,8.0
GY,Guyana,2004,rice,110.0,0.0,0.0
GY,Guyana,2004,wheat,48.0,48.0,0.0
GY,Guyana,2005,maize,24.0,0.0,24.0
GY,Guyana,2005,rice,110.0,0.0,0.0
GY,Guyana,2005,wheat,47.0,47.0,0.0
GY,Guyana,2006,maize,22.0,0.0,22.0
GY,Guyana,2006,rice,115.0,0.0,0.0
GY,Guyana,2006,wheat,45.0,45.0,0.0
GY,Guyana,2007,maize,37.0,0.0,37.0
GY,Guyana,2007,rice,115.0,0.0,0.0
GY,Guyana,2007,wheat,45.0,45.0,0.0
GY,Guyana,2008,maize,29.0,0.0,29.0
GY,Guyana,2008,rice,114.0,0.0,0.0
GY,Guyana,2008,wheat,48.0,48.0,0.0
GY,Guyana,2009,maize,39.0,0.0,39.0
GY,Guyana,2009,rice,110.0,0.0,0.0
GY,Guyana,2009,wheat,47.0,47.0,0.0
GY,Guyana,2010,maize,48.0,0.0,48.0
GY,Guyana,2010,rice,100.0,0.0,0.0
GY,Guyana,2010,wheat,47.0,47.0,0.0
GY,Guyana,2011,maize,46.0,0.0,46.0
GY,Guyana,2011,rice,110.0,0.0,0.0
GY,Guyana,2011,wheat,40.0,40.0,0.0
GY,Guyana,2012,maize,31.0,0.0,31.0
GY,Guyana,2012,rice,130.0,0.0,0.0
GY,Guyana,2012,wheat,32.0,32.0,0.0
GY,Guyana,2013,maize,26.0,0.0,26.0
GY,Guyana,2013,rice,135.0,0.0,0.0
GY,Guyana,2013,wheat,46.0,46.0,0.0
GY,Guyana,2014,maize,26.0,0.0,26.0
GY,Guyana,2014,rice,150.0,0.0,0.0
GY,Guyana,2014,wheat,50.0,50.0,0.0
GY,Guyana,2015,maize,36.0,0.0,36.0
GY,Guyana,2015,rice,170.0,0.0,0.0
GY,Guyana,2015,wheat,60.0,60.0,0.0
GY,Guyana,2016,maize,43.0,0.0,43.0
GY,Guyana,2016,rice,160.0,0.0,0.0
GY,Guyana,2016,wheat,55.0,55.0,0.0
GY,Guyana,2017,maize,43.0,0.0,43.0
GY,Guyana,2017,rice,155.0,0.0,0.0
GY,Guyana,2017,wheat,56.0,56.0,0.0
GY,Guyana,2018,maize,50.0,0.0,50.0
GY,Guyana,2018,rice,155.0,0.0,0.0
GY,Guyana,2018,wheat,38.0,38.0,0.0
GY,Guyana,2019,maize,47.0,0.0,47.0
GY,Guyana,2019,rice,160.0,0.0,0.0
GY,Guyana,2019,wheat,46.0,46.0,0.0
GY,Guyana,2020,maize,59.0,0.0,59.0
GY,Guyana,2020,rice,165.0,0.0,0.0
GY,Guyana,2020,wheat,43.0,43.0,0.0
GY,Guyana,2021,maize,50.0,0.0,50.0
GY,Guyana,2021,rice,165.0,0.0,0.0
GY,Guyana,2021,wheat,42.0,42.0,0.0
GY,Guyana,2022,maize,43.0,0.0,43.0
GY,Guyana,2022,rice,175.0,0.0,0.0
GY,Guyana,2022,wheat,60.0,60.0,0.0
GY,Guyana,2023,maize,79.0,0.0,79.0
GY,Guyana,2023,rice,185.0,0.0,0.0
GY,Guyana,2023,wheat,30.0,30.0,0.0
GY,Guyana,2024,maize,52.0,0.0,52.0
GY,Guyana,2024,rice,210.0,0.0,0.0
GY,Guyana,2024,wheat,40.0,40.0,0.0
GY,Guyana,2025,maize,80.0,0.0,80.0
GY,Guyana,2025,rice,230.0,0.0,0.0
GY,Guyana,2025,wheat,50.0,50.0,0.0
GY,Guyana,2026,maize,55.0,0.0,55.0
GY,Guyana,2026,rice,245.0,0.0,0.0
GY,Guyana,2026,wheat,60.0,60.0,0.0
HA,Haiti,1960,maize,325.0,325.0,0.0
HA,Haiti,1960,rice,33.0,0.0,0.0
HA,Haiti,1960,wheat,30.0,30.0,0.0
HA,Haiti,1961,maize,228.0,228.0,0.0
HA,Haiti,1961,rice,36.0,0.0,0.0
HA,Haiti,1961,wheat,65.0,65.0,0.0
HA,Haiti,1962,maize,229.0,229.0,0.0
HA,Haiti,1962,rice,41.0,0.0,0.0
HA,Haiti,1962,wheat,45.0,45.0,0.0
HA,Haiti,1963,maize,230.0,230.0,0.0
HA,Haiti,1963,rice,42.0,0.0,0.0
HA,Haiti,1963,wheat,50.0,50.0,0.0
HA,Haiti,1964,maize,232.0,232.0,0.0
HA,Haiti,1964,rice,44.0,0.0,0.0
HA,Haiti,1964,wheat,53.0,53.0,0.0
HA,Haiti,1965,maize,234.0,234.0,0.0
HA,Haiti,1965,rice,47.0,0.0,0.0
HA,Haiti,1965,wheat,57.0,57.0,0.0
HA,Haiti,1966,maize,234.0,234.0,0.0
HA,Haiti,1966,rice,49.0,0.0,0.0
HA,Haiti,1966,wheat,41.0,41.0,0.0
HA,Haiti,1967,maize,246.0,246.0,0.0
HA,Haiti,1967,rice,50.0,0.0,0.0
HA,Haiti,1967,wheat,35.0,35.0,0.0
HA,Haiti,1968,maize,220.0,220.0,0.0
HA,Haiti,1968,rice,50.0,0.0,0.0
HA,Haiti,1968,wheat,62.0,62.0,0.0
HA,Haiti,1969,maize,242.0,242.0,0.0
HA,Haiti,1969,rice,54.0,0.0,0.0
HA,Haiti,1969,wheat,35.0,35.0,0.0
HA,Haiti,1970,maize,240.0,240.0,0.0
HA,Haiti,1970,rice,52.0,0.0,0.0
HA,Haiti,1970,wheat,41.0,41.0,0.0
HA,Haiti,1971,maize,252.0,252.0,0.0
HA,Haiti,1971,rice,52.0,0.0,0.0
HA,Haiti,1971,wheat,43.0,43.0,0.0
HA,Haiti,1972,maize,262.0,262.0,0.0
HA,Haiti,1972,rice,51.0,0.0,0.0
HA,Haiti,1972,wheat,72.0,72.0,0.0
HA,Haiti,1973,maize,204.0,204.0,0.0
HA,Haiti,1973,rice,56.0,0.0,0.0
HA,Haiti,1973,wheat,73.0,73.0,0.0
HA,Haiti,1974,maize,210.0,210.0,0.0
HA,Haiti,1974,rice,61.0,0.0,0.0
HA,Haiti,1974,wheat,84.0,84.0,0.0
HA,Haiti,1975,maize,184.0,104.0,80.0
HA,Haiti,1975,rice,71.0,0.0,0.0
HA,Haiti,1975,wheat,156.0,156.0,0.0
HA,Haiti,1976,maize,180.0,100.0,80.0
HA,Haiti,1976,rice,53.0,0.0,0.0
HA,Haiti,1976,wheat,126.0,126.0,0.0
HA,Haiti,1977,maize,260.0,110.0,150.0
HA,Haiti,1977,rice,78.0,0.0,0.0
HA,Haiti,1977,wheat,122.0,122.0,0.0
HA,Haiti,1978,maize,280.0,130.0,150.0
HA,Haiti,1978,rice,86.0,0.0,0.0
HA,Haiti,1978,wheat,104.0,104.0,0.0
HA,Haiti,1979,maize,268.0,118.0,150.0
HA,Haiti,1979,rice,75.0,0.0,0.0
HA,Haiti,1979,wheat,126.0,126.0,0.0
HA,Haiti,1980,maize,300.0,150.0,150.0
HA,Haiti,1980,rice,63.0,0.0,0.0
HA,Haiti,1980,wheat,173.0,173.0,0.0
HA,Haiti,1981,maize,190.0,120.0,70.0
HA,Haiti,1981,rice,76.0,0.0,0.0
HA,Haiti,1981,wheat,155.0,155.0,0.0
HA,Haiti,1982,maize,188.0,123.0,65.0
HA,Haiti,1982,rice,79.0,0.0,0.0
HA,Haiti,1982,wheat,165.0,165.0,0.0
HA,Haiti,1983,maize,210.0,135.0,75.0
HA,Haiti,1983,rice,84.0,0.0,0.0
HA,Haiti,1983,wheat,170.0,170.0,0.0
HA,Haiti,1984,maize,202.0,142.0,60.0
HA,Haiti,1984,rice,112.0,0.0,0.0
HA,Haiti,1984,wheat,191.0,191.0,0.0
HA,Haiti,1985,maize,125.0,110.0,15.0
HA,Haiti,1985,rice,111.0,0.0,0.0
HA,Haiti,1985,wheat,217.0,217.0,0.0
HA,Haiti,1986,maize,170.0,155.0,15.0
HA,Haiti,1986,rice,168.0,0.0,0.0
HA,Haiti,1986,wheat,189.0,189.0,0.0
HA,Haiti,1987,maize,200.0,185.0,15.0
HA,Haiti,1987,rice,123.0,0.0,0.0
HA,Haiti,1987,wheat,170.0,170.0,0.0
HA,Haiti,1988,maize,160.0,145.0,15.0
HA,Haiti,1988,rice,149.0,0.0,0.0
HA,Haiti,1988,wheat,239.0,239.0,0.0
HA,Haiti,1989,maize,171.0,156.0,15.0
HA,Haiti,1989,rice,171.0,0.0,0.0
HA,Haiti,1989,wheat,166.0,166.0,0.0
HA,Haiti,1990,maize,170.0,155.0,15.0
HA,Haiti,1990,rice,184.0,0.0,0.0
HA,Haiti,1990,wheat,231.0,231.0,0.0
HA,Haiti,1991,maize,175.0,160.0,15.0
HA,Haiti,1991,rice,196.0,0.0,0.0
HA,Haiti,1991,wheat,261.0,261.0,0.0
HA,Haiti,1992,maize,166.0,151.0,15.0
HA,Haiti,1992,rice,214.0,0.0,0.0
HA,Haiti,1992,wheat,243.0,243.0,0.0
HA,Haiti,1993,maize,170.0,155.0,15.0
HA,Haiti,1993,rice,222.0,0.0,0.0
HA,Haiti,1993,wheat,197.0,197.0,0.0
HA,Haiti,1994,maize,198.0,183.0,15.0
HA,Haiti,1994,rice,247.0,0.0,0.0
HA,Haiti,1994,wheat,234.0,234.0,0.0
HA,Haiti,1995,maize,179.0,164.0,15.0
HA,Haiti,1995,rice,234.0,0.0,0.0
HA,Haiti,1995,wheat,206.0,206.0,0.0
HA,Haiti,1996,maize,208.0,188.0,20.0
HA,Haiti,1996,rice,272.0,0.0,0.0
HA,Haiti,1996,wheat,220.0,220.0,0.0
HA,Haiti,1997,maize,257.0,237.0,20.0
HA,Haiti,1997,rice,278.0,0.0,0.0
HA,Haiti,1997,wheat,235.0,235.0,0.0
HA,Haiti,1998,maize,300.0,280.0,20.0
HA,Haiti,1998,rice,295.0,0.0,0.0
HA,Haiti,1998,wheat,255.0,255.0,0.0
HA,Haiti,1999,maize,303.0,283.0,20.0
HA,Haiti,1999,rice,304.0,0.0,0.0
HA,Haiti,1999,wheat,267.0,267.0,0.0
HA,Haiti,2000,maize,203.0,183.0,20.0
HA,Haiti,2000,rice,330.0,0.0,0.0
HA,Haiti,2000,wheat,222.0,222.0,0.0
HA,Haiti,2001,maize,180.0,160.0,20.0
HA,Haiti,2001,rice,345.0,0.0,0.0
HA,Haiti,2001,wheat,239.0,239.0,0.0
HA,Haiti,2002,maize,179.0,159.0,20.0
HA,Haiti,2002,rice,360.0,0.0,0.0
HA,Haiti,2002,wheat,258.0,258.0,0.0
HA,Haiti,2003,maize,182.0,162.0,20.0
HA,Haiti,2003,rice,365.0,0.0,0.0
HA,Haiti,2003,wheat,262.0,262.0,0.0
HA,Haiti,2004,maize,198.0,178.0,20.0
HA,Haiti,2004,rice,380.0,0.0,0.0
HA,Haiti,2004,wheat,261.0,261.0,0.0
HA,Haiti,2005,maize,201.0,181.0,20.0
HA,Haiti,2005,rice,395.0,0.0,0.0
HA,Haiti,2005,wheat,249.0,249.0,0.0
HA,Haiti,2006,maize,205.0,180.0,25.0
HA,Haiti,2006,rice,400.0,0.0,0.0
HA,Haiti,2006,wheat,253.0,253.0,0.0
HA,Haiti,2007,maize,271.0,246.0,25.0
HA,Haiti,2007,rice,400.0,0.0,0.0
HA,Haiti,2007,wheat,184.0,184.0,0.0
HA,Haiti,2008,maize,210.0,185.0,25.0
HA,Haiti,2008,rice,410.0,0.0,0.0
HA,Haiti,2008,wheat,271.0,271.0,0.0
HA,Haiti,2009,maize,354.0,329.0,25.0
HA,Haiti,2009,rice,405.0,0.0,0.0
HA,Haiti,2009,wheat,287.0,287.0,0.0
HA,Haiti,2010,maize,300.0,275.0,25.0
HA,Haiti,2010,rice,410.0,0.0,0.0
HA,Haiti,2010,wheat,250.0,250.0,0.0
HA,Haiti,2011,maize,364.0,340.0,24.0
HA,Haiti,2011,rice,450.0,0.0,0.0
HA,Haiti,2011,wheat,278.0,278.0,0.0
HA,Haiti,2012,maize,213.0,187.0,26.0
HA,Haiti,2012,rice,495.0,0.0,0.0
HA,Haiti,2012,wheat,242.0,242.0,0.0
HA,Haiti,2013,maize,341.0,320.0,21.0
HA,Haiti,2013,rice,490.0,0.0,0.0
HA,Haiti,2013,wheat,346.0,346.0,0.0
HA,Haiti,2014,maize,169.0,149.0,20.0
HA,Haiti,2014,rice,490.0,0.0,0.0
HA,Haiti,2014,wheat,335.0,335.0,0.0
HA,Haiti,2015,maize,119.0,109.0,10.0
HA,Haiti,2015,rice,515.0,0.0,0.0
HA,Haiti,2015,wheat,360.0,360.0,0.0
HA,Haiti,2016,maize,334.0,282.0,52.0
HA,Haiti,2016,rice,545.0,0.0,0.0
HA,Haiti,2016,wheat,450.0,450.0,0.0
HA,Haiti,2017,maize,335.0,285.0,50.0
HA,Haiti,2017,rice,575.0,0.0,0.0
HA,Haiti,2017,wheat,464.0,464.0,0.0
HA,Haiti,2018,maize,347.0,285.0,62.0
HA,Haiti,2018,rice,566.0,0.0,0.0
HA,Haiti,2018,wheat,410.0,410.0,0.0
HA,Haiti,2019,maize,347.0,300.0,47.0
HA,Haiti,2019,rice,572.0,0.0,0.0
HA,Haiti,2019,wheat,415.0,415.0,0.0
HA,Haiti,2020,maize,343.0,300.0,43.0
HA,Haiti,2020,rice,570.0,0.0,0.0
HA,Haiti,2020,wheat,415.0,415.0,0.0
HA,Haiti,2021,maize,330.0,315.0,15.0
HA,Haiti,2021,rice,550.0,0.0,0.0
HA,Haiti,2021,wheat,420.0,420.0,0.0
HA,Haiti,2022,maize,310.0,300.0,10.0
HA,Haiti,2022,rice,540.0,0.0,0.0
HA,Haiti,2022,wheat,425.0,425.0,0.0
HA,Haiti,2023,maize,305.0,295.0,10.0
HA,Haiti,2023,rice,545.0,0.0,0.0
HA,Haiti,2023,wheat,475.0,475.0,0.0
HA,Haiti,2024,maize,305.0,295.0,10.0
HA,Haiti,2024,rice,535.0,0.0,0.0
HA,Haiti,2024,wheat,540.0,540.0,0.0
HA,Haiti,2025,maize,280.0,270.0,10.0
HA,Haiti,2025,rice,555.0,0.0,0.0
HA,Haiti,2025,wheat,475.0,475.0,0.0
HA,Haiti,2026,maize,255.0,250.0,5.0
HA,Haiti,2026,rice,560.0,0.0,0.0
HA,Haiti,2026,wheat,525.0,525.0,0.0
HK,Hong Kong,1960,maize,55.0,55.0,0.0
HK,Hong Kong,1960,rice,363.0,0.0,0.0
HK,Hong Kong,1960,wheat,105.0,105.0,0.0
HK,Hong Kong,1961,maize,85.0,85.0,0.0
HK,Hong Kong,1961,rice,380.0,0.0,0.0
HK,Hong Kong,1961,wheat,137.0,137.0,0.0
HK,Hong Kong,1962,maize,117.0,117.0,0.0
HK,Hong Kong,1962,rice,402.0,0.0,0.0
HK,Hong Kong,1962,wheat,121.0,121.0,0.0
HK,Hong Kong,1963,maize,81.0,81.0,0.0
HK,Hong Kong,1963,rice,366.0,0.0,0.0
HK,Hong Kong,1963,wheat,125.0,125.0,0.0
HK,Hong Kong,1964,maize,42.0,42.0,0.0
HK,Hong Kong,1964,rice,349.0,0.0,0.0
HK,Hong Kong,1964,wheat,127.0,127.0,0.0
HK,Hong Kong,1965,maize,86.0,86.0,0.0
HK,Hong Kong,1965,rice,352.0,0.0,0.0
HK,Hong Kong,1965,wheat,123.0,123.0,0.0
HK,Hong Kong,1966,maize,72.0,72.0,0.0
HK,Hong Kong,1966,rice,426.0,0.0,0.0
HK,Hong Kong,1966,wheat,160.0,160.0,0.0
HK,Hong Kong,1967,maize,112.0,112.0,0.0
HK,Hong Kong,1967,rice,311.0,0.0,0.0
HK,Hong Kong,1967,wheat,126.0,126.0,0.0
HK,Hong Kong,1968,maize,123.0,123.0,0.0
HK,Hong Kong,1968,rice,342.0,0.0,0.0
HK,Hong Kong,1968,wheat,133.0,133.0,0.0
HK,Hong Kong,1969,maize,159.0,159.0,0.0
HK,Hong Kong,1969,rice,313.0,0.0,0.0
HK,Hong Kong,1969,wheat,153.0,153.0,0.0
HK,Hong Kong,1970,maize,156.0,156.0,0.0
HK,Hong Kong,1970,rice,327.0,0.0,0.0
HK,Hong Kong,1970,wheat,159.0,159.0,0.0
HK,Hong Kong,1971,maize,162.0,162.0,0.0
HK,Hong Kong,1971,rice,312.0,0.0,0.0
HK,Hong Kong,1971,wheat,134.0,134.0,0.0
HK,Hong Kong,1972,maize,135.0,135.0,0.0
HK,Hong Kong,1972,rice,335.0,0.0,0.0
HK,Hong Kong,1972,wheat,146.0,146.0,0.0
HK,Hong Kong,1973,maize,150.0,150.0,0.0
HK,Hong Kong,1973,rice,276.0,0.0,0.0
HK,Hong Kong,1973,wheat,149.0,149.0,0.0
HK,Hong Kong,1974,maize,160.0,160.0,0.0
HK,Hong Kong,1974,rice,322.0,0.0,0.0
HK,Hong Kong,1974,wheat,110.0,110.0,0.0
HK,Hong Kong,1975,maize,160.0,160.0,0.0
HK,Hong Kong,1975,rice,321.0,0.0,0.0
HK,Hong Kong,1975,wheat,116.0,116.0,0.0
HK,Hong Kong,1976,maize,160.0,160.0,0.0
HK,Hong Kong,1976,rice,302.0,0.0,0.0
HK,Hong Kong,1976,wheat,104.0,104.0,0.0
HK,Hong Kong,1977,maize,150.0,150.0,0.0
HK,Hong Kong,1977,rice,334.0,0.0,0.0
HK,Hong Kong,1977,wheat,130.0,130.0,0.0
HK,Hong Kong,1978,maize,304.0,10.0,294.0
HK,Hong Kong,1978,rice,366.0,0.0,0.0
HK,Hong Kong,1978,wheat,172.0,172.0,0.0
HK,Hong Kong,1979,maize,315.0,10.0,305.0
HK,Hong Kong,1979,rice,264.0,0.0,0.0
HK,Hong Kong,1979,wheat,182.0,182.0,0.0
HK,Hong Kong,1980,maize,325.0,10.0,315.0
HK,Hong Kong,1980,rice,368.0,0.0,0.0
HK,Hong Kong,1980,wheat,200.0,200.0,0.0
HK,Hong Kong,1981,maize,325.0,10.0,315.0
HK,Hong Kong,1981,rice,300.0,0.0,0.0
HK,Hong Kong,1981,wheat,220.0,220.0,0.0
HK,Hong Kong,1982,maize,325.0,10.0,315.0
HK,Hong Kong,1982,rice,361.0,0.0,0.0
HK,Hong Kong,1982,wheat,255.0,255.0,0.0
HK,Hong Kong,1983,maize,350.0,20.0,330.0
HK,Hong Kong,1983,rice,376.0,0.0,0.0
HK,Hong Kong,1983,wheat,129.0,129.0,0.0
HK,Hong Kong,1984,maize,350.0,20.0,330.0
HK,Hong Kong,1984,rice,323.0,0.0,0.0
HK,Hong Kong,1984,wheat,182.0,182.0,0.0
HK,Hong Kong,1985,maize,350.0,20.0,330.0
HK,Hong Kong,1985,rice,305.0,0.0,0.0
HK,Hong Kong,1985,wheat,238.0,238.0,0.0
HK,Hong Kong,1986,maize,248.0,0.0,248.0
HK,Hong Kong,1986,rice,409.0,0.0,0.0
HK,Hong Kong,1986,wheat,128.0,128.0,0.0
HK,Hong Kong,1987,maize,332.0,0.0,332.0
HK,Hong Kong,1987,rice,372.0,0.0,0.0
HK,Hong Kong,1987,wheat,358.0,358.0,0.0
HK,Hong Kong,1988,maize,313.0,0.0,313.0
HK,Hong Kong,1988,rice,384.0,0.0,0.0
HK,Hong Kong,1988,wheat,374.0,374.0,0.0
HK,Hong Kong,1989,maize,183.0,0.0,183.0
HK,Hong Kong,1989,rice,363.0,0.0,0.0
HK,Hong Kong,1989,wheat,370.0,370.0,0.0
HK,Hong Kong,1990,maize,226.0,0.0,226.0
HK,Hong Kong,1990,rice,418.0,0.0,0.0
HK,Hong Kong,1990,wheat,446.0,446.0,0.0
HK,Hong Kong,1991,maize,186.0,0.0,186.0
HK,Hong Kong,1991,rice,378.0,0.0,0.0
HK,Hong Kong,1991,wheat,487.0,487.0,0.0
HK,Hong Kong,1992,maize,89.0,0.0,89.0
HK,Hong Kong,1992,rice,351.0,0.0,0.0
HK,Hong Kong,1992,wheat,434.0,434.0,0.0
HK,Hong Kong,1993,maize,80.0,0.0,80.0
HK,Hong Kong,1993,rice,336.0,0.0,0.0
HK,Hong Kong,1993,wheat,468.0,468.0,0.0
HK,Hong Kong,1994,maize,16.0,0.0,16.0
HK,Hong Kong,1994,rice,334.0,0.0,0.0
HK,Hong Kong,1994,wheat,420.0,420.0,0.0
HK,Hong Kong,1995,maize,10.0,0.0,10.0
HK,Hong Kong,1995,rice,349.0,0.0,0.0
HK,Hong Kong,1995,wheat,408.0,408.0,0.0
HK,Hong Kong,1996,maize,18.0,0.0,18.0
HK,Hong Kong,1996,rice,341.0,0.0,0.0
HK,Hong Kong,1996,wheat,479.0,479.0,0.0
HK,Hong Kong,1997,maize,19.0,0.0,19.0
HK,Hong Kong,1997,rice,305.0,0.0,0.0
HK,Hong Kong,1997,wheat,553.0,553.0,0.0
HK,Hong Kong,1998,maize,20.0,0.0,20.0
HK,Hong Kong,1998,rice,316.0,0.0,0.0
HK,Hong Kong,1998,wheat,483.0,483.0,0.0
HK,Hong Kong,1999,maize,20.0,0.0,20.0
HK,Hong Kong,1999,rice,274.0,0.0,0.0
HK,Hong Kong,1999,wheat,644.0,644.0,0.0
HK,Hong Kong,2000,maize,191.0,0.0,191.0
HK,Hong Kong,2000,rice,292.0,0.0,0.0
HK,Hong Kong,2000,wheat,467.0,467.0,0.0
HK,Hong Kong,2001,maize,83.0,0.0,83.0
HK,Hong Kong,2001,rice,306.0,0.0,0.0
HK,Hong Kong,2001,wheat,509.0,509.0,0.0
HK,Hong Kong,2002,maize,104.0,0.0,104.0
HK,Hong Kong,2002,rice,307.0,0.0,0.0
HK,Hong Kong,2002,wheat,515.0,515.0,0.0
HK,Hong Kong,2003,maize,81.0,0.0,81.0
HK,Hong Kong,2003,rice,309.0,0.0,0.0
HK,Hong Kong,2003,wheat,508.0,508.0,0.0
HK,Hong Kong,2004,maize,87.0,0.0,87.0
HK,Hong Kong,2004,rice,347.0,0.0,0.0
HK,Hong Kong,2004,wheat,504.0,504.0,0.0
HK,Hong Kong,2005,maize,104.0,0.0,104.0
HK,Hong Kong,2005,rice,309.0,0.0,0.0
HK,Hong Kong,2005,wheat,495.0,495.0,0.0
HK,Hong Kong,2006,maize,61.0,0.0,61.0
HK,Hong Kong,2006,rice,348.0,0.0,0.0
HK,Hong Kong,2006,wheat,482.0,482.0,0.0
HK,Hong Kong,2007,maize,28.0,0.0,28.0
HK,Hong Kong,2007,rice,399.0,0.0,0.0
HK,Hong Kong,2007,wheat,444.0,444.0,0.0
HK,Hong Kong,2008,maize,31.0,0.0,31.0
HK,Hong Kong,2008,rice,397.0,0.0,0.0
HK,Hong Kong,2008,wheat,439.0,439.0,0.0
HK,Hong Kong,2009,maize,29.0,0.0,29.0
HK,Hong Kong,2009,rice,390.0,0.0,0.0
HK,Hong Kong,2009,wheat,451.0,451.0,0.0
HK,Hong Kong,2010,maize,31.0,0.0,31.0
HK,Hong Kong,2010,rice,381.0,0.0,0.0
HK,Hong Kong,2010,wheat,466.0,466.0,0.0
HK,Hong Kong,2011,maize,32.0,0.0,32.0
HK,Hong Kong,2011,rice,415.0,0.0,0.0
HK,Hong Kong,2011,wheat,474.0,474.0,0.0
HK,Hong Kong,2012,maize,28.0,0.0,28.0
HK,Hong Kong,2012,rice,419.0,0.0,0.0
HK,Hong Kong,2012,wheat,461.0,461.0,0.0
HK,Hong Kong,2013,maize,54.0,0.0,54.0
HK,Hong Kong,2013,rice,372.0,0.0,0.0
HK,Hong Kong,2013,wheat,463.0,463.0,0.0
HK,Hong Kong,2014,maize,32.0,0.0,32.0
HK,Hong Kong,2014,rice,332.0,0.0,0.0
HK,Hong Kong,2014,wheat,452.0,452.0,0.0
HK,Hong Kong,2015,maize,31.0,0.0,31.0
HK,Hong Kong,2015,rice,330.0,0.0,0.0
HK,Hong Kong,2015,wheat,451.0,451.0,0.0
HK,Hong Kong,2016,maize,41.0,0.0,41.0
HK,Hong Kong,2016,rice,334.0,0.0,0.0
HK,Hong Kong,2016,wheat,411.0,411.0,0.0
HK,Hong Kong,2017,maize,41.0,0.0,41.0
HK,Hong Kong,2017,rice,326.0,0.0,0.0
HK,Hong Kong,2017,wheat,408.0,408.0,0.0
HK,Hong Kong,2018,maize,40.0,0.0,40.0
HK,Hong Kong,2018,rice,317.0,0.0,0.0
HK,Hong Kong,2018,wheat,397.0,397.0,0.0
HK,Hong Kong,2019,maize,49.0,0.0,49.0
HK,Hong Kong,2019,rice,313.0,0.0,0.0
HK,Hong Kong,2019,wheat,398.0,398.0,0.0
HK,Hong Kong,2020,maize,39.0,0.0,39.0
HK,Hong Kong,2020,rice,289.0,0.0,0.0
HK,Hong Kong,2020,wheat,381.0,381.0,0.0
HK,Hong Kong,2021,maize,39.0,0.0,39.0
HK,Hong Kong,2021,rice,290.0,0.0,0.0
HK,Hong Kong,2021,wheat,393.0,393.0,0.0
HK,Hong Kong,2022,maize,30.0,0.0,30.0
HK,Hong Kong,2022,rice,270.0,0.0,0.0
HK,Hong Kong,2022,wheat,351.0,351.0,0.0
HK,Hong Kong,2023,maize,25.0,0.0,25.0
HK,Hong Kong,2023,rice,272.0,0.0,0.0
HK,Hong Kong,2023,wheat,368.0,368.0,0.0
HK,Hong Kong,2024,maize,26.0,0.0,26.0
HK,Hong Kong,2024,rice,281.0,0.0,0.0
HK,Hong Kong,2024,wheat,364.0,364.0,0.0
HK,Hong Kong,2025,maize,30.0,0.0,30.0
HK,Hong Kong,2025,rice,290.0,0.0,0.0
HK,Hong Kong,2025,wheat,361.0,361.0,0.0
HK,Hong Kong,2026,maize,30.0,0.0,30.0
HK,Hong Kong,2026,rice,300.0,0.0,0.0
HK,Hong Kong,2026,wheat,370.0,370.0,0.0
HO,Honduras,1960,maize,292.0,229.0,63.0
HO,Honduras,1960,rice,13.0,0.0,0.0
HO,Honduras,1960,wheat,22.0,22.0,0.0
HO,Honduras,1961,maize,253.0,194.0,59.0
HO,Honduras,1961,rice,15.0,0.0,0.0
HO,Honduras,1961,wheat,24.0,24.0,0.0
HO,Honduras,1962,maize,272.0,214.0,58.0
HO,Honduras,1962,rice,16.0,0.0,0.0
HO,Honduras,1962,wheat,25.0,25.0,0.0
HO,Honduras,1963,maize,268.0,210.0,58.0
HO,Honduras,1963,rice,16.0,0.0,0.0
HO,Honduras,1963,wheat,22.0,22.0,0.0
HO,Honduras,1964,maize,199.0,140.0,59.0
HO,Honduras,1964,rice,14.0,0.0,0.0
HO,Honduras,1964,wheat,29.0,29.0,0.0
HO,Honduras,1965,maize,227.0,163.0,64.0
HO,Honduras,1965,rice,6.0,0.0,0.0
HO,Honduras,1965,wheat,32.0,32.0,0.0
HO,Honduras,1966,maize,270.0,196.0,74.0
HO,Honduras,1966,rice,11.0,0.0,0.0
HO,Honduras,1966,wheat,35.0,35.0,0.0
HO,Honduras,1967,maize,307.0,241.0,66.0
HO,Honduras,1967,rice,11.0,0.0,0.0
HO,Honduras,1967,wheat,30.0,30.0,0.0
HO,Honduras,1968,maize,433.0,340.0,93.0
HO,Honduras,1968,rice,9.0,0.0,0.0
HO,Honduras,1968,wheat,39.0,39.0,0.0
HO,Honduras,1969,maize,332.0,259.0,73.0
HO,Honduras,1969,rice,13.0,0.0,0.0
HO,Honduras,1969,wheat,41.0,41.0,0.0
HO,Honduras,1970,maize,324.0,255.0,69.0
HO,Honduras,1970,rice,14.0,0.0,0.0
HO,Honduras,1970,wheat,54.0,54.0,0.0
HO,Honduras,1971,maize,331.0,266.0,65.0
HO,Honduras,1971,rice,11.0,0.0,0.0
HO,Honduras,1971,wheat,45.0,45.0,0.0
HO,Honduras,1972,maize,292.0,250.0,42.0
HO,Honduras,1972,rice,15.0,0.0,0.0
HO,Honduras,1972,wheat,53.0,53.0,0.0
HO,Honduras,1973,maize,350.0,300.0,50.0
HO,Honduras,1973,rice,20.0,0.0,0.0
HO,Honduras,1973,wheat,36.0,36.0,0.0
HO,Honduras,1974,maize,340.0,300.0,40.0
HO,Honduras,1974,rice,19.0,0.0,0.0
HO,Honduras,1974,wheat,51.0,51.0,0.0
HO,Honduras,1975,maize,339.0,299.0,40.0
HO,Honduras,1975,rice,38.0,0.0,0.0
HO,Honduras,1975,wheat,52.0,52.0,0.0
HO,Honduras,1976,maize,331.0,246.0,85.0
HO,Honduras,1976,rice,28.0,0.0,0.0
HO,Honduras,1976,wheat,55.0,55.0,0.0
HO,Honduras,1977,maize,346.0,256.0,90.0
HO,Honduras,1977,rice,32.0,0.0,0.0
HO,Honduras,1977,wheat,63.0,0.0,63.0
HO,Honduras,1978,maize,395.0,290.0,105.0
HO,Honduras,1978,rice,36.0,0.0,0.0
HO,Honduras,1978,wheat,75.0,75.0,0.0
HO,Honduras,1979,maize,394.0,288.0,106.0
HO,Honduras,1979,rice,39.0,0.0,0.0
HO,Honduras,1979,wheat,75.0,75.0,0.0
HO,Honduras,1980,maize,455.0,330.0,125.0
HO,Honduras,1980,rice,40.0,0.0,0.0
HO,Honduras,1980,wheat,80.0,80.0,0.0
HO,Honduras,1981,maize,475.0,345.0,130.0
HO,Honduras,1981,rice,39.0,0.0,0.0
HO,Honduras,1981,wheat,118.0,118.0,0.0
HO,Honduras,1982,maize,435.0,315.0,120.0
HO,Honduras,1982,rice,34.0,0.0,0.0
HO,Honduras,1982,wheat,90.0,90.0,0.0
HO,Honduras,1983,maize,450.0,320.0,130.0
HO,Honduras,1983,rice,34.0,0.0,0.0
HO,Honduras,1983,wheat,92.0,92.0,0.0
HO,Honduras,1984,maize,480.0,345.0,135.0
HO,Honduras,1984,rice,35.0,0.0,0.0
HO,Honduras,1984,wheat,97.0,97.0,0.0
HO,Honduras,1985,maize,429.0,309.0,120.0
HO,Honduras,1985,rice,35.0,0.0,0.0
HO,Honduras,1985,wheat,87.0,87.0,0.0
HO,Honduras,1986,maize,420.0,300.0,120.0
HO,Honduras,1986,rice,35.0,0.0,0.0
HO,Honduras,1986,wheat,124.0,124.0,0.0
HO,Honduras,1987,maize,471.0,344.0,127.0
HO,Honduras,1987,rice,40.0,0.0,0.0
HO,Honduras,1987,wheat,144.0,144.0,0.0
HO,Honduras,1988,maize,475.0,275.0,200.0
HO,Honduras,1988,rice,40.0,0.0,0.0
HO,Honduras,1988,wheat,79.0,79.0,0.0
HO,Honduras,1989,maize,568.0,328.0,240.0
HO,Honduras,1989,rice,44.0,0.0,0.0
HO,Honduras,1989,wheat,115.0,115.0,0.0
HO,Honduras,1990,maize,618.0,348.0,270.0
HO,Honduras,1990,rice,48.0,0.0,0.0
HO,Honduras,1990,wheat,147.0,147.0,0.0
HO,Honduras,1991,maize,638.0,333.0,305.0
HO,Honduras,1991,rice,68.0,0.0,0.0
HO,Honduras,1991,wheat,149.0,129.0,20.0
HO,Honduras,1992,maize,624.0,324.0,300.0
HO,Honduras,1992,rice,46.0,0.0,0.0
HO,Honduras,1992,wheat,152.0,114.0,38.0
HO,Honduras,1993,maize,620.0,320.0,300.0
HO,Honduras,1993,rice,50.0,0.0,0.0
HO,Honduras,1993,wheat,274.0,214.0,60.0
HO,Honduras,1994,maize,624.0,324.0,300.0
HO,Honduras,1994,rice,43.0,0.0,0.0
HO,Honduras,1994,wheat,183.0,123.0,60.0
HO,Honduras,1995,maize,681.0,331.0,350.0
HO,Honduras,1995,rice,65.0,0.0,0.0
HO,Honduras,1995,wheat,125.0,65.0,60.0
HO,Honduras,1996,maize,706.0,356.0,350.0
HO,Honduras,1996,rice,66.0,0.0,0.0
HO,Honduras,1996,wheat,131.0,61.0,70.0
HO,Honduras,1997,maize,643.0,363.0,280.0
HO,Honduras,1997,rice,72.0,0.0,0.0
HO,Honduras,1997,wheat,167.0,107.0,60.0
HO,Honduras,1998,maize,622.0,322.0,300.0
HO,Honduras,1998,rice,76.0,0.0,0.0
HO,Honduras,1998,wheat,145.0,95.0,50.0
HO,Honduras,1999,maize,713.0,313.0,400.0
HO,Honduras,1999,rice,85.0,0.0,0.0
HO,Honduras,1999,wheat,206.0,156.0,50.0
HO,Honduras,2000,maize,780.0,330.0,450.0
HO,Honduras,2000,rice,90.0,0.0,0.0
HO,Honduras,2000,wheat,260.0,210.0,50.0
HO,Honduras,2001,maize,645.0,325.0,320.0
HO,Honduras,2001,rice,100.0,0.0,0.0
HO,Honduras,2001,wheat,170.0,120.0,50.0
HO,Honduras,2002,maize,690.0,325.0,365.0
HO,Honduras,2002,rice,100.0,0.0,0.0
HO,Honduras,2002,wheat,165.0,115.0,50.0
HO,Honduras,2003,maize,725.0,325.0,400.0
HO,Honduras,2003,rice,102.0,0.0,0.0
HO,Honduras,2003,wheat,199.0,149.0,50.0
HO,Honduras,2004,maize,700.0,300.0,400.0
HO,Honduras,2004,rice,105.0,0.0,0.0
HO,Honduras,2004,wheat,216.0,166.0,50.0
HO,Honduras,2005,maize,775.0,325.0,450.0
HO,Honduras,2005,rice,110.0,0.0,0.0
HO,Honduras,2005,wheat,216.0,166.0,50.0
HO,Honduras,2006,maize,875.0,325.0,550.0
HO,Honduras,2006,rice,115.0,0.0,0.0
HO,Honduras,2006,wheat,232.0,182.0,50.0
HO,Honduras,2007,maize,900.0,350.0,550.0
HO,Honduras,2007,rice,120.0,0.0,0.0
HO,Honduras,2007,wheat,211.0,161.0,50.0
HO,Honduras,2008,maize,1000.0,350.0,650.0
HO,Honduras,2008,rice,130.0,0.0,0.0
HO,Honduras,2008,wheat,222.0,172.0,50.0
HO,Honduras,2009,maize,1000.0,350.0,650.0
HO,Honduras,2009,rice,133.0,0.0,0.0
HO,Honduras,2009,wheat,215.0,165.0,50.0
HO,Honduras,2010,maize,975.0,350.0,625.0
HO,Honduras,2010,rice,133.0,0.0,0.0
HO,Honduras,2010,wheat,217.0,192.0,25.0
HO,Honduras,2011,maize,925.0,350.0,575.0
HO,Honduras,2011,rice,139.0,0.0,0.0
HO,Honduras,2011,wheat,216.0,191.0,25.0
HO,Honduras,2012,maize,875.0,350.0,525.0
HO,Honduras,2012,rice,146.0,0.0,0.0
HO,Honduras,2012,wheat,227.0,202.0,25.0
HO,Honduras,2013,maize,950.0,425.0,525.0
HO,Honduras,2013,rice,164.0,0.0,0.0
HO,Honduras,2013,wheat,245.0,225.0,20.0
HO,Honduras,2014,maize,1075.0,525.0,550.0
HO,Honduras,2014,rice,176.0,0.0,0.0
HO,Honduras,2014,wheat,256.0,236.0,20.0
HO,Honduras,2015,maize,1175.0,600.0,575.0
HO,Honduras,2015,rice,195.0,0.0,0.0
HO,Honduras,2015,wheat,265.0,245.0,20.0
HO,Honduras,2016,maize,1175.0,600.0,575.0
HO,Honduras,2016,rice,180.0,0.0,0.0
HO,Honduras,2016,wheat,285.0,265.0,20.0
HO,Honduras,2017,maize,1225.0,625.0,600.0
HO,Honduras,2017,rice,180.0,0.0,0.0
HO,Honduras,2017,wheat,285.0,265.0,20.0
HO,Honduras,2018,maize,1325.0,625.0,700.0
HO,Honduras,2018,rice,180.0,0.0,0.0
HO,Honduras,2018,wheat,305.0,285.0,20.0
HO,Honduras,2019,maize,1250.0,650.0,600.0
HO,Honduras,2019,rice,180.0,0.0,0.0
HO,Honduras,2019,wheat,335.0,315.0,20.0
HO,Honduras,2020,maize,1400.0,700.0,700.0
HO,Honduras,2020,rice,180.0,0.0,0.0
HO,Honduras,2020,wheat,320.0,300.0,20.0
HO,Honduras,2021,maize,1475.0,750.0,725.0
HO,Honduras,2021,rice,185.0,0.0,0.0
HO,Honduras,2021,wheat,335.0,315.0,20.0
HO,Honduras,2022,maize,1550.0,750.0,800.0
HO,Honduras,2022,rice,185.0,0.0,0.0
HO,Honduras,2022,wheat,320.0,300.0,20.0
HO,Honduras,2023,maize,1575.0,750.0,825.0
HO,Honduras,2023,rice,190.0,0.0,0.0
HO,Honduras,2023,wheat,320.0,300.0,20.0
HO,Honduras,2024,maize,1700.0,775.0,925.0
HO,Honduras,2024,rice,180.0,0.0,0.0
HO,Honduras,2024,wheat,325.0,310.0,15.0
HO,Honduras,2025,maize,1825.0,825.0,1000.0
HO,Honduras,2025,rice,175.0,0.0,0.0
HO,Honduras,2025,wheat,330.0,315.0,15.0
HO,Honduras,2026,maize,1850.0,850.0,1000.0
HO,Honduras,2026,rice,175.0,0.0,0.0
HO,Honduras,2026,wheat,330.0,320.0,10.0
HR,Croatia,1990,rice,1.0,0.0,0.0
HR,Croatia,1991,rice,4.0,0.0,0.0
HR,Croatia,1992,maize,1386.0,36.0,1350.0
HR,Croatia,1992,rice,4.0,0.0,0.0
HR,Croatia,1992,wheat,604.0,571.0,33.0
HR,Croatia,1993,maize,1549.0,144.0,1405.0
HR,Croatia,1993,rice,7.0,0.0,0.0
HR,Croatia,1993,wheat,951.0,907.0,44.0
HR,Croatia,1994,maize,1718.0,123.0,1595.0
HR,Croatia,1994,rice,6.0,0.0,0.0
HR,Croatia,1994,wheat,759.0,721.0,38.0
HR,Croatia,1995,maize,1698.0,126.0,1572.0
HR,Croatia,1995,rice,7.0,0.0,0.0
HR,Croatia,1995,wheat,709.0,665.0,44.0
HR,Croatia,1996,maize,1846.0,145.0,1701.0
HR,Croatia,1996,rice,9.0,0.0,0.0
HR,Croatia,1996,wheat,606.0,569.0,37.0
HR,Croatia,1997,maize,1795.0,145.0,1650.0
HR,Croatia,1997,rice,9.0,0.0,0.0
HR,Croatia,1997,wheat,832.0,795.0,37.0
HR,Croatia,1998,maize,2045.0,195.0,1850.0
HR,Croatia,1998,rice,9.0,0.0,0.0
HR,Croatia,1998,wheat,819.0,763.0,56.0
HU,Hungary,1960,maize,3570.0,448.0,3122.0
HU,Hungary,1960,rice,46.0,0.0,0.0
HU,Hungary,1960,wheat,2182.0,1965.0,217.0
HU,Hungary,1961,maize,3110.0,335.0,2775.0
HU,Hungary,1961,rice,41.0,0.0,0.0
HU,Hungary,1961,wheat,2077.0,1399.0,678.0
HU,Hungary,1962,maize,3376.0,152.0,3224.0
HU,Hungary,1962,rice,42.0,0.0,0.0
HU,Hungary,1962,wheat,2280.0,2142.0,138.0
HU,Hungary,1963,maize,3627.0,68.0,3559.0
HU,Hungary,1963,rice,40.0,0.0,0.0
HU,Hungary,1963,wheat,1813.0,1638.0,175.0
HU,Hungary,1964,maize,3487.0,143.0,3344.0
HU,Hungary,1964,rice,42.0,0.0,0.0
HU,Hungary,1964,wheat,2171.0,1566.0,605.0
HU,Hungary,1965,maize,3577.0,383.0,3194.0
HU,Hungary,1965,rice,46.0,0.0,0.0
HU,Hungary,1965,wheat,2509.0,2020.0,489.0
HU,Hungary,1966,maize,3887.0,144.0,3743.0
HU,Hungary,1966,rice,44.0,0.0,0.0
HU,Hungary,1966,wheat,2397.0,1855.0,542.0
HU,Hungary,1967,maize,3578.0,166.0,3412.0
HU,Hungary,1967,rice,44.0,0.0,0.0
HU,Hungary,1967,wheat,3217.0,2094.0,1123.0
HU,Hungary,1968,maize,3670.0,117.0,3553.0
HU,Hungary,1968,rice,20.0,0.0,0.0
HU,Hungary,1968,wheat,3274.0,1783.0,1491.0
HU,Hungary,1969,maize,4546.0,863.0,3683.0
HU,Hungary,1969,rice,52.0,0.0,0.0
HU,Hungary,1969,wheat,3177.0,2182.0,995.0
HU,Hungary,1970,maize,4126.0,0.0,4126.0
HU,Hungary,1970,rice,46.0,0.0,0.0
HU,Hungary,1970,wheat,3028.0,1601.0,1427.0
HU,Hungary,1971,maize,4796.0,648.0,4148.0
HU,Hungary,1971,rice,48.0,0.0,0.0
HU,Hungary,1971,wheat,3582.0,2120.0,1462.0
HU,Hungary,1972,maize,4842.0,330.0,4512.0
HU,Hungary,1972,rice,46.0,0.0,0.0
HU,Hungary,1972,wheat,3164.0,1885.0,1279.0
HU,Hungary,1973,maize,5121.0,435.0,4686.0
HU,Hungary,1973,rice,53.0,0.0,0.0
HU,Hungary,1973,wheat,3566.0,2004.0,1562.0
HU,Hungary,1974,maize,5853.0,722.0,5131.0
HU,Hungary,1974,rice,48.0,0.0,0.0
HU,Hungary,1974,wheat,4076.0,2169.0,1907.0
HU,Hungary,1975,maize,6134.0,880.0,5254.0
HU,Hungary,1975,rice,56.0,0.0,0.0
HU,Hungary,1975,wheat,3331.0,2210.0,1121.0
HU,Hungary,1976,maize,5173.0,474.0,4699.0
HU,Hungary,1976,rice,47.0,0.0,0.0
HU,Hungary,1976,wheat,4357.0,1722.0,2635.0
HU,Hungary,1977,maize,5993.0,990.0,5003.0
HU,Hungary,1977,rice,51.0,0.0,0.0
HU,Hungary,1977,wheat,4755.0,2279.0,2476.0
HU,Hungary,1978,maize,6566.0,1165.0,5401.0
HU,Hungary,1978,rice,35.0,0.0,0.0
HU,Hungary,1978,wheat,5134.0,2604.0,2530.0
HU,Hungary,1979,maize,7343.0,273.0,7070.0
HU,Hungary,1979,rice,49.0,0.0,0.0
HU,Hungary,1979,wheat,2854.0,1654.0,1200.0
HU,Hungary,1980,maize,6373.0,373.0,6000.0
HU,Hungary,1980,rice,23.0,0.0,0.0
HU,Hungary,1980,wheat,5377.0,2977.0,2400.0
HU,Hungary,1981,maize,6884.0,653.0,6231.0
HU,Hungary,1981,rice,27.0,0.0,0.0
HU,Hungary,1981,wheat,3416.0,1421.0,1995.0
HU,Hungary,1982,maize,7109.0,9.0,7100.0
HU,Hungary,1982,rice,35.0,0.0,0.0
HU,Hungary,1982,wheat,4604.0,2389.0,2215.0
HU,Hungary,1983,maize,5992.0,266.0,5726.0
HU,Hungary,1983,rice,40.0,0.0,0.0
HU,Hungary,1983,wheat,4568.0,2368.0,2200.0
HU,Hungary,1984,maize,6000.0,360.0,5640.0
HU,Hungary,1984,rice,35.0,0.0,0.0
HU,Hungary,1984,wheat,5067.0,2367.0,2700.0
HU,Hungary,1985,maize,6200.0,200.0,6000.0
HU,Hungary,1985,rice,38.0,0.0,0.0
HU,Hungary,1985,wheat,4678.0,2578.0,2100.0
HU,Hungary,1986,maize,6560.0,510.0,6050.0
HU,Hungary,1986,rice,38.0,0.0,0.0
HU,Hungary,1986,wheat,4726.0,2626.0,2100.0
HU,Hungary,1987,maize,6695.0,545.0,6150.0
HU,Hungary,1987,rice,43.0,0.0,0.0
HU,Hungary,1987,wheat,4698.0,2598.0,2100.0
HU,Hungary,1988,maize,6488.0,613.0,5875.0
HU,Hungary,1988,rice,42.0,0.0,0.0
HU,Hungary,1988,wheat,4719.0,2369.0,2350.0
HU,Hungary,1989,maize,5700.0,650.0,5050.0
HU,Hungary,1989,rice,43.0,0.0,0.0
HU,Hungary,1989,wheat,4900.0,2600.0,2300.0
HU,Hungary,1990,maize,5367.0,667.0,4700.0
HU,Hungary,1990,rice,36.0,0.0,0.0
HU,Hungary,1990,wheat,4690.0,2390.0,2300.0
HU,Hungary,1991,maize,5518.0,668.0,4850.0
HU,Hungary,1991,rice,56.0,0.0,0.0
HU,Hungary,1991,wheat,3949.0,1949.0,2000.0
HU,Hungary,1992,maize,4962.0,662.0,4300.0
HU,Hungary,1992,rice,26.0,0.0,0.0
HU,Hungary,1992,wheat,3706.0,2006.0,1700.0
HU,Hungary,1993,maize,3895.0,645.0,3250.0
HU,Hungary,1993,rice,36.0,0.0,0.0
HU,Hungary,1993,wheat,3225.0,2025.0,1200.0
HU,Hungary,1994,maize,3774.0,649.0,3125.0
HU,Hungary,1994,rice,54.0,0.0,0.0
HU,Hungary,1994,wheat,3241.0,2041.0,1200.0
HU,Hungary,1995,maize,4301.0,601.0,3700.0
HU,Hungary,1995,rice,46.0,0.0,0.0
HU,Hungary,1995,wheat,2931.0,1931.0,1000.0
HU,Hungary,1996,maize,4679.0,679.0,4000.0
HU,Hungary,1996,rice,51.0,0.0,0.0
HU,Hungary,1996,wheat,3095.0,1522.0,1573.0
HU,Hungary,1997,maize,5164.0,664.0,4500.0
HU,Hungary,1997,rice,51.0,0.0,0.0
HU,Hungary,1997,wheat,3148.0,1542.0,1606.0
HU,Hungary,1998,maize,4921.0,571.0,4350.0
HU,Hungary,1998,rice,71.0,0.0,0.0
HU,Hungary,1998,wheat,3126.0,1626.0,1500.0
ID,Indonesia,1960,maize,2460.0,2315.0,145.0
ID,Indonesia,1960,rice,11204.0,0.0,0.0
ID,Indonesia,1960,wheat,161.0,161.0,0.0
ID,Indonesia,1961,maize,2283.0,2148.0,135.0
ID,Indonesia,1961,rice,10632.0,0.0,0.0
ID,Indonesia,1961,wheat,150.0,150.0,0.0
ID,Indonesia,1962,maize,3243.0,3048.0,195.0
ID,Indonesia,1962,rice,11208.0,0.0,0.0
ID,Indonesia,1962,wheat,24.0,24.0,0.0
ID,Indonesia,1963,maize,2358.0,2218.0,140.0
ID,Indonesia,1963,rice,10164.0,0.0,0.0
ID,Indonesia,1963,wheat,100.0,100.0,0.0
ID,Indonesia,1964,maize,3769.0,3544.0,225.0
ID,Indonesia,1964,rice,9916.0,0.0,0.0
ID,Indonesia,1964,wheat,20.0,20.0,0.0
ID,Indonesia,1965,maize,2360.0,2220.0,140.0
ID,Indonesia,1965,rice,10455.0,0.0,0.0
ID,Indonesia,1965,wheat,20.0,20.0,0.0
ID,Indonesia,1966,maize,3631.0,3406.0,225.0
ID,Indonesia,1966,rice,11131.0,0.0,0.0
ID,Indonesia,1966,wheat,40.0,40.0,0.0
ID,Indonesia,1967,maize,2210.0,2070.0,140.0
ID,Indonesia,1967,rice,10685.0,0.0,0.0
ID,Indonesia,1967,wheat,170.0,170.0,0.0
ID,Indonesia,1968,maize,3100.0,2910.0,190.0
ID,Indonesia,1968,rice,12504.0,0.0,0.0
ID,Indonesia,1968,wheat,279.0,279.0,0.0
ID,Indonesia,1969,maize,2137.0,1997.0,140.0
ID,Indonesia,1969,rice,12937.0,0.0,0.0
ID,Indonesia,1969,wheat,567.0,567.0,0.0
ID,Indonesia,1970,maize,2539.0,2369.0,170.0
ID,Indonesia,1970,rice,13634.0,0.0,0.0
ID,Indonesia,1970,wheat,396.0,396.0,0.0
ID,Indonesia,1971,maize,2387.0,2137.0,250.0
ID,Indonesia,1971,rice,14206.0,0.0,0.0
ID,Indonesia,1971,wheat,683.0,683.0,0.0
ID,Indonesia,1972,maize,2179.0,1879.0,300.0
ID,Indonesia,1972,rice,14742.0,0.0,0.0
ID,Indonesia,1972,wheat,642.0,642.0,0.0
ID,Indonesia,1973,maize,3651.0,3286.0,365.0
ID,Indonesia,1973,rice,15295.0,0.0,0.0
ID,Indonesia,1973,wheat,557.0,557.0,0.0
ID,Indonesia,1974,maize,2814.0,2399.0,415.0
ID,Indonesia,1974,rice,15994.0,0.0,0.0
ID,Indonesia,1974,wheat,826.0,826.0,0.0
ID,Indonesia,1975,maize,2852.0,2447.0,405.0
ID,Indonesia,1975,rice,16706.0,0.0,0.0
ID,Indonesia,1975,wheat,819.0,819.0,0.0
ID,Indonesia,1976,maize,2637.0,2262.0,375.0
ID,Indonesia,1976,rice,17395.0,0.0,0.0
ID,Indonesia,1976,wheat,1090.0,1090.0,0.0
ID,Indonesia,1977,maize,3147.0,2672.0,475.0
ID,Indonesia,1977,rice,18083.0,0.0,0.0
ID,Indonesia,1977,wheat,1125.0,1113.0,12.0
ID,Indonesia,1978,maize,4054.0,3409.0,645.0
ID,Indonesia,1978,rice,18913.0,0.0,0.0
ID,Indonesia,1978,wheat,1251.0,1251.0,0.0
ID,Indonesia,1979,maize,3669.0,3139.0,530.0
ID,Indonesia,1979,rice,19756.0,0.0,0.0
ID,Indonesia,1979,wheat,1285.0,1285.0,0.0
ID,Indonesia,1980,maize,4010.0,3425.0,585.0
ID,Indonesia,1980,rice,21504.0,0.0,0.0
ID,Indonesia,1980,wheat,1309.0,1309.0,0.0
ID,Indonesia,1981,maize,4406.0,3775.0,631.0
ID,Indonesia,1981,rice,23149.0,0.0,0.0
ID,Indonesia,1981,wheat,1339.0,1339.0,0.0
ID,Indonesia,1982,maize,3432.0,2732.0,700.0
ID,Indonesia,1982,rice,24679.0,0.0,0.0
ID,Indonesia,1982,wheat,1471.0,1471.0,0.0
ID,Indonesia,1983,maize,4920.0,4020.0,900.0
ID,Indonesia,1983,rice,25460.0,0.0,0.0
ID,Indonesia,1983,wheat,1604.0,1604.0,0.0
ID,Indonesia,1984,maize,5187.0,4187.0,1000.0
ID,Indonesia,1984,rice,26092.0,0.0,0.0
ID,Indonesia,1984,wheat,1419.0,1419.0,0.0
ID,Indonesia,1985,maize,4575.0,3475.0,1100.0
ID,Indonesia,1985,rice,26738.0,0.0,0.0
ID,Indonesia,1985,wheat,1443.0,1443.0,0.0
ID,Indonesia,1986,maize,4957.0,3457.0,1500.0
ID,Indonesia,1986,rice,27392.0,0.0,0.0
ID,Indonesia,1986,wheat,1547.0,1547.0,0.0
ID,Indonesia,1987,maize,4923.0,3423.0,1500.0
ID,Indonesia,1987,rice,28053.0,0.0,0.0
ID,Indonesia,1987,wheat,1800.0,1800.0,0.0
ID,Indonesia,1988,maize,4910.0,3210.0,1700.0
ID,Indonesia,1988,rice,28723.0,0.0,0.0
ID,Indonesia,1988,wheat,1817.0,1817.0,0.0
ID,Indonesia,1989,maize,4975.0,3075.0,1900.0
ID,Indonesia,1989,rice,29410.0,0.0,0.0
ID,Indonesia,1989,wheat,1892.0,1782.0,110.0
ID,Indonesia,1990,maize,5182.0,3157.0,2025.0
ID,Indonesia,1990,rice,30121.0,0.0,0.0
ID,Indonesia,1990,wheat,1967.0,1837.0,130.0
ID,Indonesia,1991,maize,5420.0,3120.0,2300.0
ID,Indonesia,1991,rice,30838.0,0.0,0.0
ID,Indonesia,1991,wheat,2537.0,2407.0,130.0
ID,Indonesia,1992,maize,5900.0,3100.0,2800.0
ID,Indonesia,1992,rice,31375.0,0.0,0.0
ID,Indonesia,1992,wheat,2715.0,2585.0,130.0
ID,Indonesia,1993,maize,6271.0,3071.0,3200.0
ID,Indonesia,1993,rice,32097.0,0.0,0.0
ID,Indonesia,1993,wheat,3012.0,2872.0,140.0
ID,Indonesia,1994,maize,7041.0,3041.0,4000.0
ID,Indonesia,1994,rice,32922.0,0.0,0.0
ID,Indonesia,1994,wheat,3595.0,3455.0,140.0
ID,Indonesia,1995,maize,7305.0,3005.0,4300.0
ID,Indonesia,1995,rice,33461.0,0.0,0.0
ID,Indonesia,1995,wheat,3752.0,3612.0,140.0
ID,Indonesia,1996,maize,6825.0,3025.0,3800.0
ID,Indonesia,1996,rice,33911.0,0.0,0.0
ID,Indonesia,1996,wheat,4152.0,4012.0,140.0
ID,Indonesia,1997,maize,5707.0,3007.0,2700.0
ID,Indonesia,1997,rice,34667.0,0.0,0.0
ID,Indonesia,1997,wheat,3703.0,3563.0,140.0
ID,Indonesia,1998,maize,6711.0,3011.0,3700.0
ID,Indonesia,1998,rice,35033.0,0.0,0.0
ID,Indonesia,1998,wheat,2658.0,2658.0,0.0
ID,Indonesia,1999,maize,7300.0,3400.0,3900.0
ID,Indonesia,1999,rice,35400.0,0.0,0.0
ID,Indonesia,1999,wheat,3313.0,3313.0,0.0
ID,Indonesia,2000,maize,7300.0,3700.0,3600.0
ID,Indonesia,2000,rice,35877.0,0.0,0.0
ID,Indonesia,2000,wheat,4120.0,4120.0,0.0
ID,Indonesia,2001,maize,7300.0,3700.0,3600.0
ID,Indonesia,2001,rice,36382.0,0.0,0.0
ID,Indonesia,2001,wheat,3832.0,3832.0,0.0
ID,Indonesia,2002,maize,7500.0,3600.0,3900.0
ID,Indonesia,2002,rice,36500.0,0.0,0.0
ID,Indonesia,2002,wheat,4091.0,4041.0,50.0
ID,Indonesia,2003,maize,7800.0,3800.0,4000.0
ID,Indonesia,2003,rice,36000.0,0.0,0.0
ID,Indonesia,2003,wheat,4200.0,4150.0,50.0
ID,Indonesia,2004,maize,7800.0,3800.0,4000.0
ID,Indonesia,2004,rice,35850.0,0.0,0.0
ID,Indonesia,2004,wheat,4450.0,4400.0,50.0
ID,Indonesia,2005,maize,8300.0,4100.0,4200.0
ID,Indonesia,2005,rice,35739.0,0.0,0.0
ID,Indonesia,2005,wheat,4700.0,4650.0,50.0
ID,Indonesia,2006,maize,8100.0,4000.0,4100.0
ID,Indonesia,2006,rice,35900.0,0.0,0.0
ID,Indonesia,2006,wheat,5050.0,5000.0,50.0
ID,Indonesia,2007,maize,8500.0,4300.0,4200.0
ID,Indonesia,2007,rice,36350.0,0.0,0.0
ID,Indonesia,2007,wheat,5150.0,5100.0,50.0
ID,Indonesia,2008,maize,8900.0,4500.0,4400.0
ID,Indonesia,2008,rice,37100.0,0.0,0.0
ID,Indonesia,2008,wheat,5200.0,5150.0,50.0
ID,Indonesia,2009,maize,8800.0,4300.0,4500.0
ID,Indonesia,2009,rice,38000.0,0.0,0.0
ID,Indonesia,2009,wheat,5300.0,5250.0,50.0
ID,Indonesia,2010,maize,9800.0,4400.0,5400.0
ID,Indonesia,2010,rice,38044.0,0.0,0.0
ID,Indonesia,2010,wheat,6035.0,5900.0,135.0
ID,Indonesia,2011,maize,10500.0,4500.0,6000.0
ID,Indonesia,2011,rice,38188.0,0.0,0.0
ID,Indonesia,2011,wheat,6250.0,6100.0,150.0
ID,Indonesia,2012,maize,10900.0,4500.0,6400.0
ID,Indonesia,2012,rice,38127.0,0.0,0.0
ID,Indonesia,2012,wheat,6950.0,6800.0,150.0
ID,Indonesia,2013,maize,11900.0,4500.0,7400.0
ID,Indonesia,2013,rice,38500.0,0.0,0.0
ID,Indonesia,2013,wheat,7165.0,7000.0,165.0
ID,Indonesia,2014,maize,12200.0,4200.0,8000.0
ID,Indonesia,2014,rice,38300.0,0.0,0.0
ID,Indonesia,2014,wheat,7365.0,7200.0,165.0
ID,Indonesia,2015,maize,12100.0,4100.0,8000.0
ID,Indonesia,2015,rice,37850.0,0.0,0.0
ID,Indonesia,2015,wheat,9100.0,7500.0,1600.0
ID,Indonesia,2016,maize,12300.0,3800.0,8500.0
ID,Indonesia,2016,rice,37500.0,0.0,0.0
ID,Indonesia,2016,wheat,10000.0,8200.0,1800.0
ID,Indonesia,2017,maize,12400.0,3900.0,8500.0
ID,Indonesia,2017,rice,37000.0,0.0,0.0
ID,Indonesia,2017,wheat,10600.0,8500.0,2100.0
ID,Indonesia,2018,maize,12900.0,3900.0,9000.0
ID,Indonesia,2018,rice,36300.0,0.0,0.0
ID,Indonesia,2018,wheat,10600.0,8600.0,2000.0
ID,Indonesia,2019,maize,12600.0,4000.0,8600.0
ID,Indonesia,2019,rice,36000.0,0.0,0.0
ID,Indonesia,2019,wheat,10300.0,8500.0,1800.0
ID,Indonesia,2020,maize,13300.0,4100.0,9200.0
ID,Indonesia,2020,rice,35400.0,0.0,0.0
ID,Indonesia,2020,wheat,10100.0,8600.0,1500.0
ID,Indonesia,2021,maize,13800.0,4200.0,9600.0
ID,Indonesia,2021,rice,35300.0,0.0,0.0
ID,Indonesia,2021,wheat,10500.0,8800.0,1700.0
ID,Indonesia,2022,maize,13400.0,4200.0,9200.0
ID,Indonesia,2022,rice,35600.0,0.0,0.0
ID,Indonesia,2022,wheat,9800.0,8700.0,1100.0
ID,Indonesia,2023,maize,14100.0,4900.0,9200.0
ID,Indonesia,2023,rice,36200.0,0.0,0.0
ID,Indonesia,2023,wheat,11400.0,9100.0,2300.0
ID,Indonesia,2024,maize,14500.0,5000.0,9500.0
ID,Indonesia,2024,rice,35500.0,0.0,0.0
ID,Indonesia,2024,wheat,10800.0,9400.0,1400.0
ID,Indonesia,2025,maize,14300.0,4600.0,9700.0
ID,Indonesia,2025,rice,35300.0,0.0,0.0
ID,Indonesia,2025,wheat,12200.0,10000.0,2200.0
ID,Indonesia,2026,maize,14400.0,4600.0,9800.0
ID,Indonesia,2026,rice,35000.0,0.0,0.0
ID,Indonesia,2026,wheat,12700.0,10300.0,2400.0
IN,India,1960,maize,4255.0,4215.0,40.0
IN,India,1960,rice,35473.0,0.0,0.0
IN,India,1960,wheat,14218.0,13718.0,500.0
IN,India,1961,maize,4364.0,4319.0,45.0
IN,India,1961,rice,36064.0,0.0,0.0
IN,India,1961,wheat,13893.0,13393.0,500.0
IN,India,1962,maize,4676.0,4631.0,45.0
IN,India,1962,rice,33722.0,0.0,0.0
IN,India,1962,wheat,14822.0,14222.0,600.0
IN,India,1963,maize,4589.0,4544.0,45.0
IN,India,1963,rice,36130.0,0.0,0.0
IN,India,1963,wheat,16054.0,15454.0,600.0
IN,India,1964,maize,4749.0,4704.0,45.0
IN,India,1964,rice,37531.0,0.0,0.0
IN,India,1964,wheat,16531.0,15931.0,600.0
IN,India,1965,maize,4946.0,4896.0,50.0
IN,India,1965,rice,31371.0,0.0,0.0
IN,India,1965,wheat,18115.0,17415.0,700.0
IN,India,1966,maize,5051.0,5001.0,50.0
IN,India,1966,rice,32893.0,0.0,0.0
IN,India,1966,wheat,19324.0,18624.0,700.0
IN,India,1967,maize,6044.0,5984.0,60.0
IN,India,1967,rice,37058.0,0.0,0.0
IN,India,1967,wheat,17786.0,17186.0,600.0
IN,India,1968,maize,6002.0,5942.0,60.0
IN,India,1968,rice,40033.0,0.0,0.0
IN,India,1968,wheat,19294.0,18594.0,700.0
IN,India,1969,maize,6413.0,6388.0,25.0
IN,India,1969,rice,41309.0,0.0,0.0
IN,India,1969,wheat,21725.0,20925.0,800.0
IN,India,1970,maize,7500.0,7300.0,200.0
IN,India,1970,rice,41512.0,0.0,0.0
IN,India,1970,wheat,22007.0,21207.0,800.0
IN,India,1971,maize,5301.0,5051.0,250.0
IN,India,1971,rice,43541.0,0.0,0.0
IN,India,1971,wheat,23576.0,22676.0,900.0
IN,India,1972,maize,6288.0,6013.0,275.0
IN,India,1972,rice,40780.0,0.0,0.0
IN,India,1972,wheat,28245.0,27245.0,1000.0
IN,India,1973,maize,5860.0,5560.0,300.0
IN,India,1973,rice,43181.0,0.0,0.0
IN,India,1973,wheat,30178.0,29178.0,1000.0
IN,India,1974,maize,5709.0,5359.0,350.0
IN,India,1974,rice,43502.0,0.0,0.0
IN,India,1974,wheat,27048.0,26148.0,900.0
IN,India,1975,maize,6156.0,5756.0,400.0
IN,India,1975,rice,43646.0,0.0,0.0
IN,India,1975,wheat,27004.0,26004.0,1000.0
IN,India,1976,maize,6408.0,5958.0,450.0
IN,India,1976,rice,43436.0,0.0,0.0
IN,India,1976,wheat,28412.0,27212.0,1200.0
IN,India,1977,maize,6373.0,5848.0,525.0
IN,India,1977,rice,49484.0,0.0,0.0
IN,India,1977,wheat,30772.0,29572.0,1200.0
IN,India,1978,maize,6605.0,6005.0,600.0
IN,India,1978,rice,50333.0,0.0,0.0
IN,India,1978,wheat,33685.0,32385.0,1300.0
IN,India,1979,maize,5769.0,5269.0,500.0
IN,India,1979,rice,45910.0,0.0,0.0
IN,India,1979,wheat,36027.0,34727.0,1300.0
IN,India,1980,maize,6807.0,6207.0,600.0
IN,India,1980,rice,53301.0,0.0,0.0
IN,India,1980,wheat,34325.0,33125.0,1200.0
IN,India,1981,maize,6987.0,6287.0,700.0
IN,India,1981,rice,54083.0,0.0,0.0
IN,India,1981,wheat,36313.0,35013.0,1300.0
IN,India,1982,maize,6649.0,5899.0,750.0
IN,India,1982,rice,48496.0,0.0,0.0
IN,India,1982,wheat,37838.0,36438.0,1400.0
IN,India,1983,maize,7717.0,6917.0,800.0
IN,India,1983,rice,58227.0,0.0,0.0
IN,India,1983,wheat,42029.0,40429.0,1600.0
IN,India,1984,maize,8436.0,7586.0,850.0
IN,India,1984,rice,56687.0,0.0,0.0
IN,India,1984,wheat,43076.0,41376.0,1700.0
IN,India,1985,maize,7038.0,6188.0,850.0
IN,India,1985,rice,62080.0,0.0,0.0
IN,India,1985,wheat,43719.0,41919.0,1800.0
IN,India,1986,maize,7502.0,6602.0,900.0
IN,India,1986,rice,60071.0,0.0,0.0
IN,India,1986,wheat,45567.0,43667.0,1900.0
IN,India,1987,maize,5996.0,4917.0,1079.0
IN,India,1987,rice,59312.0,0.0,0.0
IN,India,1987,wheat,56492.0,54692.0,1800.0
IN,India,1988,maize,8179.0,7079.0,1100.0
IN,India,1988,rice,65689.0,0.0,0.0
IN,India,1988,wheat,48929.0,47429.0,1500.0
IN,India,1989,maize,9451.0,7151.0,2300.0
IN,India,1989,rice,71123.0,0.0,0.0
IN,India,1989,wheat,53201.0,51501.0,1700.0
IN,India,1990,maize,9261.0,6961.0,2300.0
IN,India,1990,rice,73091.0,0.0,0.0
IN,India,1990,wheat,47595.0,45995.0,1600.0
IN,India,1991,maize,8156.0,6406.0,1750.0
IN,India,1991,rice,74595.0,0.0,0.0
IN,India,1991,wheat,58009.0,56209.0,1800.0
IN,India,1992,maize,9965.0,7065.0,2900.0
IN,India,1992,rice,75273.0,0.0,0.0
IN,India,1992,wheat,57515.0,55715.0,1800.0
IN,India,1993,maize,9564.0,6964.0,2600.0
IN,India,1993,rice,76050.0,0.0,0.0
IN,India,1993,wheat,53377.0,51577.0,1800.0
IN,India,1994,maize,8868.0,6968.0,1900.0
IN,India,1994,rice,77660.0,0.0,0.0
IN,India,1994,wheat,58330.0,56330.0,2000.0
IN,India,1995,maize,9488.0,6988.0,2500.0
IN,India,1995,rice,76280.0,0.0,0.0
IN,India,1995,wheat,64978.0,62778.0,2200.0
IN,India,1996,maize,10500.0,7200.0,3300.0
IN,India,1996,rice,80636.0,0.0,0.0
IN,India,1996,wheat,66064.0,63964.0,2100.0
IN,India,1997,maize,10900.0,7000.0,3900.0
IN,India,1997,rice,77557.0,0.0,0.0
IN,India,1997,wheat,69246.0,67046.0,2200.0
IN,India,1998,maize,11300.0,7400.0,3900.0
IN,India,1998,rice,81231.0,0.0,0.0
IN,India,1998,wheat,63707.0,61507.0,2200.0
IN,India,1999,maize,11350.0,6800.0,4550.0
IN,India,1999,rice,82669.0,0.0,0.0
IN,India,1999,wheat,69301.0,66801.0,2500.0
IN,India,2000,maize,11950.0,6800.0,5150.0
IN,India,2000,rice,75992.0,0.0,0.0
IN,India,2000,wheat,66821.0,64121.0,2700.0
IN,India,2001,maize,12700.0,6700.0,6000.0
IN,India,2001,rice,87534.0,0.0,0.0
IN,India,2001,wheat,65126.0,62426.0,2700.0
IN,India,2002,maize,12000.0,6800.0,5200.0
IN,India,2002,rice,79874.0,0.0,0.0
IN,India,2002,wheat,75250.0,72350.0,2900.0
IN,India,2003,maize,13500.0,7400.0,6100.0
IN,India,2003,rice,85622.0,0.0,0.0
IN,India,2003,wheat,68919.0,66519.0,2400.0
IN,India,2004,maize,13900.0,7500.0,6400.0
IN,India,2004,rice,80858.0,0.0,0.0
IN,India,2004,wheat,72844.0,70444.0,2400.0
IN,India,2005,maize,14200.0,8200.0,6000.0
IN,India,2005,rice,85083.0,0.0,0.0
IN,India,2005,wheat,69977.0,67777.0,2200.0
IN,India,2006,maize,13900.0,7500.0,6400.0
IN,India,2006,rice,86695.0,0.0,0.0
IN,India,2006,wheat,73482.0,71182.0,2300.0
IN,India,2007,maize,14200.0,7500.0,6700.0
IN,India,2007,rice,90458.0,0.0,0.0
IN,India,2007,wheat,76420.0,73920.0,2500.0
IN,India,2008,maize,17000.0,9500.0,7500.0
IN,India,2008,rice,91082.0,0.0,0.0
IN,India,2008,wheat,70924.0,68424.0,2500.0
IN,India,2009,maize,15100.0,7800.0,7300.0
IN,India,2009,rice,85501.0,0.0,0.0
IN,India,2009,wheat,78149.0,75349.0,2800.0
IN,India,2010,maize,18100.0,9100.0,9000.0
IN,India,2010,rice,90196.0,0.0,0.0
IN,India,2010,wheat,81764.0,78864.0,2900.0
IN,India,2011,maize,17200.0,8400.0,8800.0
IN,India,2011,rice,93325.0,0.0,0.0
IN,India,2011,wheat,81408.0,78308.0,3100.0
IN,India,2012,maize,17500.0,8600.0,8900.0
IN,India,2012,rice,93972.0,0.0,0.0
IN,India,2012,wheat,83824.0,80424.0,3400.0
IN,India,2013,maize,19600.0,9000.0,10600.0
IN,India,2013,rice,98727.0,0.0,0.0
IN,India,2013,wheat,93848.0,89048.0,4800.0
IN,India,2014,maize,22350.0,9800.0,12550.0
IN,India,2014,rice,98244.0,0.0,0.0
IN,India,2014,wheat,93102.0,88602.0,4500.0
IN,India,2015,maize,23550.0,10000.0,13550.0
IN,India,2015,rice,93451.0,0.0,0.0
IN,India,2015,wheat,88548.0,84348.0,4200.0
IN,India,2016,maize,24900.0,10400.0,14500.0
IN,India,2016,rice,95838.0,0.0,0.0
IN,India,2016,wheat,97234.0,92534.0,4700.0
IN,India,2017,maize,26700.0,10500.0,16200.0
IN,India,2017,rice,98667.0,0.0,0.0
IN,India,2017,wheat,95677.0,90677.0,5000.0
IN,India,2018,maize,28500.0,11200.0,17300.0
IN,India,2018,rice,99164.0,0.0,0.0
IN,India,2018,wheat,95629.0,90629.0,5000.0
IN,India,2019,maize,27200.0,11200.0,16000.0
IN,India,2019,rice,101950.0,0.0,0.0
IN,India,2019,wheat,95403.0,89403.0,6000.0
IN,India,2020,maize,27850.0,11600.0,16250.0
IN,India,2020,rice,101052.0,0.0,0.0
IN,India,2020,wheat,102217.0,95717.0,6500.0
IN,India,2021,maize,30000.0,11900.0,18100.0
IN,India,2021,rice,110444.0,0.0,0.0
IN,India,2021,wheat,109882.0,102882.0,7000.0
IN,India,2022,maize,34700.0,14100.0,20600.0
IN,India,2022,rice,114513.0,0.0,0.0
IN,India,2022,wheat,108665.0,102165.0,6500.0
IN,India,2023,maize,37900.0,15000.0,22900.0
IN,India,2023,rice,116403.0,0.0,0.0
IN,India,2023,wheat,112342.0,105592.0,6750.0
IN,India,2024,maize,43000.0,18000.0,25000.0
IN,India,2024,rice,121357.0,0.0,0.0
IN,India,2024,wheat,108961.0,102961.0,6000.0
IN,India,2025,maize,48000.0,20000.0,28000.0
IN,India,2025,rice,124524.0,0.0,0.0
IN,India,2025,wheat,107836.0,101836.0,6000.0
IN,India,2026,maize,52000.0,22000.0,30000.0
IN,India,2026,rice,128000.0,0.0,0.0
IN,India,2026,wheat,111400.0,103900.0,7500.0
IR,Iran,1960,maize,25.0,25.0,0.0
IR,Iran,1960,rice,491.0,0.0,0.0
IR,Iran,1960,wheat,3163.0,3163.0,0.0
IR,Iran,1961,maize,14.0,14.0,0.0
IR,Iran,1961,rice,407.0,0.0,0.0
IR,Iran,1961,wheat,3020.0,3020.0,0.0
IR,Iran,1962,maize,14.0,14.0,0.0
IR,Iran,1962,rice,569.0,0.0,0.0
IR,Iran,1962,wheat,3030.0,3030.0,0.0
IR,Iran,1963,maize,14.0,14.0,0.0
IR,Iran,1963,rice,614.0,0.0,0.0
IR,Iran,1963,wheat,3250.0,3135.0,115.0
IR,Iran,1964,maize,67.0,67.0,0.0
IR,Iran,1964,rice,644.0,0.0,0.0
IR,Iran,1964,wheat,3220.0,3220.0,0.0
IR,Iran,1965,maize,20.0,20.0,0.0
IR,Iran,1965,rice,691.0,0.0,0.0
IR,Iran,1965,wheat,2967.0,2967.0,0.0
IR,Iran,1966,maize,21.0,21.0,0.0
IR,Iran,1966,rice,755.0,0.0,0.0
IR,Iran,1966,wheat,4778.0,4743.0,35.0
IR,Iran,1967,maize,63.0,63.0,0.0
IR,Iran,1967,rice,641.0,0.0,0.0
IR,Iran,1967,wheat,3504.0,3416.0,88.0
IR,Iran,1968,maize,106.0,106.0,0.0
IR,Iran,1968,rice,654.0,0.0,0.0
IR,Iran,1968,wheat,3818.0,3817.0,1.0
IR,Iran,1969,maize,59.0,59.0,0.0
IR,Iran,1969,rice,678.0,0.0,0.0
IR,Iran,1969,wheat,4178.0,4178.0,0.0
IR,Iran,1970,maize,57.0,57.0,0.0
IR,Iran,1970,rice,745.0,0.0,0.0
IR,Iran,1970,wheat,3888.0,3888.0,0.0
IR,Iran,1971,maize,105.0,105.0,0.0
IR,Iran,1971,rice,789.0,0.0,0.0
IR,Iran,1971,wheat,4389.0,4389.0,0.0
IR,Iran,1972,maize,137.0,137.0,0.0
IR,Iran,1972,rice,844.0,0.0,0.0
IR,Iran,1972,wheat,5316.0,5316.0,0.0
IR,Iran,1973,maize,120.0,120.0,0.0
IR,Iran,1973,rice,1031.0,0.0,0.0
IR,Iran,1973,wheat,5535.0,5435.0,100.0
IR,Iran,1974,maize,287.0,287.0,0.0
IR,Iran,1974,rice,1096.0,0.0,0.0
IR,Iran,1974,wheat,5743.0,5643.0,100.0
IR,Iran,1975,maize,173.0,80.0,93.0
IR,Iran,1975,rice,1161.0,0.0,0.0
IR,Iran,1975,wheat,6367.0,6167.0,200.0
IR,Iran,1976,maize,280.0,10.0,270.0
IR,Iran,1976,rice,1218.0,0.0,0.0
IR,Iran,1976,wheat,6450.0,6050.0,400.0
IR,Iran,1977,maize,400.0,20.0,380.0
IR,Iran,1977,rice,1273.0,0.0,0.0
IR,Iran,1977,wheat,6525.0,6125.0,400.0
IR,Iran,1978,maize,510.0,24.0,486.0
IR,Iran,1978,rice,1336.0,0.0,0.0
IR,Iran,1978,wheat,6925.0,6425.0,500.0
IR,Iran,1979,maize,337.0,37.0,300.0
IR,Iran,1979,rice,1412.0,0.0,0.0
IR,Iran,1979,wheat,7350.0,6950.0,400.0
IR,Iran,1980,maize,395.0,20.0,375.0
IR,Iran,1980,rice,1506.0,0.0,0.0
IR,Iran,1980,wheat,7225.0,6925.0,300.0
IR,Iran,1981,maize,471.0,71.0,400.0
IR,Iran,1981,rice,1599.0,0.0,0.0
IR,Iran,1981,wheat,8075.0,7675.0,400.0
IR,Iran,1982,maize,620.0,55.0,565.0
IR,Iran,1982,rice,1742.0,0.0,0.0
IR,Iran,1982,wheat,8275.0,7825.0,450.0
IR,Iran,1983,maize,618.0,26.0,592.0
IR,Iran,1983,rice,1702.0,0.0,0.0
IR,Iran,1983,wheat,8575.0,8075.0,500.0
IR,Iran,1984,maize,880.0,40.0,840.0
IR,Iran,1984,rice,1720.0,0.0,0.0
IR,Iran,1984,wheat,9750.0,9250.0,500.0
IR,Iran,1985,maize,905.0,55.0,850.0
IR,Iran,1985,rice,1812.0,0.0,0.0
IR,Iran,1985,wheat,9525.0,9025.0,500.0
IR,Iran,1986,maize,892.0,42.0,850.0
IR,Iran,1986,rice,1902.0,0.0,0.0
IR,Iran,1986,wheat,9350.0,8850.0,500.0
IR,Iran,1987,maize,702.0,27.0,675.0
IR,Iran,1987,rice,1914.0,0.0,0.0
IR,Iran,1987,wheat,10200.0,9700.0,500.0
IR,Iran,1988,maize,889.0,39.0,850.0
IR,Iran,1988,rice,1909.0,0.0,0.0
IR,Iran,1988,wheat,10365.0,9865.0,500.0
IR,Iran,1989,maize,989.0,39.0,950.0
IR,Iran,1989,rice,2001.0,0.0,0.0
IR,Iran,1989,wheat,11635.0,11135.0,500.0
IR,Iran,1990,maize,926.0,51.0,875.0
IR,Iran,1990,rice,2107.0,0.0,0.0
IR,Iran,1990,wheat,11500.0,10000.0,1500.0
IR,Iran,1991,maize,1089.0,39.0,1050.0
IR,Iran,1991,rice,2356.0,0.0,0.0
IR,Iran,1991,wheat,12900.0,10400.0,2500.0
IR,Iran,1992,maize,1213.0,63.0,1150.0
IR,Iran,1992,rice,2383.0,0.0,0.0
IR,Iran,1992,wheat,12200.0,10600.0,1600.0
IR,Iran,1993,maize,1307.0,57.0,1250.0
IR,Iran,1993,rice,2205.0,0.0,0.0
IR,Iran,1993,wheat,12800.0,11000.0,1800.0
IR,Iran,1994,maize,1557.0,57.0,1500.0
IR,Iran,1994,rice,2466.0,0.0,0.0
IR,Iran,1994,wheat,13500.0,11600.0,1900.0
IR,Iran,1995,maize,1728.0,53.0,1675.0
IR,Iran,1995,rice,2519.0,0.0,0.0
IR,Iran,1995,wheat,14000.0,11800.0,2200.0
IR,Iran,1996,maize,1958.0,58.0,1900.0
IR,Iran,1996,rice,2797.0,0.0,0.0
IR,Iran,1996,wheat,14500.0,12000.0,2500.0
IR,Iran,1997,maize,1950.0,50.0,1900.0
IR,Iran,1997,rice,2700.0,0.0,0.0
IR,Iran,1997,wheat,15000.0,12200.0,2800.0
IR,Iran,1998,maize,2100.0,100.0,2000.0
IR,Iran,1998,rice,2775.0,0.0,0.0
IR,Iran,1998,wheat,15200.0,12400.0,2800.0
IR,Iran,1999,maize,2200.0,100.0,2100.0
IR,Iran,1999,rice,2850.0,0.0,0.0
IR,Iran,1999,wheat,14600.0,12400.0,2200.0
IR,Iran,2000,maize,2300.0,100.0,2200.0
IR,Iran,2000,rice,2860.0,0.0,0.0
IR,Iran,2000,wheat,14800.0,12600.0,2200.0
IR,Iran,2001,maize,2500.0,100.0,2400.0
IR,Iran,2001,rice,2870.0,0.0,0.0
IR,Iran,2001,wheat,15300.0,12800.0,2500.0
IR,Iran,2002,maize,3200.0,100.0,3100.0
IR,Iran,2002,rice,2900.0,0.0,0.0
IR,Iran,2002,wheat,14700.0,12100.0,2600.0
IR,Iran,2003,maize,3500.0,100.0,3400.0
IR,Iran,2003,rice,2950.0,0.0,0.0
IR,Iran,2003,wheat,14100.0,11900.0,2200.0
IR,Iran,2004,maize,4150.0,150.0,4000.0
IR,Iran,2004,rice,2986.0,0.0,0.0
IR,Iran,2004,wheat,14700.0,12500.0,2200.0
IR,Iran,2005,maize,4250.0,150.0,4100.0
IR,Iran,2005,rice,3200.0,0.0,0.0
IR,Iran,2005,wheat,14800.0,12600.0,2200.0
IR,Iran,2006,maize,4650.0,150.0,4500.0
IR,Iran,2006,rice,3200.0,0.0,0.0
IR,Iran,2006,wheat,15100.0,12800.0,2300.0
IR,Iran,2007,maize,5150.0,150.0,5000.0
IR,Iran,2007,rice,3000.0,0.0,0.0
IR,Iran,2007,wheat,15300.0,13000.0,2300.0
IR,Iran,2008,maize,5350.0,150.0,5200.0
IR,Iran,2008,rice,3100.0,0.0,0.0
IR,Iran,2008,wheat,15000.0,13000.0,2000.0
IR,Iran,2009,maize,5650.0,150.0,5500.0
IR,Iran,2009,rice,3150.0,0.0,0.0
IR,Iran,2009,wheat,15400.0,13200.0,2200.0
IR,Iran,2010,maize,5650.0,150.0,5500.0
IR,Iran,2010,rice,3250.0,0.0,0.0
IR,Iran,2010,wheat,15800.0,13600.0,2200.0
IR,Iran,2011,maize,5700.0,200.0,5500.0
IR,Iran,2011,rice,3300.0,0.0,0.0
IR,Iran,2011,wheat,15200.0,13400.0,1800.0
IR,Iran,2012,maize,6000.0,200.0,5800.0
IR,Iran,2012,rice,3300.0,0.0,0.0
IR,Iran,2012,wheat,15800.0,13600.0,2200.0
IR,Iran,2013,maize,6800.0,200.0,6600.0
IR,Iran,2013,rice,3200.0,0.0,0.0
IR,Iran,2013,wheat,16250.0,13750.0,2500.0
IR,Iran,2014,maize,7400.0,200.0,7200.0
IR,Iran,2014,rice,3100.0,0.0,0.0
IR,Iran,2014,wheat,16400.0,13900.0,2500.0
IR,Iran,2015,maize,8800.0,300.0,8500.0
IR,Iran,2015,rice,2900.0,0.0,0.0
IR,Iran,2015,wheat,16100.0,14100.0,2000.0
IR,Iran,2016,maize,9300.0,300.0,9000.0
IR,Iran,2016,rice,2950.0,0.0,0.0
IR,Iran,2016,wheat,16250.0,14250.0,2000.0
IR,Iran,2017,maize,9800.0,300.0,9500.0
IR,Iran,2017,rice,3050.0,0.0,0.0
IR,Iran,2017,wheat,15900.0,14400.0,1500.0
IR,Iran,2018,maize,10300.0,300.0,10000.0
IR,Iran,2018,rice,3150.0,0.0,0.0
IR,Iran,2018,wheat,16100.0,14600.0,1500.0
IR,Iran,2019,maize,8200.0,400.0,7800.0
IR,Iran,2019,rice,3250.0,0.0,0.0
IR,Iran,2019,wheat,17200.0,15200.0,2000.0
IR,Iran,2020,maize,8400.0,400.0,8000.0
IR,Iran,2020,rice,3100.0,0.0,0.0
IR,Iran,2020,wheat,17400.0,15400.0,2000.0
IR,Iran,2021,maize,10000.0,400.0,9600.0
IR,Iran,2021,rice,3050.0,0.0,0.0
IR,Iran,2021,wheat,18200.0,15700.0,2500.0
IR,Iran,2022,maize,8200.0,400.0,7800.0
IR,Iran,2022,rice,2950.0,0.0,0.0
IR,Iran,2022,wheat,18100.0,15800.0,2300.0
IR,Iran,2023,maize,9900.0,400.0,9500.0
IR,Iran,2023,rice,3000.0,0.0,0.0
IR,Iran,2023,wheat,17300.0,15800.0,1500.0
IR,Iran,2024,maize,11250.0,450.0,10800.0
IR,Iran,2024,rice,3100.0,0.0,0.0
IR,Iran,2024,wheat,16900.0,15900.0,1000.0
IR,Iran,2025,maize,10850.0,450.0,10400.0
IR,Iran,2025,rice,3050.0,0.0,0.0
IR,Iran,2025,wheat,16950.0,15950.0,1000.0
IR,Iran,2026,maize,10850.0,450.0,10400.0
IR,Iran,2026,rice,3050.0,0.0,0.0
IR,Iran,2026,wheat,17050.0,16050.0,1000.0
IS,Israel,1960,maize,141.0,3.0,138.0
IS,Israel,1960,rice,14.0,0.0,0.0
IS,Israel,1960,wheat,330.0,301.0,29.0
IS,Israel,1961,maize,127.0,3.0,124.0
IS,Israel,1961,rice,14.0,0.0,0.0
IS,Israel,1961,wheat,339.0,306.0,33.0
IS,Israel,1962,maize,176.0,3.0,173.0
IS,Israel,1962,rice,15.0,0.0,0.0
IS,Israel,1962,wheat,346.0,316.0,30.0
IS,Israel,1963,maize,189.0,3.0,186.0
IS,Israel,1963,rice,15.0,0.0,0.0
IS,Israel,1963,wheat,336.0,304.0,32.0
IS,Israel,1964,maize,203.0,13.0,190.0
IS,Israel,1964,rice,16.0,0.0,0.0
IS,Israel,1964,wheat,350.0,326.0,24.0
IS,Israel,1965,maize,172.0,3.0,169.0
IS,Israel,1965,rice,17.0,0.0,0.0
IS,Israel,1965,wheat,384.0,331.0,53.0
IS,Israel,1966,maize,163.0,4.0,159.0
IS,Israel,1966,rice,17.0,0.0,0.0
IS,Israel,1966,wheat,384.0,339.0,45.0
IS,Israel,1967,maize,149.0,5.0,144.0
IS,Israel,1967,rice,21.0,0.0,0.0
IS,Israel,1967,wheat,390.0,358.0,32.0
IS,Israel,1968,maize,111.0,7.0,104.0
IS,Israel,1968,rice,26.0,0.0,0.0
IS,Israel,1968,wheat,450.0,414.0,36.0
IS,Israel,1969,maize,101.0,4.0,97.0
IS,Israel,1969,rice,30.0,0.0,0.0
IS,Israel,1969,wheat,476.0,410.0,66.0
IS,Israel,1970,maize,86.0,5.0,81.0
IS,Israel,1970,rice,37.0,0.0,0.0
IS,Israel,1970,wheat,496.0,449.0,47.0
IS,Israel,1971,maize,120.0,18.0,102.0
IS,Israel,1971,rice,39.0,0.0,0.0
IS,Israel,1971,wheat,550.0,502.0,48.0
IS,Israel,1972,maize,137.0,45.0,92.0
IS,Israel,1972,rice,37.0,0.0,0.0
IS,Israel,1972,wheat,597.0,563.0,34.0
IS,Israel,1973,maize,156.0,30.0,126.0
IS,Israel,1973,rice,28.0,0.0,0.0
IS,Israel,1973,wheat,600.0,535.0,65.0
IS,Israel,1974,maize,146.0,25.0,121.0
IS,Israel,1974,rice,36.0,0.0,0.0
IS,Israel,1974,wheat,659.0,582.0,77.0
IS,Israel,1975,maize,259.0,43.0,216.0
IS,Israel,1975,rice,40.0,0.0,0.0
IS,Israel,1975,wheat,684.0,614.0,70.0
IS,Israel,1976,maize,313.0,27.0,286.0
IS,Israel,1976,rice,43.0,0.0,0.0
IS,Israel,1976,wheat,649.0,597.0,52.0
IS,Israel,1977,maize,337.0,38.0,299.0
IS,Israel,1977,rice,34.0,0.0,0.0
IS,Israel,1977,wheat,646.0,603.0,43.0
IS,Israel,1978,maize,366.0,30.0,336.0
IS,Israel,1978,rice,39.0,0.0,0.0
IS,Israel,1978,wheat,780.0,739.0,41.0
IS,Israel,1979,maize,467.0,40.0,427.0
IS,Israel,1979,rice,39.0,0.0,0.0
IS,Israel,1979,wheat,728.0,689.0,39.0
IS,Israel,1980,maize,609.0,44.0,565.0
IS,Israel,1980,rice,38.0,0.0,0.0
IS,Israel,1980,wheat,695.0,675.0,20.0
IS,Israel,1981,maize,571.0,45.0,526.0
IS,Israel,1981,rice,40.0,0.0,0.0
IS,Israel,1981,wheat,700.0,680.0,20.0
IS,Israel,1982,maize,665.0,25.0,640.0
IS,Israel,1982,rice,56.0,0.0,0.0
IS,Israel,1982,wheat,710.0,690.0,20.0
IS,Israel,1983,maize,280.0,20.0,260.0
IS,Israel,1983,rice,58.0,0.0,0.0
IS,Israel,1983,wheat,725.0,700.0,25.0
IS,Israel,1984,maize,246.0,3.0,243.0
IS,Israel,1984,rice,38.0,0.0,0.0
IS,Israel,1984,wheat,721.0,700.0,21.0
IS,Israel,1985,maize,291.0,21.0,270.0
IS,Israel,1985,rice,42.0,0.0,0.0
IS,Israel,1985,wheat,721.0,700.0,21.0
IS,Israel,1986,maize,450.0,34.0,416.0
IS,Israel,1986,rice,55.0,0.0,0.0
IS,Israel,1986,wheat,797.0,750.0,47.0
IS,Israel,1987,maize,471.0,146.0,325.0
IS,Israel,1987,rice,50.0,0.0,0.0
IS,Israel,1987,wheat,825.0,775.0,50.0
IS,Israel,1988,maize,456.0,41.0,415.0
IS,Israel,1988,rice,33.0,0.0,0.0
IS,Israel,1988,wheat,855.0,775.0,80.0
IS,Israel,1989,maize,315.0,28.0,287.0
IS,Israel,1989,rice,45.0,0.0,0.0
IS,Israel,1989,wheat,905.0,775.0,130.0
IS,Israel,1990,maize,346.0,46.0,300.0
IS,Israel,1990,rice,53.0,0.0,0.0
IS,Israel,1990,wheat,1025.0,775.0,250.0
IS,Israel,1991,maize,420.0,36.0,384.0
IS,Israel,1991,rice,43.0,0.0,0.0
IS,Israel,1991,wheat,1100.0,800.0,300.0
IS,Israel,1992,maize,608.0,108.0,500.0
IS,Israel,1992,rice,52.0,0.0,0.0
IS,Israel,1992,wheat,1050.0,800.0,250.0
IS,Israel,1993,maize,289.0,89.0,200.0
IS,Israel,1993,rice,47.0,0.0,0.0
IS,Israel,1993,wheat,1275.0,750.0,525.0
IS,Israel,1994,maize,665.0,105.0,560.0
IS,Israel,1994,rice,58.0,0.0,0.0
IS,Israel,1994,wheat,1275.0,750.0,525.0
IS,Israel,1995,maize,653.0,103.0,550.0
IS,Israel,1995,rice,69.0,0.0,0.0
IS,Israel,1995,wheat,1225.0,775.0,450.0
IS,Israel,1996,maize,605.0,105.0,500.0
IS,Israel,1996,rice,76.0,0.0,0.0
IS,Israel,1996,wheat,1325.0,800.0,525.0
IS,Israel,1997,maize,655.0,100.0,555.0
IS,Israel,1997,rice,77.0,0.0,0.0
IS,Israel,1997,wheat,1450.0,800.0,650.0
IS,Israel,1998,maize,580.0,100.0,480.0
IS,Israel,1998,rice,78.0,0.0,0.0
IS,Israel,1998,wheat,1700.0,800.0,900.0
IS,Israel,1999,maize,780.0,100.0,680.0
IS,Israel,1999,rice,73.0,0.0,0.0
IS,Israel,1999,wheat,1625.0,825.0,800.0
IS,Israel,2000,maize,995.0,100.0,895.0
IS,Israel,2000,rice,60.0,0.0,0.0
IS,Israel,2000,wheat,1300.0,800.0,500.0
IS,Israel,2001,maize,1000.0,100.0,900.0
IS,Israel,2001,rice,60.0,0.0,0.0
IS,Israel,2001,wheat,1650.0,850.0,800.0
IS,Israel,2002,maize,750.0,100.0,650.0
IS,Israel,2002,rice,50.0,0.0,0.0
IS,Israel,2002,wheat,1850.0,850.0,1000.0
IS,Israel,2003,maize,1400.0,100.0,1300.0
IS,Israel,2003,rice,45.0,0.0,0.0
IS,Israel,2003,wheat,1075.0,875.0,200.0
IS,Israel,2004,maize,1200.0,100.0,1100.0
IS,Israel,2004,rice,50.0,0.0,0.0
IS,Israel,2004,wheat,1700.0,900.0,800.0
IS,Israel,2005,maize,1150.0,100.0,1050.0
IS,Israel,2005,rice,55.0,0.0,0.0
IS,Israel,2005,wheat,1800.0,900.0,900.0
IS,Israel,2006,maize,1300.0,100.0,1200.0
IS,Israel,2006,rice,60.0,0.0,0.0
IS,Israel,2006,wheat,1600.0,900.0,700.0
IS,Israel,2007,maize,1400.0,100.0,1300.0
IS,Israel,2007,rice,65.0,0.0,0.0
IS,Israel,2007,wheat,1400.0,900.0,500.0
IS,Israel,2008,maize,900.0,100.0,800.0
IS,Israel,2008,rice,70.0,0.0,0.0
IS,Israel,2008,wheat,1950.0,950.0,1000.0
IS,Israel,2009,maize,1000.0,100.0,900.0
IS,Israel,2009,rice,79.0,0.0,0.0
IS,Israel,2009,wheat,1850.0,900.0,950.0
IS,Israel,2010,maize,1000.0,100.0,900.0
IS,Israel,2010,rice,93.0,0.0,0.0
IS,Israel,2010,wheat,1650.0,900.0,750.0
IS,Israel,2011,maize,1150.0,100.0,1050.0
IS,Israel,2011,rice,100.0,0.0,0.0
IS,Israel,2011,wheat,1920.0,920.0,1000.0
IS,Israel,2012,maize,1200.0,100.0,1100.0
IS,Israel,2012,rice,96.0,0.0,0.0
IS,Israel,2012,wheat,1930.0,930.0,1000.0
IS,Israel,2013,maize,1600.0,100.0,1500.0
IS,Israel,2013,rice,99.0,0.0,0.0
IS,Israel,2013,wheat,1800.0,950.0,850.0
IS,Israel,2014,maize,1300.0,100.0,1200.0
IS,Israel,2014,rice,105.0,0.0,0.0
IS,Israel,2014,wheat,1720.0,970.0,750.0
IS,Israel,2015,maize,1200.0,100.0,1100.0
IS,Israel,2015,rice,116.0,0.0,0.0
IS,Israel,2015,wheat,1780.0,980.0,800.0
IS,Israel,2016,maize,1470.0,100.0,1370.0
IS,Israel,2016,rice,115.0,0.0,0.0
IS,Israel,2016,wheat,1875.0,1025.0,850.0
IS,Israel,2017,maize,1800.0,100.0,1700.0
IS,Israel,2017,rice,120.0,0.0,0.0
IS,Israel,2017,wheat,1900.0,1050.0,850.0
IS,Israel,2018,maize,1600.0,100.0,1500.0
IS,Israel,2018,rice,125.0,0.0,0.0
IS,Israel,2018,wheat,1900.0,1050.0,850.0
IS,Israel,2019,maize,2000.0,100.0,1900.0
IS,Israel,2019,rice,175.0,0.0,0.0
IS,Israel,2019,wheat,1850.0,1100.0,750.0
IS,Israel,2020,maize,1500.0,100.0,1400.0
IS,Israel,2020,rice,159.0,0.0,0.0
IS,Israel,2020,wheat,1950.0,1100.0,850.0
IS,Israel,2021,maize,1800.0,100.0,1700.0
IS,Israel,2021,rice,136.0,0.0,0.0
IS,Israel,2021,wheat,2150.0,1300.0,850.0
IS,Israel,2022,maize,1350.0,100.0,1250.0
IS,Israel,2022,rice,145.0,0.0,0.0
IS,Israel,2022,wheat,2200.0,1300.0,900.0
IS,Israel,2023,maize,1400.0,100.0,1300.0
IS,Israel,2023,rice,168.0,0.0,0.0
IS,Israel,2023,wheat,2200.0,1300.0,900.0
IS,Israel,2024,maize,1500.0,100.0,1400.0
IS,Israel,2024,rice,175.0,0.0,0.0
IS,Israel,2024,wheat,2200.0,1250.0,950.0
IS,Israel,2025,maize,1500.0,100.0,1400.0
IS,Israel,2025,rice,180.0,0.0,0.0
IS,Israel,2025,wheat,2500.0,1450.0,1050.0
IS,Israel,2026,maize,1400.0,100.0,1300.0
IS,Israel,2026,rice,190.0,0.0,0.0
IS,Israel,2026,wheat,2525.0,1525.0,1000.0
IV,Cote d'Ivoire,1960,maize,143.0,131.0,12.0
IV,Cote d'Ivoire,1960,rice,133.0,0.0,0.0
IV,Cote d'Ivoire,1960,wheat,7.0,7.0,0.0
IV,Cote d'Ivoire,1961,maize,103.0,91.0,12.0
IV,Cote d'Ivoire,1961,rice,140.0,0.0,0.0
IV,Cote d'Ivoire,1961,wheat,7.0,7.0,0.0
IV,Cote d'Ivoire,1962,maize,163.0,150.0,13.0
IV,Cote d'Ivoire,1962,rice,168.0,0.0,0.0
IV,Cote d'Ivoire,1962,wheat,21.0,21.0,0.0
IV,Cote d'Ivoire,1963,maize,169.0,155.0,14.0
IV,Cote d'Ivoire,1963,rice,187.0,0.0,0.0
IV,Cote d'Ivoire,1963,wheat,34.0,34.0,0.0
IV,Cote d'Ivoire,1964,maize,175.0,160.0,15.0
IV,Cote d'Ivoire,1964,rice,232.0,0.0,0.0
IV,Cote d'Ivoire,1964,wheat,88.0,88.0,0.0
IV,Cote d'Ivoire,1965,maize,198.0,182.0,16.0
IV,Cote d'Ivoire,1965,rice,232.0,0.0,0.0
IV,Cote d'Ivoire,1965,wheat,80.0,80.0,0.0
IV,Cote d'Ivoire,1966,maize,210.0,192.0,18.0
IV,Cote d'Ivoire,1966,rice,194.0,0.0,0.0
IV,Cote d'Ivoire,1966,wheat,113.0,113.0,0.0
IV,Cote d'Ivoire,1967,maize,211.0,188.0,23.0
IV,Cote d'Ivoire,1967,rice,262.0,0.0,0.0
IV,Cote d'Ivoire,1967,wheat,63.0,63.0,0.0
IV,Cote d'Ivoire,1968,maize,206.0,187.0,19.0
IV,Cote d'Ivoire,1968,rice,282.0,0.0,0.0
IV,Cote d'Ivoire,1968,wheat,59.0,59.0,0.0
IV,Cote d'Ivoire,1969,maize,260.0,201.0,59.0
IV,Cote d'Ivoire,1969,rice,267.0,0.0,0.0
IV,Cote d'Ivoire,1969,wheat,124.0,124.0,0.0
IV,Cote d'Ivoire,1970,maize,238.0,182.0,56.0
IV,Cote d'Ivoire,1970,rice,293.0,0.0,0.0
IV,Cote d'Ivoire,1970,wheat,120.0,120.0,0.0
IV,Cote d'Ivoire,1971,maize,277.0,190.0,87.0
IV,Cote d'Ivoire,1971,rice,327.0,0.0,0.0
IV,Cote d'Ivoire,1971,wheat,92.0,92.0,0.0
IV,Cote d'Ivoire,1972,maize,233.0,207.0,26.0
IV,Cote d'Ivoire,1972,rice,288.0,0.0,0.0
IV,Cote d'Ivoire,1972,wheat,104.0,104.0,0.0
IV,Cote d'Ivoire,1973,maize,232.0,200.0,32.0
IV,Cote d'Ivoire,1973,rice,293.0,0.0,0.0
IV,Cote d'Ivoire,1973,wheat,118.0,118.0,0.0
IV,Cote d'Ivoire,1974,maize,240.0,200.0,40.0
IV,Cote d'Ivoire,1974,rice,300.0,0.0,0.0
IV,Cote d'Ivoire,1974,wheat,102.0,102.0,0.0
IV,Cote d'Ivoire,1975,maize,260.0,210.0,50.0
IV,Cote d'Ivoire,1975,rice,315.0,0.0,0.0
IV,Cote d'Ivoire,1975,wheat,106.0,106.0,0.0
IV,Cote d'Ivoire,1976,maize,257.0,212.0,45.0
IV,Cote d'Ivoire,1976,rice,314.0,0.0,0.0
IV,Cote d'Ivoire,1976,wheat,115.0,115.0,0.0
IV,Cote d'Ivoire,1977,maize,271.0,236.0,35.0
IV,Cote d'Ivoire,1977,rice,450.0,0.0,0.0
IV,Cote d'Ivoire,1977,wheat,163.0,163.0,0.0
IV,Cote d'Ivoire,1978,maize,264.0,229.0,35.0
IV,Cote d'Ivoire,1978,rice,554.0,0.0,0.0
IV,Cote d'Ivoire,1978,wheat,150.0,150.0,0.0
IV,Cote d'Ivoire,1979,maize,270.0,230.0,40.0
IV,Cote d'Ivoire,1979,rice,554.0,0.0,0.0
IV,Cote d'Ivoire,1979,wheat,165.0,165.0,0.0
IV,Cote d'Ivoire,1980,maize,405.0,365.0,40.0
IV,Cote d'Ivoire,1980,rice,553.0,0.0,0.0
IV,Cote d'Ivoire,1980,wheat,161.0,161.0,0.0
IV,Cote d'Ivoire,1981,maize,405.0,372.0,33.0
IV,Cote d'Ivoire,1981,rice,527.0,0.0,0.0
IV,Cote d'Ivoire,1981,wheat,185.0,185.0,0.0
IV,Cote d'Ivoire,1982,maize,430.0,395.0,35.0
IV,Cote d'Ivoire,1982,rice,633.0,0.0,0.0
IV,Cote d'Ivoire,1982,wheat,205.0,205.0,0.0
IV,Cote d'Ivoire,1983,maize,374.0,338.0,36.0
IV,Cote d'Ivoire,1983,rice,538.0,0.0,0.0
IV,Cote d'Ivoire,1983,wheat,205.0,205.0,0.0
IV,Cote d'Ivoire,1984,maize,495.0,459.0,36.0
IV,Cote d'Ivoire,1984,rice,620.0,0.0,0.0
IV,Cote d'Ivoire,1984,wheat,160.0,160.0,0.0
IV,Cote d'Ivoire,1985,maize,460.0,419.0,41.0
IV,Cote d'Ivoire,1985,rice,369.0,0.0,0.0
IV,Cote d'Ivoire,1985,wheat,225.0,225.0,0.0
IV,Cote d'Ivoire,1986,maize,440.0,398.0,42.0
IV,Cote d'Ivoire,1986,rice,576.0,0.0,0.0
IV,Cote d'Ivoire,1986,wheat,210.0,210.0,0.0
IV,Cote d'Ivoire,1987,maize,449.0,404.0,45.0
IV,Cote d'Ivoire,1987,rice,730.0,0.0,0.0
IV,Cote d'Ivoire,1987,wheat,253.0,253.0,0.0
IV,Cote d'Ivoire,1988,maize,520.0,465.0,55.0
IV,Cote d'Ivoire,1988,rice,540.0,0.0,0.0
IV,Cote d'Ivoire,1988,wheat,265.0,265.0,0.0
IV,Cote d'Ivoire,1989,maize,500.0,445.0,55.0
IV,Cote d'Ivoire,1989,rice,786.0,0.0,0.0
IV,Cote d'Ivoire,1989,wheat,237.0,237.0,0.0
IV,Cote d'Ivoire,1990,maize,537.0,487.0,50.0
IV,Cote d'Ivoire,1990,rice,657.0,0.0,0.0
IV,Cote d'Ivoire,1990,wheat,250.0,250.0,0.0
IV,Cote d'Ivoire,1991,maize,530.0,480.0,50.0
IV,Cote d'Ivoire,1991,rice,567.0,0.0,0.0
IV,Cote d'Ivoire,1991,wheat,238.0,238.0,0.0
IV,Cote d'Ivoire,1992,maize,523.0,473.0,50.0
IV,Cote d'Ivoire,1992,rice,702.0,0.0,0.0
IV,Cote d'Ivoire,1992,wheat,266.0,266.0,0.0
IV,Cote d'Ivoire,1993,maize,560.0,510.0,50.0
IV,Cote d'Ivoire,1993,rice,771.0,0.0,0.0
IV,Cote d'Ivoire,1993,wheat,236.0,236.0,0.0
IV,Cote d'Ivoire,1994,maize,560.0,510.0,50.0
IV,Cote d'Ivoire,1994,rice,696.0,0.0,0.0
IV,Cote d'Ivoire,1994,wheat,312.0,312.0,0.0
IV,Cote d'Ivoire,1995,maize,596.0,541.0,55.0
IV,Cote d'Ivoire,1995,rice,750.0,0.0,0.0
IV,Cote d'Ivoire,1995,wheat,139.0,139.0,0.0
IV,Cote d'Ivoire,1996,maize,624.0,569.0,55.0
IV,Cote d'Ivoire,1996,rice,810.0,0.0,0.0
IV,Cote d'Ivoire,1996,wheat,270.0,270.0,0.0
IV,Cote d'Ivoire,1997,maize,645.0,585.0,60.0
IV,Cote d'Ivoire,1997,rice,870.0,0.0,0.0
IV,Cote d'Ivoire,1997,wheat,343.0,343.0,0.0
IV,Cote d'Ivoire,1998,maize,620.0,560.0,60.0
IV,Cote d'Ivoire,1998,rice,930.0,0.0,0.0
IV,Cote d'Ivoire,1998,wheat,301.0,301.0,0.0
IV,Cote d'Ivoire,1999,maize,684.0,614.0,70.0
IV,Cote d'Ivoire,1999,rice,1000.0,0.0,0.0
IV,Cote d'Ivoire,1999,wheat,299.0,299.0,0.0
IV,Cote d'Ivoire,2000,maize,578.0,528.0,50.0
IV,Cote d'Ivoire,2000,rice,1050.0,0.0,0.0
IV,Cote d'Ivoire,2000,wheat,279.0,279.0,0.0
IV,Cote d'Ivoire,2001,maize,587.0,537.0,50.0
IV,Cote d'Ivoire,2001,rice,1120.0,0.0,0.0
IV,Cote d'Ivoire,2001,wheat,311.0,311.0,0.0
IV,Cote d'Ivoire,2002,maize,597.0,547.0,50.0
IV,Cote d'Ivoire,2002,rice,1180.0,0.0,0.0
IV,Cote d'Ivoire,2002,wheat,318.0,318.0,0.0
IV,Cote d'Ivoire,2003,maize,600.0,550.0,50.0
IV,Cote d'Ivoire,2003,rice,1129.0,0.0,0.0
IV,Cote d'Ivoire,2003,wheat,201.0,201.0,0.0
IV,Cote d'Ivoire,2004,maize,649.0,599.0,50.0
IV,Cote d'Ivoire,2004,rice,1180.0,0.0,0.0
IV,Cote d'Ivoire,2004,wheat,278.0,278.0,0.0
IV,Cote d'Ivoire,2005,maize,646.0,596.0,50.0
IV,Cote d'Ivoire,2005,rice,1160.0,0.0,0.0
IV,Cote d'Ivoire,2005,wheat,262.0,262.0,0.0
IV,Cote d'Ivoire,2006,maize,641.0,591.0,50.0
IV,Cote d'Ivoire,2006,rice,1350.0,0.0,0.0
IV,Cote d'Ivoire,2006,wheat,205.0,205.0,0.0
IV,Cote d'Ivoire,2007,maize,537.0,487.0,50.0
IV,Cote d'Ivoire,2007,rice,1330.0,0.0,0.0
IV,Cote d'Ivoire,2007,wheat,260.0,260.0,0.0
IV,Cote d'Ivoire,2008,maize,625.0,575.0,50.0
IV,Cote d'Ivoire,2008,rice,1350.0,0.0,0.0
IV,Cote d'Ivoire,2008,wheat,246.0,246.0,0.0
IV,Cote d'Ivoire,2009,maize,650.0,600.0,50.0
IV,Cote d'Ivoire,2009,rice,1330.0,0.0,0.0
IV,Cote d'Ivoire,2009,wheat,350.0,350.0,0.0
IV,Cote d'Ivoire,2010,maize,625.0,575.0,50.0
IV,Cote d'Ivoire,2010,rice,1450.0,0.0,0.0
IV,Cote d'Ivoire,2010,wheat,370.0,360.0,10.0
IV,Cote d'Ivoire,2011,maize,625.0,575.0,50.0
IV,Cote d'Ivoire,2011,rice,1600.0,0.0,0.0
IV,Cote d'Ivoire,2011,wheat,380.0,370.0,10.0
IV,Cote d'Ivoire,2012,maize,625.0,500.0,125.0
IV,Cote d'Ivoire,2012,rice,1900.0,0.0,0.0
IV,Cote d'Ivoire,2012,wheat,390.0,380.0,10.0
IV,Cote d'Ivoire,2013,maize,625.0,500.0,125.0
IV,Cote d'Ivoire,2013,rice,2200.0,0.0,0.0
IV,Cote d'Ivoire,2013,wheat,400.0,390.0,10.0
IV,Cote d'Ivoire,2014,maize,675.0,550.0,125.0
IV,Cote d'Ivoire,2014,rice,2400.0,0.0,0.0
IV,Cote d'Ivoire,2014,wheat,400.0,390.0,10.0
IV,Cote d'Ivoire,2015,maize,1000.0,750.0,250.0
IV,Cote d'Ivoire,2015,rice,2500.0,0.0,0.0
IV,Cote d'Ivoire,2015,wheat,425.0,415.0,10.0
IV,Cote d'Ivoire,2016,maize,950.0,750.0,200.0
IV,Cote d'Ivoire,2016,rice,2600.0,0.0,0.0
IV,Cote d'Ivoire,2016,wheat,475.0,465.0,10.0
IV,Cote d'Ivoire,2017,maize,1000.0,750.0,250.0
IV,Cote d'Ivoire,2017,rice,2600.0,0.0,0.0
IV,Cote d'Ivoire,2017,wheat,485.0,475.0,10.0
IV,Cote d'Ivoire,2018,maize,1050.0,775.0,275.0
IV,Cote d'Ivoire,2018,rice,2600.0,0.0,0.0
IV,Cote d'Ivoire,2018,wheat,500.0,500.0,0.0
IV,Cote d'Ivoire,2019,maize,1050.0,775.0,275.0
IV,Cote d'Ivoire,2019,rice,2400.0,0.0,0.0
IV,Cote d'Ivoire,2019,wheat,520.0,520.0,0.0
IV,Cote d'Ivoire,2020,maize,1200.0,800.0,400.0
IV,Cote d'Ivoire,2020,rice,2450.0,0.0,0.0
IV,Cote d'Ivoire,2020,wheat,550.0,550.0,0.0
IV,Cote d'Ivoire,2021,maize,1175.0,800.0,375.0
IV,Cote d'Ivoire,2021,rice,2550.0,0.0,0.0
IV,Cote d'Ivoire,2021,wheat,580.0,580.0,0.0
IV,Cote d'Ivoire,2022,maize,1125.0,800.0,325.0
IV,Cote d'Ivoire,2022,rice,2700.0,0.0,0.0
IV,Cote d'Ivoire,2022,wheat,620.0,620.0,0.0
IV,Cote d'Ivoire,2023,maize,1350.0,825.0,525.0
IV,Cote d'Ivoire,2023,rice,2800.0,0.0,0.0
IV,Cote d'Ivoire,2023,wheat,700.0,700.0,0.0
IV,Cote d'Ivoire,2024,maize,1700.0,900.0,800.0
IV,Cote d'Ivoire,2024,rice,3100.0,0.0,0.0
IV,Cote d'Ivoire,2024,wheat,850.0,850.0,0.0
IV,Cote d'Ivoire,2025,maize,1725.0,950.0,775.0
IV,Cote d'Ivoire,2025,rice,3350.0,0.0,0.0
IV,Cote d'Ivoire,2025,wheat,880.0,880.0,0.0
IV,Cote d'Ivoire,2026,maize,1775.0,1000.0,775.0
IV,Cote d'Ivoire,2026,rice,3500.0,0.0,0.0
IV,Cote d'Ivoire,2026,wheat,900.0,900.0,0.0
IZ,Iraq,1960,rice,149.0,0.0,0.0
IZ,Iraq,1960,wheat,768.0,768.0,0.0
IZ,Iraq,1961,maize,2.0,2.0,0.0
IZ,Iraq,1961,rice,112.0,0.0,0.0
IZ,Iraq,1961,wheat,1204.0,1204.0,0.0
IZ,Iraq,1962,maize,2.0,2.0,0.0
IZ,Iraq,1962,rice,66.0,0.0,0.0
IZ,Iraq,1962,wheat,1079.0,1079.0,0.0
IZ,Iraq,1963,maize,2.0,2.0,0.0
IZ,Iraq,1963,rice,196.0,0.0,0.0
IZ,Iraq,1963,wheat,781.0,781.0,0.0
IZ,Iraq,1964,maize,3.0,3.0,0.0
IZ,Iraq,1964,rice,109.0,0.0,0.0
IZ,Iraq,1964,wheat,983.0,983.0,0.0
IZ,Iraq,1965,maize,4.0,4.0,0.0
IZ,Iraq,1965,rice,118.0,0.0,0.0
IZ,Iraq,1965,wheat,1041.0,1041.0,0.0
IZ,Iraq,1966,maize,4.0,4.0,0.0
IZ,Iraq,1966,rice,116.0,0.0,0.0
IZ,Iraq,1966,wheat,951.0,951.0,0.0
IZ,Iraq,1967,maize,4.0,4.0,0.0
IZ,Iraq,1967,rice,209.0,0.0,0.0
IZ,Iraq,1967,wheat,1343.0,1343.0,0.0
IZ,Iraq,1968,maize,4.0,4.0,0.0
IZ,Iraq,1968,rice,234.0,0.0,0.0
IZ,Iraq,1968,wheat,1599.0,1599.0,0.0
IZ,Iraq,1969,maize,5.0,5.0,0.0
IZ,Iraq,1969,rice,214.0,0.0,0.0
IZ,Iraq,1969,wheat,1260.0,1260.0,0.0
IZ,Iraq,1970,maize,6.0,6.0,0.0
IZ,Iraq,1970,rice,217.0,0.0,0.0
IZ,Iraq,1970,wheat,1381.0,1381.0,0.0
IZ,Iraq,1971,maize,16.0,16.0,0.0
IZ,Iraq,1971,rice,237.0,0.0,0.0
IZ,Iraq,1971,wheat,1080.0,1080.0,0.0
IZ,Iraq,1972,maize,18.0,18.0,0.0
IZ,Iraq,1972,rice,194.0,0.0,0.0
IZ,Iraq,1972,wheat,1996.0,1996.0,0.0
IZ,Iraq,1973,maize,19.0,19.0,0.0
IZ,Iraq,1973,rice,315.0,0.0,0.0
IZ,Iraq,1973,wheat,1840.0,1840.0,0.0
IZ,Iraq,1974,maize,15.0,15.0,0.0
IZ,Iraq,1974,rice,264.0,0.0,0.0
IZ,Iraq,1974,wheat,1946.0,1946.0,0.0
IZ,Iraq,1975,maize,25.0,13.0,12.0
IZ,Iraq,1975,rice,239.0,0.0,0.0
IZ,Iraq,1975,wheat,1743.0,1718.0,25.0
IZ,Iraq,1976,maize,64.0,4.0,60.0
IZ,Iraq,1976,rice,346.0,0.0,0.0
IZ,Iraq,1976,wheat,2013.0,1988.0,25.0
IZ,Iraq,1977,maize,130.0,10.0,120.0
IZ,Iraq,1977,rice,423.0,0.0,0.0
IZ,Iraq,1977,wheat,1946.0,1896.0,50.0
IZ,Iraq,1978,maize,160.0,30.0,130.0
IZ,Iraq,1978,rice,497.0,0.0,0.0
IZ,Iraq,1978,wheat,2100.0,2050.0,50.0
IZ,Iraq,1979,maize,225.0,25.0,200.0
IZ,Iraq,1979,rice,484.0,0.0,0.0
IZ,Iraq,1979,wheat,2707.0,2657.0,50.0
IZ,Iraq,1980,maize,250.0,10.0,240.0
IZ,Iraq,1980,rice,461.0,0.0,0.0
IZ,Iraq,1980,wheat,2700.0,2600.0,100.0
IZ,Iraq,1981,maize,250.0,50.0,200.0
IZ,Iraq,1981,rice,494.0,0.0,0.0
IZ,Iraq,1981,wheat,2700.0,2600.0,100.0
IZ,Iraq,1982,maize,230.0,10.0,220.0
IZ,Iraq,1982,rice,332.0,0.0,0.0
IZ,Iraq,1982,wheat,2700.0,2550.0,150.0
IZ,Iraq,1983,maize,258.0,58.0,200.0
IZ,Iraq,1983,rice,547.0,0.0,0.0
IZ,Iraq,1983,wheat,3600.0,3450.0,150.0
IZ,Iraq,1984,maize,347.0,17.0,330.0
IZ,Iraq,1984,rice,484.0,0.0,0.0
IZ,Iraq,1984,wheat,3550.0,3350.0,200.0
IZ,Iraq,1985,maize,430.0,30.0,400.0
IZ,Iraq,1985,rice,438.0,0.0,0.0
IZ,Iraq,1985,wheat,3062.0,2862.0,200.0
IZ,Iraq,1986,maize,584.0,84.0,500.0
IZ,Iraq,1986,rice,611.0,0.0,0.0
IZ,Iraq,1986,wheat,3766.0,3566.0,200.0
IZ,Iraq,1987,maize,677.0,52.0,625.0
IZ,Iraq,1987,rice,574.0,0.0,0.0
IZ,Iraq,1987,wheat,4044.0,3844.0,200.0
IZ,Iraq,1988,maize,588.0,63.0,525.0
IZ,Iraq,1988,rice,536.0,0.0,0.0
IZ,Iraq,1988,wheat,4556.0,4156.0,400.0
IZ,Iraq,1989,maize,716.0,66.0,650.0
IZ,Iraq,1989,rice,613.0,0.0,0.0
IZ,Iraq,1989,wheat,3988.0,3788.0,200.0
IZ,Iraq,1990,maize,172.0,12.0,160.0
IZ,Iraq,1990,rice,519.0,0.0,0.0
IZ,Iraq,1990,wheat,1755.0,1705.0,50.0
IZ,Iraq,1991,maize,236.0,16.0,220.0
IZ,Iraq,1991,rice,649.0,0.0,0.0
IZ,Iraq,1991,wheat,4327.0,4327.0,0.0
IZ,Iraq,1992,maize,260.0,110.0,150.0
IZ,Iraq,1992,rice,650.0,0.0,0.0
IZ,Iraq,1992,wheat,2142.0,2142.0,0.0
IZ,Iraq,1993,maize,280.0,120.0,160.0
IZ,Iraq,1993,rice,343.0,0.0,0.0
IZ,Iraq,1993,wheat,2150.0,2150.0,0.0
IZ,Iraq,1994,maize,128.0,58.0,70.0
IZ,Iraq,1994,rice,354.0,0.0,0.0
IZ,Iraq,1994,wheat,2155.0,2155.0,0.0
IZ,Iraq,1995,maize,90.0,50.0,40.0
IZ,Iraq,1995,rice,443.0,0.0,0.0
IZ,Iraq,1995,wheat,2263.0,2263.0,0.0
IZ,Iraq,1996,maize,125.0,60.0,65.0
IZ,Iraq,1996,rice,824.0,0.0,0.0
IZ,Iraq,1996,wheat,2403.0,2403.0,0.0
IZ,Iraq,1997,maize,121.0,61.0,60.0
IZ,Iraq,1997,rice,843.0,0.0,0.0
IZ,Iraq,1997,wheat,3069.0,3069.0,0.0
IZ,Iraq,1998,maize,133.0,58.0,75.0
IZ,Iraq,1998,rice,879.0,0.0,0.0
IZ,Iraq,1998,wheat,3159.0,3159.0,0.0
IZ,Iraq,1999,maize,115.0,60.0,55.0
IZ,Iraq,1999,rice,994.0,0.0,0.0
IZ,Iraq,1999,wheat,3569.0,3569.0,0.0
IZ,Iraq,2000,maize,136.0,60.0,76.0
IZ,Iraq,2000,rice,1099.0,0.0,0.0
IZ,Iraq,2000,wheat,3992.0,3692.0,300.0
IZ,Iraq,2001,maize,232.0,50.0,182.0
IZ,Iraq,2001,rice,1163.0,0.0,0.0
IZ,Iraq,2001,wheat,4863.0,4463.0,400.0
IZ,Iraq,2002,maize,248.0,50.0,198.0
IZ,Iraq,2002,rice,1289.0,0.0,0.0
IZ,Iraq,2002,wheat,5162.0,4562.0,600.0
IZ,Iraq,2003,maize,268.0,50.0,218.0
IZ,Iraq,2003,rice,1049.0,0.0,0.0
IZ,Iraq,2003,wheat,5570.0,4820.0,750.0
IZ,Iraq,2004,maize,450.0,50.0,400.0
IZ,Iraq,2004,rice,953.0,0.0,0.0
IZ,Iraq,2004,wheat,5672.0,4872.0,800.0
IZ,Iraq,2005,maize,450.0,50.0,400.0
IZ,Iraq,2005,rice,1225.0,0.0,0.0
IZ,Iraq,2005,wheat,6524.0,5824.0,700.0
IZ,Iraq,2006,maize,425.0,50.0,375.0
IZ,Iraq,2006,rice,1050.0,0.0,0.0
IZ,Iraq,2006,wheat,6370.0,5870.0,500.0
IZ,Iraq,2007,maize,400.0,50.0,350.0
IZ,Iraq,2007,rice,1250.0,0.0,0.0
IZ,Iraq,2007,wheat,5607.0,5007.0,600.0
IZ,Iraq,2008,maize,360.0,50.0,310.0
IZ,Iraq,2008,rice,1252.0,0.0,0.0
IZ,Iraq,2008,wheat,5284.0,4534.0,750.0
IZ,Iraq,2009,maize,325.0,50.0,275.0
IZ,Iraq,2009,rice,1240.0,0.0,0.0
IZ,Iraq,2009,wheat,5874.0,5174.0,700.0
IZ,Iraq,2010,maize,375.0,50.0,325.0
IZ,Iraq,2010,rice,1365.0,0.0,0.0
IZ,Iraq,2010,wheat,6307.0,5507.0,800.0
IZ,Iraq,2011,maize,350.0,50.0,300.0
IZ,Iraq,2011,rice,1375.0,0.0,0.0
IZ,Iraq,2011,wheat,6359.0,5659.0,700.0
IZ,Iraq,2012,maize,450.0,50.0,400.0
IZ,Iraq,2012,rice,1400.0,0.0,0.0
IZ,Iraq,2012,wheat,6060.0,5685.0,375.0
IZ,Iraq,2013,maize,800.0,100.0,700.0
IZ,Iraq,2013,rice,1400.0,0.0,0.0
IZ,Iraq,2013,wheat,6600.0,5800.0,800.0
IZ,Iraq,2014,maize,510.0,50.0,460.0
IZ,Iraq,2014,rice,1400.0,0.0,0.0
IZ,Iraq,2014,wheat,5900.0,5500.0,400.0
IZ,Iraq,2015,maize,600.0,50.0,550.0
IZ,Iraq,2015,rice,1250.0,0.0,0.0
IZ,Iraq,2015,wheat,6425.0,5775.0,650.0
IZ,Iraq,2016,maize,550.0,50.0,500.0
IZ,Iraq,2016,rice,1300.0,0.0,0.0
IZ,Iraq,2016,wheat,6650.0,6000.0,650.0
IZ,Iraq,2017,maize,650.0,50.0,600.0
IZ,Iraq,2017,rice,1300.0,0.0,0.0
IZ,Iraq,2017,wheat,7700.0,6400.0,1300.0
IZ,Iraq,2018,maize,600.0,50.0,550.0
IZ,Iraq,2018,rice,1250.0,0.0,0.0
IZ,Iraq,2018,wheat,7400.0,6600.0,800.0
IZ,Iraq,2019,maize,1100.0,100.0,1000.0
IZ,Iraq,2019,rice,1400.0,0.0,0.0
IZ,Iraq,2019,wheat,7000.0,6600.0,400.0
IZ,Iraq,2020,maize,1250.0,100.0,1150.0
IZ,Iraq,2020,rice,1550.0,0.0,0.0
IZ,Iraq,2020,wheat,7000.0,6600.0,400.0
IZ,Iraq,2021,maize,1330.0,130.0,1200.0
IZ,Iraq,2021,rice,1800.0,0.0,0.0
IZ,Iraq,2021,wheat,6550.0,6300.0,250.0
IZ,Iraq,2022,maize,955.0,100.0,855.0
IZ,Iraq,2022,rice,2000.0,0.0,0.0
IZ,Iraq,2022,wheat,6700.0,6500.0,200.0
IZ,Iraq,2023,maize,1800.0,150.0,1650.0
IZ,Iraq,2023,rice,2200.0,0.0,0.0
IZ,Iraq,2023,wheat,7100.0,6600.0,500.0
IZ,Iraq,2024,maize,1600.0,150.0,1450.0
IZ,Iraq,2024,rice,2300.0,0.0,0.0
IZ,Iraq,2024,wheat,7700.0,7000.0,700.0
IZ,Iraq,2025,maize,2050.0,150.0,1900.0
IZ,Iraq,2025,rice,2350.0,0.0,0.0
IZ,Iraq,2025,wheat,7700.0,7200.0,500.0
IZ,Iraq,2026,maize,2000.0,150.0,1850.0
IZ,Iraq,2026,rice,2400.0,0.0,0.0
IZ,Iraq,2026,wheat,8000.0,7400.0,600.0
JA,Japan,1960,maize,1821.0,100.0,1721.0
JA,Japan,1960,rice,11900.0,0.0,0.0
JA,Japan,1960,wheat,4187.0,3850.0,337.0
JA,Japan,1961,maize,2220.0,101.0,2119.0
JA,Japan,1961,rice,11909.0,0.0,0.0
JA,Japan,1961,wheat,4165.0,4020.0,145.0
JA,Japan,1962,maize,2495.0,150.0,2345.0
JA,Japan,1962,rice,12115.0,0.0,0.0
JA,Japan,1962,wheat,4390.0,4151.0,239.0
JA,Japan,1963,maize,3132.0,290.0,2842.0
JA,Japan,1963,rice,12061.0,0.0,0.0
JA,Japan,1963,wheat,4455.0,4240.0,215.0
JA,Japan,1964,maize,3287.0,392.0,2895.0
JA,Japan,1964,rice,12186.0,0.0,0.0
JA,Japan,1964,wheat,4710.0,4345.0,365.0
JA,Japan,1965,maize,2956.0,542.0,2414.0
JA,Japan,1965,rice,11880.0,0.0,0.0
JA,Japan,1965,wheat,4704.0,4547.0,157.0
JA,Japan,1966,maize,3989.0,700.0,3289.0
JA,Japan,1966,rice,11700.0,0.0,0.0
JA,Japan,1966,wheat,4967.0,4775.0,192.0
JA,Japan,1967,maize,4450.0,948.0,3502.0
JA,Japan,1967,rice,11555.0,0.0,0.0
JA,Japan,1967,wheat,5070.0,4825.0,245.0
JA,Japan,1968,maize,5375.0,1080.0,4295.0
JA,Japan,1968,rice,11187.0,0.0,0.0
JA,Japan,1968,wheat,5169.0,4929.0,240.0
JA,Japan,1969,maize,5927.0,1185.0,4742.0
JA,Japan,1969,rice,10480.0,0.0,0.0
JA,Japan,1969,wheat,5265.0,4982.0,283.0
JA,Japan,1970,maize,5282.0,1152.0,4130.0
JA,Japan,1970,rice,11690.0,0.0,0.0
JA,Japan,1970,wheat,5183.0,5005.0,178.0
JA,Japan,1971,maize,5460.0,1303.0,4157.0
JA,Japan,1971,rice,12459.0,0.0,0.0
JA,Japan,1971,wheat,5311.0,5113.0,198.0
JA,Japan,1972,maize,6795.0,1325.0,5470.0
JA,Japan,1972,rice,11829.0,0.0,0.0
JA,Japan,1972,wheat,5558.0,5298.0,260.0
JA,Japan,1973,maize,7825.0,1425.0,6400.0
JA,Japan,1973,rice,11017.0,0.0,0.0
JA,Japan,1973,wheat,5585.0,5390.0,195.0
JA,Japan,1974,maize,7415.0,1325.0,6090.0
JA,Japan,1974,rice,10924.0,0.0,0.0
JA,Japan,1974,wheat,5567.0,5512.0,55.0
JA,Japan,1975,maize,7925.0,1525.0,6400.0
JA,Japan,1975,rice,10700.0,0.0,0.0
JA,Japan,1975,wheat,5778.0,5718.0,60.0
JA,Japan,1976,maize,8764.0,1908.0,6856.0
JA,Japan,1976,rice,10466.0,0.0,0.0
JA,Japan,1976,wheat,5737.0,5655.0,82.0
JA,Japan,1977,maize,9674.0,1810.0,7864.0
JA,Japan,1977,rice,10026.0,0.0,0.0
JA,Japan,1977,wheat,5815.0,5670.0,145.0
JA,Japan,1978,maize,10730.0,1954.0,8776.0
JA,Japan,1978,rice,10299.0,0.0,0.0
JA,Japan,1978,wheat,6066.0,5900.0,166.0
JA,Japan,1979,maize,11795.0,2374.0,9421.0
JA,Japan,1979,rice,10102.0,0.0,0.0
JA,Japan,1979,wheat,6090.0,5930.0,160.0
JA,Japan,1980,maize,13679.0,2601.0,11078.0
JA,Japan,1980,rice,10100.0,0.0,0.0
JA,Japan,1980,wheat,6095.0,5950.0,145.0
JA,Japan,1981,maize,13557.0,2900.0,10657.0
JA,Japan,1981,rice,10642.0,0.0,0.0
JA,Japan,1981,wheat,6069.0,5900.0,169.0
JA,Japan,1982,maize,14224.0,2950.0,11274.0
JA,Japan,1982,rice,10774.0,0.0,0.0
JA,Japan,1982,wheat,6092.0,5950.0,142.0
JA,Japan,1983,maize,14637.0,3351.0,11286.0
JA,Japan,1983,rice,10192.0,0.0,0.0
JA,Japan,1983,wheat,6210.0,6068.0,142.0
JA,Japan,1984,maize,14192.0,3223.0,10969.0
JA,Japan,1984,rice,10199.0,0.0,0.0
JA,Japan,1984,wheat,6267.0,6125.0,142.0
JA,Japan,1985,maize,14372.0,3250.0,11122.0
JA,Japan,1985,rice,10150.0,0.0,0.0
JA,Japan,1985,wheat,6192.0,6100.0,92.0
JA,Japan,1986,maize,15505.0,3250.0,12255.0
JA,Japan,1986,rice,9707.0,0.0,0.0
JA,Japan,1986,wheat,6100.0,6000.0,100.0
JA,Japan,1987,maize,16600.0,3588.0,13012.0
JA,Japan,1987,rice,9805.0,0.0,0.0
JA,Japan,1987,wheat,5994.0,5864.0,130.0
JA,Japan,1988,maize,15950.0,3630.0,12320.0
JA,Japan,1988,rice,9619.0,0.0,0.0
JA,Japan,1988,wheat,5742.0,5442.0,300.0
JA,Japan,1989,maize,15743.0,3425.0,12318.0
JA,Japan,1989,rice,9782.0,0.0,0.0
JA,Japan,1989,wheat,5919.0,5519.0,400.0
JA,Japan,1990,maize,16379.0,3922.0,12457.0
JA,Japan,1990,rice,9580.0,0.0,0.0
JA,Japan,1990,wheat,6047.0,5522.0,525.0
JA,Japan,1991,maize,16530.0,3933.0,12597.0
JA,Japan,1991,rice,9504.0,0.0,0.0
JA,Japan,1991,wheat,6235.0,5585.0,650.0
JA,Japan,1992,maize,16850.0,3971.0,12879.0
JA,Japan,1992,rice,9667.0,0.0,0.0
JA,Japan,1992,wheat,6418.0,5643.0,775.0
JA,Japan,1993,maize,16450.0,3750.0,12700.0
JA,Japan,1993,rice,9943.0,0.0,0.0
JA,Japan,1993,wheat,6350.0,5500.0,850.0
JA,Japan,1994,maize,16450.0,3750.0,12700.0
JA,Japan,1994,rice,9109.0,0.0,0.0
JA,Japan,1994,wheat,6380.0,5467.0,913.0
JA,Japan,1995,maize,16100.0,3750.0,12350.0
JA,Japan,1995,rice,8968.0,0.0,0.0
JA,Japan,1995,wheat,6380.0,5465.0,915.0
JA,Japan,1996,maize,16100.0,4100.0,12000.0
JA,Japan,1996,rice,9000.0,0.0,0.0
JA,Japan,1996,wheat,6300.0,5350.0,950.0
JA,Japan,1997,maize,15900.0,4100.0,11800.0
JA,Japan,1997,rice,9093.0,0.0,0.0
JA,Japan,1997,wheat,6150.0,5300.0,850.0
JA,Japan,1998,maize,16436.0,4336.0,12100.0
JA,Japan,1998,rice,9290.0,0.0,0.0
JA,Japan,1998,wheat,6150.0,5350.0,800.0
JA,Japan,1999,maize,16317.0,4167.0,12150.0
JA,Japan,1999,rice,9426.0,0.0,0.0
JA,Japan,1999,wheat,6200.0,5450.0,750.0
JA,Japan,2000,maize,16200.0,4300.0,11900.0
JA,Japan,2000,rice,8297.0,0.0,0.0
JA,Japan,2000,wheat,6150.0,5400.0,750.0
JA,Japan,2001,maize,16300.0,4300.0,12000.0
JA,Japan,2001,rice,8551.0,0.0,0.0
JA,Japan,2001,wheat,6100.0,5400.0,700.0
JA,Japan,2002,maize,16800.0,4500.0,12300.0
JA,Japan,2002,rice,8718.0,0.0,0.0
JA,Japan,2002,wheat,6000.0,5600.0,400.0
JA,Japan,2003,maize,17200.0,5000.0,12200.0
JA,Japan,2003,rice,8301.0,0.0,0.0
JA,Japan,2003,wheat,5950.0,5650.0,300.0
JA,Japan,2004,maize,16500.0,4500.0,12000.0
JA,Japan,2004,rice,8565.0,0.0,0.0
JA,Japan,2004,wheat,6030.0,5700.0,330.0
JA,Japan,2005,maize,16700.0,4000.0,12700.0
JA,Japan,2005,rice,8516.0,0.0,0.0
JA,Japan,2005,wheat,6020.0,5700.0,320.0
JA,Japan,2006,maize,16600.0,3950.0,12650.0
JA,Japan,2006,rice,8523.0,0.0,0.0
JA,Japan,2006,wheat,6000.0,5700.0,300.0
JA,Japan,2007,maize,16600.0,3800.0,12800.0
JA,Japan,2007,rice,8417.0,0.0,0.0
JA,Japan,2007,wheat,6059.0,5700.0,359.0
JA,Japan,2008,maize,16400.0,3700.0,12700.0
JA,Japan,2008,rice,8509.0,0.0,0.0
JA,Japan,2008,wheat,6032.0,5650.0,382.0
JA,Japan,2009,maize,15900.0,3600.0,12300.0
JA,Japan,2009,rice,8474.0,0.0,0.0
JA,Japan,2009,wheat,6043.0,5600.0,443.0
JA,Japan,2010,maize,15800.0,3800.0,12000.0
JA,Japan,2010,rice,8460.0,0.0,0.0
JA,Japan,2010,wheat,6517.0,6100.0,417.0
JA,Japan,2011,maize,14950.0,3650.0,11300.0
JA,Japan,2011,rice,8591.0,0.0,0.0
JA,Japan,2011,wheat,6821.0,5900.0,921.0
JA,Japan,2012,maize,14300.0,3600.0,10700.0
JA,Japan,2012,rice,8510.0,0.0,0.0
JA,Japan,2012,wheat,7152.0,5900.0,1252.0
JA,Japan,2013,maize,15000.0,3600.0,11400.0
JA,Japan,2013,rice,8569.0,0.0,0.0
JA,Japan,2013,wheat,6841.0,5900.0,941.0
JA,Japan,2014,maize,14600.0,3600.0,11000.0
JA,Japan,2014,rice,8830.0,0.0,0.0
JA,Japan,2014,wheat,6451.0,5900.0,551.0
JA,Japan,2015,maize,15200.0,3600.0,11600.0
JA,Japan,2015,rice,8806.0,0.0,0.0
JA,Japan,2015,wheat,6454.0,5800.0,654.0
JA,Japan,2016,maize,15200.0,3600.0,11600.0
JA,Japan,2016,rice,8730.0,0.0,0.0
JA,Japan,2016,wheat,6603.0,5800.0,803.0
JA,Japan,2017,maize,15600.0,3600.0,12000.0
JA,Japan,2017,rice,8600.0,0.0,0.0
JA,Japan,2017,wheat,6550.0,5800.0,750.0
JA,Japan,2018,maize,16000.0,3700.0,12300.0
JA,Japan,2018,rice,8400.0,0.0,0.0
JA,Japan,2018,wheat,6450.0,5750.0,700.0
JA,Japan,2019,maize,15950.0,3550.0,12400.0
JA,Japan,2019,rice,8350.0,0.0,0.0
JA,Japan,2019,wheat,6370.0,5720.0,650.0
JA,Japan,2020,maize,15450.0,3450.0,12000.0
JA,Japan,2020,rice,8200.0,0.0,0.0
JA,Japan,2020,wheat,6250.0,5600.0,650.0
JA,Japan,2021,maize,15040.0,3340.0,11700.0
JA,Japan,2021,rice,8200.0,0.0,0.0
JA,Japan,2021,wheat,6300.0,5550.0,750.0
JA,Japan,2022,maize,15000.0,3300.0,11700.0
JA,Japan,2022,rice,8150.0,0.0,0.0
JA,Japan,2022,wheat,6250.0,5500.0,750.0
JA,Japan,2023,maize,15300.0,3300.0,12000.0
JA,Japan,2023,rice,8150.0,0.0,0.0
JA,Japan,2023,wheat,6230.0,5500.0,730.0
JA,Japan,2024,maize,15400.0,3300.0,12100.0
JA,Japan,2024,rice,8050.0,0.0,0.0
JA,Japan,2024,wheat,6280.0,5550.0,730.0
JA,Japan,2025,maize,15500.0,3300.0,12200.0
JA,Japan,2025,rice,7950.0,0.0,0.0
JA,Japan,2025,wheat,6355.0,5575.0,780.0
JA,Japan,2026,maize,15500.0,3300.0,12200.0
JA,Japan,2026,rice,8050.0,0.0,0.0
JA,Japan,2026,wheat,6350.0,5600.0,750.0
JM,Jamaica,1960,maize,9.0,9.0,0.0
JM,Jamaica,1960,rice,15.0,0.0,0.0
JM,Jamaica,1960,wheat,96.0,96.0,0.0
JM,Jamaica,1961,maize,17.0,17.0,0.0
JM,Jamaica,1961,rice,22.0,0.0,0.0
JM,Jamaica,1961,wheat,126.0,126.0,0.0
JM,Jamaica,1962,maize,19.0,19.0,0.0
JM,Jamaica,1962,rice,26.0,0.0,0.0
JM,Jamaica,1962,wheat,139.0,139.0,0.0
JM,Jamaica,1963,maize,26.0,26.0,0.0
JM,Jamaica,1963,rice,31.0,0.0,0.0
JM,Jamaica,1963,wheat,137.0,137.0,0.0
JM,Jamaica,1964,maize,28.0,28.0,0.0
JM,Jamaica,1964,rice,36.0,0.0,0.0
JM,Jamaica,1964,wheat,138.0,138.0,0.0
JM,Jamaica,1965,maize,41.0,41.0,0.0
JM,Jamaica,1965,rice,28.0,0.0,0.0
JM,Jamaica,1965,wheat,144.0,144.0,0.0
JM,Jamaica,1966,maize,50.0,50.0,0.0
JM,Jamaica,1966,rice,34.0,0.0,0.0
JM,Jamaica,1966,wheat,145.0,145.0,0.0
JM,Jamaica,1967,maize,51.0,51.0,0.0
JM,Jamaica,1967,rice,25.0,0.0,0.0
JM,Jamaica,1967,wheat,159.0,159.0,0.0
JM,Jamaica,1968,maize,60.0,60.0,0.0
JM,Jamaica,1968,rice,28.0,0.0,0.0
JM,Jamaica,1968,wheat,152.0,152.0,0.0
JM,Jamaica,1969,maize,62.0,62.0,0.0
JM,Jamaica,1969,rice,35.0,0.0,0.0
JM,Jamaica,1969,wheat,115.0,115.0,0.0
JM,Jamaica,1970,maize,71.0,71.0,0.0
JM,Jamaica,1970,rice,39.0,0.0,0.0
JM,Jamaica,1970,wheat,139.0,139.0,0.0
JM,Jamaica,1971,maize,119.0,119.0,0.0
JM,Jamaica,1971,rice,39.0,0.0,0.0
JM,Jamaica,1971,wheat,130.0,130.0,0.0
JM,Jamaica,1972,maize,116.0,116.0,0.0
JM,Jamaica,1972,rice,34.0,0.0,0.0
JM,Jamaica,1972,wheat,147.0,147.0,0.0
JM,Jamaica,1973,maize,114.0,114.0,0.0
JM,Jamaica,1973,rice,41.0,0.0,0.0
JM,Jamaica,1973,wheat,184.0,184.0,0.0
JM,Jamaica,1974,maize,106.0,106.0,0.0
JM,Jamaica,1974,rice,48.0,0.0,0.0
JM,Jamaica,1974,wheat,156.0,156.0,0.0
JM,Jamaica,1975,maize,128.0,128.0,0.0
JM,Jamaica,1975,rice,50.0,0.0,0.0
JM,Jamaica,1975,wheat,162.0,162.0,0.0
JM,Jamaica,1976,maize,159.0,99.0,60.0
JM,Jamaica,1976,rice,31.0,0.0,0.0
JM,Jamaica,1976,wheat,136.0,136.0,0.0
JM,Jamaica,1977,maize,204.0,23.0,181.0
JM,Jamaica,1977,rice,42.0,0.0,0.0
JM,Jamaica,1977,wheat,130.0,130.0,0.0
JM,Jamaica,1978,maize,177.0,33.0,144.0
JM,Jamaica,1978,rice,48.0,0.0,0.0
JM,Jamaica,1978,wheat,180.0,180.0,0.0
JM,Jamaica,1979,maize,180.0,30.0,150.0
JM,Jamaica,1979,rice,49.0,0.0,0.0
JM,Jamaica,1979,wheat,180.0,180.0,0.0
JM,Jamaica,1980,maize,143.0,3.0,140.0
JM,Jamaica,1980,rice,46.0,0.0,0.0
JM,Jamaica,1980,wheat,190.0,190.0,0.0
JM,Jamaica,1981,maize,164.0,33.0,131.0
JM,Jamaica,1981,rice,46.0,0.0,0.0
JM,Jamaica,1981,wheat,175.0,175.0,0.0
JM,Jamaica,1982,maize,170.0,30.0,140.0
JM,Jamaica,1982,rice,48.0,0.0,0.0
JM,Jamaica,1982,wheat,180.0,180.0,0.0
JM,Jamaica,1983,maize,206.0,46.0,160.0
JM,Jamaica,1983,rice,51.0,0.0,0.0
JM,Jamaica,1983,wheat,174.0,174.0,0.0
JM,Jamaica,1984,maize,144.0,29.0,115.0
JM,Jamaica,1984,rice,53.0,0.0,0.0
JM,Jamaica,1984,wheat,198.0,198.0,0.0
JM,Jamaica,1985,maize,130.0,50.0,80.0
JM,Jamaica,1985,rice,59.0,0.0,0.0
JM,Jamaica,1985,wheat,179.0,179.0,0.0
JM,Jamaica,1986,maize,155.0,25.0,130.0
JM,Jamaica,1986,rice,52.0,0.0,0.0
JM,Jamaica,1986,wheat,213.0,213.0,0.0
JM,Jamaica,1987,maize,202.0,60.0,142.0
JM,Jamaica,1987,rice,58.0,0.0,0.0
JM,Jamaica,1987,wheat,191.0,191.0,0.0
JM,Jamaica,1988,maize,175.0,29.0,146.0
JM,Jamaica,1988,rice,82.0,0.0,0.0
JM,Jamaica,1988,wheat,167.0,167.0,0.0
JM,Jamaica,1989,maize,195.0,40.0,155.0
JM,Jamaica,1989,rice,77.0,0.0,0.0
JM,Jamaica,1989,wheat,205.0,205.0,0.0
JM,Jamaica,1990,maize,161.0,25.0,136.0
JM,Jamaica,1990,rice,69.0,0.0,0.0
JM,Jamaica,1990,wheat,190.0,190.0,0.0
JM,Jamaica,1991,maize,162.0,31.0,131.0
JM,Jamaica,1991,rice,80.0,0.0,0.0
JM,Jamaica,1991,wheat,216.0,216.0,0.0
JM,Jamaica,1992,maize,206.0,27.0,179.0
JM,Jamaica,1992,rice,70.0,0.0,0.0
JM,Jamaica,1992,wheat,216.0,216.0,0.0
JM,Jamaica,1993,maize,164.0,27.0,137.0
JM,Jamaica,1993,rice,70.0,0.0,0.0
JM,Jamaica,1993,wheat,209.0,209.0,0.0
JM,Jamaica,1994,maize,187.0,30.0,157.0
JM,Jamaica,1994,rice,75.0,0.0,0.0
JM,Jamaica,1994,wheat,208.0,208.0,0.0
JM,Jamaica,1995,maize,193.0,30.0,163.0
JM,Jamaica,1995,rice,71.0,0.0,0.0
JM,Jamaica,1995,wheat,182.0,182.0,0.0
JM,Jamaica,1996,maize,208.0,38.0,170.0
JM,Jamaica,1996,rice,62.0,0.0,0.0
JM,Jamaica,1996,wheat,178.0,178.0,0.0
JM,Jamaica,1997,maize,190.0,30.0,160.0
JM,Jamaica,1997,rice,68.0,0.0,0.0
JM,Jamaica,1997,wheat,203.0,203.0,0.0
JM,Jamaica,1998,maize,212.0,32.0,180.0
JM,Jamaica,1998,rice,71.0,0.0,0.0
JM,Jamaica,1998,wheat,160.0,160.0,0.0
JM,Jamaica,1999,maize,237.0,32.0,205.0
JM,Jamaica,1999,rice,59.0,0.0,0.0
JM,Jamaica,1999,wheat,179.0,179.0,0.0
JM,Jamaica,2000,maize,223.0,32.0,191.0
JM,Jamaica,2000,rice,64.0,0.0,0.0
JM,Jamaica,2000,wheat,196.0,196.0,0.0
JM,Jamaica,2001,maize,243.0,32.0,211.0
JM,Jamaica,2001,rice,66.0,0.0,0.0
JM,Jamaica,2001,wheat,386.0,386.0,0.0
JM,Jamaica,2002,maize,220.0,32.0,188.0
JM,Jamaica,2002,rice,65.0,0.0,0.0
JM,Jamaica,2002,wheat,266.0,266.0,0.0
JM,Jamaica,2003,maize,230.0,35.0,195.0
JM,Jamaica,2003,rice,92.0,0.0,0.0
JM,Jamaica,2003,wheat,349.0,349.0,0.0
JM,Jamaica,2004,maize,230.0,30.0,200.0
JM,Jamaica,2004,rice,67.0,0.0,0.0
JM,Jamaica,2004,wheat,407.0,407.0,0.0
JM,Jamaica,2005,maize,290.0,40.0,250.0
JM,Jamaica,2005,rice,74.0,0.0,0.0
JM,Jamaica,2005,wheat,349.0,349.0,0.0
JM,Jamaica,2006,maize,240.0,40.0,200.0
JM,Jamaica,2006,rice,89.0,0.0,0.0
JM,Jamaica,2006,wheat,352.0,352.0,0.0
JM,Jamaica,2007,maize,250.0,50.0,200.0
JM,Jamaica,2007,rice,100.0,0.0,0.0
JM,Jamaica,2007,wheat,341.0,341.0,0.0
JM,Jamaica,2008,maize,250.0,50.0,200.0
JM,Jamaica,2008,rice,80.0,0.0,0.0
JM,Jamaica,2008,wheat,331.0,331.0,0.0
JM,Jamaica,2009,maize,225.0,25.0,200.0
JM,Jamaica,2009,rice,80.0,0.0,0.0
JM,Jamaica,2009,wheat,325.0,325.0,0.0
JM,Jamaica,2010,maize,275.0,50.0,225.0
JM,Jamaica,2010,rice,90.0,0.0,0.0
JM,Jamaica,2010,wheat,273.0,273.0,0.0
JM,Jamaica,2011,maize,275.0,50.0,225.0
JM,Jamaica,2011,rice,90.0,0.0,0.0
JM,Jamaica,2011,wheat,291.0,291.0,0.0
JM,Jamaica,2012,maize,275.0,50.0,225.0
JM,Jamaica,2012,rice,85.0,0.0,0.0
JM,Jamaica,2012,wheat,285.0,285.0,0.0
JM,Jamaica,2013,maize,280.0,50.0,230.0
JM,Jamaica,2013,rice,82.0,0.0,0.0
JM,Jamaica,2013,wheat,231.0,231.0,0.0
JM,Jamaica,2014,maize,290.0,50.0,240.0
JM,Jamaica,2014,rice,89.0,0.0,0.0
JM,Jamaica,2014,wheat,197.0,197.0,0.0
JM,Jamaica,2015,maize,285.0,50.0,235.0
JM,Jamaica,2015,rice,82.0,0.0,0.0
JM,Jamaica,2015,wheat,173.0,173.0,0.0
JM,Jamaica,2016,maize,280.0,50.0,230.0
JM,Jamaica,2016,rice,88.0,0.0,0.0
JM,Jamaica,2016,wheat,195.0,195.0,0.0
JM,Jamaica,2017,maize,300.0,50.0,250.0
JM,Jamaica,2017,rice,90.0,0.0,0.0
JM,Jamaica,2017,wheat,212.0,212.0,0.0
JM,Jamaica,2018,maize,260.0,50.0,210.0
JM,Jamaica,2018,rice,95.0,0.0,0.0
JM,Jamaica,2018,wheat,171.0,171.0,0.0
JM,Jamaica,2019,maize,280.0,50.0,230.0
JM,Jamaica,2019,rice,97.0,0.0,0.0
JM,Jamaica,2019,wheat,192.0,192.0,0.0
JM,Jamaica,2020,maize,300.0,50.0,250.0
JM,Jamaica,2020,rice,100.0,0.0,0.0
JM,Jamaica,2020,wheat,213.0,213.0,0.0
JM,Jamaica,2021,maize,335.0,50.0,285.0
JM,Jamaica,2021,rice,100.0,0.0,0.0
JM,Jamaica,2021,wheat,178.0,178.0,0.0
JM,Jamaica,2022,maize,330.0,50.0,280.0
JM,Jamaica,2022,rice,100.0,0.0,0.0
JM,Jamaica,2022,wheat,195.0,195.0,0.0
JM,Jamaica,2023,maize,315.0,50.0,265.0
JM,Jamaica,2023,rice,100.0,0.0,0.0
JM,Jamaica,2023,wheat,175.0,175.0,0.0
JM,Jamaica,2024,maize,320.0,50.0,270.0
JM,Jamaica,2024,rice,100.0,0.0,0.0
JM,Jamaica,2024,wheat,172.0,172.0,0.0
JM,Jamaica,2025,maize,325.0,50.0,275.0
JM,Jamaica,2025,rice,100.0,0.0,0.0
JM,Jamaica,2025,wheat,171.0,171.0,0.0
JM,Jamaica,2026,maize,325.0,50.0,275.0
JM,Jamaica,2026,rice,100.0,0.0,0.0
JM,Jamaica,2026,wheat,198.0,198.0,0.0
JO,Jordan,1960,maize,2.0,0.0,2.0
JO,Jordan,1960,rice,21.0,0.0,0.0
JO,Jordan,1960,wheat,225.0,225.0,0.0
JO,Jordan,1961,maize,2.0,0.0,2.0
JO,Jordan,1961,rice,24.0,0.0,0.0
JO,Jordan,1961,wheat,303.0,303.0,0.0
JO,Jordan,1962,maize,79.0,2.0,77.0
JO,Jordan,1962,rice,18.0,0.0,0.0
JO,Jordan,1962,wheat,236.0,236.0,0.0
JO,Jordan,1963,maize,5.0,0.0,5.0
JO,Jordan,1963,rice,23.0,0.0,0.0
JO,Jordan,1963,wheat,278.0,278.0,0.0
JO,Jordan,1964,maize,12.0,0.0,12.0
JO,Jordan,1964,rice,21.0,0.0,0.0
JO,Jordan,1964,wheat,352.0,352.0,0.0
JO,Jordan,1965,maize,12.0,0.0,12.0
JO,Jordan,1965,rice,26.0,0.0,0.0
JO,Jordan,1965,wheat,389.0,389.0,0.0
JO,Jordan,1966,maize,28.0,0.0,28.0
JO,Jordan,1966,rice,25.0,0.0,0.0
JO,Jordan,1966,wheat,309.0,309.0,0.0
JO,Jordan,1967,maize,0.0,0.0,0.0
JO,Jordan,1967,rice,23.0,0.0,0.0
JO,Jordan,1967,wheat,293.0,293.0,0.0
JO,Jordan,1968,maize,4.0,0.0,4.0
JO,Jordan,1968,rice,18.0,0.0,0.0
JO,Jordan,1968,wheat,312.0,312.0,0.0
JO,Jordan,1969,maize,23.0,0.0,23.0
JO,Jordan,1969,rice,19.0,0.0,0.0
JO,Jordan,1969,wheat,273.0,273.0,0.0
JO,Jordan,1970,maize,20.0,0.0,20.0
JO,Jordan,1970,rice,15.0,0.0,0.0
JO,Jordan,1970,wheat,230.0,230.0,0.0
JO,Jordan,1971,maize,21.0,0.0,21.0
JO,Jordan,1971,rice,18.0,0.0,0.0
JO,Jordan,1971,wheat,322.0,322.0,0.0
JO,Jordan,1972,maize,30.0,0.0,30.0
JO,Jordan,1972,rice,25.0,0.0,0.0
JO,Jordan,1972,wheat,344.0,344.0,0.0
JO,Jordan,1973,maize,35.0,0.0,35.0
JO,Jordan,1973,rice,18.0,0.0,0.0
JO,Jordan,1973,wheat,347.0,347.0,0.0
JO,Jordan,1974,maize,28.0,0.0,28.0
JO,Jordan,1974,rice,20.0,0.0,0.0
JO,Jordan,1974,wheat,364.0,334.0,30.0
JO,Jordan,1975,maize,45.0,1.0,44.0
JO,Jordan,1975,rice,20.0,0.0,0.0
JO,Jordan,1975,wheat,315.0,315.0,0.0
JO,Jordan,1976,maize,53.0,3.0,50.0
JO,Jordan,1976,rice,22.0,0.0,0.0
JO,Jordan,1976,wheat,323.0,323.0,0.0
JO,Jordan,1977,maize,68.0,5.0,63.0
JO,Jordan,1977,rice,24.0,0.0,0.0
JO,Jordan,1977,wheat,350.0,350.0,0.0
JO,Jordan,1978,maize,96.0,9.0,87.0
JO,Jordan,1978,rice,24.0,0.0,0.0
JO,Jordan,1978,wheat,361.0,361.0,0.0
JO,Jordan,1979,maize,101.0,1.0,100.0
JO,Jordan,1979,rice,30.0,0.0,0.0
JO,Jordan,1979,wheat,371.0,371.0,0.0
JO,Jordan,1980,maize,106.0,0.0,106.0
JO,Jordan,1980,rice,32.0,0.0,0.0
JO,Jordan,1980,wheat,434.0,434.0,0.0
JO,Jordan,1981,maize,115.0,0.0,115.0
JO,Jordan,1981,rice,35.0,0.0,0.0
JO,Jordan,1981,wheat,334.0,334.0,0.0
JO,Jordan,1982,maize,122.0,0.0,122.0
JO,Jordan,1982,rice,84.0,0.0,0.0
JO,Jordan,1982,wheat,365.0,365.0,0.0
JO,Jordan,1983,maize,156.0,1.0,155.0
JO,Jordan,1983,rice,68.0,0.0,0.0
JO,Jordan,1983,wheat,400.0,400.0,0.0
JO,Jordan,1984,maize,170.0,1.0,169.0
JO,Jordan,1984,rice,46.0,0.0,0.0
JO,Jordan,1984,wheat,450.0,450.0,0.0
JO,Jordan,1985,maize,260.0,6.0,254.0
JO,Jordan,1985,rice,91.0,0.0,0.0
JO,Jordan,1985,wheat,455.0,455.0,0.0
JO,Jordan,1986,maize,234.0,34.0,200.0
JO,Jordan,1986,rice,85.0,0.0,0.0
JO,Jordan,1986,wheat,393.0,393.0,0.0
JO,Jordan,1987,maize,315.0,32.0,283.0
JO,Jordan,1987,rice,131.0,0.0,0.0
JO,Jordan,1987,wheat,450.0,450.0,0.0
JO,Jordan,1988,maize,144.0,19.0,125.0
JO,Jordan,1988,rice,103.0,0.0,0.0
JO,Jordan,1988,wheat,450.0,450.0,0.0
JO,Jordan,1989,maize,227.0,27.0,200.0
JO,Jordan,1989,rice,90.0,0.0,0.0
JO,Jordan,1989,wheat,550.0,550.0,0.0
JO,Jordan,1990,maize,176.0,26.0,150.0
JO,Jordan,1990,rice,85.0,0.0,0.0
JO,Jordan,1990,wheat,650.0,650.0,0.0
JO,Jordan,1991,maize,456.0,56.0,400.0
JO,Jordan,1991,rice,85.0,0.0,0.0
JO,Jordan,1991,wheat,650.0,650.0,0.0
JO,Jordan,1992,maize,307.0,43.0,264.0
JO,Jordan,1992,rice,90.0,0.0,0.0
JO,Jordan,1992,wheat,650.0,650.0,0.0
JO,Jordan,1993,maize,383.0,33.0,350.0
JO,Jordan,1993,rice,96.0,0.0,0.0
JO,Jordan,1993,wheat,700.0,700.0,0.0
JO,Jordan,1994,maize,375.0,40.0,335.0
JO,Jordan,1994,rice,90.0,0.0,0.0
JO,Jordan,1994,wheat,700.0,700.0,0.0
JO,Jordan,1995,maize,277.0,32.0,245.0
JO,Jordan,1995,rice,95.0,0.0,0.0
JO,Jordan,1995,wheat,750.0,750.0,0.0
JO,Jordan,1996,maize,451.0,34.0,417.0
JO,Jordan,1996,rice,95.0,0.0,0.0
JO,Jordan,1996,wheat,750.0,750.0,0.0
JO,Jordan,1997,maize,496.0,35.0,461.0
JO,Jordan,1997,rice,100.0,0.0,0.0
JO,Jordan,1997,wheat,750.0,750.0,0.0
JO,Jordan,1998,maize,458.0,33.0,425.0
JO,Jordan,1998,rice,100.0,0.0,0.0
JO,Jordan,1998,wheat,775.0,775.0,0.0
JO,Jordan,1999,maize,462.0,37.0,425.0
JO,Jordan,1999,rice,105.0,0.0,0.0
JO,Jordan,1999,wheat,765.0,750.0,15.0
JO,Jordan,2000,maize,473.0,69.0,404.0
JO,Jordan,2000,rice,105.0,0.0,0.0
JO,Jordan,2000,wheat,765.0,750.0,15.0
JO,Jordan,2001,maize,449.0,59.0,390.0
JO,Jordan,2001,rice,105.0,0.0,0.0
JO,Jordan,2001,wheat,765.0,750.0,15.0
JO,Jordan,2002,maize,410.0,10.0,400.0
JO,Jordan,2002,rice,105.0,0.0,0.0
JO,Jordan,2002,wheat,815.0,800.0,15.0
JO,Jordan,2003,maize,430.0,10.0,420.0
JO,Jordan,2003,rice,110.0,0.0,0.0
JO,Jordan,2003,wheat,815.0,800.0,15.0
JO,Jordan,2004,maize,435.0,10.0,425.0
JO,Jordan,2004,rice,115.0,0.0,0.0
JO,Jordan,2004,wheat,815.0,800.0,15.0
JO,Jordan,2005,maize,460.0,10.0,450.0
JO,Jordan,2005,rice,140.0,0.0,0.0
JO,Jordan,2005,wheat,815.0,800.0,15.0
JO,Jordan,2006,maize,460.0,10.0,450.0
JO,Jordan,2006,rice,208.0,0.0,0.0
JO,Jordan,2006,wheat,815.0,800.0,15.0
JO,Jordan,2007,maize,460.0,10.0,450.0
JO,Jordan,2007,rice,225.0,0.0,0.0
JO,Jordan,2007,wheat,790.0,775.0,15.0
JO,Jordan,2008,maize,535.0,10.0,525.0
JO,Jordan,2008,rice,177.0,0.0,0.0
JO,Jordan,2008,wheat,840.0,825.0,15.0
JO,Jordan,2009,maize,535.0,10.0,525.0
JO,Jordan,2009,rice,136.0,0.0,0.0
JO,Jordan,2009,wheat,837.0,822.0,15.0
JO,Jordan,2010,maize,560.0,10.0,550.0
JO,Jordan,2010,rice,135.0,0.0,0.0
JO,Jordan,2010,wheat,840.0,825.0,15.0
JO,Jordan,2011,maize,585.0,10.0,575.0
JO,Jordan,2011,rice,215.0,0.0,0.0
JO,Jordan,2011,wheat,865.0,850.0,15.0
JO,Jordan,2012,maize,585.0,10.0,575.0
JO,Jordan,2012,rice,200.0,0.0,0.0
JO,Jordan,2012,wheat,895.0,875.0,20.0
JO,Jordan,2013,maize,406.0,10.0,396.0
JO,Jordan,2013,rice,190.0,0.0,0.0
JO,Jordan,2013,wheat,965.0,950.0,15.0
JO,Jordan,2014,maize,674.0,10.0,664.0
JO,Jordan,2014,rice,198.0,0.0,0.0
JO,Jordan,2014,wheat,1017.0,1000.0,17.0
JO,Jordan,2015,maize,801.0,10.0,791.0
JO,Jordan,2015,rice,201.0,0.0,0.0
JO,Jordan,2015,wheat,1165.0,1150.0,15.0
JO,Jordan,2016,maize,856.0,6.0,850.0
JO,Jordan,2016,rice,205.0,0.0,0.0
JO,Jordan,2016,wheat,1065.0,1050.0,15.0
JO,Jordan,2017,maize,646.0,6.0,640.0
JO,Jordan,2017,rice,210.0,0.0,0.0
JO,Jordan,2017,wheat,1065.0,1050.0,15.0
JO,Jordan,2018,maize,735.0,5.0,730.0
JO,Jordan,2018,rice,220.0,0.0,0.0
JO,Jordan,2018,wheat,890.0,875.0,15.0
JO,Jordan,2019,maize,850.0,10.0,840.0
JO,Jordan,2019,rice,230.0,0.0,0.0
JO,Jordan,2019,wheat,890.0,875.0,15.0
JO,Jordan,2020,maize,760.0,10.0,750.0
JO,Jordan,2020,rice,210.0,0.0,0.0
JO,Jordan,2020,wheat,915.0,900.0,15.0
JO,Jordan,2021,maize,770.0,10.0,760.0
JO,Jordan,2021,rice,245.0,0.0,0.0
JO,Jordan,2021,wheat,935.0,920.0,15.0
JO,Jordan,2022,maize,610.0,10.0,600.0
JO,Jordan,2022,rice,225.0,0.0,0.0
JO,Jordan,2022,wheat,955.0,940.0,15.0
JO,Jordan,2023,maize,825.0,10.0,815.0
JO,Jordan,2023,rice,240.0,0.0,0.0
JO,Jordan,2023,wheat,995.0,980.0,15.0
JO,Jordan,2024,maize,746.0,10.0,736.0
JO,Jordan,2024,rice,250.0,0.0,0.0
JO,Jordan,2024,wheat,1035.0,1020.0,15.0
JO,Jordan,2025,maize,1110.0,10.0,1100.0
JO,Jordan,2025,rice,260.0,0.0,0.0
JO,Jordan,2025,wheat,1065.0,1050.0,15.0
JO,Jordan,2026,maize,1110.0,10.0,1100.0
JO,Jordan,2026,rice,265.0,0.0,0.0
JO,Jordan,2026,wheat,1115.0,1100.0,15.0
KE,Kenya,1960,maize,1142.0,1142.0,0.0
KE,Kenya,1960,rice,12.0,0.0,0.0
KE,Kenya,1960,wheat,110.0,92.0,18.0
KE,Kenya,1961,maize,1374.0,1374.0,0.0
KE,Kenya,1961,rice,14.0,0.0,0.0
KE,Kenya,1961,wheat,125.0,105.0,20.0
KE,Kenya,1962,maize,1337.0,1337.0,0.0
KE,Kenya,1962,rice,15.0,0.0,0.0
KE,Kenya,1962,wheat,129.0,107.0,22.0
KE,Kenya,1963,maize,1348.0,1348.0,0.0
KE,Kenya,1963,rice,11.0,0.0,0.0
KE,Kenya,1963,wheat,125.0,106.0,19.0
KE,Kenya,1964,maize,1268.0,1268.0,0.0
KE,Kenya,1964,rice,12.0,0.0,0.0
KE,Kenya,1964,wheat,139.0,121.0,18.0
KE,Kenya,1965,maize,1486.0,1486.0,0.0
KE,Kenya,1965,rice,12.0,0.0,0.0
KE,Kenya,1965,wheat,97.0,81.0,16.0
KE,Kenya,1966,maize,1453.0,1453.0,0.0
KE,Kenya,1966,rice,11.0,0.0,0.0
KE,Kenya,1966,wheat,102.0,81.0,21.0
KE,Kenya,1967,maize,1400.0,1400.0,0.0
KE,Kenya,1967,rice,13.0,0.0,0.0
KE,Kenya,1967,wheat,141.0,114.0,27.0
KE,Kenya,1968,maize,1343.0,1343.0,0.0
KE,Kenya,1968,rice,12.0,0.0,0.0
KE,Kenya,1968,wheat,176.0,150.0,26.0
KE,Kenya,1969,maize,1347.0,1347.0,0.0
KE,Kenya,1969,rice,15.0,0.0,0.0
KE,Kenya,1969,wheat,206.0,174.0,32.0
KE,Kenya,1970,maize,1500.0,1500.0,0.0
KE,Kenya,1970,rice,28.0,0.0,0.0
KE,Kenya,1970,wheat,196.0,167.0,29.0
KE,Kenya,1971,maize,1142.0,1142.0,0.0
KE,Kenya,1971,rice,22.0,0.0,0.0
KE,Kenya,1971,wheat,191.0,167.0,24.0
KE,Kenya,1972,maize,1442.0,1406.0,36.0
KE,Kenya,1972,rice,19.0,0.0,0.0
KE,Kenya,1972,wheat,174.0,174.0,0.0
KE,Kenya,1973,maize,1604.0,1583.0,21.0
KE,Kenya,1973,rice,23.0,0.0,0.0
KE,Kenya,1973,wheat,197.0,197.0,0.0
KE,Kenya,1974,maize,1485.0,1479.0,6.0
KE,Kenya,1974,rice,21.0,0.0,0.0
KE,Kenya,1974,wheat,179.0,179.0,0.0
KE,Kenya,1975,maize,1697.0,1677.0,20.0
KE,Kenya,1975,rice,26.0,0.0,0.0
KE,Kenya,1975,wheat,190.0,171.0,19.0
KE,Kenya,1976,maize,1651.0,1616.0,35.0
KE,Kenya,1976,rice,28.0,0.0,0.0
KE,Kenya,1976,wheat,214.0,196.0,18.0
KE,Kenya,1977,maize,2178.0,2113.0,65.0
KE,Kenya,1977,rice,28.0,0.0,0.0
KE,Kenya,1977,wheat,250.0,215.0,35.0
KE,Kenya,1978,maize,2350.0,2280.0,70.0
KE,Kenya,1978,rice,28.0,0.0,0.0
KE,Kenya,1978,wheat,327.0,312.0,15.0
KE,Kenya,1979,maize,1970.0,1950.0,20.0
KE,Kenya,1979,rice,33.0,0.0,0.0
KE,Kenya,1979,wheat,200.0,200.0,0.0
KE,Kenya,1980,maize,1906.0,1886.0,20.0
KE,Kenya,1980,rice,34.0,0.0,0.0
KE,Kenya,1980,wheat,258.0,258.0,0.0
KE,Kenya,1981,maize,2456.0,2426.0,30.0
KE,Kenya,1981,rice,39.0,0.0,0.0
KE,Kenya,1981,wheat,305.0,305.0,0.0
KE,Kenya,1982,maize,2176.0,2146.0,30.0
KE,Kenya,1982,rice,40.0,0.0,0.0
KE,Kenya,1982,wheat,345.0,345.0,0.0
KE,Kenya,1983,maize,2240.0,2210.0,30.0
KE,Kenya,1983,rice,32.0,0.0,0.0
KE,Kenya,1983,wheat,375.0,375.0,0.0
KE,Kenya,1984,maize,2187.0,2137.0,50.0
KE,Kenya,1984,rice,29.0,0.0,0.0
KE,Kenya,1984,wheat,429.0,399.0,30.0
KE,Kenya,1985,maize,2263.0,2213.0,50.0
KE,Kenya,1985,rice,51.0,0.0,0.0
KE,Kenya,1985,wheat,430.0,405.0,25.0
KE,Kenya,1986,maize,2283.0,2208.0,75.0
KE,Kenya,1986,rice,58.0,0.0,0.0
KE,Kenya,1986,wheat,512.0,487.0,25.0
KE,Kenya,1987,maize,2416.0,2341.0,75.0
KE,Kenya,1987,rice,56.0,0.0,0.0
KE,Kenya,1987,wheat,375.0,350.0,25.0
KE,Kenya,1988,maize,2699.0,2624.0,75.0
KE,Kenya,1988,rice,99.0,0.0,0.0
KE,Kenya,1988,wheat,388.0,368.0,20.0
KE,Kenya,1989,maize,2704.0,2629.0,75.0
KE,Kenya,1989,rice,99.0,0.0,0.0
KE,Kenya,1989,wheat,382.0,362.0,20.0
KE,Kenya,1990,maize,2839.0,2764.0,75.0
KE,Kenya,1990,rice,105.0,0.0,0.0
KE,Kenya,1990,wheat,595.0,595.0,0.0
KE,Kenya,1991,maize,2856.0,2806.0,50.0
KE,Kenya,1991,rice,158.0,0.0,0.0
KE,Kenya,1991,wheat,571.0,551.0,20.0
KE,Kenya,1992,maize,2833.0,2783.0,50.0
KE,Kenya,1992,rice,110.0,0.0,0.0
KE,Kenya,1992,wheat,529.0,529.0,0.0
KE,Kenya,1993,maize,2654.0,2614.0,40.0
KE,Kenya,1993,rice,125.0,0.0,0.0
KE,Kenya,1993,wheat,608.0,608.0,0.0
KE,Kenya,1994,maize,2684.0,2634.0,50.0
KE,Kenya,1994,rice,398.0,0.0,0.0
KE,Kenya,1994,wheat,659.0,659.0,0.0
KE,Kenya,1995,maize,2530.0,2480.0,50.0
KE,Kenya,1995,rice,400.0,0.0,0.0
KE,Kenya,1995,wheat,593.0,593.0,0.0
KE,Kenya,1996,maize,2890.0,2840.0,50.0
KE,Kenya,1996,rice,384.0,0.0,0.0
KE,Kenya,1996,wheat,653.0,653.0,0.0
KE,Kenya,1997,maize,2791.0,2736.0,55.0
KE,Kenya,1997,rice,351.0,0.0,0.0
KE,Kenya,1997,wheat,713.0,713.0,0.0
KE,Kenya,1998,maize,2650.0,2600.0,50.0
KE,Kenya,1998,rice,365.0,0.0,0.0
KE,Kenya,1998,wheat,738.0,738.0,0.0
KE,Kenya,1999,maize,2500.0,2450.0,50.0
KE,Kenya,1999,rice,376.0,0.0,0.0
KE,Kenya,1999,wheat,818.0,818.0,0.0
KE,Kenya,2000,maize,2860.0,2810.0,50.0
KE,Kenya,2000,rice,272.0,0.0,0.0
KE,Kenya,2000,wheat,911.0,911.0,0.0
KE,Kenya,2001,maize,2700.0,2650.0,50.0
KE,Kenya,2001,rice,153.0,0.0,0.0
KE,Kenya,2001,wheat,863.0,863.0,0.0
KE,Kenya,2002,maize,2550.0,2500.0,50.0
KE,Kenya,2002,rice,180.0,0.0,0.0
KE,Kenya,2002,wheat,856.0,856.0,0.0
KE,Kenya,2003,maize,2600.0,2550.0,50.0
KE,Kenya,2003,rice,260.0,0.0,0.0
KE,Kenya,2003,wheat,815.0,815.0,0.0
KE,Kenya,2004,maize,2800.0,2700.0,100.0
KE,Kenya,2004,rice,237.0,0.0,0.0
KE,Kenya,2004,wheat,671.0,671.0,0.0
KE,Kenya,2005,maize,2900.0,2800.0,100.0
KE,Kenya,2005,rice,295.0,0.0,0.0
KE,Kenya,2005,wheat,852.0,852.0,0.0
KE,Kenya,2006,maize,3200.0,2900.0,300.0
KE,Kenya,2006,rice,335.0,0.0,0.0
KE,Kenya,2006,wheat,898.0,898.0,0.0
KE,Kenya,2007,maize,3000.0,2900.0,100.0
KE,Kenya,2007,rice,339.0,0.0,0.0
KE,Kenya,2007,wheat,975.0,975.0,0.0
KE,Kenya,2008,maize,3400.0,3300.0,100.0
KE,Kenya,2008,rice,314.0,0.0,0.0
KE,Kenya,2008,wheat,1050.0,1050.0,0.0
KE,Kenya,2009,maize,3400.0,3300.0,100.0
KE,Kenya,2009,rice,340.0,0.0,0.0
KE,Kenya,2009,wheat,1350.0,1250.0,100.0
KE,Kenya,2010,maize,3450.0,3100.0,350.0
KE,Kenya,2010,rice,390.0,0.0,0.0
KE,Kenya,2010,wheat,1450.0,1400.0,50.0
KE,Kenya,2011,maize,3750.0,3400.0,350.0
KE,Kenya,2011,rice,440.0,0.0,0.0
KE,Kenya,2011,wheat,1575.0,1450.0,125.0
KE,Kenya,2012,maize,3950.0,3600.0,350.0
KE,Kenya,2012,rice,465.0,0.0,0.0
KE,Kenya,2012,wheat,1750.0,1600.0,150.0
KE,Kenya,2013,maize,3950.0,3600.0,350.0
KE,Kenya,2013,rice,510.0,0.0,0.0
KE,Kenya,2013,wheat,1800.0,1650.0,150.0
KE,Kenya,2014,maize,4150.0,3800.0,350.0
KE,Kenya,2014,rice,535.0,0.0,0.0
KE,Kenya,2014,wheat,1800.0,1650.0,150.0
KE,Kenya,2015,maize,4150.0,3800.0,350.0
KE,Kenya,2015,rice,570.0,0.0,0.0
KE,Kenya,2015,wheat,1850.0,1700.0,150.0
KE,Kenya,2016,maize,3850.0,3500.0,350.0
KE,Kenya,2016,rice,670.0,0.0,0.0
KE,Kenya,2016,wheat,2000.0,1850.0,150.0
KE,Kenya,2017,maize,4550.0,4100.0,450.0
KE,Kenya,2017,rice,700.0,0.0,0.0
KE,Kenya,2017,wheat,2300.0,2150.0,150.0
KE,Kenya,2018,maize,4300.0,4000.0,300.0
KE,Kenya,2018,rice,700.0,0.0,0.0
KE,Kenya,2018,wheat,2300.0,2150.0,150.0
KE,Kenya,2019,maize,3900.0,3650.0,250.0
KE,Kenya,2019,rice,725.0,0.0,0.0
KE,Kenya,2019,wheat,2550.0,2400.0,150.0
KE,Kenya,2020,maize,3900.0,3700.0,200.0
KE,Kenya,2020,rice,725.0,0.0,0.0
KE,Kenya,2020,wheat,2600.0,2450.0,150.0
KE,Kenya,2021,maize,4000.0,3700.0,300.0
KE,Kenya,2021,rice,800.0,0.0,0.0
KE,Kenya,2021,wheat,2450.0,2300.0,150.0
KE,Kenya,2022,maize,3800.0,3550.0,250.0
KE,Kenya,2022,rice,900.0,0.0,0.0
KE,Kenya,2022,wheat,2550.0,2400.0,150.0
KE,Kenya,2023,maize,4500.0,4100.0,400.0
KE,Kenya,2023,rice,925.0,0.0,0.0
KE,Kenya,2023,wheat,2650.0,2500.0,150.0
KE,Kenya,2024,maize,4500.0,4100.0,400.0
KE,Kenya,2024,rice,950.0,0.0,0.0
KE,Kenya,2024,wheat,2650.0,2500.0,150.0
KE,Kenya,2025,maize,4100.0,3800.0,300.0
KE,Kenya,2025,rice,1100.0,0.0,0.0
KE,Kenya,2025,wheat,2960.0,2800.0,160.0
KE,Kenya,2026,maize,3800.0,3550.0,250.0
KE,Kenya,2026,rice,1100.0,0.0,0.0
KE,Kenya,2026,wheat,3010.0,2850.0,160.0
KG,Kyrgyzstan,1987,maize,518.0,36.0,482.0
KG,Kyrgyzstan,1987,rice,1.0,0.0,0.0
KG,Kyrgyzstan,1987,wheat,1375.0,705.0,670.0
KG,Kyrgyzstan,1988,maize,546.0,36.0,510.0
KG,Kyrgyzstan,1988,rice,1.0,0.0,0.0
KG,Kyrgyzstan,1988,wheat,1183.0,645.0,538.0
KG,Kyrgyzstan,1989,maize,493.0,36.0,457.0
KG,Kyrgyzstan,1989,rice,1.0,0.0,0.0
KG,Kyrgyzstan,1989,wheat,1221.0,705.0,516.0
KG,Kyrgyzstan,1990,maize,454.0,36.0,418.0
KG,Kyrgyzstan,1990,rice,1.0,0.0,0.0
KG,Kyrgyzstan,1990,wheat,1164.0,705.0,459.0
KG,Kyrgyzstan,1991,maize,437.0,36.0,401.0
KG,Kyrgyzstan,1991,rice,2.0,0.0,0.0
KG,Kyrgyzstan,1991,wheat,915.0,685.0,230.0
KG,Kyrgyzstan,1992,maize,301.0,31.0,270.0
KG,Kyrgyzstan,1992,rice,2.0,0.0,0.0
KG,Kyrgyzstan,1992,wheat,919.0,675.0,244.0
KG,Kyrgyzstan,1993,maize,200.0,31.0,169.0
KG,Kyrgyzstan,1993,rice,2.0,0.0,0.0
KG,Kyrgyzstan,1993,wheat,990.0,681.0,309.0
KG,Kyrgyzstan,1994,maize,138.0,21.0,117.0
KG,Kyrgyzstan,1994,rice,2.0,0.0,0.0
KG,Kyrgyzstan,1994,wheat,778.0,578.0,200.0
KG,Kyrgyzstan,1995,maize,120.0,25.0,95.0
KG,Kyrgyzstan,1995,rice,8.0,0.0,0.0
KG,Kyrgyzstan,1995,wheat,890.0,690.0,200.0
KG,Kyrgyzstan,1996,maize,180.0,20.0,160.0
KG,Kyrgyzstan,1996,rice,7.0,0.0,0.0
KG,Kyrgyzstan,1996,wheat,887.0,687.0,200.0
KG,Kyrgyzstan,1997,maize,170.0,20.0,150.0
KG,Kyrgyzstan,1997,rice,10.0,0.0,0.0
KG,Kyrgyzstan,1997,wheat,1163.0,963.0,200.0
KG,Kyrgyzstan,1998,maize,200.0,25.0,175.0
KG,Kyrgyzstan,1998,rice,9.0,0.0,0.0
KG,Kyrgyzstan,1998,wheat,1197.0,997.0,200.0
KG,Kyrgyzstan,1999,maize,285.0,45.0,240.0
KG,Kyrgyzstan,1999,rice,12.0,0.0,0.0
KG,Kyrgyzstan,1999,wheat,1231.0,1031.0,200.0
KG,Kyrgyzstan,2000,maize,340.0,50.0,290.0
KG,Kyrgyzstan,2000,rice,14.0,0.0,0.0
KG,Kyrgyzstan,2000,wheat,1150.0,950.0,200.0
KG,Kyrgyzstan,2001,maize,440.0,50.0,390.0
KG,Kyrgyzstan,2001,rice,23.0,0.0,0.0
KG,Kyrgyzstan,2001,wheat,1225.0,1025.0,200.0
KG,Kyrgyzstan,2002,maize,440.0,50.0,390.0
KG,Kyrgyzstan,2002,rice,32.0,0.0,0.0
KG,Kyrgyzstan,2002,wheat,1250.0,1050.0,200.0
KG,Kyrgyzstan,2003,maize,440.0,50.0,390.0
KG,Kyrgyzstan,2003,rice,27.0,0.0,0.0
KG,Kyrgyzstan,2003,wheat,1225.0,1025.0,200.0
KG,Kyrgyzstan,2004,maize,440.0,50.0,390.0
KG,Kyrgyzstan,2004,rice,27.0,0.0,0.0
KG,Kyrgyzstan,2004,wheat,1200.0,1000.0,200.0
KG,Kyrgyzstan,2005,maize,450.0,50.0,400.0
KG,Kyrgyzstan,2005,rice,24.0,0.0,0.0
KG,Kyrgyzstan,2005,wheat,1175.0,975.0,200.0
KG,Kyrgyzstan,2006,maize,450.0,50.0,400.0
KG,Kyrgyzstan,2006,rice,26.0,0.0,0.0
KG,Kyrgyzstan,2006,wheat,1175.0,975.0,200.0
KG,Kyrgyzstan,2007,maize,450.0,50.0,400.0
KG,Kyrgyzstan,2007,rice,18.0,0.0,0.0
KG,Kyrgyzstan,2007,wheat,1200.0,1000.0,200.0
KG,Kyrgyzstan,2008,maize,450.0,50.0,400.0
KG,Kyrgyzstan,2008,rice,29.0,0.0,0.0
KG,Kyrgyzstan,2008,wheat,1225.0,1025.0,200.0
KG,Kyrgyzstan,2009,maize,500.0,50.0,450.0
KG,Kyrgyzstan,2009,rice,28.0,0.0,0.0
KG,Kyrgyzstan,2009,wheat,1250.0,1050.0,200.0
KG,Kyrgyzstan,2010,maize,450.0,50.0,400.0
KG,Kyrgyzstan,2010,rice,30.0,0.0,0.0
KG,Kyrgyzstan,2010,wheat,1325.0,1100.0,225.0
KG,Kyrgyzstan,2011,maize,450.0,50.0,400.0
KG,Kyrgyzstan,2011,rice,40.0,0.0,0.0
KG,Kyrgyzstan,2011,wheat,1350.0,1125.0,225.0
KG,Kyrgyzstan,2012,maize,550.0,50.0,500.0
KG,Kyrgyzstan,2012,rice,35.0,0.0,0.0
KG,Kyrgyzstan,2012,wheat,1275.0,1100.0,175.0
KG,Kyrgyzstan,2013,maize,575.0,50.0,525.0
KG,Kyrgyzstan,2013,rice,39.0,0.0,0.0
KG,Kyrgyzstan,2013,wheat,1325.0,1100.0,225.0
KG,Kyrgyzstan,2014,maize,575.0,50.0,525.0
KG,Kyrgyzstan,2014,rice,0.0,0.0,0.0
KG,Kyrgyzstan,2014,wheat,1200.0,1050.0,150.0
KG,Kyrgyzstan,2015,maize,600.0,50.0,550.0
KG,Kyrgyzstan,2015,rice,0.0,0.0,0.0
KG,Kyrgyzstan,2015,wheat,925.0,825.0,100.0
KG,Kyrgyzstan,2016,maize,650.0,50.0,600.0
KG,Kyrgyzstan,2016,rice,0.0,0.0,0.0
KG,Kyrgyzstan,2016,wheat,925.0,825.0,100.0
KG,Kyrgyzstan,2017,maize,650.0,50.0,600.0
KG,Kyrgyzstan,2017,rice,0.0,0.0,0.0
KG,Kyrgyzstan,2017,wheat,925.0,825.0,100.0
KG,Kyrgyzstan,2018,maize,670.0,50.0,620.0
KG,Kyrgyzstan,2018,rice,0.0,0.0,0.0
KG,Kyrgyzstan,2018,wheat,900.0,800.0,100.0
KG,Kyrgyzstan,2019,maize,725.0,50.0,675.0
KG,Kyrgyzstan,2019,rice,0.0,0.0,0.0
KG,Kyrgyzstan,2019,wheat,875.0,800.0,75.0
KG,Kyrgyzstan,2020,maize,710.0,50.0,660.0
KG,Kyrgyzstan,2020,rice,0.0,0.0,0.0
KG,Kyrgyzstan,2020,wheat,800.0,775.0,25.0
KG,Kyrgyzstan,2021,maize,700.0,50.0,650.0
KG,Kyrgyzstan,2021,rice,0.0,0.0,0.0
KG,Kyrgyzstan,2021,wheat,825.0,800.0,25.0
KG,Kyrgyzstan,2022,maize,690.0,50.0,640.0
KG,Kyrgyzstan,2022,rice,0.0,0.0,0.0
KG,Kyrgyzstan,2022,wheat,825.0,800.0,25.0
KG,Kyrgyzstan,2023,maize,750.0,50.0,700.0
KG,Kyrgyzstan,2023,rice,0.0,0.0,0.0
KG,Kyrgyzstan,2023,wheat,835.0,810.0,25.0
KG,Kyrgyzstan,2024,maize,800.0,50.0,750.0
KG,Kyrgyzstan,2024,rice,0.0,0.0,0.0
KG,Kyrgyzstan,2024,wheat,975.0,850.0,125.0
KG,Kyrgyzstan,2025,maize,800.0,50.0,750.0
KG,Kyrgyzstan,2025,rice,0.0,0.0,0.0
KG,Kyrgyzstan,2025,wheat,1055.0,880.0,175.0
KG,Kyrgyzstan,2026,maize,800.0,50.0,750.0
KG,Kyrgyzstan,2026,rice,0.0,0.0,0.0
KG,Kyrgyzstan,2026,wheat,1040.0,900.0,140.0
KN,"Korea, North",1960,maize,1145.0,1145.0,0.0
KN,"Korea, North",1960,rice,1023.0,0.0,0.0
KN,"Korea, North",1960,wheat,281.0,281.0,0.0
KN,"Korea, North",1961,maize,1240.0,1240.0,0.0
KN,"Korea, North",1961,rice,1135.0,0.0,0.0
KN,"Korea, North",1961,wheat,325.0,325.0,0.0
KN,"Korea, North",1962,maize,1285.0,1285.0,0.0
KN,"Korea, North",1962,rice,1190.0,0.0,0.0
KN,"Korea, North",1962,wheat,215.0,215.0,0.0
KN,"Korea, North",1963,maize,1395.0,1395.0,0.0
KN,"Korea, North",1963,rice,1300.0,0.0,0.0
KN,"Korea, North",1963,wheat,201.0,201.0,0.0
KN,"Korea, North",1964,maize,1500.0,1500.0,0.0
KN,"Korea, North",1964,rice,1321.0,0.0,0.0
KN,"Korea, North",1964,wheat,206.0,206.0,0.0
KN,"Korea, North",1965,maize,1305.0,1305.0,0.0
KN,"Korea, North",1965,rice,1123.0,0.0,0.0
KN,"Korea, North",1965,wheat,470.0,470.0,0.0
KN,"Korea, North",1966,maize,1460.0,1460.0,0.0
KN,"Korea, North",1966,rice,1210.0,0.0,0.0
KN,"Korea, North",1966,wheat,624.0,624.0,0.0
KN,"Korea, North",1967,maize,1355.0,1355.0,0.0
KN,"Korea, North",1967,rice,1180.0,0.0,0.0
KN,"Korea, North",1967,wheat,135.0,135.0,0.0
KN,"Korea, North",1968,maize,1310.0,1310.0,0.0
KN,"Korea, North",1968,rice,1104.0,0.0,0.0
KN,"Korea, North",1968,wheat,418.0,418.0,0.0
KN,"Korea, North",1969,maize,1590.0,1590.0,0.0
KN,"Korea, North",1969,rice,1381.0,0.0,0.0
KN,"Korea, North",1969,wheat,399.0,399.0,0.0
KN,"Korea, North",1970,maize,1600.0,1600.0,0.0
KN,"Korea, North",1970,rice,1357.0,0.0,0.0
KN,"Korea, North",1970,wheat,362.0,362.0,0.0
KN,"Korea, North",1971,maize,1660.0,1660.0,0.0
KN,"Korea, North",1971,rice,1422.0,0.0,0.0
KN,"Korea, North",1971,wheat,571.0,571.0,0.0
KN,"Korea, North",1972,maize,1685.0,1685.0,0.0
KN,"Korea, North",1972,rice,1354.0,0.0,0.0
KN,"Korea, North",1972,wheat,781.0,781.0,0.0
KN,"Korea, North",1973,maize,1960.0,1960.0,0.0
KN,"Korea, North",1973,rice,1344.0,0.0,0.0
KN,"Korea, North",1973,wheat,1076.0,1076.0,0.0
KN,"Korea, North",1974,maize,1715.0,1715.0,0.0
KN,"Korea, North",1974,rice,1372.0,0.0,0.0
KN,"Korea, North",1974,wheat,531.0,531.0,0.0
KN,"Korea, North",1975,maize,1685.0,1685.0,0.0
KN,"Korea, North",1975,rice,1676.0,0.0,0.0
KN,"Korea, North",1975,wheat,451.0,451.0,0.0
KN,"Korea, North",1976,maize,1760.0,1760.0,0.0
KN,"Korea, North",1976,rice,1521.0,0.0,0.0
KN,"Korea, North",1976,wheat,435.0,435.0,0.0
KN,"Korea, North",1977,maize,2010.0,2010.0,0.0
KN,"Korea, North",1977,rice,1508.0,0.0,0.0
KN,"Korea, North",1977,wheat,189.0,189.0,0.0
KN,"Korea, North",1978,maize,1980.0,1980.0,0.0
KN,"Korea, North",1978,rice,1621.0,0.0,0.0
KN,"Korea, North",1978,wheat,260.0,260.0,0.0
KN,"Korea, North",1979,maize,2256.0,2256.0,0.0
KN,"Korea, North",1979,rice,1636.0,0.0,0.0
KN,"Korea, North",1979,wheat,341.0,341.0,0.0
KN,"Korea, North",1980,maize,1983.0,1983.0,0.0
KN,"Korea, North",1980,rice,1398.0,0.0,0.0
KN,"Korea, North",1980,wheat,467.0,467.0,0.0
KN,"Korea, North",1981,maize,2345.0,2345.0,0.0
KN,"Korea, North",1981,rice,1706.0,0.0,0.0
KN,"Korea, North",1981,wheat,512.0,512.0,0.0
KN,"Korea, North",1982,maize,2410.0,2410.0,0.0
KN,"Korea, North",1982,rice,1919.0,0.0,0.0
KN,"Korea, North",1982,wheat,321.0,321.0,0.0
KN,"Korea, North",1983,maize,2477.0,2477.0,0.0
KN,"Korea, North",1983,rice,2033.0,0.0,0.0
KN,"Korea, North",1983,wheat,624.0,624.0,0.0
KN,"Korea, North",1984,maize,2632.0,2632.0,0.0
KN,"Korea, North",1984,rice,2116.0,0.0,0.0
KN,"Korea, North",1984,wheat,682.0,682.0,0.0
KN,"Korea, North",1985,maize,2536.0,2536.0,0.0
KN,"Korea, North",1985,rice,2121.0,0.0,0.0
KN,"Korea, North",1985,wheat,677.0,677.0,0.0
KN,"Korea, North",1986,maize,2864.0,2864.0,0.0
KN,"Korea, North",1986,rice,2284.0,0.0,0.0
KN,"Korea, North",1986,wheat,387.0,387.0,0.0
KN,"Korea, North",1987,maize,2832.0,2832.0,0.0
KN,"Korea, North",1987,rice,1983.0,0.0,0.0
KN,"Korea, North",1987,wheat,506.0,506.0,0.0
KN,"Korea, North",1988,maize,2808.0,2808.0,0.0
KN,"Korea, North",1988,rice,2082.0,0.0,0.0
KN,"Korea, North",1988,wheat,228.0,228.0,0.0
KN,"Korea, North",1989,maize,2986.0,2986.0,0.0
KN,"Korea, North",1989,rice,2126.0,0.0,0.0
KN,"Korea, North",1989,wheat,314.0,314.0,0.0
KN,"Korea, North",1990,maize,2612.0,2612.0,0.0
KN,"Korea, North",1990,rice,1984.0,0.0,0.0
KN,"Korea, North",1990,wheat,775.0,775.0,0.0
KN,"Korea, North",1991,maize,2469.0,2469.0,0.0
KN,"Korea, North",1991,rice,1610.0,0.0,0.0
KN,"Korea, North",1991,wheat,828.0,828.0,0.0
KN,"Korea, North",1992,maize,2583.0,2583.0,0.0
KN,"Korea, North",1992,rice,1512.0,0.0,0.0
KN,"Korea, North",1992,wheat,456.0,456.0,0.0
KN,"Korea, North",1993,maize,2481.0,2481.0,0.0
KN,"Korea, North",1993,rice,1181.0,0.0,0.0
KN,"Korea, North",1993,wheat,308.0,308.0,0.0
KN,"Korea, North",1994,maize,2418.0,2418.0,0.0
KN,"Korea, North",1994,rice,2083.0,0.0,0.0
KN,"Korea, North",1994,wheat,278.0,278.0,0.0
KN,"Korea, North",1995,maize,2076.0,2076.0,0.0
KN,"Korea, North",1995,rice,1503.0,0.0,0.0
KN,"Korea, North",1995,wheat,264.0,264.0,0.0
KN,"Korea, North",1996,maize,2303.0,2303.0,0.0
KN,"Korea, North",1996,rice,1572.0,0.0,0.0
KN,"Korea, North",1996,wheat,606.0,606.0,0.0
KN,"Korea, North",1997,maize,1847.0,1847.0,0.0
KN,"Korea, North",1997,rice,1750.0,0.0,0.0
KN,"Korea, North",1997,wheat,754.0,754.0,0.0
KN,"Korea, North",1998,maize,2100.0,2100.0,0.0
KN,"Korea, North",1998,rice,1559.0,0.0,0.0
KN,"Korea, North",1998,wheat,803.0,803.0,0.0
KN,"Korea, North",1999,maize,2070.0,2070.0,0.0
KN,"Korea, North",1999,rice,2030.0,0.0,0.0
KN,"Korea, North",1999,wheat,584.0,584.0,0.0
KN,"Korea, North",2000,maize,2128.0,2128.0,0.0
KN,"Korea, North",2000,rice,1962.0,0.0,0.0
KN,"Korea, North",2000,wheat,450.0,450.0,0.0
KN,"Korea, North",2001,maize,1933.0,1533.0,400.0
KN,"Korea, North",2001,rice,2334.0,0.0,0.0
KN,"Korea, North",2001,wheat,490.0,490.0,0.0
KN,"Korea, North",2002,maize,1699.0,1299.0,400.0
KN,"Korea, North",2002,rice,2363.0,0.0,0.0
KN,"Korea, North",2002,wheat,595.0,595.0,0.0
KN,"Korea, North",2003,maize,1985.0,1585.0,400.0
KN,"Korea, North",2003,rice,2086.0,0.0,0.0
KN,"Korea, North",2003,wheat,615.0,615.0,0.0
KN,"Korea, North",2004,maize,1995.0,1595.0,400.0
KN,"Korea, North",2004,rice,1991.0,0.0,0.0
KN,"Korea, North",2004,wheat,660.0,660.0,0.0
KN,"Korea, North",2005,maize,1730.0,1330.0,400.0
KN,"Korea, North",2005,rice,2061.0,0.0,0.0
KN,"Korea, North",2005,wheat,650.0,650.0,0.0
KN,"Korea, North",2006,maize,1900.0,1500.0,400.0
KN,"Korea, North",2006,rice,2381.0,0.0,0.0
KN,"Korea, North",2006,wheat,630.0,630.0,0.0
KN,"Korea, North",2007,maize,1737.0,1337.0,400.0
KN,"Korea, North",2007,rice,1557.0,0.0,0.0
KN,"Korea, North",2007,wheat,664.0,664.0,0.0
KN,"Korea, North",2008,maize,1740.0,1340.0,400.0
KN,"Korea, North",2008,rice,1922.0,0.0,0.0
KN,"Korea, North",2008,wheat,640.0,640.0,0.0
KN,"Korea, North",2009,maize,1700.0,1300.0,400.0
KN,"Korea, North",2009,rice,1609.0,0.0,0.0
KN,"Korea, North",2009,wheat,640.0,640.0,0.0
KN,"Korea, North",2010,maize,1700.0,1300.0,400.0
KN,"Korea, North",2010,rice,1708.0,0.0,0.0
KN,"Korea, North",2010,wheat,620.0,620.0,0.0
KN,"Korea, North",2011,maize,1875.0,1425.0,450.0
KN,"Korea, North",2011,rice,1661.0,0.0,0.0
KN,"Korea, North",2011,wheat,550.0,550.0,0.0
KN,"Korea, North",2012,maize,2150.0,1650.0,500.0
KN,"Korea, North",2012,rice,1903.0,0.0,0.0
KN,"Korea, North",2012,wheat,500.0,500.0,0.0
KN,"Korea, North",2013,maize,2115.0,1615.0,500.0
KN,"Korea, North",2013,rice,1955.0,0.0,0.0
KN,"Korea, North",2013,wheat,505.0,505.0,0.0
KN,"Korea, North",2014,maize,2370.0,1870.0,500.0
KN,"Korea, North",2014,rice,1766.0,0.0,0.0
KN,"Korea, North",2014,wheat,495.0,495.0,0.0
KN,"Korea, North",2015,maize,2305.0,1805.0,500.0
KN,"Korea, North",2015,rice,1326.0,0.0,0.0
KN,"Korea, North",2015,wheat,440.0,440.0,0.0
KN,"Korea, North",2016,maize,2216.0,1716.0,500.0
KN,"Korea, North",2016,rice,1774.0,0.0,0.0
KN,"Korea, North",2016,wheat,465.0,465.0,0.0
KN,"Korea, North",2017,maize,2236.0,1736.0,500.0
KN,"Korea, North",2017,rice,1730.0,0.0,0.0
KN,"Korea, North",2017,wheat,465.0,465.0,0.0
KN,"Korea, North",2018,maize,2866.0,2366.0,500.0
KN,"Korea, North",2018,rice,1554.0,0.0,0.0
KN,"Korea, North",2018,wheat,465.0,465.0,0.0
KN,"Korea, North",2019,maize,2587.0,2087.0,500.0
KN,"Korea, North",2019,rice,1670.0,0.0,0.0
KN,"Korea, North",2019,wheat,465.0,465.0,0.0
KN,"Korea, North",2020,maize,2200.0,1700.0,500.0
KN,"Korea, North",2020,rice,1510.0,0.0,0.0
KN,"Korea, North",2020,wheat,165.0,165.0,0.0
KN,"Korea, North",2021,maize,2310.0,1810.0,500.0
KN,"Korea, North",2021,rice,1495.0,0.0,0.0
KN,"Korea, North",2021,wheat,115.0,115.0,0.0
KN,"Korea, North",2022,maize,2306.0,1806.0,500.0
KN,"Korea, North",2022,rice,1524.0,0.0,0.0
KN,"Korea, North",2022,wheat,165.0,165.0,0.0
KN,"Korea, North",2023,maize,2301.0,1801.0,500.0
KN,"Korea, North",2023,rice,1471.0,0.0,0.0
KN,"Korea, North",2023,wheat,165.0,165.0,0.0
KN,"Korea, North",2024,maize,2300.0,1800.0,500.0
KN,"Korea, North",2024,rice,1496.0,0.0,0.0
KN,"Korea, North",2024,wheat,135.0,135.0,0.0
KN,"Korea, North",2025,maize,2300.0,1800.0,500.0
KN,"Korea, North",2025,rice,1503.0,0.0,0.0
KN,"Korea, North",2025,wheat,145.0,145.0,0.0
KN,"Korea, North",2026,maize,2300.0,1800.0,500.0
KN,"Korea, North",2026,rice,1498.0,0.0,0.0
KN,"Korea, North",2026,wheat,140.0,140.0,0.0
KS,"Korea, South",1960,maize,36.0,7.0,29.0
KS,"Korea, South",1960,rice,3121.0,0.0,0.0
KS,"Korea, South",1960,wheat,520.0,502.0,18.0
KS,"Korea, South",1961,maize,37.0,8.0,29.0
KS,"Korea, South",1961,rice,3442.0,0.0,0.0
KS,"Korea, South",1961,wheat,585.0,563.0,22.0
KS,"Korea, South",1962,maize,36.0,10.0,26.0
KS,"Korea, South",1962,rice,3127.0,0.0,0.0
KS,"Korea, South",1962,wheat,1077.0,1044.0,33.0
KS,"Korea, South",1963,maize,39.0,6.0,33.0
KS,"Korea, South",1963,rice,3740.0,0.0,0.0
KS,"Korea, South",1963,wheat,973.0,939.0,34.0
KS,"Korea, South",1964,maize,34.0,9.0,25.0
KS,"Korea, South",1964,rice,3913.0,0.0,0.0
KS,"Korea, South",1964,wheat,718.0,690.0,28.0
KS,"Korea, South",1965,maize,40.0,9.0,31.0
KS,"Korea, South",1965,rice,3444.0,0.0,0.0
KS,"Korea, South",1965,wheat,784.0,754.0,30.0
KS,"Korea, South",1966,maize,61.0,8.0,53.0
KS,"Korea, South",1966,rice,4119.0,0.0,0.0
KS,"Korea, South",1966,wheat,847.0,815.0,32.0
KS,"Korea, South",1967,maize,198.0,98.0,100.0
KS,"Korea, South",1967,rice,3811.0,0.0,0.0
KS,"Korea, South",1967,wheat,1242.0,1202.0,40.0
KS,"Korea, South",1968,maize,244.0,74.0,170.0
KS,"Korea, South",1968,rice,3866.0,0.0,0.0
KS,"Korea, South",1968,wheat,1402.0,1362.0,40.0
KS,"Korea, South",1969,maize,333.0,83.0,250.0
KS,"Korea, South",1969,rice,4271.0,0.0,0.0
KS,"Korea, South",1969,wheat,1421.0,1381.0,40.0
KS,"Korea, South",1970,maize,365.0,85.0,280.0
KS,"Korea, South",1970,rice,4945.0,0.0,0.0
KS,"Korea, South",1970,wheat,1656.0,1616.0,40.0
KS,"Korea, South",1971,maize,465.0,95.0,370.0
KS,"Korea, South",1971,rice,3973.0,0.0,0.0
KS,"Korea, South",1971,wheat,2033.0,1993.0,40.0
KS,"Korea, South",1972,maize,437.0,107.0,330.0
KS,"Korea, South",1972,rice,4296.0,0.0,0.0
KS,"Korea, South",1972,wheat,1896.0,1856.0,40.0
KS,"Korea, South",1973,maize,594.0,194.0,400.0
KS,"Korea, South",1973,rice,4641.0,0.0,0.0
KS,"Korea, South",1973,wheat,1497.0,1457.0,40.0
KS,"Korea, South",1974,maize,691.0,220.0,471.0
KS,"Korea, South",1974,rice,4707.0,0.0,0.0
KS,"Korea, South",1974,wheat,1704.0,1677.0,27.0
KS,"Korea, South",1975,maize,888.0,269.0,619.0
KS,"Korea, South",1975,rice,4646.0,0.0,0.0
KS,"Korea, South",1975,wheat,1816.0,1796.0,20.0
KS,"Korea, South",1976,maize,1339.0,323.0,1016.0
KS,"Korea, South",1976,rice,5100.0,0.0,0.0
KS,"Korea, South",1976,wheat,1981.0,1959.0,22.0
KS,"Korea, South",1977,maize,1860.0,352.0,1508.0
KS,"Korea, South",1977,rice,5784.0,0.0,0.0
KS,"Korea, South",1977,wheat,1691.0,1671.0,20.0
KS,"Korea, South",1978,maize,2914.0,463.0,2451.0
KS,"Korea, South",1978,rice,6764.0,0.0,0.0
KS,"Korea, South",1978,wheat,1741.0,1721.0,20.0
KS,"Korea, South",1979,maize,2517.0,550.0,1967.0
KS,"Korea, South",1979,rice,5786.0,0.0,0.0
KS,"Korea, South",1979,wheat,1874.0,1867.0,7.0
KS,"Korea, South",1980,maize,2533.0,543.0,1990.0
KS,"Korea, South",1980,rice,5432.0,0.0,0.0
KS,"Korea, South",1980,wheat,2069.0,2062.0,7.0
KS,"Korea, South",1981,maize,2930.0,629.0,2301.0
KS,"Korea, South",1981,rice,5404.0,0.0,0.0
KS,"Korea, South",1981,wheat,1983.0,1976.0,7.0
KS,"Korea, South",1982,maize,4228.0,721.0,3507.0
KS,"Korea, South",1982,rice,5303.0,0.0,0.0
KS,"Korea, South",1982,wheat,1980.0,1975.0,5.0
KS,"Korea, South",1983,maize,3305.0,736.0,2569.0
KS,"Korea, South",1983,rice,5540.0,0.0,0.0
KS,"Korea, South",1983,wheat,2356.0,1880.0,476.0
KS,"Korea, South",1984,maize,3254.0,885.0,2369.0
KS,"Korea, South",1984,rice,5497.0,0.0,0.0
KS,"Korea, South",1984,wheat,2988.0,2015.0,973.0
KS,"Korea, South",1985,maize,3675.0,925.0,2750.0
KS,"Korea, South",1985,rice,5807.0,0.0,0.0
KS,"Korea, South",1985,wheat,3145.0,2041.0,1104.0
KS,"Korea, South",1986,maize,4743.0,1203.0,3540.0
KS,"Korea, South",1986,rice,5700.0,0.0,0.0
KS,"Korea, South",1986,wheat,3844.0,2056.0,1788.0
KS,"Korea, South",1987,maize,4970.0,1335.0,3635.0
KS,"Korea, South",1987,rice,5506.0,0.0,0.0
KS,"Korea, South",1987,wheat,4282.0,2195.0,2087.0
KS,"Korea, South",1988,maize,5848.0,1398.0,4450.0
KS,"Korea, South",1988,rice,5591.0,0.0,0.0
KS,"Korea, South",1988,wheat,3283.0,2058.0,1225.0
KS,"Korea, South",1989,maize,6500.0,1500.0,5000.0
KS,"Korea, South",1989,rice,5468.0,0.0,0.0
KS,"Korea, South",1989,wheat,1992.0,1950.0,42.0
KS,"Korea, South",1990,maize,5577.0,1577.0,4000.0
KS,"Korea, South",1990,rice,5490.0,0.0,0.0
KS,"Korea, South",1990,wheat,3525.0,1998.0,1527.0
KS,"Korea, South",1991,maize,6077.0,1680.0,4397.0
KS,"Korea, South",1991,rice,5526.0,0.0,0.0
KS,"Korea, South",1991,wheat,4846.0,2025.0,2821.0
KS,"Korea, South",1992,maize,6630.0,1643.0,4987.0
KS,"Korea, South",1992,rice,5500.0,0.0,0.0
KS,"Korea, South",1992,wheat,3481.0,2049.0,1432.0
KS,"Korea, South",1993,maize,5795.0,1803.0,3992.0
KS,"Korea, South",1993,rice,5424.0,0.0,0.0
KS,"Korea, South",1993,wheat,5619.0,2085.0,3534.0
KS,"Korea, South",1994,maize,8014.0,1754.0,6260.0
KS,"Korea, South",1994,rice,5406.0,0.0,0.0
KS,"Korea, South",1994,wheat,4245.0,2158.0,2087.0
KS,"Korea, South",1995,maize,9146.0,1700.0,7446.0
KS,"Korea, South",1995,rice,5230.0,0.0,0.0
KS,"Korea, South",1995,wheat,2496.0,2224.0,272.0
KS,"Korea, South",1996,maize,8284.0,1988.0,6296.0
KS,"Korea, South",1996,rice,5070.0,0.0,0.0
KS,"Korea, South",1996,wheat,3351.0,2139.0,1212.0
KS,"Korea, South",1997,maize,7673.0,1798.0,5875.0
KS,"Korea, South",1997,rice,5216.0,0.0,0.0
KS,"Korea, South",1997,wheat,3850.0,2133.0,1717.0
KS,"Korea, South",1998,maize,7526.0,1966.0,5560.0
KS,"Korea, South",1998,rice,5280.0,0.0,0.0
KS,"Korea, South",1998,wheat,4548.0,2098.0,2450.0
KS,"Korea, South",1999,maize,8624.0,2083.0,6541.0
KS,"Korea, South",1999,rice,5114.0,0.0,0.0
KS,"Korea, South",1999,wheat,3493.0,2192.0,1301.0
KS,"Korea, South",2000,maize,8616.0,2156.0,6460.0
KS,"Korea, South",2000,rice,5152.0,0.0,0.0
KS,"Korea, South",2000,wheat,3001.0,2312.0,689.0
KS,"Korea, South",2001,maize,8735.0,2151.0,6584.0
KS,"Korea, South",2001,rice,5155.0,0.0,0.0
KS,"Korea, South",2001,wheat,3810.0,2313.0,1497.0
KS,"Korea, South",2002,maize,8782.0,2213.0,6569.0
KS,"Korea, South",2002,rice,5134.0,0.0,0.0
KS,"Korea, South",2002,wheat,4050.0,2380.0,1670.0
KS,"Korea, South",2003,maize,8722.0,2108.0,6614.0
KS,"Korea, South",2003,rice,4512.0,0.0,0.0
KS,"Korea, South",2003,wheat,3340.0,2420.0,920.0
KS,"Korea, South",2004,maize,8666.0,2047.0,6619.0
KS,"Korea, South",2004,rice,4951.0,0.0,0.0
KS,"Korea, South",2004,wheat,3500.0,2400.0,1100.0
KS,"Korea, South",2005,maize,8579.0,2069.0,6510.0
KS,"Korea, South",2005,rice,4766.0,0.0,0.0
KS,"Korea, South",2005,wheat,3900.0,2400.0,1500.0
KS,"Korea, South",2006,maize,8833.0,1936.0,6897.0
KS,"Korea, South",2006,rice,4887.0,0.0,0.0
KS,"Korea, South",2006,wheat,3300.0,2300.0,1000.0
KS,"Korea, South",2007,maize,8633.0,1587.0,7046.0
KS,"Korea, South",2007,rice,4670.0,0.0,0.0
KS,"Korea, South",2007,wheat,3000.0,2300.0,700.0
KS,"Korea, South",2008,maize,7894.0,1526.0,6368.0
KS,"Korea, South",2008,rice,4789.0,0.0,0.0
KS,"Korea, South",2008,wheat,3050.0,2100.0,950.0
KS,"Korea, South",2009,maize,8382.0,2020.0,6362.0
KS,"Korea, South",2009,rice,4701.0,0.0,0.0
KS,"Korea, South",2009,wheat,4402.0,2230.0,2172.0
KS,"Korea, South",2010,maize,8214.0,2140.0,6074.0
KS,"Korea, South",2010,rice,5175.0,0.0,0.0
KS,"Korea, South",2010,wheat,4327.0,2362.0,1965.0
KS,"Korea, South",2011,maize,7815.0,2125.0,5690.0
KS,"Korea, South",2011,rice,4880.0,0.0,0.0
KS,"Korea, South",2011,wheat,5181.0,2311.0,2870.0
KS,"Korea, South",2012,maize,8481.0,1998.0,6483.0
KS,"Korea, South",2012,rice,4489.0,0.0,0.0
KS,"Korea, South",2012,wheat,5197.0,2379.0,2818.0
KS,"Korea, South",2013,maize,9891.0,2129.0,7762.0
KS,"Korea, South",2013,rice,4422.0,0.0,0.0
KS,"Korea, South",2013,wheat,4255.0,2319.0,1936.0
KS,"Korea, South",2014,maize,10250.0,2215.0,8035.0
KS,"Korea, South",2014,rice,4197.0,0.0,0.0
KS,"Korea, South",2014,wheat,3849.0,2359.0,1490.0
KS,"Korea, South",2015,maize,10123.0,2323.0,7800.0
KS,"Korea, South",2015,rice,4212.0,0.0,0.0
KS,"Korea, South",2015,wheat,4162.0,2434.0,1728.0
KS,"Korea, South",2016,maize,9435.0,2404.0,7031.0
KS,"Korea, South",2016,rice,4435.0,0.0,0.0
KS,"Korea, South",2016,wheat,4530.0,2413.0,2117.0
KS,"Korea, South",2017,maize,10000.0,2300.0,7700.0
KS,"Korea, South",2017,rice,4746.0,0.0,0.0
KS,"Korea, South",2017,wheat,3987.0,2375.0,1612.0
KS,"Korea, South",2018,maize,10936.0,2380.0,8556.0
KS,"Korea, South",2018,rice,4572.0,0.0,0.0
KS,"Korea, South",2018,wheat,3575.0,2350.0,1225.0
KS,"Korea, South",2019,maize,11795.0,2293.0,9502.0
KS,"Korea, South",2019,rice,4100.0,0.0,0.0
KS,"Korea, South",2019,wheat,3550.0,2350.0,1200.0
KS,"Korea, South",2020,maize,11780.0,2357.0,9423.0
KS,"Korea, South",2020,rice,4000.0,0.0,0.0
KS,"Korea, South",2020,wheat,3550.0,2350.0,1200.0
KS,"Korea, South",2021,maize,11560.0,2341.0,9219.0
KS,"Korea, South",2021,rice,3950.0,0.0,0.0
KS,"Korea, South",2021,wheat,4641.0,2449.0,2192.0
KS,"Korea, South",2022,maize,11350.0,2350.0,9000.0
KS,"Korea, South",2022,rice,3875.0,0.0,0.0
KS,"Korea, South",2022,wheat,4102.0,2403.0,1699.0
KS,"Korea, South",2023,maize,11500.0,2250.0,9250.0
KS,"Korea, South",2023,rice,4190.0,0.0,0.0
KS,"Korea, South",2023,wheat,4440.0,2336.0,2104.0
KS,"Korea, South",2024,maize,11450.0,2200.0,9250.0
KS,"Korea, South",2024,rice,4246.0,0.0,0.0
KS,"Korea, South",2024,wheat,4084.0,2395.0,1689.0
KS,"Korea, South",2025,maize,11600.0,2200.0,9400.0
KS,"Korea, South",2025,rice,3850.0,0.0,0.0
KS,"Korea, South",2025,wheat,4200.0,2450.0,1750.0
KS,"Korea, South",2026,maize,11550.0,2200.0,9350.0
KS,"Korea, South",2026,rice,3775.0,0.0,0.0
KS,"Korea, South",2026,wheat,4100.0,2400.0,1700.0
KU,Kuwait,1960,rice,16.0,0.0,0.0
KU,Kuwait,1960,wheat,16.0,16.0,0.0
KU,Kuwait,1961,rice,16.0,0.0,0.0
KU,Kuwait,1961,wheat,15.0,15.0,0.0
KU,Kuwait,1962,rice,16.0,0.0,0.0
KU,Kuwait,1962,wheat,70.0,70.0,0.0
KU,Kuwait,1963,rice,18.0,0.0,0.0
KU,Kuwait,1963,wheat,66.0,66.0,0.0
KU,Kuwait,1964,rice,23.0,0.0,0.0
KU,Kuwait,1964,wheat,55.0,55.0,0.0
KU,Kuwait,1965,rice,25.0,0.0,0.0
KU,Kuwait,1965,wheat,71.0,71.0,0.0
KU,Kuwait,1966,rice,32.0,0.0,0.0
KU,Kuwait,1966,wheat,40.0,40.0,0.0
KU,Kuwait,1967,rice,13.0,0.0,0.0
KU,Kuwait,1967,wheat,77.0,77.0,0.0
KU,Kuwait,1968,rice,37.0,0.0,0.0
KU,Kuwait,1968,wheat,70.0,70.0,0.0
KU,Kuwait,1969,rice,23.0,0.0,0.0
KU,Kuwait,1969,wheat,68.0,68.0,0.0
KU,Kuwait,1970,rice,18.0,0.0,0.0
KU,Kuwait,1970,wheat,77.0,77.0,0.0
KU,Kuwait,1971,rice,42.0,0.0,0.0
KU,Kuwait,1971,wheat,102.0,102.0,0.0
KU,Kuwait,1972,rice,38.0,0.0,0.0
KU,Kuwait,1972,wheat,85.0,85.0,0.0
KU,Kuwait,1973,rice,37.0,0.0,0.0
KU,Kuwait,1973,wheat,103.0,103.0,0.0
KU,Kuwait,1974,maize,19.0,0.0,19.0
KU,Kuwait,1974,rice,39.0,0.0,0.0
KU,Kuwait,1974,wheat,90.0,90.0,0.0
KU,Kuwait,1975,maize,25.0,0.0,25.0
KU,Kuwait,1975,rice,62.0,0.0,0.0
KU,Kuwait,1975,wheat,134.0,134.0,0.0
KU,Kuwait,1976,maize,31.0,0.0,31.0
KU,Kuwait,1976,rice,42.0,0.0,0.0
KU,Kuwait,1976,wheat,145.0,145.0,0.0
KU,Kuwait,1977,maize,30.0,0.0,30.0
KU,Kuwait,1977,rice,62.0,0.0,0.0
KU,Kuwait,1977,wheat,165.0,165.0,0.0
KU,Kuwait,1978,maize,35.0,0.0,35.0
KU,Kuwait,1978,rice,49.0,0.0,0.0
KU,Kuwait,1978,wheat,202.0,202.0,0.0
KU,Kuwait,1979,maize,78.0,0.0,78.0
KU,Kuwait,1979,rice,80.0,0.0,0.0
KU,Kuwait,1979,wheat,161.0,161.0,0.0
KU,Kuwait,1980,maize,105.0,0.0,105.0
KU,Kuwait,1980,rice,73.0,0.0,0.0
KU,Kuwait,1980,wheat,385.0,385.0,0.0
KU,Kuwait,1981,maize,125.0,0.0,125.0
KU,Kuwait,1981,rice,53.0,0.0,0.0
KU,Kuwait,1981,wheat,282.0,282.0,0.0
KU,Kuwait,1982,maize,129.0,0.0,129.0
KU,Kuwait,1982,rice,101.0,0.0,0.0
KU,Kuwait,1982,wheat,246.0,246.0,0.0
KU,Kuwait,1983,maize,100.0,0.0,100.0
KU,Kuwait,1983,rice,103.0,0.0,0.0
KU,Kuwait,1983,wheat,198.0,198.0,0.0
KU,Kuwait,1984,maize,150.0,0.0,150.0
KU,Kuwait,1984,rice,111.0,0.0,0.0
KU,Kuwait,1984,wheat,212.0,212.0,0.0
KU,Kuwait,1985,maize,100.0,0.0,100.0
KU,Kuwait,1985,rice,40.0,0.0,0.0
KU,Kuwait,1985,wheat,182.0,182.0,0.0
KU,Kuwait,1986,maize,109.0,0.0,109.0
KU,Kuwait,1986,rice,90.0,0.0,0.0
KU,Kuwait,1986,wheat,161.0,161.0,0.0
KU,Kuwait,1987,maize,57.0,0.0,57.0
KU,Kuwait,1987,rice,67.0,0.0,0.0
KU,Kuwait,1987,wheat,202.0,202.0,0.0
KU,Kuwait,1988,maize,106.0,0.0,106.0
KU,Kuwait,1988,rice,85.0,0.0,0.0
KU,Kuwait,1988,wheat,131.0,131.0,0.0
KU,Kuwait,1989,maize,57.0,0.0,57.0
KU,Kuwait,1989,rice,78.0,0.0,0.0
KU,Kuwait,1989,wheat,255.0,255.0,0.0
KU,Kuwait,1990,maize,21.0,0.0,21.0
KU,Kuwait,1990,rice,49.0,0.0,0.0
KU,Kuwait,1990,wheat,43.0,43.0,0.0
KU,Kuwait,1991,rice,66.0,0.0,0.0
KU,Kuwait,1991,wheat,146.0,146.0,0.0
KU,Kuwait,1992,maize,30.0,0.0,30.0
KU,Kuwait,1992,rice,68.0,0.0,0.0
KU,Kuwait,1992,wheat,138.0,138.0,0.0
KU,Kuwait,1993,maize,59.0,0.0,59.0
KU,Kuwait,1993,rice,84.0,0.0,0.0
KU,Kuwait,1993,wheat,200.0,200.0,0.0
KU,Kuwait,1994,maize,64.0,0.0,64.0
KU,Kuwait,1994,rice,63.0,0.0,0.0
KU,Kuwait,1994,wheat,235.0,235.0,0.0
KU,Kuwait,1995,maize,85.0,0.0,85.0
KU,Kuwait,1995,rice,77.0,0.0,0.0
KU,Kuwait,1995,wheat,151.0,151.0,0.0
KU,Kuwait,1996,maize,95.0,0.0,95.0
KU,Kuwait,1996,rice,82.0,0.0,0.0
KU,Kuwait,1996,wheat,231.0,231.0,0.0
KU,Kuwait,1997,maize,68.0,0.0,68.0
KU,Kuwait,1997,rice,72.0,0.0,0.0
KU,Kuwait,1997,wheat,137.0,137.0,0.0
KU,Kuwait,1998,maize,180.0,0.0,180.0
KU,Kuwait,1998,rice,108.0,0.0,0.0
KU,Kuwait,1998,wheat,233.0,233.0,0.0
KU,Kuwait,1999,maize,200.0,0.0,200.0
KU,Kuwait,1999,rice,100.0,0.0,0.0
KU,Kuwait,1999,wheat,223.0,223.0,0.0
KU,Kuwait,2000,maize,128.0,0.0,128.0
KU,Kuwait,2000,rice,125.0,0.0,0.0
KU,Kuwait,2000,wheat,184.0,184.0,0.0
KU,Kuwait,2001,maize,107.0,0.0,107.0
KU,Kuwait,2001,rice,144.0,0.0,0.0
KU,Kuwait,2001,wheat,247.0,247.0,0.0
KU,Kuwait,2002,maize,128.0,0.0,128.0
KU,Kuwait,2002,rice,150.0,0.0,0.0
KU,Kuwait,2002,wheat,181.0,181.0,0.0
KU,Kuwait,2003,maize,147.0,0.0,147.0
KU,Kuwait,2003,rice,150.0,0.0,0.0
KU,Kuwait,2003,wheat,266.0,266.0,0.0
KU,Kuwait,2004,maize,138.0,0.0,138.0
KU,Kuwait,2004,rice,150.0,0.0,0.0
KU,Kuwait,2004,wheat,382.0,382.0,0.0
KU,Kuwait,2005,maize,125.0,0.0,125.0
KU,Kuwait,2005,rice,181.0,0.0,0.0
KU,Kuwait,2005,wheat,351.0,351.0,0.0
KU,Kuwait,2006,maize,140.0,0.0,140.0
KU,Kuwait,2006,rice,192.0,0.0,0.0
KU,Kuwait,2006,wheat,291.0,291.0,0.0
KU,Kuwait,2007,maize,100.0,0.0,100.0
KU,Kuwait,2007,rice,237.0,0.0,0.0
KU,Kuwait,2007,wheat,241.0,241.0,0.0
KU,Kuwait,2008,maize,110.0,0.0,110.0
KU,Kuwait,2008,rice,172.0,0.0,0.0
KU,Kuwait,2008,wheat,305.0,305.0,0.0
KU,Kuwait,2009,maize,150.0,0.0,150.0
KU,Kuwait,2009,rice,179.0,0.0,0.0
KU,Kuwait,2009,wheat,345.0,345.0,0.0
KU,Kuwait,2010,maize,175.0,0.0,175.0
KU,Kuwait,2010,rice,258.0,0.0,0.0
KU,Kuwait,2010,wheat,380.0,380.0,0.0
KU,Kuwait,2011,maize,175.0,0.0,175.0
KU,Kuwait,2011,rice,194.0,0.0,0.0
KU,Kuwait,2011,wheat,326.0,326.0,0.0
KU,Kuwait,2012,maize,175.0,0.0,175.0
KU,Kuwait,2012,rice,220.0,0.0,0.0
KU,Kuwait,2012,wheat,356.0,356.0,0.0
KU,Kuwait,2013,maize,150.0,0.0,150.0
KU,Kuwait,2013,rice,273.0,0.0,0.0
KU,Kuwait,2013,wheat,498.0,498.0,0.0
KU,Kuwait,2014,maize,200.0,0.0,200.0
KU,Kuwait,2014,rice,247.0,0.0,0.0
KU,Kuwait,2014,wheat,454.0,454.0,0.0
KU,Kuwait,2015,maize,140.0,0.0,140.0
KU,Kuwait,2015,rice,211.0,0.0,0.0
KU,Kuwait,2015,wheat,487.0,487.0,0.0
KU,Kuwait,2016,maize,130.0,0.0,130.0
KU,Kuwait,2016,rice,223.0,0.0,0.0
KU,Kuwait,2016,wheat,477.0,477.0,0.0
KU,Kuwait,2017,maize,171.0,0.0,171.0
KU,Kuwait,2017,rice,220.0,0.0,0.0
KU,Kuwait,2017,wheat,495.0,495.0,0.0
KU,Kuwait,2018,maize,160.0,0.0,160.0
KU,Kuwait,2018,rice,252.0,0.0,0.0
KU,Kuwait,2018,wheat,539.0,539.0,0.0
KU,Kuwait,2019,maize,170.0,0.0,170.0
KU,Kuwait,2019,rice,244.0,0.0,0.0
KU,Kuwait,2019,wheat,565.0,565.0,0.0
KU,Kuwait,2020,maize,80.0,0.0,80.0
KU,Kuwait,2020,rice,199.0,0.0,0.0
KU,Kuwait,2020,wheat,452.0,452.0,0.0
KU,Kuwait,2021,maize,180.0,0.0,180.0
KU,Kuwait,2021,rice,200.0,0.0,0.0
KU,Kuwait,2021,wheat,440.0,440.0,0.0
KU,Kuwait,2022,maize,90.0,0.0,90.0
KU,Kuwait,2022,rice,219.0,0.0,0.0
KU,Kuwait,2022,wheat,476.0,476.0,0.0
KU,Kuwait,2023,maize,127.0,0.0,127.0
KU,Kuwait,2023,rice,222.0,0.0,0.0
KU,Kuwait,2023,wheat,486.0,486.0,0.0
KU,Kuwait,2024,maize,211.0,0.0,211.0
KU,Kuwait,2024,rice,230.0,0.0,0.0
KU,Kuwait,2024,wheat,607.0,607.0,0.0
KU,Kuwait,2025,maize,125.0,0.0,125.0
KU,Kuwait,2025,rice,210.0,0.0,0.0
KU,Kuwait,2025,wheat,500.0,500.0,0.0
KU,Kuwait,2026,maize,125.0,0.0,125.0
KU,Kuwait,2026,rice,220.0,0.0,0.0
KU,Kuwait,2026,wheat,525.0,525.0,0.0
KZ,Kazakhstan,1987,maize,608.0,75.0,533.0
KZ,Kazakhstan,1987,rice,444.0,0.0,0.0
KZ,Kazakhstan,1987,wheat,9139.0,4350.0,4789.0
KZ,Kazakhstan,1988,maize,1015.0,76.0,939.0
KZ,Kazakhstan,1988,rice,482.0,0.0,0.0
KZ,Kazakhstan,1988,wheat,8291.0,4140.0,4151.0
KZ,Kazakhstan,1989,maize,1108.0,74.0,1034.0
KZ,Kazakhstan,1989,rice,411.0,0.0,0.0
KZ,Kazakhstan,1989,wheat,8087.0,4140.0,3947.0
KZ,Kazakhstan,1990,maize,661.0,76.0,585.0
KZ,Kazakhstan,1990,rice,426.0,0.0,0.0
KZ,Kazakhstan,1990,wheat,9408.0,4150.0,5258.0
KZ,Kazakhstan,1991,maize,891.0,74.0,817.0
KZ,Kazakhstan,1991,rice,384.0,0.0,0.0
KZ,Kazakhstan,1991,wheat,7364.0,4020.0,3344.0
KZ,Kazakhstan,1992,maize,508.0,75.0,433.0
KZ,Kazakhstan,1992,rice,307.0,0.0,0.0
KZ,Kazakhstan,1992,wheat,8740.0,4240.0,4500.0
KZ,Kazakhstan,1993,maize,377.0,75.0,302.0
KZ,Kazakhstan,1993,rice,246.0,0.0,0.0
KZ,Kazakhstan,1993,wheat,7007.0,4196.0,2811.0
KZ,Kazakhstan,1994,maize,294.0,80.0,214.0
KZ,Kazakhstan,1994,rice,161.0,0.0,0.0
KZ,Kazakhstan,1994,wheat,5977.0,3931.0,2046.0
KZ,Kazakhstan,1995,maize,126.0,69.0,57.0
KZ,Kazakhstan,1995,rice,107.0,0.0,0.0
KZ,Kazakhstan,1995,wheat,5450.0,3800.0,1650.0
KZ,Kazakhstan,1996,maize,137.0,74.0,63.0
KZ,Kazakhstan,1996,rice,145.0,0.0,0.0
KZ,Kazakhstan,1996,wheat,5100.0,3600.0,1500.0
KZ,Kazakhstan,1997,maize,111.0,68.0,43.0
KZ,Kazakhstan,1997,rice,141.0,0.0,0.0
KZ,Kazakhstan,1997,wheat,4850.0,3500.0,1350.0
KZ,Kazakhstan,1998,maize,170.0,70.0,100.0
KZ,Kazakhstan,1998,rice,116.0,0.0,0.0
KZ,Kazakhstan,1998,wheat,3800.0,3000.0,800.0
KZ,Kazakhstan,1999,maize,195.0,70.0,125.0
KZ,Kazakhstan,1999,rice,128.0,0.0,0.0
KZ,Kazakhstan,1999,wheat,4300.0,3200.0,1100.0
KZ,Kazakhstan,2000,maize,245.0,74.0,171.0
KZ,Kazakhstan,2000,rice,136.0,0.0,0.0
KZ,Kazakhstan,2000,wheat,4400.0,3300.0,1100.0
KZ,Kazakhstan,2001,maize,316.0,75.0,241.0
KZ,Kazakhstan,2001,rice,166.0,0.0,0.0
KZ,Kazakhstan,2001,wheat,5600.0,3800.0,1800.0
KZ,Kazakhstan,2002,maize,400.0,100.0,300.0
KZ,Kazakhstan,2002,rice,145.0,0.0,0.0
KZ,Kazakhstan,2002,wheat,6000.0,4000.0,2000.0
KZ,Kazakhstan,2003,maize,400.0,100.0,300.0
KZ,Kazakhstan,2003,rice,153.0,0.0,0.0
KZ,Kazakhstan,2003,wheat,7000.0,4100.0,2900.0
KZ,Kazakhstan,2004,maize,450.0,100.0,350.0
KZ,Kazakhstan,2004,rice,196.0,0.0,0.0
KZ,Kazakhstan,2004,wheat,6700.0,4700.0,2000.0
KZ,Kazakhstan,2005,maize,450.0,100.0,350.0
KZ,Kazakhstan,2005,rice,183.0,0.0,0.0
KZ,Kazakhstan,2005,wheat,6900.0,4700.0,2200.0
KZ,Kazakhstan,2006,maize,425.0,100.0,325.0
KZ,Kazakhstan,2006,rice,174.0,0.0,0.0
KZ,Kazakhstan,2006,wheat,8100.0,5100.0,3000.0
KZ,Kazakhstan,2007,maize,425.0,100.0,325.0
KZ,Kazakhstan,2007,rice,179.0,0.0,0.0
KZ,Kazakhstan,2007,wheat,7500.0,5100.0,2400.0
KZ,Kazakhstan,2008,maize,425.0,100.0,325.0
KZ,Kazakhstan,2008,rice,197.0,0.0,0.0
KZ,Kazakhstan,2008,wheat,7600.0,5100.0,2500.0
KZ,Kazakhstan,2009,maize,425.0,100.0,325.0
KZ,Kazakhstan,2009,rice,174.0,0.0,0.0
KZ,Kazakhstan,2009,wheat,7700.0,5100.0,2600.0
KZ,Kazakhstan,2010,maize,450.0,100.0,350.0
KZ,Kazakhstan,2010,rice,195.0,0.0,0.0
KZ,Kazakhstan,2010,wheat,6700.0,4700.0,2000.0
KZ,Kazakhstan,2011,maize,475.0,100.0,375.0
KZ,Kazakhstan,2011,rice,202.0,0.0,0.0
KZ,Kazakhstan,2011,wheat,7600.0,5000.0,2600.0
KZ,Kazakhstan,2012,maize,500.0,100.0,400.0
KZ,Kazakhstan,2012,rice,198.0,0.0,0.0
KZ,Kazakhstan,2012,wheat,6800.0,4800.0,2000.0
KZ,Kazakhstan,2013,maize,550.0,100.0,450.0
KZ,Kazakhstan,2013,rice,202.0,0.0,0.0
KZ,Kazakhstan,2013,wheat,6800.0,4800.0,2000.0
KZ,Kazakhstan,2014,maize,575.0,100.0,475.0
KZ,Kazakhstan,2014,rice,211.0,0.0,0.0
KZ,Kazakhstan,2014,wheat,6800.0,4800.0,2000.0
KZ,Kazakhstan,2015,maize,650.0,100.0,550.0
KZ,Kazakhstan,2015,rice,238.0,0.0,0.0
KZ,Kazakhstan,2015,wheat,6900.0,4800.0,2100.0
KZ,Kazakhstan,2016,maize,710.0,110.0,600.0
KZ,Kazakhstan,2016,rice,324.0,0.0,0.0
KZ,Kazakhstan,2016,wheat,6900.0,4800.0,2100.0
KZ,Kazakhstan,2017,maize,810.0,110.0,700.0
KZ,Kazakhstan,2017,rice,370.0,0.0,0.0
KZ,Kazakhstan,2017,wheat,6900.0,4800.0,2100.0
KZ,Kazakhstan,2018,maize,810.0,110.0,700.0
KZ,Kazakhstan,2018,rice,382.0,0.0,0.0
KZ,Kazakhstan,2018,wheat,6600.0,4800.0,1800.0
KZ,Kazakhstan,2019,maize,810.0,110.0,700.0
KZ,Kazakhstan,2019,rice,353.0,0.0,0.0
KZ,Kazakhstan,2019,wheat,6100.0,4800.0,1300.0
KZ,Kazakhstan,2020,maize,870.0,120.0,750.0
KZ,Kazakhstan,2020,rice,432.0,0.0,0.0
KZ,Kazakhstan,2020,wheat,6250.0,4800.0,1450.0
KZ,Kazakhstan,2021,maize,1055.0,130.0,925.0
KZ,Kazakhstan,2021,rice,404.0,0.0,0.0
KZ,Kazakhstan,2021,wheat,6200.0,4850.0,1350.0
KZ,Kazakhstan,2022,maize,1045.0,120.0,925.0
KZ,Kazakhstan,2022,rice,281.0,0.0,0.0
KZ,Kazakhstan,2022,wheat,6800.0,5000.0,1800.0
KZ,Kazakhstan,2023,maize,1070.0,120.0,950.0
KZ,Kazakhstan,2023,rice,513.0,0.0,0.0
KZ,Kazakhstan,2023,wheat,7550.0,5050.0,2500.0
KZ,Kazakhstan,2024,maize,870.0,120.0,750.0
KZ,Kazakhstan,2024,rice,434.0,0.0,0.0
KZ,Kazakhstan,2024,wheat,9000.0,5100.0,3900.0
KZ,Kazakhstan,2025,maize,825.0,125.0,700.0
KZ,Kazakhstan,2025,rice,462.0,0.0,0.0
KZ,Kazakhstan,2025,wheat,9550.0,5150.0,4400.0
KZ,Kazakhstan,2026,maize,1200.0,150.0,1050.0
KZ,Kazakhstan,2026,rice,460.0,0.0,0.0
KZ,Kazakhstan,2026,wheat,7675.0,5175.0,2500.0
LA,Laos,1960,rice,413.0,0.0,0.0
LA,Laos,1961,rice,463.0,0.0,0.0
LA,Laos,1962,rice,458.0,0.0,0.0
LA,Laos,1963,rice,421.0,0.0,0.0
LA,Laos,1964,rice,517.0,0.0,0.0
LA,Laos,1965,rice,512.0,0.0,0.0
LA,Laos,1966,rice,528.0,0.0,0.0
LA,Laos,1967,rice,560.0,0.0,0.0
LA,Laos,1968,rice,548.0,0.0,0.0
LA,Laos,1969,rice,629.0,0.0,0.0
LA,Laos,1970,rice,654.0,0.0,0.0
LA,Laos,1971,rice,610.0,0.0,0.0
LA,Laos,1972,rice,595.0,0.0,0.0
LA,Laos,1973,rice,626.0,0.0,0.0
LA,Laos,1974,rice,661.0,0.0,0.0
LA,Laos,1975,rice,695.0,0.0,0.0
LA,Laos,1976,rice,658.0,0.0,0.0
LA,Laos,1977,rice,647.0,0.0,0.0
LA,Laos,1978,rice,587.0,0.0,0.0
LA,Laos,1979,rice,610.0,0.0,0.0
LA,Laos,1980,rice,685.0,0.0,0.0
LA,Laos,1981,rice,750.0,0.0,0.0
LA,Laos,1982,rice,703.0,0.0,0.0
LA,Laos,1983,rice,650.0,0.0,0.0
LA,Laos,1984,rice,780.0,0.0,0.0
LA,Laos,1985,rice,875.0,0.0,0.0
LA,Laos,1986,rice,894.0,0.0,0.0
LA,Laos,1987,rice,732.0,0.0,0.0
LA,Laos,1988,rice,651.0,0.0,0.0
LA,Laos,1989,rice,850.0,0.0,0.0
LA,Laos,1990,rice,900.0,0.0,0.0
LA,Laos,1991,rice,750.0,0.0,0.0
LA,Laos,1992,rice,904.0,0.0,0.0
LA,Laos,1993,rice,750.0,0.0,0.0
LA,Laos,1994,rice,964.0,0.0,0.0
LA,Laos,1995,maize,40.0,25.0,15.0
LA,Laos,1995,rice,875.0,0.0,0.0
LA,Laos,1996,maize,73.0,50.0,23.0
LA,Laos,1996,rice,900.0,0.0,0.0
LA,Laos,1997,maize,78.0,50.0,28.0
LA,Laos,1997,rice,1011.0,0.0,0.0
LA,Laos,1998,maize,100.0,75.0,25.0
LA,Laos,1998,rice,1013.0,0.0,0.0
LA,Laos,1999,maize,100.0,75.0,25.0
LA,Laos,1999,rice,1150.0,0.0,0.0
LA,Laos,2000,maize,100.0,75.0,25.0
LA,Laos,2000,rice,1165.0,0.0,0.0
LA,Laos,2001,maize,100.0,75.0,25.0
LA,Laos,2001,rice,1180.0,0.0,0.0
LA,Laos,2002,maize,60.0,50.0,10.0
LA,Laos,2002,rice,1200.0,0.0,0.0
LA,Laos,2003,maize,100.0,75.0,25.0
LA,Laos,2003,rice,1230.0,0.0,0.0
LA,Laos,2004,maize,125.0,100.0,25.0
LA,Laos,2004,rice,1250.0,0.0,0.0
LA,Laos,2005,maize,250.0,100.0,150.0
LA,Laos,2005,rice,1280.0,0.0,0.0
LA,Laos,2006,maize,325.0,125.0,200.0
LA,Laos,2006,rice,1310.0,0.0,0.0
LA,Laos,2007,maize,525.0,125.0,400.0
LA,Laos,2007,rice,1350.0,0.0,0.0
LA,Laos,2008,maize,650.0,150.0,500.0
LA,Laos,2008,rice,1370.0,0.0,0.0
LA,Laos,2009,maize,900.0,150.0,750.0
LA,Laos,2009,rice,1365.0,0.0,0.0
LA,Laos,2010,maize,900.0,150.0,750.0
LA,Laos,2010,rice,1400.0,0.0,0.0
LA,Laos,2011,maize,900.0,150.0,750.0
LA,Laos,2011,rice,1420.0,0.0,0.0
LA,Laos,2012,maize,900.0,150.0,750.0
LA,Laos,2012,rice,1526.0,0.0,0.0
LA,Laos,2013,maize,1000.0,150.0,850.0
LA,Laos,2013,rice,1610.0,0.0,0.0
LA,Laos,2014,maize,1050.0,150.0,900.0
LA,Laos,2014,rice,1860.0,0.0,0.0
LA,Laos,2015,maize,1150.0,150.0,1000.0
LA,Laos,2015,rice,2050.0,0.0,0.0
LA,Laos,2016,maize,1550.0,150.0,1400.0
LA,Laos,2016,rice,2000.0,0.0,0.0
LA,Laos,2017,maize,1055.0,155.0,900.0
LA,Laos,2017,rice,2000.0,0.0,0.0
LA,Laos,2018,maize,760.0,160.0,600.0
LA,Laos,2018,rice,1900.0,0.0,0.0
LA,Laos,2019,maize,460.0,160.0,300.0
LA,Laos,2019,rice,1800.0,0.0,0.0
LA,Laos,2020,maize,360.0,160.0,200.0
LA,Laos,2020,rice,1850.0,0.0,0.0
LA,Laos,2021,maize,360.0,160.0,200.0
LA,Laos,2021,rice,1875.0,0.0,0.0
LA,Laos,2022,maize,310.0,160.0,150.0
LA,Laos,2022,rice,1900.0,0.0,0.0
LA,Laos,2023,maize,210.0,160.0,50.0
LA,Laos,2023,rice,1925.0,0.0,0.0
LA,Laos,2024,maize,295.0,160.0,135.0
LA,Laos,2024,rice,1925.0,0.0,0.0
LA,Laos,2025,maize,210.0,160.0,50.0
LA,Laos,2025,rice,1950.0,0.0,0.0
LA,Laos,2026,maize,245.0,160.0,85.0
LA,Laos,2026,rice,1975.0,0.0,0.0
LE,Lebanon,1960,maize,21.0,3.0,18.0
LE,Lebanon,1960,rice,12.0,0.0,0.0
LE,Lebanon,1960,wheat,257.0,257.0,0.0
LE,Lebanon,1961,maize,28.0,3.0,25.0
LE,Lebanon,1961,rice,17.0,0.0,0.0
LE,Lebanon,1961,wheat,273.0,273.0,0.0
LE,Lebanon,1962,maize,40.0,3.0,37.0
LE,Lebanon,1962,rice,19.0,0.0,0.0
LE,Lebanon,1962,wheat,272.0,272.0,0.0
LE,Lebanon,1963,maize,42.0,3.0,39.0
LE,Lebanon,1963,rice,16.0,0.0,0.0
LE,Lebanon,1963,wheat,284.0,284.0,0.0
LE,Lebanon,1964,maize,15.0,3.0,12.0
LE,Lebanon,1964,rice,17.0,0.0,0.0
LE,Lebanon,1964,wheat,319.0,319.0,0.0
LE,Lebanon,1965,maize,79.0,4.0,75.0
LE,Lebanon,1965,rice,19.0,0.0,0.0
LE,Lebanon,1965,wheat,270.0,270.0,0.0
LE,Lebanon,1966,maize,65.0,3.0,62.0
LE,Lebanon,1966,rice,20.0,0.0,0.0
LE,Lebanon,1966,wheat,401.0,401.0,0.0
LE,Lebanon,1967,maize,77.0,4.0,73.0
LE,Lebanon,1967,rice,26.0,0.0,0.0
LE,Lebanon,1967,wheat,449.0,449.0,0.0
LE,Lebanon,1968,maize,68.0,3.0,65.0
LE,Lebanon,1968,rice,17.0,0.0,0.0
LE,Lebanon,1968,wheat,345.0,345.0,0.0
LE,Lebanon,1969,maize,62.0,3.0,59.0
LE,Lebanon,1969,rice,28.0,0.0,0.0
LE,Lebanon,1969,wheat,355.0,355.0,0.0
LE,Lebanon,1970,maize,72.0,3.0,69.0
LE,Lebanon,1970,rice,24.0,0.0,0.0
LE,Lebanon,1970,wheat,476.0,476.0,0.0
LE,Lebanon,1971,maize,114.0,3.0,111.0
LE,Lebanon,1971,rice,25.0,0.0,0.0
LE,Lebanon,1971,wheat,436.0,436.0,0.0
LE,Lebanon,1972,maize,106.0,2.0,104.0
LE,Lebanon,1972,rice,24.0,0.0,0.0
LE,Lebanon,1972,wheat,377.0,376.0,1.0
LE,Lebanon,1973,maize,98.0,44.0,54.0
LE,Lebanon,1973,rice,20.0,0.0,0.0
LE,Lebanon,1973,wheat,408.0,392.0,16.0
LE,Lebanon,1974,maize,118.0,3.0,115.0
LE,Lebanon,1974,rice,20.0,0.0,0.0
LE,Lebanon,1974,wheat,434.0,402.0,32.0
LE,Lebanon,1975,maize,124.0,4.0,120.0
LE,Lebanon,1975,rice,20.0,0.0,0.0
LE,Lebanon,1975,wheat,319.0,314.0,5.0
LE,Lebanon,1976,maize,144.0,24.0,120.0
LE,Lebanon,1976,rice,17.0,0.0,0.0
LE,Lebanon,1976,wheat,291.0,286.0,5.0
LE,Lebanon,1977,maize,127.0,2.0,125.0
LE,Lebanon,1977,rice,18.0,0.0,0.0
LE,Lebanon,1977,wheat,360.0,330.0,30.0
LE,Lebanon,1978,maize,132.0,2.0,130.0
LE,Lebanon,1978,rice,24.0,0.0,0.0
LE,Lebanon,1978,wheat,350.0,330.0,20.0
LE,Lebanon,1979,maize,157.0,2.0,155.0
LE,Lebanon,1979,rice,21.0,0.0,0.0
LE,Lebanon,1979,wheat,403.0,368.0,35.0
LE,Lebanon,1980,maize,137.0,2.0,135.0
LE,Lebanon,1980,rice,25.0,0.0,0.0
LE,Lebanon,1980,wheat,409.0,374.0,35.0
LE,Lebanon,1981,maize,142.0,2.0,140.0
LE,Lebanon,1981,rice,19.0,0.0,0.0
LE,Lebanon,1981,wheat,385.0,365.0,20.0
LE,Lebanon,1982,maize,162.0,2.0,160.0
LE,Lebanon,1982,rice,20.0,0.0,0.0
LE,Lebanon,1982,wheat,396.0,381.0,15.0
LE,Lebanon,1983,maize,100.0,2.0,98.0
LE,Lebanon,1983,rice,12.0,0.0,0.0
LE,Lebanon,1983,wheat,376.0,361.0,15.0
LE,Lebanon,1984,maize,90.0,2.0,88.0
LE,Lebanon,1984,rice,21.0,0.0,0.0
LE,Lebanon,1984,wheat,390.0,375.0,15.0
LE,Lebanon,1985,maize,100.0,2.0,98.0
LE,Lebanon,1985,rice,21.0,0.0,0.0
LE,Lebanon,1985,wheat,423.0,408.0,15.0
LE,Lebanon,1986,maize,157.0,0.0,157.0
LE,Lebanon,1986,rice,27.0,0.0,0.0
LE,Lebanon,1986,wheat,355.0,340.0,15.0
LE,Lebanon,1987,maize,101.0,0.0,101.0
LE,Lebanon,1987,rice,17.0,0.0,0.0
LE,Lebanon,1987,wheat,438.0,423.0,15.0
LE,Lebanon,1988,maize,118.0,0.0,118.0
LE,Lebanon,1988,rice,36.0,0.0,0.0
LE,Lebanon,1988,wheat,184.0,169.0,15.0
LE,Lebanon,1989,maize,120.0,0.0,120.0
LE,Lebanon,1989,rice,30.0,0.0,0.0
LE,Lebanon,1989,wheat,174.0,159.0,15.0
LE,Lebanon,1990,maize,162.0,0.0,162.0
LE,Lebanon,1990,rice,45.0,0.0,0.0
LE,Lebanon,1990,wheat,206.0,191.0,15.0
LE,Lebanon,1991,maize,111.0,0.0,111.0
LE,Lebanon,1991,rice,43.0,0.0,0.0
LE,Lebanon,1991,wheat,418.0,403.0,15.0
LE,Lebanon,1992,maize,265.0,0.0,265.0
LE,Lebanon,1992,rice,20.0,0.0,0.0
LE,Lebanon,1992,wheat,374.0,359.0,15.0
LE,Lebanon,1993,maize,132.0,0.0,132.0
LE,Lebanon,1993,rice,25.0,0.0,0.0
LE,Lebanon,1993,wheat,475.0,460.0,15.0
LE,Lebanon,1994,maize,278.0,0.0,278.0
LE,Lebanon,1994,rice,50.0,0.0,0.0
LE,Lebanon,1994,wheat,435.0,420.0,15.0
LE,Lebanon,1995,maize,270.0,0.0,270.0
LE,Lebanon,1995,rice,41.0,0.0,0.0
LE,Lebanon,1995,wheat,422.0,422.0,0.0
LE,Lebanon,1996,maize,526.0,0.0,526.0
LE,Lebanon,1996,rice,40.0,0.0,0.0
LE,Lebanon,1996,wheat,482.0,482.0,0.0
LE,Lebanon,1997,maize,346.0,0.0,346.0
LE,Lebanon,1997,rice,30.0,0.0,0.0
LE,Lebanon,1997,wheat,532.0,532.0,0.0
LE,Lebanon,1998,maize,230.0,0.0,230.0
LE,Lebanon,1998,rice,7.0,0.0,0.0
LE,Lebanon,1998,wheat,459.0,459.0,0.0
LE,Lebanon,1999,maize,279.0,0.0,279.0
LE,Lebanon,1999,rice,28.0,0.0,0.0
LE,Lebanon,1999,wheat,532.0,532.0,0.0
LE,Lebanon,2000,maize,188.0,0.0,188.0
LE,Lebanon,2000,rice,42.0,0.0,0.0
LE,Lebanon,2000,wheat,435.0,435.0,0.0
LE,Lebanon,2001,maize,267.0,0.0,267.0
LE,Lebanon,2001,rice,27.0,0.0,0.0
LE,Lebanon,2001,wheat,529.0,529.0,0.0
LE,Lebanon,2002,maize,134.0,0.0,134.0
LE,Lebanon,2002,rice,30.0,0.0,0.0
LE,Lebanon,2002,wheat,522.0,522.0,0.0
LE,Lebanon,2003,maize,288.0,0.0,288.0
LE,Lebanon,2003,rice,30.0,0.0,0.0
LE,Lebanon,2003,wheat,510.0,510.0,0.0
LE,Lebanon,2004,maize,270.0,0.0,270.0
LE,Lebanon,2004,rice,30.0,0.0,0.0
LE,Lebanon,2004,wheat,512.0,512.0,0.0
LE,Lebanon,2005,maize,240.0,0.0,240.0
LE,Lebanon,2005,rice,33.0,0.0,0.0
LE,Lebanon,2005,wheat,533.0,533.0,0.0
LE,Lebanon,2006,maize,275.0,0.0,275.0
LE,Lebanon,2006,rice,42.0,0.0,0.0
LE,Lebanon,2006,wheat,416.0,416.0,0.0
LE,Lebanon,2007,maize,250.0,0.0,250.0
LE,Lebanon,2007,rice,38.0,0.0,0.0
LE,Lebanon,2007,wheat,402.0,402.0,0.0
LE,Lebanon,2008,maize,275.0,0.0,275.0
LE,Lebanon,2008,rice,47.0,0.0,0.0
LE,Lebanon,2008,wheat,622.0,622.0,0.0
LE,Lebanon,2009,maize,400.0,0.0,400.0
LE,Lebanon,2009,rice,52.0,0.0,0.0
LE,Lebanon,2009,wheat,632.0,632.0,0.0
LE,Lebanon,2010,maize,378.0,0.0,378.0
LE,Lebanon,2010,rice,45.0,0.0,0.0
LE,Lebanon,2010,wheat,482.0,482.0,0.0
LE,Lebanon,2011,maize,500.0,0.0,500.0
LE,Lebanon,2011,rice,55.0,0.0,0.0
LE,Lebanon,2011,wheat,600.0,600.0,0.0
LE,Lebanon,2012,maize,375.0,0.0,375.0
LE,Lebanon,2012,rice,82.0,0.0,0.0
LE,Lebanon,2012,wheat,697.0,697.0,0.0
LE,Lebanon,2013,maize,600.0,0.0,600.0
LE,Lebanon,2013,rice,65.0,0.0,0.0
LE,Lebanon,2013,wheat,720.0,720.0,0.0
LE,Lebanon,2014,maize,650.0,0.0,650.0
LE,Lebanon,2014,rice,0.0,0.0,0.0
LE,Lebanon,2014,wheat,754.0,754.0,0.0
LE,Lebanon,2015,maize,850.0,0.0,850.0
LE,Lebanon,2015,rice,0.0,0.0,0.0
LE,Lebanon,2015,wheat,770.0,770.0,0.0
LE,Lebanon,2016,maize,900.0,0.0,900.0
LE,Lebanon,2016,rice,0.0,0.0,0.0
LE,Lebanon,2016,wheat,800.0,800.0,0.0
LE,Lebanon,2017,maize,1110.0,0.0,1110.0
LE,Lebanon,2017,rice,0.0,0.0,0.0
LE,Lebanon,2017,wheat,820.0,820.0,0.0
LE,Lebanon,2018,maize,930.0,0.0,930.0
LE,Lebanon,2018,rice,0.0,0.0,0.0
LE,Lebanon,2018,wheat,840.0,840.0,0.0
LE,Lebanon,2019,maize,500.0,0.0,500.0
LE,Lebanon,2019,rice,0.0,0.0,0.0
LE,Lebanon,2019,wheat,880.0,840.0,40.0
LE,Lebanon,2020,maize,500.0,0.0,500.0
LE,Lebanon,2020,rice,0.0,0.0,0.0
LE,Lebanon,2020,wheat,860.0,860.0,0.0
LE,Lebanon,2021,maize,500.0,0.0,500.0
LE,Lebanon,2021,rice,0.0,0.0,0.0
LE,Lebanon,2021,wheat,840.0,840.0,0.0
LE,Lebanon,2022,maize,500.0,0.0,500.0
LE,Lebanon,2022,rice,0.0,0.0,0.0
LE,Lebanon,2022,wheat,790.0,790.0,0.0
LE,Lebanon,2023,maize,500.0,0.0,500.0
LE,Lebanon,2023,rice,0.0,0.0,0.0
LE,Lebanon,2023,wheat,800.0,800.0,0.0
LE,Lebanon,2024,maize,500.0,0.0,500.0
LE,Lebanon,2024,rice,0.0,0.0,0.0
LE,Lebanon,2024,wheat,820.0,820.0,0.0
LE,Lebanon,2025,maize,500.0,0.0,500.0
LE,Lebanon,2025,rice,0.0,0.0,0.0
LE,Lebanon,2025,wheat,840.0,840.0,0.0
LE,Lebanon,2026,maize,500.0,0.0,500.0
LE,Lebanon,2026,rice,0.0,0.0,0.0
LE,Lebanon,2026,wheat,850.0,850.0,0.0
LG,Latvia,1987,maize,376.0,0.0,376.0
LG,Latvia,1987,wheat,721.0,300.0,421.0
LG,Latvia,1988,maize,356.0,0.0,356.0
LG,Latvia,1988,wheat,719.0,300.0,419.0
LG,Latvia,1989,maize,411.0,0.0,411.0
LG,Latvia,1989,wheat,729.0,300.0,429.0
LG,Latvia,1990,maize,301.0,0.0,301.0
LG,Latvia,1990,wheat,740.0,310.0,430.0
LG,Latvia,1991,maize,51.0,0.0,51.0
LG,Latvia,1991,wheat,518.0,205.0,313.0
LG,Latvia,1992,maize,72.0,0.0,72.0
LG,Latvia,1992,wheat,528.0,255.0,273.0
LG,Latvia,1993,maize,6.0,0.0,6.0
LG,Latvia,1993,wheat,435.0,211.0,224.0
LG,Latvia,1994,maize,1.0,0.0,1.0
LG,Latvia,1994,wheat,322.0,190.0,132.0
LG,Latvia,1995,maize,12.0,0.0,12.0
LG,Latvia,1995,wheat,347.0,201.0,146.0
LG,Latvia,1996,maize,1.0,0.0,1.0
LG,Latvia,1996,wheat,374.0,224.0,150.0
LG,Latvia,1997,maize,2.0,0.0,2.0
LG,Latvia,1997,wheat,412.0,262.0,150.0
LG,Latvia,1998,maize,4.0,0.0,4.0
LG,Latvia,1998,wheat,392.0,242.0,150.0
LH,Lithuania,1987,maize,526.0,1.0,525.0
LH,Lithuania,1987,wheat,1297.0,345.0,952.0
LH,Lithuania,1988,maize,601.0,1.0,600.0
LH,Lithuania,1988,wheat,1260.0,350.0,910.0
LH,Lithuania,1989,maize,801.0,1.0,800.0
LH,Lithuania,1989,wheat,1392.0,400.0,992.0
LH,Lithuania,1990,maize,751.0,1.0,750.0
LH,Lithuania,1990,wheat,1447.0,453.0,994.0
LH,Lithuania,1991,maize,101.0,1.0,100.0
LH,Lithuania,1991,wheat,1309.0,449.0,860.0
LH,Lithuania,1992,maize,149.0,2.0,147.0
LH,Lithuania,1992,wheat,1119.0,411.0,708.0
LH,Lithuania,1993,maize,63.0,1.0,62.0
LH,Lithuania,1993,wheat,961.0,297.0,664.0
LH,Lithuania,1994,maize,45.0,0.0,45.0
LH,Lithuania,1994,wheat,700.0,319.0,381.0
LH,Lithuania,1995,maize,51.0,0.0,51.0
LH,Lithuania,1995,wheat,733.0,383.0,350.0
LH,Lithuania,1996,maize,97.0,0.0,97.0
LH,Lithuania,1996,wheat,716.0,366.0,350.0
LH,Lithuania,1997,maize,55.0,0.0,55.0
LH,Lithuania,1997,wheat,799.0,399.0,400.0
LH,Lithuania,1998,maize,7.0,0.0,7.0
LH,Lithuania,1998,wheat,1003.0,403.0,600.0
LI,Liberia,1960,rice,97.0,0.0,0.0
LI,Liberia,1961,rice,105.0,0.0,0.0
LI,Liberia,1962,rice,116.0,0.0,0.0
LI,Liberia,1963,rice,128.0,0.0,0.0
LI,Liberia,1964,rice,120.0,0.0,0.0
LI,Liberia,1965,rice,136.0,0.0,0.0
LI,Liberia,1966,rice,127.0,0.0,0.0
LI,Liberia,1967,rice,141.0,0.0,0.0
LI,Liberia,1968,rice,130.0,0.0,0.0
LI,Liberia,1969,rice,158.0,0.0,0.0
LI,Liberia,1970,rice,181.0,0.0,0.0
LI,Liberia,1971,rice,176.0,0.0,0.0
LI,Liberia,1972,rice,187.0,0.0,0.0
LI,Liberia,1973,rice,178.0,0.0,0.0
LI,Liberia,1974,rice,190.0,0.0,0.0
LI,Liberia,1975,rice,189.0,0.0,0.0
LI,Liberia,1976,rice,215.0,0.0,0.0
LI,Liberia,1976,wheat,10.0,10.0,0.0
LI,Liberia,1977,rice,204.0,0.0,0.0
LI,Liberia,1977,wheat,9.0,9.0,0.0
LI,Liberia,1978,rice,229.0,0.0,0.0
LI,Liberia,1978,wheat,16.0,16.0,0.0
LI,Liberia,1979,rice,230.0,0.0,0.0
LI,Liberia,1979,wheat,17.0,17.0,0.0
LI,Liberia,1980,rice,238.0,0.0,0.0
LI,Liberia,1980,wheat,23.0,23.0,0.0
LI,Liberia,1981,rice,251.0,0.0,0.0
LI,Liberia,1981,wheat,16.0,16.0,0.0
LI,Liberia,1982,rice,248.0,0.0,0.0
LI,Liberia,1982,wheat,10.0,10.0,0.0
LI,Liberia,1983,rice,242.0,0.0,0.0
LI,Liberia,1983,wheat,15.0,15.0,0.0
LI,Liberia,1984,rice,245.0,0.0,0.0
LI,Liberia,1984,wheat,30.0,30.0,0.0
LI,Liberia,1985,rice,252.0,0.0,0.0
LI,Liberia,1985,wheat,16.0,16.0,0.0
LI,Liberia,1986,rice,259.0,0.0,0.0
LI,Liberia,1986,wheat,21.0,21.0,0.0
LI,Liberia,1987,rice,272.0,0.0,0.0
LI,Liberia,1987,wheat,20.0,20.0,0.0
LI,Liberia,1988,rice,293.0,0.0,0.0
LI,Liberia,1988,wheat,27.0,27.0,0.0
LI,Liberia,1989,rice,242.0,0.0,0.0
LI,Liberia,1989,wheat,16.0,16.0,0.0
LI,Liberia,1990,rice,255.0,0.0,0.0
LI,Liberia,1990,wheat,3.0,3.0,0.0
LI,Liberia,1991,rice,182.0,0.0,0.0
LI,Liberia,1991,wheat,22.0,22.0,0.0
LI,Liberia,1992,rice,179.0,0.0,0.0
LI,Liberia,1992,wheat,6.0,6.0,0.0
LI,Liberia,1993,rice,119.0,0.0,0.0
LI,Liberia,1993,wheat,12.0,12.0,0.0
LI,Liberia,1994,rice,56.0,0.0,0.0
LI,Liberia,1994,wheat,37.0,37.0,0.0
LI,Liberia,1995,rice,53.0,0.0,0.0
LI,Liberia,1995,wheat,97.0,97.0,0.0
LI,Liberia,1996,rice,73.0,0.0,0.0
LI,Liberia,1996,wheat,33.0,33.0,0.0
LI,Liberia,1997,rice,117.0,0.0,0.0
LI,Liberia,1997,wheat,21.0,21.0,0.0
LI,Liberia,1998,rice,171.0,0.0,0.0
LI,Liberia,1998,wheat,85.0,85.0,0.0
LI,Liberia,1999,rice,158.0,0.0,0.0
LI,Liberia,1999,wheat,24.0,24.0,0.0
LI,Liberia,2000,rice,217.0,0.0,0.0
LI,Liberia,2000,wheat,16.0,16.0,0.0
LI,Liberia,2001,rice,153.0,0.0,0.0
LI,Liberia,2001,wheat,11.0,11.0,0.0
LI,Liberia,2002,rice,166.0,0.0,0.0
LI,Liberia,2002,wheat,9.0,9.0,0.0
LI,Liberia,2003,rice,166.0,0.0,0.0
LI,Liberia,2003,wheat,13.0,13.0,0.0
LI,Liberia,2004,rice,321.0,0.0,0.0
LI,Liberia,2004,wheat,25.0,25.0,0.0
LI,Liberia,2005,rice,258.0,0.0,0.0
LI,Liberia,2005,wheat,34.0,34.0,0.0
LI,Liberia,2006,rice,311.0,0.0,0.0
LI,Liberia,2006,wheat,35.0,35.0,0.0
LI,Liberia,2007,rice,286.0,0.0,0.0
LI,Liberia,2007,wheat,16.0,16.0,0.0
LI,Liberia,2008,rice,331.0,0.0,0.0
LI,Liberia,2008,wheat,16.0,16.0,0.0
LI,Liberia,2009,rice,385.0,0.0,0.0
LI,Liberia,2009,wheat,29.0,29.0,0.0
LI,Liberia,2010,rice,402.0,0.0,0.0
LI,Liberia,2010,wheat,26.0,26.0,0.0
LI,Liberia,2011,rice,384.0,0.0,0.0
LI,Liberia,2011,wheat,43.0,43.0,0.0
LI,Liberia,2012,rice,455.0,0.0,0.0
LI,Liberia,2012,wheat,39.0,39.0,0.0
LI,Liberia,2013,rice,460.0,0.0,0.0
LI,Liberia,2013,wheat,39.0,39.0,0.0
LI,Liberia,2014,rice,440.0,0.0,0.0
LI,Liberia,2014,wheat,35.0,35.0,0.0
LI,Liberia,2015,rice,430.0,0.0,0.0
LI,Liberia,2015,wheat,86.0,86.0,0.0
LI,Liberia,2016,rice,450.0,0.0,0.0
LI,Liberia,2016,wheat,79.0,79.0,0.0
LI,Liberia,2017,rice,480.0,0.0,0.0
LI,Liberia,2017,wheat,48.0,48.0,0.0
LI,Liberia,2018,rice,500.0,0.0,0.0
LI,Liberia,2018,wheat,63.0,63.0,0.0
LI,Liberia,2019,rice,520.0,0.0,0.0
LI,Liberia,2019,wheat,56.0,56.0,0.0
LI,Liberia,2020,rice,450.0,0.0,0.0
LI,Liberia,2020,wheat,31.0,31.0,0.0
LI,Liberia,2021,rice,500.0,0.0,0.0
LI,Liberia,2021,wheat,70.0,70.0,0.0
LI,Liberia,2022,rice,550.0,0.0,0.0
LI,Liberia,2022,wheat,45.0,45.0,0.0
LI,Liberia,2023,rice,570.0,0.0,0.0
LI,Liberia,2023,wheat,148.0,148.0,0.0
LI,Liberia,2024,rice,630.0,0.0,0.0
LI,Liberia,2024,wheat,58.0,58.0,0.0
LI,Liberia,2025,rice,675.0,0.0,0.0
LI,Liberia,2025,wheat,70.0,70.0,0.0
LI,Liberia,2026,rice,695.0,0.0,0.0
LI,Liberia,2026,wheat,60.0,60.0,0.0
LO,Slovakia,1992,maize,660.0,216.0,444.0
LO,Slovakia,1992,rice,23.0,0.0,0.0
LO,Slovakia,1992,wheat,1799.0,599.0,1200.0
LO,Slovakia,1993,maize,600.0,110.0,490.0
LO,Slovakia,1993,rice,13.0,0.0,0.0
LO,Slovakia,1993,wheat,1711.0,656.0,1055.0
LO,Slovakia,1994,maize,456.0,116.0,340.0
LO,Slovakia,1994,rice,23.0,0.0,0.0
LO,Slovakia,1994,wheat,1721.0,621.0,1100.0
LO,Slovakia,1995,maize,558.0,108.0,450.0
LO,Slovakia,1995,rice,21.0,0.0,0.0
LO,Slovakia,1995,wheat,1847.0,647.0,1200.0
LO,Slovakia,1996,maize,672.0,110.0,562.0
LO,Slovakia,1996,rice,25.0,0.0,0.0
LO,Slovakia,1996,wheat,1833.0,633.0,1200.0
LO,Slovakia,1997,maize,580.0,100.0,480.0
LO,Slovakia,1997,rice,11.0,0.0,0.0
LO,Slovakia,1997,wheat,1788.0,588.0,1200.0
LO,Slovakia,1998,maize,560.0,90.0,470.0
LO,Slovakia,1998,rice,10.0,0.0,0.0
LO,Slovakia,1998,wheat,1750.0,550.0,1200.0
LT,Lesotho,1960,maize,130.0,130.0,0.0
LT,Lesotho,1960,wheat,63.0,63.0,0.0
LT,Lesotho,1961,maize,130.0,130.0,0.0
LT,Lesotho,1961,wheat,63.0,63.0,0.0
LT,Lesotho,1962,maize,135.0,135.0,0.0
LT,Lesotho,1962,wheat,60.0,60.0,0.0
LT,Lesotho,1963,maize,135.0,135.0,0.0
LT,Lesotho,1963,wheat,62.0,62.0,0.0
LT,Lesotho,1964,maize,100.0,100.0,0.0
LT,Lesotho,1964,wheat,68.0,68.0,0.0
LT,Lesotho,1965,maize,110.0,110.0,0.0
LT,Lesotho,1965,wheat,69.0,69.0,0.0
LT,Lesotho,1966,maize,109.0,109.0,0.0
LT,Lesotho,1966,wheat,69.0,69.0,0.0
LT,Lesotho,1967,maize,110.0,110.0,0.0
LT,Lesotho,1967,wheat,76.0,76.0,0.0
LT,Lesotho,1968,maize,109.0,109.0,0.0
LT,Lesotho,1968,wheat,80.0,80.0,0.0
LT,Lesotho,1969,maize,102.0,102.0,0.0
LT,Lesotho,1969,wheat,84.0,84.0,0.0
LT,Lesotho,1970,maize,67.0,67.0,0.0
LT,Lesotho,1970,wheat,95.0,95.0,0.0
LT,Lesotho,1971,maize,71.0,71.0,0.0
LT,Lesotho,1971,wheat,97.0,97.0,0.0
LT,Lesotho,1972,maize,59.0,59.0,0.0
LT,Lesotho,1972,wheat,77.0,77.0,0.0
LT,Lesotho,1973,maize,123.0,123.0,0.0
LT,Lesotho,1973,wheat,113.0,113.0,0.0
LT,Lesotho,1974,maize,100.0,100.0,0.0
LT,Lesotho,1974,wheat,106.0,106.0,0.0
LT,Lesotho,1975,maize,100.0,100.0,0.0
LT,Lesotho,1975,wheat,111.0,111.0,0.0
LT,Lesotho,1976,maize,126.0,126.0,0.0
LT,Lesotho,1976,wheat,124.0,124.0,0.0
LT,Lesotho,1977,maize,70.0,70.0,0.0
LT,Lesotho,1977,wheat,113.0,113.0,0.0
LT,Lesotho,1978,maize,185.0,185.0,0.0
LT,Lesotho,1978,wheat,109.0,109.0,0.0
LT,Lesotho,1979,maize,188.0,188.0,0.0
LT,Lesotho,1979,wheat,77.0,77.0,0.0
LT,Lesotho,1980,maize,185.0,185.0,0.0
LT,Lesotho,1980,wheat,95.0,95.0,0.0
LT,Lesotho,1981,maize,233.0,233.0,0.0
LT,Lesotho,1981,wheat,90.0,90.0,0.0
LT,Lesotho,1982,maize,248.0,248.0,0.0
LT,Lesotho,1982,wheat,84.0,84.0,0.0
LT,Lesotho,1983,maize,86.0,86.0,0.0
LT,Lesotho,1983,wheat,49.0,49.0,0.0
LT,Lesotho,1984,maize,79.0,79.0,0.0
LT,Lesotho,1984,wheat,60.0,60.0,0.0
LT,Lesotho,1985,maize,102.0,52.0,50.0
LT,Lesotho,1985,wheat,26.0,26.0,0.0
LT,Lesotho,1986,maize,95.0,45.0,50.0
LT,Lesotho,1986,wheat,32.0,32.0,0.0
LT,Lesotho,1987,maize,169.0,109.0,60.0
LT,Lesotho,1987,wheat,42.0,42.0,0.0
LT,Lesotho,1988,maize,140.0,26.0,114.0
LT,Lesotho,1988,wheat,44.0,44.0,0.0
LT,Lesotho,1989,maize,170.0,120.0,50.0
LT,Lesotho,1989,wheat,21.0,21.0,0.0
LT,Lesotho,1990,maize,110.0,75.0,35.0
LT,Lesotho,1990,wheat,50.0,50.0,0.0
LT,Lesotho,1991,maize,65.0,63.0,2.0
LT,Lesotho,1991,wheat,28.0,28.0,0.0
LT,Lesotho,1992,maize,90.0,88.0,2.0
LT,Lesotho,1992,wheat,69.0,69.0,0.0
LT,Lesotho,1993,maize,175.0,113.0,62.0
LT,Lesotho,1993,wheat,70.0,70.0,0.0
LT,Lesotho,1994,maize,96.0,90.0,6.0
LT,Lesotho,1994,wheat,44.0,44.0,0.0
LT,Lesotho,1995,maize,200.0,100.0,100.0
LT,Lesotho,1995,wheat,55.0,55.0,0.0
LT,Lesotho,1996,maize,200.0,100.0,100.0
LT,Lesotho,1996,wheat,44.0,44.0,0.0
LT,Lesotho,1997,maize,140.0,110.0,30.0
LT,Lesotho,1997,wheat,41.0,41.0,0.0
LT,Lesotho,1998,maize,145.0,143.0,2.0
LT,Lesotho,1998,wheat,40.0,40.0,0.0
LT,Lesotho,1999,maize,125.0,123.0,2.0
LT,Lesotho,1999,wheat,19.0,19.0,0.0
LT,Lesotho,2000,maize,107.0,97.0,10.0
LT,Lesotho,2000,wheat,33.0,33.0,0.0
LT,Lesotho,2001,maize,182.0,126.0,56.0
LT,Lesotho,2001,wheat,88.0,88.0,0.0
LT,Lesotho,2002,maize,111.0,100.0,11.0
LT,Lesotho,2002,wheat,85.0,85.0,0.0
LT,Lesotho,2003,maize,125.0,100.0,25.0
LT,Lesotho,2003,wheat,88.0,88.0,0.0
LT,Lesotho,2004,maize,81.0,70.0,11.0
LT,Lesotho,2004,wheat,87.0,87.0,0.0
LT,Lesotho,2005,maize,79.0,69.0,10.0
LT,Lesotho,2005,wheat,86.0,86.0,0.0
LT,Lesotho,2006,maize,108.0,95.0,13.0
LT,Lesotho,2006,wheat,81.0,81.0,0.0
LT,Lesotho,2007,maize,97.0,87.0,10.0
LT,Lesotho,2007,wheat,80.0,80.0,0.0
LT,Lesotho,2008,maize,125.0,115.0,10.0
LT,Lesotho,2008,wheat,79.0,79.0,0.0
LT,Lesotho,2009,maize,127.0,117.0,10.0
LT,Lesotho,2009,wheat,82.0,82.0,0.0
LT,Lesotho,2010,maize,258.0,208.0,50.0
LT,Lesotho,2010,wheat,95.0,95.0,0.0
LT,Lesotho,2011,maize,193.0,183.0,10.0
LT,Lesotho,2011,wheat,111.0,111.0,0.0
LT,Lesotho,2012,maize,107.0,97.0,10.0
LT,Lesotho,2012,wheat,107.0,107.0,0.0
LT,Lesotho,2013,maize,161.0,151.0,10.0
LT,Lesotho,2013,wheat,94.0,94.0,0.0
LT,Lesotho,2014,maize,205.0,195.0,10.0
LT,Lesotho,2014,wheat,88.0,88.0,0.0
LT,Lesotho,2015,maize,216.0,206.0,10.0
LT,Lesotho,2015,wheat,88.0,88.0,0.0
LT,Lesotho,2016,maize,99.0,94.0,5.0
LT,Lesotho,2016,wheat,82.0,82.0,0.0
LT,Lesotho,2017,maize,243.0,218.0,25.0
LT,Lesotho,2017,wheat,82.0,82.0,0.0
LT,Lesotho,2018,maize,180.0,160.0,20.0
LT,Lesotho,2018,wheat,80.0,80.0,0.0
LT,Lesotho,2019,maize,95.0,85.0,10.0
LT,Lesotho,2019,wheat,81.0,81.0,0.0
LT,Lesotho,2020,maize,87.0,75.0,12.0
LT,Lesotho,2020,wheat,82.0,82.0,0.0
LT,Lesotho,2021,maize,189.0,150.0,39.0
LT,Lesotho,2021,wheat,77.0,77.0,0.0
LT,Lesotho,2022,maize,147.0,125.0,22.0
LT,Lesotho,2022,wheat,81.0,81.0,0.0
LT,Lesotho,2023,maize,210.0,170.0,40.0
LT,Lesotho,2023,wheat,81.0,81.0,0.0
LT,Lesotho,2024,maize,195.0,155.0,40.0
LT,Lesotho,2024,wheat,59.0,59.0,0.0
LT,Lesotho,2025,maize,200.0,160.0,40.0
LT,Lesotho,2025,wheat,82.0,82.0,0.0
LT,Lesotho,2026,maize,175.0,150.0,25.0
LT,Lesotho,2026,wheat,62.0,62.0,0.0
LY,Libya,1960,rice,9.0,0.0,0.0
LY,Libya,1960,wheat,137.0,137.0,0.0
LY,Libya,1961,rice,10.0,0.0,0.0
LY,Libya,1961,wheat,120.0,120.0,0.0
LY,Libya,1962,rice,7.0,0.0,0.0
LY,Libya,1962,wheat,162.0,162.0,0.0
LY,Libya,1963,rice,8.0,0.0,0.0
LY,Libya,1963,wheat,153.0,153.0,0.0
LY,Libya,1964,rice,10.0,0.0,0.0
LY,Libya,1964,wheat,171.0,171.0,0.0
LY,Libya,1965,rice,12.0,0.0,0.0
LY,Libya,1965,wheat,206.0,206.0,0.0
LY,Libya,1966,rice,18.0,0.0,0.0
LY,Libya,1966,wheat,215.0,215.0,0.0
LY,Libya,1967,rice,16.0,0.0,0.0
LY,Libya,1967,wheat,246.0,246.0,0.0
LY,Libya,1968,rice,12.0,0.0,0.0
LY,Libya,1968,wheat,267.0,267.0,0.0
LY,Libya,1969,rice,23.0,0.0,0.0
LY,Libya,1969,wheat,253.0,253.0,0.0
LY,Libya,1970,rice,18.0,0.0,0.0
LY,Libya,1970,wheat,304.0,304.0,0.0
LY,Libya,1971,rice,23.0,0.0,0.0
LY,Libya,1971,wheat,359.0,359.0,0.0
LY,Libya,1972,rice,16.0,0.0,0.0
LY,Libya,1972,wheat,353.0,353.0,0.0
LY,Libya,1973,rice,46.0,0.0,0.0
LY,Libya,1973,wheat,423.0,423.0,0.0
LY,Libya,1974,rice,33.0,0.0,0.0
LY,Libya,1974,wheat,591.0,591.0,0.0
LY,Libya,1975,rice,40.0,0.0,0.0
LY,Libya,1975,wheat,551.0,551.0,0.0
LY,Libya,1976,rice,39.0,0.0,0.0
LY,Libya,1976,wheat,546.0,546.0,0.0
LY,Libya,1977,rice,56.0,0.0,0.0
LY,Libya,1977,wheat,390.0,390.0,0.0
LY,Libya,1978,rice,34.0,0.0,0.0
LY,Libya,1978,wheat,530.0,530.0,0.0
LY,Libya,1979,rice,55.0,0.0,0.0
LY,Libya,1979,wheat,534.0,534.0,0.0
LY,Libya,1980,rice,44.0,0.0,0.0
LY,Libya,1980,wheat,600.0,600.0,0.0
LY,Libya,1981,rice,21.0,0.0,0.0
LY,Libya,1981,wheat,658.0,658.0,0.0
LY,Libya,1982,rice,43.0,0.0,0.0
LY,Libya,1982,wheat,652.0,652.0,0.0
LY,Libya,1983,maize,82.0,12.0,70.0
LY,Libya,1983,rice,28.0,0.0,0.0
LY,Libya,1983,wheat,704.0,704.0,0.0
LY,Libya,1984,maize,110.0,10.0,100.0
LY,Libya,1984,rice,31.0,0.0,0.0
LY,Libya,1984,wheat,634.0,634.0,0.0
LY,Libya,1985,maize,130.0,15.0,115.0
LY,Libya,1985,rice,55.0,0.0,0.0
LY,Libya,1985,wheat,819.0,819.0,0.0
LY,Libya,1986,maize,169.0,0.0,169.0
LY,Libya,1986,rice,47.0,0.0,0.0
LY,Libya,1986,wheat,835.0,835.0,0.0
LY,Libya,1987,maize,202.0,0.0,202.0
LY,Libya,1987,rice,36.0,0.0,0.0
LY,Libya,1987,wheat,943.0,943.0,0.0
LY,Libya,1988,maize,190.0,0.0,190.0
LY,Libya,1988,rice,91.0,0.0,0.0
LY,Libya,1988,wheat,885.0,885.0,0.0
LY,Libya,1989,maize,281.0,0.0,281.0
LY,Libya,1989,rice,53.0,0.0,0.0
LY,Libya,1989,wheat,893.0,893.0,0.0
LY,Libya,1990,maize,58.0,0.0,58.0
LY,Libya,1990,rice,88.0,0.0,0.0
LY,Libya,1990,wheat,1164.0,1164.0,0.0
LY,Libya,1991,maize,88.0,0.0,88.0
LY,Libya,1991,rice,160.0,0.0,0.0
LY,Libya,1991,wheat,1621.0,1621.0,0.0
LY,Libya,1992,maize,195.0,0.0,195.0
LY,Libya,1992,rice,126.0,0.0,0.0
LY,Libya,1992,wheat,1193.0,1193.0,0.0
LY,Libya,1993,maize,137.0,0.0,137.0
LY,Libya,1993,rice,102.0,0.0,0.0
LY,Libya,1993,wheat,1359.0,1359.0,0.0
LY,Libya,1994,maize,199.0,0.0,199.0
LY,Libya,1994,rice,89.0,0.0,0.0
LY,Libya,1994,wheat,1450.0,1450.0,0.0
LY,Libya,1995,maize,172.0,0.0,172.0
LY,Libya,1995,rice,111.0,0.0,0.0
LY,Libya,1995,wheat,1063.0,1063.0,0.0
LY,Libya,1996,maize,346.0,0.0,346.0
LY,Libya,1996,rice,117.0,0.0,0.0
LY,Libya,1996,wheat,1707.0,1707.0,0.0
LY,Libya,1997,maize,283.0,0.0,283.0
LY,Libya,1997,rice,129.0,0.0,0.0
LY,Libya,1997,wheat,1577.0,1577.0,0.0
LY,Libya,1998,maize,91.0,0.0,91.0
LY,Libya,1998,rice,98.0,0.0,0.0
LY,Libya,1998,wheat,1396.0,1396.0,0.0
LY,Libya,1999,maize,275.0,0.0,275.0
LY,Libya,1999,rice,85.0,0.0,0.0
LY,Libya,1999,wheat,1742.0,1742.0,0.0
LY,Libya,2000,maize,252.0,0.0,252.0
LY,Libya,2000,rice,112.0,0.0,0.0
LY,Libya,2000,wheat,1471.0,1471.0,0.0
LY,Libya,2001,maize,235.0,0.0,235.0
LY,Libya,2001,rice,127.0,0.0,0.0
LY,Libya,2001,wheat,1748.0,1748.0,0.0
LY,Libya,2002,maize,134.0,0.0,134.0
LY,Libya,2002,rice,108.0,0.0,0.0
LY,Libya,2002,wheat,1546.0,1546.0,0.0
LY,Libya,2003,maize,198.0,0.0,198.0
LY,Libya,2003,rice,125.0,0.0,0.0
LY,Libya,2003,wheat,1182.0,1182.0,0.0
LY,Libya,2004,maize,432.0,0.0,432.0
LY,Libya,2004,rice,161.0,0.0,0.0
LY,Libya,2004,wheat,1613.0,1613.0,0.0
LY,Libya,2005,maize,450.0,0.0,450.0
LY,Libya,2005,rice,160.0,0.0,0.0
LY,Libya,2005,wheat,1874.0,1874.0,0.0
LY,Libya,2006,maize,500.0,0.0,500.0
LY,Libya,2006,rice,170.0,0.0,0.0
LY,Libya,2006,wheat,1098.0,1098.0,0.0
LY,Libya,2007,maize,600.0,0.0,600.0
LY,Libya,2007,rice,180.0,0.0,0.0
LY,Libya,2007,wheat,1478.0,1478.0,0.0
LY,Libya,2008,maize,425.0,0.0,425.0
LY,Libya,2008,rice,150.0,0.0,0.0
LY,Libya,2008,wheat,1793.0,1793.0,0.0
LY,Libya,2009,maize,600.0,0.0,600.0
LY,Libya,2009,rice,190.0,0.0,0.0
LY,Libya,2009,wheat,2091.0,2091.0,0.0
LY,Libya,2010,maize,425.0,0.0,425.0
LY,Libya,2010,rice,240.0,0.0,0.0
LY,Libya,2010,wheat,1680.0,1680.0,0.0
LY,Libya,2011,maize,600.0,0.0,600.0
LY,Libya,2011,rice,240.0,0.0,0.0
LY,Libya,2011,wheat,1727.0,1727.0,0.0
LY,Libya,2012,maize,650.0,0.0,650.0
LY,Libya,2012,rice,320.0,0.0,0.0
LY,Libya,2012,wheat,2015.0,2015.0,0.0
LY,Libya,2013,maize,750.0,0.0,750.0
LY,Libya,2013,rice,300.0,0.0,0.0
LY,Libya,2013,wheat,2250.0,2250.0,0.0
LY,Libya,2014,maize,700.0,0.0,700.0
LY,Libya,2014,rice,250.0,0.0,0.0
LY,Libya,2014,wheat,1676.0,1676.0,0.0
LY,Libya,2015,maize,640.0,0.0,640.0
LY,Libya,2015,rice,200.0,0.0,0.0
LY,Libya,2015,wheat,1516.0,1516.0,0.0
LY,Libya,2016,maize,690.0,0.0,690.0
LY,Libya,2016,rice,200.0,0.0,0.0
LY,Libya,2016,wheat,1650.0,1650.0,0.0
LY,Libya,2017,maize,500.0,0.0,500.0
LY,Libya,2017,rice,180.0,0.0,0.0
LY,Libya,2017,wheat,1500.0,1500.0,0.0
LY,Libya,2018,maize,700.0,0.0,700.0
LY,Libya,2018,rice,200.0,0.0,0.0
LY,Libya,2018,wheat,1600.0,1600.0,0.0
LY,Libya,2019,maize,840.0,0.0,840.0
LY,Libya,2019,rice,70.0,0.0,0.0
LY,Libya,2019,wheat,1450.0,1450.0,0.0
LY,Libya,2020,maize,680.0,0.0,680.0
LY,Libya,2020,rice,75.0,0.0,0.0
LY,Libya,2020,wheat,1570.0,1570.0,0.0
LY,Libya,2021,maize,860.0,0.0,860.0
LY,Libya,2021,rice,45.0,0.0,0.0
LY,Libya,2021,wheat,1500.0,1500.0,0.0
LY,Libya,2022,maize,795.0,0.0,795.0
LY,Libya,2022,rice,40.0,0.0,0.0
LY,Libya,2022,wheat,1600.0,1600.0,0.0
LY,Libya,2023,maize,750.0,0.0,750.0
LY,Libya,2023,rice,145.0,0.0,0.0
LY,Libya,2023,wheat,1750.0,1750.0,0.0
LY,Libya,2024,maize,920.0,0.0,920.0
LY,Libya,2024,rice,148.0,0.0,0.0
LY,Libya,2024,wheat,1900.0,1900.0,0.0
LY,Libya,2025,maize,1000.0,0.0,1000.0
LY,Libya,2025,rice,200.0,0.0,0.0
LY,Libya,2025,wheat,2250.0,2250.0,0.0
LY,Libya,2026,maize,900.0,0.0,900.0
LY,Libya,2026,rice,220.0,0.0,0.0
LY,Libya,2026,wheat,2450.0,2450.0,0.0
MA,Madagascar,1960,maize,115.0,115.0,0.0
MA,Madagascar,1960,rice,751.0,0.0,0.0
MA,Madagascar,1960,wheat,21.0,21.0,0.0
MA,Madagascar,1961,maize,102.0,102.0,0.0
MA,Madagascar,1961,rice,697.0,0.0,0.0
MA,Madagascar,1961,wheat,20.0,20.0,0.0
MA,Madagascar,1962,maize,106.0,106.0,0.0
MA,Madagascar,1962,rice,968.0,0.0,0.0
MA,Madagascar,1962,wheat,24.0,24.0,0.0
MA,Madagascar,1963,maize,84.0,84.0,0.0
MA,Madagascar,1963,rice,865.0,0.0,0.0
MA,Madagascar,1963,wheat,23.0,23.0,0.0
MA,Madagascar,1964,maize,131.0,131.0,0.0
MA,Madagascar,1964,rice,1122.0,0.0,0.0
MA,Madagascar,1964,wheat,23.0,23.0,0.0
MA,Madagascar,1965,maize,118.0,118.0,0.0
MA,Madagascar,1965,rice,1010.0,0.0,0.0
MA,Madagascar,1965,wheat,27.0,27.0,0.0
MA,Madagascar,1966,maize,136.0,136.0,0.0
MA,Madagascar,1966,rice,1048.0,0.0,0.0
MA,Madagascar,1966,wheat,27.0,27.0,0.0
MA,Madagascar,1967,maize,143.0,143.0,0.0
MA,Madagascar,1967,rice,1102.0,0.0,0.0
MA,Madagascar,1967,wheat,26.0,26.0,0.0
MA,Madagascar,1968,maize,137.0,137.0,0.0
MA,Madagascar,1968,rice,1189.0,0.0,0.0
MA,Madagascar,1968,wheat,35.0,35.0,0.0
MA,Madagascar,1969,maize,139.0,139.0,0.0
MA,Madagascar,1969,rice,1141.0,0.0,0.0
MA,Madagascar,1969,wheat,28.0,28.0,0.0
MA,Madagascar,1970,maize,101.0,101.0,0.0
MA,Madagascar,1970,rice,1221.0,0.0,0.0
MA,Madagascar,1970,wheat,38.0,38.0,0.0
MA,Madagascar,1971,maize,108.0,108.0,0.0
MA,Madagascar,1971,rice,1221.0,0.0,0.0
MA,Madagascar,1971,wheat,57.0,57.0,0.0
MA,Madagascar,1972,maize,105.0,105.0,0.0
MA,Madagascar,1972,rice,1212.0,0.0,0.0
MA,Madagascar,1972,wheat,46.0,46.0,0.0
MA,Madagascar,1973,maize,103.0,103.0,0.0
MA,Madagascar,1973,rice,1199.0,0.0,0.0
MA,Madagascar,1973,wheat,48.0,48.0,0.0
MA,Madagascar,1974,maize,108.0,108.0,0.0
MA,Madagascar,1974,rice,1314.0,0.0,0.0
MA,Madagascar,1974,wheat,40.0,40.0,0.0
MA,Madagascar,1975,maize,118.0,118.0,0.0
MA,Madagascar,1975,rice,1245.0,0.0,0.0
MA,Madagascar,1975,wheat,45.0,45.0,0.0
MA,Madagascar,1976,maize,132.0,132.0,0.0
MA,Madagascar,1976,rice,1408.0,0.0,0.0
MA,Madagascar,1976,wheat,39.0,39.0,0.0
MA,Madagascar,1977,maize,117.0,117.0,0.0
MA,Madagascar,1977,rice,1530.0,0.0,0.0
MA,Madagascar,1977,wheat,55.0,55.0,0.0
MA,Madagascar,1978,maize,110.0,110.0,0.0
MA,Madagascar,1978,rice,1382.0,0.0,0.0
MA,Madagascar,1978,wheat,60.0,60.0,0.0
MA,Madagascar,1979,maize,112.0,112.0,0.0
MA,Madagascar,1979,rice,1485.0,0.0,0.0
MA,Madagascar,1979,wheat,59.0,59.0,0.0
MA,Madagascar,1980,maize,122.0,122.0,0.0
MA,Madagascar,1980,rice,1541.0,0.0,0.0
MA,Madagascar,1980,wheat,76.0,76.0,0.0
MA,Madagascar,1981,maize,116.0,116.0,0.0
MA,Madagascar,1981,rice,1644.0,0.0,0.0
MA,Madagascar,1981,wheat,80.0,80.0,0.0
MA,Madagascar,1982,maize,132.0,132.0,0.0
MA,Madagascar,1982,rice,1534.0,0.0,0.0
MA,Madagascar,1982,wheat,80.0,80.0,0.0
MA,Madagascar,1983,maize,141.0,141.0,0.0
MA,Madagascar,1983,rice,1714.0,0.0,0.0
MA,Madagascar,1983,wheat,29.0,29.0,0.0
MA,Madagascar,1984,maize,140.0,140.0,0.0
MA,Madagascar,1984,rice,1552.0,0.0,0.0
MA,Madagascar,1984,wheat,46.0,46.0,0.0
MA,Madagascar,1985,maize,153.0,153.0,0.0
MA,Madagascar,1985,rice,1656.0,0.0,0.0
MA,Madagascar,1985,wheat,26.0,26.0,0.0
MA,Madagascar,1986,maize,135.0,135.0,0.0
MA,Madagascar,1986,rice,1550.0,0.0,0.0
MA,Madagascar,1986,wheat,39.0,39.0,0.0
MA,Madagascar,1987,maize,155.0,155.0,0.0
MA,Madagascar,1987,rice,1594.0,0.0,0.0
MA,Madagascar,1987,wheat,52.0,52.0,0.0
MA,Madagascar,1988,maize,165.0,165.0,0.0
MA,Madagascar,1988,rice,1512.0,0.0,0.0
MA,Madagascar,1988,wheat,31.0,31.0,0.0
MA,Madagascar,1989,maize,142.0,142.0,0.0
MA,Madagascar,1989,rice,1555.0,0.0,0.0
MA,Madagascar,1989,wheat,76.0,76.0,0.0
MA,Madagascar,1990,maize,143.0,143.0,0.0
MA,Madagascar,1990,rice,1611.0,0.0,0.0
MA,Madagascar,1990,wheat,54.0,54.0,0.0
MA,Madagascar,1991,maize,138.0,138.0,0.0
MA,Madagascar,1991,rice,1436.0,0.0,0.0
MA,Madagascar,1991,wheat,46.0,46.0,0.0
MA,Madagascar,1992,maize,146.0,146.0,0.0
MA,Madagascar,1992,rice,1683.0,0.0,0.0
MA,Madagascar,1992,wheat,63.0,63.0,0.0
MA,Madagascar,1993,maize,157.0,157.0,0.0
MA,Madagascar,1993,rice,1739.0,0.0,0.0
MA,Madagascar,1993,wheat,85.0,85.0,0.0
MA,Madagascar,1994,maize,154.0,154.0,0.0
MA,Madagascar,1994,rice,1615.0,0.0,0.0
MA,Madagascar,1994,wheat,106.0,106.0,0.0
MA,Madagascar,1995,maize,180.0,180.0,0.0
MA,Madagascar,1995,rice,1619.0,0.0,0.0
MA,Madagascar,1995,wheat,29.0,29.0,0.0
MA,Madagascar,1996,maize,171.0,171.0,0.0
MA,Madagascar,1996,rice,1701.0,0.0,0.0
MA,Madagascar,1996,wheat,59.0,59.0,0.0
MA,Madagascar,1997,maize,178.0,178.0,0.0
MA,Madagascar,1997,rice,1707.0,0.0,0.0
MA,Madagascar,1997,wheat,101.0,101.0,0.0
MA,Madagascar,1998,maize,148.0,148.0,0.0
MA,Madagascar,1998,rice,1637.0,0.0,0.0
MA,Madagascar,1998,wheat,84.0,84.0,0.0
MA,Madagascar,1999,maize,180.0,180.0,0.0
MA,Madagascar,1999,rice,1898.0,0.0,0.0
MA,Madagascar,1999,wheat,122.0,122.0,0.0
MA,Madagascar,2000,maize,162.0,162.0,0.0
MA,Madagascar,2000,rice,1917.0,0.0,0.0
MA,Madagascar,2000,wheat,95.0,95.0,0.0
MA,Madagascar,2001,maize,176.0,176.0,0.0
MA,Madagascar,2001,rice,1873.0,0.0,0.0
MA,Madagascar,2001,wheat,89.0,89.0,0.0
MA,Madagascar,2002,maize,180.0,180.0,0.0
MA,Madagascar,2002,rice,1948.0,0.0,0.0
MA,Madagascar,2002,wheat,98.0,98.0,0.0
MA,Madagascar,2003,maize,320.0,320.0,0.0
MA,Madagascar,2003,rice,1943.0,0.0,0.0
MA,Madagascar,2003,wheat,63.0,63.0,0.0
MA,Madagascar,2004,maize,350.0,350.0,0.0
MA,Madagascar,2004,rice,2217.0,0.0,0.0
MA,Madagascar,2004,wheat,102.0,102.0,0.0
MA,Madagascar,2005,maize,394.0,394.0,0.0
MA,Madagascar,2005,rice,2316.0,0.0,0.0
MA,Madagascar,2005,wheat,101.0,101.0,0.0
MA,Madagascar,2006,maize,405.0,405.0,0.0
MA,Madagascar,2006,rice,2392.0,0.0,0.0
MA,Madagascar,2006,wheat,100.0,100.0,0.0
MA,Madagascar,2007,maize,400.0,400.0,0.0
MA,Madagascar,2007,rice,2496.0,0.0,0.0
MA,Madagascar,2007,wheat,140.0,140.0,0.0
MA,Madagascar,2008,maize,400.0,375.0,25.0
MA,Madagascar,2008,rice,2615.0,0.0,0.0
MA,Madagascar,2008,wheat,143.0,143.0,0.0
MA,Madagascar,2009,maize,425.0,400.0,25.0
MA,Madagascar,2009,rice,3016.0,0.0,0.0
MA,Madagascar,2009,wheat,106.0,106.0,0.0
MA,Madagascar,2010,maize,425.0,400.0,25.0
MA,Madagascar,2010,rice,3172.0,0.0,0.0
MA,Madagascar,2010,wheat,104.0,104.0,0.0
MA,Madagascar,2011,maize,425.0,400.0,25.0
MA,Madagascar,2011,rice,2902.0,0.0,0.0
MA,Madagascar,2011,wheat,157.0,157.0,0.0
MA,Madagascar,2012,maize,450.0,425.0,25.0
MA,Madagascar,2012,rice,3133.0,0.0,0.0
MA,Madagascar,2012,wheat,113.0,113.0,0.0
MA,Madagascar,2013,maize,400.0,375.0,25.0
MA,Madagascar,2013,rice,2871.0,0.0,0.0
MA,Madagascar,2013,wheat,184.0,184.0,0.0
MA,Madagascar,2014,maize,375.0,350.0,25.0
MA,Madagascar,2014,rice,2746.0,0.0,0.0
MA,Madagascar,2014,wheat,184.0,184.0,0.0
MA,Madagascar,2015,maize,335.0,310.0,25.0
MA,Madagascar,2015,rice,2557.0,0.0,0.0
MA,Madagascar,2015,wheat,265.0,265.0,0.0
MA,Madagascar,2016,maize,320.0,305.0,15.0
MA,Madagascar,2016,rice,2741.0,0.0,0.0
MA,Madagascar,2016,wheat,289.0,289.0,0.0
MA,Madagascar,2017,maize,285.0,270.0,15.0
MA,Madagascar,2017,rice,2925.0,0.0,0.0
MA,Madagascar,2017,wheat,410.0,410.0,0.0
MA,Madagascar,2018,maize,220.0,200.0,20.0
MA,Madagascar,2018,rice,2939.0,0.0,0.0
MA,Madagascar,2018,wheat,363.0,363.0,0.0
MA,Madagascar,2019,maize,220.0,205.0,15.0
MA,Madagascar,2019,rice,2885.0,0.0,0.0
MA,Madagascar,2019,wheat,383.0,383.0,0.0
MA,Madagascar,2020,maize,220.0,200.0,20.0
MA,Madagascar,2020,rice,3268.0,0.0,0.0
MA,Madagascar,2020,wheat,372.0,372.0,0.0
MA,Madagascar,2021,maize,235.0,210.0,25.0
MA,Madagascar,2021,rice,3605.0,0.0,0.0
MA,Madagascar,2021,wheat,399.0,399.0,0.0
MA,Madagascar,2022,maize,265.0,230.0,35.0
MA,Madagascar,2022,rice,3719.0,0.0,0.0
MA,Madagascar,2022,wheat,285.0,285.0,0.0
MA,Madagascar,2023,maize,270.0,230.0,40.0
MA,Madagascar,2023,rice,3578.0,0.0,0.0
MA,Madagascar,2023,wheat,386.0,386.0,0.0
MA,Madagascar,2024,maize,270.0,230.0,40.0
MA,Madagascar,2024,rice,3807.0,0.0,0.0
MA,Madagascar,2024,wheat,443.0,443.0,0.0
MA,Madagascar,2025,maize,295.0,240.0,55.0
MA,Madagascar,2025,rice,3545.0,0.0,0.0
MA,Madagascar,2025,wheat,482.0,482.0,0.0
MA,Madagascar,2026,maize,300.0,240.0,60.0
MA,Madagascar,2026,rice,3538.0,0.0,0.0
MA,Madagascar,2026,wheat,450.0,450.0,0.0
MC,Macau,1960,rice,21.0,0.0,0.0
MC,Macau,1961,rice,25.0,0.0,0.0
MC,Macau,1962,rice,23.0,0.0,0.0
MC,Macau,1963,rice,22.0,0.0,0.0
MC,Macau,1964,rice,21.0,0.0,0.0
MC,Macau,1965,rice,20.0,0.0,0.0
MC,Macau,1966,rice,20.0,0.0,0.0
MC,Macau,1967,rice,19.0,0.0,0.0
MC,Macau,1968,rice,14.0,0.0,0.0
MC,Macau,1969,rice,15.0,0.0,0.0
MC,Macau,1970,rice,17.0,0.0,0.0
MC,Macau,1971,rice,18.0,0.0,0.0
MC,Macau,1972,rice,19.0,0.0,0.0
MC,Macau,1973,rice,14.0,0.0,0.0
MC,Macau,1974,rice,14.0,0.0,0.0
MC,Macau,1975,rice,14.0,0.0,0.0
MC,Macau,1976,rice,16.0,0.0,0.0
MC,Macau,1977,rice,18.0,0.0,0.0
MC,Macau,1978,rice,13.0,0.0,0.0
MC,Macau,1979,rice,20.0,0.0,0.0
MD,Moldova,1987,maize,763.0,78.0,685.0
MD,Moldova,1987,wheat,1523.0,980.0,543.0
MD,Moldova,1988,maize,1215.0,78.0,1137.0
MD,Moldova,1988,wheat,1447.0,975.0,472.0
MD,Moldova,1989,maize,1401.0,73.0,1328.0
MD,Moldova,1989,wheat,1515.0,975.0,540.0
MD,Moldova,1990,maize,983.0,78.0,905.0
MD,Moldova,1990,wheat,1565.0,975.0,590.0
MD,Moldova,1991,maize,1497.0,73.0,1424.0
MD,Moldova,1991,wheat,1470.0,935.0,535.0
MD,Moldova,1992,maize,810.0,78.0,732.0
MD,Moldova,1992,wheat,1455.0,940.0,515.0
MD,Moldova,1993,maize,1077.0,77.0,1000.0
MD,Moldova,1993,wheat,1331.0,956.0,375.0
MD,Moldova,1994,maize,599.0,64.0,535.0
MD,Moldova,1994,wheat,827.0,577.0,250.0
MD,Moldova,1995,maize,936.0,75.0,861.0
MD,Moldova,1995,wheat,1092.0,805.0,287.0
MD,Moldova,1996,maize,993.0,104.0,889.0
MD,Moldova,1996,wheat,993.0,943.0,50.0
MD,Moldova,1997,maize,1218.0,118.0,1100.0
MD,Moldova,1997,wheat,1138.0,1038.0,100.0
MD,Moldova,1998,maize,1248.0,98.0,1150.0
MD,Moldova,1998,wheat,1098.0,1048.0,50.0
MD,Moldova,1999,maize,1150.0,100.0,1050.0
MD,Moldova,1999,wheat,853.0,803.0,50.0
MD,Moldova,2000,maize,1000.0,100.0,900.0
MD,Moldova,2000,wheat,679.0,629.0,50.0
MD,Moldova,2001,maize,1100.0,100.0,1000.0
MD,Moldova,2001,wheat,925.0,675.0,250.0
MD,Moldova,2002,maize,1100.0,100.0,1000.0
MD,Moldova,2002,wheat,925.0,675.0,250.0
MD,Moldova,2003,maize,1400.0,100.0,1300.0
MD,Moldova,2003,wheat,650.0,650.0,0.0
MD,Moldova,2004,maize,1600.0,100.0,1500.0
MD,Moldova,2004,wheat,850.0,650.0,200.0
MD,Moldova,2005,maize,1600.0,100.0,1500.0
MD,Moldova,2005,wheat,890.0,640.0,250.0
MD,Moldova,2006,maize,1300.0,100.0,1200.0
MD,Moldova,2006,wheat,730.0,630.0,100.0
MD,Moldova,2007,maize,700.0,100.0,600.0
MD,Moldova,2007,wheat,670.0,620.0,50.0
MD,Moldova,2008,maize,1100.0,100.0,1000.0
MD,Moldova,2008,wheat,950.0,650.0,300.0
MD,Moldova,2009,maize,1150.0,100.0,1050.0
MD,Moldova,2009,wheat,850.0,650.0,200.0
MD,Moldova,2010,maize,1200.0,100.0,1100.0
MD,Moldova,2010,wheat,840.0,640.0,200.0
MD,Moldova,2011,maize,1300.0,100.0,1200.0
MD,Moldova,2011,wheat,830.0,630.0,200.0
MD,Moldova,2012,maize,900.0,100.0,800.0
MD,Moldova,2012,wheat,645.0,620.0,25.0
MD,Moldova,2013,maize,1000.0,100.0,900.0
MD,Moldova,2013,wheat,675.0,575.0,100.0
MD,Moldova,2014,maize,1200.0,100.0,1100.0
MD,Moldova,2014,wheat,665.0,565.0,100.0
MD,Moldova,2015,maize,1100.0,100.0,1000.0
MD,Moldova,2015,wheat,660.0,570.0,90.0
MD,Moldova,2016,maize,1100.0,100.0,1000.0
MD,Moldova,2016,wheat,665.0,575.0,90.0
MD,Moldova,2017,maize,1250.0,100.0,1150.0
MD,Moldova,2017,wheat,655.0,580.0,75.0
MD,Moldova,2018,maize,1300.0,100.0,1200.0
MD,Moldova,2018,wheat,680.0,580.0,100.0
MD,Moldova,2019,maize,1350.0,100.0,1250.0
MD,Moldova,2019,wheat,685.0,585.0,100.0
MD,Moldova,2020,maize,1050.0,100.0,950.0
MD,Moldova,2020,wheat,650.0,575.0,75.0
MD,Moldova,2021,maize,1100.0,100.0,1000.0
MD,Moldova,2021,wheat,625.0,550.0,75.0
MD,Moldova,2022,maize,600.0,100.0,500.0
MD,Moldova,2022,wheat,550.0,500.0,50.0
MD,Moldova,2023,maize,700.0,100.0,600.0
MD,Moldova,2023,wheat,450.0,450.0,0.0
MD,Moldova,2024,maize,700.0,100.0,600.0
MD,Moldova,2024,wheat,450.0,425.0,25.0
MD,Moldova,2025,maize,750.0,100.0,650.0
MD,Moldova,2025,wheat,550.0,500.0,50.0
MD,Moldova,2026,maize,900.0,100.0,800.0
MD,Moldova,2026,wheat,550.0,500.0,50.0
MG,Mongolia,1961,wheat,138.0,138.0,0.0
MG,Mongolia,1962,wheat,340.0,340.0,0.0
MG,Mongolia,1963,wheat,299.0,299.0,0.0
MG,Mongolia,1964,wheat,357.0,357.0,0.0
MG,Mongolia,1965,wheat,357.0,357.0,0.0
MG,Mongolia,1966,wheat,248.0,248.0,0.0
MG,Mongolia,1967,wheat,305.0,305.0,0.0
MG,Mongolia,1968,wheat,204.0,204.0,0.0
MG,Mongolia,1969,wheat,140.0,140.0,0.0
MG,Mongolia,1970,wheat,355.0,355.0,0.0
MG,Mongolia,1971,wheat,371.0,371.0,0.0
MG,Mongolia,1972,wheat,220.0,220.0,0.0
MG,Mongolia,1973,wheat,355.0,355.0,0.0
MG,Mongolia,1974,wheat,265.0,265.0,0.0
MG,Mongolia,1975,wheat,381.0,381.0,0.0
MG,Mongolia,1976,wheat,339.0,339.0,0.0
MG,Mongolia,1977,wheat,411.0,411.0,0.0
MG,Mongolia,1978,wheat,443.0,443.0,0.0
MG,Mongolia,1979,wheat,390.0,390.0,0.0
MG,Mongolia,1980,wheat,247.0,247.0,0.0
MG,Mongolia,1981,wheat,325.0,325.0,0.0
MG,Mongolia,1982,wheat,340.0,340.0,0.0
MG,Mongolia,1983,wheat,350.0,350.0,0.0
MG,Mongolia,1984,wheat,460.0,460.0,0.0
MG,Mongolia,1985,wheat,689.0,689.0,0.0
MG,Mongolia,1986,wheat,664.0,664.0,0.0
MG,Mongolia,1987,wheat,543.0,543.0,0.0
MG,Mongolia,1988,wheat,635.0,635.0,0.0
MG,Mongolia,1989,wheat,650.0,650.0,0.0
MG,Mongolia,1990,wheat,630.0,630.0,0.0
MG,Mongolia,1991,wheat,609.0,609.0,0.0
MG,Mongolia,1992,wheat,529.0,529.0,0.0
MG,Mongolia,1993,wheat,625.0,625.0,0.0
MG,Mongolia,1994,wheat,350.0,350.0,0.0
MG,Mongolia,1995,wheat,310.0,310.0,0.0
MG,Mongolia,1996,wheat,350.0,350.0,0.0
MG,Mongolia,1997,wheat,359.0,359.0,0.0
MG,Mongolia,1998,wheat,349.0,349.0,0.0
MG,Mongolia,1999,wheat,274.0,274.0,0.0
MG,Mongolia,2000,wheat,319.0,319.0,0.0
MG,Mongolia,2001,wheat,393.0,388.0,5.0
MG,Mongolia,2002,wheat,331.0,326.0,5.0
MG,Mongolia,2003,wheat,394.0,384.0,10.0
MG,Mongolia,2004,wheat,333.0,328.0,5.0
MG,Mongolia,2005,wheat,401.0,396.0,5.0
MG,Mongolia,2006,wheat,424.0,419.0,5.0
MG,Mongolia,2007,wheat,338.0,333.0,5.0
MG,Mongolia,2008,wheat,554.0,544.0,10.0
MG,Mongolia,2009,wheat,648.0,643.0,5.0
MG,Mongolia,2010,wheat,435.0,360.0,75.0
MG,Mongolia,2011,wheat,554.0,404.0,150.0
MG,Mongolia,2012,wheat,498.0,398.0,100.0
MG,Mongolia,2013,wheat,436.0,386.0,50.0
MG,Mongolia,2014,wheat,540.0,465.0,75.0
MG,Mongolia,2015,wheat,425.0,375.0,50.0
MG,Mongolia,2016,wheat,499.0,424.0,75.0
MG,Mongolia,2017,wheat,490.0,415.0,75.0
MG,Mongolia,2018,wheat,458.0,433.0,25.0
MG,Mongolia,2019,wheat,529.0,450.0,79.0
MG,Mongolia,2020,wheat,620.0,470.0,150.0
MG,Mongolia,2021,wheat,580.0,480.0,100.0
MG,Mongolia,2022,wheat,515.0,490.0,25.0
MG,Mongolia,2023,wheat,570.0,510.0,60.0
MG,Mongolia,2024,wheat,525.0,500.0,25.0
MG,Mongolia,2025,wheat,495.0,485.0,10.0
MG,Mongolia,2026,wheat,550.0,500.0,50.0
MI,Malawi,1961,maize,655.0,655.0,0.0
MI,Malawi,1962,maize,680.0,680.0,0.0
MI,Malawi,1963,maize,706.0,706.0,0.0
MI,Malawi,1964,maize,906.0,906.0,0.0
MI,Malawi,1965,maize,963.0,963.0,0.0
MI,Malawi,1966,maize,1109.0,1109.0,0.0
MI,Malawi,1967,maize,1183.0,1183.0,0.0
MI,Malawi,1968,maize,1045.0,1045.0,0.0
MI,Malawi,1969,maize,1153.0,1153.0,0.0
MI,Malawi,1970,maize,992.0,992.0,0.0
MI,Malawi,1971,maize,1097.0,1097.0,0.0
MI,Malawi,1972,maize,1195.0,1195.0,0.0
MI,Malawi,1973,maize,900.0,900.0,0.0
MI,Malawi,1974,maize,1090.0,1090.0,0.0
MI,Malawi,1975,maize,1280.0,1280.0,0.0
MI,Malawi,1975,rice,17.0,0.0,0.0
MI,Malawi,1976,maize,1000.0,1000.0,0.0
MI,Malawi,1976,rice,24.0,0.0,0.0
MI,Malawi,1977,maize,1200.0,1200.0,0.0
MI,Malawi,1977,rice,16.0,0.0,0.0
MI,Malawi,1978,maize,1300.0,1300.0,0.0
MI,Malawi,1978,rice,25.0,0.0,0.0
MI,Malawi,1979,maize,1200.0,1200.0,0.0
MI,Malawi,1979,rice,26.0,0.0,0.0
MI,Malawi,1980,maize,1250.0,1250.0,0.0
MI,Malawi,1980,rice,17.0,0.0,0.0
MI,Malawi,1981,maize,1195.0,1195.0,0.0
MI,Malawi,1981,rice,14.0,0.0,0.0
MI,Malawi,1982,maize,1050.0,1050.0,0.0
MI,Malawi,1982,rice,20.0,0.0,0.0
MI,Malawi,1983,maize,1250.0,1250.0,0.0
MI,Malawi,1983,rice,22.0,0.0,0.0
MI,Malawi,1984,maize,1190.0,1160.0,30.0
MI,Malawi,1984,rice,23.0,0.0,0.0
MI,Malawi,1985,maize,1400.0,1365.0,35.0
MI,Malawi,1985,rice,22.0,0.0,0.0
MI,Malawi,1986,maize,1350.0,1320.0,30.0
MI,Malawi,1986,rice,27.0,0.0,0.0
MI,Malawi,1987,maize,1450.0,1420.0,30.0
MI,Malawi,1987,rice,18.0,0.0,0.0
MI,Malawi,1988,maize,1400.0,1370.0,30.0
MI,Malawi,1988,rice,40.0,0.0,0.0
MI,Malawi,1989,maize,1660.0,1630.0,30.0
MI,Malawi,1989,rice,30.0,0.0,0.0
MI,Malawi,1990,maize,1600.0,1560.0,40.0
MI,Malawi,1990,rice,30.0,0.0,0.0
MI,Malawi,1991,maize,1600.0,1560.0,40.0
MI,Malawi,1991,rice,11.0,0.0,0.0
MI,Malawi,1992,maize,1000.0,960.0,40.0
MI,Malawi,1992,rice,17.0,0.0,0.0
MI,Malawi,1993,maize,650.0,610.0,40.0
MI,Malawi,1993,rice,43.0,0.0,0.0
MI,Malawi,1994,maize,1300.0,1260.0,40.0
MI,Malawi,1994,rice,30.0,0.0,0.0
MI,Malawi,1995,maize,1600.0,1550.0,50.0
MI,Malawi,1995,rice,33.0,0.0,0.0
MI,Malawi,1996,maize,1700.0,1650.0,50.0
MI,Malawi,1996,rice,45.0,0.0,0.0
MI,Malawi,1997,maize,1400.0,1350.0,50.0
MI,Malawi,1997,rice,45.0,0.0,0.0
MI,Malawi,1998,maize,1700.0,1625.0,75.0
MI,Malawi,1998,rice,45.0,0.0,0.0
MI,Malawi,1999,maize,2200.0,2100.0,100.0
MI,Malawi,1999,rice,60.0,0.0,0.0
MI,Malawi,2000,maize,2400.0,2300.0,100.0
MI,Malawi,2000,rice,62.0,0.0,0.0
MI,Malawi,2001,maize,2100.0,2000.0,100.0
MI,Malawi,2001,rice,67.0,0.0,0.0
MI,Malawi,2002,maize,1600.0,1550.0,50.0
MI,Malawi,2002,rice,64.0,0.0,0.0
MI,Malawi,2003,maize,1950.0,1900.0,50.0
MI,Malawi,2003,rice,68.0,0.0,0.0
MI,Malawi,2004,maize,1700.0,1650.0,50.0
MI,Malawi,2004,rice,68.0,0.0,0.0
MI,Malawi,2005,maize,1350.0,1300.0,50.0
MI,Malawi,2005,rice,57.0,0.0,0.0
MI,Malawi,2006,maize,2200.0,2000.0,200.0
MI,Malawi,2006,rice,66.0,0.0,0.0
MI,Malawi,2007,maize,2600.0,2300.0,300.0
MI,Malawi,2007,rice,80.0,0.0,0.0
MI,Malawi,2008,maize,2600.0,2300.0,300.0
MI,Malawi,2008,rice,81.0,0.0,0.0
MI,Malawi,2009,maize,3000.0,2500.0,500.0
MI,Malawi,2009,rice,95.0,0.0,0.0
MI,Malawi,2010,maize,3500.0,3000.0,500.0
MI,Malawi,2010,rice,78.0,0.0,0.0
MI,Malawi,2010,wheat,58.0,58.0,0.0
MI,Malawi,2011,maize,3500.0,3000.0,500.0
MI,Malawi,2011,rice,83.0,0.0,0.0
MI,Malawi,2011,wheat,87.0,87.0,0.0
MI,Malawi,2012,maize,3500.0,2750.0,750.0
MI,Malawi,2012,rice,88.0,0.0,0.0
MI,Malawi,2012,wheat,93.0,93.0,0.0
MI,Malawi,2013,maize,3500.0,3000.0,500.0
MI,Malawi,2013,rice,98.0,0.0,0.0
MI,Malawi,2013,wheat,131.0,131.0,0.0
MI,Malawi,2014,maize,3750.0,3000.0,750.0
MI,Malawi,2014,rice,0.0,0.0,0.0
MI,Malawi,2014,wheat,160.0,160.0,0.0
MI,Malawi,2015,maize,2900.0,2800.0,100.0
MI,Malawi,2015,rice,0.0,0.0,0.0
MI,Malawi,2015,wheat,170.0,170.0,0.0
MI,Malawi,2016,maize,2800.0,2700.0,100.0
MI,Malawi,2016,rice,0.0,0.0,0.0
MI,Malawi,2016,wheat,180.0,180.0,0.0
MI,Malawi,2017,maize,3500.0,3200.0,300.0
MI,Malawi,2017,rice,0.0,0.0,0.0
MI,Malawi,2017,wheat,150.0,150.0,0.0
MI,Malawi,2018,maize,2800.0,2500.0,300.0
MI,Malawi,2018,rice,0.0,0.0,0.0
MI,Malawi,2018,wheat,120.0,120.0,0.0
MI,Malawi,2019,maize,3200.0,2900.0,300.0
MI,Malawi,2019,rice,0.0,0.0,0.0
MI,Malawi,2019,wheat,130.0,130.0,0.0
MI,Malawi,2020,maize,3500.0,3000.0,500.0
MI,Malawi,2020,rice,0.0,0.0,0.0
MI,Malawi,2020,wheat,120.0,120.0,0.0
MI,Malawi,2021,maize,4200.0,3500.0,700.0
MI,Malawi,2021,rice,0.0,0.0,0.0
MI,Malawi,2021,wheat,80.0,80.0,0.0
MI,Malawi,2022,maize,3800.0,3200.0,600.0
MI,Malawi,2022,rice,0.0,0.0,0.0
MI,Malawi,2022,wheat,80.0,80.0,0.0
MI,Malawi,2023,maize,3500.0,3100.0,400.0
MI,Malawi,2023,rice,0.0,0.0,0.0
MI,Malawi,2023,wheat,70.0,70.0,0.0
MI,Malawi,2024,maize,3100.0,2900.0,200.0
MI,Malawi,2024,rice,0.0,0.0,0.0
MI,Malawi,2024,wheat,200.0,200.0,0.0
MI,Malawi,2025,maize,3100.0,2900.0,200.0
MI,Malawi,2025,rice,0.0,0.0,0.0
MI,Malawi,2025,wheat,100.0,100.0,0.0
MI,Malawi,2026,maize,3250.0,3000.0,250.0
MI,Malawi,2026,rice,0.0,0.0,0.0
MI,Malawi,2026,wheat,110.0,110.0,0.0
MK,North Macedonia,1992,maize,147.0,37.0,110.0
MK,North Macedonia,1992,rice,13.0,0.0,0.0
MK,North Macedonia,1992,wheat,290.0,215.0,75.0
MK,North Macedonia,1993,maize,134.0,14.0,120.0
MK,North Macedonia,1993,rice,5.0,0.0,0.0
MK,North Macedonia,1993,wheat,369.0,301.0,68.0
MK,North Macedonia,1994,maize,217.0,67.0,150.0
MK,North Macedonia,1994,rice,5.0,0.0,0.0
MK,North Macedonia,1994,wheat,479.0,387.0,92.0
MK,North Macedonia,1995,maize,196.0,46.0,150.0
MK,North Macedonia,1995,rice,4.0,0.0,0.0
MK,North Macedonia,1995,wheat,399.0,309.0,90.0
MK,North Macedonia,1996,maize,164.0,14.0,150.0
MK,North Macedonia,1996,rice,13.0,0.0,0.0
MK,North Macedonia,1996,wheat,347.0,277.0,70.0
MK,North Macedonia,1997,maize,232.0,82.0,150.0
MK,North Macedonia,1997,rice,15.0,0.0,0.0
MK,North Macedonia,1997,wheat,438.0,363.0,75.0
MK,North Macedonia,1998,maize,226.0,76.0,150.0
MK,North Macedonia,1998,rice,13.0,0.0,0.0
MK,North Macedonia,1998,wheat,363.0,268.0,95.0
MK,North Macedonia,1999,maize,250.0,85.0,165.0
MK,North Macedonia,1999,rice,10.0,0.0,0.0
MK,North Macedonia,1999,wheat,430.0,340.0,90.0
MK,North Macedonia,2000,maize,200.0,80.0,120.0
MK,North Macedonia,2000,rice,11.0,0.0,0.0
MK,North Macedonia,2000,wheat,374.0,284.0,90.0
MK,North Macedonia,2001,maize,150.0,25.0,125.0
MK,North Macedonia,2001,rice,5.0,0.0,0.0
MK,North Macedonia,2001,wheat,278.0,188.0,90.0
MK,North Macedonia,2002,maize,200.0,25.0,175.0
MK,North Macedonia,2002,rice,10.0,0.0,0.0
MK,North Macedonia,2002,wheat,310.0,220.0,90.0
MK,North Macedonia,2003,maize,175.0,25.0,150.0
MK,North Macedonia,2003,rice,8.0,0.0,0.0
MK,North Macedonia,2003,wheat,274.0,204.0,70.0
MK,North Macedonia,2004,maize,200.0,25.0,175.0
MK,North Macedonia,2004,rice,10.0,0.0,0.0
MK,North Macedonia,2004,wheat,457.0,367.0,90.0
MK,North Macedonia,2005,maize,200.0,25.0,175.0
MK,North Macedonia,2005,rice,10.0,0.0,0.0
MK,North Macedonia,2005,wheat,423.0,333.0,90.0
MK,North Macedonia,2006,maize,225.0,25.0,200.0
MK,North Macedonia,2006,rice,12.0,0.0,0.0
MK,North Macedonia,2006,wheat,363.0,293.0,70.0
MK,North Macedonia,2007,maize,150.0,25.0,125.0
MK,North Macedonia,2007,rice,10.0,0.0,0.0
MK,North Macedonia,2007,wheat,341.0,266.0,75.0
MK,North Macedonia,2008,maize,200.0,25.0,175.0
MK,North Macedonia,2008,rice,11.0,0.0,0.0
MK,North Macedonia,2008,wheat,440.0,315.0,125.0
MK,North Macedonia,2009,maize,200.0,25.0,175.0
MK,North Macedonia,2009,rice,13.0,0.0,0.0
MK,North Macedonia,2009,wheat,390.0,290.0,100.0
MK,North Macedonia,2010,maize,175.0,25.0,150.0
MK,North Macedonia,2010,rice,18.0,0.0,0.0
MK,North Macedonia,2010,wheat,347.0,297.0,50.0
MK,North Macedonia,2011,maize,200.0,25.0,175.0
MK,North Macedonia,2011,rice,18.0,0.0,0.0
MK,North Macedonia,2011,wheat,400.0,300.0,100.0
MK,North Macedonia,2012,maize,175.0,25.0,150.0
MK,North Macedonia,2012,rice,16.0,0.0,0.0
MK,North Macedonia,2012,wheat,375.0,300.0,75.0
MK,North Macedonia,2013,maize,175.0,25.0,150.0
MK,North Macedonia,2013,rice,19.0,0.0,0.0
MK,North Macedonia,2013,wheat,400.0,300.0,100.0
MK,North Macedonia,2014,maize,175.0,25.0,150.0
MK,North Macedonia,2014,rice,0.0,0.0,0.0
MK,North Macedonia,2014,wheat,400.0,300.0,100.0
MK,North Macedonia,2015,maize,195.0,25.0,170.0
MK,North Macedonia,2015,rice,0.0,0.0,0.0
MK,North Macedonia,2015,wheat,385.0,310.0,75.0
MK,North Macedonia,2016,maize,195.0,25.0,170.0
MK,North Macedonia,2016,rice,0.0,0.0,0.0
MK,North Macedonia,2016,wheat,415.0,315.0,100.0
MK,North Macedonia,2017,maize,180.0,25.0,155.0
MK,North Macedonia,2017,rice,0.0,0.0,0.0
MK,North Macedonia,2017,wheat,365.0,315.0,50.0
MK,North Macedonia,2018,maize,185.0,25.0,160.0
MK,North Macedonia,2018,rice,0.0,0.0,0.0
MK,North Macedonia,2018,wheat,395.0,320.0,75.0
MK,North Macedonia,2019,maize,195.0,25.0,170.0
MK,North Macedonia,2019,rice,0.0,0.0,0.0
MK,North Macedonia,2019,wheat,395.0,320.0,75.0
MK,North Macedonia,2020,maize,180.0,25.0,155.0
MK,North Macedonia,2020,rice,0.0,0.0,0.0
MK,North Macedonia,2020,wheat,395.0,320.0,75.0
MK,North Macedonia,2021,maize,170.0,25.0,145.0
MK,North Macedonia,2021,rice,0.0,0.0,0.0
MK,North Macedonia,2021,wheat,375.0,300.0,75.0
MK,North Macedonia,2022,maize,175.0,25.0,150.0
MK,North Macedonia,2022,rice,0.0,0.0,0.0
MK,North Macedonia,2022,wheat,375.0,300.0,75.0
MK,North Macedonia,2023,maize,180.0,25.0,155.0
MK,North Macedonia,2023,rice,0.0,0.0,0.0
MK,North Macedonia,2023,wheat,375.0,300.0,75.0
MK,North Macedonia,2024,maize,195.0,25.0,170.0
MK,North Macedonia,2024,rice,0.0,0.0,0.0
MK,North Macedonia,2024,wheat,375.0,300.0,75.0
MK,North Macedonia,2025,maize,195.0,25.0,170.0
MK,North Macedonia,2025,rice,0.0,0.0,0.0
MK,North Macedonia,2025,wheat,390.0,315.0,75.0
MK,North Macedonia,2026,maize,195.0,25.0,170.0
MK,North Macedonia,2026,rice,0.0,0.0,0.0
MK,North Macedonia,2026,wheat,375.0,325.0,50.0
ML,Mali,1960,maize,50.0,50.0,0.0
ML,Mali,1960,rice,114.0,0.0,0.0
ML,Mali,1961,maize,58.0,58.0,0.0
ML,Mali,1961,rice,121.0,0.0,0.0
ML,Mali,1962,maize,72.0,72.0,0.0
ML,Mali,1962,rice,125.0,0.0,0.0
ML,Mali,1963,maize,70.0,70.0,0.0
ML,Mali,1963,rice,106.0,0.0,0.0
ML,Mali,1964,maize,109.0,109.0,0.0
ML,Mali,1964,rice,104.0,0.0,0.0
ML,Mali,1965,maize,93.0,93.0,0.0
ML,Mali,1965,rice,104.0,0.0,0.0
ML,Mali,1966,maize,76.0,76.0,0.0
ML,Mali,1966,rice,85.0,0.0,0.0
ML,Mali,1967,maize,66.0,66.0,0.0
ML,Mali,1967,rice,114.0,0.0,0.0
ML,Mali,1968,maize,107.0,107.0,0.0
ML,Mali,1968,rice,82.0,0.0,0.0
ML,Mali,1969,maize,126.0,126.0,0.0
ML,Mali,1969,rice,94.0,0.0,0.0
ML,Mali,1970,maize,80.0,80.0,0.0
ML,Mali,1970,rice,86.0,0.0,0.0
ML,Mali,1971,maize,82.0,82.0,0.0
ML,Mali,1971,rice,142.0,0.0,0.0
ML,Mali,1972,maize,63.0,63.0,0.0
ML,Mali,1972,rice,131.0,0.0,0.0
ML,Mali,1973,maize,156.0,156.0,0.0
ML,Mali,1973,rice,137.0,0.0,0.0
ML,Mali,1974,maize,107.0,107.0,0.0
ML,Mali,1974,rice,79.0,0.0,0.0
ML,Mali,1975,maize,79.0,79.0,0.0
ML,Mali,1975,rice,117.0,0.0,0.0
ML,Mali,1976,maize,81.0,81.0,0.0
ML,Mali,1976,rice,181.0,0.0,0.0
ML,Mali,1977,maize,82.0,82.0,0.0
ML,Mali,1977,rice,142.0,0.0,0.0
ML,Mali,1978,maize,80.0,80.0,0.0
ML,Mali,1978,rice,158.0,0.0,0.0
ML,Mali,1979,maize,88.0,88.0,0.0
ML,Mali,1979,rice,170.0,0.0,0.0
ML,Mali,1980,maize,63.0,63.0,0.0
ML,Mali,1980,rice,131.0,0.0,0.0
ML,Mali,1981,maize,90.0,90.0,0.0
ML,Mali,1981,rice,182.0,0.0,0.0
ML,Mali,1982,maize,109.0,109.0,0.0
ML,Mali,1982,rice,111.0,0.0,0.0
ML,Mali,1983,maize,190.0,190.0,0.0
ML,Mali,1983,rice,196.0,0.0,0.0
ML,Mali,1984,maize,225.0,225.0,0.0
ML,Mali,1984,rice,217.0,0.0,0.0
ML,Mali,1985,maize,232.0,217.0,15.0
ML,Mali,1985,rice,168.0,0.0,0.0
ML,Mali,1986,maize,220.0,200.0,20.0
ML,Mali,1986,rice,171.0,0.0,0.0
ML,Mali,1987,maize,250.0,220.0,30.0
ML,Mali,1987,rice,182.0,0.0,0.0
ML,Mali,1988,maize,214.0,194.0,20.0
ML,Mali,1988,rice,182.0,0.0,0.0
ML,Mali,1989,maize,235.0,180.0,55.0
ML,Mali,1989,rice,187.0,0.0,0.0
ML,Mali,1990,maize,225.0,180.0,45.0
ML,Mali,1990,rice,206.0,0.0,0.0
ML,Mali,1990,wheat,0.0,0.0,0.0
ML,Mali,1991,maize,300.0,255.0,45.0
ML,Mali,1991,rice,296.0,0.0,0.0
ML,Mali,1992,maize,265.0,215.0,50.0
ML,Mali,1992,rice,265.0,0.0,0.0
ML,Mali,1993,maize,283.0,233.0,50.0
ML,Mali,1993,rice,304.0,0.0,0.0
ML,Mali,1994,maize,320.0,270.0,50.0
ML,Mali,1994,rice,315.0,0.0,0.0
ML,Mali,1995,maize,290.0,260.0,30.0
ML,Mali,1995,rice,355.0,0.0,0.0
ML,Mali,1996,maize,265.0,245.0,20.0
ML,Mali,1996,rice,482.0,0.0,0.0
ML,Mali,1997,maize,340.0,295.0,45.0
ML,Mali,1997,rice,384.0,0.0,0.0
ML,Mali,1998,maize,390.0,365.0,25.0
ML,Mali,1998,rice,484.0,0.0,0.0
ML,Mali,1999,maize,400.0,370.0,30.0
ML,Mali,1999,rice,490.0,0.0,0.0
ML,Mali,2000,maize,445.0,410.0,35.0
ML,Mali,2000,rice,531.0,0.0,0.0
ML,Mali,2001,maize,300.0,270.0,30.0
ML,Mali,2001,rice,713.0,0.0,0.0
ML,Mali,2002,maize,365.0,335.0,30.0
ML,Mali,2002,rice,637.0,0.0,0.0
ML,Mali,2003,maize,451.0,401.0,50.0
ML,Mali,2003,rice,776.0,0.0,0.0
ML,Mali,2004,maize,461.0,411.0,50.0
ML,Mali,2004,rice,605.0,0.0,0.0
ML,Mali,2005,maize,600.0,500.0,100.0
ML,Mali,2005,rice,749.0,0.0,0.0
ML,Mali,2006,maize,700.0,500.0,200.0
ML,Mali,2006,rice,789.0,0.0,0.0
ML,Mali,2007,maize,700.0,500.0,200.0
ML,Mali,2007,rice,803.0,0.0,0.0
ML,Mali,2008,maize,700.0,500.0,200.0
ML,Mali,2008,rice,900.0,0.0,0.0
ML,Mali,2009,maize,1000.0,700.0,300.0
ML,Mali,2009,rice,950.0,0.0,0.0
ML,Mali,2010,maize,1500.0,1100.0,400.0
ML,Mali,2010,rice,1000.0,0.0,0.0
ML,Mali,2010,wheat,188.0,188.0,0.0
ML,Mali,2011,maize,1500.0,1100.0,400.0
ML,Mali,2011,rice,1200.0,0.0,0.0
ML,Mali,2011,wheat,197.0,197.0,0.0
ML,Mali,2012,maize,1700.0,1200.0,500.0
ML,Mali,2012,rice,1350.0,0.0,0.0
ML,Mali,2012,wheat,245.0,245.0,0.0
ML,Mali,2013,maize,1600.0,1100.0,500.0
ML,Mali,2013,rice,1500.0,0.0,0.0
ML,Mali,2013,wheat,271.0,271.0,0.0
ML,Mali,2014,maize,1600.0,1100.0,500.0
ML,Mali,2014,rice,1650.0,0.0,0.0
ML,Mali,2014,wheat,324.0,324.0,0.0
ML,Mali,2015,maize,2000.0,1400.0,600.0
ML,Mali,2015,rice,1750.0,0.0,0.0
ML,Mali,2015,wheat,345.0,345.0,0.0
ML,Mali,2016,maize,2700.0,1800.0,900.0
ML,Mali,2016,rice,1950.0,0.0,0.0
ML,Mali,2016,wheat,350.0,350.0,0.0
ML,Mali,2017,maize,3600.0,2600.0,1000.0
ML,Mali,2017,rice,2050.0,0.0,0.0
ML,Mali,2017,wheat,310.0,310.0,0.0
ML,Mali,2018,maize,3700.0,2700.0,1000.0
ML,Mali,2018,rice,2200.0,0.0,0.0
ML,Mali,2018,wheat,325.0,325.0,0.0
ML,Mali,2019,maize,3800.0,2800.0,1000.0
ML,Mali,2019,rice,2300.0,0.0,0.0
ML,Mali,2019,wheat,400.0,400.0,0.0
ML,Mali,2020,maize,3700.0,2800.0,900.0
ML,Mali,2020,rice,2300.0,0.0,0.0
ML,Mali,2020,wheat,400.0,400.0,0.0
ML,Mali,2021,maize,3700.0,2800.0,900.0
ML,Mali,2021,rice,2150.0,0.0,0.0
ML,Mali,2021,wheat,370.0,370.0,0.0
ML,Mali,2022,maize,3700.0,2800.0,900.0
ML,Mali,2022,rice,2200.0,0.0,0.0
ML,Mali,2022,wheat,380.0,380.0,0.0
ML,Mali,2023,maize,3600.0,2850.0,750.0
ML,Mali,2023,rice,2250.0,0.0,0.0
ML,Mali,2023,wheat,400.0,400.0,0.0
ML,Mali,2024,maize,3800.0,2900.0,900.0
ML,Mali,2024,rice,2300.0,0.0,0.0
ML,Mali,2024,wheat,425.0,425.0,0.0
ML,Mali,2025,maize,4000.0,3000.0,1000.0
ML,Mali,2025,rice,2350.0,0.0,0.0
ML,Mali,2025,wheat,460.0,460.0,0.0
ML,Mali,2026,maize,3900.0,3000.0,900.0
ML,Mali,2026,rice,2400.0,0.0,0.0
ML,Mali,2026,wheat,455.0,455.0,0.0
MO,Morocco,1960,maize,281.0,281.0,0.0
MO,Morocco,1960,rice,11.0,0.0,0.0
MO,Morocco,1960,wheat,1041.0,1041.0,0.0
MO,Morocco,1961,maize,94.0,94.0,0.0
MO,Morocco,1961,rice,8.0,0.0,0.0
MO,Morocco,1961,wheat,1260.0,1260.0,0.0
MO,Morocco,1962,maize,277.0,277.0,0.0
MO,Morocco,1962,rice,9.0,0.0,0.0
MO,Morocco,1962,wheat,1352.0,1352.0,0.0
MO,Morocco,1963,maize,326.0,326.0,0.0
MO,Morocco,1963,rice,8.0,0.0,0.0
MO,Morocco,1963,wheat,1519.0,1387.0,132.0
MO,Morocco,1964,maize,265.0,265.0,0.0
MO,Morocco,1964,rice,13.0,0.0,0.0
MO,Morocco,1964,wheat,1519.0,1519.0,0.0
MO,Morocco,1965,maize,209.0,209.0,0.0
MO,Morocco,1965,rice,13.0,0.0,0.0
MO,Morocco,1965,wheat,1731.0,1731.0,0.0
MO,Morocco,1966,maize,185.0,185.0,0.0
MO,Morocco,1966,rice,13.0,0.0,0.0
MO,Morocco,1966,wheat,2152.0,1829.0,323.0
MO,Morocco,1967,maize,234.0,234.0,0.0
MO,Morocco,1967,rice,11.0,0.0,0.0
MO,Morocco,1967,wheat,2087.0,2087.0,0.0
MO,Morocco,1968,maize,392.0,392.0,0.0
MO,Morocco,1968,rice,16.0,0.0,0.0
MO,Morocco,1968,wheat,2729.0,2729.0,0.0
MO,Morocco,1969,maize,423.0,423.0,0.0
MO,Morocco,1969,rice,31.0,0.0,0.0
MO,Morocco,1969,wheat,2351.0,2351.0,0.0
MO,Morocco,1970,maize,340.0,340.0,0.0
MO,Morocco,1970,rice,25.0,0.0,0.0
MO,Morocco,1970,wheat,2519.0,2519.0,0.0
MO,Morocco,1971,maize,401.0,401.0,0.0
MO,Morocco,1971,rice,7.0,0.0,0.0
MO,Morocco,1971,wheat,2806.0,2806.0,0.0
MO,Morocco,1972,maize,388.0,388.0,0.0
MO,Morocco,1972,rice,11.0,0.0,0.0
MO,Morocco,1972,wheat,2262.0,2262.0,0.0
MO,Morocco,1973,maize,250.0,250.0,0.0
MO,Morocco,1973,rice,5.0,0.0,0.0
MO,Morocco,1973,wheat,2614.0,2614.0,0.0
MO,Morocco,1974,maize,423.0,388.0,35.0
MO,Morocco,1974,rice,17.0,0.0,0.0
MO,Morocco,1974,wheat,3059.0,3059.0,0.0
MO,Morocco,1975,maize,370.0,310.0,60.0
MO,Morocco,1975,rice,16.0,0.0,0.0
MO,Morocco,1975,wheat,2679.0,2679.0,0.0
MO,Morocco,1976,maize,402.0,282.0,120.0
MO,Morocco,1976,rice,18.0,0.0,0.0
MO,Morocco,1976,wheat,3122.0,3056.0,66.0
MO,Morocco,1977,maize,356.0,233.0,123.0
MO,Morocco,1977,rice,19.0,0.0,0.0
MO,Morocco,1977,wheat,3146.0,3107.0,39.0
MO,Morocco,1978,maize,446.0,280.0,166.0
MO,Morocco,1978,rice,22.0,0.0,0.0
MO,Morocco,1978,wheat,3399.0,3305.0,94.0
MO,Morocco,1979,maize,425.0,247.0,178.0
MO,Morocco,1979,rice,19.0,0.0,0.0
MO,Morocco,1979,wheat,3410.0,3320.0,90.0
MO,Morocco,1980,maize,470.0,282.0,188.0
MO,Morocco,1980,rice,20.0,0.0,0.0
MO,Morocco,1980,wheat,3711.0,3621.0,90.0
MO,Morocco,1981,maize,274.0,164.0,110.0
MO,Morocco,1981,rice,16.0,0.0,0.0
MO,Morocco,1981,wheat,3096.0,3006.0,90.0
MO,Morocco,1982,maize,399.0,245.0,154.0
MO,Morocco,1982,rice,14.0,0.0,0.0
MO,Morocco,1982,wheat,3775.0,3685.0,90.0
MO,Morocco,1983,maize,412.0,132.0,280.0
MO,Morocco,1983,rice,11.0,0.0,0.0
MO,Morocco,1983,wheat,4130.0,4040.0,90.0
MO,Morocco,1984,maize,477.0,217.0,260.0
MO,Morocco,1984,rice,18.0,0.0,0.0
MO,Morocco,1984,wheat,4221.0,4131.0,90.0
MO,Morocco,1985,maize,487.0,212.0,275.0
MO,Morocco,1985,rice,21.0,0.0,0.0
MO,Morocco,1985,wheat,4250.0,4160.0,90.0
MO,Morocco,1986,maize,467.0,157.0,310.0
MO,Morocco,1986,rice,22.0,0.0,0.0
MO,Morocco,1986,wheat,5129.0,4969.0,160.0
MO,Morocco,1987,maize,464.0,164.0,300.0
MO,Morocco,1987,rice,19.0,0.0,0.0
MO,Morocco,1987,wheat,4360.0,4198.0,162.0
MO,Morocco,1988,maize,468.0,158.0,310.0
MO,Morocco,1988,rice,40.0,0.0,0.0
MO,Morocco,1988,wheat,5265.0,5085.0,180.0
MO,Morocco,1989,maize,494.0,164.0,330.0
MO,Morocco,1989,rice,29.0,0.0,0.0
MO,Morocco,1989,wheat,5015.0,4915.0,100.0
MO,Morocco,1990,maize,611.0,186.0,425.0
MO,Morocco,1990,rice,32.0,0.0,0.0
MO,Morocco,1990,wheat,5338.0,5138.0,200.0
MO,Morocco,1991,maize,535.0,90.0,445.0
MO,Morocco,1991,rice,27.0,0.0,0.0
MO,Morocco,1991,wheat,5289.0,5139.0,150.0
MO,Morocco,1992,maize,559.0,159.0,400.0
MO,Morocco,1992,rice,31.0,0.0,0.0
MO,Morocco,1992,wheat,5100.0,4950.0,150.0
MO,Morocco,1993,maize,469.0,19.0,450.0
MO,Morocco,1993,rice,26.0,0.0,0.0
MO,Morocco,1993,wheat,4934.0,4834.0,100.0
MO,Morocco,1994,maize,749.0,105.0,644.0
MO,Morocco,1994,rice,50.0,0.0,0.0
MO,Morocco,1994,wheat,5314.0,5114.0,200.0
MO,Morocco,1995,maize,417.0,217.0,200.0
MO,Morocco,1995,rice,30.0,0.0,0.0
MO,Morocco,1995,wheat,4758.0,4658.0,100.0
MO,Morocco,1996,maize,887.0,247.0,640.0
MO,Morocco,1996,rice,42.0,0.0,0.0
MO,Morocco,1996,wheat,5265.0,5065.0,200.0
MO,Morocco,1997,maize,937.0,251.0,686.0
MO,Morocco,1997,rice,41.0,0.0,0.0
MO,Morocco,1997,wheat,5561.0,5361.0,200.0
MO,Morocco,1998,maize,1029.0,279.0,750.0
MO,Morocco,1998,rice,61.0,0.0,0.0
MO,Morocco,1998,wheat,5628.0,5428.0,200.0
MO,Morocco,1999,maize,950.0,250.0,700.0
MO,Morocco,1999,rice,62.0,0.0,0.0
MO,Morocco,1999,wheat,5878.0,5678.0,200.0
MO,Morocco,2000,maize,1030.0,230.0,800.0
MO,Morocco,2000,rice,71.0,0.0,0.0
MO,Morocco,2000,wheat,5965.0,5765.0,200.0
MO,Morocco,2001,maize,900.0,100.0,800.0
MO,Morocco,2001,rice,80.0,0.0,0.0
MO,Morocco,2001,wheat,6100.0,5900.0,200.0
MO,Morocco,2002,maize,1150.0,150.0,1000.0
MO,Morocco,2002,rice,63.0,0.0,0.0
MO,Morocco,2002,wheat,6220.0,6020.0,200.0
MO,Morocco,2003,maize,1300.0,150.0,1150.0
MO,Morocco,2003,rice,53.0,0.0,0.0
MO,Morocco,2003,wheat,6400.0,6200.0,200.0
MO,Morocco,2004,maize,1450.0,200.0,1250.0
MO,Morocco,2004,rice,59.0,0.0,0.0
MO,Morocco,2004,wheat,6600.0,6400.0,200.0
MO,Morocco,2005,maize,1550.0,200.0,1350.0
MO,Morocco,2005,rice,44.0,0.0,0.0
MO,Morocco,2005,wheat,6800.0,6600.0,200.0
MO,Morocco,2006,maize,1850.0,200.0,1650.0
MO,Morocco,2006,rice,39.0,0.0,0.0
MO,Morocco,2006,wheat,7200.0,7000.0,200.0
MO,Morocco,2007,maize,1950.0,200.0,1750.0
MO,Morocco,2007,rice,30.0,0.0,0.0
MO,Morocco,2007,wheat,7225.0,7200.0,25.0
MO,Morocco,2008,maize,1650.0,200.0,1450.0
MO,Morocco,2008,rice,41.0,0.0,0.0
MO,Morocco,2008,wheat,7450.0,7400.0,50.0
MO,Morocco,2009,maize,1949.0,200.0,1749.0
MO,Morocco,2009,rice,60.0,0.0,0.0
MO,Morocco,2009,wheat,7800.0,7700.0,100.0
MO,Morocco,2010,maize,2050.0,200.0,1850.0
MO,Morocco,2010,rice,40.0,0.0,0.0
MO,Morocco,2010,wheat,7850.0,7800.0,50.0
MO,Morocco,2011,maize,2000.0,200.0,1800.0
MO,Morocco,2011,rice,32.0,0.0,0.0
MO,Morocco,2011,wheat,8800.0,8000.0,800.0
MO,Morocco,2012,maize,1950.0,200.0,1750.0
MO,Morocco,2012,rice,69.0,0.0,0.0
MO,Morocco,2012,wheat,8300.0,8200.0,100.0
MO,Morocco,2013,maize,2200.0,200.0,2000.0
MO,Morocco,2013,rice,31.0,0.0,0.0
MO,Morocco,2013,wheat,9000.0,8400.0,600.0
MO,Morocco,2014,maize,2300.0,200.0,2100.0
MO,Morocco,2014,rice,28.0,0.0,0.0
MO,Morocco,2014,wheat,9100.0,8700.0,400.0
MO,Morocco,2015,maize,2150.0,200.0,1950.0
MO,Morocco,2015,rice,54.0,0.0,0.0
MO,Morocco,2015,wheat,9800.0,9000.0,800.0
MO,Morocco,2016,maize,2200.0,200.0,2000.0
MO,Morocco,2016,rice,52.0,0.0,0.0
MO,Morocco,2016,wheat,10200.0,9400.0,800.0
MO,Morocco,2017,maize,2700.0,200.0,2500.0
MO,Morocco,2017,rice,80.0,0.0,0.0
MO,Morocco,2017,wheat,10500.0,9700.0,800.0
MO,Morocco,2018,maize,2400.0,200.0,2200.0
MO,Morocco,2018,rice,74.0,0.0,0.0
MO,Morocco,2018,wheat,10700.0,9900.0,800.0
MO,Morocco,2019,maize,3100.0,200.0,2900.0
MO,Morocco,2019,rice,107.0,0.0,0.0
MO,Morocco,2019,wheat,10400.0,10000.0,400.0
MO,Morocco,2020,maize,2900.0,200.0,2700.0
MO,Morocco,2020,rice,78.0,0.0,0.0
MO,Morocco,2020,wheat,10300.0,10000.0,300.0
MO,Morocco,2021,maize,1900.0,200.0,1700.0
MO,Morocco,2021,rice,108.0,0.0,0.0
MO,Morocco,2021,wheat,10500.0,10100.0,400.0
MO,Morocco,2022,maize,2050.0,200.0,1850.0
MO,Morocco,2022,rice,122.0,0.0,0.0
MO,Morocco,2022,wheat,10000.0,9800.0,200.0
MO,Morocco,2023,maize,2700.0,200.0,2500.0
MO,Morocco,2023,rice,124.0,0.0,0.0
MO,Morocco,2023,wheat,9700.0,9500.0,200.0
MO,Morocco,2024,maize,3200.0,200.0,3000.0
MO,Morocco,2024,rice,224.0,0.0,0.0
MO,Morocco,2024,wheat,9400.0,9200.0,200.0
MO,Morocco,2025,maize,3550.0,200.0,3350.0
MO,Morocco,2025,rice,178.0,0.0,0.0
MO,Morocco,2025,wheat,9900.0,9600.0,300.0
MO,Morocco,2026,maize,3450.0,200.0,3250.0
MO,Morocco,2026,rice,215.0,0.0,0.0
MO,Morocco,2026,wheat,10300.0,9800.0,500.0
MP,Mauritius,1960,rice,61.0,0.0,0.0
MP,Mauritius,1960,wheat,34.0,34.0,0.0
MP,Mauritius,1961,rice,67.0,0.0,0.0
MP,Mauritius,1961,wheat,30.0,30.0,0.0
MP,Mauritius,1962,rice,68.0,0.0,0.0
MP,Mauritius,1962,wheat,44.0,44.0,0.0
MP,Mauritius,1963,rice,70.0,0.0,0.0
MP,Mauritius,1963,wheat,32.0,32.0,0.0
MP,Mauritius,1964,rice,68.0,0.0,0.0
MP,Mauritius,1964,wheat,33.0,33.0,0.0
MP,Mauritius,1965,rice,61.0,0.0,0.0
MP,Mauritius,1965,wheat,46.0,46.0,0.0
MP,Mauritius,1966,rice,67.0,0.0,0.0
MP,Mauritius,1966,wheat,245.0,245.0,0.0
MP,Mauritius,1967,rice,67.0,0.0,0.0
MP,Mauritius,1967,wheat,75.0,75.0,0.0
MP,Mauritius,1968,rice,62.0,0.0,0.0
MP,Mauritius,1968,wheat,52.0,52.0,0.0
MP,Mauritius,1969,rice,64.0,0.0,0.0
MP,Mauritius,1969,wheat,70.0,70.0,0.0
MP,Mauritius,1970,rice,44.0,0.0,0.0
MP,Mauritius,1970,wheat,66.0,66.0,0.0
MP,Mauritius,1971,rice,57.0,0.0,0.0
MP,Mauritius,1971,wheat,76.0,76.0,0.0
MP,Mauritius,1972,rice,73.0,0.0,0.0
MP,Mauritius,1972,wheat,55.0,55.0,0.0
MP,Mauritius,1973,rice,67.0,0.0,0.0
MP,Mauritius,1973,wheat,94.0,94.0,0.0
MP,Mauritius,1974,rice,71.0,0.0,0.0
MP,Mauritius,1974,wheat,82.0,82.0,0.0
MP,Mauritius,1975,rice,74.0,0.0,0.0
MP,Mauritius,1975,wheat,84.0,84.0,0.0
MP,Mauritius,1976,rice,69.0,0.0,0.0
MP,Mauritius,1976,wheat,56.0,56.0,0.0
MP,Mauritius,1977,rice,88.0,0.0,0.0
MP,Mauritius,1977,wheat,69.0,69.0,0.0
MP,Mauritius,1978,rice,80.0,0.0,0.0
MP,Mauritius,1978,wheat,62.0,62.0,0.0
MP,Mauritius,1979,rice,78.0,0.0,0.0
MP,Mauritius,1979,wheat,67.0,67.0,0.0
MP,Mauritius,1980,rice,84.0,0.0,0.0
MP,Mauritius,1980,wheat,77.0,77.0,0.0
MP,Mauritius,1981,rice,92.0,0.0,0.0
MP,Mauritius,1981,wheat,93.0,93.0,0.0
MP,Mauritius,1982,rice,35.0,0.0,0.0
MP,Mauritius,1982,wheat,75.0,75.0,0.0
MP,Mauritius,1983,rice,86.0,0.0,0.0
MP,Mauritius,1983,wheat,86.0,86.0,0.0
MP,Mauritius,1984,rice,80.0,0.0,0.0
MP,Mauritius,1984,wheat,88.0,88.0,0.0
MP,Mauritius,1985,rice,42.0,0.0,0.0
MP,Mauritius,1985,wheat,62.0,62.0,0.0
MP,Mauritius,1986,rice,75.0,0.0,0.0
MP,Mauritius,1986,wheat,80.0,80.0,0.0
MP,Mauritius,1987,rice,80.0,0.0,0.0
MP,Mauritius,1987,wheat,84.0,84.0,0.0
MP,Mauritius,1988,rice,59.0,0.0,0.0
MP,Mauritius,1988,wheat,90.0,90.0,0.0
MP,Mauritius,1989,rice,62.0,0.0,0.0
MP,Mauritius,1989,wheat,65.0,65.0,0.0
MP,Mauritius,1990,rice,92.0,0.0,0.0
MP,Mauritius,1990,wheat,65.0,65.0,0.0
MP,Mauritius,1991,rice,62.0,0.0,0.0
MP,Mauritius,1991,wheat,85.0,85.0,0.0
MP,Mauritius,1992,rice,59.0,0.0,0.0
MP,Mauritius,1992,wheat,86.0,86.0,0.0
MP,Mauritius,1993,rice,44.0,0.0,0.0
MP,Mauritius,1993,wheat,95.0,95.0,0.0
MP,Mauritius,1994,rice,33.0,0.0,0.0
MP,Mauritius,1994,wheat,103.0,103.0,0.0
MP,Mauritius,1995,rice,81.0,0.0,0.0
MP,Mauritius,1995,wheat,42.0,42.0,0.0
MP,Mauritius,1996,rice,34.0,0.0,0.0
MP,Mauritius,1996,wheat,71.0,71.0,0.0
MP,Mauritius,1997,rice,61.0,0.0,0.0
MP,Mauritius,1997,wheat,108.0,108.0,0.0
MP,Mauritius,1998,rice,83.0,0.0,0.0
MP,Mauritius,1998,wheat,120.0,120.0,0.0
MP,Mauritius,1999,rice,73.0,0.0,0.0
MP,Mauritius,1999,wheat,141.0,141.0,0.0
MP,Mauritius,2000,rice,64.0,0.0,0.0
MP,Mauritius,2000,wheat,134.0,134.0,0.0
MP,Mauritius,2001,rice,68.0,0.0,0.0
MP,Mauritius,2001,wheat,146.0,146.0,0.0
MP,Mauritius,2002,rice,41.0,0.0,0.0
MP,Mauritius,2002,wheat,126.0,126.0,0.0
MP,Mauritius,2003,rice,72.0,0.0,0.0
MP,Mauritius,2003,wheat,112.0,112.0,0.0
MP,Mauritius,2004,rice,81.0,0.0,0.0
MP,Mauritius,2004,wheat,138.0,138.0,0.0
MP,Mauritius,2005,rice,60.0,0.0,0.0
MP,Mauritius,2005,wheat,133.0,133.0,0.0
MP,Mauritius,2006,rice,60.0,0.0,0.0
MP,Mauritius,2006,wheat,109.0,109.0,0.0
MP,Mauritius,2007,rice,75.0,0.0,0.0
MP,Mauritius,2007,wheat,116.0,116.0,0.0
MP,Mauritius,2008,rice,55.0,0.0,0.0
MP,Mauritius,2008,wheat,144.0,144.0,0.0
MP,Mauritius,2009,rice,95.0,0.0,0.0
MP,Mauritius,2009,wheat,116.0,116.0,0.0
MP,Mauritius,2010,rice,65.0,0.0,0.0
MP,Mauritius,2010,wheat,125.0,125.0,0.0
MP,Mauritius,2011,rice,55.0,0.0,0.0
MP,Mauritius,2011,wheat,124.0,124.0,0.0
MP,Mauritius,2012,rice,55.0,0.0,0.0
MP,Mauritius,2012,wheat,126.0,126.0,0.0
MP,Mauritius,2013,rice,59.0,0.0,0.0
MP,Mauritius,2013,wheat,124.0,124.0,0.0
MP,Mauritius,2014,rice,64.0,0.0,0.0
MP,Mauritius,2014,wheat,113.0,113.0,0.0
MP,Mauritius,2015,rice,55.0,0.0,0.0
MP,Mauritius,2015,wheat,125.0,125.0,0.0
MP,Mauritius,2016,rice,53.0,0.0,0.0
MP,Mauritius,2016,wheat,150.0,150.0,0.0
MP,Mauritius,2017,rice,60.0,0.0,0.0
MP,Mauritius,2017,wheat,135.0,135.0,0.0
MP,Mauritius,2018,rice,59.0,0.0,0.0
MP,Mauritius,2018,wheat,110.0,110.0,0.0
MP,Mauritius,2019,rice,66.0,0.0,0.0
MP,Mauritius,2019,wheat,125.0,125.0,0.0
MP,Mauritius,2020,rice,57.0,0.0,0.0
MP,Mauritius,2020,wheat,120.0,120.0,0.0
MP,Mauritius,2021,rice,57.0,0.0,0.0
MP,Mauritius,2021,wheat,145.0,145.0,0.0
MP,Mauritius,2022,rice,60.0,0.0,0.0
MP,Mauritius,2022,wheat,145.0,145.0,0.0
MP,Mauritius,2023,rice,63.0,0.0,0.0
MP,Mauritius,2023,wheat,125.0,125.0,0.0
MP,Mauritius,2024,rice,55.0,0.0,0.0
MP,Mauritius,2024,wheat,155.0,155.0,0.0
MP,Mauritius,2025,rice,70.0,0.0,0.0
MP,Mauritius,2025,wheat,160.0,160.0,0.0
MP,Mauritius,2026,rice,75.0,0.0,0.0
MP,Mauritius,2026,wheat,175.0,175.0,0.0
MR,Mauritania,1960,rice,0.0,0.0,0.0
MR,Mauritania,1961,rice,3.0,0.0,0.0
MR,Mauritania,1961,wheat,7.0,7.0,0.0
MR,Mauritania,1962,rice,5.0,0.0,0.0
MR,Mauritania,1962,wheat,13.0,13.0,0.0
MR,Mauritania,1963,rice,7.0,0.0,0.0
MR,Mauritania,1963,wheat,13.0,13.0,0.0
MR,Mauritania,1964,rice,10.0,0.0,0.0
MR,Mauritania,1964,wheat,13.0,13.0,0.0
MR,Mauritania,1965,rice,10.0,0.0,0.0
MR,Mauritania,1965,wheat,13.0,13.0,0.0
MR,Mauritania,1966,rice,12.0,0.0,0.0
MR,Mauritania,1966,wheat,13.0,13.0,0.0
MR,Mauritania,1967,rice,12.0,0.0,0.0
MR,Mauritania,1967,wheat,17.0,17.0,0.0
MR,Mauritania,1968,rice,13.0,0.0,0.0
MR,Mauritania,1968,wheat,17.0,17.0,0.0
MR,Mauritania,1969,rice,19.0,0.0,0.0
MR,Mauritania,1969,wheat,17.0,17.0,0.0
MR,Mauritania,1970,rice,11.0,0.0,0.0
MR,Mauritania,1970,wheat,7.0,7.0,0.0
MR,Mauritania,1971,rice,18.0,0.0,0.0
MR,Mauritania,1971,wheat,9.0,9.0,0.0
MR,Mauritania,1972,rice,21.0,0.0,0.0
MR,Mauritania,1972,wheat,11.0,11.0,0.0
MR,Mauritania,1973,rice,10.0,0.0,0.0
MR,Mauritania,1973,wheat,15.0,15.0,0.0
MR,Mauritania,1974,rice,34.0,0.0,0.0
MR,Mauritania,1974,wheat,22.0,22.0,0.0
MR,Mauritania,1975,maize,3.0,3.0,0.0
MR,Mauritania,1975,rice,26.0,0.0,0.0
MR,Mauritania,1975,wheat,24.0,24.0,0.0
MR,Mauritania,1976,maize,5.0,5.0,0.0
MR,Mauritania,1976,rice,31.0,0.0,0.0
MR,Mauritania,1976,wheat,29.0,29.0,0.0
MR,Mauritania,1977,maize,4.0,4.0,0.0
MR,Mauritania,1977,rice,44.0,0.0,0.0
MR,Mauritania,1977,wheat,61.0,61.0,0.0
MR,Mauritania,1978,maize,5.0,5.0,0.0
MR,Mauritania,1978,rice,57.0,0.0,0.0
MR,Mauritania,1978,wheat,46.0,46.0,0.0
MR,Mauritania,1979,maize,5.0,5.0,0.0
MR,Mauritania,1979,rice,27.0,0.0,0.0
MR,Mauritania,1979,wheat,50.0,50.0,0.0
MR,Mauritania,1980,maize,5.0,5.0,0.0
MR,Mauritania,1980,rice,62.0,0.0,0.0
MR,Mauritania,1980,wheat,50.0,50.0,0.0
MR,Mauritania,1981,maize,5.0,5.0,0.0
MR,Mauritania,1981,rice,60.0,0.0,0.0
MR,Mauritania,1981,wheat,57.0,57.0,0.0
MR,Mauritania,1982,maize,3.0,3.0,0.0
MR,Mauritania,1982,rice,57.0,0.0,0.0
MR,Mauritania,1982,wheat,83.0,83.0,0.0
MR,Mauritania,1983,maize,4.0,4.0,0.0
MR,Mauritania,1983,rice,55.0,0.0,0.0
MR,Mauritania,1983,wheat,156.0,156.0,0.0
MR,Mauritania,1984,maize,3.0,3.0,0.0
MR,Mauritania,1984,rice,119.0,0.0,0.0
MR,Mauritania,1984,wheat,146.0,146.0,0.0
MR,Mauritania,1985,maize,1.0,1.0,0.0
MR,Mauritania,1985,rice,69.0,0.0,0.0
MR,Mauritania,1985,wheat,128.0,128.0,0.0
MR,Mauritania,1986,maize,3.0,3.0,0.0
MR,Mauritania,1986,rice,92.0,0.0,0.0
MR,Mauritania,1986,wheat,113.0,113.0,0.0
MR,Mauritania,1987,maize,1.0,1.0,0.0
MR,Mauritania,1987,rice,97.0,0.0,0.0
MR,Mauritania,1987,wheat,142.0,142.0,0.0
MR,Mauritania,1988,maize,7.0,7.0,0.0
MR,Mauritania,1988,rice,103.0,0.0,0.0
MR,Mauritania,1988,wheat,89.0,89.0,0.0
MR,Mauritania,1989,maize,2.0,2.0,0.0
MR,Mauritania,1989,rice,93.0,0.0,0.0
MR,Mauritania,1989,wheat,138.0,138.0,0.0
MR,Mauritania,1990,maize,1.0,1.0,0.0
MR,Mauritania,1990,rice,69.0,0.0,0.0
MR,Mauritania,1990,wheat,214.0,214.0,0.0
MR,Mauritania,1991,maize,2.0,2.0,0.0
MR,Mauritania,1991,rice,62.0,0.0,0.0
MR,Mauritania,1991,wheat,230.0,230.0,0.0
MR,Mauritania,1992,maize,3.0,3.0,0.0
MR,Mauritania,1992,rice,118.0,0.0,0.0
MR,Mauritania,1992,wheat,191.0,191.0,0.0
MR,Mauritania,1993,maize,7.0,7.0,0.0
MR,Mauritania,1993,rice,96.0,0.0,0.0
MR,Mauritania,1993,wheat,194.0,194.0,0.0
MR,Mauritania,1994,maize,6.0,6.0,0.0
MR,Mauritania,1994,rice,99.0,0.0,0.0
MR,Mauritania,1994,wheat,141.0,141.0,0.0
MR,Mauritania,1995,maize,3.0,3.0,0.0
MR,Mauritania,1995,rice,74.0,0.0,0.0
MR,Mauritania,1995,wheat,136.0,136.0,0.0
MR,Mauritania,1996,maize,3.0,3.0,0.0
MR,Mauritania,1996,rice,141.0,0.0,0.0
MR,Mauritania,1996,wheat,225.0,225.0,0.0
MR,Mauritania,1997,maize,3.0,3.0,0.0
MR,Mauritania,1997,rice,177.0,0.0,0.0
MR,Mauritania,1997,wheat,238.0,238.0,0.0
MR,Mauritania,1998,maize,3.0,3.0,0.0
MR,Mauritania,1998,rice,79.0,0.0,0.0
MR,Mauritania,1998,wheat,276.0,276.0,0.0
MR,Mauritania,1999,maize,16.0,16.0,0.0
MR,Mauritania,1999,rice,87.0,0.0,0.0
MR,Mauritania,1999,wheat,201.0,201.0,0.0
MR,Mauritania,2000,maize,67.0,67.0,0.0
MR,Mauritania,2000,rice,93.0,0.0,0.0
MR,Mauritania,2000,wheat,226.0,226.0,0.0
MR,Mauritania,2001,maize,10.0,10.0,0.0
MR,Mauritania,2001,rice,58.0,0.0,0.0
MR,Mauritania,2001,wheat,276.0,276.0,0.0
MR,Mauritania,2002,maize,6.0,6.0,0.0
MR,Mauritania,2002,rice,66.0,0.0,0.0
MR,Mauritania,2002,wheat,285.0,285.0,0.0
MR,Mauritania,2003,maize,16.0,16.0,0.0
MR,Mauritania,2003,rice,69.0,0.0,0.0
MR,Mauritania,2003,wheat,186.0,186.0,0.0
MR,Mauritania,2004,maize,5.0,5.0,0.0
MR,Mauritania,2004,rice,111.0,0.0,0.0
MR,Mauritania,2004,wheat,328.0,328.0,0.0
MR,Mauritania,2005,maize,12.0,12.0,0.0
MR,Mauritania,2005,rice,105.0,0.0,0.0
MR,Mauritania,2005,wheat,282.0,282.0,0.0
MR,Mauritania,2006,maize,17.0,17.0,0.0
MR,Mauritania,2006,rice,57.0,0.0,0.0
MR,Mauritania,2006,wheat,225.0,225.0,0.0
MR,Mauritania,2007,maize,27.0,27.0,0.0
MR,Mauritania,2007,rice,129.0,0.0,0.0
MR,Mauritania,2007,wheat,346.0,346.0,0.0
MR,Mauritania,2008,maize,55.0,55.0,0.0
MR,Mauritania,2008,rice,169.0,0.0,0.0
MR,Mauritania,2008,wheat,360.0,360.0,0.0
MR,Mauritania,2009,maize,12.0,12.0,0.0
MR,Mauritania,2009,rice,132.0,0.0,0.0
MR,Mauritania,2009,wheat,378.0,378.0,0.0
MR,Mauritania,2010,maize,20.0,20.0,0.0
MR,Mauritania,2010,rice,135.0,0.0,0.0
MR,Mauritania,2010,wheat,300.0,300.0,0.0
MR,Mauritania,2011,maize,12.0,12.0,0.0
MR,Mauritania,2011,rice,182.0,0.0,0.0
MR,Mauritania,2011,wheat,420.0,420.0,0.0
MR,Mauritania,2012,maize,33.0,33.0,0.0
MR,Mauritania,2012,rice,179.0,0.0,0.0
MR,Mauritania,2012,wheat,429.0,429.0,0.0
MR,Mauritania,2013,maize,6.0,6.0,0.0
MR,Mauritania,2013,rice,247.0,0.0,0.0
MR,Mauritania,2013,wheat,414.0,414.0,0.0
MR,Mauritania,2014,maize,23.0,23.0,0.0
MR,Mauritania,2014,rice,277.0,0.0,0.0
MR,Mauritania,2014,wheat,475.0,475.0,0.0
MR,Mauritania,2015,maize,23.0,23.0,0.0
MR,Mauritania,2015,rice,270.0,0.0,0.0
MR,Mauritania,2015,wheat,510.0,510.0,0.0
MR,Mauritania,2016,maize,20.0,20.0,0.0
MR,Mauritania,2016,rice,270.0,0.0,0.0
MR,Mauritania,2016,wheat,490.0,490.0,0.0
MR,Mauritania,2017,maize,34.0,34.0,0.0
MR,Mauritania,2017,rice,270.0,0.0,0.0
MR,Mauritania,2017,wheat,650.0,650.0,0.0
MR,Mauritania,2018,maize,22.0,22.0,0.0
MR,Mauritania,2018,rice,270.0,0.0,0.0
MR,Mauritania,2018,wheat,570.0,570.0,0.0
MR,Mauritania,2019,maize,26.0,26.0,0.0
MR,Mauritania,2019,rice,270.0,0.0,0.0
MR,Mauritania,2019,wheat,650.0,650.0,0.0
MR,Mauritania,2020,maize,25.0,25.0,0.0
MR,Mauritania,2020,rice,280.0,0.0,0.0
MR,Mauritania,2020,wheat,600.0,600.0,0.0
MR,Mauritania,2021,maize,77.0,77.0,0.0
MR,Mauritania,2021,rice,295.0,0.0,0.0
MR,Mauritania,2021,wheat,680.0,680.0,0.0
MR,Mauritania,2022,maize,32.0,32.0,0.0
MR,Mauritania,2022,rice,295.0,0.0,0.0
MR,Mauritania,2022,wheat,600.0,600.0,0.0
MR,Mauritania,2023,maize,50.0,50.0,0.0
MR,Mauritania,2023,rice,320.0,0.0,0.0
MR,Mauritania,2023,wheat,700.0,700.0,0.0
MR,Mauritania,2024,maize,47.0,47.0,0.0
MR,Mauritania,2024,rice,335.0,0.0,0.0
MR,Mauritania,2024,wheat,850.0,850.0,0.0
MR,Mauritania,2025,maize,49.0,49.0,0.0
MR,Mauritania,2025,rice,350.0,0.0,0.0
MR,Mauritania,2025,wheat,850.0,850.0,0.0
MR,Mauritania,2026,maize,50.0,50.0,0.0
MR,Mauritania,2026,rice,355.0,0.0,0.0
MR,Mauritania,2026,wheat,850.0,850.0,0.0
MT,Malta,1960,maize,6.0,6.0,0.0
MT,Malta,1960,wheat,60.0,60.0,0.0
MT,Malta,1961,maize,15.0,15.0,0.0
MT,Malta,1961,wheat,55.0,55.0,0.0
MT,Malta,1962,maize,17.0,17.0,0.0
MT,Malta,1962,wheat,68.0,68.0,0.0
MT,Malta,1963,maize,10.0,10.0,0.0
MT,Malta,1963,wheat,60.0,60.0,0.0
MT,Malta,1964,maize,17.0,17.0,0.0
MT,Malta,1964,wheat,56.0,56.0,0.0
MT,Malta,1965,maize,20.0,20.0,0.0
MT,Malta,1965,wheat,68.0,68.0,0.0
MT,Malta,1966,maize,22.0,22.0,0.0
MT,Malta,1966,wheat,48.0,48.0,0.0
MT,Malta,1967,maize,21.0,21.0,0.0
MT,Malta,1967,wheat,48.0,48.0,0.0
MT,Malta,1968,maize,26.0,26.0,0.0
MT,Malta,1968,wheat,35.0,35.0,0.0
MT,Malta,1969,maize,15.0,15.0,0.0
MT,Malta,1969,wheat,51.0,51.0,0.0
MT,Malta,1970,maize,27.0,27.0,0.0
MT,Malta,1970,wheat,60.0,60.0,0.0
MT,Malta,1971,maize,32.0,32.0,0.0
MT,Malta,1971,wheat,60.0,60.0,0.0
MT,Malta,1972,maize,35.0,35.0,0.0
MT,Malta,1972,wheat,31.0,31.0,0.0
MT,Malta,1973,maize,35.0,35.0,0.0
MT,Malta,1973,wheat,48.0,48.0,0.0
MT,Malta,1974,maize,35.0,35.0,0.0
MT,Malta,1974,wheat,29.0,29.0,0.0
MT,Malta,1975,maize,35.0,35.0,0.0
MT,Malta,1975,wheat,42.0,42.0,0.0
MT,Malta,1976,maize,51.0,51.0,0.0
MT,Malta,1976,wheat,40.0,40.0,0.0
MT,Malta,1977,maize,56.0,56.0,0.0
MT,Malta,1977,wheat,57.0,57.0,0.0
MT,Malta,1978,maize,44.0,44.0,0.0
MT,Malta,1978,wheat,57.0,57.0,0.0
MT,Malta,1979,maize,25.0,25.0,0.0
MT,Malta,1979,wheat,60.0,60.0,0.0
MT,Malta,1980,maize,45.0,45.0,0.0
MT,Malta,1980,wheat,65.0,65.0,0.0
MT,Malta,1981,maize,40.0,40.0,0.0
MT,Malta,1981,wheat,70.0,70.0,0.0
MT,Malta,1982,maize,20.0,20.0,0.0
MT,Malta,1982,wheat,70.0,70.0,0.0
MT,Malta,1983,maize,20.0,20.0,0.0
MT,Malta,1983,wheat,40.0,43.0,0.0
MT,Malta,1984,maize,25.0,25.0,0.0
MT,Malta,1984,wheat,75.0,75.0,0.0
MT,Malta,1985,maize,80.0,80.0,0.0
MT,Malta,1985,wheat,61.0,61.0,0.0
MT,Malta,1986,maize,48.0,48.0,0.0
MT,Malta,1986,wheat,48.0,48.0,0.0
MT,Malta,1987,maize,44.0,44.0,0.0
MT,Malta,1987,wheat,65.0,65.0,0.0
MT,Malta,1988,maize,74.0,74.0,0.0
MT,Malta,1988,wheat,64.0,64.0,0.0
MT,Malta,1989,maize,56.0,56.0,0.0
MT,Malta,1989,wheat,66.0,66.0,0.0
MT,Malta,1990,maize,100.0,100.0,0.0
MT,Malta,1990,wheat,62.0,62.0,0.0
MT,Malta,1991,maize,27.0,27.0,0.0
MT,Malta,1991,wheat,21.0,21.0,0.0
MT,Malta,1992,maize,81.0,81.0,0.0
MT,Malta,1992,wheat,59.0,59.0,0.0
MT,Malta,1993,maize,35.0,35.0,0.0
MT,Malta,1993,wheat,50.0,50.0,0.0
MT,Malta,1994,maize,77.0,77.0,0.0
MT,Malta,1994,wheat,70.0,70.0,0.0
MT,Malta,1995,maize,120.0,120.0,0.0
MT,Malta,1995,wheat,54.0,54.0,0.0
MT,Malta,1996,maize,42.0,42.0,0.0
MT,Malta,1996,wheat,42.0,42.0,0.0
MT,Malta,1997,maize,23.0,23.0,0.0
MT,Malta,1997,wheat,48.0,48.0,0.0
MT,Malta,1998,maize,39.0,39.0,0.0
MT,Malta,1998,wheat,68.0,68.0,0.0
MU,Oman,1966,rice,0.0,0.0,0.0
MU,Oman,1967,rice,24.0,0.0,0.0
MU,Oman,1968,rice,24.0,0.0,0.0
MU,Oman,1969,rice,33.0,0.0,0.0
MU,Oman,1970,rice,11.0,0.0,0.0
MU,Oman,1971,rice,5.0,0.0,0.0
MU,Oman,1972,rice,8.0,0.0,0.0
MU,Oman,1973,rice,8.0,0.0,0.0
MU,Oman,1974,rice,28.0,0.0,0.0
MU,Oman,1975,rice,20.0,0.0,0.0
MU,Oman,1976,rice,30.0,0.0,0.0
MU,Oman,1977,rice,35.0,0.0,0.0
MU,Oman,1978,rice,21.0,0.0,0.0
MU,Oman,1979,rice,25.0,0.0,0.0
MU,Oman,1980,rice,45.0,0.0,0.0
MU,Oman,1981,rice,57.0,0.0,0.0
MU,Oman,1981,wheat,49.0,49.0,0.0
MU,Oman,1982,rice,50.0,0.0,0.0
MU,Oman,1982,wheat,102.0,102.0,0.0
MU,Oman,1983,rice,60.0,0.0,0.0
MU,Oman,1983,wheat,48.0,48.0,0.0
MU,Oman,1984,rice,76.0,0.0,0.0
MU,Oman,1984,wheat,103.0,103.0,0.0
MU,Oman,1985,rice,47.0,0.0,0.0
MU,Oman,1985,wheat,100.0,100.0,0.0
MU,Oman,1986,rice,81.0,0.0,0.0
MU,Oman,1986,wheat,115.0,115.0,0.0
MU,Oman,1987,rice,37.0,0.0,0.0
MU,Oman,1987,wheat,133.0,133.0,0.0
MU,Oman,1988,rice,47.0,0.0,0.0
MU,Oman,1988,wheat,128.0,128.0,0.0
MU,Oman,1989,rice,61.0,0.0,0.0
MU,Oman,1989,wheat,181.0,181.0,0.0
MU,Oman,1990,rice,40.0,0.0,0.0
MU,Oman,1990,wheat,166.0,166.0,0.0
MU,Oman,1991,rice,58.0,0.0,0.0
MU,Oman,1991,wheat,105.0,105.0,0.0
MU,Oman,1992,rice,58.0,0.0,0.0
MU,Oman,1992,wheat,187.0,187.0,0.0
MU,Oman,1993,rice,59.0,0.0,0.0
MU,Oman,1993,wheat,160.0,160.0,0.0
MU,Oman,1994,rice,79.0,0.0,0.0
MU,Oman,1994,wheat,179.0,179.0,0.0
MU,Oman,1995,rice,78.0,0.0,0.0
MU,Oman,1995,wheat,185.0,185.0,0.0
MU,Oman,1996,rice,73.0,0.0,0.0
MU,Oman,1996,wheat,183.0,183.0,0.0
MU,Oman,1997,rice,77.0,0.0,0.0
MU,Oman,1997,wheat,286.0,286.0,0.0
MU,Oman,1998,rice,91.0,0.0,0.0
MU,Oman,1998,wheat,227.0,227.0,0.0
MU,Oman,1999,rice,90.0,0.0,0.0
MU,Oman,1999,wheat,310.0,310.0,0.0
MU,Oman,2000,rice,110.0,0.0,0.0
MU,Oman,2000,wheat,230.0,220.0,10.0
MU,Oman,2001,rice,95.0,0.0,0.0
MU,Oman,2001,wheat,235.0,225.0,10.0
MU,Oman,2002,rice,95.0,0.0,0.0
MU,Oman,2002,wheat,240.0,230.0,10.0
MU,Oman,2003,rice,95.0,0.0,0.0
MU,Oman,2003,wheat,260.0,235.0,25.0
MU,Oman,2004,rice,95.0,0.0,0.0
MU,Oman,2004,wheat,250.0,240.0,10.0
MU,Oman,2005,rice,95.0,0.0,0.0
MU,Oman,2005,wheat,235.0,235.0,0.0
MU,Oman,2006,rice,100.0,0.0,0.0
MU,Oman,2006,wheat,255.0,245.0,10.0
MU,Oman,2007,rice,105.0,0.0,0.0
MU,Oman,2007,wheat,360.0,260.0,100.0
MU,Oman,2008,rice,110.0,0.0,0.0
MU,Oman,2008,wheat,320.0,270.0,50.0
MU,Oman,2009,rice,140.0,0.0,0.0
MU,Oman,2009,wheat,290.0,280.0,10.0
MU,Oman,2010,rice,180.0,0.0,0.0
MU,Oman,2010,wheat,440.0,290.0,150.0
MU,Oman,2011,rice,200.0,0.0,0.0
MU,Oman,2011,wheat,450.0,300.0,150.0
MU,Oman,2012,rice,260.0,0.0,0.0
MU,Oman,2012,wheat,475.0,325.0,150.0
MU,Oman,2013,rice,300.0,0.0,0.0
MU,Oman,2013,wheat,522.0,372.0,150.0
MU,Oman,2014,rice,310.0,0.0,0.0
MU,Oman,2014,wheat,605.0,425.0,180.0
MU,Oman,2015,rice,300.0,0.0,0.0
MU,Oman,2015,wheat,675.0,450.0,225.0
MU,Oman,2016,maize,280.0,10.0,270.0
MU,Oman,2016,rice,280.0,0.0,0.0
MU,Oman,2016,wheat,660.0,450.0,210.0
MU,Oman,2017,maize,120.0,10.0,110.0
MU,Oman,2017,rice,270.0,0.0,0.0
MU,Oman,2017,wheat,640.0,460.0,180.0
MU,Oman,2018,maize,240.0,10.0,230.0
MU,Oman,2018,rice,250.0,0.0,0.0
MU,Oman,2018,wheat,650.0,470.0,180.0
MU,Oman,2019,maize,350.0,10.0,340.0
MU,Oman,2019,rice,250.0,0.0,0.0
MU,Oman,2019,wheat,650.0,470.0,180.0
MU,Oman,2020,maize,440.0,10.0,430.0
MU,Oman,2020,rice,225.0,0.0,0.0
MU,Oman,2020,wheat,630.0,480.0,150.0
MU,Oman,2021,maize,200.0,10.0,190.0
MU,Oman,2021,rice,245.0,0.0,0.0
MU,Oman,2021,wheat,630.0,490.0,140.0
MU,Oman,2022,maize,245.0,10.0,235.0
MU,Oman,2022,rice,270.0,0.0,0.0
MU,Oman,2022,wheat,660.0,510.0,150.0
MU,Oman,2023,maize,642.0,10.0,632.0
MU,Oman,2023,rice,300.0,0.0,0.0
MU,Oman,2023,wheat,690.0,530.0,160.0
MU,Oman,2024,maize,285.0,10.0,275.0
MU,Oman,2024,rice,330.0,0.0,0.0
MU,Oman,2024,wheat,750.0,580.0,170.0
MU,Oman,2025,maize,360.0,10.0,350.0
MU,Oman,2025,rice,360.0,0.0,0.0
MU,Oman,2025,wheat,790.0,620.0,170.0
MU,Oman,2026,maize,380.0,10.0,370.0
MU,Oman,2026,rice,370.0,0.0,0.0
MU,Oman,2026,wheat,830.0,650.0,180.0
MX,Mexico,1960,maize,5399.0,5381.0,18.0
MX,Mexico,1960,rice,216.0,0.0,0.0
MX,Mexico,1960,wheat,1253.0,1220.0,33.0
MX,Mexico,1961,maize,5497.0,5478.0,19.0
MX,Mexico,1961,rice,159.0,0.0,0.0
MX,Mexico,1961,wheat,1305.0,1271.0,34.0
MX,Mexico,1962,maize,5700.0,5681.0,19.0
MX,Mexico,1962,rice,195.0,0.0,0.0
MX,Mexico,1962,wheat,1435.0,1398.0,37.0
MX,Mexico,1963,maize,6000.0,5980.0,20.0
MX,Mexico,1963,rice,197.0,0.0,0.0
MX,Mexico,1963,wheat,1469.0,1431.0,38.0
MX,Mexico,1964,maize,6500.0,6478.0,22.0
MX,Mexico,1964,rice,200.0,0.0,0.0
MX,Mexico,1964,wheat,1553.0,1516.0,37.0
MX,Mexico,1965,maize,7010.0,6986.0,24.0
MX,Mexico,1965,rice,264.0,0.0,0.0
MX,Mexico,1965,wheat,1600.0,1565.0,35.0
MX,Mexico,1966,maize,7410.0,7385.0,25.0
MX,Mexico,1966,rice,248.0,0.0,0.0
MX,Mexico,1966,wheat,1650.0,1610.0,40.0
MX,Mexico,1967,maize,7520.0,7494.0,26.0
MX,Mexico,1967,rice,232.0,0.0,0.0
MX,Mexico,1967,wheat,1750.0,1710.0,40.0
MX,Mexico,1968,maize,7810.0,7784.0,26.0
MX,Mexico,1968,rice,236.0,0.0,0.0
MX,Mexico,1968,wheat,1800.0,1760.0,40.0
MX,Mexico,1969,maize,7300.0,7275.0,25.0
MX,Mexico,1969,rice,303.0,0.0,0.0
MX,Mexico,1969,wheat,1850.0,1810.0,40.0
MX,Mexico,1970,maize,8300.0,8240.0,60.0
MX,Mexico,1970,rice,263.0,0.0,0.0
MX,Mexico,1970,wheat,2100.0,2050.0,50.0
MX,Mexico,1971,maize,9092.0,8767.0,325.0
MX,Mexico,1971,rice,270.0,0.0,0.0
MX,Mexico,1971,wheat,2342.0,2217.0,125.0
MX,Mexico,1972,maize,9254.0,8754.0,500.0
MX,Mexico,1972,rice,294.0,0.0,0.0
MX,Mexico,1972,wheat,2390.0,2201.0,189.0
MX,Mexico,1973,maize,9800.0,9350.0,450.0
MX,Mexico,1973,rice,307.0,0.0,0.0
MX,Mexico,1973,wheat,2729.0,2579.0,150.0
MX,Mexico,1974,maize,9980.0,9550.0,430.0
MX,Mexico,1974,rice,325.0,0.0,0.0
MX,Mexico,1974,wheat,2873.0,2740.0,133.0
MX,Mexico,1975,maize,10570.0,10160.0,410.0
MX,Mexico,1975,rice,355.0,0.0,0.0
MX,Mexico,1975,wheat,2990.0,2870.0,120.0
MX,Mexico,1976,maize,10980.0,10480.0,500.0
MX,Mexico,1976,rice,329.0,0.0,0.0
MX,Mexico,1976,wheat,3180.0,2980.0,200.0
MX,Mexico,1977,maize,11300.0,10800.0,500.0
MX,Mexico,1977,rice,351.0,0.0,0.0
MX,Mexico,1977,wheat,3155.0,3050.0,105.0
MX,Mexico,1978,maize,11400.0,11100.0,300.0
MX,Mexico,1978,rice,360.0,0.0,0.0
MX,Mexico,1978,wheat,3400.0,3150.0,250.0
MX,Mexico,1979,maize,12700.0,11500.0,1200.0
MX,Mexico,1979,rice,380.0,0.0,0.0
MX,Mexico,1979,wheat,3400.0,3250.0,150.0
MX,Mexico,1980,maize,12800.0,11900.0,900.0
MX,Mexico,1980,rice,370.0,0.0,0.0
MX,Mexico,1980,wheat,3500.0,3400.0,100.0
MX,Mexico,1981,maize,13518.0,12518.0,1000.0
MX,Mexico,1981,rice,380.0,0.0,0.0
MX,Mexico,1981,wheat,4000.0,3300.0,700.0
MX,Mexico,1982,maize,12300.0,11300.0,1000.0
MX,Mexico,1982,rice,390.0,0.0,0.0
MX,Mexico,1982,wheat,4093.0,3493.0,600.0
MX,Mexico,1983,maize,11600.0,11400.0,200.0
MX,Mexico,1983,rice,410.0,0.0,0.0
MX,Mexico,1983,wheat,4100.0,3500.0,600.0
MX,Mexico,1984,maize,11800.0,11600.0,200.0
MX,Mexico,1984,rice,425.0,0.0,0.0
MX,Mexico,1984,wheat,4350.0,3550.0,800.0
MX,Mexico,1985,maize,11986.0,11800.0,186.0
MX,Mexico,1985,rice,436.0,0.0,0.0
MX,Mexico,1985,wheat,4640.0,3548.0,1092.0
MX,Mexico,1986,maize,13106.0,12606.0,500.0
MX,Mexico,1986,rice,445.0,0.0,0.0
MX,Mexico,1986,wheat,5112.0,3762.0,1350.0
MX,Mexico,1987,maize,13024.0,12674.0,350.0
MX,Mexico,1987,rice,440.0,0.0,0.0
MX,Mexico,1987,wheat,4272.0,3622.0,650.0
MX,Mexico,1988,maize,13447.0,13097.0,350.0
MX,Mexico,1988,rice,430.0,0.0,0.0
MX,Mexico,1988,wheat,4103.0,3565.0,538.0
MX,Mexico,1989,maize,13989.0,13139.0,850.0
MX,Mexico,1989,rice,446.0,0.0,0.0
MX,Mexico,1989,wheat,4152.0,3722.0,430.0
MX,Mexico,1990,maize,15239.0,13539.0,1700.0
MX,Mexico,1990,rice,440.0,0.0,0.0
MX,Mexico,1990,wheat,4454.0,3854.0,600.0
MX,Mexico,1991,maize,16451.0,13901.0,2550.0
MX,Mexico,1991,rice,460.0,0.0,0.0
MX,Mexico,1991,wheat,4622.0,4422.0,200.0
MX,Mexico,1992,maize,18461.0,14886.0,3575.0
MX,Mexico,1992,rice,480.0,0.0,0.0
MX,Mexico,1992,wheat,4888.0,4488.0,400.0
MX,Mexico,1993,maize,20500.0,15000.0,5500.0
MX,Mexico,1993,rice,485.0,0.0,0.0
MX,Mexico,1993,wheat,5398.0,4839.0,559.0
MX,Mexico,1994,maize,20250.0,14850.0,5400.0
MX,Mexico,1994,rice,500.0,0.0,0.0
MX,Mexico,1994,wheat,5265.0,4915.0,350.0
MX,Mexico,1995,maize,23200.0,15100.0,8100.0
MX,Mexico,1995,rice,525.0,0.0,0.0
MX,Mexico,1995,wheat,4707.0,4507.0,200.0
MX,Mexico,1996,maize,22090.0,15000.0,7090.0
MX,Mexico,1996,rice,545.0,0.0,0.0
MX,Mexico,1996,wheat,4815.0,4615.0,200.0
MX,Mexico,1997,maize,22000.0,14850.0,7150.0
MX,Mexico,1997,rice,585.0,0.0,0.0
MX,Mexico,1997,wheat,5181.0,4881.0,300.0
MX,Mexico,1998,maize,23040.0,15530.0,7510.0
MX,Mexico,1998,rice,604.0,0.0,0.0
MX,Mexico,1998,wheat,5409.0,5209.0,200.0
MX,Mexico,1999,maize,23660.0,15400.0,8260.0
MX,Mexico,1999,rice,621.0,0.0,0.0
MX,Mexico,1999,wheat,5378.0,5178.0,200.0
MX,Mexico,2000,maize,24000.0,15200.0,8800.0
MX,Mexico,2000,rice,650.0,0.0,0.0
MX,Mexico,2000,wheat,5580.0,5380.0,200.0
MX,Mexico,2001,maize,23600.0,15200.0,8400.0
MX,Mexico,2001,rice,675.0,0.0,0.0
MX,Mexico,2001,wheat,5818.0,5618.0,200.0
MX,Mexico,2002,maize,24700.0,15200.0,9500.0
MX,Mexico,2002,rice,700.0,0.0,0.0
MX,Mexico,2002,wheat,5900.0,5700.0,200.0
MX,Mexico,2003,maize,26400.0,15200.0,11200.0
MX,Mexico,2003,rice,725.0,0.0,0.0
MX,Mexico,2003,wheat,5900.0,5800.0,100.0
MX,Mexico,2004,maize,27900.0,15300.0,12600.0
MX,Mexico,2004,rice,750.0,0.0,0.0
MX,Mexico,2004,wheat,6000.0,5900.0,100.0
MX,Mexico,2005,maize,27900.0,15500.0,12400.0
MX,Mexico,2005,rice,775.0,0.0,0.0
MX,Mexico,2005,wheat,6100.0,6000.0,100.0
MX,Mexico,2006,maize,30700.0,15600.0,15100.0
MX,Mexico,2006,rice,794.0,0.0,0.0
MX,Mexico,2006,wheat,6200.0,6100.0,100.0
MX,Mexico,2007,maize,32000.0,15800.0,16200.0
MX,Mexico,2007,rice,725.0,0.0,0.0
MX,Mexico,2007,wheat,5500.0,5400.0,100.0
MX,Mexico,2008,maize,32400.0,16000.0,16400.0
MX,Mexico,2008,rice,766.0,0.0,0.0
MX,Mexico,2008,wheat,6000.0,5800.0,200.0
MX,Mexico,2009,maize,30200.0,16000.0,14200.0
MX,Mexico,2009,rice,801.0,0.0,0.0
MX,Mexico,2009,wheat,6300.0,5800.0,500.0
MX,Mexico,2010,maize,29500.0,15800.0,13700.0
MX,Mexico,2010,rice,781.0,0.0,0.0
MX,Mexico,2010,wheat,6450.0,5700.0,750.0
MX,Mexico,2011,maize,29000.0,15800.0,13200.0
MX,Mexico,2011,rice,826.0,0.0,0.0
MX,Mexico,2011,wheat,7600.0,6100.0,1500.0
MX,Mexico,2012,maize,27000.0,17000.0,10000.0
MX,Mexico,2012,rice,845.0,0.0,0.0
MX,Mexico,2012,wheat,6625.0,6200.0,425.0
MX,Mexico,2013,maize,31700.0,17800.0,13900.0
MX,Mexico,2013,rice,861.0,0.0,0.0
MX,Mexico,2013,wheat,6650.0,6300.0,350.0
MX,Mexico,2014,maize,34600.0,18500.0,16100.0
MX,Mexico,2014,rice,870.0,0.0,0.0
MX,Mexico,2014,wheat,6850.0,6450.0,400.0
MX,Mexico,2015,maize,37000.0,18600.0,18400.0
MX,Mexico,2015,rice,880.0,0.0,0.0
MX,Mexico,2015,wheat,7000.0,6600.0,400.0
MX,Mexico,2016,maize,40600.0,19800.0,20800.0
MX,Mexico,2016,rice,900.0,0.0,0.0
MX,Mexico,2016,wheat,7900.0,7200.0,700.0
MX,Mexico,2017,maize,42500.0,20100.0,22400.0
MX,Mexico,2017,rice,915.0,0.0,0.0
MX,Mexico,2017,wheat,7700.0,7300.0,400.0
MX,Mexico,2018,maize,43500.0,20500.0,23000.0
MX,Mexico,2018,rice,930.0,0.0,0.0
MX,Mexico,2018,wheat,7300.0,7000.0,300.0
MX,Mexico,2019,maize,43800.0,20600.0,23200.0
MX,Mexico,2019,rice,940.0,0.0,0.0
MX,Mexico,2019,wheat,7200.0,6800.0,400.0
MX,Mexico,2020,maize,44200.0,20900.0,23300.0
MX,Mexico,2020,rice,960.0,0.0,0.0
MX,Mexico,2020,wheat,7300.0,7000.0,300.0
MX,Mexico,2021,maize,44300.0,20900.0,23400.0
MX,Mexico,2021,rice,970.0,0.0,0.0
MX,Mexico,2021,wheat,7900.0,7500.0,400.0
MX,Mexico,2022,maize,45600.0,21000.0,24600.0
MX,Mexico,2022,rice,975.0,0.0,0.0
MX,Mexico,2022,wheat,7700.0,7200.0,500.0
MX,Mexico,2023,maize,47000.0,21300.0,25700.0
MX,Mexico,2023,rice,990.0,0.0,0.0
MX,Mexico,2023,wheat,8000.0,7300.0,700.0
MX,Mexico,2024,maize,49100.0,21600.0,27500.0
MX,Mexico,2024,rice,1000.0,0.0,0.0
MX,Mexico,2024,wheat,8050.0,7400.0,650.0
MX,Mexico,2025,maize,51300.0,21800.0,29500.0
MX,Mexico,2025,rice,1010.0,0.0,0.0
MX,Mexico,2025,wheat,7650.0,7400.0,250.0
MX,Mexico,2026,maize,53400.0,22200.0,31200.0
MX,Mexico,2026,rice,1020.0,0.0,0.0
MX,Mexico,2026,wheat,7750.0,7500.0,250.0
MY,Malaysia,1960,maize,127.0,61.0,66.0
MY,Malaysia,1960,rice,1200.0,0.0,0.0
MY,Malaysia,1960,wheat,280.0,280.0,0.0
MY,Malaysia,1961,maize,168.0,81.0,87.0
MY,Malaysia,1961,rice,1062.0,0.0,0.0
MY,Malaysia,1961,wheat,265.0,265.0,0.0
MY,Malaysia,1962,maize,163.0,78.0,85.0
MY,Malaysia,1962,rice,1140.0,0.0,0.0
MY,Malaysia,1962,wheat,273.0,273.0,0.0
MY,Malaysia,1963,maize,103.0,49.0,54.0
MY,Malaysia,1963,rice,1139.0,0.0,0.0
MY,Malaysia,1963,wheat,316.0,316.0,0.0
MY,Malaysia,1964,maize,51.0,24.0,27.0
MY,Malaysia,1964,rice,1205.0,0.0,0.0
MY,Malaysia,1964,wheat,249.0,249.0,0.0
MY,Malaysia,1965,maize,61.0,29.0,32.0
MY,Malaysia,1965,rice,1280.0,0.0,0.0
MY,Malaysia,1965,wheat,218.0,218.0,0.0
MY,Malaysia,1966,maize,71.0,34.0,37.0
MY,Malaysia,1966,rice,1268.0,0.0,0.0
MY,Malaysia,1966,wheat,320.0,320.0,0.0
MY,Malaysia,1967,maize,77.0,37.0,40.0
MY,Malaysia,1967,rice,1094.0,0.0,0.0
MY,Malaysia,1967,wheat,338.0,338.0,0.0
MY,Malaysia,1968,maize,109.0,52.0,57.0
MY,Malaysia,1968,rice,1190.0,0.0,0.0
MY,Malaysia,1968,wheat,270.0,270.0,0.0
MY,Malaysia,1969,maize,132.0,63.0,69.0
MY,Malaysia,1969,rice,1275.0,0.0,0.0
MY,Malaysia,1969,wheat,367.0,367.0,0.0
MY,Malaysia,1970,maize,166.0,120.0,46.0
MY,Malaysia,1970,rice,1345.0,0.0,0.0
MY,Malaysia,1970,wheat,305.0,305.0,0.0
MY,Malaysia,1971,maize,203.0,122.0,81.0
MY,Malaysia,1971,rice,1462.0,0.0,0.0
MY,Malaysia,1971,wheat,318.0,318.0,0.0
MY,Malaysia,1972,maize,231.0,153.0,78.0
MY,Malaysia,1972,rice,1538.0,0.0,0.0
MY,Malaysia,1972,wheat,366.0,366.0,0.0
MY,Malaysia,1973,maize,216.0,146.0,70.0
MY,Malaysia,1973,rice,1547.0,0.0,0.0
MY,Malaysia,1973,wheat,370.0,370.0,0.0
MY,Malaysia,1974,maize,222.0,148.0,74.0
MY,Malaysia,1974,rice,1565.0,0.0,0.0
MY,Malaysia,1974,wheat,360.0,360.0,0.0
MY,Malaysia,1975,maize,313.0,30.0,283.0
MY,Malaysia,1975,rice,1561.0,0.0,0.0
MY,Malaysia,1975,wheat,350.0,350.0,0.0
MY,Malaysia,1976,maize,293.0,25.0,268.0
MY,Malaysia,1976,rice,1470.0,0.0,0.0
MY,Malaysia,1976,wheat,396.0,367.0,29.0
MY,Malaysia,1977,maize,396.0,25.0,371.0
MY,Malaysia,1977,rice,1453.0,0.0,0.0
MY,Malaysia,1977,wheat,423.0,385.0,38.0
MY,Malaysia,1978,maize,573.0,22.0,551.0
MY,Malaysia,1978,rice,1300.0,0.0,0.0
MY,Malaysia,1978,wheat,426.0,380.0,46.0
MY,Malaysia,1979,maize,638.0,22.0,616.0
MY,Malaysia,1979,rice,1494.0,0.0,0.0
MY,Malaysia,1979,wheat,410.0,390.0,20.0
MY,Malaysia,1980,maize,736.0,24.0,712.0
MY,Malaysia,1980,rice,1500.0,0.0,0.0
MY,Malaysia,1980,wheat,420.0,400.0,20.0
MY,Malaysia,1981,maize,819.0,23.0,796.0
MY,Malaysia,1981,rice,1470.0,0.0,0.0
MY,Malaysia,1981,wheat,490.0,470.0,20.0
MY,Malaysia,1982,maize,924.0,24.0,900.0
MY,Malaysia,1982,rice,1450.0,0.0,0.0
MY,Malaysia,1982,wheat,525.0,495.0,30.0
MY,Malaysia,1983,maize,1007.0,37.0,970.0
MY,Malaysia,1983,rice,1519.0,0.0,0.0
MY,Malaysia,1983,wheat,580.0,535.0,45.0
MY,Malaysia,1984,maize,1153.0,30.0,1123.0
MY,Malaysia,1984,rice,1586.0,0.0,0.0
MY,Malaysia,1984,wheat,609.0,564.0,45.0
MY,Malaysia,1985,maize,1210.0,30.0,1180.0
MY,Malaysia,1985,rice,1520.0,0.0,0.0
MY,Malaysia,1985,wheat,590.0,550.0,40.0
MY,Malaysia,1986,maize,1290.0,35.0,1255.0
MY,Malaysia,1986,rice,1512.0,0.0,0.0
MY,Malaysia,1986,wheat,580.0,540.0,40.0
MY,Malaysia,1987,maize,1256.0,0.0,1256.0
MY,Malaysia,1987,rice,1347.0,0.0,0.0
MY,Malaysia,1987,wheat,615.0,565.0,50.0
MY,Malaysia,1988,maize,1254.0,60.0,1194.0
MY,Malaysia,1988,rice,1437.0,0.0,0.0
MY,Malaysia,1988,wheat,640.0,610.0,30.0
MY,Malaysia,1989,maize,1294.0,44.0,1250.0
MY,Malaysia,1989,rice,1510.0,0.0,0.0
MY,Malaysia,1989,wheat,682.0,652.0,30.0
MY,Malaysia,1990,maize,1415.0,65.0,1350.0
MY,Malaysia,1990,rice,1490.0,0.0,0.0
MY,Malaysia,1990,wheat,920.0,720.0,200.0
MY,Malaysia,1991,maize,1769.0,119.0,1650.0
MY,Malaysia,1991,rice,1527.0,0.0,0.0
MY,Malaysia,1991,wheat,1027.0,897.0,130.0
MY,Malaysia,1992,maize,1984.0,134.0,1850.0
MY,Malaysia,1992,rice,1585.0,0.0,0.0
MY,Malaysia,1992,wheat,975.0,845.0,130.0
MY,Malaysia,1993,maize,1990.0,140.0,1850.0
MY,Malaysia,1993,rice,1650.0,0.0,0.0
MY,Malaysia,1993,wheat,942.0,832.0,110.0
MY,Malaysia,1994,maize,2212.0,162.0,2050.0
MY,Malaysia,1994,rice,1709.0,0.0,0.0
MY,Malaysia,1994,wheat,953.0,893.0,60.0
MY,Malaysia,1995,maize,2352.0,152.0,2200.0
MY,Malaysia,1995,rice,1715.0,0.0,0.0
MY,Malaysia,1995,wheat,913.0,863.0,50.0
MY,Malaysia,1996,maize,2362.0,162.0,2200.0
MY,Malaysia,1996,rice,1705.0,0.0,0.0
MY,Malaysia,1996,wheat,1028.0,978.0,50.0
MY,Malaysia,1997,maize,2370.0,170.0,2200.0
MY,Malaysia,1997,rice,1837.0,0.0,0.0
MY,Malaysia,1997,wheat,989.0,939.0,50.0
MY,Malaysia,1998,maize,2425.0,187.0,2238.0
MY,Malaysia,1998,rice,1940.0,0.0,0.0
MY,Malaysia,1998,wheat,1030.0,980.0,50.0
MY,Malaysia,1999,maize,2353.0,199.0,2154.0
MY,Malaysia,1999,rice,1957.0,0.0,0.0
MY,Malaysia,1999,wheat,1140.0,1090.0,50.0
MY,Malaysia,2000,maize,2420.0,70.0,2350.0
MY,Malaysia,2000,rice,1946.0,0.0,0.0
MY,Malaysia,2000,wheat,1125.0,1075.0,50.0
MY,Malaysia,2001,maize,2440.0,100.0,2340.0
MY,Malaysia,2001,rice,2010.0,0.0,0.0
MY,Malaysia,2001,wheat,1113.0,1063.0,50.0
MY,Malaysia,2002,maize,2250.0,100.0,2150.0
MY,Malaysia,2002,rice,2020.0,0.0,0.0
MY,Malaysia,2002,wheat,1026.0,976.0,50.0
MY,Malaysia,2003,maize,2300.0,100.0,2200.0
MY,Malaysia,2003,rice,2030.0,0.0,0.0
MY,Malaysia,2003,wheat,1100.0,1050.0,50.0
MY,Malaysia,2004,maize,2450.0,150.0,2300.0
MY,Malaysia,2004,rice,2050.0,0.0,0.0
MY,Malaysia,2004,wheat,1150.0,1100.0,50.0
MY,Malaysia,2005,maize,2550.0,150.0,2400.0
MY,Malaysia,2005,rice,2150.0,0.0,0.0
MY,Malaysia,2005,wheat,1150.0,1100.0,50.0
MY,Malaysia,2006,maize,2450.0,150.0,2300.0
MY,Malaysia,2006,rice,2166.0,0.0,0.0
MY,Malaysia,2006,wheat,1150.0,1100.0,50.0
MY,Malaysia,2007,maize,2700.0,200.0,2500.0
MY,Malaysia,2007,rice,2350.0,0.0,0.0
MY,Malaysia,2007,wheat,1185.0,1125.0,60.0
MY,Malaysia,2008,maize,2800.0,200.0,2600.0
MY,Malaysia,2008,rice,2500.0,0.0,0.0
MY,Malaysia,2008,wheat,1170.0,1150.0,20.0
MY,Malaysia,2009,maize,3100.0,200.0,2900.0
MY,Malaysia,2009,rice,2545.0,0.0,0.0
MY,Malaysia,2009,wheat,1190.0,1150.0,40.0
MY,Malaysia,2010,maize,3100.0,200.0,2900.0
MY,Malaysia,2010,rice,2690.0,0.0,0.0
MY,Malaysia,2010,wheat,1375.0,1300.0,75.0
MY,Malaysia,2011,maize,3300.0,200.0,3100.0
MY,Malaysia,2011,rice,2710.0,0.0,0.0
MY,Malaysia,2011,wheat,1350.0,1300.0,50.0
MY,Malaysia,2012,maize,3300.0,200.0,3100.0
MY,Malaysia,2012,rice,2715.0,0.0,0.0
MY,Malaysia,2012,wheat,1420.0,1380.0,40.0
MY,Malaysia,2013,maize,3400.0,200.0,3200.0
MY,Malaysia,2013,rice,2725.0,0.0,0.0
MY,Malaysia,2013,wheat,1455.0,1415.0,40.0
MY,Malaysia,2014,maize,3400.0,200.0,3200.0
MY,Malaysia,2014,rice,2750.0,0.0,0.0
MY,Malaysia,2014,wheat,1475.0,1435.0,40.0
MY,Malaysia,2015,maize,3700.0,300.0,3400.0
MY,Malaysia,2015,rice,2700.0,0.0,0.0
MY,Malaysia,2015,wheat,1490.0,1450.0,40.0
MY,Malaysia,2016,maize,3850.0,250.0,3600.0
MY,Malaysia,2016,rice,2750.0,0.0,0.0
MY,Malaysia,2016,wheat,1540.0,1500.0,40.0
MY,Malaysia,2017,maize,3850.0,250.0,3600.0
MY,Malaysia,2017,rice,2750.0,0.0,0.0
MY,Malaysia,2017,wheat,1590.0,1550.0,40.0
MY,Malaysia,2018,maize,3750.0,250.0,3500.0
MY,Malaysia,2018,rice,2750.0,0.0,0.0
MY,Malaysia,2018,wheat,1640.0,1600.0,40.0
MY,Malaysia,2019,maize,3750.0,250.0,3500.0
MY,Malaysia,2019,rice,2900.0,0.0,0.0
MY,Malaysia,2019,wheat,1665.0,1625.0,40.0
MY,Malaysia,2020,maize,3700.0,250.0,3450.0
MY,Malaysia,2020,rice,2925.0,0.0,0.0
MY,Malaysia,2020,wheat,1690.0,1650.0,40.0
MY,Malaysia,2021,maize,3650.0,250.0,3400.0
MY,Malaysia,2021,rice,2950.0,0.0,0.0
MY,Malaysia,2021,wheat,1765.0,1725.0,40.0
MY,Malaysia,2022,maize,3450.0,250.0,3200.0
MY,Malaysia,2022,rice,2975.0,0.0,0.0
MY,Malaysia,2022,wheat,1800.0,1750.0,50.0
MY,Malaysia,2023,maize,3800.0,250.0,3550.0
MY,Malaysia,2023,rice,3000.0,0.0,0.0
MY,Malaysia,2023,wheat,1810.0,1760.0,50.0
MY,Malaysia,2024,maize,4000.0,350.0,3650.0
MY,Malaysia,2024,rice,3050.0,0.0,0.0
MY,Malaysia,2024,wheat,1855.0,1805.0,50.0
MY,Malaysia,2025,maize,4200.0,350.0,3850.0
MY,Malaysia,2025,rice,3075.0,0.0,0.0
MY,Malaysia,2025,wheat,1900.0,1850.0,50.0
MY,Malaysia,2026,maize,4250.0,350.0,3900.0
MY,Malaysia,2026,rice,3100.0,0.0,0.0
MY,Malaysia,2026,wheat,1950.0,1900.0,50.0
MZ,Mozambique,1960,rice,77.0,0.0,0.0
MZ,Mozambique,1960,wheat,30.0,30.0,0.0
MZ,Mozambique,1961,maize,414.0,414.0,0.0
MZ,Mozambique,1961,rice,78.0,0.0,0.0
MZ,Mozambique,1961,wheat,55.0,55.0,0.0
MZ,Mozambique,1962,maize,420.0,420.0,0.0
MZ,Mozambique,1962,rice,85.0,0.0,0.0
MZ,Mozambique,1962,wheat,42.0,42.0,0.0
MZ,Mozambique,1963,maize,436.0,436.0,0.0
MZ,Mozambique,1963,rice,89.0,0.0,0.0
MZ,Mozambique,1963,wheat,64.0,64.0,0.0
MZ,Mozambique,1964,maize,463.0,463.0,0.0
MZ,Mozambique,1964,rice,93.0,0.0,0.0
MZ,Mozambique,1964,wheat,33.0,33.0,0.0
MZ,Mozambique,1965,maize,398.0,398.0,0.0
MZ,Mozambique,1965,rice,95.0,0.0,0.0
MZ,Mozambique,1965,wheat,72.0,72.0,0.0
MZ,Mozambique,1966,maize,454.0,454.0,0.0
MZ,Mozambique,1966,rice,99.0,0.0,0.0
MZ,Mozambique,1966,wheat,89.0,89.0,0.0
MZ,Mozambique,1967,maize,430.0,430.0,0.0
MZ,Mozambique,1967,rice,109.0,0.0,0.0
MZ,Mozambique,1967,wheat,65.0,65.0,0.0
MZ,Mozambique,1968,maize,322.0,322.0,0.0
MZ,Mozambique,1968,rice,59.0,0.0,0.0
MZ,Mozambique,1968,wheat,82.0,82.0,0.0
MZ,Mozambique,1969,maize,349.0,349.0,0.0
MZ,Mozambique,1969,rice,67.0,0.0,0.0
MZ,Mozambique,1969,wheat,88.0,88.0,0.0
MZ,Mozambique,1970,maize,345.0,345.0,0.0
MZ,Mozambique,1970,rice,78.0,0.0,0.0
MZ,Mozambique,1970,wheat,95.0,95.0,0.0
MZ,Mozambique,1971,maize,578.0,578.0,0.0
MZ,Mozambique,1971,rice,79.0,0.0,0.0
MZ,Mozambique,1971,wheat,85.0,85.0,0.0
MZ,Mozambique,1972,maize,430.0,430.0,0.0
MZ,Mozambique,1972,rice,78.0,0.0,0.0
MZ,Mozambique,1972,wheat,103.0,103.0,0.0
MZ,Mozambique,1973,maize,330.0,330.0,0.0
MZ,Mozambique,1973,rice,79.0,0.0,0.0
MZ,Mozambique,1973,wheat,109.0,109.0,0.0
MZ,Mozambique,1974,maize,430.0,430.0,0.0
MZ,Mozambique,1974,rice,67.0,0.0,0.0
MZ,Mozambique,1974,wheat,77.0,77.0,0.0
MZ,Mozambique,1975,maize,380.0,380.0,0.0
MZ,Mozambique,1975,rice,105.0,0.0,0.0
MZ,Mozambique,1975,wheat,84.0,84.0,0.0
MZ,Mozambique,1976,maize,275.0,275.0,0.0
MZ,Mozambique,1976,rice,82.0,0.0,0.0
MZ,Mozambique,1976,wheat,125.0,125.0,0.0
MZ,Mozambique,1977,maize,400.0,400.0,0.0
MZ,Mozambique,1977,rice,130.0,0.0,0.0
MZ,Mozambique,1977,wheat,108.0,108.0,0.0
MZ,Mozambique,1978,maize,470.0,470.0,0.0
MZ,Mozambique,1978,rice,112.0,0.0,0.0
MZ,Mozambique,1978,wheat,108.0,108.0,0.0
MZ,Mozambique,1979,maize,395.0,395.0,0.0
MZ,Mozambique,1979,rice,113.0,0.0,0.0
MZ,Mozambique,1979,wheat,183.0,183.0,0.0
MZ,Mozambique,1980,maize,320.0,320.0,0.0
MZ,Mozambique,1980,rice,118.0,0.0,0.0
MZ,Mozambique,1980,wheat,193.0,193.0,0.0
MZ,Mozambique,1981,maize,360.0,360.0,0.0
MZ,Mozambique,1981,rice,77.0,0.0,0.0
MZ,Mozambique,1981,wheat,143.0,143.0,0.0
MZ,Mozambique,1982,maize,450.0,450.0,0.0
MZ,Mozambique,1982,rice,97.0,0.0,0.0
MZ,Mozambique,1982,wheat,128.0,128.0,0.0
MZ,Mozambique,1983,maize,500.0,500.0,0.0
MZ,Mozambique,1983,rice,71.0,0.0,0.0
MZ,Mozambique,1983,wheat,189.0,189.0,0.0
MZ,Mozambique,1984,maize,460.0,460.0,0.0
MZ,Mozambique,1984,rice,90.0,0.0,0.0
MZ,Mozambique,1984,wheat,128.0,128.0,0.0
MZ,Mozambique,1985,maize,550.0,550.0,0.0
MZ,Mozambique,1985,rice,88.0,0.0,0.0
MZ,Mozambique,1985,wheat,63.0,63.0,0.0
MZ,Mozambique,1986,maize,521.0,521.0,0.0
MZ,Mozambique,1986,rice,102.0,0.0,0.0
MZ,Mozambique,1986,wheat,138.0,138.0,0.0
MZ,Mozambique,1987,maize,685.0,685.0,0.0
MZ,Mozambique,1987,rice,94.0,0.0,0.0
MZ,Mozambique,1987,wheat,166.0,166.0,0.0
MZ,Mozambique,1988,maize,655.0,655.0,0.0
MZ,Mozambique,1988,rice,82.0,0.0,0.0
MZ,Mozambique,1988,wheat,123.0,123.0,0.0
MZ,Mozambique,1989,maize,726.0,726.0,0.0
MZ,Mozambique,1989,rice,73.0,0.0,0.0
MZ,Mozambique,1989,wheat,114.0,114.0,0.0
MZ,Mozambique,1990,maize,599.0,599.0,0.0
MZ,Mozambique,1990,rice,86.0,0.0,0.0
MZ,Mozambique,1990,wheat,128.0,128.0,0.0
MZ,Mozambique,1991,maize,783.0,783.0,0.0
MZ,Mozambique,1991,rice,95.0,0.0,0.0
MZ,Mozambique,1991,wheat,108.0,108.0,0.0
MZ,Mozambique,1992,maize,946.0,946.0,0.0
MZ,Mozambique,1992,rice,133.0,0.0,0.0
MZ,Mozambique,1992,wheat,132.0,132.0,0.0
MZ,Mozambique,1993,maize,883.0,883.0,0.0
MZ,Mozambique,1993,rice,120.0,0.0,0.0
MZ,Mozambique,1993,wheat,174.0,174.0,0.0
MZ,Mozambique,1994,maize,956.0,956.0,0.0
MZ,Mozambique,1994,rice,114.0,0.0,0.0
MZ,Mozambique,1994,wheat,156.0,156.0,0.0
MZ,Mozambique,1995,maize,1004.0,1004.0,0.0
MZ,Mozambique,1995,rice,141.0,0.0,0.0
MZ,Mozambique,1995,wheat,142.0,142.0,0.0
MZ,Mozambique,1996,maize,1042.0,1042.0,0.0
MZ,Mozambique,1996,rice,184.0,0.0,0.0
MZ,Mozambique,1996,wheat,205.0,205.0,0.0
MZ,Mozambique,1997,maize,1153.0,1153.0,0.0
MZ,Mozambique,1997,rice,242.0,0.0,0.0
MZ,Mozambique,1997,wheat,250.0,250.0,0.0
MZ,Mozambique,1998,maize,1468.0,1468.0,0.0
MZ,Mozambique,1998,rice,220.0,0.0,0.0
MZ,Mozambique,1998,wheat,246.0,246.0,0.0
MZ,Mozambique,1999,maize,1077.0,1077.0,0.0
MZ,Mozambique,1999,rice,260.0,0.0,0.0
MZ,Mozambique,1999,wheat,176.0,176.0,0.0
MZ,Mozambique,2000,maize,1237.0,1237.0,0.0
MZ,Mozambique,2000,rice,293.0,0.0,0.0
MZ,Mozambique,2000,wheat,274.0,274.0,0.0
MZ,Mozambique,2001,maize,1250.0,1250.0,0.0
MZ,Mozambique,2001,rice,472.0,0.0,0.0
MZ,Mozambique,2001,wheat,178.0,178.0,0.0
MZ,Mozambique,2002,maize,1500.0,1500.0,0.0
MZ,Mozambique,2002,rice,364.0,0.0,0.0
MZ,Mozambique,2002,wheat,214.0,214.0,0.0
MZ,Mozambique,2003,maize,1400.0,1400.0,0.0
MZ,Mozambique,2003,rice,494.0,0.0,0.0
MZ,Mozambique,2003,wheat,349.0,349.0,0.0
MZ,Mozambique,2004,maize,1200.0,1200.0,0.0
MZ,Mozambique,2004,rice,469.0,0.0,0.0
MZ,Mozambique,2004,wheat,497.0,497.0,0.0
MZ,Mozambique,2005,maize,1200.0,1200.0,0.0
MZ,Mozambique,2005,rice,505.0,0.0,0.0
MZ,Mozambique,2005,wheat,511.0,511.0,0.0
MZ,Mozambique,2006,maize,1500.0,1400.0,100.0
MZ,Mozambique,2006,rice,465.0,0.0,0.0
MZ,Mozambique,2006,wheat,568.0,568.0,0.0
MZ,Mozambique,2007,maize,1600.0,1500.0,100.0
MZ,Mozambique,2007,rice,577.0,0.0,0.0
MZ,Mozambique,2007,wheat,244.0,244.0,0.0
MZ,Mozambique,2008,maize,1800.0,1700.0,100.0
MZ,Mozambique,2008,rice,374.0,0.0,0.0
MZ,Mozambique,2008,wheat,397.0,397.0,0.0
MZ,Mozambique,2009,maize,1700.0,1600.0,100.0
MZ,Mozambique,2009,rice,461.0,0.0,0.0
MZ,Mozambique,2009,wheat,544.0,544.0,0.0
MZ,Mozambique,2010,maize,2100.0,1900.0,200.0
MZ,Mozambique,2010,rice,533.0,0.0,0.0
MZ,Mozambique,2010,wheat,606.0,606.0,0.0
MZ,Mozambique,2011,maize,2200.0,2000.0,200.0
MZ,Mozambique,2011,rice,531.0,0.0,0.0
MZ,Mozambique,2011,wheat,648.0,648.0,0.0
MZ,Mozambique,2012,maize,1400.0,1300.0,100.0
MZ,Mozambique,2012,rice,612.0,0.0,0.0
MZ,Mozambique,2012,wheat,539.0,539.0,0.0
MZ,Mozambique,2013,maize,1350.0,1250.0,100.0
MZ,Mozambique,2013,rice,614.0,0.0,0.0
MZ,Mozambique,2013,wheat,699.0,699.0,0.0
MZ,Mozambique,2014,maize,1450.0,1350.0,100.0
MZ,Mozambique,2014,rice,716.0,0.0,0.0
MZ,Mozambique,2014,wheat,700.0,700.0,0.0
MZ,Mozambique,2015,maize,1450.0,1350.0,100.0
MZ,Mozambique,2015,rice,633.0,0.0,0.0
MZ,Mozambique,2015,wheat,705.0,705.0,0.0
MZ,Mozambique,2016,maize,1350.0,1200.0,150.0
MZ,Mozambique,2016,rice,801.0,0.0,0.0
MZ,Mozambique,2016,wheat,725.0,725.0,0.0
MZ,Mozambique,2017,maize,1300.0,1200.0,100.0
MZ,Mozambique,2017,rice,740.0,0.0,0.0
MZ,Mozambique,2017,wheat,675.0,675.0,0.0
MZ,Mozambique,2018,maize,1450.0,1300.0,150.0
MZ,Mozambique,2018,rice,641.0,0.0,0.0
MZ,Mozambique,2018,wheat,710.0,710.0,0.0
MZ,Mozambique,2019,maize,1650.0,1500.0,150.0
MZ,Mozambique,2019,rice,757.0,0.0,0.0
MZ,Mozambique,2019,wheat,800.0,800.0,0.0
MZ,Mozambique,2020,maize,1800.0,1600.0,200.0
MZ,Mozambique,2020,rice,764.0,0.0,0.0
MZ,Mozambique,2020,wheat,920.0,920.0,0.0
MZ,Mozambique,2021,maize,2000.0,1800.0,200.0
MZ,Mozambique,2021,rice,800.0,0.0,0.0
MZ,Mozambique,2021,wheat,775.0,775.0,0.0
MZ,Mozambique,2022,maize,2400.0,1950.0,450.0
MZ,Mozambique,2022,rice,970.0,0.0,0.0
MZ,Mozambique,2022,wheat,750.0,750.0,0.0
MZ,Mozambique,2023,maize,2350.0,1950.0,400.0
MZ,Mozambique,2023,rice,890.0,0.0,0.0
MZ,Mozambique,2023,wheat,700.0,700.0,0.0
MZ,Mozambique,2024,maize,2500.0,2000.0,500.0
MZ,Mozambique,2024,rice,910.0,0.0,0.0
MZ,Mozambique,2024,wheat,700.0,700.0,0.0
MZ,Mozambique,2025,maize,2500.0,2000.0,500.0
MZ,Mozambique,2025,rice,1160.0,0.0,0.0
MZ,Mozambique,2025,wheat,800.0,800.0,0.0
MZ,Mozambique,2026,maize,2350.0,2000.0,350.0
MZ,Mozambique,2026,rice,1124.0,0.0,0.0
MZ,Mozambique,2026,wheat,950.0,950.0,0.0
NG,Niger,1960,rice,6.0,0.0,0.0
NG,Niger,1961,rice,8.0,0.0,0.0
NG,Niger,1962,rice,8.0,0.0,0.0
NG,Niger,1963,rice,9.0,0.0,0.0
NG,Niger,1964,rice,9.0,0.0,0.0
NG,Niger,1965,rice,10.0,0.0,0.0
NG,Niger,1966,rice,14.0,0.0,0.0
NG,Niger,1967,rice,23.0,0.0,0.0
NG,Niger,1968,rice,26.0,0.0,0.0
NG,Niger,1969,rice,25.0,0.0,0.0
NG,Niger,1970,rice,25.0,0.0,0.0
NG,Niger,1971,rice,18.0,0.0,0.0
NG,Niger,1972,rice,22.0,0.0,0.0
NG,Niger,1973,rice,32.0,0.0,0.0
NG,Niger,1974,rice,20.0,0.0,0.0
NG,Niger,1975,rice,24.0,0.0,0.0
NG,Niger,1976,rice,23.0,0.0,0.0
NG,Niger,1977,rice,25.0,0.0,0.0
NG,Niger,1978,rice,42.0,0.0,0.0
NG,Niger,1979,rice,28.0,0.0,0.0
NG,Niger,1980,rice,48.0,0.0,0.0
NG,Niger,1981,rice,50.0,0.0,0.0
NG,Niger,1982,rice,73.0,0.0,0.0
NG,Niger,1982,wheat,25.0,25.0,0.0
NG,Niger,1983,rice,32.0,0.0,0.0
NG,Niger,1983,wheat,13.0,13.0,0.0
NG,Niger,1984,rice,49.0,0.0,0.0
NG,Niger,1984,wheat,59.0,59.0,0.0
NG,Niger,1985,rice,74.0,0.0,0.0
NG,Niger,1985,wheat,14.0,14.0,0.0
NG,Niger,1986,rice,85.0,0.0,0.0
NG,Niger,1986,wheat,5.0,5.0,0.0
NG,Niger,1987,rice,80.0,0.0,0.0
NG,Niger,1987,wheat,58.0,58.0,0.0
NG,Niger,1988,rice,53.0,0.0,0.0
NG,Niger,1988,wheat,41.0,41.0,0.0
NG,Niger,1989,rice,59.0,0.0,0.0
NG,Niger,1989,wheat,38.0,38.0,0.0
NG,Niger,1990,rice,48.0,0.0,0.0
NG,Niger,1990,wheat,68.0,68.0,0.0
NG,Niger,1991,rice,45.0,0.0,0.0
NG,Niger,1991,wheat,65.0,65.0,0.0
NG,Niger,1992,rice,47.0,0.0,0.0
NG,Niger,1992,wheat,48.0,48.0,0.0
NG,Niger,1993,rice,41.0,0.0,0.0
NG,Niger,1993,wheat,13.0,13.0,0.0
NG,Niger,1994,rice,48.0,0.0,0.0
NG,Niger,1994,wheat,19.0,19.0,0.0
NG,Niger,1995,rice,63.0,0.0,0.0
NG,Niger,1995,wheat,13.0,13.0,0.0
NG,Niger,1996,rice,51.0,0.0,0.0
NG,Niger,1996,wheat,28.0,28.0,0.0
NG,Niger,1997,rice,55.0,0.0,0.0
NG,Niger,1997,wheat,35.0,35.0,0.0
NG,Niger,1998,rice,72.0,0.0,0.0
NG,Niger,1998,wheat,44.0,44.0,0.0
NG,Niger,1999,rice,56.0,0.0,0.0
NG,Niger,1999,wheat,43.0,43.0,0.0
NG,Niger,2000,rice,55.0,0.0,0.0
NG,Niger,2000,wheat,54.0,54.0,0.0
NG,Niger,2001,rice,70.0,0.0,0.0
NG,Niger,2001,wheat,49.0,49.0,0.0
NG,Niger,2002,rice,75.0,0.0,0.0
NG,Niger,2002,wheat,45.0,45.0,0.0
NG,Niger,2003,rice,152.0,0.0,0.0
NG,Niger,2003,wheat,30.0,30.0,0.0
NG,Niger,2004,rice,148.0,0.0,0.0
NG,Niger,2004,wheat,43.0,43.0,0.0
NG,Niger,2005,rice,256.0,0.0,0.0
NG,Niger,2005,wheat,50.0,50.0,0.0
NG,Niger,2006,rice,185.0,0.0,0.0
NG,Niger,2006,wheat,37.0,37.0,0.0
NG,Niger,2007,rice,206.0,0.0,0.0
NG,Niger,2007,wheat,42.0,42.0,0.0
NG,Niger,2008,rice,240.0,0.0,0.0
NG,Niger,2008,wheat,254.0,254.0,0.0
NG,Niger,2009,rice,318.0,0.0,0.0
NG,Niger,2009,wheat,256.0,256.0,0.0
NG,Niger,2010,rice,311.0,0.0,0.0
NG,Niger,2010,wheat,255.0,255.0,0.0
NG,Niger,2011,rice,310.0,0.0,0.0
NG,Niger,2011,wheat,220.0,220.0,0.0
NG,Niger,2012,rice,323.0,0.0,0.0
NG,Niger,2012,wheat,165.0,165.0,0.0
NG,Niger,2013,rice,348.0,0.0,0.0
NG,Niger,2013,wheat,250.0,250.0,0.0
NG,Niger,2014,rice,318.0,0.0,0.0
NG,Niger,2014,wheat,220.0,220.0,0.0
NG,Niger,2015,rice,311.0,0.0,0.0
NG,Niger,2015,wheat,205.0,205.0,0.0
NG,Niger,2016,rice,368.0,0.0,0.0
NG,Niger,2016,wheat,250.0,250.0,0.0
NG,Niger,2017,rice,423.0,0.0,0.0
NG,Niger,2017,wheat,225.0,225.0,0.0
NG,Niger,2018,rice,426.0,0.0,0.0
NG,Niger,2018,wheat,215.0,215.0,0.0
NG,Niger,2019,rice,459.0,0.0,0.0
NG,Niger,2019,wheat,225.0,225.0,0.0
NG,Niger,2020,rice,475.0,0.0,0.0
NG,Niger,2020,wheat,275.0,275.0,0.0
NG,Niger,2021,rice,387.0,0.0,0.0
NG,Niger,2021,wheat,300.0,300.0,0.0
NG,Niger,2022,rice,394.0,0.0,0.0
NG,Niger,2022,wheat,245.0,245.0,0.0
NG,Niger,2023,rice,394.0,0.0,0.0
NG,Niger,2023,wheat,142.0,142.0,0.0
NG,Niger,2024,rice,407.0,0.0,0.0
NG,Niger,2024,wheat,240.0,240.0,0.0
NG,Niger,2025,rice,407.0,0.0,0.0
NG,Niger,2025,wheat,200.0,200.0,0.0
NG,Niger,2026,rice,436.0,0.0,0.0
NG,Niger,2026,wheat,230.0,230.0,0.0
NI,Nigeria,1960,maize,914.0,896.0,18.0
NI,Nigeria,1960,rice,240.0,0.0,0.0
NI,Nigeria,1960,wheat,78.0,77.0,1.0
NI,Nigeria,1961,maize,1000.0,985.0,15.0
NI,Nigeria,1961,rice,230.0,0.0,0.0
NI,Nigeria,1961,wheat,101.0,100.0,1.0
NI,Nigeria,1962,maize,900.0,880.0,20.0
NI,Nigeria,1962,rice,247.0,0.0,0.0
NI,Nigeria,1962,wheat,87.0,86.0,1.0
NI,Nigeria,1963,maize,1050.0,1030.0,20.0
NI,Nigeria,1963,rice,204.0,0.0,0.0
NI,Nigeria,1963,wheat,74.0,73.0,1.0
NI,Nigeria,1964,maize,1090.0,1066.0,24.0
NI,Nigeria,1964,rice,270.0,0.0,0.0
NI,Nigeria,1964,wheat,53.0,52.0,1.0
NI,Nigeria,1965,maize,1040.0,1022.0,18.0
NI,Nigeria,1965,rice,237.0,0.0,0.0
NI,Nigeria,1965,wheat,126.0,125.0,1.0
NI,Nigeria,1966,maize,1020.0,996.0,24.0
NI,Nigeria,1966,rice,271.0,0.0,0.0
NI,Nigeria,1966,wheat,160.0,159.0,1.0
NI,Nigeria,1967,maize,1000.0,981.0,19.0
NI,Nigeria,1967,rice,261.0,0.0,0.0
NI,Nigeria,1967,wheat,131.0,130.0,1.0
NI,Nigeria,1968,maize,951.0,926.0,25.0
NI,Nigeria,1968,rice,250.0,0.0,0.0
NI,Nigeria,1968,wheat,145.0,144.0,1.0
NI,Nigeria,1969,maize,1427.0,1403.0,24.0
NI,Nigeria,1969,rice,258.0,0.0,0.0
NI,Nigeria,1969,wheat,237.0,236.0,1.0
NI,Nigeria,1970,maize,1320.0,1290.0,30.0
NI,Nigeria,1970,rice,285.0,0.0,0.0
NI,Nigeria,1970,wheat,400.0,399.0,1.0
NI,Nigeria,1971,maize,933.0,915.0,18.0
NI,Nigeria,1971,rice,313.0,0.0,0.0
NI,Nigeria,1971,wheat,354.0,353.0,1.0
NI,Nigeria,1972,maize,1184.0,1162.0,22.0
NI,Nigeria,1972,rice,321.0,0.0,0.0
NI,Nigeria,1972,wheat,413.0,413.0,0.0
NI,Nigeria,1973,maize,1289.0,1264.0,25.0
NI,Nigeria,1973,rice,344.0,0.0,0.0
NI,Nigeria,1973,wheat,335.0,335.0,0.0
NI,Nigeria,1974,maize,1353.0,1328.0,25.0
NI,Nigeria,1974,rice,352.0,0.0,0.0
NI,Nigeria,1974,wheat,343.0,343.0,0.0
NI,Nigeria,1975,maize,1401.0,1371.0,30.0
NI,Nigeria,1975,rice,396.0,0.0,0.0
NI,Nigeria,1975,wheat,517.0,517.0,0.0
NI,Nigeria,1976,maize,1465.0,1435.0,30.0
NI,Nigeria,1976,rice,500.0,0.0,0.0
NI,Nigeria,1976,wheat,815.0,815.0,0.0
NI,Nigeria,1977,maize,1530.0,1460.0,70.0
NI,Nigeria,1977,rice,750.0,0.0,0.0
NI,Nigeria,1977,wheat,1028.0,1023.0,5.0
NI,Nigeria,1978,maize,1660.0,1540.0,120.0
NI,Nigeria,1978,rice,950.0,0.0,0.0
NI,Nigeria,1978,wheat,1270.0,1264.0,6.0
NI,Nigeria,1979,maize,1785.0,1600.0,185.0
NI,Nigeria,1979,rice,845.0,0.0,0.0
NI,Nigeria,1979,wheat,1391.0,1383.0,8.0
NI,Nigeria,1980,maize,1985.0,1685.0,300.0
NI,Nigeria,1980,rice,850.0,0.0,0.0
NI,Nigeria,1980,wheat,1429.0,1419.0,10.0
NI,Nigeria,1981,maize,2130.0,1730.0,400.0
NI,Nigeria,1981,rice,1227.0,0.0,0.0
NI,Nigeria,1981,wheat,1570.0,1555.0,15.0
NI,Nigeria,1982,maize,2175.0,1745.0,430.0
NI,Nigeria,1982,rice,1337.0,0.0,0.0
NI,Nigeria,1982,wheat,1565.0,1545.0,20.0
NI,Nigeria,1983,maize,1900.0,1580.0,320.0
NI,Nigeria,1983,rice,1648.0,0.0,0.0
NI,Nigeria,1983,wheat,1595.0,1580.0,15.0
NI,Nigeria,1984,maize,1930.0,1470.0,460.0
NI,Nigeria,1984,rice,1220.0,0.0,0.0
NI,Nigeria,1984,wheat,1774.0,1750.0,24.0
NI,Nigeria,1985,maize,1965.0,1565.0,400.0
NI,Nigeria,1985,rice,1249.0,0.0,0.0
NI,Nigeria,1985,wheat,1235.0,1215.0,20.0
NI,Nigeria,1986,maize,1900.0,1500.0,400.0
NI,Nigeria,1986,rice,1042.0,0.0,0.0
NI,Nigeria,1986,wheat,920.0,895.0,25.0
NI,Nigeria,1987,maize,2000.0,1750.0,250.0
NI,Nigeria,1987,rice,1152.0,0.0,0.0
NI,Nigeria,1987,wheat,410.0,400.0,10.0
NI,Nigeria,1988,maize,2150.0,2000.0,150.0
NI,Nigeria,1988,rice,1350.0,0.0,0.0
NI,Nigeria,1988,wheat,300.0,295.0,5.0
NI,Nigeria,1989,maize,1850.0,1750.0,100.0
NI,Nigeria,1989,rice,1550.0,0.0,0.0
NI,Nigeria,1989,wheat,360.0,355.0,5.0
NI,Nigeria,1990,maize,5810.0,5560.0,250.0
NI,Nigeria,1990,rice,2757.0,0.0,0.0
NI,Nigeria,1990,wheat,510.0,510.0,0.0
NI,Nigeria,1991,maize,5840.0,5590.0,250.0
NI,Nigeria,1991,rice,2207.0,0.0,0.0
NI,Nigeria,1991,wheat,510.0,510.0,0.0
NI,Nigeria,1992,maize,5786.0,5536.0,250.0
NI,Nigeria,1992,rice,2436.0,0.0,0.0
NI,Nigeria,1992,wheat,713.0,713.0,0.0
NI,Nigeria,1993,maize,6291.0,5991.0,300.0
NI,Nigeria,1993,rice,2221.0,0.0,0.0
NI,Nigeria,1993,wheat,791.0,791.0,0.0
NI,Nigeria,1994,maize,6417.0,6117.0,300.0
NI,Nigeria,1994,rice,2136.0,0.0,0.0
NI,Nigeria,1994,wheat,715.0,715.0,0.0
NI,Nigeria,1995,maize,6500.0,6200.0,300.0
NI,Nigeria,1995,rice,2000.0,0.0,0.0
NI,Nigeria,1995,wheat,724.0,724.0,0.0
NI,Nigeria,1996,maize,5116.0,4891.0,225.0
NI,Nigeria,1996,rice,2175.0,0.0,0.0
NI,Nigeria,1996,wheat,1021.0,1021.0,0.0
NI,Nigeria,1997,maize,4904.0,4704.0,200.0
NI,Nigeria,1997,rice,2712.0,0.0,0.0
NI,Nigeria,1997,wheat,1165.0,1165.0,0.0
NI,Nigeria,1998,maize,4950.0,4700.0,250.0
NI,Nigeria,1998,rice,2815.0,0.0,0.0
NI,Nigeria,1998,wheat,1356.0,1356.0,0.0
NI,Nigeria,1999,maize,5100.0,4850.0,250.0
NI,Nigeria,1999,rice,2866.0,0.0,0.0
NI,Nigeria,1999,wheat,1327.0,1327.0,0.0
NI,Nigeria,2000,maize,4000.0,3800.0,200.0
NI,Nigeria,2000,rice,3029.0,0.0,0.0
NI,Nigeria,2000,wheat,1958.0,1958.0,0.0
NI,Nigeria,2001,maize,5030.0,4750.0,280.0
NI,Nigeria,2001,rice,3051.0,0.0,0.0
NI,Nigeria,2001,wheat,2496.0,2496.0,0.0
NI,Nigeria,2002,maize,5200.0,4900.0,300.0
NI,Nigeria,2002,rice,3307.0,0.0,0.0
NI,Nigeria,2002,wheat,2379.0,2379.0,0.0
NI,Nigeria,2003,maize,5500.0,5150.0,350.0
NI,Nigeria,2003,rice,3670.0,0.0,0.0
NI,Nigeria,2003,wheat,2443.0,2393.0,50.0
NI,Nigeria,2004,maize,6300.0,5650.0,650.0
NI,Nigeria,2004,rice,3750.0,0.0,0.0
NI,Nigeria,2004,wheat,3084.0,2984.0,100.0
NI,Nigeria,2005,maize,5850.0,5050.0,800.0
NI,Nigeria,2005,rice,3800.0,0.0,0.0
NI,Nigeria,2005,wheat,3764.0,3639.0,125.0
NI,Nigeria,2006,maize,6850.0,6000.0,850.0
NI,Nigeria,2006,rice,4040.0,0.0,0.0
NI,Nigeria,2006,wheat,3365.0,3315.0,50.0
NI,Nigeria,2007,maize,6650.0,5900.0,750.0
NI,Nigeria,2007,rice,4100.0,0.0,0.0
NI,Nigeria,2007,wheat,2833.0,2783.0,50.0
NI,Nigeria,2008,maize,7500.0,6400.0,1100.0
NI,Nigeria,2008,rice,4220.0,0.0,0.0
NI,Nigeria,2008,wheat,3020.0,2970.0,50.0
NI,Nigeria,2009,maize,7400.0,6000.0,1400.0
NI,Nigeria,2009,rice,4350.0,0.0,0.0
NI,Nigeria,2009,wheat,3540.0,3490.0,50.0
NI,Nigeria,2010,maize,7600.0,6200.0,1400.0
NI,Nigeria,2010,rice,4800.0,0.0,0.0
NI,Nigeria,2010,wheat,3582.0,3532.0,50.0
NI,Nigeria,2011,maize,8900.0,7200.0,1700.0
NI,Nigeria,2011,rice,5600.0,0.0,0.0
NI,Nigeria,2011,wheat,3586.0,3536.0,50.0
NI,Nigeria,2012,maize,8700.0,6800.0,1900.0
NI,Nigeria,2012,rice,6000.0,0.0,0.0
NI,Nigeria,2012,wheat,4018.0,3918.0,100.0
NI,Nigeria,2013,maize,8600.0,6600.0,2000.0
NI,Nigeria,2013,rice,6200.0,0.0,0.0
NI,Nigeria,2013,wheat,4160.0,4110.0,50.0
NI,Nigeria,2014,maize,9900.0,6800.0,3100.0
NI,Nigeria,2014,rice,6400.0,0.0,0.0
NI,Nigeria,2014,wheat,3935.0,3885.0,50.0
NI,Nigeria,2015,maize,10600.0,6900.0,3700.0
NI,Nigeria,2015,rice,6600.0,0.0,0.0
NI,Nigeria,2015,wheat,4070.0,4020.0,50.0
NI,Nigeria,2016,maize,11400.0,7100.0,4300.0
NI,Nigeria,2016,rice,6800.0,0.0,0.0
NI,Nigeria,2016,wheat,4632.0,4582.0,50.0
NI,Nigeria,2017,maize,11200.0,7000.0,4200.0
NI,Nigeria,2017,rice,7000.0,0.0,0.0
NI,Nigeria,2017,wheat,4845.0,4795.0,50.0
NI,Nigeria,2018,maize,11300.0,7100.0,4200.0
NI,Nigeria,2018,rice,7200.0,0.0,0.0
NI,Nigeria,2018,wheat,4347.0,4297.0,50.0
NI,Nigeria,2019,maize,12100.0,7200.0,4900.0
NI,Nigeria,2019,rice,7400.0,0.0,0.0
NI,Nigeria,2019,wheat,4925.0,4875.0,50.0
NI,Nigeria,2020,maize,12500.0,7300.0,5200.0
NI,Nigeria,2020,rice,7500.0,0.0,0.0
NI,Nigeria,2020,wheat,5550.0,5500.0,50.0
NI,Nigeria,2021,maize,12600.0,7300.0,5300.0
NI,Nigeria,2021,rice,7600.0,0.0,0.0
NI,Nigeria,2021,wheat,5850.0,5800.0,50.0
NI,Nigeria,2022,maize,12900.0,7400.0,5500.0
NI,Nigeria,2022,rice,7800.0,0.0,0.0
NI,Nigeria,2022,wheat,4700.0,4700.0,0.0
NI,Nigeria,2023,maize,12300.0,7300.0,5000.0
NI,Nigeria,2023,rice,8000.0,0.0,0.0
NI,Nigeria,2023,wheat,4800.0,4800.0,0.0
NI,Nigeria,2024,maize,11800.0,7000.0,4800.0
NI,Nigeria,2024,rice,8300.0,0.0,0.0
NI,Nigeria,2024,wheat,5900.0,5900.0,0.0
NI,Nigeria,2025,maize,11800.0,7000.0,4800.0
NI,Nigeria,2025,rice,8600.0,0.0,0.0
NI,Nigeria,2025,wheat,5800.0,5800.0,0.0
NI,Nigeria,2026,maize,12000.0,7100.0,4900.0
NI,Nigeria,2026,rice,8800.0,0.0,0.0
NI,Nigeria,2026,wheat,5800.0,5800.0,0.0
NO,Norway,1960,maize,59.0,0.0,59.0
NO,Norway,1960,rice,6.0,0.0,0.0
NO,Norway,1960,wheat,331.0,269.0,62.0
NO,Norway,1961,maize,99.0,0.0,99.0
NO,Norway,1961,rice,5.0,0.0,0.0
NO,Norway,1961,wheat,326.0,265.0,61.0
NO,Norway,1962,maize,90.0,0.0,90.0
NO,Norway,1962,rice,7.0,0.0,0.0
NO,Norway,1962,wheat,388.0,310.0,78.0
NO,Norway,1963,maize,94.0,0.0,94.0
NO,Norway,1963,rice,6.0,0.0,0.0
NO,Norway,1963,wheat,357.0,285.0,72.0
NO,Norway,1964,maize,106.0,0.0,106.0
NO,Norway,1964,rice,6.0,0.0,0.0
NO,Norway,1964,wheat,375.0,292.0,83.0
NO,Norway,1965,maize,88.0,0.0,88.0
NO,Norway,1965,rice,6.0,0.0,0.0
NO,Norway,1965,wheat,374.0,285.0,89.0
NO,Norway,1966,maize,99.0,0.0,99.0
NO,Norway,1966,rice,6.0,0.0,0.0
NO,Norway,1966,wheat,379.0,285.0,94.0
NO,Norway,1967,maize,85.0,0.0,85.0
NO,Norway,1967,rice,4.0,0.0,0.0
NO,Norway,1967,wheat,333.0,291.0,42.0
NO,Norway,1968,maize,89.0,0.0,89.0
NO,Norway,1968,rice,4.0,0.0,0.0
NO,Norway,1968,wheat,387.0,291.0,96.0
NO,Norway,1969,maize,105.0,0.0,105.0
NO,Norway,1969,rice,6.0,0.0,0.0
NO,Norway,1969,wheat,363.0,282.0,81.0
NO,Norway,1970,maize,93.0,0.0,93.0
NO,Norway,1970,rice,3.0,0.0,0.0
NO,Norway,1970,wheat,391.0,292.0,99.0
NO,Norway,1971,maize,97.0,1.0,96.0
NO,Norway,1971,rice,4.0,0.0,0.0
NO,Norway,1971,wheat,388.0,301.0,87.0
NO,Norway,1972,maize,84.0,1.0,83.0
NO,Norway,1972,rice,4.0,0.0,0.0
NO,Norway,1972,wheat,359.0,296.0,63.0
NO,Norway,1973,maize,96.0,1.0,95.0
NO,Norway,1973,rice,4.0,0.0,0.0
NO,Norway,1973,wheat,323.0,261.0,62.0
NO,Norway,1974,maize,98.0,1.0,97.0
NO,Norway,1974,rice,5.0,0.0,0.0
NO,Norway,1974,wheat,322.0,307.0,15.0
NO,Norway,1975,maize,84.0,0.0,84.0
NO,Norway,1975,rice,5.0,0.0,0.0
NO,Norway,1975,wheat,305.0,275.0,30.0
NO,Norway,1976,maize,79.0,0.0,79.0
NO,Norway,1976,rice,5.0,0.0,0.0
NO,Norway,1976,wheat,436.0,346.0,90.0
NO,Norway,1977,maize,87.0,0.0,87.0
NO,Norway,1977,rice,5.0,0.0,0.0
NO,Norway,1977,wheat,388.0,327.0,61.0
NO,Norway,1978,maize,80.0,0.0,80.0
NO,Norway,1978,rice,5.0,0.0,0.0
NO,Norway,1978,wheat,350.0,310.0,40.0
NO,Norway,1979,maize,48.0,0.0,48.0
NO,Norway,1979,rice,5.0,0.0,0.0
NO,Norway,1979,wheat,378.0,315.0,63.0
NO,Norway,1980,maize,51.0,0.0,51.0
NO,Norway,1980,wheat,371.0,319.0,52.0
NO,Norway,1981,maize,83.0,0.0,83.0
NO,Norway,1981,wheat,489.0,325.0,164.0
NO,Norway,1982,maize,70.0,0.0,70.0
NO,Norway,1982,wheat,396.0,308.0,88.0
NO,Norway,1983,maize,74.0,0.0,74.0
NO,Norway,1983,wheat,370.0,320.0,50.0
NO,Norway,1984,maize,40.0,0.0,40.0
NO,Norway,1984,wheat,380.0,330.0,50.0
NO,Norway,1985,maize,5.0,0.0,5.0
NO,Norway,1985,wheat,410.0,340.0,70.0
NO,Norway,1986,maize,5.0,0.0,5.0
NO,Norway,1986,wheat,426.0,356.0,70.0
NO,Norway,1987,maize,7.0,0.0,7.0
NO,Norway,1987,wheat,440.0,340.0,100.0
NO,Norway,1988,maize,7.0,0.0,7.0
NO,Norway,1988,wheat,457.0,315.0,142.0
NO,Norway,1989,maize,4.0,0.0,4.0
NO,Norway,1989,wheat,473.0,390.0,83.0
NO,Norway,1990,wheat,406.0,322.0,84.0
NO,Norway,1991,wheat,404.0,324.0,80.0
NO,Norway,1992,wheat,498.0,368.0,130.0
NO,Norway,1993,wheat,521.0,441.0,80.0
NO,Norway,1994,maize,56.0,0.0,56.0
NO,Norway,1994,wheat,579.0,499.0,80.0
NO,Norway,1995,maize,9.0,0.0,9.0
NO,Norway,1995,wheat,459.0,379.0,80.0
NO,Norway,1996,maize,47.0,0.0,47.0
NO,Norway,1996,wheat,502.0,422.0,80.0
NO,Norway,1997,maize,66.0,0.0,66.0
NO,Norway,1997,wheat,516.0,436.0,80.0
NO,Norway,1998,maize,48.0,0.0,48.0
NO,Norway,1998,wheat,526.0,446.0,80.0
NO,Norway,1999,maize,56.0,0.0,56.0
NO,Norway,1999,wheat,530.0,450.0,80.0
NO,Norway,2000,maize,31.0,0.0,31.0
NO,Norway,2000,wheat,522.0,442.0,80.0
NO,Norway,2001,maize,33.0,0.0,33.0
NO,Norway,2001,wheat,619.0,539.0,80.0
NO,Norway,2002,maize,19.0,0.0,19.0
NO,Norway,2002,wheat,555.0,475.0,80.0
NO,Norway,2003,maize,28.0,0.0,28.0
NO,Norway,2003,wheat,520.0,440.0,80.0
NO,Norway,2004,maize,13.0,0.0,13.0
NO,Norway,2004,wheat,550.0,470.0,80.0
NO,Norway,2005,maize,17.0,0.0,17.0
NO,Norway,2005,wheat,570.0,470.0,100.0
NO,Norway,2006,maize,33.0,0.0,33.0
NO,Norway,2006,wheat,595.0,470.0,125.0
NO,Norway,2007,maize,61.0,0.0,61.0
NO,Norway,2007,wheat,775.0,525.0,250.0
NO,Norway,2008,maize,46.0,0.0,46.0
NO,Norway,2008,wheat,775.0,525.0,250.0
NO,Norway,2009,maize,59.0,0.0,59.0
NO,Norway,2009,wheat,725.0,525.0,200.0
NO,Norway,2010,maize,54.0,0.0,54.0
NO,Norway,2010,wheat,725.0,525.0,200.0
NO,Norway,2011,maize,71.0,0.0,71.0
NO,Norway,2011,wheat,725.0,525.0,200.0
NO,Norway,2012,maize,74.0,0.0,74.0
NO,Norway,2012,wheat,725.0,525.0,200.0
NO,Norway,2013,maize,104.0,0.0,104.0
NO,Norway,2013,wheat,730.0,530.0,200.0
NO,Norway,2014,maize,72.0,0.0,72.0
NO,Norway,2014,wheat,735.0,535.0,200.0
NO,Norway,2015,maize,87.0,0.0,87.0
NO,Norway,2015,wheat,785.0,535.0,250.0
NO,Norway,2016,maize,82.0,0.0,82.0
NO,Norway,2016,wheat,725.0,525.0,200.0
NO,Norway,2017,maize,48.0,0.0,48.0
NO,Norway,2017,wheat,735.0,535.0,200.0
NO,Norway,2018,maize,122.0,0.0,122.0
NO,Norway,2018,wheat,710.0,535.0,175.0
NO,Norway,2019,maize,60.0,0.0,60.0
NO,Norway,2019,wheat,740.0,540.0,200.0
NO,Norway,2020,maize,80.0,0.0,80.0
NO,Norway,2020,wheat,740.0,540.0,200.0
NO,Norway,2021,maize,123.0,0.0,123.0
NO,Norway,2021,wheat,745.0,545.0,200.0
NO,Norway,2022,maize,70.0,0.0,70.0
NO,Norway,2022,wheat,695.0,545.0,150.0
NO,Norway,2023,maize,105.0,0.0,105.0
NO,Norway,2023,wheat,780.0,550.0,230.0
NO,Norway,2024,maize,85.0,0.0,85.0
NO,Norway,2024,wheat,795.0,565.0,230.0
NO,Norway,2025,maize,100.0,0.0,100.0
NO,Norway,2025,wheat,850.0,570.0,280.0
NO,Norway,2026,maize,100.0,0.0,100.0
NO,Norway,2026,wheat,875.0,575.0,300.0
NP,Nepal,1960,maize,840.0,840.0,0.0
NP,Nepal,1960,rice,1209.0,0.0,0.0
NP,Nepal,1960,wheat,125.0,125.0,0.0
NP,Nepal,1961,maize,843.0,843.0,0.0
NP,Nepal,1961,rice,1245.0,0.0,0.0
NP,Nepal,1961,wheat,135.0,135.0,0.0
NP,Nepal,1962,maize,843.0,843.0,0.0
NP,Nepal,1962,rice,1225.0,0.0,0.0
NP,Nepal,1962,wheat,138.0,138.0,0.0
NP,Nepal,1963,maize,849.0,849.0,0.0
NP,Nepal,1963,rice,1223.0,0.0,0.0
NP,Nepal,1963,wheat,138.0,138.0,0.0
NP,Nepal,1964,maize,854.0,854.0,0.0
NP,Nepal,1964,rice,1193.0,0.0,0.0
NP,Nepal,1964,wheat,139.0,139.0,0.0
NP,Nepal,1965,maize,856.0,856.0,0.0
NP,Nepal,1965,rice,1236.0,0.0,0.0
NP,Nepal,1965,wheat,126.0,126.0,0.0
NP,Nepal,1966,maize,824.0,824.0,0.0
NP,Nepal,1966,rice,1071.0,0.0,0.0
NP,Nepal,1966,wheat,147.0,147.0,0.0
NP,Nepal,1967,maize,746.0,746.0,0.0
NP,Nepal,1967,rice,1164.0,0.0,0.0
NP,Nepal,1967,wheat,159.0,159.0,0.0
NP,Nepal,1968,maize,765.0,765.0,0.0
NP,Nepal,1968,rice,1159.0,0.0,0.0
NP,Nepal,1968,wheat,205.0,205.0,0.0
NP,Nepal,1969,maize,795.0,795.0,0.0
NP,Nepal,1969,rice,1233.0,0.0,0.0
NP,Nepal,1969,wheat,223.0,223.0,0.0
NP,Nepal,1970,maize,830.0,830.0,0.0
NP,Nepal,1970,rice,1288.0,0.0,0.0
NP,Nepal,1970,wheat,266.0,266.0,0.0
NP,Nepal,1971,maize,758.0,758.0,0.0
NP,Nepal,1971,rice,1557.0,0.0,0.0
NP,Nepal,1971,wheat,193.0,193.0,0.0
NP,Nepal,1972,maize,803.0,803.0,0.0
NP,Nepal,1972,rice,1014.0,0.0,0.0
NP,Nepal,1972,wheat,223.0,223.0,0.0
NP,Nepal,1973,maize,817.0,817.0,0.0
NP,Nepal,1973,rice,1309.0,0.0,0.0
NP,Nepal,1973,wheat,225.0,225.0,0.0
NP,Nepal,1974,maize,817.0,817.0,0.0
NP,Nepal,1974,rice,1568.0,0.0,0.0
NP,Nepal,1974,wheat,225.0,225.0,0.0
NP,Nepal,1975,maize,765.0,765.0,0.0
NP,Nepal,1975,rice,1572.0,0.0,0.0
NP,Nepal,1975,wheat,387.0,387.0,0.0
NP,Nepal,1976,maize,814.0,814.0,0.0
NP,Nepal,1976,rice,1453.0,0.0,0.0
NP,Nepal,1976,wheat,362.0,362.0,0.0
NP,Nepal,1977,maize,758.0,758.0,0.0
NP,Nepal,1977,rice,1450.0,0.0,0.0
NP,Nepal,1977,wheat,411.0,411.0,0.0
NP,Nepal,1978,maize,760.0,760.0,0.0
NP,Nepal,1978,rice,1458.0,0.0,0.0
NP,Nepal,1978,wheat,415.0,415.0,0.0
NP,Nepal,1979,maize,574.0,574.0,0.0
NP,Nepal,1979,rice,1372.0,0.0,0.0
NP,Nepal,1979,wheat,459.0,459.0,0.0
NP,Nepal,1980,maize,726.0,726.0,0.0
NP,Nepal,1980,rice,1602.0,0.0,0.0
NP,Nepal,1980,wheat,507.0,507.0,0.0
NP,Nepal,1981,maize,736.0,736.0,0.0
NP,Nepal,1981,rice,1652.0,0.0,0.0
NP,Nepal,1981,wheat,554.0,554.0,0.0
NP,Nepal,1982,maize,721.0,721.0,0.0
NP,Nepal,1982,rice,1238.0,0.0,0.0
NP,Nepal,1982,wheat,687.0,687.0,0.0
NP,Nepal,1983,maize,761.0,761.0,0.0
NP,Nepal,1983,rice,1848.0,0.0,0.0
NP,Nepal,1983,wheat,638.0,638.0,0.0
NP,Nepal,1984,maize,820.0,820.0,0.0
NP,Nepal,1984,rice,1806.0,0.0,0.0
NP,Nepal,1984,wheat,535.0,535.0,0.0
NP,Nepal,1985,maize,874.0,874.0,0.0
NP,Nepal,1985,rice,1867.0,0.0,0.0
NP,Nepal,1985,wheat,598.0,598.0,0.0
NP,Nepal,1986,maize,868.0,868.0,0.0
NP,Nepal,1986,rice,1878.0,0.0,0.0
NP,Nepal,1986,wheat,706.0,706.0,0.0
NP,Nepal,1987,maize,902.0,902.0,0.0
NP,Nepal,1987,rice,1986.0,0.0,0.0
NP,Nepal,1987,wheat,729.0,729.0,0.0
NP,Nepal,1988,maize,1072.0,1072.0,0.0
NP,Nepal,1988,rice,2186.0,0.0,0.0
NP,Nepal,1988,wheat,754.0,754.0,0.0
NP,Nepal,1989,maize,1201.0,1201.0,0.0
NP,Nepal,1989,rice,2259.0,0.0,0.0
NP,Nepal,1989,wheat,831.0,831.0,0.0
NP,Nepal,1990,maize,1231.0,1231.0,0.0
NP,Nepal,1990,rice,2337.0,0.0,0.0
NP,Nepal,1990,wheat,836.0,836.0,0.0
NP,Nepal,1991,maize,1205.0,1205.0,0.0
NP,Nepal,1991,rice,2150.0,0.0,0.0
NP,Nepal,1991,wheat,762.0,762.0,0.0
NP,Nepal,1992,maize,1291.0,1291.0,0.0
NP,Nepal,1992,rice,1723.0,0.0,0.0
NP,Nepal,1992,wheat,769.0,769.0,0.0
NP,Nepal,1993,maize,1254.0,1254.0,0.0
NP,Nepal,1993,rice,2346.0,0.0,0.0
NP,Nepal,1993,wheat,899.0,899.0,0.0
NP,Nepal,1994,maize,1302.0,1302.0,0.0
NP,Nepal,1994,rice,1946.0,0.0,0.0
NP,Nepal,1994,wheat,945.0,945.0,0.0
NP,Nepal,1995,maize,1331.0,1331.0,0.0
NP,Nepal,1995,rice,2434.0,0.0,0.0
NP,Nepal,1995,wheat,1032.0,1032.0,0.0
NP,Nepal,1996,maize,1317.0,1317.0,0.0
NP,Nepal,1996,rice,2492.0,0.0,0.0
NP,Nepal,1996,wheat,1060.0,1060.0,0.0
NP,Nepal,1997,maize,1367.0,1367.0,0.0
NP,Nepal,1997,rice,2427.0,0.0,0.0
NP,Nepal,1997,wheat,1004.0,1004.0,0.0
NP,Nepal,1998,maize,1346.0,1346.0,0.0
NP,Nepal,1998,rice,2473.0,0.0,0.0
NP,Nepal,1998,wheat,1090.0,1090.0,0.0
NP,Nepal,1999,maize,1445.0,1445.0,0.0
NP,Nepal,1999,rice,2703.0,0.0,0.0
NP,Nepal,1999,wheat,1167.0,1167.0,0.0
NP,Nepal,2000,maize,1484.0,1484.0,0.0
NP,Nepal,2000,rice,2831.0,0.0,0.0
NP,Nepal,2000,wheat,1155.0,1155.0,0.0
NP,Nepal,2001,maize,1511.0,1511.0,0.0
NP,Nepal,2001,rice,2795.0,0.0,0.0
NP,Nepal,2001,wheat,1250.0,1250.0,0.0
NP,Nepal,2002,maize,1572.0,1572.0,0.0
NP,Nepal,2002,rice,2765.0,0.0,0.0
NP,Nepal,2002,wheat,1345.0,1345.0,0.0
NP,Nepal,2003,maize,1603.0,1603.0,0.0
NP,Nepal,2003,rice,2974.0,0.0,0.0
NP,Nepal,2003,wheat,1397.0,1397.0,0.0
NP,Nepal,2004,maize,1730.0,1730.0,0.0
NP,Nepal,2004,rice,2871.0,0.0,0.0
NP,Nepal,2004,wheat,1441.0,1441.0,0.0
NP,Nepal,2005,maize,1700.0,1600.0,100.0
NP,Nepal,2005,rice,2972.0,0.0,0.0
NP,Nepal,2005,wheat,1402.0,1402.0,0.0
NP,Nepal,2006,maize,1800.0,1700.0,100.0
NP,Nepal,2006,rice,2643.0,0.0,0.0
NP,Nepal,2006,wheat,1518.0,1518.0,0.0
NP,Nepal,2007,maize,1900.0,1700.0,200.0
NP,Nepal,2007,rice,2947.0,0.0,0.0
NP,Nepal,2007,wheat,1566.0,1566.0,0.0
NP,Nepal,2008,maize,1900.0,1700.0,200.0
NP,Nepal,2008,rice,3045.0,0.0,0.0
NP,Nepal,2008,wheat,1337.0,1337.0,0.0
NP,Nepal,2009,maize,2070.0,1870.0,200.0
NP,Nepal,2009,rice,2729.0,0.0,0.0
NP,Nepal,2009,wheat,1551.0,1551.0,0.0
NP,Nepal,2010,maize,2200.0,1900.0,300.0
NP,Nepal,2010,rice,3006.0,0.0,0.0
NP,Nepal,2010,wheat,1752.0,1752.0,0.0
NP,Nepal,2011,maize,2400.0,1900.0,500.0
NP,Nepal,2011,rice,3677.0,0.0,0.0
NP,Nepal,2011,wheat,1849.0,1849.0,0.0
NP,Nepal,2012,maize,2250.0,1750.0,500.0
NP,Nepal,2012,rice,3470.0,0.0,0.0
NP,Nepal,2012,wheat,1927.0,1927.0,0.0
NP,Nepal,2013,maize,2500.0,2000.0,500.0
NP,Nepal,2013,rice,3831.0,0.0,0.0
NP,Nepal,2013,wheat,2010.0,2010.0,0.0
NP,Nepal,2014,maize,2400.0,1900.0,500.0
NP,Nepal,2014,rice,3770.0,0.0,0.0
NP,Nepal,2014,wheat,2066.0,2066.0,0.0
NP,Nepal,2015,maize,2550.0,1950.0,600.0
NP,Nepal,2015,rice,3353.0,0.0,0.0
NP,Nepal,2015,wheat,1921.0,1921.0,0.0
NP,Nepal,2016,maize,2500.0,1800.0,700.0
NP,Nepal,2016,rice,4033.0,0.0,0.0
NP,Nepal,2016,wheat,2053.0,2053.0,0.0
NP,Nepal,2017,maize,2700.0,1700.0,1000.0
NP,Nepal,2017,rice,4101.0,0.0,0.0
NP,Nepal,2017,wheat,2068.0,2068.0,0.0
NP,Nepal,2018,maize,3000.0,1900.0,1100.0
NP,Nepal,2018,rice,4376.0,0.0,0.0
NP,Nepal,2018,wheat,2185.0,2185.0,0.0
NP,Nepal,2019,maize,3200.0,2000.0,1200.0
NP,Nepal,2019,rice,4522.0,0.0,0.0
NP,Nepal,2019,wheat,2399.0,2399.0,0.0
NP,Nepal,2020,maize,3500.0,2100.0,1400.0
NP,Nepal,2020,rice,4969.0,0.0,0.0
NP,Nepal,2020,wheat,2519.0,2519.0,0.0
NP,Nepal,2021,maize,3500.0,2000.0,1500.0
NP,Nepal,2021,rice,4412.0,0.0,0.0
NP,Nepal,2021,wheat,2354.0,2354.0,0.0
NP,Nepal,2022,maize,3500.0,2000.0,1500.0
NP,Nepal,2022,rice,4249.0,0.0,0.0
NP,Nepal,2022,wheat,2130.0,2130.0,0.0
NP,Nepal,2023,maize,3500.0,2000.0,1500.0
NP,Nepal,2023,rice,4022.0,0.0,0.0
NP,Nepal,2023,wheat,2208.0,2208.0,0.0
NP,Nepal,2024,maize,3500.0,2000.0,1500.0
NP,Nepal,2024,rice,4629.0,0.0,0.0
NP,Nepal,2024,wheat,2092.0,2092.0,0.0
NP,Nepal,2025,maize,3500.0,2000.0,1500.0
NP,Nepal,2025,rice,4500.0,0.0,0.0
NP,Nepal,2025,wheat,2304.0,2304.0,0.0
NP,Nepal,2026,maize,3500.0,2000.0,1500.0
NP,Nepal,2026,rice,4650.0,0.0,0.0
NP,Nepal,2026,wheat,2590.0,2590.0,0.0
NS,Suriname,1960,rice,26.0,0.0,0.0
NS,Suriname,1961,rice,24.0,0.0,0.0
NS,Suriname,1962,rice,28.0,0.0,0.0
NS,Suriname,1963,rice,33.0,0.0,0.0
NS,Suriname,1964,rice,34.0,0.0,0.0
NS,Suriname,1965,rice,43.0,0.0,0.0
NS,Suriname,1966,rice,37.0,0.0,0.0
NS,Suriname,1967,rice,44.0,0.0,0.0
NS,Suriname,1968,rice,50.0,0.0,0.0
NS,Suriname,1969,rice,55.0,0.0,0.0
NS,Suriname,1970,rice,60.0,0.0,0.0
NS,Suriname,1971,rice,55.0,0.0,0.0
NS,Suriname,1972,rice,33.0,0.0,0.0
NS,Suriname,1973,rice,62.0,0.0,0.0
NS,Suriname,1974,rice,53.0,0.0,0.0
NS,Suriname,1975,rice,53.0,0.0,0.0
NS,Suriname,1976,rice,54.0,0.0,0.0
NS,Suriname,1977,rice,46.0,0.0,0.0
NS,Suriname,1978,rice,44.0,0.0,0.0
NS,Suriname,1979,rice,80.0,0.0,0.0
NS,Suriname,1980,rice,80.0,0.0,0.0
NS,Suriname,1981,rice,78.0,0.0,0.0
NS,Suriname,1982,rice,59.0,0.0,0.0
NS,Suriname,1983,rice,89.0,0.0,0.0
NS,Suriname,1984,rice,79.0,0.0,0.0
NS,Suriname,1985,rice,89.0,0.0,0.0
NS,Suriname,1986,rice,76.0,0.0,0.0
NS,Suriname,1987,rice,93.0,0.0,0.0
NS,Suriname,1988,rice,95.0,0.0,0.0
NS,Suriname,1989,rice,101.0,0.0,0.0
NS,Suriname,1990,rice,77.0,0.0,0.0
NS,Suriname,1991,rice,65.0,0.0,0.0
NS,Suriname,1992,rice,97.0,0.0,0.0
NS,Suriname,1993,rice,57.0,0.0,0.0
NS,Suriname,1994,rice,75.0,0.0,0.0
NS,Suriname,1995,rice,71.0,0.0,0.0
NS,Suriname,1996,rice,73.0,0.0,0.0
NS,Suriname,1997,rice,82.0,0.0,0.0
NS,Suriname,1998,rice,57.0,0.0,0.0
NS,Suriname,1999,rice,77.0,0.0,0.0
NS,Suriname,2000,rice,61.0,0.0,0.0
NS,Suriname,2001,rice,63.0,0.0,0.0
NS,Suriname,2002,rice,65.0,0.0,0.0
NS,Suriname,2003,rice,79.0,0.0,0.0
NS,Suriname,2004,rice,81.0,0.0,0.0
NS,Suriname,2005,rice,66.0,0.0,0.0
NS,Suriname,2006,rice,67.0,0.0,0.0
NS,Suriname,2007,rice,65.0,0.0,0.0
NS,Suriname,2008,rice,74.0,0.0,0.0
NS,Suriname,2009,rice,103.0,0.0,0.0
NS,Suriname,2010,rice,65.0,0.0,0.0
NS,Suriname,2011,rice,106.0,0.0,0.0
NS,Suriname,2012,rice,79.0,0.0,0.0
NS,Suriname,2013,rice,102.0,0.0,0.0
NS,Suriname,2014,rice,87.0,0.0,0.0
NS,Suriname,2015,rice,79.0,0.0,0.0
NS,Suriname,2016,rice,66.0,0.0,0.0
NS,Suriname,2017,rice,92.0,0.0,0.0
NS,Suriname,2018,rice,78.0,0.0,0.0
NS,Suriname,2019,rice,73.0,0.0,0.0
NS,Suriname,2020,rice,72.0,0.0,0.0
NS,Suriname,2021,rice,82.0,0.0,0.0
NS,Suriname,2022,rice,61.0,0.0,0.0
NS,Suriname,2023,rice,68.0,0.0,0.0
NS,Suriname,2024,rice,70.0,0.0,0.0
NS,Suriname,2025,rice,70.0,0.0,0.0
NS,Suriname,2026,rice,70.0,0.0,0.0
NU,Nicaragua,1960,maize,118.0,98.0,20.0
NU,Nicaragua,1960,rice,27.0,0.0,0.0
NU,Nicaragua,1960,wheat,20.0,20.0,0.0
NU,Nicaragua,1961,maize,126.0,104.0,22.0
NU,Nicaragua,1961,rice,23.0,0.0,0.0
NU,Nicaragua,1961,wheat,54.0,54.0,0.0
NU,Nicaragua,1962,maize,126.0,104.0,22.0
NU,Nicaragua,1962,rice,26.0,0.0,0.0
NU,Nicaragua,1962,wheat,25.0,25.0,0.0
NU,Nicaragua,1963,maize,146.0,121.0,25.0
NU,Nicaragua,1963,rice,37.0,0.0,0.0
NU,Nicaragua,1963,wheat,57.0,57.0,0.0
NU,Nicaragua,1964,maize,166.0,137.0,29.0
NU,Nicaragua,1964,rice,40.0,0.0,0.0
NU,Nicaragua,1964,wheat,30.0,30.0,0.0
NU,Nicaragua,1965,maize,175.0,145.0,30.0
NU,Nicaragua,1965,rice,44.0,0.0,0.0
NU,Nicaragua,1965,wheat,33.0,33.0,0.0
NU,Nicaragua,1966,maize,179.0,148.0,31.0
NU,Nicaragua,1966,rice,52.0,0.0,0.0
NU,Nicaragua,1966,wheat,37.0,37.0,0.0
NU,Nicaragua,1967,maize,207.0,171.0,36.0
NU,Nicaragua,1967,rice,55.0,0.0,0.0
NU,Nicaragua,1967,wheat,34.0,34.0,0.0
NU,Nicaragua,1968,maize,210.0,173.0,37.0
NU,Nicaragua,1968,rice,48.0,0.0,0.0
NU,Nicaragua,1968,wheat,38.0,38.0,0.0
NU,Nicaragua,1969,maize,228.0,189.0,39.0
NU,Nicaragua,1969,rice,21.0,0.0,0.0
NU,Nicaragua,1969,wheat,33.0,33.0,0.0
NU,Nicaragua,1970,maize,171.0,161.0,10.0
NU,Nicaragua,1970,rice,39.0,0.0,0.0
NU,Nicaragua,1970,wheat,40.0,40.0,0.0
NU,Nicaragua,1971,maize,233.0,216.0,17.0
NU,Nicaragua,1971,rice,46.0,0.0,0.0
NU,Nicaragua,1971,wheat,36.0,36.0,0.0
NU,Nicaragua,1972,maize,189.0,179.0,10.0
NU,Nicaragua,1972,rice,42.0,0.0,0.0
NU,Nicaragua,1972,wheat,44.0,44.0,0.0
NU,Nicaragua,1973,maize,236.0,203.0,33.0
NU,Nicaragua,1973,rice,46.0,0.0,0.0
NU,Nicaragua,1973,wheat,44.0,44.0,0.0
NU,Nicaragua,1974,maize,245.0,201.0,44.0
NU,Nicaragua,1974,rice,53.0,0.0,0.0
NU,Nicaragua,1974,wheat,45.0,45.0,0.0
NU,Nicaragua,1975,maize,225.0,190.0,35.0
NU,Nicaragua,1975,rice,49.0,0.0,0.0
NU,Nicaragua,1975,wheat,46.0,46.0,0.0
NU,Nicaragua,1976,maize,220.0,190.0,30.0
NU,Nicaragua,1976,rice,61.0,0.0,0.0
NU,Nicaragua,1976,wheat,50.0,50.0,0.0
NU,Nicaragua,1977,maize,222.0,192.0,30.0
NU,Nicaragua,1977,rice,45.0,0.0,0.0
NU,Nicaragua,1977,wheat,55.0,55.0,0.0
NU,Nicaragua,1978,maize,201.0,181.0,20.0
NU,Nicaragua,1978,rice,66.0,0.0,0.0
NU,Nicaragua,1978,wheat,62.0,62.0,0.0
NU,Nicaragua,1979,maize,185.0,172.0,13.0
NU,Nicaragua,1979,rice,73.0,0.0,0.0
NU,Nicaragua,1979,wheat,50.0,50.0,0.0
NU,Nicaragua,1980,maize,199.0,199.0,0.0
NU,Nicaragua,1980,rice,56.0,0.0,0.0
NU,Nicaragua,1980,wheat,78.0,78.0,0.0
NU,Nicaragua,1981,maize,220.0,220.0,0.0
NU,Nicaragua,1981,rice,69.0,0.0,0.0
NU,Nicaragua,1981,wheat,63.0,63.0,0.0
NU,Nicaragua,1982,maize,245.0,245.0,0.0
NU,Nicaragua,1982,rice,104.0,0.0,0.0
NU,Nicaragua,1982,wheat,57.0,57.0,0.0
NU,Nicaragua,1983,maize,242.0,242.0,0.0
NU,Nicaragua,1983,rice,97.0,0.0,0.0
NU,Nicaragua,1983,wheat,106.0,106.0,0.0
NU,Nicaragua,1984,maize,220.0,220.0,0.0
NU,Nicaragua,1984,rice,82.0,0.0,0.0
NU,Nicaragua,1984,wheat,60.0,60.0,0.0
NU,Nicaragua,1985,maize,284.0,284.0,0.0
NU,Nicaragua,1985,rice,105.0,0.0,0.0
NU,Nicaragua,1985,wheat,44.0,44.0,0.0
NU,Nicaragua,1986,maize,234.0,234.0,0.0
NU,Nicaragua,1986,rice,118.0,0.0,0.0
NU,Nicaragua,1986,wheat,82.0,82.0,0.0
NU,Nicaragua,1987,maize,277.0,277.0,0.0
NU,Nicaragua,1987,rice,110.0,0.0,0.0
NU,Nicaragua,1987,wheat,57.0,57.0,0.0
NU,Nicaragua,1988,maize,265.0,265.0,0.0
NU,Nicaragua,1988,rice,104.0,0.0,0.0
NU,Nicaragua,1988,wheat,66.0,66.0,0.0
NU,Nicaragua,1989,maize,268.0,268.0,0.0
NU,Nicaragua,1989,rice,77.0,0.0,0.0
NU,Nicaragua,1989,wheat,64.0,64.0,0.0
NU,Nicaragua,1990,maize,202.0,187.0,15.0
NU,Nicaragua,1990,rice,105.0,0.0,0.0
NU,Nicaragua,1990,wheat,86.0,86.0,0.0
NU,Nicaragua,1991,maize,243.0,223.0,20.0
NU,Nicaragua,1991,rice,102.0,0.0,0.0
NU,Nicaragua,1991,wheat,77.0,77.0,0.0
NU,Nicaragua,1992,maize,230.0,205.0,25.0
NU,Nicaragua,1992,rice,113.0,0.0,0.0
NU,Nicaragua,1992,wheat,85.0,85.0,0.0
NU,Nicaragua,1993,maize,295.0,273.0,22.0
NU,Nicaragua,1993,rice,150.0,0.0,0.0
NU,Nicaragua,1993,wheat,86.0,86.0,0.0
NU,Nicaragua,1994,maize,298.0,273.0,25.0
NU,Nicaragua,1994,rice,169.0,0.0,0.0
NU,Nicaragua,1994,wheat,74.0,74.0,0.0
NU,Nicaragua,1995,maize,332.0,297.0,35.0
NU,Nicaragua,1995,rice,182.0,0.0,0.0
NU,Nicaragua,1995,wheat,83.0,83.0,0.0
NU,Nicaragua,1996,maize,334.0,269.0,65.0
NU,Nicaragua,1996,rice,190.0,0.0,0.0
NU,Nicaragua,1996,wheat,108.0,108.0,0.0
NU,Nicaragua,1997,maize,288.0,258.0,30.0
NU,Nicaragua,1997,rice,221.0,0.0,0.0
NU,Nicaragua,1997,wheat,86.0,86.0,0.0
NU,Nicaragua,1998,maize,375.0,305.0,70.0
NU,Nicaragua,1998,rice,227.0,0.0,0.0
NU,Nicaragua,1998,wheat,97.0,97.0,0.0
NU,Nicaragua,1999,maize,400.0,315.0,85.0
NU,Nicaragua,1999,rice,215.0,0.0,0.0
NU,Nicaragua,1999,wheat,88.0,88.0,0.0
NU,Nicaragua,2000,maize,480.0,300.0,180.0
NU,Nicaragua,2000,rice,245.0,0.0,0.0
NU,Nicaragua,2000,wheat,95.0,95.0,0.0
NU,Nicaragua,2001,maize,470.0,300.0,170.0
NU,Nicaragua,2001,rice,260.0,0.0,0.0
NU,Nicaragua,2001,wheat,111.0,111.0,0.0
NU,Nicaragua,2002,maize,540.0,300.0,240.0
NU,Nicaragua,2002,rice,280.0,0.0,0.0
NU,Nicaragua,2002,wheat,96.0,96.0,0.0
NU,Nicaragua,2003,maize,600.0,300.0,300.0
NU,Nicaragua,2003,rice,300.0,0.0,0.0
NU,Nicaragua,2003,wheat,121.0,121.0,0.0
NU,Nicaragua,2004,maize,580.0,280.0,300.0
NU,Nicaragua,2004,rice,300.0,0.0,0.0
NU,Nicaragua,2004,wheat,114.0,114.0,0.0
NU,Nicaragua,2005,maize,550.0,300.0,250.0
NU,Nicaragua,2005,rice,300.0,0.0,0.0
NU,Nicaragua,2005,wheat,126.0,126.0,0.0
NU,Nicaragua,2006,maize,475.0,275.0,200.0
NU,Nicaragua,2006,rice,290.0,0.0,0.0
NU,Nicaragua,2006,wheat,121.0,121.0,0.0
NU,Nicaragua,2007,maize,475.0,275.0,200.0
NU,Nicaragua,2007,rice,280.0,0.0,0.0
NU,Nicaragua,2007,wheat,113.0,113.0,0.0
NU,Nicaragua,2008,maize,450.0,250.0,200.0
NU,Nicaragua,2008,rice,270.0,0.0,0.0
NU,Nicaragua,2008,wheat,120.0,120.0,0.0
NU,Nicaragua,2009,maize,425.0,250.0,175.0
NU,Nicaragua,2009,rice,270.0,0.0,0.0
NU,Nicaragua,2009,wheat,136.0,136.0,0.0
NU,Nicaragua,2010,maize,400.0,250.0,150.0
NU,Nicaragua,2010,rice,280.0,0.0,0.0
NU,Nicaragua,2010,wheat,160.0,160.0,0.0
NU,Nicaragua,2011,maize,475.0,300.0,175.0
NU,Nicaragua,2011,rice,290.0,0.0,0.0
NU,Nicaragua,2011,wheat,165.0,165.0,0.0
NU,Nicaragua,2012,maize,550.0,325.0,225.0
NU,Nicaragua,2012,rice,275.0,0.0,0.0
NU,Nicaragua,2012,wheat,150.0,150.0,0.0
NU,Nicaragua,2013,maize,650.0,350.0,300.0
NU,Nicaragua,2013,rice,285.0,0.0,0.0
NU,Nicaragua,2013,wheat,170.0,170.0,0.0
NU,Nicaragua,2014,maize,600.0,325.0,275.0
NU,Nicaragua,2014,rice,295.0,0.0,0.0
NU,Nicaragua,2014,wheat,170.0,170.0,0.0
NU,Nicaragua,2015,maize,575.0,375.0,200.0
NU,Nicaragua,2015,rice,300.0,0.0,0.0
NU,Nicaragua,2015,wheat,150.0,150.0,0.0
NU,Nicaragua,2016,maize,700.0,400.0,300.0
NU,Nicaragua,2016,rice,315.0,0.0,0.0
NU,Nicaragua,2016,wheat,170.0,170.0,0.0
NU,Nicaragua,2017,maize,775.0,400.0,375.0
NU,Nicaragua,2017,rice,325.0,0.0,0.0
NU,Nicaragua,2017,wheat,150.0,150.0,0.0
NU,Nicaragua,2018,maize,750.0,400.0,350.0
NU,Nicaragua,2018,rice,330.0,0.0,0.0
NU,Nicaragua,2018,wheat,150.0,150.0,0.0
NU,Nicaragua,2019,maize,825.0,400.0,425.0
NU,Nicaragua,2019,rice,345.0,0.0,0.0
NU,Nicaragua,2019,wheat,140.0,140.0,0.0
NU,Nicaragua,2020,maize,950.0,450.0,500.0
NU,Nicaragua,2020,rice,365.0,0.0,0.0
NU,Nicaragua,2020,wheat,190.0,190.0,0.0
NU,Nicaragua,2021,maize,950.0,450.0,500.0
NU,Nicaragua,2021,rice,375.0,0.0,0.0
NU,Nicaragua,2021,wheat,180.0,180.0,0.0
NU,Nicaragua,2022,maize,950.0,450.0,500.0
NU,Nicaragua,2022,rice,385.0,0.0,0.0
NU,Nicaragua,2022,wheat,180.0,180.0,0.0
NU,Nicaragua,2023,maize,925.0,450.0,475.0
NU,Nicaragua,2023,rice,395.0,0.0,0.0
NU,Nicaragua,2023,wheat,200.0,200.0,0.0
NU,Nicaragua,2024,maize,925.0,450.0,475.0
NU,Nicaragua,2024,rice,415.0,0.0,0.0
NU,Nicaragua,2024,wheat,300.0,300.0,0.0
NU,Nicaragua,2025,maize,1100.0,450.0,650.0
NU,Nicaragua,2025,rice,420.0,0.0,0.0
NU,Nicaragua,2025,wheat,265.0,265.0,0.0
NU,Nicaragua,2026,maize,1100.0,475.0,625.0
NU,Nicaragua,2026,rice,430.0,0.0,0.0
NU,Nicaragua,2026,wheat,300.0,300.0,0.0
NZ,New Zealand,1960,maize,10.0,1.0,9.0
NZ,New Zealand,1960,wheat,289.0,208.0,81.0
NZ,New Zealand,1961,maize,14.0,1.0,13.0
NZ,New Zealand,1961,wheat,397.0,286.0,111.0
NZ,New Zealand,1962,maize,15.0,1.0,14.0
NZ,New Zealand,1962,wheat,439.0,316.0,123.0
NZ,New Zealand,1963,maize,21.0,1.0,20.0
NZ,New Zealand,1963,wheat,443.0,319.0,124.0
NZ,New Zealand,1964,maize,25.0,1.0,24.0
NZ,New Zealand,1964,wheat,418.0,315.0,103.0
NZ,New Zealand,1965,maize,19.0,1.0,18.0
NZ,New Zealand,1965,wheat,446.0,319.0,127.0
NZ,New Zealand,1966,maize,18.0,1.0,17.0
NZ,New Zealand,1966,wheat,462.0,302.0,160.0
NZ,New Zealand,1967,maize,38.0,1.0,37.0
NZ,New Zealand,1967,wheat,493.0,330.0,163.0
NZ,New Zealand,1968,maize,53.0,1.0,52.0
NZ,New Zealand,1968,wheat,419.0,289.0,130.0
NZ,New Zealand,1969,maize,59.0,1.0,58.0
NZ,New Zealand,1969,wheat,207.0,191.0,16.0
NZ,New Zealand,1970,maize,102.0,1.0,101.0
NZ,New Zealand,1970,wheat,389.0,279.0,110.0
NZ,New Zealand,1971,maize,116.0,19.0,97.0
NZ,New Zealand,1971,wheat,441.0,357.0,84.0
NZ,New Zealand,1972,maize,118.0,11.0,107.0
NZ,New Zealand,1972,wheat,398.0,343.0,55.0
NZ,New Zealand,1973,maize,130.0,20.0,110.0
NZ,New Zealand,1973,wheat,318.0,278.0,40.0
NZ,New Zealand,1974,maize,131.0,17.0,114.0
NZ,New Zealand,1974,wheat,314.0,300.0,14.0
NZ,New Zealand,1975,maize,184.0,35.0,149.0
NZ,New Zealand,1975,wheat,341.0,281.0,60.0
NZ,New Zealand,1976,maize,164.0,25.0,139.0
NZ,New Zealand,1976,wheat,350.0,300.0,50.0
NZ,New Zealand,1977,maize,154.0,30.0,124.0
NZ,New Zealand,1977,wheat,350.0,300.0,50.0
NZ,New Zealand,1978,maize,121.0,15.0,106.0
NZ,New Zealand,1978,wheat,355.0,300.0,55.0
NZ,New Zealand,1979,maize,127.0,18.0,109.0
NZ,New Zealand,1979,wheat,358.0,300.0,58.0
NZ,New Zealand,1980,maize,129.0,8.0,121.0
NZ,New Zealand,1980,wheat,370.0,310.0,60.0
NZ,New Zealand,1981,maize,112.0,17.0,95.0
NZ,New Zealand,1981,wheat,341.0,281.0,60.0
NZ,New Zealand,1982,maize,115.0,15.0,100.0
NZ,New Zealand,1982,wheat,372.0,317.0,55.0
NZ,New Zealand,1983,maize,155.0,25.0,130.0
NZ,New Zealand,1983,wheat,390.0,319.0,71.0
NZ,New Zealand,1984,maize,155.0,25.0,130.0
NZ,New Zealand,1984,wheat,381.0,310.0,71.0
NZ,New Zealand,1985,maize,205.0,31.0,174.0
NZ,New Zealand,1985,wheat,358.0,293.0,65.0
NZ,New Zealand,1986,maize,216.0,76.0,140.0
NZ,New Zealand,1986,wheat,364.0,296.0,68.0
NZ,New Zealand,1987,maize,210.0,60.0,150.0
NZ,New Zealand,1987,wheat,412.0,342.0,70.0
NZ,New Zealand,1988,maize,188.0,38.0,150.0
NZ,New Zealand,1988,wheat,420.0,397.0,23.0
NZ,New Zealand,1989,maize,187.0,37.0,150.0
NZ,New Zealand,1989,wheat,330.0,285.0,45.0
NZ,New Zealand,1990,maize,181.0,31.0,150.0
NZ,New Zealand,1990,wheat,328.0,293.0,35.0
NZ,New Zealand,1991,maize,189.0,26.0,163.0
NZ,New Zealand,1991,wheat,347.0,312.0,35.0
NZ,New Zealand,1992,maize,180.0,22.0,158.0
NZ,New Zealand,1992,wheat,422.0,387.0,35.0
NZ,New Zealand,1993,maize,177.0,32.0,145.0
NZ,New Zealand,1993,wheat,476.0,446.0,30.0
NZ,New Zealand,1994,maize,177.0,25.0,152.0
NZ,New Zealand,1994,wheat,487.0,457.0,30.0
NZ,New Zealand,1995,maize,173.0,18.0,155.0
NZ,New Zealand,1995,wheat,422.0,392.0,30.0
NZ,New Zealand,1996,maize,144.0,14.0,130.0
NZ,New Zealand,1996,wheat,552.0,522.0,30.0
NZ,New Zealand,1997,maize,142.0,12.0,130.0
NZ,New Zealand,1997,rice,27.0,0.0,0.0
NZ,New Zealand,1997,wheat,518.0,483.0,35.0
NZ,New Zealand,1998,maize,156.0,16.0,140.0
NZ,New Zealand,1998,rice,28.0,0.0,0.0
NZ,New Zealand,1998,wheat,447.0,407.0,40.0
NZ,New Zealand,1999,maize,155.0,15.0,140.0
NZ,New Zealand,1999,rice,29.0,0.0,0.0
NZ,New Zealand,1999,wheat,544.0,504.0,40.0
NZ,New Zealand,2000,maize,155.0,15.0,140.0
NZ,New Zealand,2000,rice,29.0,0.0,0.0
NZ,New Zealand,2000,wheat,552.0,512.0,40.0
NZ,New Zealand,2001,maize,175.0,20.0,155.0
NZ,New Zealand,2001,rice,35.0,0.0,0.0
NZ,New Zealand,2001,wheat,601.0,561.0,40.0
NZ,New Zealand,2002,maize,175.0,20.0,155.0
NZ,New Zealand,2002,rice,37.0,0.0,0.0
NZ,New Zealand,2002,wheat,650.0,610.0,40.0
NZ,New Zealand,2003,maize,225.0,25.0,200.0
NZ,New Zealand,2003,rice,37.0,0.0,0.0
NZ,New Zealand,2003,wheat,650.0,610.0,40.0
NZ,New Zealand,2004,maize,225.0,25.0,200.0
NZ,New Zealand,2004,rice,35.0,0.0,0.0
NZ,New Zealand,2004,wheat,650.0,610.0,40.0
NZ,New Zealand,2005,maize,225.0,25.0,200.0
NZ,New Zealand,2005,rice,37.0,0.0,0.0
NZ,New Zealand,2005,wheat,660.0,610.0,50.0
NZ,New Zealand,2006,maize,225.0,25.0,200.0
NZ,New Zealand,2006,rice,39.0,0.0,0.0
NZ,New Zealand,2006,wheat,660.0,610.0,50.0
NZ,New Zealand,2007,maize,200.0,25.0,175.0
NZ,New Zealand,2007,rice,41.0,0.0,0.0
NZ,New Zealand,2007,wheat,658.0,583.0,75.0
NZ,New Zealand,2008,maize,200.0,25.0,175.0
NZ,New Zealand,2008,rice,42.0,0.0,0.0
NZ,New Zealand,2008,wheat,625.0,550.0,75.0
NZ,New Zealand,2009,maize,225.0,25.0,200.0
NZ,New Zealand,2009,rice,43.0,0.0,0.0
NZ,New Zealand,2009,wheat,650.0,550.0,100.0
NZ,New Zealand,2010,maize,200.0,25.0,175.0
NZ,New Zealand,2010,rice,42.0,0.0,0.0
NZ,New Zealand,2010,wheat,680.0,555.0,125.0
NZ,New Zealand,2011,maize,200.0,25.0,175.0
NZ,New Zealand,2011,rice,41.0,0.0,0.0
NZ,New Zealand,2011,wheat,960.0,560.0,400.0
NZ,New Zealand,2012,maize,200.0,25.0,175.0
NZ,New Zealand,2012,rice,42.0,0.0,0.0
NZ,New Zealand,2012,wheat,990.0,565.0,425.0
NZ,New Zealand,2013,maize,250.0,25.0,225.0
NZ,New Zealand,2013,rice,46.0,0.0,0.0
NZ,New Zealand,2013,wheat,945.0,570.0,375.0
NZ,New Zealand,2014,maize,425.0,25.0,400.0
NZ,New Zealand,2014,rice,45.0,0.0,0.0
NZ,New Zealand,2014,wheat,950.0,570.0,380.0
NZ,New Zealand,2015,maize,310.0,25.0,285.0
NZ,New Zealand,2015,rice,46.0,0.0,0.0
NZ,New Zealand,2015,wheat,950.0,575.0,375.0
NZ,New Zealand,2016,maize,225.0,25.0,200.0
NZ,New Zealand,2016,rice,49.0,0.0,0.0
NZ,New Zealand,2016,wheat,950.0,575.0,375.0
NZ,New Zealand,2017,maize,291.0,25.0,266.0
NZ,New Zealand,2017,rice,52.0,0.0,0.0
NZ,New Zealand,2017,wheat,970.0,580.0,390.0
NZ,New Zealand,2018,maize,425.0,25.0,400.0
NZ,New Zealand,2018,rice,53.0,0.0,0.0
NZ,New Zealand,2018,wheat,930.0,580.0,350.0
NZ,New Zealand,2019,maize,340.0,25.0,315.0
NZ,New Zealand,2019,rice,61.0,0.0,0.0
NZ,New Zealand,2019,wheat,920.0,590.0,330.0
NZ,New Zealand,2020,maize,285.0,25.0,260.0
NZ,New Zealand,2020,rice,53.0,0.0,0.0
NZ,New Zealand,2020,wheat,940.0,600.0,340.0
NZ,New Zealand,2021,maize,255.0,25.0,230.0
NZ,New Zealand,2021,rice,54.0,0.0,0.0
NZ,New Zealand,2021,wheat,980.0,610.0,370.0
NZ,New Zealand,2022,maize,220.0,25.0,195.0
NZ,New Zealand,2022,rice,58.0,0.0,0.0
NZ,New Zealand,2022,wheat,1165.0,615.0,550.0
NZ,New Zealand,2023,maize,225.0,25.0,200.0
NZ,New Zealand,2023,rice,67.0,0.0,0.0
NZ,New Zealand,2023,wheat,1090.0,640.0,450.0
NZ,New Zealand,2024,maize,305.0,25.0,280.0
NZ,New Zealand,2024,rice,65.0,0.0,0.0
NZ,New Zealand,2024,wheat,1110.0,660.0,450.0
NZ,New Zealand,2025,maize,275.0,25.0,250.0
NZ,New Zealand,2025,rice,70.0,0.0,0.0
NZ,New Zealand,2025,wheat,1120.0,670.0,450.0
NZ,New Zealand,2026,maize,275.0,25.0,250.0
NZ,New Zealand,2026,rice,75.0,0.0,0.0
NZ,New Zealand,2026,wheat,1150.0,700.0,450.0
OD,South Sudan,2011,maize,75.0,75.0,0.0
OD,South Sudan,2012,maize,142.0,142.0,0.0
OD,South Sudan,2013,maize,181.0,181.0,0.0
OD,South Sudan,2014,maize,273.0,273.0,0.0
OD,South Sudan,2015,maize,145.0,145.0,0.0
OD,South Sudan,2016,maize,112.0,112.0,0.0
OD,South Sudan,2017,maize,162.0,162.0,0.0
OD,South Sudan,2018,maize,155.0,145.0,10.0
OD,South Sudan,2019,maize,180.0,170.0,10.0
OD,South Sudan,2020,maize,190.0,180.0,10.0
OD,South Sudan,2021,maize,185.0,175.0,10.0
OD,South Sudan,2022,maize,230.0,220.0,10.0
OD,South Sudan,2023,maize,155.0,145.0,10.0
OD,South Sudan,2024,maize,170.0,160.0,10.0
OD,South Sudan,2025,maize,195.0,185.0,10.0
OD,South Sudan,2026,maize,195.0,185.0,10.0
PA,Paraguay,1960,maize,100.0,100.0,0.0
PA,Paraguay,1960,rice,13.0,0.0,0.0
PA,Paraguay,1960,wheat,80.0,80.0,0.0
PA,Paraguay,1961,maize,116.0,116.0,0.0
PA,Paraguay,1961,rice,11.0,0.0,0.0
PA,Paraguay,1961,wheat,101.0,101.0,0.0
PA,Paraguay,1962,maize,115.0,115.0,0.0
PA,Paraguay,1962,rice,10.0,0.0,0.0
PA,Paraguay,1962,wheat,83.0,83.0,0.0
PA,Paraguay,1963,maize,197.0,197.0,0.0
PA,Paraguay,1963,rice,13.0,0.0,0.0
PA,Paraguay,1963,wheat,90.0,90.0,0.0
PA,Paraguay,1964,maize,202.0,202.0,0.0
PA,Paraguay,1964,rice,14.0,0.0,0.0
PA,Paraguay,1964,wheat,87.0,87.0,0.0
PA,Paraguay,1965,maize,165.0,165.0,0.0
PA,Paraguay,1965,rice,7.0,0.0,0.0
PA,Paraguay,1965,wheat,82.0,82.0,0.0
PA,Paraguay,1966,maize,216.0,216.0,0.0
PA,Paraguay,1966,rice,12.0,0.0,0.0
PA,Paraguay,1966,wheat,102.0,102.0,0.0
PA,Paraguay,1967,maize,177.0,177.0,0.0
PA,Paraguay,1967,rice,14.0,0.0,0.0
PA,Paraguay,1967,wheat,111.0,111.0,0.0
PA,Paraguay,1968,maize,153.0,153.0,0.0
PA,Paraguay,1968,rice,18.0,0.0,0.0
PA,Paraguay,1968,wheat,125.0,125.0,0.0
PA,Paraguay,1969,maize,236.0,236.0,0.0
PA,Paraguay,1969,rice,29.0,0.0,0.0
PA,Paraguay,1969,wheat,106.0,106.0,0.0
PA,Paraguay,1970,maize,204.0,204.0,0.0
PA,Paraguay,1970,rice,31.0,0.0,0.0
PA,Paraguay,1970,wheat,110.0,110.0,0.0
PA,Paraguay,1971,maize,204.0,204.0,0.0
PA,Paraguay,1971,rice,25.0,0.0,0.0
PA,Paraguay,1971,wheat,109.0,109.0,0.0
PA,Paraguay,1972,maize,246.0,246.0,0.0
PA,Paraguay,1972,rice,27.0,0.0,0.0
PA,Paraguay,1972,wheat,74.0,74.0,0.0
PA,Paraguay,1973,maize,277.0,277.0,0.0
PA,Paraguay,1973,rice,33.0,0.0,0.0
PA,Paraguay,1973,wheat,84.0,84.0,0.0
PA,Paraguay,1974,maize,295.0,295.0,0.0
PA,Paraguay,1974,rice,36.0,0.0,0.0
PA,Paraguay,1974,wheat,73.0,73.0,0.0
PA,Paraguay,1975,maize,340.0,340.0,0.0
PA,Paraguay,1975,rice,37.0,0.0,0.0
PA,Paraguay,1975,wheat,70.0,70.0,0.0
PA,Paraguay,1976,maize,401.0,401.0,0.0
PA,Paraguay,1976,rice,45.0,0.0,0.0
PA,Paraguay,1976,wheat,90.0,90.0,0.0
PA,Paraguay,1977,maize,355.0,355.0,0.0
PA,Paraguay,1977,rice,38.0,0.0,0.0
PA,Paraguay,1977,wheat,106.0,106.0,0.0
PA,Paraguay,1978,maize,550.0,550.0,0.0
PA,Paraguay,1978,rice,37.0,0.0,0.0
PA,Paraguay,1978,wheat,119.0,119.0,0.0
PA,Paraguay,1979,maize,550.0,550.0,0.0
PA,Paraguay,1979,rice,27.0,0.0,0.0
PA,Paraguay,1979,wheat,146.0,146.0,0.0
PA,Paraguay,1980,maize,550.0,550.0,0.0
PA,Paraguay,1980,rice,29.0,0.0,0.0
PA,Paraguay,1980,wheat,158.0,158.0,0.0
PA,Paraguay,1981,maize,550.0,550.0,0.0
PA,Paraguay,1981,rice,41.0,0.0,0.0
PA,Paraguay,1981,wheat,163.0,163.0,0.0
PA,Paraguay,1982,maize,465.0,465.0,0.0
PA,Paraguay,1982,rice,47.0,0.0,0.0
PA,Paraguay,1982,wheat,160.0,160.0,0.0
PA,Paraguay,1983,maize,420.0,420.0,0.0
PA,Paraguay,1983,rice,54.0,0.0,0.0
PA,Paraguay,1983,wheat,210.0,210.0,0.0
PA,Paraguay,1984,maize,450.0,450.0,0.0
PA,Paraguay,1984,rice,65.0,0.0,0.0
PA,Paraguay,1984,wheat,254.0,254.0,0.0
PA,Paraguay,1985,maize,350.0,350.0,0.0
PA,Paraguay,1985,rice,42.0,0.0,0.0
PA,Paraguay,1985,wheat,240.0,240.0,0.0
PA,Paraguay,1986,maize,530.0,530.0,0.0
PA,Paraguay,1986,rice,70.0,0.0,0.0
PA,Paraguay,1986,wheat,284.0,284.0,0.0
PA,Paraguay,1987,maize,700.0,700.0,0.0
PA,Paraguay,1987,rice,54.0,0.0,0.0
PA,Paraguay,1987,wheat,290.0,265.0,25.0
PA,Paraguay,1988,maize,560.0,560.0,0.0
PA,Paraguay,1988,rice,58.0,0.0,0.0
PA,Paraguay,1988,wheat,300.0,275.0,25.0
PA,Paraguay,1989,maize,700.0,700.0,0.0
PA,Paraguay,1989,rice,58.0,0.0,0.0
PA,Paraguay,1989,wheat,362.0,337.0,25.0
PA,Paraguay,1990,maize,401.0,401.0,0.0
PA,Paraguay,1990,rice,23.0,0.0,0.0
PA,Paraguay,1990,wheat,296.0,271.0,25.0
PA,Paraguay,1991,maize,413.0,413.0,0.0
PA,Paraguay,1991,rice,33.0,0.0,0.0
PA,Paraguay,1991,wheat,288.0,263.0,25.0
PA,Paraguay,1992,maize,433.0,433.0,0.0
PA,Paraguay,1992,rice,54.0,0.0,0.0
PA,Paraguay,1992,wheat,340.0,315.0,25.0
PA,Paraguay,1993,maize,374.0,374.0,0.0
PA,Paraguay,1993,rice,48.0,0.0,0.0
PA,Paraguay,1993,wheat,336.0,311.0,25.0
PA,Paraguay,1994,maize,400.0,250.0,150.0
PA,Paraguay,1994,rice,57.0,0.0,0.0
PA,Paraguay,1994,wheat,365.0,340.0,25.0
PA,Paraguay,1995,maize,400.0,250.0,150.0
PA,Paraguay,1995,rice,53.0,0.0,0.0
PA,Paraguay,1995,wheat,270.0,245.0,25.0
PA,Paraguay,1996,maize,450.0,250.0,200.0
PA,Paraguay,1996,rice,54.0,0.0,0.0
PA,Paraguay,1996,wheat,250.0,225.0,25.0
PA,Paraguay,1997,maize,450.0,250.0,200.0
PA,Paraguay,1997,rice,64.0,0.0,0.0
PA,Paraguay,1997,wheat,100.0,100.0,0.0
PA,Paraguay,1998,maize,400.0,250.0,150.0
PA,Paraguay,1998,rice,98.0,0.0,0.0
PA,Paraguay,1998,wheat,275.0,250.0,25.0
PA,Paraguay,1999,maize,500.0,300.0,200.0
PA,Paraguay,1999,rice,84.0,0.0,0.0
PA,Paraguay,1999,wheat,300.0,250.0,50.0
PA,Paraguay,2000,maize,500.0,300.0,200.0
PA,Paraguay,2000,rice,60.0,0.0,0.0
PA,Paraguay,2000,wheat,375.0,275.0,100.0
PA,Paraguay,2001,maize,500.0,300.0,200.0
PA,Paraguay,2001,rice,55.0,0.0,0.0
PA,Paraguay,2001,wheat,500.0,300.0,200.0
PA,Paraguay,2002,maize,500.0,300.0,200.0
PA,Paraguay,2002,rice,50.0,0.0,0.0
PA,Paraguay,2002,wheat,410.0,310.0,100.0
PA,Paraguay,2003,maize,500.0,300.0,200.0
PA,Paraguay,2003,rice,50.0,0.0,0.0
PA,Paraguay,2003,wheat,415.0,315.0,100.0
PA,Paraguay,2004,maize,500.0,300.0,200.0
PA,Paraguay,2004,rice,45.0,0.0,0.0
PA,Paraguay,2004,wheat,345.0,320.0,25.0
PA,Paraguay,2005,maize,550.0,300.0,250.0
PA,Paraguay,2005,rice,45.0,0.0,0.0
PA,Paraguay,2005,wheat,420.0,320.0,100.0
PA,Paraguay,2006,maize,600.0,300.0,300.0
PA,Paraguay,2006,rice,40.0,0.0,0.0
PA,Paraguay,2006,wheat,425.0,325.0,100.0
PA,Paraguay,2007,maize,600.0,350.0,250.0
PA,Paraguay,2007,rice,40.0,0.0,0.0
PA,Paraguay,2007,wheat,425.0,325.0,100.0
PA,Paraguay,2008,maize,715.0,465.0,250.0
PA,Paraguay,2008,rice,40.0,0.0,0.0
PA,Paraguay,2008,wheat,500.0,400.0,100.0
PA,Paraguay,2009,maize,900.0,500.0,400.0
PA,Paraguay,2009,rice,40.0,0.0,0.0
PA,Paraguay,2009,wheat,500.0,400.0,100.0
PA,Paraguay,2010,maize,955.0,530.0,425.0
PA,Paraguay,2010,rice,50.0,0.0,0.0
PA,Paraguay,2010,wheat,500.0,450.0,50.0
PA,Paraguay,2011,maize,1000.0,550.0,450.0
PA,Paraguay,2011,rice,60.0,0.0,0.0
PA,Paraguay,2011,wheat,550.0,450.0,100.0
PA,Paraguay,2012,maize,1025.0,525.0,500.0
PA,Paraguay,2012,rice,60.0,0.0,0.0
PA,Paraguay,2012,wheat,500.0,450.0,50.0
PA,Paraguay,2013,maize,925.0,525.0,400.0
PA,Paraguay,2013,rice,65.0,0.0,0.0
PA,Paraguay,2013,wheat,600.0,500.0,100.0
PA,Paraguay,2014,maize,1100.0,550.0,550.0
PA,Paraguay,2014,rice,65.0,0.0,0.0
PA,Paraguay,2014,wheat,650.0,550.0,100.0
PA,Paraguay,2015,maize,2800.0,1100.0,1700.0
PA,Paraguay,2015,rice,70.0,0.0,0.0
PA,Paraguay,2015,wheat,450.0,400.0,50.0
PA,Paraguay,2016,maize,2500.0,1200.0,1300.0
PA,Paraguay,2016,rice,75.0,0.0,0.0
PA,Paraguay,2016,wheat,550.0,500.0,50.0
PA,Paraguay,2017,maize,2900.0,1200.0,1700.0
PA,Paraguay,2017,rice,65.0,0.0,0.0
PA,Paraguay,2017,wheat,570.0,520.0,50.0
PA,Paraguay,2018,maize,2200.0,1200.0,1000.0
PA,Paraguay,2018,rice,55.0,0.0,0.0
PA,Paraguay,2018,wheat,710.0,610.0,100.0
PA,Paraguay,2019,maize,1900.0,1100.0,800.0
PA,Paraguay,2019,rice,50.0,0.0,0.0
PA,Paraguay,2019,wheat,730.0,630.0,100.0
PA,Paraguay,2020,maize,2400.0,1300.0,1100.0
PA,Paraguay,2020,rice,45.0,0.0,0.0
PA,Paraguay,2020,wheat,690.0,640.0,50.0
PA,Paraguay,2021,maize,1600.0,1000.0,600.0
PA,Paraguay,2021,rice,45.0,0.0,0.0
PA,Paraguay,2021,wheat,695.0,645.0,50.0
PA,Paraguay,2022,maize,1400.0,800.0,600.0
PA,Paraguay,2022,rice,45.0,0.0,0.0
PA,Paraguay,2022,wheat,665.0,640.0,25.0
PA,Paraguay,2023,maize,1200.0,600.0,600.0
PA,Paraguay,2023,rice,45.0,0.0,0.0
PA,Paraguay,2023,wheat,675.0,650.0,25.0
PA,Paraguay,2024,maize,2200.0,1300.0,900.0
PA,Paraguay,2024,rice,45.0,0.0,0.0
PA,Paraguay,2024,wheat,680.0,655.0,25.0
PA,Paraguay,2025,maize,2800.0,1600.0,1200.0
PA,Paraguay,2025,rice,40.0,0.0,0.0
PA,Paraguay,2025,wheat,620.0,620.0,0.0
PA,Paraguay,2026,maize,2600.0,1700.0,900.0
PA,Paraguay,2026,rice,40.0,0.0,0.0
PA,Paraguay,2026,wheat,620.0,620.0,0.0
PE,Peru,1960,maize,354.0,178.0,176.0
PE,Peru,1960,rice,275.0,0.0,0.0
PE,Peru,1960,wheat,564.0,564.0,0.0
PE,Peru,1961,maize,470.0,289.0,181.0
PE,Peru,1961,rice,234.0,0.0,0.0
PE,Peru,1961,wheat,519.0,519.0,0.0
PE,Peru,1962,maize,465.0,286.0,179.0
PE,Peru,1962,rice,252.0,0.0,0.0
PE,Peru,1962,wheat,570.0,570.0,0.0
PE,Peru,1963,maize,497.0,292.0,205.0
PE,Peru,1963,rice,182.0,0.0,0.0
PE,Peru,1963,wheat,547.0,547.0,0.0
PE,Peru,1964,maize,506.0,305.0,201.0
PE,Peru,1964,rice,283.0,0.0,0.0
PE,Peru,1964,wheat,553.0,553.0,0.0
PE,Peru,1965,maize,561.0,334.0,227.0
PE,Peru,1965,rice,287.0,0.0,0.0
PE,Peru,1965,wheat,648.0,648.0,0.0
PE,Peru,1966,maize,585.0,357.0,228.0
PE,Peru,1966,rice,330.0,0.0,0.0
PE,Peru,1966,wheat,695.0,695.0,0.0
PE,Peru,1967,maize,591.0,380.0,211.0
PE,Peru,1967,rice,368.0,0.0,0.0
PE,Peru,1967,wheat,776.0,776.0,0.0
PE,Peru,1968,maize,598.0,346.0,252.0
PE,Peru,1968,rice,240.0,0.0,0.0
PE,Peru,1968,wheat,683.0,683.0,0.0
PE,Peru,1969,maize,615.0,390.0,225.0
PE,Peru,1969,rice,334.0,0.0,0.0
PE,Peru,1969,wheat,772.0,772.0,0.0
PE,Peru,1970,maize,620.0,359.0,261.0
PE,Peru,1970,rice,393.0,0.0,0.0
PE,Peru,1970,wheat,782.0,782.0,0.0
PE,Peru,1971,maize,671.0,421.0,250.0
PE,Peru,1971,rice,366.0,0.0,0.0
PE,Peru,1971,wheat,704.0,704.0,0.0
PE,Peru,1972,maize,690.0,390.0,300.0
PE,Peru,1972,rice,370.0,0.0,0.0
PE,Peru,1972,wheat,956.0,921.0,35.0
PE,Peru,1973,maize,821.0,441.0,380.0
PE,Peru,1973,rice,331.0,0.0,0.0
PE,Peru,1973,wheat,934.0,934.0,0.0
PE,Peru,1974,maize,884.0,404.0,480.0
PE,Peru,1974,rice,300.0,0.0,0.0
PE,Peru,1974,wheat,867.0,853.0,14.0
PE,Peru,1975,maize,963.0,447.0,516.0
PE,Peru,1975,rice,370.0,0.0,0.0
PE,Peru,1975,wheat,837.0,837.0,0.0
PE,Peru,1976,maize,1004.0,434.0,570.0
PE,Peru,1976,rice,382.0,0.0,0.0
PE,Peru,1976,wheat,910.0,910.0,0.0
PE,Peru,1977,maize,885.0,395.0,490.0
PE,Peru,1977,rice,392.0,0.0,0.0
PE,Peru,1977,wheat,888.0,888.0,0.0
PE,Peru,1978,maize,779.0,429.0,350.0
PE,Peru,1978,rice,368.0,0.0,0.0
PE,Peru,1978,wheat,854.0,854.0,0.0
PE,Peru,1979,maize,988.0,488.0,500.0
PE,Peru,1979,rice,461.0,0.0,0.0
PE,Peru,1979,wheat,887.0,887.0,0.0
PE,Peru,1980,maize,862.0,462.0,400.0
PE,Peru,1980,rice,476.0,0.0,0.0
PE,Peru,1980,wheat,930.0,930.0,0.0
PE,Peru,1981,maize,1105.0,605.0,500.0
PE,Peru,1981,rice,543.0,0.0,0.0
PE,Peru,1981,wheat,1049.0,1049.0,0.0
PE,Peru,1982,maize,1034.0,434.0,600.0
PE,Peru,1982,rice,538.0,0.0,0.0
PE,Peru,1982,wheat,1000.0,1000.0,0.0
PE,Peru,1983,maize,900.0,350.0,550.0
PE,Peru,1983,rice,556.0,0.0,0.0
PE,Peru,1983,wheat,1080.0,1080.0,0.0
PE,Peru,1984,maize,1064.0,564.0,500.0
PE,Peru,1984,rice,555.0,0.0,0.0
PE,Peru,1984,wheat,1068.0,1068.0,0.0
PE,Peru,1985,maize,1041.0,541.0,500.0
PE,Peru,1985,rice,566.0,0.0,0.0
PE,Peru,1985,wheat,917.0,917.0,0.0
PE,Peru,1986,maize,1287.0,537.0,750.0
PE,Peru,1986,rice,695.0,0.0,0.0
PE,Peru,1986,wheat,1188.0,1188.0,0.0
PE,Peru,1987,maize,1544.0,644.0,900.0
PE,Peru,1987,rice,607.0,0.0,0.0
PE,Peru,1987,wheat,1311.0,1311.0,0.0
PE,Peru,1988,maize,1147.0,347.0,800.0
PE,Peru,1988,rice,857.0,0.0,0.0
PE,Peru,1988,wheat,900.0,900.0,0.0
PE,Peru,1989,maize,1412.0,512.0,900.0
PE,Peru,1989,rice,841.0,0.0,0.0
PE,Peru,1989,wheat,965.0,965.0,0.0
PE,Peru,1990,maize,1342.0,492.0,850.0
PE,Peru,1990,rice,880.0,0.0,0.0
PE,Peru,1990,wheat,885.0,885.0,0.0
PE,Peru,1991,maize,1291.0,431.0,860.0
PE,Peru,1991,rice,901.0,0.0,0.0
PE,Peru,1991,wheat,1185.0,1155.0,30.0
PE,Peru,1992,maize,1398.0,245.0,1153.0
PE,Peru,1992,rice,951.0,0.0,0.0
PE,Peru,1992,wheat,1131.0,1101.0,30.0
PE,Peru,1993,maize,1441.0,194.0,1247.0
PE,Peru,1993,rice,1076.0,0.0,0.0
PE,Peru,1993,wheat,1369.0,1339.0,30.0
PE,Peru,1994,maize,1699.0,230.0,1469.0
PE,Peru,1994,rice,1121.0,0.0,0.0
PE,Peru,1994,wheat,1349.0,1319.0,30.0
PE,Peru,1995,maize,1646.0,300.0,1346.0
PE,Peru,1995,rice,1146.0,0.0,0.0
PE,Peru,1995,wheat,1222.0,1192.0,30.0
PE,Peru,1996,maize,1601.0,134.0,1467.0
PE,Peru,1996,rice,1097.0,0.0,0.0
PE,Peru,1996,wheat,1365.0,1335.0,30.0
PE,Peru,1997,maize,1975.0,199.0,1776.0
PE,Peru,1997,rice,1100.0,0.0,0.0
PE,Peru,1997,wheat,1306.0,1276.0,30.0
PE,Peru,1998,maize,1979.0,179.0,1800.0
PE,Peru,1998,rice,1200.0,0.0,0.0
PE,Peru,1998,wheat,1419.0,1389.0,30.0
PE,Peru,1999,maize,1936.0,166.0,1770.0
PE,Peru,1999,rice,1302.0,0.0,0.0
PE,Peru,1999,wheat,1376.0,1346.0,30.0
PE,Peru,2000,maize,2180.0,180.0,2000.0
PE,Peru,2000,rice,1400.0,0.0,0.0
PE,Peru,2000,wheat,1617.0,1517.0,100.0
PE,Peru,2001,maize,2140.0,190.0,1950.0
PE,Peru,2001,rice,1400.0,0.0,0.0
PE,Peru,2001,wheat,1590.0,1465.0,125.0
PE,Peru,2002,maize,2290.0,190.0,2100.0
PE,Peru,2002,rice,1446.0,0.0,0.0
PE,Peru,2002,wheat,1317.0,1217.0,100.0
PE,Peru,2003,maize,2250.0,200.0,2050.0
PE,Peru,2003,rice,1486.0,0.0,0.0
PE,Peru,2003,wheat,1641.0,1516.0,125.0
PE,Peru,2004,maize,2550.0,250.0,2300.0
PE,Peru,2004,rice,1500.0,0.0,0.0
PE,Peru,2004,wheat,1581.0,1456.0,125.0
PE,Peru,2005,maize,2650.0,250.0,2400.0
PE,Peru,2005,rice,1650.0,0.0,0.0
PE,Peru,2005,wheat,1625.0,1500.0,125.0
PE,Peru,2006,maize,2750.0,250.0,2500.0
PE,Peru,2006,rice,1700.0,0.0,0.0
PE,Peru,2006,wheat,1550.0,1500.0,50.0
PE,Peru,2007,maize,2950.0,250.0,2700.0
PE,Peru,2007,rice,1800.0,0.0,0.0
PE,Peru,2007,wheat,1610.0,1550.0,60.0
PE,Peru,2008,maize,3000.0,250.0,2750.0
PE,Peru,2008,rice,2000.0,0.0,0.0
PE,Peru,2008,wheat,1610.0,1550.0,60.0
PE,Peru,2009,maize,3100.0,300.0,2800.0
PE,Peru,2009,rice,2025.0,0.0,0.0
PE,Peru,2009,wheat,1770.0,1700.0,70.0
PE,Peru,2010,maize,3500.0,350.0,3150.0
PE,Peru,2010,rice,2050.0,0.0,0.0
PE,Peru,2010,wheat,1795.0,1725.0,70.0
PE,Peru,2011,maize,3500.0,350.0,3150.0
PE,Peru,2011,rice,2100.0,0.0,0.0
PE,Peru,2011,wheat,1795.0,1725.0,70.0
PE,Peru,2012,maize,3750.0,350.0,3400.0
PE,Peru,2012,rice,2150.0,0.0,0.0
PE,Peru,2012,wheat,1820.0,1750.0,70.0
PE,Peru,2013,maize,3850.0,350.0,3500.0
PE,Peru,2013,rice,2200.0,0.0,0.0
PE,Peru,2013,wheat,1945.0,1875.0,70.0
PE,Peru,2014,maize,4350.0,350.0,4000.0
PE,Peru,2014,rice,2250.0,0.0,0.0
PE,Peru,2014,wheat,2015.0,1945.0,70.0
PE,Peru,2015,maize,4520.0,420.0,4100.0
PE,Peru,2015,rice,2300.0,0.0,0.0
PE,Peru,2015,wheat,2075.0,2000.0,75.0
PE,Peru,2016,maize,4800.0,450.0,4350.0
PE,Peru,2016,rice,2350.0,0.0,0.0
PE,Peru,2016,wheat,2080.0,2000.0,80.0
PE,Peru,2017,maize,5050.0,500.0,4550.0
PE,Peru,2017,rice,2450.0,0.0,0.0
PE,Peru,2017,wheat,2180.0,2100.0,80.0
PE,Peru,2018,maize,5320.0,520.0,4800.0
PE,Peru,2018,rice,2550.0,0.0,0.0
PE,Peru,2018,wheat,2230.0,2150.0,80.0
PE,Peru,2019,maize,5350.0,550.0,4800.0
PE,Peru,2019,rice,2550.0,0.0,0.0
PE,Peru,2019,wheat,2280.0,2200.0,80.0
PE,Peru,2020,maize,5410.0,510.0,4900.0
PE,Peru,2020,rice,2560.0,0.0,0.0
PE,Peru,2020,wheat,2330.0,2250.0,80.0
PE,Peru,2021,maize,5020.0,520.0,4500.0
PE,Peru,2021,rice,2575.0,0.0,0.0
PE,Peru,2021,wheat,2180.0,2100.0,80.0
PE,Peru,2022,maize,5010.0,510.0,4500.0
PE,Peru,2022,rice,2575.0,0.0,0.0
PE,Peru,2022,wheat,2180.0,2100.0,80.0
PE,Peru,2023,maize,5940.0,550.0,5390.0
PE,Peru,2023,rice,2550.0,0.0,0.0
PE,Peru,2023,wheat,2230.0,2150.0,80.0
PE,Peru,2024,maize,6150.0,550.0,5600.0
PE,Peru,2024,rice,2575.0,0.0,0.0
PE,Peru,2024,wheat,2285.0,2200.0,85.0
PE,Peru,2025,maize,6010.0,510.0,5500.0
PE,Peru,2025,rice,2575.0,0.0,0.0
PE,Peru,2025,wheat,2280.0,2200.0,80.0
PE,Peru,2026,maize,6320.0,520.0,5800.0
PE,Peru,2026,rice,2575.0,0.0,0.0
PE,Peru,2026,wheat,2330.0,2250.0,80.0
PK,Pakistan,1960,maize,440.0,430.0,10.0
PK,Pakistan,1960,rice,981.0,0.0,0.0
PK,Pakistan,1960,wheat,5454.0,5454.0,0.0
PK,Pakistan,1961,maize,489.0,479.0,10.0
PK,Pakistan,1961,rice,997.0,0.0,0.0
PK,Pakistan,1961,wheat,4465.0,4465.0,0.0
PK,Pakistan,1962,maize,515.0,505.0,10.0
PK,Pakistan,1962,rice,960.0,0.0,0.0
PK,Pakistan,1962,wheat,5378.0,5378.0,0.0
PK,Pakistan,1963,maize,529.0,514.0,15.0
PK,Pakistan,1963,rice,1058.0,0.0,0.0
PK,Pakistan,1963,wheat,5871.0,5871.0,0.0
PK,Pakistan,1964,maize,528.0,513.0,15.0
PK,Pakistan,1964,rice,1167.0,0.0,0.0
PK,Pakistan,1964,wheat,6645.0,6645.0,0.0
PK,Pakistan,1965,maize,540.0,525.0,15.0
PK,Pakistan,1965,rice,1169.0,0.0,0.0
PK,Pakistan,1965,wheat,5835.0,5835.0,0.0
PK,Pakistan,1966,maize,723.0,703.0,20.0
PK,Pakistan,1966,rice,1183.0,0.0,0.0
PK,Pakistan,1966,wheat,5858.0,5858.0,0.0
PK,Pakistan,1967,maize,1056.0,1026.0,30.0
PK,Pakistan,1967,rice,1377.0,0.0,0.0
PK,Pakistan,1967,wheat,6334.0,6334.0,0.0
PK,Pakistan,1968,maize,638.0,618.0,20.0
PK,Pakistan,1968,rice,1892.0,0.0,0.0
PK,Pakistan,1968,wheat,6918.0,6918.0,0.0
PK,Pakistan,1969,maize,667.0,647.0,20.0
PK,Pakistan,1969,rice,2310.0,0.0,0.0
PK,Pakistan,1969,wheat,7678.0,7678.0,0.0
PK,Pakistan,1970,maize,670.0,650.0,20.0
PK,Pakistan,1970,rice,2018.0,0.0,0.0
PK,Pakistan,1970,wheat,8356.0,8356.0,0.0
PK,Pakistan,1971,maize,704.0,674.0,30.0
PK,Pakistan,1971,rice,1986.0,0.0,0.0
PK,Pakistan,1971,wheat,7458.0,7458.0,0.0
PK,Pakistan,1972,maize,722.0,658.0,64.0
PK,Pakistan,1972,rice,1813.0,0.0,0.0
PK,Pakistan,1972,wheat,8115.0,8115.0,0.0
PK,Pakistan,1973,maize,760.0,680.0,80.0
PK,Pakistan,1973,rice,1857.0,0.0,0.0
PK,Pakistan,1973,wheat,8744.0,8744.0,0.0
PK,Pakistan,1974,maize,765.0,669.0,96.0
PK,Pakistan,1974,rice,1857.0,0.0,0.0
PK,Pakistan,1974,wheat,8692.0,8692.0,0.0
PK,Pakistan,1975,maize,835.0,732.0,103.0
PK,Pakistan,1975,rice,1961.0,0.0,0.0
PK,Pakistan,1975,wheat,9148.0,9148.0,0.0
PK,Pakistan,1976,maize,764.0,764.0,0.0
PK,Pakistan,1976,rice,1940.0,0.0,0.0
PK,Pakistan,1976,wheat,9705.0,9705.0,0.0
PK,Pakistan,1977,maize,821.0,821.0,0.0
PK,Pakistan,1977,rice,1947.0,0.0,0.0
PK,Pakistan,1977,wheat,9885.0,9885.0,0.0
PK,Pakistan,1978,maize,798.0,798.0,0.0
PK,Pakistan,1978,rice,2118.0,0.0,0.0
PK,Pakistan,1978,wheat,10036.0,10036.0,0.0
PK,Pakistan,1979,maize,875.0,875.0,0.0
PK,Pakistan,1979,rice,2389.0,0.0,0.0
PK,Pakistan,1979,wheat,10770.0,10770.0,0.0
PK,Pakistan,1980,maize,946.0,946.0,0.0
PK,Pakistan,1980,rice,1981.0,0.0,0.0
PK,Pakistan,1980,wheat,11200.0,11200.0,0.0
PK,Pakistan,1981,maize,930.0,930.0,0.0
PK,Pakistan,1981,rice,2379.0,0.0,0.0
PK,Pakistan,1981,wheat,11215.0,11215.0,0.0
PK,Pakistan,1982,maize,1005.0,1005.0,0.0
PK,Pakistan,1982,rice,2250.0,0.0,0.0
PK,Pakistan,1982,wheat,11521.0,11521.0,0.0
PK,Pakistan,1983,maize,1013.0,1013.0,0.0
PK,Pakistan,1983,rice,2120.0,0.0,0.0
PK,Pakistan,1983,wheat,12000.0,12000.0,0.0
PK,Pakistan,1984,maize,1028.0,1028.0,0.0
PK,Pakistan,1984,rice,2200.0,0.0,0.0
PK,Pakistan,1984,wheat,12312.0,12312.0,0.0
PK,Pakistan,1985,maize,1009.0,757.0,252.0
PK,Pakistan,1985,rice,1857.0,0.0,0.0
PK,Pakistan,1985,wheat,12754.0,12654.0,100.0
PK,Pakistan,1986,maize,1111.0,833.0,278.0
PK,Pakistan,1986,rice,2050.0,0.0,0.0
PK,Pakistan,1986,wheat,13200.0,13100.0,100.0
PK,Pakistan,1987,maize,1127.0,827.0,300.0
PK,Pakistan,1987,rice,2139.0,0.0,0.0
PK,Pakistan,1987,wheat,13800.0,13700.0,100.0
PK,Pakistan,1988,maize,1204.0,854.0,350.0
PK,Pakistan,1988,rice,2100.0,0.0,0.0
PK,Pakistan,1988,wheat,14886.0,14736.0,150.0
PK,Pakistan,1989,maize,1179.0,799.0,380.0
PK,Pakistan,1989,rice,2250.0,0.0,0.0
PK,Pakistan,1989,wheat,15316.0,15076.0,240.0
PK,Pakistan,1990,maize,1185.0,795.0,390.0
PK,Pakistan,1990,rice,2100.0,0.0,0.0
PK,Pakistan,1990,wheat,16206.0,15936.0,270.0
PK,Pakistan,1991,maize,1100.0,700.0,400.0
PK,Pakistan,1991,rice,2150.0,0.0,0.0
PK,Pakistan,1991,wheat,16907.0,16557.0,350.0
PK,Pakistan,1992,maize,1100.0,680.0,420.0
PK,Pakistan,1992,rice,2250.0,0.0,0.0
PK,Pakistan,1992,wheat,17405.0,17005.0,400.0
PK,Pakistan,1993,maize,1213.0,773.0,440.0
PK,Pakistan,1993,rice,2300.0,0.0,0.0
PK,Pakistan,1993,wheat,17900.0,17500.0,400.0
PK,Pakistan,1994,maize,1318.0,843.0,475.0
PK,Pakistan,1994,rice,2400.0,0.0,0.0
PK,Pakistan,1994,wheat,18137.0,17687.0,450.0
PK,Pakistan,1995,maize,1300.0,850.0,450.0
PK,Pakistan,1995,rice,2531.0,0.0,0.0
PK,Pakistan,1995,wheat,18904.0,18454.0,450.0
PK,Pakistan,1996,maize,1300.0,850.0,450.0
PK,Pakistan,1996,rice,2550.0,0.0,0.0
PK,Pakistan,1996,wheat,20124.0,19674.0,450.0
PK,Pakistan,1997,maize,1500.0,1000.0,500.0
PK,Pakistan,1997,rice,2550.0,0.0,0.0
PK,Pakistan,1997,wheat,20258.0,19908.0,350.0
PK,Pakistan,1998,maize,1750.0,1000.0,750.0
PK,Pakistan,1998,rice,2575.0,0.0,0.0
PK,Pakistan,1998,wheat,21284.0,20884.0,400.0
PK,Pakistan,1999,maize,1750.0,1000.0,750.0
PK,Pakistan,1999,rice,2600.0,0.0,0.0
PK,Pakistan,1999,wheat,20452.0,20052.0,400.0
PK,Pakistan,2000,maize,1500.0,750.0,750.0
PK,Pakistan,2000,rice,2615.0,0.0,0.0
PK,Pakistan,2000,wheat,20500.0,20000.0,500.0
PK,Pakistan,2001,maize,1750.0,1000.0,750.0
PK,Pakistan,2001,rice,2540.0,0.0,0.0
PK,Pakistan,2001,wheat,19800.0,19400.0,400.0
PK,Pakistan,2002,maize,1750.0,1000.0,750.0
PK,Pakistan,2002,rice,2545.0,0.0,0.0
PK,Pakistan,2002,wheat,18380.0,17980.0,400.0
PK,Pakistan,2003,maize,1750.0,1000.0,750.0
PK,Pakistan,2003,rice,2595.0,0.0,0.0
PK,Pakistan,2003,wheat,18900.0,18500.0,400.0
PK,Pakistan,2004,maize,2700.0,1200.0,1500.0
PK,Pakistan,2004,rice,2550.0,0.0,0.0
PK,Pakistan,2004,wheat,19500.0,19100.0,400.0
PK,Pakistan,2005,maize,3000.0,1500.0,1500.0
PK,Pakistan,2005,rice,1896.0,0.0,0.0
PK,Pakistan,2005,wheat,20100.0,19700.0,400.0
PK,Pakistan,2006,maize,3100.0,1500.0,1600.0
PK,Pakistan,2006,rice,2195.0,0.0,0.0
PK,Pakistan,2006,wheat,21700.0,21300.0,400.0
PK,Pakistan,2007,maize,3600.0,1700.0,1900.0
PK,Pakistan,2007,rice,2718.0,0.0,0.0
PK,Pakistan,2007,wheat,22400.0,22000.0,400.0
PK,Pakistan,2008,maize,3600.0,1700.0,1900.0
PK,Pakistan,2008,rice,3390.0,0.0,0.0
PK,Pakistan,2008,wheat,22800.0,22400.0,400.0
PK,Pakistan,2009,maize,3200.0,1600.0,1600.0
PK,Pakistan,2009,rice,2914.0,0.0,0.0
PK,Pakistan,2009,wheat,23000.0,22600.0,400.0
PK,Pakistan,2010,maize,3600.0,1700.0,1900.0
PK,Pakistan,2010,rice,2447.0,0.0,0.0
PK,Pakistan,2010,wheat,23000.0,22600.0,400.0
PK,Pakistan,2011,maize,4000.0,1900.0,2100.0
PK,Pakistan,2011,rice,2481.0,0.0,0.0
PK,Pakistan,2011,wheat,23100.0,22700.0,400.0
PK,Pakistan,2012,maize,3900.0,1800.0,2100.0
PK,Pakistan,2012,rice,2203.0,0.0,0.0
PK,Pakistan,2012,wheat,23900.0,23300.0,600.0
PK,Pakistan,2013,maize,4500.0,1900.0,2600.0
PK,Pakistan,2013,rice,2500.0,0.0,0.0
PK,Pakistan,2013,wheat,24100.0,23500.0,600.0
PK,Pakistan,2014,maize,4800.0,1800.0,3000.0
PK,Pakistan,2014,rice,2600.0,0.0,0.0
PK,Pakistan,2014,wheat,24500.0,23500.0,1000.0
PK,Pakistan,2015,maize,5400.0,1800.0,3600.0
PK,Pakistan,2015,rice,2800.0,0.0,0.0
PK,Pakistan,2015,wheat,24400.0,23600.0,800.0
PK,Pakistan,2016,maize,6000.0,1500.0,4500.0
PK,Pakistan,2016,rice,3100.0,0.0,0.0
PK,Pakistan,2016,wheat,24500.0,23700.0,800.0
PK,Pakistan,2017,maize,6200.0,1500.0,4700.0
PK,Pakistan,2017,rice,3350.0,0.0,0.0
PK,Pakistan,2017,wheat,25000.0,24000.0,1000.0
PK,Pakistan,2018,maize,6700.0,1700.0,5000.0
PK,Pakistan,2018,rice,3200.0,0.0,0.0
PK,Pakistan,2018,wheat,25400.0,24200.0,1200.0
PK,Pakistan,2019,maize,7600.0,1800.0,5800.0
PK,Pakistan,2019,rice,3400.0,0.0,0.0
PK,Pakistan,2019,wheat,25500.0,24500.0,1000.0
PK,Pakistan,2020,maize,8800.0,2000.0,6800.0
PK,Pakistan,2020,rice,3700.0,0.0,0.0
PK,Pakistan,2020,wheat,26300.0,25300.0,1000.0
PK,Pakistan,2021,maize,8800.0,2400.0,6400.0
PK,Pakistan,2021,rice,3900.0,0.0,0.0
PK,Pakistan,2021,wheat,27700.0,26500.0,1200.0
PK,Pakistan,2022,maize,9500.0,2400.0,7100.0
PK,Pakistan,2022,rice,4000.0,0.0,0.0
PK,Pakistan,2022,wheat,29000.0,27300.0,1700.0
PK,Pakistan,2023,maize,8700.0,2400.0,6300.0
PK,Pakistan,2023,rice,4100.0,0.0,0.0
PK,Pakistan,2023,wheat,30200.0,28300.0,1900.0
PK,Pakistan,2024,maize,8900.0,2400.0,6500.0
PK,Pakistan,2024,rice,4200.0,0.0,0.0
PK,Pakistan,2024,wheat,31000.0,28800.0,2200.0
PK,Pakistan,2025,maize,8400.0,2400.0,6000.0
PK,Pakistan,2025,rice,4500.0,0.0,0.0
PK,Pakistan,2025,wheat,30700.0,29200.0,1500.0
PK,Pakistan,2026,maize,9400.0,2400.0,7000.0
PK,Pakistan,2026,rice,4700.0,0.0,0.0
PK,Pakistan,2026,wheat,30300.0,29500.0,800.0
PL,Poland,1960,maize,137.0,1.0,136.0
PL,Poland,1960,rice,100.0,0.0,0.0
PL,Poland,1960,wheat,4175.0,3154.0,1021.0
PL,Poland,1961,maize,52.0,1.0,51.0
PL,Poland,1961,rice,60.0,0.0,0.0
PL,Poland,1961,wheat,4268.0,3166.0,1102.0
PL,Poland,1962,maize,176.0,1.0,175.0
PL,Poland,1962,rice,48.0,0.0,0.0
PL,Poland,1962,wheat,4776.0,3225.0,1551.0
PL,Poland,1963,maize,173.0,1.0,172.0
PL,Poland,1963,rice,99.0,0.0,0.0
PL,Poland,1963,wheat,5360.0,3608.0,1752.0
PL,Poland,1964,maize,676.0,2.0,674.0
PL,Poland,1964,rice,55.0,0.0,0.0
PL,Poland,1964,wheat,5184.0,3861.0,1323.0
PL,Poland,1965,maize,521.0,2.0,519.0
PL,Poland,1965,rice,67.0,0.0,0.0
PL,Poland,1965,wheat,5106.0,3933.0,1173.0
PL,Poland,1966,maize,205.0,1.0,204.0
PL,Poland,1966,rice,59.0,0.0,0.0
PL,Poland,1966,wheat,4780.0,3728.0,1052.0
PL,Poland,1967,maize,249.0,1.0,248.0
PL,Poland,1967,rice,59.0,0.0,0.0
PL,Poland,1967,wheat,5504.0,3830.0,1674.0
PL,Poland,1968,maize,412.0,2.0,410.0
PL,Poland,1968,rice,58.0,0.0,0.0
PL,Poland,1968,wheat,5377.0,3876.0,1501.0
PL,Poland,1969,maize,212.0,1.0,211.0
PL,Poland,1969,rice,62.0,0.0,0.0
PL,Poland,1969,wheat,5509.0,3952.0,1557.0
PL,Poland,1970,maize,282.0,32.0,250.0
PL,Poland,1970,rice,75.0,0.0,0.0
PL,Poland,1970,wheat,6559.0,4645.0,1914.0
PL,Poland,1971,maize,369.0,2.0,367.0
PL,Poland,1971,rice,76.0,0.0,0.0
PL,Poland,1971,wheat,7830.0,4771.0,3059.0
PL,Poland,1972,maize,500.0,2.0,498.0
PL,Poland,1972,rice,64.0,0.0,0.0
PL,Poland,1972,wheat,6719.0,4219.0,2500.0
PL,Poland,1973,maize,757.0,10.0,747.0
PL,Poland,1973,rice,65.0,0.0,0.0
PL,Poland,1973,wheat,7282.0,4596.0,2686.0
PL,Poland,1974,maize,645.0,10.0,635.0
PL,Poland,1974,rice,68.0,0.0,0.0
PL,Poland,1974,wheat,7619.0,4451.0,3168.0
PL,Poland,1975,maize,1670.0,20.0,1650.0
PL,Poland,1975,rice,74.0,0.0,0.0
PL,Poland,1975,wheat,7729.0,4755.0,2974.0
PL,Poland,1976,maize,1547.0,47.0,1500.0
PL,Poland,1976,rice,86.0,0.0,0.0
PL,Poland,1976,wheat,7900.0,5200.0,2700.0
PL,Poland,1977,maize,2050.0,50.0,2000.0
PL,Poland,1977,rice,76.0,0.0,0.0
PL,Poland,1977,wheat,7990.0,4590.0,3400.0
PL,Poland,1978,maize,1775.0,75.0,1700.0
PL,Poland,1978,rice,74.0,0.0,0.0
PL,Poland,1978,wheat,8400.0,4600.0,3800.0
PL,Poland,1979,maize,2774.0,47.0,2727.0
PL,Poland,1979,rice,96.0,0.0,0.0
PL,Poland,1979,wheat,7305.0,4505.0,2800.0
PL,Poland,1980,maize,2700.0,75.0,2625.0
PL,Poland,1980,rice,114.0,0.0,0.0
PL,Poland,1980,wheat,8067.0,5315.0,2752.0
PL,Poland,1981,maize,1225.0,75.0,1150.0
PL,Poland,1981,rice,104.0,0.0,0.0
PL,Poland,1981,wheat,7792.0,5057.0,2735.0
PL,Poland,1982,maize,602.0,77.0,525.0
PL,Poland,1982,rice,87.0,0.0,0.0
PL,Poland,1982,wheat,7786.0,5130.0,2656.0
PL,Poland,1983,maize,734.0,66.0,668.0
PL,Poland,1983,rice,49.0,0.0,0.0
PL,Poland,1983,wheat,7568.0,4864.0,2704.0
PL,Poland,1984,maize,330.0,36.0,294.0
PL,Poland,1984,rice,87.0,0.0,0.0
PL,Poland,1984,wheat,7502.0,4872.0,2630.0
PL,Poland,1985,maize,250.0,70.0,180.0
PL,Poland,1985,rice,54.0,0.0,0.0
PL,Poland,1985,wheat,8465.0,5016.0,3449.0
PL,Poland,1986,maize,331.0,66.0,265.0
PL,Poland,1986,rice,76.0,0.0,0.0
PL,Poland,1986,wheat,9128.0,4977.0,4151.0
PL,Poland,1987,maize,396.0,102.0,294.0
PL,Poland,1987,rice,60.0,0.0,0.0
PL,Poland,1987,wheat,9927.0,5077.0,4850.0
PL,Poland,1988,maize,580.0,92.0,488.0
PL,Poland,1988,rice,43.0,0.0,0.0
PL,Poland,1988,wheat,9241.0,5141.0,4100.0
PL,Poland,1989,maize,598.0,100.0,498.0
PL,Poland,1989,rice,58.0,0.0,0.0
PL,Poland,1989,wheat,9267.0,5167.0,4100.0
PL,Poland,1990,maize,331.0,78.0,253.0
PL,Poland,1990,rice,44.0,0.0,0.0
PL,Poland,1990,wheat,9205.0,5405.0,3800.0
PL,Poland,1991,maize,389.0,89.0,300.0
PL,Poland,1991,rice,62.0,0.0,0.0
PL,Poland,1991,wheat,9104.0,5304.0,3800.0
PL,Poland,1992,maize,1139.0,189.0,950.0
PL,Poland,1992,rice,46.0,0.0,0.0
PL,Poland,1992,wheat,8294.0,4994.0,3300.0
PL,Poland,1993,maize,571.0,81.0,490.0
PL,Poland,1993,rice,53.0,0.0,0.0
PL,Poland,1993,wheat,8081.0,5081.0,3000.0
PL,Poland,1994,maize,492.0,100.0,392.0
PL,Poland,1994,rice,83.0,0.0,0.0
PL,Poland,1994,wheat,8538.0,5238.0,3300.0
PL,Poland,1995,maize,523.0,90.0,433.0
PL,Poland,1995,rice,70.0,0.0,0.0
PL,Poland,1995,wheat,8872.0,5233.0,3639.0
PL,Poland,1996,maize,829.0,84.0,745.0
PL,Poland,1996,rice,112.0,0.0,0.0
PL,Poland,1996,wheat,9282.0,5282.0,4000.0
PL,Poland,1997,maize,777.0,63.0,714.0
PL,Poland,1997,rice,94.0,0.0,0.0
PL,Poland,1997,wheat,9503.0,5303.0,4200.0
PL,Poland,1998,maize,845.0,45.0,800.0
PL,Poland,1998,rice,103.0,0.0,0.0
PL,Poland,1998,wheat,9826.0,5326.0,4500.0
PN,Panama,1960,maize,66.0,37.0,29.0
PN,Panama,1960,rice,67.0,0.0,0.0
PN,Panama,1960,wheat,30.0,30.0,0.0
PN,Panama,1961,maize,80.0,42.0,38.0
PN,Panama,1961,rice,75.0,0.0,0.0
PN,Panama,1961,wheat,32.0,32.0,0.0
PN,Panama,1962,maize,65.0,41.0,24.0
PN,Panama,1962,rice,76.0,0.0,0.0
PN,Panama,1962,wheat,37.0,37.0,0.0
PN,Panama,1963,maize,79.0,37.0,42.0
PN,Panama,1963,rice,76.0,0.0,0.0
PN,Panama,1963,wheat,33.0,33.0,0.0
PN,Panama,1964,maize,85.0,40.0,45.0
PN,Panama,1964,rice,83.0,0.0,0.0
PN,Panama,1964,wheat,34.0,34.0,0.0
PN,Panama,1965,maize,102.0,52.0,50.0
PN,Panama,1965,rice,96.0,0.0,0.0
PN,Panama,1965,wheat,37.0,37.0,0.0
PN,Panama,1966,maize,88.0,43.0,45.0
PN,Panama,1966,rice,91.0,0.0,0.0
PN,Panama,1966,wheat,35.0,35.0,0.0
PN,Panama,1967,maize,91.0,45.0,46.0
PN,Panama,1967,rice,98.0,0.0,0.0
PN,Panama,1967,wheat,47.0,47.0,0.0
PN,Panama,1968,maize,98.0,47.0,51.0
PN,Panama,1968,rice,106.0,0.0,0.0
PN,Panama,1968,wheat,31.0,31.0,0.0
PN,Panama,1969,maize,91.0,49.0,42.0
PN,Panama,1969,rice,107.0,0.0,0.0
PN,Panama,1969,wheat,42.0,42.0,0.0
PN,Panama,1970,maize,81.0,50.0,31.0
PN,Panama,1970,rice,108.0,0.0,0.0
PN,Panama,1970,wheat,50.0,50.0,0.0
PN,Panama,1971,maize,60.0,46.0,14.0
PN,Panama,1971,rice,94.0,0.0,0.0
PN,Panama,1971,wheat,51.0,51.0,0.0
PN,Panama,1972,maize,69.0,54.0,15.0
PN,Panama,1972,rice,87.0,0.0,0.0
PN,Panama,1972,wheat,53.0,53.0,0.0
PN,Panama,1973,maize,69.0,35.0,34.0
PN,Panama,1973,rice,99.0,0.0,0.0
PN,Panama,1973,wheat,53.0,53.0,0.0
PN,Panama,1974,maize,87.0,70.0,17.0
PN,Panama,1974,rice,114.0,0.0,0.0
PN,Panama,1974,wheat,45.0,45.0,0.0
PN,Panama,1975,maize,81.0,32.0,49.0
PN,Panama,1975,rice,110.0,0.0,0.0
PN,Panama,1975,wheat,48.0,48.0,0.0
PN,Panama,1976,maize,77.0,32.0,45.0
PN,Panama,1976,rice,105.0,0.0,0.0
PN,Panama,1976,wheat,52.0,52.0,0.0
PN,Panama,1977,maize,83.0,34.0,49.0
PN,Panama,1977,rice,105.0,0.0,0.0
PN,Panama,1977,wheat,56.0,56.0,0.0
PN,Panama,1978,maize,83.0,36.0,47.0
PN,Panama,1978,rice,104.0,0.0,0.0
PN,Panama,1978,wheat,60.0,60.0,0.0
PN,Panama,1979,maize,90.0,40.0,50.0
PN,Panama,1979,rice,94.0,0.0,0.0
PN,Panama,1979,wheat,65.0,65.0,0.0
PN,Panama,1980,maize,104.0,45.0,59.0
PN,Panama,1980,rice,117.0,0.0,0.0
PN,Panama,1980,wheat,65.0,65.0,0.0
PN,Panama,1981,maize,98.0,45.0,53.0
PN,Panama,1981,rice,120.0,0.0,0.0
PN,Panama,1981,wheat,65.0,65.0,0.0
PN,Panama,1982,maize,107.0,47.0,60.0
PN,Panama,1982,rice,120.0,0.0,0.0
PN,Panama,1982,wheat,60.0,60.0,0.0
PN,Panama,1983,maize,105.0,50.0,55.0
PN,Panama,1983,rice,120.0,0.0,0.0
PN,Panama,1983,wheat,71.0,71.0,0.0
PN,Panama,1984,maize,110.0,55.0,55.0
PN,Panama,1984,rice,122.0,0.0,0.0
PN,Panama,1984,wheat,72.0,72.0,0.0
PN,Panama,1985,maize,128.0,32.0,96.0
PN,Panama,1985,rice,123.0,0.0,0.0
PN,Panama,1985,wheat,77.0,77.0,0.0
PN,Panama,1986,maize,131.0,33.0,98.0
PN,Panama,1986,rice,130.0,0.0,0.0
PN,Panama,1986,wheat,88.0,88.0,0.0
PN,Panama,1987,maize,106.0,8.0,98.0
PN,Panama,1987,rice,130.0,0.0,0.0
PN,Panama,1987,wheat,80.0,80.0,0.0
PN,Panama,1988,maize,142.0,44.0,98.0
PN,Panama,1988,rice,98.0,0.0,0.0
PN,Panama,1988,wheat,80.0,80.0,0.0
PN,Panama,1989,maize,130.0,32.0,98.0
PN,Panama,1989,rice,135.0,0.0,0.0
PN,Panama,1989,wheat,74.0,74.0,0.0
PN,Panama,1990,maize,159.0,61.0,98.0
PN,Panama,1990,rice,115.0,0.0,0.0
PN,Panama,1990,wheat,85.0,85.0,0.0
PN,Panama,1991,maize,135.0,37.0,98.0
PN,Panama,1991,rice,127.0,0.0,0.0
PN,Panama,1991,wheat,116.0,116.0,0.0
PN,Panama,1992,maize,176.0,42.0,134.0
PN,Panama,1992,rice,140.0,0.0,0.0
PN,Panama,1992,wheat,97.0,97.0,0.0
PN,Panama,1993,maize,249.0,64.0,185.0
PN,Panama,1993,rice,131.0,0.0,0.0
PN,Panama,1993,wheat,98.0,98.0,0.0
PN,Panama,1994,maize,250.0,70.0,180.0
PN,Panama,1994,rice,120.0,0.0,0.0
PN,Panama,1994,wheat,100.0,100.0,0.0
PN,Panama,1995,maize,253.0,81.0,172.0
PN,Panama,1995,rice,140.0,0.0,0.0
PN,Panama,1995,wheat,116.0,116.0,0.0
PN,Panama,1996,maize,276.0,71.0,205.0
PN,Panama,1996,rice,165.0,0.0,0.0
PN,Panama,1996,wheat,118.0,118.0,0.0
PN,Panama,1997,maize,301.0,87.0,214.0
PN,Panama,1997,rice,150.0,0.0,0.0
PN,Panama,1997,wheat,103.0,103.0,0.0
PN,Panama,1998,maize,354.0,115.0,239.0
PN,Panama,1998,rice,149.0,0.0,0.0
PN,Panama,1998,wheat,74.0,74.0,0.0
PN,Panama,1999,maize,380.0,77.0,303.0
PN,Panama,1999,rice,154.0,0.0,0.0
PN,Panama,1999,wheat,101.0,101.0,0.0
PN,Panama,2000,maize,286.0,125.0,161.0
PN,Panama,2000,rice,170.0,0.0,0.0
PN,Panama,2000,wheat,113.0,113.0,0.0
PN,Panama,2001,maize,314.0,129.0,185.0
PN,Panama,2001,rice,233.0,0.0,0.0
PN,Panama,2001,wheat,128.0,128.0,0.0
PN,Panama,2002,maize,280.0,120.0,160.0
PN,Panama,2002,rice,236.0,0.0,0.0
PN,Panama,2002,wheat,102.0,102.0,0.0
PN,Panama,2003,maize,375.0,150.0,225.0
PN,Panama,2003,rice,261.0,0.0,0.0
PN,Panama,2003,wheat,165.0,165.0,0.0
PN,Panama,2004,maize,375.0,150.0,225.0
PN,Panama,2004,rice,250.0,0.0,0.0
PN,Panama,2004,wheat,174.0,174.0,0.0
PN,Panama,2005,maize,425.0,150.0,275.0
PN,Panama,2005,rice,240.0,0.0,0.0
PN,Panama,2005,wheat,134.0,134.0,0.0
PN,Panama,2006,maize,429.0,154.0,275.0
PN,Panama,2006,rice,247.0,0.0,0.0
PN,Panama,2006,wheat,112.0,112.0,0.0
PN,Panama,2007,maize,450.0,150.0,300.0
PN,Panama,2007,rice,250.0,0.0,0.0
PN,Panama,2007,wheat,125.0,125.0,0.0
PN,Panama,2008,maize,450.0,150.0,300.0
PN,Panama,2008,rice,243.0,0.0,0.0
PN,Panama,2008,wheat,134.0,134.0,0.0
PN,Panama,2009,maize,450.0,150.0,300.0
PN,Panama,2009,rice,253.0,0.0,0.0
PN,Panama,2009,wheat,121.0,121.0,0.0
PN,Panama,2010,maize,435.0,150.0,285.0
PN,Panama,2010,rice,250.0,0.0,0.0
PN,Panama,2010,wheat,128.0,128.0,0.0
PN,Panama,2011,maize,475.0,150.0,325.0
PN,Panama,2011,rice,260.0,0.0,0.0
PN,Panama,2011,wheat,150.0,150.0,0.0
PN,Panama,2012,maize,425.0,125.0,300.0
PN,Panama,2012,rice,245.0,0.0,0.0
PN,Panama,2012,wheat,160.0,160.0,0.0
PN,Panama,2013,maize,500.0,150.0,350.0
PN,Panama,2013,rice,240.0,0.0,0.0
PN,Panama,2013,wheat,145.0,145.0,0.0
PN,Panama,2014,maize,570.0,170.0,400.0
PN,Panama,2014,rice,240.0,0.0,0.0
PN,Panama,2014,wheat,145.0,145.0,0.0
PN,Panama,2015,maize,625.0,175.0,450.0
PN,Panama,2015,rice,255.0,0.0,0.0
PN,Panama,2015,wheat,175.0,175.0,0.0
PN,Panama,2016,maize,630.0,180.0,450.0
PN,Panama,2016,rice,265.0,0.0,0.0
PN,Panama,2016,wheat,210.0,210.0,0.0
PN,Panama,2017,maize,621.0,170.0,451.0
PN,Panama,2017,rice,300.0,0.0,0.0
PN,Panama,2017,wheat,180.0,180.0,0.0
PN,Panama,2018,maize,630.0,180.0,450.0
PN,Panama,2018,rice,315.0,0.0,0.0
PN,Panama,2018,wheat,140.0,140.0,0.0
PN,Panama,2019,maize,680.0,180.0,500.0
PN,Panama,2019,rice,325.0,0.0,0.0
PN,Panama,2019,wheat,175.0,175.0,0.0
PN,Panama,2020,maize,705.0,180.0,525.0
PN,Panama,2020,rice,320.0,0.0,0.0
PN,Panama,2020,wheat,190.0,190.0,0.0
PN,Panama,2021,maize,730.0,180.0,550.0
PN,Panama,2021,rice,325.0,0.0,0.0
PN,Panama,2021,wheat,163.0,163.0,0.0
PN,Panama,2022,maize,730.0,180.0,550.0
PN,Panama,2022,rice,335.0,0.0,0.0
PN,Panama,2022,wheat,165.0,165.0,0.0
PN,Panama,2023,maize,705.0,180.0,525.0
PN,Panama,2023,rice,335.0,0.0,0.0
PN,Panama,2023,wheat,165.0,165.0,0.0
PN,Panama,2024,maize,730.0,180.0,550.0
PN,Panama,2024,rice,340.0,0.0,0.0
PN,Panama,2024,wheat,165.0,165.0,0.0
PN,Panama,2025,maize,805.0,180.0,625.0
PN,Panama,2025,rice,350.0,0.0,0.0
PN,Panama,2025,wheat,175.0,175.0,0.0
PN,Panama,2026,maize,830.0,180.0,650.0
PN,Panama,2026,rice,355.0,0.0,0.0
PN,Panama,2026,wheat,180.0,180.0,0.0
PP,Papua New Guinea,1963,rice,23.0,0.0,0.0
PP,Papua New Guinea,1964,rice,24.0,0.0,0.0
PP,Papua New Guinea,1965,rice,28.0,0.0,0.0
PP,Papua New Guinea,1966,rice,34.0,0.0,0.0
PP,Papua New Guinea,1967,rice,33.0,0.0,0.0
PP,Papua New Guinea,1968,rice,39.0,0.0,0.0
PP,Papua New Guinea,1969,rice,38.0,0.0,0.0
PP,Papua New Guinea,1970,rice,44.0,0.0,0.0
PP,Papua New Guinea,1971,rice,46.0,0.0,0.0
PP,Papua New Guinea,1972,rice,49.0,0.0,0.0
PP,Papua New Guinea,1973,rice,62.0,0.0,0.0
PP,Papua New Guinea,1974,rice,42.0,0.0,0.0
PP,Papua New Guinea,1975,rice,55.0,0.0,0.0
PP,Papua New Guinea,1976,rice,59.0,0.0,0.0
PP,Papua New Guinea,1977,rice,60.0,0.0,0.0
PP,Papua New Guinea,1978,rice,75.0,0.0,0.0
PP,Papua New Guinea,1979,rice,82.0,0.0,0.0
PP,Papua New Guinea,1980,rice,91.0,0.0,0.0
PP,Papua New Guinea,1981,rice,104.0,0.0,0.0
PP,Papua New Guinea,1982,rice,106.0,0.0,0.0
PP,Papua New Guinea,1982,wheat,58.0,58.0,0.0
PP,Papua New Guinea,1983,rice,105.0,0.0,0.0
PP,Papua New Guinea,1983,wheat,46.0,46.0,0.0
PP,Papua New Guinea,1984,rice,110.0,0.0,0.0
PP,Papua New Guinea,1984,wheat,66.0,66.0,0.0
PP,Papua New Guinea,1985,rice,110.0,0.0,0.0
PP,Papua New Guinea,1985,wheat,55.0,55.0,0.0
PP,Papua New Guinea,1986,rice,195.0,0.0,0.0
PP,Papua New Guinea,1986,wheat,73.0,73.0,0.0
PP,Papua New Guinea,1987,rice,127.0,0.0,0.0
PP,Papua New Guinea,1987,wheat,71.0,71.0,0.0
PP,Papua New Guinea,1988,rice,132.0,0.0,0.0
PP,Papua New Guinea,1988,wheat,62.0,62.0,0.0
PP,Papua New Guinea,1989,rice,131.0,0.0,0.0
PP,Papua New Guinea,1989,wheat,105.0,105.0,0.0
PP,Papua New Guinea,1990,rice,180.0,0.0,0.0
PP,Papua New Guinea,1990,wheat,45.0,45.0,0.0
PP,Papua New Guinea,1991,rice,150.0,0.0,0.0
PP,Papua New Guinea,1991,wheat,109.0,109.0,0.0
PP,Papua New Guinea,1992,rice,150.0,0.0,0.0
PP,Papua New Guinea,1992,wheat,99.0,99.0,0.0
PP,Papua New Guinea,1993,rice,140.0,0.0,0.0
PP,Papua New Guinea,1993,wheat,123.0,123.0,0.0
PP,Papua New Guinea,1994,rice,135.0,0.0,0.0
PP,Papua New Guinea,1994,wheat,113.0,113.0,0.0
PP,Papua New Guinea,1995,rice,160.0,0.0,0.0
PP,Papua New Guinea,1995,wheat,98.0,98.0,0.0
PP,Papua New Guinea,1996,rice,200.0,0.0,0.0
PP,Papua New Guinea,1996,wheat,96.0,96.0,0.0
PP,Papua New Guinea,1997,rice,250.0,0.0,0.0
PP,Papua New Guinea,1997,wheat,110.0,110.0,0.0
PP,Papua New Guinea,1998,rice,275.0,0.0,0.0
PP,Papua New Guinea,1998,wheat,115.0,115.0,0.0
PP,Papua New Guinea,1999,rice,325.0,0.0,0.0
PP,Papua New Guinea,1999,wheat,120.0,120.0,0.0
PP,Papua New Guinea,2000,rice,350.0,0.0,0.0
PP,Papua New Guinea,2000,wheat,125.0,125.0,0.0
PP,Papua New Guinea,2001,rice,150.0,0.0,0.0
PP,Papua New Guinea,2001,wheat,130.0,130.0,0.0
PP,Papua New Guinea,2002,rice,150.0,0.0,0.0
PP,Papua New Guinea,2002,wheat,135.0,135.0,0.0
PP,Papua New Guinea,2003,rice,150.0,0.0,0.0
PP,Papua New Guinea,2003,wheat,130.0,130.0,0.0
PP,Papua New Guinea,2004,rice,150.0,0.0,0.0
PP,Papua New Guinea,2004,wheat,135.0,135.0,0.0
PP,Papua New Guinea,2005,rice,150.0,0.0,0.0
PP,Papua New Guinea,2005,wheat,140.0,140.0,0.0
PP,Papua New Guinea,2006,rice,144.0,0.0,0.0
PP,Papua New Guinea,2006,wheat,145.0,145.0,0.0
PP,Papua New Guinea,2007,rice,185.0,0.0,0.0
PP,Papua New Guinea,2007,wheat,150.0,150.0,0.0
PP,Papua New Guinea,2008,rice,126.0,0.0,0.0
PP,Papua New Guinea,2008,wheat,155.0,155.0,0.0
PP,Papua New Guinea,2009,rice,154.0,0.0,0.0
PP,Papua New Guinea,2009,wheat,165.0,165.0,0.0
PP,Papua New Guinea,2010,rice,150.0,0.0,0.0
PP,Papua New Guinea,2010,wheat,190.0,190.0,0.0
PP,Papua New Guinea,2011,rice,160.0,0.0,0.0
PP,Papua New Guinea,2011,wheat,200.0,200.0,0.0
PP,Papua New Guinea,2012,rice,170.0,0.0,0.0
PP,Papua New Guinea,2012,wheat,205.0,205.0,0.0
PP,Papua New Guinea,2013,rice,170.0,0.0,0.0
PP,Papua New Guinea,2013,wheat,210.0,210.0,0.0
PP,Papua New Guinea,2014,rice,0.0,0.0,0.0
PP,Papua New Guinea,2014,wheat,240.0,240.0,0.0
PP,Papua New Guinea,2015,rice,0.0,0.0,0.0
PP,Papua New Guinea,2015,wheat,245.0,245.0,0.0
PP,Papua New Guinea,2016,rice,0.0,0.0,0.0
PP,Papua New Guinea,2016,wheat,250.0,250.0,0.0
PP,Papua New Guinea,2017,rice,0.0,0.0,0.0
PP,Papua New Guinea,2017,wheat,270.0,270.0,0.0
PP,Papua New Guinea,2018,rice,0.0,0.0,0.0
PP,Papua New Guinea,2018,wheat,290.0,290.0,0.0
PP,Papua New Guinea,2019,rice,0.0,0.0,0.0
PP,Papua New Guinea,2019,wheat,300.0,300.0,0.0
PP,Papua New Guinea,2020,rice,0.0,0.0,0.0
PP,Papua New Guinea,2020,wheat,325.0,325.0,0.0
PP,Papua New Guinea,2021,rice,0.0,0.0,0.0
PP,Papua New Guinea,2021,wheat,350.0,350.0,0.0
PP,Papua New Guinea,2022,rice,0.0,0.0,0.0
PP,Papua New Guinea,2022,wheat,330.0,330.0,0.0
PP,Papua New Guinea,2023,rice,0.0,0.0,0.0
PP,Papua New Guinea,2023,wheat,360.0,360.0,0.0
PP,Papua New Guinea,2024,rice,0.0,0.0,0.0
PP,Papua New Guinea,2024,wheat,350.0,350.0,0.0
PP,Papua New Guinea,2025,rice,0.0,0.0,0.0
PP,Papua New Guinea,2025,wheat,370.0,370.0,0.0
PP,Papua New Guinea,2026,rice,0.0,0.0,0.0
PP,Papua New Guinea,2026,wheat,400.0,400.0,0.0
PU,Guinea-Bissau,1960,rice,78.0,0.0,0.0
PU,Guinea-Bissau,1961,rice,80.0,0.0,0.0
PU,Guinea-Bissau,1962,rice,81.0,0.0,0.0
PU,Guinea-Bissau,1963,rice,86.0,0.0,0.0
PU,Guinea-Bissau,1964,rice,87.0,0.0,0.0
PU,Guinea-Bissau,1965,rice,61.0,0.0,0.0
PU,Guinea-Bissau,1966,rice,51.0,0.0,0.0
PU,Guinea-Bissau,1967,rice,41.0,0.0,0.0
PU,Guinea-Bissau,1968,rice,41.0,0.0,0.0
PU,Guinea-Bissau,1969,rice,31.0,0.0,0.0
PU,Guinea-Bissau,1970,rice,52.0,0.0,0.0
PU,Guinea-Bissau,1971,rice,43.0,0.0,0.0
PU,Guinea-Bissau,1972,rice,40.0,0.0,0.0
PU,Guinea-Bissau,1973,rice,49.0,0.0,0.0
PU,Guinea-Bissau,1974,rice,34.0,0.0,0.0
PU,Guinea-Bissau,1975,rice,55.0,0.0,0.0
PU,Guinea-Bissau,1976,rice,67.0,0.0,0.0
PU,Guinea-Bissau,1977,rice,59.0,0.0,0.0
PU,Guinea-Bissau,1978,rice,51.0,0.0,0.0
PU,Guinea-Bissau,1979,rice,38.0,0.0,0.0
PU,Guinea-Bissau,1980,maize,7.0,7.0,0.0
PU,Guinea-Bissau,1980,rice,53.0,0.0,0.0
PU,Guinea-Bissau,1981,maize,13.0,13.0,0.0
PU,Guinea-Bissau,1981,rice,46.0,0.0,0.0
PU,Guinea-Bissau,1982,maize,10.0,10.0,0.0
PU,Guinea-Bissau,1982,rice,79.0,0.0,0.0
PU,Guinea-Bissau,1983,maize,10.0,10.0,0.0
PU,Guinea-Bissau,1983,rice,60.0,0.0,0.0
PU,Guinea-Bissau,1984,maize,10.0,10.0,0.0
PU,Guinea-Bissau,1984,rice,96.0,0.0,0.0
PU,Guinea-Bissau,1985,maize,20.0,20.0,0.0
PU,Guinea-Bissau,1985,rice,97.0,0.0,0.0
PU,Guinea-Bissau,1986,maize,28.0,28.0,0.0
PU,Guinea-Bissau,1986,rice,97.0,0.0,0.0
PU,Guinea-Bissau,1987,maize,20.0,20.0,0.0
PU,Guinea-Bissau,1987,rice,97.0,0.0,0.0
PU,Guinea-Bissau,1988,maize,14.0,14.0,0.0
PU,Guinea-Bissau,1988,rice,103.0,0.0,0.0
PU,Guinea-Bissau,1989,maize,25.0,25.0,0.0
PU,Guinea-Bissau,1989,rice,119.0,0.0,0.0
PU,Guinea-Bissau,1990,maize,23.0,23.0,0.0
PU,Guinea-Bissau,1990,rice,121.0,0.0,0.0
PU,Guinea-Bissau,1991,maize,25.0,25.0,0.0
PU,Guinea-Bissau,1991,rice,179.0,0.0,0.0
PU,Guinea-Bissau,1992,maize,11.0,11.0,0.0
PU,Guinea-Bissau,1992,rice,117.0,0.0,0.0
PU,Guinea-Bissau,1993,maize,13.0,13.0,0.0
PU,Guinea-Bissau,1993,rice,98.0,0.0,0.0
PU,Guinea-Bissau,1994,maize,14.0,14.0,0.0
PU,Guinea-Bissau,1994,rice,96.0,0.0,0.0
PU,Guinea-Bissau,1995,maize,15.0,15.0,0.0
PU,Guinea-Bissau,1995,rice,86.0,0.0,0.0
PU,Guinea-Bissau,1996,maize,15.0,15.0,0.0
PU,Guinea-Bissau,1996,rice,85.0,0.0,0.0
PU,Guinea-Bissau,1997,maize,15.0,15.0,0.0
PU,Guinea-Bissau,1997,rice,65.0,0.0,0.0
PU,Guinea-Bissau,1998,maize,15.0,15.0,0.0
PU,Guinea-Bissau,1998,rice,67.0,0.0,0.0
PU,Guinea-Bissau,1999,maize,25.0,25.0,0.0
PU,Guinea-Bissau,1999,rice,54.0,0.0,0.0
PU,Guinea-Bissau,2000,maize,27.0,27.0,0.0
PU,Guinea-Bissau,2000,rice,70.0,0.0,0.0
PU,Guinea-Bissau,2001,maize,27.0,27.0,0.0
PU,Guinea-Bissau,2001,rice,109.0,0.0,0.0
PU,Guinea-Bissau,2002,maize,25.0,25.0,0.0
PU,Guinea-Bissau,2002,rice,107.0,0.0,0.0
PU,Guinea-Bissau,2003,maize,27.0,27.0,0.0
PU,Guinea-Bissau,2003,rice,93.0,0.0,0.0
PU,Guinea-Bissau,2004,maize,32.0,32.0,0.0
PU,Guinea-Bissau,2004,rice,99.0,0.0,0.0
PU,Guinea-Bissau,2005,maize,40.0,40.0,0.0
PU,Guinea-Bissau,2005,rice,104.0,0.0,0.0
PU,Guinea-Bissau,2006,maize,45.0,45.0,0.0
PU,Guinea-Bissau,2006,rice,139.0,0.0,0.0
PU,Guinea-Bissau,2007,maize,14.0,14.0,0.0
PU,Guinea-Bissau,2007,rice,156.0,0.0,0.0
PU,Guinea-Bissau,2008,maize,17.0,17.0,0.0
PU,Guinea-Bissau,2008,rice,164.0,0.0,0.0
PU,Guinea-Bissau,2009,maize,17.0,17.0,0.0
PU,Guinea-Bissau,2009,rice,219.0,0.0,0.0
PU,Guinea-Bissau,2010,maize,12.0,12.0,0.0
PU,Guinea-Bissau,2010,rice,235.0,0.0,0.0
PU,Guinea-Bissau,2011,maize,8.0,8.0,0.0
PU,Guinea-Bissau,2011,rice,235.0,0.0,0.0
PU,Guinea-Bissau,2012,maize,7.0,7.0,0.0
PU,Guinea-Bissau,2012,rice,245.0,0.0,0.0
PU,Guinea-Bissau,2013,maize,7.0,7.0,0.0
PU,Guinea-Bissau,2013,rice,240.0,0.0,0.0
PU,Guinea-Bissau,2014,maize,7.0,7.0,0.0
PU,Guinea-Bissau,2014,rice,225.0,0.0,0.0
PU,Guinea-Bissau,2015,maize,6.0,6.0,0.0
PU,Guinea-Bissau,2015,rice,230.0,0.0,0.0
PU,Guinea-Bissau,2016,maize,6.0,6.0,0.0
PU,Guinea-Bissau,2016,rice,250.0,0.0,0.0
PU,Guinea-Bissau,2017,maize,7.0,7.0,0.0
PU,Guinea-Bissau,2017,rice,230.0,0.0,0.0
PU,Guinea-Bissau,2018,maize,7.0,7.0,0.0
PU,Guinea-Bissau,2018,rice,220.0,0.0,0.0
PU,Guinea-Bissau,2019,maize,10.0,10.0,0.0
PU,Guinea-Bissau,2019,rice,240.0,0.0,0.0
PU,Guinea-Bissau,2020,maize,13.0,13.0,0.0
PU,Guinea-Bissau,2020,rice,240.0,0.0,0.0
PU,Guinea-Bissau,2021,maize,17.0,17.0,0.0
PU,Guinea-Bissau,2021,rice,215.0,0.0,0.0
PU,Guinea-Bissau,2022,maize,20.0,20.0,0.0
PU,Guinea-Bissau,2022,rice,220.0,0.0,0.0
PU,Guinea-Bissau,2023,maize,21.0,21.0,0.0
PU,Guinea-Bissau,2023,rice,270.0,0.0,0.0
PU,Guinea-Bissau,2024,maize,26.0,26.0,0.0
PU,Guinea-Bissau,2024,rice,345.0,0.0,0.0
PU,Guinea-Bissau,2025,maize,30.0,30.0,0.0
PU,Guinea-Bissau,2025,rice,375.0,0.0,0.0
PU,Guinea-Bissau,2026,maize,25.0,25.0,0.0
PU,Guinea-Bissau,2026,rice,390.0,0.0,0.0
QA,Qatar,1968,rice,2.0,0.0,0.0
QA,Qatar,1969,rice,3.0,0.0,0.0
QA,Qatar,1970,rice,3.0,0.0,0.0
QA,Qatar,1971,rice,11.0,0.0,0.0
QA,Qatar,1972,rice,7.0,0.0,0.0
QA,Qatar,1973,rice,6.0,0.0,0.0
QA,Qatar,1974,rice,9.0,0.0,0.0
QA,Qatar,1975,rice,9.0,0.0,0.0
QA,Qatar,1976,rice,12.0,0.0,0.0
QA,Qatar,2010,rice,110.0,0.0,0.0
QA,Qatar,2011,rice,154.0,0.0,0.0
QA,Qatar,2012,rice,150.0,0.0,0.0
QA,Qatar,2013,rice,224.0,0.0,0.0
QA,Qatar,2014,rice,155.0,0.0,0.0
QA,Qatar,2015,rice,189.0,0.0,0.0
QA,Qatar,2016,maize,2.0,0.0,2.0
QA,Qatar,2016,rice,216.0,0.0,0.0
QA,Qatar,2017,maize,24.0,0.0,24.0
QA,Qatar,2017,rice,183.0,0.0,0.0
QA,Qatar,2018,maize,62.0,0.0,62.0
QA,Qatar,2018,rice,202.0,0.0,0.0
QA,Qatar,2019,maize,79.0,0.0,79.0
QA,Qatar,2019,rice,225.0,0.0,0.0
QA,Qatar,2020,maize,60.0,0.0,60.0
QA,Qatar,2020,rice,161.0,0.0,0.0
QA,Qatar,2021,maize,48.0,0.0,48.0
QA,Qatar,2021,rice,176.0,0.0,0.0
QA,Qatar,2022,maize,41.0,0.0,41.0
QA,Qatar,2022,rice,193.0,0.0,0.0
QA,Qatar,2023,maize,111.0,0.0,111.0
QA,Qatar,2023,rice,214.0,0.0,0.0
QA,Qatar,2024,maize,91.0,0.0,91.0
QA,Qatar,2024,rice,174.0,0.0,0.0
QA,Qatar,2025,maize,50.0,0.0,50.0
QA,Qatar,2025,rice,175.0,0.0,0.0
QA,Qatar,2026,maize,50.0,0.0,50.0
QA,Qatar,2026,rice,200.0,0.0,0.0
RB,Serbia,2006,maize,5450.0,250.0,5200.0
RB,Serbia,2006,wheat,1550.0,1400.0,150.0
RB,Serbia,2007,maize,4100.0,200.0,3900.0
RB,Serbia,2007,wheat,1550.0,1400.0,150.0
RB,Serbia,2008,maize,4700.0,200.0,4500.0
RB,Serbia,2008,wheat,1650.0,1400.0,250.0
RB,Serbia,2009,maize,4700.0,300.0,4400.0
RB,Serbia,2009,wheat,1600.0,1400.0,200.0
RB,Serbia,2010,maize,4800.0,400.0,4400.0
RB,Serbia,2010,wheat,1500.0,1400.0,100.0
RB,Serbia,2011,maize,4500.0,300.0,4200.0
RB,Serbia,2011,wheat,1500.0,1300.0,200.0
RB,Serbia,2012,maize,3550.0,150.0,3400.0
RB,Serbia,2012,wheat,1440.0,1200.0,240.0
RB,Serbia,2013,maize,4000.0,300.0,3700.0
RB,Serbia,2013,wheat,1550.0,1200.0,350.0
RB,Serbia,2014,maize,4400.0,300.0,4100.0
RB,Serbia,2014,wheat,1550.0,1200.0,350.0
RB,Serbia,2015,maize,4500.0,300.0,4200.0
RB,Serbia,2015,wheat,1600.0,1250.0,350.0
RB,Serbia,2016,maize,4800.0,300.0,4500.0
RB,Serbia,2016,wheat,1700.0,1300.0,400.0
RB,Serbia,2017,maize,3800.0,300.0,3500.0
RB,Serbia,2017,wheat,1750.0,1350.0,400.0
RB,Serbia,2018,maize,4200.0,300.0,3900.0
RB,Serbia,2018,wheat,2000.0,1400.0,600.0
RB,Serbia,2019,maize,4500.0,300.0,4200.0
RB,Serbia,2019,wheat,1910.0,1410.0,500.0
RB,Serbia,2020,maize,4700.0,300.0,4400.0
RB,Serbia,2020,wheat,1970.0,1420.0,550.0
RB,Serbia,2021,maize,4600.0,300.0,4300.0
RB,Serbia,2021,wheat,1980.0,1430.0,550.0
RB,Serbia,2022,maize,4500.0,300.0,4200.0
RB,Serbia,2022,wheat,2050.0,1450.0,600.0
RB,Serbia,2023,maize,4200.0,300.0,3900.0
RB,Serbia,2023,wheat,2130.0,1480.0,650.0
RB,Serbia,2024,maize,4100.0,300.0,3800.0
RB,Serbia,2024,wheat,1950.0,1500.0,450.0
RB,Serbia,2025,maize,3500.0,300.0,3200.0
RB,Serbia,2025,wheat,2200.0,1550.0,650.0
RB,Serbia,2026,maize,3800.0,300.0,3500.0
RB,Serbia,2026,wheat,2175.0,1575.0,600.0
RE,Reunion,1960,rice,32.0,0.0,0.0
RE,Reunion,1961,rice,44.0,0.0,0.0
RE,Reunion,1962,rice,37.0,0.0,0.0
RE,Reunion,1963,rice,44.0,0.0,0.0
RE,Reunion,1964,rice,43.0,0.0,0.0
RE,Reunion,1965,rice,40.0,0.0,0.0
RE,Reunion,1966,rice,44.0,0.0,0.0
RE,Reunion,1967,rice,50.0,0.0,0.0
RE,Reunion,1968,rice,43.0,0.0,0.0
RE,Reunion,1969,rice,47.0,0.0,0.0
RE,Reunion,1970,rice,49.0,0.0,0.0
RE,Reunion,1971,rice,49.0,0.0,0.0
RE,Reunion,1972,rice,51.0,0.0,0.0
RE,Reunion,1973,rice,46.0,0.0,0.0
RE,Reunion,1974,rice,50.0,0.0,0.0
RE,Reunion,1975,rice,44.0,0.0,0.0
RE,Reunion,1976,rice,57.0,0.0,0.0
RE,Reunion,1977,rice,55.0,0.0,0.0
RE,Reunion,1978,rice,54.0,0.0,0.0
RE,Reunion,1979,rice,51.0,0.0,0.0
RE,Reunion,1980,rice,49.0,0.0,0.0
RE,Reunion,1981,rice,38.0,0.0,0.0
RE,Reunion,1982,rice,63.0,0.0,0.0
RE,Reunion,1983,rice,51.0,0.0,0.0
RE,Reunion,1984,rice,83.0,0.0,0.0
RE,Reunion,1985,rice,29.0,0.0,0.0
RE,Reunion,1986,rice,65.0,0.0,0.0
RE,Reunion,1987,rice,47.0,0.0,0.0
RE,Reunion,1988,rice,69.0,0.0,0.0
RE,Reunion,1989,rice,19.0,0.0,0.0
RE,Reunion,1990,rice,61.0,0.0,0.0
RE,Reunion,1991,rice,57.0,0.0,0.0
RE,Reunion,1992,rice,52.0,0.0,0.0
RE,Reunion,1993,rice,59.0,0.0,0.0
RE,Reunion,1994,rice,58.0,0.0,0.0
RE,Reunion,1995,rice,56.0,0.0,0.0
RE,Reunion,1996,rice,39.0,0.0,0.0
RE,Reunion,1997,rice,22.0,0.0,0.0
RE,Reunion,1998,rice,17.0,0.0,0.0
RE,Reunion,1999,rice,20.0,0.0,0.0
RE,Reunion,2000,rice,21.0,0.0,0.0
RE,Reunion,2001,rice,23.0,0.0,0.0
RE,Reunion,2002,rice,24.0,0.0,0.0
RE,Reunion,2003,rice,25.0,0.0,0.0
RE,Reunion,2004,rice,25.0,0.0,0.0
RE,Reunion,2005,rice,50.0,0.0,0.0
RE,Reunion,2006,rice,55.0,0.0,0.0
RE,Reunion,2007,rice,55.0,0.0,0.0
RE,Reunion,2008,rice,40.0,0.0,0.0
RE,Reunion,2009,rice,40.0,0.0,0.0
RE,Reunion,2010,rice,25.0,0.0,0.0
RE,Reunion,2011,rice,30.0,0.0,0.0
RE,Reunion,2012,rice,20.0,0.0,0.0
RE,Reunion,2013,rice,20.0,0.0,0.0
RE,Reunion,2014,rice,15.0,0.0,0.0
RE,Reunion,2015,rice,20.0,0.0,0.0
RE,Reunion,2016,rice,23.0,0.0,0.0
RE,Reunion,2017,rice,22.0,0.0,0.0
RE,Reunion,2018,rice,24.0,0.0,0.0
RE,Reunion,2019,rice,24.0,0.0,0.0
RE,Reunion,2020,rice,23.0,0.0,0.0
RE,Reunion,2021,rice,32.0,0.0,0.0
RE,Reunion,2022,rice,30.0,0.0,0.0
RH,Zimbabwe,1960,maize,682.0,632.0,50.0
RH,Zimbabwe,1960,wheat,77.0,77.0,0.0
RH,Zimbabwe,1961,maize,722.0,672.0,50.0
RH,Zimbabwe,1961,wheat,83.0,83.0,0.0
RH,Zimbabwe,1962,maize,655.0,605.0,50.0
RH,Zimbabwe,1962,wheat,61.0,61.0,0.0
RH,Zimbabwe,1963,maize,718.0,668.0,50.0
RH,Zimbabwe,1963,wheat,81.0,81.0,0.0
RH,Zimbabwe,1964,maize,833.0,733.0,100.0
RH,Zimbabwe,1964,wheat,75.0,75.0,0.0
RH,Zimbabwe,1965,maize,626.0,576.0,50.0
RH,Zimbabwe,1965,wheat,85.0,85.0,0.0
RH,Zimbabwe,1966,maize,834.0,734.0,100.0
RH,Zimbabwe,1966,wheat,94.0,94.0,0.0
RH,Zimbabwe,1967,maize,689.0,639.0,50.0
RH,Zimbabwe,1967,wheat,82.0,82.0,0.0
RH,Zimbabwe,1968,maize,838.0,738.0,100.0
RH,Zimbabwe,1968,wheat,107.0,107.0,0.0
RH,Zimbabwe,1969,maize,831.0,731.0,100.0
RH,Zimbabwe,1969,wheat,90.0,90.0,0.0
RH,Zimbabwe,1970,maize,1002.0,802.0,200.0
RH,Zimbabwe,1970,wheat,112.0,112.0,0.0
RH,Zimbabwe,1971,maize,1177.0,977.0,200.0
RH,Zimbabwe,1971,wheat,124.0,124.0,0.0
RH,Zimbabwe,1972,maize,844.0,744.0,100.0
RH,Zimbabwe,1972,wheat,108.0,108.0,0.0
RH,Zimbabwe,1973,maize,1299.0,1099.0,200.0
RH,Zimbabwe,1973,wheat,130.0,130.0,0.0
RH,Zimbabwe,1974,maize,1130.0,930.0,200.0
RH,Zimbabwe,1974,wheat,148.0,148.0,0.0
RH,Zimbabwe,1975,maize,1145.0,945.0,200.0
RH,Zimbabwe,1975,wheat,143.0,143.0,0.0
RH,Zimbabwe,1976,maize,1230.0,1030.0,200.0
RH,Zimbabwe,1976,wheat,118.0,118.0,0.0
RH,Zimbabwe,1977,maize,1184.0,934.0,250.0
RH,Zimbabwe,1977,wheat,127.0,127.0,0.0
RH,Zimbabwe,1978,maize,1340.0,746.0,594.0
RH,Zimbabwe,1978,wheat,148.0,148.0,0.0
RH,Zimbabwe,1979,maize,1776.0,1414.0,362.0
RH,Zimbabwe,1979,wheat,172.0,172.0,0.0
RH,Zimbabwe,1980,maize,1419.0,1069.0,350.0
RH,Zimbabwe,1980,wheat,206.0,206.0,0.0
RH,Zimbabwe,1981,maize,1460.0,1085.0,375.0
RH,Zimbabwe,1981,wheat,224.0,224.0,0.0
RH,Zimbabwe,1982,maize,1544.0,1244.0,300.0
RH,Zimbabwe,1982,wheat,235.0,235.0,0.0
RH,Zimbabwe,1983,maize,1322.0,1012.0,310.0
RH,Zimbabwe,1983,wheat,240.0,240.0,0.0
RH,Zimbabwe,1984,maize,1694.0,1369.0,325.0
RH,Zimbabwe,1984,wheat,230.0,230.0,0.0
RH,Zimbabwe,1985,maize,1538.0,1238.0,300.0
RH,Zimbabwe,1985,wheat,228.0,228.0,0.0
RH,Zimbabwe,1986,maize,1775.0,1475.0,300.0
RH,Zimbabwe,1986,wheat,243.0,243.0,0.0
RH,Zimbabwe,1987,maize,1729.0,1429.0,300.0
RH,Zimbabwe,1987,wheat,260.0,260.0,0.0
RH,Zimbabwe,1988,maize,1728.0,1428.0,300.0
RH,Zimbabwe,1988,wheat,217.0,217.0,0.0
RH,Zimbabwe,1989,maize,1771.0,1421.0,350.0
RH,Zimbabwe,1989,wheat,284.0,284.0,0.0
RH,Zimbabwe,1990,maize,1686.0,1386.0,300.0
RH,Zimbabwe,1990,wheat,384.0,384.0,0.0
RH,Zimbabwe,1991,maize,1560.0,1360.0,200.0
RH,Zimbabwe,1991,wheat,380.0,380.0,0.0
RH,Zimbabwe,1992,maize,1600.0,1400.0,200.0
RH,Zimbabwe,1992,wheat,280.0,280.0,0.0
RH,Zimbabwe,1993,maize,1560.0,1360.0,200.0
RH,Zimbabwe,1993,wheat,280.0,280.0,0.0
RH,Zimbabwe,1994,maize,1439.0,1314.0,125.0
RH,Zimbabwe,1994,wheat,303.0,303.0,0.0
RH,Zimbabwe,1995,maize,1700.0,1400.0,300.0
RH,Zimbabwe,1995,wheat,186.0,186.0,0.0
RH,Zimbabwe,1996,maize,1722.0,1422.0,300.0
RH,Zimbabwe,1996,wheat,278.0,278.0,0.0
RH,Zimbabwe,1997,maize,1716.0,1416.0,300.0
RH,Zimbabwe,1997,wheat,383.0,383.0,0.0
RH,Zimbabwe,1998,maize,1720.0,1420.0,300.0
RH,Zimbabwe,1998,wheat,332.0,332.0,0.0
RH,Zimbabwe,1999,maize,1898.0,1498.0,400.0
RH,Zimbabwe,1999,wheat,336.0,336.0,0.0
RH,Zimbabwe,2000,maize,1898.0,1498.0,400.0
RH,Zimbabwe,2000,wheat,278.0,278.0,0.0
RH,Zimbabwe,2001,maize,1727.0,1327.0,400.0
RH,Zimbabwe,2001,wheat,261.0,261.0,0.0
RH,Zimbabwe,2002,maize,1350.0,1300.0,50.0
RH,Zimbabwe,2002,wheat,280.0,280.0,0.0
RH,Zimbabwe,2003,maize,1250.0,1200.0,50.0
RH,Zimbabwe,2003,wheat,292.0,292.0,0.0
RH,Zimbabwe,2004,maize,1333.0,1208.0,125.0
RH,Zimbabwe,2004,wheat,352.0,352.0,0.0
RH,Zimbabwe,2005,maize,1783.0,1708.0,75.0
RH,Zimbabwe,2005,wheat,354.0,354.0,0.0
RH,Zimbabwe,2006,maize,1050.0,1000.0,50.0
RH,Zimbabwe,2006,wheat,342.0,342.0,0.0
RH,Zimbabwe,2007,maize,1400.0,1350.0,50.0
RH,Zimbabwe,2007,wheat,299.0,299.0,0.0
RH,Zimbabwe,2008,maize,1125.0,1075.0,50.0
RH,Zimbabwe,2008,wheat,280.0,280.0,0.0
RH,Zimbabwe,2009,maize,925.0,875.0,50.0
RH,Zimbabwe,2009,wheat,280.0,280.0,0.0
RH,Zimbabwe,2010,maize,1300.0,1250.0,50.0
RH,Zimbabwe,2010,wheat,260.0,260.0,0.0
RH,Zimbabwe,2011,maize,1485.0,1435.0,50.0
RH,Zimbabwe,2011,wheat,280.0,280.0,0.0
RH,Zimbabwe,2012,maize,1609.0,1529.0,80.0
RH,Zimbabwe,2012,wheat,300.0,300.0,0.0
RH,Zimbabwe,2013,maize,1750.0,1600.0,150.0
RH,Zimbabwe,2013,wheat,320.0,320.0,0.0
RH,Zimbabwe,2014,maize,1800.0,1500.0,300.0
RH,Zimbabwe,2014,wheat,320.0,320.0,0.0
RH,Zimbabwe,2015,maize,1680.0,1480.0,200.0
RH,Zimbabwe,2015,wheat,310.0,310.0,0.0
RH,Zimbabwe,2016,maize,1850.0,1550.0,300.0
RH,Zimbabwe,2016,wheat,300.0,300.0,0.0
RH,Zimbabwe,2017,maize,1900.0,1600.0,300.0
RH,Zimbabwe,2017,wheat,300.0,300.0,0.0
RH,Zimbabwe,2018,maize,1900.0,1600.0,300.0
RH,Zimbabwe,2018,wheat,290.0,290.0,0.0
RH,Zimbabwe,2019,maize,1650.0,1450.0,200.0
RH,Zimbabwe,2019,wheat,300.0,300.0,0.0
RH,Zimbabwe,2020,maize,1700.0,1500.0,200.0
RH,Zimbabwe,2020,wheat,400.0,400.0,0.0
RH,Zimbabwe,2021,maize,1600.0,1400.0,200.0
RH,Zimbabwe,2021,wheat,410.0,410.0,0.0
RH,Zimbabwe,2022,maize,1650.0,1400.0,250.0
RH,Zimbabwe,2022,wheat,470.0,470.0,0.0
RH,Zimbabwe,2023,maize,1900.0,1600.0,300.0
RH,Zimbabwe,2023,wheat,530.0,530.0,0.0
RH,Zimbabwe,2024,maize,2000.0,1600.0,400.0
RH,Zimbabwe,2024,wheat,700.0,700.0,0.0
RH,Zimbabwe,2025,maize,2350.0,1800.0,550.0
RH,Zimbabwe,2025,wheat,750.0,750.0,0.0
RH,Zimbabwe,2026,maize,2450.0,1900.0,550.0
RH,Zimbabwe,2026,wheat,775.0,775.0,0.0
RO,Romania,1960,maize,4944.0,2006.0,2938.0
RO,Romania,1960,rice,48.0,0.0,0.0
RO,Romania,1960,wheat,3303.0,3303.0,0.0
RO,Romania,1961,maize,4783.0,4023.0,760.0
RO,Romania,1961,rice,43.0,0.0,0.0
RO,Romania,1961,wheat,3795.0,3724.0,71.0
RO,Romania,1962,maize,4048.0,1796.0,2252.0
RO,Romania,1962,rice,56.0,0.0,0.0
RO,Romania,1962,wheat,3800.0,3317.0,483.0
RO,Romania,1963,maize,4833.0,1852.0,2981.0
RO,Romania,1963,rice,62.0,0.0,0.0
RO,Romania,1963,wheat,3629.0,3629.0,0.0
RO,Romania,1964,maize,5823.0,1812.0,4011.0
RO,Romania,1964,rice,72.0,0.0,0.0
RO,Romania,1964,wheat,3991.0,3575.0,416.0
RO,Romania,1965,maize,5421.0,2257.0,3164.0
RO,Romania,1965,rice,60.0,0.0,0.0
RO,Romania,1965,wheat,5653.0,3962.0,1691.0
RO,Romania,1966,maize,7448.0,2523.0,4925.0
RO,Romania,1966,rice,68.0,0.0,0.0
RO,Romania,1966,wheat,4203.0,4157.0,46.0
RO,Romania,1967,maize,6273.0,1898.0,4375.0
RO,Romania,1967,rice,74.0,0.0,0.0
RO,Romania,1967,wheat,4345.0,3697.0,648.0
RO,Romania,1968,maize,6715.0,1861.0,4854.0
RO,Romania,1968,rice,71.0,0.0,0.0
RO,Romania,1968,wheat,3412.0,3412.0,0.0
RO,Romania,1969,maize,7197.0,1989.0,5208.0
RO,Romania,1969,rice,80.0,0.0,0.0
RO,Romania,1969,wheat,3595.0,3595.0,0.0
RO,Romania,1970,maize,6295.0,1587.0,4708.0
RO,Romania,1970,rice,103.0,0.0,0.0
RO,Romania,1970,wheat,4042.0,3461.0,581.0
RO,Romania,1971,maize,7761.0,2676.0,5085.0
RO,Romania,1971,rice,72.0,0.0,0.0
RO,Romania,1971,wheat,5693.0,4354.0,1339.0
RO,Romania,1972,maize,9689.0,2770.0,6919.0
RO,Romania,1972,rice,99.0,0.0,0.0
RO,Romania,1972,wheat,5533.0,4248.0,1285.0
RO,Romania,1973,maize,7247.0,1297.0,5950.0
RO,Romania,1973,rice,73.0,0.0,0.0
RO,Romania,1973,wheat,4886.0,3285.0,1601.0
RO,Romania,1974,maize,8220.0,1117.0,7103.0
RO,Romania,1974,rice,96.0,0.0,0.0
RO,Romania,1974,wheat,4656.0,3051.0,1605.0
RO,Romania,1975,maize,8883.0,1360.0,7523.0
RO,Romania,1975,rice,102.0,0.0,0.0
RO,Romania,1975,wheat,5009.0,3383.0,1626.0
RO,Romania,1976,maize,11437.0,4226.0,7211.0
RO,Romania,1976,rice,62.0,0.0,0.0
RO,Romania,1976,wheat,6264.0,4908.0,1356.0
RO,Romania,1977,maize,9627.0,2266.0,7361.0
RO,Romania,1977,rice,93.0,0.0,0.0
RO,Romania,1977,wheat,5563.0,4196.0,1367.0
RO,Romania,1978,maize,10539.0,2442.0,8097.0
RO,Romania,1978,rice,105.0,0.0,0.0
RO,Romania,1978,wheat,5597.0,4220.0,1377.0
RO,Romania,1979,maize,12564.0,2964.0,9600.0
RO,Romania,1979,rice,96.0,0.0,0.0
RO,Romania,1979,wheat,4866.0,3666.0,1200.0
RO,Romania,1980,maize,12231.0,2681.0,9550.0
RO,Romania,1980,rice,90.0,0.0,0.0
RO,Romania,1980,wheat,6127.0,4777.0,1350.0
RO,Romania,1981,maize,10692.0,1302.0,9390.0
RO,Romania,1981,rice,58.0,0.0,0.0
RO,Romania,1981,wheat,5455.0,4375.0,1080.0
RO,Romania,1982,maize,11120.0,1620.0,9500.0
RO,Romania,1982,rice,70.0,0.0,0.0
RO,Romania,1982,wheat,6165.0,4665.0,1500.0
RO,Romania,1983,maize,11382.0,2582.0,8800.0
RO,Romania,1983,rice,132.0,0.0,0.0
RO,Romania,1983,wheat,5460.0,3860.0,1600.0
RO,Romania,1984,maize,12474.0,2474.0,10000.0
RO,Romania,1984,rice,108.0,0.0,0.0
RO,Romania,1984,wheat,6788.0,5088.0,1700.0
RO,Romania,1985,maize,11200.0,1400.0,9800.0
RO,Romania,1985,rice,120.0,0.0,0.0
RO,Romania,1985,wheat,5815.0,4315.0,1500.0
RO,Romania,1986,maize,10815.0,1565.0,9250.0
RO,Romania,1986,rice,165.0,0.0,0.0
RO,Romania,1986,wheat,6369.0,4269.0,2100.0
RO,Romania,1987,maize,11270.0,970.0,10300.0
RO,Romania,1987,rice,121.0,0.0,0.0
RO,Romania,1987,wheat,6250.0,4250.0,2000.0
RO,Romania,1988,maize,9100.0,300.0,8800.0
RO,Romania,1988,rice,114.0,0.0,0.0
RO,Romania,1988,wheat,7800.0,3800.0,4000.0
RO,Romania,1989,maize,7524.0,1524.0,6000.0
RO,Romania,1989,rice,56.0,0.0,0.0
RO,Romania,1989,wheat,7560.0,5560.0,2000.0
RO,Romania,1990,maize,7599.0,1685.0,5914.0
RO,Romania,1990,rice,83.0,0.0,0.0
RO,Romania,1990,wheat,8085.0,5185.0,2900.0
RO,Romania,1991,maize,9686.0,1186.0,8500.0
RO,Romania,1991,rice,65.0,0.0,0.0
RO,Romania,1991,wheat,6239.0,4039.0,2200.0
RO,Romania,1992,maize,8455.0,1626.0,6829.0
RO,Romania,1992,rice,107.0,0.0,0.0
RO,Romania,1992,wheat,4600.0,3100.0,1500.0
RO,Romania,1993,maize,8099.0,1949.0,6150.0
RO,Romania,1993,rice,56.0,0.0,0.0
RO,Romania,1993,wheat,4808.0,3158.0,1650.0
RO,Romania,1994,maize,8366.0,1666.0,6700.0
RO,Romania,1994,rice,49.0,0.0,0.0
RO,Romania,1994,wheat,5149.0,3249.0,1900.0
RO,Romania,1995,maize,9371.0,1871.0,7500.0
RO,Romania,1995,rice,71.0,0.0,0.0
RO,Romania,1995,wheat,5124.0,3224.0,1900.0
RO,Romania,1996,maize,9225.0,1825.0,7400.0
RO,Romania,1996,rice,81.0,0.0,0.0
RO,Romania,1996,wheat,5194.0,3294.0,1900.0
RO,Romania,1997,maize,10493.0,1781.0,8712.0
RO,Romania,1997,rice,70.0,0.0,0.0
RO,Romania,1997,wheat,5314.0,3314.0,2000.0
RO,Romania,1998,maize,8621.0,1821.0,6800.0
RO,Romania,1998,rice,99.0,0.0,0.0
RO,Romania,1998,wheat,5180.0,3380.0,1800.0
RP,Philippines,1960,maize,1204.0,847.0,357.0
RP,Philippines,1960,rice,2515.0,0.0,0.0
RP,Philippines,1960,wheat,393.0,393.0,0.0
RP,Philippines,1961,maize,1259.0,882.0,377.0
RP,Philippines,1961,rice,2588.0,0.0,0.0
RP,Philippines,1961,wheat,372.0,372.0,0.0
RP,Philippines,1962,maize,1275.0,860.0,415.0
RP,Philippines,1962,rice,2690.0,0.0,0.0
RP,Philippines,1962,wheat,390.0,390.0,0.0
RP,Philippines,1963,maize,1297.0,916.0,381.0
RP,Philippines,1963,rice,2713.0,0.0,0.0
RP,Philippines,1963,wheat,441.0,441.0,0.0
RP,Philippines,1964,maize,1306.0,917.0,389.0
RP,Philippines,1964,rice,2803.0,0.0,0.0
RP,Philippines,1964,wheat,418.0,418.0,0.0
RP,Philippines,1965,maize,1364.0,949.0,415.0
RP,Philippines,1965,rice,2893.0,0.0,0.0
RP,Philippines,1965,wheat,487.0,487.0,0.0
RP,Philippines,1966,maize,1405.0,975.0,430.0
RP,Philippines,1966,rice,2633.0,0.0,0.0
RP,Philippines,1966,wheat,561.0,561.0,0.0
RP,Philippines,1967,maize,1534.0,1034.0,500.0
RP,Philippines,1967,rice,3107.0,0.0,0.0
RP,Philippines,1967,wheat,640.0,640.0,0.0
RP,Philippines,1968,maize,1685.0,1095.0,590.0
RP,Philippines,1968,rice,3210.0,0.0,0.0
RP,Philippines,1968,wheat,592.0,592.0,0.0
RP,Philippines,1969,maize,1900.0,1250.0,650.0
RP,Philippines,1969,rice,3078.0,0.0,0.0
RP,Philippines,1969,wheat,545.0,545.0,0.0
RP,Philippines,1970,maize,2050.0,1381.0,669.0
RP,Philippines,1970,rice,3601.0,0.0,0.0
RP,Philippines,1970,wheat,573.0,573.0,0.0
RP,Philippines,1971,maize,2160.0,1410.0,750.0
RP,Philippines,1971,rice,3815.0,0.0,0.0
RP,Philippines,1971,wheat,649.0,649.0,0.0
RP,Philippines,1972,maize,2115.0,1435.0,680.0
RP,Philippines,1972,rice,3326.0,0.0,0.0
RP,Philippines,1972,wheat,630.0,630.0,0.0
RP,Philippines,1973,maize,2520.0,1770.0,750.0
RP,Philippines,1973,rice,3541.0,0.0,0.0
RP,Philippines,1973,wheat,564.0,564.0,0.0
RP,Philippines,1974,maize,2730.0,1880.0,850.0
RP,Philippines,1974,rice,3855.0,0.0,0.0
RP,Philippines,1974,wheat,506.0,498.0,8.0
RP,Philippines,1975,maize,2650.0,1750.0,900.0
RP,Philippines,1975,rice,4258.0,0.0,0.0
RP,Philippines,1975,wheat,535.0,535.0,0.0
RP,Philippines,1976,maize,2970.0,1820.0,1150.0
RP,Philippines,1976,rice,4244.0,0.0,0.0
RP,Philippines,1976,wheat,675.0,675.0,0.0
RP,Philippines,1977,maize,3100.0,1870.0,1230.0
RP,Philippines,1977,rice,4196.0,0.0,0.0
RP,Philippines,1977,wheat,750.0,750.0,0.0
RP,Philippines,1978,maize,3177.0,1877.0,1300.0
RP,Philippines,1978,rice,4476.0,0.0,0.0
RP,Philippines,1978,wheat,770.0,770.0,0.0
RP,Philippines,1979,maize,3341.0,1867.0,1474.0
RP,Philippines,1979,rice,4737.0,0.0,0.0
RP,Philippines,1979,wheat,819.0,819.0,0.0
RP,Philippines,1980,maize,3434.0,1760.0,1674.0
RP,Philippines,1980,rice,4989.0,0.0,0.0
RP,Philippines,1980,wheat,865.0,865.0,0.0
RP,Philippines,1981,maize,3542.0,1767.0,1775.0
RP,Philippines,1981,rice,5267.0,0.0,0.0
RP,Philippines,1981,wheat,890.0,890.0,0.0
RP,Philippines,1982,maize,3566.0,1720.0,1846.0
RP,Philippines,1982,rice,5186.0,0.0,0.0
RP,Philippines,1982,wheat,936.0,936.0,0.0
RP,Philippines,1983,maize,3658.0,2018.0,1640.0
RP,Philippines,1983,rice,5460.0,0.0,0.0
RP,Philippines,1983,wheat,774.0,774.0,0.0
RP,Philippines,1984,maize,3711.0,2071.0,1640.0
RP,Philippines,1984,rice,5692.0,0.0,0.0
RP,Philippines,1984,wheat,712.0,712.0,0.0
RP,Philippines,1985,maize,3954.0,2248.0,1706.0
RP,Philippines,1985,rice,5844.0,0.0,0.0
RP,Philippines,1985,wheat,798.0,752.0,46.0
RP,Philippines,1986,maize,4175.0,2125.0,2050.0
RP,Philippines,1986,rice,5745.0,0.0,0.0
RP,Philippines,1986,wheat,1000.0,958.0,42.0
RP,Philippines,1987,maize,4363.0,2238.0,2125.0
RP,Philippines,1987,rice,5765.0,0.0,0.0
RP,Philippines,1987,wheat,1116.0,1076.0,40.0
RP,Philippines,1988,maize,4630.0,2330.0,2300.0
RP,Philippines,1988,rice,6305.0,0.0,0.0
RP,Philippines,1988,wheat,1195.0,1195.0,0.0
RP,Philippines,1989,maize,4770.0,2390.0,2380.0
RP,Philippines,1989,rice,6260.0,0.0,0.0
RP,Philippines,1989,wheat,1412.0,1412.0,0.0
RP,Philippines,1990,maize,4727.0,2377.0,2350.0
RP,Philippines,1990,rice,6154.0,0.0,0.0
RP,Philippines,1990,wheat,1358.0,1343.0,15.0
RP,Philippines,1991,maize,4972.0,2502.0,2470.0
RP,Philippines,1991,rice,6263.0,0.0,0.0
RP,Philippines,1991,wheat,1769.0,1669.0,100.0
RP,Philippines,1992,maize,4730.0,1730.0,3000.0
RP,Philippines,1992,rice,6350.0,0.0,0.0
RP,Philippines,1992,wheat,1993.0,1693.0,300.0
RP,Philippines,1993,maize,5076.0,2266.0,2810.0
RP,Philippines,1993,rice,6725.0,0.0,0.0
RP,Philippines,1993,wheat,2261.0,1811.0,450.0
RP,Philippines,1994,maize,4700.0,1800.0,2900.0
RP,Philippines,1994,rice,7142.0,0.0,0.0
RP,Philippines,1994,wheat,2056.0,1556.0,500.0
RP,Philippines,1995,maize,4850.0,1800.0,3050.0
RP,Philippines,1995,rice,7509.0,0.0,0.0
RP,Philippines,1995,wheat,2030.0,1630.0,400.0
RP,Philippines,1996,maize,4600.0,1600.0,3000.0
RP,Philippines,1996,rice,8027.0,0.0,0.0
RP,Philippines,1996,wheat,2176.0,1776.0,400.0
RP,Philippines,1997,maize,3850.0,1200.0,2650.0
RP,Philippines,1997,rice,7800.0,0.0,0.0
RP,Philippines,1997,wheat,1959.0,1759.0,200.0
RP,Philippines,1998,maize,4643.0,1543.0,3100.0
RP,Philippines,1998,rice,8000.0,0.0,0.0
RP,Philippines,1998,wheat,2278.0,1978.0,300.0
RP,Philippines,1999,maize,5081.0,1581.0,3500.0
RP,Philippines,1999,rice,8400.0,0.0,0.0
RP,Philippines,1999,wheat,2882.0,1982.0,900.0
RP,Philippines,2000,maize,4900.0,1500.0,3400.0
RP,Philippines,2000,rice,8750.0,0.0,0.0
RP,Philippines,2000,wheat,2950.0,2000.0,950.0
RP,Philippines,2001,maize,4700.0,1500.0,3200.0
RP,Philippines,2001,rice,9040.0,0.0,0.0
RP,Philippines,2001,wheat,2860.0,1860.0,1000.0
RP,Philippines,2002,maize,4650.0,1500.0,3150.0
RP,Philippines,2002,rice,9550.0,0.0,0.0
RP,Philippines,2002,wheat,3130.0,1880.0,1250.0
RP,Philippines,2003,maize,4950.0,1500.0,3450.0
RP,Philippines,2003,rice,10250.0,0.0,0.0
RP,Philippines,2003,wheat,2950.0,2000.0,950.0
RP,Philippines,2004,maize,5150.0,1550.0,3600.0
RP,Philippines,2004,rice,10400.0,0.0,0.0
RP,Philippines,2004,wheat,2600.0,2050.0,550.0
RP,Philippines,2005,maize,5800.0,1600.0,4200.0
RP,Philippines,2005,rice,10722.0,0.0,0.0
RP,Philippines,2005,wheat,2950.0,2100.0,850.0
RP,Philippines,2006,maize,6550.0,1800.0,4750.0
RP,Philippines,2006,rice,12000.0,0.0,0.0
RP,Philippines,2006,wheat,2650.0,2150.0,500.0
RP,Philippines,2007,maize,7250.0,2150.0,5100.0
RP,Philippines,2007,rice,13499.0,0.0,0.0
RP,Philippines,2007,wheat,2150.0,2100.0,50.0
RP,Philippines,2008,maize,7300.0,2250.0,5050.0
RP,Philippines,2008,rice,13100.0,0.0,0.0
RP,Philippines,2008,wheat,3150.0,2150.0,1000.0
RP,Philippines,2009,maize,6500.0,2250.0,4250.0
RP,Philippines,2009,rice,13125.0,0.0,0.0
RP,Philippines,2009,wheat,3100.0,2200.0,900.0
RP,Philippines,2010,maize,7570.0,2570.0,5000.0
RP,Philippines,2010,rice,12900.0,0.0,0.0
RP,Philippines,2010,wheat,3200.0,2250.0,950.0
RP,Philippines,2011,maize,7415.0,2515.0,4900.0
RP,Philippines,2011,rice,12860.0,0.0,0.0
RP,Philippines,2011,wheat,3650.0,2275.0,1375.0
RP,Philippines,2012,maize,7350.0,2700.0,4650.0
RP,Philippines,2012,rice,12850.0,0.0,0.0
RP,Philippines,2012,wheat,3785.0,2285.0,1500.0
RP,Philippines,2013,maize,8200.0,3200.0,5000.0
RP,Philippines,2013,rice,12850.0,0.0,0.0
RP,Philippines,2013,wheat,3545.0,2295.0,1250.0
RP,Philippines,2014,maize,8200.0,3300.0,4900.0
RP,Philippines,2014,rice,13000.0,0.0,0.0
RP,Philippines,2014,wheat,4575.0,2475.0,2100.0
RP,Philippines,2015,maize,7600.0,3100.0,4500.0
RP,Philippines,2015,rice,13100.0,0.0,0.0
RP,Philippines,2015,wheat,4800.0,2600.0,2200.0
RP,Philippines,2016,maize,8350.0,3450.0,4900.0
RP,Philippines,2016,rice,13300.0,0.0,0.0
RP,Philippines,2016,wheat,5325.0,2875.0,2450.0
RP,Philippines,2017,maize,8900.0,3600.0,5300.0
RP,Philippines,2017,rice,13500.0,0.0,0.0
RP,Philippines,2017,wheat,6100.0,3200.0,2900.0
RP,Philippines,2018,maize,8100.0,3150.0,4950.0
RP,Philippines,2018,rice,14200.0,0.0,0.0
RP,Philippines,2018,wheat,7000.0,3300.0,3700.0
RP,Philippines,2019,maize,8500.0,3300.0,5200.0
RP,Philippines,2019,rice,14400.0,0.0,0.0
RP,Philippines,2019,wheat,7000.0,3500.0,3500.0
RP,Philippines,2020,maize,8800.0,3600.0,5200.0
RP,Philippines,2020,rice,14800.0,0.0,0.0
RP,Philippines,2020,wheat,6600.0,3300.0,3300.0
RP,Philippines,2021,maize,9200.0,3900.0,5300.0
RP,Philippines,2021,rice,15400.0,0.0,0.0
RP,Philippines,2021,wheat,6800.0,3300.0,3500.0
RP,Philippines,2022,maize,9200.0,3900.0,5300.0
RP,Philippines,2022,rice,16100.0,0.0,0.0
RP,Philippines,2022,wheat,6200.0,3300.0,2900.0
RP,Philippines,2023,maize,9800.0,4300.0,5500.0
RP,Philippines,2023,rice,16800.0,0.0,0.0
RP,Philippines,2023,wheat,6900.0,3500.0,3400.0
RP,Philippines,2024,maize,9950.0,4200.0,5750.0
RP,Philippines,2024,rice,17500.0,0.0,0.0
RP,Philippines,2024,wheat,6500.0,3600.0,2900.0
RP,Philippines,2025,maize,10850.0,4300.0,6550.0
RP,Philippines,2025,rice,17700.0,0.0,0.0
RP,Philippines,2025,wheat,7300.0,3900.0,3400.0
RP,Philippines,2026,maize,10650.0,4450.0,6200.0
RP,Philippines,2026,rice,17900.0,0.0,0.0
RP,Philippines,2026,wheat,7200.0,4050.0,3150.0
RS,Russia,1987,maize,7400.0,1400.0,6000.0
RS,Russia,1987,rice,706.0,0.0,0.0
RS,Russia,1987,wheat,50981.0,24400.0,26581.0
RS,Russia,1988,maize,15665.0,1400.0,14265.0
RS,Russia,1988,rice,780.0,0.0,0.0
RS,Russia,1988,wheat,48840.0,24050.0,24790.0
RS,Russia,1989,maize,15775.0,1300.0,14475.0
RS,Russia,1989,rice,591.0,0.0,0.0
RS,Russia,1989,wheat,51960.0,24000.0,27960.0
RS,Russia,1990,maize,8600.0,1080.0,7520.0
RS,Russia,1990,rice,532.0,0.0,0.0
RS,Russia,1990,wheat,57260.0,24300.0,32960.0
RS,Russia,1991,maize,8295.0,1255.0,7040.0
RS,Russia,1991,rice,977.0,0.0,0.0
RS,Russia,1991,wheat,53823.0,24100.0,29723.0
RS,Russia,1992,maize,6175.0,1175.0,5000.0
RS,Russia,1992,rice,594.0,0.0,0.0
RS,Russia,1992,wheat,56617.0,24000.0,32617.0
RS,Russia,1993,maize,5650.0,1100.0,4550.0
RS,Russia,1993,rice,407.0,0.0,0.0
RS,Russia,1993,wheat,48945.0,22900.0,26045.0
RS,Russia,1994,maize,1800.0,800.0,1000.0
RS,Russia,1994,rice,378.0,0.0,0.0
RS,Russia,1994,wheat,42873.0,22427.0,20446.0
RS,Russia,1995,maize,1800.0,800.0,1000.0
RS,Russia,1995,rice,560.0,0.0,0.0
RS,Russia,1995,wheat,39810.0,21841.0,17969.0
RS,Russia,1996,maize,1330.0,330.0,1000.0
RS,Russia,1996,rice,471.0,0.0,0.0
RS,Russia,1996,wheat,38134.0,23774.0,14360.0
RS,Russia,1997,maize,2370.0,905.0,1465.0
RS,Russia,1997,rice,550.0,0.0,0.0
RS,Russia,1997,wheat,39809.0,23412.0,16397.0
RS,Russia,1998,maize,1710.0,260.0,1450.0
RS,Russia,1998,rice,600.0,0.0,0.0
RS,Russia,1998,wheat,34838.0,23688.0,11150.0
RS,Russia,1999,maize,1845.0,335.0,1510.0
RS,Russia,1999,rice,625.0,0.0,0.0
RS,Russia,1999,wheat,35365.0,23565.0,11800.0
RS,Russia,2000,maize,1700.0,400.0,1300.0
RS,Russia,2000,rice,650.0,0.0,0.0
RS,Russia,2000,wheat,35158.0,23658.0,11500.0
RS,Russia,2001,maize,1350.0,400.0,950.0
RS,Russia,2001,rice,680.0,0.0,0.0
RS,Russia,2001,wheat,37078.0,24078.0,13000.0
RS,Russia,2002,maize,1600.0,400.0,1200.0
RS,Russia,2002,rice,710.0,0.0,0.0
RS,Russia,2002,wheat,38320.0,23320.0,15000.0
RS,Russia,2003,maize,2550.0,400.0,2150.0
RS,Russia,2003,rice,715.0,0.0,0.0
RS,Russia,2003,wheat,35500.0,23000.0,12500.0
RS,Russia,2004,maize,3500.0,500.0,3000.0
RS,Russia,2004,rice,720.0,0.0,0.0
RS,Russia,2004,wheat,37400.0,23800.0,13600.0
RS,Russia,2005,maize,3300.0,500.0,2800.0
RS,Russia,2005,rice,725.0,0.0,0.0
RS,Russia,2005,wheat,38400.0,23500.0,14900.0
RS,Russia,2006,maize,3600.0,500.0,3100.0
RS,Russia,2006,rice,689.0,0.0,0.0
RS,Russia,2006,wheat,36400.0,22300.0,14100.0
RS,Russia,2007,maize,4100.0,600.0,3500.0
RS,Russia,2007,rice,676.0,0.0,0.0
RS,Russia,2007,wheat,37982.0,22650.0,15332.0
RS,Russia,2008,maize,5200.0,700.0,4500.0
RS,Russia,2008,rice,640.0,0.0,0.0
RS,Russia,2008,wheat,38900.0,22700.0,16200.0
RS,Russia,2009,maize,3700.0,500.0,3200.0
RS,Russia,2009,rice,670.0,0.0,0.0
RS,Russia,2009,wheat,39600.0,22800.0,16800.0
RS,Russia,2010,maize,3200.0,400.0,2800.0
RS,Russia,2010,rice,680.0,0.0,0.0
RS,Russia,2010,wheat,38600.0,22600.0,16000.0
RS,Russia,2011,maize,4700.0,700.0,4000.0
RS,Russia,2011,rice,650.0,0.0,0.0
RS,Russia,2011,wheat,38000.0,22500.0,15500.0
RS,Russia,2012,maize,6400.0,800.0,5600.0
RS,Russia,2012,rice,720.0,0.0,0.0
RS,Russia,2012,wheat,33550.0,21650.0,11900.0
RS,Russia,2013,maize,7100.0,900.0,6200.0
RS,Russia,2013,rice,720.0,0.0,0.0
RS,Russia,2013,wheat,34100.0,21600.0,12500.0
RS,Russia,2014,maize,8100.0,900.0,7200.0
RS,Russia,2014,rice,730.0,0.0,0.0
RS,Russia,2014,wheat,35500.0,22500.0,13000.0
RS,Russia,2015,maize,8700.0,900.0,7800.0
RS,Russia,2015,rice,740.0,0.0,0.0
RS,Russia,2015,wheat,37000.0,23000.0,14000.0
RS,Russia,2016,maize,9550.0,950.0,8600.0
RS,Russia,2016,rice,750.0,0.0,0.0
RS,Russia,2016,wheat,40000.0,23000.0,17000.0
RS,Russia,2017,maize,8300.0,900.0,7400.0
RS,Russia,2017,rice,755.0,0.0,0.0
RS,Russia,2017,wheat,43000.0,23000.0,20000.0
RS,Russia,2018,maize,8500.0,900.0,7600.0
RS,Russia,2018,rice,760.0,0.0,0.0
RS,Russia,2018,wheat,40500.0,22500.0,18000.0
RS,Russia,2019,maize,9800.0,1000.0,8800.0
RS,Russia,2019,rice,770.0,0.0,0.0
RS,Russia,2019,wheat,40000.0,23000.0,17000.0
RS,Russia,2020,maize,10000.0,1100.0,8900.0
RS,Russia,2020,rice,785.0,0.0,0.0
RS,Russia,2020,wheat,42500.0,23500.0,19000.0
RS,Russia,2021,maize,11100.0,1100.0,10000.0
RS,Russia,2021,rice,790.0,0.0,0.0
RS,Russia,2021,wheat,40750.0,23250.0,17500.0
RS,Russia,2022,maize,10000.0,1100.0,8900.0
RS,Russia,2022,rice,815.0,0.0,0.0
RS,Russia,2022,wheat,41000.0,23000.0,18000.0
RS,Russia,2023,maize,10200.0,1100.0,9100.0
RS,Russia,2023,rice,850.0,0.0,0.0
RS,Russia,2023,wheat,39000.0,23000.0,16000.0
RS,Russia,2024,maize,10900.0,1100.0,9800.0
RS,Russia,2024,rice,875.0,0.0,0.0
RS,Russia,2024,wheat,40000.0,23000.0,17000.0
RS,Russia,2025,maize,11100.0,1100.0,10000.0
RS,Russia,2025,rice,920.0,0.0,0.0
RS,Russia,2025,wheat,41200.0,23200.0,18000.0
RS,Russia,2026,maize,12700.0,1200.0,11500.0
RS,Russia,2026,rice,930.0,0.0,0.0
RS,Russia,2026,wheat,41200.0,23200.0,18000.0
RW,Rwanda,1960,maize,48.0,48.0,0.0
RW,Rwanda,1961,maize,28.0,28.0,0.0
RW,Rwanda,1962,maize,69.0,69.0,0.0
RW,Rwanda,1963,maize,72.0,72.0,0.0
RW,Rwanda,1964,maize,21.0,21.0,0.0
RW,Rwanda,1965,maize,44.0,44.0,0.0
RW,Rwanda,1966,maize,49.0,49.0,0.0
RW,Rwanda,1967,maize,53.0,53.0,0.0
RW,Rwanda,1968,maize,43.0,43.0,0.0
RW,Rwanda,1969,maize,41.0,41.0,0.0
RW,Rwanda,1970,maize,64.0,64.0,0.0
RW,Rwanda,1971,maize,56.0,56.0,0.0
RW,Rwanda,1972,maize,50.0,50.0,0.0
RW,Rwanda,1973,maize,55.0,55.0,0.0
RW,Rwanda,1974,maize,64.0,64.0,0.0
RW,Rwanda,1975,maize,67.0,67.0,0.0
RW,Rwanda,1976,maize,71.0,71.0,0.0
RW,Rwanda,1977,maize,71.0,71.0,0.0
RW,Rwanda,1978,maize,72.0,72.0,0.0
RW,Rwanda,1979,maize,83.0,83.0,0.0
RW,Rwanda,1980,maize,80.0,80.0,0.0
RW,Rwanda,1981,maize,85.0,85.0,0.0
RW,Rwanda,1982,maize,90.0,90.0,0.0
RW,Rwanda,1983,maize,94.0,94.0,0.0
RW,Rwanda,1984,maize,85.0,85.0,0.0
RW,Rwanda,1985,maize,110.0,70.0,40.0
RW,Rwanda,1986,maize,108.0,78.0,30.0
RW,Rwanda,1987,maize,112.0,82.0,30.0
RW,Rwanda,1988,maize,100.0,70.0,30.0
RW,Rwanda,1989,maize,94.0,64.0,30.0
RW,Rwanda,1990,maize,110.0,80.0,30.0
RW,Rwanda,1991,maize,93.0,63.0,30.0
RW,Rwanda,1992,maize,117.0,97.0,20.0
RW,Rwanda,1993,maize,88.0,78.0,10.0
RW,Rwanda,1994,maize,119.0,104.0,15.0
RW,Rwanda,1995,maize,144.0,124.0,20.0
RW,Rwanda,1996,maize,106.0,91.0,15.0
RW,Rwanda,1997,maize,105.0,90.0,15.0
RW,Rwanda,1998,maize,116.0,96.0,20.0
RW,Rwanda,1999,maize,90.0,75.0,15.0
RW,Rwanda,2000,maize,80.0,65.0,15.0
RW,Rwanda,2000,rice,28.0,0.0,0.0
RW,Rwanda,2001,maize,97.0,77.0,20.0
RW,Rwanda,2001,rice,25.0,0.0,0.0
RW,Rwanda,2002,maize,96.0,76.0,20.0
RW,Rwanda,2002,rice,24.0,0.0,0.0
RW,Rwanda,2003,maize,82.0,57.0,25.0
RW,Rwanda,2003,rice,23.0,0.0,0.0
RW,Rwanda,2004,maize,99.0,74.0,25.0
RW,Rwanda,2004,rice,40.0,0.0,0.0
RW,Rwanda,2005,maize,124.0,99.0,25.0
RW,Rwanda,2005,rice,55.0,0.0,0.0
RW,Rwanda,2006,maize,100.0,75.0,25.0
RW,Rwanda,2006,rice,61.0,0.0,0.0
RW,Rwanda,2007,maize,100.0,75.0,25.0
RW,Rwanda,2007,rice,54.0,0.0,0.0
RW,Rwanda,2008,maize,150.0,125.0,25.0
RW,Rwanda,2008,rice,78.0,0.0,0.0
RW,Rwanda,2009,maize,275.0,250.0,25.0
RW,Rwanda,2009,rice,73.0,0.0,0.0
RW,Rwanda,2010,maize,425.0,375.0,50.0
RW,Rwanda,2010,rice,79.0,0.0,0.0
RW,Rwanda,2010,wheat,92.0,92.0,0.0
RW,Rwanda,2011,maize,550.0,500.0,50.0
RW,Rwanda,2011,rice,93.0,0.0,0.0
RW,Rwanda,2011,wheat,135.0,135.0,0.0
RW,Rwanda,2012,maize,650.0,600.0,50.0
RW,Rwanda,2012,rice,115.0,0.0,0.0
RW,Rwanda,2012,wheat,148.0,148.0,0.0
RW,Rwanda,2013,maize,700.0,650.0,50.0
RW,Rwanda,2013,rice,98.0,0.0,0.0
RW,Rwanda,2013,wheat,168.0,168.0,0.0
RW,Rwanda,2014,maize,730.0,680.0,50.0
RW,Rwanda,2014,rice,0.0,0.0,0.0
RW,Rwanda,2014,wheat,85.0,85.0,0.0
RW,Rwanda,2015,maize,520.0,470.0,50.0
RW,Rwanda,2015,rice,0.0,0.0,0.0
RW,Rwanda,2015,wheat,100.0,100.0,0.0
RW,Rwanda,2016,maize,500.0,450.0,50.0
RW,Rwanda,2016,rice,0.0,0.0,0.0
RW,Rwanda,2016,wheat,160.0,160.0,0.0
RW,Rwanda,2017,maize,520.0,460.0,60.0
RW,Rwanda,2017,rice,0.0,0.0,0.0
RW,Rwanda,2017,wheat,160.0,160.0,0.0
RW,Rwanda,2018,maize,530.0,470.0,60.0
RW,Rwanda,2018,rice,0.0,0.0,0.0
RW,Rwanda,2018,wheat,150.0,150.0,0.0
RW,Rwanda,2019,maize,530.0,470.0,60.0
RW,Rwanda,2019,rice,0.0,0.0,0.0
RW,Rwanda,2019,wheat,140.0,140.0,0.0
RW,Rwanda,2020,maize,550.0,480.0,70.0
RW,Rwanda,2020,rice,0.0,0.0,0.0
RW,Rwanda,2020,wheat,160.0,160.0,0.0
RW,Rwanda,2021,maize,580.0,500.0,80.0
RW,Rwanda,2021,rice,0.0,0.0,0.0
RW,Rwanda,2021,wheat,180.0,180.0,0.0
RW,Rwanda,2022,maize,580.0,500.0,80.0
RW,Rwanda,2022,rice,0.0,0.0,0.0
RW,Rwanda,2022,wheat,180.0,180.0,0.0
RW,Rwanda,2023,maize,600.0,520.0,80.0
RW,Rwanda,2023,rice,0.0,0.0,0.0
RW,Rwanda,2023,wheat,150.0,150.0,0.0
RW,Rwanda,2024,maize,750.0,600.0,150.0
RW,Rwanda,2024,rice,0.0,0.0,0.0
RW,Rwanda,2024,wheat,200.0,200.0,0.0
RW,Rwanda,2025,maize,700.0,600.0,100.0
RW,Rwanda,2025,rice,0.0,0.0,0.0
RW,Rwanda,2025,wheat,250.0,250.0,0.0
RW,Rwanda,2026,maize,670.0,585.0,85.0
RW,Rwanda,2026,rice,0.0,0.0,0.0
RW,Rwanda,2026,wheat,260.0,260.0,0.0
SA,Saudi Arabia,1960,rice,106.0,0.0,0.0
SA,Saudi Arabia,1960,wheat,264.0,264.0,0.0
SA,Saudi Arabia,1961,rice,87.0,0.0,0.0
SA,Saudi Arabia,1961,wheat,238.0,238.0,0.0
SA,Saudi Arabia,1962,rice,143.0,0.0,0.0
SA,Saudi Arabia,1962,wheat,293.0,293.0,0.0
SA,Saudi Arabia,1963,rice,121.0,0.0,0.0
SA,Saudi Arabia,1963,wheat,282.0,282.0,0.0
SA,Saudi Arabia,1964,rice,101.0,0.0,0.0
SA,Saudi Arabia,1964,wheat,315.0,315.0,0.0
SA,Saudi Arabia,1965,rice,144.0,0.0,0.0
SA,Saudi Arabia,1965,wheat,348.0,348.0,0.0
SA,Saudi Arabia,1966,rice,144.0,0.0,0.0
SA,Saudi Arabia,1966,wheat,389.0,389.0,0.0
SA,Saudi Arabia,1967,rice,127.0,0.0,0.0
SA,Saudi Arabia,1967,wheat,332.0,332.0,0.0
SA,Saudi Arabia,1968,rice,126.0,0.0,0.0
SA,Saudi Arabia,1968,wheat,270.0,270.0,0.0
SA,Saudi Arabia,1969,rice,153.0,0.0,0.0
SA,Saudi Arabia,1969,wheat,440.0,440.0,0.0
SA,Saudi Arabia,1970,maize,5.0,5.0,0.0
SA,Saudi Arabia,1970,rice,204.0,0.0,0.0
SA,Saudi Arabia,1970,wheat,498.0,498.0,0.0
SA,Saudi Arabia,1971,maize,5.0,5.0,0.0
SA,Saudi Arabia,1971,rice,202.0,0.0,0.0
SA,Saudi Arabia,1971,wheat,366.0,366.0,0.0
SA,Saudi Arabia,1972,maize,6.0,6.0,0.0
SA,Saudi Arabia,1972,rice,153.0,0.0,0.0
SA,Saudi Arabia,1972,wheat,386.0,386.0,0.0
SA,Saudi Arabia,1973,maize,11.0,11.0,0.0
SA,Saudi Arabia,1973,rice,144.0,0.0,0.0
SA,Saudi Arabia,1973,wheat,414.0,414.0,0.0
SA,Saudi Arabia,1974,maize,71.0,16.0,55.0
SA,Saudi Arabia,1974,rice,205.0,0.0,0.0
SA,Saudi Arabia,1974,wheat,621.0,621.0,0.0
SA,Saudi Arabia,1975,maize,107.0,17.0,90.0
SA,Saudi Arabia,1975,rice,191.0,0.0,0.0
SA,Saudi Arabia,1975,wheat,691.0,691.0,0.0
SA,Saudi Arabia,1976,maize,111.0,111.0,0.0
SA,Saudi Arabia,1976,rice,302.0,0.0,0.0
SA,Saudi Arabia,1976,wheat,672.0,672.0,0.0
SA,Saudi Arabia,1977,maize,125.0,10.0,115.0
SA,Saudi Arabia,1977,rice,163.0,0.0,0.0
SA,Saudi Arabia,1977,wheat,716.0,716.0,0.0
SA,Saudi Arabia,1978,maize,200.0,15.0,185.0
SA,Saudi Arabia,1978,rice,406.0,0.0,0.0
SA,Saudi Arabia,1978,wheat,772.0,772.0,0.0
SA,Saudi Arabia,1979,maize,154.0,4.0,150.0
SA,Saudi Arabia,1979,rice,343.0,0.0,0.0
SA,Saudi Arabia,1979,wheat,841.0,841.0,0.0
SA,Saudi Arabia,1980,maize,281.0,16.0,265.0
SA,Saudi Arabia,1980,rice,358.0,0.0,0.0
SA,Saudi Arabia,1980,wheat,846.0,846.0,0.0
SA,Saudi Arabia,1981,maize,339.0,14.0,325.0
SA,Saudi Arabia,1981,rice,429.0,0.0,0.0
SA,Saudi Arabia,1981,wheat,961.0,961.0,0.0
SA,Saudi Arabia,1982,maize,399.0,24.0,375.0
SA,Saudi Arabia,1982,rice,473.0,0.0,0.0
SA,Saudi Arabia,1982,wheat,988.0,988.0,0.0
SA,Saudi Arabia,1983,maize,485.0,10.0,475.0
SA,Saudi Arabia,1983,rice,545.0,0.0,0.0
SA,Saudi Arabia,1983,wheat,1100.0,1100.0,0.0
SA,Saudi Arabia,1984,maize,500.0,25.0,475.0
SA,Saudi Arabia,1984,rice,527.0,0.0,0.0
SA,Saudi Arabia,1984,wheat,1200.0,1200.0,0.0
SA,Saudi Arabia,1985,maize,600.0,0.0,600.0
SA,Saudi Arabia,1985,rice,494.0,0.0,0.0
SA,Saudi Arabia,1985,wheat,1200.0,1200.0,0.0
SA,Saudi Arabia,1986,maize,648.0,0.0,648.0
SA,Saudi Arabia,1986,rice,506.0,0.0,0.0
SA,Saudi Arabia,1986,wheat,1250.0,1250.0,0.0
SA,Saudi Arabia,1987,maize,700.0,0.0,700.0
SA,Saudi Arabia,1987,rice,512.0,0.0,0.0
SA,Saudi Arabia,1987,wheat,1250.0,1250.0,0.0
SA,Saudi Arabia,1988,maize,700.0,0.0,700.0
SA,Saudi Arabia,1988,rice,514.0,0.0,0.0
SA,Saudi Arabia,1988,wheat,1400.0,1400.0,0.0
SA,Saudi Arabia,1989,maize,800.0,0.0,800.0
SA,Saudi Arabia,1989,rice,519.0,0.0,0.0
SA,Saudi Arabia,1989,wheat,1500.0,1450.0,50.0
SA,Saudi Arabia,1990,maize,818.0,0.0,818.0
SA,Saudi Arabia,1990,rice,547.0,0.0,0.0
SA,Saudi Arabia,1990,wheat,1550.0,1500.0,50.0
SA,Saudi Arabia,1991,maize,931.0,0.0,931.0
SA,Saudi Arabia,1991,rice,559.0,0.0,0.0
SA,Saudi Arabia,1991,wheat,1625.0,1550.0,75.0
SA,Saudi Arabia,1992,maize,884.0,0.0,884.0
SA,Saudi Arabia,1992,rice,783.0,0.0,0.0
SA,Saudi Arabia,1992,wheat,1725.0,1650.0,75.0
SA,Saudi Arabia,1993,maize,1142.0,0.0,1142.0
SA,Saudi Arabia,1993,rice,822.0,0.0,0.0
SA,Saudi Arabia,1993,wheat,1850.0,1750.0,100.0
SA,Saudi Arabia,1994,maize,946.0,0.0,946.0
SA,Saudi Arabia,1994,rice,721.0,0.0,0.0
SA,Saudi Arabia,1994,wheat,1900.0,1700.0,200.0
SA,Saudi Arabia,1995,maize,932.0,0.0,932.0
SA,Saudi Arabia,1995,rice,640.0,0.0,0.0
SA,Saudi Arabia,1995,wheat,1900.0,1700.0,200.0
SA,Saudi Arabia,1996,maize,1279.0,0.0,1279.0
SA,Saudi Arabia,1996,rice,700.0,0.0,0.0
SA,Saudi Arabia,1996,wheat,1900.0,1800.0,100.0
SA,Saudi Arabia,1997,maize,1240.0,0.0,1240.0
SA,Saudi Arabia,1997,rice,715.0,0.0,0.0
SA,Saudi Arabia,1997,wheat,2000.0,1950.0,50.0
SA,Saudi Arabia,1998,maize,1297.0,0.0,1297.0
SA,Saudi Arabia,1998,rice,735.0,0.0,0.0
SA,Saudi Arabia,1998,wheat,1850.0,1800.0,50.0
SA,Saudi Arabia,1999,maize,1438.0,0.0,1438.0
SA,Saudi Arabia,1999,rice,750.0,0.0,0.0
SA,Saudi Arabia,1999,wheat,1850.0,1800.0,50.0
SA,Saudi Arabia,2000,maize,1350.0,0.0,1350.0
SA,Saudi Arabia,2000,rice,875.0,0.0,0.0
SA,Saudi Arabia,2000,wheat,1950.0,1900.0,50.0
SA,Saudi Arabia,2001,maize,1250.0,0.0,1250.0
SA,Saudi Arabia,2001,rice,950.0,0.0,0.0
SA,Saudi Arabia,2001,wheat,2050.0,2000.0,50.0
SA,Saudi Arabia,2002,maize,1475.0,0.0,1475.0
SA,Saudi Arabia,2002,rice,975.0,0.0,0.0
SA,Saudi Arabia,2002,wheat,2150.0,2100.0,50.0
SA,Saudi Arabia,2003,maize,1600.0,0.0,1600.0
SA,Saudi Arabia,2003,rice,1025.0,0.0,0.0
SA,Saudi Arabia,2003,wheat,2250.0,2200.0,50.0
SA,Saudi Arabia,2004,maize,1300.0,100.0,1200.0
SA,Saudi Arabia,2004,rice,1075.0,0.0,0.0
SA,Saudi Arabia,2004,wheat,2350.0,2300.0,50.0
SA,Saudi Arabia,2005,maize,1500.0,100.0,1400.0
SA,Saudi Arabia,2005,rice,1150.0,0.0,0.0
SA,Saudi Arabia,2005,wheat,2450.0,2400.0,50.0
SA,Saudi Arabia,2006,maize,1700.0,100.0,1600.0
SA,Saudi Arabia,2006,rice,1193.0,0.0,0.0
SA,Saudi Arabia,2006,wheat,2500.0,2450.0,50.0
SA,Saudi Arabia,2007,maize,1800.0,100.0,1700.0
SA,Saudi Arabia,2007,rice,1157.0,0.0,0.0
SA,Saudi Arabia,2007,wheat,2550.0,2500.0,50.0
SA,Saudi Arabia,2008,maize,1800.0,100.0,1700.0
SA,Saudi Arabia,2008,rice,1100.0,0.0,0.0
SA,Saudi Arabia,2008,wheat,2750.0,2700.0,50.0
SA,Saudi Arabia,2009,maize,2000.0,100.0,1900.0
SA,Saudi Arabia,2009,rice,1085.0,0.0,0.0
SA,Saudi Arabia,2009,wheat,2850.0,2800.0,50.0
SA,Saudi Arabia,2010,maize,2100.0,100.0,2000.0
SA,Saudi Arabia,2010,rice,1100.0,0.0,0.0
SA,Saudi Arabia,2010,wheat,2950.0,2900.0,50.0
SA,Saudi Arabia,2011,maize,1900.0,100.0,1800.0
SA,Saudi Arabia,2011,rice,1150.0,0.0,0.0
SA,Saudi Arabia,2011,wheat,4100.0,3000.0,1100.0
SA,Saudi Arabia,2012,maize,2150.0,150.0,2000.0
SA,Saudi Arabia,2012,rice,1320.0,0.0,0.0
SA,Saudi Arabia,2012,wheat,3200.0,3150.0,50.0
SA,Saudi Arabia,2013,maize,2550.0,150.0,2400.0
SA,Saudi Arabia,2013,rice,1400.0,0.0,0.0
SA,Saudi Arabia,2013,wheat,3350.0,3300.0,50.0
SA,Saudi Arabia,2014,maize,2850.0,150.0,2700.0
SA,Saudi Arabia,2014,rice,1400.0,0.0,0.0
SA,Saudi Arabia,2014,wheat,3455.0,3400.0,55.0
SA,Saudi Arabia,2015,maize,3550.0,200.0,3350.0
SA,Saudi Arabia,2015,rice,1350.0,0.0,0.0
SA,Saudi Arabia,2015,wheat,3400.0,3375.0,25.0
SA,Saudi Arabia,2016,maize,3600.0,200.0,3400.0
SA,Saudi Arabia,2016,rice,1350.0,0.0,0.0
SA,Saudi Arabia,2016,wheat,3500.0,3500.0,0.0
SA,Saudi Arabia,2017,maize,3900.0,200.0,3700.0
SA,Saudi Arabia,2017,rice,1350.0,0.0,0.0
SA,Saudi Arabia,2017,wheat,3500.0,3500.0,0.0
SA,Saudi Arabia,2018,maize,3900.0,200.0,3700.0
SA,Saudi Arabia,2018,rice,1400.0,0.0,0.0
SA,Saudi Arabia,2018,wheat,3450.0,3450.0,0.0
SA,Saudi Arabia,2019,maize,4200.0,200.0,4000.0
SA,Saudi Arabia,2019,rice,1350.0,0.0,0.0
SA,Saudi Arabia,2019,wheat,3600.0,3600.0,0.0
SA,Saudi Arabia,2020,maize,3400.0,200.0,3200.0
SA,Saudi Arabia,2020,rice,1300.0,0.0,0.0
SA,Saudi Arabia,2020,wheat,3700.0,3700.0,0.0
SA,Saudi Arabia,2021,maize,4000.0,200.0,3800.0
SA,Saudi Arabia,2021,rice,1300.0,0.0,0.0
SA,Saudi Arabia,2021,wheat,3900.0,3900.0,0.0
SA,Saudi Arabia,2022,maize,3400.0,200.0,3200.0
SA,Saudi Arabia,2022,rice,1450.0,0.0,0.0
SA,Saudi Arabia,2022,wheat,4200.0,4200.0,0.0
SA,Saudi Arabia,2023,maize,5100.0,200.0,4900.0
SA,Saudi Arabia,2023,rice,1575.0,0.0,0.0
SA,Saudi Arabia,2023,wheat,4450.0,4450.0,0.0
SA,Saudi Arabia,2024,maize,4550.0,200.0,4350.0
SA,Saudi Arabia,2024,rice,1650.0,0.0,0.0
SA,Saudi Arabia,2024,wheat,4700.0,4700.0,0.0
SA,Saudi Arabia,2025,maize,5250.0,200.0,5050.0
SA,Saudi Arabia,2025,rice,1725.0,0.0,0.0
SA,Saudi Arabia,2025,wheat,5100.0,5100.0,0.0
SA,Saudi Arabia,2026,maize,4850.0,200.0,4650.0
SA,Saudi Arabia,2026,rice,1800.0,0.0,0.0
SA,Saudi Arabia,2026,wheat,5200.0,5200.0,0.0
SF,South Africa,1960,maize,3220.0,2190.0,1030.0
SF,South Africa,1960,rice,51.0,0.0,0.0
SF,South Africa,1960,wheat,842.0,842.0,0.0
SF,South Africa,1961,maize,3439.0,2338.0,1101.0
SF,South Africa,1961,rice,45.0,0.0,0.0
SF,South Africa,1961,wheat,955.0,955.0,0.0
SF,South Africa,1962,maize,3566.0,2423.0,1143.0
SF,South Africa,1962,rice,37.0,0.0,0.0
SF,South Africa,1962,wheat,946.0,946.0,0.0
SF,South Africa,1963,maize,3457.0,2160.0,1297.0
SF,South Africa,1963,rice,51.0,0.0,0.0
SF,South Africa,1963,wheat,932.0,932.0,0.0
SF,South Africa,1964,maize,4576.0,3007.0,1569.0
SF,South Africa,1964,rice,50.0,0.0,0.0
SF,South Africa,1964,wheat,982.0,982.0,0.0
SF,South Africa,1965,maize,4363.0,2675.0,1688.0
SF,South Africa,1965,rice,57.0,0.0,0.0
SF,South Africa,1965,wheat,857.0,857.0,0.0
SF,South Africa,1966,maize,4471.0,2893.0,1578.0
SF,South Africa,1966,rice,62.0,0.0,0.0
SF,South Africa,1966,wheat,1279.0,1279.0,0.0
SF,South Africa,1967,maize,4885.0,3026.0,1859.0
SF,South Africa,1967,rice,65.0,0.0,0.0
SF,South Africa,1967,wheat,1452.0,1452.0,0.0
SF,South Africa,1968,maize,5008.0,2937.0,2071.0
SF,South Africa,1968,rice,63.0,0.0,0.0
SF,South Africa,1968,wheat,1238.0,1238.0,0.0
SF,South Africa,1969,maize,5159.0,2804.0,2355.0
SF,South Africa,1969,rice,66.0,0.0,0.0
SF,South Africa,1969,wheat,1294.0,1294.0,0.0
SF,South Africa,1970,maize,5173.0,3166.0,2007.0
SF,South Africa,1970,rice,54.0,0.0,0.0
SF,South Africa,1970,wheat,1283.0,1283.0,0.0
SF,South Africa,1971,maize,5540.0,3232.0,2308.0
SF,South Africa,1971,rice,66.0,0.0,0.0
SF,South Africa,1971,wheat,1433.0,1433.0,0.0
SF,South Africa,1972,maize,5544.0,3236.0,2308.0
SF,South Africa,1972,rice,73.0,0.0,0.0
SF,South Africa,1972,wheat,1461.0,1457.0,4.0
SF,South Africa,1973,maize,6325.0,3675.0,2650.0
SF,South Africa,1973,rice,92.0,0.0,0.0
SF,South Africa,1973,wheat,1559.0,1557.0,2.0
SF,South Africa,1974,maize,6376.0,3636.0,2740.0
SF,South Africa,1974,rice,65.0,0.0,0.0
SF,South Africa,1974,wheat,1638.0,1637.0,1.0
SF,South Africa,1975,maize,6438.0,3356.0,3082.0
SF,South Africa,1975,rice,79.0,0.0,0.0
SF,South Africa,1975,wheat,1744.0,1741.0,3.0
SF,South Africa,1976,maize,6553.0,3961.0,2592.0
SF,South Africa,1976,rice,81.0,0.0,0.0
SF,South Africa,1976,wheat,1698.0,1630.0,68.0
SF,South Africa,1977,maize,6565.0,3577.0,2988.0
SF,South Africa,1977,rice,99.0,0.0,0.0
SF,South Africa,1977,wheat,1702.0,1634.0,68.0
SF,South Africa,1978,maize,6763.0,3605.0,3158.0
SF,South Africa,1978,rice,92.0,0.0,0.0
SF,South Africa,1978,wheat,1934.0,1828.0,106.0
SF,South Africa,1979,maize,6677.0,3677.0,3000.0
SF,South Africa,1979,rice,121.0,0.0,0.0
SF,South Africa,1979,wheat,1807.0,1753.0,54.0
SF,South Africa,1980,maize,7617.0,3617.0,4000.0
SF,South Africa,1980,rice,126.0,0.0,0.0
SF,South Africa,1980,wheat,1993.0,1898.0,95.0
SF,South Africa,1981,maize,8072.0,3994.0,4078.0
SF,South Africa,1981,rice,134.0,0.0,0.0
SF,South Africa,1981,wheat,1997.0,1897.0,100.0
SF,South Africa,1982,maize,7775.0,3775.0,4000.0
SF,South Africa,1982,rice,146.0,0.0,0.0
SF,South Africa,1982,wheat,2045.0,1910.0,135.0
SF,South Africa,1983,maize,6696.0,3696.0,3000.0
SF,South Africa,1983,rice,158.0,0.0,0.0
SF,South Africa,1983,wheat,2384.0,1903.0,481.0
SF,South Africa,1984,maize,6520.0,3520.0,3000.0
SF,South Africa,1984,rice,186.0,0.0,0.0
SF,South Africa,1984,wheat,2179.0,2020.0,159.0
SF,South Africa,1985,maize,6310.0,3310.0,3000.0
SF,South Africa,1985,rice,178.0,0.0,0.0
SF,South Africa,1985,wheat,2200.0,2094.0,106.0
SF,South Africa,1986,maize,6853.0,3853.0,3000.0
SF,South Africa,1986,rice,190.0,0.0,0.0
SF,South Africa,1986,wheat,2254.0,2123.0,131.0
SF,South Africa,1987,maize,7470.0,3770.0,3700.0
SF,South Africa,1987,rice,268.0,0.0,0.0
SF,South Africa,1987,wheat,2732.0,2366.0,366.0
SF,South Africa,1988,maize,7881.0,3981.0,3900.0
SF,South Africa,1988,rice,235.0,0.0,0.0
SF,South Africa,1988,wheat,2486.0,2304.0,182.0
SF,South Africa,1989,maize,8285.0,3985.0,4300.0
SF,South Africa,1989,rice,292.0,0.0,0.0
SF,South Africa,1989,wheat,2339.0,2272.0,67.0
SF,South Africa,1990,maize,8289.0,3989.0,4300.0
SF,South Africa,1990,rice,290.0,0.0,0.0
SF,South Africa,1990,wheat,2295.0,2152.0,143.0
SF,South Africa,1991,maize,7527.0,4027.0,3500.0
SF,South Africa,1991,rice,384.0,0.0,0.0
SF,South Africa,1991,wheat,2177.0,2089.0,88.0
SF,South Africa,1992,maize,7747.0,4047.0,3700.0
SF,South Africa,1992,rice,420.0,0.0,0.0
SF,South Africa,1992,wheat,2198.0,2148.0,50.0
SF,South Africa,1993,maize,8100.0,4000.0,4100.0
SF,South Africa,1993,rice,443.0,0.0,0.0
SF,South Africa,1993,wheat,2468.0,2408.0,60.0
SF,South Africa,1994,maize,7691.0,3991.0,3700.0
SF,South Africa,1994,rice,423.0,0.0,0.0
SF,South Africa,1994,wheat,2506.0,2496.0,10.0
SF,South Africa,1995,maize,7681.0,3981.0,3700.0
SF,South Africa,1995,rice,425.0,0.0,0.0
SF,South Africa,1995,wheat,2521.0,2511.0,10.0
SF,South Africa,1996,maize,7636.0,4036.0,3600.0
SF,South Africa,1996,rice,454.0,0.0,0.0
SF,South Africa,1996,wheat,2834.0,2824.0,10.0
SF,South Africa,1997,maize,7990.0,3990.0,4000.0
SF,South Africa,1997,rice,500.0,0.0,0.0
SF,South Africa,1997,wheat,2667.0,2652.0,15.0
SF,South Africa,1998,maize,7936.0,4256.0,3680.0
SF,South Africa,1998,rice,525.0,0.0,0.0
SF,South Africa,1998,wheat,2609.0,2599.0,10.0
SF,South Africa,1999,maize,8854.0,4773.0,4081.0
SF,South Africa,1999,rice,535.0,0.0,0.0
SF,South Africa,1999,wheat,2650.0,2640.0,10.0
SF,South Africa,2000,maize,8705.0,4557.0,4148.0
SF,South Africa,2000,rice,550.0,0.0,0.0
SF,South Africa,2000,wheat,2650.0,2640.0,10.0
SF,South Africa,2001,maize,8446.0,4500.0,3946.0
SF,South Africa,2001,rice,600.0,0.0,0.0
SF,South Africa,2001,wheat,2570.0,2560.0,10.0
SF,South Africa,2002,maize,8520.0,4520.0,4000.0
SF,South Africa,2002,rice,650.0,0.0,0.0
SF,South Africa,2002,wheat,2570.0,2560.0,10.0
SF,South Africa,2003,maize,8677.0,4600.0,4077.0
SF,South Africa,2003,rice,700.0,0.0,0.0
SF,South Africa,2003,wheat,2740.0,2730.0,10.0
SF,South Africa,2004,maize,9700.0,4700.0,5000.0
SF,South Africa,2004,rice,750.0,0.0,0.0
SF,South Africa,2004,wheat,2770.0,2760.0,10.0
SF,South Africa,2005,maize,9000.0,4600.0,4400.0
SF,South Africa,2005,rice,782.0,0.0,0.0
SF,South Africa,2005,wheat,2810.0,2800.0,10.0
SF,South Africa,2006,maize,9000.0,4400.0,4600.0
SF,South Africa,2006,rice,842.0,0.0,0.0
SF,South Africa,2006,wheat,2810.0,2800.0,10.0
SF,South Africa,2007,maize,10100.0,5300.0,4800.0
SF,South Africa,2007,rice,927.0,0.0,0.0
SF,South Africa,2007,wheat,2860.0,2850.0,10.0
SF,South Africa,2008,maize,10300.0,5600.0,4700.0
SF,South Africa,2008,rice,703.0,0.0,0.0
SF,South Africa,2008,wheat,3000.0,2950.0,50.0
SF,South Africa,2009,maize,10600.0,5700.0,4900.0
SF,South Africa,2009,rice,759.0,0.0,0.0
SF,South Africa,2009,wheat,3050.0,3000.0,50.0
SF,South Africa,2010,maize,10650.0,5700.0,4950.0
SF,South Africa,2010,rice,700.0,0.0,0.0
SF,South Africa,2010,wheat,3052.0,3022.0,30.0
SF,South Africa,2011,maize,10700.0,5750.0,4950.0
SF,South Africa,2011,rice,850.0,0.0,0.0
SF,South Africa,2011,wheat,3329.0,3193.0,136.0
SF,South Africa,2012,maize,11000.0,5900.0,5100.0
SF,South Africa,2012,rice,880.0,0.0,0.0
SF,South Africa,2012,wheat,3154.0,3122.0,32.0
SF,South Africa,2013,maize,11500.0,6000.0,5500.0
SF,South Africa,2013,rice,881.0,0.0,0.0
SF,South Africa,2013,wheat,3345.0,3290.0,55.0
SF,South Africa,2014,maize,11650.0,5500.0,6150.0
SF,South Africa,2014,rice,880.0,0.0,0.0
SF,South Africa,2014,wheat,3263.0,3233.0,30.0
SF,South Africa,2015,maize,10970.0,5270.0,5700.0
SF,South Africa,2015,rice,827.0,0.0,0.0
SF,South Africa,2015,wheat,3302.0,3272.0,30.0
SF,South Africa,2016,maize,12663.0,5200.0,7463.0
SF,South Africa,2016,rice,861.0,0.0,0.0
SF,South Africa,2016,wheat,3330.0,3300.0,30.0
SF,South Africa,2017,maize,12230.0,5400.0,6830.0
SF,South Africa,2017,rice,902.0,0.0,0.0
SF,South Africa,2017,wheat,3376.0,3346.0,30.0
SF,South Africa,2018,maize,12536.0,5500.0,7036.0
SF,South Africa,2018,rice,918.0,0.0,0.0
SF,South Africa,2018,wheat,3435.0,3405.0,30.0
SF,South Africa,2019,maize,12200.0,5800.0,6400.0
SF,South Africa,2019,rice,850.0,0.0,0.0
SF,South Africa,2019,wheat,3605.0,3575.0,30.0
SF,South Africa,2020,maize,13220.0,6000.0,7220.0
SF,South Africa,2020,rice,887.0,0.0,0.0
SF,South Africa,2020,wheat,3680.0,3650.0,30.0
SF,South Africa,2021,maize,12655.0,5800.0,6855.0
SF,South Africa,2021,rice,913.0,0.0,0.0
SF,South Africa,2021,wheat,3680.0,3650.0,30.0
SF,South Africa,2022,maize,13239.0,6625.0,6614.0
SF,South Africa,2022,rice,953.0,0.0,0.0
SF,South Africa,2022,wheat,3680.0,3650.0,30.0
SF,South Africa,2023,maize,13840.0,6800.0,7040.0
SF,South Africa,2023,rice,979.0,0.0,0.0
SF,South Africa,2023,wheat,3720.0,3700.0,20.0
SF,South Africa,2024,maize,13056.0,6900.0,6156.0
SF,South Africa,2024,rice,989.0,0.0,0.0
SF,South Africa,2024,wheat,3800.0,3775.0,25.0
SF,South Africa,2025,maize,14600.0,7200.0,7400.0
SF,South Africa,2025,rice,1000.0,0.0,0.0
SF,South Africa,2025,wheat,3875.0,3850.0,25.0
SF,South Africa,2026,maize,14700.0,7300.0,7400.0
SF,South Africa,2026,rice,1025.0,0.0,0.0
SF,South Africa,2026,wheat,3915.0,3900.0,15.0
SG,Senegal,1960,maize,39.0,39.0,0.0
SG,Senegal,1960,rice,163.0,0.0,0.0
SG,Senegal,1960,wheat,51.0,51.0,0.0
SG,Senegal,1961,maize,39.0,39.0,0.0
SG,Senegal,1961,rice,172.0,0.0,0.0
SG,Senegal,1961,wheat,46.0,46.0,0.0
SG,Senegal,1962,maize,47.0,47.0,0.0
SG,Senegal,1962,rice,160.0,0.0,0.0
SG,Senegal,1962,wheat,40.0,40.0,0.0
SG,Senegal,1963,maize,42.0,42.0,0.0
SG,Senegal,1963,rice,253.0,0.0,0.0
SG,Senegal,1963,wheat,33.0,33.0,0.0
SG,Senegal,1964,maize,51.0,51.0,0.0
SG,Senegal,1964,rice,250.0,0.0,0.0
SG,Senegal,1964,wheat,42.0,42.0,0.0
SG,Senegal,1965,maize,54.0,54.0,0.0
SG,Senegal,1965,rice,240.0,0.0,0.0
SG,Senegal,1965,wheat,43.0,43.0,0.0
SG,Senegal,1966,maize,57.0,57.0,0.0
SG,Senegal,1966,rice,234.0,0.0,0.0
SG,Senegal,1966,wheat,46.0,46.0,0.0
SG,Senegal,1967,maize,70.0,70.0,0.0
SG,Senegal,1967,rice,273.0,0.0,0.0
SG,Senegal,1967,wheat,48.0,48.0,0.0
SG,Senegal,1968,maize,56.0,56.0,0.0
SG,Senegal,1968,rice,184.0,0.0,0.0
SG,Senegal,1968,wheat,49.0,49.0,0.0
SG,Senegal,1969,maize,66.0,66.0,0.0
SG,Senegal,1969,rice,210.0,0.0,0.0
SG,Senegal,1969,wheat,74.0,74.0,0.0
SG,Senegal,1970,maize,54.0,54.0,0.0
SG,Senegal,1970,rice,251.0,0.0,0.0
SG,Senegal,1970,wheat,94.0,94.0,0.0
SG,Senegal,1971,maize,64.0,64.0,0.0
SG,Senegal,1971,rice,270.0,0.0,0.0
SG,Senegal,1971,wheat,69.0,69.0,0.0
SG,Senegal,1972,maize,50.0,50.0,0.0
SG,Senegal,1972,rice,197.0,0.0,0.0
SG,Senegal,1972,wheat,103.0,103.0,0.0
SG,Senegal,1973,maize,67.0,62.0,5.0
SG,Senegal,1973,rice,258.0,0.0,0.0
SG,Senegal,1973,wheat,90.0,90.0,0.0
SG,Senegal,1974,maize,58.0,53.0,5.0
SG,Senegal,1974,rice,177.0,0.0,0.0
SG,Senegal,1974,wheat,107.0,107.0,0.0
SG,Senegal,1975,maize,60.0,55.0,5.0
SG,Senegal,1975,rice,323.0,0.0,0.0
SG,Senegal,1975,wheat,113.0,113.0,0.0
SG,Senegal,1976,maize,59.0,55.0,4.0
SG,Senegal,1976,rice,269.0,0.0,0.0
SG,Senegal,1976,wheat,114.0,114.0,0.0
SG,Senegal,1977,maize,59.0,54.0,5.0
SG,Senegal,1977,rice,352.0,0.0,0.0
SG,Senegal,1977,wheat,108.0,103.0,5.0
SG,Senegal,1978,maize,68.0,63.0,5.0
SG,Senegal,1978,rice,438.0,0.0,0.0
SG,Senegal,1978,wheat,120.0,120.0,0.0
SG,Senegal,1979,maize,61.0,56.0,5.0
SG,Senegal,1979,rice,366.0,0.0,0.0
SG,Senegal,1979,wheat,104.0,104.0,0.0
SG,Senegal,1980,maize,62.0,57.0,5.0
SG,Senegal,1980,rice,402.0,0.0,0.0
SG,Senegal,1980,wheat,121.0,121.0,0.0
SG,Senegal,1981,maize,72.0,66.0,6.0
SG,Senegal,1981,rice,399.0,0.0,0.0
SG,Senegal,1981,wheat,100.0,100.0,0.0
SG,Senegal,1982,maize,85.0,60.0,25.0
SG,Senegal,1982,rice,398.0,0.0,0.0
SG,Senegal,1982,wheat,100.0,100.0,0.0
SG,Senegal,1983,maize,107.0,97.0,10.0
SG,Senegal,1983,rice,431.0,0.0,0.0
SG,Senegal,1983,wheat,137.0,137.0,0.0
SG,Senegal,1984,maize,114.0,104.0,10.0
SG,Senegal,1984,rice,420.0,0.0,0.0
SG,Senegal,1984,wheat,140.0,140.0,0.0
SG,Senegal,1985,maize,152.0,147.0,5.0
SG,Senegal,1985,rice,425.0,0.0,0.0
SG,Senegal,1985,wheat,129.0,129.0,0.0
SG,Senegal,1986,maize,135.0,130.0,5.0
SG,Senegal,1986,rice,450.0,0.0,0.0
SG,Senegal,1986,wheat,108.0,108.0,0.0
SG,Senegal,1987,maize,121.0,116.0,5.0
SG,Senegal,1987,rice,482.0,0.0,0.0
SG,Senegal,1987,wheat,127.0,127.0,0.0
SG,Senegal,1988,maize,127.0,118.0,9.0
SG,Senegal,1988,rice,490.0,0.0,0.0
SG,Senegal,1988,wheat,153.0,153.0,0.0
SG,Senegal,1989,maize,145.0,137.0,8.0
SG,Senegal,1989,rice,500.0,0.0,0.0
SG,Senegal,1989,wheat,145.0,145.0,0.0
SG,Senegal,1990,maize,149.0,141.0,8.0
SG,Senegal,1990,rice,459.0,0.0,0.0
SG,Senegal,1990,wheat,171.0,171.0,0.0
SG,Senegal,1991,maize,123.0,116.0,7.0
SG,Senegal,1991,rice,511.0,0.0,0.0
SG,Senegal,1991,wheat,180.0,180.0,0.0
SG,Senegal,1992,maize,128.0,119.0,9.0
SG,Senegal,1992,rice,500.0,0.0,0.0
SG,Senegal,1992,wheat,174.0,174.0,0.0
SG,Senegal,1993,maize,146.0,146.0,0.0
SG,Senegal,1993,rice,500.0,0.0,0.0
SG,Senegal,1993,wheat,180.0,180.0,0.0
SG,Senegal,1994,maize,122.0,122.0,0.0
SG,Senegal,1994,rice,410.0,0.0,0.0
SG,Senegal,1994,wheat,247.0,247.0,0.0
SG,Senegal,1995,maize,121.0,121.0,0.0
SG,Senegal,1995,rice,511.0,0.0,0.0
SG,Senegal,1995,wheat,186.0,186.0,0.0
SG,Senegal,1996,maize,97.0,97.0,0.0
SG,Senegal,1996,rice,534.0,0.0,0.0
SG,Senegal,1996,wheat,267.0,267.0,0.0
SG,Senegal,1997,maize,136.0,136.0,0.0
SG,Senegal,1997,rice,625.0,0.0,0.0
SG,Senegal,1997,wheat,246.0,246.0,0.0
SG,Senegal,1998,maize,52.0,52.0,0.0
SG,Senegal,1998,rice,710.0,0.0,0.0
SG,Senegal,1998,wheat,257.0,257.0,0.0
SG,Senegal,1999,maize,76.0,76.0,0.0
SG,Senegal,1999,rice,775.0,0.0,0.0
SG,Senegal,1999,wheat,219.0,219.0,0.0
SG,Senegal,2000,maize,125.0,125.0,0.0
SG,Senegal,2000,rice,850.0,0.0,0.0
SG,Senegal,2000,wheat,221.0,221.0,0.0
SG,Senegal,2001,maize,171.0,171.0,0.0
SG,Senegal,2001,rice,890.0,0.0,0.0
SG,Senegal,2001,wheat,302.0,302.0,0.0
SG,Senegal,2002,maize,158.0,158.0,0.0
SG,Senegal,2002,rice,922.0,0.0,0.0
SG,Senegal,2002,wheat,317.0,317.0,0.0
SG,Senegal,2003,maize,248.0,248.0,0.0
SG,Senegal,2003,rice,980.0,0.0,0.0
SG,Senegal,2003,wheat,259.0,259.0,0.0
SG,Senegal,2004,maize,450.0,450.0,0.0
SG,Senegal,2004,rice,982.0,0.0,0.0
SG,Senegal,2004,wheat,344.0,344.0,0.0
SG,Senegal,2005,maize,500.0,450.0,50.0
SG,Senegal,2005,rice,1141.0,0.0,0.0
SG,Senegal,2005,wheat,366.0,366.0,0.0
SG,Senegal,2006,maize,226.0,201.0,25.0
SG,Senegal,2006,rice,1185.0,0.0,0.0
SG,Senegal,2006,wheat,295.0,295.0,0.0
SG,Senegal,2007,maize,250.0,225.0,25.0
SG,Senegal,2007,rice,1160.0,0.0,0.0
SG,Senegal,2007,wheat,357.0,357.0,0.0
SG,Senegal,2008,maize,497.0,447.0,50.0
SG,Senegal,2008,rice,1020.0,0.0,0.0
SG,Senegal,2008,wheat,358.0,358.0,0.0
SG,Senegal,2009,maize,390.0,350.0,40.0
SG,Senegal,2009,rice,1000.0,0.0,0.0
SG,Senegal,2009,wheat,418.0,418.0,0.0
SG,Senegal,2010,maize,250.0,225.0,25.0
SG,Senegal,2010,rice,1131.0,0.0,0.0
SG,Senegal,2010,wheat,415.0,415.0,0.0
SG,Senegal,2011,maize,275.0,250.0,25.0
SG,Senegal,2011,rice,1300.0,0.0,0.0
SG,Senegal,2011,wheat,450.0,450.0,0.0
SG,Senegal,2012,maize,375.0,350.0,25.0
SG,Senegal,2012,rice,1309.0,0.0,0.0
SG,Senegal,2012,wheat,475.0,475.0,0.0
SG,Senegal,2013,maize,400.0,350.0,50.0
SG,Senegal,2013,rice,1391.0,0.0,0.0
SG,Senegal,2013,wheat,525.0,525.0,0.0
SG,Senegal,2014,maize,400.0,375.0,25.0
SG,Senegal,2014,rice,1505.0,0.0,0.0
SG,Senegal,2014,wheat,570.0,570.0,0.0
SG,Senegal,2015,maize,520.0,470.0,50.0
SG,Senegal,2015,rice,1650.0,0.0,0.0
SG,Senegal,2015,wheat,600.0,600.0,0.0
SG,Senegal,2016,maize,570.0,520.0,50.0
SG,Senegal,2016,rice,1750.0,0.0,0.0
SG,Senegal,2016,wheat,675.0,675.0,0.0
SG,Senegal,2017,maize,630.0,580.0,50.0
SG,Senegal,2017,rice,1800.0,0.0,0.0
SG,Senegal,2017,wheat,700.0,700.0,0.0
SG,Senegal,2018,maize,650.0,600.0,50.0
SG,Senegal,2018,rice,1850.0,0.0,0.0
SG,Senegal,2018,wheat,630.0,630.0,0.0
SG,Senegal,2019,maize,830.0,700.0,130.0
SG,Senegal,2019,rice,1875.0,0.0,0.0
SG,Senegal,2019,wheat,660.0,660.0,0.0
SG,Senegal,2020,maize,1100.0,900.0,200.0
SG,Senegal,2020,rice,1900.0,0.0,0.0
SG,Senegal,2020,wheat,670.0,670.0,0.0
SG,Senegal,2021,maize,1175.0,925.0,250.0
SG,Senegal,2021,rice,2050.0,0.0,0.0
SG,Senegal,2021,wheat,750.0,750.0,0.0
SG,Senegal,2022,maize,1210.0,950.0,260.0
SG,Senegal,2022,rice,2200.0,0.0,0.0
SG,Senegal,2022,wheat,800.0,800.0,0.0
SG,Senegal,2023,maize,1300.0,1000.0,300.0
SG,Senegal,2023,rice,2150.0,0.0,0.0
SG,Senegal,2023,wheat,850.0,850.0,0.0
SG,Senegal,2024,maize,1075.0,925.0,150.0
SG,Senegal,2024,rice,2175.0,0.0,0.0
SG,Senegal,2024,wheat,900.0,900.0,0.0
SG,Senegal,2025,maize,1075.0,925.0,150.0
SG,Senegal,2025,rice,2000.0,0.0,0.0
SG,Senegal,2025,wheat,1000.0,1000.0,0.0
SG,Senegal,2026,maize,1100.0,950.0,150.0
SG,Senegal,2026,rice,2025.0,0.0,0.0
SG,Senegal,2026,wheat,1000.0,1000.0,0.0
SI,Slovenia,1990,rice,4.0,0.0,0.0
SI,Slovenia,1991,rice,5.0,0.0,0.0
SI,Slovenia,1992,maize,481.0,77.0,404.0
SI,Slovenia,1992,rice,4.0,0.0,0.0
SI,Slovenia,1992,wheat,247.0,227.0,20.0
SI,Slovenia,1993,maize,453.0,72.0,381.0
SI,Slovenia,1993,rice,5.0,0.0,0.0
SI,Slovenia,1993,wheat,322.0,249.0,73.0
SI,Slovenia,1994,maize,521.0,68.0,453.0
SI,Slovenia,1994,rice,5.0,0.0,0.0
SI,Slovenia,1994,wheat,297.0,207.0,90.0
SI,Slovenia,1995,maize,486.0,61.0,425.0
SI,Slovenia,1995,rice,7.0,0.0,0.0
SI,Slovenia,1995,wheat,264.0,223.0,41.0
SI,Slovenia,1996,maize,558.0,75.0,483.0
SI,Slovenia,1996,rice,7.0,0.0,0.0
SI,Slovenia,1996,wheat,271.0,208.0,63.0
SI,Slovenia,1997,maize,553.0,14.0,539.0
SI,Slovenia,1997,rice,7.0,0.0,0.0
SI,Slovenia,1997,wheat,286.0,207.0,79.0
SI,Slovenia,1998,maize,441.0,14.0,427.0
SI,Slovenia,1998,rice,7.0,0.0,0.0
SI,Slovenia,1998,wheat,288.0,208.0,80.0
SL,Sierra Leone,1960,rice,251.0,0.0,0.0
SL,Sierra Leone,1960,wheat,15.0,15.0,0.0
SL,Sierra Leone,1961,rice,203.0,0.0,0.0
SL,Sierra Leone,1961,wheat,16.0,16.0,0.0
SL,Sierra Leone,1962,rice,232.0,0.0,0.0
SL,Sierra Leone,1962,wheat,19.0,19.0,0.0
SL,Sierra Leone,1963,rice,223.0,0.0,0.0
SL,Sierra Leone,1963,wheat,16.0,16.0,0.0
SL,Sierra Leone,1964,rice,269.0,0.0,0.0
SL,Sierra Leone,1964,wheat,19.0,19.0,0.0
SL,Sierra Leone,1965,rice,302.0,0.0,0.0
SL,Sierra Leone,1965,wheat,22.0,22.0,0.0
SL,Sierra Leone,1966,rice,314.0,0.0,0.0
SL,Sierra Leone,1966,wheat,42.0,42.0,0.0
SL,Sierra Leone,1967,rice,331.0,0.0,0.0
SL,Sierra Leone,1967,wheat,24.0,24.0,0.0
SL,Sierra Leone,1968,rice,298.0,0.0,0.0
SL,Sierra Leone,1968,wheat,15.0,15.0,0.0
SL,Sierra Leone,1969,rice,390.0,0.0,0.0
SL,Sierra Leone,1969,wheat,32.0,32.0,0.0
SL,Sierra Leone,1970,rice,334.0,0.0,0.0
SL,Sierra Leone,1970,wheat,30.0,30.0,0.0
SL,Sierra Leone,1971,rice,340.0,0.0,0.0
SL,Sierra Leone,1971,wheat,33.0,33.0,0.0
SL,Sierra Leone,1972,rice,357.0,0.0,0.0
SL,Sierra Leone,1972,wheat,31.0,31.0,0.0
SL,Sierra Leone,1973,rice,365.0,0.0,0.0
SL,Sierra Leone,1973,wheat,35.0,35.0,0.0
SL,Sierra Leone,1974,rice,328.0,0.0,0.0
SL,Sierra Leone,1974,wheat,23.0,23.0,0.0
SL,Sierra Leone,1975,maize,13.0,13.0,0.0
SL,Sierra Leone,1975,rice,339.0,0.0,0.0
SL,Sierra Leone,1975,wheat,34.0,34.0,0.0
SL,Sierra Leone,1976,maize,11.0,11.0,0.0
SL,Sierra Leone,1976,rice,331.0,0.0,0.0
SL,Sierra Leone,1976,wheat,27.0,27.0,0.0
SL,Sierra Leone,1977,maize,14.0,14.0,0.0
SL,Sierra Leone,1977,rice,433.0,0.0,0.0
SL,Sierra Leone,1977,wheat,35.0,35.0,0.0
SL,Sierra Leone,1978,maize,14.0,14.0,0.0
SL,Sierra Leone,1978,rice,422.0,0.0,0.0
SL,Sierra Leone,1978,wheat,29.0,29.0,0.0
SL,Sierra Leone,1979,maize,12.0,12.0,0.0
SL,Sierra Leone,1979,rice,462.0,0.0,0.0
SL,Sierra Leone,1979,wheat,28.0,28.0,0.0
SL,Sierra Leone,1980,maize,12.0,12.0,0.0
SL,Sierra Leone,1980,rice,401.0,0.0,0.0
SL,Sierra Leone,1980,wheat,27.0,27.0,0.0
SL,Sierra Leone,1981,maize,12.0,12.0,0.0
SL,Sierra Leone,1981,rice,423.0,0.0,0.0
SL,Sierra Leone,1981,wheat,40.0,40.0,0.0
SL,Sierra Leone,1982,maize,13.0,13.0,0.0
SL,Sierra Leone,1982,rice,388.0,0.0,0.0
SL,Sierra Leone,1982,wheat,40.0,40.0,0.0
SL,Sierra Leone,1983,maize,14.0,14.0,0.0
SL,Sierra Leone,1983,rice,338.0,0.0,0.0
SL,Sierra Leone,1983,wheat,22.0,22.0,0.0
SL,Sierra Leone,1984,maize,15.0,15.0,0.0
SL,Sierra Leone,1984,rice,367.0,0.0,0.0
SL,Sierra Leone,1984,wheat,20.0,20.0,0.0
SL,Sierra Leone,1985,maize,11.0,9.0,2.0
SL,Sierra Leone,1985,rice,411.0,0.0,0.0
SL,Sierra Leone,1985,wheat,35.0,35.0,0.0
SL,Sierra Leone,1986,maize,12.0,11.0,1.0
SL,Sierra Leone,1986,rice,367.0,0.0,0.0
SL,Sierra Leone,1986,wheat,31.0,31.0,0.0
SL,Sierra Leone,1987,maize,14.0,13.0,1.0
SL,Sierra Leone,1987,rice,342.0,0.0,0.0
SL,Sierra Leone,1987,wheat,55.0,55.0,0.0
SL,Sierra Leone,1988,maize,10.0,9.0,1.0
SL,Sierra Leone,1988,rice,413.0,0.0,0.0
SL,Sierra Leone,1988,wheat,52.0,52.0,0.0
SL,Sierra Leone,1989,maize,12.0,11.0,1.0
SL,Sierra Leone,1989,rice,421.0,0.0,0.0
SL,Sierra Leone,1989,wheat,33.0,33.0,0.0
SL,Sierra Leone,1990,maize,13.0,13.0,0.0
SL,Sierra Leone,1990,rice,383.0,0.0,0.0
SL,Sierra Leone,1990,wheat,38.0,38.0,0.0
SL,Sierra Leone,1991,maize,11.0,3.0,8.0
SL,Sierra Leone,1991,rice,290.0,0.0,0.0
SL,Sierra Leone,1991,wheat,58.0,58.0,0.0
SL,Sierra Leone,1992,maize,11.0,3.0,8.0
SL,Sierra Leone,1992,rice,358.0,0.0,0.0
SL,Sierra Leone,1992,wheat,37.0,37.0,0.0
SL,Sierra Leone,1993,maize,12.0,4.0,8.0
SL,Sierra Leone,1993,rice,360.0,0.0,0.0
SL,Sierra Leone,1993,wheat,34.0,34.0,0.0
SL,Sierra Leone,1994,maize,9.0,4.0,5.0
SL,Sierra Leone,1994,rice,339.0,0.0,0.0
SL,Sierra Leone,1994,wheat,26.0,26.0,0.0
SL,Sierra Leone,1995,maize,8.0,4.0,4.0
SL,Sierra Leone,1995,rice,260.0,0.0,0.0
SL,Sierra Leone,1995,wheat,55.0,55.0,0.0
SL,Sierra Leone,1996,maize,10.0,5.0,5.0
SL,Sierra Leone,1996,rice,260.0,0.0,0.0
SL,Sierra Leone,1996,wheat,57.0,57.0,0.0
SL,Sierra Leone,1997,maize,10.0,5.0,5.0
SL,Sierra Leone,1997,rice,300.0,0.0,0.0
SL,Sierra Leone,1997,wheat,17.0,17.0,0.0
SL,Sierra Leone,1998,maize,10.0,10.0,0.0
SL,Sierra Leone,1998,rice,295.0,0.0,0.0
SL,Sierra Leone,1998,wheat,45.0,45.0,0.0
SL,Sierra Leone,1999,maize,10.0,10.0,0.0
SL,Sierra Leone,1999,rice,250.0,0.0,0.0
SL,Sierra Leone,1999,wheat,19.0,19.0,0.0
SL,Sierra Leone,2000,maize,10.0,10.0,0.0
SL,Sierra Leone,2000,rice,220.0,0.0,0.0
SL,Sierra Leone,2000,wheat,53.0,53.0,0.0
SL,Sierra Leone,2001,maize,10.0,10.0,0.0
SL,Sierra Leone,2001,rice,311.0,0.0,0.0
SL,Sierra Leone,2001,wheat,51.0,51.0,0.0
SL,Sierra Leone,2002,maize,10.0,10.0,0.0
SL,Sierra Leone,2002,rice,378.0,0.0,0.0
SL,Sierra Leone,2002,wheat,37.0,37.0,0.0
SL,Sierra Leone,2003,maize,10.0,10.0,0.0
SL,Sierra Leone,2003,rice,402.0,0.0,0.0
SL,Sierra Leone,2003,wheat,42.0,42.0,0.0
SL,Sierra Leone,2004,maize,32.0,32.0,0.0
SL,Sierra Leone,2004,rice,475.0,0.0,0.0
SL,Sierra Leone,2004,wheat,31.0,31.0,0.0
SL,Sierra Leone,2005,maize,39.0,39.0,0.0
SL,Sierra Leone,2005,rice,528.0,0.0,0.0
SL,Sierra Leone,2005,wheat,47.0,47.0,0.0
SL,Sierra Leone,2006,maize,49.0,49.0,0.0
SL,Sierra Leone,2006,rice,774.0,0.0,0.0
SL,Sierra Leone,2006,wheat,47.0,47.0,0.0
SL,Sierra Leone,2007,maize,25.0,25.0,0.0
SL,Sierra Leone,2007,rice,545.0,0.0,0.0
SL,Sierra Leone,2007,wheat,26.0,26.0,0.0
SL,Sierra Leone,2008,maize,25.0,25.0,0.0
SL,Sierra Leone,2008,rice,498.0,0.0,0.0
SL,Sierra Leone,2008,wheat,28.0,28.0,0.0
SL,Sierra Leone,2009,maize,35.0,35.0,0.0
SL,Sierra Leone,2009,rice,649.0,0.0,0.0
SL,Sierra Leone,2009,wheat,27.0,27.0,0.0
SL,Sierra Leone,2010,maize,51.0,51.0,0.0
SL,Sierra Leone,2010,rice,768.0,0.0,0.0
SL,Sierra Leone,2010,wheat,38.0,38.0,0.0
SL,Sierra Leone,2011,maize,52.0,52.0,0.0
SL,Sierra Leone,2011,rice,981.0,0.0,0.0
SL,Sierra Leone,2011,wheat,62.0,62.0,0.0
SL,Sierra Leone,2012,maize,39.0,39.0,0.0
SL,Sierra Leone,2012,rice,1039.0,0.0,0.0
SL,Sierra Leone,2012,wheat,45.0,45.0,0.0
SL,Sierra Leone,2013,maize,40.0,40.0,0.0
SL,Sierra Leone,2013,rice,1121.0,0.0,0.0
SL,Sierra Leone,2013,wheat,41.0,41.0,0.0
SL,Sierra Leone,2014,maize,21.0,21.0,0.0
SL,Sierra Leone,2014,rice,1118.0,0.0,0.0
SL,Sierra Leone,2014,wheat,43.0,43.0,0.0
SL,Sierra Leone,2015,maize,23.0,23.0,0.0
SL,Sierra Leone,2015,rice,1162.0,0.0,0.0
SL,Sierra Leone,2015,wheat,50.0,50.0,0.0
SL,Sierra Leone,2016,maize,13.0,13.0,0.0
SL,Sierra Leone,2016,rice,1245.0,0.0,0.0
SL,Sierra Leone,2016,wheat,93.0,93.0,0.0
SL,Sierra Leone,2017,maize,22.0,22.0,0.0
SL,Sierra Leone,2017,rice,1197.0,0.0,0.0
SL,Sierra Leone,2017,wheat,80.0,80.0,0.0
SL,Sierra Leone,2018,maize,23.0,23.0,0.0
SL,Sierra Leone,2018,rice,1270.0,0.0,0.0
SL,Sierra Leone,2018,wheat,84.0,84.0,0.0
SL,Sierra Leone,2019,maize,39.0,39.0,0.0
SL,Sierra Leone,2019,rice,1378.0,0.0,0.0
SL,Sierra Leone,2019,wheat,95.0,95.0,0.0
SL,Sierra Leone,2020,maize,27.0,27.0,0.0
SL,Sierra Leone,2020,rice,1378.0,0.0,0.0
SL,Sierra Leone,2020,wheat,96.0,96.0,0.0
SL,Sierra Leone,2021,maize,23.0,23.0,0.0
SL,Sierra Leone,2021,rice,1318.0,0.0,0.0
SL,Sierra Leone,2021,wheat,97.0,97.0,0.0
SL,Sierra Leone,2022,maize,24.0,24.0,0.0
SL,Sierra Leone,2022,rice,1425.0,0.0,0.0
SL,Sierra Leone,2022,wheat,103.0,103.0,0.0
SL,Sierra Leone,2023,maize,25.0,25.0,0.0
SL,Sierra Leone,2023,rice,1216.0,0.0,0.0
SL,Sierra Leone,2023,wheat,121.0,121.0,0.0
SL,Sierra Leone,2024,maize,26.0,26.0,0.0
SL,Sierra Leone,2024,rice,1338.0,0.0,0.0
SL,Sierra Leone,2024,wheat,139.0,139.0,0.0
SL,Sierra Leone,2025,maize,30.0,30.0,0.0
SL,Sierra Leone,2025,rice,1333.0,0.0,0.0
SL,Sierra Leone,2025,wheat,175.0,175.0,0.0
SL,Sierra Leone,2026,maize,25.0,25.0,0.0
SL,Sierra Leone,2026,rice,1332.0,0.0,0.0
SL,Sierra Leone,2026,wheat,200.0,200.0,0.0
SN,Singapore,1960,rice,192.0,0.0,0.0
SN,Singapore,1961,maize,80.0,80.0,0.0
SN,Singapore,1961,rice,192.0,0.0,0.0
SN,Singapore,1962,maize,119.0,119.0,0.0
SN,Singapore,1962,rice,162.0,0.0,0.0
SN,Singapore,1963,maize,107.0,107.0,0.0
SN,Singapore,1963,rice,217.0,0.0,0.0
SN,Singapore,1964,maize,9.0,9.0,0.0
SN,Singapore,1964,rice,161.0,0.0,0.0
SN,Singapore,1965,maize,10.0,10.0,0.0
SN,Singapore,1965,rice,192.0,0.0,0.0
SN,Singapore,1965,wheat,82.0,82.0,0.0
SN,Singapore,1966,maize,7.0,7.0,0.0
SN,Singapore,1966,rice,155.0,0.0,0.0
SN,Singapore,1966,wheat,147.0,147.0,0.0
SN,Singapore,1967,maize,4.0,4.0,0.0
SN,Singapore,1967,rice,177.0,0.0,0.0
SN,Singapore,1967,wheat,239.0,239.0,0.0
SN,Singapore,1968,maize,2.0,2.0,0.0
SN,Singapore,1968,rice,163.0,0.0,0.0
SN,Singapore,1968,wheat,169.0,169.0,0.0
SN,Singapore,1969,maize,7.0,7.0,0.0
SN,Singapore,1969,rice,157.0,0.0,0.0
SN,Singapore,1969,wheat,207.0,207.0,0.0
SN,Singapore,1970,maize,62.0,62.0,0.0
SN,Singapore,1970,rice,203.0,0.0,0.0
SN,Singapore,1970,wheat,167.0,167.0,0.0
SN,Singapore,1971,maize,75.0,75.0,0.0
SN,Singapore,1971,rice,226.0,0.0,0.0
SN,Singapore,1971,wheat,66.0,66.0,0.0
SN,Singapore,1972,maize,86.0,15.0,71.0
SN,Singapore,1972,rice,263.0,0.0,0.0
SN,Singapore,1972,wheat,120.0,120.0,0.0
SN,Singapore,1973,maize,100.0,0.0,100.0
SN,Singapore,1973,rice,159.0,0.0,0.0
SN,Singapore,1973,wheat,147.0,147.0,0.0
SN,Singapore,1974,maize,140.0,0.0,140.0
SN,Singapore,1974,rice,170.0,0.0,0.0
SN,Singapore,1974,wheat,89.0,89.0,0.0
SN,Singapore,1975,maize,130.0,0.0,130.0
SN,Singapore,1975,rice,137.0,0.0,0.0
SN,Singapore,1975,wheat,93.0,93.0,0.0
SN,Singapore,1976,maize,130.0,0.0,130.0
SN,Singapore,1976,rice,227.0,0.0,0.0
SN,Singapore,1976,wheat,267.0,267.0,0.0
SN,Singapore,1977,maize,200.0,0.0,200.0
SN,Singapore,1977,rice,216.0,0.0,0.0
SN,Singapore,1977,wheat,188.0,188.0,0.0
SN,Singapore,1978,maize,220.0,0.0,220.0
SN,Singapore,1978,rice,159.0,0.0,0.0
SN,Singapore,1978,wheat,62.0,62.0,0.0
SN,Singapore,1979,maize,170.0,0.0,170.0
SN,Singapore,1979,rice,206.0,0.0,0.0
SN,Singapore,1979,wheat,128.0,128.0,0.0
SN,Singapore,1980,maize,270.0,0.0,270.0
SN,Singapore,1980,rice,163.0,0.0,0.0
SN,Singapore,1980,wheat,130.0,130.0,0.0
SN,Singapore,1981,maize,360.0,0.0,360.0
SN,Singapore,1981,rice,228.0,0.0,0.0
SN,Singapore,1981,wheat,130.0,130.0,0.0
SN,Singapore,1982,maize,375.0,0.0,375.0
SN,Singapore,1982,rice,221.0,0.0,0.0
SN,Singapore,1982,wheat,130.0,130.0,0.0
SN,Singapore,1983,maize,200.0,0.0,200.0
SN,Singapore,1983,rice,223.0,0.0,0.0
SN,Singapore,1983,wheat,150.0,150.0,0.0
SN,Singapore,1984,maize,330.0,0.0,330.0
SN,Singapore,1984,rice,201.0,0.0,0.0
SN,Singapore,1984,wheat,150.0,150.0,0.0
SN,Singapore,1985,maize,313.0,0.0,313.0
SN,Singapore,1985,rice,263.0,0.0,0.0
SN,Singapore,1985,wheat,150.0,150.0,0.0
SN,Singapore,1986,maize,317.0,0.0,317.0
SN,Singapore,1986,rice,267.0,0.0,0.0
SN,Singapore,1986,wheat,100.0,100.0,0.0
SN,Singapore,1987,maize,296.0,0.0,296.0
SN,Singapore,1987,rice,274.0,0.0,0.0
SN,Singapore,1987,wheat,237.0,237.0,0.0
SN,Singapore,1988,maize,296.0,0.0,296.0
SN,Singapore,1988,rice,281.0,0.0,0.0
SN,Singapore,1988,wheat,120.0,120.0,0.0
SN,Singapore,1989,maize,252.0,0.0,252.0
SN,Singapore,1989,rice,227.0,0.0,0.0
SN,Singapore,1989,wheat,123.0,123.0,0.0
SN,Singapore,1990,maize,251.0,0.0,251.0
SN,Singapore,1990,rice,207.0,0.0,0.0
SN,Singapore,1990,wheat,145.0,145.0,0.0
SN,Singapore,1991,maize,171.0,0.0,171.0
SN,Singapore,1991,rice,244.0,0.0,0.0
SN,Singapore,1991,wheat,132.0,132.0,0.0
SN,Singapore,1992,maize,126.0,0.0,126.0
SN,Singapore,1992,rice,246.0,0.0,0.0
SN,Singapore,1992,wheat,224.0,224.0,0.0
SN,Singapore,1993,maize,140.0,36.0,104.0
SN,Singapore,1993,rice,277.0,0.0,0.0
SN,Singapore,1993,wheat,232.0,232.0,0.0
SN,Singapore,1994,maize,43.0,0.0,43.0
SN,Singapore,1994,rice,288.0,0.0,0.0
SN,Singapore,1994,wheat,264.0,264.0,0.0
SN,Singapore,1995,maize,63.0,0.0,63.0
SN,Singapore,1995,rice,326.0,0.0,0.0
SN,Singapore,1995,wheat,300.0,300.0,0.0
SN,Singapore,1996,maize,98.0,0.0,98.0
SN,Singapore,1996,rice,316.0,0.0,0.0
SN,Singapore,1996,wheat,168.0,168.0,0.0
SN,Singapore,1997,maize,49.0,0.0,49.0
SN,Singapore,1997,rice,269.0,0.0,0.0
SN,Singapore,1997,wheat,209.0,209.0,0.0
SN,Singapore,1998,maize,55.0,0.0,55.0
SN,Singapore,1998,rice,417.0,0.0,0.0
SN,Singapore,1998,wheat,400.0,400.0,0.0
SN,Singapore,1999,maize,55.0,0.0,55.0
SN,Singapore,1999,rice,354.0,0.0,0.0
SN,Singapore,1999,wheat,242.0,242.0,0.0
SN,Singapore,2000,maize,49.0,0.0,49.0
SN,Singapore,2000,rice,444.0,0.0,0.0
SN,Singapore,2000,wheat,224.0,224.0,0.0
SN,Singapore,2001,maize,78.0,0.0,78.0
SN,Singapore,2001,rice,358.0,0.0,0.0
SN,Singapore,2001,wheat,264.0,264.0,0.0
SN,Singapore,2002,maize,100.0,0.0,100.0
SN,Singapore,2002,rice,219.0,0.0,0.0
SN,Singapore,2002,wheat,274.0,274.0,0.0
SN,Singapore,2003,maize,74.0,0.0,74.0
SN,Singapore,2003,rice,251.0,0.0,0.0
SN,Singapore,2003,wheat,169.0,169.0,0.0
SN,Singapore,2004,maize,1.0,0.0,1.0
SN,Singapore,2004,rice,198.0,0.0,0.0
SN,Singapore,2004,wheat,234.0,234.0,0.0
SN,Singapore,2005,maize,12.0,0.0,12.0
SN,Singapore,2005,rice,233.0,0.0,0.0
SN,Singapore,2005,wheat,206.0,206.0,0.0
SN,Singapore,2006,maize,22.0,0.0,22.0
SN,Singapore,2006,rice,250.0,0.0,0.0
SN,Singapore,2006,wheat,223.0,223.0,0.0
SN,Singapore,2007,maize,74.0,0.0,74.0
SN,Singapore,2007,rice,274.0,0.0,0.0
SN,Singapore,2007,wheat,237.0,237.0,0.0
SN,Singapore,2008,maize,43.0,0.0,43.0
SN,Singapore,2008,rice,246.0,0.0,0.0
SN,Singapore,2008,wheat,217.0,217.0,0.0
SN,Singapore,2009,maize,43.0,0.0,43.0
SN,Singapore,2009,rice,264.0,0.0,0.0
SN,Singapore,2009,wheat,242.0,242.0,0.0
SN,Singapore,2010,maize,43.0,0.0,43.0
SN,Singapore,2010,rice,275.0,0.0,0.0
SN,Singapore,2010,wheat,219.0,219.0,0.0
SN,Singapore,2011,maize,54.0,0.0,54.0
SN,Singapore,2011,rice,247.0,0.0,0.0
SN,Singapore,2011,wheat,256.0,256.0,0.0
SN,Singapore,2012,maize,59.0,0.0,59.0
SN,Singapore,2012,rice,293.0,0.0,0.0
SN,Singapore,2012,wheat,265.0,265.0,0.0
SN,Singapore,2013,maize,54.0,0.0,54.0
SN,Singapore,2013,rice,323.0,0.0,0.0
SN,Singapore,2013,wheat,270.0,270.0,0.0
SN,Singapore,2014,maize,49.0,0.0,49.0
SN,Singapore,2014,rice,288.0,0.0,0.0
SN,Singapore,2014,wheat,275.0,275.0,0.0
SN,Singapore,2015,maize,34.0,0.0,34.0
SN,Singapore,2015,rice,319.0,0.0,0.0
SN,Singapore,2015,wheat,280.0,280.0,0.0
SN,Singapore,2016,maize,47.0,0.0,47.0
SN,Singapore,2016,rice,323.0,0.0,0.0
SN,Singapore,2016,wheat,285.0,285.0,0.0
SN,Singapore,2017,maize,47.0,0.0,47.0
SN,Singapore,2017,rice,287.0,0.0,0.0
SN,Singapore,2017,wheat,295.0,295.0,0.0
SN,Singapore,2018,maize,19.0,0.0,19.0
SN,Singapore,2018,rice,321.0,0.0,0.0
SN,Singapore,2018,wheat,310.0,310.0,0.0
SN,Singapore,2019,maize,10.0,0.0,10.0
SN,Singapore,2019,rice,395.0,0.0,0.0
SN,Singapore,2019,wheat,350.0,350.0,0.0
SN,Singapore,2020,maize,6.0,0.0,6.0
SN,Singapore,2020,rice,381.0,0.0,0.0
SN,Singapore,2020,wheat,360.0,360.0,0.0
SN,Singapore,2021,maize,9.0,0.0,9.0
SN,Singapore,2021,rice,369.0,0.0,0.0
SN,Singapore,2021,wheat,350.0,350.0,0.0
SN,Singapore,2022,maize,8.0,0.0,8.0
SN,Singapore,2022,rice,433.0,0.0,0.0
SN,Singapore,2022,wheat,310.0,310.0,0.0
SN,Singapore,2023,maize,1.0,0.0,1.0
SN,Singapore,2023,rice,448.0,0.0,0.0
SN,Singapore,2023,wheat,300.0,300.0,0.0
SN,Singapore,2024,maize,1.0,0.0,1.0
SN,Singapore,2024,rice,509.0,0.0,0.0
SN,Singapore,2024,wheat,280.0,280.0,0.0
SN,Singapore,2025,maize,1.0,0.0,1.0
SN,Singapore,2025,rice,525.0,0.0,0.0
SN,Singapore,2025,wheat,260.0,260.0,0.0
SN,Singapore,2026,maize,1.0,0.0,1.0
SN,Singapore,2026,rice,525.0,0.0,0.0
SN,Singapore,2026,wheat,250.0,250.0,0.0
SO,Somalia,1960,rice,18.0,0.0,0.0
SO,Somalia,1960,wheat,3.0,3.0,0.0
SO,Somalia,1961,maize,8.0,0.0,8.0
SO,Somalia,1961,rice,16.0,0.0,0.0
SO,Somalia,1961,wheat,3.0,3.0,0.0
SO,Somalia,1962,maize,38.0,0.0,38.0
SO,Somalia,1962,rice,17.0,0.0,0.0
SO,Somalia,1962,wheat,25.0,25.0,0.0
SO,Somalia,1963,maize,52.0,0.0,52.0
SO,Somalia,1963,rice,23.0,0.0,0.0
SO,Somalia,1963,wheat,39.0,39.0,0.0
SO,Somalia,1964,maize,22.0,0.0,22.0
SO,Somalia,1964,rice,37.0,0.0,0.0
SO,Somalia,1964,wheat,90.0,90.0,0.0
SO,Somalia,1965,maize,40.0,0.0,40.0
SO,Somalia,1965,rice,29.0,0.0,0.0
SO,Somalia,1965,wheat,77.0,77.0,0.0
SO,Somalia,1966,maize,40.0,0.0,40.0
SO,Somalia,1966,rice,22.0,0.0,0.0
SO,Somalia,1966,wheat,5.0,5.0,0.0
SO,Somalia,1967,maize,40.0,0.0,40.0
SO,Somalia,1967,rice,17.0,0.0,0.0
SO,Somalia,1967,wheat,14.0,14.0,0.0
SO,Somalia,1968,maize,42.0,0.0,42.0
SO,Somalia,1968,rice,15.0,0.0,0.0
SO,Somalia,1968,wheat,16.0,16.0,0.0
SO,Somalia,1969,maize,40.0,0.0,40.0
SO,Somalia,1969,rice,16.0,0.0,0.0
SO,Somalia,1969,wheat,15.0,15.0,0.0
SO,Somalia,1970,maize,51.0,0.0,51.0
SO,Somalia,1970,rice,23.0,0.0,0.0
SO,Somalia,1970,wheat,16.0,16.0,0.0
SO,Somalia,1971,maize,98.0,0.0,98.0
SO,Somalia,1971,rice,38.0,0.0,0.0
SO,Somalia,1971,wheat,23.0,23.0,0.0
SO,Somalia,1972,maize,65.0,0.0,65.0
SO,Somalia,1972,rice,36.0,0.0,0.0
SO,Somalia,1972,wheat,49.0,49.0,0.0
SO,Somalia,1973,maize,164.0,0.0,164.0
SO,Somalia,1973,rice,31.0,0.0,0.0
SO,Somalia,1973,wheat,25.0,25.0,0.0
SO,Somalia,1974,maize,161.0,0.0,161.0
SO,Somalia,1974,rice,18.0,0.0,0.0
SO,Somalia,1974,wheat,69.0,69.0,0.0
SO,Somalia,1975,maize,151.0,0.0,151.0
SO,Somalia,1975,rice,20.0,0.0,0.0
SO,Somalia,1975,wheat,80.0,80.0,0.0
SO,Somalia,1976,maize,140.0,0.0,140.0
SO,Somalia,1976,rice,23.0,0.0,0.0
SO,Somalia,1976,wheat,51.0,51.0,0.0
SO,Somalia,1977,maize,130.0,0.0,130.0
SO,Somalia,1977,rice,51.0,0.0,0.0
SO,Somalia,1977,wheat,87.0,87.0,0.0
SO,Somalia,1978,maize,150.0,150.0,0.0
SO,Somalia,1978,rice,37.0,0.0,0.0
SO,Somalia,1978,wheat,75.0,75.0,0.0
SO,Somalia,1979,maize,178.0,0.0,178.0
SO,Somalia,1979,rice,73.0,0.0,0.0
SO,Somalia,1979,wheat,80.0,80.0,0.0
SO,Somalia,1980,maize,236.0,231.0,5.0
SO,Somalia,1980,rice,91.0,0.0,0.0
SO,Somalia,1980,wheat,85.0,85.0,0.0
SO,Somalia,1981,maize,182.0,175.0,7.0
SO,Somalia,1981,rice,92.0,0.0,0.0
SO,Somalia,1981,wheat,90.0,90.0,0.0
SO,Somalia,1982,maize,175.0,170.0,5.0
SO,Somalia,1982,rice,91.0,0.0,0.0
SO,Somalia,1982,wheat,90.0,90.0,0.0
SO,Somalia,1983,maize,260.0,255.0,5.0
SO,Somalia,1983,rice,55.0,0.0,0.0
SO,Somalia,1983,wheat,114.0,114.0,0.0
SO,Somalia,1984,maize,308.0,303.0,5.0
SO,Somalia,1984,rice,88.0,0.0,0.0
SO,Somalia,1984,wheat,144.0,144.0,0.0
SO,Somalia,1985,maize,423.0,418.0,5.0
SO,Somalia,1985,rice,42.0,0.0,0.0
SO,Somalia,1985,wheat,113.0,113.0,0.0
SO,Somalia,1986,maize,348.0,348.0,0.0
SO,Somalia,1986,rice,121.0,0.0,0.0
SO,Somalia,1986,wheat,154.0,154.0,0.0
SO,Somalia,1987,maize,372.0,372.0,0.0
SO,Somalia,1987,rice,115.0,0.0,0.0
SO,Somalia,1987,wheat,125.0,125.0,0.0
SO,Somalia,1988,maize,396.0,396.0,0.0
SO,Somalia,1988,rice,59.0,0.0,0.0
SO,Somalia,1988,wheat,91.0,91.0,0.0
SO,Somalia,1989,maize,253.0,253.0,0.0
SO,Somalia,1989,rice,83.0,0.0,0.0
SO,Somalia,1989,wheat,130.0,130.0,0.0
SO,Somalia,1990,maize,222.0,222.0,0.0
SO,Somalia,1990,rice,89.0,0.0,0.0
SO,Somalia,1990,wheat,78.0,78.0,0.0
SO,Somalia,1991,maize,127.0,127.0,0.0
SO,Somalia,1991,rice,69.0,0.0,0.0
SO,Somalia,1991,wheat,83.0,83.0,0.0
SO,Somalia,1992,maize,192.0,192.0,0.0
SO,Somalia,1992,rice,120.0,0.0,0.0
SO,Somalia,1992,wheat,105.0,105.0,0.0
SO,Somalia,1993,maize,127.0,127.0,0.0
SO,Somalia,1993,rice,58.0,0.0,0.0
SO,Somalia,1993,wheat,63.0,63.0,0.0
SO,Somalia,1994,maize,100.0,100.0,0.0
SO,Somalia,1994,rice,53.0,0.0,0.0
SO,Somalia,1994,wheat,90.0,90.0,0.0
SO,Somalia,1995,maize,154.0,154.0,0.0
SO,Somalia,1995,rice,48.0,0.0,0.0
SO,Somalia,1995,wheat,145.0,145.0,0.0
SO,Somalia,1996,maize,160.0,160.0,0.0
SO,Somalia,1996,rice,73.0,0.0,0.0
SO,Somalia,1996,wheat,43.0,43.0,0.0
SO,Somalia,1997,maize,150.0,150.0,0.0
SO,Somalia,1997,rice,94.0,0.0,0.0
SO,Somalia,1997,wheat,25.0,25.0,0.0
SO,Somalia,1998,maize,138.0,138.0,0.0
SO,Somalia,1998,rice,73.0,0.0,0.0
SO,Somalia,1998,wheat,46.0,46.0,0.0
SO,Somalia,1999,maize,171.0,171.0,0.0
SO,Somalia,1999,rice,101.0,0.0,0.0
SO,Somalia,1999,wheat,57.0,57.0,0.0
SO,Somalia,2000,maize,150.0,150.0,0.0
SO,Somalia,2000,rice,101.0,0.0,0.0
SO,Somalia,2000,wheat,33.0,33.0,0.0
SO,Somalia,2001,maize,290.0,290.0,0.0
SO,Somalia,2001,rice,101.0,0.0,0.0
SO,Somalia,2001,wheat,62.0,62.0,0.0
SO,Somalia,2002,maize,294.0,294.0,0.0
SO,Somalia,2002,rice,111.0,0.0,0.0
SO,Somalia,2002,wheat,61.0,61.0,0.0
SO,Somalia,2003,maize,274.0,274.0,0.0
SO,Somalia,2003,rice,111.0,0.0,0.0
SO,Somalia,2003,wheat,60.0,60.0,0.0
SO,Somalia,2004,maize,209.0,209.0,0.0
SO,Somalia,2004,rice,114.0,0.0,0.0
SO,Somalia,2004,wheat,40.0,40.0,0.0
SO,Somalia,2005,maize,208.0,208.0,0.0
SO,Somalia,2005,rice,156.0,0.0,0.0
SO,Somalia,2005,wheat,12.0,12.0,0.0
SO,Somalia,2006,maize,97.0,97.0,0.0
SO,Somalia,2006,rice,131.0,0.0,0.0
SO,Somalia,2006,wheat,36.0,36.0,0.0
SO,Somalia,2007,maize,139.0,139.0,0.0
SO,Somalia,2007,rice,106.0,0.0,0.0
SO,Somalia,2007,wheat,8.0,8.0,0.0
SO,Somalia,2008,maize,150.0,150.0,0.0
SO,Somalia,2008,rice,126.0,0.0,0.0
SO,Somalia,2008,wheat,134.0,134.0,0.0
SO,Somalia,2009,maize,137.0,137.0,0.0
SO,Somalia,2009,rice,162.0,0.0,0.0
SO,Somalia,2009,wheat,97.0,97.0,0.0
SO,Somalia,2010,maize,145.0,145.0,0.0
SO,Somalia,2010,rice,131.0,0.0,0.0
SO,Somalia,2010,wheat,104.0,104.0,0.0
SO,Somalia,2011,maize,119.0,119.0,0.0
SO,Somalia,2011,rice,231.0,0.0,0.0
SO,Somalia,2011,wheat,114.0,114.0,0.0
SO,Somalia,2012,maize,101.0,101.0,0.0
SO,Somalia,2012,rice,126.0,0.0,0.0
SO,Somalia,2012,wheat,98.0,98.0,0.0
SO,Somalia,2013,maize,119.0,119.0,0.0
SO,Somalia,2013,rice,221.0,0.0,0.0
SO,Somalia,2013,wheat,179.0,179.0,0.0
SO,Somalia,2014,maize,116.0,116.0,0.0
SO,Somalia,2014,rice,261.0,0.0,0.0
SO,Somalia,2014,wheat,231.0,231.0,0.0
SO,Somalia,2015,maize,112.0,112.0,0.0
SO,Somalia,2015,rice,341.0,0.0,0.0
SO,Somalia,2015,wheat,302.0,302.0,0.0
SO,Somalia,2016,maize,68.0,68.0,0.0
SO,Somalia,2016,rice,421.0,0.0,0.0
SO,Somalia,2016,wheat,434.0,434.0,0.0
SO,Somalia,2017,maize,82.0,82.0,0.0
SO,Somalia,2017,rice,371.0,0.0,0.0
SO,Somalia,2017,wheat,581.0,581.0,0.0
SO,Somalia,2018,maize,127.0,127.0,0.0
SO,Somalia,2018,rice,451.0,0.0,0.0
SO,Somalia,2018,wheat,498.0,498.0,0.0
SO,Somalia,2019,maize,62.0,62.0,0.0
SO,Somalia,2019,rice,451.0,0.0,0.0
SO,Somalia,2019,wheat,592.0,592.0,0.0
SO,Somalia,2020,maize,80.0,80.0,0.0
SO,Somalia,2020,rice,476.0,0.0,0.0
SO,Somalia,2020,wheat,679.0,679.0,0.0
SO,Somalia,2021,maize,54.0,54.0,0.0
SO,Somalia,2021,rice,541.0,0.0,0.0
SO,Somalia,2021,wheat,721.0,721.0,0.0
SO,Somalia,2022,maize,70.0,70.0,0.0
SO,Somalia,2022,rice,601.0,0.0,0.0
SO,Somalia,2022,wheat,778.0,778.0,0.0
SO,Somalia,2023,maize,100.0,100.0,0.0
SO,Somalia,2023,rice,611.0,0.0,0.0
SO,Somalia,2023,wheat,979.0,979.0,0.0
SO,Somalia,2024,maize,74.0,74.0,0.0
SO,Somalia,2024,rice,561.0,0.0,0.0
SO,Somalia,2024,wheat,926.0,926.0,0.0
SO,Somalia,2025,maize,102.0,102.0,0.0
SO,Somalia,2025,rice,651.0,0.0,0.0
SO,Somalia,2025,wheat,1200.0,1200.0,0.0
SO,Somalia,2026,maize,80.0,80.0,0.0
SO,Somalia,2026,rice,701.0,0.0,0.0
SO,Somalia,2026,wheat,1200.0,1200.0,0.0
SR,Serbia and Montenegro,1992,maize,3966.0,230.0,3736.0
SR,Serbia and Montenegro,1992,wheat,1786.0,1786.0,0.0
SR,Serbia and Montenegro,1993,maize,3586.0,230.0,3356.0
SR,Serbia and Montenegro,1993,wheat,2979.0,2979.0,0.0
SR,Serbia and Montenegro,1994,maize,4353.0,230.0,4123.0
SR,Serbia and Montenegro,1994,wheat,3199.0,3199.0,0.0
SR,Serbia and Montenegro,1995,maize,5548.0,230.0,5318.0
SR,Serbia and Montenegro,1995,wheat,2871.0,2871.0,0.0
SR,Serbia and Montenegro,1996,maize,5171.0,230.0,4941.0
SR,Serbia and Montenegro,1996,wheat,1450.0,1450.0,0.0
SR,Serbia and Montenegro,1997,maize,5805.0,230.0,5575.0
SR,Serbia and Montenegro,1997,wheat,2901.0,2901.0,0.0
SR,Serbia and Montenegro,1998,maize,5048.0,230.0,4818.0
SR,Serbia and Montenegro,1998,wheat,2925.0,2925.0,0.0
SR,Serbia and Montenegro,1999,maize,6091.0,230.0,5861.0
SR,Serbia and Montenegro,1999,wheat,2057.0,2057.0,0.0
SR,Serbia and Montenegro,2000,maize,3100.0,200.0,2900.0
SR,Serbia and Montenegro,2000,wheat,1804.0,1804.0,0.0
SR,Serbia and Montenegro,2001,maize,4850.0,250.0,4600.0
SR,Serbia and Montenegro,2001,wheat,2050.0,1850.0,200.0
SR,Serbia and Montenegro,2002,maize,4900.0,400.0,4500.0
SR,Serbia and Montenegro,2002,wheat,1900.0,1700.0,200.0
SR,Serbia and Montenegro,2003,maize,4400.0,200.0,4200.0
SR,Serbia and Montenegro,2003,wheat,1800.0,1720.0,80.0
SR,Serbia and Montenegro,2004,maize,5350.0,250.0,5100.0
SR,Serbia and Montenegro,2004,wheat,2100.0,1750.0,350.0
SR,Serbia and Montenegro,2005,maize,5450.0,250.0,5200.0
SR,Serbia and Montenegro,2005,wheat,2000.0,1700.0,300.0
SU,Sudan,1960,rice,5.0,0.0,0.0
SU,Sudan,1960,wheat,124.0,124.0,0.0
SU,Sudan,1961,rice,5.0,0.0,0.0
SU,Sudan,1961,wheat,107.0,107.0,0.0
SU,Sudan,1962,rice,6.0,0.0,0.0
SU,Sudan,1962,wheat,156.0,156.0,0.0
SU,Sudan,1963,rice,7.0,0.0,0.0
SU,Sudan,1963,wheat,136.0,136.0,0.0
SU,Sudan,1964,rice,5.0,0.0,0.0
SU,Sudan,1964,wheat,209.0,209.0,0.0
SU,Sudan,1965,rice,11.0,0.0,0.0
SU,Sudan,1965,wheat,223.0,223.0,0.0
SU,Sudan,1966,rice,7.0,0.0,0.0
SU,Sudan,1966,wheat,273.0,273.0,0.0
SU,Sudan,1967,rice,8.0,0.0,0.0
SU,Sudan,1967,wheat,191.0,191.0,0.0
SU,Sudan,1968,rice,11.0,0.0,0.0
SU,Sudan,1968,wheat,229.0,229.0,0.0
SU,Sudan,1969,rice,13.0,0.0,0.0
SU,Sudan,1969,wheat,247.0,247.0,0.0
SU,Sudan,1970,rice,13.0,0.0,0.0
SU,Sudan,1970,wheat,422.0,422.0,0.0
SU,Sudan,1971,rice,14.0,0.0,0.0
SU,Sudan,1971,wheat,320.0,320.0,0.0
SU,Sudan,1972,rice,16.0,0.0,0.0
SU,Sudan,1972,wheat,317.0,317.0,0.0
SU,Sudan,1973,rice,13.0,0.0,0.0
SU,Sudan,1973,wheat,466.0,466.0,0.0
SU,Sudan,1974,rice,5.0,0.0,0.0
SU,Sudan,1974,wheat,373.0,373.0,0.0
SU,Sudan,1975,rice,6.0,0.0,0.0
SU,Sudan,1975,wheat,474.0,474.0,0.0
SU,Sudan,1976,rice,9.0,0.0,0.0
SU,Sudan,1976,wheat,520.0,520.0,0.0
SU,Sudan,1977,rice,12.0,0.0,0.0
SU,Sudan,1977,wheat,491.0,491.0,0.0
SU,Sudan,1978,rice,13.0,0.0,0.0
SU,Sudan,1978,wheat,433.0,433.0,0.0
SU,Sudan,1979,rice,12.0,0.0,0.0
SU,Sudan,1979,wheat,533.0,533.0,0.0
SU,Sudan,1980,rice,9.0,0.0,0.0
SU,Sudan,1980,wheat,550.0,550.0,0.0
SU,Sudan,1981,rice,16.0,0.0,0.0
SU,Sudan,1981,wheat,565.0,565.0,0.0
SU,Sudan,1982,rice,16.0,0.0,0.0
SU,Sudan,1982,wheat,589.0,589.0,0.0
SU,Sudan,1983,rice,58.0,0.0,0.0
SU,Sudan,1983,wheat,791.0,791.0,0.0
SU,Sudan,1984,rice,60.0,0.0,0.0
SU,Sudan,1984,wheat,679.0,679.0,0.0
SU,Sudan,1985,rice,51.0,0.0,0.0
SU,Sudan,1985,wheat,798.0,798.0,0.0
SU,Sudan,1986,rice,13.0,0.0,0.0
SU,Sudan,1986,wheat,803.0,803.0,0.0
SU,Sudan,1987,rice,21.0,0.0,0.0
SU,Sudan,1987,wheat,815.0,815.0,0.0
SU,Sudan,1988,rice,48.0,0.0,0.0
SU,Sudan,1988,wheat,752.0,752.0,0.0
SU,Sudan,1989,rice,13.0,0.0,0.0
SU,Sudan,1989,wheat,917.0,917.0,0.0
SU,Sudan,1990,rice,14.0,0.0,0.0
SU,Sudan,1990,wheat,1468.0,1468.0,0.0
SU,Sudan,1991,rice,19.0,0.0,0.0
SU,Sudan,1991,wheat,1422.0,1422.0,0.0
SU,Sudan,1992,rice,36.0,0.0,0.0
SU,Sudan,1992,wheat,1080.0,1080.0,0.0
SU,Sudan,1993,rice,62.0,0.0,0.0
SU,Sudan,1993,wheat,987.0,987.0,0.0
SU,Sudan,1994,rice,22.0,0.0,0.0
SU,Sudan,1994,wheat,975.0,975.0,0.0
SU,Sudan,1995,rice,37.0,0.0,0.0
SU,Sudan,1995,wheat,847.0,847.0,0.0
SU,Sudan,1996,rice,20.0,0.0,0.0
SU,Sudan,1996,wheat,1168.0,1168.0,0.0
SU,Sudan,1997,rice,47.0,0.0,0.0
SU,Sudan,1997,wheat,1184.0,1184.0,0.0
SU,Sudan,1998,rice,17.0,0.0,0.0
SU,Sudan,1998,wheat,1150.0,1150.0,0.0
SU,Sudan,1999,rice,22.0,0.0,0.0
SU,Sudan,1999,wheat,962.0,962.0,0.0
SU,Sudan,2000,rice,31.0,0.0,0.0
SU,Sudan,2000,wheat,1135.0,1135.0,0.0
SU,Sudan,2001,rice,32.0,0.0,0.0
SU,Sudan,2001,wheat,1237.0,1237.0,0.0
SU,Sudan,2002,rice,40.0,0.0,0.0
SU,Sudan,2002,wheat,1110.0,1110.0,0.0
SU,Sudan,2003,rice,51.0,0.0,0.0
SU,Sudan,2003,wheat,1360.0,1360.0,0.0
SU,Sudan,2004,rice,89.0,0.0,0.0
SU,Sudan,2004,wheat,1682.0,1657.0,25.0
SU,Sudan,2005,rice,63.0,0.0,0.0
SU,Sudan,2005,wheat,1894.0,1869.0,25.0
SU,Sudan,2006,rice,72.0,0.0,0.0
SU,Sudan,2006,wheat,2042.0,2017.0,25.0
SU,Sudan,2007,rice,60.0,0.0,0.0
SU,Sudan,2007,wheat,1863.0,1838.0,25.0
SU,Sudan,2008,rice,56.0,0.0,0.0
SU,Sudan,2008,wheat,2049.0,1999.0,50.0
SU,Sudan,2009,rice,45.0,0.0,0.0
SU,Sudan,2009,wheat,2429.0,2404.0,25.0
SU,Sudan,2010,rice,50.0,0.0,0.0
SU,Sudan,2010,wheat,2148.0,2098.0,50.0
SU,Sudan,2011,rice,57.0,0.0,0.0
SU,Sudan,2011,wheat,2384.0,2334.0,50.0
SU,Sudan,2012,rice,59.0,0.0,0.0
SU,Sudan,2012,wheat,2075.0,2050.0,25.0
SU,Sudan,2013,rice,64.0,0.0,0.0
SU,Sudan,2013,wheat,2825.0,2800.0,25.0
SU,Sudan,2014,rice,0.0,0.0,0.0
SU,Sudan,2014,wheat,3125.0,3025.0,100.0
SU,Sudan,2015,rice,0.0,0.0,0.0
SU,Sudan,2015,wheat,2950.0,2850.0,100.0
SU,Sudan,2016,rice,0.0,0.0,0.0
SU,Sudan,2016,wheat,3000.0,2900.0,100.0
SU,Sudan,2017,rice,0.0,0.0,0.0
SU,Sudan,2017,wheat,3050.0,2950.0,100.0
SU,Sudan,2018,rice,0.0,0.0,0.0
SU,Sudan,2018,wheat,3000.0,2900.0,100.0
SU,Sudan,2019,rice,0.0,0.0,0.0
SU,Sudan,2019,wheat,3100.0,3000.0,100.0
SU,Sudan,2020,rice,0.0,0.0,0.0
SU,Sudan,2020,wheat,3000.0,2900.0,100.0
SU,Sudan,2021,rice,0.0,0.0,0.0
SU,Sudan,2021,wheat,2950.0,2850.0,100.0
SU,Sudan,2022,rice,0.0,0.0,0.0
SU,Sudan,2022,wheat,2800.0,2700.0,100.0
SU,Sudan,2023,rice,0.0,0.0,0.0
SU,Sudan,2023,wheat,2800.0,2700.0,100.0
SU,Sudan,2024,rice,0.0,0.0,0.0
SU,Sudan,2024,wheat,2950.0,2850.0,100.0
SU,Sudan,2025,rice,0.0,0.0,0.0
SU,Sudan,2025,wheat,3025.0,2925.0,100.0
SU,Sudan,2026,rice,0.0,0.0,0.0
SU,Sudan,2026,wheat,3100.0,3000.0,100.0
SY,Syria,1960,rice,28.0,0.0,0.0
SY,Syria,1960,wheat,998.0,998.0,0.0
SY,Syria,1961,rice,27.0,0.0,0.0
SY,Syria,1961,wheat,947.0,947.0,0.0
SY,Syria,1962,rice,36.0,0.0,0.0
SY,Syria,1962,wheat,1128.0,1128.0,0.0
SY,Syria,1963,rice,22.0,0.0,0.0
SY,Syria,1963,wheat,1076.0,1076.0,0.0
SY,Syria,1964,rice,36.0,0.0,0.0
SY,Syria,1964,wheat,926.0,926.0,0.0
SY,Syria,1965,rice,30.0,0.0,0.0
SY,Syria,1965,wheat,1106.0,1106.0,0.0
SY,Syria,1966,rice,33.0,0.0,0.0
SY,Syria,1966,wheat,904.0,904.0,0.0
SY,Syria,1967,rice,37.0,0.0,0.0
SY,Syria,1967,wheat,1332.0,1332.0,0.0
SY,Syria,1968,rice,41.0,0.0,0.0
SY,Syria,1968,wheat,793.0,793.0,0.0
SY,Syria,1969,rice,40.0,0.0,0.0
SY,Syria,1969,wheat,1254.0,1254.0,0.0
SY,Syria,1970,rice,44.0,0.0,0.0
SY,Syria,1970,wheat,1237.0,1237.0,0.0
SY,Syria,1971,rice,44.0,0.0,0.0
SY,Syria,1971,wheat,1300.0,1300.0,0.0
SY,Syria,1972,rice,53.0,0.0,0.0
SY,Syria,1972,wheat,1275.0,1275.0,0.0
SY,Syria,1973,rice,60.0,0.0,0.0
SY,Syria,1973,wheat,1325.0,1265.0,60.0
SY,Syria,1974,maize,19.0,0.0,19.0
SY,Syria,1974,rice,66.0,0.0,0.0
SY,Syria,1974,wheat,1450.0,1400.0,50.0
SY,Syria,1975,maize,47.0,5.0,42.0
SY,Syria,1975,rice,82.0,0.0,0.0
SY,Syria,1975,wheat,1615.0,1500.0,115.0
SY,Syria,1976,maize,80.0,5.0,75.0
SY,Syria,1976,rice,58.0,0.0,0.0
SY,Syria,1976,wheat,1806.0,1691.0,115.0
SY,Syria,1977,maize,99.0,0.0,99.0
SY,Syria,1977,rice,50.0,0.0,0.0
SY,Syria,1977,wheat,2500.0,2435.0,65.0
SY,Syria,1978,maize,171.0,2.0,169.0
SY,Syria,1978,rice,116.0,0.0,0.0
SY,Syria,1978,wheat,1950.0,1850.0,100.0
SY,Syria,1979,maize,263.0,63.0,200.0
SY,Syria,1979,rice,91.0,0.0,0.0
SY,Syria,1979,wheat,2000.0,1900.0,100.0
SY,Syria,1980,maize,261.0,6.0,255.0
SY,Syria,1980,rice,128.0,0.0,0.0
SY,Syria,1980,wheat,2512.0,2212.0,300.0
SY,Syria,1981,maize,315.0,15.0,300.0
SY,Syria,1981,rice,121.0,0.0,0.0
SY,Syria,1981,wheat,2600.0,2200.0,400.0
SY,Syria,1982,maize,290.0,15.0,275.0
SY,Syria,1982,rice,96.0,0.0,0.0
SY,Syria,1982,wheat,2227.0,1927.0,300.0
SY,Syria,1983,maize,210.0,10.0,200.0
SY,Syria,1983,rice,131.0,0.0,0.0
SY,Syria,1983,wheat,2450.0,2050.0,400.0
SY,Syria,1984,maize,185.0,10.0,175.0
SY,Syria,1984,rice,94.0,0.0,0.0
SY,Syria,1984,wheat,2400.0,2100.0,300.0
SY,Syria,1985,maize,175.0,0.0,175.0
SY,Syria,1985,rice,92.0,0.0,0.0
SY,Syria,1985,wheat,2500.0,2200.0,300.0
SY,Syria,1986,maize,175.0,0.0,175.0
SY,Syria,1986,rice,90.0,0.0,0.0
SY,Syria,1986,wheat,2409.0,2159.0,250.0
SY,Syria,1987,maize,141.0,1.0,140.0
SY,Syria,1987,rice,125.0,0.0,0.0
SY,Syria,1987,wheat,2914.0,2714.0,200.0
SY,Syria,1988,maize,171.0,1.0,170.0
SY,Syria,1988,rice,74.0,0.0,0.0
SY,Syria,1988,wheat,2705.0,2455.0,250.0
SY,Syria,1989,maize,319.0,19.0,300.0
SY,Syria,1989,rice,101.0,0.0,0.0
SY,Syria,1989,wheat,2453.0,2203.0,250.0
SY,Syria,1990,maize,400.0,25.0,375.0
SY,Syria,1990,rice,124.0,0.0,0.0
SY,Syria,1990,wheat,3395.0,3195.0,200.0
SY,Syria,1991,maize,398.0,0.0,398.0
SY,Syria,1991,rice,86.0,0.0,0.0
SY,Syria,1991,wheat,2813.0,2613.0,200.0
SY,Syria,1992,maize,525.0,25.0,500.0
SY,Syria,1992,rice,141.0,0.0,0.0
SY,Syria,1992,wheat,3171.0,2971.0,200.0
SY,Syria,1993,maize,475.0,25.0,450.0
SY,Syria,1993,rice,140.0,0.0,0.0
SY,Syria,1993,wheat,3289.0,3089.0,200.0
SY,Syria,1994,maize,660.0,45.0,615.0
SY,Syria,1994,rice,236.0,0.0,0.0
SY,Syria,1994,wheat,3103.0,2903.0,200.0
SY,Syria,1995,maize,553.0,43.0,510.0
SY,Syria,1995,rice,158.0,0.0,0.0
SY,Syria,1995,wheat,3150.0,2950.0,200.0
SY,Syria,1996,maize,634.0,54.0,580.0
SY,Syria,1996,rice,222.0,0.0,0.0
SY,Syria,1996,wheat,3137.0,2837.0,300.0
SY,Syria,1997,maize,735.0,60.0,675.0
SY,Syria,1997,rice,143.0,0.0,0.0
SY,Syria,1997,wheat,3160.0,2860.0,300.0
SY,Syria,1998,maize,880.0,80.0,800.0
SY,Syria,1998,rice,200.0,0.0,0.0
SY,Syria,1998,wheat,3107.0,2807.0,300.0
SY,Syria,1999,maize,975.0,50.0,925.0
SY,Syria,1999,rice,150.0,0.0,0.0
SY,Syria,1999,wheat,3215.0,2915.0,300.0
SY,Syria,2000,maize,945.0,50.0,895.0
SY,Syria,2000,rice,172.0,0.0,0.0
SY,Syria,2000,wheat,3534.0,3234.0,300.0
SY,Syria,2001,maize,1050.0,100.0,950.0
SY,Syria,2001,rice,204.0,0.0,0.0
SY,Syria,2001,wheat,3541.0,3241.0,300.0
SY,Syria,2002,maize,1150.0,150.0,1000.0
SY,Syria,2002,rice,190.0,0.0,0.0
SY,Syria,2002,wheat,3835.0,3535.0,300.0
SY,Syria,2003,maize,1200.0,200.0,1000.0
SY,Syria,2003,rice,218.0,0.0,0.0
SY,Syria,2003,wheat,3873.0,3473.0,400.0
SY,Syria,2004,maize,1600.0,400.0,1200.0
SY,Syria,2004,rice,232.0,0.0,0.0
SY,Syria,2004,wheat,4097.0,3697.0,400.0
SY,Syria,2005,maize,1600.0,400.0,1200.0
SY,Syria,2005,rice,214.0,0.0,0.0
SY,Syria,2005,wheat,4069.0,3669.0,400.0
SY,Syria,2006,maize,1700.0,400.0,1300.0
SY,Syria,2006,rice,235.0,0.0,0.0
SY,Syria,2006,wheat,4350.0,3950.0,400.0
SY,Syria,2007,maize,1900.0,400.0,1500.0
SY,Syria,2007,rice,205.0,0.0,0.0
SY,Syria,2007,wheat,4500.0,4100.0,400.0
SY,Syria,2008,maize,2000.0,400.0,1600.0
SY,Syria,2008,rice,240.0,0.0,0.0
SY,Syria,2008,wheat,4700.0,4300.0,400.0
SY,Syria,2009,maize,2200.0,450.0,1750.0
SY,Syria,2009,rice,300.0,0.0,0.0
SY,Syria,2009,wheat,4750.0,4350.0,400.0
SY,Syria,2010,maize,2000.0,450.0,1550.0
SY,Syria,2010,rice,250.0,0.0,0.0
SY,Syria,2010,wheat,4600.0,4200.0,400.0
SY,Syria,2011,maize,1700.0,400.0,1300.0
SY,Syria,2011,rice,260.0,0.0,0.0
SY,Syria,2011,wheat,4625.0,4225.0,400.0
SY,Syria,2012,maize,900.0,300.0,600.0
SY,Syria,2012,rice,179.0,0.0,0.0
SY,Syria,2012,wheat,4885.0,4260.0,625.0
SY,Syria,2013,maize,500.0,200.0,300.0
SY,Syria,2013,rice,220.0,0.0,0.0
SY,Syria,2013,wheat,4800.0,4000.0,800.0
SY,Syria,2014,maize,500.0,200.0,300.0
SY,Syria,2014,rice,200.0,0.0,0.0
SY,Syria,2014,wheat,4600.0,4000.0,600.0
SY,Syria,2015,maize,450.0,200.0,250.0
SY,Syria,2015,rice,150.0,0.0,0.0
SY,Syria,2015,wheat,4400.0,3800.0,600.0
SY,Syria,2016,maize,450.0,200.0,250.0
SY,Syria,2016,rice,150.0,0.0,0.0
SY,Syria,2016,wheat,4000.0,3500.0,500.0
SY,Syria,2017,maize,375.0,200.0,175.0
SY,Syria,2017,rice,220.0,0.0,0.0
SY,Syria,2017,wheat,3300.0,3000.0,300.0
SY,Syria,2018,maize,375.0,200.0,175.0
SY,Syria,2018,rice,220.0,0.0,0.0
SY,Syria,2018,wheat,3400.0,3200.0,200.0
SY,Syria,2019,maize,600.0,200.0,400.0
SY,Syria,2019,rice,200.0,0.0,0.0
SY,Syria,2019,wheat,4200.0,3300.0,900.0
SY,Syria,2020,maize,500.0,200.0,300.0
SY,Syria,2020,rice,210.0,0.0,0.0
SY,Syria,2020,wheat,4300.0,3400.0,900.0
SY,Syria,2021,maize,500.0,200.0,300.0
SY,Syria,2021,rice,200.0,0.0,0.0
SY,Syria,2021,wheat,4300.0,3400.0,900.0
SY,Syria,2022,maize,650.0,200.0,450.0
SY,Syria,2022,rice,150.0,0.0,0.0
SY,Syria,2022,wheat,3900.0,3300.0,600.0
SY,Syria,2023,maize,575.0,200.0,375.0
SY,Syria,2023,rice,150.0,0.0,0.0
SY,Syria,2023,wheat,4100.0,3500.0,600.0
SY,Syria,2024,maize,1000.0,400.0,600.0
SY,Syria,2024,rice,150.0,0.0,0.0
SY,Syria,2024,wheat,4200.0,3600.0,600.0
SY,Syria,2025,maize,700.0,300.0,400.0
SY,Syria,2025,rice,155.0,0.0,0.0
SY,Syria,2025,wheat,3900.0,3600.0,300.0
SY,Syria,2026,maize,800.0,200.0,600.0
SY,Syria,2026,rice,155.0,0.0,0.0
SY,Syria,2026,wheat,4200.0,3700.0,500.0
SZ,Switzerland,1960,maize,72.0,16.0,56.0
SZ,Switzerland,1960,rice,19.0,0.0,0.0
SZ,Switzerland,1960,wheat,715.0,614.0,101.0
SZ,Switzerland,1961,maize,91.0,14.0,77.0
SZ,Switzerland,1961,rice,22.0,0.0,0.0
SZ,Switzerland,1961,wheat,565.0,505.0,60.0
SZ,Switzerland,1962,maize,92.0,14.0,78.0
SZ,Switzerland,1962,rice,25.0,0.0,0.0
SZ,Switzerland,1962,wheat,666.0,546.0,120.0
SZ,Switzerland,1963,maize,117.0,14.0,103.0
SZ,Switzerland,1963,rice,23.0,0.0,0.0
SZ,Switzerland,1963,wheat,644.0,568.0,76.0
SZ,Switzerland,1964,maize,138.0,11.0,127.0
SZ,Switzerland,1964,rice,17.0,0.0,0.0
SZ,Switzerland,1964,wheat,410.0,340.0,70.0
SZ,Switzerland,1965,maize,213.0,8.0,205.0
SZ,Switzerland,1965,rice,20.0,0.0,0.0
SZ,Switzerland,1965,wheat,748.0,566.0,182.0
SZ,Switzerland,1966,maize,164.0,8.0,156.0
SZ,Switzerland,1966,rice,24.0,0.0,0.0
SZ,Switzerland,1966,wheat,698.0,529.0,169.0
SZ,Switzerland,1967,maize,139.0,7.0,132.0
SZ,Switzerland,1967,rice,20.0,0.0,0.0
SZ,Switzerland,1967,wheat,660.0,479.0,181.0
SZ,Switzerland,1968,maize,132.0,10.0,122.0
SZ,Switzerland,1968,rice,17.0,0.0,0.0
SZ,Switzerland,1968,wheat,818.0,587.0,231.0
SZ,Switzerland,1969,maize,215.0,12.0,203.0
SZ,Switzerland,1969,rice,21.0,0.0,0.0
SZ,Switzerland,1969,wheat,847.0,592.0,255.0
SZ,Switzerland,1970,maize,260.0,7.0,253.0
SZ,Switzerland,1970,rice,13.0,0.0,0.0
SZ,Switzerland,1970,wheat,793.0,602.0,191.0
SZ,Switzerland,1971,maize,299.0,9.0,290.0
SZ,Switzerland,1971,rice,21.0,0.0,0.0
SZ,Switzerland,1971,wheat,805.0,599.0,206.0
SZ,Switzerland,1972,maize,330.0,10.0,320.0
SZ,Switzerland,1972,rice,21.0,0.0,0.0
SZ,Switzerland,1972,wheat,750.0,541.0,209.0
SZ,Switzerland,1973,maize,411.0,11.0,400.0
SZ,Switzerland,1973,rice,23.0,0.0,0.0
SZ,Switzerland,1973,wheat,589.0,539.0,50.0
SZ,Switzerland,1974,maize,383.0,38.0,345.0
SZ,Switzerland,1974,rice,17.0,0.0,0.0
SZ,Switzerland,1974,wheat,765.0,639.0,126.0
SZ,Switzerland,1975,maize,372.0,7.0,365.0
SZ,Switzerland,1975,rice,18.0,0.0,0.0
SZ,Switzerland,1975,wheat,571.0,511.0,60.0
SZ,Switzerland,1976,maize,372.0,7.0,365.0
SZ,Switzerland,1976,rice,22.0,0.0,0.0
SZ,Switzerland,1976,wheat,618.0,448.0,170.0
SZ,Switzerland,1977,maize,337.0,7.0,330.0
SZ,Switzerland,1977,rice,29.0,0.0,0.0
SZ,Switzerland,1977,wheat,561.0,455.0,106.0
SZ,Switzerland,1978,maize,347.0,7.0,340.0
SZ,Switzerland,1978,rice,24.0,0.0,0.0
SZ,Switzerland,1978,wheat,617.0,457.0,160.0
SZ,Switzerland,1979,maize,367.0,7.0,360.0
SZ,Switzerland,1979,rice,25.0,0.0,0.0
SZ,Switzerland,1979,wheat,648.0,490.0,158.0
SZ,Switzerland,1980,maize,354.0,12.0,342.0
SZ,Switzerland,1980,rice,21.0,0.0,0.0
SZ,Switzerland,1980,wheat,738.0,568.0,170.0
SZ,Switzerland,1981,maize,430.0,7.0,423.0
SZ,Switzerland,1981,rice,23.0,0.0,0.0
SZ,Switzerland,1981,wheat,652.0,482.0,170.0
SZ,Switzerland,1982,maize,398.0,4.0,394.0
SZ,Switzerland,1982,rice,24.0,0.0,0.0
SZ,Switzerland,1982,wheat,630.0,470.0,160.0
SZ,Switzerland,1983,maize,382.0,5.0,377.0
SZ,Switzerland,1983,rice,24.0,0.0,0.0
SZ,Switzerland,1983,wheat,759.0,496.0,263.0
SZ,Switzerland,1984,maize,375.0,10.0,365.0
SZ,Switzerland,1984,rice,25.0,0.0,0.0
SZ,Switzerland,1984,wheat,780.0,587.0,193.0
SZ,Switzerland,1985,maize,346.0,6.0,340.0
SZ,Switzerland,1985,rice,25.0,0.0,0.0
SZ,Switzerland,1985,wheat,760.0,561.0,199.0
SZ,Switzerland,1986,maize,346.0,9.0,337.0
SZ,Switzerland,1986,rice,110.0,0.0,0.0
SZ,Switzerland,1986,wheat,760.0,550.0,210.0
SZ,Switzerland,1987,maize,346.0,5.0,341.0
SZ,Switzerland,1987,rice,37.0,0.0,0.0
SZ,Switzerland,1987,wheat,727.0,527.0,200.0
SZ,Switzerland,1988,maize,378.0,8.0,370.0
SZ,Switzerland,1988,rice,54.0,0.0,0.0
SZ,Switzerland,1988,wheat,778.0,566.0,212.0
SZ,Switzerland,1989,maize,313.0,13.0,300.0
SZ,Switzerland,1989,rice,50.0,0.0,0.0
SZ,Switzerland,1989,wheat,796.0,565.0,231.0
SZ,Switzerland,1990,maize,283.0,13.0,270.0
SZ,Switzerland,1990,rice,42.0,0.0,0.0
SZ,Switzerland,1990,wheat,747.0,495.0,252.0
SZ,Switzerland,1991,maize,256.0,4.0,252.0
SZ,Switzerland,1991,rice,48.0,0.0,0.0
SZ,Switzerland,1991,wheat,785.0,537.0,248.0
SZ,Switzerland,1992,maize,383.0,4.0,379.0
SZ,Switzerland,1992,rice,55.0,0.0,0.0
SZ,Switzerland,1992,wheat,830.0,599.0,231.0
SZ,Switzerland,1993,maize,327.0,4.0,323.0
SZ,Switzerland,1993,rice,53.0,0.0,0.0
SZ,Switzerland,1993,wheat,796.0,546.0,250.0
SZ,Switzerland,1994,maize,265.0,17.0,248.0
SZ,Switzerland,1994,rice,47.0,0.0,0.0
SZ,Switzerland,1994,wheat,792.0,542.0,250.0
SZ,Switzerland,1995,maize,268.0,4.0,264.0
SZ,Switzerland,1995,rice,49.0,0.0,0.0
SZ,Switzerland,1995,wheat,807.0,557.0,250.0
SZ,Switzerland,1996,maize,260.0,20.0,240.0
SZ,Switzerland,1996,rice,50.0,0.0,0.0
SZ,Switzerland,1996,wheat,774.0,549.0,225.0
SZ,Switzerland,1997,maize,260.0,20.0,240.0
SZ,Switzerland,1997,rice,48.0,0.0,0.0
SZ,Switzerland,1997,wheat,722.0,522.0,200.0
SZ,Switzerland,1998,maize,260.0,20.0,240.0
SZ,Switzerland,1998,rice,50.0,0.0,0.0
SZ,Switzerland,1998,wheat,751.0,501.0,250.0
SZ,Switzerland,1999,maize,240.0,10.0,230.0
SZ,Switzerland,1999,rice,53.0,0.0,0.0
SZ,Switzerland,1999,wheat,778.0,428.0,350.0
SZ,Switzerland,2000,maize,250.0,10.0,240.0
SZ,Switzerland,2000,rice,55.0,0.0,0.0
SZ,Switzerland,2000,wheat,786.0,486.0,300.0
SZ,Switzerland,2001,maize,250.0,10.0,240.0
SZ,Switzerland,2001,rice,53.0,0.0,0.0
SZ,Switzerland,2001,wheat,850.0,500.0,350.0
SZ,Switzerland,2002,maize,260.0,10.0,250.0
SZ,Switzerland,2002,rice,65.0,0.0,0.0
SZ,Switzerland,2002,wheat,825.0,525.0,300.0
SZ,Switzerland,2003,maize,235.0,10.0,225.0
SZ,Switzerland,2003,rice,70.0,0.0,0.0
SZ,Switzerland,2003,wheat,750.0,550.0,200.0
SZ,Switzerland,2004,maize,235.0,10.0,225.0
SZ,Switzerland,2004,rice,75.0,0.0,0.0
SZ,Switzerland,2004,wheat,775.0,575.0,200.0
SZ,Switzerland,2005,maize,260.0,10.0,250.0
SZ,Switzerland,2005,rice,80.0,0.0,0.0
SZ,Switzerland,2005,wheat,825.0,600.0,225.0
SZ,Switzerland,2006,maize,260.0,10.0,250.0
SZ,Switzerland,2006,rice,106.0,0.0,0.0
SZ,Switzerland,2006,wheat,850.0,600.0,250.0
SZ,Switzerland,2007,maize,335.0,10.0,325.0
SZ,Switzerland,2007,rice,90.0,0.0,0.0
SZ,Switzerland,2007,wheat,900.0,600.0,300.0
SZ,Switzerland,2008,maize,260.0,10.0,250.0
SZ,Switzerland,2008,rice,95.0,0.0,0.0
SZ,Switzerland,2008,wheat,949.0,624.0,325.0
SZ,Switzerland,2009,maize,285.0,10.0,275.0
SZ,Switzerland,2009,rice,105.0,0.0,0.0
SZ,Switzerland,2009,wheat,950.0,625.0,325.0
SZ,Switzerland,2010,maize,260.0,10.0,250.0
SZ,Switzerland,2010,rice,115.0,0.0,0.0
SZ,Switzerland,2010,wheat,950.0,625.0,325.0
SZ,Switzerland,2011,maize,310.0,10.0,300.0
SZ,Switzerland,2011,rice,124.0,0.0,0.0
SZ,Switzerland,2011,wheat,975.0,650.0,325.0
SZ,Switzerland,2012,maize,240.0,10.0,230.0
SZ,Switzerland,2012,rice,130.0,0.0,0.0
SZ,Switzerland,2012,wheat,975.0,650.0,325.0
SZ,Switzerland,2013,maize,310.0,10.0,300.0
SZ,Switzerland,2013,rice,140.0,0.0,0.0
SZ,Switzerland,2013,wheat,975.0,650.0,325.0
SZ,Switzerland,2014,maize,285.0,10.0,275.0
SZ,Switzerland,2014,rice,144.0,0.0,0.0
SZ,Switzerland,2014,wheat,975.0,650.0,325.0
SZ,Switzerland,2015,maize,270.0,10.0,260.0
SZ,Switzerland,2015,rice,133.0,0.0,0.0
SZ,Switzerland,2015,wheat,980.0,655.0,325.0
SZ,Switzerland,2016,maize,285.0,10.0,275.0
SZ,Switzerland,2016,rice,129.0,0.0,0.0
SZ,Switzerland,2016,wheat,965.0,655.0,310.0
SZ,Switzerland,2017,maize,285.0,10.0,275.0
SZ,Switzerland,2017,rice,110.0,0.0,0.0
SZ,Switzerland,2017,wheat,980.0,655.0,325.0
SZ,Switzerland,2018,maize,290.0,10.0,280.0
SZ,Switzerland,2018,rice,115.0,0.0,0.0
SZ,Switzerland,2018,wheat,975.0,655.0,320.0
SZ,Switzerland,2019,maize,320.0,10.0,310.0
SZ,Switzerland,2019,rice,120.0,0.0,0.0
SZ,Switzerland,2019,wheat,985.0,665.0,320.0
SZ,Switzerland,2020,maize,330.0,10.0,320.0
SZ,Switzerland,2020,rice,118.0,0.0,0.0
SZ,Switzerland,2020,wheat,980.0,670.0,310.0
SZ,Switzerland,2021,maize,330.0,10.0,320.0
SZ,Switzerland,2021,rice,91.0,0.0,0.0
SZ,Switzerland,2021,wheat,1000.0,680.0,320.0
SZ,Switzerland,2022,maize,370.0,10.0,360.0
SZ,Switzerland,2022,rice,87.0,0.0,0.0
SZ,Switzerland,2022,wheat,1030.0,690.0,340.0
SZ,Switzerland,2023,maize,360.0,10.0,350.0
SZ,Switzerland,2023,rice,95.0,0.0,0.0
SZ,Switzerland,2023,wheat,1035.0,695.0,340.0
SZ,Switzerland,2024,maize,360.0,10.0,350.0
SZ,Switzerland,2024,rice,100.0,0.0,0.0
SZ,Switzerland,2024,wheat,1040.0,700.0,340.0
SZ,Switzerland,2025,maize,340.0,10.0,330.0
SZ,Switzerland,2025,rice,105.0,0.0,0.0
SZ,Switzerland,2025,wheat,1060.0,720.0,340.0
SZ,Switzerland,2026,maize,360.0,10.0,350.0
SZ,Switzerland,2026,rice,110.0,0.0,0.0
SZ,Switzerland,2026,wheat,1090.0,750.0,340.0
TC,United Arab Emirates,1969,rice,0.0,0.0,0.0
TC,United Arab Emirates,1970,rice,14.0,0.0,0.0
TC,United Arab Emirates,1971,rice,21.0,0.0,0.0
TC,United Arab Emirates,1971,wheat,37.0,37.0,0.0
TC,United Arab Emirates,1972,rice,14.0,0.0,0.0
TC,United Arab Emirates,1972,wheat,37.0,37.0,0.0
TC,United Arab Emirates,1973,rice,5.0,0.0,0.0
TC,United Arab Emirates,1973,wheat,53.0,53.0,0.0
TC,United Arab Emirates,1974,rice,34.0,0.0,0.0
TC,United Arab Emirates,1974,wheat,66.0,66.0,0.0
TC,United Arab Emirates,1975,rice,39.0,0.0,0.0
TC,United Arab Emirates,1975,wheat,104.0,104.0,0.0
TC,United Arab Emirates,1976,rice,79.0,0.0,0.0
TC,United Arab Emirates,1976,wheat,92.0,92.0,0.0
TC,United Arab Emirates,1977,rice,50.0,0.0,0.0
TC,United Arab Emirates,1977,wheat,87.0,87.0,0.0
TC,United Arab Emirates,1978,rice,50.0,0.0,0.0
TC,United Arab Emirates,1978,wheat,73.0,73.0,0.0
TC,United Arab Emirates,1979,rice,50.0,0.0,0.0
TC,United Arab Emirates,1979,wheat,65.0,65.0,0.0
TC,United Arab Emirates,1980,rice,50.0,0.0,0.0
TC,United Arab Emirates,1980,wheat,85.0,85.0,0.0
TC,United Arab Emirates,1981,rice,54.0,0.0,0.0
TC,United Arab Emirates,1981,wheat,133.0,133.0,0.0
TC,United Arab Emirates,1982,rice,55.0,0.0,0.0
TC,United Arab Emirates,1982,wheat,100.0,100.0,0.0
TC,United Arab Emirates,1983,rice,55.0,0.0,0.0
TC,United Arab Emirates,1983,wheat,174.0,174.0,0.0
TC,United Arab Emirates,1984,rice,55.0,0.0,0.0
TC,United Arab Emirates,1984,wheat,210.0,210.0,0.0
TC,United Arab Emirates,1985,rice,55.0,0.0,0.0
TC,United Arab Emirates,1985,wheat,148.0,148.0,0.0
TC,United Arab Emirates,1986,rice,60.0,0.0,0.0
TC,United Arab Emirates,1986,wheat,190.0,190.0,0.0
TC,United Arab Emirates,1987,rice,61.0,0.0,0.0
TC,United Arab Emirates,1987,wheat,116.0,116.0,0.0
TC,United Arab Emirates,1988,rice,60.0,0.0,0.0
TC,United Arab Emirates,1988,wheat,141.0,141.0,0.0
TC,United Arab Emirates,1989,rice,65.0,0.0,0.0
TC,United Arab Emirates,1989,wheat,198.0,198.0,0.0
TC,United Arab Emirates,1990,rice,57.0,0.0,0.0
TC,United Arab Emirates,1990,wheat,447.0,447.0,0.0
TC,United Arab Emirates,1991,rice,67.0,0.0,0.0
TC,United Arab Emirates,1991,wheat,201.0,201.0,0.0
TC,United Arab Emirates,1992,rice,72.0,0.0,0.0
TC,United Arab Emirates,1992,wheat,365.0,365.0,0.0
TC,United Arab Emirates,1993,rice,73.0,0.0,0.0
TC,United Arab Emirates,1993,wheat,361.0,361.0,0.0
TC,United Arab Emirates,1994,rice,87.0,0.0,0.0
TC,United Arab Emirates,1994,wheat,272.0,272.0,0.0
TC,United Arab Emirates,1995,rice,75.0,0.0,0.0
TC,United Arab Emirates,1995,wheat,501.0,501.0,0.0
TC,United Arab Emirates,1996,rice,75.0,0.0,0.0
TC,United Arab Emirates,1996,wheat,893.0,893.0,0.0
TC,United Arab Emirates,1997,rice,75.0,0.0,0.0
TC,United Arab Emirates,1997,wheat,704.0,704.0,0.0
TC,United Arab Emirates,1998,rice,75.0,0.0,0.0
TC,United Arab Emirates,1998,wheat,679.0,679.0,0.0
TC,United Arab Emirates,1999,rice,75.0,0.0,0.0
TC,United Arab Emirates,1999,wheat,886.0,886.0,0.0
TC,United Arab Emirates,2000,rice,75.0,0.0,0.0
TC,United Arab Emirates,2000,wheat,601.0,601.0,0.0
TC,United Arab Emirates,2001,rice,80.0,0.0,0.0
TC,United Arab Emirates,2001,wheat,674.0,674.0,0.0
TC,United Arab Emirates,2002,rice,80.0,0.0,0.0
TC,United Arab Emirates,2002,wheat,610.0,610.0,0.0
TC,United Arab Emirates,2003,rice,80.0,0.0,0.0
TC,United Arab Emirates,2003,wheat,635.0,635.0,0.0
TC,United Arab Emirates,2004,rice,250.0,0.0,0.0
TC,United Arab Emirates,2004,wheat,713.0,713.0,0.0
TC,United Arab Emirates,2005,rice,250.0,0.0,0.0
TC,United Arab Emirates,2005,wheat,701.0,701.0,0.0
TC,United Arab Emirates,2006,rice,285.0,0.0,0.0
TC,United Arab Emirates,2006,wheat,597.0,597.0,0.0
TC,United Arab Emirates,2007,rice,350.0,0.0,0.0
TC,United Arab Emirates,2007,wheat,644.0,644.0,0.0
TC,United Arab Emirates,2008,rice,400.0,0.0,0.0
TC,United Arab Emirates,2008,wheat,850.0,750.0,100.0
TC,United Arab Emirates,2009,rice,450.0,0.0,0.0
TC,United Arab Emirates,2009,wheat,800.0,800.0,0.0
TC,United Arab Emirates,2010,rice,480.0,0.0,0.0
TC,United Arab Emirates,2010,wheat,850.0,750.0,100.0
TC,United Arab Emirates,2011,rice,520.0,0.0,0.0
TC,United Arab Emirates,2011,wheat,1000.0,900.0,100.0
TC,United Arab Emirates,2012,rice,540.0,0.0,0.0
TC,United Arab Emirates,2012,wheat,1200.0,1100.0,100.0
TC,United Arab Emirates,2013,rice,560.0,0.0,0.0
TC,United Arab Emirates,2013,wheat,1225.0,1125.0,100.0
TC,United Arab Emirates,2014,rice,580.0,0.0,0.0
TC,United Arab Emirates,2014,wheat,1250.0,1150.0,100.0
TC,United Arab Emirates,2015,rice,670.0,0.0,0.0
TC,United Arab Emirates,2015,wheat,1300.0,1200.0,100.0
TC,United Arab Emirates,2016,maize,360.0,0.0,360.0
TC,United Arab Emirates,2016,rice,700.0,0.0,0.0
TC,United Arab Emirates,2016,wheat,1400.0,1300.0,100.0
TC,United Arab Emirates,2017,maize,450.0,0.0,450.0
TC,United Arab Emirates,2017,rice,775.0,0.0,0.0
TC,United Arab Emirates,2017,wheat,1600.0,1450.0,150.0
TC,United Arab Emirates,2018,maize,570.0,0.0,570.0
TC,United Arab Emirates,2018,rice,800.0,0.0,0.0
TC,United Arab Emirates,2018,wheat,1550.0,1450.0,100.0
TC,United Arab Emirates,2019,maize,630.0,0.0,630.0
TC,United Arab Emirates,2019,rice,750.0,0.0,0.0
TC,United Arab Emirates,2019,wheat,1625.0,1475.0,150.0
TC,United Arab Emirates,2020,maize,620.0,0.0,620.0
TC,United Arab Emirates,2020,rice,750.0,0.0,0.0
TC,United Arab Emirates,2020,wheat,1525.0,1400.0,125.0
TC,United Arab Emirates,2021,maize,390.0,0.0,390.0
TC,United Arab Emirates,2021,rice,875.0,0.0,0.0
TC,United Arab Emirates,2021,wheat,1525.0,1400.0,125.0
TC,United Arab Emirates,2022,maize,423.0,0.0,423.0
TC,United Arab Emirates,2022,rice,900.0,0.0,0.0
TC,United Arab Emirates,2022,wheat,1650.0,1500.0,150.0
TC,United Arab Emirates,2023,maize,731.0,0.0,731.0
TC,United Arab Emirates,2023,rice,925.0,0.0,0.0
TC,United Arab Emirates,2023,wheat,1650.0,1500.0,150.0
TC,United Arab Emirates,2024,maize,572.0,0.0,572.0
TC,United Arab Emirates,2024,rice,1000.0,0.0,0.0
TC,United Arab Emirates,2024,wheat,1700.0,1550.0,150.0
TC,United Arab Emirates,2025,maize,600.0,0.0,600.0
TC,United Arab Emirates,2025,rice,1050.0,0.0,0.0
TC,United Arab Emirates,2025,wheat,1700.0,1550.0,150.0
TC,United Arab Emirates,2026,maize,600.0,0.0,600.0
TC,United Arab Emirates,2026,rice,1050.0,0.0,0.0
TC,United Arab Emirates,2026,wheat,1700.0,1550.0,150.0
TD,Trinidad and Tobago,1960,maize,14.0,14.0,0.0
TD,Trinidad and Tobago,1960,rice,33.0,0.0,0.0
TD,Trinidad and Tobago,1960,wheat,82.0,82.0,0.0
TD,Trinidad and Tobago,1961,maize,11.0,11.0,0.0
TD,Trinidad and Tobago,1961,rice,39.0,0.0,0.0
TD,Trinidad and Tobago,1961,wheat,82.0,82.0,0.0
TD,Trinidad and Tobago,1962,maize,13.0,13.0,0.0
TD,Trinidad and Tobago,1962,rice,35.0,0.0,0.0
TD,Trinidad and Tobago,1962,wheat,96.0,96.0,0.0
TD,Trinidad and Tobago,1963,maize,22.0,22.0,0.0
TD,Trinidad and Tobago,1963,rice,37.0,0.0,0.0
TD,Trinidad and Tobago,1963,wheat,96.0,96.0,0.0
TD,Trinidad and Tobago,1964,maize,28.0,28.0,0.0
TD,Trinidad and Tobago,1964,rice,38.0,0.0,0.0
TD,Trinidad and Tobago,1964,wheat,106.0,106.0,0.0
TD,Trinidad and Tobago,1965,maize,32.0,32.0,0.0
TD,Trinidad and Tobago,1965,rice,39.0,0.0,0.0
TD,Trinidad and Tobago,1965,wheat,90.0,90.0,0.0
TD,Trinidad and Tobago,1966,maize,35.0,35.0,0.0
TD,Trinidad and Tobago,1966,rice,37.0,0.0,0.0
TD,Trinidad and Tobago,1966,wheat,87.0,87.0,0.0
TD,Trinidad and Tobago,1967,maize,46.0,46.0,0.0
TD,Trinidad and Tobago,1967,rice,34.0,0.0,0.0
TD,Trinidad and Tobago,1967,wheat,91.0,91.0,0.0
TD,Trinidad and Tobago,1968,maize,45.0,45.0,0.0
TD,Trinidad and Tobago,1968,rice,37.0,0.0,0.0
TD,Trinidad and Tobago,1968,wheat,83.0,83.0,0.0
TD,Trinidad and Tobago,1969,maize,54.0,54.0,0.0
TD,Trinidad and Tobago,1969,rice,34.0,0.0,0.0
TD,Trinidad and Tobago,1969,wheat,99.0,99.0,0.0
TD,Trinidad and Tobago,1970,maize,47.0,47.0,0.0
TD,Trinidad and Tobago,1970,rice,41.0,0.0,0.0
TD,Trinidad and Tobago,1970,wheat,87.0,87.0,0.0
TD,Trinidad and Tobago,1971,maize,58.0,58.0,0.0
TD,Trinidad and Tobago,1971,rice,37.0,0.0,0.0
TD,Trinidad and Tobago,1971,wheat,87.0,87.0,0.0
TD,Trinidad and Tobago,1972,maize,35.0,35.0,0.0
TD,Trinidad and Tobago,1972,rice,33.0,0.0,0.0
TD,Trinidad and Tobago,1972,wheat,103.0,103.0,0.0
TD,Trinidad and Tobago,1973,maize,59.0,59.0,0.0
TD,Trinidad and Tobago,1973,rice,42.0,0.0,0.0
TD,Trinidad and Tobago,1973,wheat,98.0,98.0,0.0
TD,Trinidad and Tobago,1974,maize,64.0,64.0,0.0
TD,Trinidad and Tobago,1974,rice,36.0,0.0,0.0
TD,Trinidad and Tobago,1974,wheat,78.0,78.0,0.0
TD,Trinidad and Tobago,1975,maize,66.0,3.0,63.0
TD,Trinidad and Tobago,1975,rice,44.0,0.0,0.0
TD,Trinidad and Tobago,1975,wheat,116.0,116.0,0.0
TD,Trinidad and Tobago,1976,maize,73.0,5.0,68.0
TD,Trinidad and Tobago,1976,rice,48.0,0.0,0.0
TD,Trinidad and Tobago,1976,wheat,99.0,99.0,0.0
TD,Trinidad and Tobago,1977,maize,75.0,0.0,75.0
TD,Trinidad and Tobago,1977,rice,41.0,0.0,0.0
TD,Trinidad and Tobago,1977,wheat,110.0,110.0,0.0
TD,Trinidad and Tobago,1978,maize,77.0,0.0,77.0
TD,Trinidad and Tobago,1978,rice,43.0,0.0,0.0
TD,Trinidad and Tobago,1978,wheat,97.0,97.0,0.0
TD,Trinidad and Tobago,1979,maize,93.0,0.0,93.0
TD,Trinidad and Tobago,1979,rice,41.0,0.0,0.0
TD,Trinidad and Tobago,1979,wheat,102.0,102.0,0.0
TD,Trinidad and Tobago,1980,maize,102.0,0.0,102.0
TD,Trinidad and Tobago,1980,rice,74.0,0.0,0.0
TD,Trinidad and Tobago,1980,wheat,125.0,125.0,0.0
TD,Trinidad and Tobago,1981,maize,109.0,0.0,109.0
TD,Trinidad and Tobago,1981,rice,75.0,0.0,0.0
TD,Trinidad and Tobago,1981,wheat,92.0,92.0,0.0
TD,Trinidad and Tobago,1982,maize,90.0,0.0,90.0
TD,Trinidad and Tobago,1982,rice,33.0,0.0,0.0
TD,Trinidad and Tobago,1982,wheat,110.0,110.0,0.0
TD,Trinidad and Tobago,1983,maize,125.0,0.0,125.0
TD,Trinidad and Tobago,1983,rice,36.0,0.0,0.0
TD,Trinidad and Tobago,1983,wheat,116.0,116.0,0.0
TD,Trinidad and Tobago,1984,maize,115.0,0.0,115.0
TD,Trinidad and Tobago,1984,rice,38.0,0.0,0.0
TD,Trinidad and Tobago,1984,wheat,114.0,114.0,0.0
TD,Trinidad and Tobago,1985,maize,105.0,25.0,80.0
TD,Trinidad and Tobago,1985,rice,49.0,0.0,0.0
TD,Trinidad and Tobago,1985,wheat,110.0,110.0,0.0
TD,Trinidad and Tobago,1986,maize,106.0,0.0,106.0
TD,Trinidad and Tobago,1986,rice,55.0,0.0,0.0
TD,Trinidad and Tobago,1986,wheat,126.0,126.0,0.0
TD,Trinidad and Tobago,1987,maize,119.0,0.0,119.0
TD,Trinidad and Tobago,1987,rice,49.0,0.0,0.0
TD,Trinidad and Tobago,1987,wheat,134.0,134.0,0.0
TD,Trinidad and Tobago,1988,maize,118.0,0.0,118.0
TD,Trinidad and Tobago,1988,rice,60.0,0.0,0.0
TD,Trinidad and Tobago,1988,wheat,98.0,98.0,0.0
TD,Trinidad and Tobago,1989,maize,112.0,0.0,112.0
TD,Trinidad and Tobago,1989,rice,51.0,0.0,0.0
TD,Trinidad and Tobago,1989,wheat,122.0,122.0,0.0
TD,Trinidad and Tobago,1990,maize,103.0,0.0,103.0
TD,Trinidad and Tobago,1990,rice,53.0,0.0,0.0
TD,Trinidad and Tobago,1990,wheat,124.0,124.0,0.0
TD,Trinidad and Tobago,1991,maize,105.0,0.0,105.0
TD,Trinidad and Tobago,1991,rice,56.0,0.0,0.0
TD,Trinidad and Tobago,1991,wheat,127.0,127.0,0.0
TD,Trinidad and Tobago,1992,maize,101.0,0.0,101.0
TD,Trinidad and Tobago,1992,rice,54.0,0.0,0.0
TD,Trinidad and Tobago,1992,wheat,136.0,136.0,0.0
TD,Trinidad and Tobago,1993,maize,92.0,0.0,92.0
TD,Trinidad and Tobago,1993,rice,39.0,0.0,0.0
TD,Trinidad and Tobago,1993,wheat,131.0,131.0,0.0
TD,Trinidad and Tobago,1994,maize,97.0,0.0,97.0
TD,Trinidad and Tobago,1994,rice,54.0,0.0,0.0
TD,Trinidad and Tobago,1994,wheat,133.0,133.0,0.0
TD,Trinidad and Tobago,1995,maize,101.0,0.0,101.0
TD,Trinidad and Tobago,1995,rice,53.0,0.0,0.0
TD,Trinidad and Tobago,1995,wheat,129.0,129.0,0.0
TD,Trinidad and Tobago,1996,maize,78.0,0.0,78.0
TD,Trinidad and Tobago,1996,rice,66.0,0.0,0.0
TD,Trinidad and Tobago,1996,wheat,127.0,127.0,0.0
TD,Trinidad and Tobago,1997,maize,93.0,0.0,93.0
TD,Trinidad and Tobago,1997,rice,52.0,0.0,0.0
TD,Trinidad and Tobago,1997,wheat,127.0,127.0,0.0
TD,Trinidad and Tobago,1998,maize,91.0,0.0,91.0
TD,Trinidad and Tobago,1998,rice,52.0,0.0,0.0
TD,Trinidad and Tobago,1998,wheat,125.0,125.0,0.0
TD,Trinidad and Tobago,1999,maize,106.0,0.0,106.0
TD,Trinidad and Tobago,1999,rice,51.0,0.0,0.0
TD,Trinidad and Tobago,1999,wheat,127.0,127.0,0.0
TD,Trinidad and Tobago,2000,maize,100.0,0.0,100.0
TD,Trinidad and Tobago,2000,rice,42.0,0.0,0.0
TD,Trinidad and Tobago,2000,wheat,138.0,138.0,0.0
TD,Trinidad and Tobago,2001,maize,109.0,0.0,109.0
TD,Trinidad and Tobago,2001,rice,24.0,0.0,0.0
TD,Trinidad and Tobago,2001,wheat,140.0,140.0,0.0
TD,Trinidad and Tobago,2002,maize,111.0,0.0,111.0
TD,Trinidad and Tobago,2002,rice,32.0,0.0,0.0
TD,Trinidad and Tobago,2002,wheat,145.0,145.0,0.0
TD,Trinidad and Tobago,2003,maize,104.0,0.0,104.0
TD,Trinidad and Tobago,2003,rice,29.0,0.0,0.0
TD,Trinidad and Tobago,2003,wheat,115.0,115.0,0.0
TD,Trinidad and Tobago,2004,maize,100.0,0.0,100.0
TD,Trinidad and Tobago,2004,rice,32.0,0.0,0.0
TD,Trinidad and Tobago,2004,wheat,155.0,155.0,0.0
TD,Trinidad and Tobago,2005,maize,110.0,0.0,110.0
TD,Trinidad and Tobago,2005,rice,30.0,0.0,0.0
TD,Trinidad and Tobago,2005,wheat,125.0,125.0,0.0
TD,Trinidad and Tobago,2006,maize,110.0,0.0,110.0
TD,Trinidad and Tobago,2006,rice,35.0,0.0,0.0
TD,Trinidad and Tobago,2006,wheat,145.0,145.0,0.0
TD,Trinidad and Tobago,2007,maize,110.0,0.0,110.0
TD,Trinidad and Tobago,2007,rice,32.0,0.0,0.0
TD,Trinidad and Tobago,2007,wheat,120.0,120.0,0.0
TD,Trinidad and Tobago,2008,maize,110.0,0.0,110.0
TD,Trinidad and Tobago,2008,rice,44.0,0.0,0.0
TD,Trinidad and Tobago,2008,wheat,150.0,150.0,0.0
TD,Trinidad and Tobago,2009,maize,110.0,0.0,110.0
TD,Trinidad and Tobago,2009,rice,28.0,0.0,0.0
TD,Trinidad and Tobago,2009,wheat,133.0,133.0,0.0
TD,Trinidad and Tobago,2010,maize,95.0,0.0,95.0
TD,Trinidad and Tobago,2010,rice,28.0,0.0,0.0
TD,Trinidad and Tobago,2010,wheat,128.0,128.0,0.0
TD,Trinidad and Tobago,2011,maize,90.0,0.0,90.0
TD,Trinidad and Tobago,2011,rice,29.0,0.0,0.0
TD,Trinidad and Tobago,2011,wheat,139.0,139.0,0.0
TD,Trinidad and Tobago,2012,maize,95.0,0.0,95.0
TD,Trinidad and Tobago,2012,rice,34.0,0.0,0.0
TD,Trinidad and Tobago,2012,wheat,139.0,139.0,0.0
TD,Trinidad and Tobago,2013,maize,95.0,0.0,95.0
TD,Trinidad and Tobago,2013,rice,30.0,0.0,0.0
TD,Trinidad and Tobago,2013,wheat,137.0,137.0,0.0
TD,Trinidad and Tobago,2014,maize,85.0,0.0,85.0
TD,Trinidad and Tobago,2014,rice,38.0,0.0,0.0
TD,Trinidad and Tobago,2014,wheat,124.0,124.0,0.0
TD,Trinidad and Tobago,2015,maize,100.0,0.0,100.0
TD,Trinidad and Tobago,2015,rice,41.0,0.0,0.0
TD,Trinidad and Tobago,2015,wheat,130.0,130.0,0.0
TD,Trinidad and Tobago,2016,maize,95.0,0.0,95.0
TD,Trinidad and Tobago,2016,rice,25.0,0.0,0.0
TD,Trinidad and Tobago,2016,wheat,128.0,128.0,0.0
TD,Trinidad and Tobago,2017,maize,95.0,0.0,95.0
TD,Trinidad and Tobago,2017,rice,26.0,0.0,0.0
TD,Trinidad and Tobago,2017,wheat,135.0,135.0,0.0
TD,Trinidad and Tobago,2018,maize,100.0,0.0,100.0
TD,Trinidad and Tobago,2018,rice,33.0,0.0,0.0
TD,Trinidad and Tobago,2018,wheat,141.0,141.0,0.0
TD,Trinidad and Tobago,2019,maize,81.0,0.0,81.0
TD,Trinidad and Tobago,2019,rice,33.0,0.0,0.0
TD,Trinidad and Tobago,2019,wheat,120.0,120.0,0.0
TD,Trinidad and Tobago,2020,maize,90.0,0.0,90.0
TD,Trinidad and Tobago,2020,rice,31.0,0.0,0.0
TD,Trinidad and Tobago,2020,wheat,140.0,140.0,0.0
TD,Trinidad and Tobago,2021,maize,110.0,0.0,110.0
TD,Trinidad and Tobago,2021,rice,31.0,0.0,0.0
TD,Trinidad and Tobago,2021,wheat,133.0,133.0,0.0
TD,Trinidad and Tobago,2022,maize,90.0,0.0,90.0
TD,Trinidad and Tobago,2022,rice,31.0,0.0,0.0
TD,Trinidad and Tobago,2022,wheat,115.0,115.0,0.0
TD,Trinidad and Tobago,2023,maize,95.0,0.0,95.0
TD,Trinidad and Tobago,2023,wheat,114.0,114.0,0.0
TD,Trinidad and Tobago,2024,maize,85.0,0.0,85.0
TD,Trinidad and Tobago,2024,wheat,140.0,140.0,0.0
TD,Trinidad and Tobago,2025,maize,100.0,0.0,100.0
TD,Trinidad and Tobago,2025,wheat,130.0,130.0,0.0
TD,Trinidad and Tobago,2026,maize,100.0,0.0,100.0
TD,Trinidad and Tobago,2026,wheat,125.0,125.0,0.0
TH,Thailand,1960,maize,10.0,8.0,2.0
TH,Thailand,1960,rice,4699.0,0.0,0.0
TH,Thailand,1960,wheat,32.0,32.0,0.0
TH,Thailand,1961,maize,15.0,11.0,4.0
TH,Thailand,1961,rice,5254.0,0.0,0.0
TH,Thailand,1961,wheat,35.0,35.0,0.0
TH,Thailand,1962,maize,15.0,11.0,4.0
TH,Thailand,1962,rice,5837.0,0.0,0.0
TH,Thailand,1962,wheat,32.0,32.0,0.0
TH,Thailand,1963,maize,20.0,14.0,6.0
TH,Thailand,1963,rice,5750.0,0.0,0.0
TH,Thailand,1963,wheat,35.0,35.0,0.0
TH,Thailand,1964,maize,25.0,15.0,10.0
TH,Thailand,1964,rice,5604.0,0.0,0.0
TH,Thailand,1964,wheat,37.0,37.0,0.0
TH,Thailand,1965,maize,29.0,19.0,10.0
TH,Thailand,1965,rice,5737.0,0.0,0.0
TH,Thailand,1965,wheat,45.0,45.0,0.0
TH,Thailand,1966,maize,35.0,20.0,15.0
TH,Thailand,1966,rice,6336.0,0.0,0.0
TH,Thailand,1966,wheat,54.0,54.0,0.0
TH,Thailand,1967,maize,55.0,30.0,25.0
TH,Thailand,1967,rice,4942.0,0.0,0.0
TH,Thailand,1967,wheat,61.0,61.0,0.0
TH,Thailand,1968,maize,104.0,59.0,45.0
TH,Thailand,1968,rice,5173.0,0.0,0.0
TH,Thailand,1968,wheat,63.0,63.0,0.0
TH,Thailand,1969,maize,176.0,91.0,85.0
TH,Thailand,1969,rice,7963.0,0.0,0.0
TH,Thailand,1969,wheat,65.0,65.0,0.0
TH,Thailand,1970,maize,220.0,115.0,105.0
TH,Thailand,1970,rice,7669.0,0.0,0.0
TH,Thailand,1970,wheat,64.0,64.0,0.0
TH,Thailand,1971,maize,280.0,145.0,135.0
TH,Thailand,1971,rice,7013.0,0.0,0.0
TH,Thailand,1971,wheat,79.0,79.0,0.0
TH,Thailand,1972,maize,295.0,155.0,140.0
TH,Thailand,1972,rice,7802.0,0.0,0.0
TH,Thailand,1972,wheat,83.0,83.0,0.0
TH,Thailand,1973,maize,341.0,181.0,160.0
TH,Thailand,1973,rice,8228.0,0.0,0.0
TH,Thailand,1973,wheat,83.0,83.0,0.0
TH,Thailand,1974,maize,500.0,250.0,250.0
TH,Thailand,1974,rice,7425.0,0.0,0.0
TH,Thailand,1974,wheat,81.0,81.0,0.0
TH,Thailand,1975,maize,369.0,63.0,306.0
TH,Thailand,1975,rice,8266.0,0.0,0.0
TH,Thailand,1975,wheat,85.0,85.0,0.0
TH,Thailand,1976,maize,653.0,203.0,450.0
TH,Thailand,1976,rice,7616.0,0.0,0.0
TH,Thailand,1976,wheat,105.0,105.0,0.0
TH,Thailand,1977,maize,477.0,127.0,350.0
TH,Thailand,1977,rice,7518.0,0.0,0.0
TH,Thailand,1977,wheat,145.0,145.0,0.0
TH,Thailand,1978,maize,691.0,191.0,500.0
TH,Thailand,1978,rice,8131.0,0.0,0.0
TH,Thailand,1978,wheat,175.0,175.0,0.0
TH,Thailand,1979,maize,1050.0,300.0,750.0
TH,Thailand,1979,rice,8129.0,0.0,0.0
TH,Thailand,1979,wheat,180.0,180.0,0.0
TH,Thailand,1980,maize,1108.0,64.0,1044.0
TH,Thailand,1980,rice,7955.0,0.0,0.0
TH,Thailand,1980,wheat,190.0,190.0,0.0
TH,Thailand,1981,maize,1050.0,40.0,1010.0
TH,Thailand,1981,rice,8082.0,0.0,0.0
TH,Thailand,1981,wheat,205.0,205.0,0.0
TH,Thailand,1982,maize,1160.0,45.0,1115.0
TH,Thailand,1982,rice,8118.0,0.0,0.0
TH,Thailand,1982,wheat,195.0,195.0,0.0
TH,Thailand,1983,maize,1174.0,42.0,1132.0
TH,Thailand,1983,rice,8273.0,0.0,0.0
TH,Thailand,1983,wheat,195.0,195.0,0.0
TH,Thailand,1984,maize,1290.0,45.0,1245.0
TH,Thailand,1984,rice,8495.0,0.0,0.0
TH,Thailand,1984,wheat,168.0,168.0,0.0
TH,Thailand,1985,maize,1270.0,20.0,1250.0
TH,Thailand,1985,rice,8624.0,0.0,0.0
TH,Thailand,1985,wheat,180.0,180.0,0.0
TH,Thailand,1986,maize,1630.0,30.0,1600.0
TH,Thailand,1986,rice,8343.0,0.0,0.0
TH,Thailand,1986,wheat,126.0,126.0,0.0
TH,Thailand,1987,maize,2000.0,100.0,1900.0
TH,Thailand,1987,rice,8500.0,0.0,0.0
TH,Thailand,1987,wheat,239.0,239.0,0.0
TH,Thailand,1988,maize,2650.0,50.0,2600.0
TH,Thailand,1988,rice,8250.0,0.0,0.0
TH,Thailand,1988,wheat,259.0,229.0,30.0
TH,Thailand,1989,maize,2700.0,50.0,2650.0
TH,Thailand,1989,rice,8567.0,0.0,0.0
TH,Thailand,1989,wheat,361.0,311.0,50.0
TH,Thailand,1990,maize,2740.0,40.0,2700.0
TH,Thailand,1990,rice,8400.0,0.0,0.0
TH,Thailand,1990,wheat,406.0,326.0,80.0
TH,Thailand,1991,maize,3418.0,118.0,3300.0
TH,Thailand,1991,rice,8400.0,0.0,0.0
TH,Thailand,1991,wheat,507.0,407.0,100.0
TH,Thailand,1992,maize,3133.0,33.0,3100.0
TH,Thailand,1992,rice,8500.0,0.0,0.0
TH,Thailand,1992,wheat,573.0,413.0,160.0
TH,Thailand,1993,maize,3023.0,73.0,2950.0
TH,Thailand,1993,rice,8500.0,0.0,0.0
TH,Thailand,1993,wheat,657.0,467.0,190.0
TH,Thailand,1994,maize,3684.0,34.0,3650.0
TH,Thailand,1994,rice,8250.0,0.0,0.0
TH,Thailand,1994,wheat,701.0,501.0,200.0
TH,Thailand,1995,maize,3975.0,75.0,3900.0
TH,Thailand,1995,rice,8443.0,0.0,0.0
TH,Thailand,1995,wheat,583.0,477.0,106.0
TH,Thailand,1996,maize,4185.0,185.0,4000.0
TH,Thailand,1996,rice,8590.0,0.0,0.0
TH,Thailand,1996,wheat,631.0,481.0,150.0
TH,Thailand,1997,maize,3970.0,88.0,3882.0
TH,Thailand,1997,rice,8800.0,0.0,0.0
TH,Thailand,1997,wheat,639.0,429.0,210.0
TH,Thailand,1998,maize,4175.0,75.0,4100.0
TH,Thailand,1998,rice,8900.0,0.0,0.0
TH,Thailand,1998,wheat,712.0,472.0,240.0
TH,Thailand,1999,maize,4275.0,125.0,4150.0
TH,Thailand,1999,rice,9050.0,0.0,0.0
TH,Thailand,1999,wheat,729.0,459.0,270.0
TH,Thailand,2000,maize,4375.0,100.0,4275.0
TH,Thailand,2000,rice,9250.0,0.0,0.0
TH,Thailand,2000,wheat,789.0,479.0,310.0
TH,Thailand,2001,maize,4375.0,100.0,4275.0
TH,Thailand,2001,rice,9400.0,0.0,0.0
TH,Thailand,2001,wheat,820.0,490.0,330.0
TH,Thailand,2002,maize,4100.0,100.0,4000.0
TH,Thailand,2002,rice,9460.0,0.0,0.0
TH,Thailand,2002,wheat,810.0,535.0,275.0
TH,Thailand,2003,maize,3550.0,100.0,3450.0
TH,Thailand,2003,rice,9470.0,0.0,0.0
TH,Thailand,2003,wheat,950.0,680.0,270.0
TH,Thailand,2004,maize,3700.0,100.0,3600.0
TH,Thailand,2004,rice,9480.0,0.0,0.0
TH,Thailand,2004,wheat,1000.0,740.0,260.0
TH,Thailand,2005,maize,4000.0,100.0,3900.0
TH,Thailand,2005,rice,9544.0,0.0,0.0
TH,Thailand,2005,wheat,1050.0,770.0,280.0
TH,Thailand,2006,maize,3600.0,100.0,3500.0
TH,Thailand,2006,rice,9780.0,0.0,0.0
TH,Thailand,2006,wheat,1100.0,800.0,300.0
TH,Thailand,2007,maize,3800.0,100.0,3700.0
TH,Thailand,2007,rice,9600.0,0.0,0.0
TH,Thailand,2007,wheat,970.0,820.0,150.0
TH,Thailand,2008,maize,3800.0,100.0,3700.0
TH,Thailand,2008,rice,9500.0,0.0,0.0
TH,Thailand,2008,wheat,1020.0,820.0,200.0
TH,Thailand,2009,maize,3900.0,100.0,3800.0
TH,Thailand,2009,rice,10200.0,0.0,0.0
TH,Thailand,2009,wheat,1250.0,850.0,400.0
TH,Thailand,2010,maize,4300.0,100.0,4200.0
TH,Thailand,2010,rice,10300.0,0.0,0.0
TH,Thailand,2010,wheat,1500.0,900.0,600.0
TH,Thailand,2011,maize,4600.0,100.0,4500.0
TH,Thailand,2011,rice,10400.0,0.0,0.0
TH,Thailand,2011,wheat,2395.0,920.0,1475.0
TH,Thailand,2012,maize,4800.0,100.0,4700.0
TH,Thailand,2012,rice,10500.0,0.0,0.0
TH,Thailand,2012,wheat,2100.0,1000.0,1100.0
TH,Thailand,2013,maize,4900.0,100.0,4800.0
TH,Thailand,2013,rice,10600.0,0.0,0.0
TH,Thailand,2013,wheat,1870.0,1070.0,800.0
TH,Thailand,2014,maize,5100.0,100.0,5000.0
TH,Thailand,2014,rice,10000.0,0.0,0.0
TH,Thailand,2014,wheat,2980.0,1130.0,1850.0
TH,Thailand,2015,maize,4900.0,100.0,4800.0
TH,Thailand,2015,rice,9100.0,0.0,0.0
TH,Thailand,2015,wheat,4260.0,1160.0,3100.0
TH,Thailand,2016,maize,5100.0,100.0,5000.0
TH,Thailand,2016,rice,12000.0,0.0,0.0
TH,Thailand,2016,wheat,4050.0,1200.0,2850.0
TH,Thailand,2017,maize,5500.0,100.0,5400.0
TH,Thailand,2017,rice,11000.0,0.0,0.0
TH,Thailand,2017,wheat,3075.0,1225.0,1850.0
TH,Thailand,2018,maize,6000.0,100.0,5900.0
TH,Thailand,2018,rice,11800.0,0.0,0.0
TH,Thailand,2018,wheat,2675.0,1275.0,1400.0
TH,Thailand,2019,maize,6200.0,100.0,6100.0
TH,Thailand,2019,rice,12200.0,0.0,0.0
TH,Thailand,2019,wheat,3050.0,1300.0,1750.0
TH,Thailand,2020,maize,7300.0,100.0,7200.0
TH,Thailand,2020,rice,12300.0,0.0,0.0
TH,Thailand,2020,wheat,2960.0,1310.0,1650.0
TH,Thailand,2021,maize,7100.0,100.0,7000.0
TH,Thailand,2021,rice,12300.0,0.0,0.0
TH,Thailand,2021,wheat,2450.0,1250.0,1200.0
TH,Thailand,2022,maize,6450.0,100.0,6350.0
TH,Thailand,2022,rice,12300.0,0.0,0.0
TH,Thailand,2022,wheat,2600.0,1300.0,1300.0
TH,Thailand,2023,maize,6900.0,100.0,6800.0
TH,Thailand,2023,rice,12300.0,0.0,0.0
TH,Thailand,2023,wheat,2950.0,1350.0,1600.0
TH,Thailand,2024,maize,7150.0,100.0,7050.0
TH,Thailand,2024,rice,12500.0,0.0,0.0
TH,Thailand,2024,wheat,4000.0,1500.0,2500.0
TH,Thailand,2025,maize,6700.0,100.0,6600.0
TH,Thailand,2025,rice,12700.0,0.0,0.0
TH,Thailand,2025,wheat,3500.0,1500.0,2000.0
TH,Thailand,2026,maize,7200.0,100.0,7100.0
TH,Thailand,2026,rice,12800.0,0.0,0.0
TH,Thailand,2026,wheat,3400.0,1500.0,1900.0
TI,Tajikistan,1987,maize,177.0,11.0,166.0
TI,Tajikistan,1987,rice,18.0,0.0,0.0
TI,Tajikistan,1987,wheat,1152.0,970.0,182.0
TI,Tajikistan,1988,maize,177.0,11.0,166.0
TI,Tajikistan,1988,rice,24.0,0.0,0.0
TI,Tajikistan,1988,wheat,1103.0,970.0,133.0
TI,Tajikistan,1989,maize,194.0,11.0,183.0
TI,Tajikistan,1989,rice,24.0,0.0,0.0
TI,Tajikistan,1989,wheat,1053.0,970.0,83.0
TI,Tajikistan,1990,maize,181.0,10.0,171.0
TI,Tajikistan,1990,rice,19.0,0.0,0.0
TI,Tajikistan,1990,wheat,1014.0,945.0,69.0
TI,Tajikistan,1991,maize,139.0,10.0,129.0
TI,Tajikistan,1991,rice,17.0,0.0,0.0
TI,Tajikistan,1991,wheat,1000.0,975.0,25.0
TI,Tajikistan,1992,maize,92.0,10.0,82.0
TI,Tajikistan,1992,rice,13.0,0.0,0.0
TI,Tajikistan,1992,wheat,994.0,958.0,36.0
TI,Tajikistan,1993,maize,95.0,10.0,85.0
TI,Tajikistan,1993,rice,27.0,0.0,0.0
TI,Tajikistan,1993,wheat,995.0,958.0,37.0
TI,Tajikistan,1994,maize,30.0,5.0,25.0
TI,Tajikistan,1994,rice,36.0,0.0,0.0
TI,Tajikistan,1994,wheat,795.0,758.0,37.0
TI,Tajikistan,1995,maize,19.0,5.0,14.0
TI,Tajikistan,1995,rice,16.0,0.0,0.0
TI,Tajikistan,1995,wheat,571.0,534.0,37.0
TI,Tajikistan,1996,maize,90.0,10.0,80.0
TI,Tajikistan,1996,rice,14.0,0.0,0.0
TI,Tajikistan,1996,wheat,652.0,607.0,45.0
TI,Tajikistan,1997,maize,25.0,5.0,20.0
TI,Tajikistan,1997,rice,29.0,0.0,0.0
TI,Tajikistan,1997,wheat,902.0,857.0,45.0
TI,Tajikistan,1998,maize,36.0,5.0,31.0
TI,Tajikistan,1998,rice,26.0,0.0,0.0
TI,Tajikistan,1998,wheat,750.0,600.0,150.0
TI,Tajikistan,1999,maize,36.0,6.0,30.0
TI,Tajikistan,1999,rice,31.0,0.0,0.0
TI,Tajikistan,1999,wheat,1000.0,800.0,200.0
TI,Tajikistan,2000,maize,38.0,8.0,30.0
TI,Tajikistan,2000,rice,53.0,0.0,0.0
TI,Tajikistan,2000,wheat,875.0,725.0,150.0
TI,Tajikistan,2001,maize,34.0,4.0,30.0
TI,Tajikistan,2001,rice,26.0,0.0,0.0
TI,Tajikistan,2001,wheat,900.0,725.0,175.0
TI,Tajikistan,2002,maize,55.0,10.0,45.0
TI,Tajikistan,2002,rice,38.0,0.0,0.0
TI,Tajikistan,2002,wheat,975.0,775.0,200.0
TI,Tajikistan,2003,maize,95.0,15.0,80.0
TI,Tajikistan,2003,rice,38.0,0.0,0.0
TI,Tajikistan,2003,wheat,1000.0,800.0,200.0
TI,Tajikistan,2004,maize,80.0,10.0,70.0
TI,Tajikistan,2004,rice,38.0,0.0,0.0
TI,Tajikistan,2004,wheat,1200.0,950.0,250.0
TI,Tajikistan,2005,maize,80.0,10.0,70.0
TI,Tajikistan,2005,rice,45.0,0.0,0.0
TI,Tajikistan,2005,wheat,1375.0,1100.0,275.0
TI,Tajikistan,2006,maize,80.0,10.0,70.0
TI,Tajikistan,2006,rice,39.0,0.0,0.0
TI,Tajikistan,2006,wheat,1400.0,1125.0,275.0
TI,Tajikistan,2007,maize,80.0,10.0,70.0
TI,Tajikistan,2007,rice,39.0,0.0,0.0
TI,Tajikistan,2007,wheat,1450.0,1150.0,300.0
TI,Tajikistan,2008,maize,90.0,10.0,80.0
TI,Tajikistan,2008,rice,46.0,0.0,0.0
TI,Tajikistan,2008,wheat,1400.0,1125.0,275.0
TI,Tajikistan,2009,maize,85.0,10.0,75.0
TI,Tajikistan,2009,rice,47.0,0.0,0.0
TI,Tajikistan,2009,wheat,1475.0,1175.0,300.0
TI,Tajikistan,2010,maize,85.0,10.0,75.0
TI,Tajikistan,2010,rice,61.0,0.0,0.0
TI,Tajikistan,2010,wheat,1500.0,1200.0,300.0
TI,Tajikistan,2011,maize,89.0,10.0,79.0
TI,Tajikistan,2011,rice,73.0,0.0,0.0
TI,Tajikistan,2011,wheat,1525.0,1225.0,300.0
TI,Tajikistan,2012,maize,150.0,10.0,140.0
TI,Tajikistan,2012,rice,59.0,0.0,0.0
TI,Tajikistan,2012,wheat,1700.0,1250.0,450.0
TI,Tajikistan,2013,maize,170.0,10.0,160.0
TI,Tajikistan,2013,rice,69.0,0.0,0.0
TI,Tajikistan,2013,wheat,1850.0,1300.0,550.0
TI,Tajikistan,2014,maize,190.0,10.0,180.0
TI,Tajikistan,2014,rice,0.0,0.0,0.0
TI,Tajikistan,2014,wheat,1860.0,1360.0,500.0
TI,Tajikistan,2015,maize,190.0,10.0,180.0
TI,Tajikistan,2015,rice,0.0,0.0,0.0
TI,Tajikistan,2015,wheat,1875.0,1425.0,450.0
TI,Tajikistan,2016,maize,210.0,10.0,200.0
TI,Tajikistan,2016,rice,0.0,0.0,0.0
TI,Tajikistan,2016,wheat,1925.0,1475.0,450.0
TI,Tajikistan,2017,maize,220.0,10.0,210.0
TI,Tajikistan,2017,rice,0.0,0.0,0.0
TI,Tajikistan,2017,wheat,2060.0,1510.0,550.0
TI,Tajikistan,2018,maize,230.0,10.0,220.0
TI,Tajikistan,2018,rice,0.0,0.0,0.0
TI,Tajikistan,2018,wheat,1985.0,1535.0,450.0
TI,Tajikistan,2019,maize,235.0,10.0,225.0
TI,Tajikistan,2019,rice,0.0,0.0,0.0
TI,Tajikistan,2019,wheat,2000.0,1550.0,450.0
TI,Tajikistan,2020,maize,310.0,10.0,300.0
TI,Tajikistan,2020,rice,0.0,0.0,0.0
TI,Tajikistan,2020,wheat,2025.0,1575.0,450.0
TI,Tajikistan,2021,maize,370.0,10.0,360.0
TI,Tajikistan,2021,rice,0.0,0.0,0.0
TI,Tajikistan,2021,wheat,2000.0,1550.0,450.0
TI,Tajikistan,2022,maize,435.0,10.0,425.0
TI,Tajikistan,2022,rice,0.0,0.0,0.0
TI,Tajikistan,2022,wheat,2000.0,1550.0,450.0
TI,Tajikistan,2023,maize,500.0,10.0,490.0
TI,Tajikistan,2023,rice,0.0,0.0,0.0
TI,Tajikistan,2023,wheat,2075.0,1600.0,475.0
TI,Tajikistan,2024,maize,535.0,10.0,525.0
TI,Tajikistan,2024,rice,0.0,0.0,0.0
TI,Tajikistan,2024,wheat,2150.0,1650.0,500.0
TI,Tajikistan,2025,maize,510.0,10.0,500.0
TI,Tajikistan,2025,rice,0.0,0.0,0.0
TI,Tajikistan,2025,wheat,2200.0,1700.0,500.0
TI,Tajikistan,2026,maize,535.0,10.0,525.0
TI,Tajikistan,2026,rice,0.0,0.0,0.0
TI,Tajikistan,2026,wheat,2275.0,1750.0,525.0
TO,Togo,1960,rice,11.0,0.0,0.0
TO,Togo,1961,rice,9.0,0.0,0.0
TO,Togo,1962,rice,15.0,0.0,0.0
TO,Togo,1963,rice,18.0,0.0,0.0
TO,Togo,1964,rice,20.0,0.0,0.0
TO,Togo,1965,rice,15.0,0.0,0.0
TO,Togo,1966,rice,21.0,0.0,0.0
TO,Togo,1967,rice,19.0,0.0,0.0
TO,Togo,1968,rice,13.0,0.0,0.0
TO,Togo,1969,rice,17.0,0.0,0.0
TO,Togo,1970,rice,16.0,0.0,0.0
TO,Togo,1971,rice,21.0,0.0,0.0
TO,Togo,1972,rice,14.0,0.0,0.0
TO,Togo,1973,rice,7.0,0.0,0.0
TO,Togo,1974,rice,19.0,0.0,0.0
TO,Togo,1975,maize,135.0,135.0,0.0
TO,Togo,1975,rice,15.0,0.0,0.0
TO,Togo,1976,maize,95.0,95.0,0.0
TO,Togo,1976,rice,28.0,0.0,0.0
TO,Togo,1977,maize,123.0,123.0,0.0
TO,Togo,1977,rice,19.0,0.0,0.0
TO,Togo,1978,maize,139.0,139.0,0.0
TO,Togo,1978,rice,25.0,0.0,0.0
TO,Togo,1979,maize,162.0,162.0,0.0
TO,Togo,1979,rice,33.0,0.0,0.0
TO,Togo,1980,maize,141.0,141.0,0.0
TO,Togo,1980,rice,31.0,0.0,0.0
TO,Togo,1981,maize,164.0,164.0,0.0
TO,Togo,1981,rice,53.0,0.0,0.0
TO,Togo,1982,maize,155.0,155.0,0.0
TO,Togo,1982,rice,51.0,0.0,0.0
TO,Togo,1983,maize,157.0,157.0,0.0
TO,Togo,1983,rice,53.0,0.0,0.0
TO,Togo,1983,wheat,51.0,51.0,0.0
TO,Togo,1984,maize,169.0,169.0,0.0
TO,Togo,1984,rice,51.0,0.0,0.0
TO,Togo,1984,wheat,28.0,28.0,0.0
TO,Togo,1985,maize,213.0,163.0,50.0
TO,Togo,1985,rice,51.0,0.0,0.0
TO,Togo,1985,wheat,55.0,55.0,0.0
TO,Togo,1986,maize,112.0,57.0,55.0
TO,Togo,1986,rice,52.0,0.0,0.0
TO,Togo,1986,wheat,62.0,62.0,0.0
TO,Togo,1987,maize,197.0,142.0,55.0
TO,Togo,1987,rice,59.0,0.0,0.0
TO,Togo,1987,wheat,69.0,69.0,0.0
TO,Togo,1988,maize,296.0,196.0,100.0
TO,Togo,1988,rice,65.0,0.0,0.0
TO,Togo,1988,wheat,91.0,91.0,0.0
TO,Togo,1989,maize,287.0,187.0,100.0
TO,Togo,1989,rice,58.0,0.0,0.0
TO,Togo,1989,wheat,82.0,82.0,0.0
TO,Togo,1990,maize,224.0,140.0,84.0
TO,Togo,1990,rice,58.0,0.0,0.0
TO,Togo,1990,wheat,177.0,177.0,0.0
TO,Togo,1991,maize,249.0,134.0,115.0
TO,Togo,1991,rice,58.0,0.0,0.0
TO,Togo,1991,wheat,89.0,89.0,0.0
TO,Togo,1992,maize,291.0,196.0,95.0
TO,Togo,1992,rice,75.0,0.0,0.0
TO,Togo,1992,wheat,71.0,71.0,0.0
TO,Togo,1993,maize,402.0,297.0,105.0
TO,Togo,1993,rice,65.0,0.0,0.0
TO,Togo,1993,wheat,33.0,33.0,0.0
TO,Togo,1994,maize,251.0,151.0,100.0
TO,Togo,1994,rice,75.0,0.0,0.0
TO,Togo,1994,wheat,14.0,14.0,0.0
TO,Togo,1995,maize,230.0,115.0,115.0
TO,Togo,1995,rice,80.0,0.0,0.0
TO,Togo,1995,wheat,22.0,22.0,0.0
TO,Togo,1996,maize,400.0,285.0,115.0
TO,Togo,1996,rice,90.0,0.0,0.0
TO,Togo,1996,wheat,36.0,36.0,0.0
TO,Togo,1997,maize,450.0,325.0,125.0
TO,Togo,1997,rice,105.0,0.0,0.0
TO,Togo,1997,wheat,34.0,34.0,0.0
TO,Togo,1998,maize,350.0,250.0,100.0
TO,Togo,1998,rice,106.0,0.0,0.0
TO,Togo,1998,wheat,55.0,55.0,0.0
TO,Togo,1999,maize,485.0,360.0,125.0
TO,Togo,1999,rice,103.0,0.0,0.0
TO,Togo,1999,wheat,64.0,64.0,0.0
TO,Togo,2000,maize,485.0,360.0,125.0
TO,Togo,2000,rice,198.0,0.0,0.0
TO,Togo,2000,wheat,99.0,99.0,0.0
TO,Togo,2001,maize,538.0,413.0,125.0
TO,Togo,2001,rice,135.0,0.0,0.0
TO,Togo,2001,wheat,111.0,111.0,0.0
TO,Togo,2002,maize,510.0,385.0,125.0
TO,Togo,2002,rice,141.0,0.0,0.0
TO,Togo,2002,wheat,109.0,109.0,0.0
TO,Togo,2003,maize,538.0,413.0,125.0
TO,Togo,2003,rice,170.0,0.0,0.0
TO,Togo,2003,wheat,66.0,66.0,0.0
TO,Togo,2004,maize,500.0,350.0,150.0
TO,Togo,2004,rice,173.0,0.0,0.0
TO,Togo,2004,wheat,114.0,114.0,0.0
TO,Togo,2005,maize,500.0,350.0,150.0
TO,Togo,2005,rice,155.0,0.0,0.0
TO,Togo,2005,wheat,140.0,140.0,0.0
TO,Togo,2006,maize,550.0,400.0,150.0
TO,Togo,2006,rice,138.0,0.0,0.0
TO,Togo,2006,wheat,116.0,116.0,0.0
TO,Togo,2007,maize,550.0,400.0,150.0
TO,Togo,2007,rice,137.0,0.0,0.0
TO,Togo,2007,wheat,96.0,96.0,0.0
TO,Togo,2008,maize,575.0,425.0,150.0
TO,Togo,2008,rice,136.0,0.0,0.0
TO,Togo,2008,wheat,85.0,85.0,0.0
TO,Togo,2009,maize,650.0,500.0,150.0
TO,Togo,2009,rice,168.0,0.0,0.0
TO,Togo,2009,wheat,118.0,118.0,0.0
TO,Togo,2010,maize,650.0,500.0,150.0
TO,Togo,2010,rice,172.0,0.0,0.0
TO,Togo,2010,wheat,139.0,139.0,0.0
TO,Togo,2011,maize,650.0,500.0,150.0
TO,Togo,2011,rice,168.0,0.0,0.0
TO,Togo,2011,wheat,141.0,141.0,0.0
TO,Togo,2012,maize,800.0,650.0,150.0
TO,Togo,2012,rice,215.0,0.0,0.0
TO,Togo,2012,wheat,156.0,156.0,0.0
TO,Togo,2013,maize,745.0,600.0,145.0
TO,Togo,2013,rice,204.0,0.0,0.0
TO,Togo,2013,wheat,173.0,173.0,0.0
TO,Togo,2014,maize,800.0,650.0,150.0
TO,Togo,2014,rice,185.0,0.0,0.0
TO,Togo,2014,wheat,164.0,164.0,0.0
TO,Togo,2015,maize,800.0,650.0,150.0
TO,Togo,2015,rice,242.0,0.0,0.0
TO,Togo,2015,wheat,170.0,170.0,0.0
TO,Togo,2016,maize,825.0,675.0,150.0
TO,Togo,2016,rice,344.0,0.0,0.0
TO,Togo,2016,wheat,170.0,170.0,0.0
TO,Togo,2017,maize,850.0,700.0,150.0
TO,Togo,2017,rice,362.0,0.0,0.0
TO,Togo,2017,wheat,265.0,265.0,0.0
TO,Togo,2018,maize,900.0,750.0,150.0
TO,Togo,2018,rice,375.0,0.0,0.0
TO,Togo,2018,wheat,250.0,250.0,0.0
TO,Togo,2019,maize,920.0,770.0,150.0
TO,Togo,2019,rice,431.0,0.0,0.0
TO,Togo,2019,wheat,250.0,250.0,0.0
TO,Togo,2020,maize,900.0,750.0,150.0
TO,Togo,2020,rice,354.0,0.0,0.0
TO,Togo,2020,wheat,290.0,290.0,0.0
TO,Togo,2021,maize,930.0,780.0,150.0
TO,Togo,2021,rice,508.0,0.0,0.0
TO,Togo,2021,wheat,330.0,330.0,0.0
TO,Togo,2022,maize,965.0,790.0,175.0
TO,Togo,2022,rice,475.0,0.0,0.0
TO,Togo,2022,wheat,280.0,280.0,0.0
TO,Togo,2023,maize,1000.0,800.0,200.0
TO,Togo,2023,rice,404.0,0.0,0.0
TO,Togo,2023,wheat,310.0,310.0,0.0
TO,Togo,2024,maize,1025.0,825.0,200.0
TO,Togo,2024,rice,442.0,0.0,0.0
TO,Togo,2024,wheat,375.0,375.0,0.0
TO,Togo,2025,maize,1125.0,900.0,225.0
TO,Togo,2025,rice,409.0,0.0,0.0
TO,Togo,2025,wheat,400.0,400.0,0.0
TO,Togo,2026,maize,1025.0,850.0,175.0
TO,Togo,2026,rice,445.0,0.0,0.0
TO,Togo,2026,wheat,450.0,450.0,0.0
TS,Tunisia,1960,maize,15.0,15.0,0.0
TS,Tunisia,1960,wheat,565.0,482.0,83.0
TS,Tunisia,1961,maize,46.0,46.0,0.0
TS,Tunisia,1961,wheat,552.0,473.0,79.0
TS,Tunisia,1962,wheat,553.0,469.0,84.0
TS,Tunisia,1963,maize,2.0,2.0,0.0
TS,Tunisia,1963,wheat,570.0,496.0,74.0
TS,Tunisia,1964,maize,13.0,13.0,0.0
TS,Tunisia,1964,wheat,496.0,427.0,69.0
TS,Tunisia,1965,maize,17.0,17.0,0.0
TS,Tunisia,1965,wheat,673.0,579.0,94.0
TS,Tunisia,1966,maize,36.0,36.0,0.0
TS,Tunisia,1966,wheat,511.0,424.0,87.0
TS,Tunisia,1967,maize,18.0,18.0,0.0
TS,Tunisia,1967,wheat,696.0,606.0,90.0
TS,Tunisia,1968,maize,4.0,4.0,0.0
TS,Tunisia,1968,wheat,691.0,600.0,91.0
TS,Tunisia,1969,maize,10.0,10.0,0.0
TS,Tunisia,1969,wheat,825.0,716.0,109.0
TS,Tunisia,1970,maize,12.0,12.0,0.0
TS,Tunisia,1970,wheat,745.0,629.0,116.0
TS,Tunisia,1971,maize,12.0,12.0,0.0
TS,Tunisia,1971,wheat,960.0,840.0,120.0
TS,Tunisia,1972,maize,26.0,26.0,0.0
TS,Tunisia,1972,wheat,1057.0,937.0,120.0
TS,Tunisia,1973,maize,21.0,21.0,0.0
TS,Tunisia,1973,wheat,1140.0,1010.0,130.0
TS,Tunisia,1974,maize,32.0,20.0,12.0
TS,Tunisia,1974,wheat,1090.0,970.0,120.0
TS,Tunisia,1975,maize,63.0,20.0,43.0
TS,Tunisia,1975,wheat,1235.0,1105.0,130.0
TS,Tunisia,1976,maize,63.0,0.0,63.0
TS,Tunisia,1976,wheat,1279.0,1149.0,130.0
TS,Tunisia,1977,maize,120.0,0.0,120.0
TS,Tunisia,1977,wheat,1261.0,1161.0,100.0
TS,Tunisia,1978,maize,96.0,1.0,95.0
TS,Tunisia,1978,wheat,1388.0,1258.0,130.0
TS,Tunisia,1979,maize,210.0,0.0,210.0
TS,Tunisia,1979,wheat,1430.0,1430.0,0.0
TS,Tunisia,1980,maize,260.0,0.0,260.0
TS,Tunisia,1980,wheat,1509.0,1509.0,0.0
TS,Tunisia,1981,maize,361.0,0.0,361.0
TS,Tunisia,1981,wheat,1649.0,1649.0,0.0
TS,Tunisia,1982,maize,294.0,0.0,294.0
TS,Tunisia,1982,wheat,1644.0,1644.0,0.0
TS,Tunisia,1983,maize,221.0,0.0,221.0
TS,Tunisia,1983,wheat,1670.0,1670.0,0.0
TS,Tunisia,1984,maize,225.0,1.0,224.0
TS,Tunisia,1984,wheat,1624.0,1624.0,0.0
TS,Tunisia,1985,maize,211.0,1.0,210.0
TS,Tunisia,1985,wheat,1762.0,1762.0,0.0
TS,Tunisia,1986,maize,189.0,1.0,188.0
TS,Tunisia,1986,wheat,1537.0,1537.0,0.0
TS,Tunisia,1987,maize,228.0,1.0,227.0
TS,Tunisia,1987,wheat,1989.0,1989.0,0.0
TS,Tunisia,1988,maize,201.0,1.0,200.0
TS,Tunisia,1988,wheat,1280.0,1280.0,0.0
TS,Tunisia,1989,maize,276.0,2.0,274.0
TS,Tunisia,1989,wheat,1450.0,1450.0,0.0
TS,Tunisia,1990,maize,276.0,1.0,275.0
TS,Tunisia,1990,wheat,1612.0,1612.0,0.0
TS,Tunisia,1991,maize,266.0,1.0,265.0
TS,Tunisia,1991,wheat,2109.0,2109.0,0.0
TS,Tunisia,1992,maize,284.0,0.0,284.0
TS,Tunisia,1992,wheat,2154.0,2154.0,0.0
TS,Tunisia,1993,maize,276.0,0.0,276.0
TS,Tunisia,1993,wheat,2193.0,2193.0,0.0
TS,Tunisia,1994,maize,230.0,0.0,230.0
TS,Tunisia,1994,wheat,2287.0,2287.0,0.0
TS,Tunisia,1995,maize,325.0,0.0,325.0
TS,Tunisia,1995,wheat,1636.0,1636.0,0.0
TS,Tunisia,1996,maize,411.0,0.0,411.0
TS,Tunisia,1996,wheat,2389.0,2389.0,0.0
TS,Tunisia,1997,maize,402.0,0.0,402.0
TS,Tunisia,1997,wheat,2242.0,2242.0,0.0
TS,Tunisia,1998,maize,561.0,0.0,561.0
TS,Tunisia,1998,wheat,2260.0,2260.0,0.0
TS,Tunisia,1999,maize,561.0,0.0,561.0
TS,Tunisia,1999,wheat,2500.0,2500.0,0.0
TS,Tunisia,2000,maize,731.0,0.0,731.0
TS,Tunisia,2000,wheat,2500.0,2500.0,0.0
TS,Tunisia,2001,maize,800.0,0.0,800.0
TS,Tunisia,2001,wheat,2400.0,2400.0,0.0
TS,Tunisia,2002,maize,750.0,0.0,750.0
TS,Tunisia,2002,wheat,2450.0,2450.0,0.0
TS,Tunisia,2003,maize,800.0,0.0,800.0
TS,Tunisia,2003,wheat,2450.0,2450.0,0.0
TS,Tunisia,2004,maize,620.0,0.0,620.0
TS,Tunisia,2004,wheat,2575.0,2575.0,0.0
TS,Tunisia,2005,maize,650.0,0.0,650.0
TS,Tunisia,2005,wheat,2700.0,2650.0,50.0
TS,Tunisia,2006,maize,700.0,0.0,700.0
TS,Tunisia,2006,wheat,2750.0,2700.0,50.0
TS,Tunisia,2007,maize,700.0,0.0,700.0
TS,Tunisia,2007,wheat,3350.0,2750.0,600.0
TS,Tunisia,2008,maize,700.0,0.0,700.0
TS,Tunisia,2008,wheat,2825.0,2775.0,50.0
TS,Tunisia,2009,maize,700.0,0.0,700.0
TS,Tunisia,2009,wheat,2900.0,2800.0,100.0
TS,Tunisia,2010,maize,850.0,0.0,850.0
TS,Tunisia,2010,wheat,2850.0,2800.0,50.0
TS,Tunisia,2011,maize,800.0,0.0,800.0
TS,Tunisia,2011,wheat,2850.0,2800.0,50.0
TS,Tunisia,2012,maize,850.0,0.0,850.0
TS,Tunisia,2012,wheat,2875.0,2800.0,75.0
TS,Tunisia,2013,maize,950.0,0.0,950.0
TS,Tunisia,2013,wheat,2875.0,2800.0,75.0
TS,Tunisia,2014,maize,1000.0,0.0,1000.0
TS,Tunisia,2014,wheat,2900.0,2825.0,75.0
TS,Tunisia,2015,maize,1150.0,0.0,1150.0
TS,Tunisia,2015,wheat,2900.0,2825.0,75.0
TS,Tunisia,2016,maize,1100.0,0.0,1100.0
TS,Tunisia,2016,wheat,2950.0,2850.0,100.0
TS,Tunisia,2017,maize,1100.0,0.0,1100.0
TS,Tunisia,2017,wheat,2975.0,2875.0,100.0
TS,Tunisia,2018,maize,800.0,0.0,800.0
TS,Tunisia,2018,wheat,2950.0,2850.0,100.0
TS,Tunisia,2019,maize,950.0,0.0,950.0
TS,Tunisia,2019,wheat,3150.0,3050.0,100.0
TS,Tunisia,2020,maize,1200.0,0.0,1200.0
TS,Tunisia,2020,wheat,3000.0,2900.0,100.0
TS,Tunisia,2021,maize,950.0,0.0,950.0
TS,Tunisia,2021,wheat,3050.0,2950.0,100.0
TS,Tunisia,2022,maize,850.0,0.0,850.0
TS,Tunisia,2022,wheat,3000.0,2900.0,100.0
TS,Tunisia,2023,maize,870.0,0.0,870.0
TS,Tunisia,2023,wheat,2780.0,2700.0,80.0
TS,Tunisia,2024,maize,1050.0,0.0,1050.0
TS,Tunisia,2024,wheat,2900.0,2800.0,100.0
TS,Tunisia,2025,maize,1350.0,0.0,1350.0
TS,Tunisia,2025,wheat,3000.0,2900.0,100.0
TS,Tunisia,2026,maize,1400.0,0.0,1400.0
TS,Tunisia,2026,wheat,3100.0,3000.0,100.0
TU,Turkey,1960,maize,760.0,715.0,45.0
TU,Turkey,1960,rice,130.0,0.0,0.0
TU,Turkey,1960,wheat,7010.0,6881.0,129.0
TU,Turkey,1961,maize,1005.0,940.0,65.0
TU,Turkey,1961,rice,130.0,0.0,0.0
TU,Turkey,1961,wheat,7517.0,7467.0,50.0
TU,Turkey,1962,maize,795.0,756.0,39.0
TU,Turkey,1962,rice,165.0,0.0,0.0
TU,Turkey,1962,wheat,7345.0,7195.0,150.0
TU,Turkey,1963,maize,1020.0,948.0,72.0
TU,Turkey,1963,rice,128.0,0.0,0.0
TU,Turkey,1963,wheat,7494.0,7492.0,2.0
TU,Turkey,1964,maize,980.0,911.0,69.0
TU,Turkey,1964,rice,102.0,0.0,0.0
TU,Turkey,1964,wheat,7703.0,7600.0,103.0
TU,Turkey,1965,maize,837.0,782.0,55.0
TU,Turkey,1965,rice,143.0,0.0,0.0
TU,Turkey,1965,wheat,7959.0,7885.0,74.0
TU,Turkey,1966,maize,1000.0,941.0,59.0
TU,Turkey,1966,rice,139.0,0.0,0.0
TU,Turkey,1966,wheat,8210.0,8130.0,80.0
TU,Turkey,1967,maize,1001.0,940.0,61.0
TU,Turkey,1967,rice,140.0,0.0,0.0
TU,Turkey,1967,wheat,8680.0,8410.0,270.0
TU,Turkey,1968,maize,1036.0,968.0,68.0
TU,Turkey,1968,rice,137.0,0.0,0.0
TU,Turkey,1968,wheat,8916.0,8660.0,256.0
TU,Turkey,1969,maize,1040.0,982.0,58.0
TU,Turkey,1969,rice,136.0,0.0,0.0
TU,Turkey,1969,wheat,9351.0,9059.0,292.0
TU,Turkey,1970,maize,1065.0,1005.0,60.0
TU,Turkey,1970,rice,155.0,0.0,0.0
TU,Turkey,1970,wheat,9198.0,8948.0,250.0
TU,Turkey,1971,maize,1100.0,1030.0,70.0
TU,Turkey,1971,rice,175.0,0.0,0.0
TU,Turkey,1971,wheat,9642.0,9327.0,315.0
TU,Turkey,1972,maize,1075.0,1010.0,65.0
TU,Turkey,1972,rice,181.0,0.0,0.0
TU,Turkey,1972,wheat,9666.0,9391.0,275.0
TU,Turkey,1973,maize,1045.0,945.0,100.0
TU,Turkey,1973,rice,198.0,0.0,0.0
TU,Turkey,1973,wheat,9300.0,9250.0,50.0
TU,Turkey,1974,maize,1180.0,1060.0,120.0
TU,Turkey,1974,rice,207.0,0.0,0.0
TU,Turkey,1974,wheat,9459.0,9409.0,50.0
TU,Turkey,1975,maize,1190.0,1060.0,130.0
TU,Turkey,1975,rice,205.0,0.0,0.0
TU,Turkey,1975,wheat,10020.0,9950.0,70.0
TU,Turkey,1976,maize,1240.0,1040.0,200.0
TU,Turkey,1976,rice,178.0,0.0,0.0
TU,Turkey,1976,wheat,10648.0,10498.0,150.0
TU,Turkey,1977,maize,1265.0,965.0,300.0
TU,Turkey,1977,rice,184.0,0.0,0.0
TU,Turkey,1977,wheat,11457.0,11257.0,200.0
TU,Turkey,1978,maize,1300.0,900.0,400.0
TU,Turkey,1978,rice,200.0,0.0,0.0
TU,Turkey,1978,wheat,11777.0,11477.0,300.0
TU,Turkey,1979,maize,1298.0,798.0,500.0
TU,Turkey,1979,rice,235.0,0.0,0.0
TU,Turkey,1979,wheat,12260.0,11760.0,500.0
TU,Turkey,1980,maize,1290.0,690.0,600.0
TU,Turkey,1980,rice,222.0,0.0,0.0
TU,Turkey,1980,wheat,12870.0,12270.0,600.0
TU,Turkey,1981,maize,1301.0,601.0,700.0
TU,Turkey,1981,rice,224.0,0.0,0.0
TU,Turkey,1981,wheat,13411.0,12711.0,700.0
TU,Turkey,1982,maize,1305.0,505.0,800.0
TU,Turkey,1982,rice,240.0,0.0,0.0
TU,Turkey,1982,wheat,13676.0,12876.0,800.0
TU,Turkey,1983,maize,1560.0,660.0,900.0
TU,Turkey,1983,rice,245.0,0.0,0.0
TU,Turkey,1983,wheat,13750.0,13050.0,700.0
TU,Turkey,1984,maize,1675.0,675.0,1000.0
TU,Turkey,1984,rice,246.0,0.0,0.0
TU,Turkey,1984,wheat,13631.0,13131.0,500.0
TU,Turkey,1985,maize,2043.0,1043.0,1000.0
TU,Turkey,1985,rice,267.0,0.0,0.0
TU,Turkey,1985,wheat,13768.0,13268.0,500.0
TU,Turkey,1986,maize,2300.0,1000.0,1300.0
TU,Turkey,1986,rice,280.0,0.0,0.0
TU,Turkey,1986,wheat,14048.0,13548.0,500.0
TU,Turkey,1987,maize,2580.0,1180.0,1400.0
TU,Turkey,1987,rice,293.0,0.0,0.0
TU,Turkey,1987,wheat,14027.0,13627.0,400.0
TU,Turkey,1988,maize,2520.0,620.0,1900.0
TU,Turkey,1988,rice,327.0,0.0,0.0
TU,Turkey,1988,wheat,14134.0,13772.0,362.0
TU,Turkey,1989,maize,2685.0,585.0,2100.0
TU,Turkey,1989,rice,335.0,0.0,0.0
TU,Turkey,1989,wheat,14196.0,13784.0,412.0
TU,Turkey,1990,maize,2357.0,457.0,1900.0
TU,Turkey,1990,rice,338.0,0.0,0.0
TU,Turkey,1990,wheat,14500.0,14100.0,400.0
TU,Turkey,1991,maize,2277.0,477.0,1800.0
TU,Turkey,1991,rice,385.0,0.0,0.0
TU,Turkey,1991,wheat,14764.0,14264.0,500.0
TU,Turkey,1992,maize,2327.0,627.0,1700.0
TU,Turkey,1992,rice,388.0,0.0,0.0
TU,Turkey,1992,wheat,15097.0,14497.0,600.0
TU,Turkey,1993,maize,2322.0,622.0,1700.0
TU,Turkey,1993,rice,421.0,0.0,0.0
TU,Turkey,1993,wheat,15086.0,14486.0,600.0
TU,Turkey,1994,maize,2170.0,550.0,1620.0
TU,Turkey,1994,rice,450.0,0.0,0.0
TU,Turkey,1994,wheat,15190.0,14590.0,600.0
TU,Turkey,1995,maize,2528.0,599.0,1929.0
TU,Turkey,1995,rice,475.0,0.0,0.0
TU,Turkey,1995,wheat,16046.0,15346.0,700.0
TU,Turkey,1996,maize,2789.0,822.0,1967.0
TU,Turkey,1996,rice,500.0,0.0,0.0
TU,Turkey,1996,wheat,16363.0,15563.0,800.0
TU,Turkey,1997,maize,2839.0,805.0,2034.0
TU,Turkey,1997,rice,525.0,0.0,0.0
TU,Turkey,1997,wheat,16551.0,15751.0,800.0
TU,Turkey,1998,maize,3150.0,850.0,2300.0
TU,Turkey,1998,rice,525.0,0.0,0.0
TU,Turkey,1998,wheat,16836.0,15886.0,950.0
TU,Turkey,1999,maize,3150.0,950.0,2200.0
TU,Turkey,1999,rice,530.0,0.0,0.0
TU,Turkey,1999,wheat,16577.0,15777.0,800.0
TU,Turkey,2000,maize,2730.0,900.0,1830.0
TU,Turkey,2000,rice,535.0,0.0,0.0
TU,Turkey,2000,wheat,16650.0,15700.0,950.0
TU,Turkey,2001,maize,3100.0,900.0,2200.0
TU,Turkey,2001,rice,550.0,0.0,0.0
TU,Turkey,2001,wheat,16201.0,15401.0,800.0
TU,Turkey,2002,maize,3200.0,900.0,2300.0
TU,Turkey,2002,rice,600.0,0.0,0.0
TU,Turkey,2002,wheat,16600.0,15800.0,800.0
TU,Turkey,2003,maize,3400.0,900.0,2500.0
TU,Turkey,2003,rice,550.0,0.0,0.0
TU,Turkey,2003,wheat,16600.0,15800.0,800.0
TU,Turkey,2004,maize,3500.0,900.0,2600.0
TU,Turkey,2004,rice,570.0,0.0,0.0
TU,Turkey,2004,wheat,16750.0,15800.0,950.0
TU,Turkey,2005,maize,3500.0,900.0,2600.0
TU,Turkey,2005,rice,580.0,0.0,0.0
TU,Turkey,2005,wheat,16650.0,15700.0,950.0
TU,Turkey,2006,maize,3700.0,900.0,2800.0
TU,Turkey,2006,rice,610.0,0.0,0.0
TU,Turkey,2006,wheat,16650.0,15850.0,800.0
TU,Turkey,2007,maize,3900.0,900.0,3000.0
TU,Turkey,2007,rice,640.0,0.0,0.0
TU,Turkey,2007,wheat,16800.0,16000.0,800.0
TU,Turkey,2008,maize,4400.0,900.0,3500.0
TU,Turkey,2008,rice,650.0,0.0,0.0
TU,Turkey,2008,wheat,16900.0,16200.0,700.0
TU,Turkey,2009,maize,4300.0,900.0,3400.0
TU,Turkey,2009,rice,690.0,0.0,0.0
TU,Turkey,2009,wheat,17100.0,16300.0,800.0
TU,Turkey,2010,maize,4400.0,900.0,3500.0
TU,Turkey,2010,rice,750.0,0.0,0.0
TU,Turkey,2010,wheat,17300.0,16500.0,800.0
TU,Turkey,2011,maize,4300.0,900.0,3400.0
TU,Turkey,2011,rice,750.0,0.0,0.0
TU,Turkey,2011,wheat,18100.0,16700.0,1400.0
TU,Turkey,2012,maize,6100.0,950.0,5150.0
TU,Turkey,2012,rice,760.0,0.0,0.0
TU,Turkey,2012,wheat,17400.0,16600.0,800.0
TU,Turkey,2013,maize,5700.0,1000.0,4700.0
TU,Turkey,2013,rice,769.0,0.0,0.0
TU,Turkey,2013,wheat,17750.0,16800.0,950.0
TU,Turkey,2014,maize,6450.0,1050.0,5400.0
TU,Turkey,2014,rice,780.0,0.0,0.0
TU,Turkey,2014,wheat,17500.0,16800.0,700.0
TU,Turkey,2015,maize,6650.0,1050.0,5600.0
TU,Turkey,2015,rice,780.0,0.0,0.0
TU,Turkey,2015,wheat,17700.0,16800.0,900.0
TU,Turkey,2016,maize,6850.0,1050.0,5800.0
TU,Turkey,2016,rice,770.0,0.0,0.0
TU,Turkey,2016,wheat,17000.0,16500.0,500.0
TU,Turkey,2017,maize,8100.0,1100.0,7000.0
TU,Turkey,2017,rice,770.0,0.0,0.0
TU,Turkey,2017,wheat,18300.0,16800.0,1500.0
TU,Turkey,2018,maize,8600.0,1200.0,7400.0
TU,Turkey,2018,rice,780.0,0.0,0.0
TU,Turkey,2018,wheat,18800.0,17500.0,1300.0
TU,Turkey,2019,maize,8700.0,1200.0,7500.0
TU,Turkey,2019,rice,790.0,0.0,0.0
TU,Turkey,2019,wheat,19500.0,17700.0,1800.0
TU,Turkey,2020,maize,8500.0,1100.0,7400.0
TU,Turkey,2020,rice,760.0,0.0,0.0
TU,Turkey,2020,wheat,19900.0,17900.0,2000.0
TU,Turkey,2021,maize,9700.0,1200.0,8500.0
TU,Turkey,2021,rice,770.0,0.0,0.0
TU,Turkey,2021,wheat,19700.0,18300.0,1400.0
TU,Turkey,2022,maize,8600.0,1100.0,7500.0
TU,Turkey,2022,rice,780.0,0.0,0.0
TU,Turkey,2022,wheat,19900.0,18400.0,1500.0
TU,Turkey,2023,maize,9350.0,1100.0,8250.0
TU,Turkey,2023,rice,790.0,0.0,0.0
TU,Turkey,2023,wheat,19200.0,18200.0,1000.0
TU,Turkey,2024,maize,11700.0,1400.0,10300.0
TU,Turkey,2024,rice,795.0,0.0,0.0
TU,Turkey,2024,wheat,18400.0,17500.0,900.0
TU,Turkey,2025,maize,13000.0,1400.0,11600.0
TU,Turkey,2025,rice,800.0,0.0,0.0
TU,Turkey,2025,wheat,18200.0,17500.0,700.0
TU,Turkey,2026,maize,11500.0,1400.0,10100.0
TU,Turkey,2026,rice,805.0,0.0,0.0
TU,Turkey,2026,wheat,19200.0,17700.0,1500.0
TW,Taiwan,1960,maize,22.0,4.0,18.0
TW,Taiwan,1960,rice,1758.0,0.0,0.0
TW,Taiwan,1960,wheat,366.0,320.0,46.0
TW,Taiwan,1961,maize,44.0,4.0,40.0
TW,Taiwan,1961,rice,1866.0,0.0,0.0
TW,Taiwan,1961,wheat,378.0,330.0,48.0
TW,Taiwan,1962,maize,49.0,7.0,42.0
TW,Taiwan,1962,rice,1936.0,0.0,0.0
TW,Taiwan,1962,wheat,297.0,259.0,38.0
TW,Taiwan,1963,maize,36.0,4.0,32.0
TW,Taiwan,1963,rice,1844.0,0.0,0.0
TW,Taiwan,1963,wheat,367.0,320.0,47.0
TW,Taiwan,1964,maize,61.0,4.0,57.0
TW,Taiwan,1964,rice,1989.0,0.0,0.0
TW,Taiwan,1964,wheat,350.0,305.0,45.0
TW,Taiwan,1965,maize,82.0,8.0,74.0
TW,Taiwan,1965,rice,1937.0,0.0,0.0
TW,Taiwan,1965,wheat,364.0,317.0,47.0
TW,Taiwan,1966,maize,112.0,11.0,101.0
TW,Taiwan,1966,rice,2037.0,0.0,0.0
TW,Taiwan,1966,wheat,268.0,234.0,34.0
TW,Taiwan,1967,maize,311.0,29.0,282.0
TW,Taiwan,1967,rice,2417.0,0.0,0.0
TW,Taiwan,1967,wheat,413.0,360.0,53.0
TW,Taiwan,1968,maize,391.0,37.0,354.0
TW,Taiwan,1968,rice,2055.0,0.0,0.0
TW,Taiwan,1968,wheat,609.0,532.0,77.0
TW,Taiwan,1969,maize,535.0,50.0,485.0
TW,Taiwan,1969,rice,2181.0,0.0,0.0
TW,Taiwan,1969,wheat,558.0,488.0,70.0
TW,Taiwan,1970,maize,613.0,90.0,523.0
TW,Taiwan,1970,rice,2266.0,0.0,0.0
TW,Taiwan,1970,wheat,657.0,537.0,120.0
TW,Taiwan,1971,maize,877.0,177.0,700.0
TW,Taiwan,1971,rice,2139.0,0.0,0.0
TW,Taiwan,1971,wheat,578.0,508.0,70.0
TW,Taiwan,1972,maize,1401.0,201.0,1200.0
TW,Taiwan,1972,rice,2204.0,0.0,0.0
TW,Taiwan,1972,wheat,578.0,508.0,70.0
TW,Taiwan,1973,maize,1092.0,182.0,910.0
TW,Taiwan,1973,rice,2254.0,0.0,0.0
TW,Taiwan,1973,wheat,649.0,649.0,0.0
TW,Taiwan,1974,maize,1170.0,220.0,950.0
TW,Taiwan,1974,rice,2233.0,0.0,0.0
TW,Taiwan,1974,wheat,626.0,626.0,0.0
TW,Taiwan,1975,maize,1850.0,350.0,1500.0
TW,Taiwan,1975,rice,2159.0,0.0,0.0
TW,Taiwan,1975,wheat,551.0,551.0,0.0
TW,Taiwan,1976,maize,1950.0,400.0,1550.0
TW,Taiwan,1976,rice,1867.0,0.0,0.0
TW,Taiwan,1976,wheat,581.0,581.0,0.0
TW,Taiwan,1977,maize,2200.0,300.0,1900.0
TW,Taiwan,1977,rice,2173.0,0.0,0.0
TW,Taiwan,1977,wheat,650.0,650.0,0.0
TW,Taiwan,1978,maize,2700.0,300.0,2400.0
TW,Taiwan,1978,rice,2011.0,0.0,0.0
TW,Taiwan,1978,wheat,690.0,690.0,0.0
TW,Taiwan,1979,maize,2551.0,100.0,2451.0
TW,Taiwan,1979,rice,2008.0,0.0,0.0
TW,Taiwan,1979,wheat,711.0,711.0,0.0
TW,Taiwan,1980,maize,2750.0,100.0,2650.0
TW,Taiwan,1980,rice,1880.0,0.0,0.0
TW,Taiwan,1980,wheat,623.0,623.0,0.0
TW,Taiwan,1981,maize,2760.0,110.0,2650.0
TW,Taiwan,1981,rice,1812.0,0.0,0.0
TW,Taiwan,1981,wheat,640.0,640.0,0.0
TW,Taiwan,1982,maize,3340.0,140.0,3200.0
TW,Taiwan,1982,rice,1811.0,0.0,0.0
TW,Taiwan,1982,wheat,680.0,680.0,0.0
TW,Taiwan,1983,maize,3318.0,218.0,3100.0
TW,Taiwan,1983,rice,1817.0,0.0,0.0
TW,Taiwan,1983,wheat,715.0,715.0,0.0
TW,Taiwan,1984,maize,3342.0,306.0,3036.0
TW,Taiwan,1984,rice,2015.0,0.0,0.0
TW,Taiwan,1984,wheat,730.0,730.0,0.0
TW,Taiwan,1985,maize,3245.0,45.0,3200.0
TW,Taiwan,1985,rice,1915.0,0.0,0.0
TW,Taiwan,1985,wheat,745.0,745.0,0.0
TW,Taiwan,1986,maize,3658.0,58.0,3600.0
TW,Taiwan,1986,rice,1769.0,0.0,0.0
TW,Taiwan,1986,wheat,790.0,790.0,0.0
TW,Taiwan,1987,maize,4331.0,131.0,4200.0
TW,Taiwan,1987,rice,1710.0,0.0,0.0
TW,Taiwan,1987,wheat,970.0,970.0,0.0
TW,Taiwan,1988,maize,4590.0,190.0,4400.0
TW,Taiwan,1988,rice,1619.0,0.0,0.0
TW,Taiwan,1988,wheat,862.0,862.0,0.0
TW,Taiwan,1989,maize,5209.0,209.0,5000.0
TW,Taiwan,1989,rice,1585.0,0.0,0.0
TW,Taiwan,1989,wheat,879.0,879.0,0.0
TW,Taiwan,1990,maize,5571.0,171.0,5400.0
TW,Taiwan,1990,rice,1600.0,0.0,0.0
TW,Taiwan,1990,wheat,881.0,881.0,0.0
TW,Taiwan,1991,maize,5598.0,298.0,5300.0
TW,Taiwan,1991,rice,1645.0,0.0,0.0
TW,Taiwan,1991,wheat,841.0,841.0,0.0
TW,Taiwan,1992,maize,5905.0,355.0,5550.0
TW,Taiwan,1992,rice,1500.0,0.0,0.0
TW,Taiwan,1992,wheat,922.0,877.0,45.0
TW,Taiwan,1993,maize,5681.0,331.0,5350.0
TW,Taiwan,1993,rice,1475.0,0.0,0.0
TW,Taiwan,1993,wheat,917.0,874.0,43.0
TW,Taiwan,1994,maize,5907.0,207.0,5700.0
TW,Taiwan,1994,rice,1450.0,0.0,0.0
TW,Taiwan,1994,wheat,895.0,852.0,43.0
TW,Taiwan,1995,maize,6057.0,307.0,5750.0
TW,Taiwan,1995,rice,1375.0,0.0,0.0
TW,Taiwan,1995,wheat,900.0,857.0,43.0
TW,Taiwan,1996,maize,6011.0,311.0,5700.0
TW,Taiwan,1996,rice,1325.0,0.0,0.0
TW,Taiwan,1996,wheat,1024.0,979.0,45.0
TW,Taiwan,1997,maize,4694.0,263.0,4431.0
TW,Taiwan,1997,rice,1325.0,0.0,0.0
TW,Taiwan,1997,wheat,1032.0,987.0,45.0
TW,Taiwan,1998,maize,4690.0,290.0,4400.0
TW,Taiwan,1998,rice,1325.0,0.0,0.0
TW,Taiwan,1998,wheat,1024.0,979.0,45.0
TW,Taiwan,1999,maize,5000.0,150.0,4850.0
TW,Taiwan,1999,rice,1315.0,0.0,0.0
TW,Taiwan,1999,wheat,1028.0,978.0,50.0
TW,Taiwan,2000,maize,5150.0,200.0,4950.0
TW,Taiwan,2000,rice,1199.0,0.0,0.0
TW,Taiwan,2000,wheat,1036.0,991.0,45.0
TW,Taiwan,2001,maize,5150.0,200.0,4950.0
TW,Taiwan,2001,rice,1132.0,0.0,0.0
TW,Taiwan,2001,wheat,1055.0,1010.0,45.0
TW,Taiwan,2002,maize,5400.0,200.0,5200.0
TW,Taiwan,2002,rice,1150.0,0.0,0.0
TW,Taiwan,2002,wheat,1000.0,950.0,50.0
TW,Taiwan,2003,maize,5000.0,200.0,4800.0
TW,Taiwan,2003,rice,1150.0,0.0,0.0
TW,Taiwan,2003,wheat,1150.0,1000.0,150.0
TW,Taiwan,2004,maize,5175.0,225.0,4950.0
TW,Taiwan,2004,rice,1125.0,0.0,0.0
TW,Taiwan,2004,wheat,1120.0,1020.0,100.0
TW,Taiwan,2005,maize,5125.0,225.0,4900.0
TW,Taiwan,2005,rice,1125.0,0.0,0.0
TW,Taiwan,2005,wheat,1150.0,1050.0,100.0
TW,Taiwan,2006,maize,4975.0,225.0,4750.0
TW,Taiwan,2006,rice,1100.0,0.0,0.0
TW,Taiwan,2006,wheat,1100.0,1050.0,50.0
TW,Taiwan,2007,maize,4450.0,100.0,4350.0
TW,Taiwan,2007,rice,1050.0,0.0,0.0
TW,Taiwan,2007,wheat,1110.0,1100.0,10.0
TW,Taiwan,2008,maize,4650.0,150.0,4500.0
TW,Taiwan,2008,rice,1100.0,0.0,0.0
TW,Taiwan,2008,wheat,1085.0,1075.0,10.0
TW,Taiwan,2009,maize,4550.0,200.0,4350.0
TW,Taiwan,2009,rice,1140.0,0.0,0.0
TW,Taiwan,2009,wheat,1145.0,1110.0,35.0
TW,Taiwan,2010,maize,4325.0,225.0,4100.0
TW,Taiwan,2010,rice,1150.0,0.0,0.0
TW,Taiwan,2010,wheat,1205.0,1150.0,55.0
TW,Taiwan,2011,maize,4525.0,225.0,4300.0
TW,Taiwan,2011,rice,1280.0,0.0,0.0
TW,Taiwan,2011,wheat,1399.0,1190.0,209.0
TW,Taiwan,2012,maize,4225.0,225.0,4000.0
TW,Taiwan,2012,rice,1300.0,0.0,0.0
TW,Taiwan,2012,wheat,1315.0,1230.0,85.0
TW,Taiwan,2013,maize,4575.0,225.0,4350.0
TW,Taiwan,2013,rice,1270.0,0.0,0.0
TW,Taiwan,2013,wheat,1290.0,1250.0,40.0
TW,Taiwan,2014,maize,4125.0,225.0,3900.0
TW,Taiwan,2014,rice,1230.0,0.0,0.0
TW,Taiwan,2014,wheat,1310.0,1310.0,0.0
TW,Taiwan,2015,maize,4220.0,170.0,4050.0
TW,Taiwan,2015,rice,1150.0,0.0,0.0
TW,Taiwan,2015,wheat,1350.0,1325.0,25.0
TW,Taiwan,2016,maize,4200.0,150.0,4050.0
TW,Taiwan,2016,rice,1150.0,0.0,0.0
TW,Taiwan,2016,wheat,1364.0,1340.0,24.0
TW,Taiwan,2017,maize,4300.0,150.0,4150.0
TW,Taiwan,2017,rice,1150.0,0.0,0.0
TW,Taiwan,2017,wheat,1385.0,1360.0,25.0
TW,Taiwan,2018,maize,4420.0,150.0,4270.0
TW,Taiwan,2018,rice,1170.0,0.0,0.0
TW,Taiwan,2018,wheat,1405.0,1380.0,25.0
TW,Taiwan,2019,maize,4650.0,200.0,4450.0
TW,Taiwan,2019,rice,1150.0,0.0,0.0
TW,Taiwan,2019,wheat,1325.0,1250.0,75.0
TW,Taiwan,2020,maize,4700.0,200.0,4500.0
TW,Taiwan,2020,rice,1100.0,0.0,0.0
TW,Taiwan,2020,wheat,1325.0,1250.0,75.0
TW,Taiwan,2021,maize,4700.0,200.0,4500.0
TW,Taiwan,2021,rice,1150.0,0.0,0.0
TW,Taiwan,2021,wheat,1325.0,1250.0,75.0
TW,Taiwan,2022,maize,4400.0,200.0,4200.0
TW,Taiwan,2022,rice,1100.0,0.0,0.0
TW,Taiwan,2022,wheat,1300.0,1200.0,100.0
TW,Taiwan,2023,maize,4700.0,200.0,4500.0
TW,Taiwan,2023,rice,1100.0,0.0,0.0
TW,Taiwan,2023,wheat,1275.0,1200.0,75.0
TW,Taiwan,2024,maize,4550.0,200.0,4350.0
TW,Taiwan,2024,rice,1100.0,0.0,0.0
TW,Taiwan,2024,wheat,1275.0,1200.0,75.0
TW,Taiwan,2025,maize,4800.0,200.0,4600.0
TW,Taiwan,2025,rice,1050.0,0.0,0.0
TW,Taiwan,2025,wheat,1275.0,1200.0,75.0
TW,Taiwan,2026,maize,4700.0,200.0,4500.0
TW,Taiwan,2026,rice,1050.0,0.0,0.0
TW,Taiwan,2026,wheat,1300.0,1225.0,75.0
TX,Turkmenistan,1987,maize,268.0,16.0,252.0
TX,Turkmenistan,1987,rice,89.0,0.0,0.0
TX,Turkmenistan,1987,wheat,772.0,630.0,142.0
TX,Turkmenistan,1988,maize,332.0,16.0,316.0
TX,Turkmenistan,1988,rice,117.0,0.0,0.0
TX,Turkmenistan,1988,wheat,691.0,575.0,116.0
TX,Turkmenistan,1989,maize,326.0,16.0,310.0
TX,Turkmenistan,1989,rice,89.0,0.0,0.0
TX,Turkmenistan,1989,wheat,676.0,585.0,91.0
TX,Turkmenistan,1990,maize,325.0,16.0,309.0
TX,Turkmenistan,1990,rice,87.0,0.0,0.0
TX,Turkmenistan,1990,wheat,644.0,570.0,74.0
TX,Turkmenistan,1991,maize,273.0,16.0,257.0
TX,Turkmenistan,1991,rice,95.0,0.0,0.0
TX,Turkmenistan,1991,wheat,694.0,590.0,104.0
TX,Turkmenistan,1992,maize,262.0,21.0,241.0
TX,Turkmenistan,1992,rice,82.0,0.0,0.0
TX,Turkmenistan,1992,wheat,817.0,652.0,165.0
TX,Turkmenistan,1993,maize,158.0,20.0,138.0
TX,Turkmenistan,1993,rice,57.0,0.0,0.0
TX,Turkmenistan,1993,wheat,999.0,699.0,300.0
TX,Turkmenistan,1994,maize,159.0,21.0,138.0
TX,Turkmenistan,1994,rice,60.0,0.0,0.0
TX,Turkmenistan,1994,wheat,975.0,700.0,275.0
TX,Turkmenistan,1995,maize,206.0,22.0,184.0
TX,Turkmenistan,1995,rice,58.0,0.0,0.0
TX,Turkmenistan,1995,wheat,1045.0,595.0,450.0
TX,Turkmenistan,1996,maize,132.0,12.0,120.0
TX,Turkmenistan,1996,rice,50.0,0.0,0.0
TX,Turkmenistan,1996,wheat,1030.0,680.0,350.0
TX,Turkmenistan,1997,maize,60.0,15.0,45.0
TX,Turkmenistan,1997,rice,40.0,0.0,0.0
TX,Turkmenistan,1997,wheat,750.0,650.0,100.0
TX,Turkmenistan,1998,maize,50.0,10.0,40.0
TX,Turkmenistan,1998,rice,17.0,0.0,0.0
TX,Turkmenistan,1998,wheat,1078.0,828.0,250.0
TX,Turkmenistan,1999,maize,50.0,10.0,40.0
TX,Turkmenistan,1999,rice,22.0,0.0,0.0
TX,Turkmenistan,1999,wheat,1011.0,811.0,200.0
TX,Turkmenistan,2000,maize,50.0,10.0,40.0
TX,Turkmenistan,2000,rice,18.0,0.0,0.0
TX,Turkmenistan,2000,wheat,1125.0,825.0,300.0
TX,Turkmenistan,2001,maize,50.0,10.0,40.0
TX,Turkmenistan,2001,rice,25.0,0.0,0.0
TX,Turkmenistan,2001,wheat,1135.0,835.0,300.0
TX,Turkmenistan,2002,maize,50.0,10.0,40.0
TX,Turkmenistan,2002,rice,47.0,0.0,0.0
TX,Turkmenistan,2002,wheat,1145.0,845.0,300.0
TX,Turkmenistan,2003,maize,50.0,10.0,40.0
TX,Turkmenistan,2003,rice,71.0,0.0,0.0
TX,Turkmenistan,2003,wheat,1205.0,855.0,350.0
TX,Turkmenistan,2004,maize,50.0,10.0,40.0
TX,Turkmenistan,2004,rice,72.0,0.0,0.0
TX,Turkmenistan,2004,wheat,1465.0,865.0,600.0
TX,Turkmenistan,2005,maize,50.0,10.0,40.0
TX,Turkmenistan,2005,rice,78.0,0.0,0.0
TX,Turkmenistan,2005,wheat,1500.0,900.0,600.0
TX,Turkmenistan,2006,maize,50.0,10.0,40.0
TX,Turkmenistan,2006,rice,88.0,0.0,0.0
TX,Turkmenistan,2006,wheat,1510.0,910.0,600.0
TX,Turkmenistan,2007,maize,50.0,10.0,40.0
TX,Turkmenistan,2007,rice,72.0,0.0,0.0
TX,Turkmenistan,2007,wheat,1520.0,920.0,600.0
TX,Turkmenistan,2008,maize,3.0,3.0,0.0
TX,Turkmenistan,2008,rice,76.0,0.0,0.0
TX,Turkmenistan,2008,wheat,1530.0,930.0,600.0
TX,Turkmenistan,2009,maize,10.0,10.0,0.0
TX,Turkmenistan,2009,rice,100.0,0.0,0.0
TX,Turkmenistan,2009,wheat,1520.0,920.0,600.0
TX,Turkmenistan,2010,maize,6.0,6.0,0.0
TX,Turkmenistan,2010,rice,125.0,0.0,0.0
TX,Turkmenistan,2010,wheat,1430.0,930.0,500.0
TX,Turkmenistan,2011,maize,7.0,7.0,0.0
TX,Turkmenistan,2011,rice,130.0,0.0,0.0
TX,Turkmenistan,2011,wheat,1440.0,940.0,500.0
TX,Turkmenistan,2012,maize,48.0,10.0,38.0
TX,Turkmenistan,2012,rice,130.0,0.0,0.0
TX,Turkmenistan,2012,wheat,1450.0,950.0,500.0
TX,Turkmenistan,2013,maize,52.0,10.0,42.0
TX,Turkmenistan,2013,rice,125.0,0.0,0.0
TX,Turkmenistan,2013,wheat,1460.0,960.0,500.0
TX,Turkmenistan,2014,maize,51.0,10.0,41.0
TX,Turkmenistan,2014,rice,120.0,0.0,0.0
TX,Turkmenistan,2014,wheat,1470.0,970.0,500.0
TX,Turkmenistan,2015,maize,52.0,10.0,42.0
TX,Turkmenistan,2015,rice,118.0,0.0,0.0
TX,Turkmenistan,2015,wheat,1280.0,980.0,300.0
TX,Turkmenistan,2016,maize,51.0,10.0,41.0
TX,Turkmenistan,2016,rice,75.0,0.0,0.0
TX,Turkmenistan,2016,wheat,1290.0,990.0,300.0
TX,Turkmenistan,2017,maize,52.0,10.0,42.0
TX,Turkmenistan,2017,rice,77.0,0.0,0.0
TX,Turkmenistan,2017,wheat,1290.0,990.0,300.0
TX,Turkmenistan,2018,maize,42.0,10.0,32.0
TX,Turkmenistan,2018,rice,57.0,0.0,0.0
TX,Turkmenistan,2018,wheat,1350.0,1000.0,350.0
TX,Turkmenistan,2019,maize,18.0,5.0,13.0
TX,Turkmenistan,2019,rice,55.0,0.0,0.0
TX,Turkmenistan,2019,wheat,1450.0,1000.0,450.0
TX,Turkmenistan,2020,maize,19.0,5.0,14.0
TX,Turkmenistan,2020,rice,56.0,0.0,0.0
TX,Turkmenistan,2020,wheat,1575.0,1125.0,450.0
TX,Turkmenistan,2021,maize,15.0,5.0,10.0
TX,Turkmenistan,2021,rice,66.0,0.0,0.0
TX,Turkmenistan,2021,wheat,1550.0,1150.0,400.0
TX,Turkmenistan,2022,maize,17.0,5.0,12.0
TX,Turkmenistan,2022,rice,58.0,0.0,0.0
TX,Turkmenistan,2022,wheat,1525.0,1175.0,350.0
TX,Turkmenistan,2023,maize,9.0,5.0,4.0
TX,Turkmenistan,2023,rice,55.0,0.0,0.0
TX,Turkmenistan,2023,wheat,1200.0,1050.0,150.0
TX,Turkmenistan,2024,maize,12.0,5.0,7.0
TX,Turkmenistan,2024,rice,57.0,0.0,0.0
TX,Turkmenistan,2024,wheat,1150.0,1000.0,150.0
TX,Turkmenistan,2025,maize,13.0,5.0,8.0
TX,Turkmenistan,2025,rice,61.0,0.0,0.0
TX,Turkmenistan,2025,wheat,1000.0,950.0,50.0
TX,Turkmenistan,2026,maize,13.0,5.0,8.0
TX,Turkmenistan,2026,rice,58.0,0.0,0.0
TX,Turkmenistan,2026,wheat,1050.0,950.0,100.0
TZ,Tanzania,1960,maize,523.0,523.0,0.0
TZ,Tanzania,1960,rice,65.0,0.0,0.0
TZ,Tanzania,1960,wheat,24.0,24.0,0.0
TZ,Tanzania,1961,maize,505.0,505.0,0.0
TZ,Tanzania,1961,rice,73.0,0.0,0.0
TZ,Tanzania,1961,wheat,19.0,19.0,0.0
TZ,Tanzania,1962,maize,488.0,488.0,0.0
TZ,Tanzania,1962,rice,84.0,0.0,0.0
TZ,Tanzania,1962,wheat,39.0,39.0,0.0
TZ,Tanzania,1963,maize,721.0,721.0,0.0
TZ,Tanzania,1963,rice,132.0,0.0,0.0
TZ,Tanzania,1963,wheat,43.0,43.0,0.0
TZ,Tanzania,1964,maize,542.0,542.0,0.0
TZ,Tanzania,1964,rice,86.0,0.0,0.0
TZ,Tanzania,1964,wheat,51.0,51.0,0.0
TZ,Tanzania,1965,maize,516.0,516.0,0.0
TZ,Tanzania,1965,rice,71.0,0.0,0.0
TZ,Tanzania,1965,wheat,39.0,39.0,0.0
TZ,Tanzania,1966,maize,1127.0,1127.0,0.0
TZ,Tanzania,1966,rice,116.0,0.0,0.0
TZ,Tanzania,1966,wheat,40.0,40.0,0.0
TZ,Tanzania,1967,maize,553.0,553.0,0.0
TZ,Tanzania,1967,rice,98.0,0.0,0.0
TZ,Tanzania,1967,wheat,42.0,42.0,0.0
TZ,Tanzania,1968,maize,604.0,604.0,0.0
TZ,Tanzania,1968,rice,107.0,0.0,0.0
TZ,Tanzania,1968,wheat,63.0,63.0,0.0
TZ,Tanzania,1969,maize,572.0,572.0,0.0
TZ,Tanzania,1969,rice,106.0,0.0,0.0
TZ,Tanzania,1969,wheat,49.0,49.0,0.0
TZ,Tanzania,1970,maize,591.0,591.0,0.0
TZ,Tanzania,1970,rice,131.0,0.0,0.0
TZ,Tanzania,1970,wheat,79.0,79.0,0.0
TZ,Tanzania,1971,maize,751.0,751.0,0.0
TZ,Tanzania,1971,rice,137.0,0.0,0.0
TZ,Tanzania,1971,wheat,100.0,100.0,0.0
TZ,Tanzania,1972,maize,930.0,930.0,0.0
TZ,Tanzania,1972,rice,115.0,0.0,0.0
TZ,Tanzania,1972,wheat,117.0,117.0,0.0
TZ,Tanzania,1973,maize,1049.0,1049.0,0.0
TZ,Tanzania,1973,rice,141.0,0.0,0.0
TZ,Tanzania,1973,wheat,112.0,112.0,0.0
TZ,Tanzania,1974,maize,841.0,841.0,0.0
TZ,Tanzania,1974,rice,160.0,0.0,0.0
TZ,Tanzania,1974,wheat,135.0,135.0,0.0
TZ,Tanzania,1975,maize,886.0,886.0,0.0
TZ,Tanzania,1975,rice,230.0,0.0,0.0
TZ,Tanzania,1975,wheat,100.0,100.0,0.0
TZ,Tanzania,1976,maize,927.0,927.0,0.0
TZ,Tanzania,1976,rice,235.0,0.0,0.0
TZ,Tanzania,1976,wheat,104.0,104.0,0.0
TZ,Tanzania,1977,maize,905.0,881.0,24.0
TZ,Tanzania,1977,rice,275.0,0.0,0.0
TZ,Tanzania,1977,wheat,119.0,119.0,0.0
TZ,Tanzania,1978,maize,1006.0,980.0,26.0
TZ,Tanzania,1978,rice,270.0,0.0,0.0
TZ,Tanzania,1978,wheat,120.0,120.0,0.0
TZ,Tanzania,1979,maize,1838.0,1818.0,20.0
TZ,Tanzania,1979,rice,264.0,0.0,0.0
TZ,Tanzania,1979,wheat,96.0,96.0,0.0
TZ,Tanzania,1980,maize,1718.0,1698.0,20.0
TZ,Tanzania,1980,rice,195.0,0.0,0.0
TZ,Tanzania,1980,wheat,83.0,83.0,0.0
TZ,Tanzania,1981,maize,1748.0,1728.0,20.0
TZ,Tanzania,1981,rice,212.0,0.0,0.0
TZ,Tanzania,1981,wheat,139.0,139.0,0.0
TZ,Tanzania,1982,maize,1334.0,1319.0,15.0
TZ,Tanzania,1982,rice,280.0,0.0,0.0
TZ,Tanzania,1982,wheat,128.0,128.0,0.0
TZ,Tanzania,1983,maize,1720.0,1705.0,15.0
TZ,Tanzania,1983,rice,282.0,0.0,0.0
TZ,Tanzania,1983,wheat,167.0,167.0,0.0
TZ,Tanzania,1984,maize,2130.0,2115.0,15.0
TZ,Tanzania,1984,rice,303.0,0.0,0.0
TZ,Tanzania,1984,wheat,148.0,148.0,0.0
TZ,Tanzania,1985,maize,2155.0,2135.0,20.0
TZ,Tanzania,1985,rice,405.0,0.0,0.0
TZ,Tanzania,1985,wheat,127.0,127.0,0.0
TZ,Tanzania,1986,maize,2111.0,2086.0,25.0
TZ,Tanzania,1986,rice,407.0,0.0,0.0
TZ,Tanzania,1986,wheat,159.0,159.0,0.0
TZ,Tanzania,1987,maize,2240.0,2200.0,40.0
TZ,Tanzania,1987,rice,417.0,0.0,0.0
TZ,Tanzania,1987,wheat,143.0,143.0,0.0
TZ,Tanzania,1988,maize,1890.0,1865.0,25.0
TZ,Tanzania,1988,rice,477.0,0.0,0.0
TZ,Tanzania,1988,wheat,159.0,159.0,0.0
TZ,Tanzania,1989,maize,2974.0,2929.0,45.0
TZ,Tanzania,1989,rice,487.0,0.0,0.0
TZ,Tanzania,1989,wheat,147.0,147.0,0.0
TZ,Tanzania,1990,maize,2636.0,2591.0,45.0
TZ,Tanzania,1990,rice,500.0,0.0,0.0
TZ,Tanzania,1990,wheat,191.0,191.0,0.0
TZ,Tanzania,1991,maize,2557.0,2512.0,45.0
TZ,Tanzania,1991,rice,500.0,0.0,0.0
TZ,Tanzania,1991,wheat,159.0,159.0,0.0
TZ,Tanzania,1992,maize,2415.0,2365.0,50.0
TZ,Tanzania,1992,rice,433.0,0.0,0.0
TZ,Tanzania,1992,wheat,179.0,179.0,0.0
TZ,Tanzania,1993,maize,2507.0,2457.0,50.0
TZ,Tanzania,1993,rice,450.0,0.0,0.0
TZ,Tanzania,1993,wheat,188.0,188.0,0.0
TZ,Tanzania,1994,maize,2320.0,2270.0,50.0
TZ,Tanzania,1994,rice,457.0,0.0,0.0
TZ,Tanzania,1994,wheat,144.0,144.0,0.0
TZ,Tanzania,1995,maize,2428.0,2378.0,50.0
TZ,Tanzania,1995,rice,501.0,0.0,0.0
TZ,Tanzania,1995,wheat,115.0,115.0,0.0
TZ,Tanzania,1996,maize,2693.0,2643.0,50.0
TZ,Tanzania,1996,rice,628.0,0.0,0.0
TZ,Tanzania,1996,wheat,241.0,241.0,0.0
TZ,Tanzania,1997,maize,1992.0,1942.0,50.0
TZ,Tanzania,1997,rice,474.0,0.0,0.0
TZ,Tanzania,1997,wheat,202.0,202.0,0.0
TZ,Tanzania,1998,maize,2630.0,2580.0,50.0
TZ,Tanzania,1998,rice,644.0,0.0,0.0
TZ,Tanzania,1998,wheat,424.0,424.0,0.0
TZ,Tanzania,1999,maize,2600.0,2550.0,50.0
TZ,Tanzania,1999,rice,761.0,0.0,0.0
TZ,Tanzania,1999,wheat,347.0,347.0,0.0
TZ,Tanzania,2000,maize,2250.0,2200.0,50.0
TZ,Tanzania,2000,rice,761.0,0.0,0.0
TZ,Tanzania,2000,wheat,435.0,435.0,0.0
TZ,Tanzania,2001,maize,2450.0,2400.0,50.0
TZ,Tanzania,2001,rice,744.0,0.0,0.0
TZ,Tanzania,2001,wheat,455.0,455.0,0.0
TZ,Tanzania,2002,maize,2600.0,2550.0,50.0
TZ,Tanzania,2002,rice,845.0,0.0,0.0
TZ,Tanzania,2002,wheat,296.0,296.0,0.0
TZ,Tanzania,2003,maize,2600.0,2550.0,50.0
TZ,Tanzania,2003,rice,920.0,0.0,0.0
TZ,Tanzania,2003,wheat,420.0,420.0,0.0
TZ,Tanzania,2004,maize,3200.0,3000.0,200.0
TZ,Tanzania,2004,rice,686.0,0.0,0.0
TZ,Tanzania,2004,wheat,611.0,611.0,0.0
TZ,Tanzania,2005,maize,3200.0,3000.0,200.0
TZ,Tanzania,2005,rice,884.0,0.0,0.0
TZ,Tanzania,2005,wheat,632.0,632.0,0.0
TZ,Tanzania,2006,maize,3200.0,3000.0,200.0
TZ,Tanzania,2006,rice,888.0,0.0,0.0
TZ,Tanzania,2006,wheat,646.0,646.0,0.0
TZ,Tanzania,2007,maize,3200.0,3000.0,200.0
TZ,Tanzania,2007,rice,951.0,0.0,0.0
TZ,Tanzania,2007,wheat,471.0,471.0,0.0
TZ,Tanzania,2008,maize,3700.0,3500.0,200.0
TZ,Tanzania,2008,rice,963.0,0.0,0.0
TZ,Tanzania,2008,wheat,573.0,573.0,0.0
TZ,Tanzania,2009,maize,3700.0,3500.0,200.0
TZ,Tanzania,2009,rice,961.0,0.0,0.0
TZ,Tanzania,2009,wheat,802.0,802.0,0.0
TZ,Tanzania,2010,maize,4000.0,3600.0,400.0
TZ,Tanzania,2010,rice,1360.0,0.0,0.0
TZ,Tanzania,2010,wheat,632.0,632.0,0.0
TZ,Tanzania,2011,maize,4200.0,3800.0,400.0
TZ,Tanzania,2011,rice,1584.0,0.0,0.0
TZ,Tanzania,2011,wheat,796.0,796.0,0.0
TZ,Tanzania,2012,maize,5000.0,4300.0,700.0
TZ,Tanzania,2012,rice,1359.0,0.0,0.0
TZ,Tanzania,2012,wheat,904.0,904.0,0.0
TZ,Tanzania,2013,maize,5000.0,4200.0,800.0
TZ,Tanzania,2013,rice,1610.0,0.0,0.0
TZ,Tanzania,2013,wheat,925.0,925.0,0.0
TZ,Tanzania,2014,maize,5950.0,4950.0,1000.0
TZ,Tanzania,2014,rice,1826.0,0.0,0.0
TZ,Tanzania,2014,wheat,970.0,970.0,0.0
TZ,Tanzania,2015,maize,5550.0,4550.0,1000.0
TZ,Tanzania,2015,rice,2127.0,0.0,0.0
TZ,Tanzania,2015,wheat,990.0,990.0,0.0
TZ,Tanzania,2016,maize,6100.0,5200.0,900.0
TZ,Tanzania,2016,rice,2439.0,0.0,0.0
TZ,Tanzania,2016,wheat,980.0,980.0,0.0
TZ,Tanzania,2017,maize,6400.0,5500.0,900.0
TZ,Tanzania,2017,rice,1838.0,0.0,0.0
TZ,Tanzania,2017,wheat,1100.0,1100.0,0.0
TZ,Tanzania,2018,maize,6300.0,5400.0,900.0
TZ,Tanzania,2018,rice,2464.0,0.0,0.0
TZ,Tanzania,2018,wheat,900.0,900.0,0.0
TZ,Tanzania,2019,maize,6100.0,5200.0,900.0
TZ,Tanzania,2019,rice,2454.0,0.0,0.0
TZ,Tanzania,2019,wheat,1100.0,1100.0,0.0
TZ,Tanzania,2020,maize,6100.0,5200.0,900.0
TZ,Tanzania,2020,rice,1910.0,0.0,0.0
TZ,Tanzania,2020,wheat,1100.0,1100.0,0.0
TZ,Tanzania,2021,maize,6150.0,5500.0,650.0
TZ,Tanzania,2021,rice,1637.0,0.0,0.0
TZ,Tanzania,2021,wheat,1100.0,1100.0,0.0
TZ,Tanzania,2022,maize,6600.0,5800.0,800.0
TZ,Tanzania,2022,rice,2535.0,0.0,0.0
TZ,Tanzania,2022,wheat,1200.0,1200.0,0.0
TZ,Tanzania,2023,maize,7300.0,6100.0,1200.0
TZ,Tanzania,2023,rice,2625.0,0.0,0.0
TZ,Tanzania,2023,wheat,1250.0,1250.0,0.0
TZ,Tanzania,2024,maize,7300.0,6100.0,1200.0
TZ,Tanzania,2024,rice,2260.0,0.0,0.0
TZ,Tanzania,2024,wheat,1375.0,1375.0,0.0
TZ,Tanzania,2025,maize,7000.0,6000.0,1000.0
TZ,Tanzania,2025,rice,2945.0,0.0,0.0
TZ,Tanzania,2025,wheat,1550.0,1550.0,0.0
TZ,Tanzania,2026,maize,7200.0,6200.0,1000.0
TZ,Tanzania,2026,rice,2750.0,0.0,0.0
TZ,Tanzania,2026,wheat,1700.0,1700.0,0.0
UG,Uganda,1960,maize,189.0,189.0,0.0
UG,Uganda,1961,maize,196.0,196.0,0.0
UG,Uganda,1962,maize,184.0,184.0,0.0
UG,Uganda,1963,maize,172.0,172.0,0.0
UG,Uganda,1964,maize,220.0,220.0,0.0
UG,Uganda,1965,maize,301.0,301.0,0.0
UG,Uganda,1966,maize,244.0,244.0,0.0
UG,Uganda,1967,maize,231.0,231.0,0.0
UG,Uganda,1968,maize,333.0,333.0,0.0
UG,Uganda,1969,maize,337.0,337.0,0.0
UG,Uganda,1970,maize,338.0,338.0,0.0
UG,Uganda,1971,maize,335.0,335.0,0.0
UG,Uganda,1972,maize,354.0,354.0,0.0
UG,Uganda,1973,maize,332.0,332.0,0.0
UG,Uganda,1974,maize,430.0,430.0,0.0
UG,Uganda,1975,maize,523.0,523.0,0.0
UG,Uganda,1976,maize,623.0,623.0,0.0
UG,Uganda,1977,maize,600.0,600.0,0.0
UG,Uganda,1978,maize,580.0,580.0,0.0
UG,Uganda,1979,maize,483.0,483.0,0.0
UG,Uganda,1980,maize,386.0,386.0,0.0
UG,Uganda,1981,maize,400.0,400.0,0.0
UG,Uganda,1982,maize,397.0,397.0,0.0
UG,Uganda,1983,maize,413.0,413.0,0.0
UG,Uganda,1984,maize,441.0,441.0,0.0
UG,Uganda,1985,maize,460.0,460.0,0.0
UG,Uganda,1986,maize,465.0,465.0,0.0
UG,Uganda,1987,maize,360.0,360.0,0.0
UG,Uganda,1988,maize,440.0,440.0,0.0
UG,Uganda,1989,maize,631.0,631.0,0.0
UG,Uganda,1990,maize,600.0,600.0,0.0
UG,Uganda,1991,maize,524.0,524.0,0.0
UG,Uganda,1992,maize,646.0,646.0,0.0
UG,Uganda,1993,maize,703.0,703.0,0.0
UG,Uganda,1994,maize,831.0,831.0,0.0
UG,Uganda,1995,maize,913.0,913.0,0.0
UG,Uganda,1996,maize,882.0,882.0,0.0
UG,Uganda,1997,maize,734.0,734.0,0.0
UG,Uganda,1998,maize,747.0,747.0,0.0
UG,Uganda,1999,maize,705.0,705.0,0.0
UG,Uganda,2000,maize,776.0,776.0,0.0
UG,Uganda,2000,rice,116.0,0.0,0.0
UG,Uganda,2001,maize,758.0,758.0,0.0
UG,Uganda,2001,rice,119.0,0.0,0.0
UG,Uganda,2002,maize,1196.0,1196.0,0.0
UG,Uganda,2002,rice,123.0,0.0,0.0
UG,Uganda,2003,maize,1225.0,1225.0,0.0
UG,Uganda,2003,rice,141.0,0.0,0.0
UG,Uganda,2004,maize,1030.0,1030.0,0.0
UG,Uganda,2004,rice,129.0,0.0,0.0
UG,Uganda,2005,maize,1150.0,1150.0,0.0
UG,Uganda,2005,rice,134.0,0.0,0.0
UG,Uganda,2006,maize,1200.0,1100.0,100.0
UG,Uganda,2006,rice,145.0,0.0,0.0
UG,Uganda,2007,maize,1200.0,1100.0,100.0
UG,Uganda,2007,rice,145.0,0.0,0.0
UG,Uganda,2008,maize,1250.0,1150.0,100.0
UG,Uganda,2008,rice,157.0,0.0,0.0
UG,Uganda,2009,maize,2000.0,1800.0,200.0
UG,Uganda,2009,rice,179.0,0.0,0.0
UG,Uganda,2010,maize,2200.0,2000.0,200.0
UG,Uganda,2010,rice,182.0,0.0,0.0
UG,Uganda,2010,wheat,131.0,131.0,0.0
UG,Uganda,2011,maize,2400.0,2200.0,200.0
UG,Uganda,2011,rice,216.0,0.0,0.0
UG,Uganda,2011,wheat,216.0,216.0,0.0
UG,Uganda,2012,maize,2700.0,2500.0,200.0
UG,Uganda,2012,rice,188.0,0.0,0.0
UG,Uganda,2012,wheat,404.0,404.0,0.0
UG,Uganda,2013,maize,2500.0,2300.0,200.0
UG,Uganda,2013,rice,209.0,0.0,0.0
UG,Uganda,2013,wheat,337.0,337.0,0.0
UG,Uganda,2014,maize,2500.0,2300.0,200.0
UG,Uganda,2014,rice,204.0,0.0,0.0
UG,Uganda,2014,wheat,309.0,309.0,0.0
UG,Uganda,2015,maize,2650.0,2450.0,200.0
UG,Uganda,2015,rice,194.0,0.0,0.0
UG,Uganda,2015,wheat,281.0,281.0,0.0
UG,Uganda,2016,maize,2600.0,2400.0,200.0
UG,Uganda,2016,rice,220.0,0.0,0.0
UG,Uganda,2016,wheat,405.0,405.0,0.0
UG,Uganda,2017,maize,2400.0,2200.0,200.0
UG,Uganda,2017,rice,163.0,0.0,0.0
UG,Uganda,2017,wheat,450.0,450.0,0.0
UG,Uganda,2018,maize,3000.0,2600.0,400.0
UG,Uganda,2018,rice,179.0,0.0,0.0
UG,Uganda,2018,wheat,448.0,448.0,0.0
UG,Uganda,2019,maize,4300.0,3500.0,800.0
UG,Uganda,2019,rice,236.0,0.0,0.0
UG,Uganda,2019,wheat,530.0,530.0,0.0
UG,Uganda,2020,maize,4200.0,3400.0,800.0
UG,Uganda,2020,rice,282.0,0.0,0.0
UG,Uganda,2020,wheat,560.0,560.0,0.0
UG,Uganda,2021,maize,3900.0,3300.0,600.0
UG,Uganda,2021,rice,253.0,0.0,0.0
UG,Uganda,2021,wheat,600.0,600.0,0.0
UG,Uganda,2022,maize,4300.0,3500.0,800.0
UG,Uganda,2022,rice,266.0,0.0,0.0
UG,Uganda,2022,wheat,600.0,600.0,0.0
UG,Uganda,2023,maize,4500.0,3700.0,800.0
UG,Uganda,2023,rice,277.0,0.0,0.0
UG,Uganda,2023,wheat,450.0,450.0,0.0
UG,Uganda,2024,maize,4700.0,3800.0,900.0
UG,Uganda,2024,rice,235.0,0.0,0.0
UG,Uganda,2024,wheat,550.0,550.0,0.0
UG,Uganda,2025,maize,4400.0,3700.0,700.0
UG,Uganda,2025,rice,277.0,0.0,0.0
UG,Uganda,2025,wheat,700.0,700.0,0.0
UG,Uganda,2026,maize,4700.0,3800.0,900.0
UG,Uganda,2026,rice,277.0,0.0,0.0
UG,Uganda,2026,wheat,750.0,750.0,0.0
UK,United Kingdom,2016,maize,1738.0,574.0,1164.0
UK,United Kingdom,2016,rice,538.0,0.0,0.0
UK,United Kingdom,2016,wheat,15973.0,8400.0,7573.0
UK,United Kingdom,2017,maize,1906.0,647.0,1259.0
UK,United Kingdom,2017,rice,550.0,0.0,0.0
UK,United Kingdom,2017,wheat,16340.0,8200.0,8140.0
UK,United Kingdom,2018,maize,2601.0,804.0,1797.0
UK,United Kingdom,2018,rice,550.0,0.0,0.0
UK,United Kingdom,2018,wheat,15047.0,7350.0,7697.0
UK,United Kingdom,2019,maize,2363.0,804.0,1559.0
UK,United Kingdom,2019,rice,600.0,0.0,0.0
UK,United Kingdom,2019,wheat,15500.0,7500.0,8000.0
UK,United Kingdom,2020,maize,2760.0,1011.0,1749.0
UK,United Kingdom,2020,rice,600.0,0.0,0.0
UK,United Kingdom,2020,wheat,13605.0,7300.0,6305.0
UK,United Kingdom,2021,maize,2069.0,859.0,1210.0
UK,United Kingdom,2021,rice,610.0,0.0,0.0
UK,United Kingdom,2021,wheat,15324.0,8000.0,7324.0
UK,United Kingdom,2022,maize,2127.0,795.0,1332.0
UK,United Kingdom,2022,rice,615.0,0.0,0.0
UK,United Kingdom,2022,wheat,15200.0,8000.0,7200.0
UK,United Kingdom,2023,maize,2454.0,926.0,1528.0
UK,United Kingdom,2023,rice,615.0,0.0,0.0
UK,United Kingdom,2023,wheat,15594.0,8194.0,7400.0
UK,United Kingdom,2024,maize,2961.0,1070.0,1891.0
UK,United Kingdom,2024,rice,635.0,0.0,0.0
UK,United Kingdom,2024,wheat,15025.0,8200.0,6825.0
UK,United Kingdom,2025,maize,2600.0,700.0,1900.0
UK,United Kingdom,2025,rice,655.0,0.0,0.0
UK,United Kingdom,2025,wheat,15000.0,7800.0,7200.0
UK,United Kingdom,2026,maize,2450.0,650.0,1800.0
UK,United Kingdom,2026,rice,675.0,0.0,0.0
UK,United Kingdom,2026,wheat,15200.0,8000.0,7200.0
UP,Ukraine,1987,maize,6915.0,1250.0,5665.0
UP,Ukraine,1987,rice,186.0,0.0,0.0
UP,Ukraine,1987,wheat,21329.0,10450.0,10879.0
UP,Ukraine,1988,maize,8855.0,1100.0,7755.0
UP,Ukraine,1988,rice,206.0,0.0,0.0
UP,Ukraine,1988,wheat,21303.0,10400.0,10903.0
UP,Ukraine,1989,maize,8017.0,950.0,7067.0
UP,Ukraine,1989,rice,174.0,0.0,0.0
UP,Ukraine,1989,wheat,24692.0,10800.0,13892.0
UP,Ukraine,1990,maize,5009.0,975.0,4034.0
UP,Ukraine,1990,rice,146.0,0.0,0.0
UP,Ukraine,1990,wheat,27980.0,10850.0,17130.0
UP,Ukraine,1991,maize,5586.0,900.0,4686.0
UP,Ukraine,1991,rice,81.0,0.0,0.0
UP,Ukraine,1991,wheat,22969.0,10500.0,12469.0
UP,Ukraine,1992,maize,3851.0,850.0,3001.0
UP,Ukraine,1992,rice,80.0,0.0,0.0
UP,Ukraine,1992,wheat,21820.0,10450.0,11370.0
UP,Ukraine,1993,maize,3308.0,756.0,2552.0
UP,Ukraine,1993,rice,63.0,0.0,0.0
UP,Ukraine,1993,wheat,19455.0,10645.0,8810.0
UP,Ukraine,1994,maize,2181.0,642.0,1539.0
UP,Ukraine,1994,rice,115.0,0.0,0.0
UP,Ukraine,1994,wheat,15557.0,10167.0,5390.0
UP,Ukraine,1995,maize,2736.0,830.0,1906.0
UP,Ukraine,1995,rice,129.0,0.0,0.0
UP,Ukraine,1995,wheat,15413.0,10213.0,5200.0
UP,Ukraine,1996,maize,2229.0,789.0,1440.0
UP,Ukraine,1996,rice,127.0,0.0,0.0
UP,Ukraine,1996,wheat,15515.0,10315.0,5200.0
UP,Ukraine,1997,maize,3830.0,1759.0,2071.0
UP,Ukraine,1997,rice,84.0,0.0,0.0
UP,Ukraine,1997,wheat,15643.0,10443.0,5200.0
UP,Ukraine,1998,maize,2823.0,1523.0,1300.0
UP,Ukraine,1998,rice,92.0,0.0,0.0
UP,Ukraine,1998,wheat,12419.0,10319.0,2100.0
UP,Ukraine,1999,maize,2000.0,600.0,1400.0
UP,Ukraine,1999,rice,65.0,0.0,0.0
UP,Ukraine,1999,wheat,12186.0,10286.0,1900.0
UP,Ukraine,2000,maize,2800.0,600.0,2200.0
UP,Ukraine,2000,rice,105.0,0.0,0.0
UP,Ukraine,2000,wheat,12155.0,10455.0,1700.0
UP,Ukraine,2001,maize,3300.0,600.0,2700.0
UP,Ukraine,2001,rice,111.0,0.0,0.0
UP,Ukraine,2001,wheat,13450.0,10450.0,3000.0
UP,Ukraine,2002,maize,3500.0,700.0,2800.0
UP,Ukraine,2002,rice,124.0,0.0,0.0
UP,Ukraine,2002,wheat,14500.0,10500.0,4000.0
UP,Ukraine,2003,maize,5600.0,700.0,4900.0
UP,Ukraine,2003,rice,130.0,0.0,0.0
UP,Ukraine,2003,wheat,9025.0,8600.0,425.0
UP,Ukraine,2004,maize,6000.0,700.0,5300.0
UP,Ukraine,2004,rice,125.0,0.0,0.0
UP,Ukraine,2004,wheat,11700.0,9600.0,2100.0
UP,Ukraine,2005,maize,5100.0,700.0,4400.0
UP,Ukraine,2005,rice,135.0,0.0,0.0
UP,Ukraine,2005,wheat,12500.0,9600.0,2900.0
UP,Ukraine,2006,maize,5250.0,750.0,4500.0
UP,Ukraine,2006,rice,146.0,0.0,0.0
UP,Ukraine,2006,wheat,11700.0,9600.0,2100.0
UP,Ukraine,2007,maize,5750.0,750.0,5000.0
UP,Ukraine,2007,rice,140.0,0.0,0.0
UP,Ukraine,2007,wheat,12300.0,9300.0,3000.0
UP,Ukraine,2008,maize,6350.0,750.0,5600.0
UP,Ukraine,2008,rice,146.0,0.0,0.0
UP,Ukraine,2008,wheat,11900.0,9000.0,2900.0
UP,Ukraine,2009,maize,5200.0,700.0,4500.0
UP,Ukraine,2009,rice,167.0,0.0,0.0
UP,Ukraine,2009,wheat,12300.0,9000.0,3300.0
UP,Ukraine,2010,maize,7100.0,1100.0,6000.0
UP,Ukraine,2010,rice,154.0,0.0,0.0
UP,Ukraine,2010,wheat,11600.0,8800.0,2800.0
UP,Ukraine,2011,maize,6900.0,1300.0,5600.0
UP,Ukraine,2011,rice,138.0,0.0,0.0
UP,Ukraine,2011,wheat,14950.0,8850.0,6100.0
UP,Ukraine,2012,maize,8600.0,1300.0,7300.0
UP,Ukraine,2012,rice,142.0,0.0,0.0
UP,Ukraine,2012,wheat,11400.0,8300.0,3100.0
UP,Ukraine,2013,maize,10600.0,1400.0,9200.0
UP,Ukraine,2013,rice,174.0,0.0,0.0
UP,Ukraine,2013,wheat,11500.0,8100.0,3400.0
UP,Ukraine,2014,maize,8600.0,1400.0,7200.0
UP,Ukraine,2014,rice,114.0,0.0,0.0
UP,Ukraine,2014,wheat,11500.0,7500.0,4000.0
UP,Ukraine,2015,maize,6850.0,1350.0,5500.0
UP,Ukraine,2015,rice,103.0,0.0,0.0
UP,Ukraine,2015,wheat,12200.0,7100.0,5100.0
UP,Ukraine,2016,maize,6500.0,1300.0,5200.0
UP,Ukraine,2016,rice,121.0,0.0,0.0
UP,Ukraine,2016,wheat,10300.0,6700.0,3600.0
UP,Ukraine,2017,maize,6150.0,1250.0,4900.0
UP,Ukraine,2017,rice,134.0,0.0,0.0
UP,Ukraine,2017,wheat,9800.0,6500.0,3300.0
UP,Ukraine,2018,maize,6200.0,1200.0,5000.0
UP,Ukraine,2018,rice,120.0,0.0,0.0
UP,Ukraine,2018,wheat,8800.0,6300.0,2500.0
UP,Ukraine,2019,maize,6400.0,1200.0,5200.0
UP,Ukraine,2019,rice,147.0,0.0,0.0
UP,Ukraine,2019,wheat,8300.0,6100.0,2200.0
UP,Ukraine,2020,maize,7100.0,1200.0,5900.0
UP,Ukraine,2020,rice,112.0,0.0,0.0
UP,Ukraine,2020,wheat,8700.0,6100.0,2600.0
UP,Ukraine,2021,maize,8200.0,1000.0,7200.0
UP,Ukraine,2021,rice,117.0,0.0,0.0
UP,Ukraine,2021,wheat,9500.0,6000.0,3500.0
UP,Ukraine,2022,maize,4700.0,900.0,3800.0
UP,Ukraine,2022,rice,79.0,0.0,0.0
UP,Ukraine,2022,wheat,7800.0,4800.0,3000.0
UP,Ukraine,2023,maize,5475.0,875.0,4600.0
UP,Ukraine,2023,rice,92.0,0.0,0.0
UP,Ukraine,2023,wheat,5900.0,4300.0,1600.0
UP,Ukraine,2024,maize,6500.0,1200.0,5300.0
UP,Ukraine,2024,rice,105.0,0.0,0.0
UP,Ukraine,2024,wheat,8500.0,4900.0,3600.0
UP,Ukraine,2025,maize,6500.0,1500.0,5000.0
UP,Ukraine,2025,rice,102.0,0.0,0.0
UP,Ukraine,2025,wheat,8800.0,5000.0,3800.0
UP,Ukraine,2026,maize,7200.0,1700.0,5500.0
UP,Ukraine,2026,rice,107.0,0.0,0.0
UP,Ukraine,2026,wheat,9200.0,5000.0,4200.0
UR,Union of Soviet Socialist Repu,1960,maize,9566.0,2312.0,7254.0
UR,Union of Soviet Socialist Repu,1960,rice,116.0,0.0,0.0
UR,Union of Soviet Socialist Repu,1960,wheat,53915.0,41463.0,12452.0
UR,Union of Soviet Socialist Repu,1961,maize,16008.0,3423.0,12585.0
UR,Union of Soviet Socialist Repu,1961,rice,470.0,0.0,0.0
UR,Union of Soviet Socialist Repu,1961,wheat,59671.0,43410.0,16261.0
UR,Union of Soviet Socialist Repu,1962,maize,14647.0,3199.0,11448.0
UR,Union of Soviet Socialist Repu,1962,rice,341.0,0.0,0.0
UR,Union of Soviet Socialist Repu,1962,wheat,59233.0,47589.0,11644.0
UR,Union of Soviet Socialist Repu,1963,maize,10558.0,2122.0,8436.0
UR,Union of Soviet Socialist Repu,1963,rice,578.0,0.0,0.0
UR,Union of Soviet Socialist Repu,1963,wheat,50233.0,45147.0,5086.0
UR,Union of Soviet Socialist Repu,1964,maize,13318.0,3124.0,10194.0
UR,Union of Soviet Socialist Repu,1964,rice,510.0,0.0,0.0
UR,Union of Soviet Socialist Repu,1964,wheat,58899.0,46298.0,12601.0
UR,Union of Soviet Socialist Repu,1965,maize,7826.0,2351.0,5475.0
UR,Union of Soviet Socialist Repu,1965,rice,553.0,0.0,0.0
UR,Union of Soviet Socialist Repu,1965,wheat,70595.0,47019.0,23576.0
UR,Union of Soviet Socialist Repu,1966,maize,8425.0,2263.0,6162.0
UR,Union of Soviet Socialist Repu,1966,rice,809.0,0.0,0.0
UR,Union of Soviet Socialist Repu,1966,wheat,64922.0,43907.0,21015.0
UR,Union of Soviet Socialist Repu,1967,maize,9323.0,2322.0,7001.0
UR,Union of Soviet Socialist Repu,1967,rice,778.0,0.0,0.0
UR,Union of Soviet Socialist Repu,1967,wheat,69191.0,45029.0,24162.0
UR,Union of Soviet Socialist Repu,1968,maize,9006.0,2481.0,6525.0
UR,Union of Soviet Socialist Repu,1968,rice,942.0,0.0,0.0
UR,Union of Soviet Socialist Repu,1968,wheat,78912.0,47474.0,31438.0
UR,Union of Soviet Socialist Repu,1969,maize,11935.0,3296.0,8639.0
UR,Union of Soviet Socialist Repu,1969,rice,906.0,0.0,0.0
UR,Union of Soviet Socialist Repu,1969,wheat,87651.0,50537.0,37114.0
UR,Union of Soviet Socialist Repu,1970,maize,9418.0,2863.0,6555.0
UR,Union of Soviet Socialist Repu,1970,rice,1005.0,0.0,0.0
UR,Union of Soviet Socialist Repu,1970,wheat,93882.0,50404.0,43478.0
UR,Union of Soviet Socialist Repu,1971,maize,10575.0,2369.0,8206.0
UR,Union of Soviet Socialist Repu,1971,rice,961.0,0.0,0.0
UR,Union of Soviet Socialist Repu,1971,wheat,86630.0,45236.0,41394.0
UR,Union of Soviet Socialist Repu,1972,maize,13682.0,2636.0,11046.0
UR,Union of Soviet Socialist Repu,1972,rice,1002.0,0.0,0.0
UR,Union of Soviet Socialist Repu,1972,wheat,91861.0,46620.0,45241.0
UR,Union of Soviet Socialist Repu,1973,maize,17648.0,3758.0,13890.0
UR,Union of Soviet Socialist Repu,1973,rice,991.0,0.0,0.0
UR,Union of Soviet Socialist Repu,1973,wheat,88559.0,52632.0,35927.0
UR,Union of Soviet Socialist Repu,1974,maize,13854.0,3223.0,10631.0
UR,Union of Soviet Socialist Repu,1974,rice,1326.0,0.0,0.0
UR,Union of Soviet Socialist Repu,1974,wheat,87772.0,49661.0,38111.0
UR,Union of Soviet Socialist Repu,1975,maize,19628.0,2566.0,17062.0
UR,Union of Soviet Socialist Repu,1975,rice,1370.0,0.0,0.0
UR,Union of Soviet Socialist Repu,1975,wheat,81426.0,47948.0,33478.0
UR,Union of Soviet Socialist Repu,1976,maize,15138.0,3184.0,11954.0
UR,Union of Soviet Socialist Repu,1976,rice,1534.0,0.0,0.0
UR,Union of Soviet Socialist Repu,1976,wheat,85697.0,52619.0,33078.0
UR,Union of Soviet Socialist Repu,1977,maize,21836.0,3484.0,18352.0
UR,Union of Soviet Socialist Repu,1977,rice,1588.0,0.0,0.0
UR,Union of Soviet Socialist Repu,1977,wheat,101727.0,53828.0,47899.0
UR,Union of Soviet Socialist Repu,1978,maize,18553.0,2855.0,15698.0
UR,Union of Soviet Socialist Repu,1978,rice,1589.0,0.0,0.0
UR,Union of Soviet Socialist Repu,1978,wheat,98590.0,48964.0,49626.0
UR,Union of Soviet Socialist Repu,1979,maize,22950.0,2900.0,20050.0
UR,Union of Soviet Socialist Repu,1979,rice,1876.0,0.0,0.0
UR,Union of Soviet Socialist Repu,1979,wheat,107385.0,50001.0,57384.0
UR,Union of Soviet Socialist Repu,1980,maize,21254.0,3330.0,17924.0
UR,Union of Soviet Socialist Repu,1980,rice,2786.0,0.0,0.0
UR,Union of Soviet Socialist Repu,1980,wheat,105985.0,52900.0,53085.0
UR,Union of Soviet Socialist Repu,1981,maize,27100.0,4300.0,22800.0
UR,Union of Soviet Socialist Repu,1981,rice,2212.0,0.0,0.0
UR,Union of Soviet Socialist Repu,1981,wheat,99616.0,48368.0,51248.0
UR,Union of Soviet Socialist Repu,1982,maize,22100.0,4400.0,17700.0
UR,Union of Soviet Socialist Repu,1982,rice,1665.0,0.0,0.0
UR,Union of Soviet Socialist Repu,1982,wheat,95186.0,47484.0,47702.0
UR,Union of Soviet Socialist Repu,1983,maize,22000.0,4750.0,17250.0
UR,Union of Soviet Socialist Repu,1983,rice,1568.0,0.0,0.0
UR,Union of Soviet Socialist Repu,1983,wheat,87741.0,48700.0,39041.0
UR,Union of Soviet Socialist Repu,1984,maize,32900.0,5400.0,27500.0
UR,Union of Soviet Socialist Repu,1984,rice,1632.0,0.0,0.0
UR,Union of Soviet Socialist Repu,1984,wheat,86775.0,48268.0,38507.0
UR,Union of Soviet Socialist Repu,1985,maize,24800.0,4050.0,20750.0
UR,Union of Soviet Socialist Repu,1985,rice,1794.0,0.0,0.0
UR,Union of Soviet Socialist Repu,1985,wheat,86075.0,46628.0,39447.0
UR,Union of Soviet Socialist Repu,1986,maize,19579.0,3850.0,15729.0
UR,Union of Soviet Socialist Repu,1986,rice,1784.0,0.0,0.0
UR,Union of Soviet Socialist Repu,1986,wheat,96498.0,46923.0,49575.0
US,United States,1960,maize,86468.0,7496.0,78972.0
US,United States,1960,rice,911.0,0.0,0.0
US,United States,1960,wheat,16082.0,15266.0,816.0
US,United States,1961,maize,90164.0,8000.0,82164.0
US,United States,1961,rice,997.0,0.0,0.0
US,United States,1961,wheat,16426.0,15229.0,1197.0
US,United States,1962,maize,88877.0,8191.0,80686.0
US,United States,1962,rice,937.0,0.0,0.0
US,United States,1962,wheat,16305.0,15353.0,952.0
US,United States,1963,maize,85682.0,8620.0,77062.0
US,United States,1963,rice,917.0,0.0,0.0
US,United States,1963,wheat,15815.0,15053.0,762.0
US,United States,1964,maize,84193.0,8849.0,75344.0
US,United States,1964,rice,1008.0,0.0,0.0
US,United States,1964,wheat,17263.0,15766.0,1497.0
US,United States,1965,maize,95259.0,9182.0,86077.0
US,United States,1965,rice,1081.0,0.0,0.0
US,United States,1965,wheat,18860.0,14887.0,3973.0
US,United States,1966,maize,94137.0,9345.0,84792.0
US,United States,1966,rice,1079.0,0.0,0.0
US,United States,1966,wheat,18859.0,16137.0,2722.0
US,United States,1967,maize,99239.0,9507.0,89732.0
US,United States,1967,rice,1190.0,0.0,0.0
US,United States,1967,wheat,17037.0,16057.0,980.0
US,United States,1968,maize,101034.0,9781.0,91253.0
US,United States,1968,rice,1420.0,0.0,0.0
US,United States,1968,wheat,20140.0,15895.0,4245.0
US,United States,1969,maize,106409.0,10099.0,96310.0
US,United States,1969,rice,1220.0,0.0,0.0
US,United States,1969,wheat,20794.0,15678.0,5116.0
US,United States,1970,maize,101413.0,10102.0,91311.0
US,United States,1970,rice,1308.0,0.0,0.0
US,United States,1970,wheat,21009.0,15756.0,5253.0
US,United States,1971,maize,111826.0,10190.0,101636.0
US,United States,1971,rice,1309.0,0.0,0.0
US,United States,1971,wheat,23359.0,16220.0,7139.0
US,United States,1972,maize,120840.0,11225.0,109615.0
US,United States,1972,rice,1324.0,0.0,0.0
US,United States,1972,wheat,22285.0,16815.0,5470.0
US,United States,1973,maize,118516.0,11708.0,106808.0
US,United States,1973,rice,1349.0,0.0,0.0
US,United States,1973,wheat,20517.0,17047.0,3470.0
US,United States,1974,maize,88404.0,11474.0,76930.0
US,United States,1974,rice,1496.0,0.0,0.0
US,United States,1974,wheat,18273.0,17209.0,1064.0
US,United States,1975,maize,104210.0,13229.0,90981.0
US,United States,1975,rice,1394.0,0.0,0.0
US,United States,1975,wheat,19753.0,18737.0,1016.0
US,United States,1976,maize,105264.0,13772.0,91492.0
US,United States,1976,rice,1618.0,0.0,0.0
US,United States,1976,wheat,20528.0,18505.0,2023.0
US,United States,1977,maize,109498.0,14758.0,94740.0
US,United States,1977,rice,1248.0,0.0,0.0
US,United States,1977,wheat,23378.0,18139.0,5239.0
US,United States,1978,maize,124018.0,15444.0,108574.0
US,United States,1978,rice,1708.0,0.0,0.0
US,United States,1978,wheat,22780.0,18491.0,4289.0
US,United States,1979,maize,132150.0,16243.0,115907.0
US,United States,1979,rice,1761.0,0.0,0.0
US,United States,1979,wheat,21313.0,18973.0,2340.0
US,United States,1980,maize,124246.0,16745.0,107501.0
US,United States,1980,rice,2046.0,0.0,0.0
US,United States,1980,wheat,21295.0,19690.0,1605.0
US,United States,1981,maize,126445.0,18629.0,107816.0
US,United States,1981,rice,2238.0,0.0,0.0
US,United States,1981,wheat,23056.0,19388.0,3668.0
US,United States,1982,maize,137871.0,21705.0,116166.0
US,United States,1982,rice,2056.0,0.0,0.0
US,United States,1982,wheat,24719.0,19416.0,5303.0
US,United States,1983,maize,122087.0,23625.0,98462.0
US,United States,1983,rice,1803.0,0.0,0.0
US,United States,1983,wheat,30310.0,20210.0,10100.0
US,United States,1984,maize,131621.0,27108.0,104513.0
US,United States,1984,rice,1911.0,0.0,0.0
US,United States,1984,wheat,31466.0,20384.0,11082.0
US,United States,1985,maize,133779.0,29274.0,104505.0
US,United States,1985,rice,2078.0,0.0,0.0
US,United States,1985,wheat,28619.0,20884.0,7735.0
US,United States,1986,maize,149686.0,31330.0,118356.0
US,United States,1986,rice,2493.0,0.0,0.0
US,United States,1986,wheat,32587.0,21669.0,10918.0
US,United States,1987,maize,153446.0,31794.0,121652.0
US,United States,1987,rice,2580.0,0.0,0.0
US,United States,1987,wheat,29827.0,21929.0,7898.0
US,United States,1988,maize,132891.0,32965.0,99926.0
US,United States,1988,rice,2649.0,0.0,0.0
US,United States,1988,wheat,26651.0,22556.0,4095.0
US,United States,1989,maize,146120.0,34800.0,111320.0
US,United States,1989,rice,2690.0,0.0,0.0
US,United States,1989,wheat,27006.0,23220.0,3786.0
US,United States,1990,maize,153273.0,36201.0,117072.0
US,United States,1990,rice,2981.0,0.0,0.0
US,United States,1990,wheat,37150.0,24021.0,13129.0
US,United States,1991,maize,160826.0,38953.0,121873.0
US,United States,1991,rice,3064.0,0.0,0.0
US,United States,1991,wheat,30799.0,24146.0,6653.0
US,United States,1992,maize,172927.0,39518.0,133409.0
US,United States,1992,rice,3008.0,0.0,0.0
US,United States,1992,wheat,30688.0,25418.0,5270.0
US,United States,1993,maize,159851.0,40977.0,118874.0
US,United States,1993,rice,3141.0,0.0,0.0
US,United States,1993,wheat,33738.0,26342.0,7396.0
US,United States,1994,maize,182251.0,43569.0,138682.0
US,United States,1994,rice,3173.0,0.0,0.0
US,United States,1994,wheat,35014.0,25638.0,9376.0
US,United States,1995,maize,160552.0,41402.0,119150.0
US,United States,1995,rice,3390.0,0.0,0.0
US,United States,1995,wheat,31028.0,26844.0,4184.0
US,United States,1996,maize,177586.0,43594.0,133992.0
US,United States,1996,rice,3243.0,0.0,0.0
US,United States,1996,wheat,35397.0,27026.0,8371.0
US,United States,1997,maize,185087.0,46705.0,138382.0
US,United States,1997,rice,3278.0,0.0,0.0
US,United States,1997,wheat,34212.0,27394.0,6818.0
US,United States,1998,maize,185788.0,47356.0,138432.0
US,United States,1998,rice,3587.0,0.0,0.0
US,United States,1998,wheat,37589.0,26955.0,10634.0
US,United States,1999,maize,192496.0,49237.0,143259.0
US,United States,1999,rice,3846.0,0.0,0.0
US,United States,1999,wheat,35373.0,27773.0,7600.0
US,United States,2000,maize,198102.0,50295.0,147807.0
US,United States,2000,rice,3676.0,0.0,0.0
US,United States,2000,wheat,36184.0,28008.0,8176.0
US,United States,2001,maize,200941.0,52466.0,148475.0
US,United States,2001,rice,3850.0,0.0,0.0
US,United States,2001,wheat,32434.0,27481.0,4953.0
US,United States,2002,maize,200748.0,59910.0,140838.0
US,United States,2002,rice,3534.0,0.0,0.0
US,United States,2002,wheat,30448.0,27298.0,3150.0
US,United States,2003,maize,211595.0,64836.0,146759.0
US,United States,2003,rice,3656.0,0.0,0.0
US,United States,2003,wheat,32498.0,26986.0,5512.0
US,United States,2004,maize,224610.0,68859.0,155751.0
US,United States,2004,rice,3935.0,0.0,0.0
US,United States,2004,wheat,31783.0,26867.0,4916.0
US,United States,2005,maize,232015.0,76781.0,155234.0
US,United States,2005,rice,3826.0,0.0,0.0
US,United States,2005,wheat,31320.0,27057.0,4263.0
US,United States,2006,maize,230674.0,90070.0,140604.0
US,United States,2006,rice,4101.0,0.0,0.0
US,United States,2006,wheat,30940.0,27754.0,3186.0
US,United States,2007,maize,261632.0,112958.0,148674.0
US,United States,2007,rice,4042.0,0.0,0.0
US,United States,2007,wheat,28614.0,28180.0,434.0
US,United States,2008,maize,258041.0,127781.0,130260.0
US,United States,2008,rice,4082.0,0.0,0.0
US,United States,2008,wheat,34640.0,27339.0,7301.0
US,United States,2009,maize,280987.0,151553.0,129434.0
US,United States,2009,rice,4014.0,0.0,0.0
US,United States,2009,wheat,30728.0,26858.0,3870.0
US,United States,2010,maize,284549.0,163382.0,121167.0
US,United States,2010,rice,4329.0,0.0,0.0
US,United States,2010,wheat,29424.0,27115.0,2309.0
US,United States,2011,maize,277961.0,163349.0,114612.0
US,United States,2011,rice,3492.0,0.0,0.0
US,United States,2011,wheat,31993.0,27678.0,4315.0
US,United States,2012,maize,262973.0,153529.0,109444.0
US,United States,2012,rice,3779.0,0.0,0.0
US,United States,2012,wheat,37810.0,27867.0,9943.0
US,United States,2013,maize,293002.0,165890.0,127112.0
US,United States,2013,rice,3978.0,0.0,0.0
US,United States,2013,wheat,34260.0,28050.0,6210.0
US,United States,2014,maize,301837.0,167530.0,134307.0
US,United States,2014,rice,4284.0,0.0,0.0
US,United States,2014,wheat,31328.0,28241.0,3087.0
US,United States,2015,maize,298845.0,168846.0,129999.0
US,United States,2015,rice,3590.0,0.0,0.0
US,United States,2015,wheat,31943.0,27879.0,4064.0
US,United States,2016,maize,313785.0,174893.0,138892.0
US,United States,2016,rice,4230.0,0.0,0.0
US,United States,2016,wheat,31865.0,27492.0,4373.0
US,United States,2017,maize,313991.0,179248.0,134743.0
US,United States,2017,rice,4299.0,0.0,0.0
US,United States,2017,wheat,29245.0,27964.0,1281.0
US,United States,2018,maize,309503.0,172537.0,136966.0
US,United States,2018,rice,4577.0,0.0,0.0
US,United States,2018,wheat,29991.0,27594.0,2397.0
US,United States,2019,maize,306450.0,159672.0,146778.0
US,United States,2019,rice,4580.0,0.0,0.0
US,United States,2019,wheat,30437.0,27845.0,2592.0
US,United States,2020,maize,308215.0,164256.0,143959.0
US,United States,2020,rice,4841.0,0.0,0.0
US,United States,2020,wheat,30185.0,27876.0,2309.0
US,United States,2021,maize,315665.0,171628.0,144037.0
US,United States,2021,rice,4740.0,0.0,0.0
US,United States,2021,wheat,30411.0,28009.0,2402.0
US,United States,2022,maize,305931.0,166583.0,139348.0
US,United States,2022,rice,4595.0,0.0,0.0
US,United States,2022,wheat,30361.0,28306.0,2055.0
US,United States,2023,maize,322873.0,174759.0,148114.0
US,United States,2023,rice,4880.0,0.0,0.0
US,United States,2023,wheat,30180.0,27850.0,2330.0
US,United States,2024,maize,311240.0,173121.0,138119.0
US,United States,2024,rice,5304.0,0.0,0.0
US,United States,2024,wheat,31058.0,28041.0,3017.0
US,United States,2025,maize,336692.0,175395.0,161297.0
US,United States,2025,rice,5366.0,0.0,0.0
US,United States,2025,wheat,30923.0,27679.0,3244.0
US,United States,2026,maize,331612.0,176665.0,154947.0
US,United States,2026,rice,4699.0,0.0,0.0
US,United States,2026,wheat,29909.0,27732.0,2177.0
UV,Burkina Faso,1960,maize,1.0,1.0,0.0
UV,Burkina Faso,1960,rice,20.0,0.0,0.0
UV,Burkina Faso,1960,wheat,1.0,1.0,0.0
UV,Burkina Faso,1961,maize,1.0,1.0,0.0
UV,Burkina Faso,1961,rice,22.0,0.0,0.0
UV,Burkina Faso,1961,wheat,1.0,1.0,0.0
UV,Burkina Faso,1962,maize,1.0,1.0,0.0
UV,Burkina Faso,1962,rice,33.0,0.0,0.0
UV,Burkina Faso,1962,wheat,3.0,3.0,0.0
UV,Burkina Faso,1963,maize,2.0,2.0,0.0
UV,Burkina Faso,1963,rice,18.0,0.0,0.0
UV,Burkina Faso,1963,wheat,5.0,5.0,0.0
UV,Burkina Faso,1964,rice,27.0,0.0,0.0
UV,Burkina Faso,1964,wheat,9.0,9.0,0.0
UV,Burkina Faso,1965,rice,19.0,0.0,0.0
UV,Burkina Faso,1965,wheat,15.0,15.0,0.0
UV,Burkina Faso,1966,maize,2.0,2.0,0.0
UV,Burkina Faso,1966,rice,24.0,0.0,0.0
UV,Burkina Faso,1966,wheat,16.0,16.0,0.0
UV,Burkina Faso,1967,maize,3.0,3.0,0.0
UV,Burkina Faso,1967,rice,36.0,0.0,0.0
UV,Burkina Faso,1967,wheat,16.0,16.0,0.0
UV,Burkina Faso,1968,rice,28.0,0.0,0.0
UV,Burkina Faso,1968,wheat,19.0,19.0,0.0
UV,Burkina Faso,1969,rice,26.0,0.0,0.0
UV,Burkina Faso,1969,wheat,22.0,22.0,0.0
UV,Burkina Faso,1970,rice,26.0,0.0,0.0
UV,Burkina Faso,1970,wheat,31.0,31.0,0.0
UV,Burkina Faso,1971,maize,14.0,14.0,0.0
UV,Burkina Faso,1971,rice,25.0,0.0,0.0
UV,Burkina Faso,1971,wheat,25.0,25.0,0.0
UV,Burkina Faso,1972,maize,10.0,10.0,0.0
UV,Burkina Faso,1972,rice,24.0,0.0,0.0
UV,Burkina Faso,1972,wheat,21.0,21.0,0.0
UV,Burkina Faso,1973,maize,43.0,43.0,0.0
UV,Burkina Faso,1973,rice,22.0,0.0,0.0
UV,Burkina Faso,1973,wheat,26.0,26.0,0.0
UV,Burkina Faso,1974,rice,26.0,0.0,0.0
UV,Burkina Faso,1974,wheat,30.0,30.0,0.0
UV,Burkina Faso,1975,maize,84.0,84.0,0.0
UV,Burkina Faso,1975,rice,36.0,0.0,0.0
UV,Burkina Faso,1975,wheat,17.0,17.0,0.0
UV,Burkina Faso,1976,maize,60.0,60.0,0.0
UV,Burkina Faso,1976,rice,39.0,0.0,0.0
UV,Burkina Faso,1976,wheat,27.0,27.0,0.0
UV,Burkina Faso,1977,maize,92.0,92.0,0.0
UV,Burkina Faso,1977,rice,30.0,0.0,0.0
UV,Burkina Faso,1977,wheat,28.0,28.0,0.0
UV,Burkina Faso,1978,maize,106.0,106.0,0.0
UV,Burkina Faso,1978,rice,36.0,0.0,0.0
UV,Burkina Faso,1978,wheat,25.0,25.0,0.0
UV,Burkina Faso,1979,maize,109.0,109.0,0.0
UV,Burkina Faso,1979,rice,56.0,0.0,0.0
UV,Burkina Faso,1979,wheat,30.0,30.0,0.0
UV,Burkina Faso,1980,maize,103.0,103.0,0.0
UV,Burkina Faso,1980,rice,56.0,0.0,0.0
UV,Burkina Faso,1980,wheat,30.0,30.0,0.0
UV,Burkina Faso,1981,maize,137.0,137.0,0.0
UV,Burkina Faso,1981,rice,44.0,0.0,0.0
UV,Burkina Faso,1981,wheat,35.0,35.0,0.0
UV,Burkina Faso,1982,maize,136.0,136.0,0.0
UV,Burkina Faso,1982,rice,61.0,0.0,0.0
UV,Burkina Faso,1982,wheat,35.0,35.0,0.0
UV,Burkina Faso,1983,maize,125.0,125.0,0.0
UV,Burkina Faso,1983,rice,26.0,0.0,0.0
UV,Burkina Faso,1983,wheat,21.0,21.0,0.0
UV,Burkina Faso,1984,maize,156.0,156.0,0.0
UV,Burkina Faso,1984,rice,39.0,0.0,0.0
UV,Burkina Faso,1984,wheat,37.0,37.0,0.0
UV,Burkina Faso,1985,maize,162.0,132.0,30.0
UV,Burkina Faso,1985,rice,70.0,0.0,0.0
UV,Burkina Faso,1985,wheat,31.0,31.0,0.0
UV,Burkina Faso,1986,maize,158.0,123.0,35.0
UV,Burkina Faso,1986,rice,35.0,0.0,0.0
UV,Burkina Faso,1986,wheat,29.0,29.0,0.0
UV,Burkina Faso,1987,maize,136.0,106.0,30.0
UV,Burkina Faso,1987,rice,26.0,0.0,0.0
UV,Burkina Faso,1987,wheat,29.0,29.0,0.0
UV,Burkina Faso,1988,maize,227.0,197.0,30.0
UV,Burkina Faso,1988,rice,25.0,0.0,0.0
UV,Burkina Faso,1988,wheat,25.0,25.0,0.0
UV,Burkina Faso,1989,maize,190.0,120.0,70.0
UV,Burkina Faso,1989,rice,49.0,0.0,0.0
UV,Burkina Faso,1989,wheat,29.0,29.0,0.0
UV,Burkina Faso,1990,maize,120.0,90.0,30.0
UV,Burkina Faso,1990,rice,75.0,0.0,0.0
UV,Burkina Faso,1990,wheat,36.0,36.0,0.0
UV,Burkina Faso,1991,maize,250.0,210.0,40.0
UV,Burkina Faso,1991,rice,95.0,0.0,0.0
UV,Burkina Faso,1991,wheat,35.0,35.0,0.0
UV,Burkina Faso,1992,maize,341.0,281.0,60.0
UV,Burkina Faso,1992,rice,115.0,0.0,0.0
UV,Burkina Faso,1992,wheat,34.0,34.0,0.0
UV,Burkina Faso,1993,maize,271.0,231.0,40.0
UV,Burkina Faso,1993,rice,125.0,0.0,0.0
UV,Burkina Faso,1993,wheat,31.0,31.0,0.0
UV,Burkina Faso,1994,maize,350.0,290.0,60.0
UV,Burkina Faso,1994,rice,135.0,0.0,0.0
UV,Burkina Faso,1994,wheat,36.0,36.0,0.0
UV,Burkina Faso,1995,maize,210.0,145.0,65.0
UV,Burkina Faso,1995,rice,137.0,0.0,0.0
UV,Burkina Faso,1995,wheat,42.0,42.0,0.0
UV,Burkina Faso,1996,maize,300.0,240.0,60.0
UV,Burkina Faso,1996,rice,169.0,0.0,0.0
UV,Burkina Faso,1996,wheat,60.0,60.0,0.0
UV,Burkina Faso,1997,maize,360.0,290.0,70.0
UV,Burkina Faso,1997,rice,155.0,0.0,0.0
UV,Burkina Faso,1997,wheat,64.0,64.0,0.0
UV,Burkina Faso,1998,maize,475.0,375.0,100.0
UV,Burkina Faso,1998,rice,205.0,0.0,0.0
UV,Burkina Faso,1998,wheat,91.0,91.0,0.0
UV,Burkina Faso,1999,maize,425.0,325.0,100.0
UV,Burkina Faso,1999,rice,142.0,0.0,0.0
UV,Burkina Faso,1999,wheat,73.0,73.0,0.0
UV,Burkina Faso,2000,maize,425.0,325.0,100.0
UV,Burkina Faso,2000,rice,152.0,0.0,0.0
UV,Burkina Faso,2000,wheat,73.0,73.0,0.0
UV,Burkina Faso,2001,maize,606.0,506.0,100.0
UV,Burkina Faso,2001,rice,199.0,0.0,0.0
UV,Burkina Faso,2001,wheat,55.0,55.0,0.0
UV,Burkina Faso,2002,maize,653.0,553.0,100.0
UV,Burkina Faso,2002,rice,298.0,0.0,0.0
UV,Burkina Faso,2002,wheat,52.0,52.0,0.0
UV,Burkina Faso,2003,maize,666.0,566.0,100.0
UV,Burkina Faso,2003,rice,261.0,0.0,0.0
UV,Burkina Faso,2003,wheat,49.0,49.0,0.0
UV,Burkina Faso,2004,maize,482.0,382.0,100.0
UV,Burkina Faso,2004,rice,273.0,0.0,0.0
UV,Burkina Faso,2004,wheat,78.0,78.0,0.0
UV,Burkina Faso,2005,maize,796.0,671.0,125.0
UV,Burkina Faso,2005,rice,246.0,0.0,0.0
UV,Burkina Faso,2005,wheat,84.0,84.0,0.0
UV,Burkina Faso,2006,maize,866.0,741.0,125.0
UV,Burkina Faso,2006,rice,214.0,0.0,0.0
UV,Burkina Faso,2006,wheat,91.0,91.0,0.0
UV,Burkina Faso,2007,maize,544.0,444.0,100.0
UV,Burkina Faso,2007,rice,175.0,0.0,0.0
UV,Burkina Faso,2007,wheat,85.0,85.0,0.0
UV,Burkina Faso,2008,maize,900.0,750.0,150.0
UV,Burkina Faso,2008,rice,297.0,0.0,0.0
UV,Burkina Faso,2008,wheat,101.0,101.0,0.0
UV,Burkina Faso,2009,maize,900.0,750.0,150.0
UV,Burkina Faso,2009,rice,359.0,0.0,0.0
UV,Burkina Faso,2009,wheat,142.0,142.0,0.0
UV,Burkina Faso,2010,maize,1100.0,950.0,150.0
UV,Burkina Faso,2010,rice,420.0,0.0,0.0
UV,Burkina Faso,2010,wheat,173.0,173.0,0.0
UV,Burkina Faso,2011,maize,1050.0,900.0,150.0
UV,Burkina Faso,2011,rice,415.0,0.0,0.0
UV,Burkina Faso,2011,wheat,189.0,189.0,0.0
UV,Burkina Faso,2012,maize,1400.0,1200.0,200.0
UV,Burkina Faso,2012,rice,465.0,0.0,0.0
UV,Burkina Faso,2012,wheat,203.0,203.0,0.0
UV,Burkina Faso,2013,maize,1700.0,1500.0,200.0
UV,Burkina Faso,2013,rice,520.0,0.0,0.0
UV,Burkina Faso,2013,wheat,193.0,193.0,0.0
UV,Burkina Faso,2014,maize,1400.0,1200.0,200.0
UV,Burkina Faso,2014,rice,570.0,0.0,0.0
UV,Burkina Faso,2014,wheat,232.0,232.0,0.0
UV,Burkina Faso,2015,maize,1400.0,1200.0,200.0
UV,Burkina Faso,2015,rice,640.0,0.0,0.0
UV,Burkina Faso,2015,wheat,275.0,275.0,0.0
UV,Burkina Faso,2016,maize,1500.0,1300.0,200.0
UV,Burkina Faso,2016,rice,700.0,0.0,0.0
UV,Burkina Faso,2016,wheat,280.0,280.0,0.0
UV,Burkina Faso,2017,maize,1600.0,1400.0,200.0
UV,Burkina Faso,2017,rice,740.0,0.0,0.0
UV,Burkina Faso,2017,wheat,311.0,311.0,0.0
UV,Burkina Faso,2018,maize,1700.0,1500.0,200.0
UV,Burkina Faso,2018,rice,810.0,0.0,0.0
UV,Burkina Faso,2018,wheat,295.0,295.0,0.0
UV,Burkina Faso,2019,maize,1750.0,1550.0,200.0
UV,Burkina Faso,2019,rice,831.0,0.0,0.0
UV,Burkina Faso,2019,wheat,344.0,344.0,0.0
UV,Burkina Faso,2020,maize,1850.0,1650.0,200.0
UV,Burkina Faso,2020,rice,850.0,0.0,0.0
UV,Burkina Faso,2020,wheat,331.0,331.0,0.0
UV,Burkina Faso,2021,maize,1850.0,1650.0,200.0
UV,Burkina Faso,2021,rice,900.0,0.0,0.0
UV,Burkina Faso,2021,wheat,334.0,334.0,0.0
UV,Burkina Faso,2022,maize,1850.0,1650.0,200.0
UV,Burkina Faso,2022,rice,1000.0,0.0,0.0
UV,Burkina Faso,2022,wheat,314.0,314.0,0.0
UV,Burkina Faso,2023,maize,2000.0,1750.0,250.0
UV,Burkina Faso,2023,rice,1150.0,0.0,0.0
UV,Burkina Faso,2023,wheat,350.0,350.0,0.0
UV,Burkina Faso,2024,maize,1925.0,1725.0,200.0
UV,Burkina Faso,2024,rice,1200.0,0.0,0.0
UV,Burkina Faso,2024,wheat,350.0,350.0,0.0
UV,Burkina Faso,2025,maize,1925.0,1725.0,200.0
UV,Burkina Faso,2025,rice,1200.0,0.0,0.0
UV,Burkina Faso,2025,wheat,410.0,410.0,0.0
UV,Burkina Faso,2026,maize,1925.0,1725.0,200.0
UV,Burkina Faso,2026,rice,1200.0,0.0,0.0
UV,Burkina Faso,2026,wheat,430.0,430.0,0.0
UY,Uruguay,1960,maize,214.0,19.0,195.0
UY,Uruguay,1960,rice,12.0,0.0,0.0
UY,Uruguay,1960,wheat,408.0,395.0,13.0
UY,Uruguay,1961,maize,179.0,21.0,158.0
UY,Uruguay,1961,rice,14.0,0.0,0.0
UY,Uruguay,1961,wheat,381.0,376.0,5.0
UY,Uruguay,1962,maize,218.0,22.0,196.0
UY,Uruguay,1962,rice,15.0,0.0,0.0
UY,Uruguay,1962,wheat,366.0,363.0,3.0
UY,Uruguay,1963,maize,145.0,20.0,125.0
UY,Uruguay,1963,rice,30.0,0.0,0.0
UY,Uruguay,1963,wheat,376.0,375.0,1.0
UY,Uruguay,1964,maize,69.0,22.0,47.0
UY,Uruguay,1964,rice,29.0,0.0,0.0
UY,Uruguay,1964,wheat,521.0,387.0,134.0
UY,Uruguay,1965,maize,178.0,24.0,154.0
UY,Uruguay,1965,rice,17.0,0.0,0.0
UY,Uruguay,1965,wheat,456.0,435.0,21.0
UY,Uruguay,1966,maize,118.0,25.0,93.0
UY,Uruguay,1966,rice,30.0,0.0,0.0
UY,Uruguay,1966,wheat,363.0,348.0,15.0
UY,Uruguay,1967,maize,109.0,23.0,86.0
UY,Uruguay,1967,rice,34.0,0.0,0.0
UY,Uruguay,1967,wheat,372.0,370.0,2.0
UY,Uruguay,1968,maize,152.0,27.0,125.0
UY,Uruguay,1968,rice,32.0,0.0,0.0
UY,Uruguay,1968,wheat,370.0,360.0,10.0
UY,Uruguay,1969,maize,226.0,26.0,200.0
UY,Uruguay,1969,rice,29.0,0.0,0.0
UY,Uruguay,1969,wheat,439.0,403.0,36.0
UY,Uruguay,1970,maize,171.0,38.0,133.0
UY,Uruguay,1970,rice,34.0,0.0,0.0
UY,Uruguay,1970,wheat,308.0,303.0,5.0
UY,Uruguay,1971,maize,191.0,38.0,153.0
UY,Uruguay,1971,rice,39.0,0.0,0.0
UY,Uruguay,1971,wheat,269.0,244.0,25.0
UY,Uruguay,1972,maize,210.0,38.0,172.0
UY,Uruguay,1972,rice,42.0,0.0,0.0
UY,Uruguay,1972,wheat,358.0,346.0,12.0
UY,Uruguay,1973,maize,214.0,30.0,184.0
UY,Uruguay,1973,rice,33.0,0.0,0.0
UY,Uruguay,1973,wheat,372.0,362.0,10.0
UY,Uruguay,1974,maize,171.0,36.0,135.0
UY,Uruguay,1974,rice,29.0,0.0,0.0
UY,Uruguay,1974,wheat,424.0,410.0,14.0
UY,Uruguay,1975,maize,185.0,36.0,149.0
UY,Uruguay,1975,rice,36.0,0.0,0.0
UY,Uruguay,1975,wheat,425.0,415.0,10.0
UY,Uruguay,1976,maize,119.0,25.0,94.0
UY,Uruguay,1976,rice,29.0,0.0,0.0
UY,Uruguay,1976,wheat,390.0,390.0,0.0
UY,Uruguay,1977,maize,142.0,32.0,110.0
UY,Uruguay,1977,rice,35.0,0.0,0.0
UY,Uruguay,1977,wheat,394.0,394.0,0.0
UY,Uruguay,1978,maize,135.0,30.0,105.0
UY,Uruguay,1978,rice,34.0,0.0,0.0
UY,Uruguay,1978,wheat,365.0,365.0,0.0
UY,Uruguay,1979,maize,140.0,30.0,110.0
UY,Uruguay,1979,rice,39.0,0.0,0.0
UY,Uruguay,1979,wheat,400.0,400.0,0.0
UY,Uruguay,1980,maize,155.0,45.0,110.0
UY,Uruguay,1980,rice,40.0,0.0,0.0
UY,Uruguay,1980,wheat,400.0,400.0,0.0
UY,Uruguay,1981,maize,116.0,6.0,110.0
UY,Uruguay,1981,rice,40.0,0.0,0.0
UY,Uruguay,1981,wheat,450.0,450.0,0.0
UY,Uruguay,1982,maize,117.0,47.0,70.0
UY,Uruguay,1982,rice,36.0,0.0,0.0
UY,Uruguay,1982,wheat,420.0,405.0,15.0
UY,Uruguay,1983,maize,120.0,25.0,95.0
UY,Uruguay,1983,rice,39.0,0.0,0.0
UY,Uruguay,1983,wheat,383.0,383.0,0.0
UY,Uruguay,1984,maize,96.0,26.0,70.0
UY,Uruguay,1984,rice,45.0,0.0,0.0
UY,Uruguay,1984,wheat,360.0,360.0,0.0
UY,Uruguay,1985,maize,84.0,14.0,70.0
UY,Uruguay,1985,rice,58.0,0.0,0.0
UY,Uruguay,1985,wheat,292.0,292.0,0.0
UY,Uruguay,1986,maize,108.0,43.0,65.0
UY,Uruguay,1986,rice,55.0,0.0,0.0
UY,Uruguay,1986,wheat,307.0,307.0,0.0
UY,Uruguay,1987,maize,120.0,45.0,75.0
UY,Uruguay,1987,rice,63.0,0.0,0.0
UY,Uruguay,1987,wheat,421.0,421.0,0.0
UY,Uruguay,1988,maize,125.0,45.0,80.0
UY,Uruguay,1988,rice,76.0,0.0,0.0
UY,Uruguay,1988,wheat,395.0,395.0,0.0
UY,Uruguay,1989,maize,112.0,77.0,35.0
UY,Uruguay,1989,rice,50.0,0.0,0.0
UY,Uruguay,1989,wheat,531.0,531.0,0.0
UY,Uruguay,1990,maize,164.0,124.0,40.0
UY,Uruguay,1990,rice,75.0,0.0,0.0
UY,Uruguay,1990,wheat,343.0,343.0,0.0
UY,Uruguay,1991,maize,126.0,76.0,50.0
UY,Uruguay,1991,rice,80.0,0.0,0.0
UY,Uruguay,1991,wheat,327.0,327.0,0.0
UY,Uruguay,1992,maize,142.0,102.0,40.0
UY,Uruguay,1992,rice,85.0,0.0,0.0
UY,Uruguay,1992,wheat,388.0,388.0,0.0
UY,Uruguay,1993,maize,220.0,155.0,65.0
UY,Uruguay,1993,rice,80.0,0.0,0.0
UY,Uruguay,1993,wheat,418.0,418.0,0.0
UY,Uruguay,1994,maize,178.0,128.0,50.0
UY,Uruguay,1994,rice,80.0,0.0,0.0
UY,Uruguay,1994,wheat,508.0,508.0,0.0
UY,Uruguay,1995,maize,208.0,153.0,55.0
UY,Uruguay,1995,rice,80.0,0.0,0.0
UY,Uruguay,1995,wheat,303.0,303.0,0.0
UY,Uruguay,1996,maize,182.0,142.0,40.0
UY,Uruguay,1996,rice,80.0,0.0,0.0
UY,Uruguay,1996,wheat,503.0,503.0,0.0
UY,Uruguay,1997,maize,172.0,92.0,80.0
UY,Uruguay,1997,rice,46.0,0.0,0.0
UY,Uruguay,1997,wheat,262.0,262.0,0.0
UY,Uruguay,1998,maize,275.0,100.0,175.0
UY,Uruguay,1998,rice,90.0,0.0,0.0
UY,Uruguay,1998,wheat,395.0,395.0,0.0
UY,Uruguay,1999,maize,275.0,100.0,175.0
UY,Uruguay,1999,rice,95.0,0.0,0.0
UY,Uruguay,1999,wheat,364.0,364.0,0.0
UY,Uruguay,2000,maize,310.0,110.0,200.0
UY,Uruguay,2000,rice,100.0,0.0,0.0
UY,Uruguay,2000,wheat,340.0,340.0,0.0
UY,Uruguay,2001,maize,185.0,100.0,85.0
UY,Uruguay,2001,rice,100.0,0.0,0.0
UY,Uruguay,2001,wheat,320.0,320.0,0.0
UY,Uruguay,2002,maize,250.0,100.0,150.0
UY,Uruguay,2002,rice,100.0,0.0,0.0
UY,Uruguay,2002,wheat,320.0,320.0,0.0
UY,Uruguay,2003,maize,260.0,110.0,150.0
UY,Uruguay,2003,rice,100.0,0.0,0.0
UY,Uruguay,2003,wheat,320.0,320.0,0.0
UY,Uruguay,2004,maize,385.0,110.0,275.0
UY,Uruguay,2004,rice,100.0,0.0,0.0
UY,Uruguay,2004,wheat,335.0,325.0,10.0
UY,Uruguay,2005,maize,310.0,110.0,200.0
UY,Uruguay,2005,rice,80.0,0.0,0.0
UY,Uruguay,2005,wheat,335.0,325.0,10.0
UY,Uruguay,2006,maize,335.0,110.0,225.0
UY,Uruguay,2006,rice,80.0,0.0,0.0
UY,Uruguay,2006,wheat,335.0,325.0,10.0
UY,Uruguay,2007,maize,395.0,120.0,275.0
UY,Uruguay,2007,rice,60.0,0.0,0.0
UY,Uruguay,2007,wheat,335.0,325.0,10.0
UY,Uruguay,2008,maize,320.0,120.0,200.0
UY,Uruguay,2008,rice,60.0,0.0,0.0
UY,Uruguay,2008,wheat,345.0,335.0,10.0
UY,Uruguay,2009,maize,420.0,120.0,300.0
UY,Uruguay,2009,rice,60.0,0.0,0.0
UY,Uruguay,2009,wheat,345.0,335.0,10.0
UY,Uruguay,2010,maize,280.0,130.0,150.0
UY,Uruguay,2010,rice,60.0,0.0,0.0
UY,Uruguay,2010,wheat,345.0,335.0,10.0
UY,Uruguay,2011,maize,300.0,130.0,170.0
UY,Uruguay,2011,rice,60.0,0.0,0.0
UY,Uruguay,2011,wheat,345.0,335.0,10.0
UY,Uruguay,2012,maize,480.0,130.0,350.0
UY,Uruguay,2012,rice,60.0,0.0,0.0
UY,Uruguay,2012,wheat,350.0,340.0,10.0
UY,Uruguay,2013,maize,750.0,150.0,600.0
UY,Uruguay,2013,rice,55.0,0.0,0.0
UY,Uruguay,2013,wheat,350.0,340.0,10.0
UY,Uruguay,2014,maize,750.0,150.0,600.0
UY,Uruguay,2014,rice,55.0,0.0,0.0
UY,Uruguay,2014,wheat,350.0,340.0,10.0
UY,Uruguay,2015,maize,700.0,150.0,550.0
UY,Uruguay,2015,rice,55.0,0.0,0.0
UY,Uruguay,2015,wheat,440.0,380.0,60.0
UY,Uruguay,2016,maize,750.0,150.0,600.0
UY,Uruguay,2016,rice,50.0,0.0,0.0
UY,Uruguay,2016,wheat,460.0,380.0,80.0
UY,Uruguay,2017,maize,850.0,150.0,700.0
UY,Uruguay,2017,rice,45.0,0.0,0.0
UY,Uruguay,2017,wheat,440.0,380.0,60.0
UY,Uruguay,2018,maize,900.0,150.0,750.0
UY,Uruguay,2018,rice,40.0,0.0,0.0
UY,Uruguay,2018,wheat,410.0,380.0,30.0
UY,Uruguay,2019,maize,1000.0,150.0,850.0
UY,Uruguay,2019,rice,30.0,0.0,0.0
UY,Uruguay,2019,wheat,410.0,380.0,30.0
UY,Uruguay,2020,maize,865.0,140.0,725.0
UY,Uruguay,2020,rice,30.0,0.0,0.0
UY,Uruguay,2020,wheat,390.0,380.0,10.0
UY,Uruguay,2021,maize,1050.0,150.0,900.0
UY,Uruguay,2021,rice,30.0,0.0,0.0
UY,Uruguay,2021,wheat,360.0,350.0,10.0
UY,Uruguay,2022,maize,950.0,150.0,800.0
UY,Uruguay,2022,rice,40.0,0.0,0.0
UY,Uruguay,2022,wheat,360.0,350.0,10.0
UY,Uruguay,2023,maize,1470.0,170.0,1300.0
UY,Uruguay,2023,rice,50.0,0.0,0.0
UY,Uruguay,2023,wheat,370.0,350.0,20.0
UY,Uruguay,2024,maize,2075.0,200.0,1875.0
UY,Uruguay,2024,rice,50.0,0.0,0.0
UY,Uruguay,2024,wheat,370.0,350.0,20.0
UY,Uruguay,2025,maize,1650.0,200.0,1450.0
UY,Uruguay,2025,rice,60.0,0.0,0.0
UY,Uruguay,2025,wheat,370.0,350.0,20.0
UY,Uruguay,2026,maize,1860.0,200.0,1660.0
UY,Uruguay,2026,rice,55.0,0.0,0.0
UY,Uruguay,2026,wheat,370.0,350.0,20.0
UZ,Uzbekistan,1987,maize,1314.0,85.0,1229.0
UZ,Uzbekistan,1987,rice,354.0,0.0,0.0
UZ,Uzbekistan,1987,wheat,3975.0,3290.0,685.0
UZ,Uzbekistan,1988,maize,1157.0,86.0,1071.0
UZ,Uzbekistan,1988,rice,428.0,0.0,0.0
UZ,Uzbekistan,1988,wheat,3749.0,3210.0,539.0
UZ,Uzbekistan,1989,maize,1397.0,85.0,1312.0
UZ,Uzbekistan,1989,rice,340.0,0.0,0.0
UZ,Uzbekistan,1989,wheat,3639.0,3240.0,399.0
UZ,Uzbekistan,1990,maize,1355.0,80.0,1275.0
UZ,Uzbekistan,1990,rice,376.0,0.0,0.0
UZ,Uzbekistan,1990,wheat,3829.0,3490.0,339.0
UZ,Uzbekistan,1991,maize,970.0,65.0,905.0
UZ,Uzbekistan,1991,rice,337.0,0.0,0.0
UZ,Uzbekistan,1991,wheat,3727.0,3334.0,393.0
UZ,Uzbekistan,1992,maize,567.0,65.0,502.0
UZ,Uzbekistan,1992,rice,338.0,0.0,0.0
UZ,Uzbekistan,1992,wheat,4057.0,3390.0,667.0
UZ,Uzbekistan,1993,maize,467.0,50.0,417.0
UZ,Uzbekistan,1993,rice,268.0,0.0,0.0
UZ,Uzbekistan,1993,wheat,4196.0,3440.0,756.0
UZ,Uzbekistan,1994,maize,276.0,51.0,225.0
UZ,Uzbekistan,1994,rice,257.0,0.0,0.0
UZ,Uzbekistan,1994,wheat,3728.0,3158.0,570.0
UZ,Uzbekistan,1995,maize,181.0,49.0,132.0
UZ,Uzbekistan,1995,rice,220.0,0.0,0.0
UZ,Uzbekistan,1995,wheat,3769.0,3269.0,500.0
UZ,Uzbekistan,1996,maize,137.0,50.0,87.0
UZ,Uzbekistan,1996,rice,286.0,0.0,0.0
UZ,Uzbekistan,1996,wheat,3736.0,3236.0,500.0
UZ,Uzbekistan,1997,maize,136.0,11.0,125.0
UZ,Uzbekistan,1997,rice,225.0,0.0,0.0
UZ,Uzbekistan,1997,wheat,3832.0,3332.0,500.0
UZ,Uzbekistan,1998,maize,155.0,35.0,120.0
UZ,Uzbekistan,1998,rice,246.0,0.0,0.0
UZ,Uzbekistan,1998,wheat,3980.0,3380.0,600.0
UZ,Uzbekistan,1999,maize,160.0,40.0,120.0
UZ,Uzbekistan,1999,rice,278.0,0.0,0.0
UZ,Uzbekistan,1999,wheat,4250.0,3500.0,750.0
UZ,Uzbekistan,2000,maize,56.0,40.0,16.0
UZ,Uzbekistan,2000,rice,241.0,0.0,0.0
UZ,Uzbekistan,2000,wheat,4150.0,3500.0,650.0
UZ,Uzbekistan,2001,maize,30.0,20.0,10.0
UZ,Uzbekistan,2001,rice,101.0,0.0,0.0
UZ,Uzbekistan,2001,wheat,3831.0,3181.0,650.0
UZ,Uzbekistan,2002,maize,120.0,20.0,100.0
UZ,Uzbekistan,2002,rice,137.0,0.0,0.0
UZ,Uzbekistan,2002,wheat,4904.0,4104.0,800.0
UZ,Uzbekistan,2003,maize,150.0,30.0,120.0
UZ,Uzbekistan,2003,rice,237.0,0.0,0.0
UZ,Uzbekistan,2003,wheat,5179.0,4379.0,800.0
UZ,Uzbekistan,2004,maize,150.0,30.0,120.0
UZ,Uzbekistan,2004,rice,148.0,0.0,0.0
UZ,Uzbekistan,2004,wheat,5700.0,4700.0,1000.0
UZ,Uzbekistan,2005,maize,175.0,25.0,150.0
UZ,Uzbekistan,2005,rice,133.0,0.0,0.0
UZ,Uzbekistan,2005,wheat,6318.0,5018.0,1300.0
UZ,Uzbekistan,2006,maize,175.0,25.0,150.0
UZ,Uzbekistan,2006,rice,144.0,0.0,0.0
UZ,Uzbekistan,2006,wheat,6700.0,5400.0,1300.0
UZ,Uzbekistan,2007,maize,150.0,25.0,125.0
UZ,Uzbekistan,2007,rice,139.0,0.0,0.0
UZ,Uzbekistan,2007,wheat,7000.0,5600.0,1400.0
UZ,Uzbekistan,2008,maize,175.0,25.0,150.0
UZ,Uzbekistan,2008,rice,88.0,0.0,0.0
UZ,Uzbekistan,2008,wheat,7100.0,5800.0,1300.0
UZ,Uzbekistan,2009,maize,175.0,25.0,150.0
UZ,Uzbekistan,2009,rice,127.0,0.0,0.0
UZ,Uzbekistan,2009,wheat,7500.0,6100.0,1400.0
UZ,Uzbekistan,2010,maize,175.0,25.0,150.0
UZ,Uzbekistan,2010,rice,147.0,0.0,0.0
UZ,Uzbekistan,2010,wheat,7700.0,6200.0,1500.0
UZ,Uzbekistan,2011,maize,175.0,25.0,150.0
UZ,Uzbekistan,2011,rice,140.0,0.0,0.0
UZ,Uzbekistan,2011,wheat,7800.0,6200.0,1600.0
UZ,Uzbekistan,2012,maize,325.0,25.0,300.0
UZ,Uzbekistan,2012,rice,135.0,0.0,0.0
UZ,Uzbekistan,2012,wheat,8000.0,6300.0,1700.0
UZ,Uzbekistan,2013,maize,375.0,25.0,350.0
UZ,Uzbekistan,2013,rice,180.0,0.0,0.0
UZ,Uzbekistan,2013,wheat,8400.0,6500.0,1900.0
UZ,Uzbekistan,2014,maize,430.0,30.0,400.0
UZ,Uzbekistan,2014,rice,250.0,0.0,0.0
UZ,Uzbekistan,2014,wheat,8900.0,6700.0,2200.0
UZ,Uzbekistan,2015,maize,460.0,35.0,425.0
UZ,Uzbekistan,2015,rice,270.0,0.0,0.0
UZ,Uzbekistan,2015,wheat,9350.0,7100.0,2250.0
UZ,Uzbekistan,2016,maize,520.0,40.0,480.0
UZ,Uzbekistan,2016,rice,280.0,0.0,0.0
UZ,Uzbekistan,2016,wheat,9200.0,7200.0,2000.0
UZ,Uzbekistan,2017,maize,470.0,40.0,430.0
UZ,Uzbekistan,2017,rice,280.0,0.0,0.0
UZ,Uzbekistan,2017,wheat,9000.0,7200.0,1800.0
UZ,Uzbekistan,2018,maize,480.0,40.0,440.0
UZ,Uzbekistan,2018,rice,250.0,0.0,0.0
UZ,Uzbekistan,2018,wheat,8700.0,7200.0,1500.0
UZ,Uzbekistan,2019,maize,480.0,40.0,440.0
UZ,Uzbekistan,2019,rice,240.0,0.0,0.0
UZ,Uzbekistan,2019,wheat,8400.0,7100.0,1300.0
UZ,Uzbekistan,2020,maize,540.0,40.0,500.0
UZ,Uzbekistan,2020,rice,225.0,0.0,0.0
UZ,Uzbekistan,2020,wheat,8600.0,7100.0,1500.0
UZ,Uzbekistan,2021,maize,640.0,40.0,600.0
UZ,Uzbekistan,2021,rice,250.0,0.0,0.0
UZ,Uzbekistan,2021,wheat,8250.0,7050.0,1200.0
UZ,Uzbekistan,2022,maize,740.0,40.0,700.0
UZ,Uzbekistan,2022,rice,285.0,0.0,0.0
UZ,Uzbekistan,2022,wheat,8500.0,7100.0,1400.0
UZ,Uzbekistan,2023,maize,815.0,40.0,775.0
UZ,Uzbekistan,2023,rice,300.0,0.0,0.0
UZ,Uzbekistan,2023,wheat,8800.0,7300.0,1500.0
UZ,Uzbekistan,2024,maize,915.0,40.0,875.0
UZ,Uzbekistan,2024,rice,320.0,0.0,0.0
UZ,Uzbekistan,2024,wheat,8900.0,7300.0,1600.0
UZ,Uzbekistan,2025,maize,840.0,40.0,800.0
UZ,Uzbekistan,2025,rice,330.0,0.0,0.0
UZ,Uzbekistan,2025,wheat,9000.0,7400.0,1600.0
UZ,Uzbekistan,2026,maize,865.0,40.0,825.0
UZ,Uzbekistan,2026,rice,340.0,0.0,0.0
UZ,Uzbekistan,2026,wheat,8900.0,7400.0,1500.0
VE,Venezuela,1960,maize,440.0,440.0,0.0
VE,Venezuela,1960,rice,50.0,0.0,0.0
VE,Venezuela,1960,wheat,298.0,223.0,75.0
VE,Venezuela,1961,maize,482.0,482.0,0.0
VE,Venezuela,1961,rice,56.0,0.0,0.0
VE,Venezuela,1961,wheat,385.0,285.0,100.0
VE,Venezuela,1962,maize,626.0,626.0,0.0
VE,Venezuela,1962,rice,66.0,0.0,0.0
VE,Venezuela,1962,wheat,309.0,209.0,100.0
VE,Venezuela,1963,maize,478.0,478.0,0.0
VE,Venezuela,1963,rice,79.0,0.0,0.0
VE,Venezuela,1963,wheat,431.0,311.0,120.0
VE,Venezuela,1964,maize,607.0,607.0,0.0
VE,Venezuela,1964,rice,81.0,0.0,0.0
VE,Venezuela,1964,wheat,582.0,447.0,135.0
VE,Venezuela,1965,maize,554.0,554.0,0.0
VE,Venezuela,1965,rice,85.0,0.0,0.0
VE,Venezuela,1965,wheat,557.0,407.0,150.0
VE,Venezuela,1966,maize,582.0,582.0,0.0
VE,Venezuela,1966,rice,90.0,0.0,0.0
VE,Venezuela,1966,wheat,592.0,417.0,175.0
VE,Venezuela,1967,maize,633.0,633.0,0.0
VE,Venezuela,1967,rice,95.0,0.0,0.0
VE,Venezuela,1967,wheat,700.0,500.0,200.0
VE,Venezuela,1968,maize,752.0,752.0,0.0
VE,Venezuela,1968,rice,100.0,0.0,0.0
VE,Venezuela,1968,wheat,718.0,498.0,220.0
VE,Venezuela,1969,maize,648.0,648.0,0.0
VE,Venezuela,1969,rice,105.0,0.0,0.0
VE,Venezuela,1969,wheat,758.0,598.0,160.0
VE,Venezuela,1970,maize,910.0,910.0,0.0
VE,Venezuela,1970,rice,110.0,0.0,0.0
VE,Venezuela,1970,wheat,591.0,591.0,0.0
VE,Venezuela,1971,maize,679.0,679.0,0.0
VE,Venezuela,1971,rice,116.0,0.0,0.0
VE,Venezuela,1971,wheat,774.0,774.0,0.0
VE,Venezuela,1972,maize,911.0,911.0,0.0
VE,Venezuela,1972,rice,169.0,0.0,0.0
VE,Venezuela,1972,wheat,592.0,592.0,0.0
VE,Venezuela,1973,maize,727.0,647.0,80.0
VE,Venezuela,1973,rice,185.0,0.0,0.0
VE,Venezuela,1973,wheat,595.0,595.0,0.0
VE,Venezuela,1974,maize,749.0,684.0,65.0
VE,Venezuela,1974,rice,180.0,0.0,0.0
VE,Venezuela,1974,wheat,584.0,439.0,145.0
VE,Venezuela,1975,maize,860.0,790.0,70.0
VE,Venezuela,1975,rice,150.0,0.0,0.0
VE,Venezuela,1975,wheat,702.0,525.0,177.0
VE,Venezuela,1976,maize,1050.0,955.0,95.0
VE,Venezuela,1976,rice,130.0,0.0,0.0
VE,Venezuela,1976,wheat,771.0,559.0,212.0
VE,Venezuela,1977,maize,1225.0,1105.0,120.0
VE,Venezuela,1977,rice,210.0,0.0,0.0
VE,Venezuela,1977,wheat,806.0,580.0,226.0
VE,Venezuela,1978,maize,1246.0,971.0,275.0
VE,Venezuela,1978,rice,246.0,0.0,0.0
VE,Venezuela,1978,wheat,801.0,585.0,216.0
VE,Venezuela,1979,maize,1498.0,1048.0,450.0
VE,Venezuela,1979,rice,319.0,0.0,0.0
VE,Venezuela,1979,wheat,861.0,619.0,242.0
VE,Venezuela,1980,maize,1461.0,1291.0,170.0
VE,Venezuela,1980,rice,633.0,0.0,0.0
VE,Venezuela,1980,wheat,801.0,601.0,200.0
VE,Venezuela,1981,maize,1429.0,1272.0,157.0
VE,Venezuela,1981,rice,303.0,0.0,0.0
VE,Venezuela,1981,wheat,831.0,621.0,210.0
VE,Venezuela,1982,maize,2119.0,942.0,1177.0
VE,Venezuela,1982,rice,484.0,0.0,0.0
VE,Venezuela,1982,wheat,827.0,606.0,221.0
VE,Venezuela,1983,maize,1692.0,942.0,750.0
VE,Venezuela,1983,rice,400.0,0.0,0.0
VE,Venezuela,1983,wheat,926.0,676.0,250.0
VE,Venezuela,1984,maize,1350.0,900.0,450.0
VE,Venezuela,1984,rice,308.0,0.0,0.0
VE,Venezuela,1984,wheat,1038.0,725.0,313.0
VE,Venezuela,1985,maize,1229.0,909.0,320.0
VE,Venezuela,1985,rice,290.0,0.0,0.0
VE,Venezuela,1985,wheat,1070.0,775.0,295.0
VE,Venezuela,1986,maize,1197.0,1147.0,50.0
VE,Venezuela,1986,rice,330.0,0.0,0.0
VE,Venezuela,1986,wheat,1149.0,874.0,275.0
VE,Venezuela,1987,maize,1240.0,1040.0,200.0
VE,Venezuela,1987,rice,271.0,0.0,0.0
VE,Venezuela,1987,wheat,1210.0,710.0,500.0
VE,Venezuela,1988,maize,1201.0,910.0,291.0
VE,Venezuela,1988,rice,268.0,0.0,0.0
VE,Venezuela,1988,wheat,1045.0,545.0,500.0
VE,Venezuela,1989,maize,1577.0,1077.0,500.0
VE,Venezuela,1989,rice,236.0,0.0,0.0
VE,Venezuela,1989,wheat,850.0,850.0,0.0
VE,Venezuela,1990,maize,1456.0,976.0,480.0
VE,Venezuela,1990,rice,261.0,0.0,0.0
VE,Venezuela,1990,wheat,1110.0,1110.0,0.0
VE,Venezuela,1991,maize,1592.0,1072.0,520.0
VE,Venezuela,1991,rice,307.0,0.0,0.0
VE,Venezuela,1991,wheat,1181.0,1181.0,0.0
VE,Venezuela,1992,maize,1875.0,1125.0,750.0
VE,Venezuela,1992,rice,317.0,0.0,0.0
VE,Venezuela,1992,wheat,1126.0,1126.0,0.0
VE,Venezuela,1993,maize,1728.0,961.0,767.0
VE,Venezuela,1993,rice,350.0,0.0,0.0
VE,Venezuela,1993,wheat,1082.0,1082.0,0.0
VE,Venezuela,1994,maize,2160.0,1075.0,1085.0
VE,Venezuela,1994,rice,379.0,0.0,0.0
VE,Venezuela,1994,wheat,1141.0,1141.0,0.0
VE,Venezuela,1995,maize,2315.0,1095.0,1220.0
VE,Venezuela,1995,rice,367.0,0.0,0.0
VE,Venezuela,1995,wheat,1014.0,1014.0,0.0
VE,Venezuela,1996,maize,2660.0,1070.0,1590.0
VE,Venezuela,1996,rice,375.0,0.0,0.0
VE,Venezuela,1996,wheat,1194.0,1194.0,0.0
VE,Venezuela,1997,maize,2099.0,946.0,1153.0
VE,Venezuela,1997,rice,383.0,0.0,0.0
VE,Venezuela,1997,wheat,1169.0,1169.0,0.0
VE,Venezuela,1998,maize,2443.0,993.0,1450.0
VE,Venezuela,1998,rice,391.0,0.0,0.0
VE,Venezuela,1998,wheat,1296.0,1296.0,0.0
VE,Venezuela,1999,maize,2500.0,1100.0,1400.0
VE,Venezuela,1999,rice,400.0,0.0,0.0
VE,Venezuela,1999,wheat,1375.0,1375.0,0.0
VE,Venezuela,2000,maize,2500.0,1200.0,1300.0
VE,Venezuela,2000,rice,405.0,0.0,0.0
VE,Venezuela,2000,wheat,1381.0,1381.0,0.0
VE,Venezuela,2001,maize,1600.0,1200.0,400.0
VE,Venezuela,2001,rice,405.0,0.0,0.0
VE,Venezuela,2001,wheat,1391.0,1391.0,0.0
VE,Venezuela,2002,maize,1750.0,1250.0,500.0
VE,Venezuela,2002,rice,365.0,0.0,0.0
VE,Venezuela,2002,wheat,959.0,959.0,0.0
VE,Venezuela,2003,maize,1850.0,1250.0,600.0
VE,Venezuela,2003,rice,380.0,0.0,0.0
VE,Venezuela,2003,wheat,1537.0,1537.0,0.0
VE,Venezuela,2004,maize,1750.0,1000.0,750.0
VE,Venezuela,2004,rice,390.0,0.0,0.0
VE,Venezuela,2004,wheat,1502.0,1502.0,0.0
VE,Venezuela,2005,maize,1750.0,1000.0,750.0
VE,Venezuela,2005,rice,458.0,0.0,0.0
VE,Venezuela,2005,wheat,1650.0,1650.0,0.0
VE,Venezuela,2006,maize,2400.0,1200.0,1200.0
VE,Venezuela,2006,rice,504.0,0.0,0.0
VE,Venezuela,2006,wheat,1750.0,1750.0,0.0
VE,Venezuela,2007,maize,2700.0,1350.0,1350.0
VE,Venezuela,2007,rice,575.0,0.0,0.0
VE,Venezuela,2007,wheat,1500.0,1500.0,0.0
VE,Venezuela,2008,maize,3200.0,1500.0,1700.0
VE,Venezuela,2008,rice,600.0,0.0,0.0
VE,Venezuela,2008,wheat,1550.0,1550.0,0.0
VE,Venezuela,2009,maize,3400.0,1500.0,1900.0
VE,Venezuela,2009,rice,615.0,0.0,0.0
VE,Venezuela,2009,wheat,1550.0,1550.0,0.0
VE,Venezuela,2010,maize,3100.0,1500.0,1600.0
VE,Venezuela,2010,rice,630.0,0.0,0.0
VE,Venezuela,2010,wheat,1500.0,1500.0,0.0
VE,Venezuela,2011,maize,3850.0,1550.0,2300.0
VE,Venezuela,2011,rice,660.0,0.0,0.0
VE,Venezuela,2011,wheat,1500.0,1500.0,0.0
VE,Venezuela,2012,maize,3650.0,1550.0,2100.0
VE,Venezuela,2012,rice,670.0,0.0,0.0
VE,Venezuela,2012,wheat,1555.0,1555.0,0.0
VE,Venezuela,2013,maize,3800.0,1600.0,2200.0
VE,Venezuela,2013,rice,680.0,0.0,0.0
VE,Venezuela,2013,wheat,1850.0,1850.0,0.0
VE,Venezuela,2014,maize,3500.0,1600.0,1900.0
VE,Venezuela,2014,rice,690.0,0.0,0.0
VE,Venezuela,2014,wheat,1750.0,1750.0,0.0
VE,Venezuela,2015,maize,3100.0,1500.0,1600.0
VE,Venezuela,2015,rice,660.0,0.0,0.0
VE,Venezuela,2015,wheat,1500.0,1500.0,0.0
VE,Venezuela,2016,maize,2350.0,1150.0,1200.0
VE,Venezuela,2016,rice,630.0,0.0,0.0
VE,Venezuela,2016,wheat,1150.0,1150.0,0.0
VE,Venezuela,2017,maize,2000.0,1000.0,1000.0
VE,Venezuela,2017,rice,640.0,0.0,0.0
VE,Venezuela,2017,wheat,1475.0,1475.0,0.0
VE,Venezuela,2018,maize,1450.0,850.0,600.0
VE,Venezuela,2018,rice,660.0,0.0,0.0
VE,Venezuela,2018,wheat,845.0,845.0,0.0
VE,Venezuela,2019,maize,1650.0,1100.0,550.0
VE,Venezuela,2019,rice,680.0,0.0,0.0
VE,Venezuela,2019,wheat,950.0,950.0,0.0
VE,Venezuela,2020,maize,1850.0,1000.0,850.0
VE,Venezuela,2020,rice,700.0,0.0,0.0
VE,Venezuela,2020,wheat,1050.0,1050.0,0.0
VE,Venezuela,2021,maize,1900.0,1000.0,900.0
VE,Venezuela,2021,rice,720.0,0.0,0.0
VE,Venezuela,2021,wheat,1300.0,1300.0,0.0
VE,Venezuela,2022,maize,2000.0,1100.0,900.0
VE,Venezuela,2022,rice,730.0,0.0,0.0
VE,Venezuela,2022,wheat,1350.0,1350.0,0.0
VE,Venezuela,2023,maize,2750.0,1300.0,1450.0
VE,Venezuela,2023,rice,730.0,0.0,0.0
VE,Venezuela,2023,wheat,1450.0,1450.0,0.0
VE,Venezuela,2024,maize,2280.0,1100.0,1180.0
VE,Venezuela,2024,rice,700.0,0.0,0.0
VE,Venezuela,2024,wheat,1450.0,1450.0,0.0
VE,Venezuela,2025,maize,3050.0,1150.0,1900.0
VE,Venezuela,2025,rice,730.0,0.0,0.0
VE,Venezuela,2025,wheat,1650.0,1650.0,0.0
VE,Venezuela,2026,maize,3080.0,1180.0,1900.0
VE,Venezuela,2026,rice,740.0,0.0,0.0
VE,Venezuela,2026,wheat,1650.0,1650.0,0.0
VM,Vietnam,1960,maize,9.0,9.0,0.0
VM,Vietnam,1960,rice,5789.0,0.0,0.0
VM,Vietnam,1961,maize,30.0,28.0,2.0
VM,Vietnam,1961,rice,5980.0,0.0,0.0
VM,Vietnam,1962,maize,95.0,87.0,8.0
VM,Vietnam,1962,rice,6015.0,0.0,0.0
VM,Vietnam,1963,maize,99.0,91.0,8.0
VM,Vietnam,1963,rice,6215.0,0.0,0.0
VM,Vietnam,1963,wheat,108.0,108.0,0.0
VM,Vietnam,1964,maize,93.0,83.0,10.0
VM,Vietnam,1964,rice,6467.0,0.0,0.0
VM,Vietnam,1964,wheat,90.0,90.0,0.0
VM,Vietnam,1965,maize,74.0,67.0,7.0
VM,Vietnam,1965,rice,6502.0,0.0,0.0
VM,Vietnam,1965,wheat,83.0,83.0,0.0
VM,Vietnam,1966,maize,75.0,70.0,5.0
VM,Vietnam,1966,rice,6255.0,0.0,0.0
VM,Vietnam,1966,wheat,152.0,152.0,0.0
VM,Vietnam,1967,maize,34.0,30.0,4.0
VM,Vietnam,1967,rice,6348.0,0.0,0.0
VM,Vietnam,1967,wheat,211.0,211.0,0.0
VM,Vietnam,1968,maize,75.0,62.0,13.0
VM,Vietnam,1968,rice,6188.0,0.0,0.0
VM,Vietnam,1968,wheat,733.0,733.0,0.0
VM,Vietnam,1969,maize,162.0,132.0,30.0
VM,Vietnam,1969,rice,6982.0,0.0,0.0
VM,Vietnam,1969,wheat,1024.0,1024.0,0.0
VM,Vietnam,1970,maize,111.0,93.0,18.0
VM,Vietnam,1970,rice,7042.0,0.0,0.0
VM,Vietnam,1970,wheat,705.0,705.0,0.0
VM,Vietnam,1971,maize,124.0,97.0,27.0
VM,Vietnam,1971,rice,7553.0,0.0,0.0
VM,Vietnam,1971,wheat,607.0,607.0,0.0
VM,Vietnam,1972,maize,122.0,99.0,23.0
VM,Vietnam,1972,rice,7746.0,0.0,0.0
VM,Vietnam,1972,wheat,629.0,629.0,0.0
VM,Vietnam,1973,maize,96.0,72.0,24.0
VM,Vietnam,1973,rice,8096.0,0.0,0.0
VM,Vietnam,1973,wheat,549.0,549.0,0.0
VM,Vietnam,1974,maize,100.0,81.0,19.0
VM,Vietnam,1974,rice,7804.0,0.0,0.0
VM,Vietnam,1974,wheat,621.0,621.0,0.0
VM,Vietnam,1975,maize,310.0,258.0,52.0
VM,Vietnam,1975,rice,7653.0,0.0,0.0
VM,Vietnam,1975,wheat,550.0,550.0,0.0
VM,Vietnam,1976,maize,310.0,267.0,43.0
VM,Vietnam,1976,rice,8108.0,0.0,0.0
VM,Vietnam,1976,wheat,550.0,550.0,0.0
VM,Vietnam,1977,maize,504.0,457.0,47.0
VM,Vietnam,1977,rice,7141.0,0.0,0.0
VM,Vietnam,1977,wheat,1536.0,1536.0,0.0
VM,Vietnam,1978,maize,590.0,484.0,106.0
VM,Vietnam,1978,rice,6773.0,0.0,0.0
VM,Vietnam,1978,wheat,289.0,289.0,0.0
VM,Vietnam,1979,maize,585.0,537.0,48.0
VM,Vietnam,1979,rice,7160.0,0.0,0.0
VM,Vietnam,1979,wheat,837.0,837.0,0.0
VM,Vietnam,1980,maize,528.0,467.0,61.0
VM,Vietnam,1980,rice,7722.0,0.0,0.0
VM,Vietnam,1980,wheat,618.0,618.0,0.0
VM,Vietnam,1981,maize,526.0,468.0,58.0
VM,Vietnam,1981,rice,8740.0,0.0,0.0
VM,Vietnam,1981,wheat,332.0,332.0,0.0
VM,Vietnam,1982,maize,542.0,493.0,49.0
VM,Vietnam,1982,rice,9791.0,0.0,0.0
VM,Vietnam,1982,wheat,149.0,149.0,0.0
VM,Vietnam,1983,maize,417.0,370.0,47.0
VM,Vietnam,1983,rice,10384.0,0.0,0.0
VM,Vietnam,1983,wheat,70.0,70.0,0.0
VM,Vietnam,1984,maize,500.0,435.0,65.0
VM,Vietnam,1984,rice,10909.0,0.0,0.0
VM,Vietnam,1984,wheat,56.0,56.0,0.0
VM,Vietnam,1985,maize,480.0,410.0,70.0
VM,Vietnam,1985,rice,10728.0,0.0,0.0
VM,Vietnam,1985,wheat,25.0,25.0,0.0
VM,Vietnam,1986,maize,562.0,457.0,105.0
VM,Vietnam,1986,rice,9685.0,0.0,0.0
VM,Vietnam,1986,wheat,188.0,188.0,0.0
VM,Vietnam,1987,maize,534.0,420.0,114.0
VM,Vietnam,1987,rice,11416.0,0.0,0.0
VM,Vietnam,1987,wheat,231.0,231.0,0.0
VM,Vietnam,1988,maize,723.0,551.0,172.0
VM,Vietnam,1988,rice,10663.0,0.0,0.0
VM,Vietnam,1988,wheat,275.0,275.0,0.0
VM,Vietnam,1989,maize,789.0,616.0,173.0
VM,Vietnam,1989,rice,11101.0,0.0,0.0
VM,Vietnam,1989,wheat,280.0,280.0,0.0
VM,Vietnam,1990,maize,646.0,424.0,222.0
VM,Vietnam,1990,rice,11345.0,0.0,0.0
VM,Vietnam,1990,wheat,256.0,256.0,0.0
VM,Vietnam,1991,maize,618.0,409.0,209.0
VM,Vietnam,1991,rice,12724.0,0.0,0.0
VM,Vietnam,1991,wheat,370.0,370.0,0.0
VM,Vietnam,1992,maize,736.0,538.0,198.0
VM,Vietnam,1992,rice,13049.0,0.0,0.0
VM,Vietnam,1992,wheat,389.0,389.0,0.0
VM,Vietnam,1993,maize,801.0,499.0,302.0
VM,Vietnam,1993,rice,13785.0,0.0,0.0
VM,Vietnam,1993,wheat,444.0,444.0,0.0
VM,Vietnam,1994,maize,1139.0,514.0,625.0
VM,Vietnam,1994,rice,13942.0,0.0,0.0
VM,Vietnam,1994,wheat,581.0,581.0,0.0
VM,Vietnam,1995,maize,1143.0,319.0,824.0
VM,Vietnam,1995,rice,14394.0,0.0,0.0
VM,Vietnam,1995,wheat,476.0,476.0,0.0
VM,Vietnam,1996,maize,1535.0,378.0,1157.0
VM,Vietnam,1996,rice,14477.0,0.0,0.0
VM,Vietnam,1996,wheat,507.0,507.0,0.0
VM,Vietnam,1997,maize,1724.0,450.0,1274.0
VM,Vietnam,1997,rice,15000.0,0.0,0.0
VM,Vietnam,1997,wheat,618.0,618.0,0.0
VM,Vietnam,1998,maize,1719.0,527.0,1192.0
VM,Vietnam,1998,rice,15500.0,0.0,0.0
VM,Vietnam,1998,wheat,604.0,604.0,0.0
VM,Vietnam,1999,maize,1953.0,675.0,1278.0
VM,Vietnam,1999,rice,17552.0,0.0,0.0
VM,Vietnam,1999,wheat,550.0,550.0,0.0
VM,Vietnam,2000,maize,1958.0,420.0,1538.0
VM,Vietnam,2000,rice,16932.0,0.0,0.0
VM,Vietnam,2000,wheat,600.0,550.0,50.0
VM,Vietnam,2001,maize,2267.0,450.0,1817.0
VM,Vietnam,2001,rice,17966.0,0.0,0.0
VM,Vietnam,2001,wheat,850.0,550.0,300.0
VM,Vietnam,2002,maize,2798.0,550.0,2248.0
VM,Vietnam,2002,rice,17447.0,0.0,0.0
VM,Vietnam,2002,wheat,925.0,550.0,375.0
VM,Vietnam,2003,maize,2950.0,550.0,2400.0
VM,Vietnam,2003,rice,18230.0,0.0,0.0
VM,Vietnam,2003,wheat,875.0,600.0,275.0
VM,Vietnam,2004,maize,3700.0,600.0,3100.0
VM,Vietnam,2004,rice,17595.0,0.0,0.0
VM,Vietnam,2004,wheat,1050.0,700.0,350.0
VM,Vietnam,2005,maize,4250.0,850.0,3400.0
VM,Vietnam,2005,rice,18392.0,0.0,0.0
VM,Vietnam,2005,wheat,900.0,750.0,150.0
VM,Vietnam,2006,maize,4500.0,900.0,3600.0
VM,Vietnam,2006,rice,18775.0,0.0,0.0
VM,Vietnam,2006,wheat,1125.0,800.0,325.0
VM,Vietnam,2007,maize,4700.0,1000.0,3700.0
VM,Vietnam,2007,rice,19400.0,0.0,0.0
VM,Vietnam,2007,wheat,1125.0,825.0,300.0
VM,Vietnam,2008,maize,5500.0,1100.0,4400.0
VM,Vietnam,2008,rice,19000.0,0.0,0.0
VM,Vietnam,2008,wheat,1050.0,850.0,200.0
VM,Vietnam,2009,maize,6000.0,1000.0,5000.0
VM,Vietnam,2009,rice,19150.0,0.0,0.0
VM,Vietnam,2009,wheat,1650.0,900.0,750.0
VM,Vietnam,2010,maize,5900.0,1100.0,4800.0
VM,Vietnam,2010,rice,19400.0,0.0,0.0
VM,Vietnam,2010,wheat,2150.0,1300.0,850.0
VM,Vietnam,2011,maize,6000.0,1000.0,5000.0
VM,Vietnam,2011,rice,19650.0,0.0,0.0
VM,Vietnam,2011,wheat,2550.0,1450.0,1100.0
VM,Vietnam,2012,maize,6400.0,1100.0,5300.0
VM,Vietnam,2012,rice,21600.0,0.0,0.0
VM,Vietnam,2012,wheat,1750.0,1500.0,250.0
VM,Vietnam,2013,maize,8200.0,1300.0,6900.0
VM,Vietnam,2013,rice,22000.0,0.0,0.0
VM,Vietnam,2013,wheat,1875.0,1525.0,350.0
VM,Vietnam,2014,maize,9400.0,1300.0,8100.0
VM,Vietnam,2014,rice,22000.0,0.0,0.0
VM,Vietnam,2014,wheat,2150.0,1550.0,600.0
VM,Vietnam,2015,maize,12200.0,1400.0,10800.0
VM,Vietnam,2015,rice,22500.0,0.0,0.0
VM,Vietnam,2015,wheat,2475.0,1575.0,900.0
VM,Vietnam,2016,maize,13000.0,1400.0,11600.0
VM,Vietnam,2016,rice,22000.0,0.0,0.0
VM,Vietnam,2016,wheat,4900.0,1800.0,3100.0
VM,Vietnam,2017,maize,13600.0,1400.0,12200.0
VM,Vietnam,2017,rice,21500.0,0.0,0.0
VM,Vietnam,2017,wheat,4500.0,2000.0,2500.0
VM,Vietnam,2018,maize,14200.0,1400.0,12800.0
VM,Vietnam,2018,rice,21200.0,0.0,0.0
VM,Vietnam,2018,wheat,3300.0,2000.0,1300.0
VM,Vietnam,2019,maize,14550.0,1450.0,13100.0
VM,Vietnam,2019,rice,21350.0,0.0,0.0
VM,Vietnam,2019,wheat,3350.0,2100.0,1250.0
VM,Vietnam,2020,maize,16450.0,1450.0,15000.0
VM,Vietnam,2020,rice,21850.0,0.0,0.0
VM,Vietnam,2020,wheat,3750.0,2150.0,1600.0
VM,Vietnam,2021,maize,14750.0,1450.0,13300.0
VM,Vietnam,2021,rice,22050.0,0.0,0.0
VM,Vietnam,2021,wheat,4150.0,2050.0,2100.0
VM,Vietnam,2022,maize,13850.0,1450.0,12400.0
VM,Vietnam,2022,rice,22250.0,0.0,0.0
VM,Vietnam,2022,wheat,4300.0,2100.0,2200.0
VM,Vietnam,2023,maize,14350.0,1450.0,12900.0
VM,Vietnam,2023,rice,22300.0,0.0,0.0
VM,Vietnam,2023,wheat,4800.0,2300.0,2500.0
VM,Vietnam,2024,maize,15800.0,1500.0,14300.0
VM,Vietnam,2024,rice,22300.0,0.0,0.0
VM,Vietnam,2024,wheat,5100.0,2550.0,2550.0
VM,Vietnam,2025,maize,17100.0,1600.0,15500.0
VM,Vietnam,2025,rice,22250.0,0.0,0.0
VM,Vietnam,2025,wheat,6200.0,2800.0,3400.0
VM,Vietnam,2026,maize,18850.0,1650.0,17200.0
VM,Vietnam,2026,rice,22200.0,0.0,0.0
VM,Vietnam,2026,wheat,5950.0,2950.0,3000.0
WA,Namibia,2000,maize,125.0,75.0,50.0
WA,Namibia,2001,maize,125.0,75.0,50.0
WA,Namibia,2002,maize,125.0,75.0,50.0
WA,Namibia,2003,maize,125.0,75.0,50.0
WA,Namibia,2004,maize,125.0,75.0,50.0
WA,Namibia,2005,maize,110.0,75.0,35.0
WA,Namibia,2006,maize,125.0,75.0,50.0
WA,Namibia,2007,maize,137.0,100.0,37.0
WA,Namibia,2008,maize,200.0,150.0,50.0
WA,Namibia,2009,maize,150.0,100.0,50.0
WA,Namibia,2010,maize,150.0,100.0,50.0
WA,Namibia,2010,wheat,45.0,45.0,0.0
WA,Namibia,2011,maize,125.0,75.0,50.0
WA,Namibia,2011,wheat,87.0,87.0,0.0
WA,Namibia,2012,maize,185.0,135.0,50.0
WA,Namibia,2012,wheat,41.0,41.0,0.0
WA,Namibia,2013,maize,175.0,125.0,50.0
WA,Namibia,2013,wheat,104.0,104.0,0.0
WA,Namibia,2014,maize,200.0,150.0,50.0
WA,Namibia,2014,wheat,103.0,103.0,0.0
WA,Namibia,2015,maize,220.0,170.0,50.0
WA,Namibia,2015,wheat,150.0,150.0,0.0
WA,Namibia,2016,maize,230.0,180.0,50.0
WA,Namibia,2016,wheat,120.0,120.0,0.0
WA,Namibia,2017,maize,200.0,150.0,50.0
WA,Namibia,2017,wheat,80.0,80.0,0.0
WA,Namibia,2018,maize,185.0,135.0,50.0
WA,Namibia,2018,wheat,95.0,95.0,0.0
WA,Namibia,2019,maize,250.0,200.0,50.0
WA,Namibia,2019,wheat,100.0,100.0,0.0
WA,Namibia,2020,maize,250.0,200.0,50.0
WA,Namibia,2020,wheat,110.0,110.0,0.0
WA,Namibia,2021,maize,250.0,200.0,50.0
WA,Namibia,2021,wheat,115.0,115.0,0.0
WA,Namibia,2022,maize,245.0,200.0,45.0
WA,Namibia,2022,wheat,115.0,115.0,0.0
WA,Namibia,2023,maize,260.0,210.0,50.0
WA,Namibia,2023,wheat,135.0,135.0,0.0
WA,Namibia,2024,maize,285.0,225.0,60.0
WA,Namibia,2024,wheat,170.0,170.0,0.0
WA,Namibia,2025,maize,245.0,215.0,30.0
WA,Namibia,2025,wheat,200.0,200.0,0.0
WA,Namibia,2026,maize,275.0,225.0,50.0
WA,Namibia,2026,wheat,200.0,200.0,0.0
WZ,Eswatini,1960,rice,4.0,0.0,0.0
WZ,Eswatini,1961,rice,4.0,0.0,0.0
WZ,Eswatini,1962,rice,4.0,0.0,0.0
WZ,Eswatini,1963,rice,4.0,0.0,0.0
WZ,Eswatini,1964,rice,4.0,0.0,0.0
WZ,Eswatini,1965,rice,4.0,0.0,0.0
WZ,Eswatini,1966,rice,4.0,0.0,0.0
WZ,Eswatini,1967,rice,4.0,0.0,0.0
WZ,Eswatini,1968,rice,4.0,0.0,0.0
WZ,Eswatini,1969,rice,5.0,0.0,0.0
WZ,Eswatini,1970,rice,1.0,0.0,0.0
WZ,Eswatini,1971,rice,1.0,0.0,0.0
WZ,Eswatini,1972,rice,1.0,0.0,0.0
WZ,Eswatini,1973,rice,1.0,0.0,0.0
WZ,Eswatini,1974,rice,1.0,0.0,0.0
WZ,Eswatini,1975,rice,1.0,0.0,0.0
WZ,Eswatini,1976,maize,50.0,50.0,0.0
WZ,Eswatini,1976,rice,1.0,0.0,0.0
WZ,Eswatini,1977,maize,50.0,50.0,0.0
WZ,Eswatini,1977,rice,3.0,0.0,0.0
WZ,Eswatini,1978,maize,80.0,80.0,0.0
WZ,Eswatini,1978,rice,3.0,0.0,0.0
WZ,Eswatini,1979,maize,130.0,130.0,0.0
WZ,Eswatini,1979,rice,3.0,0.0,0.0
WZ,Eswatini,1980,maize,97.0,97.0,0.0
WZ,Eswatini,1980,rice,3.0,0.0,0.0
WZ,Eswatini,1981,maize,94.0,94.0,0.0
WZ,Eswatini,1981,rice,3.0,0.0,0.0
WZ,Eswatini,1982,maize,51.0,51.0,0.0
WZ,Eswatini,1982,rice,3.0,0.0,0.0
WZ,Eswatini,1983,maize,110.0,110.0,0.0
WZ,Eswatini,1983,rice,3.0,0.0,0.0
WZ,Eswatini,1984,maize,85.0,85.0,0.0
WZ,Eswatini,1984,rice,3.0,0.0,0.0
WZ,Eswatini,1985,maize,101.0,101.0,0.0
WZ,Eswatini,1985,rice,3.0,0.0,0.0
WZ,Eswatini,1986,maize,95.0,95.0,0.0
WZ,Eswatini,1986,rice,3.0,0.0,0.0
WZ,Eswatini,1987,maize,150.0,150.0,0.0
WZ,Eswatini,1987,rice,3.0,0.0,0.0
WZ,Eswatini,1988,maize,110.0,110.0,0.0
WZ,Eswatini,1988,rice,3.0,0.0,0.0
WZ,Eswatini,1989,maize,80.0,80.0,0.0
WZ,Eswatini,1989,rice,3.0,0.0,0.0
WZ,Eswatini,1990,maize,153.0,153.0,0.0
WZ,Eswatini,1990,rice,3.0,0.0,0.0
WZ,Eswatini,1991,maize,64.0,64.0,0.0
WZ,Eswatini,1991,rice,3.0,0.0,0.0
WZ,Eswatini,1992,maize,75.0,75.0,0.0
WZ,Eswatini,1992,rice,3.0,0.0,0.0
WZ,Eswatini,1993,maize,121.0,121.0,0.0
WZ,Eswatini,1993,rice,3.0,0.0,0.0
WZ,Eswatini,1994,maize,82.0,82.0,0.0
WZ,Eswatini,1994,rice,4.0,0.0,0.0
WZ,Eswatini,1995,maize,141.0,141.0,0.0
WZ,Eswatini,1995,rice,3.0,0.0,0.0
WZ,Eswatini,1996,maize,110.0,110.0,0.0
WZ,Eswatini,1996,rice,3.0,0.0,0.0
WZ,Eswatini,1997,maize,110.0,110.0,0.0
WZ,Eswatini,1997,rice,3.0,0.0,0.0
WZ,Eswatini,1998,maize,125.0,125.0,0.0
WZ,Eswatini,1998,rice,3.0,0.0,0.0
WZ,Eswatini,1999,maize,145.0,120.0,25.0
WZ,Eswatini,1999,rice,3.0,0.0,0.0
WZ,Eswatini,2000,maize,158.0,138.0,20.0
WZ,Eswatini,2000,rice,3.0,0.0,0.0
WZ,Eswatini,2001,maize,133.0,113.0,20.0
WZ,Eswatini,2001,rice,3.0,0.0,0.0
WZ,Eswatini,2002,maize,108.0,88.0,20.0
WZ,Eswatini,2002,rice,3.0,0.0,0.0
WZ,Eswatini,2003,maize,124.0,104.0,20.0
WZ,Eswatini,2003,rice,3.0,0.0,0.0
WZ,Eswatini,2004,maize,108.0,88.0,20.0
WZ,Eswatini,2004,rice,3.0,0.0,0.0
WZ,Eswatini,2005,maize,130.0,110.0,20.0
WZ,Eswatini,2005,rice,3.0,0.0,0.0
WZ,Eswatini,2006,maize,132.0,112.0,20.0
WZ,Eswatini,2006,rice,3.0,0.0,0.0
WZ,Eswatini,2007,maize,111.0,101.0,10.0
WZ,Eswatini,2007,rice,3.0,0.0,0.0
WZ,Eswatini,2008,maize,115.0,95.0,20.0
WZ,Eswatini,2008,rice,3.0,0.0,0.0
WZ,Eswatini,2009,maize,137.0,112.0,25.0
WZ,Eswatini,2009,rice,3.0,0.0,0.0
WZ,Eswatini,2010,maize,180.0,155.0,25.0
WZ,Eswatini,2010,rice,3.0,0.0,0.0
WZ,Eswatini,2011,maize,155.0,130.0,25.0
WZ,Eswatini,2011,rice,3.0,0.0,0.0
WZ,Eswatini,2012,maize,162.0,137.0,25.0
WZ,Eswatini,2012,rice,3.0,0.0,0.0
WZ,Eswatini,2013,maize,189.0,164.0,25.0
WZ,Eswatini,2013,rice,3.0,0.0,0.0
WZ,Eswatini,2014,maize,182.0,157.0,25.0
WZ,Eswatini,2014,rice,0.0,0.0,0.0
WZ,Eswatini,2015,maize,192.0,167.0,25.0
WZ,Eswatini,2015,rice,0.0,0.0,0.0
WZ,Eswatini,2016,maize,149.0,129.0,20.0
WZ,Eswatini,2016,rice,0.0,0.0,0.0
WZ,Eswatini,2017,maize,200.0,180.0,20.0
WZ,Eswatini,2017,rice,0.0,0.0,0.0
WZ,Eswatini,2018,maize,240.0,210.0,30.0
WZ,Eswatini,2018,rice,0.0,0.0,0.0
WZ,Eswatini,2019,maize,250.0,225.0,25.0
WZ,Eswatini,2019,rice,0.0,0.0,0.0
WZ,Eswatini,2020,maize,290.0,265.0,25.0
WZ,Eswatini,2020,rice,0.0,0.0,0.0
WZ,Eswatini,2021,maize,265.0,235.0,30.0
WZ,Eswatini,2021,rice,0.0,0.0,0.0
WZ,Eswatini,2022,maize,280.0,250.0,30.0
WZ,Eswatini,2022,rice,0.0,0.0,0.0
WZ,Eswatini,2023,maize,260.0,240.0,20.0
WZ,Eswatini,2023,rice,0.0,0.0,0.0
WZ,Eswatini,2024,maize,255.0,240.0,15.0
WZ,Eswatini,2024,rice,0.0,0.0,0.0
WZ,Eswatini,2025,maize,265.0,245.0,20.0
WZ,Eswatini,2025,rice,0.0,0.0,0.0
WZ,Eswatini,2026,maize,260.0,240.0,20.0
WZ,Eswatini,2026,rice,0.0,0.0,0.0
YE,Yemen (Sanaa),1960,rice,3.0,0.0,0.0
YE,Yemen (Sanaa),1961,rice,3.0,0.0,0.0
YE,Yemen (Sanaa),1962,rice,3.0,0.0,0.0
YE,Yemen (Sanaa),1963,rice,3.0,0.0,0.0
YE,Yemen (Sanaa),1964,rice,4.0,0.0,0.0
YE,Yemen (Sanaa),1965,rice,4.0,0.0,0.0
YE,Yemen (Sanaa),1966,rice,4.0,0.0,0.0
YE,Yemen (Sanaa),1967,rice,4.0,0.0,0.0
YE,Yemen (Sanaa),1968,rice,4.0,0.0,0.0
YE,Yemen (Sanaa),1968,wheat,59.0,59.0,0.0
YE,Yemen (Sanaa),1969,rice,5.0,0.0,0.0
YE,Yemen (Sanaa),1969,wheat,141.0,141.0,0.0
YE,Yemen (Sanaa),1970,rice,12.0,0.0,0.0
YE,Yemen (Sanaa),1970,wheat,170.0,170.0,0.0
YE,Yemen (Sanaa),1971,maize,32.0,32.0,0.0
YE,Yemen (Sanaa),1971,rice,7.0,0.0,0.0
YE,Yemen (Sanaa),1971,wheat,208.0,208.0,0.0
YE,Yemen (Sanaa),1972,maize,80.0,80.0,0.0
YE,Yemen (Sanaa),1972,rice,15.0,0.0,0.0
YE,Yemen (Sanaa),1972,wheat,190.0,190.0,0.0
YE,Yemen (Sanaa),1973,maize,75.0,75.0,0.0
YE,Yemen (Sanaa),1973,rice,20.0,0.0,0.0
YE,Yemen (Sanaa),1973,wheat,264.0,264.0,0.0
YE,Yemen (Sanaa),1974,maize,85.0,85.0,0.0
YE,Yemen (Sanaa),1974,rice,23.0,0.0,0.0
YE,Yemen (Sanaa),1974,wheat,189.0,189.0,0.0
YE,Yemen (Sanaa),1975,maize,107.0,107.0,0.0
YE,Yemen (Sanaa),1975,rice,23.0,0.0,0.0
YE,Yemen (Sanaa),1975,wheat,313.0,313.0,0.0
YE,Yemen (Sanaa),1976,maize,72.0,72.0,0.0
YE,Yemen (Sanaa),1976,rice,30.0,0.0,0.0
YE,Yemen (Sanaa),1976,wheat,433.0,433.0,0.0
YE,Yemen (Sanaa),1977,maize,111.0,111.0,0.0
YE,Yemen (Sanaa),1977,rice,35.0,0.0,0.0
YE,Yemen (Sanaa),1977,wheat,405.0,405.0,0.0
YE,Yemen (Sanaa),1978,maize,54.0,54.0,0.0
YE,Yemen (Sanaa),1978,rice,35.0,0.0,0.0
YE,Yemen (Sanaa),1978,wheat,480.0,480.0,0.0
YE,Yemen (Sanaa),1979,maize,48.0,48.0,0.0
YE,Yemen (Sanaa),1979,rice,34.0,0.0,0.0
YE,Yemen (Sanaa),1979,wheat,488.0,488.0,0.0
YE,Yemen (Sanaa),1980,maize,99.0,99.0,0.0
YE,Yemen (Sanaa),1980,rice,66.0,0.0,0.0
YE,Yemen (Sanaa),1980,wheat,483.0,483.0,0.0
YE,Yemen (Sanaa),1981,maize,53.0,53.0,0.0
YE,Yemen (Sanaa),1981,rice,71.0,0.0,0.0
YE,Yemen (Sanaa),1981,wheat,520.0,520.0,0.0
YE,Yemen (Sanaa),1982,maize,59.0,59.0,0.0
YE,Yemen (Sanaa),1982,rice,31.0,0.0,0.0
YE,Yemen (Sanaa),1982,wheat,537.0,537.0,0.0
YE,Yemen (Sanaa),1983,maize,49.0,49.0,0.0
YE,Yemen (Sanaa),1983,rice,78.0,0.0,0.0
YE,Yemen (Sanaa),1983,wheat,747.0,747.0,0.0
YE,Yemen (Sanaa),1984,maize,60.0,60.0,0.0
YE,Yemen (Sanaa),1984,rice,52.0,0.0,0.0
YE,Yemen (Sanaa),1984,wheat,905.0,905.0,0.0
YE,Yemen (Sanaa),1985,maize,47.0,47.0,0.0
YE,Yemen (Sanaa),1985,rice,54.0,0.0,0.0
YE,Yemen (Sanaa),1985,wheat,776.0,776.0,0.0
YE,Yemen (Sanaa),1986,maize,45.0,45.0,0.0
YE,Yemen (Sanaa),1986,rice,31.0,0.0,0.0
YE,Yemen (Sanaa),1986,wheat,610.0,610.0,0.0
YE,Yemen (Sanaa),1987,maize,45.0,45.0,0.0
YE,Yemen (Sanaa),1987,rice,16.0,0.0,0.0
YE,Yemen (Sanaa),1987,wheat,1002.0,1002.0,0.0
YE,Yemen (Sanaa),1988,maize,62.0,62.0,0.0
YE,Yemen (Sanaa),1988,rice,38.0,0.0,0.0
YE,Yemen (Sanaa),1988,wheat,787.0,787.0,0.0
YE,Yemen (Sanaa),1989,maize,188.0,188.0,0.0
YE,Yemen (Sanaa),1989,rice,34.0,0.0,0.0
YE,Yemen (Sanaa),1989,wheat,868.0,868.0,0.0
YE,Yemen (Sanaa),1990,maize,152.0,152.0,0.0
YE,Yemen (Sanaa),1990,rice,73.0,0.0,0.0
YE,Yemen (Sanaa),1990,wheat,1394.0,1394.0,0.0
YM,Yemen,1991,maize,177.0,177.0,0.0
YM,Yemen,1991,rice,169.0,0.0,0.0
YM,Yemen,1991,wheat,1851.0,1851.0,0.0
YM,Yemen,1992,maize,165.0,165.0,0.0
YM,Yemen,1992,rice,145.0,0.0,0.0
YM,Yemen,1992,wheat,1769.0,1769.0,0.0
YM,Yemen,1993,maize,164.0,164.0,0.0
YM,Yemen,1993,rice,183.0,0.0,0.0
YM,Yemen,1993,wheat,1944.0,1944.0,0.0
YM,Yemen,1994,maize,163.0,163.0,0.0
YM,Yemen,1994,rice,78.0,0.0,0.0
YM,Yemen,1994,wheat,2257.0,2257.0,0.0
YM,Yemen,1995,maize,173.0,173.0,0.0
YM,Yemen,1995,rice,157.0,0.0,0.0
YM,Yemen,1995,wheat,2201.0,2201.0,0.0
YM,Yemen,1996,maize,115.0,115.0,0.0
YM,Yemen,1996,rice,185.0,0.0,0.0
YM,Yemen,1996,wheat,2534.0,2534.0,0.0
YM,Yemen,1997,maize,169.0,169.0,0.0
YM,Yemen,1997,rice,111.0,0.0,0.0
YM,Yemen,1997,wheat,2495.0,2495.0,0.0
YM,Yemen,1998,maize,219.0,219.0,0.0
YM,Yemen,1998,rice,217.0,0.0,0.0
YM,Yemen,1998,wheat,2233.0,2233.0,0.0
YM,Yemen,1999,maize,197.0,197.0,0.0
YM,Yemen,1999,rice,210.0,0.0,0.0
YM,Yemen,1999,wheat,2142.0,2142.0,0.0
YM,Yemen,2000,maize,248.0,248.0,0.0
YM,Yemen,2000,rice,202.0,0.0,0.0
YM,Yemen,2000,wheat,2259.0,2259.0,0.0
YM,Yemen,2001,maize,314.0,314.0,0.0
YM,Yemen,2001,rice,210.0,0.0,0.0
YM,Yemen,2001,wheat,1914.0,1914.0,0.0
YM,Yemen,2002,maize,294.0,269.0,25.0
YM,Yemen,2002,rice,250.0,0.0,0.0
YM,Yemen,2002,wheat,1904.0,1904.0,0.0
YM,Yemen,2003,maize,277.0,252.0,25.0
YM,Yemen,2003,rice,275.0,0.0,0.0
YM,Yemen,2003,wheat,1739.0,1739.0,0.0
YM,Yemen,2004,maize,293.0,268.0,25.0
YM,Yemen,2004,rice,250.0,0.0,0.0
YM,Yemen,2004,wheat,1988.0,1988.0,0.0
YM,Yemen,2005,maize,348.0,248.0,100.0
YM,Yemen,2005,rice,250.0,0.0,0.0
YM,Yemen,2005,wheat,2308.0,2308.0,0.0
YM,Yemen,2006,maize,450.0,200.0,250.0
YM,Yemen,2006,rice,338.0,0.0,0.0
YM,Yemen,2006,wheat,2424.0,2424.0,0.0
YM,Yemen,2007,maize,500.0,225.0,275.0
YM,Yemen,2007,rice,315.0,0.0,0.0
YM,Yemen,2007,wheat,2225.0,2225.0,0.0
YM,Yemen,2008,maize,525.0,225.0,300.0
YM,Yemen,2008,rice,329.0,0.0,0.0
YM,Yemen,2008,wheat,2600.0,2600.0,0.0
YM,Yemen,2009,maize,575.0,250.0,325.0
YM,Yemen,2009,rice,330.0,0.0,0.0
YM,Yemen,2009,wheat,2825.0,2825.0,0.0
YM,Yemen,2010,maize,425.0,175.0,250.0
YM,Yemen,2010,rice,337.0,0.0,0.0
YM,Yemen,2010,wheat,3000.0,3000.0,0.0
YM,Yemen,2011,maize,575.0,175.0,400.0
YM,Yemen,2011,rice,420.0,0.0,0.0
YM,Yemen,2011,wheat,3200.0,3200.0,0.0
YM,Yemen,2012,maize,625.0,175.0,450.0
YM,Yemen,2012,rice,432.0,0.0,0.0
YM,Yemen,2012,wheat,3400.0,3400.0,0.0
YM,Yemen,2013,maize,700.0,200.0,500.0
YM,Yemen,2013,rice,440.0,0.0,0.0
YM,Yemen,2013,wheat,3500.0,3500.0,0.0
YM,Yemen,2014,maize,625.0,225.0,400.0
YM,Yemen,2014,rice,525.0,0.0,0.0
YM,Yemen,2014,wheat,3550.0,3550.0,0.0
YM,Yemen,2015,maize,695.0,275.0,420.0
YM,Yemen,2015,rice,350.0,0.0,0.0
YM,Yemen,2015,wheat,3550.0,3550.0,0.0
YM,Yemen,2016,maize,615.0,275.0,340.0
YM,Yemen,2016,rice,420.0,0.0,0.0
YM,Yemen,2016,wheat,3450.0,3450.0,0.0
YM,Yemen,2017,maize,710.0,300.0,410.0
YM,Yemen,2017,rice,530.0,0.0,0.0
YM,Yemen,2017,wheat,3150.0,3150.0,0.0
YM,Yemen,2018,maize,620.0,270.0,350.0
YM,Yemen,2018,rice,560.0,0.0,0.0
YM,Yemen,2018,wheat,3550.0,3550.0,0.0
YM,Yemen,2019,maize,750.0,300.0,450.0
YM,Yemen,2019,rice,560.0,0.0,0.0
YM,Yemen,2019,wheat,3750.0,3750.0,0.0
YM,Yemen,2020,maize,710.0,300.0,410.0
YM,Yemen,2020,rice,570.0,0.0,0.0
YM,Yemen,2020,wheat,4000.0,4000.0,0.0
YM,Yemen,2021,maize,735.0,325.0,410.0
YM,Yemen,2021,rice,570.0,0.0,0.0
YM,Yemen,2021,wheat,3900.0,3900.0,0.0
YM,Yemen,2022,maize,775.0,325.0,450.0
YM,Yemen,2022,rice,550.0,0.0,0.0
YM,Yemen,2022,wheat,4000.0,4000.0,0.0
YM,Yemen,2023,maize,600.0,300.0,300.0
YM,Yemen,2023,rice,725.0,0.0,0.0
YM,Yemen,2023,wheat,4050.0,4050.0,0.0
YM,Yemen,2024,maize,720.0,300.0,420.0
YM,Yemen,2024,rice,720.0,0.0,0.0
YM,Yemen,2024,wheat,4100.0,4100.0,0.0
YM,Yemen,2025,maize,795.0,325.0,470.0
YM,Yemen,2025,rice,750.0,0.0,0.0
YM,Yemen,2025,wheat,4150.0,4150.0,0.0
YM,Yemen,2026,maize,650.0,300.0,350.0
YM,Yemen,2026,rice,775.0,0.0,0.0
YM,Yemen,2026,wheat,4250.0,4250.0,0.0
YO,Former Yugoslavia,1960,maize,5738.0,953.0,4785.0
YO,Former Yugoslavia,1960,rice,27.0,0.0,0.0
YO,Former Yugoslavia,1960,wheat,4253.0,3978.0,275.0
YO,Former Yugoslavia,1961,maize,4074.0,676.0,3398.0
YO,Former Yugoslavia,1961,rice,14.0,0.0,0.0
YO,Former Yugoslavia,1961,wheat,4408.0,4178.0,230.0
YO,Former Yugoslavia,1962,maize,5096.0,845.0,4251.0
YO,Former Yugoslavia,1962,rice,53.0,0.0,0.0
YO,Former Yugoslavia,1962,wheat,4716.0,4442.0,274.0
YO,Former Yugoslavia,1963,maize,5724.0,817.0,4907.0
YO,Former Yugoslavia,1963,rice,51.0,0.0,0.0
YO,Former Yugoslavia,1963,wheat,5018.0,4633.0,385.0
YO,Former Yugoslavia,1964,maize,6598.0,798.0,5800.0
YO,Former Yugoslavia,1964,rice,41.0,0.0,0.0
YO,Former Yugoslavia,1964,wheat,5206.0,4768.0,438.0
YO,Former Yugoslavia,1965,maize,6143.0,812.0,5331.0
YO,Former Yugoslavia,1965,rice,42.0,0.0,0.0
YO,Former Yugoslavia,1965,wheat,4680.0,4585.0,95.0
YO,Former Yugoslavia,1966,maize,7239.0,882.0,6357.0
YO,Former Yugoslavia,1966,rice,24.0,0.0,0.0
YO,Former Yugoslavia,1966,wheat,4816.0,4576.0,240.0
YO,Former Yugoslavia,1967,maize,6621.0,762.0,5859.0
YO,Former Yugoslavia,1967,rice,40.0,0.0,0.0
YO,Former Yugoslavia,1967,wheat,4834.0,4634.0,200.0
YO,Former Yugoslavia,1968,maize,6004.0,760.0,5244.0
YO,Former Yugoslavia,1968,rice,44.0,0.0,0.0
YO,Former Yugoslavia,1968,wheat,4728.0,4558.0,170.0
YO,Former Yugoslavia,1969,maize,7125.0,860.0,6265.0
YO,Former Yugoslavia,1969,rice,41.0,0.0,0.0
YO,Former Yugoslavia,1969,wheat,4750.0,4630.0,120.0
YO,Former Yugoslavia,1970,maize,7298.0,915.0,6383.0
YO,Former Yugoslavia,1970,rice,50.0,0.0,0.0
YO,Former Yugoslavia,1970,wheat,4799.0,4649.0,150.0
YO,Former Yugoslavia,1971,maize,7463.0,900.0,6563.0
YO,Former Yugoslavia,1971,rice,38.0,0.0,0.0
YO,Former Yugoslavia,1971,wheat,5471.0,4671.0,800.0
YO,Former Yugoslavia,1972,maize,8000.0,1250.0,6750.0
YO,Former Yugoslavia,1972,rice,29.0,0.0,0.0
YO,Former Yugoslavia,1972,wheat,5200.0,4950.0,250.0
YO,Former Yugoslavia,1973,maize,8297.0,1297.0,7000.0
YO,Former Yugoslavia,1973,rice,43.0,0.0,0.0
YO,Former Yugoslavia,1973,wheat,5714.0,5100.0,614.0
YO,Former Yugoslavia,1974,maize,8100.0,1100.0,7000.0
YO,Former Yugoslavia,1974,rice,28.0,0.0,0.0
YO,Former Yugoslavia,1974,wheat,5720.0,5020.0,700.0
YO,Former Yugoslavia,1975,maize,8000.0,1200.0,6800.0
YO,Former Yugoslavia,1975,rice,53.0,0.0,0.0
YO,Former Yugoslavia,1975,wheat,5775.0,5025.0,750.0
YO,Former Yugoslavia,1976,maize,8500.0,1400.0,7100.0
YO,Former Yugoslavia,1976,rice,32.0,0.0,0.0
YO,Former Yugoslavia,1976,wheat,5900.0,5150.0,750.0
YO,Former Yugoslavia,1977,maize,9300.0,1200.0,8100.0
YO,Former Yugoslavia,1977,rice,37.0,0.0,0.0
YO,Former Yugoslavia,1977,wheat,5750.0,5150.0,600.0
YO,Former Yugoslavia,1978,maize,9300.0,1600.0,7700.0
YO,Former Yugoslavia,1978,rice,28.0,0.0,0.0
YO,Former Yugoslavia,1978,wheat,5900.0,5000.0,900.0
YO,Former Yugoslavia,1979,maize,9118.0,1218.0,7900.0
YO,Former Yugoslavia,1979,rice,53.0,0.0,0.0
YO,Former Yugoslavia,1979,wheat,5650.0,4850.0,800.0
YO,Former Yugoslavia,1980,maize,9526.0,1300.0,8226.0
YO,Former Yugoslavia,1980,rice,40.0,0.0,0.0
YO,Former Yugoslavia,1980,wheat,5670.0,4870.0,400.0
YO,Former Yugoslavia,1981,maize,9800.0,1200.0,8600.0
YO,Former Yugoslavia,1981,rice,33.0,0.0,0.0
YO,Former Yugoslavia,1981,wheat,5500.0,4800.0,700.0
YO,Former Yugoslavia,1982,maize,9750.0,1250.0,8500.0
YO,Former Yugoslavia,1982,rice,39.0,0.0,0.0
YO,Former Yugoslavia,1982,wheat,5590.0,4730.0,860.0
YO,Former Yugoslavia,1983,maize,10050.0,1250.0,8800.0
YO,Former Yugoslavia,1983,rice,47.0,0.0,0.0
YO,Former Yugoslavia,1983,wheat,5420.0,4770.0,650.0
YO,Former Yugoslavia,1984,maize,9700.0,1300.0,8400.0
YO,Former Yugoslavia,1984,rice,49.0,0.0,0.0
YO,Former Yugoslavia,1984,wheat,5400.0,4600.0,800.0
YO,Former Yugoslavia,1985,maize,10065.0,1665.0,8400.0
YO,Former Yugoslavia,1985,rice,34.0,0.0,0.0
YO,Former Yugoslavia,1985,wheat,5000.0,4600.0,400.0
YO,Former Yugoslavia,1986,maize,9841.0,1441.0,8400.0
YO,Former Yugoslavia,1986,rice,33.0,0.0,0.0
YO,Former Yugoslavia,1986,wheat,5325.0,4625.0,700.0
YO,Former Yugoslavia,1987,maize,9779.0,1179.0,8600.0
YO,Former Yugoslavia,1987,rice,56.0,0.0,0.0
YO,Former Yugoslavia,1987,wheat,5289.0,4589.0,700.0
YO,Former Yugoslavia,1988,maize,8797.0,1097.0,7700.0
YO,Former Yugoslavia,1988,rice,55.0,0.0,0.0
YO,Former Yugoslavia,1988,wheat,5413.0,4483.0,930.0
YO,Former Yugoslavia,1989,maize,9151.0,676.0,8475.0
YO,Former Yugoslavia,1989,rice,52.0,0.0,0.0
YO,Former Yugoslavia,1989,wheat,5247.0,4547.0,700.0
YO,Former Yugoslavia,1990,maize,8149.0,1149.0,7000.0
YO,Former Yugoslavia,1990,rice,29.0,0.0,0.0
YO,Former Yugoslavia,1990,wheat,6100.0,4600.0,1500.0
YO,Former Yugoslavia,1991,maize,9224.0,1874.0,7350.0
YO,Former Yugoslavia,1991,wheat,6387.0,5337.0,1050.0
YS,Yemen (Aden),1960,rice,27.0,0.0,0.0
YS,Yemen (Aden),1960,wheat,48.0,48.0,0.0
YS,Yemen (Aden),1961,rice,17.0,0.0,0.0
YS,Yemen (Aden),1961,wheat,56.0,56.0,0.0
YS,Yemen (Aden),1962,rice,23.0,0.0,0.0
YS,Yemen (Aden),1962,wheat,49.0,49.0,0.0
YS,Yemen (Aden),1963,rice,26.0,0.0,0.0
YS,Yemen (Aden),1963,wheat,75.0,75.0,0.0
YS,Yemen (Aden),1964,rice,27.0,0.0,0.0
YS,Yemen (Aden),1964,wheat,101.0,101.0,0.0
YS,Yemen (Aden),1965,rice,22.0,0.0,0.0
YS,Yemen (Aden),1965,wheat,133.0,133.0,0.0
YS,Yemen (Aden),1966,rice,24.0,0.0,0.0
YS,Yemen (Aden),1966,wheat,106.0,106.0,0.0
YS,Yemen (Aden),1967,rice,23.0,0.0,0.0
YS,Yemen (Aden),1967,wheat,105.0,105.0,0.0
YS,Yemen (Aden),1968,rice,23.0,0.0,0.0
YS,Yemen (Aden),1968,wheat,95.0,95.0,0.0
YS,Yemen (Aden),1969,rice,51.0,0.0,0.0
YS,Yemen (Aden),1969,wheat,128.0,128.0,0.0
YS,Yemen (Aden),1970,rice,39.0,0.0,0.0
YS,Yemen (Aden),1970,wheat,88.0,88.0,0.0
YS,Yemen (Aden),1971,rice,19.0,0.0,0.0
YS,Yemen (Aden),1971,wheat,90.0,90.0,0.0
YS,Yemen (Aden),1972,rice,22.0,0.0,0.0
YS,Yemen (Aden),1972,wheat,70.0,70.0,0.0
YS,Yemen (Aden),1973,rice,27.0,0.0,0.0
YS,Yemen (Aden),1973,wheat,79.0,79.0,0.0
YS,Yemen (Aden),1974,rice,28.0,0.0,0.0
YS,Yemen (Aden),1974,wheat,80.0,80.0,0.0
YS,Yemen (Aden),1975,rice,30.0,0.0,0.0
YS,Yemen (Aden),1975,wheat,47.0,47.0,0.0
YS,Yemen (Aden),1976,rice,31.0,0.0,0.0
YS,Yemen (Aden),1976,wheat,130.0,130.0,0.0
YS,Yemen (Aden),1977,rice,32.0,0.0,0.0
YS,Yemen (Aden),1977,wheat,92.0,92.0,0.0
YS,Yemen (Aden),1978,rice,55.0,0.0,0.0
YS,Yemen (Aden),1978,wheat,204.0,204.0,0.0
YS,Yemen (Aden),1979,rice,37.0,0.0,0.0
YS,Yemen (Aden),1979,wheat,107.0,107.0,0.0
YS,Yemen (Aden),1980,rice,28.0,0.0,0.0
YS,Yemen (Aden),1980,wheat,95.0,95.0,0.0
YS,Yemen (Aden),1981,rice,42.0,0.0,0.0
YS,Yemen (Aden),1981,wheat,95.0,95.0,0.0
YS,Yemen (Aden),1982,rice,33.0,0.0,0.0
YS,Yemen (Aden),1982,wheat,95.0,95.0,0.0
YS,Yemen (Aden),1983,rice,35.0,0.0,0.0
YS,Yemen (Aden),1983,wheat,105.0,105.0,0.0
YS,Yemen (Aden),1984,rice,52.0,0.0,0.0
YS,Yemen (Aden),1984,wheat,105.0,105.0,0.0
YS,Yemen (Aden),1985,rice,46.0,0.0,0.0
YS,Yemen (Aden),1985,wheat,118.0,118.0,0.0
YS,Yemen (Aden),1986,rice,36.0,0.0,0.0
YS,Yemen (Aden),1986,wheat,467.0,467.0,0.0
YS,Yemen (Aden),1987,rice,37.0,0.0,0.0
YS,Yemen (Aden),1987,wheat,163.0,163.0,0.0
YS,Yemen (Aden),1988,wheat,296.0,296.0,0.0
YS,Yemen (Aden),1989,rice,116.0,0.0,0.0
YS,Yemen (Aden),1989,wheat,245.0,245.0,0.0
YS,Yemen (Aden),1990,rice,38.0,0.0,0.0
YS,Yemen (Aden),1990,wheat,176.0,176.0,0.0
ZA,Zambia,1960,rice,1.0,0.0,0.0
ZA,Zambia,1961,maize,514.0,514.0,0.0
ZA,Zambia,1961,rice,2.0,0.0,0.0
ZA,Zambia,1962,maize,514.0,514.0,0.0
ZA,Zambia,1962,rice,2.0,0.0,0.0
ZA,Zambia,1963,maize,479.0,479.0,0.0
ZA,Zambia,1963,rice,2.0,0.0,0.0
ZA,Zambia,1963,wheat,10.0,10.0,0.0
ZA,Zambia,1964,maize,405.0,405.0,0.0
ZA,Zambia,1964,rice,3.0,0.0,0.0
ZA,Zambia,1964,wheat,23.0,23.0,0.0
ZA,Zambia,1965,maize,476.0,476.0,0.0
ZA,Zambia,1965,rice,4.0,0.0,0.0
ZA,Zambia,1965,wheat,20.0,20.0,0.0
ZA,Zambia,1966,maize,539.0,539.0,0.0
ZA,Zambia,1966,rice,4.0,0.0,0.0
ZA,Zambia,1966,wheat,45.0,45.0,0.0
ZA,Zambia,1967,maize,588.0,588.0,0.0
ZA,Zambia,1967,rice,4.0,0.0,0.0
ZA,Zambia,1967,wheat,46.0,46.0,0.0
ZA,Zambia,1968,maize,653.0,653.0,0.0
ZA,Zambia,1968,rice,5.0,0.0,0.0
ZA,Zambia,1968,wheat,40.0,40.0,0.0
ZA,Zambia,1969,maize,591.0,591.0,0.0
ZA,Zambia,1969,rice,7.0,0.0,0.0
ZA,Zambia,1969,wheat,60.0,60.0,0.0
ZA,Zambia,1970,maize,735.0,735.0,0.0
ZA,Zambia,1970,rice,6.0,0.0,0.0
ZA,Zambia,1970,wheat,85.0,85.0,0.0
ZA,Zambia,1971,maize,322.0,312.0,10.0
ZA,Zambia,1971,rice,3.0,0.0,0.0
ZA,Zambia,1971,wheat,86.0,86.0,0.0
ZA,Zambia,1972,maize,409.0,389.0,20.0
ZA,Zambia,1972,rice,5.0,0.0,0.0
ZA,Zambia,1972,wheat,93.0,93.0,0.0
ZA,Zambia,1973,maize,458.0,428.0,30.0
ZA,Zambia,1973,rice,5.0,0.0,0.0
ZA,Zambia,1973,wheat,101.0,101.0,0.0
ZA,Zambia,1974,maize,493.0,451.0,42.0
ZA,Zambia,1974,rice,10.0,0.0,0.0
ZA,Zambia,1974,wheat,120.0,120.0,0.0
ZA,Zambia,1975,maize,566.0,516.0,50.0
ZA,Zambia,1975,rice,7.0,0.0,0.0
ZA,Zambia,1975,wheat,125.0,125.0,0.0
ZA,Zambia,1976,maize,614.0,559.0,55.0
ZA,Zambia,1976,rice,7.0,0.0,0.0
ZA,Zambia,1976,wheat,125.0,125.0,0.0
ZA,Zambia,1977,maize,615.0,560.0,55.0
ZA,Zambia,1977,rice,5.0,0.0,0.0
ZA,Zambia,1977,wheat,151.0,151.0,0.0
ZA,Zambia,1978,maize,735.0,695.0,40.0
ZA,Zambia,1978,rice,6.0,0.0,0.0
ZA,Zambia,1978,wheat,120.0,120.0,0.0
ZA,Zambia,1979,maize,993.0,963.0,30.0
ZA,Zambia,1979,rice,15.0,0.0,0.0
ZA,Zambia,1979,wheat,101.0,101.0,0.0
ZA,Zambia,1980,maize,971.0,941.0,30.0
ZA,Zambia,1980,rice,9.0,0.0,0.0
ZA,Zambia,1980,wheat,78.0,78.0,0.0
ZA,Zambia,1981,maize,1235.0,1210.0,25.0
ZA,Zambia,1981,rice,8.0,0.0,0.0
ZA,Zambia,1981,wheat,144.0,144.0,0.0
ZA,Zambia,1982,maize,975.0,950.0,25.0
ZA,Zambia,1982,rice,12.0,0.0,0.0
ZA,Zambia,1982,wheat,91.0,91.0,0.0
ZA,Zambia,1983,maize,1225.0,1205.0,20.0
ZA,Zambia,1983,rice,11.0,0.0,0.0
ZA,Zambia,1983,wheat,62.0,62.0,0.0
ZA,Zambia,1984,maize,980.0,960.0,20.0
ZA,Zambia,1984,rice,13.0,0.0,0.0
ZA,Zambia,1984,wheat,53.0,53.0,0.0
ZA,Zambia,1985,maize,1150.0,1125.0,25.0
ZA,Zambia,1985,rice,9.0,0.0,0.0
ZA,Zambia,1985,wheat,70.0,70.0,0.0
ZA,Zambia,1986,maize,1150.0,1115.0,35.0
ZA,Zambia,1986,rice,12.0,0.0,0.0
ZA,Zambia,1986,wheat,91.0,91.0,0.0
ZA,Zambia,1987,maize,1440.0,1400.0,40.0
ZA,Zambia,1987,rice,8.0,0.0,0.0
ZA,Zambia,1987,wheat,79.0,79.0,0.0
ZA,Zambia,1988,maize,1950.0,1880.0,70.0
ZA,Zambia,1988,rice,9.0,0.0,0.0
ZA,Zambia,1988,wheat,72.0,72.0,0.0
ZA,Zambia,1989,maize,2000.0,1930.0,70.0
ZA,Zambia,1989,rice,9.0,0.0,0.0
ZA,Zambia,1989,wheat,47.0,47.0,0.0
ZA,Zambia,1990,maize,1500.0,1430.0,70.0
ZA,Zambia,1990,rice,7.0,0.0,0.0
ZA,Zambia,1990,wheat,52.0,49.0,3.0
ZA,Zambia,1991,maize,1700.0,1630.0,70.0
ZA,Zambia,1991,rice,9.0,0.0,0.0
ZA,Zambia,1991,wheat,65.0,61.0,4.0
ZA,Zambia,1992,maize,600.0,530.0,70.0
ZA,Zambia,1992,rice,6.0,0.0,0.0
ZA,Zambia,1992,wheat,78.0,75.0,3.0
ZA,Zambia,1993,maize,1500.0,1440.0,60.0
ZA,Zambia,1993,rice,10.0,0.0,0.0
ZA,Zambia,1993,wheat,81.0,78.0,3.0
ZA,Zambia,1994,maize,1300.0,1240.0,60.0
ZA,Zambia,1994,rice,5.0,0.0,0.0
ZA,Zambia,1994,wheat,74.0,71.0,3.0
ZA,Zambia,1995,maize,800.0,740.0,60.0
ZA,Zambia,1995,rice,23.0,0.0,0.0
ZA,Zambia,1995,wheat,128.0,128.0,0.0
ZA,Zambia,1996,maize,1400.0,1350.0,50.0
ZA,Zambia,1996,rice,16.0,0.0,0.0
ZA,Zambia,1996,wheat,75.0,75.0,0.0
ZA,Zambia,1997,maize,1300.0,1250.0,50.0
ZA,Zambia,1997,rice,11.0,0.0,0.0
ZA,Zambia,1997,wheat,85.0,85.0,0.0
ZA,Zambia,1998,maize,750.0,700.0,50.0
ZA,Zambia,1998,rice,9.0,0.0,0.0
ZA,Zambia,1998,wheat,68.0,68.0,0.0
ZA,Zambia,1999,maize,950.0,900.0,50.0
ZA,Zambia,1999,rice,15.0,0.0,0.0
ZA,Zambia,1999,wheat,91.0,91.0,0.0
ZA,Zambia,2000,maize,1300.0,1250.0,50.0
ZA,Zambia,2000,rice,16.0,0.0,0.0
ZA,Zambia,2000,wheat,79.0,79.0,0.0
ZA,Zambia,2001,maize,1000.0,950.0,50.0
ZA,Zambia,2001,rice,17.0,0.0,0.0
ZA,Zambia,2001,wheat,95.0,95.0,0.0
ZA,Zambia,2002,maize,750.0,700.0,50.0
ZA,Zambia,2002,rice,12.0,0.0,0.0
ZA,Zambia,2002,wheat,125.0,125.0,0.0
ZA,Zambia,2003,maize,900.0,850.0,50.0
ZA,Zambia,2003,rice,12.0,0.0,0.0
ZA,Zambia,2003,wheat,169.0,169.0,0.0
ZA,Zambia,2004,maize,1050.0,1000.0,50.0
ZA,Zambia,2004,rice,12.0,0.0,0.0
ZA,Zambia,2004,wheat,122.0,122.0,0.0
ZA,Zambia,2005,maize,1000.0,950.0,50.0
ZA,Zambia,2005,rice,27.0,0.0,0.0
ZA,Zambia,2005,wheat,154.0,154.0,0.0
ZA,Zambia,2006,maize,1200.0,1150.0,50.0
ZA,Zambia,2006,rice,24.0,0.0,0.0
ZA,Zambia,2006,wheat,116.0,116.0,0.0
ZA,Zambia,2007,maize,1250.0,1200.0,50.0
ZA,Zambia,2007,rice,22.0,0.0,0.0
ZA,Zambia,2007,wheat,147.0,147.0,0.0
ZA,Zambia,2008,maize,1250.0,1200.0,50.0
ZA,Zambia,2008,rice,26.0,0.0,0.0
ZA,Zambia,2008,wheat,178.0,178.0,0.0
ZA,Zambia,2009,maize,1700.0,1600.0,100.0
ZA,Zambia,2009,rice,32.0,0.0,0.0
ZA,Zambia,2009,wheat,260.0,260.0,0.0
ZA,Zambia,2010,maize,1900.0,1700.0,200.0
ZA,Zambia,2010,rice,40.0,0.0,0.0
ZA,Zambia,2010,wheat,235.0,230.0,5.0
ZA,Zambia,2011,maize,2300.0,1800.0,500.0
ZA,Zambia,2011,rice,37.0,0.0,0.0
ZA,Zambia,2011,wheat,255.0,250.0,5.0
ZA,Zambia,2012,maize,2300.0,1800.0,500.0
ZA,Zambia,2012,rice,40.0,0.0,0.0
ZA,Zambia,2012,wheat,270.0,260.0,10.0
ZA,Zambia,2013,maize,2300.0,1800.0,500.0
ZA,Zambia,2013,rice,40.0,0.0,0.0
ZA,Zambia,2013,wheat,280.0,270.0,10.0
ZA,Zambia,2014,maize,2500.0,2000.0,500.0
ZA,Zambia,2014,rice,0.0,0.0,0.0
ZA,Zambia,2014,wheat,285.0,280.0,5.0
ZA,Zambia,2015,maize,2250.0,1800.0,450.0
ZA,Zambia,2015,rice,0.0,0.0,0.0
ZA,Zambia,2015,wheat,265.0,260.0,5.0
ZA,Zambia,2016,maize,2300.0,1800.0,500.0
ZA,Zambia,2016,rice,0.0,0.0,0.0
ZA,Zambia,2016,wheat,235.0,230.0,5.0
ZA,Zambia,2017,maize,2250.0,1800.0,450.0
ZA,Zambia,2017,rice,0.0,0.0,0.0
ZA,Zambia,2017,wheat,245.0,240.0,5.0
ZA,Zambia,2018,maize,2200.0,1800.0,400.0
ZA,Zambia,2018,rice,0.0,0.0,0.0
ZA,Zambia,2018,wheat,170.0,165.0,5.0
ZA,Zambia,2019,maize,2120.0,1750.0,370.0
ZA,Zambia,2019,rice,0.0,0.0,0.0
ZA,Zambia,2019,wheat,195.0,190.0,5.0
ZA,Zambia,2020,maize,2450.0,2000.0,450.0
ZA,Zambia,2020,rice,0.0,0.0,0.0
ZA,Zambia,2020,wheat,235.0,230.0,5.0
ZA,Zambia,2021,maize,2570.0,2100.0,470.0
ZA,Zambia,2021,rice,0.0,0.0,0.0
ZA,Zambia,2021,wheat,265.0,260.0,5.0
ZA,Zambia,2022,maize,2700.0,2250.0,450.0
ZA,Zambia,2022,rice,0.0,0.0,0.0
ZA,Zambia,2022,wheat,285.0,280.0,5.0
ZA,Zambia,2023,maize,2800.0,2325.0,475.0
ZA,Zambia,2023,rice,0.0,0.0,0.0
ZA,Zambia,2023,wheat,330.0,325.0,5.0
ZA,Zambia,2024,maize,2200.0,2000.0,200.0
ZA,Zambia,2024,rice,0.0,0.0,0.0
ZA,Zambia,2024,wheat,405.0,400.0,5.0
ZA,Zambia,2025,maize,3100.0,2600.0,500.0
ZA,Zambia,2025,rice,0.0,0.0,0.0
ZA,Zambia,2025,wheat,480.0,475.0,5.0
ZA,Zambia,2026,maize,3500.0,2900.0,600.0
ZA,Zambia,2026,rice,0.0,0.0,0.0
ZA,Zambia,2026,wheat,545.0,540.0,5.0
