year,month,model_price,world_stock,obs_price,grain,subst_scale,leg
2006,1,212.83070500361083,213.08350273240904,185.92291666666668,wheat,0.0,full
2006,2,206.18847728617578,160.2642412007534,199.9338541666667,wheat,0.0,full
2006,3,199.66221553836957,123.6186885378924,193.92916666666667,wheat,0.0,full
2006,4,209.28601373849418,109.73942341211438,200.48984375000003,wheat,0.0,full
2006,5,201.79886524185457,121.56012218173693,214.834375,wheat,0.0,full
2006,6,202.15847929320773,149.84072676688984,217.05833333333337,wheat,0.0,full
2006,7,200.526941307639,257.76743552285194,225.06458333333336,wheat,0.0,full
2006,8,196.38827486670652,358.4361134885153,211.16484375,wheat,0.0,full
2006,9,195.77424002777468,383.7703448932148,217.94791666666669,wheat,0.0,full
2006,10,213.77016732906853,343.65698746099565,235.85078125,wheat,0.0,full
2006,11,245.00749527526668,295.5121253125739,233.18203125,wheat,0.0,full
2006,12,244.73849244636358,252.80582666444116,227.17734375000003,wheat,0.0,full
2007,1,258.02648585019256,209.83806811201424,205.47468652037617,wheat,0.0,full
2007,2,258.6334319769939,164.435901300603,209.56112852664577,wheat,0.0,full
2007,3,258.0122291124692,132.8345488049922,208.61810344827583,wheat,0.0,full
2007,4,294.914383774238,119.33208616265966,207.77985893416923,wheat,0.0,full
2007,5,306.9822121832421,134.1399855428997,205.05556426332285,wheat,0.0,full
2007,6,314.65161520165714,164.90561595875917,233.66065830721,wheat,0.0,full
2007,7,326.33457936009665,273.0396840445418,249.79686520376177,wheat,0.0,full
2007,8,349.8029411616832,374.0305347872645,272.1151253918495,wheat,0.0,full
2007,9,352.33101332196884,403.0065749098974,342.1085423197492,wheat,0.0,full
2007,10,364.77059083991605,367.0479674560133,351.11967084639497,wheat,0.0,full
2007,11,380.74632157505494,323.7204150124762,337.183855799373,wheat,0.0,full
2007,12,383.06191852183247,285.98800273860957,386.22115987460813,wheat,0.0,full
2008,1,396.9941588686795,245.45340335624041,360.5796625766871,wheat,0.0,full
2008,2,405.6435182638366,197.67806588685232,413.3972392638037,wheat,0.0,full
2008,3,410.24327000222377,166.4546120819352,427.6959202453988,wheat,0.0,full
2008,4,445.3902863284138,152.15524774278032,352.31171779141107,wheat,0.0,full
2008,5,486.38867690220917,161.47542751386484,319.82355828220864,wheat,0.0,full
2008,6,516.1485581442224,194.88783887501364,339.08300613496937,wheat,0.0,full
2008,7,512.4576486908962,330.6093273057526,319.2399386503067,wheat,0.0,full
2008,8,504.73116195751516,452.9465975697307,320.30990797546013,wheat,0.0,full
2008,9,479.850344231444,481.52119880276666,287.5299386503068,wheat,0.0,full
2008,10,441.28720413280155,439.899578040115,230.91883435582824,wheat,0.0,full
2008,11,408.95129713309973,391.4260525396189,220.60822085889572,wheat,0.0,full
2008,12,383.2684174688204,349.76311306277694,214.09113496932517,wheat,0.0,full
2009,1,360.00169266467014,307.31506495830627,247.8488621151272,wheat,0.0,full
2009,2,336.9126976192669,257.8695899133128,232.9219544846051,wheat,0.0,full
2009,3,313.8766920363306,223.54799669185468,239.45247657295852,wheat,0.0,full
2009,4,301.36610697878353,206.10039616205825,242.0439535921464,wheat,0.0,full
2009,5,302.2105261313921,209.89928877657462,271.06849620705043,wheat,0.0,full
2009,6,310.88902931457346,237.62545372416622,265.98920124944226,wheat,0.0,full
2009,7,312.16326897870135,359.76246431626976,233.12927264614015,wheat,0.0,full
2009,8,325.22137950183924,473.8476230864849,218.09870593485053,wheat,0.0,full
2009,9,314.2471703665752,501.79380967496127,198.09250334672024,wheat,0.0,full
2009,10,292.9541259808502,458.41467932269114,206.07425256581885,wheat,0.0,full
2009,11,274.6187160579352,407.36455649623156,218.7206604194556,wheat,0.0,full
2009,12,260.9795715986645,362.630177800159,213.84868362338244,wheat,0.0,full
2010,1,249.10961659038244,318.58300377321234,201.2,wheat,0.0,full
2010,2,235.49607433595583,266.529516336825,194.0,wheat,0.0,full
2010,3,221.76169491118097,228.65613710363942,191.1,wheat,0.0,full
2010,4,221.91414901893577,207.021577025898,192.9,wheat,0.0,full
2010,5,223.8350045383968,206.24700957392707,181.6,wheat,0.0,full
2010,6,234.9441915425027,228.49700525725223,157.7,wheat,0.0,full
2010,7,249.92859173760175,336.5266491230851,195.8,wheat,0.0,full
2010,8,285.9199552193562,430.3549483725858,246.2,wheat,0.0,full
2010,9,310.22821790054303,448.7016248025294,271.7,wheat,0.0,full
2010,10,324.7920603357368,409.6259227515324,270.2,wheat,0.0,full
2010,11,343.5317645289083,366.8571513552255,274.1,wheat,0.0,full
2010,12,361.18652058109,330.2418626591475,306.5,wheat,0.0,full
2011,1,382.68976903718135,290.41504278236516,294.07423332279484,wheat,0.0,full
2011,2,405.98303291827546,241.91343266820064,313.43306987037624,wheat,0.0,full
2011,3,427.2958426036847,209.58045878136397,285.16016440088526,wheat,0.0,full
2011,4,456.29725318736826,194.6652979061739,302.6281378438192,wheat,0.0,full
2011,5,486.10292199855803,200.48154772728356,319.9160290863105,wheat,0.0,full
2011,6,509.84545052412705,227.8655564592063,293.8941511223522,wheat,0.0,full
2011,7,512.9285101554693,345.1258876723082,273.6349035725577,wheat,0.0,full
2011,8,514.3724386740543,456.20143821254476,294.5244388239014,wheat,0.0,full
2011,9,500.0847488925673,485.1909135564337,284.43983559911476,wheat,0.0,full
2011,10,473.51611580748937,445.74744558374516,260.2187796395827,wheat,0.0,full
2011,11,445.6917012775864,399.4027512660089,253.01549162187797,wheat,0.0,full
2011,12,421.9001082571,359.03216590812536,242.21055959532092,wheat,0.0,full
2006,1,339.2693130715563,95.55115285931734,323.87897671367665,rice,0.0,full
2006,2,340.4862476483979,62.593492830726944,335.21974417841915,rice,0.0,full
2006,3,346.5011464814517,36.78007540287148,337.4434240734667,rice,0.0,full
2006,4,355.85470293035473,23.86051097311627,336.1092161364382,rice,0.0,full
2006,5,358.26694959199494,19.104524068458147,342.44670383732375,rice,0.0,full
2006,6,363.99654828657344,21.216810281285944,347.44998360118075,rice,0.0,full
2006,7,362.60221360037485,34.84148166794816,350.67431944899965,rice,0.0,full
2006,8,361.4442917627561,65.90076867886235,347.6723515906855,rice,0.0,full
2006,9,350.36520059272607,111.5198011646892,343.78091177435226,rice,0.0,full
2006,10,340.5869934206351,148.66808952897662,334.66382420465726,rice,0.0,full
2006,11,319.46911755484734,151.31547022197373,329.43817645129553,rice,0.0,full
2006,12,308.53979392805786,131.36099695771185,339.1111839947524,rice,0.0,full
2007,1,353.5114626903826,98.54419810116299,328.0554534313726,rice,0.0,full
2007,2,397.9659003525012,66.38414259561651,330.15165441176475,rice,0.0,full
2007,3,401.54806683509673,40.32526081586278,334.02962622549023,rice,0.0,full
2007,4,417.21009279377984,26.05194605104985,331.7238051470589,rice,0.0,full
2007,5,448.6297720188255,21.09094898014044,332.8767156862746,rice,0.0,full
2007,6,487.69393757906255,24.92598904066763,338.85088848039226,rice,0.0,full
2007,7,509.84259822829506,41.08539056562306,344.61544117647065,rice,0.0,full
2007,8,485.93343009849525,74.86162953535802,343.25291053921575,rice,0.0,full
2007,9,486.35408356030166,122.40700886522794,340.6326593137256,rice,0.0,full
2007,10,508.1309132395812,161.15920310781496,345.0346813725491,rice,0.0,full
2007,11,557.7848229981962,165.13033926053083,358.4503676470589,rice,0.0,full
2007,12,606.9854870514669,146.58398600851217,378.04984681372554,rice,0.0,full
2008,1,570.4393953938425,113.89140635949352,365.2597354660104,rice,0.0,full
2008,2,502.3056681969766,82.95300746096383,452.00406028914176,rice,0.0,full
2008,3,548.742485974049,57.65851801390445,577.6471854813902,rice,0.0,full
2008,4,623.3749830829513,42.25376364077795,882.0302983697322,rice,0.0,full
2008,5,706.3981534150697,33.23309772604118,876.973454321747,rice,0.0,full
2008,6,777.7055114102193,39.15661825026263,736.1597969855428,rice,0.0,full
2008,7,803.2403492740104,57.27316822278018,711.653552752999,rice,0.0,full
2008,8,825.8833560416929,93.57516523937096,674.4079513995692,rice,0.0,full
2008,9,873.2561164530441,143.19921542123257,664.9749923100583,rice,0.0,full
2008,10,871.4027533344869,183.4560029876722,592.5259766225776,rice,0.0,full
2008,11,828.6315285123138,188.09678640741316,536.8034450938172,rice,0.0,full
2008,12,765.6534128612984,168.77369809834306,517.159550907413,rice,0.0,full
2009,1,659.6408402811282,133.80309619453897,601.3189189189189,rice,0.0,full
2009,2,553.5529000749484,99.60795663770459,612.5158918918919,rice,0.0,full
2009,3,559.65306690204,73.24950909432884,609.924,rice,0.0,full
2009,4,619.0357733320268,56.74753153199313,569.9051891891893,rice,0.0,full
2009,5,642.9540528393084,44.59567827690405,552.5913513513514,rice,0.0,full
2009,6,716.4511803353638,46.71578499650873,595.6167567567568,rice,0.0,full
2009,7,744.617166762407,62.5247560059002,593.0248648648649,rice,0.0,full
2009,8,784.3090281451285,96.59239019620927,545.6450810810811,rice,0.0,full
2009,9,834.0828822521373,144.22259866928698,537.8694054054054,rice,0.0,full
2009,10,861.7186726036393,182.18781263319426,511.1210810810811,rice,0.0,full
2009,11,824.6479920333445,184.55314854843522,562.7515675675676,rice,0.0,full
2009,12,764.0645047343113,163.79699972347274,612.7232432432432,rice,0.0,full
2010,1,659.8254339000614,129.1365401570424,568.8,rice,0.0,full
2010,2,577.4288650186306,96.01943973066571,535.0,rice,0.0,full
2010,3,623.9811460096141,71.0976777111093,502.2,rice,0.0,full
2010,4,658.750906134389,55.57623709107645,466.0,rice,0.0,full
2010,5,680.0158635842965,44.0366426916452,451.3,rice,0.0,full
2010,6,736.7540886539805,46.447432843040616,440.0,rice,0.0,full
2010,7,754.5975884480772,62.14470733447807,441.8,rice,0.0,full
2010,8,798.0559242724933,96.06866156628206,452.8,rice,0.0,full
2010,9,853.0232132263267,143.6038259242702,476.5,rice,0.0,full
2010,10,869.2366259045162,181.7561136039543,486.0,rice,0.0,full
2010,11,828.0940364904802,184.54526527178677,514.5,rice,0.0,full
2010,12,766.3502318270392,164.41964824039863,532.0,rice,0.0,full
2011,1,661.2196333938905,129.81863603302727,465.4055248618784,rice,0.0,full
2011,2,555.7788301902727,96.36524493684132,471.88950276243094,rice,0.0,full
2011,3,560.0280809714842,70.62448782790659,443.7922651933702,rice,0.0,full
2011,4,618.8268501360515,54.62651736289952,436.1375690607735,rice,0.0,full
2011,5,647.439345259228,43.18593562764818,433.5259668508287,rice,0.0,full
2011,6,722.142270097751,46.34237050560335,462.7038674033149,rice,0.0,full
2011,7,753.6895881489336,63.3741302873929,484.7674033149171,rice,0.0,full
2011,8,796.6598475779117,98.44588972060922,509.71270718232046,rice,0.0,full
2011,9,843.6383981560879,146.92878465024336,539.2508287292817,rice,0.0,full
2011,10,859.3320094634496,185.90008843797705,539.7911602209945,rice,0.0,full
2011,11,829.7902009239849,189.44543276377885,554.1099447513812,rice,0.0,full
2011,12,805.1939522654078,169.5245577092593,527.5436464088398,rice,0.0,full
2006,1,136.15701337204825,480.6316762947543,114.15791632485644,maize,0.0,full
2006,2,130.8409731966856,423.8852615084977,119.04881050041016,maize,0.0,full
2006,3,124.76195356861554,382.5492057883848,117.04799015586543,maize,0.0,full
2006,4,117.9493517059887,341.73138636109593,119.7157506152584,maize,0.0,full
2006,5,111.42406264792203,292.8531671684314,122.93929450369151,maize,0.0,full
2006,6,106.54678511168413,236.0286241215356,121.60541427399508,maize,0.0,full
2006,7,103.38406450217632,168.67398865084874,126.71862182116487,maize,0.0,full
2006,8,103.15669286210081,103.78327176799124,129.6086956521739,maize,0.0,full
2006,9,101.74852714471311,233.92702246716235,135.27768662838392,maize,0.0,full
2006,10,97.08458372021144,438.648815031241,158.06480721903196,maize,0.0,full
2006,11,95.84704956828477,544.6259222747558,182.85274815422477,maize,0.0,full
2006,12,127.40541114868674,508.7544620139509,178.29532403609517,maize,0.0,full
2007,1,126.32836545764512,440.4351628099604,172.65241295051928,maize,0.0,full
2007,2,125.74366464085723,385.97067416695165,185.74801466096525,maize,0.0,full
2007,3,125.29462419032153,344.0831647856123,178.6240073304826,maize,0.0,full
2007,4,130.10862334574404,302.68515343319723,159.9758704948076,maize,0.0,full
2007,5,162.74159302314803,255.23781449632847,167.8332315210751,maize,0.0,full
2007,6,186.7797248897544,203.5172440320905,173.0714722052535,maize,0.0,full
2007,7,200.778820982729,143.77214574420398,153.7947464874771,maize,0.0,full
2007,8,205.03768782692876,85.38662134784371,158.40439828955408,maize,0.0,full
2007,9,202.94144488809542,229.97371261269473,166.99511301160663,maize,0.0,full
2007,10,194.28693257985563,463.5498419920151,172.02382406841784,maize,0.0,full
2007,11,194.13772332834242,593.7605266495173,179.46212583995117,maize,0.0,full
2007,12,203.72461715157016,563.6832348275598,188.89095907147225,maize,0.0,full
2008,1,213.98762349065325,494.8570538564565,201.04840878529808,maize,0.0,full
2008,2,215.43828793173648,441.6820447587703,214.08202599731064,maize,0.0,full
2008,3,219.9613553021603,401.5911090826283,227.99103541013,maize,0.0,full
2008,4,224.2060456737723,361.98807906663615,239.6629314208875,maize,0.0,full
2008,5,226.91391018893313,316.4086284595054,236.84222321828776,maize,0.0,full
2008,6,227.97981283426162,265.3556855944332,279.2501120573734,maize,0.0,full
2008,7,226.07082179921298,206.49466973775657,258.0461676378306,maize,0.0,full
2008,8,220.53481600427813,147.33887166472581,228.57463021066783,maize,0.0,full
2008,9,215.9134975131375,292.32372774814746,227.40744060959213,maize,0.0,full
2008,10,207.5540529158908,522.685922676706,178.09367996414164,maize,0.0,full
2008,11,194.7739789908834,644.8993423160458,159.32138054684,maize,0.0,full
2008,12,193.94056731071618,609.0718015417482,153.97176154190947,maize,0.0,full
2009,1,194.34371642603247,536.2073121796714,179.16906344410876,maize,0.0,full
2009,2,192.50739587430525,479.25594917986973,169.4225981873112,maize,0.0,full
2009,3,192.444932838961,436.2595790287676,170.66682779456193,maize,0.0,full
2009,4,192.05376351037125,394.6586723444269,174.7105740181269,maize,0.0,full
2009,5,190.88560424605996,345.88142997396136,186.53075528700907,maize,0.0,full
2009,6,189.33992506786734,290.06799441002784,186.11601208459217,maize,0.0,full
2009,7,186.86691208263096,224.9165782002167,157.18767371601209,maize,0.0,full
2009,8,188.22651489114128,159.51129847732776,157.602416918429,maize,0.0,full
2009,9,181.78722048832708,293.99366770050403,155.94344410876133,maize,0.0,full
2009,10,180.2859235018815,515.0257935118698,173.46634441087613,maize,0.0,full
2009,11,185.08345327472313,633.922215062224,177.924833836858,maize,0.0,full
2009,12,192.9433034058035,597.0251005500381,170.66682779456193,maize,0.0,full
2010,1,197.28080105079457,524.9320467007628,167.3,maize,0.0,full
2010,2,200.1939581150799,468.23090195698876,161.8,maize,0.0,full
2010,3,208.1624826516503,424.67184133531146,159.0,maize,0.0,full
2010,4,227.80642930549982,382.8959253963499,157.1,maize,0.0,full
2010,5,241.5533125205555,335.04719819629213,163.4,maize,0.0,full
2010,6,252.86246395109765,281.2082600560392,152.7,maize,0.0,full
2010,7,261.7679072183916,219.09073375404432,163.8,maize,0.0,full
2010,8,245.07373103627225,157.15424505292833,175.6,maize,0.0,full
2010,9,249.30714322203283,292.5551335540102,205.9,maize,0.0,full
2010,10,244.66644978527427,512.1985278894537,235.8,maize,0.0,full
2010,11,251.5865041855837,630.1477010520415,238.2,maize,0.0,full
2010,12,260.4081619662082,596.7456922981903,250.4,maize,0.0,full
2011,1,271.93750545760054,529.3550047392071,238.5643812135756,maize,0.0,full
2011,2,288.1819500192903,479.74610021604315,263.78069934864584,maize,0.0,full
2011,3,299.1896978840971,443.55379630299115,261.61930065135414,maize,0.0,full
2011,4,310.1474906153327,407.33860897379543,287.556085018855,maize,0.0,full
2011,5,314.9894089429949,362.9181759763335,277.28944120671923,maize,0.0,full
2011,6,316.46218948992293,311.62326640573144,279.72101474117244,maize,0.0,full
2011,7,313.39103856326,251.14154050401277,270.89530339389785,maize,0.0,full
2011,8,287.3682073521625,190.1020928187089,279.36078162495716,maize,0.0,full
2011,9,281.37284499914495,333.5830418098059,265.9420980459376,maize,0.0,full
2011,10,263.37892042457116,558.3614818119133,247.480150839904,maize,0.0,full
2011,11,240.4998978394139,674.7433466959549,247.1199177236887,maize,0.0,full
2011,12,225.03778395149135,634.1478743887869,232.8907096331848,maize,0.0,full
2006,1,212.83070500361083,213.08350273240904,185.92291666666668,wheat,0.0,shocks
2006,2,206.18847728617578,160.2642412007534,199.9338541666667,wheat,0.0,shocks
2006,3,199.66221553836957,123.6186885378924,193.92916666666667,wheat,0.0,shocks
2006,4,209.28601373849418,109.73942341211438,200.48984375000003,wheat,0.0,shocks
2006,5,201.79886524185457,121.56012218173693,214.834375,wheat,0.0,shocks
2006,6,202.15847929320773,149.84072676688984,217.05833333333337,wheat,0.0,shocks
2006,7,200.526941307639,257.76743552285194,225.06458333333336,wheat,0.0,shocks
2006,8,196.38827486670652,358.4361134885153,211.16484375,wheat,0.0,shocks
2006,9,195.77424002777468,383.7703448932148,217.94791666666669,wheat,0.0,shocks
2006,10,213.77016732906853,343.65698746099565,235.85078125,wheat,0.0,shocks
2006,11,245.00749527526668,295.5121253125739,233.18203125,wheat,0.0,shocks
2006,12,244.73849244636358,252.80582666444116,227.17734375000003,wheat,0.0,shocks
2007,1,258.02648585019256,209.83806811201424,205.47468652037617,wheat,0.0,shocks
2007,2,258.50717038537215,164.4353391759842,209.56112852664577,wheat,0.0,shocks
2007,3,255.83106828813973,132.78976882920244,208.61810344827583,wheat,0.0,shocks
2007,4,263.5831436272423,118.09611034944167,207.77985893416923,wheat,0.0,shocks
2007,5,239.55465399534916,131.83920196098651,205.05556426332285,wheat,0.0,shocks
2007,6,231.71082631984976,160.6401681670129,233.66065830721,wheat,0.0,shocks
2007,7,225.55005053607812,266.2910469130555,249.79686520376177,wheat,0.0,shocks
2007,8,217.39480294168686,364.19315480450297,272.1151253918495,wheat,0.0,shocks
2007,9,209.4626275834848,390.1898670171253,342.1085423197492,wheat,0.0,shocks
2007,10,218.5190385430995,350.96182015958954,351.11967084639497,wheat,0.0,shocks
2007,11,228.01012067701282,304.2741297753509,337.183855799373,wheat,0.0,shocks
2007,12,228.02728514166543,262.79966361392263,386.22115987460813,wheat,0.0,shocks
2008,1,240.79675345374727,218.80007736849407,360.5796625766871,wheat,0.0,shocks
2008,2,234.12310850904345,169.28165079669313,413.3972392638037,wheat,0.0,shocks
2008,3,220.7033330226368,135.41283697819597,427.6959202453988,wheat,0.0,shocks
2008,4,237.6325807222955,118.54207657566214,352.31171779141107,wheat,0.0,shocks
2008,5,220.95674331788774,130.84319007011192,319.82355828220864,wheat,0.0,shocks
2008,6,214.73907108588935,160.08104543978766,339.08300613496937,wheat,0.0,shocks
2008,7,207.8077049068562,289.8389776728924,319.2399386503067,wheat,0.0,shocks
2008,8,197.33814458097922,408.0673708575132,320.30990797546013,wheat,0.0,shocks
2008,9,183.45445747912467,433.58540158863815,287.5299386503068,wheat,0.0,shocks
2008,10,169.9300265527341,388.45367716614453,230.91883435582824,wheat,0.0,shocks
2008,11,162.54092777407732,335.88750071869396,220.60822085889572,wheat,0.0,shocks
2008,12,158.2840021106055,288.7982267417184,214.09113496932517,wheat,0.0,shocks
2009,1,155.6826710373074,240.69540990051647,247.8488621151272,wheat,0.0,shocks
2009,2,152.9805785363896,185.77418416709355,232.9219544846051,wheat,0.0,shocks
2009,3,149.54756323726716,147.05267452501369,239.45247657295852,wheat,0.0,shocks
2009,4,163.55215317209627,125.9099428169894,242.0439535921464,wheat,0.0,shocks
2009,5,161.76713879657956,135.0907198807176,271.06849620705043,wheat,0.0,shocks
2009,6,163.6110730609205,162.809744548612,265.98920124944226,wheat,0.0,shocks
2009,7,163.6961820353946,282.02882910806466,233.12927264614015,wheat,0.0,shocks
2009,8,161.8822312794248,395.6091138369643,218.09870593485053,wheat,0.0,shocks
2009,9,155.22578625226657,424.42047955019245,198.09250334672024,wheat,0.0,shocks
2009,10,149.69091362190522,380.8365096043368,206.07425256581885,wheat,0.0,shocks
2009,11,149.03980394512666,328.15317986718946,218.7206604194556,wheat,0.0,shocks
2009,12,149.47638933671658,280.9491184650466,213.84868362338244,wheat,0.0,shocks
2010,1,149.86944689177636,234.58635638581111,201.2,wheat,0.0,shocks
2010,2,150.90076064854117,180.64631698240092,194.0,wheat,0.0,shocks
2010,3,155.60140881857828,142.52941781923582,191.1,wheat,0.0,shocks
2010,4,173.43719417603722,119.34801651041951,192.9,wheat,0.0,shocks
2010,5,175.71260535727265,125.59114183984278,181.6,wheat,0.0,shocks
2010,6,177.04608441249457,150.91779742361894,157.7,wheat,0.0,shocks
2010,7,176.0964528591058,258.25875860712733,195.8,wheat,0.0,shocks
2010,8,173.83833823327979,352.62446673920067,246.2,wheat,0.0,shocks
2010,9,183.1847285892432,371.59764445823754,271.7,wheat,0.0,shocks
2010,10,207.9813134025412,332.91553242042573,270.2,wheat,0.0,shocks
2010,11,273.5162941393811,289.36411167765937,274.1,wheat,0.0,shocks
2010,12,295.92217655331353,252.07816898005984,306.5,wheat,0.0,shocks
2011,1,310.3425569342751,212.49002869270458,294.07423332279484,wheat,0.0,shocks
2011,2,297.2497026689112,165.81797039530738,313.43306987037624,wheat,0.0,shocks
2011,3,269.37071054979606,134.03070608566847,285.16016440088526,wheat,0.0,shocks
2011,4,280.4481350432957,120.07031255326277,302.6281378438192,wheat,0.0,shocks
2011,5,258.97311406557935,133.0387325148107,319.9160290863105,wheat,0.0,shocks
2011,6,248.81096753377795,160.871068378119,293.8941511223522,wheat,0.0,shocks
2011,7,240.22905540236508,275.35931331072004,273.6349035725577,wheat,0.0,shocks
2011,8,229.1015199326848,384.8881416215653,294.5244388239014,wheat,0.0,shocks
2011,9,214.75731363196022,412.85749351640965,284.43983559911476,wheat,0.0,shocks
2011,10,202.62646633115511,371.5062215411418,260.2187796395827,wheat,0.0,shocks
2011,11,191.37554618045056,322.13489773694675,253.01549162187797,wheat,0.0,shocks
2011,12,181.1806291821592,278.089151411521,242.21055959532092,wheat,0.0,shocks
2006,1,339.2693130715563,95.55115285931734,323.87897671367665,rice,0.0,shocks
2006,2,340.4862476483979,62.593492830726944,335.21974417841915,rice,0.0,shocks
2006,3,346.5011464814517,36.78007540287148,337.4434240734667,rice,0.0,shocks
2006,4,355.85470293035473,23.86051097311627,336.1092161364382,rice,0.0,shocks
2006,5,358.26694959199494,19.104524068458147,342.44670383732375,rice,0.0,shocks
2006,6,363.99654828657344,21.216810281285944,347.44998360118075,rice,0.0,shocks
2006,7,362.60221360037485,34.84148166794816,350.67431944899965,rice,0.0,shocks
2006,8,361.4442917627561,65.90076867886235,347.6723515906855,rice,0.0,shocks
2006,9,350.36520059272607,111.5198011646892,343.78091177435226,rice,0.0,shocks
2006,10,340.5869934206351,148.66808952897662,334.66382420465726,rice,0.0,shocks
2006,11,319.46911755484734,151.31547022197373,329.43817645129553,rice,0.0,shocks
2006,12,308.53979392805786,131.36099695771185,339.1111839947524,rice,0.0,shocks
2007,1,319.10662445109455,98.4290479116693,328.0554534313726,rice,0.0,shocks
2007,2,335.9443538272993,65.48470305403923,330.15165441176475,rice,0.0,shocks
2007,3,344.1645530746317,38.61732169692952,334.02962622549023,rice,0.0,shocks
2007,4,341.2884539763353,24.249780019626648,331.7238051470589,rice,0.0,shocks
2007,5,335.7172509843375,18.989587396322783,332.8767156862746,rice,0.0,shocks
2007,6,333.32534498881887,21.21499736554743,338.85088848039226,rice,0.0,shocks
2007,7,325.5462443974932,35.08818842819692,344.61544117647065,rice,0.0,shocks
2007,8,325.852062783696,66.2016089635483,343.25291053921575,rice,0.0,shocks
2007,9,322.5794052305687,112.02753347982997,340.6326593137256,rice,0.0,shocks
2007,10,316.39521746348595,149.2300570442309,345.0346813725491,rice,0.0,shocks
2007,11,294.40985649741765,151.68072430930556,358.4503676470589,rice,0.0,shocks
2007,12,281.20984848020635,131.16501347186343,378.04984681372554,rice,0.0,shocks
2008,1,307.8444085217623,97.53702923582937,365.2597354660104,rice,0.0,shocks
2008,2,333.3555471334746,64.41003809814069,452.00406028914176,rice,0.0,shocks
2008,3,336.971893196847,38.05197186142894,577.6471854813902,rice,0.0,shocks
2008,4,325.2122220029406,24.504768931736436,882.0302983697322,rice,0.0,shocks
2008,5,315.73269172961443,19.882433663878704,876.973454321747,rice,0.0,shocks
2008,6,310.62779255211075,22.350803416699144,736.1597969855428,rice,0.0,shocks
2008,7,300.9992083645317,36.546789816098936,711.653552752999,rice,0.0,shocks
2008,8,304.06618328343075,68.06036573758499,674.4079513995692,rice,0.0,shocks
2008,9,304.30218701165495,114.32842367155965,664.9749923100583,rice,0.0,shocks
2008,10,298.97501534286476,152.08753248040716,592.5259766225776,rice,0.0,shocks
2008,11,275.896611554448,154.72950922386283,536.8034450938172,rice,0.0,shocks
2008,12,253.73188697789266,133.42532441365998,517.159550907413,rice,0.0,shocks
2009,1,271.3674957824794,98.74017054403205,601.3189189189189,rice,0.0,shocks
2009,2,310.4126537202602,64.77752346285558,612.5158918918919,rice,0.0,shocks
2009,3,341.7553955947034,37.24456745728762,609.924,rice,0.0,shocks
2009,4,356.14236138643207,22.789356138454735,569.9051891891893,rice,0.0,shocks
2009,5,349.53241003418793,17.50352632526761,552.5913513513514,rice,0.0,shocks
2009,6,352.4062100648762,19.33064869769456,595.6167567567568,rice,0.0,shocks
2009,7,351.8659335708537,32.802689476761046,593.0248648648649,rice,0.0,shocks
2009,8,348.1116398344086,63.537399705861844,545.6450810810811,rice,0.0,shocks
2009,9,347.0321339309521,108.88055086655754,537.8694054054054,rice,0.0,shocks
2009,10,336.9650740813122,145.80077523684312,511.1210810810811,rice,0.0,shocks
2009,11,346.28673957369455,147.6509238025984,562.7515675675676,rice,0.0,shocks
2009,12,380.8195416683245,127.67737446565401,612.7232432432432,rice,0.0,shocks
2010,1,415.6402679051487,96.34383782735762,568.8,rice,0.0,shocks
2010,2,418.6090316960432,65.5313873505081,535.0,rice,0.0,shocks
2010,3,399.92427509454365,39.38531637640402,502.2,rice,0.0,shocks
2010,4,402.0278449732222,23.875195563368198,466.0,rice,0.0,shocks
2010,5,397.345068482649,17.649427321357727,451.3,rice,0.0,shocks
2010,6,385.1289814608529,19.797231012825474,440.0,rice,0.0,shocks
2010,7,370.03762762652843,33.26420230549752,441.8,rice,0.0,shocks
2010,8,371.0708255061144,64.05599827329775,452.8,rice,0.0,shocks
2010,9,367.96893746857296,109.51797098287298,476.5,rice,0.0,shocks
2010,10,357.24045637040547,146.8250941137017,486.0,rice,0.0,shocks
2010,11,341.67335450115826,149.41511084182315,514.5,rice,0.0,shocks
2010,12,345.04737089234897,129.44138603511973,532.0,rice,0.0,shocks
2011,1,362.73155400438293,97.1007561756175,465.4055248618784,rice,0.0,shocks
2011,2,372.910952770924,65.00896282423084,471.88950276243094,rice,0.0,shocks
2011,3,372.37383974072617,38.418317159174634,443.7922651933702,rice,0.0,shocks
2011,4,368.1649725131048,23.62241861358342,436.1375690607735,rice,0.0,shocks
2011,5,362.47515962887735,18.27051590697804,433.5259668508287,rice,0.0,shocks
2011,6,358.9270943941001,21.039227472920736,462.7038674033149,rice,0.0,shocks
2011,7,349.49249994006993,35.374865268668046,484.7674033149171,rice,0.0,shocks
2011,8,348.54601169699936,67.2227191790669,509.71270718232046,rice,0.0,shocks
2011,9,341.9493417748289,113.6469397365075,539.2508287292817,rice,0.0,shocks
2011,10,332.0666450527206,151.47796878649314,539.7911602209945,rice,0.0,shocks
2011,11,314.0288707456822,154.0043258354019,554.1099447513812,rice,0.0,shocks
2011,12,292.06554271300394,133.16942772701657,527.5436464088398,rice,0.0,shocks
2006,1,136.15701337204825,480.6316762947543,114.15791632485644,maize,0.0,shocks
2006,2,130.8409731966856,423.8852615084977,119.04881050041016,maize,0.0,shocks
2006,3,124.76195356861554,382.5492057883848,117.04799015586543,maize,0.0,shocks
2006,4,117.9493517059887,341.73138636109593,119.7157506152584,maize,0.0,shocks
2006,5,111.42406264792203,292.8531671684314,122.93929450369151,maize,0.0,shocks
2006,6,106.54678511168413,236.0286241215356,121.60541427399508,maize,0.0,shocks
2006,7,103.38406450217632,168.67398865084874,126.71862182116487,maize,0.0,shocks
2006,8,103.15669286210081,103.78327176799124,129.6086956521739,maize,0.0,shocks
2006,9,101.74852714471311,233.92702246716235,135.27768662838392,maize,0.0,shocks
2006,10,97.08458372021144,438.648815031241,158.06480721903196,maize,0.0,shocks
2006,11,95.84704956828477,544.6259222747558,182.85274815422477,maize,0.0,shocks
2006,12,127.40541114868674,508.7544620139509,178.29532403609517,maize,0.0,shocks
2007,1,126.32836545764512,440.4351628099604,172.65241295051928,maize,0.0,shocks
2007,2,125.74366464085723,385.97067416695165,185.74801466096525,maize,0.0,shocks
2007,3,125.29462419032153,344.0831647856123,178.6240073304826,maize,0.0,shocks
2007,4,130.10862334574404,302.68515343319723,159.9758704948076,maize,0.0,shocks
2007,5,151.51264879886196,255.04849395333514,167.8332315210751,maize,0.0,shocks
2007,6,163.34335064255248,202.10354697086862,173.0714722052535,maize,0.0,shocks
2007,7,168.34310130699205,140.39085927186386,153.7947464874771,maize,0.0,shocks
2007,8,166.90125603995796,80.70698632604262,158.40439828955408,maize,0.0,shocks
2007,9,160.00756485386512,223.62162149186,166.99511301160663,maize,0.0,shocks
2007,10,148.69309493983326,453.90726651369744,172.02382406841784,maize,0.0,shocks
2007,11,138.64696182321825,580.7744875978218,179.46212583995117,maize,0.0,shocks
2007,12,139.40777992831494,546.7597547352275,188.89095907147225,maize,0.0,shocks
2008,1,145.59494446575013,473.58086821762674,201.04840878529808,maize,0.0,shocks
2008,2,139.7479616420016,415.80971839329675,214.08202599731064,maize,0.0,shocks
2008,3,136.0405066246166,369.58419881792037,227.99103541013,maize,0.0,shocks
2008,4,131.66292818605393,322.83645454470843,239.6629314208875,maize,0.0,shocks
2008,5,127.95940124316152,269.6135496574386,236.84222321828776,maize,0.0,shocks
2008,6,126.88044915327106,210.6620218344591,279.2501120573734,maize,0.0,shocks
2008,7,132.8009053518668,144.28588255646315,258.0461676378306,maize,0.0,shocks
2008,8,146.1968556409121,80.81036329512294,228.57463021066783,maize,0.0,shocks
2008,9,139.52992353182793,222.5567564602248,227.40744060959213,maize,0.0,shocks
2008,10,130.09061991751628,447.3687376718401,178.09367996414164,maize,0.0,shocks
2008,11,127.31011773216986,569.066839003849,159.32138054684,maize,0.0,shocks
2008,12,144.9472721272465,535.1475151034471,153.97176154190947,maize,0.0,shocks
2009,1,165.2497323091111,464.47718670184736,179.16906344410876,maize,0.0,shocks
2009,2,197.52258188978027,408.59465215455117,169.4225981873112,maize,0.0,shocks
2009,3,207.55949934853388,366.7906775657698,170.66682779456193,maize,0.0,shocks
2009,4,209.58372199070106,326.71530950072867,174.7105740181269,maize,0.0,shocks
2009,5,209.3790289092853,280.3473688519075,186.53075528700907,maize,0.0,shocks
2009,6,209.8607746285469,227.969212990817,186.11601208459217,maize,0.0,shocks
2009,7,207.91015386471415,166.6606633987488,157.18767371601209,maize,0.0,shocks
2009,8,195.60049716100266,104.00794569912814,157.602416918429,maize,0.0,shocks
2009,9,191.41123889643418,239.73824643127358,155.94344410876133,maize,0.0,shocks
2009,10,176.35181789812367,462.6986625742194,173.46634441087613,maize,0.0,shocks
2009,11,163.85733943111424,584.9375714716695,177.924833836858,maize,0.0,shocks
2009,12,164.65888030924705,550.3135008117133,170.66682779456193,maize,0.0,shocks
2010,1,173.48173072381618,478.6152980539884,167.3,maize,0.0,shocks
2010,2,202.66712011646732,421.82694100785795,161.8,maize,0.0,shocks
2010,3,213.47346648829898,378.7853049978872,159.0,maize,0.0,shocks
2010,4,215.4119940179818,337.4622937742307,157.1,maize,0.0,shocks
2010,5,215.45058893931738,289.90603194491234,163.4,maize,0.0,shocks
2010,6,216.14139953595492,236.31154461839577,152.7,maize,0.0,shocks
2010,7,214.6445813085671,174.06210677379752,163.8,maize,0.0,shocks
2010,8,200.69554383404207,110.82443271757735,175.6,maize,0.0,shocks
2010,9,197.63299450744842,244.10835051710325,205.9,maize,0.0,shocks
2010,10,183.57153125647423,461.7590212953009,235.8,maize,0.0,shocks
2010,11,169.77787806927006,579.4933783637191,238.2,maize,0.0,shocks
2010,12,179.54778984529548,545.1608913070199,250.4,maize,0.0,shocks
2011,1,218.0807141144397,476.23591553628273,238.5643812135756,maize,0.0,shocks
2011,2,233.82633850392241,424.80386263999065,263.78069934864584,maize,0.0,shocks
2011,3,237.4132535609754,386.28712309363186,261.61930065135414,maize,0.0,shocks
2011,4,232.78328778373418,348.11595927395615,287.556085018855,maize,0.0,shocks
2011,5,228.36233536025685,301.9842634082488,277.28944120671923,maize,0.0,shocks
2011,6,226.59174439654055,248.69531027216408,279.72101474117244,maize,0.0,shocks
2011,7,218.3505586604602,186.0706600996036,270.89530339389785,maize,0.0,shocks
2011,8,201.15954114871624,122.31870338882263,279.36078162495716,maize,0.0,shocks
2011,9,199.0966085883453,262.8927949541975,265.9420980459376,maize,0.0,shocks
2011,10,190.28754462067974,487.1948895229674,247.480150839904,maize,0.0,shocks
2011,11,171.63632622505264,605.477468122355,247.1199177236887,maize,0.0,shocks
2011,12,155.61974006642944,566.6921048895078,232.8907096331848,maize,0.0,shocks
2006,1,213.54633246527783,214.49853841723774,185.92291666666668,wheat,0.0,tau
2006,2,213.54633246527783,161.9980564857954,199.9338541666667,wheat,0.0,tau
2006,3,213.54633246527783,126.27618638366518,193.92916666666667,wheat,0.0,tau
2006,4,213.54633246527783,111.97762796421489,200.48984375000003,wheat,0.0,tau
2006,5,213.54633246527783,124.40652228887069,214.834375,wheat,0.0,tau
2006,6,213.54633246527783,152.379027745315,217.05833333333337,wheat,0.0,tau
2006,7,213.54633246527783,267.578785839326,225.06458333333336,wheat,0.0,tau
2006,8,213.54633246527783,375.1953745131067,211.16484375,wheat,0.0,tau
2006,9,213.54633246527783,401.56660245641586,217.94791666666669,wheat,0.0,tau
2006,10,213.54633246527783,361.6397007464901,235.85078125,wheat,0.0,tau
2006,11,213.54633246527783,314.55798750720373,233.18203125,wheat,0.0,tau
2006,12,213.54633246527783,272.821114715721,227.17734375000003,wheat,0.0,tau
2007,1,213.54633246527783,228.89301618433322,205.47468652037617,wheat,0.0,tau
2007,2,198.25786358598145,177.6679330219126,209.56112852664577,wheat,0.0,tau
2007,3,189.13719013488375,142.14304534486615,208.61810344827583,wheat,0.0,tau
2007,4,208.84135998253734,121.51252742100252,207.77985893416923,wheat,0.0,tau
2007,5,239.86510273540387,130.92960866953342,205.05556426332285,wheat,0.0,tau
2007,6,254.50076945437644,159.61215353683343,233.66065830721,wheat,0.0,tau
2007,7,271.6887712276615,276.3277728086515,249.79686520376177,wheat,0.0,tau
2007,8,294.54721280037745,385.6161402623395,272.1151253918495,wheat,0.0,tau
2007,9,294.6607439127675,414.0208585518642,342.1085423197492,wheat,0.0,tau
2007,10,291.41654653832984,375.9034109104556,351.11967084639497,wheat,0.0,tau
2007,11,298.54384018067,330.82499379049267,337.183855799373,wheat,0.0,tau
2007,12,303.6324796179987,291.5471740911012,386.22115987460813,wheat,0.0,tau
2008,1,313.6469826830688,250.14338908426765,360.5796625766871,wheat,0.0,tau
2008,2,325.16047074634037,200.45276228800913,413.3972392638037,wheat,0.0,tau
2008,3,332.44090300661446,167.2634906305713,427.6959202453988,wheat,0.0,tau
2008,4,375.2566460202457,150.81536625019453,352.31171779141107,wheat,0.0,tau
2008,5,411.13130012236877,157.12426901833055,319.82355828220864,wheat,0.0,tau
2008,6,449.6492818835442,187.9002300563863,339.08300613496937,wheat,0.0,tau
2008,7,456.63687714398856,308.2734017419749,319.2399386503067,wheat,0.0,tau
2008,8,460.3808612062772,419.50838585686387,320.30990797546013,wheat,0.0,tau
2008,9,442.2977139345728,448.54258199854576,287.5299386503068,wheat,0.0,tau
2008,10,413.53947091249967,410.84705644692497,230.91883435582824,wheat,0.0,tau
2008,11,390.1572504251969,366.76196131231495,220.60822085889572,wheat,0.0,tau
2008,12,371.1609584482998,328.5808593734757,214.09113496932517,wheat,0.0,tau
2009,1,354.02000122301956,288.0733572330204,247.8488621151272,wheat,0.0,tau
2009,2,334.0655803959221,238.66736282342674,232.9219544846051,wheat,0.0,tau
2009,3,313.548583106042,203.9936367536387,239.45247657295852,wheat,0.0,tau
2009,4,317.6477501954911,186.1958860533162,242.0439535921464,wheat,0.0,tau
2009,5,313.8841329279161,189.7623215305045,271.06849620705043,wheat,0.0,tau
2009,6,325.6000767719269,216.2586202661505,265.98920124944226,wheat,0.0,tau
2009,7,329.08260353755503,333.29161840529304,233.12927264614015,wheat,0.0,tau
2009,8,341.2436289554303,440.74084607440597,218.09870593485053,wheat,0.0,tau
2009,9,329.79228634066607,466.44008670244705,198.09250334672024,wheat,0.0,tau
2009,10,311.07564610796925,426.16779785081974,206.07425256581885,wheat,0.0,tau
2009,11,294.89228917899015,379.71291875005386,218.7206604194556,wheat,0.0,tau
2009,12,281.8277939414918,339.1656783491916,213.84868362338244,wheat,0.0,tau
2010,1,270.4840910111309,296.39308690595175,201.2,wheat,0.0,tau
2010,2,256.4687501347358,244.8683398554371,194.0,wheat,0.0,tau
2010,3,242.28857386814542,208.20266733523846,191.1,wheat,0.0,tau
2010,4,248.5908210214152,188.4135610494642,192.9,wheat,0.0,tau
2010,5,249.88162625545385,189.9714278575606,181.6,wheat,0.0,tau
2010,6,260.97238817122616,214.23292263382433,157.7,wheat,0.0,tau
2010,7,270.7237188444335,329.3637174237017,195.8,wheat,0.0,tau
2010,8,303.69626669819934,435.8406343840494,246.2,wheat,0.0,tau
2010,9,322.87710606574956,461.5563841951498,271.7,wheat,0.0,tau
2010,10,340.6365825361117,421.93135671889854,270.2,wheat,0.0,tau
2010,11,356.7599672497096,376.56539959889983,274.1,wheat,0.0,tau
2010,12,374.79390133099594,337.58637477149006,306.5,wheat,0.0,tau
2011,1,395.80933398459985,297.23246565616796,294.07423332279484,wheat,0.0,tau
2011,2,415.8216696212131,248.89154945316966,313.43306987037624,wheat,0.0,tau
2011,3,431.8136086233998,216.4850279423423,285.16016440088526,wheat,0.0,tau
2011,4,456.3845947440673,201.29425035326585,302.6281378438192,wheat,0.0,tau
2011,5,484.98909480237677,207.29040796592804,319.9160290863105,wheat,0.0,tau
2011,6,504.81473098578925,235.79686226516262,293.8941511223522,wheat,0.0,tau
2011,7,508.3015303713496,354.8169833811,273.6349035725577,wheat,0.0,tau
2011,8,514.4689044288474,463.83973505585567,294.5244388239014,wheat,0.0,tau
2011,9,502.03855078178276,489.9052753199227,284.43983559911476,wheat,0.0,tau
2011,10,476.24069055580446,449.18255143266816,260.2187796395827,wheat,0.0,tau
2011,11,448.35500679348496,401.97389364849755,253.01549162187797,wheat,0.0,tau
2011,12,424.13059788692584,360.8527315562478,242.21055959532092,wheat,0.0,tau
2006,1,338.990734667104,95.54748066786854,323.87897671367665,rice,0.0,tau
2006,2,338.990734667104,62.68471097913921,335.21974417841915,rice,0.0,tau
2006,3,338.990734667104,37.00928941340583,337.4434240734667,rice,0.0,tau
2006,4,338.990734667104,24.12366884195994,336.1092161364382,rice,0.0,tau
2006,5,338.990734667104,19.180249372181212,342.44670383732375,rice,0.0,tau
2006,6,338.990734667104,21.106674595842883,347.44998360118075,rice,0.0,tau
2006,7,338.990734667104,34.51782824509215,350.67431944899965,rice,0.0,tau
2006,8,338.990734667104,65.54316043455908,347.6723515906855,rice,0.0,tau
2006,9,338.990734667104,111.30615133972344,343.78091177435226,rice,0.0,tau
2006,10,338.990734667104,148.75444602912515,334.66382420465726,rice,0.0,tau
2006,11,338.990734667104,151.47663129030175,329.43817645129553,rice,0.0,tau
2006,12,338.990734667104,131.65953165501833,339.1111839947524,rice,0.0,tau
2007,1,369.2290608608405,99.21838388909549,328.0554534313726,rice,0.0,tau
2007,2,393.28299050263945,67.29382611509061,330.15165441176475,rice,0.0,tau
2007,3,396.28099880825687,40.66290935926047,334.02962622549023,rice,0.0,tau
2007,4,422.56756101248374,25.48513532384429,331.7238051470589,rice,0.0,tau
2007,5,458.40596230549465,20.16374065141935,332.8767156862746,rice,0.0,tau
2007,6,498.2485969525465,23.925132259252486,338.85088848039226,rice,0.0,tau
2007,7,521.9710807946178,39.91054528507358,344.61544117647065,rice,0.0,tau
2007,8,495.57367868732047,73.63667507736682,343.25291053921575,rice,0.0,tau
2007,9,493.17704215699064,121.14466989050017,340.6326593137256,rice,0.0,tau
2007,10,513.0507246931186,159.9939942364557,345.0346813725491,rice,0.0,tau
2007,11,562.3944803515067,163.86833664269847,358.4503676470589,rice,0.0,tau
2007,12,611.0415447333755,145.09926777126037,378.04984681372554,rice,0.0,tau
2008,1,575.865032690305,112.73073946297902,365.2597354660104,rice,0.0,tau
2008,2,502.4846233225892,82.11141993250146,452.00406028914176,rice,0.0,tau
2008,3,492.90886824122117,56.478725288097436,577.6471854813902,rice,0.0,tau
2008,4,580.2412173331322,39.821313074305095,882.0302983697322,rice,0.0,tau
2008,5,639.2980408652028,29.693789168254487,876.973454321747,rice,0.0,tau
2008,6,750.9849518068647,34.378827895554494,736.1597969855428,rice,0.0,tau
2008,7,809.5151182699062,51.55778840197458,711.653552752999,rice,0.0,tau
2008,8,831.5894494216637,87.21564896387994,674.4079513995692,rice,0.0,tau
2008,9,880.1593287294934,136.41765438154732,664.9749923100583,rice,0.0,tau
2008,10,872.2509055727503,176.4339243670512,592.5259766225776,rice,0.0,tau
2008,11,835.5041148261503,180.89607789877846,536.8034450938172,rice,0.0,tau
2008,12,771.4236166597501,161.84637262992499,517.159550907413,rice,0.0,tau
2009,1,666.0615649827951,127.71786353092929,601.3189189189189,rice,0.0,tau
2009,2,560.6303853087566,94.78121465892771,612.5158918918919,rice,0.0,tau
2009,3,565.3027771336453,69.36427960191426,609.924,rice,0.0,tau
2009,4,623.2598903020391,53.45097525591238,569.9051891891893,rice,0.0,tau
2009,5,652.6931421039642,41.854310303402414,552.5913513513514,rice,0.0,tau
2009,6,725.0330348680253,44.61384097490021,595.6167567567568,rice,0.0,tau
2009,7,767.686207837944,61.13354849196193,593.0248648648649,rice,0.0,tau
2009,8,802.302403026446,95.93039812117374,545.6450810810811,rice,0.0,tau
2009,9,849.2297645240473,144.16944208141814,537.8694054054054,rice,0.0,tau
2009,10,869.446860323113,183.00658732215592,511.1210810810811,rice,0.0,tau
2009,11,828.7068125070584,186.4052507967491,562.7515675675676,rice,0.0,tau
2009,12,766.1688027443506,166.5484422845972,612.7232432432432,rice,0.0,tau
2010,1,660.530464334564,131.733169755692,568.8,rice,0.0,tau
2010,2,554.6549532199925,98.03759457972092,535.0,rice,0.0,tau
2010,3,557.6809609731016,72.21176251295579,502.2,rice,0.0,tau
2010,4,618.0459777713918,56.17161523282691,466.0,rice,0.0,tau
2010,5,647.8976490503024,44.50334927192344,451.3,rice,0.0,tau
2010,6,719.0698137501397,47.18022333281873,440.0,rice,0.0,tau
2010,7,751.9925327924323,63.556505243453856,441.8,rice,0.0,tau
2010,8,795.7101905715563,98.14135092997,452.8,rice,0.0,tau
2010,9,844.7784655473246,146.17495342470605,476.5,rice,0.0,tau
2010,10,866.3001418370302,184.68442818659304,486.0,rice,0.0,tau
2010,11,825.7017386440446,187.80683732543724,514.5,rice,0.0,tau
2010,12,764.3144144293626,167.71602662116226,532.0,rice,0.0,tau
2011,1,658.8222504363166,132.71791552791362,465.4055248618784,rice,0.0,tau
2011,2,552.8836648704598,98.89051362910755,471.88950276243094,rice,0.0,tau
2011,3,555.397624076038,72.96100038936888,443.7922651933702,rice,0.0,tau
2011,4,616.4711349513785,56.872932915558906,436.1375690607735,rice,0.0,tau
2011,5,645.9718926845134,45.18404543675115,433.5259668508287,rice,0.0,tau
2011,6,716.5531161736745,47.83328688255478,462.7038674033149,rice,0.0,tau
2011,7,747.4217726447573,64.16481286395975,484.7674033149171,rice,0.0,tau
2011,8,792.0131176823861,98.68884314935877,509.71270718232046,rice,0.0,tau
2011,9,842.1670122729686,146.65937876691552,539.2508287292817,rice,0.0,tau
2011,10,859.053800354681,185.07328054580793,539.7911602209945,rice,0.0,tau
2011,11,827.0791222865555,188.03730883607795,554.1099447513812,rice,0.0,tau
2011,12,799.9952812276666,167.68497030304738,527.5436464088398,rice,0.0,tau
2006,1,135.44442165709597,482.3148384595905,114.15791632485644,maize,0.0,tau
2006,2,135.44442165709597,426.982094196878,119.04881050041016,maize,0.0,tau
2006,3,135.44442165709597,387.10555877188403,117.04799015586543,maize,0.0,tau
2006,4,135.44442165709597,348.4728137903506,119.7157506152584,maize,0.0,tau
2006,5,135.44442165709597,303.3204426617335,122.93929450369151,maize,0.0,tau
2006,6,135.44442165709597,251.90362058530792,121.60541427399508,maize,0.0,tau
2006,7,135.44442165709597,191.42147648681095,126.71862182116487,maize,0.0,tau
2006,8,135.44442165709597,131.38017588749813,129.6086956521739,maize,0.0,tau
2006,9,135.44442165709597,272.7620206993645,135.27768662838392,maize,0.0,tau
2006,10,135.44442165709597,498.8364040638931,158.06480721903196,maize,0.0,tau
2006,11,135.44442165709597,618.175670206585,182.85274815422477,maize,0.0,tau
2006,12,135.44442165709597,581.89949858144,178.29532403609517,maize,0.0,tau
2007,1,135.44442165709597,509.18889804067624,172.65241295051928,maize,0.0,tau
2007,2,135.44442165709597,452.4985459439175,185.74801466096525,maize,0.0,tau
2007,3,135.44442165709597,411.5905979098808,178.6240073304826,maize,0.0,tau
2007,4,135.44442165709597,372.8986488875172,159.9758704948076,maize,0.0,tau
2007,5,127.44371028938778,327.4035837166075,167.8332315210751,maize,0.0,tau
2007,6,125.48958155226022,274.5076527889561,173.0714722052535,maize,0.0,tau
2007,7,124.98799442058674,212.37439488054576,153.7947464874771,maize,0.0,tau
2007,8,122.95687056932162,151.2825954564638,158.40439828955408,maize,0.0,tau
2007,9,121.38436829229525,291.4044273880726,166.99511301160663,maize,0.0,tau
2007,10,125.1767839903664,515.1528541628896,172.02382406841784,maize,0.0,tau
2007,11,130.64909071772263,631.7078351944753,179.46212583995117,maize,0.0,tau
2007,12,133.28908026933658,593.5140757431075,188.89095907147225,maize,0.0,tau
2008,1,138.44096439094932,519.4158499985646,201.04840878529808,maize,0.0,tau
2008,2,140.01822830310226,462.0006750656919,214.08202599731064,maize,0.0,tau
2008,3,144.3842101312161,420.83077966061,227.99103541013,maize,0.0,tau
2008,4,148.48807318207554,383.08406860066304,239.6629314208875,maize,0.0,tau
2008,5,151.55489973443093,339.0261284741031,236.84222321828776,maize,0.0,tau
2008,6,153.48012558073123,288.5639300988285,279.2501120573734,maize,0.0,tau
2008,7,152.6611762632265,229.13408800483725,258.0461676378306,maize,0.0,tau
2008,8,148.72049367031474,169.76261738892367,228.57463021066783,maize,0.0,tau
2008,9,146.75836519738354,311.62004546118453,227.40744060959213,maize,0.0,tau
2008,10,159.95099244430645,537.7427571461496,178.09367996414164,maize,0.0,tau
2008,11,169.07635203832888,655.6071115616104,159.32138054684,maize,0.0,tau
2008,12,169.05162999484855,618.5942096944032,153.97176154190947,maize,0.0,tau
2009,1,167.43535834084673,545.6922918849056,179.16906344410876,maize,0.0,tau
2009,2,164.46935263013202,488.9377151248715,169.4225981873112,maize,0.0,tau
2009,3,163.61718933792727,448.21069268191184,170.66682779456193,maize,0.0,tau
2009,4,162.2093037507408,411.5471712412751,174.7105740181269,maize,0.0,tau
2009,5,159.9872618787087,368.15763860389615,186.53075528700907,maize,0.0,tau
2009,6,157.37707127358493,317.7092614266743,186.11601208459217,maize,0.0,tau
2009,7,153.40723303168042,257.9733774047573,157.18767371601209,maize,0.0,tau
2009,8,147.23669260310587,197.67378620573152,157.602416918429,maize,0.0,tau
2009,9,141.34847039446925,338.7372112739274,155.94344410876133,maize,0.0,tau
2009,10,145.3852433720457,563.244486053405,173.46634441087613,maize,0.0,tau
2009,11,148.59013323490194,676.7131358544104,177.924833836858,maize,0.0,tau
2009,12,147.30747810633466,635.4402025261932,170.66682779456193,maize,0.0,tau
2010,1,146.29869930369352,558.9620016890566,167.3,maize,0.0,tau
2010,2,144.5998402430715,499.0524772464672,161.8,maize,0.0,tau
2010,3,144.618946655521,455.5615866547979,159.0,maize,0.0,tau
2010,4,144.35473954690474,416.53519367480465,157.1,maize,0.0,tau
2010,5,143.4280283745307,371.1636897773523,163.4,maize,0.0,tau
2010,6,142.10696933663718,318.88321850300673,152.7,maize,0.0,tau
2010,7,139.36357318869392,257.4828968436608,163.8,maize,0.0,tau
2010,8,134.8057665427673,195.6642995618034,175.6,maize,0.0,tau
2010,9,131.0554349581543,335.4275195036154,205.9,maize,0.0,tau
2010,10,137.0654075275155,558.9617405356374,235.8,maize,0.0,tau
2010,11,141.34545271008108,671.9155217495634,238.2,maize,0.0,tau
2010,12,142.07297387676692,630.3909666839331,250.4,maize,0.0,tau
2011,1,143.14793601387285,553.659417580275,238.5643812135756,maize,0.0,tau
2011,2,143.0723139607365,493.6687064361557,263.78069934864584,maize,0.0,tau
2011,3,144.90074581245875,450.2724196576684,261.61930065135414,maize,0.0,tau
2011,4,146.2510303693728,411.4831957968706,287.556085018855,maize,0.0,tau
2011,5,146.76912941466816,366.3920780282244,277.28944120671923,maize,0.0,tau
2011,6,146.71641980800402,314.53791205056734,279.72101474117244,maize,0.0,tau
2011,7,144.51471034426447,253.67892592324733,270.89530339389785,maize,0.0,tau
2011,8,139.7856907818997,192.44825458625877,279.36078162495716,maize,0.0,tau
2011,9,135.56920389356605,332.7795599661787,265.9420980459376,maize,0.0,tau
2011,10,141.06254831684856,556.9141403299477,247.480150839904,maize,0.0,tau
2011,11,150.01060660552503,670.4352837874708,247.1199177236887,maize,0.0,tau
2011,12,158.28862680949211,628.5987795032404,232.8907096331848,maize,0.0,tau
2006,1,212.832767240311,213.08077575873318,185.92291666666668,wheat,0.3,full
2006,2,206.19268433378383,160.2635226595625,199.9338541666667,wheat,0.3,full
2006,3,199.62841524060903,123.65085963004366,193.92916666666667,wheat,0.3,full
2006,4,209.1692639514058,109.81584741962116,200.48984375000003,wheat,0.3,full
2006,5,201.6593335285555,121.71207788103341,214.834375,wheat,0.3,full
2006,6,201.9463126138421,150.13631381669973,217.05833333333337,wheat,0.3,full
2006,7,200.35207468145205,258.24187921699036,225.06458333333336,wheat,0.3,full
2006,8,196.24027623083396,359.1115335211547,211.16484375,wheat,0.3,full
2006,9,195.23158584346953,384.6073155592037,217.94791666666669,wheat,0.3,full
2006,10,210.94677575328316,344.669157879497,235.85078125,wheat,0.3,full
2006,11,240.02372509983925,296.71356889574315,233.18203125,wheat,0.3,full
2006,12,238.1284978123955,254.12652716883113,227.17734375000003,wheat,0.3,full
2007,1,250.91613451981596,211.0253345222953,205.47468652037617,wheat,0.3,full
2007,2,251.655477958852,165.30823977636527,209.56112852664577,wheat,0.3,full
2007,3,250.58504636257587,133.42576749751834,208.61810344827583,wheat,0.3,full
2007,4,289.0297469445476,119.09517386168832,207.77985893416923,wheat,0.3,full
2007,5,302.43856335388193,133.68670189928793,205.05556426332285,wheat,0.3,full
2007,6,310.74678888089113,163.9528739061309,233.66065830721,wheat,0.3,full
2007,7,322.81844850916,271.41860346942786,249.79686520376177,wheat,0.3,full
2007,8,345.93636295253896,371.76635437893464,272.1151253918495,wheat,0.3,full
2007,9,349.1522928733161,400.2550616043634,342.1085423197492,wheat,0.3,full
2007,10,365.2508609892066,363.77851744951806,351.11967084639497,wheat,0.3,full
2007,11,385.33000905675647,319.98754583035645,337.183855799373,wheat,0.3,full
2007,12,389.44419409122304,281.7003783698169,386.22115987460813,wheat,0.3,full
2008,1,406.31558255143244,240.54488618102857,360.5796625766871,wheat,0.3,full
2008,2,415.69556723435755,192.37571326090557,413.3972392638037,wheat,0.3,full
2008,3,421.56162641598655,160.82946455496008,427.6959202453988,wheat,0.3,full
2008,4,464.46756488540774,146.0643218965223,352.31171779141107,wheat,0.3,full
2008,5,495.99220694778865,156.03858113123928,319.82355828220864,wheat,0.3,full
2008,6,519.0717594628762,189.41823279217795,339.08300613496937,wheat,0.3,full
2008,7,512.6851692392115,324.40763319117855,319.2399386503067,wheat,0.3,full
2008,8,504.28349344699694,446.3036333706907,320.30990797546013,wheat,0.3,full
2008,9,479.3913122481577,474.5306216390113,287.5299386503068,wheat,0.3,full
2008,10,441.9747266384697,432.37976001291247,230.91883435582824,wheat,0.3,full
2008,11,410.6669378262384,383.4150398692481,220.60822085889572,wheat,0.3,full
2008,12,385.8880974633273,341.1741863399101,214.09113496932517,wheat,0.3,full
2009,1,363.66318124243173,298.10267492368223,247.8488621151272,wheat,0.3,full
2009,2,341.5591021072672,248.04912307057566,232.9219544846051,wheat,0.3,full
2009,3,317.726818645329,213.21689194362568,239.45247657295852,wheat,0.3,full
2009,4,307.9697335255256,195.186691470368,242.0439535921464,wheat,0.3,full
2009,5,309.98633626801603,198.48848381671348,271.06849620705043,wheat,0.3,full
2009,6,321.37971922821146,225.90774528598035,265.98920124944226,wheat,0.3,full
2009,7,324.3366557696165,347.8896268956471,233.12927264614015,wheat,0.3,full
2009,8,338.71449425396963,462.32229881264715,218.09870593485053,wheat,0.3,full
2009,9,326.4974962786027,490.70905873729276,198.09250334672024,wheat,0.3,full
2009,10,305.2685753620144,447.53542980044824,206.07425256581885,wheat,0.3,full
2009,11,286.90521513101874,396.44041900035444,218.7206604194556,wheat,0.3,full
2009,12,273.4417149316886,351.46678246824166,213.84868362338244,wheat,0.3,full
2010,1,262.0124302660054,307.1589272159159,201.2,wheat,0.3,full
2010,2,247.4084816501316,254.80506659392643,194.0,wheat,0.3,full
2010,3,233.5069832175007,216.5605688504156,191.1,wheat,0.3,full
2010,4,235.58586099947522,194.44607172422747,192.9,wheat,0.3,full
2010,5,238.41663576601619,193.20697010209108,181.6,wheat,0.3,full
2010,6,250.50204623217513,215.13172944276886,157.7,wheat,0.3,full
2010,7,264.6213232273235,322.870810390326,195.8,wheat,0.3,full
2010,8,300.4564516648824,416.52419104290715,246.2,wheat,0.3,full
2010,9,325.19666648092266,435.1645068842399,271.7,wheat,0.3,full
2010,10,343.71518026994505,396.24890670813636,270.2,wheat,0.3,full
2010,11,368.2441112347519,353.2970708868898,274.1,wheat,0.3,full
2010,12,389.68793032274647,316.2605072578739,306.5,wheat,0.3,full
2011,1,417.68157987423956,276.0908163638487,294.07423332279484,wheat,0.3,full
2011,2,441.62423775311413,227.58487136068695,313.43306987037624,wheat,0.3,full
2011,3,460.9490034353238,195.1813289233619,285.16016440088526,wheat,0.3,full
2011,4,491.21461327517795,179.97945267838233,302.6281378438192,wheat,0.3,full
2011,5,518.237523371032,185.4663115543097,319.9160290863105,wheat,0.3,full
2011,6,532.9232333992163,212.5556398871156,293.8941511223522,wheat,0.3,full
2011,7,525.2544751197092,329.3988749814999,273.6349035725577,wheat,0.3,full
2011,8,524.3252495893944,440.6054507891603,294.5244388239014,wheat,0.3,full
2011,9,508.1763425730404,469.71281002266335,284.43983559911476,wheat,0.3,full
2011,10,481.4629407278939,430.10542654017183,260.2187796395827,wheat,0.3,full
2011,11,454.42638447381677,383.46245956265324,253.01549162187797,wheat,0.3,full
2011,12,431.20842415403195,342.8116424674408,242.21055959532092,wheat,0.3,full
2006,1,339.27870170851406,95.54998564781391,323.87897671367665,rice,0.3,full
2006,2,340.45166939000336,62.59970731987195,335.21974417841915,rice,0.3,full
2006,3,346.0606797702327,36.81694189233586,337.4434240734667,rice,0.3,full
2006,4,354.7542991982816,23.917760259175633,336.1092161364382,rice,0.3,full
2006,5,357.2797257867163,19.159892110038186,342.44670383732375,rice,0.3,full
2006,6,362.95369973319373,21.35418036155705,347.44998360118075,rice,0.3,full
2006,7,361.1851723385055,35.08382275889367,350.67431944899965,rice,0.3,full
2006,8,359.9893542946817,66.26647489604429,347.6723515906855,rice,0.3,full
2006,9,350.02109125912955,111.9867861191103,343.78091177435226,rice,0.3,full
2006,10,339.924986024124,149.2499340360115,334.66382420465726,rice,0.3,full
2006,11,317.56846556934653,151.9204955467266,329.43817645129553,rice,0.3,full
2006,12,301.6410452160019,131.81856974493573,339.1111839947524,rice,0.3,full
2007,1,343.0301811748644,98.72531695120156,328.0554534313726,rice,0.3,full
2007,2,389.6935893011669,66.31349434078308,330.15165441176475,rice,0.3,full
2007,3,398.2512096675163,40.08960806690661,334.02962622549023,rice,0.3,full
2007,4,415.5079152766697,25.790082876505394,331.7238051470589,rice,0.3,full
2007,5,447.7559787461013,20.774215357279257,332.8767156862746,rice,0.3,full
2007,6,487.88224489853866,24.376219923160292,338.85088848039226,rice,0.3,full
2007,7,511.211076515189,40.23822865788725,344.61544117647065,rice,0.3,full
2007,8,487.7839051056736,73.683780779085,343.25291053921575,rice,0.3,full
2007,9,491.35072577284444,120.95293240340425,340.6326593137256,rice,0.3,full
2007,10,512.6832547755578,159.51128868178725,345.0346813725491,rice,0.3,full
2007,11,567.8826827410751,163.34848712751418,358.4503676470589,rice,0.3,full
2007,12,619.3788188499162,144.71560580080077,378.04984681372554,rice,0.3,full
2008,1,584.2259928405477,112.09906856196295,365.2597354660104,rice,0.3,full
2008,2,515.9980970955552,80.97228046590456,452.00406028914176,rice,0.3,full
2008,3,563.1371242974511,55.33080613380451,577.6471854813902,rice,0.3,full
2008,4,638.8938959044485,39.50095675699521,882.0302983697322,rice,0.3,full
2008,5,726.0767516951698,30.601260638968405,876.973454321747,rice,0.3,full
2008,6,791.8876426036221,36.48069887415966,736.1597969855428,rice,0.3,full
2008,7,820.9360128089661,54.2268021823574,711.653552752999,rice,0.3,full
2008,8,840.6958341799627,90.3268878956065,674.4079513995692,rice,0.3,full
2008,9,884.5824511985959,139.7329396090944,664.9749923100583,rice,0.3,full
2008,10,879.9551464722581,179.9757958716633,592.5259766225776,rice,0.3,full
2008,11,837.6101633702581,184.71669486762562,536.8034450938172,rice,0.3,full
2008,12,771.0142037796938,165.4694625032521,517.159550907413,rice,0.3,full
2009,1,664.6851521049982,130.56994946928586,601.3189189189189,rice,0.3,full
2009,2,558.9821273216105,96.51389193477344,612.5158918918919,rice,0.3,full
2009,3,565.9617044332239,70.18799865165988,609.924,rice,0.3,full
2009,4,623.626727114839,53.42701819942839,569.9051891891893,rice,0.3,full
2009,5,649.6715751090805,41.15657066741386,552.5913513513514,rice,0.3,full
2009,6,725.4125859283611,43.21964785758162,595.6167567567568,rice,0.3,full
2009,7,759.3856090782381,58.89369388748993,593.0248648648649,rice,0.3,full
2009,8,796.6420052872226,93.00705857991315,545.6450810810811,rice,0.3,full
2009,9,844.1186027811335,140.72067065369794,537.8694054054054,rice,0.3,full
2009,10,867.8575806974259,178.9357229264657,511.1210810810811,rice,0.3,full
2009,11,831.4635641414475,181.52570227935428,562.7515675675676,rice,0.3,full
2009,12,768.4515596520325,160.94751066776843,612.7232432432432,rice,0.3,full
2010,1,664.3187262790768,126.4359263018941,568.8,rice,0.3,full
2010,2,582.5482945982346,93.50033008489743,535.0,rice,0.3,full
2010,3,628.3862961458649,68.61475714948368,502.2,rice,0.3,full
2010,4,661.9764995020873,52.8948856206451,466.0,rice,0.3,full
2010,5,685.5069744518833,41.117923245151246,451.3,rice,0.3,full
2010,6,743.4013828409604,43.29968755830561,440.0,rice,0.3,full
2010,7,770.0813742728276,58.81643858761823,441.8,rice,0.3,full
2010,8,810.774735000505,92.72753396508173,452.8,rice,0.3,full
2010,9,861.7370131458501,140.29714383372993,476.5,rice,0.3,full
2010,10,874.2317291845332,178.55439628199258,486.0,rice,0.3,full
2010,11,833.4737457186116,181.39663797241488,514.5,rice,0.3,full
2010,12,770.2037997968846,161.27712804759454,532.0,rice,0.3,full
2011,1,665.4585913373517,126.59470208486161,465.4055248618784,rice,0.3,full
2011,2,560.739778405493,93.14286701280442,471.88950276243094,rice,0.3,full
2011,3,565.8800450621507,66.92826833568685,443.7922651933702,rice,0.3,full
2011,4,623.7333200242425,50.24252119266538,436.1375690607735,rice,0.3,full
2011,5,654.9438948804986,38.76054263919095,433.5259668508287,rice,0.3,full
2011,6,732.8057050148758,41.99875697793278,462.7038674033149,rice,0.3,full
2011,7,774.0409961874009,58.57098296795296,484.7674033149171,rice,0.3,full
2011,8,814.8437635326429,93.46247478783275,509.71270718232046,rice,0.3,full
2011,9,857.5273093176045,141.86767846186544,539.2508287292817,rice,0.3,full
2011,10,868.1318573901668,181.01548104671585,539.7911602209945,rice,0.3,full
2011,11,839.4892889777453,184.69145868483093,554.1099447513812,rice,0.3,full
2011,12,815.0764466011783,164.93265928290924,527.5436464088398,rice,0.3,full
2006,1,136.1570876982176,480.63108998792484,114.15791632485644,maize,0.3,full
2006,2,130.8398019197489,423.9013901338458,119.04881050041016,maize,0.3,full
2006,3,124.75329262033004,382.640931509204,117.04799015586543,maize,0.3,full
2006,4,117.92810114434783,341.9018703740114,119.7157506152584,maize,0.3,full
2006,5,111.39450548939752,293.0283719024908,122.93929450369151,maize,0.3,full
2006,6,106.49231610270891,236.25314769337118,121.60541427399508,maize,0.3,full
2006,7,103.29696292764999,168.92912802953936,126.71862182116487,maize,0.3,full
2006,8,103.03945468883603,104.04670139183642,129.6086956521739,maize,0.3,full
2006,9,101.62570306509714,234.24422165342776,135.27768662838392,maize,0.3,full
2006,10,96.9749950991284,439.0610164353686,158.06480721903196,maize,0.3,full
2006,11,95.73079468045705,544.9646761093469,182.85274815422477,maize,0.3,full
2006,12,127.17578712044212,508.8966498015215,178.29532403609517,maize,0.3,full
2007,1,126.10862379890875,440.3998164625122,172.65241295051928,maize,0.3,full
2007,2,125.70713599540551,385.55300795504286,185.74801466096525,maize,0.3,full
2007,3,125.44979406824714,343.2309231805051,178.6240073304826,maize,0.3,full
2007,4,131.79431484658988,301.316916095608,159.9758704948076,maize,0.3,full
2007,5,165.64433493303187,253.35973933302,167.8332315210751,maize,0.3,full
2007,6,190.36536427511976,201.12562444328245,173.0714722052535,maize,0.3,full
2007,7,204.43465983917162,140.75174558941424,153.7947464874771,maize,0.3,full
2007,8,209.58613614579087,82.51759052919,158.40439828955408,maize,0.3,full
2007,9,205.74688576902201,227.1981183957929,166.99511301160663,maize,0.3,full
2007,10,196.07403589876486,459.81262109121167,172.02382406841784,maize,0.3,full
2007,11,196.3334028400553,589.1091239688117,179.46212583995117,maize,0.3,full
2007,12,207.02141895001128,558.1166907617308,188.89095907147225,maize,0.3,full
2008,1,220.50381352616347,488.37316933523755,201.04840878529808,maize,0.3,full
2008,2,222.15320052742393,434.4772964547073,214.08202599731064,maize,0.3,full
2008,3,227.45481202972334,393.4791538524378,227.99103541013,maize,0.3,full
2008,4,232.3184671847593,352.7435200135327,239.6629314208875,maize,0.3,full
2008,5,235.68049018481486,305.8489575188005,236.84222321828776,maize,0.3,full
2008,6,237.40936653398757,253.5022394790986,279.2501120573734,maize,0.3,full
2008,7,235.8752777792669,193.3102759907395,258.0461676378306,maize,0.3,full
2008,8,231.92266220376732,132.6800345024198,228.57463021066783,maize,0.3,full
2008,9,226.33806486860436,276.26965760316057,227.40744060959213,maize,0.3,full
2008,10,216.80616970932408,505.4193944669315,178.09367996414164,maize,0.3,full
2008,11,203.21349673554488,627.7864057269445,159.32138054684,maize,0.3,full
2008,12,203.86425742880226,592.5788400326836,153.97176154190947,maize,0.3,full
2009,1,206.50372336031973,520.3616279276905,179.16906344410876,maize,0.3,full
2009,2,205.97594156050303,463.6615834463542,169.4225981873112,maize,0.3,full
2009,3,207.3989203947384,420.5561970859666,170.66682779456193,maize,0.3,full
2009,4,208.49071784717296,378.9997643506182,174.7105740181269,maize,0.3,full
2009,5,209.3644052346407,330.6377181959387,186.53075528700907,maize,0.3,full
2009,6,210.80399716362382,275.3671286071095,186.11601208459217,maize,0.3,full
2009,7,212.19834094306424,210.7963637609952,157.18767371601209,maize,0.3,full
2009,8,211.5385095280683,146.08220234574983,157.602416918429,maize,0.3,full
2009,9,208.28506420178323,280.8542496777753,155.94344410876133,maize,0.3,full
2009,10,207.07486709135162,502.58266325173,173.46634441087613,maize,0.3,full
2009,11,212.64302638331372,623.2749364254219,177.924833836858,maize,0.3,full
2009,12,220.95855016448365,588.3342367264751,170.66682779456193,maize,0.3,full
2010,1,225.1560978664143,517.8497575402974,167.3,maize,0.3,full
2010,2,228.74097513650634,462.5246078833633,161.8,maize,0.3,full
2010,3,249.4066310391027,420.3090256571717,159.0,maize,0.3,full
2010,4,266.5979725368959,380.33652638889646,157.1,maize,0.3,full
2010,5,279.7405436907634,334.03983513361175,163.4,maize,0.3,full
2010,6,292.3836881508434,281.51496136075446,152.7,maize,0.3,full
2010,7,298.29347921420924,220.43841097150954,163.8,maize,0.3,full
2010,8,276.4427462882076,159.16735103685295,175.6,maize,0.3,full
2010,9,277.8145288606495,294.8808112979235,205.9,maize,0.3,full
2010,10,269.7087557343844,514.442063141802,235.8,maize,0.3,full
2010,11,275.55084476225034,632.0010464923602,238.2,maize,0.3,full
2010,12,282.8228316983341,598.0197003283228,250.4,maize,0.3,full
2011,1,292.6637134000064,530.001771545839,238.5643812135756,maize,0.3,full
2011,2,307.94244254836406,479.7452189521989,263.78069934864584,maize,0.3,full
2011,3,319.21020934227903,442.8870263235041,261.61930065135414,maize,0.3,full
2011,4,326.824849945446,405.89329451204844,287.556085018855,maize,0.3,full
2011,5,326.7042959141966,360.39030007210096,277.28944120671923,maize,0.3,full
2011,6,325.1060984511914,307.7019373803569,279.72101474117244,maize,0.3,full
2011,7,322.0960669181405,245.64041504412222,270.89530339389785,maize,0.3,full
2011,8,297.30380642902765,183.0434327189414,279.36078162495716,maize,0.3,full
2011,9,292.7313166977929,325.01842731477353,265.9420980459376,maize,0.3,full
2011,10,273.8278264285286,548.6967333129634,247.480150839904,maize,0.3,full
2011,11,250.3735136969968,664.6177373932278,247.1199177236887,maize,0.3,full
2011,12,236.7532951180728,623.8095516873583,232.8907096331848,maize,0.3,full
2006,1,212.832767240311,213.08077575873318,185.92291666666668,wheat,0.3,shocks
2006,2,206.19268433378383,160.2635226595625,199.9338541666667,wheat,0.3,shocks
2006,3,199.62841524060903,123.65085963004366,193.92916666666667,wheat,0.3,shocks
2006,4,209.1692639514058,109.81584741962116,200.48984375000003,wheat,0.3,shocks
2006,5,201.6593335285555,121.71207788103341,214.834375,wheat,0.3,shocks
2006,6,201.9463126138421,150.13631381669973,217.05833333333337,wheat,0.3,shocks
2006,7,200.35207468145205,258.24187921699036,225.06458333333336,wheat,0.3,shocks
2006,8,196.24027623083396,359.1115335211547,211.16484375,wheat,0.3,shocks
2006,9,195.23158584346953,384.6073155592037,217.94791666666669,wheat,0.3,shocks
2006,10,210.94677575328316,344.669157879497,235.85078125,wheat,0.3,shocks
2006,11,240.02372509983925,296.71356889574315,233.18203125,wheat,0.3,shocks
2006,12,238.1284978123955,254.12652716883113,227.17734375000003,wheat,0.3,shocks
2007,1,250.89568480429375,211.03748964754595,205.47468652037617,wheat,0.3,shocks
2007,2,251.37525746159486,165.38922369712367,209.56112852664577,wheat,0.3,shocks
2007,3,248.55894775930085,133.57442807271352,208.61810344827583,wheat,0.3,shocks
2007,4,257.38475486652953,118.30838510627152,207.77985893416923,wheat,0.3,shocks
2007,5,234.3479725749114,131.84688072834507,205.05556426332285,wheat,0.3,shocks
2007,6,227.22818558701724,160.3726029246994,233.66065830721,wheat,0.3,shocks
2007,7,221.69962991424583,265.6965832759108,249.79686520376177,wheat,0.3,shocks
2007,8,214.09747544378214,363.3109634727531,272.1151253918495,wheat,0.3,shocks
2007,9,207.0963034541578,389.12572032061314,342.1085423197492,wheat,0.3,shocks
2007,10,217.66927319483204,349.77309523247743,351.11967084639497,wheat,0.3,shocks
2007,11,228.79412806770983,303.0830402472486,337.183855799373,wheat,0.3,shocks
2007,12,229.809501995047,261.74034107731336,386.22115987460813,wheat,0.3,shocks
2008,1,243.64338264043155,217.9043715697124,360.5796625766871,wheat,0.3,shocks
2008,2,236.8088234011538,168.5103600618856,413.3972392638037,wheat,0.3,shocks
2008,3,223.7205661710712,134.72854722556522,427.6959202453988,wheat,0.3,shocks
2008,4,241.13017870454348,118.08900615691041,352.31171779141107,wheat,0.3,shocks
2008,5,223.7822285911831,130.6392290897776,319.82355828220864,wheat,0.3,shocks
2008,6,217.15587702398471,160.06209436164193,339.08300613496937,wheat,0.3,shocks
2008,7,209.83099063336712,290.01722438177177,319.2399386503067,wheat,0.3,shocks
2008,8,199.0307985786041,408.37628464219955,320.30990797546013,wheat,0.3,shocks
2008,9,184.80529973853982,433.9745762240462,287.5299386503068,wheat,0.3,shocks
2008,10,170.94565865120026,388.9394691666027,230.91883435582824,wheat,0.3,shocks
2008,11,163.19971414532898,336.53960654339113,220.60822085889572,wheat,0.3,shocks
2008,12,158.58301088685243,289.6718578201584,214.09113496932517,wheat,0.3,shocks
2009,1,155.68806033389018,241.69250652571645,247.8488621151272,wheat,0.3,shocks
2009,2,152.61347147505765,186.66050307200885,232.9219544846051,wheat,0.3,shocks
2009,3,149.02155749715666,147.57254093348445,239.45247657295852,wheat,0.3,shocks
2009,4,162.82877636725257,125.90077362930163,242.0439535921464,wheat,0.3,shocks
2009,5,161.277646355135,134.5900172711513,271.06849620705043,wheat,0.3,shocks
2009,6,163.3851193774434,161.90279367072154,265.98920124944226,wheat,0.3,shocks
2009,7,163.60883097087338,280.6880552086486,233.12927264614015,wheat,0.3,shocks
2009,8,161.72150755942891,393.942720449254,218.09870593485053,wheat,0.3,shocks
2009,9,156.34888291995537,422.56538020276605,198.09250334672024,wheat,0.3,shocks
2009,10,151.11161527479317,378.8650312246655,206.07425256581885,wheat,0.3,shocks
2009,11,150.98889688553442,326.14217084696725,218.7206604194556,wheat,0.3,shocks
2009,12,151.88162779375597,278.9174032902516,213.84868362338244,wheat,0.3,shocks
2010,1,152.72571496679333,232.4552763852996,201.2,wheat,0.3,shocks
2010,2,154.44857577575021,178.48324268508264,194.0,wheat,0.3,shocks
2010,3,160.69939268307323,140.2361913742626,191.1,wheat,0.3,shocks
2010,4,182.07475340137086,116.94659194060652,192.9,wheat,0.3,shocks
2010,5,183.40998659621,123.96287018529992,181.6,wheat,0.3,shocks
2010,6,183.6624090444655,149.1359940434458,157.7,wheat,0.3,shocks
2010,7,181.77814529019986,256.2508548654595,195.8,wheat,0.3,shocks
2010,8,178.78469351114438,350.455663462589,246.2,wheat,0.3,shocks
2010,9,188.4962782002314,369.3814022908848,271.7,wheat,0.3,shocks
2010,10,219.8945265675087,330.6822793170637,270.2,wheat,0.3,shocks
2010,11,292.52426890333015,287.3815759100364,274.1,wheat,0.3,shocks
2010,12,314.44102925822756,250.43825603645476,306.5,wheat,0.3,shocks
2011,1,327.2236425964592,211.0069694684018,294.07423332279484,wheat,0.3,shocks
2011,2,312.62707300193586,164.58067880391735,313.43306987037624,wheat,0.3,shocks
2011,3,283.42589368547146,132.59086307771187,285.16016440088526,wheat,0.3,shocks
2011,4,295.2208936523418,119.12816463612859,302.6281378438192,wheat,0.3,shocks
2011,5,271.97892376699417,131.95951273417288,319.9160290863105,wheat,0.3,shocks
2011,6,260.5427898407519,159.615758918558,293.8941511223522,wheat,0.3,shocks
2011,7,250.6432093288016,273.90478423741627,273.6349035725577,wheat,0.3,shocks
2011,8,238.1136377368581,383.3141829327211,294.5244388239014,wheat,0.3,shocks
2011,9,222.8645357802552,411.3081931696238,284.43983559911476,wheat,0.3,shocks
2011,10,209.69321201710076,370.0074628929652,260.2187796395827,wheat,0.3,shocks
2011,11,197.41488390769018,320.6773851544434,253.01549162187797,wheat,0.3,shocks
2011,12,186.3505906314683,276.76376191236807,242.21055959532092,wheat,0.3,shocks
2006,1,339.27870170851406,95.54998564781391,323.87897671367665,rice,0.3,shocks
2006,2,340.45166939000336,62.59970731987195,335.21974417841915,rice,0.3,shocks
2006,3,346.0606797702327,36.81694189233586,337.4434240734667,rice,0.3,shocks
2006,4,354.7542991982816,23.917760259175633,336.1092161364382,rice,0.3,shocks
2006,5,357.2797257867163,19.159892110038186,342.44670383732375,rice,0.3,shocks
2006,6,362.95369973319373,21.35418036155705,347.44998360118075,rice,0.3,shocks
2006,7,361.1851723385055,35.08382275889367,350.67431944899965,rice,0.3,shocks
2006,8,359.9893542946817,66.26647489604429,347.6723515906855,rice,0.3,shocks
2006,9,350.02109125912955,111.9867861191103,343.78091177435226,rice,0.3,shocks
2006,10,339.924986024124,149.2499340360115,334.66382420465726,rice,0.3,shocks
2006,11,317.56846556934653,151.9204955467266,329.43817645129553,rice,0.3,shocks
2006,12,301.6410452160019,131.81856974493573,339.1111839947524,rice,0.3,shocks
2007,1,310.1835545837338,98.61228058024423,328.0554534313726,rice,0.3,shocks
2007,2,328.81095076464374,65.41857739653756,330.15165441176475,rice,0.3,shocks
2007,3,341.5746774975861,38.377859863456,334.02962622549023,rice,0.3,shocks
2007,4,341.0551673737443,24.000039730698475,331.7238051470589,rice,0.3,shocks
2007,5,335.36737802730164,18.749315826306212,332.8767156862746,rice,0.3,shocks
2007,6,333.74502280485837,20.90545718774981,338.85088848039226,rice,0.3,shocks
2007,7,326.83208011918254,34.68651099750973,344.61544117647065,rice,0.3,shocks
2007,8,326.8571964401648,65.71880292631664,343.25291053921575,rice,0.3,shocks
2007,9,323.2679215850875,111.51805543601532,340.6326593137256,rice,0.3,shocks
2007,10,318.9959230643265,148.77027600157507,345.0346813725491,rice,0.3,shocks
2007,11,296.7965743805862,151.270743778874,358.4503676470589,rice,0.3,shocks
2007,12,285.8046483340813,130.87241263928183,378.04984681372554,rice,0.3,shocks
2008,1,313.98216515089706,97.37036019252133,365.2597354660104,rice,0.3,shocks
2008,2,340.41567125169206,64.28445980286725,452.00406028914176,rice,0.3,shocks
2008,3,342.86965724795874,38.005301131834585,577.6471854813902,rice,0.3,shocks
2008,4,329.9291482219811,24.509513110584265,882.0302983697322,rice,0.3,shocks
2008,5,319.77276936231954,19.90304928030524,876.973454321747,rice,0.3,shocks
2008,6,313.9598339337049,22.435549779384353,736.1597969855428,rice,0.3,shocks
2008,7,303.6559952941674,36.705445408134295,711.653552752999,rice,0.3,shocks
2008,8,306.5494481123987,68.2858844914727,674.4079513995692,rice,0.3,shocks
2008,9,306.5795889302194,114.60739356439248,664.9749923100583,rice,0.3,shocks
2008,10,300.9387882347479,152.48518080621278,592.5259766225776,rice,0.3,shocks
2008,11,276.6213517219376,155.27007223169545,536.8034450938172,rice,0.3,shocks
2008,12,251.65946559391404,134.032480740702,517.159550907413,rice,0.3,shocks
2009,1,262.4052457450446,99.29277782892083,601.3189189189189,rice,0.3,shocks
2009,2,296.5834152318099,65.16273213797459,612.5158918918919,rice,0.3,shocks
2009,3,330.88297048407725,37.35213701150823,609.924,rice,0.3,shocks
2009,4,348.8811184049066,22.734039947093713,569.9051891891893,rice,0.3,shocks
2009,5,344.19295742339875,17.42379969516981,552.5913513513514,rice,0.3,shocks
2009,6,347.6031044937547,19.191514170616195,595.6167567567568,rice,0.3,shocks
2009,7,347.74450129628895,32.57436452256796,593.0248648648649,rice,0.3,shocks
2009,8,344.3368139985871,63.238220315508116,545.6450810810811,rice,0.3,shocks
2009,9,343.929483815009,108.57814240446827,537.8694054054054,rice,0.3,shocks
2009,10,334.17604409878993,145.53416531139882,511.1210810810811,rice,0.3,shocks
2009,11,345.04239701257893,147.49064137240248,562.7515675675676,rice,0.3,shocks
2009,12,380.1103569686303,127.66069935233251,612.7232432432432,rice,0.3,shocks
2010,1,413.8157640249144,96.43736669380856,568.8,rice,0.3,shocks
2010,2,415.1311847119308,65.68143596155782,535.0,rice,0.3,shocks
2010,3,395.92402419567935,39.48626983002278,502.2,rice,0.3,shocks
2010,4,398.74407912848983,23.887672736730636,466.0,rice,0.3,shocks
2010,5,395.0963343907387,17.56858810953926,451.3,rice,0.3,shocks
2010,6,383.8637476190357,19.617329653683313,440.0,rice,0.3,shocks
2010,7,369.54810867417564,32.98734625507534,441.8,rice,0.3,shocks
2010,8,370.6374711965908,63.703791930089594,452.8,rice,0.3,shocks
2010,9,368.396849796108,109.14225437522633,476.5,rice,0.3,shocks
2010,10,357.6182982968478,146.4216784349145,486.0,rice,0.3,shocks
2010,11,343.8985464129478,148.90441894279377,514.5,rice,0.3,shocks
2010,12,353.93968933244054,128.85186819187183,532.0,rice,0.3,shocks
2011,1,378.7393046025439,96.46915692092088,465.4055248618784,rice,0.3,shocks
2011,2,396.6080424222779,64.2801692816825,471.88950276243094,rice,0.3,shocks
2011,3,397.08508807025544,37.82402926868349,443.7922651933702,rice,0.3,shocks
2011,4,389.988450809212,23.286922381212417,436.1375690607735,rice,0.3,shocks
2011,5,380.872922203505,18.037475675330306,433.5259668508287,rice,0.3,shocks
2011,6,376.02850783978863,20.794847330445613,462.7038674033149,rice,0.3,shocks
2011,7,365.4610593594787,35.12647442042235,484.7674033149171,rice,0.3,shocks
2011,8,363.0942978194436,66.98963586967787,509.71270718232046,rice,0.3,shocks
2011,9,354.9001130431466,113.4795668583231,539.2508287292817,rice,0.3,shocks
2011,10,343.5967142242747,151.39523156958666,539.7911602209945,rice,0.3,shocks
2011,11,323.87131755059505,154.03791911832226,554.1099447513812,rice,0.3,shocks
2011,12,300.19167893971087,133.36043104658086,527.5436464088398,rice,0.3,shocks
2006,1,136.1570876982176,480.63108998792484,114.15791632485644,maize,0.3,shocks
2006,2,130.8398019197489,423.9013901338458,119.04881050041016,maize,0.3,shocks
2006,3,124.75329262033004,382.640931509204,117.04799015586543,maize,0.3,shocks
2006,4,117.92810114434783,341.9018703740114,119.7157506152584,maize,0.3,shocks
2006,5,111.39450548939752,293.0283719024908,122.93929450369151,maize,0.3,shocks
2006,6,106.49231610270891,236.25314769337118,121.60541427399508,maize,0.3,shocks
2006,7,103.29696292764999,168.92912802953936,126.71862182116487,maize,0.3,shocks
2006,8,103.03945468883603,104.04670139183642,129.6086956521739,maize,0.3,shocks
2006,9,101.62570306509714,234.24422165342776,135.27768662838392,maize,0.3,shocks
2006,10,96.9749950991284,439.0610164353686,158.06480721903196,maize,0.3,shocks
2006,11,95.73079468045705,544.9646761093469,182.85274815422477,maize,0.3,shocks
2006,12,127.17578712044212,508.8966498015215,178.29532403609517,maize,0.3,shocks
2007,1,126.10401820055671,440.41685410427635,172.65241295051928,maize,0.3,shocks
2007,2,125.65649568906824,385.68409453219186,185.74801466096525,maize,0.3,shocks
2007,3,125.34112615273436,343.5121844119918,178.6240073304826,maize,0.3,shocks
2007,4,131.11124021267142,301.7948864912753,159.9758704948076,maize,0.3,shocks
2007,5,152.91067128693413,254.02240834876443,167.8332315210751,maize,0.3,shocks
2007,6,164.6478928331161,201.11702376667387,173.0714722052535,maize,0.3,shocks
2007,7,169.6694044284258,139.4684228700308,153.7947464874771,maize,0.3,shocks
2007,8,168.2073383931168,80.09722765685589,158.40439828955408,maize,0.3,shocks
2007,9,161.16086659080537,223.36987007456167,166.99511301160663,maize,0.3,shocks
2007,10,149.66017367055872,453.8483190916446,172.02382406841784,maize,0.3,shocks
2007,11,140.05103171860216,580.8157716353771,179.46212583995117,maize,0.3,shocks
2007,12,140.6411649032642,546.9180310446443,188.89095907147225,maize,0.3,shocks
2008,1,146.48612172119857,473.812560438378,201.04840878529808,maize,0.3,shocks
2008,2,140.50654925915185,415.9263972625043,214.08202599731064,maize,0.3,shocks
2008,3,136.7439823430904,369.62124893590567,227.99103541013,maize,0.3,shocks
2008,4,132.2924486745875,322.81814038200105,239.6629314208875,maize,0.3,shocks
2008,5,128.5251757783002,269.50738660235584,236.84222321828776,maize,0.3,shocks
2008,6,127.35806763196749,210.61277543732567,279.2501120573734,maize,0.3,shocks
2008,7,132.92330940802282,144.34769523516107,258.0461676378306,maize,0.3,shocks
2008,8,146.18369547625946,80.970720428274,228.57463021066783,maize,0.3,shocks
2008,9,139.57271082847805,222.9028808990593,227.40744060959213,maize,0.3,shocks
2008,10,130.17346360078693,448.1130220492348,178.09367996414164,maize,0.3,shocks
2008,11,127.32642292772924,570.2990743965195,159.32138054684,maize,0.3,shocks
2008,12,144.04775612753758,536.9277100506304,153.97176154190947,maize,0.3,shocks
2009,1,160.93905528776332,466.83435973612336,179.16906344410876,maize,0.3,shocks
2009,2,191.4860993933599,411.21662579978954,169.4225981873112,maize,0.3,shocks
2009,3,201.90608183729117,369.63581330054336,170.66682779456193,maize,0.3,shocks
2009,4,204.13070903310654,329.7291598284397,174.7105740181269,maize,0.3,shocks
2009,5,204.14865594146835,283.405435618082,186.53075528700907,maize,0.3,shocks
2009,6,204.59285827512082,231.0406114655686,186.11601208459217,maize,0.3,shocks
2009,7,202.6098072020656,169.7371744948619,157.18767371601209,maize,0.3,shocks
2009,8,190.59583516693635,107.11890134703773,157.602416918429,maize,0.3,shocks
2009,9,186.61143448556214,242.91981802035727,155.94344410876133,maize,0.3,shocks
2009,10,171.50119675173573,465.9648894642488,173.46634441087613,maize,0.3,shocks
2009,11,159.76530431545547,588.1829448317721,177.924833836858,maize,0.3,shocks
2009,12,160.42123057109131,553.5127139350508,170.66682779456193,maize,0.3,shocks
2010,1,167.16742976193567,481.73014534537856,167.3,maize,0.3,shocks
2010,2,194.80035934574116,424.74074325438306,161.8,maize,0.3,shocks
2010,3,206.51011313627427,381.5352329776998,159.0,maize,0.3,shocks
2010,4,209.103164675036,340.06460873252496,157.1,maize,0.3,shocks
2010,5,209.74025639403706,292.2096762636247,163.4,maize,0.3,shocks
2010,6,210.77215913427975,238.31504731133424,152.7,maize,0.3,shocks
2010,7,209.3019135187772,175.81137133173223,163.8,maize,0.3,shocks
2010,8,195.8796260886768,112.41561959747588,175.6,maize,0.3,shocks
2010,9,193.11362285834863,245.56347186784012,205.9,maize,0.3,shocks
2010,10,179.47542292097546,462.9846272762336,235.8,maize,0.3,shocks
2010,11,166.29103629058199,580.0948018654877,238.2,maize,0.3,shocks
2010,12,178.02279523511828,544.8815618624054,250.4,maize,0.3,shocks
2011,1,217.96437468397005,475.20133614530437,238.5643812135756,maize,0.3,shocks
2011,2,234.18832251936232,422.9976700747566,263.78069934864584,maize,0.3,shocks
2011,3,238.24971548423065,383.8127563064457,261.61930065135414,maize,0.3,shocks
2011,4,235.3765551170814,345.125416543407,287.556085018855,maize,0.3,shocks
2011,5,230.81880235171624,298.5967503600017,277.28944120671923,maize,0.3,shocks
2011,6,229.2842059594318,245.1325533703719,279.72101474117244,maize,0.3,shocks
2011,7,221.25434826788825,182.37657303052376,270.89530339389785,maize,0.3,shocks
2011,8,204.07872569653466,118.60972511343849,279.36078162495716,maize,0.3,shocks
2011,9,201.7155151687028,259.26520288868716,265.9420980459376,maize,0.3,shocks
2011,10,192.56758476740328,483.7514630371926,247.480150839904,maize,0.3,shocks
2011,11,173.61697380712292,602.4652250057889,247.1199177236887,maize,0.3,shocks
2011,12,157.35857405045567,564.2341750585499,232.8907096331848,maize,0.3,shocks
2006,1,213.54633246527783,214.49853841723774,185.92291666666668,wheat,0.3,tau
2006,2,213.54633246527783,161.9980564857954,199.9338541666667,wheat,0.3,tau
2006,3,213.54633246527783,126.27618638366518,193.92916666666667,wheat,0.3,tau
2006,4,213.54633246527783,111.97762796421489,200.48984375000003,wheat,0.3,tau
2006,5,213.54633246527783,124.40652228887069,214.834375,wheat,0.3,tau
2006,6,213.54633246527783,152.379027745315,217.05833333333337,wheat,0.3,tau
2006,7,213.54633246527783,267.578785839326,225.06458333333336,wheat,0.3,tau
2006,8,213.54633246527783,375.1953745131067,211.16484375,wheat,0.3,tau
2006,9,213.54633246527783,401.56660245641586,217.94791666666669,wheat,0.3,tau
2006,10,213.54633246527783,361.6397007464901,235.85078125,wheat,0.3,tau
2006,11,213.54633246527783,314.55798750720373,233.18203125,wheat,0.3,tau
2006,12,213.54633246527783,272.821114715721,227.17734375000003,wheat,0.3,tau
2007,1,207.98295416531326,228.88180462194018,205.47468652037617,wheat,0.3,tau
2007,2,192.30468698980462,177.40498283594786,209.56112852664577,wheat,0.3,tau
2007,3,185.8167086026146,141.7664820761106,208.61810344827583,wheat,0.3,tau
2007,4,207.20792987153862,121.13372501847817,207.77985893416923,wheat,0.3,tau
2007,5,238.73259933210585,130.73830996223174,205.05556426332285,wheat,0.3,tau
2007,6,253.44636660212055,159.41140268652777,233.66065830721,wheat,0.3,tau
2007,7,270.5139158438121,276.01651257872663,249.79686520376177,wheat,0.3,tau
2007,8,293.25763825553463,385.1644839526642,272.1151253918495,wheat,0.3,tau
2007,9,293.4611829702627,413.46764819700326,342.1085423197492,wheat,0.3,tau
2007,10,290.7255318860136,375.25861513785037,351.11967084639497,wheat,0.3,tau
2007,11,298.41967631699356,330.0055487858141,337.183855799373,wheat,0.3,tau
2007,12,303.8206638896596,290.4607534753352,386.22115987460813,wheat,0.3,tau
2008,1,314.4050312297054,248.6991220067316,360.5796625766871,wheat,0.3,tau
2008,2,326.6458501414005,198.71848692346578,413.3972392638037,wheat,0.3,tau
2008,3,331.913245469297,165.34002583585277,427.6959202453988,wheat,0.3,tau
2008,4,377.3439202548209,148.54341614649076,352.31171779141107,wheat,0.3,tau
2008,5,411.1849859637894,154.81871418889062,319.82355828220864,wheat,0.3,tau
2008,6,450.33115620981636,185.38475264181335,339.08300613496937,wheat,0.3,tau
2008,7,458.19806927881734,305.11920423846027,319.2399386503067,wheat,0.3,tau
2008,8,462.2001669035658,415.89071025915547,320.30990797546013,wheat,0.3,tau
2008,9,444.738189805067,444.6091772653213,287.5299386503068,wheat,0.3,tau
2008,10,416.95592974516353,406.4901257198251,230.91883435582824,wheat,0.3,tau
2008,11,393.7400087076404,361.87511526389915,220.60822085889572,wheat,0.3,tau
2008,12,375.19237564765336,323.07763133959673,214.09113496932517,wheat,0.3,tau
2009,1,358.67608790326125,281.98504273141543,247.8488621151272,wheat,0.3,tau
2009,2,340.63965690369275,232.08244512114146,232.9219544846051,wheat,0.3,tau
2009,3,320.2476046088967,197.13877240523536,239.45247657295852,wheat,0.3,tau
2009,4,325.91126894728814,179.0147177135201,242.0439535921464,wheat,0.3,tau
2009,5,323.28972537579546,182.21977804072912,271.06849620705043,wheat,0.3,tau
2009,6,335.1944603911563,208.42431566612066,265.98920124944226,wheat,0.3,tau
2009,7,338.62192405239205,325.2426452872465,233.12927264614015,wheat,0.3,tau
2009,8,350.2377987236536,432.7412439942349,218.09870593485053,wheat,0.3,tau
2009,9,339.0296398813046,458.682767864119,198.09250334672024,wheat,0.3,tau
2009,10,320.2750257408304,418.4519454021611,206.07425256581885,wheat,0.3,tau
2009,11,304.2001648141384,371.80803107843803,218.7206604194556,wheat,0.3,tau
2009,12,291.7046054617309,331.0200174235979,213.84868362338244,wheat,0.3,tau
2010,1,280.7489990258639,288.01509382923064,201.2,wheat,0.3,tau
2010,2,266.25583608453144,236.3207291936741,194.0,wheat,0.3,tau
2010,3,251.83747965298886,199.75506080408724,191.1,wheat,0.3,tau
2010,4,259.9914623809278,180.0013437140908,192.9,wheat,0.3,tau
2010,5,263.1315424327281,181.51017370898236,181.6,wheat,0.3,tau
2010,6,274.8374147838442,205.80764314903786,157.7,wheat,0.3,tau
2010,7,286.22936321808163,321.0408790027424,195.8,wheat,0.3,tau
2010,8,318.72226526393285,427.89275390825594,246.2,wheat,0.3,tau
2010,9,339.1672930644166,454.0020223493143,271.7,wheat,0.3,tau
2010,10,356.91947149499526,414.54279718745204,270.2,wheat,0.3,tau
2010,11,373.0001052463931,369.1365851625251,274.1,wheat,0.3,tau
2010,12,391.70792285646775,330.0673965137669,306.5,wheat,0.3,tau
2011,1,412.5958642429184,289.65007489396913,294.07423332279484,wheat,0.3,tau
2011,2,431.4597848094035,241.2446355829891,313.43306987037624,wheat,0.3,tau
2011,3,448.0149674641433,208.99127060607276,285.16016440088526,wheat,0.3,tau
2011,4,471.2145931203131,193.74081125836113,302.6281378438192,wheat,0.3,tau
2011,5,499.5321930844229,199.59664634044975,319.9160290863105,wheat,0.3,tau
2011,6,516.6491632534593,227.97920033469933,293.8941511223522,wheat,0.3,tau
2011,7,514.9558935578463,346.8361319921574,273.6349035725577,wheat,0.3,tau
2011,8,519.3187674271207,456.0225766683243,294.5244388239014,wheat,0.3,tau
2011,9,505.31916624649295,482.1724183311369,284.43983559911476,wheat,0.3,tau
2011,10,478.77576359355385,441.4469169415687,260.2187796395827,wheat,0.3,tau
2011,11,451.0565449925628,394.0278052260255,253.01549162187797,wheat,0.3,tau
2011,12,427.16350528399056,352.62931831278627,242.21055959532092,wheat,0.3,tau
2006,1,338.990734667104,95.54748066786854,323.87897671367665,rice,0.3,tau
2006,2,338.990734667104,62.68471097913921,335.21974417841915,rice,0.3,tau
2006,3,338.990734667104,37.00928941340583,337.4434240734667,rice,0.3,tau
2006,4,338.990734667104,24.12366884195994,336.1092161364382,rice,0.3,tau
2006,5,338.990734667104,19.180249372181212,342.44670383732375,rice,0.3,tau
2006,6,338.990734667104,21.106674595842883,347.44998360118075,rice,0.3,tau
2006,7,338.990734667104,34.51782824509215,350.67431944899965,rice,0.3,tau
2006,8,338.990734667104,65.54316043455908,347.6723515906855,rice,0.3,tau
2006,9,338.990734667104,111.30615133972344,343.78091177435226,rice,0.3,tau
2006,10,338.990734667104,148.75444602912515,334.66382420465726,rice,0.3,tau
2006,11,338.990734667104,151.47663129030175,329.43817645129553,rice,0.3,tau
2006,12,338.990734667104,131.65953165501833,339.1111839947524,rice,0.3,tau
2007,1,369.2290608608405,99.21838388909549,328.0554534313726,rice,0.3,tau
2007,2,392.6182873090838,67.35115181554193,330.15165441176475,rice,0.3,tau
2007,3,394.2524757155064,40.818881332841215,334.02962622549023,rice,0.3,tau
2007,4,419.37054270892645,25.67123788829907,331.7238051470589,rice,0.3,tau
2007,5,454.83939860439676,20.331199982281404,332.8767156862746,rice,0.3,tau
2007,6,494.3412973932552,24.051027005554168,338.85088848039226,rice,0.3,tau
2007,7,518.0059717815277,39.94523380059308,344.61544117647065,rice,0.3,tau
2007,8,492.48329332032796,73.54153142216023,343.25291053921575,rice,0.3,tau
2007,9,490.6236003727968,120.90157971328904,340.6326593137256,rice,0.3,tau
2007,10,510.89927607494883,159.63477981041302,345.0346813725491,rice,0.3,tau
2007,11,561.7354966794405,163.41854609081895,358.4503676470589,rice,0.3,tau
2007,12,610.6277949793198,144.5591871911817,378.04984681372554,rice,0.3,tau
2008,1,576.4638338269754,112.14673350814576,365.2597354660104,rice,0.3,tau
2008,2,504.1886805553612,81.36298017571661,452.00406028914176,rice,0.3,tau
2008,3,494.87820174560227,55.499874535802746,577.6471854813902,rice,0.3,tau
2008,4,583.5286039453995,38.57050485435899,882.0302983697322,rice,0.3,tau
2008,5,646.0276658498221,28.400774681559575,876.973454321747,rice,0.3,tau
2008,6,757.7763821877691,33.05142330961165,736.1597969855428,rice,0.3,tau
2008,7,818.3008781014919,49.91907069755749,711.653552752999,rice,0.3,tau
2008,8,833.6058516051704,85.33536568983786,674.4079513995692,rice,0.3,tau
2008,9,883.6000529171008,134.30806777909322,664.9749923100583,rice,0.3,tau
2008,10,875.7402247907274,174.23956881209742,592.5259766225776,rice,0.3,tau
2008,11,840.0850351025231,178.65919417146466,536.8034450938172,rice,0.3,tau
2008,12,774.7057798884309,159.5728942363817,517.159550907413,rice,0.3,tau
2009,1,669.6072706018543,125.40575749193526,601.3189189189189,rice,0.3,tau
2009,2,564.5633894639376,92.66736523333056,612.5158918918919,rice,0.3,tau
2009,3,570.1877673521624,67.04673722147125,609.924,rice,0.3,tau
2009,4,626.9590411729546,50.88552552056751,569.9051891891893,rice,0.3,tau
2009,5,657.537592247197,39.26398803834772,552.5913513513514,rice,0.3,tau
2009,6,731.2744682895677,42.05067889550276,595.6167567567568,rice,0.3,tau
2009,7,769.4345106533028,58.46164438109638,593.0248648648649,rice,0.3,tau
2009,8,799.2255493068201,93.18735032172248,545.6450810810811,rice,0.3,tau
2009,9,850.795184362247,141.4123246272634,537.8694054054054,rice,0.3,tau
2009,10,871.2503679970652,180.41968869665357,511.1210810810811,rice,0.3,tau
2009,11,831.6697078320058,184.0191608705132,562.7515675675676,rice,0.3,tau
2009,12,768.5349270977146,164.2994534051809,612.7232432432432,rice,0.3,tau
2010,1,663.1159378650012,129.61411560400884,568.8,rice,0.3,tau
2010,2,557.6341820631292,96.08680634447404,535.0,rice,0.3,tau
2010,3,561.0223537291711,70.36144300633805,502.2,rice,0.3,tau
2010,4,620.4477076729579,54.2447103183156,466.0,rice,0.3,tau
2010,5,650.8523555335839,42.575723980617525,451.3,rice,0.3,tau
2010,6,723.6709630710611,45.280426690602475,440.0,rice,0.3,tau
2010,7,760.4806038624646,61.61288982557913,441.8,rice,0.3,tau
2010,8,802.5844717055788,96.22749477249468,452.8,rice,0.3,tau
2010,9,849.823380359343,144.27144972538258,476.5,rice,0.3,tau
2010,10,869.033725567699,182.85072044968018,486.0,rice,0.3,tau
2010,11,828.5978198142641,185.99100542865853,514.5,rice,0.3,tau
2010,12,766.3755121849026,165.87952881829892,532.0,rice,0.3,tau
2011,1,661.0350298608981,130.8118771272774,465.4055248618784,rice,0.3,tau
2011,2,555.5070790025029,96.90920242738713,471.88950276243094,rice,0.3,tau
2011,3,558.9817988451848,70.78218484481252,443.7922651933702,rice,0.3,tau
2011,4,619.3468865454148,54.30051684143669,436.1375690607735,rice,0.3,tau
2011,5,649.7055574539222,42.46576947725492,433.5259668508287,rice,0.3,tau
2011,6,723.5382979245506,45.00541003300855,462.7038674033149,rice,0.3,tau
2011,7,758.537963971804,61.037236491888535,484.7674033149171,rice,0.3,tau
2011,8,802.5345286860637,95.4305929943506,509.71270718232046,rice,0.3,tau
2011,9,849.873071113534,143.34126864902169,539.2508287292817,rice,0.3,tau
2011,10,863.3097254363984,181.86111981526878,539.7911602209945,rice,0.3,tau
2011,11,832.2792154690786,184.88293210891288,554.1099447513812,rice,0.3,tau
2011,12,807.0382790899453,164.59885371210072,527.5436464088398,rice,0.3,tau
2006,1,135.44442165709597,482.3148384595905,114.15791632485644,maize,0.3,tau
2006,2,135.44442165709597,426.982094196878,119.04881050041016,maize,0.3,tau
2006,3,135.44442165709597,387.10555877188403,117.04799015586543,maize,0.3,tau
2006,4,135.44442165709597,348.4728137903506,119.7157506152584,maize,0.3,tau
2006,5,135.44442165709597,303.3204426617335,122.93929450369151,maize,0.3,tau
2006,6,135.44442165709597,251.90362058530792,121.60541427399508,maize,0.3,tau
2006,7,135.44442165709597,191.42147648681095,126.71862182116487,maize,0.3,tau
2006,8,135.44442165709597,131.38017588749813,129.6086956521739,maize,0.3,tau
2006,9,135.44442165709597,272.7620206993645,135.27768662838392,maize,0.3,tau
2006,10,135.44442165709597,498.8364040638931,158.06480721903196,maize,0.3,tau
2006,11,135.44442165709597,618.175670206585,182.85274815422477,maize,0.3,tau
2006,12,135.44442165709597,581.89949858144,178.29532403609517,maize,0.3,tau
2007,1,129.71422201921644,509.1749896984163,172.65241295051928,maize,0.3,tau
2007,2,114.52220001099204,451.2580765757261,185.74801466096525,maize,0.3,tau
2007,3,107.33984492330745,407.59210363454144,178.6240073304826,maize,0.3,tau
2007,4,101.68188893062131,365.0827634087158,159.9758704948076,maize,0.3,tau
2007,5,103.39414918332334,315.0034489984521,167.8332315210751,maize,0.3,tau
2007,6,108.66846874926121,258.6996633077094,173.0714722052535,maize,0.3,tau
2007,7,112.90317078269099,194.0060966004317,153.7947464874771,maize,0.3,tau
2007,8,115.47258928516345,133.38082614209094,158.40439828955408,maize,0.3,tau
2007,9,114.88540708325579,273.23085849997415,166.99511301160663,maize,0.3,tau
2007,10,118.11368717007382,495.6323259503863,172.02382406841784,maize,0.3,tau
2007,11,124.74081181776685,612.173158883003,179.46212583995117,maize,0.3,tau
2007,12,129.39974604035513,574.1051869855694,188.89095907147225,maize,0.3,tau
2008,1,138.30285207083685,500.04782253759436,201.04840878529808,maize,0.3,tau
2008,2,139.55504683724152,442.8257024523256,214.08202599731064,maize,0.3,tau
2008,3,145.349145410211,401.5931250193578,227.99103541013,maize,0.3,tau
2008,4,150.69005021744226,362.8685976655264,239.6629314208875,maize,0.3,tau
2008,5,154.8602565507085,317.64658767299846,236.84222321828776,maize,0.3,tau
2008,6,158.4778225910399,266.2213395301293,279.2501120573734,maize,0.3,tau
2008,7,159.5876159942818,205.76811426213243,258.0461676378306,maize,0.3,tau
2008,8,156.93369992911892,146.97573095989884,228.57463021066783,maize,0.3,tau
2008,9,155.354941479127,289.34193324513024,227.40744060959213,maize,0.3,tau
2008,10,164.35290411335436,514.7667085341797,178.09367996414164,maize,0.3,tau
2008,11,172.87712372906816,633.3704854480893,159.32138054684,maize,0.3,tau
2008,12,173.7368918615075,597.196656826327,153.97176154190947,maize,0.3,tau
2009,1,173.95374572716943,524.9580450768849,179.16906344410876,maize,0.3,tau
2009,2,171.62139641047492,469.02974441305366,169.4225981873112,maize,0.3,tau
2009,3,171.23005901566336,429.1855817510483,170.66682779456193,maize,0.3,tau
2009,4,170.2447992702579,392.5393722473384,174.7105740181269,maize,0.3,tau
2009,5,168.3852886658542,349.10901593724094,186.53075528700907,maize,0.3,tau
2009,6,166.0830765121652,298.71599048115644,186.11601208459217,maize,0.3,tau
2009,7,162.10657476050903,238.8402462051119,157.18767371601209,maize,0.3,tau
2009,8,156.13315030996893,178.26134503537338,157.602416918429,maize,0.3,tau
2009,9,150.72037041876416,318.67393759487106,155.94344410876133,maize,0.3,tau
2009,10,154.98966032020655,543.1639380967413,173.46634441087613,maize,0.3,tau
2009,11,158.30815374739842,658.2519442683212,177.924833836858,maize,0.3,tau
2009,12,157.43716081559143,618.5391703718321,170.66682779456193,maize,0.3,tau
2010,1,156.6622469931949,543.2308279266631,167.3,maize,0.3,tau
2010,2,154.75884475056438,484.4940395159125,161.8,maize,0.3,tau
2010,3,155.09920269858708,442.22737485686497,159.0,maize,0.3,tau
2010,4,154.83117821804964,404.1804346516552,157.1,maize,0.3,tau
2010,5,153.74581606402205,359.3851123347633,163.4,maize,0.3,tau
2010,6,152.22610213091167,307.5791404193982,152.7,maize,0.3,tau
2010,7,149.01628732485335,246.41421387032216,163.8,maize,0.3,tau
2010,8,143.9909420910756,184.6092854258527,175.6,maize,0.3,tau
2010,9,139.98414191813572,323.896744281952,205.9,maize,0.3,tau
2010,10,145.0558853572397,547.0632401353579,235.8,maize,0.3,tau
2010,11,149.14425112840846,660.4409178651498,238.2,maize,0.3,tau
2010,12,150.08378847965702,619.1620361889964,250.4,maize,0.3,tau
2011,1,151.3779131695013,542.2819240073318,238.5643812135756,maize,0.3,tau
2011,2,151.26579193646216,482.1243648022129,263.78069934864584,maize,0.3,tau
2011,3,153.43439270474443,438.54950282380344,261.61930065135414,maize,0.3,tau
2011,4,154.97190965722424,399.3237517553063,287.556085018855,maize,0.3,tau
2011,5,155.62086469940868,353.4552473858981,277.28944120671923,maize,0.3,tau
2011,6,155.77375009529908,300.695925517613,279.72101474117244,maize,0.3,tau
2011,7,153.6060460105163,238.79110066759893,270.89530339389785,maize,0.3,tau
2011,8,148.33518416379258,177.5412879281315,279.36078162495716,maize,0.3,tau
2011,9,143.75830798505694,317.51890201759545,265.9420980459376,maize,0.3,tau
2011,10,146.83020914056533,540.5456754497279,247.480150839904,maize,0.3,tau
2011,11,155.2019266651818,654.091158847945,247.1199177236887,maize,0.3,tau
2011,12,163.1826487141347,612.3089455567588,232.8907096331848,maize,0.3,tau
2006,1,212.83483032845874,213.07804822696767,185.92291666666668,wheat,0.6,full
2006,2,206.19696313700166,160.26274666117226,199.9338541666667,wheat,0.6,full
2006,3,199.59442862988868,123.68336061085094,193.92916666666667,wheat,0.6,full
2006,4,209.04898923390857,109.89407211307774,200.48984375000003,wheat,0.6,full
2006,5,201.51628927541077,121.86919326039538,214.834375,wheat,0.6,full
2006,6,201.73309243933124,150.44090019661212,217.05833333333337,wheat,0.6,full
2006,7,200.13522015086286,258.72997500863346,225.06458333333336,wheat,0.6,full
2006,8,196.05185304814384,359.80539098262454,211.16484375,wheat,0.6,full
2006,9,194.64749058220008,385.46692710633295,217.94791666666669,wheat,0.6,full
2006,10,207.98158133017319,345.708743170484,235.85078125,wheat,0.6,full
2006,11,235.1622103046859,297.9432284538135,233.18203125,wheat,0.6,full
2006,12,231.9228695395047,255.49852968824217,227.17734375000003,wheat,0.6,full
2007,1,243.94901508661428,212.30684108881405,205.47468652037617,wheat,0.6,full
2007,2,244.70276309604486,166.28121692744696,209.56112852664577,wheat,0.6,full
2007,3,242.87340881392234,134.11702271359576,208.61810344827583,wheat,0.6,full
2007,4,282.4477613746044,118.98990052950705,207.77985893416923,wheat,0.6,full
2007,5,297.4207780485817,133.25901777115888,205.05556426332285,wheat,0.6,full
2007,6,306.53881976882724,162.99574373256385,233.66065830721,wheat,0.6,full
2007,7,319.0392543698114,269.75217752458514,249.79686520376177,wheat,0.6,full
2007,8,341.8268381698978,369.412151062837,272.1151253918495,wheat,0.6,full
2007,9,345.84538767011264,397.3773679420387,342.1085423197492,wheat,0.6,full
2007,10,366.2131111818998,360.3662246428389,351.11967084639497,wheat,0.6,full
2007,11,390.3866090520444,316.09160952641514,337.183855799373,wheat,0.6,full
2007,12,396.76495778208255,277.2058346337202,386.22115987460813,wheat,0.6,full
2008,1,417.4226557736012,235.38599999202577,360.5796625766871,wheat,0.6,full
2008,2,428.34521416179587,186.80738345318807,413.3972392638037,wheat,0.6,full
2008,3,436.848851448031,154.91083769258165,427.6959202453988,wheat,0.6,full
2008,4,484.3247556148705,139.82044187624183,352.31171779141107,wheat,0.6,full
2008,5,516.064673500555,151.11449906593214,319.82355828220864,wheat,0.6,full
2008,6,537.2685192390466,183.99466514959883,339.08300613496937,wheat,0.6,full
2008,7,527.3921479651297,318.3624648491724,319.2399386503067,wheat,0.6,full
2008,8,515.3550815173259,439.8830847960221,320.30990797546013,wheat,0.6,full
2008,9,489.09489560433474,467.73850058614084,287.5299386503068,wheat,0.6,full
2008,10,451.7402619923631,425.0170319208304,230.91883435582824,wheat,0.6,full
2008,11,420.68516116527564,375.50471274744984,220.60822085889572,wheat,0.6,full
2008,12,396.2610183361979,332.4984097829404,214.09113496932517,wheat,0.6,full
2009,1,374.75720281554413,288.5544786092631,247.8488621151272,wheat,0.6,full
2009,2,352.6520837382461,237.67728331607074,232.9219544846051,wheat,0.6,full
2009,3,328.17407721518543,202.18120450646182,239.45247657295852,wheat,0.6,full
2009,4,320.2975404645408,183.43244411037784,242.0439535921464,wheat,0.6,full
2009,5,324.62874110332444,186.0175419201897,271.06849620705043,wheat,0.6,full
2009,6,338.4649195334507,212.86941977048764,265.98920124944226,wheat,0.6,full
2009,7,344.8559019556265,334.3935284596178,233.12927264614015,wheat,0.6,full
2009,8,358.63590054477515,448.7392981681644,218.09870593485053,wheat,0.6,full
2009,9,346.10458703933523,477.27659205951534,198.09250334672024,wheat,0.6,full
2009,10,323.4864922945294,433.91766065446996,206.07425256581885,wheat,0.6,full
2009,11,305.0698985397911,382.52346115397614,218.7206604194556,wheat,0.6,full
2009,12,292.0521675244886,336.9627372459795,213.84868362338244,wheat,0.6,full
2010,1,280.98169063384444,292.1641099792049,201.2,wheat,0.6,full
2010,2,265.61109418823577,239.2452491043381,194.0,wheat,0.6,full
2010,3,251.18370417839628,200.6017198300109,191.1,wheat,0.6,full
2010,4,254.95457010572062,178.03113787605767,192.9,wheat,0.6,full
2010,5,261.71633225438,176.32315379151115,181.6,wheat,0.6,full
2010,6,275.28099182184076,198.01409457878927,157.7,wheat,0.6,full
2010,7,291.0197658827708,305.72074631719545,195.8,wheat,0.6,full
2010,8,322.85637959871053,399.7081725859,246.2,wheat,0.6,full
2010,9,354.03398345796296,418.79129618253694,271.7,wheat,0.6,full
2010,10,376.0846914694721,380.1544334353106,270.2,wheat,0.6,full
2010,11,409.3846652626068,337.14021458553555,274.1,wheat,0.6,full
2010,12,431.7999262529245,299.8183825548146,306.5,wheat,0.6,full
2011,1,464.3797876862729,259.69192273511425,294.07423332279484,wheat,0.6,full
2011,2,484.61135459689797,211.23361472991857,313.43306987037624,wheat,0.6,full
2011,3,492.4388535577142,178.84031931007593,285.16016440088526,wheat,0.6,full
2011,4,520.5855415635351,163.25126900353646,302.6281378438192,wheat,0.6,full
2011,5,540.1468977089294,171.1060405627816,319.9160290863105,wheat,0.6,full
2011,6,546.1574111191492,199.99247742926903,293.8941511223522,wheat,0.6,full
2011,7,533.1101801387697,316.5904174216698,273.6349035725577,wheat,0.6,full
2011,8,534.303945582175,427.8717336180945,294.5244388239014,wheat,0.6,full
2011,9,516.4152297507836,456.95482039621214,284.43983559911476,wheat,0.6,full
2011,10,487.27151582551693,416.79295924816165,260.2187796395827,wheat,0.6,full
2011,11,460.55713117393503,369.5269888277639,253.01549162187797,wheat,0.6,full
2011,12,438.0196390845971,328.26051874055076,242.21055959532092,wheat,0.6,full
2006,1,339.2880914593542,95.54881826326358,323.87897671367665,rice,0.6,full
2006,2,340.4173405108278,62.6058956917774,335.21974417841915,rice,0.6,full
2006,3,345.62088952334983,36.85377843015879,337.4434240734667,rice,0.6,full
2006,4,353.65355352175624,23.97511477082823,336.1092161364382,rice,0.6,full
2006,5,356.2921548357185,19.215594606908756,342.44670383732375,rice,0.6,full
2006,6,361.9126651132757,21.492572931459613,347.44998360118075,rice,0.6,full
2006,7,359.7747521020055,35.32854860235234,350.67431944899965,rice,0.6,full
2006,8,358.54014963182294,66.63610156169993,347.6723515906855,rice,0.6,full
2006,9,348.598789477552,112.45843820517399,343.78091177435226,rice,0.6,full
2006,10,338.0868354890657,149.81475182227533,334.66382420465726,rice,0.6,full
2006,11,314.3550546358713,152.5084359987943,329.43817645129553,rice,0.6,full
2006,12,294.7755034554807,132.26577152575948,339.1111839947524,rice,0.6,full
2007,1,332.36327720066356,98.92317249313018,328.0554534313726,rice,0.6,full
2007,2,380.52196069224163,66.2782103450709,330.15165441176475,rice,0.6,full
2007,3,393.8338511943842,39.90269001500791,334.02962622549023,rice,0.6,full
2007,4,412.649582048468,25.577022325819705,331.7238051470589,rice,0.6,full
2007,5,445.70886823258024,20.50239207723345,332.8767156862746,rice,0.6,full
2007,6,486.891255756277,23.865015855678244,338.85088848039226,rice,0.6,full
2007,7,511.54083377448364,39.41198027020944,344.61544117647065,rice,0.6,full
2007,8,487.63242984645706,72.49904064194972,343.25291053921575,rice,0.6,full
2007,9,485.6946171473781,119.41988145470675,340.6326593137256,rice,0.6,full
2007,10,509.0771355462036,157.648751541818,345.0346813725491,rice,0.6,full
2007,11,571.0775692900072,161.27070304883608,358.4503676470589,rice,0.6,full
2007,12,625.2134953260653,142.488245542066,378.04984681372554,rice,0.6,full
2008,1,593.7208615343202,109.96079683475142,365.2597354660104,rice,0.6,full
2008,2,523.2109488651411,78.48789180169152,452.00406028914176,rice,0.6,full
2008,3,513.5342772763131,52.201223304456235,577.6471854813902,rice,0.6,full
2008,4,600.937568844846,35.5500858401531,882.0302983697322,rice,0.6,full
2008,5,662.4187616404247,28.16498676824785,876.973454321747,rice,0.6,full
2008,6,768.0183418880989,33.23184356286652,736.1597969855428,rice,0.6,full
2008,7,821.6125951131036,50.462556903269764,711.653552752999,rice,0.6,full
2008,8,843.9833716319008,86.30667512868033,674.4079513995692,rice,0.6,full
2008,9,886.9890028120677,135.5378386427528,664.9749923100583,rice,0.6,full
2008,10,878.9475766139606,175.7608334340744,592.5259766225776,rice,0.6,full
2008,11,841.0972631267191,180.52444037576151,536.8034450938172,rice,0.6,full
2008,12,774.63764750421,161.28499403941788,517.159550907413,rice,0.6,full
2009,1,669.2946394901103,126.38996263342374,601.3189189189189,rice,0.6,full
2009,2,564.4435657073226,92.80423914916443,612.5158918918919,rice,0.6,full
2009,3,571.3993634665562,66.23235348076176,609.924,rice,0.6,full
2009,4,628.5564625833755,49.022245709356795,569.9051891891893,rice,0.6,full
2009,5,658.3468839643472,36.95422227266003,552.5913513513514,rice,0.6,full
2009,6,735.0850645838807,39.290245289943215,595.6167567567568,rice,0.6,full
2009,7,792.283544023529,54.7082239780063,593.0248648648649,rice,0.6,full
2009,8,817.5729937058036,88.7194847155836,545.6450810810811,rice,0.6,full
2009,9,868.4808100043729,136.41790444392606,537.8694054054054,rice,0.6,full
2009,10,868.063532976308,174.7744996126121,511.1210810810811,rice,0.6,full
2009,11,835.4271266588488,177.4610762308643,562.7515675675676,rice,0.6,full
2009,12,772.5535904725346,156.96281192922459,612.7232432432432,rice,0.6,full
2010,1,669.8046625674262,122.52774815952426,568.8,rice,0.6,full
2010,2,589.1916841677553,90.013986418699,535.0,rice,0.6,full
2010,3,635.6275799150036,64.88244424479547,502.2,rice,0.6,full
2010,4,667.373709652791,48.82135466318044,466.0,rice,0.6,full
2010,5,694.1341525092542,37.07015433860491,451.3,rice,0.6,full
2010,6,753.3516224142045,39.303688781026636,440.0,rice,0.6,full
2010,7,798.1234552299916,54.62747828720971,441.8,rice,0.6,full
2010,8,823.9638701154068,88.45446895897052,452.8,rice,0.6,full
2010,9,879.1436260256439,136.00801186818418,476.5,rice,0.6,full
2010,10,874.5569554238214,174.36804670966268,486.0,rice,0.6,full
2010,11,837.3507007216322,177.28153547918959,514.5,rice,0.6,full
2010,12,774.2915337308317,157.187827389799,532.0,rice,0.6,full
2011,1,670.881469053535,122.39389240286906,465.4055248618784,rice,0.6,full
2011,2,567.51702146625,89.09355478419988,471.88950276243094,rice,0.6,full
2011,3,573.7939731382088,62.2600994278008,443.7922651933702,rice,0.6,full
2011,4,631.3392166876815,44.780191797955865,436.1375690607735,rice,0.6,full
2011,5,668.8982574371628,33.347627940497155,433.5259668508287,rice,0.6,full
2011,6,748.4197373643065,36.78528602416071,462.7038674033149,rice,0.6,full
2011,7,795.0539931123978,52.92967316574274,484.7674033149171,rice,0.6,full
2011,8,827.2921924132874,87.59825895287283,509.71270718232046,rice,0.6,full
2011,9,879.7225317644543,135.89430705195315,539.2508287292817,rice,0.6,full
2011,10,870.0267202644075,175.23236616135168,539.7911602209945,rice,0.6,full
2011,11,838.5522536931846,179.05714966173338,554.1099447513812,rice,0.6,full
2011,12,813.7293539578149,159.45447910474428,527.5436464088398,rice,0.6,full
2006,1,136.15716202805686,480.6305036581224,114.15791632485644,maize,0.6,full
2006,2,130.83864256594336,423.91737448072354,119.04881050041016,maize,0.6,full
2006,3,124.74462704490745,382.73307276321924,117.04799015586543,maize,0.6,full
2006,4,117.90652569968486,342.07707760130927,119.7157506152584,maize,0.6,full
2006,5,111.363740111888,293.2163944446373,122.93929450369151,maize,0.6,full
2006,6,106.43404569041931,236.49833982113512,121.60541427399508,maize,0.6,full
2006,7,103.20199041765781,169.21404169940678,126.71862182116487,maize,0.6,full
2006,8,102.91051361958759,104.34360236596356,129.6086956521739,maize,0.6,full
2006,9,101.49049138220339,234.5983239759221,135.27768662838392,maize,0.6,full
2006,10,96.85420481577577,439.53855278591095,158.06480721903196,maize,0.6,full
2006,11,95.58956382789756,545.433726044182,182.85274815422477,maize,0.6,full
2006,12,126.82553279191941,509.2612891702382,178.29532403609517,maize,0.6,full
2007,1,125.65340514492969,440.7017586213901,172.65241295051928,maize,0.6,full
2007,2,125.3266254374058,385.60185102778667,185.74801466096525,maize,0.6,full
2007,3,125.1923012589528,342.9419224410807,178.6240073304826,maize,0.6,full
2007,4,132.32606116160704,300.58482071751666,159.9758704948076,maize,0.6,full
2007,5,167.1559758541435,252.03824995208552,167.8332315210751,maize,0.6,full
2007,6,192.94169539882745,199.2080441846971,173.0714722052535,maize,0.6,full
2007,7,207.63579046945634,138.1773989597271,153.7947464874771,maize,0.6,full
2007,8,213.49852842332606,79.87022549408546,158.40439828955408,maize,0.6,full
2007,9,209.079620199642,224.44836977417265,166.99511301160663,maize,0.6,full
2007,10,199.2552979714272,456.19064855264395,172.02382406841784,maize,0.6,full
2007,11,200.31577656324578,584.6421218609056,179.46212583995117,maize,0.6,full
2007,12,212.00778896601955,552.7503427036349,188.89095907147225,maize,0.6,full
2008,1,228.80907142789943,482.0658148844843,201.04840878529808,maize,0.6,full
2008,2,229.13502615797276,427.2885962241956,214.08202599731064,maize,0.6,full
2008,3,234.79587438531868,385.17367355757443,227.99103541013,maize,0.6,full
2008,4,240.3541162485128,343.2644038098378,239.6629314208875,maize,0.6,full
2008,5,244.52893215380135,294.98563678467985,236.84222321828776,maize,0.6,full
2008,6,247.193147664019,241.14879749595778,279.2501120573734,maize,0.6,full
2008,7,246.19205370949837,179.45815379798523,258.0461676378306,maize,0.6,full
2008,8,243.56314142140687,117.17223105872091,228.57463021066783,maize,0.6,full
2008,9,242.13513717355477,259.27152979584554,227.40744060959213,maize,0.6,full
2008,10,234.70486400021312,487.43813956098074,178.09367996414164,maize,0.6,full
2008,11,234.4311411389028,610.6728418816497,159.32138054684,maize,0.6,full
2008,12,241.06421428152322,577.4426002087937,153.97176154190947,maize,0.6,full
2009,1,248.30922495037964,507.11058326230255,179.16906344410876,maize,0.6,full
2009,2,245.8208013314183,452.08906205488086,169.4225981873112,maize,0.6,full
2009,3,246.3654298058536,410.20756235295335,170.66682779456193,maize,0.6,full
2009,4,248.53022783965835,369.88471740752254,174.7105740181269,maize,0.6,full
2009,5,253.42639554113086,322.978677704373,186.53075528700907,maize,0.6,full
2009,6,265.1448219037943,269.44713524946843,186.11601208459217,maize,0.6,full
2009,7,275.8041771817234,206.94195890366015,157.18767371601209,maize,0.6,full
2009,8,263.4200694953903,144.3489153965587,157.602416918429,maize,0.6,full
2009,9,268.6148178741802,280.56978735628564,155.94344410876133,maize,0.6,full
2009,10,265.4273149413376,504.22203309163564,173.46634441087613,maize,0.6,full
2009,11,272.3943150866115,626.6486257419199,177.924833836858,maize,0.6,full
2009,12,277.9540930825584,593.1608920388735,170.66682779456193,maize,0.6,full
2010,1,278.0832961315407,523.951343633524,167.3,maize,0.6,full
2010,2,277.1734548573836,470.0026129110105,161.8,maize,0.6,full
2010,3,279.51529796124885,429.21744943175065,159.0,maize,0.6,full
2010,4,287.1663411287551,389.6118851369794,157.1,maize,0.6,full
2010,5,299.7160903993403,343.1421789921065,163.4,maize,0.6,full
2010,6,308.0979706327473,290.2473799754223,152.7,maize,0.6,full
2010,7,309.90548320883323,228.4018982302472,163.8,maize,0.6,full
2010,8,287.86301542925514,166.08287025479444,175.6,maize,0.6,full
2010,9,285.08348836613266,300.62860795992685,205.9,maize,0.6,full
2010,10,278.2087224964252,518.4874830634528,235.8,maize,0.6,full
2010,11,285.0427725221591,634.3910814348042,238.2,maize,0.6,full
2010,12,292.17273430200385,598.8411085031837,250.4,maize,0.6,full
2011,1,304.9067645956019,529.3928792749289,238.5643812135756,maize,0.6,full
2011,2,319.8756661701523,477.81826736056416,263.78069934864584,maize,0.6,full
2011,3,327.4566386707197,439.6230113526626,261.61930065135414,maize,0.6,full
2011,4,335.1991562766591,401.12932238729707,287.556085018855,maize,0.6,full
2011,5,335.89092021777776,354.08173148961157,277.28944120671923,maize,0.6,full
2011,6,332.54696631449576,299.7783852961587,279.72101474117244,maize,0.6,full
2011,7,326.10770738214603,236.09516041054104,270.89530339389785,maize,0.6,full
2011,8,303.9200712452014,171.78021981610982,279.36078162495716,maize,0.6,full
2011,9,300.06456951693684,312.01082439217276,265.9420980459376,maize,0.6,full
2011,10,281.9396929693084,534.5360616628664,247.480150839904,maize,0.6,full
2011,11,258.9191981960432,650.0646991153171,247.1199177236887,maize,0.6,full
2011,12,247.03558753575015,609.2342245360692,232.8907096331848,maize,0.6,full
2006,1,212.83483032845874,213.07804822696767,185.92291666666668,wheat,0.6,shocks
2006,2,206.19696313700166,160.26274666117226,199.9338541666667,wheat,0.6,shocks
2006,3,199.59442862988868,123.68336061085094,193.92916666666667,wheat,0.6,shocks
2006,4,209.04898923390857,109.89407211307774,200.48984375000003,wheat,0.6,shocks
2006,5,201.51628927541077,121.86919326039538,214.834375,wheat,0.6,shocks
2006,6,201.73309243933124,150.44090019661212,217.05833333333337,wheat,0.6,shocks
2006,7,200.13522015086286,258.72997500863346,225.06458333333336,wheat,0.6,shocks
2006,8,196.05185304814384,359.80539098262454,211.16484375,wheat,0.6,shocks
2006,9,194.64749058220008,385.46692710633295,217.94791666666669,wheat,0.6,shocks
2006,10,207.98158133017319,345.708743170484,235.85078125,wheat,0.6,shocks
2006,11,235.1622103046859,297.9432284538135,233.18203125,wheat,0.6,shocks
2006,12,231.9228695395047,255.49852968824217,227.17734375000003,wheat,0.6,shocks
2007,1,243.91108496361397,212.33046195686634,205.47468652037617,wheat,0.6,shocks
2007,2,244.2954206346563,166.43999038306657,209.56112852664577,wheat,0.6,shocks
2007,3,241.12495488154687,134.4612448583506,208.61810344827583,wheat,0.6,shocks
2007,4,250.724285753727,118.82901583968912,207.77985893416923,wheat,0.6,shocks
2007,5,228.81171940081072,131.98102723725881,205.05556426332285,wheat,0.6,shocks
2007,6,222.49889611931604,160.21852493482942,233.66065830721,wheat,0.6,shocks
2007,7,217.6281887577144,265.1997609726365,249.79686520376177,wheat,0.6,shocks
2007,8,210.61125163567297,362.50685790570924,272.1151253918495,wheat,0.6,shocks
2007,9,204.56304251653614,388.12467034052975,342.1085423197492,wheat,0.6,shocks
2007,10,216.65692125854997,348.63789267690623,351.11967084639497,wheat,0.6,shocks
2007,11,229.4749837359975,301.93398214094435,337.183855799373,wheat,0.6,shocks
2007,12,231.56966467950468,260.7072517382909,386.22115987460813,wheat,0.6,shocks
2008,1,246.4710715069873,217.01083630054353,360.5796625766871,wheat,0.6,shocks
2008,2,239.62448372169055,167.70411151129565,413.3972392638037,wheat,0.6,shocks
2008,3,227.18573425120303,133.97528992092217,427.6959202453988,wheat,0.6,shocks
2008,4,245.24188809682306,117.58219133920667,352.31171779141107,wheat,0.6,shocks
2008,5,227.06310729347877,130.41659676451212,319.82355828220864,wheat,0.6,shocks
2008,6,219.9866591925208,160.02806134805704,339.08300613496937,wheat,0.6,shocks
2008,7,212.1848768196982,290.1697874395754,319.2399386503067,wheat,0.6,shocks
2008,8,200.99663316886392,408.62907103554636,320.30990797546013,wheat,0.6,shocks
2008,9,186.47415032416427,434.2696192246319,287.5299386503068,wheat,0.6,shocks
2008,10,172.2233203139585,389.3173701715141,230.91883435582824,wheat,0.6,shocks
2008,11,164.09660841777549,337.06715503787746,220.60822085889572,wheat,0.6,shocks
2008,12,159.12340466545507,290.41592802307105,214.09113496932517,wheat,0.6,shocks
2009,1,155.88636013673198,242.5882802928468,247.8488621151272,wheat,0.6,shocks
2009,2,152.4296623908358,187.56100778984148,232.9219544846051,wheat,0.6,shocks
2009,3,148.62156679326677,148.23089934280466,239.45247657295852,wheat,0.6,shocks
2009,4,161.83738186926803,126.11182705114027,242.0439535921464,wheat,0.6,shocks
2009,5,160.43217360767227,134.3485321932746,271.06849620705043,wheat,0.6,shocks
2009,6,162.94193526260034,161.30119003376615,265.98920124944226,wheat,0.6,shocks
2009,7,163.3536666504409,279.7095345702854,233.12927264614015,wheat,0.6,shocks
2009,8,161.43615946802595,392.6738871231371,218.09870593485053,wheat,0.6,shocks
2009,9,156.69688761838185,421.11955268661677,198.09250334672024,wheat,0.6,shocks
2009,10,152.02656896219378,377.2964573755785,206.07425256581885,wheat,0.6,shocks
2009,11,152.47785501664546,324.55455342267,218.7206604194556,wheat,0.6,shocks
2009,12,153.74674496404538,277.32377239801144,213.84868362338244,wheat,0.6,shocks
2010,1,154.96484960059104,230.79758141429392,201.2,wheat,0.6,shocks
2010,2,157.27578995934027,176.82582084769214,194.0,wheat,0.6,shocks
2010,3,164.86331747336453,138.43886860508186,191.1,wheat,0.6,shocks
2010,4,189.24610607231597,115.30402944514914,192.9,wheat,0.6,shocks
2010,5,188.78166333483082,122.59871431197357,181.6,wheat,0.6,shocks
2010,6,187.75781519112633,147.5563793950049,157.7,wheat,0.6,shocks
2010,7,185.4300575796132,254.38435753949722,195.8,wheat,0.6,shocks
2010,8,182.11774519693216,348.39976491583093,246.2,wheat,0.6,shocks
2010,9,192.72996225452368,367.2453096352153,271.7,wheat,0.6,shocks
2010,10,229.75598442802027,328.53072362010744,270.2,wheat,0.6,shocks
2010,11,310.9648765184798,285.4106611829095,274.1,wheat,0.6,shocks
2010,12,333.94109380119465,248.799119209344,306.5,wheat,0.6,shocks
2011,1,344.6746603591316,209.47464189834193,294.07423332279484,wheat,0.6,shocks
2011,2,328.7407769459813,163.14185684597604,313.43306987037624,wheat,0.6,shocks
2011,3,299.0410454482778,130.84039234352568,285.16016440088526,wheat,0.6,shocks
2011,4,311.57406624627515,118.0110925234123,302.6281378438192,wheat,0.6,shocks
2011,5,285.69440482395,130.61462753567164,319.9160290863105,wheat,0.6,shocks
2011,6,272.69407577854395,157.98582518962303,293.8941511223522,wheat,0.6,shocks
2011,7,261.43865693779276,271.9587241315478,273.6349035725577,wheat,0.6,shocks
2011,8,247.4548993377051,381.1621093757736,294.5244388239014,wheat,0.6,shocks
2011,9,231.62642660400437,409.1537026865367,284.43983559911476,wheat,0.6,shocks
2011,10,217.17188946185945,367.8328969334106,260.2187796395827,wheat,0.6,shocks
2011,11,203.91436667510072,318.4753808861284,253.01549162187797,wheat,0.6,shocks
2011,12,191.9949462589169,274.62546205024336,242.21055959532092,wheat,0.6,shocks
2006,1,339.2880914593542,95.54881826326358,323.87897671367665,rice,0.6,shocks
2006,2,340.4173405108278,62.6058956917774,335.21974417841915,rice,0.6,shocks
2006,3,345.62088952334983,36.85377843015879,337.4434240734667,rice,0.6,shocks
2006,4,353.65355352175624,23.97511477082823,336.1092161364382,rice,0.6,shocks
2006,5,356.2921548357185,19.215594606908756,342.44670383732375,rice,0.6,shocks
2006,6,361.9126651132757,21.492572931459613,347.44998360118075,rice,0.6,shocks
2006,7,359.7747521020055,35.32854860235234,350.67431944899965,rice,0.6,shocks
2006,8,358.54014963182294,66.63610156169993,347.6723515906855,rice,0.6,shocks
2006,9,348.598789477552,112.45843820517399,343.78091177435226,rice,0.6,shocks
2006,10,338.0868354890657,149.81475182227533,334.66382420465726,rice,0.6,shocks
2006,11,314.3550546358713,152.5084359987943,329.43817645129553,rice,0.6,shocks
2006,12,294.7755034554807,132.26577152575948,339.1111839947524,rice,0.6,shocks
2007,1,301.17984092220826,98.81285620508707,328.0554534313726,rice,0.6,shocks
2007,2,321.085095727788,65.3922637662162,330.15165441176475,rice,0.6,shocks
2007,3,337.82420836855465,38.19424106097766,334.02962622549023,rice,0.6,shocks
2007,4,339.550681119631,23.80089160402933,331.7238051470589,rice,0.6,shocks
2007,5,333.95098475271675,18.550026243646595,332.8767156862746,rice,0.6,shocks
2007,6,333.14575648721564,20.63604262489518,338.85088848039226,rice,0.6,shocks
2007,7,327.1633639911935,34.32514015091583,344.61544117647065,rice,0.6,shocks
2007,8,327.01218458657235,65.27695123647212,343.25291053921575,rice,0.6,shocks
2007,9,323.2405222502672,111.04761316455634,340.6326593137256,rice,0.6,shocks
2007,10,320.87834796210115,148.34399311166231,345.0346813725491,rice,0.6,shocks
2007,11,298.68663497210287,150.88063421308888,358.4503676470589,rice,0.6,shocks
2007,12,290.30639007989816,130.57974196979137,378.04984681372554,rice,0.6,shocks
2008,1,320.20563621001264,97.18530681346243,365.2597354660104,rice,0.6,shocks
2008,2,347.98782729370566,64.12586144039247,452.00406028914176,rice,0.6,shocks
2008,3,349.4305970926006,37.92507261986708,577.6471854813902,rice,0.6,shocks
2008,4,335.19767791821215,24.49029915866997,882.0302983697322,rice,0.6,shocks
2008,5,324.24920078722903,19.902702628380204,876.973454321747,rice,0.6,shocks
2008,6,317.7359634053054,22.492565328760612,736.1597969855428,rice,0.6,shocks
2008,7,306.7558546344493,36.82878389883279,711.653552752999,rice,0.6,shocks
2008,8,309.4352142992249,68.46064171510079,674.4079513995692,rice,0.6,shocks
2008,9,309.22379281838613,114.82683753629048,664.9749923100583,rice,0.6,shocks
2008,10,303.2420347604076,152.81713264639825,592.5259766225776,rice,0.6,shocks
2008,11,277.78078421545274,155.7436140744681,536.8034450938172,rice,0.6,shocks
2008,12,250.6016495648501,134.5867257003262,517.159550907413,rice,0.6,shocks
2009,1,255.52347805859395,99.83276528026411,601.3189189189189,rice,0.6,shocks
2009,2,283.93350901756804,65.59225247129797,612.5158918918919,rice,0.6,shocks
2009,3,320.1443515311603,37.51984842636874,609.924,rice,0.6,shocks
2009,4,341.391050239223,22.72590849029954,569.9051891891893,rice,0.6,shocks
2009,5,338.6592092689741,17.374946341144767,552.5913513513514,rice,0.6,shocks
2009,6,342.6373883710919,19.0943017149309,595.6167567567568,rice,0.6,shocks
2009,7,343.4055442173339,32.40200513751721,593.0248648648649,rice,0.6,shocks
2009,8,340.37924810320203,63.011891639375186,545.6450810810811,rice,0.6,shocks
2009,9,340.58764070853874,108.3598417662353,537.8694054054054,rice,0.6,shocks
2009,10,331.18768421036975,145.35775480307694,511.1210810810811,rice,0.6,shocks
2009,11,342.96235991805577,147.41690271253242,562.7515675675676,rice,0.6,shocks
2009,12,377.8830321430231,127.70188120261386,612.7232432432432,rice,0.6,shocks
2010,1,410.2892734787516,96.56368668864653,568.8,rice,0.6,shocks
2010,2,409.95872517334556,65.85549212408077,535.0,rice,0.6,shocks
2010,3,390.6163385683725,39.59392720906011,502.2,rice,0.6,shocks
2010,4,394.5084192089098,23.882185917918946,466.0,rice,0.6,shocks
2010,5,392.1632119060823,17.45964922307495,451.3,rice,0.6,shocks
2010,6,382.1916827573649,19.394130683806228,440.0,rice,0.6,shocks
2010,7,368.88383461432153,32.65912132958546,441.8,rice,0.6,shocks
2010,8,369.9991137256551,63.29532922098425,452.8,rice,0.6,shocks
2010,9,368.0749046083766,108.70584327694888,476.5,rice,0.6,shocks
2010,10,357.3927094044733,145.93198276566383,486.0,rice,0.6,shocks
2010,11,346.88070335225484,148.27212834845326,514.5,rice,0.6,shocks
2010,12,365.10833305575875,128.1338224497191,532.0,rice,0.6,shocks
2011,1,398.424258949912,95.70968934555293,465.4055248618784,rice,0.6,shocks
2011,2,425.25036994432304,63.41324475767206,471.88950276243094,rice,0.6,shocks
2011,3,426.98015864137517,37.09802648490664,443.7922651933702,rice,0.6,shocks
2011,4,417.1752970753396,22.85414511706526,436.1375690607735,rice,0.6,shocks
2011,5,403.8529487740177,17.72760287641765,433.5259668508287,rice,0.6,shocks
2011,6,397.603462806493,20.465566918880818,462.7038674033149,rice,0.6,shocks
2011,7,385.84703259229934,34.79025942660652,484.7674033149171,rice,0.6,shocks
2011,8,381.59405471736915,66.66669130721783,509.71270718232046,rice,0.6,shocks
2011,9,371.3420908420359,113.22073717185043,539.2508287292817,rice,0.6,shocks
2011,10,358.2584187496128,151.22038941126203,539.7911602209945,rice,0.6,shocks
2011,11,336.4070572312122,153.98423368549618,554.1099447513812,rice,0.6,shocks
2011,12,310.6587789294452,133.46797493314824,527.5436464088398,rice,0.6,shocks
2006,1,136.15716202805686,480.6305036581224,114.15791632485644,maize,0.6,shocks
2006,2,130.83864256594336,423.91737448072354,119.04881050041016,maize,0.6,shocks
2006,3,124.74462704490745,382.73307276321924,117.04799015586543,maize,0.6,shocks
2006,4,117.90652569968486,342.07707760130927,119.7157506152584,maize,0.6,shocks
2006,5,111.363740111888,293.2163944446373,122.93929450369151,maize,0.6,shocks
2006,6,106.43404569041931,236.49833982113512,121.60541427399508,maize,0.6,shocks
2006,7,103.20199041765781,169.21404169940678,126.71862182116487,maize,0.6,shocks
2006,8,102.91051361958759,104.34360236596356,129.6086956521739,maize,0.6,shocks
2006,9,101.49049138220339,234.5983239759221,135.27768662838392,maize,0.6,shocks
2006,10,96.85420481577577,439.53855278591095,158.06480721903196,maize,0.6,shocks
2006,11,95.58956382789756,545.433726044182,182.85274815422477,maize,0.6,shocks
2006,12,126.82553279191941,509.2612891702382,178.29532403609517,maize,0.6,shocks
2007,1,125.64451223120352,440.7348485315897,172.65241295051928,maize,0.6,shocks
2007,2,125.2265574087169,385.8624861762139,185.74801466096525,maize,0.6,shocks
2007,3,124.97289473169926,343.5089235374343,178.6240073304826,maize,0.6,shocks
2007,4,130.96114054108904,301.54236700930653,159.9758704948076,maize,0.6,shocks
2007,5,153.10012656617778,253.56597948433347,167.8332315210751,maize,0.6,shocks
2007,6,165.01335098119063,200.65728905877262,173.0714722052535,maize,0.6,shocks
2007,7,170.02150728966018,139.04090369182646,153.7947464874771,maize,0.6,shocks
2007,8,168.55268391952742,79.83884732767358,158.40439828955408,maize,0.6,shocks
2007,9,161.1710814900454,223.32317552194823,166.99511301160663,maize,0.6,shocks
2007,10,149.4954354276939,453.91736494138013,172.02382406841784,maize,0.6,shocks
2007,11,140.05304496537025,580.8729416321969,179.46212583995117,maize,0.6,shocks
2007,12,140.64483471678363,546.932939050264,188.89095907147225,maize,0.6,shocks
2008,1,146.47347046171865,473.73897657648513,201.04840878529808,maize,0.6,shocks
2008,2,140.5709588316168,415.59227454651943,214.08202599731064,maize,0.6,shocks
2008,3,136.91263242052548,369.05306498817237,227.99103541013,maize,0.6,shocks
2008,4,132.53446590246097,322.0422956928649,239.6629314208875,maize,0.6,shocks
2008,5,128.86292389707404,268.5156198604615,236.84222321828776,maize,0.6,shocks
2008,6,127.87521472051849,209.58006485804322,279.2501120573734,maize,0.6,shocks
2008,7,134.76084999189024,143.40919987363122,258.0461676378306,maize,0.6,shocks
2008,8,148.12675937042417,80.42742755399057,228.57463021066783,maize,0.6,shocks
2008,9,141.0686527931528,222.78053502528266,227.40744060959213,maize,0.6,shocks
2008,10,131.5351044432729,448.49013241525057,178.09367996414164,maize,0.6,shocks
2008,11,128.4722572756179,571.254424511822,159.32138054684,maize,0.6,shocks
2008,12,144.45307517716253,538.5234105669851,153.97176154190947,maize,0.6,shocks
2009,1,157.67326163012567,469.1266229548754,179.16906344410876,maize,0.6,shocks
2009,2,186.14506095841054,413.8928627408198,169.4225981873112,maize,0.6,shocks
2009,3,196.88674570064683,372.6460506274667,170.66682779456193,maize,0.6,shocks
2009,4,199.21772712617536,332.9988056598325,174.7105740181269,maize,0.6,shocks
2009,5,199.3743920686578,286.797388122611,186.53075528700907,maize,0.6,shocks
2009,6,199.62378036408018,234.4898518517851,186.11601208459217,maize,0.6,shocks
2009,7,197.50262892682878,173.22611253718424,157.18767371601209,maize,0.6,shocks
2009,8,185.73448636700505,110.66650867976581,157.602416918429,maize,0.6,shocks
2009,9,182.00102351011793,246.55701652453183,155.94344410876133,maize,0.6,shocks
2009,10,166.48621265833336,469.673757986554,173.46634441087613,maize,0.6,shocks
2009,11,155.64996147125737,591.7979281320136,177.924833836858,maize,0.6,shocks
2009,12,156.17155731034228,557.0115691048734,170.66682779456193,maize,0.6,shocks
2010,1,158.97207552443973,485.03647026525744,167.3,maize,0.6,shocks
2010,2,186.0086829223398,427.64407602850406,161.8,maize,0.6,shocks
2010,3,199.21248928295427,384.1575037906593,159.0,maize,0.6,shocks
2010,4,202.50506865599286,342.41772117237883,157.1,maize,0.6,shocks
2010,5,203.8115542616789,294.1111535975739,163.4,maize,0.6,shocks
2010,6,205.27855478673828,239.86110374350582,152.7,maize,0.6,shocks
2010,7,203.80450460187083,177.05835892820198,163.8,maize,0.6,shocks
2010,8,191.0789801324739,113.4250029517662,175.6,maize,0.6,shocks
2010,9,188.4558653945416,246.36401938049352,205.9,maize,0.6,shocks
2010,10,175.28290530866667,463.4527492206095,235.8,maize,0.6,shocks
2010,11,162.73129795893385,579.7847352878455,238.2,maize,0.6,shocks
2010,12,177.55137738989075,543.4815279205154,250.4,maize,0.6,shocks
2011,1,220.04129189924964,472.9143655439348,238.5643812135756,maize,0.6,shocks
2011,2,236.98824882782475,419.815243019724,263.78069934864584,maize,0.6,shocks
2011,3,241.59498206947103,379.8168966497051,261.61930065135414,maize,0.6,shocks
2011,4,239.96978210981595,340.43537180718556,287.556085018855,maize,0.6,shocks
2011,5,235.45463056741755,293.4507956556006,277.28944120671923,maize,0.6,shocks
2011,6,233.4806960421318,239.73929781851024,279.72101474117244,maize,0.6,shocks
2011,7,225.69296001771812,176.77151908660272,270.89530339389785,maize,0.6,shocks
2011,8,208.5425151823515,112.94630831947211,279.36078162495716,maize,0.6,shocks
2011,9,206.00693592729354,253.64915047439592,265.9420980459376,maize,0.6,shocks
2011,10,196.2235493109182,478.29217079041086,247.480150839904,maize,0.6,shocks
2011,11,176.80661614772725,597.45241910443,247.1199177236887,maize,0.6,shocks
2011,12,160.16995682117496,559.8500733345645,232.8907096331848,maize,0.6,shocks
2006,1,213.54633246527783,214.49853841723774,185.92291666666668,wheat,0.6,tau
2006,2,213.54633246527783,161.9980564857954,199.9338541666667,wheat,0.6,tau
2006,3,213.54633246527783,126.27618638366518,193.92916666666667,wheat,0.6,tau
2006,4,213.54633246527783,111.97762796421489,200.48984375000003,wheat,0.6,tau
2006,5,213.54633246527783,124.40652228887069,214.834375,wheat,0.6,tau
2006,6,213.54633246527783,152.379027745315,217.05833333333337,wheat,0.6,tau
2006,7,213.54633246527783,267.578785839326,225.06458333333336,wheat,0.6,tau
2006,8,213.54633246527783,375.1953745131067,211.16484375,wheat,0.6,tau
2006,9,213.54633246527783,401.56660245641586,217.94791666666669,wheat,0.6,tau
2006,10,213.54633246527783,361.6397007464901,235.85078125,wheat,0.6,tau
2006,11,213.54633246527783,314.55798750720373,233.18203125,wheat,0.6,tau
2006,12,213.54633246527783,272.821114715721,227.17734375000003,wheat,0.6,tau
2007,1,207.98907181410883,228.870583666291,205.47468652037617,wheat,0.6,tau
2007,2,192.32333349886116,177.39747724960523,209.56112852664577,wheat,0.6,tau
2007,3,185.78937857912447,141.83555445959595,208.61810344827583,wheat,0.6,tau
2007,4,206.85052321287048,121.32167220003713,207.77985893416923,wheat,0.6,tau
2007,5,238.1245999311963,130.94761406383788,205.05556426332285,wheat,0.6,tau
2007,6,252.81680033158307,159.62135515135435,233.66065830721,wheat,0.6,tau
2007,7,270.0540440617267,276.1381391887992,249.79686520376177,wheat,0.6,tau
2007,8,292.8444454281178,385.1509787606535,272.1151253918495,wheat,0.6,tau
2007,9,293.11832757326283,413.33958648242765,342.1085423197492,wheat,0.6,tau
2007,10,290.5948035067553,375.02396399614014,351.11967084639497,wheat,0.6,tau
2007,11,298.5962018662852,329.5877493778454,337.183855799373,wheat,0.6,tau
2007,12,304.2625550507895,289.7616839671929,386.22115987460813,wheat,0.6,tau
2008,1,315.33616878947953,247.61952756588374,360.5796625766871,wheat,0.6,tau
2008,2,328.0351860847181,197.3119221289731,413.3972392638037,wheat,0.6,tau
2008,3,333.9346798107539,163.7005901608092,427.6959202453988,wheat,0.6,tau
2008,4,380.72690206647036,146.5594497663128,352.31171779141107,wheat,0.6,tau
2008,5,414.97758965406996,152.78183538975526,319.82355828220864,wheat,0.6,tau
2008,6,454.9520052683099,183.1327876997988,339.08300613496937,wheat,0.6,tau
2008,7,462.76788371487464,302.2150109634719,319.2399386503067,wheat,0.6,tau
2008,8,466.47216137601174,412.4716961485367,320.30990797546013,wheat,0.6,tau
2008,9,449.17349613490705,440.8180677228696,287.5299386503068,wheat,0.6,tau
2008,10,422.2755089125941,402.2353009377771,230.91883435582824,wheat,0.6,tau
2008,11,399.7597609851422,357.04307950436333,220.60822085889572,wheat,0.6,tau
2008,12,382.0398010192821,317.6050837750527,214.09113496932517,wheat,0.6,tau
2009,1,366.4154194066326,275.89715527053534,247.8488621151272,wheat,0.6,tau
2009,2,348.9164157582305,225.4672124383054,232.9219544846051,wheat,0.6,tau
2009,3,329.1341890872158,190.3360481651263,239.45247657295852,wheat,0.6,tau
2009,4,336.6802572051993,171.97067080257904,242.0439535921464,wheat,0.6,tau
2009,5,335.6836698353206,174.73441071237875,271.06849620705043,wheat,0.6,tau
2009,6,349.1466483887939,200.5984109864414,265.98920124944226,wheat,0.6,tau
2009,7,354.4177611807674,317.16308731712365,233.12927264614015,wheat,0.6,tau
2009,8,365.6308240337722,424.7404497600681,218.09870593485053,wheat,0.6,tau
2009,9,353.9278681956447,450.8135150685192,198.09250334672024,wheat,0.6,tau
2009,10,335.0754768197603,410.5402010999595,206.07425256581885,wheat,0.6,tau
2009,11,318.83090002996323,363.746815751281,218.7206604194556,wheat,0.6,tau
2009,12,306.54527856076777,322.7293708149369,213.84868362338244,wheat,0.6,tau
2010,1,294.6128144882987,279.4947218938946,201.2,wheat,0.6,tau
2010,2,280.0432247910788,227.59625693374653,194.0,wheat,0.6,tau
2010,3,265.7273697381946,191.24798800288008,191.1,wheat,0.6,tau
2010,4,276.22136972965495,171.56583850312867,192.9,wheat,0.6,tau
2010,5,280.55934946957814,173.01507610122377,181.6,wheat,0.6,tau
2010,6,293.3572426700727,197.35248370088533,157.7,wheat,0.6,tau
2010,7,304.7113157841019,312.7901356117415,195.8,wheat,0.6,tau
2010,8,332.3645479258455,419.79351654222427,246.2,wheat,0.6,tau
2010,9,354.8217638762655,446.0519316046822,271.7,wheat,0.6,tau
2010,10,375.60555006393224,406.58474576326,270.2,wheat,0.6,tau
2010,11,393.4915077757289,361.08944497723803,274.1,wheat,0.6,tau
2010,12,412.23542352730794,321.8789719459995,306.5,wheat,0.6,tau
2011,1,432.185013878129,281.32430641019766,294.07423332279484,wheat,0.6,tau
2011,2,450.51923187129034,232.81443663070633,313.43306987037624,wheat,0.6,tau
2011,3,467.5055507423424,200.6269163501051,285.16016440088526,wheat,0.6,tau
2011,4,486.9103517279018,185.2441599703291,302.6281378438192,wheat,0.6,tau
2011,5,514.6478641673253,190.84083991937652,319.9160290863105,wheat,0.6,tau
2011,6,527.6306427890694,219.0159654791974,293.8941511223522,wheat,0.6,tau
2011,7,521.0394963794906,337.6394269507517,273.6349035725577,wheat,0.6,tau
2011,8,527.8980238538536,446.89427072817153,294.5244388239014,wheat,0.6,tau
2011,9,510.64319398736404,473.0827058248853,284.43983559911476,wheat,0.6,tau
2011,10,482.5096883493459,432.20372845367217,260.2187796395827,wheat,0.6,tau
2011,11,454.8920270720059,384.4997773563829,253.01549162187797,wheat,0.6,tau
2011,12,431.3467875844027,342.7327033834889,242.21055959532092,wheat,0.6,tau
2006,1,338.990734667104,95.54748066786854,323.87897671367665,rice,0.6,tau
2006,2,338.990734667104,62.68471097913921,335.21974417841915,rice,0.6,tau
2006,3,338.990734667104,37.00928941340583,337.4434240734667,rice,0.6,tau
2006,4,338.990734667104,24.12366884195994,336.1092161364382,rice,0.6,tau
2006,5,338.990734667104,19.180249372181212,342.44670383732375,rice,0.6,tau
2006,6,338.990734667104,21.106674595842883,347.44998360118075,rice,0.6,tau
2006,7,338.990734667104,34.51782824509215,350.67431944899965,rice,0.6,tau
2006,8,338.990734667104,65.54316043455908,347.6723515906855,rice,0.6,tau
2006,9,338.990734667104,111.30615133972344,343.78091177435226,rice,0.6,tau
2006,10,338.990734667104,148.75444602912515,334.66382420465726,rice,0.6,tau
2006,11,338.990734667104,151.47663129030175,329.43817645129553,rice,0.6,tau
2006,12,338.990734667104,131.65953165501833,339.1111839947524,rice,0.6,tau
2007,1,369.2290608608405,99.21838388909549,328.0554534313726,rice,0.6,tau
2007,2,391.9713373932874,67.4082753573344,330.15165441176475,rice,0.6,tau
2007,3,392.3196798664107,40.97470422717245,334.02962622549023,rice,0.6,tau
2007,4,416.3424838756731,25.85823729175086,331.7238051470589,rice,0.6,tau
2007,5,451.3951092723936,20.501763588489364,332.8767156862746,rice,0.6,tau
2007,6,490.53777741907106,24.183100300596728,338.85088848039226,rice,0.6,tau
2007,7,514.1422499721754,39.98769136172746,344.61544117647065,rice,0.6,tau
2007,8,489.4740759072787,73.45299496192544,343.25291053921575,rice,0.6,tau
2007,9,488.1337515202053,120.66111211020183,340.6326593137256,rice,0.6,tau
2007,10,508.80801165631135,159.2746319885967,345.0346813725491,rice,0.6,tau
2007,11,561.181210656978,162.9644822422319,358.4503676470589,rice,0.6,tau
2007,12,610.3712393147791,144.00959996496715,378.04984681372554,rice,0.6,tau
2008,1,577.3043474003537,111.54377831481641,365.2597354660104,rice,0.6,tau
2008,2,506.2456230057631,80.57710528617994,452.00406028914176,rice,0.6,tau
2008,3,497.2978053998872,54.46703779621571,577.6471854813902,rice,0.6,tau
2008,4,587.3554052878314,37.243426078278176,882.0302983697322,rice,0.6,tau
2008,5,653.7519162045256,27.408891921607555,876.973454321747,rice,0.6,tau
2008,6,764.7146869752546,32.00816764333963,736.1597969855428,rice,0.6,tau
2008,7,825.7566718246742,48.535681420564515,711.653552752999,rice,0.6,tau
2008,8,815.6708510247187,83.61231516665111,674.4079513995692,rice,0.6,tau
2008,9,875.9661647734624,132.22063800997233,664.9749923100583,rice,0.6,tau
2008,10,872.2340965607054,171.96129765934836,592.5259766225776,rice,0.6,tau
2008,11,841.0749268755044,176.25852876031607,536.8034450938172,rice,0.6,tau
2008,12,776.7426109709803,157.09582532566878,517.159550907413,rice,0.6,tau
2009,1,672.6684367386251,122.84640125275814,601.3189189189189,rice,0.6,tau
2009,2,568.4066914735229,90.32991020386429,612.5158918918919,rice,0.6,tau
2009,3,574.2047457748072,64.44375951346896,609.924,rice,0.6,tau
2009,4,630.2172465868689,47.939910598657576,569.9051891891893,rice,0.6,tau
2009,5,662.571226204672,36.44155228169362,552.5913513513514,rice,0.6,tau
2009,6,737.4586387070058,39.40960626705916,595.6167567567568,rice,0.6,tau
2009,7,783.444440062095,55.640501946299366,593.0248648648649,rice,0.6,tau
2009,8,812.9859884480277,90.34774061755343,545.6450810810811,rice,0.6,tau
2009,9,868.4520437571302,138.57056495307882,537.8694054054054,rice,0.6,tau
2009,10,867.7767858972812,177.6798971913256,511.1210810810811,rice,0.6,tau
2009,11,832.9669581648917,181.39322651212711,562.7515675675676,rice,0.6,tau
2009,12,770.4662206697924,161.75351886207318,612.7232432432432,rice,0.6,tau
2010,1,665.7073544808147,127.15564213199039,568.8,rice,0.6,tau
2010,2,560.7320228625018,93.91592851301172,535.0,rice,0.6,tau
2010,3,565.2290426758019,68.08162757066324,502.2,rice,0.6,tau
2010,4,623.6054957229787,51.781024014211184,466.0,rice,0.6,tau
2010,5,654.8765210273202,40.202667968821075,451.3,rice,0.6,tau
2010,6,729.7878844778847,43.02918375382117,440.0,rice,0.6,tau
2010,7,773.1478928496388,59.26692273016336,441.8,rice,0.6,tau
2010,8,812.8658038730746,93.86716106275205,452.8,rice,0.6,tau
2010,9,857.401501238011,141.8959516685797,476.5,rice,0.6,tau
2010,10,873.2818208150861,180.54907466018554,486.0,rice,0.6,tau
2010,11,832.6388271980823,183.74235454846266,514.5,rice,0.6,tau
2010,12,769.2252586953682,163.58025114678622,532.0,rice,0.6,tau
2011,1,664.1035969308695,128.43083572333032,465.4055248618784,rice,0.6,tau
2011,2,559.0591140640033,94.53719129873824,471.88950276243094,rice,0.6,tau
2011,3,563.9074796328018,68.08059303365937,443.7922651933702,rice,0.6,tau
2011,4,623.3202774422291,51.09594179579739,436.1375690607735,rice,0.6,tau
2011,5,655.4865621523031,39.21562411866438,433.5259668508287,rice,0.6,tau
2011,6,731.4597518325713,41.75533450340404,462.7038674033149,rice,0.6,tau
2011,7,775.8153199980554,57.472666795201604,484.7674033149171,rice,0.6,tau
2011,8,817.4895633403193,91.71933118097832,509.71270718232046,rice,0.6,tau
2011,9,862.1010995049033,139.5412789889831,539.2508287292817,rice,0.6,tau
2011,10,871.4941080712063,178.19367894329235,539.7911602209945,rice,0.6,tau
2011,11,840.9290446545259,181.31033376419856,554.1099447513812,rice,0.6,tau
2011,12,816.4381412982618,161.1219672547408,527.5436464088398,rice,0.6,tau
2006,1,135.44442165709597,482.3148384595905,114.15791632485644,maize,0.6,tau
2006,2,135.44442165709597,426.982094196878,119.04881050041016,maize,0.6,tau
2006,3,135.44442165709597,387.10555877188403,117.04799015586543,maize,0.6,tau
2006,4,135.44442165709597,348.4728137903506,119.7157506152584,maize,0.6,tau
2006,5,135.44442165709597,303.3204426617335,122.93929450369151,maize,0.6,tau
2006,6,135.44442165709597,251.90362058530792,121.60541427399508,maize,0.6,tau
2006,7,135.44442165709597,191.42147648681095,126.71862182116487,maize,0.6,tau
2006,8,135.44442165709597,131.38017588749813,129.6086956521739,maize,0.6,tau
2006,9,135.44442165709597,272.7620206993645,135.27768662838392,maize,0.6,tau
2006,10,135.44442165709597,498.8364040638931,158.06480721903196,maize,0.6,tau
2006,11,135.44442165709597,618.175670206585,182.85274815422477,maize,0.6,tau
2006,12,135.44442165709597,581.89949858144,178.29532403609517,maize,0.6,tau
2007,1,129.7151516863913,509.16106840543284,172.65241295051928,maize,0.6,tau
2007,2,114.52469616159698,451.2407725863698,185.74801466096525,maize,0.6,tau
2007,3,107.33766802951101,407.6604365142495,178.6240073304826,maize,0.6,tau
2007,4,101.66942375502542,365.2436905941518,159.9758704948076,maize,0.6,tau
2007,5,103.38961828504725,314.93558527098367,167.8332315210751,maize,0.6,tau
2007,6,108.7852880565757,258.092337543074,173.0714722052535,maize,0.6,tau
2007,7,113.21547054218992,192.70858950364664,153.7947464874771,maize,0.6,tau
2007,8,116.23263754689611,131.6917319145758,158.40439828955408,maize,0.6,tau
2007,9,115.59708990844229,270.72487948256605,166.99511301160663,maize,0.6,tau
2007,10,118.69721116604492,492.31135573545106,172.02382406841784,maize,0.6,tau
2007,11,125.4721667557142,608.2312671153397,179.46212583995117,maize,0.6,tau
2007,12,130.7219656303517,569.487171667882,188.89095907147225,maize,0.6,tau
2008,1,140.21217553378358,494.6880023943111,201.04840878529808,maize,0.6,tau
2008,2,142.11961778038668,436.80944881376564,214.08202599731064,maize,0.6,tau
2008,3,148.00058606700048,394.9419214494683,227.99103541013,maize,0.6,tau
2008,4,153.5772717425948,355.22161308339986,239.6629314208875,maize,0.6,tau
2008,5,158.0965746909658,308.6915704123405,236.84222321828776,maize,0.6,tau
2008,6,163.29717927226068,255.83392118206874,279.2501120573734,maize,0.6,tau
2008,7,165.06800352382498,193.82647950233735,258.0461676378306,maize,0.6,tau
2008,8,164.74851165278912,135.26374742211686,228.57463021066783,maize,0.6,tau
2008,9,162.66503669363053,276.9067396996055,227.40744060959213,maize,0.6,tau
2008,10,169.21509925665242,501.12193755682813,178.09367996414164,maize,0.6,tau
2008,11,177.75121077578726,619.3941127638748,159.32138054684,maize,0.6,tau
2008,12,179.52465901116545,583.1043210540996,153.97176154190947,maize,0.6,tau
2009,1,182.9423301648634,510.7802979667093,179.16906344410876,maize,0.6,tau
2009,2,179.66084199246092,455.06069788369024,169.4225981873112,maize,0.6,tau
2009,3,179.54264188800815,415.4539574958698,170.66682779456193,maize,0.6,tau
2009,4,178.9079546688438,378.4078177789151,174.7105740181269,maize,0.6,tau
2009,5,177.33473247645685,334.4432880362591,186.53075528700907,maize,0.6,tau
2009,6,175.20992818868115,283.6978238446654,186.11601208459217,maize,0.6,tau
2009,7,171.062350001606,223.28513583167143,157.18767371601209,maize,0.6,tau
2009,8,165.03108764250248,162.43734272140995,157.602416918429,maize,0.6,tau
2009,9,159.60983931818166,302.35148137718977,155.94344410876133,maize,0.6,tau
2009,10,162.051779595519,526.3418941361642,173.46634441087613,maize,0.6,tau
2009,11,165.0087130648098,642.1607382442726,177.924833836858,maize,0.6,tau
2009,12,164.63992659729422,603.1964844395758,170.66682779456193,maize,0.6,tau
2010,1,165.1240386115689,528.403361157763,167.3,maize,0.6,tau
2010,2,163.2503103733524,470.3794287850752,161.8,maize,0.6,tau
2010,3,163.3545876398446,428.88012820893255,159.0,maize,0.6,tau
2010,4,163.053521755065,390.91074831491926,157.1,maize,0.6,tau
2010,5,162.00014133552895,346.09430146278004,163.4,maize,0.6,tau
2010,6,160.4965113473529,294.2210977152464,152.7,maize,0.6,tau
2010,7,157.19890089086897,232.77542185792643,163.8,maize,0.6,tau
2010,8,151.79362917499125,171.3216830532594,175.6,maize,0.6,tau
2010,9,147.4114251903566,310.53151163108765,205.9,maize,0.6,tau
2010,10,150.51491673016744,532.916534358421,235.8,maize,0.6,tau
2010,11,154.33653293312207,646.3172378895309,238.2,maize,0.6,tau
2010,12,155.89621036882193,605.0095097496176,250.4,maize,0.6,tau
2011,1,158.4757919522861,527.8565372166718,238.5643812135756,maize,0.6,tau
2011,2,159.30012259141193,467.55060338028034,263.78069934864584,maize,0.6,tau
2011,3,161.7858386805643,423.8567898321013,261.61930065135414,maize,0.6,tau
2011,4,163.65833871498003,383.7075106741888,287.556085018855,maize,0.6,tau
2011,5,164.70591088493953,336.89287282192674,277.28944120671923,maize,0.6,tau
2011,6,165.94355870547787,283.1422528336402,279.72101474117244,maize,0.6,tau
2011,7,165.0536756491502,220.23759018311364,270.89530339389785,maize,0.6,tau
2011,8,160.42211646284608,159.70882448970133,279.36078162495716,maize,0.6,tau
2011,9,155.40397532247488,300.20488845486335,265.9420980459376,maize,0.6,tau
2011,10,156.10666191629326,522.3888537065873,247.480150839904,maize,0.6,tau
2011,11,163.87249607035076,636.3172973194369,247.1199177236887,maize,0.6,tau
2011,12,171.61626486436055,594.9784747311462,232.8907096331848,maize,0.6,tau
