area_code,area,item_code,item,element_code,element,year,unit,value,flag,field
2,Afghanistan,2511,Wheat and products,5511,Production,2006,1000 t,3363.0,I,production
2,Afghanistan,2511,Wheat and products,5511,Production,2007,1000 t,4484.0,I,production
2,Afghanistan,2511,Wheat and products,5511,Production,2008,1000 t,2623.0,I,production
2,Afghanistan,2511,Wheat and products,5511,Production,2009,1000 t,5064.0,I,production
2,Afghanistan,2511,Wheat and products,5511,Production,2010,1000 t,4532.0,I,production
2,Afghanistan,2511,Wheat and products,5511,Production,2011,1000 t,3388.0,I,production
2,Afghanistan,2511,Wheat and products,5611,Import Quantity,2006,1000 t,1006.0,I,imports
2,Afghanistan,2511,Wheat and products,5611,Import Quantity,2007,1000 t,1056.0,I,imports
2,Afghanistan,2511,Wheat and products,5611,Import Quantity,2008,1000 t,1732.0,I,imports
2,Afghanistan,2511,Wheat and products,5611,Import Quantity,2009,1000 t,1861.0,I,imports
2,Afghanistan,2511,Wheat and products,5611,Import Quantity,2010,1000 t,1264.0,I,imports
2,Afghanistan,2511,Wheat and products,5611,Import Quantity,2011,1000 t,1759.0,I,imports
2,Afghanistan,2511,Wheat and products,5074,Stock Variation,2006,1000 t,150.0,I,stock_variation
2,Afghanistan,2511,Wheat and products,5074,Stock Variation,2007,1000 t,-400.0,I,stock_variation
2,Afghanistan,2511,Wheat and products,5074,Stock Variation,2008,1000 t,550.0,I,stock_variation
2,Afghanistan,2511,Wheat and products,5074,Stock Variation,2009,1000 t,-1300.0,I,stock_variation
2,Afghanistan,2511,Wheat and products,5074,Stock Variation,2010,1000 t,-200.0,I,stock_variation
2,Afghanistan,2511,Wheat and products,5074,Stock Variation,2011,1000 t,400.0,I,stock_variation
2,Afghanistan,2511,Wheat and products,5301,Domestic supply quantity,2006,1000 t,4519.0,I,domestic_supply
2,Afghanistan,2511,Wheat and products,5301,Domestic supply quantity,2007,1000 t,5140.0,I,domestic_supply
2,Afghanistan,2511,Wheat and products,5301,Domestic supply quantity,2008,1000 t,4905.0,I,domestic_supply
2,Afghanistan,2511,Wheat and products,5301,Domestic supply quantity,2009,1000 t,5625.0,I,domestic_supply
2,Afghanistan,2511,Wheat and products,5301,Domestic supply quantity,2010,1000 t,5596.0,I,domestic_supply
2,Afghanistan,2511,Wheat and products,5301,Domestic supply quantity,2011,1000 t,5547.0,I,domestic_supply
2,Afghanistan,2511,Wheat and products,5527,Seed,2006,1000 t,311.0,I,seed
2,Afghanistan,2511,Wheat and products,5527,Seed,2007,1000 t,303.0,I,seed
2,Afghanistan,2511,Wheat and products,5527,Seed,2008,1000 t,256.0,I,seed
2,Afghanistan,2511,Wheat and products,5527,Seed,2009,1000 t,319.0,I,seed
2,Afghanistan,2511,Wheat and products,5527,Seed,2010,1000 t,313.0,I,seed
2,Afghanistan,2511,Wheat and products,5527,Seed,2011,1000 t,328.0,I,seed
2,Afghanistan,2511,Wheat and products,5123,Losses,2006,1000 t,505.0,I,losses
2,Afghanistan,2511,Wheat and products,5123,Losses,2007,1000 t,673.0,I,losses
2,Afghanistan,2511,Wheat and products,5123,Losses,2008,1000 t,397.0,I,losses
2,Afghanistan,2511,Wheat and products,5123,Losses,2009,1000 t,768.0,I,losses
2,Afghanistan,2511,Wheat and products,5123,Losses,2010,1000 t,678.0,I,losses
2,Afghanistan,2511,Wheat and products,5123,Losses,2011,1000 t,508.0,I,losses
2,Afghanistan,2511,Wheat and products,5142,Food,2006,1000 t,3704.0,I,food
2,Afghanistan,2511,Wheat and products,5142,Food,2007,1000 t,4164.0,I,food
2,Afghanistan,2511,Wheat and products,5142,Food,2008,1000 t,4252.0,I,food
2,Afghanistan,2511,Wheat and products,5142,Food,2009,1000 t,4538.0,I,food
2,Afghanistan,2511,Wheat and products,5142,Food,2010,1000 t,4605.0,I,food
2,Afghanistan,2511,Wheat and products,5142,Food,2011,1000 t,4711.0,I,food
3,Albania,2511,Wheat and products,5511,Production,2006,1000 t,231.0,I,production
3,Albania,2511,Wheat and products,5511,Production,2007,1000 t,250.0,I,production
3,Albania,2511,Wheat and products,5511,Production,2008,1000 t,335.0,I,production
3,Albania,2511,Wheat and products,5511,Production,2009,1000 t,333.0,I,production
3,Albania,2511,Wheat and products,5511,Production,2010,1000 t,295.0,I,production
3,Albania,2511,Wheat and products,5511,Production,2011,1000 t,293.0,I,production
3,Albania,2511,Wheat and products,5611,Import Quantity,2006,1000 t,414.0,I,imports
3,Albania,2511,Wheat and products,5611,Import Quantity,2007,1000 t,406.0,I,imports
3,Albania,2511,Wheat and products,5611,Import Quantity,2008,1000 t,355.0,I,imports
3,Albania,2511,Wheat and products,5611,Import Quantity,2009,1000 t,343.0,I,imports
3,Albania,2511,Wheat and products,5611,Import Quantity,2010,1000 t,362.0,I,imports
3,Albania,2511,Wheat and products,5611,Import Quantity,2011,1000 t,389.0,I,imports
3,Albania,2511,Wheat and products,5074,Stock Variation,2006,1000 t,0.0,I,stock_variation
3,Albania,2511,Wheat and products,5074,Stock Variation,2007,1000 t,0.0,I,stock_variation
3,Albania,2511,Wheat and products,5074,Stock Variation,2008,1000 t,0.0,I,stock_variation
3,Albania,2511,Wheat and products,5074,Stock Variation,2009,1000 t,0.0,I,stock_variation
3,Albania,2511,Wheat and products,5074,Stock Variation,2010,1000 t,0.0,I,stock_variation
3,Albania,2511,Wheat and products,5074,Stock Variation,2011,1000 t,0.0,I,stock_variation
3,Albania,2511,Wheat and products,5911,Export Quantity,2006,1000 t,0.0,I,exports
3,Albania,2511,Wheat and products,5911,Export Quantity,2007,1000 t,2.0,I,exports
3,Albania,2511,Wheat and products,5911,Export Quantity,2008,1000 t,0.0,I,exports
3,Albania,2511,Wheat and products,5911,Export Quantity,2009,1000 t,0.0,I,exports
3,Albania,2511,Wheat and products,5911,Export Quantity,2010,1000 t,0.0,I,exports
3,Albania,2511,Wheat and products,5911,Export Quantity,2011,1000 t,4.0,I,exports
3,Albania,2511,Wheat and products,5301,Domestic supply quantity,2006,1000 t,644.0,I,domestic_supply
3,Albania,2511,Wheat and products,5301,Domestic supply quantity,2007,1000 t,653.0,I,domestic_supply
3,Albania,2511,Wheat and products,5301,Domestic supply quantity,2008,1000 t,690.0,I,domestic_supply
3,Albania,2511,Wheat and products,5301,Domestic supply quantity,2009,1000 t,676.0,I,domestic_supply
3,Albania,2511,Wheat and products,5301,Domestic supply quantity,2010,1000 t,657.0,I,domestic_supply
3,Albania,2511,Wheat and products,5301,Domestic supply quantity,2011,1000 t,678.0,I,domestic_supply
3,Albania,2511,Wheat and products,5521,Feed,2006,1000 t,30.0,I,feed
3,Albania,2511,Wheat and products,5521,Feed,2007,1000 t,28.0,I,feed
3,Albania,2511,Wheat and products,5521,Feed,2008,1000 t,28.0,I,feed
3,Albania,2511,Wheat and products,5521,Feed,2009,1000 t,30.0,I,feed
3,Albania,2511,Wheat and products,5521,Feed,2010,1000 t,26.0,I,feed
3,Albania,2511,Wheat and products,5521,Feed,2011,1000 t,25.0,I,feed
3,Albania,2511,Wheat and products,5527,Seed,2006,1000 t,15.0,I,seed
3,Albania,2511,Wheat and products,5527,Seed,2007,1000 t,22.0,I,seed
3,Albania,2511,Wheat and products,5527,Seed,2008,1000 t,22.0,I,seed
3,Albania,2511,Wheat and products,5527,Seed,2009,1000 t,19.0,I,seed
3,Albania,2511,Wheat and products,5527,Seed,2010,1000 t,18.0,I,seed
3,Albania,2511,Wheat and products,5527,Seed,2011,1000 t,19.0,I,seed
3,Albania,2511,Wheat and products,5123,Losses,2006,1000 t,40.0,I,losses
3,Albania,2511,Wheat and products,5123,Losses,2007,1000 t,43.0,I,losses
3,Albania,2511,Wheat and products,5123,Losses,2008,1000 t,45.0,I,losses
3,Albania,2511,Wheat and products,5123,Losses,2009,1000 t,45.0,I,losses
3,Albania,2511,Wheat and products,5123,Losses,2010,1000 t,44.0,I,losses
3,Albania,2511,Wheat and products,5123,Losses,2011,1000 t,44.0,I,losses
3,Albania,2511,Wheat and products,5142,Food,2006,1000 t,422.0,I,food
3,Albania,2511,Wheat and products,5142,Food,2007,1000 t,425.0,I,food
3,Albania,2511,Wheat and products,5142,Food,2008,1000 t,435.0,I,food
3,Albania,2511,Wheat and products,5142,Food,2009,1000 t,415.0,I,food
3,Albania,2511,Wheat and products,5142,Food,2010,1000 t,432.0,I,food
3,Albania,2511,Wheat and products,5142,Food,2011,1000 t,439.0,I,food
4,Algeria,2511,Wheat and products,5511,Production,2006,1000 t,2688.0,I,production
4,Algeria,2511,Wheat and products,5511,Production,2007,1000 t,2319.0,I,production
4,Algeria,2511,Wheat and products,5511,Production,2008,1000 t,1111.0,I,production
4,Algeria,2511,Wheat and products,5511,Production,2009,1000 t,2953.0,I,production
4,Algeria,2511,Wheat and products,5511,Production,2010,1000 t,2605.0,I,production
4,Algeria,2511,Wheat and products,5511,Production,2011,1000 t,2555.0,I,production
4,Algeria,2511,Wheat and products,5611,Import Quantity,2006,1000 t,4987.0,I,imports
4,Algeria,2511,Wheat and products,5611,Import Quantity,2007,1000 t,4885.0,I,imports
4,Algeria,2511,Wheat and products,5611,Import Quantity,2008,1000 t,6508.0,I,imports
4,Algeria,2511,Wheat and products,5611,Import Quantity,2009,1000 t,5757.0,I,imports
4,Algeria,2511,Wheat and products,5611,Import Quantity,2010,1000 t,5109.0,I,imports
4,Algeria,2511,Wheat and products,5611,Import Quantity,2011,1000 t,7487.0,I,imports
4,Algeria,2511,Wheat and products,5074,Stock Variation,2006,1000 t,-459.0,I,stock_variation
4,Algeria,2511,Wheat and products,5074,Stock Variation,2007,1000 t,-1.0,I,stock_variation
4,Algeria,2511,Wheat and products,5074,Stock Variation,2008,1000 t,156.0,I,stock_variation
4,Algeria,2511,Wheat and products,5074,Stock Variation,2009,1000 t,-484.0,I,stock_variation
4,Algeria,2511,Wheat and products,5074,Stock Variation,2010,1000 t,515.0,I,stock_variation
4,Algeria,2511,Wheat and products,5074,Stock Variation,2011,1000 t,-1050.0,I,stock_variation
4,Algeria,2511,Wheat and products,5911,Export Quantity,2006,1000 t,7.0,I,exports
4,Algeria,2511,Wheat and products,5911,Export Quantity,2007,1000 t,14.0,I,exports
4,Algeria,2511,Wheat and products,5911,Export Quantity,2008,1000 t,24.0,I,exports
4,Algeria,2511,Wheat and products,5911,Export Quantity,2009,1000 t,37.0,I,exports
4,Algeria,2511,Wheat and products,5911,Export Quantity,2010,1000 t,39.0,I,exports
4,Algeria,2511,Wheat and products,5911,Export Quantity,2011,1000 t,5.0,I,exports
4,Algeria,2511,Wheat and products,5301,Domestic supply quantity,2006,1000 t,7209.0,I,domestic_supply
4,Algeria,2511,Wheat and products,5301,Domestic supply quantity,2007,1000 t,7189.0,I,domestic_supply
4,Algeria,2511,Wheat and products,5301,Domestic supply quantity,2008,1000 t,7751.0,I,domestic_supply
4,Algeria,2511,Wheat and products,5301,Domestic supply quantity,2009,1000 t,8190.0,I,domestic_supply
4,Algeria,2511,Wheat and products,5301,Domestic supply quantity,2010,1000 t,8190.0,I,domestic_supply
4,Algeria,2511,Wheat and products,5301,Domestic supply quantity,2011,1000 t,8987.0,I,domestic_supply
4,Algeria,2511,Wheat and products,5521,Feed,2006,1000 t,175.0,I,feed
4,Algeria,2511,Wheat and products,5521,Feed,2007,1000 t,175.0,I,feed
4,Algeria,2511,Wheat and products,5521,Feed,2008,1000 t,200.0,I,feed
4,Algeria,2511,Wheat and products,5521,Feed,2009,1000 t,200.0,I,feed
4,Algeria,2511,Wheat and products,5521,Feed,2010,1000 t,280.0,I,feed
4,Algeria,2511,Wheat and products,5521,Feed,2011,1000 t,450.0,I,feed
4,Algeria,2511,Wheat and products,5527,Seed,2006,1000 t,153.0,I,seed
4,Algeria,2511,Wheat and products,5527,Seed,2007,1000 t,153.0,I,seed
4,Algeria,2511,Wheat and products,5527,Seed,2008,1000 t,153.0,I,seed
4,Algeria,2511,Wheat and products,5527,Seed,2009,1000 t,153.0,I,seed
4,Algeria,2511,Wheat and products,5527,Seed,2010,1000 t,153.0,I,seed
4,Algeria,2511,Wheat and products,5527,Seed,2011,1000 t,153.0,I,seed
4,Algeria,2511,Wheat and products,5123,Losses,2006,1000 t,536.0,I,losses
4,Algeria,2511,Wheat and products,5123,Losses,2007,1000 t,502.0,I,losses
4,Algeria,2511,Wheat and products,5123,Losses,2008,1000 t,542.0,I,losses
4,Algeria,2511,Wheat and products,5123,Losses,2009,1000 t,607.0,I,losses
4,Algeria,2511,Wheat and products,5123,Losses,2010,1000 t,571.0,I,losses
4,Algeria,2511,Wheat and products,5123,Losses,2011,1000 t,701.0,I,losses
4,Algeria,2511,Wheat and products,5142,Food,2006,1000 t,6195.0,I,food
4,Algeria,2511,Wheat and products,5142,Food,2007,1000 t,6208.0,I,food
4,Algeria,2511,Wheat and products,5142,Food,2008,1000 t,6555.0,I,food
4,Algeria,2511,Wheat and products,5142,Food,2009,1000 t,6879.0,I,food
4,Algeria,2511,Wheat and products,5142,Food,2010,1000 t,6685.0,I,food
4,Algeria,2511,Wheat and products,5142,Food,2011,1000 t,6983.0,I,food
7,Angola,2511,Wheat and products,5511,Production,2006,1000 t,4.0,I,production
7,Angola,2511,Wheat and products,5511,Production,2007,1000 t,4.0,I,production
7,Angola,2511,Wheat and products,5511,Production,2008,1000 t,4.0,I,production
7,Angola,2511,Wheat and products,5511,Production,2009,1000 t,4.0,I,production
7,Angola,2511,Wheat and products,5511,Production,2010,1000 t,4.0,I,production
7,Angola,2511,Wheat and products,5511,Production,2011,1000 t,4.0,I,production
7,Angola,2511,Wheat and products,5611,Import Quantity,2006,1000 t,666.0,I,imports
7,Angola,2511,Wheat and products,5611,Import Quantity,2007,1000 t,566.0,I,imports
7,Angola,2511,Wheat and products,5611,Import Quantity,2008,1000 t,635.0,I,imports
7,Angola,2511,Wheat and products,5611,Import Quantity,2009,1000 t,650.0,I,imports
7,Angola,2511,Wheat and products,5611,Import Quantity,2010,1000 t,650.0,I,imports
7,Angola,2511,Wheat and products,5611,Import Quantity,2011,1000 t,813.0,I,imports
7,Angola,2511,Wheat and products,5074,Stock Variation,2006,1000 t,-71.0,I,stock_variation
7,Angola,2511,Wheat and products,5074,Stock Variation,2007,1000 t,50.0,I,stock_variation
7,Angola,2511,Wheat and products,5074,Stock Variation,2008,1000 t,21.0,I,stock_variation
7,Angola,2511,Wheat and products,5074,Stock Variation,2009,1000 t,21.0,I,stock_variation
7,Angola,2511,Wheat and products,5074,Stock Variation,2010,1000 t,57.0,I,stock_variation
7,Angola,2511,Wheat and products,5074,Stock Variation,2011,1000 t,-21.0,I,stock_variation
7,Angola,2511,Wheat and products,5911,Export Quantity,2006,1000 t,0.0,I,exports
7,Angola,2511,Wheat and products,5911,Export Quantity,2007,1000 t,0.0,I,exports
7,Angola,2511,Wheat and products,5911,Export Quantity,2008,1000 t,0.0,I,exports
7,Angola,2511,Wheat and products,5911,Export Quantity,2009,1000 t,0.0,I,exports
7,Angola,2511,Wheat and products,5911,Export Quantity,2010,1000 t,0.0,I,exports
7,Angola,2511,Wheat and products,5911,Export Quantity,2011,1000 t,0.0,I,exports
7,Angola,2511,Wheat and products,5301,Domestic supply quantity,2006,1000 t,598.0,I,domestic_supply
7,Angola,2511,Wheat and products,5301,Domestic supply quantity,2007,1000 t,620.0,I,domestic_supply
7,Angola,2511,Wheat and products,5301,Domestic supply quantity,2008,1000 t,661.0,I,domestic_supply
7,Angola,2511,Wheat and products,5301,Domestic supply quantity,2009,1000 t,675.0,I,domestic_supply
7,Angola,2511,Wheat and products,5301,Domestic supply quantity,2010,1000 t,711.0,I,domestic_supply
7,Angola,2511,Wheat and products,5301,Domestic supply quantity,2011,1000 t,796.0,I,domestic_supply
7,Angola,2511,Wheat and products,5527,Seed,2006,1000 t,0.0,I,seed
7,Angola,2511,Wheat and products,5527,Seed,2007,1000 t,0.0,I,seed
7,Angola,2511,Wheat and products,5527,Seed,2008,1000 t,0.0,I,seed
7,Angola,2511,Wheat and products,5527,Seed,2009,1000 t,0.0,I,seed
7,Angola,2511,Wheat and products,5527,Seed,2010,1000 t,0.0,I,seed
7,Angola,2511,Wheat and products,5527,Seed,2011,1000 t,0.0,I,seed
7,Angola,2511,Wheat and products,5123,Losses,2006,1000 t,27.0,I,losses
7,Angola,2511,Wheat and products,5123,Losses,2007,1000 t,15.0,I,losses
7,Angola,2511,Wheat and products,5123,Losses,2008,1000 t,16.0,I,losses
7,Angola,2511,Wheat and products,5123,Losses,2009,1000 t,17.0,I,losses
7,Angola,2511,Wheat and products,5123,Losses,2010,1000 t,18.0,I,losses
7,Angola,2511,Wheat and products,5123,Losses,2011,1000 t,19.0,I,losses
7,Angola,2511,Wheat and products,5142,Food,2006,1000 t,571.0,I,food
7,Angola,2511,Wheat and products,5142,Food,2007,1000 t,605.0,I,food
7,Angola,2511,Wheat and products,5142,Food,2008,1000 t,645.0,I,food
7,Angola,2511,Wheat and products,5142,Food,2009,1000 t,658.0,I,food
7,Angola,2511,Wheat and products,5142,Food,2010,1000 t,693.0,I,food
7,Angola,2511,Wheat and products,5142,Food,2011,1000 t,776.0,I,food
8,Antigua and Barbuda,2511,Wheat and products,5611,Import Quantity,2006,1000 t,6.0,I,imports
8,Antigua and Barbuda,2511,Wheat and products,5611,Import Quantity,2007,1000 t,7.0,I,imports
8,Antigua and Barbuda,2511,Wheat and products,5611,Import Quantity,2008,1000 t,6.0,I,imports
8,Antigua and Barbuda,2511,Wheat and products,5611,Import Quantity,2009,1000 t,7.0,I,imports
8,Antigua and Barbuda,2511,Wheat and products,5611,Import Quantity,2010,1000 t,6.0,I,imports
8,Antigua and Barbuda,2511,Wheat and products,5611,Import Quantity,2011,1000 t,10.0,I,imports
8,Antigua and Barbuda,2511,Wheat and products,5074,Stock Variation,2006,1000 t,0.0,I,stock_variation
8,Antigua and Barbuda,2511,Wheat and products,5074,Stock Variation,2007,1000 t,-1.0,I,stock_variation
8,Antigua and Barbuda,2511,Wheat and products,5074,Stock Variation,2008,1000 t,0.0,I,stock_variation
8,Antigua and Barbuda,2511,Wheat and products,5074,Stock Variation,2009,1000 t,0.0,I,stock_variation
8,Antigua and Barbuda,2511,Wheat and products,5074,Stock Variation,2010,1000 t,1.0,I,stock_variation
8,Antigua and Barbuda,2511,Wheat and products,5074,Stock Variation,2011,1000 t,-3.0,I,stock_variation
8,Antigua and Barbuda,2511,Wheat and products,5911,Export Quantity,2006,1000 t,0.0,I,exports
8,Antigua and Barbuda,2511,Wheat and products,5911,Export Quantity,2007,1000 t,0.0,I,exports
8,Antigua and Barbuda,2511,Wheat and products,5911,Export Quantity,2008,1000 t,0.0,I,exports
8,Antigua and Barbuda,2511,Wheat and products,5911,Export Quantity,2009,1000 t,0.0,I,exports
8,Antigua and Barbuda,2511,Wheat and products,5911,Export Quantity,2010,1000 t,0.0,I,exports
8,Antigua and Barbuda,2511,Wheat and products,5911,Export Quantity,2011,1000 t,0.0,I,exports
8,Antigua and Barbuda,2511,Wheat and products,5301,Domestic supply quantity,2006,1000 t,6.0,I,domestic_supply
8,Antigua and Barbuda,2511,Wheat and products,5301,Domestic supply quantity,2007,1000 t,6.0,I,domestic_supply
8,Antigua and Barbuda,2511,Wheat and products,5301,Domestic supply quantity,2008,1000 t,6.0,I,domestic_supply
8,Antigua and Barbuda,2511,Wheat and products,5301,Domestic supply quantity,2009,1000 t,7.0,I,domestic_supply
8,Antigua and Barbuda,2511,Wheat and products,5301,Domestic supply quantity,2010,1000 t,7.0,I,domestic_supply
8,Antigua and Barbuda,2511,Wheat and products,5301,Domestic supply quantity,2011,1000 t,7.0,I,domestic_supply
8,Antigua and Barbuda,2511,Wheat and products,5142,Food,2006,1000 t,5.0,I,food
8,Antigua and Barbuda,2511,Wheat and products,5142,Food,2007,1000 t,5.0,I,food
8,Antigua and Barbuda,2511,Wheat and products,5142,Food,2008,1000 t,5.0,I,food
8,Antigua and Barbuda,2511,Wheat and products,5142,Food,2009,1000 t,5.0,I,food
8,Antigua and Barbuda,2511,Wheat and products,5142,Food,2010,1000 t,6.0,I,food
8,Antigua and Barbuda,2511,Wheat and products,5142,Food,2011,1000 t,5.0,I,food
9,Argentina,2511,Wheat and products,5511,Production,2006,1000 t,14663.0,I,production
9,Argentina,2511,Wheat and products,5511,Production,2007,1000 t,16487.0,I,production
9,Argentina,2511,Wheat and products,5511,Production,2008,1000 t,8508.0,I,production
9,Argentina,2511,Wheat and products,5511,Production,2009,1000 t,9123.0,I,production
9,Argentina,2511,Wheat and products,5511,Production,2010,1000 t,16068.0,I,production
9,Argentina,2511,Wheat and products,5511,Production,2011,1000 t,14683.0,I,production
9,Argentina,2511,Wheat and products,5611,Import Quantity,2006,1000 t,9.0,I,imports
9,Argentina,2511,Wheat and products,5611,Import Quantity,2007,1000 t,8.0,I,imports
9,Argentina,2511,Wheat and products,5611,Import Quantity,2008,1000 t,8.0,I,imports
9,Argentina,2511,Wheat and products,5611,Import Quantity,2009,1000 t,10.0,I,imports
9,Argentina,2511,Wheat and products,5611,Import Quantity,2010,1000 t,8.0,I,imports
9,Argentina,2511,Wheat and products,5611,Import Quantity,2011,1000 t,7.0,I,imports
9,Argentina,2511,Wheat and products,5074,Stock Variation,2006,1000 t,250.0,I,stock_variation
9,Argentina,2511,Wheat and products,5074,Stock Variation,2007,1000 t,-809.0,I,stock_variation
9,Argentina,2511,Wheat and products,5074,Stock Variation,2008,1000 t,6334.0,I,stock_variation
9,Argentina,2511,Wheat and products,5074,Stock Variation,2009,1000 t,2079.0,I,stock_variation
9,Argentina,2511,Wheat and products,5074,Stock Variation,2010,1000 t,-5847.0,I,stock_variation
9,Argentina,2511,Wheat and products,5074,Stock Variation,2011,1000 t,-400.0,I,stock_variation
9,Argentina,2511,Wheat and products,5911,Export Quantity,2006,1000 t,9989.0,I,exports
9,Argentina,2511,Wheat and products,5911,Export Quantity,2007,1000 t,10746.0,I,exports
9,Argentina,2511,Wheat and products,5911,Export Quantity,2008,1000 t,9993.0,I,exports
9,Argentina,2511,Wheat and products,5911,Export Quantity,2009,1000 t,6285.0,I,exports
9,Argentina,2511,Wheat and products,5911,Export Quantity,2010,1000 t,5110.0,I,exports
9,Argentina,2511,Wheat and products,5911,Export Quantity,2011,1000 t,9575.0,I,exports
9,Argentina,2511,Wheat and products,5301,Domestic supply quantity,2006,1000 t,4934.0,I,domestic_supply
9,Argentina,2511,Wheat and products,5301,Domestic supply quantity,2007,1000 t,4941.0,I,domestic_supply
9,Argentina,2511,Wheat and products,5301,Domestic supply quantity,2008,1000 t,4857.0,I,domestic_supply
9,Argentina,2511,Wheat and products,5301,Domestic supply quantity,2009,1000 t,4928.0,I,domestic_supply
9,Argentina,2511,Wheat and products,5301,Domestic supply quantity,2010,1000 t,5119.0,I,domestic_supply
9,Argentina,2511,Wheat and products,5301,Domestic supply quantity,2011,1000 t,4715.0,I,domestic_supply
9,Argentina,2511,Wheat and products,5521,Feed,2006,1000 t,0.0,I,feed
9,Argentina,2511,Wheat and products,5521,Feed,2007,1000 t,0.0,I,feed
9,Argentina,2511,Wheat and products,5521,Feed,2008,1000 t,0.0,I,feed
9,Argentina,2511,Wheat and products,5521,Feed,2009,1000 t,0.0,I,feed
9,Argentina,2511,Wheat and products,5521,Feed,2010,1000 t,0.0,I,feed
9,Argentina,2511,Wheat and products,5521,Feed,2011,1000 t,0.0,I,feed
9,Argentina,2511,Wheat and products,5527,Seed,2006,1000 t,601.0,I,seed
9,Argentina,2511,Wheat and products,5527,Seed,2007,1000 t,481.0,I,seed
9,Argentina,2511,Wheat and products,5527,Seed,2008,1000 t,362.0,I,seed
9,Argentina,2511,Wheat and products,5527,Seed,2009,1000 t,459.0,I,seed
9,Argentina,2511,Wheat and products,5527,Seed,2010,1000 t,463.0,I,seed
9,Argentina,2511,Wheat and products,5527,Seed,2011,1000 t,320.0,I,seed
9,Argentina,2511,Wheat and products,5123,Losses,2006,1000 t,514.0,I,losses
9,Argentina,2511,Wheat and products,5123,Losses,2007,1000 t,591.0,I,losses
9,Argentina,2511,Wheat and products,5123,Losses,2008,1000 t,567.0,I,losses
9,Argentina,2511,Wheat and products,5123,Losses,2009,1000 t,493.0,I,losses
9,Argentina,2511,Wheat and products,5123,Losses,2010,1000 t,599.0,I,losses
9,Argentina,2511,Wheat and products,5123,Losses,2011,1000 t,417.0,I,losses
9,Argentina,2511,Wheat and products,5142,Food,2006,1000 t,3807.0,I,food
9,Argentina,2511,Wheat and products,5142,Food,2007,1000 t,3860.0,I,food
9,Argentina,2511,Wheat and products,5142,Food,2008,1000 t,3921.0,I,food
9,Argentina,2511,Wheat and products,5142,Food,2009,1000 t,3968.0,I,food
9,Argentina,2511,Wheat and products,5142,Food,2010,1000 t,4018.0,I,food
9,Argentina,2511,Wheat and products,5142,Food,2011,1000 t,3973.0,I,food
1,Armenia,2511,Wheat and products,5511,Production,2006,1000 t,153.0,I,production
1,Armenia,2511,Wheat and products,5511,Production,2007,1000 t,254.0,I,production
1,Armenia,2511,Wheat and products,5511,Production,2008,1000 t,226.0,I,production
1,Armenia,2511,Wheat and products,5511,Production,2009,1000 t,198.0,I,production
1,Armenia,2511,Wheat and products,5511,Production,2010,1000 t,183.0,I,production
1,Armenia,2511,Wheat and products,5511,Production,2011,1000 t,224.0,I,production
1,Armenia,2511,Wheat and products,5611,Import Quantity,2006,1000 t,315.0,I,imports
1,Armenia,2511,Wheat and products,5611,Import Quantity,2007,1000 t,519.0,I,imports
1,Armenia,2511,Wheat and products,5611,Import Quantity,2008,1000 t,347.0,I,imports
1,Armenia,2511,Wheat and products,5611,Import Quantity,2009,1000 t,389.0,I,imports
1,Armenia,2511,Wheat and products,5611,Import Quantity,2010,1000 t,353.0,I,imports
1,Armenia,2511,Wheat and products,5611,Import Quantity,2011,1000 t,380.0,I,imports
1,Armenia,2511,Wheat and products,5074,Stock Variation,2006,1000 t,145.0,I,stock_variation
1,Armenia,2511,Wheat and products,5074,Stock Variation,2007,1000 t,-207.0,I,stock_variation
1,Armenia,2511,Wheat and products,5074,Stock Variation,2008,1000 t,23.0,I,stock_variation
1,Armenia,2511,Wheat and products,5074,Stock Variation,2009,1000 t,-71.0,I,stock_variation
1,Armenia,2511,Wheat and products,5074,Stock Variation,2010,1000 t,-31.0,I,stock_variation
1,Armenia,2511,Wheat and products,5074,Stock Variation,2011,1000 t,-88.0,I,stock_variation
1,Armenia,2511,Wheat and products,5911,Export Quantity,2006,1000 t,0.0,I,exports
1,Armenia,2511,Wheat and products,5911,Export Quantity,2007,1000 t,0.0,I,exports
1,Armenia,2511,Wheat and products,5911,Export Quantity,2008,1000 t,0.0,I,exports
1,Armenia,2511,Wheat and products,5911,Export Quantity,2009,1000 t,0.0,I,exports
1,Armenia,2511,Wheat and products,5911,Export Quantity,2010,1000 t,0.0,I,exports
1,Armenia,2511,Wheat and products,5911,Export Quantity,2011,1000 t,0.0,I,exports
1,Armenia,2511,Wheat and products,5301,Domestic supply quantity,2006,1000 t,613.0,I,domestic_supply
1,Armenia,2511,Wheat and products,5301,Domestic supply quantity,2007,1000 t,566.0,I,domestic_supply
1,Armenia,2511,Wheat and products,5301,Domestic supply quantity,2008,1000 t,595.0,I,domestic_supply
1,Armenia,2511,Wheat and products,5301,Domestic supply quantity,2009,1000 t,517.0,I,domestic_supply
1,Armenia,2511,Wheat and products,5301,Domestic supply quantity,2010,1000 t,505.0,I,domestic_supply
1,Armenia,2511,Wheat and products,5301,Domestic supply quantity,2011,1000 t,516.0,I,domestic_supply
1,Armenia,2511,Wheat and products,5521,Feed,2006,1000 t,46.0,I,feed
1,Armenia,2511,Wheat and products,5521,Feed,2007,1000 t,67.0,I,feed
1,Armenia,2511,Wheat and products,5521,Feed,2008,1000 t,57.0,I,feed
1,Armenia,2511,Wheat and products,5521,Feed,2009,1000 t,56.0,I,feed
1,Armenia,2511,Wheat and products,5521,Feed,2010,1000 t,61.0,I,feed
1,Armenia,2511,Wheat and products,5521,Feed,2011,1000 t,65.0,I,feed
1,Armenia,2511,Wheat and products,5527,Seed,2006,1000 t,28.0,I,seed
1,Armenia,2511,Wheat and products,5527,Seed,2007,1000 t,25.0,I,seed
1,Armenia,2511,Wheat and products,5527,Seed,2008,1000 t,23.0,I,seed
1,Armenia,2511,Wheat and products,5527,Seed,2009,1000 t,23.0,I,seed
1,Armenia,2511,Wheat and products,5527,Seed,2010,1000 t,22.0,I,seed
1,Armenia,2511,Wheat and products,5527,Seed,2011,1000 t,20.0,I,seed
1,Armenia,2511,Wheat and products,5123,Losses,2006,1000 t,36.0,I,losses
1,Armenia,2511,Wheat and products,5123,Losses,2007,1000 t,35.0,I,losses
1,Armenia,2511,Wheat and products,5123,Losses,2008,1000 t,36.0,I,losses
1,Armenia,2511,Wheat and products,5123,Losses,2009,1000 t,32.0,I,losses
1,Armenia,2511,Wheat and products,5123,Losses,2010,1000 t,38.0,I,losses
1,Armenia,2511,Wheat and products,5123,Losses,2011,1000 t,34.0,I,losses
1,Armenia,2511,Wheat and products,5142,Food,2006,1000 t,445.0,I,food
1,Armenia,2511,Wheat and products,5142,Food,2007,1000 t,412.0,I,food
1,Armenia,2511,Wheat and products,5142,Food,2008,1000 t,428.0,I,food
1,Armenia,2511,Wheat and products,5142,Food,2009,1000 t,391.0,I,food
1,Armenia,2511,Wheat and products,5142,Food,2010,1000 t,372.0,I,food
1,Armenia,2511,Wheat and products,5142,Food,2011,1000 t,386.0,I,food
10,Australia,2511,Wheat and products,5511,Production,2006,1000 t,10822.0,I,production
10,Australia,2511,Wheat and products,5511,Production,2007,1000 t,13569.0,I,production
10,Australia,2511,Wheat and products,5511,Production,2008,1000 t,21420.0,I,production
10,Australia,2511,Wheat and products,5511,Production,2009,1000 t,21656.0,I,production
10,Australia,2511,Wheat and products,5511,Production,2010,1000 t,22138.0,I,production
10,Australia,2511,Wheat and products,5511,Production,2011,1000 t,27410.0,I,production
10,Australia,2511,Wheat and products,5611,Import Quantity,2006,1000 t,159.0,I,imports
10,Australia,2511,Wheat and products,5611,Import Quantity,2007,1000 t,181.0,I,imports
10,Australia,2511,Wheat and products,5611,Import Quantity,2008,1000 t,195.0,I,imports
10,Australia,2511,Wheat and products,5611,Import Quantity,2009,1000 t,196.0,I,imports
10,Australia,2511,Wheat and products,5611,Import Quantity,2010,1000 t,195.0,I,imports
10,Australia,2511,Wheat and products,5611,Import Quantity,2011,1000 t,212.0,I,imports
10,Australia,2511,Wheat and products,5074,Stock Variation,2006,1000 t,11679.0,I,stock_variation
10,Australia,2511,Wheat and products,5074,Stock Variation,2007,1000 t,-166.0,I,stock_variation
10,Australia,2511,Wheat and products,5074,Stock Variation,2008,1000 t,-5630.0,I,stock_variation
10,Australia,2511,Wheat and products,5074,Stock Variation,2009,1000 t,-1328.0,I,stock_variation
10,Australia,2511,Wheat and products,5074,Stock Variation,2010,1000 t,920.0,I,stock_variation
10,Australia,2511,Wheat and products,5074,Stock Variation,2011,1000 t,-3853.0,I,stock_variation
10,Australia,2511,Wheat and products,5911,Export Quantity,2006,1000 t,15418.0,I,exports
10,Australia,2511,Wheat and products,5911,Export Quantity,2007,1000 t,7155.0,I,exports
10,Australia,2511,Wheat and products,5911,Export Quantity,2008,1000 t,8660.0,I,exports
10,Australia,2511,Wheat and products,5911,Export Quantity,2009,1000 t,15253.0,I,exports
10,Australia,2511,Wheat and products,5911,Export Quantity,2010,1000 t,16152.0,I,exports
10,Australia,2511,Wheat and products,5911,Export Quantity,2011,1000 t,17815.0,I,exports
10,Australia,2511,Wheat and products,5301,Domestic supply quantity,2006,1000 t,7241.0,I,domestic_supply
10,Australia,2511,Wheat and products,5301,Domestic supply quantity,2007,1000 t,6430.0,I,domestic_supply
10,Australia,2511,Wheat and products,5301,Domestic supply quantity,2008,1000 t,7325.0,I,domestic_supply
10,Australia,2511,Wheat and products,5301,Domestic supply quantity,2009,1000 t,5270.0,I,domestic_supply
10,Australia,2511,Wheat and products,5301,Domestic supply quantity,2010,1000 t,7101.0,I,domestic_supply
10,Australia,2511,Wheat and products,5301,Domestic supply quantity,2011,1000 t,5954.0,I,domestic_supply
10,Australia,2511,Wheat and products,5521,Feed,2006,1000 t,4501.0,I,feed
10,Australia,2511,Wheat and products,5521,Feed,2007,1000 t,3498.0,I,feed
10,Australia,2511,Wheat and products,5521,Feed,2008,1000 t,4134.0,I,feed
10,Australia,2511,Wheat and products,5521,Feed,2009,1000 t,1940.0,I,feed
10,Australia,2511,Wheat and products,5521,Feed,2010,1000 t,3764.0,I,feed
10,Australia,2511,Wheat and products,5521,Feed,2011,1000 t,2455.0,I,feed
10,Australia,2511,Wheat and products,5527,Seed,2006,1000 t,629.0,I,seed
10,Australia,2511,Wheat and products,5527,Seed,2007,1000 t,677.0,I,seed
10,Australia,2511,Wheat and products,5527,Seed,2008,1000 t,694.0,I,seed
10,Australia,2511,Wheat and products,5527,Seed,2009,1000 t,675.0,I,seed
10,Australia,2511,Wheat and products,5527,Seed,2010,1000 t,695.0,I,seed
10,Australia,2511,Wheat and products,5527,Seed,2011,1000 t,662.0,I,seed
10,Australia,2511,Wheat and products,5123,Losses,2006,1000 t,108.0,I,losses
10,Australia,2511,Wheat and products,5123,Losses,2007,1000 t,136.0,I,losses
10,Australia,2511,Wheat and products,5123,Losses,2008,1000 t,214.0,I,losses
10,Australia,2511,Wheat and products,5123,Losses,2009,1000 t,217.0,I,losses
10,Australia,2511,Wheat and products,5123,Losses,2010,1000 t,221.0,I,losses
10,Australia,2511,Wheat and products,5123,Losses,2011,1000 t,274.0,I,losses
10,Australia,2511,Wheat and products,5142,Food,2006,1000 t,1369.0,I,food
10,Australia,2511,Wheat and products,5142,Food,2007,1000 t,1439.0,I,food
10,Australia,2511,Wheat and products,5142,Food,2008,1000 t,1568.0,I,food
10,Australia,2511,Wheat and products,5142,Food,2009,1000 t,1678.0,I,food
10,Australia,2511,Wheat and products,5142,Food,2010,1000 t,1649.0,I,food
10,Australia,2511,Wheat and products,5142,Food,2011,1000 t,1684.0,I,food
11,Austria,2511,Wheat and products,5511,Production,2006,1000 t,1396.0,I,production
11,Austria,2511,Wheat and products,5511,Production,2007,1000 t,1399.0,I,production
11,Austria,2511,Wheat and products,5511,Production,2008,1000 t,1690.0,I,production
11,Austria,2511,Wheat and products,5511,Production,2009,1000 t,1523.0,I,production
11,Austria,2511,Wheat and products,5511,Production,2010,1000 t,1518.0,I,production
11,Austria,2511,Wheat and products,5511,Production,2011,1000 t,1782.0,I,production
11,Austria,2511,Wheat and products,5611,Import Quantity,2006,1000 t,626.0,I,imports
11,Austria,2511,Wheat and products,5611,Import Quantity,2007,1000 t,639.0,I,imports
11,Austria,2511,Wheat and products,5611,Import Quantity,2008,1000 t,654.0,I,imports
11,Austria,2511,Wheat and products,5611,Import Quantity,2009,1000 t,863.0,I,imports
11,Austria,2511,Wheat and products,5611,Import Quantity,2010,1000 t,947.0,I,imports
11,Austria,2511,Wheat and products,5611,Import Quantity,2011,1000 t,998.0,I,imports
11,Austria,2511,Wheat and products,5074,Stock Variation,2006,1000 t,103.0,I,stock_variation
11,Austria,2511,Wheat and products,5074,Stock Variation,2007,1000 t,9.0,I,stock_variation
11,Austria,2511,Wheat and products,5074,Stock Variation,2008,1000 t,-165.0,I,stock_variation
11,Austria,2511,Wheat and products,5074,Stock Variation,2009,1000 t,-310.0,I,stock_variation
11,Austria,2511,Wheat and products,5074,Stock Variation,2010,1000 t,-185.0,I,stock_variation
11,Austria,2511,Wheat and products,5074,Stock Variation,2011,1000 t,-359.0,I,stock_variation
11,Austria,2511,Wheat and products,5911,Export Quantity,2006,1000 t,813.0,I,exports
11,Austria,2511,Wheat and products,5911,Export Quantity,2007,1000 t,847.0,I,exports
11,Austria,2511,Wheat and products,5911,Export Quantity,2008,1000 t,869.0,I,exports
11,Austria,2511,Wheat and products,5911,Export Quantity,2009,1000 t,881.0,I,exports
11,Austria,2511,Wheat and products,5911,Export Quantity,2010,1000 t,1087.0,I,exports
11,Austria,2511,Wheat and products,5911,Export Quantity,2011,1000 t,1021.0,I,exports
11,Austria,2511,Wheat and products,5301,Domestic supply quantity,2006,1000 t,1312.0,I,domestic_supply
11,Austria,2511,Wheat and products,5301,Domestic supply quantity,2007,1000 t,1201.0,I,domestic_supply
11,Austria,2511,Wheat and products,5301,Domestic supply quantity,2008,1000 t,1310.0,I,domestic_supply
11,Austria,2511,Wheat and products,5301,Domestic supply quantity,2009,1000 t,1196.0,I,domestic_supply
11,Austria,2511,Wheat and products,5301,Domestic supply quantity,2010,1000 t,1193.0,I,domestic_supply
11,Austria,2511,Wheat and products,5301,Domestic supply quantity,2011,1000 t,1400.0,I,domestic_supply
11,Austria,2511,Wheat and products,5521,Feed,2006,1000 t,478.0,I,feed
11,Austria,2511,Wheat and products,5521,Feed,2007,1000 t,330.0,I,feed
11,Austria,2511,Wheat and products,5521,Feed,2008,1000 t,471.0,I,feed
11,Austria,2511,Wheat and products,5521,Feed,2009,1000 t,387.0,I,feed
11,Austria,2511,Wheat and products,5521,Feed,2010,1000 t,419.0,I,feed
11,Austria,2511,Wheat and products,5521,Feed,2011,1000 t,577.0,I,feed
11,Austria,2511,Wheat and products,5527,Seed,2006,1000 t,53.0,I,seed
11,Austria,2511,Wheat and products,5527,Seed,2007,1000 t,54.0,I,seed
11,Austria,2511,Wheat and products,5527,Seed,2008,1000 t,56.0,I,seed
11,Austria,2511,Wheat and products,5527,Seed,2009,1000 t,55.0,I,seed
11,Austria,2511,Wheat and products,5527,Seed,2010,1000 t,55.0,I,seed
11,Austria,2511,Wheat and products,5527,Seed,2011,1000 t,56.0,I,seed
11,Austria,2511,Wheat and products,5123,Losses,2006,1000 t,22.0,I,losses
11,Austria,2511,Wheat and products,5123,Losses,2007,1000 t,19.0,I,losses
11,Austria,2511,Wheat and products,5123,Losses,2008,1000 t,25.0,I,losses
11,Austria,2511,Wheat and products,5123,Losses,2009,1000 t,22.0,I,losses
11,Austria,2511,Wheat and products,5123,Losses,2010,1000 t,22.0,I,losses
11,Austria,2511,Wheat and products,5123,Losses,2011,1000 t,29.0,I,losses
11,Austria,2511,Wheat and products,5142,Food,2006,1000 t,717.0,I,food
11,Austria,2511,Wheat and products,5142,Food,2007,1000 t,734.0,I,food
11,Austria,2511,Wheat and products,5142,Food,2008,1000 t,714.0,I,food
11,Austria,2511,Wheat and products,5142,Food,2009,1000 t,673.0,I,food
11,Austria,2511,Wheat and products,5142,Food,2010,1000 t,649.0,I,food
11,Austria,2511,Wheat and products,5142,Food,2011,1000 t,683.0,I,food
52,Azerbaijan,2511,Wheat and products,5511,Production,2006,1000 t,1460.0,I,production
52,Azerbaijan,2511,Wheat and products,5511,Production,2007,1000 t,1305.0,I,production
52,Azerbaijan,2511,Wheat and products,5511,Production,2008,1000 t,1646.0,I,production
52,Azerbaijan,2511,Wheat and products,5511,Production,2009,1000 t,2096.0,I,production
52,Azerbaijan,2511,Wheat and products,5511,Production,2010,1000 t,1272.0,I,production
52,Azerbaijan,2511,Wheat and products,5511,Production,2011,1000 t,1641.0,I,production
52,Azerbaijan,2511,Wheat and products,5611,Import Quantity,2006,1000 t,1143.0,I,imports
52,Azerbaijan,2511,Wheat and products,5611,Import Quantity,2007,1000 t,1507.0,I,imports
52,Azerbaijan,2511,Wheat and products,5611,Import Quantity,2008,1000 t,1489.0,I,imports
52,Azerbaijan,2511,Wheat and products,5611,Import Quantity,2009,1000 t,1035.0,I,imports
52,Azerbaijan,2511,Wheat and products,5611,Import Quantity,2010,1000 t,1406.0,I,imports
52,Azerbaijan,2511,Wheat and products,5611,Import Quantity,2011,1000 t,1480.0,I,imports
52,Azerbaijan,2511,Wheat and products,5074,Stock Variation,2006,1000 t,-50.0,I,stock_variation
52,Azerbaijan,2511,Wheat and products,5074,Stock Variation,2007,1000 t,296.0,I,stock_variation
52,Azerbaijan,2511,Wheat and products,5074,Stock Variation,2008,1000 t,-87.0,I,stock_variation
52,Azerbaijan,2511,Wheat and products,5074,Stock Variation,2009,1000 t,-56.0,I,stock_variation
52,Azerbaijan,2511,Wheat and products,5074,Stock Variation,2010,1000 t,144.0,I,stock_variation
52,Azerbaijan,2511,Wheat and products,5074,Stock Variation,2011,1000 t,7.0,I,stock_variation
52,Azerbaijan,2511,Wheat and products,5911,Export Quantity,2006,1000 t,16.0,I,exports
52,Azerbaijan,2511,Wheat and products,5911,Export Quantity,2007,1000 t,16.0,I,exports
52,Azerbaijan,2511,Wheat and products,5911,Export Quantity,2008,1000 t,45.0,I,exports
52,Azerbaijan,2511,Wheat and products,5911,Export Quantity,2009,1000 t,25.0,I,exports
52,Azerbaijan,2511,Wheat and products,5911,Export Quantity,2010,1000 t,7.0,I,exports
52,Azerbaijan,2511,Wheat and products,5911,Export Quantity,2011,1000 t,6.0,I,exports
52,Azerbaijan,2511,Wheat and products,5301,Domestic supply quantity,2006,1000 t,2538.0,I,domestic_supply
52,Azerbaijan,2511,Wheat and products,5301,Domestic supply quantity,2007,1000 t,3093.0,I,domestic_supply
52,Azerbaijan,2511,Wheat and products,5301,Domestic supply quantity,2008,1000 t,3004.0,I,domestic_supply
52,Azerbaijan,2511,Wheat and products,5301,Domestic supply quantity,2009,1000 t,3050.0,I,domestic_supply
52,Azerbaijan,2511,Wheat and products,5301,Domestic supply quantity,2010,1000 t,2816.0,I,domestic_supply
52,Azerbaijan,2511,Wheat and products,5301,Domestic supply quantity,2011,1000 t,3123.0,I,domestic_supply
52,Azerbaijan,2511,Wheat and products,5521,Feed,2006,1000 t,175.0,I,feed
52,Azerbaijan,2511,Wheat and products,5521,Feed,2007,1000 t,387.0,I,feed
52,Azerbaijan,2511,Wheat and products,5521,Feed,2008,1000 t,388.0,I,feed
52,Azerbaijan,2511,Wheat and products,5521,Feed,2009,1000 t,522.0,I,feed
52,Azerbaijan,2511,Wheat and products,5521,Feed,2010,1000 t,422.0,I,feed
52,Azerbaijan,2511,Wheat and products,5521,Feed,2011,1000 t,382.0,I,feed
52,Azerbaijan,2511,Wheat and products,5527,Seed,2006,1000 t,123.0,I,seed
52,Azerbaijan,2511,Wheat and products,5527,Seed,2007,1000 t,133.0,I,seed
52,Azerbaijan,2511,Wheat and products,5527,Seed,2008,1000 t,179.0,I,seed
52,Azerbaijan,2511,Wheat and products,5527,Seed,2009,1000 t,146.0,I,seed
52,Azerbaijan,2511,Wheat and products,5527,Seed,2010,1000 t,145.0,I,seed
52,Azerbaijan,2511,Wheat and products,5527,Seed,2011,1000 t,152.0,I,seed
52,Azerbaijan,2511,Wheat and products,5123,Losses,2006,1000 t,66.0,I,losses
52,Azerbaijan,2511,Wheat and products,5123,Losses,2007,1000 t,69.0,I,losses
52,Azerbaijan,2511,Wheat and products,5123,Losses,2008,1000 t,67.0,I,losses
52,Azerbaijan,2511,Wheat and products,5123,Losses,2009,1000 t,67.0,I,losses
52,Azerbaijan,2511,Wheat and products,5123,Losses,2010,1000 t,62.0,I,losses
52,Azerbaijan,2511,Wheat and products,5123,Losses,2011,1000 t,63.0,I,losses
52,Azerbaijan,2511,Wheat and products,5142,Food,2006,1000 t,2018.0,I,food
52,Azerbaijan,2511,Wheat and products,5142,Food,2007,1000 t,2061.0,I,food
52,Azerbaijan,2511,Wheat and products,5142,Food,2008,1000 t,2093.0,I,food
52,Azerbaijan,2511,Wheat and products,5142,Food,2009,1000 t,2022.0,I,food
52,Azerbaijan,2511,Wheat and products,5142,Food,2010,1000 t,1938.0,I,food
52,Azerbaijan,2511,Wheat and products,5142,Food,2011,1000 t,2022.0,I,food
12,Bahamas,2511,Wheat and products,5611,Import Quantity,2006,1000 t,18.0,I,imports
12,Bahamas,2511,Wheat and products,5611,Import Quantity,2007,1000 t,19.0,I,imports
12,Bahamas,2511,Wheat and products,5611,Import Quantity,2008,1000 t,17.0,I,imports
12,Bahamas,2511,Wheat and products,5611,Import Quantity,2009,1000 t,26.0,I,imports
12,Bahamas,2511,Wheat and products,5611,Import Quantity,2010,1000 t,16.0,I,imports
12,Bahamas,2511,Wheat and products,5611,Import Quantity,2011,1000 t,19.0,I,imports
12,Bahamas,2511,Wheat and products,5074,Stock Variation,2006,1000 t,0.0,I,stock_variation
12,Bahamas,2511,Wheat and products,5074,Stock Variation,2007,1000 t,-1.0,I,stock_variation
12,Bahamas,2511,Wheat and products,5074,Stock Variation,2008,1000 t,1.0,I,stock_variation
12,Bahamas,2511,Wheat and products,5074,Stock Variation,2009,1000 t,-1.0,I,stock_variation
12,Bahamas,2511,Wheat and products,5074,Stock Variation,2010,1000 t,4.0,I,stock_variation
12,Bahamas,2511,Wheat and products,5074,Stock Variation,2011,1000 t,0.0,I,stock_variation
12,Bahamas,2511,Wheat and products,5911,Export Quantity,2006,1000 t,0.0,I,exports
12,Bahamas,2511,Wheat and products,5911,Export Quantity,2007,1000 t,0.0,I,exports
12,Bahamas,2511,Wheat and products,5911,Export Quantity,2008,1000 t,0.0,I,exports
12,Bahamas,2511,Wheat and products,5911,Export Quantity,2009,1000 t,0.0,I,exports
12,Bahamas,2511,Wheat and products,5911,Export Quantity,2010,1000 t,0.0,I,exports
12,Bahamas,2511,Wheat and products,5911,Export Quantity,2011,1000 t,0.0,I,exports
12,Bahamas,2511,Wheat and products,5301,Domestic supply quantity,2006,1000 t,18.0,I,domestic_supply
12,Bahamas,2511,Wheat and products,5301,Domestic supply quantity,2007,1000 t,18.0,I,domestic_supply
12,Bahamas,2511,Wheat and products,5301,Domestic supply quantity,2008,1000 t,18.0,I,domestic_supply
12,Bahamas,2511,Wheat and products,5301,Domestic supply quantity,2009,1000 t,25.0,I,domestic_supply
12,Bahamas,2511,Wheat and products,5301,Domestic supply quantity,2010,1000 t,21.0,I,domestic_supply
12,Bahamas,2511,Wheat and products,5301,Domestic supply quantity,2011,1000 t,19.0,I,domestic_supply
12,Bahamas,2511,Wheat and products,5142,Food,2006,1000 t,13.0,I,food
12,Bahamas,2511,Wheat and products,5142,Food,2007,1000 t,13.0,I,food
12,Bahamas,2511,Wheat and products,5142,Food,2008,1000 t,13.0,I,food
12,Bahamas,2511,Wheat and products,5142,Food,2009,1000 t,14.0,I,food
12,Bahamas,2511,Wheat and products,5142,Food,2010,1000 t,14.0,I,food
12,Bahamas,2511,Wheat and products,5142,Food,2011,1000 t,14.0,I,food
16,Bangladesh,2511,Wheat and products,5511,Production,2006,1000 t,735.0,I,production
16,Bangladesh,2511,Wheat and products,5511,Production,2007,1000 t,737.0,I,production
16,Bangladesh,2511,Wheat and products,5511,Production,2008,1000 t,844.0,I,production
16,Bangladesh,2511,Wheat and products,5511,Production,2009,1000 t,849.0,I,production
16,Bangladesh,2511,Wheat and products,5511,Production,2010,1000 t,901.0,I,production
16,Bangladesh,2511,Wheat and products,5511,Production,2011,1000 t,972.0,I,production
16,Bangladesh,2511,Wheat and products,5611,Import Quantity,2006,1000 t,2152.0,I,imports
16,Bangladesh,2511,Wheat and products,5611,Import Quantity,2007,1000 t,2721.0,I,imports
16,Bangladesh,2511,Wheat and products,5611,Import Quantity,2008,1000 t,1337.0,I,imports
16,Bangladesh,2511,Wheat and products,5611,Import Quantity,2009,1000 t,2415.0,I,imports
16,Bangladesh,2511,Wheat and products,5611,Import Quantity,2010,1000 t,3213.0,I,imports
16,Bangladesh,2511,Wheat and products,5611,Import Quantity,2011,1000 t,3118.0,I,imports
16,Bangladesh,2511,Wheat and products,5074,Stock Variation,2006,1000 t,395.0,I,stock_variation
16,Bangladesh,2511,Wheat and products,5074,Stock Variation,2007,1000 t,-484.0,I,stock_variation
16,Bangladesh,2511,Wheat and products,5074,Stock Variation,2008,1000 t,781.0,I,stock_variation
16,Bangladesh,2511,Wheat and products,5074,Stock Variation,2009,1000 t,-164.0,I,stock_variation
16,Bangladesh,2511,Wheat and products,5074,Stock Variation,2010,1000 t,-880.0,I,stock_variation
16,Bangladesh,2511,Wheat and products,5074,Stock Variation,2011,1000 t,-685.0,I,stock_variation
16,Bangladesh,2511,Wheat and products,5911,Export Quantity,2006,1000 t,3.0,I,exports
16,Bangladesh,2511,Wheat and products,5911,Export Quantity,2007,1000 t,3.0,I,exports
16,Bangladesh,2511,Wheat and products,5911,Export Quantity,2008,1000 t,5.0,I,exports
16,Bangladesh,2511,Wheat and products,5911,Export Quantity,2009,1000 t,6.0,I,exports
16,Bangladesh,2511,Wheat and products,5911,Export Quantity,2010,1000 t,8.0,I,exports
16,Bangladesh,2511,Wheat and products,5911,Export Quantity,2011,1000 t,11.0,I,exports
16,Bangladesh,2511,Wheat and products,5301,Domestic supply quantity,2006,1000 t,3280.0,I,domestic_supply
16,Bangladesh,2511,Wheat and products,5301,Domestic supply quantity,2007,1000 t,2971.0,I,domestic_supply
16,Bangladesh,2511,Wheat and products,5301,Domestic supply quantity,2008,1000 t,2958.0,I,domestic_supply
16,Bangladesh,2511,Wheat and products,5301,Domestic supply quantity,2009,1000 t,3094.0,I,domestic_supply
16,Bangladesh,2511,Wheat and products,5301,Domestic supply quantity,2010,1000 t,3227.0,I,domestic_supply
16,Bangladesh,2511,Wheat and products,5301,Domestic supply quantity,2011,1000 t,3394.0,I,domestic_supply
16,Bangladesh,2511,Wheat and products,5527,Seed,2006,1000 t,40.0,I,seed
16,Bangladesh,2511,Wheat and products,5527,Seed,2007,1000 t,39.0,I,seed
16,Bangladesh,2511,Wheat and products,5527,Seed,2008,1000 t,39.0,I,seed
16,Bangladesh,2511,Wheat and products,5527,Seed,2009,1000 t,38.0,I,seed
16,Bangladesh,2511,Wheat and products,5527,Seed,2010,1000 t,37.0,I,seed
16,Bangladesh,2511,Wheat and products,5527,Seed,2011,1000 t,36.0,I,seed
16,Bangladesh,2511,Wheat and products,5123,Losses,2006,1000 t,169.0,I,losses
16,Bangladesh,2511,Wheat and products,5123,Losses,2007,1000 t,185.0,I,losses
16,Bangladesh,2511,Wheat and products,5123,Losses,2008,1000 t,135.0,I,losses
16,Bangladesh,2511,Wheat and products,5123,Losses,2009,1000 t,180.0,I,losses
16,Bangladesh,2511,Wheat and products,5123,Losses,2010,1000 t,216.0,I,losses
16,Bangladesh,2511,Wheat and products,5123,Losses,2011,1000 t,217.0,I,losses
16,Bangladesh,2511,Wheat and products,5142,Food,2006,1000 t,2641.0,I,food
16,Bangladesh,2511,Wheat and products,5142,Food,2007,1000 t,2317.0,I,food
16,Bangladesh,2511,Wheat and products,5142,Food,2008,1000 t,2354.0,I,food
16,Bangladesh,2511,Wheat and products,5142,Food,2009,1000 t,2447.0,I,food
16,Bangladesh,2511,Wheat and products,5142,Food,2010,1000 t,2544.0,I,food
16,Bangladesh,2511,Wheat and products,5142,Food,2011,1000 t,2643.0,I,food
14,Barbados,2511,Wheat and products,5611,Import Quantity,2006,1000 t,31.0,I,imports
14,Barbados,2511,Wheat and products,5611,Import Quantity,2007,1000 t,35.0,I,imports
14,Barbados,2511,Wheat and products,5611,Import Quantity,2008,1000 t,37.0,I,imports
14,Barbados,2511,Wheat and products,5611,Import Quantity,2009,1000 t,30.0,I,imports
14,Barbados,2511,Wheat and products,5611,Import Quantity,2010,1000 t,29.0,I,imports
14,Barbados,2511,Wheat and products,5611,Import Quantity,2011,1000 t,32.0,I,imports
14,Barbados,2511,Wheat and products,5074,Stock Variation,2006,1000 t,-1.0,I,stock_variation
14,Barbados,2511,Wheat and products,5074,Stock Variation,2007,1000 t,0.0,I,stock_variation
14,Barbados,2511,Wheat and products,5074,Stock Variation,2008,1000 t,-1.0,I,stock_variation
14,Barbados,2511,Wheat and products,5074,Stock Variation,2009,1000 t,-1.0,I,stock_variation
14,Barbados,2511,Wheat and products,5074,Stock Variation,2010,1000 t,-2.0,I,stock_variation
14,Barbados,2511,Wheat and products,5074,Stock Variation,2011,1000 t,-4.0,I,stock_variation
14,Barbados,2511,Wheat and products,5911,Export Quantity,2006,1000 t,7.0,I,exports
14,Barbados,2511,Wheat and products,5911,Export Quantity,2007,1000 t,9.0,I,exports
14,Barbados,2511,Wheat and products,5911,Export Quantity,2008,1000 t,9.0,I,exports
14,Barbados,2511,Wheat and products,5911,Export Quantity,2009,1000 t,7.0,I,exports
14,Barbados,2511,Wheat and products,5911,Export Quantity,2010,1000 t,7.0,I,exports
14,Barbados,2511,Wheat and products,5911,Export Quantity,2011,1000 t,7.0,I,exports
14,Barbados,2511,Wheat and products,5301,Domestic supply quantity,2006,1000 t,23.0,I,domestic_supply
14,Barbados,2511,Wheat and products,5301,Domestic supply quantity,2007,1000 t,26.0,I,domestic_supply
14,Barbados,2511,Wheat and products,5301,Domestic supply quantity,2008,1000 t,28.0,I,domestic_supply
14,Barbados,2511,Wheat and products,5301,Domestic supply quantity,2009,1000 t,22.0,I,domestic_supply
14,Barbados,2511,Wheat and products,5301,Domestic supply quantity,2010,1000 t,21.0,I,domestic_supply
14,Barbados,2511,Wheat and products,5301,Domestic supply quantity,2011,1000 t,21.0,I,domestic_supply
14,Barbados,2511,Wheat and products,5521,Feed,2006,1000 t,0.0,I,feed
14,Barbados,2511,Wheat and products,5521,Feed,2007,1000 t,2.0,I,feed
14,Barbados,2511,Wheat and products,5521,Feed,2008,1000 t,7.0,I,feed
14,Barbados,2511,Wheat and products,5521,Feed,2009,1000 t,2.0,I,feed
14,Barbados,2511,Wheat and products,5521,Feed,2010,1000 t,1.0,I,feed
14,Barbados,2511,Wheat and products,5521,Feed,2011,1000 t,0.0,I,feed
14,Barbados,2511,Wheat and products,5142,Food,2006,1000 t,18.0,I,food
14,Barbados,2511,Wheat and products,5142,Food,2007,1000 t,19.0,I,food
14,Barbados,2511,Wheat and products,5142,Food,2008,1000 t,17.0,I,food
14,Barbados,2511,Wheat and products,5142,Food,2009,1000 t,17.0,I,food
14,Barbados,2511,Wheat and products,5142,Food,2010,1000 t,17.0,I,food
14,Barbados,2511,Wheat and products,5142,Food,2011,1000 t,18.0,I,food
57,Belarus,2511,Wheat and products,5511,Production,2006,1000 t,1075.0,I,production
57,Belarus,2511,Wheat and products,5511,Production,2007,1000 t,1397.0,I,production
57,Belarus,2511,Wheat and products,5511,Production,2008,1000 t,2045.0,I,production
57,Belarus,2511,Wheat and products,5511,Production,2009,1000 t,1979.0,I,production
57,Belarus,2511,Wheat and products,5511,Production,2010,1000 t,1739.0,I,production
57,Belarus,2511,Wheat and products,5511,Production,2011,1000 t,2132.0,I,production
57,Belarus,2511,Wheat and products,5611,Import Quantity,2006,1000 t,408.0,I,imports
57,Belarus,2511,Wheat and products,5611,Import Quantity,2007,1000 t,404.0,I,imports
57,Belarus,2511,Wheat and products,5611,Import Quantity,2008,1000 t,296.0,I,imports
57,Belarus,2511,Wheat and products,5611,Import Quantity,2009,1000 t,171.0,I,imports
57,Belarus,2511,Wheat and products,5611,Import Quantity,2010,1000 t,126.0,I,imports
57,Belarus,2511,Wheat and products,5611,Import Quantity,2011,1000 t,74.0,I,imports
57,Belarus,2511,Wheat and products,5074,Stock Variation,2006,1000 t,0.0,I,stock_variation
57,Belarus,2511,Wheat and products,5074,Stock Variation,2007,1000 t,-12.0,I,stock_variation
57,Belarus,2511,Wheat and products,5074,Stock Variation,2008,1000 t,17.0,I,stock_variation
57,Belarus,2511,Wheat and products,5074,Stock Variation,2009,1000 t,0.0,I,stock_variation
57,Belarus,2511,Wheat and products,5074,Stock Variation,2010,1000 t,0.0,I,stock_variation
57,Belarus,2511,Wheat and products,5074,Stock Variation,2011,1000 t,0.0,I,stock_variation
57,Belarus,2511,Wheat and products,5911,Export Quantity,2006,1000 t,6.0,I,exports
57,Belarus,2511,Wheat and products,5911,Export Quantity,2007,1000 t,26.0,I,exports
57,Belarus,2511,Wheat and products,5911,Export Quantity,2008,1000 t,69.0,I,exports
57,Belarus,2511,Wheat and products,5911,Export Quantity,2009,1000 t,13.0,I,exports
57,Belarus,2511,Wheat and products,5911,Export Quantity,2010,1000 t,84.0,I,exports
57,Belarus,2511,Wheat and products,5911,Export Quantity,2011,1000 t,48.0,I,exports
57,Belarus,2511,Wheat and products,5301,Domestic supply quantity,2006,1000 t,1477.0,I,domestic_supply
57,Belarus,2511,Wheat and products,5301,Domestic supply quantity,2007,1000 t,1762.0,I,domestic_supply
57,Belarus,2511,Wheat and products,5301,Domestic supply quantity,2008,1000 t,2289.0,I,domestic_supply
57,Belarus,2511,Wheat and products,5301,Domestic supply quantity,2009,1000 t,2137.0,I,domestic_supply
57,Belarus,2511,Wheat and products,5301,Domestic supply quantity,2010,1000 t,1782.0,I,domestic_supply
57,Belarus,2511,Wheat and products,5301,Domestic supply quantity,2011,1000 t,2158.0,I,domestic_supply
57,Belarus,2511,Wheat and products,5521,Feed,2006,1000 t,611.0,I,feed
57,Belarus,2511,Wheat and products,5521,Feed,2007,1000 t,902.0,I,feed
57,Belarus,2511,Wheat and products,5521,Feed,2008,1000 t,1402.0,I,feed
57,Belarus,2511,Wheat and products,5521,Feed,2009,1000 t,1251.0,I,feed
57,Belarus,2511,Wheat and products,5521,Feed,2010,1000 t,902.0,I,feed
57,Belarus,2511,Wheat and products,5521,Feed,2011,1000 t,1182.0,I,feed
57,Belarus,2511,Wheat and products,5527,Seed,2006,1000 t,86.0,I,seed
57,Belarus,2511,Wheat and products,5527,Seed,2007,1000 t,103.0,I,seed
57,Belarus,2511,Wheat and products,5527,Seed,2008,1000 t,112.0,I,seed
57,Belarus,2511,Wheat and products,5527,Seed,2009,1000 t,108.0,I,seed
57,Belarus,2511,Wheat and products,5527,Seed,2010,1000 t,118.0,I,seed
57,Belarus,2511,Wheat and products,5527,Seed,2011,1000 t,136.0,I,seed
57,Belarus,2511,Wheat and products,5123,Losses,2006,1000 t,42.0,I,losses
57,Belarus,2511,Wheat and products,5123,Losses,2007,1000 t,52.0,I,losses
57,Belarus,2511,Wheat and products,5123,Losses,2008,1000 t,69.0,I,losses
57,Belarus,2511,Wheat and products,5123,Losses,2009,1000 t,63.0,I,losses
57,Belarus,2511,Wheat and products,5123,Losses,2010,1000 t,54.0,I,losses
57,Belarus,2511,Wheat and products,5123,Losses,2011,1000 t,67.0,I,losses
57,Belarus,2511,Wheat and products,5142,Food,2006,1000 t,671.0,I,food
57,Belarus,2511,Wheat and products,5142,Food,2007,1000 t,637.0,I,food
57,Belarus,2511,Wheat and products,5142,Food,2008,1000 t,592.0,I,food
57,Belarus,2511,Wheat and products,5142,Food,2009,1000 t,543.0,I,food
57,Belarus,2511,Wheat and products,5142,Food,2010,1000 t,628.0,I,food
57,Belarus,2511,Wheat and products,5142,Food,2011,1000 t,624.0,I,food
255,Belgium,2511,Wheat and products,5511,Production,2006,1000 t,1662.0,I,production
255,Belgium,2511,Wheat and products,5511,Production,2007,1000 t,1577.0,I,production
255,Belgium,2511,Wheat and products,5511,Production,2008,1000 t,1850.0,I,production
255,Belgium,2511,Wheat and products,5511,Production,2009,1000 t,1910.0,I,production
255,Belgium,2511,Wheat and products,5511,Production,2010,1000 t,1850.0,I,production
255,Belgium,2511,Wheat and products,5511,Production,2011,1000 t,1688.0,I,production
255,Belgium,2511,Wheat and products,5611,Import Quantity,2006,1000 t,4341.0,I,imports
255,Belgium,2511,Wheat and products,5611,Import Quantity,2007,1000 t,4316.0,I,imports
255,Belgium,2511,Wheat and products,5611,Import Quantity,2008,1000 t,4041.0,I,imports
255,Belgium,2511,Wheat and products,5611,Import Quantity,2009,1000 t,4587.0,I,imports
255,Belgium,2511,Wheat and products,5611,Import Quantity,2010,1000 t,4775.0,I,imports
255,Belgium,2511,Wheat and products,5611,Import Quantity,2011,1000 t,4456.0,I,imports
255,Belgium,2511,Wheat and products,5074,Stock Variation,2006,1000 t,-55.0,I,stock_variation
255,Belgium,2511,Wheat and products,5074,Stock Variation,2007,1000 t,-34.0,I,stock_variation
255,Belgium,2511,Wheat and products,5074,Stock Variation,2008,1000 t,145.0,I,stock_variation
255,Belgium,2511,Wheat and products,5074,Stock Variation,2009,1000 t,-35.0,I,stock_variation
255,Belgium,2511,Wheat and products,5074,Stock Variation,2010,1000 t,-270.0,I,stock_variation
255,Belgium,2511,Wheat and products,5074,Stock Variation,2011,1000 t,-84.0,I,stock_variation
255,Belgium,2511,Wheat and products,5911,Export Quantity,2006,1000 t,2733.0,I,exports
255,Belgium,2511,Wheat and products,5911,Export Quantity,2007,1000 t,2792.0,I,exports
255,Belgium,2511,Wheat and products,5911,Export Quantity,2008,1000 t,2937.0,I,exports
255,Belgium,2511,Wheat and products,5911,Export Quantity,2009,1000 t,2578.0,I,exports
255,Belgium,2511,Wheat and products,5911,Export Quantity,2010,1000 t,2535.0,I,exports
255,Belgium,2511,Wheat and products,5911,Export Quantity,2011,1000 t,2369.0,I,exports
255,Belgium,2511,Wheat and products,5301,Domestic supply quantity,2006,1000 t,3215.0,I,domestic_supply
255,Belgium,2511,Wheat and products,5301,Domestic supply quantity,2007,1000 t,3067.0,I,domestic_supply
255,Belgium,2511,Wheat and products,5301,Domestic supply quantity,2008,1000 t,3099.0,I,domestic_supply
255,Belgium,2511,Wheat and products,5301,Domestic supply quantity,2009,1000 t,3883.0,I,domestic_supply
255,Belgium,2511,Wheat and products,5301,Domestic supply quantity,2010,1000 t,3820.0,I,domestic_supply
255,Belgium,2511,Wheat and products,5301,Domestic supply quantity,2011,1000 t,3691.0,I,domestic_supply
255,Belgium,2511,Wheat and products,5521,Feed,2006,1000 t,1650.0,I,feed
255,Belgium,2511,Wheat and products,5521,Feed,2007,1000 t,1500.0,I,feed
255,Belgium,2511,Wheat and products,5521,Feed,2008,1000 t,1500.0,I,feed
255,Belgium,2511,Wheat and products,5521,Feed,2009,1000 t,1751.0,I,feed
255,Belgium,2511,Wheat and products,5521,Feed,2010,1000 t,1368.0,I,feed
255,Belgium,2511,Wheat and products,5521,Feed,2011,1000 t,1061.0,I,feed
255,Belgium,2511,Wheat and products,5527,Seed,2006,1000 t,36.0,I,seed
255,Belgium,2511,Wheat and products,5527,Seed,2007,1000 t,40.0,I,seed
255,Belgium,2511,Wheat and products,5527,Seed,2008,1000 t,36.0,I,seed
255,Belgium,2511,Wheat and products,5527,Seed,2009,1000 t,40.0,I,seed
255,Belgium,2511,Wheat and products,5527,Seed,2010,1000 t,37.0,I,seed
255,Belgium,2511,Wheat and products,5527,Seed,2011,1000 t,36.0,I,seed
255,Belgium,2511,Wheat and products,5123,Losses,2006,1000 t,20.0,I,losses
255,Belgium,2511,Wheat and products,5123,Losses,2007,1000 t,20.0,I,losses
255,Belgium,2511,Wheat and products,5123,Losses,2008,1000 t,25.0,I,losses
255,Belgium,2511,Wheat and products,5123,Losses,2009,1000 t,30.0,I,losses
255,Belgium,2511,Wheat and products,5123,Losses,2010,1000 t,40.0,I,losses
255,Belgium,2511,Wheat and products,5123,Losses,2011,1000 t,30.0,I,losses
255,Belgium,2511,Wheat and products,5142,Food,2006,1000 t,1099.0,I,food
255,Belgium,2511,Wheat and products,5142,Food,2007,1000 t,1106.0,I,food
255,Belgium,2511,Wheat and products,5142,Food,2008,1000 t,1143.0,I,food
255,Belgium,2511,Wheat and products,5142,Food,2009,1000 t,1179.0,I,food
255,Belgium,2511,Wheat and products,5142,Food,2010,1000 t,1225.0,I,food
255,Belgium,2511,Wheat and products,5142,Food,2011,1000 t,1245.0,I,food
23,Belize,2511,Wheat and products,5611,Import Quantity,2006,1000 t,16.0,I,imports
23,Belize,2511,Wheat and products,5611,Import Quantity,2007,1000 t,18.0,I,imports
23,Belize,2511,Wheat and products,5611,Import Quantity,2008,1000 t,23.0,I,imports
23,Belize,2511,Wheat and products,5611,Import Quantity,2009,1000 t,22.0,I,imports
23,Belize,2511,Wheat and products,5611,Import Quantity,2010,1000 t,26.0,I,imports
23,Belize,2511,Wheat and products,5611,Import Quantity,2011,1000 t,19.0,I,imports
23,Belize,2511,Wheat and products,5074,Stock Variation,2006,1000 t,3.0,I,stock_variation
23,Belize,2511,Wheat and products,5074,Stock Variation,2007,1000 t,1.0,I,stock_variation
23,Belize,2511,Wheat and products,5074,Stock Variation,2008,1000 t,-1.0,I,stock_variation
23,Belize,2511,Wheat and products,5074,Stock Variation,2009,1000 t,1.0,I,stock_variation
23,Belize,2511,Wheat and products,5074,Stock Variation,2010,1000 t,-3.0,I,stock_variation
23,Belize,2511,Wheat and products,5074,Stock Variation,2011,1000 t,3.0,I,stock_variation
23,Belize,2511,Wheat and products,5911,Export Quantity,2006,1000 t,0.0,I,exports
23,Belize,2511,Wheat and products,5911,Export Quantity,2007,1000 t,0.0,I,exports
23,Belize,2511,Wheat and products,5911,Export Quantity,2008,1000 t,0.0,I,exports
23,Belize,2511,Wheat and products,5911,Export Quantity,2009,1000 t,0.0,I,exports
23,Belize,2511,Wheat and products,5911,Export Quantity,2010,1000 t,0.0,I,exports
23,Belize,2511,Wheat and products,5911,Export Quantity,2011,1000 t,0.0,I,exports
23,Belize,2511,Wheat and products,5301,Domestic supply quantity,2006,1000 t,18.0,I,domestic_supply
23,Belize,2511,Wheat and products,5301,Domestic supply quantity,2007,1000 t,18.0,I,domestic_supply
23,Belize,2511,Wheat and products,5301,Domestic supply quantity,2008,1000 t,22.0,I,domestic_supply
23,Belize,2511,Wheat and products,5301,Domestic supply quantity,2009,1000 t,23.0,I,domestic_supply
23,Belize,2511,Wheat and products,5301,Domestic supply quantity,2010,1000 t,23.0,I,domestic_supply
23,Belize,2511,Wheat and products,5301,Domestic supply quantity,2011,1000 t,22.0,I,domestic_supply
23,Belize,2511,Wheat and products,5123,Losses,2006,1000 t,0.0,I,losses
23,Belize,2511,Wheat and products,5123,Losses,2007,1000 t,0.0,I,losses
23,Belize,2511,Wheat and products,5123,Losses,2008,1000 t,1.0,I,losses
23,Belize,2511,Wheat and products,5123,Losses,2009,1000 t,1.0,I,losses
23,Belize,2511,Wheat and products,5123,Losses,2010,1000 t,1.0,I,losses
23,Belize,2511,Wheat and products,5123,Losses,2011,1000 t,0.0,I,losses
23,Belize,2511,Wheat and products,5142,Food,2006,1000 t,17.0,I,food
23,Belize,2511,Wheat and products,5142,Food,2007,1000 t,17.0,I,food
23,Belize,2511,Wheat and products,5142,Food,2008,1000 t,18.0,I,food
23,Belize,2511,Wheat and products,5142,Food,2009,1000 t,19.0,I,food
23,Belize,2511,Wheat and products,5142,Food,2010,1000 t,20.0,I,food
23,Belize,2511,Wheat and products,5142,Food,2011,1000 t,19.0,I,food
53,Benin,2511,Wheat and products,5611,Import Quantity,2006,1000 t,62.0,I,imports
53,Benin,2511,Wheat and products,5611,Import Quantity,2007,1000 t,50.0,I,imports
53,Benin,2511,Wheat and products,5611,Import Quantity,2008,1000 t,73.0,I,imports
53,Benin,2511,Wheat and products,5611,Import Quantity,2009,1000 t,58.0,I,imports
53,Benin,2511,Wheat and products,5611,Import Quantity,2010,1000 t,70.0,I,imports
53,Benin,2511,Wheat and products,5611,Import Quantity,2011,1000 t,92.0,I,imports
53,Benin,2511,Wheat and products,5074,Stock Variation,2006,1000 t,-10.0,I,stock_variation
53,Benin,2511,Wheat and products,5074,Stock Variation,2007,1000 t,0.0,I,stock_variation
53,Benin,2511,Wheat and products,5074,Stock Variation,2008,1000 t,0.0,I,stock_variation
53,Benin,2511,Wheat and products,5074,Stock Variation,2009,1000 t,10.0,I,stock_variation
53,Benin,2511,Wheat and products,5074,Stock Variation,2010,1000 t,0.0,I,stock_variation
53,Benin,2511,Wheat and products,5074,Stock Variation,2011,1000 t,0.0,I,stock_variation
53,Benin,2511,Wheat and products,5911,Export Quantity,2006,1000 t,5.0,I,exports
53,Benin,2511,Wheat and products,5911,Export Quantity,2007,1000 t,9.0,I,exports
53,Benin,2511,Wheat and products,5911,Export Quantity,2008,1000 t,4.0,I,exports
53,Benin,2511,Wheat and products,5911,Export Quantity,2009,1000 t,3.0,I,exports
53,Benin,2511,Wheat and products,5911,Export Quantity,2010,1000 t,1.0,I,exports
53,Benin,2511,Wheat and products,5911,Export Quantity,2011,1000 t,6.0,I,exports
53,Benin,2511,Wheat and products,5301,Domestic supply quantity,2006,1000 t,47.0,I,domestic_supply
53,Benin,2511,Wheat and products,5301,Domestic supply quantity,2007,1000 t,42.0,I,domestic_supply
53,Benin,2511,Wheat and products,5301,Domestic supply quantity,2008,1000 t,69.0,I,domestic_supply
53,Benin,2511,Wheat and products,5301,Domestic supply quantity,2009,1000 t,65.0,I,domestic_supply
53,Benin,2511,Wheat and products,5301,Domestic supply quantity,2010,1000 t,69.0,I,domestic_supply
53,Benin,2511,Wheat and products,5301,Domestic supply quantity,2011,1000 t,86.0,I,domestic_supply
53,Benin,2511,Wheat and products,5123,Losses,2006,1000 t,1.0,I,losses
53,Benin,2511,Wheat and products,5123,Losses,2007,1000 t,1.0,I,losses
53,Benin,2511,Wheat and products,5123,Losses,2008,1000 t,1.0,I,losses
53,Benin,2511,Wheat and products,5123,Losses,2009,1000 t,1.0,I,losses
53,Benin,2511,Wheat and products,5123,Losses,2010,1000 t,1.0,I,losses
53,Benin,2511,Wheat and products,5123,Losses,2011,1000 t,2.0,I,losses
53,Benin,2511,Wheat and products,5142,Food,2006,1000 t,46.0,I,food
53,Benin,2511,Wheat and products,5142,Food,2007,1000 t,41.0,I,food
53,Benin,2511,Wheat and products,5142,Food,2008,1000 t,67.0,I,food
53,Benin,2511,Wheat and products,5142,Food,2009,1000 t,63.0,I,food
53,Benin,2511,Wheat and products,5142,Food,2010,1000 t,68.0,I,food
53,Benin,2511,Wheat and products,5142,Food,2011,1000 t,84.0,I,food
17,Bermuda,2511,Wheat and products,5611,Import Quantity,2006,1000 t,6.0,I,imports
17,Bermuda,2511,Wheat and products,5611,Import Quantity,2007,1000 t,6.0,I,imports
17,Bermuda,2511,Wheat and products,5611,Import Quantity,2008,1000 t,7.0,I,imports
17,Bermuda,2511,Wheat and products,5611,Import Quantity,2009,1000 t,7.0,I,imports
17,Bermuda,2511,Wheat and products,5611,Import Quantity,2010,1000 t,6.0,I,imports
17,Bermuda,2511,Wheat and products,5611,Import Quantity,2011,1000 t,6.0,I,imports
17,Bermuda,2511,Wheat and products,5074,Stock Variation,2006,1000 t,-1.0,I,stock_variation
17,Bermuda,2511,Wheat and products,5074,Stock Variation,2007,1000 t,-1.0,I,stock_variation
17,Bermuda,2511,Wheat and products,5074,Stock Variation,2008,1000 t,-1.0,I,stock_variation
17,Bermuda,2511,Wheat and products,5074,Stock Variation,2009,1000 t,-1.0,I,stock_variation
17,Bermuda,2511,Wheat and products,5074,Stock Variation,2010,1000 t,0.0,I,stock_variation
17,Bermuda,2511,Wheat and products,5074,Stock Variation,2011,1000 t,0.0,I,stock_variation
17,Bermuda,2511,Wheat and products,5301,Domestic supply quantity,2006,1000 t,5.0,I,domestic_supply
17,Bermuda,2511,Wheat and products,5301,Domestic supply quantity,2007,1000 t,5.0,I,domestic_supply
17,Bermuda,2511,Wheat and products,5301,Domestic supply quantity,2008,1000 t,6.0,I,domestic_supply
17,Bermuda,2511,Wheat and products,5301,Domestic supply quantity,2009,1000 t,6.0,I,domestic_supply
17,Bermuda,2511,Wheat and products,5301,Domestic supply quantity,2010,1000 t,7.0,I,domestic_supply
17,Bermuda,2511,Wheat and products,5301,Domestic supply quantity,2011,1000 t,6.0,I,domestic_supply
17,Bermuda,2511,Wheat and products,5142,Food,2006,1000 t,4.0,I,food
17,Bermuda,2511,Wheat and products,5142,Food,2007,1000 t,4.0,I,food
17,Bermuda,2511,Wheat and products,5142,Food,2008,1000 t,4.0,I,food
17,Bermuda,2511,Wheat and products,5142,Food,2009,1000 t,4.0,I,food
17,Bermuda,2511,Wheat and products,5142,Food,2010,1000 t,4.0,I,food
17,Bermuda,2511,Wheat and products,5142,Food,2011,1000 t,4.0,I,food
19,Bolivia (Plurinational State of),2511,Wheat and products,5511,Production,2006,1000 t,144.0,I,production
19,Bolivia (Plurinational State of),2511,Wheat and products,5511,Production,2007,1000 t,167.0,I,production
19,Bolivia (Plurinational State of),2511,Wheat and products,5511,Production,2008,1000 t,200.0,I,production
19,Bolivia (Plurinational State of),2511,Wheat and products,5511,Production,2009,1000 t,202.0,I,production
19,Bolivia (Plurinational State of),2511,Wheat and products,5511,Production,2010,1000 t,241.0,I,production
19,Bolivia (Plurinational State of),2511,Wheat and products,5511,Production,2011,1000 t,183.0,I,production
19,Bolivia (Plurinational State of),2511,Wheat and products,5611,Import Quantity,2006,1000 t,363.0,I,imports
19,Bolivia (Plurinational State of),2511,Wheat and products,5611,Import Quantity,2007,1000 t,446.0,I,imports
19,Bolivia (Plurinational State of),2511,Wheat and products,5611,Import Quantity,2008,1000 t,432.0,I,imports
19,Bolivia (Plurinational State of),2511,Wheat and products,5611,Import Quantity,2009,1000 t,494.0,I,imports
19,Bolivia (Plurinational State of),2511,Wheat and products,5611,Import Quantity,2010,1000 t,352.0,I,imports
19,Bolivia (Plurinational State of),2511,Wheat and products,5611,Import Quantity,2011,1000 t,360.0,I,imports
19,Bolivia (Plurinational State of),2511,Wheat and products,5074,Stock Variation,2006,1000 t,33.0,I,stock_variation
19,Bolivia (Plurinational State of),2511,Wheat and products,5074,Stock Variation,2007,1000 t,11.0,I,stock_variation
19,Bolivia (Plurinational State of),2511,Wheat and products,5074,Stock Variation,2008,1000 t,-1.0,I,stock_variation
19,Bolivia (Plurinational State of),2511,Wheat and products,5074,Stock Variation,2009,1000 t,-125.0,I,stock_variation
19,Bolivia (Plurinational State of),2511,Wheat and products,5074,Stock Variation,2010,1000 t,-8.0,I,stock_variation
19,Bolivia (Plurinational State of),2511,Wheat and products,5074,Stock Variation,2011,1000 t,27.0,I,stock_variation
19,Bolivia (Plurinational State of),2511,Wheat and products,5911,Export Quantity,2006,1000 t,4.0,I,exports
19,Bolivia (Plurinational State of),2511,Wheat and products,5911,Export Quantity,2007,1000 t,11.0,I,exports
19,Bolivia (Plurinational State of),2511,Wheat and products,5911,Export Quantity,2008,1000 t,3.0,I,exports
19,Bolivia (Plurinational State of),2511,Wheat and products,5911,Export Quantity,2009,1000 t,1.0,I,exports
19,Bolivia (Plurinational State of),2511,Wheat and products,5911,Export Quantity,2010,1000 t,4.0,I,exports
19,Bolivia (Plurinational State of),2511,Wheat and products,5911,Export Quantity,2011,1000 t,6.0,I,exports
19,Bolivia (Plurinational State of),2511,Wheat and products,5301,Domestic supply quantity,2006,1000 t,536.0,I,domestic_supply
19,Bolivia (Plurinational State of),2511,Wheat and products,5301,Domestic supply quantity,2007,1000 t,612.0,I,domestic_supply
19,Bolivia (Plurinational State of),2511,Wheat and products,5301,Domestic supply quantity,2008,1000 t,628.0,I,domestic_supply
19,Bolivia (Plurinational State of),2511,Wheat and products,5301,Domestic supply quantity,2009,1000 t,569.0,I,domestic_supply
19,Bolivia (Plurinational State of),2511,Wheat and products,5301,Domestic supply quantity,2010,1000 t,581.0,I,domestic_supply
19,Bolivia (Plurinational State of),2511,Wheat and products,5301,Domestic supply quantity,2011,1000 t,565.0,I,domestic_supply
19,Bolivia (Plurinational State of),2511,Wheat and products,5527,Seed,2006,1000 t,10.0,I,seed
19,Bolivia (Plurinational State of),2511,Wheat and products,5527,Seed,2007,1000 t,13.0,I,seed
19,Bolivia (Plurinational State of),2511,Wheat and products,5527,Seed,2008,1000 t,13.0,I,seed
19,Bolivia (Plurinational State of),2511,Wheat and products,5527,Seed,2009,1000 t,13.0,I,seed
19,Bolivia (Plurinational State of),2511,Wheat and products,5527,Seed,2010,1000 t,13.0,I,seed
19,Bolivia (Plurinational State of),2511,Wheat and products,5527,Seed,2011,1000 t,14.0,I,seed
19,Bolivia (Plurinational State of),2511,Wheat and products,5123,Losses,2006,1000 t,25.0,I,losses
19,Bolivia (Plurinational State of),2511,Wheat and products,5123,Losses,2007,1000 t,26.0,I,losses
19,Bolivia (Plurinational State of),2511,Wheat and products,5123,Losses,2008,1000 t,26.0,I,losses
19,Bolivia (Plurinational State of),2511,Wheat and products,5123,Losses,2009,1000 t,25.0,I,losses
19,Bolivia (Plurinational State of),2511,Wheat and products,5123,Losses,2010,1000 t,25.0,I,losses
19,Bolivia (Plurinational State of),2511,Wheat and products,5123,Losses,2011,1000 t,24.0,I,losses
19,Bolivia (Plurinational State of),2511,Wheat and products,5142,Food,2006,1000 t,458.0,I,food
19,Bolivia (Plurinational State of),2511,Wheat and products,5142,Food,2007,1000 t,503.0,I,food
19,Bolivia (Plurinational State of),2511,Wheat and products,5142,Food,2008,1000 t,517.0,I,food
19,Bolivia (Plurinational State of),2511,Wheat and products,5142,Food,2009,1000 t,531.0,I,food
19,Bolivia (Plurinational State of),2511,Wheat and products,5142,Food,2010,1000 t,543.0,I,food
19,Bolivia (Plurinational State of),2511,Wheat and products,5142,Food,2011,1000 t,527.0,I,food
80,Bosnia and Herzegovina,2511,Wheat and products,5511,Production,2006,1000 t,232.0,I,production
80,Bosnia and Herzegovina,2511,Wheat and products,5511,Production,2007,1000 t,257.0,I,production
80,Bosnia and Herzegovina,2511,Wheat and products,5511,Production,2008,1000 t,241.0,I,production
80,Bosnia and Herzegovina,2511,Wheat and products,5511,Production,2009,1000 t,256.0,I,production
80,Bosnia and Herzegovina,2511,Wheat and products,5511,Production,2010,1000 t,145.0,I,production
80,Bosnia and Herzegovina,2511,Wheat and products,5511,Production,2011,1000 t,210.0,I,production
80,Bosnia and Herzegovina,2511,Wheat and products,5611,Import Quantity,2006,1000 t,424.0,I,imports
80,Bosnia and Herzegovina,2511,Wheat and products,5611,Import Quantity,2007,1000 t,481.0,I,imports
80,Bosnia and Herzegovina,2511,Wheat and products,5611,Import Quantity,2008,1000 t,466.0,I,imports
80,Bosnia and Herzegovina,2511,Wheat and products,5611,Import Quantity,2009,1000 t,431.0,I,imports
80,Bosnia and Herzegovina,2511,Wheat and products,5611,Import Quantity,2010,1000 t,480.0,I,imports
80,Bosnia and Herzegovina,2511,Wheat and products,5611,Import Quantity,2011,1000 t,467.0,I,imports
80,Bosnia and Herzegovina,2511,Wheat and products,5074,Stock Variation,2006,1000 t,0.0,I,stock_variation
80,Bosnia and Herzegovina,2511,Wheat and products,5074,Stock Variation,2007,1000 t,0.0,I,stock_variation
80,Bosnia and Herzegovina,2511,Wheat and products,5074,Stock Variation,2008,1000 t,0.0,I,stock_variation
80,Bosnia and Herzegovina,2511,Wheat and products,5074,Stock Variation,2009,1000 t,0.0,I,stock_variation
80,Bosnia and Herzegovina,2511,Wheat and products,5074,Stock Variation,2010,1000 t,0.0,I,stock_variation
80,Bosnia and Herzegovina,2511,Wheat and products,5074,Stock Variation,2011,1000 t,0.0,I,stock_variation
80,Bosnia and Herzegovina,2511,Wheat and products,5911,Export Quantity,2006,1000 t,16.0,I,exports
80,Bosnia and Herzegovina,2511,Wheat and products,5911,Export Quantity,2007,1000 t,15.0,I,exports
80,Bosnia and Herzegovina,2511,Wheat and products,5911,Export Quantity,2008,1000 t,18.0,I,exports
80,Bosnia and Herzegovina,2511,Wheat and products,5911,Export Quantity,2009,1000 t,28.0,I,exports
80,Bosnia and Herzegovina,2511,Wheat and products,5911,Export Quantity,2010,1000 t,59.0,I,exports
80,Bosnia and Herzegovina,2511,Wheat and products,5911,Export Quantity,2011,1000 t,21.0,I,exports
80,Bosnia and Herzegovina,2511,Wheat and products,5301,Domestic supply quantity,2006,1000 t,641.0,I,domestic_supply
80,Bosnia and Herzegovina,2511,Wheat and products,5301,Domestic supply quantity,2007,1000 t,723.0,I,domestic_supply
80,Bosnia and Herzegovina,2511,Wheat and products,5301,Domestic supply quantity,2008,1000 t,688.0,I,domestic_supply
80,Bosnia and Herzegovina,2511,Wheat and products,5301,Domestic supply quantity,2009,1000 t,659.0,I,domestic_supply
80,Bosnia and Herzegovina,2511,Wheat and products,5301,Domestic supply quantity,2010,1000 t,567.0,I,domestic_supply
80,Bosnia and Herzegovina,2511,Wheat and products,5301,Domestic supply quantity,2011,1000 t,656.0,I,domestic_supply
80,Bosnia and Herzegovina,2511,Wheat and products,5521,Feed,2006,1000 t,229.0,I,feed
80,Bosnia and Herzegovina,2511,Wheat and products,5521,Feed,2007,1000 t,288.0,I,feed
80,Bosnia and Herzegovina,2511,Wheat and products,5521,Feed,2008,1000 t,258.0,I,feed
80,Bosnia and Herzegovina,2511,Wheat and products,5521,Feed,2009,1000 t,239.0,I,feed
80,Bosnia and Herzegovina,2511,Wheat and products,5521,Feed,2010,1000 t,151.0,I,feed
80,Bosnia and Herzegovina,2511,Wheat and products,5521,Feed,2011,1000 t,242.0,I,feed
80,Bosnia and Herzegovina,2511,Wheat and products,5527,Seed,2006,1000 t,18.0,I,seed
80,Bosnia and Herzegovina,2511,Wheat and products,5527,Seed,2007,1000 t,16.0,I,seed
80,Bosnia and Herzegovina,2511,Wheat and products,5527,Seed,2008,1000 t,17.0,I,seed
80,Bosnia and Herzegovina,2511,Wheat and products,5527,Seed,2009,1000 t,14.0,I,seed
80,Bosnia and Herzegovina,2511,Wheat and products,5527,Seed,2010,1000 t,15.0,I,seed
80,Bosnia and Herzegovina,2511,Wheat and products,5527,Seed,2011,1000 t,15.0,I,seed
80,Bosnia and Herzegovina,2511,Wheat and products,5123,Losses,2006,1000 t,57.0,I,losses
80,Bosnia and Herzegovina,2511,Wheat and products,5123,Losses,2007,1000 t,64.0,I,losses
80,Bosnia and Herzegovina,2511,Wheat and products,5123,Losses,2008,1000 t,60.0,I,losses
80,Bosnia and Herzegovina,2511,Wheat and products,5123,Losses,2009,1000 t,57.0,I,losses
80,Bosnia and Herzegovina,2511,Wheat and products,5123,Losses,2010,1000 t,50.0,I,losses
80,Bosnia and Herzegovina,2511,Wheat and products,5123,Losses,2011,1000 t,55.0,I,losses
80,Bosnia and Herzegovina,2511,Wheat and products,5142,Food,2006,1000 t,336.0,I,food
80,Bosnia and Herzegovina,2511,Wheat and products,5142,Food,2007,1000 t,354.0,I,food
80,Bosnia and Herzegovina,2511,Wheat and products,5142,Food,2008,1000 t,353.0,I,food
80,Bosnia and Herzegovina,2511,Wheat and products,5142,Food,2009,1000 t,349.0,I,food
80,Bosnia and Herzegovina,2511,Wheat and products,5142,Food,2010,1000 t,351.0,I,food
80,Bosnia and Herzegovina,2511,Wheat and products,5142,Food,2011,1000 t,343.0,I,food
20,Botswana,2511,Wheat and products,5511,Production,2006,1000 t,0.0,I,production
20,Botswana,2511,Wheat and products,5511,Production,2007,1000 t,0.0,I,production
20,Botswana,2511,Wheat and products,5511,Production,2008,1000 t,0.0,I,production
20,Botswana,2511,Wheat and products,5511,Production,2009,1000 t,0.0,I,production
20,Botswana,2511,Wheat and products,5511,Production,2010,1000 t,0.0,I,production
20,Botswana,2511,Wheat and products,5511,Production,2011,1000 t,0.0,I,production
20,Botswana,2511,Wheat and products,5611,Import Quantity,2006,1000 t,58.0,I,imports
20,Botswana,2511,Wheat and products,5611,Import Quantity,2007,1000 t,68.0,I,imports
20,Botswana,2511,Wheat and products,5611,Import Quantity,2008,1000 t,97.0,I,imports
20,Botswana,2511,Wheat and products,5611,Import Quantity,2009,1000 t,107.0,I,imports
20,Botswana,2511,Wheat and products,5611,Import Quantity,2010,1000 t,208.0,I,imports
20,Botswana,2511,Wheat and products,5611,Import Quantity,2011,1000 t,97.0,I,imports
20,Botswana,2511,Wheat and products,5074,Stock Variation,2006,1000 t,11.0,I,stock_variation
20,Botswana,2511,Wheat and products,5074,Stock Variation,2007,1000 t,2.0,I,stock_variation
20,Botswana,2511,Wheat and products,5074,Stock Variation,2008,1000 t,-20.0,I,stock_variation
20,Botswana,2511,Wheat and products,5074,Stock Variation,2009,1000 t,-28.0,I,stock_variation
20,Botswana,2511,Wheat and products,5074,Stock Variation,2010,1000 t,-120.0,I,stock_variation
20,Botswana,2511,Wheat and products,5074,Stock Variation,2011,1000 t,-19.0,I,stock_variation
20,Botswana,2511,Wheat and products,5911,Export Quantity,2006,1000 t,0.0,I,exports
20,Botswana,2511,Wheat and products,5911,Export Quantity,2007,1000 t,7.0,I,exports
20,Botswana,2511,Wheat and products,5911,Export Quantity,2008,1000 t,5.0,I,exports
20,Botswana,2511,Wheat and products,5911,Export Quantity,2009,1000 t,5.0,I,exports
20,Botswana,2511,Wheat and products,5911,Export Quantity,2010,1000 t,6.0,I,exports
20,Botswana,2511,Wheat and products,5911,Export Quantity,2011,1000 t,2.0,I,exports
20,Botswana,2511,Wheat and products,5301,Domestic supply quantity,2006,1000 t,69.0,I,domestic_supply
20,Botswana,2511,Wheat and products,5301,Domestic supply quantity,2007,1000 t,64.0,I,domestic_supply
20,Botswana,2511,Wheat and products,5301,Domestic supply quantity,2008,1000 t,73.0,I,domestic_supply
20,Botswana,2511,Wheat and products,5301,Domestic supply quantity,2009,1000 t,74.0,I,domestic_supply
20,Botswana,2511,Wheat and products,5301,Domestic supply quantity,2010,1000 t,82.0,I,domestic_supply
20,Botswana,2511,Wheat and products,5301,Domestic supply quantity,2011,1000 t,76.0,I,domestic_supply
20,Botswana,2511,Wheat and products,5527,Seed,2006,1000 t,0.0,I,seed
20,Botswana,2511,Wheat and products,5527,Seed,2007,1000 t,0.0,I,seed
20,Botswana,2511,Wheat and products,5527,Seed,2008,1000 t,0.0,I,seed
20,Botswana,2511,Wheat and products,5527,Seed,2009,1000 t,0.0,I,seed
20,Botswana,2511,Wheat and products,5527,Seed,2010,1000 t,0.0,I,seed
20,Botswana,2511,Wheat and products,5527,Seed,2011,1000 t,0.0,I,seed
20,Botswana,2511,Wheat and products,5123,Losses,2006,1000 t,3.0,I,losses
20,Botswana,2511,Wheat and products,5123,Losses,2007,1000 t,4.0,I,losses
20,Botswana,2511,Wheat and products,5123,Losses,2008,1000 t,5.0,I,losses
20,Botswana,2511,Wheat and products,5123,Losses,2009,1000 t,6.0,I,losses
20,Botswana,2511,Wheat and products,5123,Losses,2010,1000 t,11.0,I,losses
20,Botswana,2511,Wheat and products,5123,Losses,2011,1000 t,5.0,I,losses
20,Botswana,2511,Wheat and products,5142,Food,2006,1000 t,66.0,I,food
20,Botswana,2511,Wheat and products,5142,Food,2007,1000 t,59.0,I,food
20,Botswana,2511,Wheat and products,5142,Food,2008,1000 t,67.0,I,food
20,Botswana,2511,Wheat and products,5142,Food,2009,1000 t,68.0,I,food
20,Botswana,2511,Wheat and products,5142,Food,2010,1000 t,70.0,I,food
20,Botswana,2511,Wheat and products,5142,Food,2011,1000 t,71.0,I,food
21,Brazil,2511,Wheat and products,5511,Production,2006,1000 t,2485.0,I,production
21,Brazil,2511,Wheat and products,5511,Production,2007,1000 t,4114.0,I,production
21,Brazil,2511,Wheat and products,5511,Production,2008,1000 t,6027.0,I,production
21,Brazil,2511,Wheat and products,5511,Production,2009,1000 t,5056.0,I,production
21,Brazil,2511,Wheat and products,5511,Production,2010,1000 t,6171.0,I,production
21,Brazil,2511,Wheat and products,5511,Production,2011,1000 t,5690.0,I,production
21,Brazil,2511,Wheat and products,5611,Import Quantity,2006,1000 t,6765.0,I,imports
21,Brazil,2511,Wheat and products,5611,Import Quantity,2007,1000 t,7566.0,I,imports
21,Brazil,2511,Wheat and products,5611,Import Quantity,2008,1000 t,7036.0,I,imports
21,Brazil,2511,Wheat and products,5611,Import Quantity,2009,1000 t,6381.0,I,imports
21,Brazil,2511,Wheat and products,5611,Import Quantity,2010,1000 t,7270.0,I,imports
21,Brazil,2511,Wheat and products,5611,Import Quantity,2011,1000 t,6790.0,I,imports
21,Brazil,2511,Wheat and products,5074,Stock Variation,2006,1000 t,2300.0,I,stock_variation
21,Brazil,2511,Wheat and products,5074,Stock Variation,2007,1000 t,-500.0,I,stock_variation
21,Brazil,2511,Wheat and products,5074,Stock Variation,2008,1000 t,-1050.0,I,stock_variation
21,Brazil,2511,Wheat and products,5074,Stock Variation,2009,1000 t,500.0,I,stock_variation
21,Brazil,2511,Wheat and products,5074,Stock Variation,2010,1000 t,-550.0,I,stock_variation
21,Brazil,2511,Wheat and products,5074,Stock Variation,2011,1000 t,1750.0,I,stock_variation
21,Brazil,2511,Wheat and products,5911,Export Quantity,2006,1000 t,726.0,I,exports
21,Brazil,2511,Wheat and products,5911,Export Quantity,2007,1000 t,175.0,I,exports
21,Brazil,2511,Wheat and products,5911,Export Quantity,2008,1000 t,746.0,I,exports
21,Brazil,2511,Wheat and products,5911,Export Quantity,2009,1000 t,473.0,I,exports
21,Brazil,2511,Wheat and products,5911,Export Quantity,2010,1000 t,1397.0,I,exports
21,Brazil,2511,Wheat and products,5911,Export Quantity,2011,1000 t,2424.0,I,exports
21,Brazil,2511,Wheat and products,5301,Domestic supply quantity,2006,1000 t,10824.0,I,domestic_supply
21,Brazil,2511,Wheat and products,5301,Domestic supply quantity,2007,1000 t,11005.0,I,domestic_supply
21,Brazil,2511,Wheat and products,5301,Domestic supply quantity,2008,1000 t,11268.0,I,domestic_supply
21,Brazil,2511,Wheat and products,5301,Domestic supply quantity,2009,1000 t,11464.0,I,domestic_supply
21,Brazil,2511,Wheat and products,5301,Domestic supply quantity,2010,1000 t,11494.0,I,domestic_supply
21,Brazil,2511,Wheat and products,5301,Domestic supply quantity,2011,1000 t,11806.0,I,domestic_supply
21,Brazil,2511,Wheat and products,5521,Feed,2006,1000 t,300.0,I,feed
21,Brazil,2511,Wheat and products,5521,Feed,2007,1000 t,100.0,I,feed
21,Brazil,2511,Wheat and products,5521,Feed,2008,1000 t,200.0,I,feed
21,Brazil,2511,Wheat and products,5521,Feed,2009,1000 t,400.0,I,feed
21,Brazil,2511,Wheat and products,5521,Feed,2010,1000 t,200.0,I,feed
21,Brazil,2511,Wheat and products,5521,Feed,2011,1000 t,500.0,I,feed
21,Brazil,2511,Wheat and products,5527,Seed,2006,1000 t,158.0,I,seed
21,Brazil,2511,Wheat and products,5527,Seed,2007,1000 t,203.0,I,seed
21,Brazil,2511,Wheat and products,5527,Seed,2008,1000 t,207.0,I,seed
21,Brazil,2511,Wheat and products,5527,Seed,2009,1000 t,186.0,I,seed
21,Brazil,2511,Wheat and products,5527,Seed,2010,1000 t,185.0,I,seed
21,Brazil,2511,Wheat and products,5527,Seed,2011,1000 t,165.0,I,seed
21,Brazil,2511,Wheat and products,5123,Losses,2006,1000 t,541.0,I,losses
21,Brazil,2511,Wheat and products,5123,Losses,2007,1000 t,531.0,I,losses
21,Brazil,2511,Wheat and products,5123,Losses,2008,1000 t,573.0,I,losses
21,Brazil,2511,Wheat and products,5123,Losses,2009,1000 t,542.0,I,losses
21,Brazil,2511,Wheat and products,5123,Losses,2010,1000 t,590.0,I,losses
21,Brazil,2511,Wheat and products,5123,Losses,2011,1000 t,611.0,I,losses
21,Brazil,2511,Wheat and products,5142,Food,2006,1000 t,9823.0,I,food
21,Brazil,2511,Wheat and products,5142,Food,2007,1000 t,10169.0,I,food
21,Brazil,2511,Wheat and products,5142,Food,2008,1000 t,10285.0,I,food
21,Brazil,2511,Wheat and products,5142,Food,2009,1000 t,10335.0,I,food
21,Brazil,2511,Wheat and products,5142,Food,2010,1000 t,10517.0,I,food
21,Brazil,2511,Wheat and products,5142,Food,2011,1000 t,10528.0,I,food
26,Brunei Darussalam,2511,Wheat and products,5611,Import Quantity,2006,1000 t,18.0,I,imports
26,Brunei Darussalam,2511,Wheat and products,5611,Import Quantity,2007,1000 t,16.0,I,imports
26,Brunei Darussalam,2511,Wheat and products,5611,Import Quantity,2008,1000 t,16.0,I,imports
26,Brunei Darussalam,2511,Wheat and products,5611,Import Quantity,2009,1000 t,15.0,I,imports
26,Brunei Darussalam,2511,Wheat and products,5611,Import Quantity,2010,1000 t,15.0,I,imports
26,Brunei Darussalam,2511,Wheat and products,5611,Import Quantity,2011,1000 t,16.0,I,imports
26,Brunei Darussalam,2511,Wheat and products,5074,Stock Variation,2006,1000 t,0.0,I,stock_variation
26,Brunei Darussalam,2511,Wheat and products,5074,Stock Variation,2007,1000 t,1.0,I,stock_variation
26,Brunei Darussalam,2511,Wheat and products,5074,Stock Variation,2008,1000 t,-1.0,I,stock_variation
26,Brunei Darussalam,2511,Wheat and products,5074,Stock Variation,2009,1000 t,0.0,I,stock_variation
26,Brunei Darussalam,2511,Wheat and products,5074,Stock Variation,2010,1000 t,0.0,I,stock_variation
26,Brunei Darussalam,2511,Wheat and products,5074,Stock Variation,2011,1000 t,0.0,I,stock_variation
26,Brunei Darussalam,2511,Wheat and products,5911,Export Quantity,2006,1000 t,0.0,I,exports
26,Brunei Darussalam,2511,Wheat and products,5911,Export Quantity,2007,1000 t,0.0,I,exports
26,Brunei Darussalam,2511,Wheat and products,5911,Export Quantity,2008,1000 t,0.0,I,exports
26,Brunei Darussalam,2511,Wheat and products,5911,Export Quantity,2009,1000 t,0.0,I,exports
26,Brunei Darussalam,2511,Wheat and products,5911,Export Quantity,2010,1000 t,0.0,I,exports
26,Brunei Darussalam,2511,Wheat and products,5911,Export Quantity,2011,1000 t,0.0,I,exports
26,Brunei Darussalam,2511,Wheat and products,5301,Domestic supply quantity,2006,1000 t,18.0,I,domestic_supply
26,Brunei Darussalam,2511,Wheat and products,5301,Domestic supply quantity,2007,1000 t,17.0,I,domestic_supply
26,Brunei Darussalam,2511,Wheat and products,5301,Domestic supply quantity,2008,1000 t,16.0,I,domestic_supply
26,Brunei Darussalam,2511,Wheat and products,5301,Domestic supply quantity,2009,1000 t,16.0,I,domestic_supply
26,Brunei Darussalam,2511,Wheat and products,5301,Domestic supply quantity,2010,1000 t,16.0,I,domestic_supply
26,Brunei Darussalam,2511,Wheat and products,5301,Domestic supply quantity,2011,1000 t,16.0,I,domestic_supply
26,Brunei Darussalam,2511,Wheat and products,5142,Food,2006,1000 t,18.0,I,food
26,Brunei Darussalam,2511,Wheat and products,5142,Food,2007,1000 t,17.0,I,food
26,Brunei Darussalam,2511,Wheat and products,5142,Food,2008,1000 t,16.0,I,food
26,Brunei Darussalam,2511,Wheat and products,5142,Food,2009,1000 t,16.0,I,food
26,Brunei Darussalam,2511,Wheat and products,5142,Food,2010,1000 t,16.0,I,food
26,Brunei Darussalam,2511,Wheat and products,5142,Food,2011,1000 t,16.0,I,food
27,Bulgaria,2511,Wheat and products,5511,Production,2006,1000 t,3302.0,I,production
27,Bulgaria,2511,Wheat and products,5511,Production,2007,1000 t,2391.0,I,production
27,Bulgaria,2511,Wheat and products,5511,Production,2008,1000 t,4632.0,I,production
27,Bulgaria,2511,Wheat and products,5511,Production,2009,1000 t,3977.0,I,production
27,Bulgaria,2511,Wheat and products,5511,Production,2010,1000 t,4095.0,I,production
27,Bulgaria,2511,Wheat and products,5511,Production,2011,1000 t,4458.0,I,production
27,Bulgaria,2511,Wheat and products,5611,Import Quantity,2006,1000 t,49.0,I,imports
27,Bulgaria,2511,Wheat and products,5611,Import Quantity,2007,1000 t,97.0,I,imports
27,Bulgaria,2511,Wheat and products,5611,Import Quantity,2008,1000 t,66.0,I,imports
27,Bulgaria,2511,Wheat and products,5611,Import Quantity,2009,1000 t,69.0,I,imports
27,Bulgaria,2511,Wheat and products,5611,Import Quantity,2010,1000 t,84.0,I,imports
27,Bulgaria,2511,Wheat and products,5611,Import Quantity,2011,1000 t,87.0,I,imports
27,Bulgaria,2511,Wheat and products,5074,Stock Variation,2006,1000 t,384.0,I,stock_variation
27,Bulgaria,2511,Wheat and products,5074,Stock Variation,2007,1000 t,4.0,I,stock_variation
27,Bulgaria,2511,Wheat and products,5074,Stock Variation,2008,1000 t,-728.0,I,stock_variation
27,Bulgaria,2511,Wheat and products,5074,Stock Variation,2009,1000 t,41.0,I,stock_variation
27,Bulgaria,2511,Wheat and products,5074,Stock Variation,2010,1000 t,650.0,I,stock_variation
27,Bulgaria,2511,Wheat and products,5074,Stock Variation,2011,1000 t,0.0,I,stock_variation
27,Bulgaria,2511,Wheat and products,5911,Export Quantity,2006,1000 t,1403.0,I,exports
27,Bulgaria,2511,Wheat and products,5911,Export Quantity,2007,1000 t,373.0,I,exports
27,Bulgaria,2511,Wheat and products,5911,Export Quantity,2008,1000 t,1865.0,I,exports
27,Bulgaria,2511,Wheat and products,5911,Export Quantity,2009,1000 t,1968.0,I,exports
27,Bulgaria,2511,Wheat and products,5911,Export Quantity,2010,1000 t,2517.0,I,exports
27,Bulgaria,2511,Wheat and products,5911,Export Quantity,2011,1000 t,2389.0,I,exports
27,Bulgaria,2511,Wheat and products,5301,Domestic supply quantity,2006,1000 t,2332.0,I,domestic_supply
27,Bulgaria,2511,Wheat and products,5301,Domestic supply quantity,2007,1000 t,2119.0,I,domestic_supply
27,Bulgaria,2511,Wheat and products,5301,Domestic supply quantity,2008,1000 t,2105.0,I,domestic_supply
27,Bulgaria,2511,Wheat and products,5301,Domestic supply quantity,2009,1000 t,2119.0,I,domestic_supply
27,Bulgaria,2511,Wheat and products,5301,Domestic supply quantity,2010,1000 t,2312.0,I,domestic_supply
27,Bulgaria,2511,Wheat and products,5301,Domestic supply quantity,2011,1000 t,2156.0,I,domestic_supply
27,Bulgaria,2511,Wheat and products,5521,Feed,2006,1000 t,898.0,I,feed
27,Bulgaria,2511,Wheat and products,5521,Feed,2007,1000 t,748.0,I,feed
27,Bulgaria,2511,Wheat and products,5521,Feed,2008,1000 t,396.0,I,feed
27,Bulgaria,2511,Wheat and products,5521,Feed,2009,1000 t,753.0,I,feed
27,Bulgaria,2511,Wheat and products,5521,Feed,2010,1000 t,719.0,I,feed
27,Bulgaria,2511,Wheat and products,5521,Feed,2011,1000 t,467.0,I,feed
27,Bulgaria,2511,Wheat and products,5527,Seed,2006,1000 t,202.0,I,seed
27,Bulgaria,2511,Wheat and products,5527,Seed,2007,1000 t,201.0,I,seed
27,Bulgaria,2511,Wheat and products,5527,Seed,2008,1000 t,313.0,I,seed
27,Bulgaria,2511,Wheat and products,5527,Seed,2009,1000 t,282.0,I,seed
27,Bulgaria,2511,Wheat and products,5527,Seed,2010,1000 t,205.0,I,seed
27,Bulgaria,2511,Wheat and products,5527,Seed,2011,1000 t,214.0,I,seed
27,Bulgaria,2511,Wheat and products,5123,Losses,2006,1000 t,293.0,I,losses
27,Bulgaria,2511,Wheat and products,5123,Losses,2007,1000 t,201.0,I,losses
27,Bulgaria,2511,Wheat and products,5123,Losses,2008,1000 t,386.0,I,losses
27,Bulgaria,2511,Wheat and products,5123,Losses,2009,1000 t,79.0,I,losses
27,Bulgaria,2511,Wheat and products,5123,Losses,2010,1000 t,390.0,I,losses
27,Bulgaria,2511,Wheat and products,5123,Losses,2011,1000 t,454.0,I,losses
27,Bulgaria,2511,Wheat and products,5142,Food,2006,1000 t,913.0,I,food
27,Bulgaria,2511,Wheat and products,5142,Food,2007,1000 t,890.0,I,food
27,Bulgaria,2511,Wheat and products,5142,Food,2008,1000 t,877.0,I,food
27,Bulgaria,2511,Wheat and products,5142,Food,2009,1000 t,885.0,I,food
27,Bulgaria,2511,Wheat and products,5142,Food,2010,1000 t,857.0,I,food
27,Bulgaria,2511,Wheat and products,5142,Food,2011,1000 t,877.0,I,food
233,Burkina Faso,2511,Wheat and products,5611,Import Quantity,2006,1000 t,118.0,I,imports
233,Burkina Faso,2511,Wheat and products,5611,Import Quantity,2007,1000 t,116.0,I,imports
233,Burkina Faso,2511,Wheat and products,5611,Import Quantity,2008,1000 t,89.0,I,imports
233,Burkina Faso,2511,Wheat and products,5611,Import Quantity,2009,1000 t,127.0,I,imports
233,Burkina Faso,2511,Wheat and products,5611,Import Quantity,2010,1000 t,136.0,I,imports
233,Burkina Faso,2511,Wheat and products,5611,Import Quantity,2011,1000 t,142.0,I,imports
233,Burkina Faso,2511,Wheat and products,5074,Stock Variation,2006,1000 t,0.0,I,stock_variation
233,Burkina Faso,2511,Wheat and products,5074,Stock Variation,2007,1000 t,0.0,I,stock_variation
233,Burkina Faso,2511,Wheat and products,5074,Stock Variation,2008,1000 t,0.0,I,stock_variation
233,Burkina Faso,2511,Wheat and products,5074,Stock Variation,2009,1000 t,0.0,I,stock_variation
233,Burkina Faso,2511,Wheat and products,5074,Stock Variation,2010,1000 t,0.0,I,stock_variation
233,Burkina Faso,2511,Wheat and products,5074,Stock Variation,2011,1000 t,0.0,I,stock_variation
233,Burkina Faso,2511,Wheat and products,5911,Export Quantity,2006,1000 t,0.0,I,exports
233,Burkina Faso,2511,Wheat and products,5911,Export Quantity,2007,1000 t,0.0,I,exports
233,Burkina Faso,2511,Wheat and products,5911,Export Quantity,2008,1000 t,0.0,I,exports
233,Burkina Faso,2511,Wheat and products,5911,Export Quantity,2009,1000 t,0.0,I,exports
233,Burkina Faso,2511,Wheat and products,5911,Export Quantity,2010,1000 t,0.0,I,exports
233,Burkina Faso,2511,Wheat and products,5911,Export Quantity,2011,1000 t,0.0,I,exports
233,Burkina Faso,2511,Wheat and products,5301,Domestic supply quantity,2006,1000 t,118.0,I,domestic_supply
233,Burkina Faso,2511,Wheat and products,5301,Domestic supply quantity,2007,1000 t,116.0,I,domestic_supply
233,Burkina Faso,2511,Wheat and products,5301,Domestic supply quantity,2008,1000 t,89.0,I,domestic_supply
233,Burkina Faso,2511,Wheat and products,5301,Domestic supply quantity,2009,1000 t,127.0,I,domestic_supply
233,Burkina Faso,2511,Wheat and products,5301,Domestic supply quantity,2010,1000 t,136.0,I,domestic_supply
233,Burkina Faso,2511,Wheat and products,5301,Domestic supply quantity,2011,1000 t,142.0,I,domestic_supply
233,Burkina Faso,2511,Wheat and products,5123,Losses,2006,1000 t,2.0,I,losses
233,Burkina Faso,2511,Wheat and products,5123,Losses,2007,1000 t,2.0,I,losses
233,Burkina Faso,2511,Wheat and products,5123,Losses,2008,1000 t,1.0,I,losses
233,Burkina Faso,2511,Wheat and products,5123,Losses,2009,1000 t,2.0,I,losses
233,Burkina Faso,2511,Wheat and products,5123,Losses,2010,1000 t,2.0,I,losses
233,Burkina Faso,2511,Wheat and products,5123,Losses,2011,1000 t,2.0,I,losses
233,Burkina Faso,2511,Wheat and products,5142,Food,2006,1000 t,116.0,I,food
233,Burkina Faso,2511,Wheat and products,5142,Food,2007,1000 t,114.0,I,food
233,Burkina Faso,2511,Wheat and products,5142,Food,2008,1000 t,87.0,I,food
233,Burkina Faso,2511,Wheat and products,5142,Food,2009,1000 t,125.0,I,food
233,Burkina Faso,2511,Wheat and products,5142,Food,2010,1000 t,134.0,I,food
233,Burkina Faso,2511,Wheat and products,5142,Food,2011,1000 t,139.0,I,food
35,Cabo Verde,2511,Wheat and products,5611,Import Quantity,2006,1000 t,27.0,I,imports
35,Cabo Verde,2511,Wheat and products,5611,Import Quantity,2007,1000 t,28.0,I,imports
35,Cabo Verde,2511,Wheat and products,5611,Import Quantity,2008,1000 t,33.0,I,imports
35,Cabo Verde,2511,Wheat and products,5611,Import Quantity,2009,1000 t,32.0,I,imports
35,Cabo Verde,2511,Wheat and products,5611,Import Quantity,2010,1000 t,27.0,I,imports
35,Cabo Verde,2511,Wheat and products,5611,Import Quantity,2011,1000 t,26.0,I,imports
35,Cabo Verde,2511,Wheat and products,5074,Stock Variation,2006,1000 t,1.0,I,stock_variation
35,Cabo Verde,2511,Wheat and products,5074,Stock Variation,2007,1000 t,-1.0,I,stock_variation
35,Cabo Verde,2511,Wheat and products,5074,Stock Variation,2008,1000 t,-4.0,I,stock_variation
35,Cabo Verde,2511,Wheat and products,5074,Stock Variation,2009,1000 t,-3.0,I,stock_variation
35,Cabo Verde,2511,Wheat and products,5074,Stock Variation,2010,1000 t,2.0,I,stock_variation
35,Cabo Verde,2511,Wheat and products,5074,Stock Variation,2011,1000 t,2.0,I,stock_variation
35,Cabo Verde,2511,Wheat and products,5911,Export Quantity,2006,1000 t,3.0,I,exports
35,Cabo Verde,2511,Wheat and products,5911,Export Quantity,2007,1000 t,0.0,I,exports
35,Cabo Verde,2511,Wheat and products,5911,Export Quantity,2008,1000 t,0.0,I,exports
35,Cabo Verde,2511,Wheat and products,5911,Export Quantity,2009,1000 t,0.0,I,exports
35,Cabo Verde,2511,Wheat and products,5911,Export Quantity,2010,1000 t,0.0,I,exports
35,Cabo Verde,2511,Wheat and products,5911,Export Quantity,2011,1000 t,0.0,I,exports
35,Cabo Verde,2511,Wheat and products,5301,Domestic supply quantity,2006,1000 t,25.0,I,domestic_supply
35,Cabo Verde,2511,Wheat and products,5301,Domestic supply quantity,2007,1000 t,26.0,I,domestic_supply
35,Cabo Verde,2511,Wheat and products,5301,Domestic supply quantity,2008,1000 t,30.0,I,domestic_supply
35,Cabo Verde,2511,Wheat and products,5301,Domestic supply quantity,2009,1000 t,30.0,I,domestic_supply
35,Cabo Verde,2511,Wheat and products,5301,Domestic supply quantity,2010,1000 t,29.0,I,domestic_supply
35,Cabo Verde,2511,Wheat and products,5301,Domestic supply quantity,2011,1000 t,29.0,I,domestic_supply
35,Cabo Verde,2511,Wheat and products,5123,Losses,2006,1000 t,1.0,I,losses
35,Cabo Verde,2511,Wheat and products,5123,Losses,2007,1000 t,1.0,I,losses
35,Cabo Verde,2511,Wheat and products,5123,Losses,2008,1000 t,1.0,I,losses
35,Cabo Verde,2511,Wheat and products,5123,Losses,2009,1000 t,1.0,I,losses
35,Cabo Verde,2511,Wheat and products,5123,Losses,2010,1000 t,1.0,I,losses
35,Cabo Verde,2511,Wheat and products,5123,Losses,2011,1000 t,1.0,I,losses
35,Cabo Verde,2511,Wheat and products,5142,Food,2006,1000 t,18.0,I,food
35,Cabo Verde,2511,Wheat and products,5142,Food,2007,1000 t,18.0,I,food
35,Cabo Verde,2511,Wheat and products,5142,Food,2008,1000 t,19.0,I,food
35,Cabo Verde,2511,Wheat and products,5142,Food,2009,1000 t,19.0,I,food
35,Cabo Verde,2511,Wheat and products,5142,Food,2010,1000 t,18.0,I,food
35,Cabo Verde,2511,Wheat and products,5142,Food,2011,1000 t,18.0,I,food
115,Cambodia,2511,Wheat and products,5611,Import Quantity,2006,1000 t,43.0,I,imports
115,Cambodia,2511,Wheat and products,5611,Import Quantity,2007,1000 t,43.0,I,imports
115,Cambodia,2511,Wheat and products,5611,Import Quantity,2008,1000 t,31.0,I,imports
115,Cambodia,2511,Wheat and products,5611,Import Quantity,2009,1000 t,36.0,I,imports
115,Cambodia,2511,Wheat and products,5611,Import Quantity,2010,1000 t,29.0,I,imports
115,Cambodia,2511,Wheat and products,5611,Import Quantity,2011,1000 t,36.0,I,imports
115,Cambodia,2511,Wheat and products,5074,Stock Variation,2006,1000 t,0.0,I,stock_variation
115,Cambodia,2511,Wheat and products,5074,Stock Variation,2007,1000 t,0.0,I,stock_variation
115,Cambodia,2511,Wheat and products,5074,Stock Variation,2008,1000 t,0.0,I,stock_variation
115,Cambodia,2511,Wheat and products,5074,Stock Variation,2009,1000 t,0.0,I,stock_variation
115,Cambodia,2511,Wheat and products,5074,Stock Variation,2010,1000 t,0.0,I,stock_variation
115,Cambodia,2511,Wheat and products,5074,Stock Variation,2011,1000 t,0.0,I,stock_variation
115,Cambodia,2511,Wheat and products,5911,Export Quantity,2006,1000 t,0.0,I,exports
115,Cambodia,2511,Wheat and products,5911,Export Quantity,2007,1000 t,0.0,I,exports
115,Cambodia,2511,Wheat and products,5911,Export Quantity,2008,1000 t,0.0,I,exports
115,Cambodia,2511,Wheat and products,5911,Export Quantity,2009,1000 t,0.0,I,exports
115,Cambodia,2511,Wheat and products,5911,Export Quantity,2010,1000 t,0.0,I,exports
115,Cambodia,2511,Wheat and products,5911,Export Quantity,2011,1000 t,1.0,I,exports
115,Cambodia,2511,Wheat and products,5301,Domestic supply quantity,2006,1000 t,43.0,I,domestic_supply
115,Cambodia,2511,Wheat and products,5301,Domestic supply quantity,2007,1000 t,43.0,I,domestic_supply
115,Cambodia,2511,Wheat and products,5301,Domestic supply quantity,2008,1000 t,31.0,I,domestic_supply
115,Cambodia,2511,Wheat and products,5301,Domestic supply quantity,2009,1000 t,36.0,I,domestic_supply
115,Cambodia,2511,Wheat and products,5301,Domestic supply quantity,2010,1000 t,29.0,I,domestic_supply
115,Cambodia,2511,Wheat and products,5301,Domestic supply quantity,2011,1000 t,35.0,I,domestic_supply
115,Cambodia,2511,Wheat and products,5123,Losses,2006,1000 t,0.0,I,losses
115,Cambodia,2511,Wheat and products,5123,Losses,2007,1000 t,0.0,I,losses
115,Cambodia,2511,Wheat and products,5123,Losses,2008,1000 t,0.0,I,losses
115,Cambodia,2511,Wheat and products,5123,Losses,2009,1000 t,0.0,I,losses
115,Cambodia,2511,Wheat and products,5123,Losses,2010,1000 t,0.0,I,losses
115,Cambodia,2511,Wheat and products,5123,Losses,2011,1000 t,0.0,I,losses
115,Cambodia,2511,Wheat and products,5142,Food,2006,1000 t,43.0,I,food
115,Cambodia,2511,Wheat and products,5142,Food,2007,1000 t,43.0,I,food
115,Cambodia,2511,Wheat and products,5142,Food,2008,1000 t,30.0,I,food
115,Cambodia,2511,Wheat and products,5142,Food,2009,1000 t,36.0,I,food
115,Cambodia,2511,Wheat and products,5142,Food,2010,1000 t,29.0,I,food
115,Cambodia,2511,Wheat and products,5142,Food,2011,1000 t,35.0,I,food
32,Cameroon,2511,Wheat and products,5511,Production,2006,1000 t,1.0,I,production
32,Cameroon,2511,Wheat and products,5511,Production,2007,1000 t,1.0,I,production
32,Cameroon,2511,Wheat and products,5511,Production,2008,1000 t,1.0,I,production
32,Cameroon,2511,Wheat and products,5511,Production,2009,1000 t,1.0,I,production
32,Cameroon,2511,Wheat and products,5511,Production,2010,1000 t,1.0,I,production
32,Cameroon,2511,Wheat and products,5511,Production,2011,1000 t,1.0,I,production
32,Cameroon,2511,Wheat and products,5611,Import Quantity,2006,1000 t,386.0,I,imports
32,Cameroon,2511,Wheat and products,5611,Import Quantity,2007,1000 t,248.0,I,imports
32,Cameroon,2511,Wheat and products,5611,Import Quantity,2008,1000 t,437.0,I,imports
32,Cameroon,2511,Wheat and products,5611,Import Quantity,2009,1000 t,427.0,I,imports
32,Cameroon,2511,Wheat and products,5611,Import Quantity,2010,1000 t,408.0,I,imports
32,Cameroon,2511,Wheat and products,5611,Import Quantity,2011,1000 t,459.0,I,imports
32,Cameroon,2511,Wheat and products,5074,Stock Variation,2006,1000 t,-60.0,I,stock_variation
32,Cameroon,2511,Wheat and products,5074,Stock Variation,2007,1000 t,80.0,I,stock_variation
32,Cameroon,2511,Wheat and products,5074,Stock Variation,2008,1000 t,-80.0,I,stock_variation
32,Cameroon,2511,Wheat and products,5074,Stock Variation,2009,1000 t,-50.0,I,stock_variation
32,Cameroon,2511,Wheat and products,5074,Stock Variation,2010,1000 t,0.0,I,stock_variation
32,Cameroon,2511,Wheat and products,5074,Stock Variation,2011,1000 t,0.0,I,stock_variation
32,Cameroon,2511,Wheat and products,5911,Export Quantity,2006,1000 t,2.0,I,exports
32,Cameroon,2511,Wheat and products,5911,Export Quantity,2007,1000 t,4.0,I,exports
32,Cameroon,2511,Wheat and products,5911,Export Quantity,2008,1000 t,4.0,I,exports
32,Cameroon,2511,Wheat and products,5911,Export Quantity,2009,1000 t,4.0,I,exports
32,Cameroon,2511,Wheat and products,5911,Export Quantity,2010,1000 t,5.0,I,exports
32,Cameroon,2511,Wheat and products,5911,Export Quantity,2011,1000 t,4.0,I,exports
32,Cameroon,2511,Wheat and products,5301,Domestic supply quantity,2006,1000 t,325.0,I,domestic_supply
32,Cameroon,2511,Wheat and products,5301,Domestic supply quantity,2007,1000 t,325.0,I,domestic_supply
32,Cameroon,2511,Wheat and products,5301,Domestic supply quantity,2008,1000 t,353.0,I,domestic_supply
32,Cameroon,2511,Wheat and products,5301,Domestic supply quantity,2009,1000 t,374.0,I,domestic_supply
32,Cameroon,2511,Wheat and products,5301,Domestic supply quantity,2010,1000 t,404.0,I,domestic_supply
32,Cameroon,2511,Wheat and products,5301,Domestic supply quantity,2011,1000 t,456.0,I,domestic_supply
32,Cameroon,2511,Wheat and products,5527,Seed,2006,1000 t,0.0,I,seed
32,Cameroon,2511,Wheat and products,5527,Seed,2007,1000 t,0.0,I,seed
32,Cameroon,2511,Wheat and products,5527,Seed,2008,1000 t,0.0,I,seed
32,Cameroon,2511,Wheat and products,5527,Seed,2009,1000 t,0.0,I,seed
32,Cameroon,2511,Wheat and products,5527,Seed,2010,1000 t,0.0,I,seed
32,Cameroon,2511,Wheat and products,5527,Seed,2011,1000 t,0.0,I,seed
32,Cameroon,2511,Wheat and products,5123,Losses,2006,1000 t,13.0,I,losses
32,Cameroon,2511,Wheat and products,5123,Losses,2007,1000 t,12.0,I,losses
32,Cameroon,2511,Wheat and products,5123,Losses,2008,1000 t,15.0,I,losses
32,Cameroon,2511,Wheat and products,5123,Losses,2009,1000 t,15.0,I,losses
32,Cameroon,2511,Wheat and products,5123,Losses,2010,1000 t,23.0,I,losses
32,Cameroon,2511,Wheat and products,5123,Losses,2011,1000 t,25.0,I,losses
32,Cameroon,2511,Wheat and products,5142,Food,2006,1000 t,311.0,I,food
32,Cameroon,2511,Wheat and products,5142,Food,2007,1000 t,312.0,I,food
32,Cameroon,2511,Wheat and products,5142,Food,2008,1000 t,338.0,I,food
32,Cameroon,2511,Wheat and products,5142,Food,2009,1000 t,359.0,I,food
32,Cameroon,2511,Wheat and products,5142,Food,2010,1000 t,381.0,I,food
32,Cameroon,2511,Wheat and products,5142,Food,2011,1000 t,431.0,I,food
33,Canada,2511,Wheat and products,5511,Production,2006,1000 t,25265.0,I,production
33,Canada,2511,Wheat and products,5511,Production,2007,1000 t,20090.0,I,production
33,Canada,2511,Wheat and products,5511,Production,2008,1000 t,28619.0,I,production
33,Canada,2511,Wheat and products,5511,Production,2009,1000 t,26950.0,I,production
33,Canada,2511,Wheat and products,5511,Production,2010,1000 t,23300.0,I,production
33,Canada,2511,Wheat and products,5511,Production,2011,1000 t,25288.0,I,production
33,Canada,2511,Wheat and products,5611,Import Quantity,2006,1000 t,548.0,I,imports
33,Canada,2511,Wheat and products,5611,Import Quantity,2007,1000 t,696.0,I,imports
33,Canada,2511,Wheat and products,5611,Import Quantity,2008,1000 t,820.0,I,imports
33,Canada,2511,Wheat and products,5611,Import Quantity,2009,1000 t,934.0,I,imports
33,Canada,2511,Wheat and products,5611,Import Quantity,2010,1000 t,990.0,I,imports
33,Canada,2511,Wheat and products,5611,Import Quantity,2011,1000 t,931.0,I,imports
33,Canada,2511,Wheat and products,5074,Stock Variation,2006,1000 t,1450.0,I,stock_variation
33,Canada,2511,Wheat and products,5074,Stock Variation,2007,1000 t,3915.0,I,stock_variation
33,Canada,2511,Wheat and products,5074,Stock Variation,2008,1000 t,-6338.0,I,stock_variation
33,Canada,2511,Wheat and products,5074,Stock Variation,2009,1000 t,-450.0,I,stock_variation
33,Canada,2511,Wheat and products,5074,Stock Variation,2010,1000 t,1390.0,I,stock_variation
33,Canada,2511,Wheat and products,5074,Stock Variation,2011,1000 t,-1316.0,I,stock_variation
33,Canada,2511,Wheat and products,5911,Export Quantity,2006,1000 t,19318.0,I,exports
33,Canada,2511,Wheat and products,5911,Export Quantity,2007,1000 t,18377.0,I,exports
33,Canada,2511,Wheat and products,5911,Export Quantity,2008,1000 t,16638.0,I,exports
33,Canada,2511,Wheat and products,5911,Export Quantity,2009,1000 t,20224.0,I,exports
33,Canada,2511,Wheat and products,5911,Export Quantity,2010,1000 t,19404.0,I,exports
33,Canada,2511,Wheat and products,5911,Export Quantity,2011,1000 t,17345.0,I,exports
33,Canada,2511,Wheat and products,5301,Domestic supply quantity,2006,1000 t,7945.0,I,domestic_supply
33,Canada,2511,Wheat and products,5301,Domestic supply quantity,2007,1000 t,6325.0,I,domestic_supply
33,Canada,2511,Wheat and products,5301,Domestic supply quantity,2008,1000 t,6463.0,I,domestic_supply
33,Canada,2511,Wheat and products,5301,Domestic supply quantity,2009,1000 t,7210.0,I,domestic_supply
33,Canada,2511,Wheat and products,5301,Domestic supply quantity,2010,1000 t,6276.0,I,domestic_supply
33,Canada,2511,Wheat and products,5301,Domestic supply quantity,2011,1000 t,7557.0,I,domestic_supply
33,Canada,2511,Wheat and products,5521,Feed,2006,1000 t,4150.0,I,feed
33,Canada,2511,Wheat and products,5521,Feed,2007,1000 t,2199.0,I,feed
33,Canada,2511,Wheat and products,5521,Feed,2008,1000 t,2197.0,I,feed
33,Canada,2511,Wheat and products,5521,Feed,2009,1000 t,2629.0,I,feed
33,Canada,2511,Wheat and products,5521,Feed,2010,1000 t,1725.0,I,feed
33,Canada,2511,Wheat and products,5521,Feed,2011,1000 t,3338.0,I,feed
33,Canada,2511,Wheat and products,5527,Seed,2006,1000 t,869.0,I,seed
33,Canada,2511,Wheat and products,5527,Seed,2007,1000 t,919.0,I,seed
33,Canada,2511,Wheat and products,5527,Seed,2008,1000 t,985.0,I,seed
33,Canada,2511,Wheat and products,5527,Seed,2009,1000 t,961.0,I,seed
33,Canada,2511,Wheat and products,5527,Seed,2010,1000 t,861.0,I,seed
33,Canada,2511,Wheat and products,5527,Seed,2011,1000 t,874.0,I,seed
33,Canada,2511,Wheat and products,5123,Losses,2006,1000 t,12.0,I,losses
33,Canada,2511,Wheat and products,5123,Losses,2007,1000 t,16.0,I,losses
33,Canada,2511,Wheat and products,5123,Losses,2008,1000 t,27.0,I,losses
33,Canada,2511,Wheat and products,5123,Losses,2009,1000 t,23.0,I,losses
33,Canada,2511,Wheat and products,5123,Losses,2010,1000 t,23.0,I,losses
33,Canada,2511,Wheat and products,5123,Losses,2011,1000 t,22.0,I,losses
33,Canada,2511,Wheat and products,5142,Food,2006,1000 t,2854.0,I,food
33,Canada,2511,Wheat and products,5142,Food,2007,1000 t,2908.0,I,food
33,Canada,2511,Wheat and products,5142,Food,2008,1000 t,2897.0,I,food
33,Canada,2511,Wheat and products,5142,Food,2009,1000 t,2895.0,I,food
33,Canada,2511,Wheat and products,5142,Food,2010,1000 t,2889.0,I,food
33,Canada,2511,Wheat and products,5142,Food,2011,1000 t,2724.0,I,food
37,Central African Republic,2511,Wheat and products,5611,Import Quantity,2006,1000 t,43.0,I,imports
37,Central African Republic,2511,Wheat and products,5611,Import Quantity,2007,1000 t,26.0,I,imports
37,Central African Republic,2511,Wheat and products,5611,Import Quantity,2008,1000 t,29.0,I,imports
37,Central African Republic,2511,Wheat and products,5611,Import Quantity,2009,1000 t,32.0,I,imports
37,Central African Republic,2511,Wheat and products,5611,Import Quantity,2010,1000 t,37.0,I,imports
37,Central African Republic,2511,Wheat and products,5611,Import Quantity,2011,1000 t,44.0,I,imports
37,Central African Republic,2511,Wheat and products,5074,Stock Variation,2006,1000 t,0.0,I,stock_variation
37,Central African Republic,2511,Wheat and products,5074,Stock Variation,2007,1000 t,0.0,I,stock_variation
37,Central African Republic,2511,Wheat and products,5074,Stock Variation,2008,1000 t,0.0,I,stock_variation
37,Central African Republic,2511,Wheat and products,5074,Stock Variation,2009,1000 t,0.0,I,stock_variation
37,Central African Republic,2511,Wheat and products,5074,Stock Variation,2010,1000 t,0.0,I,stock_variation
37,Central African Republic,2511,Wheat and products,5074,Stock Variation,2011,1000 t,0.0,I,stock_variation
37,Central African Republic,2511,Wheat and products,5911,Export Quantity,2006,1000 t,0.0,I,exports
37,Central African Republic,2511,Wheat and products,5911,Export Quantity,2007,1000 t,0.0,I,exports
37,Central African Republic,2511,Wheat and products,5911,Export Quantity,2008,1000 t,0.0,I,exports
37,Central African Republic,2511,Wheat and products,5911,Export Quantity,2009,1000 t,0.0,I,exports
37,Central African Republic,2511,Wheat and products,5911,Export Quantity,2010,1000 t,0.0,I,exports
37,Central African Republic,2511,Wheat and products,5911,Export Quantity,2011,1000 t,0.0,I,exports
37,Central African Republic,2511,Wheat and products,5301,Domestic supply quantity,2006,1000 t,43.0,I,domestic_supply
37,Central African Republic,2511,Wheat and products,5301,Domestic supply quantity,2007,1000 t,26.0,I,domestic_supply
37,Central African Republic,2511,Wheat and products,5301,Domestic supply quantity,2008,1000 t,29.0,I,domestic_supply
37,Central African Republic,2511,Wheat and products,5301,Domestic supply quantity,2009,1000 t,32.0,I,domestic_supply
37,Central African Republic,2511,Wheat and products,5301,Domestic supply quantity,2010,1000 t,37.0,I,domestic_supply
37,Central African Republic,2511,Wheat and products,5301,Domestic supply quantity,2011,1000 t,44.0,I,domestic_supply
37,Central African Republic,2511,Wheat and products,5123,Losses,2006,1000 t,1.0,I,losses
37,Central African Republic,2511,Wheat and products,5123,Losses,2007,1000 t,1.0,I,losses
37,Central African Republic,2511,Wheat and products,5123,Losses,2008,1000 t,1.0,I,losses
37,Central African Republic,2511,Wheat and products,5123,Losses,2009,1000 t,1.0,I,losses
37,Central African Republic,2511,Wheat and products,5123,Losses,2010,1000 t,1.0,I,losses
37,Central African Republic,2511,Wheat and products,5123,Losses,2011,1000 t,1.0,I,losses
37,Central African Republic,2511,Wheat and products,5142,Food,2006,1000 t,42.0,I,food
37,Central African Republic,2511,Wheat and products,5142,Food,2007,1000 t,25.0,I,food
37,Central African Republic,2511,Wheat and products,5142,Food,2008,1000 t,28.0,I,food
37,Central African Republic,2511,Wheat and products,5142,Food,2009,1000 t,31.0,I,food
37,Central African Republic,2511,Wheat and products,5142,Food,2010,1000 t,36.0,I,food
37,Central African Republic,2511,Wheat and products,5142,Food,2011,1000 t,42.0,I,food
39,Chad,2511,Wheat and products,5511,Production,2006,1000 t,2.0,I,production
39,Chad,2511,Wheat and products,5511,Production,2007,1000 t,8.0,I,production
39,Chad,2511,Wheat and products,5511,Production,2008,1000 t,8.0,I,production
39,Chad,2511,Wheat and products,5511,Production,2009,1000 t,11.0,I,production
39,Chad,2511,Wheat and products,5511,Production,2010,1000 t,10.0,I,production
39,Chad,2511,Wheat and products,5511,Production,2011,1000 t,2.0,I,production
39,Chad,2511,Wheat and products,5611,Import Quantity,2006,1000 t,89.0,I,imports
39,Chad,2511,Wheat and products,5611,Import Quantity,2007,1000 t,95.0,I,imports
39,Chad,2511,Wheat and products,5611,Import Quantity,2008,1000 t,99.0,I,imports
39,Chad,2511,Wheat and products,5611,Import Quantity,2009,1000 t,113.0,I,imports
39,Chad,2511,Wheat and products,5611,Import Quantity,2010,1000 t,117.0,I,imports
39,Chad,2511,Wheat and products,5611,Import Quantity,2011,1000 t,105.0,I,imports
39,Chad,2511,Wheat and products,5074,Stock Variation,2006,1000 t,-10.0,I,stock_variation
39,Chad,2511,Wheat and products,5074,Stock Variation,2007,1000 t,0.0,I,stock_variation
39,Chad,2511,Wheat and products,5074,Stock Variation,2008,1000 t,0.0,I,stock_variation
39,Chad,2511,Wheat and products,5074,Stock Variation,2009,1000 t,0.0,I,stock_variation
39,Chad,2511,Wheat and products,5074,Stock Variation,2010,1000 t,0.0,I,stock_variation
39,Chad,2511,Wheat and products,5074,Stock Variation,2011,1000 t,10.0,I,stock_variation
39,Chad,2511,Wheat and products,5911,Export Quantity,2006,1000 t,0.0,I,exports
39,Chad,2511,Wheat and products,5911,Export Quantity,2007,1000 t,0.0,I,exports
39,Chad,2511,Wheat and products,5911,Export Quantity,2008,1000 t,0.0,I,exports
39,Chad,2511,Wheat and products,5911,Export Quantity,2009,1000 t,0.0,I,exports
39,Chad,2511,Wheat and products,5911,Export Quantity,2010,1000 t,0.0,I,exports
39,Chad,2511,Wheat and products,5911,Export Quantity,2011,1000 t,0.0,I,exports
39,Chad,2511,Wheat and products,5301,Domestic supply quantity,2006,1000 t,81.0,I,domestic_supply
39,Chad,2511,Wheat and products,5301,Domestic supply quantity,2007,1000 t,104.0,I,domestic_supply
39,Chad,2511,Wheat and products,5301,Domestic supply quantity,2008,1000 t,107.0,I,domestic_supply
39,Chad,2511,Wheat and products,5301,Domestic supply quantity,2009,1000 t,123.0,I,domestic_supply
39,Chad,2511,Wheat and products,5301,Domestic supply quantity,2010,1000 t,126.0,I,domestic_supply
39,Chad,2511,Wheat and products,5301,Domestic supply quantity,2011,1000 t,116.0,I,domestic_supply
39,Chad,2511,Wheat and products,5527,Seed,2006,1000 t,0.0,I,seed
39,Chad,2511,Wheat and products,5527,Seed,2007,1000 t,0.0,I,seed
39,Chad,2511,Wheat and products,5527,Seed,2008,1000 t,0.0,I,seed
39,Chad,2511,Wheat and products,5527,Seed,2009,1000 t,0.0,I,seed
39,Chad,2511,Wheat and products,5527,Seed,2010,1000 t,0.0,I,seed
39,Chad,2511,Wheat and products,5527,Seed,2011,1000 t,1.0,I,seed
39,Chad,2511,Wheat and products,5123,Losses,2006,1000 t,2.0,I,losses
39,Chad,2511,Wheat and products,5123,Losses,2007,1000 t,3.0,I,losses
39,Chad,2511,Wheat and products,5123,Losses,2008,1000 t,3.0,I,losses
39,Chad,2511,Wheat and products,5123,Losses,2009,1000 t,3.0,I,losses
39,Chad,2511,Wheat and products,5123,Losses,2010,1000 t,3.0,I,losses
39,Chad,2511,Wheat and products,5123,Losses,2011,1000 t,3.0,I,losses
39,Chad,2511,Wheat and products,5142,Food,2006,1000 t,79.0,I,food
39,Chad,2511,Wheat and products,5142,Food,2007,1000 t,101.0,I,food
39,Chad,2511,Wheat and products,5142,Food,2008,1000 t,104.0,I,food
39,Chad,2511,Wheat and products,5142,Food,2009,1000 t,120.0,I,food
39,Chad,2511,Wheat and products,5142,Food,2010,1000 t,123.0,I,food
39,Chad,2511,Wheat and products,5142,Food,2011,1000 t,113.0,I,food
40,Chile,2511,Wheat and products,5511,Production,2006,1000 t,1404.0,I,production
40,Chile,2511,Wheat and products,5511,Production,2007,1000 t,1096.0,I,production
40,Chile,2511,Wheat and products,5511,Production,2008,1000 t,1238.0,I,production
40,Chile,2511,Wheat and products,5511,Production,2009,1000 t,1145.0,I,production
40,Chile,2511,Wheat and products,5511,Production,2010,1000 t,1524.0,I,production
40,Chile,2511,Wheat and products,5511,Production,2011,1000 t,1576.0,I,production
40,Chile,2511,Wheat and products,5611,Import Quantity,2006,1000 t,1085.0,I,imports
40,Chile,2511,Wheat and products,5611,Import Quantity,2007,1000 t,1145.0,I,imports
40,Chile,2511,Wheat and products,5611,Import Quantity,2008,1000 t,853.0,I,imports
40,Chile,2511,Wheat and products,5611,Import Quantity,2009,1000 t,742.0,I,imports
40,Chile,2511,Wheat and products,5611,Import Quantity,2010,1000 t,747.0,I,imports
40,Chile,2511,Wheat and products,5611,Import Quantity,2011,1000 t,780.0,I,imports
40,Chile,2511,Wheat and products,5074,Stock Variation,2006,1000 t,-322.0,I,stock_variation
40,Chile,2511,Wheat and products,5074,Stock Variation,2007,1000 t,-95.0,I,stock_variation
40,Chile,2511,Wheat and products,5074,Stock Variation,2008,1000 t,40.0,I,stock_variation
40,Chile,2511,Wheat and products,5074,Stock Variation,2009,1000 t,260.0,I,stock_variation
40,Chile,2511,Wheat and products,5074,Stock Variation,2010,1000 t,-25.0,I,stock_variation
40,Chile,2511,Wheat and products,5074,Stock Variation,2011,1000 t,-29.0,I,stock_variation
40,Chile,2511,Wheat and products,5911,Export Quantity,2006,1000 t,61.0,I,exports
40,Chile,2511,Wheat and products,5911,Export Quantity,2007,1000 t,136.0,I,exports
40,Chile,2511,Wheat and products,5911,Export Quantity,2008,1000 t,145.0,I,exports
40,Chile,2511,Wheat and products,5911,Export Quantity,2009,1000 t,146.0,I,exports
40,Chile,2511,Wheat and products,5911,Export Quantity,2010,1000 t,176.0,I,exports
40,Chile,2511,Wheat and products,5911,Export Quantity,2011,1000 t,215.0,I,exports
40,Chile,2511,Wheat and products,5301,Domestic supply quantity,2006,1000 t,2106.0,I,domestic_supply
40,Chile,2511,Wheat and products,5301,Domestic supply quantity,2007,1000 t,2010.0,I,domestic_supply
40,Chile,2511,Wheat and products,5301,Domestic supply quantity,2008,1000 t,1985.0,I,domestic_supply
40,Chile,2511,Wheat and products,5301,Domestic supply quantity,2009,1000 t,2002.0,I,domestic_supply
40,Chile,2511,Wheat and products,5301,Domestic supply quantity,2010,1000 t,2070.0,I,domestic_supply
40,Chile,2511,Wheat and products,5301,Domestic supply quantity,2011,1000 t,2112.0,I,domestic_supply
40,Chile,2511,Wheat and products,5521,Feed,2006,1000 t,170.0,I,feed
40,Chile,2511,Wheat and products,5521,Feed,2007,1000 t,160.0,I,feed
40,Chile,2511,Wheat and products,5521,Feed,2008,1000 t,145.0,I,feed
40,Chile,2511,Wheat and products,5521,Feed,2009,1000 t,145.0,I,feed
40,Chile,2511,Wheat and products,5521,Feed,2010,1000 t,150.0,I,feed
40,Chile,2511,Wheat and products,5521,Feed,2011,1000 t,150.0,I,feed
40,Chile,2511,Wheat and products,5527,Seed,2006,1000 t,37.0,I,seed
40,Chile,2511,Wheat and products,5527,Seed,2007,1000 t,43.0,I,seed
40,Chile,2511,Wheat and products,5527,Seed,2008,1000 t,45.0,I,seed
40,Chile,2511,Wheat and products,5527,Seed,2009,1000 t,42.0,I,seed
40,Chile,2511,Wheat and products,5527,Seed,2010,1000 t,43.0,I,seed
40,Chile,2511,Wheat and products,5527,Seed,2011,1000 t,39.0,I,seed
40,Chile,2511,Wheat and products,5123,Losses,2006,1000 t,64.0,I,losses
40,Chile,2511,Wheat and products,5123,Losses,2007,1000 t,58.0,I,losses
40,Chile,2511,Wheat and products,5123,Losses,2008,1000 t,55.0,I,losses
40,Chile,2511,Wheat and products,5123,Losses,2009,1000 t,52.0,I,losses
40,Chile,2511,Wheat and products,5123,Losses,2010,1000 t,58.0,I,losses
40,Chile,2511,Wheat and products,5123,Losses,2011,1000 t,60.0,I,losses
40,Chile,2511,Wheat and products,5142,Food,2006,1000 t,1834.0,I,food
40,Chile,2511,Wheat and products,5142,Food,2007,1000 t,1746.0,I,food
40,Chile,2511,Wheat and products,5142,Food,2008,1000 t,1738.0,I,food
40,Chile,2511,Wheat and products,5142,Food,2009,1000 t,1760.0,I,food
40,Chile,2511,Wheat and products,5142,Food,2010,1000 t,1814.0,I,food
40,Chile,2511,Wheat and products,5142,Food,2011,1000 t,1861.0,I,food
351,China,2511,Wheat and products,5511,Production,2006,1000 t,108466.0,E,production
351,China,2511,Wheat and products,5511,Production,2007,1000 t,109298.0,E,production
351,China,2511,Wheat and products,5511,Production,2008,1000 t,112464.0,E,production
351,China,2511,Wheat and products,5511,Production,2009,1000 t,115115.0,E,production
351,China,2511,Wheat and products,5511,Production,2010,1000 t,115186.0,E,production
351,China,2511,Wheat and products,5511,Production,2011,1000 t,117414.0,E,production
351,China,2511,Wheat and products,5611,Import Quantity,2006,1000 t,2187.0,E,imports
351,China,2511,Wheat and products,5611,Import Quantity,2007,1000 t,2060.0,E,imports
351,China,2511,Wheat and products,5611,Import Quantity,2008,1000 t,1664.0,E,imports
351,China,2511,Wheat and products,5611,Import Quantity,2009,1000 t,2712.0,E,imports
351,China,2511,Wheat and products,5611,Import Quantity,2010,1000 t,2991.0,E,imports
351,China,2511,Wheat and products,5611,Import Quantity,2011,1000 t,3280.0,E,imports
351,China,2511,Wheat and products,5074,Stock Variation,2006,1000 t,-2686.0,E,stock_variation
351,China,2511,Wheat and products,5074,Stock Variation,2007,1000 t,-1338.0,E,stock_variation
351,China,2511,Wheat and products,5074,Stock Variation,2008,1000 t,-7713.0,E,stock_variation
351,China,2511,Wheat and products,5074,Stock Variation,2009,1000 t,-9922.0,E,stock_variation
351,China,2511,Wheat and products,5074,Stock Variation,2010,1000 t,-6108.0,E,stock_variation
351,China,2511,Wheat and products,5074,Stock Variation,2011,1000 t,5723.0,E,stock_variation
351,China,2511,Wheat and products,5911,Export Quantity,2006,1000 t,2046.0,E,exports
351,China,2511,Wheat and products,5911,Export Quantity,2007,1000 t,3759.0,E,exports
351,China,2511,Wheat and products,5911,Export Quantity,2008,1000 t,774.0,E,exports
351,China,2511,Wheat and products,5911,Export Quantity,2009,1000 t,672.0,E,exports
351,China,2511,Wheat and products,5911,Export Quantity,2010,1000 t,725.0,E,exports
351,China,2511,Wheat and products,5911,Export Quantity,2011,1000 t,822.0,E,exports
351,China,2511,Wheat and products,5301,Domestic supply quantity,2006,1000 t,105921.0,E,domestic_supply
351,China,2511,Wheat and products,5301,Domestic supply quantity,2007,1000 t,106261.0,E,domestic_supply
351,China,2511,Wheat and products,5301,Domestic supply quantity,2008,1000 t,105641.0,E,domestic_supply
351,China,2511,Wheat and products,5301,Domestic supply quantity,2009,1000 t,107233.0,E,domestic_supply
351,China,2511,Wheat and products,5301,Domestic supply quantity,2010,1000 t,111344.0,E,domestic_supply
351,China,2511,Wheat and products,5301,Domestic supply quantity,2011,1000 t,125596.0,E,domestic_supply
351,China,2511,Wheat and products,5521,Feed,2006,1000 t,5649.0,E,feed
351,China,2511,Wheat and products,5521,Feed,2007,1000 t,6917.0,E,feed
351,China,2511,Wheat and products,5521,Feed,2008,1000 t,7249.0,E,feed
351,China,2511,Wheat and products,5521,Feed,2009,1000 t,11041.0,E,feed
351,China,2511,Wheat and products,5521,Feed,2010,1000 t,14002.0,E,feed
351,China,2511,Wheat and products,5521,Feed,2011,1000 t,26778.0,E,feed
351,China,2511,Wheat and products,5527,Seed,2006,1000 t,4130.0,E,seed
351,China,2511,Wheat and products,5527,Seed,2007,1000 t,4100.0,E,seed
351,China,2511,Wheat and products,5527,Seed,2008,1000 t,4400.0,E,seed
351,China,2511,Wheat and products,5527,Seed,2009,1000 t,4690.0,E,seed
351,China,2511,Wheat and products,5527,Seed,2010,1000 t,4690.0,E,seed
351,China,2511,Wheat and products,5527,Seed,2011,1000 t,4690.0,E,seed
351,China,2511,Wheat and products,5123,Losses,2006,1000 t,2682.0,E,losses
351,China,2511,Wheat and products,5123,Losses,2007,1000 t,2526.0,E,losses
351,China,2511,Wheat and products,5123,Losses,2008,1000 t,2927.0,E,losses
351,China,2511,Wheat and products,5123,Losses,2009,1000 t,2866.0,E,losses
351,China,2511,Wheat and products,5123,Losses,2010,1000 t,2868.0,E,losses
351,China,2511,Wheat and products,5123,Losses,2011,1000 t,3012.0,E,losses
351,China,2511,Wheat and products,5142,Food,2006,1000 t,91161.0,E,food
351,China,2511,Wheat and products,5142,Food,2007,1000 t,90137.0,E,food
351,China,2511,Wheat and products,5142,Food,2008,1000 t,88311.0,E,food
351,China,2511,Wheat and products,5142,Food,2009,1000 t,85806.0,E,food
351,China,2511,Wheat and products,5142,Food,2010,1000 t,86870.0,E,food
351,China,2511,Wheat and products,5142,Food,2011,1000 t,88194.0,E,food
96,"China, Hong Kong SAR",2511,Wheat and products,5611,Import Quantity,2006,1000 t,443.0,I,imports
96,"China, Hong Kong SAR",2511,Wheat and products,5611,Import Quantity,2007,1000 t,462.0,I,imports
96,"China, Hong Kong SAR",2511,Wheat and products,5611,Import Quantity,2008,1000 t,456.0,I,imports
96,"China, Hong Kong SAR",2511,Wheat and products,5611,Import Quantity,2009,1000 t,437.0,I,imports
96,"China, Hong Kong SAR",2511,Wheat and products,5611,Import Quantity,2010,1000 t,456.0,I,imports
96,"China, Hong Kong SAR",2511,Wheat and products,5611,Import Quantity,2011,1000 t,467.0,I,imports
96,"China, Hong Kong SAR",2511,Wheat and products,5074,Stock Variation,2006,1000 t,0.0,I,stock_variation
96,"China, Hong Kong SAR",2511,Wheat and products,5074,Stock Variation,2007,1000 t,0.0,I,stock_variation
96,"China, Hong Kong SAR",2511,Wheat and products,5074,Stock Variation,2008,1000 t,0.0,I,stock_variation
96,"China, Hong Kong SAR",2511,Wheat and products,5074,Stock Variation,2009,1000 t,0.0,I,stock_variation
96,"China, Hong Kong SAR",2511,Wheat and products,5074,Stock Variation,2010,1000 t,0.0,I,stock_variation
96,"China, Hong Kong SAR",2511,Wheat and products,5074,Stock Variation,2011,1000 t,0.0,I,stock_variation
96,"China, Hong Kong SAR",2511,Wheat and products,5911,Export Quantity,2006,1000 t,73.0,I,exports
96,"China, Hong Kong SAR",2511,Wheat and products,5911,Export Quantity,2007,1000 t,86.0,I,exports
96,"China, Hong Kong SAR",2511,Wheat and products,5911,Export Quantity,2008,1000 t,71.0,I,exports
96,"China, Hong Kong SAR",2511,Wheat and products,5911,Export Quantity,2009,1000 t,67.0,I,exports
96,"China, Hong Kong SAR",2511,Wheat and products,5911,Export Quantity,2010,1000 t,64.0,I,exports
96,"China, Hong Kong SAR",2511,Wheat and products,5911,Export Quantity,2011,1000 t,75.0,I,exports
96,"China, Hong Kong SAR",2511,Wheat and products,5301,Domestic supply quantity,2006,1000 t,370.0,I,domestic_supply
96,"China, Hong Kong SAR",2511,Wheat and products,5301,Domestic supply quantity,2007,1000 t,377.0,I,domestic_supply
96,"China, Hong Kong SAR",2511,Wheat and products,5301,Domestic supply quantity,2008,1000 t,385.0,I,domestic_supply
96,"China, Hong Kong SAR",2511,Wheat and products,5301,Domestic supply quantity,2009,1000 t,369.0,I,domestic_supply
96,"China, Hong Kong SAR",2511,Wheat and products,5301,Domestic supply quantity,2010,1000 t,392.0,I,domestic_supply
96,"China, Hong Kong SAR",2511,Wheat and products,5301,Domestic supply quantity,2011,1000 t,392.0,I,domestic_supply
96,"China, Hong Kong SAR",2511,Wheat and products,5123,Losses,2006,1000 t,1.0,I,losses
96,"China, Hong Kong SAR",2511,Wheat and products,5123,Losses,2007,1000 t,1.0,I,losses
96,"China, Hong Kong SAR",2511,Wheat and products,5123,Losses,2008,1000 t,1.0,I,losses
96,"China, Hong Kong SAR",2511,Wheat and products,5123,Losses,2009,1000 t,1.0,I,losses
96,"China, Hong Kong SAR",2511,Wheat and products,5123,Losses,2010,1000 t,1.0,I,losses
96,"China, Hong Kong SAR",2511,Wheat and products,5123,Losses,2011,1000 t,1.0,I,losses
96,"China, Hong Kong SAR",2511,Wheat and products,5142,Food,2006,1000 t,363.0,I,food
96,"China, Hong Kong SAR",2511,Wheat and products,5142,Food,2007,1000 t,370.0,I,food
96,"China, Hong Kong SAR",2511,Wheat and products,5142,Food,2008,1000 t,378.0,I,food
96,"China, Hong Kong SAR",2511,Wheat and products,5142,Food,2009,1000 t,363.0,I,food
96,"China, Hong Kong SAR",2511,Wheat and products,5142,Food,2010,1000 t,385.0,I,food
96,"China, Hong Kong SAR",2511,Wheat and products,5142,Food,2011,1000 t,378.0,I,food
128,"China, Macao SAR",2511,Wheat and products,5611,Import Quantity,2006,1000 t,28.0,I,imports
128,"China, Macao SAR",2511,Wheat and products,5611,Import Quantity,2007,1000 t,33.0,I,imports
128,"China, Macao SAR",2511,Wheat and products,5611,Import Quantity,2008,1000 t,27.0,I,imports
128,"China, Macao SAR",2511,Wheat and products,5611,Import Quantity,2009,1000 t,28.0,I,imports
128,"China, Macao SAR",2511,Wheat and products,5611,Import Quantity,2010,1000 t,30.0,I,imports
128,"China, Macao SAR",2511,Wheat and products,5611,Import Quantity,2011,1000 t,34.0,I,imports
128,"China, Macao SAR",2511,Wheat and products,5074,Stock Variation,2006,1000 t,0.0,I,stock_variation
128,"China, Macao SAR",2511,Wheat and products,5074,Stock Variation,2007,1000 t,0.0,I,stock_variation
128,"China, Macao SAR",2511,Wheat and products,5074,Stock Variation,2008,1000 t,0.0,I,stock_variation
128,"China, Macao SAR",2511,Wheat and products,5074,Stock Variation,2009,1000 t,0.0,I,stock_variation
128,"China, Macao SAR",2511,Wheat and products,5074,Stock Variation,2010,1000 t,0.0,I,stock_variation
128,"China, Macao SAR",2511,Wheat and products,5074,Stock Variation,2011,1000 t,0.0,I,stock_variation
128,"China, Macao SAR",2511,Wheat and products,5911,Export Quantity,2006,1000 t,1.0,I,exports
128,"China, Macao SAR",2511,Wheat and products,5911,Export Quantity,2007,1000 t,1.0,I,exports
128,"China, Macao SAR",2511,Wheat and products,5911,Export Quantity,2008,1000 t,1.0,I,exports
128,"China, Macao SAR",2511,Wheat and products,5911,Export Quantity,2009,1000 t,1.0,I,exports
128,"China, Macao SAR",2511,Wheat and products,5911,Export Quantity,2010,1000 t,0.0,I,exports
128,"China, Macao SAR",2511,Wheat and products,5911,Export Quantity,2011,1000 t,0.0,I,exports
128,"China, Macao SAR",2511,Wheat and products,5301,Domestic supply quantity,2006,1000 t,27.0,I,domestic_supply
128,"China, Macao SAR",2511,Wheat and products,5301,Domestic supply quantity,2007,1000 t,33.0,I,domestic_supply
128,"China, Macao SAR",2511,Wheat and products,5301,Domestic supply quantity,2008,1000 t,26.0,I,domestic_supply
128,"China, Macao SAR",2511,Wheat and products,5301,Domestic supply quantity,2009,1000 t,27.0,I,domestic_supply
128,"China, Macao SAR",2511,Wheat and products,5301,Domestic supply quantity,2010,1000 t,30.0,I,domestic_supply
128,"China, Macao SAR",2511,Wheat and products,5301,Domestic supply quantity,2011,1000 t,34.0,I,domestic_supply
128,"China, Macao SAR",2511,Wheat and products,5142,Food,2006,1000 t,23.0,I,food
128,"China, Macao SAR",2511,Wheat and products,5142,Food,2007,1000 t,26.0,I,food
128,"China, Macao SAR",2511,Wheat and products,5142,Food,2008,1000 t,22.0,I,food
128,"China, Macao SAR",2511,Wheat and products,5142,Food,2009,1000 t,26.0,I,food
128,"China, Macao SAR",2511,Wheat and products,5142,Food,2010,1000 t,29.0,I,food
128,"China, Macao SAR",2511,Wheat and products,5142,Food,2011,1000 t,29.0,I,food
41,"China, mainland",2511,Wheat and products,5511,Production,2006,1000 t,108466.0,I,production
41,"China, mainland",2511,Wheat and products,5511,Production,2007,1000 t,109298.0,I,production
41,"China, mainland",2511,Wheat and products,5511,Production,2008,1000 t,112464.0,I,production
41,"China, mainland",2511,Wheat and products,5511,Production,2009,1000 t,115115.0,I,production
41,"China, mainland",2511,Wheat and products,5511,Production,2010,1000 t,115181.0,I,production
41,"China, mainland",2511,Wheat and products,5511,Production,2011,1000 t,117410.0,I,production
41,"China, mainland",2511,Wheat and products,5611,Import Quantity,2006,1000 t,649.0,I,imports
41,"China, mainland",2511,Wheat and products,5611,Import Quantity,2007,1000 t,130.0,I,imports
41,"China, mainland",2511,Wheat and products,5611,Import Quantity,2008,1000 t,80.0,I,imports
41,"China, mainland",2511,Wheat and products,5611,Import Quantity,2009,1000 t,942.0,I,imports
41,"China, mainland",2511,Wheat and products,5611,Import Quantity,2010,1000 t,1291.0,I,imports
41,"China, mainland",2511,Wheat and products,5611,Import Quantity,2011,1000 t,1338.0,I,imports
41,"China, mainland",2511,Wheat and products,5074,Stock Variation,2006,1000 t,-2800.0,I,stock_variation
41,"China, mainland",2511,Wheat and products,5074,Stock Variation,2007,1000 t,-1148.0,I,stock_variation
41,"China, mainland",2511,Wheat and products,5074,Stock Variation,2008,1000 t,-7735.0,I,stock_variation
41,"China, mainland",2511,Wheat and products,5074,Stock Variation,2009,1000 t,-9809.0,I,stock_variation
41,"China, mainland",2511,Wheat and products,5074,Stock Variation,2010,1000 t,-6090.0,I,stock_variation
41,"China, mainland",2511,Wheat and products,5074,Stock Variation,2011,1000 t,5991.0,I,stock_variation
41,"China, mainland",2511,Wheat and products,5911,Export Quantity,2006,1000 t,1945.0,I,exports
41,"China, mainland",2511,Wheat and products,5911,Export Quantity,2007,1000 t,3636.0,I,exports
41,"China, mainland",2511,Wheat and products,5911,Export Quantity,2008,1000 t,661.0,I,exports
41,"China, mainland",2511,Wheat and products,5911,Export Quantity,2009,1000 t,570.0,I,exports
41,"China, mainland",2511,Wheat and products,5911,Export Quantity,2010,1000 t,615.0,I,exports
41,"China, mainland",2511,Wheat and products,5911,Export Quantity,2011,1000 t,693.0,I,exports
41,"China, mainland",2511,Wheat and products,5301,Domestic supply quantity,2006,1000 t,104370.0,I,domestic_supply
41,"China, mainland",2511,Wheat and products,5301,Domestic supply quantity,2007,1000 t,104645.0,I,domestic_supply
41,"China, mainland",2511,Wheat and products,5301,Domestic supply quantity,2008,1000 t,104147.0,I,domestic_supply
41,"China, mainland",2511,Wheat and products,5301,Domestic supply quantity,2009,1000 t,105677.0,I,domestic_supply
41,"China, mainland",2511,Wheat and products,5301,Domestic supply quantity,2010,1000 t,109768.0,I,domestic_supply
41,"China, mainland",2511,Wheat and products,5301,Domestic supply quantity,2011,1000 t,124045.0,I,domestic_supply
41,"China, mainland",2511,Wheat and products,5521,Feed,2006,1000 t,5600.0,I,feed
41,"China, mainland",2511,Wheat and products,5521,Feed,2007,1000 t,6850.0,I,feed
41,"China, mainland",2511,Wheat and products,5521,Feed,2008,1000 t,7200.0,I,feed
41,"China, mainland",2511,Wheat and products,5521,Feed,2009,1000 t,10979.0,I,feed
41,"China, mainland",2511,Wheat and products,5521,Feed,2010,1000 t,13944.0,I,feed
41,"China, mainland",2511,Wheat and products,5521,Feed,2011,1000 t,26709.0,I,feed
41,"China, mainland",2511,Wheat and products,5527,Seed,2006,1000 t,4130.0,I,seed
41,"China, mainland",2511,Wheat and products,5527,Seed,2007,1000 t,4100.0,I,seed
41,"China, mainland",2511,Wheat and products,5527,Seed,2008,1000 t,4400.0,I,seed
41,"China, mainland",2511,Wheat and products,5527,Seed,2009,1000 t,4690.0,I,seed
41,"China, mainland",2511,Wheat and products,5527,Seed,2010,1000 t,4690.0,I,seed
41,"China, mainland",2511,Wheat and products,5527,Seed,2011,1000 t,4690.0,I,seed
41,"China, mainland",2511,Wheat and products,5123,Losses,2006,1000 t,2665.0,I,losses
41,"China, mainland",2511,Wheat and products,5123,Losses,2007,1000 t,2509.0,I,losses
41,"China, mainland",2511,Wheat and products,5123,Losses,2008,1000 t,2911.0,I,losses
41,"China, mainland",2511,Wheat and products,5123,Losses,2009,1000 t,2849.0,I,losses
41,"China, mainland",2511,Wheat and products,5123,Losses,2010,1000 t,2851.0,I,losses
41,"China, mainland",2511,Wheat and products,5123,Losses,2011,1000 t,2994.0,I,losses
41,"China, mainland",2511,Wheat and products,5142,Food,2006,1000 t,89687.0,I,food
41,"China, mainland",2511,Wheat and products,5142,Food,2007,1000 t,88622.0,I,food
41,"China, mainland",2511,Wheat and products,5142,Food,2008,1000 t,86896.0,I,food
41,"China, mainland",2511,Wheat and products,5142,Food,2009,1000 t,84339.0,I,food
41,"China, mainland",2511,Wheat and products,5142,Food,2010,1000 t,85382.0,I,food
41,"China, mainland",2511,Wheat and products,5142,Food,2011,1000 t,86750.0,I,food
214,"China, Taiwan Province of",2511,Wheat and products,5511,Production,2006,1000 t,0.0,I,production
214,"China, Taiwan Province of",2511,Wheat and products,5511,Production,2007,1000 t,0.0,I,production
214,"China, Taiwan Province of",2511,Wheat and products,5511,Production,2008,1000 t,0.0,I,production
214,"China, Taiwan Province of",2511,Wheat and products,5511,Production,2009,1000 t,0.0,I,production
214,"China, Taiwan Province of",2511,Wheat and products,5511,Production,2010,1000 t,5.0,I,production
214,"China, Taiwan Province of",2511,Wheat and products,5511,Production,2011,1000 t,4.0,I,production
214,"China, Taiwan Province of",2511,Wheat and products,5611,Import Quantity,2006,1000 t,1067.0,I,imports
214,"China, Taiwan Province of",2511,Wheat and products,5611,Import Quantity,2007,1000 t,1435.0,I,imports
214,"China, Taiwan Province of",2511,Wheat and products,5611,Import Quantity,2008,1000 t,1101.0,I,imports
214,"China, Taiwan Province of",2511,Wheat and products,5611,Import Quantity,2009,1000 t,1305.0,I,imports
214,"China, Taiwan Province of",2511,Wheat and products,5611,Import Quantity,2010,1000 t,1214.0,I,imports
214,"China, Taiwan Province of",2511,Wheat and products,5611,Import Quantity,2011,1000 t,1442.0,I,imports
214,"China, Taiwan Province of",2511,Wheat and products,5074,Stock Variation,2006,1000 t,114.0,I,stock_variation
214,"China, Taiwan Province of",2511,Wheat and products,5074,Stock Variation,2007,1000 t,-191.0,I,stock_variation
214,"China, Taiwan Province of",2511,Wheat and products,5074,Stock Variation,2008,1000 t,22.0,I,stock_variation
214,"China, Taiwan Province of",2511,Wheat and products,5074,Stock Variation,2009,1000 t,-113.0,I,stock_variation
214,"China, Taiwan Province of",2511,Wheat and products,5074,Stock Variation,2010,1000 t,-18.0,I,stock_variation
214,"China, Taiwan Province of",2511,Wheat and products,5074,Stock Variation,2011,1000 t,-268.0,I,stock_variation
214,"China, Taiwan Province of",2511,Wheat and products,5911,Export Quantity,2006,1000 t,27.0,I,exports
214,"China, Taiwan Province of",2511,Wheat and products,5911,Export Quantity,2007,1000 t,37.0,I,exports
214,"China, Taiwan Province of",2511,Wheat and products,5911,Export Quantity,2008,1000 t,40.0,I,exports
214,"China, Taiwan Province of",2511,Wheat and products,5911,Export Quantity,2009,1000 t,34.0,I,exports
214,"China, Taiwan Province of",2511,Wheat and products,5911,Export Quantity,2010,1000 t,46.0,I,exports
214,"China, Taiwan Province of",2511,Wheat and products,5911,Export Quantity,2011,1000 t,53.0,I,exports
214,"China, Taiwan Province of",2511,Wheat and products,5301,Domestic supply quantity,2006,1000 t,1154.0,I,domestic_supply
214,"China, Taiwan Province of",2511,Wheat and products,5301,Domestic supply quantity,2007,1000 t,1207.0,I,domestic_supply
214,"China, Taiwan Province of",2511,Wheat and products,5301,Domestic supply quantity,2008,1000 t,1083.0,I,domestic_supply
214,"China, Taiwan Province of",2511,Wheat and products,5301,Domestic supply quantity,2009,1000 t,1159.0,I,domestic_supply
214,"China, Taiwan Province of",2511,Wheat and products,5301,Domestic supply quantity,2010,1000 t,1155.0,I,domestic_supply
214,"China, Taiwan Province of",2511,Wheat and products,5301,Domestic supply quantity,2011,1000 t,1125.0,I,domestic_supply
214,"China, Taiwan Province of",2511,Wheat and products,5521,Feed,2006,1000 t,49.0,I,feed
214,"China, Taiwan Province of",2511,Wheat and products,5521,Feed,2007,1000 t,67.0,I,feed
214,"China, Taiwan Province of",2511,Wheat and products,5521,Feed,2008,1000 t,49.0,I,feed
214,"China, Taiwan Province of",2511,Wheat and products,5521,Feed,2009,1000 t,62.0,I,feed
214,"China, Taiwan Province of",2511,Wheat and products,5521,Feed,2010,1000 t,57.0,I,feed
214,"China, Taiwan Province of",2511,Wheat and products,5521,Feed,2011,1000 t,68.0,I,feed
214,"China, Taiwan Province of",2511,Wheat and products,5527,Seed,2006,1000 t,0.0,I,seed
214,"China, Taiwan Province of",2511,Wheat and products,5527,Seed,2007,1000 t,0.0,I,seed
214,"China, Taiwan Province of",2511,Wheat and products,5527,Seed,2008,1000 t,0.0,I,seed
214,"China, Taiwan Province of",2511,Wheat and products,5527,Seed,2009,1000 t,0.0,I,seed
214,"China, Taiwan Province of",2511,Wheat and products,5527,Seed,2010,1000 t,0.0,I,seed
214,"China, Taiwan Province of",2511,Wheat and products,5527,Seed,2011,1000 t,0.0,I,seed
214,"China, Taiwan Province of",2511,Wheat and products,5123,Losses,2006,1000 t,16.0,I,losses
214,"China, Taiwan Province of",2511,Wheat and products,5123,Losses,2007,1000 t,16.0,I,losses
214,"China, Taiwan Province of",2511,Wheat and products,5123,Losses,2008,1000 t,15.0,I,losses
214,"China, Taiwan Province of",2511,Wheat and products,5123,Losses,2009,1000 t,16.0,I,losses
214,"China, Taiwan Province of",2511,Wheat and products,5123,Losses,2010,1000 t,16.0,I,losses
214,"China, Taiwan Province of",2511,Wheat and products,5123,Losses,2011,1000 t,18.0,I,losses
214,"China, Taiwan Province of",2511,Wheat and products,5142,Food,2006,1000 t,1088.0,I,food
214,"China, Taiwan Province of",2511,Wheat and products,5142,Food,2007,1000 t,1119.0,I,food
214,"China, Taiwan Province of",2511,Wheat and products,5142,Food,2008,1000 t,1014.0,I,food
214,"China, Taiwan Province of",2511,Wheat and products,5142,Food,2009,1000 t,1078.0,I,food
214,"China, Taiwan Province of",2511,Wheat and products,5142,Food,2010,1000 t,1073.0,I,food
214,"China, Taiwan Province of",2511,Wheat and products,5142,Food,2011,1000 t,1038.0,I,food
44,Colombia,2511,Wheat and products,5511,Production,2006,1000 t,26.0,I,production
44,Colombia,2511,Wheat and products,5511,Production,2007,1000 t,37.0,I,production
44,Colombia,2511,Wheat and products,5511,Production,2008,1000 t,39.0,I,production
44,Colombia,2511,Wheat and products,5511,Production,2009,1000 t,24.0,I,production
44,Colombia,2511,Wheat and products,5511,Production,2010,1000 t,15.0,I,production
44,Colombia,2511,Wheat and products,5511,Production,2011,1000 t,13.0,I,production
44,Colombia,2511,Wheat and products,5611,Import Quantity,2006,1000 t,1376.0,I,imports
44,Colombia,2511,Wheat and products,5611,Import Quantity,2007,1000 t,1330.0,I,imports
44,Colombia,2511,Wheat and products,5611,Import Quantity,2008,1000 t,1425.0,I,imports
44,Colombia,2511,Wheat and products,5611,Import Quantity,2009,1000 t,1404.0,I,imports
44,Colombia,2511,Wheat and products,5611,Import Quantity,2010,1000 t,1483.0,I,imports
44,Colombia,2511,Wheat and products,5611,Import Quantity,2011,1000 t,1604.0,I,imports
44,Colombia,2511,Wheat and products,5074,Stock Variation,2006,1000 t,0.0,I,stock_variation
44,Colombia,2511,Wheat and products,5074,Stock Variation,2007,1000 t,0.0,I,stock_variation
44,Colombia,2511,Wheat and products,5074,Stock Variation,2008,1000 t,0.0,I,stock_variation
44,Colombia,2511,Wheat and products,5074,Stock Variation,2009,1000 t,0.0,I,stock_variation
44,Colombia,2511,Wheat and products,5074,Stock Variation,2010,1000 t,0.0,I,stock_variation
44,Colombia,2511,Wheat and products,5074,Stock Variation,2011,1000 t,0.0,I,stock_variation
44,Colombia,2511,Wheat and products,5911,Export Quantity,2006,1000 t,55.0,I,exports
44,Colombia,2511,Wheat and products,5911,Export Quantity,2007,1000 t,56.0,I,exports
44,Colombia,2511,Wheat and products,5911,Export Quantity,2008,1000 t,55.0,I,exports
44,Colombia,2511,Wheat and products,5911,Export Quantity,2009,1000 t,49.0,I,exports
44,Colombia,2511,Wheat and products,5911,Export Quantity,2010,1000 t,48.0,I,exports
44,Colombia,2511,Wheat and products,5911,Export Quantity,2011,1000 t,35.0,I,exports
44,Colombia,2511,Wheat and products,5301,Domestic supply quantity,2006,1000 t,1348.0,I,domestic_supply
44,Colombia,2511,Wheat and products,5301,Domestic supply quantity,2007,1000 t,1311.0,I,domestic_supply
44,Colombia,2511,Wheat and products,5301,Domestic supply quantity,2008,1000 t,1409.0,I,domestic_supply
44,Colombia,2511,Wheat and products,5301,Domestic supply quantity,2009,1000 t,1379.0,I,domestic_supply
44,Colombia,2511,Wheat and products,5301,Domestic supply quantity,2010,1000 t,1450.0,I,domestic_supply
44,Colombia,2511,Wheat and products,5301,Domestic supply quantity,2011,1000 t,1581.0,I,domestic_supply
44,Colombia,2511,Wheat and products,5527,Seed,2006,1000 t,2.0,I,seed
44,Colombia,2511,Wheat and products,5527,Seed,2007,1000 t,2.0,I,seed
44,Colombia,2511,Wheat and products,5527,Seed,2008,1000 t,1.0,I,seed
44,Colombia,2511,Wheat and products,5527,Seed,2009,1000 t,1.0,I,seed
44,Colombia,2511,Wheat and products,5527,Seed,2010,1000 t,1.0,I,seed
44,Colombia,2511,Wheat and products,5527,Seed,2011,1000 t,1.0,I,seed
44,Colombia,2511,Wheat and products,5123,Losses,2006,1000 t,21.0,I,losses
44,Colombia,2511,Wheat and products,5123,Losses,2007,1000 t,20.0,I,losses
44,Colombia,2511,Wheat and products,5123,Losses,2008,1000 t,21.0,I,losses
44,Colombia,2511,Wheat and products,5123,Losses,2009,1000 t,21.0,I,losses
44,Colombia,2511,Wheat and products,5123,Losses,2010,1000 t,22.0,I,losses
44,Colombia,2511,Wheat and products,5123,Losses,2011,1000 t,23.0,I,losses
44,Colombia,2511,Wheat and products,5142,Food,2006,1000 t,1324.0,I,food
44,Colombia,2511,Wheat and products,5142,Food,2007,1000 t,1287.0,I,food
44,Colombia,2511,Wheat and products,5142,Food,2008,1000 t,1385.0,I,food
44,Colombia,2511,Wheat and products,5142,Food,2009,1000 t,1356.0,I,food
44,Colombia,2511,Wheat and products,5142,Food,2010,1000 t,1427.0,I,food
44,Colombia,2511,Wheat and products,5142,Food,2011,1000 t,1555.0,I,food
46,Congo,2511,Wheat and products,5611,Import Quantity,2006,1000 t,108.0,I,imports
46,Congo,2511,Wheat and products,5611,Import Quantity,2007,1000 t,96.0,I,imports
46,Congo,2511,Wheat and products,5611,Import Quantity,2008,1000 t,63.0,I,imports
46,Congo,2511,Wheat and products,5611,Import Quantity,2009,1000 t,159.0,I,imports
46,Congo,2511,Wheat and products,5611,Import Quantity,2010,1000 t,165.0,I,imports
46,Congo,2511,Wheat and products,5611,Import Quantity,2011,1000 t,228.0,I,imports
46,Congo,2511,Wheat and products,5074,Stock Variation,2006,1000 t,2.0,I,stock_variation
46,Congo,2511,Wheat and products,5074,Stock Variation,2007,1000 t,20.0,I,stock_variation
46,Congo,2511,Wheat and products,5074,Stock Variation,2008,1000 t,57.0,I,stock_variation
46,Congo,2511,Wheat and products,5074,Stock Variation,2009,1000 t,0.0,I,stock_variation
46,Congo,2511,Wheat and products,5074,Stock Variation,2010,1000 t,7.0,I,stock_variation
46,Congo,2511,Wheat and products,5074,Stock Variation,2011,1000 t,-53.0,I,stock_variation
46,Congo,2511,Wheat and products,5911,Export Quantity,2006,1000 t,0.0,I,exports
46,Congo,2511,Wheat and products,5911,Export Quantity,2007,1000 t,1.0,I,exports
46,Congo,2511,Wheat and products,5911,Export Quantity,2008,1000 t,0.0,I,exports
46,Congo,2511,Wheat and products,5911,Export Quantity,2009,1000 t,5.0,I,exports
46,Congo,2511,Wheat and products,5911,Export Quantity,2010,1000 t,5.0,I,exports
46,Congo,2511,Wheat and products,5911,Export Quantity,2011,1000 t,1.0,I,exports
46,Congo,2511,Wheat and products,5301,Domestic supply quantity,2006,1000 t,109.0,I,domestic_supply
46,Congo,2511,Wheat and products,5301,Domestic supply quantity,2007,1000 t,115.0,I,domestic_supply
46,Congo,2511,Wheat and products,5301,Domestic supply quantity,2008,1000 t,119.0,I,domestic_supply
46,Congo,2511,Wheat and products,5301,Domestic supply quantity,2009,1000 t,154.0,I,domestic_supply
46,Congo,2511,Wheat and products,5301,Domestic supply quantity,2010,1000 t,167.0,I,domestic_supply
46,Congo,2511,Wheat and products,5301,Domestic supply quantity,2011,1000 t,173.0,I,domestic_supply
46,Congo,2511,Wheat and products,5123,Losses,2006,1000 t,2.0,I,losses
46,Congo,2511,Wheat and products,5123,Losses,2007,1000 t,2.0,I,losses
46,Congo,2511,Wheat and products,5123,Losses,2008,1000 t,2.0,I,losses
46,Congo,2511,Wheat and products,5123,Losses,2009,1000 t,3.0,I,losses
46,Congo,2511,Wheat and products,5123,Losses,2010,1000 t,3.0,I,losses
46,Congo,2511,Wheat and products,5123,Losses,2011,1000 t,4.0,I,losses
46,Congo,2511,Wheat and products,5142,Food,2006,1000 t,107.0,I,food
46,Congo,2511,Wheat and products,5142,Food,2007,1000 t,113.0,I,food
46,Congo,2511,Wheat and products,5142,Food,2008,1000 t,117.0,I,food
46,Congo,2511,Wheat and products,5142,Food,2009,1000 t,152.0,I,food
46,Congo,2511,Wheat and products,5142,Food,2010,1000 t,164.0,I,food
46,Congo,2511,Wheat and products,5142,Food,2011,1000 t,169.0,I,food
48,Costa Rica,2511,Wheat and products,5611,Import Quantity,2006,1000 t,245.0,I,imports
48,Costa Rica,2511,Wheat and products,5611,Import Quantity,2007,1000 t,252.0,I,imports
48,Costa Rica,2511,Wheat and products,5611,Import Quantity,2008,1000 t,272.0,I,imports
48,Costa Rica,2511,Wheat and products,5611,Import Quantity,2009,1000 t,300.0,I,imports
48,Costa Rica,2511,Wheat and products,5611,Import Quantity,2010,1000 t,297.0,I,imports
48,Costa Rica,2511,Wheat and products,5611,Import Quantity,2011,1000 t,285.0,I,imports
48,Costa Rica,2511,Wheat and products,5074,Stock Variation,2006,1000 t,0.0,I,stock_variation
48,Costa Rica,2511,Wheat and products,5074,Stock Variation,2007,1000 t,0.0,I,stock_variation
48,Costa Rica,2511,Wheat and products,5074,Stock Variation,2008,1000 t,0.0,I,stock_variation
48,Costa Rica,2511,Wheat and products,5074,Stock Variation,2009,1000 t,-30.0,I,stock_variation
48,Costa Rica,2511,Wheat and products,5074,Stock Variation,2010,1000 t,-23.0,I,stock_variation
48,Costa Rica,2511,Wheat and products,5074,Stock Variation,2011,1000 t,-7.0,I,stock_variation
48,Costa Rica,2511,Wheat and products,5911,Export Quantity,2006,1000 t,86.0,I,exports
48,Costa Rica,2511,Wheat and products,5911,Export Quantity,2007,1000 t,77.0,I,exports
48,Costa Rica,2511,Wheat and products,5911,Export Quantity,2008,1000 t,87.0,I,exports
48,Costa Rica,2511,Wheat and products,5911,Export Quantity,2009,1000 t,78.0,I,exports
48,Costa Rica,2511,Wheat and products,5911,Export Quantity,2010,1000 t,81.0,I,exports
48,Costa Rica,2511,Wheat and products,5911,Export Quantity,2011,1000 t,80.0,I,exports
48,Costa Rica,2511,Wheat and products,5301,Domestic supply quantity,2006,1000 t,159.0,I,domestic_supply
48,Costa Rica,2511,Wheat and products,5301,Domestic supply quantity,2007,1000 t,174.0,I,domestic_supply
48,Costa Rica,2511,Wheat and products,5301,Domestic supply quantity,2008,1000 t,184.0,I,domestic_supply
48,Costa Rica,2511,Wheat and products,5301,Domestic supply quantity,2009,1000 t,192.0,I,domestic_supply
48,Costa Rica,2511,Wheat and products,5301,Domestic supply quantity,2010,1000 t,193.0,I,domestic_supply
48,Costa Rica,2511,Wheat and products,5301,Domestic supply quantity,2011,1000 t,198.0,I,domestic_supply
48,Costa Rica,2511,Wheat and products,5123,Losses,2006,1000 t,6.0,I,losses
48,Costa Rica,2511,Wheat and products,5123,Losses,2007,1000 t,7.0,I,losses
48,Costa Rica,2511,Wheat and products,5123,Losses,2008,1000 t,8.0,I,losses
48,Costa Rica,2511,Wheat and products,5123,Losses,2009,1000 t,9.0,I,losses
48,Costa Rica,2511,Wheat and products,5123,Losses,2010,1000 t,9.0,I,losses
48,Costa Rica,2511,Wheat and products,5123,Losses,2011,1000 t,8.0,I,losses
48,Costa Rica,2511,Wheat and products,5142,Food,2006,1000 t,153.0,I,food
48,Costa Rica,2511,Wheat and products,5142,Food,2007,1000 t,167.0,I,food
48,Costa Rica,2511,Wheat and products,5142,Food,2008,1000 t,176.0,I,food
48,Costa Rica,2511,Wheat and products,5142,Food,2009,1000 t,183.0,I,food
48,Costa Rica,2511,Wheat and products,5142,Food,2010,1000 t,185.0,I,food
48,Costa Rica,2511,Wheat and products,5142,Food,2011,1000 t,190.0,I,food
107,C�te d'Ivoire,2511,Wheat and products,5611,Import Quantity,2006,1000 t,368.0,I,imports
107,C�te d'Ivoire,2511,Wheat and products,5611,Import Quantity,2007,1000 t,380.0,I,imports
107,C�te d'Ivoire,2511,Wheat and products,5611,Import Quantity,2008,1000 t,318.0,I,imports
107,C�te d'Ivoire,2511,Wheat and products,5611,Import Quantity,2009,1000 t,512.0,I,imports
107,C�te d'Ivoire,2511,Wheat and products,5611,Import Quantity,2010,1000 t,540.0,I,imports
107,C�te d'Ivoire,2511,Wheat and products,5611,Import Quantity,2011,1000 t,473.0,I,imports
107,C�te d'Ivoire,2511,Wheat and products,5074,Stock Variation,2006,1000 t,0.0,I,stock_variation
107,C�te d'Ivoire,2511,Wheat and products,5074,Stock Variation,2007,1000 t,0.0,I,stock_variation
107,C�te d'Ivoire,2511,Wheat and products,5074,Stock Variation,2008,1000 t,0.0,I,stock_variation
107,C�te d'Ivoire,2511,Wheat and products,5074,Stock Variation,2009,1000 t,-50.0,I,stock_variation
107,C�te d'Ivoire,2511,Wheat and products,5074,Stock Variation,2010,1000 t,-35.0,I,stock_variation
107,C�te d'Ivoire,2511,Wheat and products,5074,Stock Variation,2011,1000 t,55.0,I,stock_variation
107,C�te d'Ivoire,2511,Wheat and products,5911,Export Quantity,2006,1000 t,49.0,I,exports
107,C�te d'Ivoire,2511,Wheat and products,5911,Export Quantity,2007,1000 t,58.0,I,exports
107,C�te d'Ivoire,2511,Wheat and products,5911,Export Quantity,2008,1000 t,48.0,I,exports
107,C�te d'Ivoire,2511,Wheat and products,5911,Export Quantity,2009,1000 t,112.0,I,exports
107,C�te d'Ivoire,2511,Wheat and products,5911,Export Quantity,2010,1000 t,131.0,I,exports
107,C�te d'Ivoire,2511,Wheat and products,5911,Export Quantity,2011,1000 t,128.0,I,exports
107,C�te d'Ivoire,2511,Wheat and products,5301,Domestic supply quantity,2006,1000 t,319.0,I,domestic_supply
107,C�te d'Ivoire,2511,Wheat and products,5301,Domestic supply quantity,2007,1000 t,322.0,I,domestic_supply
107,C�te d'Ivoire,2511,Wheat and products,5301,Domestic supply quantity,2008,1000 t,270.0,I,domestic_supply
107,C�te d'Ivoire,2511,Wheat and products,5301,Domestic supply quantity,2009,1000 t,349.0,I,domestic_supply
107,C�te d'Ivoire,2511,Wheat and products,5301,Domestic supply quantity,2010,1000 t,373.0,I,domestic_supply
107,C�te d'Ivoire,2511,Wheat and products,5301,Domestic supply quantity,2011,1000 t,400.0,I,domestic_supply
107,C�te d'Ivoire,2511,Wheat and products,5123,Losses,2006,1000 t,7.0,I,losses
107,C�te d'Ivoire,2511,Wheat and products,5123,Losses,2007,1000 t,7.0,I,losses
107,C�te d'Ivoire,2511,Wheat and products,5123,Losses,2008,1000 t,6.0,I,losses
107,C�te d'Ivoire,2511,Wheat and products,5123,Losses,2009,1000 t,9.0,I,losses
107,C�te d'Ivoire,2511,Wheat and products,5123,Losses,2010,1000 t,10.0,I,losses
107,C�te d'Ivoire,2511,Wheat and products,5123,Losses,2011,1000 t,10.0,I,losses
107,C�te d'Ivoire,2511,Wheat and products,5142,Food,2006,1000 t,312.0,I,food
107,C�te d'Ivoire,2511,Wheat and products,5142,Food,2007,1000 t,315.0,I,food
107,C�te d'Ivoire,2511,Wheat and products,5142,Food,2008,1000 t,263.0,I,food
107,C�te d'Ivoire,2511,Wheat and products,5142,Food,2009,1000 t,340.0,I,food
107,C�te d'Ivoire,2511,Wheat and products,5142,Food,2010,1000 t,363.0,I,food
107,C�te d'Ivoire,2511,Wheat and products,5142,Food,2011,1000 t,389.0,I,food
98,Croatia,2511,Wheat and products,5511,Production,2006,1000 t,805.0,I,production
98,Croatia,2511,Wheat and products,5511,Production,2007,1000 t,812.0,I,production
98,Croatia,2511,Wheat and products,5511,Production,2008,1000 t,858.0,I,production
98,Croatia,2511,Wheat and products,5511,Production,2009,1000 t,936.0,I,production
98,Croatia,2511,Wheat and products,5511,Production,2010,1000 t,681.0,I,production
98,Croatia,2511,Wheat and products,5511,Production,2011,1000 t,782.0,I,production
98,Croatia,2511,Wheat and products,5611,Import Quantity,2006,1000 t,96.0,I,imports
98,Croatia,2511,Wheat and products,5611,Import Quantity,2007,1000 t,90.0,I,imports
98,Croatia,2511,Wheat and products,5611,Import Quantity,2008,1000 t,134.0,I,imports
98,Croatia,2511,Wheat and products,5611,Import Quantity,2009,1000 t,94.0,I,imports
98,Croatia,2511,Wheat and products,5611,Import Quantity,2010,1000 t,103.0,I,imports
98,Croatia,2511,Wheat and products,5611,Import Quantity,2011,1000 t,106.0,I,imports
98,Croatia,2511,Wheat and products,5074,Stock Variation,2006,1000 t,-70.0,I,stock_variation
98,Croatia,2511,Wheat and products,5074,Stock Variation,2007,1000 t,250.0,I,stock_variation
98,Croatia,2511,Wheat and products,5074,Stock Variation,2008,1000 t,-230.0,I,stock_variation
98,Croatia,2511,Wheat and products,5074,Stock Variation,2009,1000 t,0.0,I,stock_variation
98,Croatia,2511,Wheat and products,5074,Stock Variation,2010,1000 t,230.0,I,stock_variation
98,Croatia,2511,Wheat and products,5074,Stock Variation,2011,1000 t,0.0,I,stock_variation
98,Croatia,2511,Wheat and products,5911,Export Quantity,2006,1000 t,104.0,I,exports
98,Croatia,2511,Wheat and products,5911,Export Quantity,2007,1000 t,456.0,I,exports
98,Croatia,2511,Wheat and products,5911,Export Quantity,2008,1000 t,77.0,I,exports
98,Croatia,2511,Wheat and products,5911,Export Quantity,2009,1000 t,338.0,I,exports
98,Croatia,2511,Wheat and products,5911,Export Quantity,2010,1000 t,345.0,I,exports
98,Croatia,2511,Wheat and products,5911,Export Quantity,2011,1000 t,158.0,I,exports
98,Croatia,2511,Wheat and products,5301,Domestic supply quantity,2006,1000 t,726.0,I,domestic_supply
98,Croatia,2511,Wheat and products,5301,Domestic supply quantity,2007,1000 t,697.0,I,domestic_supply
98,Croatia,2511,Wheat and products,5301,Domestic supply quantity,2008,1000 t,686.0,I,domestic_supply
98,Croatia,2511,Wheat and products,5301,Domestic supply quantity,2009,1000 t,691.0,I,domestic_supply
98,Croatia,2511,Wheat and products,5301,Domestic supply quantity,2010,1000 t,670.0,I,domestic_supply
98,Croatia,2511,Wheat and products,5301,Domestic supply quantity,2011,1000 t,730.0,I,domestic_supply
98,Croatia,2511,Wheat and products,5521,Feed,2006,1000 t,180.0,I,feed
98,Croatia,2511,Wheat and products,5521,Feed,2007,1000 t,185.0,I,feed
98,Croatia,2511,Wheat and products,5521,Feed,2008,1000 t,180.0,I,feed
98,Croatia,2511,Wheat and products,5521,Feed,2009,1000 t,170.0,I,feed
98,Croatia,2511,Wheat and products,5521,Feed,2010,1000 t,135.0,I,feed
98,Croatia,2511,Wheat and products,5521,Feed,2011,1000 t,190.0,I,feed
98,Croatia,2511,Wheat and products,5527,Seed,2006,1000 t,44.0,I,seed
98,Croatia,2511,Wheat and products,5527,Seed,2007,1000 t,39.0,I,seed
98,Croatia,2511,Wheat and products,5527,Seed,2008,1000 t,46.0,I,seed
98,Croatia,2511,Wheat and products,5527,Seed,2009,1000 t,37.0,I,seed
98,Croatia,2511,Wheat and products,5527,Seed,2010,1000 t,41.0,I,seed
98,Croatia,2511,Wheat and products,5527,Seed,2011,1000 t,41.0,I,seed
98,Croatia,2511,Wheat and products,5123,Losses,2006,1000 t,47.0,I,losses
98,Croatia,2511,Wheat and products,5123,Losses,2007,1000 t,46.0,I,losses
98,Croatia,2511,Wheat and products,5123,Losses,2008,1000 t,28.0,I,losses
98,Croatia,2511,Wheat and products,5123,Losses,2009,1000 t,36.0,I,losses
98,Croatia,2511,Wheat and products,5123,Losses,2010,1000 t,31.0,I,losses
98,Croatia,2511,Wheat and products,5123,Losses,2011,1000 t,39.0,I,losses
98,Croatia,2511,Wheat and products,5142,Food,2006,1000 t,455.0,I,food
98,Croatia,2511,Wheat and products,5142,Food,2007,1000 t,426.0,I,food
98,Croatia,2511,Wheat and products,5142,Food,2008,1000 t,432.0,I,food
98,Croatia,2511,Wheat and products,5142,Food,2009,1000 t,448.0,I,food
98,Croatia,2511,Wheat and products,5142,Food,2010,1000 t,462.0,I,food
98,Croatia,2511,Wheat and products,5142,Food,2011,1000 t,460.0,I,food
49,Cuba,2511,Wheat and products,5611,Import Quantity,2006,1000 t,835.0,I,imports
49,Cuba,2511,Wheat and products,5611,Import Quantity,2007,1000 t,818.0,I,imports
49,Cuba,2511,Wheat and products,5611,Import Quantity,2008,1000 t,870.0,I,imports
49,Cuba,2511,Wheat and products,5611,Import Quantity,2009,1000 t,793.0,I,imports
49,Cuba,2511,Wheat and products,5611,Import Quantity,2010,1000 t,864.0,I,imports
49,Cuba,2511,Wheat and products,5611,Import Quantity,2011,1000 t,828.0,I,imports
49,Cuba,2511,Wheat and products,5074,Stock Variation,2006,1000 t,-3.0,I,stock_variation
49,Cuba,2511,Wheat and products,5074,Stock Variation,2007,1000 t,3.0,I,stock_variation
49,Cuba,2511,Wheat and products,5074,Stock Variation,2008,1000 t,0.0,I,stock_variation
49,Cuba,2511,Wheat and products,5074,Stock Variation,2009,1000 t,0.0,I,stock_variation
49,Cuba,2511,Wheat and products,5074,Stock Variation,2010,1000 t,0.0,I,stock_variation
49,Cuba,2511,Wheat and products,5074,Stock Variation,2011,1000 t,0.0,I,stock_variation
49,Cuba,2511,Wheat and products,5911,Export Quantity,2006,1000 t,0.0,I,exports
49,Cuba,2511,Wheat and products,5911,Export Quantity,2007,1000 t,0.0,I,exports
49,Cuba,2511,Wheat and products,5911,Export Quantity,2008,1000 t,0.0,I,exports
49,Cuba,2511,Wheat and products,5911,Export Quantity,2009,1000 t,0.0,I,exports
49,Cuba,2511,Wheat and products,5911,Export Quantity,2010,1000 t,1.0,I,exports
49,Cuba,2511,Wheat and products,5911,Export Quantity,2011,1000 t,1.0,I,exports
49,Cuba,2511,Wheat and products,5301,Domestic supply quantity,2006,1000 t,832.0,I,domestic_supply
49,Cuba,2511,Wheat and products,5301,Domestic supply quantity,2007,1000 t,820.0,I,domestic_supply
49,Cuba,2511,Wheat and products,5301,Domestic supply quantity,2008,1000 t,870.0,I,domestic_supply
49,Cuba,2511,Wheat and products,5301,Domestic supply quantity,2009,1000 t,793.0,I,domestic_supply
49,Cuba,2511,Wheat and products,5301,Domestic supply quantity,2010,1000 t,863.0,I,domestic_supply
49,Cuba,2511,Wheat and products,5301,Domestic supply quantity,2011,1000 t,827.0,I,domestic_supply
49,Cuba,2511,Wheat and products,5521,Feed,2006,1000 t,155.0,I,feed
49,Cuba,2511,Wheat and products,5521,Feed,2007,1000 t,205.0,I,feed
49,Cuba,2511,Wheat and products,5521,Feed,2008,1000 t,183.0,I,feed
49,Cuba,2511,Wheat and products,5521,Feed,2009,1000 t,186.0,I,feed
49,Cuba,2511,Wheat and products,5521,Feed,2010,1000 t,186.0,I,feed
49,Cuba,2511,Wheat and products,5521,Feed,2011,1000 t,186.0,I,feed
49,Cuba,2511,Wheat and products,5123,Losses,2006,1000 t,44.0,I,losses
49,Cuba,2511,Wheat and products,5123,Losses,2007,1000 t,45.0,I,losses
49,Cuba,2511,Wheat and products,5123,Losses,2008,1000 t,52.0,I,losses
49,Cuba,2511,Wheat and products,5123,Losses,2009,1000 t,51.0,I,losses
49,Cuba,2511,Wheat and products,5123,Losses,2010,1000 t,58.0,I,losses
49,Cuba,2511,Wheat and products,5123,Losses,2011,1000 t,58.0,I,losses
49,Cuba,2511,Wheat and products,5142,Food,2006,1000 t,631.0,I,food
49,Cuba,2511,Wheat and products,5142,Food,2007,1000 t,569.0,I,food
49,Cuba,2511,Wheat and products,5142,Food,2008,1000 t,635.0,I,food
49,Cuba,2511,Wheat and products,5142,Food,2009,1000 t,555.0,I,food
49,Cuba,2511,Wheat and products,5142,Food,2010,1000 t,619.0,I,food
49,Cuba,2511,Wheat and products,5142,Food,2011,1000 t,583.0,I,food
50,Cyprus,2511,Wheat and products,5511,Production,2006,1000 t,8.0,I,production
50,Cyprus,2511,Wheat and products,5511,Production,2007,1000 t,11.0,I,production
50,Cyprus,2511,Wheat and products,5511,Production,2008,1000 t,2.0,I,production
50,Cyprus,2511,Wheat and products,5511,Production,2009,1000 t,15.0,I,production
50,Cyprus,2511,Wheat and products,5511,Production,2010,1000 t,19.0,I,production
50,Cyprus,2511,Wheat and products,5511,Production,2011,1000 t,25.0,I,production
50,Cyprus,2511,Wheat and products,5611,Import Quantity,2006,1000 t,164.0,I,imports
50,Cyprus,2511,Wheat and products,5611,Import Quantity,2007,1000 t,114.0,I,imports
50,Cyprus,2511,Wheat and products,5611,Import Quantity,2008,1000 t,133.0,I,imports
50,Cyprus,2511,Wheat and products,5611,Import Quantity,2009,1000 t,142.0,I,imports
50,Cyprus,2511,Wheat and products,5611,Import Quantity,2010,1000 t,139.0,I,imports
50,Cyprus,2511,Wheat and products,5611,Import Quantity,2011,1000 t,142.0,I,imports
50,Cyprus,2511,Wheat and products,5074,Stock Variation,2006,1000 t,-87.0,I,stock_variation
50,Cyprus,2511,Wheat and products,5074,Stock Variation,2007,1000 t,-27.0,I,stock_variation
50,Cyprus,2511,Wheat and products,5074,Stock Variation,2008,1000 t,-33.0,I,stock_variation
50,Cyprus,2511,Wheat and products,5074,Stock Variation,2009,1000 t,-50.0,I,stock_variation
50,Cyprus,2511,Wheat and products,5074,Stock Variation,2010,1000 t,-38.0,I,stock_variation
50,Cyprus,2511,Wheat and products,5074,Stock Variation,2011,1000 t,-45.0,I,stock_variation
50,Cyprus,2511,Wheat and products,5911,Export Quantity,2006,1000 t,11.0,I,exports
50,Cyprus,2511,Wheat and products,5911,Export Quantity,2007,1000 t,10.0,I,exports
50,Cyprus,2511,Wheat and products,5911,Export Quantity,2008,1000 t,11.0,I,exports
50,Cyprus,2511,Wheat and products,5911,Export Quantity,2009,1000 t,8.0,I,exports
50,Cyprus,2511,Wheat and products,5911,Export Quantity,2010,1000 t,10.0,I,exports
50,Cyprus,2511,Wheat and products,5911,Export Quantity,2011,1000 t,10.0,I,exports
50,Cyprus,2511,Wheat and products,5301,Domestic supply quantity,2006,1000 t,74.0,I,domestic_supply
50,Cyprus,2511,Wheat and products,5301,Domestic supply quantity,2007,1000 t,88.0,I,domestic_supply
50,Cyprus,2511,Wheat and products,5301,Domestic supply quantity,2008,1000 t,91.0,I,domestic_supply
50,Cyprus,2511,Wheat and products,5301,Domestic supply quantity,2009,1000 t,99.0,I,domestic_supply
50,Cyprus,2511,Wheat and products,5301,Domestic supply quantity,2010,1000 t,110.0,I,domestic_supply
50,Cyprus,2511,Wheat and products,5301,Domestic supply quantity,2011,1000 t,113.0,I,domestic_supply
50,Cyprus,2511,Wheat and products,5521,Feed,2006,1000 t,6.0,I,feed
50,Cyprus,2511,Wheat and products,5521,Feed,2007,1000 t,2.0,I,feed
50,Cyprus,2511,Wheat and products,5521,Feed,2008,1000 t,2.0,I,feed
50,Cyprus,2511,Wheat and products,5521,Feed,2009,1000 t,2.0,I,feed
50,Cyprus,2511,Wheat and products,5521,Feed,2010,1000 t,3.0,I,feed
50,Cyprus,2511,Wheat and products,5521,Feed,2011,1000 t,2.0,I,feed
50,Cyprus,2511,Wheat and products,5527,Seed,2006,1000 t,1.0,I,seed
50,Cyprus,2511,Wheat and products,5527,Seed,2007,1000 t,2.0,I,seed
50,Cyprus,2511,Wheat and products,5527,Seed,2008,1000 t,1.0,I,seed
50,Cyprus,2511,Wheat and products,5527,Seed,2009,1000 t,1.0,I,seed
50,Cyprus,2511,Wheat and products,5527,Seed,2010,1000 t,1.0,I,seed
50,Cyprus,2511,Wheat and products,5527,Seed,2011,1000 t,2.0,I,seed
50,Cyprus,2511,Wheat and products,5123,Losses,2006,1000 t,2.0,I,losses
50,Cyprus,2511,Wheat and products,5123,Losses,2007,1000 t,1.0,I,losses
50,Cyprus,2511,Wheat and products,5123,Losses,2008,1000 t,1.0,I,losses
50,Cyprus,2511,Wheat and products,5123,Losses,2009,1000 t,1.0,I,losses
50,Cyprus,2511,Wheat and products,5123,Losses,2010,1000 t,1.0,I,losses
50,Cyprus,2511,Wheat and products,5123,Losses,2011,1000 t,1.0,I,losses
50,Cyprus,2511,Wheat and products,5142,Food,2006,1000 t,62.0,I,food
50,Cyprus,2511,Wheat and products,5142,Food,2007,1000 t,74.0,I,food
50,Cyprus,2511,Wheat and products,5142,Food,2008,1000 t,78.0,I,food
50,Cyprus,2511,Wheat and products,5142,Food,2009,1000 t,83.0,I,food
50,Cyprus,2511,Wheat and products,5142,Food,2010,1000 t,89.0,I,food
50,Cyprus,2511,Wheat and products,5142,Food,2011,1000 t,82.0,I,food
167,Czechia,2511,Wheat and products,5511,Production,2006,1000 t,3506.0,I,production
167,Czechia,2511,Wheat and products,5511,Production,2007,1000 t,3939.0,I,production
167,Czechia,2511,Wheat and products,5511,Production,2008,1000 t,4632.0,I,production
167,Czechia,2511,Wheat and products,5511,Production,2009,1000 t,4358.0,I,production
167,Czechia,2511,Wheat and products,5511,Production,2010,1000 t,4162.0,I,production
167,Czechia,2511,Wheat and products,5511,Production,2011,1000 t,4913.0,I,production
167,Czechia,2511,Wheat and products,5611,Import Quantity,2006,1000 t,250.0,I,imports
167,Czechia,2511,Wheat and products,5611,Import Quantity,2007,1000 t,287.0,I,imports
167,Czechia,2511,Wheat and products,5611,Import Quantity,2008,1000 t,312.0,I,imports
167,Czechia,2511,Wheat and products,5611,Import Quantity,2009,1000 t,318.0,I,imports
167,Czechia,2511,Wheat and products,5611,Import Quantity,2010,1000 t,317.0,I,imports
167,Czechia,2511,Wheat and products,5611,Import Quantity,2011,1000 t,364.0,I,imports
167,Czechia,2511,Wheat and products,5074,Stock Variation,2006,1000 t,0.0,I,stock_variation
167,Czechia,2511,Wheat and products,5074,Stock Variation,2007,1000 t,-300.0,I,stock_variation
167,Czechia,2511,Wheat and products,5074,Stock Variation,2008,1000 t,0.0,I,stock_variation
167,Czechia,2511,Wheat and products,5074,Stock Variation,2009,1000 t,0.0,I,stock_variation
167,Czechia,2511,Wheat and products,5074,Stock Variation,2010,1000 t,0.0,I,stock_variation
167,Czechia,2511,Wheat and products,5074,Stock Variation,2011,1000 t,-700.0,I,stock_variation
167,Czechia,2511,Wheat and products,5911,Export Quantity,2006,1000 t,1121.0,I,exports
167,Czechia,2511,Wheat and products,5911,Export Quantity,2007,1000 t,965.0,I,exports
167,Czechia,2511,Wheat and products,5911,Export Quantity,2008,1000 t,1094.0,I,exports
167,Czechia,2511,Wheat and products,5911,Export Quantity,2009,1000 t,1948.0,I,exports
167,Czechia,2511,Wheat and products,5911,Export Quantity,2010,1000 t,1509.0,I,exports
167,Czechia,2511,Wheat and products,5911,Export Quantity,2011,1000 t,1650.0,I,exports
167,Czechia,2511,Wheat and products,5301,Domestic supply quantity,2006,1000 t,2636.0,I,domestic_supply
167,Czechia,2511,Wheat and products,5301,Domestic supply quantity,2007,1000 t,2961.0,I,domestic_supply
167,Czechia,2511,Wheat and products,5301,Domestic supply quantity,2008,1000 t,3849.0,I,domestic_supply
167,Czechia,2511,Wheat and products,5301,Domestic supply quantity,2009,1000 t,2728.0,I,domestic_supply
167,Czechia,2511,Wheat and products,5301,Domestic supply quantity,2010,1000 t,2970.0,I,domestic_supply
167,Czechia,2511,Wheat and products,5301,Domestic supply quantity,2011,1000 t,2926.0,I,domestic_supply
167,Czechia,2511,Wheat and products,5521,Feed,2006,1000 t,1100.0,I,feed
167,Czechia,2511,Wheat and products,5521,Feed,2007,1000 t,1500.0,I,feed
167,Czechia,2511,Wheat and products,5521,Feed,2008,1000 t,1450.0,I,feed
167,Czechia,2511,Wheat and products,5521,Feed,2009,1000 t,1350.0,I,feed
167,Czechia,2511,Wheat and products,5521,Feed,2010,1000 t,1500.0,I,feed
167,Czechia,2511,Wheat and products,5521,Feed,2011,1000 t,1400.0,I,feed
167,Czechia,2511,Wheat and products,5527,Seed,2006,1000 t,175.0,I,seed
167,Czechia,2511,Wheat and products,5527,Seed,2007,1000 t,188.0,I,seed
167,Czechia,2511,Wheat and products,5527,Seed,2008,1000 t,192.0,I,seed
167,Czechia,2511,Wheat and products,5527,Seed,2009,1000 t,195.0,I,seed
167,Czechia,2511,Wheat and products,5527,Seed,2010,1000 t,200.0,I,seed
167,Czechia,2511,Wheat and products,5527,Seed,2011,1000 t,200.0,I,seed
167,Czechia,2511,Wheat and products,5123,Losses,2006,1000 t,43.0,I,losses
167,Czechia,2511,Wheat and products,5123,Losses,2007,1000 t,47.0,I,losses
167,Czechia,2511,Wheat and products,5123,Losses,2008,1000 t,41.0,I,losses
167,Czechia,2511,Wheat and products,5123,Losses,2009,1000 t,39.0,I,losses
167,Czechia,2511,Wheat and products,5123,Losses,2010,1000 t,37.0,I,losses
167,Czechia,2511,Wheat and products,5123,Losses,2011,1000 t,57.0,I,losses
167,Czechia,2511,Wheat and products,5142,Food,2006,1000 t,1143.0,I,food
167,Czechia,2511,Wheat and products,5142,Food,2007,1000 t,1070.0,I,food
167,Czechia,2511,Wheat and products,5142,Food,2008,1000 t,1025.0,I,food
167,Czechia,2511,Wheat and products,5142,Food,2009,1000 t,1035.0,I,food
167,Czechia,2511,Wheat and products,5142,Food,2010,1000 t,1047.0,I,food
167,Czechia,2511,Wheat and products,5142,Food,2011,1000 t,1079.0,I,food
116,Democratic People's Republic of Korea,2511,Wheat and products,5511,Production,2006,1000 t,199.0,I,production
116,Democratic People's Republic of Korea,2511,Wheat and products,5511,Production,2007,1000 t,195.0,I,production
116,Democratic People's Republic of Korea,2511,Wheat and products,5511,Production,2008,1000 t,175.0,I,production
116,Democratic People's Republic of Korea,2511,Wheat and products,5511,Production,2009,1000 t,169.0,I,production
116,Democratic People's Republic of Korea,2511,Wheat and products,5511,Production,2010,1000 t,160.0,I,production
116,Democratic People's Republic of Korea,2511,Wheat and products,5511,Production,2011,1000 t,127.0,I,production
116,Democratic People's Republic of Korea,2511,Wheat and products,5611,Import Quantity,2006,1000 t,275.0,I,imports
116,Democratic People's Republic of Korea,2511,Wheat and products,5611,Import Quantity,2007,1000 t,226.0,I,imports
116,Democratic People's Republic of Korea,2511,Wheat and products,5611,Import Quantity,2008,1000 t,67.0,I,imports
116,Democratic People's Republic of Korea,2511,Wheat and products,5611,Import Quantity,2009,1000 t,330.0,I,imports
116,Democratic People's Republic of Korea,2511,Wheat and products,5611,Import Quantity,2010,1000 t,224.0,I,imports
116,Democratic People's Republic of Korea,2511,Wheat and products,5611,Import Quantity,2011,1000 t,299.0,I,imports
116,Democratic People's Republic of Korea,2511,Wheat and products,5074,Stock Variation,2006,1000 t,210.0,I,stock_variation
116,Democratic People's Republic of Korea,2511,Wheat and products,5074,Stock Variation,2007,1000 t,250.0,I,stock_variation
116,Democratic People's Republic of Korea,2511,Wheat and products,5074,Stock Variation,2008,1000 t,410.0,I,stock_variation
116,Democratic People's Republic of Korea,2511,Wheat and products,5074,Stock Variation,2009,1000 t,130.0,I,stock_variation
116,Democratic People's Republic of Korea,2511,Wheat and products,5074,Stock Variation,2010,1000 t,222.0,I,stock_variation
116,Democratic People's Republic of Korea,2511,Wheat and products,5074,Stock Variation,2011,1000 t,200.0,I,stock_variation
116,Democratic People's Republic of Korea,2511,Wheat and products,5301,Domestic supply quantity,2006,1000 t,684.0,I,domestic_supply
116,Democratic People's Republic of Korea,2511,Wheat and products,5301,Domestic supply quantity,2007,1000 t,671.0,I,domestic_supply
116,Democratic People's Republic of Korea,2511,Wheat and products,5301,Domestic supply quantity,2008,1000 t,652.0,I,domestic_supply
116,Democratic People's Republic of Korea,2511,Wheat and products,5301,Domestic supply quantity,2009,1000 t,629.0,I,domestic_supply
116,Democratic People's Republic of Korea,2511,Wheat and products,5301,Domestic supply quantity,2010,1000 t,606.0,I,domestic_supply
116,Democratic People's Republic of Korea,2511,Wheat and products,5301,Domestic supply quantity,2011,1000 t,626.0,I,domestic_supply
116,Democratic People's Republic of Korea,2511,Wheat and products,5521,Feed,2006,1000 t,8.0,I,feed
116,Democratic People's Republic of Korea,2511,Wheat and products,5521,Feed,2007,1000 t,9.0,I,feed
116,Democratic People's Republic of Korea,2511,Wheat and products,5521,Feed,2008,1000 t,11.0,I,feed
116,Democratic People's Republic of Korea,2511,Wheat and products,5521,Feed,2009,1000 t,14.0,I,feed
116,Democratic People's Republic of Korea,2511,Wheat and products,5521,Feed,2010,1000 t,13.0,I,feed
116,Democratic People's Republic of Korea,2511,Wheat and products,5521,Feed,2011,1000 t,14.0,I,feed
116,Democratic People's Republic of Korea,2511,Wheat and products,5527,Seed,2006,1000 t,16.0,I,seed
116,Democratic People's Republic of Korea,2511,Wheat and products,5527,Seed,2007,1000 t,15.0,I,seed
116,Democratic People's Republic of Korea,2511,Wheat and products,5527,Seed,2008,1000 t,15.0,I,seed
116,Democratic People's Republic of Korea,2511,Wheat and products,5527,Seed,2009,1000 t,15.0,I,seed
116,Democratic People's Republic of Korea,2511,Wheat and products,5527,Seed,2010,1000 t,13.0,I,seed
116,Democratic People's Republic of Korea,2511,Wheat and products,5527,Seed,2011,1000 t,10.0,I,seed
116,Democratic People's Republic of Korea,2511,Wheat and products,5123,Losses,2006,1000 t,20.0,I,losses
116,Democratic People's Republic of Korea,2511,Wheat and products,5123,Losses,2007,1000 t,21.0,I,losses
116,Democratic People's Republic of Korea,2511,Wheat and products,5123,Losses,2008,1000 t,25.0,I,losses
116,Democratic People's Republic of Korea,2511,Wheat and products,5123,Losses,2009,1000 t,28.0,I,losses
116,Democratic People's Republic of Korea,2511,Wheat and products,5123,Losses,2010,1000 t,28.0,I,losses
116,Democratic People's Republic of Korea,2511,Wheat and products,5123,Losses,2011,1000 t,28.0,I,losses
116,Democratic People's Republic of Korea,2511,Wheat and products,5142,Food,2006,1000 t,640.0,I,food
116,Democratic People's Republic of Korea,2511,Wheat and products,5142,Food,2007,1000 t,627.0,I,food
116,Democratic People's Republic of Korea,2511,Wheat and products,5142,Food,2008,1000 t,601.0,I,food
116,Democratic People's Republic of Korea,2511,Wheat and products,5142,Food,2009,1000 t,572.0,I,food
116,Democratic People's Republic of Korea,2511,Wheat and products,5142,Food,2010,1000 t,551.0,I,food
116,Democratic People's Republic of Korea,2511,Wheat and products,5142,Food,2011,1000 t,574.0,I,food
54,Denmark,2511,Wheat and products,5511,Production,2006,1000 t,4802.0,I,production
54,Denmark,2511,Wheat and products,5511,Production,2007,1000 t,4519.0,I,production
54,Denmark,2511,Wheat and products,5511,Production,2008,1000 t,5019.0,I,production
54,Denmark,2511,Wheat and products,5511,Production,2009,1000 t,5940.0,I,production
54,Denmark,2511,Wheat and products,5511,Production,2010,1000 t,5060.0,I,production
54,Denmark,2511,Wheat and products,5511,Production,2011,1000 t,4831.0,I,production
54,Denmark,2511,Wheat and products,5611,Import Quantity,2006,1000 t,671.0,I,imports
54,Denmark,2511,Wheat and products,5611,Import Quantity,2007,1000 t,564.0,I,imports
54,Denmark,2511,Wheat and products,5611,Import Quantity,2008,1000 t,774.0,I,imports
54,Denmark,2511,Wheat and products,5611,Import Quantity,2009,1000 t,845.0,I,imports
54,Denmark,2511,Wheat and products,5611,Import Quantity,2010,1000 t,836.0,I,imports
54,Denmark,2511,Wheat and products,5611,Import Quantity,2011,1000 t,787.0,I,imports
54,Denmark,2511,Wheat and products,5074,Stock Variation,2006,1000 t,312.0,I,stock_variation
54,Denmark,2511,Wheat and products,5074,Stock Variation,2007,1000 t,541.0,I,stock_variation
54,Denmark,2511,Wheat and products,5074,Stock Variation,2008,1000 t,-922.0,I,stock_variation
54,Denmark,2511,Wheat and products,5074,Stock Variation,2009,1000 t,-628.0,I,stock_variation
54,Denmark,2511,Wheat and products,5074,Stock Variation,2010,1000 t,688.0,I,stock_variation
54,Denmark,2511,Wheat and products,5074,Stock Variation,2011,1000 t,220.0,I,stock_variation
54,Denmark,2511,Wheat and products,5911,Export Quantity,2006,1000 t,942.0,I,exports
54,Denmark,2511,Wheat and products,5911,Export Quantity,2007,1000 t,1004.0,I,exports
54,Denmark,2511,Wheat and products,5911,Export Quantity,2008,1000 t,599.0,I,exports
54,Denmark,2511,Wheat and products,5911,Export Quantity,2009,1000 t,1743.0,I,exports
54,Denmark,2511,Wheat and products,5911,Export Quantity,2010,1000 t,1752.0,I,exports
54,Denmark,2511,Wheat and products,5911,Export Quantity,2011,1000 t,1058.0,I,exports
54,Denmark,2511,Wheat and products,5301,Domestic supply quantity,2006,1000 t,4842.0,I,domestic_supply
54,Denmark,2511,Wheat and products,5301,Domestic supply quantity,2007,1000 t,4620.0,I,domestic_supply
54,Denmark,2511,Wheat and products,5301,Domestic supply quantity,2008,1000 t,4272.0,I,domestic_supply
54,Denmark,2511,Wheat and products,5301,Domestic supply quantity,2009,1000 t,4415.0,I,domestic_supply
54,Denmark,2511,Wheat and products,5301,Domestic supply quantity,2010,1000 t,4833.0,I,domestic_supply
54,Denmark,2511,Wheat and products,5301,Domestic supply quantity,2011,1000 t,4779.0,I,domestic_supply
54,Denmark,2511,Wheat and products,5521,Feed,2006,1000 t,3991.0,I,feed
54,Denmark,2511,Wheat and products,5521,Feed,2007,1000 t,3837.0,I,feed
54,Denmark,2511,Wheat and products,5521,Feed,2008,1000 t,3419.0,I,feed
54,Denmark,2511,Wheat and products,5521,Feed,2009,1000 t,3529.0,I,feed
54,Denmark,2511,Wheat and products,5521,Feed,2010,1000 t,3929.0,I,feed
54,Denmark,2511,Wheat and products,5521,Feed,2011,1000 t,3925.0,I,feed
54,Denmark,2511,Wheat and products,5527,Seed,2006,1000 t,129.0,I,seed
54,Denmark,2511,Wheat and products,5527,Seed,2007,1000 t,129.0,I,seed
54,Denmark,2511,Wheat and products,5527,Seed,2008,1000 t,122.0,I,seed
54,Denmark,2511,Wheat and products,5527,Seed,2009,1000 t,138.0,I,seed
54,Denmark,2511,Wheat and products,5527,Seed,2010,1000 t,143.0,I,seed
54,Denmark,2511,Wheat and products,5527,Seed,2011,1000 t,140.0,I,seed
54,Denmark,2511,Wheat and products,5123,Losses,2006,1000 t,144.0,I,losses
54,Denmark,2511,Wheat and products,5123,Losses,2007,1000 t,135.0,I,losses
54,Denmark,2511,Wheat and products,5123,Losses,2008,1000 t,151.0,I,losses
54,Denmark,2511,Wheat and products,5123,Losses,2009,1000 t,178.0,I,losses
54,Denmark,2511,Wheat and products,5123,Losses,2010,1000 t,152.0,I,losses
54,Denmark,2511,Wheat and products,5123,Losses,2011,1000 t,145.0,I,losses
54,Denmark,2511,Wheat and products,5142,Food,2006,1000 t,573.0,I,food
54,Denmark,2511,Wheat and products,5142,Food,2007,1000 t,513.0,I,food
54,Denmark,2511,Wheat and products,5142,Food,2008,1000 t,575.0,I,food
54,Denmark,2511,Wheat and products,5142,Food,2009,1000 t,564.0,I,food
54,Denmark,2511,Wheat and products,5142,Food,2010,1000 t,603.0,I,food
54,Denmark,2511,Wheat and products,5142,Food,2011,1000 t,562.0,I,food
72,Djibouti,2511,Wheat and products,5611,Import Quantity,2006,1000 t,124.0,I,imports
72,Djibouti,2511,Wheat and products,5611,Import Quantity,2007,1000 t,58.0,I,imports
72,Djibouti,2511,Wheat and products,5611,Import Quantity,2008,1000 t,352.0,I,imports
72,Djibouti,2511,Wheat and products,5611,Import Quantity,2009,1000 t,553.0,I,imports
72,Djibouti,2511,Wheat and products,5611,Import Quantity,2010,1000 t,165.0,I,imports
72,Djibouti,2511,Wheat and products,5611,Import Quantity,2011,1000 t,605.0,I,imports
72,Djibouti,2511,Wheat and products,5074,Stock Variation,2006,1000 t,-31.0,I,stock_variation
72,Djibouti,2511,Wheat and products,5074,Stock Variation,2007,1000 t,31.0,I,stock_variation
72,Djibouti,2511,Wheat and products,5074,Stock Variation,2008,1000 t,-236.0,I,stock_variation
72,Djibouti,2511,Wheat and products,5074,Stock Variation,2009,1000 t,-414.0,I,stock_variation
72,Djibouti,2511,Wheat and products,5074,Stock Variation,2010,1000 t,-62.0,I,stock_variation
72,Djibouti,2511,Wheat and products,5074,Stock Variation,2011,1000 t,-499.0,I,stock_variation
72,Djibouti,2511,Wheat and products,5911,Export Quantity,2006,1000 t,0.0,I,exports
72,Djibouti,2511,Wheat and products,5911,Export Quantity,2007,1000 t,0.0,I,exports
72,Djibouti,2511,Wheat and products,5911,Export Quantity,2008,1000 t,0.0,I,exports
72,Djibouti,2511,Wheat and products,5911,Export Quantity,2009,1000 t,0.0,I,exports
72,Djibouti,2511,Wheat and products,5911,Export Quantity,2010,1000 t,0.0,I,exports
72,Djibouti,2511,Wheat and products,5911,Export Quantity,2011,1000 t,0.0,I,exports
72,Djibouti,2511,Wheat and products,5301,Domestic supply quantity,2006,1000 t,94.0,I,domestic_supply
72,Djibouti,2511,Wheat and products,5301,Domestic supply quantity,2007,1000 t,89.0,I,domestic_supply
72,Djibouti,2511,Wheat and products,5301,Domestic supply quantity,2008,1000 t,116.0,I,domestic_supply
72,Djibouti,2511,Wheat and products,5301,Domestic supply quantity,2009,1000 t,138.0,I,domestic_supply
72,Djibouti,2511,Wheat and products,5301,Domestic supply quantity,2010,1000 t,103.0,I,domestic_supply
72,Djibouti,2511,Wheat and products,5301,Domestic supply quantity,2011,1000 t,106.0,I,domestic_supply
72,Djibouti,2511,Wheat and products,5123,Losses,2006,1000 t,6.0,I,losses
72,Djibouti,2511,Wheat and products,5123,Losses,2007,1000 t,3.0,I,losses
72,Djibouti,2511,Wheat and products,5123,Losses,2008,1000 t,14.0,I,losses
72,Djibouti,2511,Wheat and products,5123,Losses,2009,1000 t,21.0,I,losses
72,Djibouti,2511,Wheat and products,5123,Losses,2010,1000 t,4.0,I,losses
72,Djibouti,2511,Wheat and products,5123,Losses,2011,1000 t,4.0,I,losses
72,Djibouti,2511,Wheat and products,5142,Food,2006,1000 t,82.0,I,food
72,Djibouti,2511,Wheat and products,5142,Food,2007,1000 t,82.0,I,food
72,Djibouti,2511,Wheat and products,5142,Food,2008,1000 t,85.0,I,food
72,Djibouti,2511,Wheat and products,5142,Food,2009,1000 t,90.0,I,food
72,Djibouti,2511,Wheat and products,5142,Food,2010,1000 t,95.0,I,food
72,Djibouti,2511,Wheat and products,5142,Food,2011,1000 t,98.0,I,food
55,Dominica,2511,Wheat and products,5611,Import Quantity,2006,1000 t,7.0,I,imports
55,Dominica,2511,Wheat and products,5611,Import Quantity,2007,1000 t,8.0,I,imports
55,Dominica,2511,Wheat and products,5611,Import Quantity,2008,1000 t,7.0,I,imports
55,Dominica,2511,Wheat and products,5611,Import Quantity,2009,1000 t,7.0,I,imports
55,Dominica,2511,Wheat and products,5611,Import Quantity,2010,1000 t,4.0,I,imports
55,Dominica,2511,Wheat and products,5611,Import Quantity,2011,1000 t,5.0,I,imports
55,Dominica,2511,Wheat and products,5074,Stock Variation,2006,1000 t,-1.0,I,stock_variation
55,Dominica,2511,Wheat and products,5074,Stock Variation,2007,1000 t,-1.0,I,stock_variation
55,Dominica,2511,Wheat and products,5074,Stock Variation,2008,1000 t,-1.0,I,stock_variation
55,Dominica,2511,Wheat and products,5074,Stock Variation,2009,1000 t,-1.0,I,stock_variation
55,Dominica,2511,Wheat and products,5074,Stock Variation,2010,1000 t,2.0,I,stock_variation
55,Dominica,2511,Wheat and products,5074,Stock Variation,2011,1000 t,1.0,I,stock_variation
55,Dominica,2511,Wheat and products,5911,Export Quantity,2006,1000 t,0.0,I,exports
55,Dominica,2511,Wheat and products,5911,Export Quantity,2007,1000 t,0.0,I,exports
55,Dominica,2511,Wheat and products,5911,Export Quantity,2008,1000 t,0.0,I,exports
55,Dominica,2511,Wheat and products,5911,Export Quantity,2009,1000 t,0.0,I,exports
55,Dominica,2511,Wheat and products,5911,Export Quantity,2010,1000 t,0.0,I,exports
55,Dominica,2511,Wheat and products,5911,Export Quantity,2011,1000 t,0.0,I,exports
55,Dominica,2511,Wheat and products,5301,Domestic supply quantity,2006,1000 t,6.0,I,domestic_supply
55,Dominica,2511,Wheat and products,5301,Domestic supply quantity,2007,1000 t,6.0,I,domestic_supply
55,Dominica,2511,Wheat and products,5301,Domestic supply quantity,2008,1000 t,6.0,I,domestic_supply
55,Dominica,2511,Wheat and products,5301,Domestic supply quantity,2009,1000 t,6.0,I,domestic_supply
55,Dominica,2511,Wheat and products,5301,Domestic supply quantity,2010,1000 t,6.0,I,domestic_supply
55,Dominica,2511,Wheat and products,5301,Domestic supply quantity,2011,1000 t,6.0,I,domestic_supply
55,Dominica,2511,Wheat and products,5521,Feed,2006,1000 t,0.0,I,feed
55,Dominica,2511,Wheat and products,5521,Feed,2007,1000 t,0.0,I,feed
55,Dominica,2511,Wheat and products,5521,Feed,2008,1000 t,0.0,I,feed
55,Dominica,2511,Wheat and products,5521,Feed,2009,1000 t,0.0,I,feed
55,Dominica,2511,Wheat and products,5521,Feed,2010,1000 t,0.0,I,feed
55,Dominica,2511,Wheat and products,5521,Feed,2011,1000 t,0.0,I,feed
55,Dominica,2511,Wheat and products,5123,Losses,2006,1000 t,0.0,I,losses
55,Dominica,2511,Wheat and products,5123,Losses,2007,1000 t,0.0,I,losses
55,Dominica,2511,Wheat and products,5123,Losses,2008,1000 t,0.0,I,losses
55,Dominica,2511,Wheat and products,5123,Losses,2009,1000 t,0.0,I,losses
55,Dominica,2511,Wheat and products,5123,Losses,2010,1000 t,0.0,I,losses
55,Dominica,2511,Wheat and products,5123,Losses,2011,1000 t,0.0,I,losses
55,Dominica,2511,Wheat and products,5142,Food,2006,1000 t,6.0,I,food
55,Dominica,2511,Wheat and products,5142,Food,2007,1000 t,6.0,I,food
55,Dominica,2511,Wheat and products,5142,Food,2008,1000 t,6.0,I,food
55,Dominica,2511,Wheat and products,5142,Food,2009,1000 t,6.0,I,food
55,Dominica,2511,Wheat and products,5142,Food,2010,1000 t,5.0,I,food
55,Dominica,2511,Wheat and products,5142,Food,2011,1000 t,6.0,I,food
56,Dominican Republic,2511,Wheat and products,5611,Import Quantity,2006,1000 t,438.0,I,imports
56,Dominican Republic,2511,Wheat and products,5611,Import Quantity,2007,1000 t,442.0,I,imports
56,Dominican Republic,2511,Wheat and products,5611,Import Quantity,2008,1000 t,428.0,I,imports
56,Dominican Republic,2511,Wheat and products,5611,Import Quantity,2009,1000 t,434.0,I,imports
56,Dominican Republic,2511,Wheat and products,5611,Import Quantity,2010,1000 t,631.0,I,imports
56,Dominican Republic,2511,Wheat and products,5611,Import Quantity,2011,1000 t,632.0,I,imports
56,Dominican Republic,2511,Wheat and products,5074,Stock Variation,2006,1000 t,-30.0,I,stock_variation
56,Dominican Republic,2511,Wheat and products,5074,Stock Variation,2007,1000 t,-10.0,I,stock_variation
56,Dominican Republic,2511,Wheat and products,5074,Stock Variation,2008,1000 t,0.0,I,stock_variation
56,Dominican Republic,2511,Wheat and products,5074,Stock Variation,2009,1000 t,0.0,I,stock_variation
56,Dominican Republic,2511,Wheat and products,5074,Stock Variation,2010,1000 t,0.0,I,stock_variation
56,Dominican Republic,2511,Wheat and products,5074,Stock Variation,2011,1000 t,-56.0,I,stock_variation
56,Dominican Republic,2511,Wheat and products,5911,Export Quantity,2006,1000 t,6.0,I,exports
56,Dominican Republic,2511,Wheat and products,5911,Export Quantity,2007,1000 t,7.0,I,exports
56,Dominican Republic,2511,Wheat and products,5911,Export Quantity,2008,1000 t,4.0,I,exports
56,Dominican Republic,2511,Wheat and products,5911,Export Quantity,2009,1000 t,7.0,I,exports
56,Dominican Republic,2511,Wheat and products,5911,Export Quantity,2010,1000 t,7.0,I,exports
56,Dominican Republic,2511,Wheat and products,5911,Export Quantity,2011,1000 t,8.0,I,exports
56,Dominican Republic,2511,Wheat and products,5301,Domestic supply quantity,2006,1000 t,401.0,I,domestic_supply
56,Dominican Republic,2511,Wheat and products,5301,Domestic supply quantity,2007,1000 t,425.0,I,domestic_supply
56,Dominican Republic,2511,Wheat and products,5301,Domestic supply quantity,2008,1000 t,425.0,I,domestic_supply
56,Dominican Republic,2511,Wheat and products,5301,Domestic supply quantity,2009,1000 t,427.0,I,domestic_supply
56,Dominican Republic,2511,Wheat and products,5301,Domestic supply quantity,2010,1000 t,625.0,I,domestic_supply
56,Dominican Republic,2511,Wheat and products,5301,Domestic supply quantity,2011,1000 t,568.0,I,domestic_supply
56,Dominican Republic,2511,Wheat and products,5521,Feed,2006,1000 t,164.0,I,feed
56,Dominican Republic,2511,Wheat and products,5521,Feed,2007,1000 t,170.0,I,feed
56,Dominican Republic,2511,Wheat and products,5521,Feed,2008,1000 t,176.0,I,feed
56,Dominican Republic,2511,Wheat and products,5521,Feed,2009,1000 t,233.0,I,feed
56,Dominican Republic,2511,Wheat and products,5521,Feed,2010,1000 t,325.0,I,feed
56,Dominican Republic,2511,Wheat and products,5521,Feed,2011,1000 t,250.0,I,feed
56,Dominican Republic,2511,Wheat and products,5123,Losses,2006,1000 t,8.0,I,losses
56,Dominican Republic,2511,Wheat and products,5123,Losses,2007,1000 t,8.0,I,losses
56,Dominican Republic,2511,Wheat and products,5123,Losses,2008,1000 t,7.0,I,losses
56,Dominican Republic,2511,Wheat and products,5123,Losses,2009,1000 t,8.0,I,losses
56,Dominican Republic,2511,Wheat and products,5123,Losses,2010,1000 t,11.0,I,losses
56,Dominican Republic,2511,Wheat and products,5123,Losses,2011,1000 t,11.0,I,losses
56,Dominican Republic,2511,Wheat and products,5142,Food,2006,1000 t,229.0,I,food
56,Dominican Republic,2511,Wheat and products,5142,Food,2007,1000 t,247.0,I,food
56,Dominican Republic,2511,Wheat and products,5142,Food,2008,1000 t,241.0,I,food
56,Dominican Republic,2511,Wheat and products,5142,Food,2009,1000 t,186.0,I,food
56,Dominican Republic,2511,Wheat and products,5142,Food,2010,1000 t,288.0,I,food
56,Dominican Republic,2511,Wheat and products,5142,Food,2011,1000 t,306.0,I,food
58,Ecuador,2511,Wheat and products,5511,Production,2006,1000 t,8.0,I,production
58,Ecuador,2511,Wheat and products,5511,Production,2007,1000 t,9.0,I,production
58,Ecuador,2511,Wheat and products,5511,Production,2008,1000 t,8.0,I,production
58,Ecuador,2511,Wheat and products,5511,Production,2009,1000 t,11.0,I,production
58,Ecuador,2511,Wheat and products,5511,Production,2010,1000 t,8.0,I,production
58,Ecuador,2511,Wheat and products,5511,Production,2011,1000 t,6.0,I,production
58,Ecuador,2511,Wheat and products,5611,Import Quantity,2006,1000 t,583.0,I,imports
58,Ecuador,2511,Wheat and products,5611,Import Quantity,2007,1000 t,505.0,I,imports
58,Ecuador,2511,Wheat and products,5611,Import Quantity,2008,1000 t,531.0,I,imports
58,Ecuador,2511,Wheat and products,5611,Import Quantity,2009,1000 t,541.0,I,imports
58,Ecuador,2511,Wheat and products,5611,Import Quantity,2010,1000 t,667.0,I,imports
58,Ecuador,2511,Wheat and products,5611,Import Quantity,2011,1000 t,623.0,I,imports
58,Ecuador,2511,Wheat and products,5074,Stock Variation,2006,1000 t,0.0,I,stock_variation
58,Ecuador,2511,Wheat and products,5074,Stock Variation,2007,1000 t,0.0,I,stock_variation
58,Ecuador,2511,Wheat and products,5074,Stock Variation,2008,1000 t,0.0,I,stock_variation
58,Ecuador,2511,Wheat and products,5074,Stock Variation,2009,1000 t,0.0,I,stock_variation
58,Ecuador,2511,Wheat and products,5074,Stock Variation,2010,1000 t,-80.0,I,stock_variation
58,Ecuador,2511,Wheat and products,5074,Stock Variation,2011,1000 t,-20.0,I,stock_variation
58,Ecuador,2511,Wheat and products,5911,Export Quantity,2006,1000 t,4.0,I,exports
58,Ecuador,2511,Wheat and products,5911,Export Quantity,2007,1000 t,4.0,I,exports
58,Ecuador,2511,Wheat and products,5911,Export Quantity,2008,1000 t,3.0,I,exports
58,Ecuador,2511,Wheat and products,5911,Export Quantity,2009,1000 t,3.0,I,exports
58,Ecuador,2511,Wheat and products,5911,Export Quantity,2010,1000 t,3.0,I,exports
58,Ecuador,2511,Wheat and products,5911,Export Quantity,2011,1000 t,3.0,I,exports
58,Ecuador,2511,Wheat and products,5301,Domestic supply quantity,2006,1000 t,587.0,I,domestic_supply
58,Ecuador,2511,Wheat and products,5301,Domestic supply quantity,2007,1000 t,510.0,I,domestic_supply
58,Ecuador,2511,Wheat and products,5301,Domestic supply quantity,2008,1000 t,536.0,I,domestic_supply
58,Ecuador,2511,Wheat and products,5301,Domestic supply quantity,2009,1000 t,549.0,I,domestic_supply
58,Ecuador,2511,Wheat and products,5301,Domestic supply quantity,2010,1000 t,591.0,I,domestic_supply
58,Ecuador,2511,Wheat and products,5301,Domestic supply quantity,2011,1000 t,606.0,I,domestic_supply
58,Ecuador,2511,Wheat and products,5521,Feed,2006,1000 t,1.0,I,feed
58,Ecuador,2511,Wheat and products,5521,Feed,2007,1000 t,1.0,I,feed
58,Ecuador,2511,Wheat and products,5521,Feed,2008,1000 t,0.0,I,feed
58,Ecuador,2511,Wheat and products,5521,Feed,2009,1000 t,1.0,I,feed
58,Ecuador,2511,Wheat and products,5521,Feed,2010,1000 t,1.0,I,feed
58,Ecuador,2511,Wheat and products,5521,Feed,2011,1000 t,1.0,I,feed
58,Ecuador,2511,Wheat and products,5527,Seed,2006,1000 t,2.0,I,seed
58,Ecuador,2511,Wheat and products,5527,Seed,2007,1000 t,2.0,I,seed
58,Ecuador,2511,Wheat and products,5527,Seed,2008,1000 t,1.0,I,seed
58,Ecuador,2511,Wheat and products,5527,Seed,2009,1000 t,2.0,I,seed
58,Ecuador,2511,Wheat and products,5527,Seed,2010,1000 t,1.0,I,seed
58,Ecuador,2511,Wheat and products,5527,Seed,2011,1000 t,2.0,I,seed
58,Ecuador,2511,Wheat and products,5123,Losses,2006,1000 t,1.0,I,losses
58,Ecuador,2511,Wheat and products,5123,Losses,2007,1000 t,1.0,I,losses
58,Ecuador,2511,Wheat and products,5123,Losses,2008,1000 t,1.0,I,losses
58,Ecuador,2511,Wheat and products,5123,Losses,2009,1000 t,1.0,I,losses
58,Ecuador,2511,Wheat and products,5123,Losses,2010,1000 t,1.0,I,losses
58,Ecuador,2511,Wheat and products,5123,Losses,2011,1000 t,1.0,I,losses
58,Ecuador,2511,Wheat and products,5142,Food,2006,1000 t,513.0,I,food
58,Ecuador,2511,Wheat and products,5142,Food,2007,1000 t,506.0,I,food
58,Ecuador,2511,Wheat and products,5142,Food,2008,1000 t,532.0,I,food
58,Ecuador,2511,Wheat and products,5142,Food,2009,1000 t,545.0,I,food
58,Ecuador,2511,Wheat and products,5142,Food,2010,1000 t,586.0,I,food
58,Ecuador,2511,Wheat and products,5142,Food,2011,1000 t,600.0,I,food
59,Egypt,2511,Wheat and products,5511,Production,2006,1000 t,8274.0,I,production
59,Egypt,2511,Wheat and products,5511,Production,2007,1000 t,7379.0,I,production
59,Egypt,2511,Wheat and products,5511,Production,2008,1000 t,7977.0,I,production
59,Egypt,2511,Wheat and products,5511,Production,2009,1000 t,8523.0,I,production
59,Egypt,2511,Wheat and products,5511,Production,2010,1000 t,7177.0,I,production
59,Egypt,2511,Wheat and products,5511,Production,2011,1000 t,8407.0,I,production
59,Egypt,2511,Wheat and products,5611,Import Quantity,2006,1000 t,8024.0,I,imports
59,Egypt,2511,Wheat and products,5611,Import Quantity,2007,1000 t,8251.0,I,imports
59,Egypt,2511,Wheat and products,5611,Import Quantity,2008,1000 t,8335.0,I,imports
59,Egypt,2511,Wheat and products,5611,Import Quantity,2009,1000 t,9130.0,I,imports
59,Egypt,2511,Wheat and products,5611,Import Quantity,2010,1000 t,10607.0,I,imports
59,Egypt,2511,Wheat and products,5611,Import Quantity,2011,1000 t,9836.0,I,imports
59,Egypt,2511,Wheat and products,5074,Stock Variation,2006,1000 t,-160.0,I,stock_variation
59,Egypt,2511,Wheat and products,5074,Stock Variation,2007,1000 t,657.0,I,stock_variation
59,Egypt,2511,Wheat and products,5074,Stock Variation,2008,1000 t,671.0,I,stock_variation
59,Egypt,2511,Wheat and products,5074,Stock Variation,2009,1000 t,-234.0,I,stock_variation
59,Egypt,2511,Wheat and products,5074,Stock Variation,2010,1000 t,-50.0,I,stock_variation
59,Egypt,2511,Wheat and products,5074,Stock Variation,2011,1000 t,-10.0,I,stock_variation
59,Egypt,2511,Wheat and products,5911,Export Quantity,2006,1000 t,32.0,I,exports
59,Egypt,2511,Wheat and products,5911,Export Quantity,2007,1000 t,25.0,I,exports
59,Egypt,2511,Wheat and products,5911,Export Quantity,2008,1000 t,28.0,I,exports
59,Egypt,2511,Wheat and products,5911,Export Quantity,2009,1000 t,111.0,I,exports
59,Egypt,2511,Wheat and products,5911,Export Quantity,2010,1000 t,89.0,I,exports
59,Egypt,2511,Wheat and products,5911,Export Quantity,2011,1000 t,181.0,I,exports
59,Egypt,2511,Wheat and products,5301,Domestic supply quantity,2006,1000 t,16106.0,I,domestic_supply
59,Egypt,2511,Wheat and products,5301,Domestic supply quantity,2007,1000 t,16262.0,I,domestic_supply
59,Egypt,2511,Wheat and products,5301,Domestic supply quantity,2008,1000 t,16955.0,I,domestic_supply
59,Egypt,2511,Wheat and products,5301,Domestic supply quantity,2009,1000 t,17308.0,I,domestic_supply
59,Egypt,2511,Wheat and products,5301,Domestic supply quantity,2010,1000 t,17646.0,I,domestic_supply
59,Egypt,2511,Wheat and products,5301,Domestic supply quantity,2011,1000 t,18052.0,I,domestic_supply
59,Egypt,2511,Wheat and products,5521,Feed,2006,1000 t,3630.0,I,feed
59,Egypt,2511,Wheat and products,5521,Feed,2007,1000 t,3650.0,I,feed
59,Egypt,2511,Wheat and products,5521,Feed,2008,1000 t,3800.0,I,feed
59,Egypt,2511,Wheat and products,5521,Feed,2009,1000 t,3940.0,I,feed
59,Egypt,2511,Wheat and products,5521,Feed,2010,1000 t,4023.0,I,feed
59,Egypt,2511,Wheat and products,5521,Feed,2011,1000 t,4170.0,I,feed
59,Egypt,2511,Wheat and products,5527,Seed,2006,1000 t,205.0,I,seed
59,Egypt,2511,Wheat and products,5527,Seed,2007,1000 t,221.0,I,seed
59,Egypt,2511,Wheat and products,5527,Seed,2008,1000 t,240.0,I,seed
59,Egypt,2511,Wheat and products,5527,Seed,2009,1000 t,232.0,I,seed
59,Egypt,2511,Wheat and products,5527,Seed,2010,1000 t,231.0,I,seed
59,Egypt,2511,Wheat and products,5527,Seed,2011,1000 t,241.0,I,seed
59,Egypt,2511,Wheat and products,5123,Losses,2006,1000 t,1841.0,I,losses
59,Egypt,2511,Wheat and products,5123,Losses,2007,1000 t,1843.0,I,losses
59,Egypt,2511,Wheat and products,5123,Losses,2008,1000 t,1923.0,I,losses
59,Egypt,2511,Wheat and products,5123,Losses,2009,1000 t,1994.0,I,losses
59,Egypt,2511,Wheat and products,5123,Losses,2010,1000 t,2011.0,I,losses
59,Egypt,2511,Wheat and products,5123,Losses,2011,1000 t,2060.0,I,losses
59,Egypt,2511,Wheat and products,5142,Food,2006,1000 t,10430.0,I,food
59,Egypt,2511,Wheat and products,5142,Food,2007,1000 t,10549.0,I,food
59,Egypt,2511,Wheat and products,5142,Food,2008,1000 t,10992.0,I,food
59,Egypt,2511,Wheat and products,5142,Food,2009,1000 t,11142.0,I,food
59,Egypt,2511,Wheat and products,5142,Food,2010,1000 t,11380.0,I,food
59,Egypt,2511,Wheat and products,5142,Food,2011,1000 t,11585.0,I,food
60,El Salvador,2511,Wheat and products,5611,Import Quantity,2006,1000 t,285.0,I,imports
60,El Salvador,2511,Wheat and products,5611,Import Quantity,2007,1000 t,265.0,I,imports
60,El Salvador,2511,Wheat and products,5611,Import Quantity,2008,1000 t,257.0,I,imports
60,El Salvador,2511,Wheat and products,5611,Import Quantity,2009,1000 t,274.0,I,imports
60,El Salvador,2511,Wheat and products,5611,Import Quantity,2010,1000 t,288.0,I,imports
60,El Salvador,2511,Wheat and products,5611,Import Quantity,2011,1000 t,319.0,I,imports
60,El Salvador,2511,Wheat and products,5074,Stock Variation,2006,1000 t,3.0,I,stock_variation
60,El Salvador,2511,Wheat and products,5074,Stock Variation,2007,1000 t,24.0,I,stock_variation
60,El Salvador,2511,Wheat and products,5074,Stock Variation,2008,1000 t,15.0,I,stock_variation
60,El Salvador,2511,Wheat and products,5074,Stock Variation,2009,1000 t,-2.0,I,stock_variation
60,El Salvador,2511,Wheat and products,5074,Stock Variation,2010,1000 t,8.0,I,stock_variation
60,El Salvador,2511,Wheat and products,5074,Stock Variation,2011,1000 t,1.0,I,stock_variation
60,El Salvador,2511,Wheat and products,5911,Export Quantity,2006,1000 t,117.0,I,exports
60,El Salvador,2511,Wheat and products,5911,Export Quantity,2007,1000 t,116.0,I,exports
60,El Salvador,2511,Wheat and products,5911,Export Quantity,2008,1000 t,95.0,I,exports
60,El Salvador,2511,Wheat and products,5911,Export Quantity,2009,1000 t,94.0,I,exports
60,El Salvador,2511,Wheat and products,5911,Export Quantity,2010,1000 t,115.0,I,exports
60,El Salvador,2511,Wheat and products,5911,Export Quantity,2011,1000 t,138.0,I,exports
60,El Salvador,2511,Wheat and products,5301,Domestic supply quantity,2006,1000 t,170.0,I,domestic_supply
60,El Salvador,2511,Wheat and products,5301,Domestic supply quantity,2007,1000 t,173.0,I,domestic_supply
60,El Salvador,2511,Wheat and products,5301,Domestic supply quantity,2008,1000 t,177.0,I,domestic_supply
60,El Salvador,2511,Wheat and products,5301,Domestic supply quantity,2009,1000 t,178.0,I,domestic_supply
60,El Salvador,2511,Wheat and products,5301,Domestic supply quantity,2010,1000 t,181.0,I,domestic_supply
60,El Salvador,2511,Wheat and products,5301,Domestic supply quantity,2011,1000 t,182.0,I,domestic_supply
60,El Salvador,2511,Wheat and products,5123,Losses,2006,1000 t,5.0,I,losses
60,El Salvador,2511,Wheat and products,5123,Losses,2007,1000 t,4.0,I,losses
60,El Salvador,2511,Wheat and products,5123,Losses,2008,1000 t,4.0,I,losses
60,El Salvador,2511,Wheat and products,5123,Losses,2009,1000 t,5.0,I,losses
60,El Salvador,2511,Wheat and products,5123,Losses,2010,1000 t,5.0,I,losses
60,El Salvador,2511,Wheat and products,5123,Losses,2011,1000 t,5.0,I,losses
60,El Salvador,2511,Wheat and products,5142,Food,2006,1000 t,165.0,I,food
60,El Salvador,2511,Wheat and products,5142,Food,2007,1000 t,168.0,I,food
60,El Salvador,2511,Wheat and products,5142,Food,2008,1000 t,173.0,I,food
60,El Salvador,2511,Wheat and products,5142,Food,2009,1000 t,173.0,I,food
60,El Salvador,2511,Wheat and products,5142,Food,2010,1000 t,176.0,I,food
60,El Salvador,2511,Wheat and products,5142,Food,2011,1000 t,177.0,I,food
63,Estonia,2511,Wheat and products,5511,Production,2006,1000 t,220.0,I,production
63,Estonia,2511,Wheat and products,5511,Production,2007,1000 t,346.0,I,production
63,Estonia,2511,Wheat and products,5511,Production,2008,1000 t,343.0,I,production
63,Estonia,2511,Wheat and products,5511,Production,2009,1000 t,343.0,I,production
63,Estonia,2511,Wheat and products,5511,Production,2010,1000 t,328.0,I,production
63,Estonia,2511,Wheat and products,5511,Production,2011,1000 t,360.0,I,production
63,Estonia,2511,Wheat and products,5611,Import Quantity,2006,1000 t,94.0,I,imports
63,Estonia,2511,Wheat and products,5611,Import Quantity,2007,1000 t,102.0,I,imports
63,Estonia,2511,Wheat and products,5611,Import Quantity,2008,1000 t,116.0,I,imports
63,Estonia,2511,Wheat and products,5611,Import Quantity,2009,1000 t,92.0,I,imports
63,Estonia,2511,Wheat and products,5611,Import Quantity,2010,1000 t,88.0,I,imports
63,Estonia,2511,Wheat and products,5611,Import Quantity,2011,1000 t,102.0,I,imports
63,Estonia,2511,Wheat and products,5074,Stock Variation,2006,1000 t,26.0,I,stock_variation
63,Estonia,2511,Wheat and products,5074,Stock Variation,2007,1000 t,0.0,I,stock_variation
63,Estonia,2511,Wheat and products,5074,Stock Variation,2008,1000 t,0.0,I,stock_variation
63,Estonia,2511,Wheat and products,5074,Stock Variation,2009,1000 t,0.0,I,stock_variation
63,Estonia,2511,Wheat and products,5074,Stock Variation,2010,1000 t,0.0,I,stock_variation
63,Estonia,2511,Wheat and products,5074,Stock Variation,2011,1000 t,-87.0,I,stock_variation
63,Estonia,2511,Wheat and products,5911,Export Quantity,2006,1000 t,60.0,I,exports
63,Estonia,2511,Wheat and products,5911,Export Quantity,2007,1000 t,73.0,I,exports
63,Estonia,2511,Wheat and products,5911,Export Quantity,2008,1000 t,157.0,I,exports
63,Estonia,2511,Wheat and products,5911,Export Quantity,2009,1000 t,141.0,I,exports
63,Estonia,2511,Wheat and products,5911,Export Quantity,2010,1000 t,176.0,I,exports
63,Estonia,2511,Wheat and products,5911,Export Quantity,2011,1000 t,133.0,I,exports
63,Estonia,2511,Wheat and products,5301,Domestic supply quantity,2006,1000 t,279.0,I,domestic_supply
63,Estonia,2511,Wheat and products,5301,Domestic supply quantity,2007,1000 t,375.0,I,domestic_supply
63,Estonia,2511,Wheat and products,5301,Domestic supply quantity,2008,1000 t,302.0,I,domestic_supply
63,Estonia,2511,Wheat and products,5301,Domestic supply quantity,2009,1000 t,294.0,I,domestic_supply
63,Estonia,2511,Wheat and products,5301,Domestic supply quantity,2010,1000 t,240.0,I,domestic_supply
63,Estonia,2511,Wheat and products,5301,Domestic supply quantity,2011,1000 t,243.0,I,domestic_supply
63,Estonia,2511,Wheat and products,5521,Feed,2006,1000 t,80.0,I,feed
63,Estonia,2511,Wheat and products,5521,Feed,2007,1000 t,182.0,I,feed
63,Estonia,2511,Wheat and products,5521,Feed,2008,1000 t,118.0,I,feed
63,Estonia,2511,Wheat and products,5521,Feed,2009,1000 t,117.0,I,feed
63,Estonia,2511,Wheat and products,5521,Feed,2010,1000 t,89.0,I,feed
63,Estonia,2511,Wheat and products,5521,Feed,2011,1000 t,65.0,I,feed
63,Estonia,2511,Wheat and products,5527,Seed,2006,1000 t,27.0,I,seed
63,Estonia,2511,Wheat and products,5527,Seed,2007,1000 t,33.0,I,seed
63,Estonia,2511,Wheat and products,5527,Seed,2008,1000 t,28.0,I,seed
63,Estonia,2511,Wheat and products,5527,Seed,2009,1000 t,30.0,I,seed
63,Estonia,2511,Wheat and products,5527,Seed,2010,1000 t,32.0,I,seed
63,Estonia,2511,Wheat and products,5527,Seed,2011,1000 t,24.0,I,seed
63,Estonia,2511,Wheat and products,5123,Losses,2006,1000 t,7.0,I,losses
63,Estonia,2511,Wheat and products,5123,Losses,2007,1000 t,4.0,I,losses
63,Estonia,2511,Wheat and products,5123,Losses,2008,1000 t,5.0,I,losses
63,Estonia,2511,Wheat and products,5123,Losses,2009,1000 t,4.0,I,losses
63,Estonia,2511,Wheat and products,5123,Losses,2010,1000 t,3.0,I,losses
63,Estonia,2511,Wheat and products,5123,Losses,2011,1000 t,4.0,I,losses
63,Estonia,2511,Wheat and products,5142,Food,2006,1000 t,129.0,I,food
63,Estonia,2511,Wheat and products,5142,Food,2007,1000 t,122.0,I,food
63,Estonia,2511,Wheat and products,5142,Food,2008,1000 t,124.0,I,food
63,Estonia,2511,Wheat and products,5142,Food,2009,1000 t,125.0,I,food
63,Estonia,2511,Wheat and products,5142,Food,2010,1000 t,113.0,I,food
63,Estonia,2511,Wheat and products,5142,Food,2011,1000 t,124.0,I,food
209,Eswatini,2511,Wheat and products,5511,Production,2006,1000 t,0.0,I,production
209,Eswatini,2511,Wheat and products,5511,Production,2007,1000 t,0.0,I,production
209,Eswatini,2511,Wheat and products,5511,Production,2008,1000 t,0.0,I,production
209,Eswatini,2511,Wheat and products,5511,Production,2009,1000 t,0.0,I,production
209,Eswatini,2511,Wheat and products,5511,Production,2010,1000 t,0.0,I,production
209,Eswatini,2511,Wheat and products,5511,Production,2011,1000 t,1.0,I,production
209,Eswatini,2511,Wheat and products,5611,Import Quantity,2006,1000 t,38.0,I,imports
209,Eswatini,2511,Wheat and products,5611,Import Quantity,2007,1000 t,66.0,I,imports
209,Eswatini,2511,Wheat and products,5611,Import Quantity,2008,1000 t,67.0,I,imports
209,Eswatini,2511,Wheat and products,5611,Import Quantity,2009,1000 t,44.0,I,imports
209,Eswatini,2511,Wheat and products,5611,Import Quantity,2010,1000 t,60.0,I,imports
209,Eswatini,2511,Wheat and products,5611,Import Quantity,2011,1000 t,59.0,I,imports
209,Eswatini,2511,Wheat and products,5074,Stock Variation,2006,1000 t,20.0,I,stock_variation
209,Eswatini,2511,Wheat and products,5074,Stock Variation,2007,1000 t,-5.0,I,stock_variation
209,Eswatini,2511,Wheat and products,5074,Stock Variation,2008,1000 t,-8.0,I,stock_variation
209,Eswatini,2511,Wheat and products,5074,Stock Variation,2009,1000 t,13.0,I,stock_variation
209,Eswatini,2511,Wheat and products,5074,Stock Variation,2010,1000 t,0.0,I,stock_variation
209,Eswatini,2511,Wheat and products,5074,Stock Variation,2011,1000 t,1.0,I,stock_variation
209,Eswatini,2511,Wheat and products,5911,Export Quantity,2006,1000 t,2.0,I,exports
209,Eswatini,2511,Wheat and products,5911,Export Quantity,2007,1000 t,0.0,I,exports
209,Eswatini,2511,Wheat and products,5911,Export Quantity,2008,1000 t,0.0,I,exports
209,Eswatini,2511,Wheat and products,5911,Export Quantity,2009,1000 t,0.0,I,exports
209,Eswatini,2511,Wheat and products,5911,Export Quantity,2010,1000 t,0.0,I,exports
209,Eswatini,2511,Wheat and products,5911,Export Quantity,2011,1000 t,0.0,I,exports
209,Eswatini,2511,Wheat and products,5301,Domestic supply quantity,2006,1000 t,56.0,I,domestic_supply
209,Eswatini,2511,Wheat and products,5301,Domestic supply quantity,2007,1000 t,61.0,I,domestic_supply
209,Eswatini,2511,Wheat and products,5301,Domestic supply quantity,2008,1000 t,59.0,I,domestic_supply
209,Eswatini,2511,Wheat and products,5301,Domestic supply quantity,2009,1000 t,58.0,I,domestic_supply
209,Eswatini,2511,Wheat and products,5301,Domestic supply quantity,2010,1000 t,60.0,I,domestic_supply
209,Eswatini,2511,Wheat and products,5301,Domestic supply quantity,2011,1000 t,61.0,I,domestic_supply
209,Eswatini,2511,Wheat and products,5527,Seed,2006,1000 t,0.0,I,seed
209,Eswatini,2511,Wheat and products,5527,Seed,2007,1000 t,0.0,I,seed
209,Eswatini,2511,Wheat and products,5527,Seed,2008,1000 t,0.0,I,seed
209,Eswatini,2511,Wheat and products,5527,Seed,2009,1000 t,0.0,I,seed
209,Eswatini,2511,Wheat and products,5527,Seed,2010,1000 t,0.0,I,seed
209,Eswatini,2511,Wheat and products,5527,Seed,2011,1000 t,0.0,I,seed
209,Eswatini,2511,Wheat and products,5123,Losses,2006,1000 t,1.0,I,losses
209,Eswatini,2511,Wheat and products,5123,Losses,2007,1000 t,1.0,I,losses
209,Eswatini,2511,Wheat and products,5123,Losses,2008,1000 t,1.0,I,losses
209,Eswatini,2511,Wheat and products,5123,Losses,2009,1000 t,1.0,I,losses
209,Eswatini,2511,Wheat and products,5123,Losses,2010,1000 t,1.0,I,losses
209,Eswatini,2511,Wheat and products,5123,Losses,2011,1000 t,1.0,I,losses
209,Eswatini,2511,Wheat and products,5142,Food,2006,1000 t,44.0,I,food
209,Eswatini,2511,Wheat and products,5142,Food,2007,1000 t,50.0,I,food
209,Eswatini,2511,Wheat and products,5142,Food,2008,1000 t,53.0,I,food
209,Eswatini,2511,Wheat and products,5142,Food,2009,1000 t,51.0,I,food
209,Eswatini,2511,Wheat and products,5142,Food,2010,1000 t,53.0,I,food
209,Eswatini,2511,Wheat and products,5142,Food,2011,1000 t,55.0,I,food
238,Ethiopia,2511,Wheat and products,5511,Production,2006,1000 t,2219.0,I,production
238,Ethiopia,2511,Wheat and products,5511,Production,2007,1000 t,2463.0,I,production
238,Ethiopia,2511,Wheat and products,5511,Production,2008,1000 t,2314.0,I,production
238,Ethiopia,2511,Wheat and products,5511,Production,2009,1000 t,3076.0,I,production
238,Ethiopia,2511,Wheat and products,5511,Production,2010,1000 t,2856.0,I,production
238,Ethiopia,2511,Wheat and products,5511,Production,2011,1000 t,2916.0,I,production
238,Ethiopia,2511,Wheat and products,5611,Import Quantity,2006,1000 t,534.0,I,imports
238,Ethiopia,2511,Wheat and products,5611,Import Quantity,2007,1000 t,606.0,I,imports
238,Ethiopia,2511,Wheat and products,5611,Import Quantity,2008,1000 t,1119.0,I,imports
238,Ethiopia,2511,Wheat and products,5611,Import Quantity,2009,1000 t,1855.0,I,imports
238,Ethiopia,2511,Wheat and products,5611,Import Quantity,2010,1000 t,1716.0,I,imports
238,Ethiopia,2511,Wheat and products,5611,Import Quantity,2011,1000 t,1734.0,I,imports
238,Ethiopia,2511,Wheat and products,5074,Stock Variation,2006,1000 t,1.0,I,stock_variation
238,Ethiopia,2511,Wheat and products,5074,Stock Variation,2007,1000 t,2.0,I,stock_variation
238,Ethiopia,2511,Wheat and products,5074,Stock Variation,2008,1000 t,0.0,I,stock_variation
238,Ethiopia,2511,Wheat and products,5074,Stock Variation,2009,1000 t,-300.0,I,stock_variation
238,Ethiopia,2511,Wheat and products,5074,Stock Variation,2010,1000 t,0.0,I,stock_variation
238,Ethiopia,2511,Wheat and products,5074,Stock Variation,2011,1000 t,0.0,I,stock_variation
238,Ethiopia,2511,Wheat and products,5911,Export Quantity,2006,1000 t,0.0,I,exports
238,Ethiopia,2511,Wheat and products,5911,Export Quantity,2007,1000 t,1.0,I,exports
238,Ethiopia,2511,Wheat and products,5911,Export Quantity,2008,1000 t,1.0,I,exports
238,Ethiopia,2511,Wheat and products,5911,Export Quantity,2009,1000 t,1.0,I,exports
238,Ethiopia,2511,Wheat and products,5911,Export Quantity,2010,1000 t,2.0,I,exports
238,Ethiopia,2511,Wheat and products,5911,Export Quantity,2011,1000 t,3.0,I,exports
238,Ethiopia,2511,Wheat and products,5301,Domestic supply quantity,2006,1000 t,2754.0,I,domestic_supply
238,Ethiopia,2511,Wheat and products,5301,Domestic supply quantity,2007,1000 t,3069.0,I,domestic_supply
238,Ethiopia,2511,Wheat and products,5301,Domestic supply quantity,2008,1000 t,3433.0,I,domestic_supply
238,Ethiopia,2511,Wheat and products,5301,Domestic supply quantity,2009,1000 t,4630.0,I,domestic_supply
238,Ethiopia,2511,Wheat and products,5301,Domestic supply quantity,2010,1000 t,4570.0,I,domestic_supply
238,Ethiopia,2511,Wheat and products,5301,Domestic supply quantity,2011,1000 t,4647.0,I,domestic_supply
238,Ethiopia,2511,Wheat and products,5527,Seed,2006,1000 t,103.0,I,seed
238,Ethiopia,2511,Wheat and products,5527,Seed,2007,1000 t,100.0,I,seed
238,Ethiopia,2511,Wheat and products,5527,Seed,2008,1000 t,118.0,I,seed
238,Ethiopia,2511,Wheat and products,5527,Seed,2009,1000 t,109.0,I,seed
238,Ethiopia,2511,Wheat and products,5527,Seed,2010,1000 t,101.0,I,seed
238,Ethiopia,2511,Wheat and products,5527,Seed,2011,1000 t,114.0,I,seed
238,Ethiopia,2511,Wheat and products,5123,Losses,2006,1000 t,137.0,I,losses
238,Ethiopia,2511,Wheat and products,5123,Losses,2007,1000 t,153.0,I,losses
238,Ethiopia,2511,Wheat and products,5123,Losses,2008,1000 t,171.0,I,losses
238,Ethiopia,2511,Wheat and products,5123,Losses,2009,1000 t,241.0,I,losses
238,Ethiopia,2511,Wheat and products,5123,Losses,2010,1000 t,228.0,I,losses
238,Ethiopia,2511,Wheat and products,5123,Losses,2011,1000 t,229.0,I,losses
238,Ethiopia,2511,Wheat and products,5142,Food,2006,1000 t,2513.0,I,food
238,Ethiopia,2511,Wheat and products,5142,Food,2007,1000 t,2566.0,I,food
238,Ethiopia,2511,Wheat and products,5142,Food,2008,1000 t,2744.0,I,food
238,Ethiopia,2511,Wheat and products,5142,Food,2009,1000 t,3081.0,I,food
238,Ethiopia,2511,Wheat and products,5142,Food,2010,1000 t,2792.0,I,food
238,Ethiopia,2511,Wheat and products,5142,Food,2011,1000 t,2855.0,I,food
66,Fiji,2511,Wheat and products,5611,Import Quantity,2006,1000 t,148.0,I,imports
66,Fiji,2511,Wheat and products,5611,Import Quantity,2007,1000 t,140.0,I,imports
66,Fiji,2511,Wheat and products,5611,Import Quantity,2008,1000 t,125.0,I,imports
66,Fiji,2511,Wheat and products,5611,Import Quantity,2009,1000 t,107.0,I,imports
66,Fiji,2511,Wheat and products,5611,Import Quantity,2010,1000 t,85.0,I,imports
66,Fiji,2511,Wheat and products,5611,Import Quantity,2011,1000 t,108.0,I,imports
66,Fiji,2511,Wheat and products,5074,Stock Variation,2006,1000 t,-20.0,I,stock_variation
66,Fiji,2511,Wheat and products,5074,Stock Variation,2007,1000 t,-7.0,I,stock_variation
66,Fiji,2511,Wheat and products,5074,Stock Variation,2008,1000 t,3.0,I,stock_variation
66,Fiji,2511,Wheat and products,5074,Stock Variation,2009,1000 t,23.0,I,stock_variation
66,Fiji,2511,Wheat and products,5074,Stock Variation,2010,1000 t,51.0,I,stock_variation
66,Fiji,2511,Wheat and products,5074,Stock Variation,2011,1000 t,22.0,I,stock_variation
66,Fiji,2511,Wheat and products,5911,Export Quantity,2006,1000 t,46.0,I,exports
66,Fiji,2511,Wheat and products,5911,Export Quantity,2007,1000 t,49.0,I,exports
66,Fiji,2511,Wheat and products,5911,Export Quantity,2008,1000 t,45.0,I,exports
66,Fiji,2511,Wheat and products,5911,Export Quantity,2009,1000 t,47.0,I,exports
66,Fiji,2511,Wheat and products,5911,Export Quantity,2010,1000 t,53.0,I,exports
66,Fiji,2511,Wheat and products,5911,Export Quantity,2011,1000 t,47.0,I,exports
66,Fiji,2511,Wheat and products,5301,Domestic supply quantity,2006,1000 t,82.0,I,domestic_supply
66,Fiji,2511,Wheat and products,5301,Domestic supply quantity,2007,1000 t,83.0,I,domestic_supply
66,Fiji,2511,Wheat and products,5301,Domestic supply quantity,2008,1000 t,84.0,I,domestic_supply
66,Fiji,2511,Wheat and products,5301,Domestic supply quantity,2009,1000 t,82.0,I,domestic_supply
66,Fiji,2511,Wheat and products,5301,Domestic supply quantity,2010,1000 t,83.0,I,domestic_supply
66,Fiji,2511,Wheat and products,5301,Domestic supply quantity,2011,1000 t,83.0,I,domestic_supply
66,Fiji,2511,Wheat and products,5123,Losses,2006,1000 t,3.0,I,losses
66,Fiji,2511,Wheat and products,5123,Losses,2007,1000 t,4.0,I,losses
66,Fiji,2511,Wheat and products,5123,Losses,2008,1000 t,3.0,I,losses
66,Fiji,2511,Wheat and products,5123,Losses,2009,1000 t,3.0,I,losses
66,Fiji,2511,Wheat and products,5123,Losses,2010,1000 t,4.0,I,losses
66,Fiji,2511,Wheat and products,5123,Losses,2011,1000 t,4.0,I,losses
66,Fiji,2511,Wheat and products,5142,Food,2006,1000 t,74.0,I,food
66,Fiji,2511,Wheat and products,5142,Food,2007,1000 t,75.0,I,food
66,Fiji,2511,Wheat and products,5142,Food,2008,1000 t,76.0,I,food
66,Fiji,2511,Wheat and products,5142,Food,2009,1000 t,74.0,I,food
66,Fiji,2511,Wheat and products,5142,Food,2010,1000 t,74.0,I,food
66,Fiji,2511,Wheat and products,5142,Food,2011,1000 t,75.0,I,food
67,Finland,2511,Wheat and products,5511,Production,2006,1000 t,684.0,I,production
67,Finland,2511,Wheat and products,5511,Production,2007,1000 t,797.0,I,production
67,Finland,2511,Wheat and products,5511,Production,2008,1000 t,788.0,I,production
67,Finland,2511,Wheat and products,5511,Production,2009,1000 t,887.0,I,production
67,Finland,2511,Wheat and products,5511,Production,2010,1000 t,724.0,I,production
67,Finland,2511,Wheat and products,5511,Production,2011,1000 t,975.0,I,production
67,Finland,2511,Wheat and products,5611,Import Quantity,2006,1000 t,165.0,I,imports
67,Finland,2511,Wheat and products,5611,Import Quantity,2007,1000 t,173.0,I,imports
67,Finland,2511,Wheat and products,5611,Import Quantity,2008,1000 t,208.0,I,imports
67,Finland,2511,Wheat and products,5611,Import Quantity,2009,1000 t,192.0,I,imports
67,Finland,2511,Wheat and products,5611,Import Quantity,2010,1000 t,190.0,I,imports
67,Finland,2511,Wheat and products,5611,Import Quantity,2011,1000 t,182.0,I,imports
67,Finland,2511,Wheat and products,5074,Stock Variation,2006,1000 t,38.0,I,stock_variation
67,Finland,2511,Wheat and products,5074,Stock Variation,2007,1000 t,-50.0,I,stock_variation
67,Finland,2511,Wheat and products,5074,Stock Variation,2008,1000 t,-77.0,I,stock_variation
67,Finland,2511,Wheat and products,5074,Stock Variation,2009,1000 t,-153.0,I,stock_variation
67,Finland,2511,Wheat and products,5074,Stock Variation,2010,1000 t,118.0,I,stock_variation
67,Finland,2511,Wheat and products,5074,Stock Variation,2011,1000 t,-19.0,I,stock_variation
67,Finland,2511,Wheat and products,5911,Export Quantity,2006,1000 t,76.0,I,exports
67,Finland,2511,Wheat and products,5911,Export Quantity,2007,1000 t,133.0,I,exports
67,Finland,2511,Wheat and products,5911,Export Quantity,2008,1000 t,129.0,I,exports
67,Finland,2511,Wheat and products,5911,Export Quantity,2009,1000 t,100.0,I,exports
67,Finland,2511,Wheat and products,5911,Export Quantity,2010,1000 t,182.0,I,exports
67,Finland,2511,Wheat and products,5911,Export Quantity,2011,1000 t,240.0,I,exports
67,Finland,2511,Wheat and products,5301,Domestic supply quantity,2006,1000 t,811.0,I,domestic_supply
67,Finland,2511,Wheat and products,5301,Domestic supply quantity,2007,1000 t,786.0,I,domestic_supply
67,Finland,2511,Wheat and products,5301,Domestic supply quantity,2008,1000 t,790.0,I,domestic_supply
67,Finland,2511,Wheat and products,5301,Domestic supply quantity,2009,1000 t,826.0,I,domestic_supply
67,Finland,2511,Wheat and products,5301,Domestic supply quantity,2010,1000 t,851.0,I,domestic_supply
67,Finland,2511,Wheat and products,5301,Domestic supply quantity,2011,1000 t,897.0,I,domestic_supply
67,Finland,2511,Wheat and products,5521,Feed,2006,1000 t,297.0,I,feed
67,Finland,2511,Wheat and products,5521,Feed,2007,1000 t,268.0,I,feed
67,Finland,2511,Wheat and products,5521,Feed,2008,1000 t,261.0,I,feed
67,Finland,2511,Wheat and products,5521,Feed,2009,1000 t,311.0,I,feed
67,Finland,2511,Wheat and products,5521,Feed,2010,1000 t,310.0,I,feed
67,Finland,2511,Wheat and products,5521,Feed,2011,1000 t,368.0,I,feed
67,Finland,2511,Wheat and products,5527,Seed,2006,1000 t,56.0,I,seed
67,Finland,2511,Wheat and products,5527,Seed,2007,1000 t,57.0,I,seed
67,Finland,2511,Wheat and products,5527,Seed,2008,1000 t,62.0,I,seed
67,Finland,2511,Wheat and products,5527,Seed,2009,1000 t,76.0,I,seed
67,Finland,2511,Wheat and products,5527,Seed,2010,1000 t,65.0,I,seed
67,Finland,2511,Wheat and products,5527,Seed,2011,1000 t,66.0,I,seed
67,Finland,2511,Wheat and products,5123,Losses,2006,1000 t,0.0,I,losses
67,Finland,2511,Wheat and products,5123,Losses,2007,1000 t,0.0,I,losses
67,Finland,2511,Wheat and products,5123,Losses,2008,1000 t,0.0,I,losses
67,Finland,2511,Wheat and products,5123,Losses,2009,1000 t,0.0,I,losses
67,Finland,2511,Wheat and products,5123,Losses,2010,1000 t,0.0,I,losses
67,Finland,2511,Wheat and products,5123,Losses,2011,1000 t,0.0,I,losses
67,Finland,2511,Wheat and products,5142,Food,2006,1000 t,434.0,I,food
67,Finland,2511,Wheat and products,5142,Food,2007,1000 t,427.0,I,food
67,Finland,2511,Wheat and products,5142,Food,2008,1000 t,437.0,I,food
67,Finland,2511,Wheat and products,5142,Food,2009,1000 t,417.0,I,food
67,Finland,2511,Wheat and products,5142,Food,2010,1000 t,438.0,I,food
67,Finland,2511,Wheat and products,5142,Food,2011,1000 t,421.0,I,food
68,France,2511,Wheat and products,5511,Production,2006,1000 t,35364.0,I,production
68,France,2511,Wheat and products,5511,Production,2007,1000 t,32764.0,I,production
68,France,2511,Wheat and products,5511,Production,2008,1000 t,39006.0,I,production
68,France,2511,Wheat and products,5511,Production,2009,1000 t,38332.0,I,production
68,France,2511,Wheat and products,5511,Production,2010,1000 t,38207.0,I,production
68,France,2511,Wheat and products,5511,Production,2011,1000 t,35994.0,I,production
68,France,2511,Wheat and products,5611,Import Quantity,2006,1000 t,1673.0,I,imports
68,France,2511,Wheat and products,5611,Import Quantity,2007,1000 t,1853.0,I,imports
68,France,2511,Wheat and products,5611,Import Quantity,2008,1000 t,1998.0,I,imports
68,France,2511,Wheat and products,5611,Import Quantity,2009,1000 t,1860.0,I,imports
68,France,2511,Wheat and products,5611,Import Quantity,2010,1000 t,2397.0,I,imports
68,France,2511,Wheat and products,5611,Import Quantity,2011,1000 t,2063.0,I,imports
68,France,2511,Wheat and products,5074,Stock Variation,2006,1000 t,2842.0,I,stock_variation
68,France,2511,Wheat and products,5074,Stock Variation,2007,1000 t,1433.0,I,stock_variation
68,France,2511,Wheat and products,5074,Stock Variation,2008,1000 t,-850.0,I,stock_variation
68,France,2511,Wheat and products,5074,Stock Variation,2009,1000 t,-1117.0,I,stock_variation
68,France,2511,Wheat and products,5074,Stock Variation,2010,1000 t,1315.0,I,stock_variation
68,France,2511,Wheat and products,5074,Stock Variation,2011,1000 t,4269.0,I,stock_variation
68,France,2511,Wheat and products,5911,Export Quantity,2006,1000 t,18717.0,I,exports
68,France,2511,Wheat and products,5911,Export Quantity,2007,1000 t,16743.0,I,exports
68,France,2511,Wheat and products,5911,Export Quantity,2008,1000 t,18295.0,I,exports
68,France,2511,Wheat and products,5911,Export Quantity,2009,1000 t,18733.0,I,exports
68,France,2511,Wheat and products,5911,Export Quantity,2010,1000 t,23074.0,I,exports
68,France,2511,Wheat and products,5911,Export Quantity,2011,1000 t,22130.0,I,exports
68,France,2511,Wheat and products,5301,Domestic supply quantity,2006,1000 t,21161.0,I,domestic_supply
68,France,2511,Wheat and products,5301,Domestic supply quantity,2007,1000 t,19306.0,I,domestic_supply
68,France,2511,Wheat and products,5301,Domestic supply quantity,2008,1000 t,21860.0,I,domestic_supply
68,France,2511,Wheat and products,5301,Domestic supply quantity,2009,1000 t,20342.0,I,domestic_supply
68,France,2511,Wheat and products,5301,Domestic supply quantity,2010,1000 t,18845.0,I,domestic_supply
68,France,2511,Wheat and products,5301,Domestic supply quantity,2011,1000 t,20196.0,I,domestic_supply
68,France,2511,Wheat and products,5521,Feed,2006,1000 t,10091.0,I,feed
68,France,2511,Wheat and products,5521,Feed,2007,1000 t,8483.0,I,feed
68,France,2511,Wheat and products,5521,Feed,2008,1000 t,10283.0,I,feed
68,France,2511,Wheat and products,5521,Feed,2009,1000 t,8351.0,I,feed
68,France,2511,Wheat and products,5521,Feed,2010,1000 t,6262.0,I,feed
68,France,2511,Wheat and products,5521,Feed,2011,1000 t,7727.0,I,feed
68,France,2511,Wheat and products,5527,Seed,2006,1000 t,738.0,I,seed
68,France,2511,Wheat and products,5527,Seed,2007,1000 t,772.0,I,seed
68,France,2511,Wheat and products,5527,Seed,2008,1000 t,747.0,I,seed
68,France,2511,Wheat and products,5527,Seed,2009,1000 t,747.0,I,seed
68,France,2511,Wheat and products,5527,Seed,2010,1000 t,730.0,I,seed
68,France,2511,Wheat and products,5527,Seed,2011,1000 t,775.0,I,seed
68,France,2511,Wheat and products,5123,Losses,2006,1000 t,317.0,I,losses
68,France,2511,Wheat and products,5123,Losses,2007,1000 t,291.0,I,losses
68,France,2511,Wheat and products,5123,Losses,2008,1000 t,342.0,I,losses
68,France,2511,Wheat and products,5123,Losses,2009,1000 t,352.0,I,losses
68,France,2511,Wheat and products,5123,Losses,2010,1000 t,355.0,I,losses
68,France,2511,Wheat and products,5123,Losses,2011,1000 t,336.0,I,losses
68,France,2511,Wheat and products,5142,Food,2006,1000 t,6402.0,I,food
68,France,2511,Wheat and products,5142,Food,2007,1000 t,6102.0,I,food
68,France,2511,Wheat and products,5142,Food,2008,1000 t,6677.0,I,food
68,France,2511,Wheat and products,5142,Food,2009,1000 t,6331.0,I,food
68,France,2511,Wheat and products,5142,Food,2010,1000 t,6986.0,I,food
68,France,2511,Wheat and products,5142,Food,2011,1000 t,6765.0,I,food
70,French Polynesia,2511,Wheat and products,5611,Import Quantity,2006,1000 t,33.0,I,imports
70,French Polynesia,2511,Wheat and products,5611,Import Quantity,2007,1000 t,33.0,I,imports
70,French Polynesia,2511,Wheat and products,5611,Import Quantity,2008,1000 t,36.0,I,imports
70,French Polynesia,2511,Wheat and products,5611,Import Quantity,2009,1000 t,32.0,I,imports
70,French Polynesia,2511,Wheat and products,5611,Import Quantity,2010,1000 t,35.0,I,imports
70,French Polynesia,2511,Wheat and products,5611,Import Quantity,2011,1000 t,34.0,I,imports
70,French Polynesia,2511,Wheat and products,5911,Export Quantity,2006,1000 t,0.0,I,exports
70,French Polynesia,2511,Wheat and products,5911,Export Quantity,2007,1000 t,0.0,I,exports
70,French Polynesia,2511,Wheat and products,5911,Export Quantity,2008,1000 t,0.0,I,exports
70,French Polynesia,2511,Wheat and products,5911,Export Quantity,2009,1000 t,0.0,I,exports
70,French Polynesia,2511,Wheat and products,5911,Export Quantity,2010,1000 t,0.0,I,exports
70,French Polynesia,2511,Wheat and products,5911,Export Quantity,2011,1000 t,0.0,I,exports
70,French Polynesia,2511,Wheat and products,5301,Domestic supply quantity,2006,1000 t,33.0,I,domestic_supply
70,French Polynesia,2511,Wheat and products,5301,Domestic supply quantity,2007,1000 t,33.0,I,domestic_supply
70,French Polynesia,2511,Wheat and products,5301,Domestic supply quantity,2008,1000 t,36.0,I,domestic_supply
70,French Polynesia,2511,Wheat and products,5301,Domestic supply quantity,2009,1000 t,32.0,I,domestic_supply
70,French Polynesia,2511,Wheat and products,5301,Domestic supply quantity,2010,1000 t,35.0,I,domestic_supply
70,French Polynesia,2511,Wheat and products,5301,Domestic supply quantity,2011,1000 t,34.0,I,domestic_supply
70,French Polynesia,2511,Wheat and products,5123,Losses,2006,1000 t,0.0,I,losses
70,French Polynesia,2511,Wheat and products,5123,Losses,2007,1000 t,0.0,I,losses
70,French Polynesia,2511,Wheat and products,5123,Losses,2008,1000 t,0.0,I,losses
70,French Polynesia,2511,Wheat and products,5123,Losses,2009,1000 t,0.0,I,losses
70,French Polynesia,2511,Wheat and products,5123,Losses,2010,1000 t,0.0,I,losses
70,French Polynesia,2511,Wheat and products,5123,Losses,2011,1000 t,0.0,I,losses
70,French Polynesia,2511,Wheat and products,5142,Food,2006,1000 t,17.0,I,food
70,French Polynesia,2511,Wheat and products,5142,Food,2007,1000 t,17.0,I,food
70,French Polynesia,2511,Wheat and products,5142,Food,2008,1000 t,17.0,I,food
70,French Polynesia,2511,Wheat and products,5142,Food,2009,1000 t,17.0,I,food
70,French Polynesia,2511,Wheat and products,5142,Food,2010,1000 t,18.0,I,food
70,French Polynesia,2511,Wheat and products,5142,Food,2011,1000 t,19.0,I,food
74,Gabon,2511,Wheat and products,5611,Import Quantity,2006,1000 t,85.0,I,imports
74,Gabon,2511,Wheat and products,5611,Import Quantity,2007,1000 t,88.0,I,imports
74,Gabon,2511,Wheat and products,5611,Import Quantity,2008,1000 t,92.0,I,imports
74,Gabon,2511,Wheat and products,5611,Import Quantity,2009,1000 t,102.0,I,imports
74,Gabon,2511,Wheat and products,5611,Import Quantity,2010,1000 t,104.0,I,imports
74,Gabon,2511,Wheat and products,5611,Import Quantity,2011,1000 t,108.0,I,imports
74,Gabon,2511,Wheat and products,5074,Stock Variation,2006,1000 t,0.0,I,stock_variation
74,Gabon,2511,Wheat and products,5074,Stock Variation,2007,1000 t,0.0,I,stock_variation
74,Gabon,2511,Wheat and products,5074,Stock Variation,2008,1000 t,0.0,I,stock_variation
74,Gabon,2511,Wheat and products,5074,Stock Variation,2009,1000 t,0.0,I,stock_variation
74,Gabon,2511,Wheat and products,5074,Stock Variation,2010,1000 t,0.0,I,stock_variation
74,Gabon,2511,Wheat and products,5074,Stock Variation,2011,1000 t,0.0,I,stock_variation
74,Gabon,2511,Wheat and products,5911,Export Quantity,2006,1000 t,0.0,I,exports
74,Gabon,2511,Wheat and products,5911,Export Quantity,2007,1000 t,0.0,I,exports
74,Gabon,2511,Wheat and products,5911,Export Quantity,2008,1000 t,0.0,I,exports
74,Gabon,2511,Wheat and products,5911,Export Quantity,2009,1000 t,0.0,I,exports
74,Gabon,2511,Wheat and products,5911,Export Quantity,2010,1000 t,0.0,I,exports
74,Gabon,2511,Wheat and products,5911,Export Quantity,2011,1000 t,0.0,I,exports
74,Gabon,2511,Wheat and products,5301,Domestic supply quantity,2006,1000 t,85.0,I,domestic_supply
74,Gabon,2511,Wheat and products,5301,Domestic supply quantity,2007,1000 t,88.0,I,domestic_supply
74,Gabon,2511,Wheat and products,5301,Domestic supply quantity,2008,1000 t,92.0,I,domestic_supply
74,Gabon,2511,Wheat and products,5301,Domestic supply quantity,2009,1000 t,102.0,I,domestic_supply
74,Gabon,2511,Wheat and products,5301,Domestic supply quantity,2010,1000 t,104.0,I,domestic_supply
74,Gabon,2511,Wheat and products,5301,Domestic supply quantity,2011,1000 t,108.0,I,domestic_supply
74,Gabon,2511,Wheat and products,5123,Losses,2006,1000 t,8.0,I,losses
74,Gabon,2511,Wheat and products,5123,Losses,2007,1000 t,8.0,I,losses
74,Gabon,2511,Wheat and products,5123,Losses,2008,1000 t,8.0,I,losses
74,Gabon,2511,Wheat and products,5123,Losses,2009,1000 t,9.0,I,losses
74,Gabon,2511,Wheat and products,5123,Losses,2010,1000 t,9.0,I,losses
74,Gabon,2511,Wheat and products,5123,Losses,2011,1000 t,9.0,I,losses
74,Gabon,2511,Wheat and products,5142,Food,2006,1000 t,78.0,I,food
74,Gabon,2511,Wheat and products,5142,Food,2007,1000 t,80.0,I,food
74,Gabon,2511,Wheat and products,5142,Food,2008,1000 t,84.0,I,food
74,Gabon,2511,Wheat and products,5142,Food,2009,1000 t,93.0,I,food
74,Gabon,2511,Wheat and products,5142,Food,2010,1000 t,95.0,I,food
74,Gabon,2511,Wheat and products,5142,Food,2011,1000 t,99.0,I,food
75,Gambia,2511,Wheat and products,5611,Import Quantity,2006,1000 t,28.0,I,imports
75,Gambia,2511,Wheat and products,5611,Import Quantity,2007,1000 t,50.0,I,imports
75,Gambia,2511,Wheat and products,5611,Import Quantity,2008,1000 t,52.0,I,imports
75,Gambia,2511,Wheat and products,5611,Import Quantity,2009,1000 t,72.0,I,imports
75,Gambia,2511,Wheat and products,5611,Import Quantity,2010,1000 t,105.0,I,imports
75,Gambia,2511,Wheat and products,5611,Import Quantity,2011,1000 t,71.0,I,imports
75,Gambia,2511,Wheat and products,5074,Stock Variation,2006,1000 t,11.0,I,stock_variation
75,Gambia,2511,Wheat and products,5074,Stock Variation,2007,1000 t,7.0,I,stock_variation
75,Gambia,2511,Wheat and products,5074,Stock Variation,2008,1000 t,14.0,I,stock_variation
75,Gambia,2511,Wheat and products,5074,Stock Variation,2009,1000 t,0.0,I,stock_variation
75,Gambia,2511,Wheat and products,5074,Stock Variation,2010,1000 t,-53.0,I,stock_variation
75,Gambia,2511,Wheat and products,5074,Stock Variation,2011,1000 t,-11.0,I,stock_variation
75,Gambia,2511,Wheat and products,5911,Export Quantity,2006,1000 t,0.0,I,exports
75,Gambia,2511,Wheat and products,5911,Export Quantity,2007,1000 t,0.0,I,exports
75,Gambia,2511,Wheat and products,5911,Export Quantity,2008,1000 t,0.0,I,exports
75,Gambia,2511,Wheat and products,5911,Export Quantity,2009,1000 t,0.0,I,exports
75,Gambia,2511,Wheat and products,5911,Export Quantity,2010,1000 t,0.0,I,exports
75,Gambia,2511,Wheat and products,5911,Export Quantity,2011,1000 t,1.0,I,exports
75,Gambia,2511,Wheat and products,5301,Domestic supply quantity,2006,1000 t,39.0,I,domestic_supply
75,Gambia,2511,Wheat and products,5301,Domestic supply quantity,2007,1000 t,57.0,I,domestic_supply
75,Gambia,2511,Wheat and products,5301,Domestic supply quantity,2008,1000 t,66.0,I,domestic_supply
75,Gambia,2511,Wheat and products,5301,Domestic supply quantity,2009,1000 t,72.0,I,domestic_supply
75,Gambia,2511,Wheat and products,5301,Domestic supply quantity,2010,1000 t,53.0,I,domestic_supply
75,Gambia,2511,Wheat and products,5301,Domestic supply quantity,2011,1000 t,59.0,I,domestic_supply
75,Gambia,2511,Wheat and products,5123,Losses,2006,1000 t,1.0,I,losses
75,Gambia,2511,Wheat and products,5123,Losses,2007,1000 t,1.0,I,losses
75,Gambia,2511,Wheat and products,5123,Losses,2008,1000 t,1.0,I,losses
75,Gambia,2511,Wheat and products,5123,Losses,2009,1000 t,1.0,I,losses
75,Gambia,2511,Wheat and products,5123,Losses,2010,1000 t,2.0,I,losses
75,Gambia,2511,Wheat and products,5123,Losses,2011,1000 t,1.0,I,losses
75,Gambia,2511,Wheat and products,5142,Food,2006,1000 t,35.0,I,food
75,Gambia,2511,Wheat and products,5142,Food,2007,1000 t,49.0,I,food
75,Gambia,2511,Wheat and products,5142,Food,2008,1000 t,58.0,I,food
75,Gambia,2511,Wheat and products,5142,Food,2009,1000 t,64.0,I,food
75,Gambia,2511,Wheat and products,5142,Food,2010,1000 t,45.0,I,food
75,Gambia,2511,Wheat and products,5142,Food,2011,1000 t,52.0,I,food
73,Georgia,2511,Wheat and products,5511,Production,2006,1000 t,70.0,I,production
73,Georgia,2511,Wheat and products,5511,Production,2007,1000 t,75.0,I,production
73,Georgia,2511,Wheat and products,5511,Production,2008,1000 t,80.0,I,production
73,Georgia,2511,Wheat and products,5511,Production,2009,1000 t,54.0,I,production
73,Georgia,2511,Wheat and products,5511,Production,2010,1000 t,48.0,I,production
73,Georgia,2511,Wheat and products,5511,Production,2011,1000 t,97.0,I,production
73,Georgia,2511,Wheat and products,5611,Import Quantity,2006,1000 t,976.0,I,imports
73,Georgia,2511,Wheat and products,5611,Import Quantity,2007,1000 t,919.0,I,imports
73,Georgia,2511,Wheat and products,5611,Import Quantity,2008,1000 t,614.0,I,imports
73,Georgia,2511,Wheat and products,5611,Import Quantity,2009,1000 t,620.0,I,imports
73,Georgia,2511,Wheat and products,5611,Import Quantity,2010,1000 t,752.0,I,imports
73,Georgia,2511,Wheat and products,5611,Import Quantity,2011,1000 t,661.0,I,imports
73,Georgia,2511,Wheat and products,5074,Stock Variation,2006,1000 t,-80.0,I,stock_variation
73,Georgia,2511,Wheat and products,5074,Stock Variation,2007,1000 t,-20.0,I,stock_variation
73,Georgia,2511,Wheat and products,5074,Stock Variation,2008,1000 t,179.0,I,stock_variation
73,Georgia,2511,Wheat and products,5074,Stock Variation,2009,1000 t,108.0,I,stock_variation
73,Georgia,2511,Wheat and products,5074,Stock Variation,2010,1000 t,72.0,I,stock_variation
73,Georgia,2511,Wheat and products,5074,Stock Variation,2011,1000 t,95.0,I,stock_variation
73,Georgia,2511,Wheat and products,5911,Export Quantity,2006,1000 t,39.0,I,exports
73,Georgia,2511,Wheat and products,5911,Export Quantity,2007,1000 t,27.0,I,exports
73,Georgia,2511,Wheat and products,5911,Export Quantity,2008,1000 t,13.0,I,exports
73,Georgia,2511,Wheat and products,5911,Export Quantity,2009,1000 t,15.0,I,exports
73,Georgia,2511,Wheat and products,5911,Export Quantity,2010,1000 t,36.0,I,exports
73,Georgia,2511,Wheat and products,5911,Export Quantity,2011,1000 t,20.0,I,exports
73,Georgia,2511,Wheat and products,5301,Domestic supply quantity,2006,1000 t,927.0,I,domestic_supply
73,Georgia,2511,Wheat and products,5301,Domestic supply quantity,2007,1000 t,947.0,I,domestic_supply
73,Georgia,2511,Wheat and products,5301,Domestic supply quantity,2008,1000 t,860.0,I,domestic_supply
73,Georgia,2511,Wheat and products,5301,Domestic supply quantity,2009,1000 t,767.0,I,domestic_supply
73,Georgia,2511,Wheat and products,5301,Domestic supply quantity,2010,1000 t,836.0,I,domestic_supply
73,Georgia,2511,Wheat and products,5301,Domestic supply quantity,2011,1000 t,832.0,I,domestic_supply
73,Georgia,2511,Wheat and products,5521,Feed,2006,1000 t,110.0,I,feed
73,Georgia,2511,Wheat and products,5521,Feed,2007,1000 t,115.0,I,feed
73,Georgia,2511,Wheat and products,5521,Feed,2008,1000 t,70.0,I,feed
73,Georgia,2511,Wheat and products,5521,Feed,2009,1000 t,10.0,I,feed
73,Georgia,2511,Wheat and products,5521,Feed,2010,1000 t,68.0,I,feed
73,Georgia,2511,Wheat and products,5521,Feed,2011,1000 t,64.0,I,feed
73,Georgia,2511,Wheat and products,5527,Seed,2006,1000 t,17.0,I,seed
73,Georgia,2511,Wheat and products,5527,Seed,2007,1000 t,13.0,I,seed
73,Georgia,2511,Wheat and products,5527,Seed,2008,1000 t,14.0,I,seed
73,Georgia,2511,Wheat and products,5527,Seed,2009,1000 t,15.0,I,seed
73,Georgia,2511,Wheat and products,5527,Seed,2010,1000 t,14.0,I,seed
73,Georgia,2511,Wheat and products,5527,Seed,2011,1000 t,13.0,I,seed
73,Georgia,2511,Wheat and products,5123,Losses,2006,1000 t,35.0,I,losses
73,Georgia,2511,Wheat and products,5123,Losses,2007,1000 t,33.0,I,losses
73,Georgia,2511,Wheat and products,5123,Losses,2008,1000 t,27.0,I,losses
73,Georgia,2511,Wheat and products,5123,Losses,2009,1000 t,12.0,I,losses
73,Georgia,2511,Wheat and products,5123,Losses,2010,1000 t,14.0,I,losses
73,Georgia,2511,Wheat and products,5123,Losses,2011,1000 t,13.0,I,losses
73,Georgia,2511,Wheat and products,5142,Food,2006,1000 t,702.0,I,food
73,Georgia,2511,Wheat and products,5142,Food,2007,1000 t,688.0,I,food
73,Georgia,2511,Wheat and products,5142,Food,2008,1000 t,701.0,I,food
73,Georgia,2511,Wheat and products,5142,Food,2009,1000 t,683.0,I,food
73,Georgia,2511,Wheat and products,5142,Food,2010,1000 t,684.0,I,food
73,Georgia,2511,Wheat and products,5142,Food,2011,1000 t,681.0,I,food
79,Germany,2511,Wheat and products,5511,Production,2006,1000 t,22428.0,I,production
79,Germany,2511,Wheat and products,5511,Production,2007,1000 t,20828.0,I,production
79,Germany,2511,Wheat and products,5511,Production,2008,1000 t,25989.0,I,production
79,Germany,2511,Wheat and products,5511,Production,2009,1000 t,25192.0,I,production
79,Germany,2511,Wheat and products,5511,Production,2010,1000 t,24107.0,I,production
79,Germany,2511,Wheat and products,5511,Production,2011,1000 t,22783.0,I,production
79,Germany,2511,Wheat and products,5611,Import Quantity,2006,1000 t,3070.0,I,imports
79,Germany,2511,Wheat and products,5611,Import Quantity,2007,1000 t,3348.0,I,imports
79,Germany,2511,Wheat and products,5611,Import Quantity,2008,1000 t,3887.0,I,imports
79,Germany,2511,Wheat and products,5611,Import Quantity,2009,1000 t,5419.0,I,imports
79,Germany,2511,Wheat and products,5611,Import Quantity,2010,1000 t,5432.0,I,imports
79,Germany,2511,Wheat and products,5611,Import Quantity,2011,1000 t,5983.0,I,imports
79,Germany,2511,Wheat and products,5074,Stock Variation,2006,1000 t,2335.0,I,stock_variation
79,Germany,2511,Wheat and products,5074,Stock Variation,2007,1000 t,138.0,I,stock_variation
79,Germany,2511,Wheat and products,5074,Stock Variation,2008,1000 t,-1452.0,I,stock_variation
79,Germany,2511,Wheat and products,5074,Stock Variation,2009,1000 t,916.0,I,stock_variation
79,Germany,2511,Wheat and products,5074,Stock Variation,2010,1000 t,-861.0,I,stock_variation
79,Germany,2511,Wheat and products,5074,Stock Variation,2011,1000 t,-1739.0,I,stock_variation
79,Germany,2511,Wheat and products,5911,Export Quantity,2006,1000 t,8118.0,I,exports
79,Germany,2511,Wheat and products,5911,Export Quantity,2007,1000 t,6565.0,I,exports
79,Germany,2511,Wheat and products,5911,Export Quantity,2008,1000 t,9053.0,I,exports
79,Germany,2511,Wheat and products,5911,Export Quantity,2009,1000 t,11809.0,I,exports
79,Germany,2511,Wheat and products,5911,Export Quantity,2010,1000 t,11347.0,I,exports
79,Germany,2511,Wheat and products,5911,Export Quantity,2011,1000 t,8642.0,I,exports
79,Germany,2511,Wheat and products,5301,Domestic supply quantity,2006,1000 t,19714.0,I,domestic_supply
79,Germany,2511,Wheat and products,5301,Domestic supply quantity,2007,1000 t,17748.0,I,domestic_supply
79,Germany,2511,Wheat and products,5301,Domestic supply quantity,2008,1000 t,19370.0,I,domestic_supply
79,Germany,2511,Wheat and products,5301,Domestic supply quantity,2009,1000 t,19718.0,I,domestic_supply
79,Germany,2511,Wheat and products,5301,Domestic supply quantity,2010,1000 t,17332.0,I,domestic_supply
79,Germany,2511,Wheat and products,5301,Domestic supply quantity,2011,1000 t,18385.0,I,domestic_supply
79,Germany,2511,Wheat and products,5521,Feed,2006,1000 t,10644.0,I,feed
79,Germany,2511,Wheat and products,5521,Feed,2007,1000 t,8993.0,I,feed
79,Germany,2511,Wheat and products,5521,Feed,2008,1000 t,10669.0,I,feed
79,Germany,2511,Wheat and products,5521,Feed,2009,1000 t,10608.0,I,feed
79,Germany,2511,Wheat and products,5521,Feed,2010,1000 t,8189.0,I,feed
79,Germany,2511,Wheat and products,5521,Feed,2011,1000 t,9242.0,I,feed
79,Germany,2511,Wheat and products,5527,Seed,2006,1000 t,560.0,I,seed
79,Germany,2511,Wheat and products,5527,Seed,2007,1000 t,558.0,I,seed
79,Germany,2511,Wheat and products,5527,Seed,2008,1000 t,574.0,I,seed
79,Germany,2511,Wheat and products,5527,Seed,2009,1000 t,551.0,I,seed
79,Germany,2511,Wheat and products,5527,Seed,2010,1000 t,524.0,I,seed
79,Germany,2511,Wheat and products,5527,Seed,2011,1000 t,524.0,I,seed
79,Germany,2511,Wheat and products,5123,Losses,2006,1000 t,547.0,I,losses
79,Germany,2511,Wheat and products,5123,Losses,2007,1000 t,512.0,I,losses
79,Germany,2511,Wheat and products,5123,Losses,2008,1000 t,612.0,I,losses
79,Germany,2511,Wheat and products,5123,Losses,2009,1000 t,654.0,I,losses
79,Germany,2511,Wheat and products,5123,Losses,2010,1000 t,638.0,I,losses
79,Germany,2511,Wheat and products,5123,Losses,2011,1000 t,614.0,I,losses
79,Germany,2511,Wheat and products,5142,Food,2006,1000 t,6796.0,I,food
79,Germany,2511,Wheat and products,5142,Food,2007,1000 t,6886.0,I,food
79,Germany,2511,Wheat and products,5142,Food,2008,1000 t,6868.0,I,food
79,Germany,2511,Wheat and products,5142,Food,2009,1000 t,7137.0,I,food
79,Germany,2511,Wheat and products,5142,Food,2010,1000 t,7235.0,I,food
79,Germany,2511,Wheat and products,5142,Food,2011,1000 t,7204.0,I,food
81,Ghana,2511,Wheat and products,5611,Import Quantity,2006,1000 t,394.0,I,imports
81,Ghana,2511,Wheat and products,5611,Import Quantity,2007,1000 t,438.0,I,imports
81,Ghana,2511,Wheat and products,5611,Import Quantity,2008,1000 t,425.0,I,imports
81,Ghana,2511,Wheat and products,5611,Import Quantity,2009,1000 t,422.0,I,imports
81,Ghana,2511,Wheat and products,5611,Import Quantity,2010,1000 t,419.0,I,imports
81,Ghana,2511,Wheat and products,5611,Import Quantity,2011,1000 t,475.0,I,imports
81,Ghana,2511,Wheat and products,5074,Stock Variation,2006,1000 t,-3.0,I,stock_variation
81,Ghana,2511,Wheat and products,5074,Stock Variation,2007,1000 t,3.0,I,stock_variation
81,Ghana,2511,Wheat and products,5074,Stock Variation,2008,1000 t,0.0,I,stock_variation
81,Ghana,2511,Wheat and products,5074,Stock Variation,2009,1000 t,-28.0,I,stock_variation
81,Ghana,2511,Wheat and products,5074,Stock Variation,2010,1000 t,0.0,I,stock_variation
81,Ghana,2511,Wheat and products,5074,Stock Variation,2011,1000 t,-49.0,I,stock_variation
81,Ghana,2511,Wheat and products,5911,Export Quantity,2006,1000 t,2.0,I,exports
81,Ghana,2511,Wheat and products,5911,Export Quantity,2007,1000 t,4.0,I,exports
81,Ghana,2511,Wheat and products,5911,Export Quantity,2008,1000 t,1.0,I,exports
81,Ghana,2511,Wheat and products,5911,Export Quantity,2009,1000 t,1.0,I,exports
81,Ghana,2511,Wheat and products,5911,Export Quantity,2010,1000 t,8.0,I,exports
81,Ghana,2511,Wheat and products,5911,Export Quantity,2011,1000 t,6.0,I,exports
81,Ghana,2511,Wheat and products,5301,Domestic supply quantity,2006,1000 t,389.0,I,domestic_supply
81,Ghana,2511,Wheat and products,5301,Domestic supply quantity,2007,1000 t,438.0,I,domestic_supply
81,Ghana,2511,Wheat and products,5301,Domestic supply quantity,2008,1000 t,424.0,I,domestic_supply
81,Ghana,2511,Wheat and products,5301,Domestic supply quantity,2009,1000 t,393.0,I,domestic_supply
81,Ghana,2511,Wheat and products,5301,Domestic supply quantity,2010,1000 t,412.0,I,domestic_supply
81,Ghana,2511,Wheat and products,5301,Domestic supply quantity,2011,1000 t,421.0,I,domestic_supply
81,Ghana,2511,Wheat and products,5123,Losses,2006,1000 t,7.0,I,losses
81,Ghana,2511,Wheat and products,5123,Losses,2007,1000 t,8.0,I,losses
81,Ghana,2511,Wheat and products,5123,Losses,2008,1000 t,7.0,I,losses
81,Ghana,2511,Wheat and products,5123,Losses,2009,1000 t,8.0,I,losses
81,Ghana,2511,Wheat and products,5123,Losses,2010,1000 t,7.0,I,losses
81,Ghana,2511,Wheat and products,5123,Losses,2011,1000 t,8.0,I,losses
81,Ghana,2511,Wheat and products,5142,Food,2006,1000 t,382.0,I,food
81,Ghana,2511,Wheat and products,5142,Food,2007,1000 t,430.0,I,food
81,Ghana,2511,Wheat and products,5142,Food,2008,1000 t,417.0,I,food
81,Ghana,2511,Wheat and products,5142,Food,2009,1000 t,385.0,I,food
81,Ghana,2511,Wheat and products,5142,Food,2010,1000 t,404.0,I,food
81,Ghana,2511,Wheat and products,5142,Food,2011,1000 t,413.0,I,food
84,Greece,2511,Wheat and products,5511,Production,2006,1000 t,1778.0,I,production
84,Greece,2511,Wheat and products,5511,Production,2007,1000 t,1629.0,I,production
84,Greece,2511,Wheat and products,5511,Production,2008,1000 t,1939.0,I,production
84,Greece,2511,Wheat and products,5511,Production,2009,1000 t,1830.0,I,production
84,Greece,2511,Wheat and products,5511,Production,2010,1000 t,1663.0,I,production
84,Greece,2511,Wheat and products,5511,Production,2011,1000 t,1858.0,I,production
84,Greece,2511,Wheat and products,5611,Import Quantity,2006,1000 t,1180.0,I,imports
84,Greece,2511,Wheat and products,5611,Import Quantity,2007,1000 t,1270.0,I,imports
84,Greece,2511,Wheat and products,5611,Import Quantity,2008,1000 t,989.0,I,imports
84,Greece,2511,Wheat and products,5611,Import Quantity,2009,1000 t,1021.0,I,imports
84,Greece,2511,Wheat and products,5611,Import Quantity,2010,1000 t,964.0,I,imports
84,Greece,2511,Wheat and products,5611,Import Quantity,2011,1000 t,1058.0,I,imports
84,Greece,2511,Wheat and products,5074,Stock Variation,2006,1000 t,-39.0,I,stock_variation
84,Greece,2511,Wheat and products,5074,Stock Variation,2007,1000 t,-246.0,I,stock_variation
84,Greece,2511,Wheat and products,5074,Stock Variation,2008,1000 t,-12.0,I,stock_variation
84,Greece,2511,Wheat and products,5074,Stock Variation,2009,1000 t,133.0,I,stock_variation
84,Greece,2511,Wheat and products,5074,Stock Variation,2010,1000 t,162.0,I,stock_variation
84,Greece,2511,Wheat and products,5074,Stock Variation,2011,1000 t,-286.0,I,stock_variation
84,Greece,2511,Wheat and products,5911,Export Quantity,2006,1000 t,495.0,I,exports
84,Greece,2511,Wheat and products,5911,Export Quantity,2007,1000 t,332.0,I,exports
84,Greece,2511,Wheat and products,5911,Export Quantity,2008,1000 t,439.0,I,exports
84,Greece,2511,Wheat and products,5911,Export Quantity,2009,1000 t,794.0,I,exports
84,Greece,2511,Wheat and products,5911,Export Quantity,2010,1000 t,643.0,I,exports
84,Greece,2511,Wheat and products,5911,Export Quantity,2011,1000 t,484.0,I,exports
84,Greece,2511,Wheat and products,5301,Domestic supply quantity,2006,1000 t,2424.0,I,domestic_supply
84,Greece,2511,Wheat and products,5301,Domestic supply quantity,2007,1000 t,2321.0,I,domestic_supply
84,Greece,2511,Wheat and products,5301,Domestic supply quantity,2008,1000 t,2478.0,I,domestic_supply
84,Greece,2511,Wheat and products,5301,Domestic supply quantity,2009,1000 t,2189.0,I,domestic_supply
84,Greece,2511,Wheat and products,5301,Domestic supply quantity,2010,1000 t,2146.0,I,domestic_supply
84,Greece,2511,Wheat and products,5301,Domestic supply quantity,2011,1000 t,2145.0,I,domestic_supply
84,Greece,2511,Wheat and products,5521,Feed,2006,1000 t,710.0,I,feed
84,Greece,2511,Wheat and products,5521,Feed,2007,1000 t,650.0,I,feed
84,Greece,2511,Wheat and products,5521,Feed,2008,1000 t,780.0,I,feed
84,Greece,2511,Wheat and products,5521,Feed,2009,1000 t,550.0,I,feed
84,Greece,2511,Wheat and products,5521,Feed,2010,1000 t,500.0,I,feed
84,Greece,2511,Wheat and products,5521,Feed,2011,1000 t,510.0,I,feed
84,Greece,2511,Wheat and products,5527,Seed,2006,1000 t,170.0,I,seed
84,Greece,2511,Wheat and products,5527,Seed,2007,1000 t,150.0,I,seed
84,Greece,2511,Wheat and products,5527,Seed,2008,1000 t,165.0,I,seed
84,Greece,2511,Wheat and products,5527,Seed,2009,1000 t,120.0,I,seed
84,Greece,2511,Wheat and products,5527,Seed,2010,1000 t,130.0,I,seed
84,Greece,2511,Wheat and products,5527,Seed,2011,1000 t,150.0,I,seed
84,Greece,2511,Wheat and products,5123,Losses,2006,1000 t,58.0,I,losses
84,Greece,2511,Wheat and products,5123,Losses,2007,1000 t,56.0,I,losses
84,Greece,2511,Wheat and products,5123,Losses,2008,1000 t,56.0,I,losses
84,Greece,2511,Wheat and products,5123,Losses,2009,1000 t,55.0,I,losses
84,Greece,2511,Wheat and products,5123,Losses,2010,1000 t,50.0,I,losses
84,Greece,2511,Wheat and products,5123,Losses,2011,1000 t,28.0,I,losses
84,Greece,2511,Wheat and products,5142,Food,2006,1000 t,1338.0,I,food
84,Greece,2511,Wheat and products,5142,Food,2007,1000 t,1314.0,I,food
84,Greece,2511,Wheat and products,5142,Food,2008,1000 t,1339.0,I,food
84,Greece,2511,Wheat and products,5142,Food,2009,1000 t,1326.0,I,food
84,Greece,2511,Wheat and products,5142,Food,2010,1000 t,1328.0,I,food
84,Greece,2511,Wheat and products,5142,Food,2011,1000 t,1318.0,I,food
86,Grenada,2511,Wheat and products,5611,Import Quantity,2006,1000 t,19.0,I,imports
86,Grenada,2511,Wheat and products,5611,Import Quantity,2007,1000 t,20.0,I,imports
86,Grenada,2511,Wheat and products,5611,Import Quantity,2008,1000 t,28.0,I,imports
86,Grenada,2511,Wheat and products,5611,Import Quantity,2009,1000 t,19.0,I,imports
86,Grenada,2511,Wheat and products,5611,Import Quantity,2010,1000 t,22.0,I,imports
86,Grenada,2511,Wheat and products,5611,Import Quantity,2011,1000 t,24.0,I,imports
86,Grenada,2511,Wheat and products,5074,Stock Variation,2006,1000 t,1.0,I,stock_variation
86,Grenada,2511,Wheat and products,5074,Stock Variation,2007,1000 t,1.0,I,stock_variation
86,Grenada,2511,Wheat and products,5074,Stock Variation,2008,1000 t,-1.0,I,stock_variation
86,Grenada,2511,Wheat and products,5074,Stock Variation,2009,1000 t,-2.0,I,stock_variation
86,Grenada,2511,Wheat and products,5074,Stock Variation,2010,1000 t,-4.0,I,stock_variation
86,Grenada,2511,Wheat and products,5074,Stock Variation,2011,1000 t,-3.0,I,stock_variation
86,Grenada,2511,Wheat and products,5911,Export Quantity,2006,1000 t,12.0,I,exports
86,Grenada,2511,Wheat and products,5911,Export Quantity,2007,1000 t,9.0,I,exports
86,Grenada,2511,Wheat and products,5911,Export Quantity,2008,1000 t,7.0,I,exports
86,Grenada,2511,Wheat and products,5911,Export Quantity,2009,1000 t,0.0,I,exports
86,Grenada,2511,Wheat and products,5911,Export Quantity,2010,1000 t,0.0,I,exports
86,Grenada,2511,Wheat and products,5911,Export Quantity,2011,1000 t,1.0,I,exports
86,Grenada,2511,Wheat and products,5301,Domestic supply quantity,2006,1000 t,9.0,I,domestic_supply
86,Grenada,2511,Wheat and products,5301,Domestic supply quantity,2007,1000 t,11.0,I,domestic_supply
86,Grenada,2511,Wheat and products,5301,Domestic supply quantity,2008,1000 t,21.0,I,domestic_supply
86,Grenada,2511,Wheat and products,5301,Domestic supply quantity,2009,1000 t,17.0,I,domestic_supply
86,Grenada,2511,Wheat and products,5301,Domestic supply quantity,2010,1000 t,18.0,I,domestic_supply
86,Grenada,2511,Wheat and products,5301,Domestic supply quantity,2011,1000 t,19.0,I,domestic_supply
86,Grenada,2511,Wheat and products,5521,Feed,2006,1000 t,2.0,I,feed
86,Grenada,2511,Wheat and products,5521,Feed,2007,1000 t,4.0,I,feed
86,Grenada,2511,Wheat and products,5521,Feed,2008,1000 t,6.0,I,feed
86,Grenada,2511,Wheat and products,5521,Feed,2009,1000 t,1.0,I,feed
86,Grenada,2511,Wheat and products,5521,Feed,2010,1000 t,4.0,I,feed
86,Grenada,2511,Wheat and products,5521,Feed,2011,1000 t,5.0,I,feed
86,Grenada,2511,Wheat and products,5123,Losses,2006,1000 t,1.0,I,losses
86,Grenada,2511,Wheat and products,5123,Losses,2007,1000 t,1.0,I,losses
86,Grenada,2511,Wheat and products,5123,Losses,2008,1000 t,2.0,I,losses
86,Grenada,2511,Wheat and products,5123,Losses,2009,1000 t,1.0,I,losses
86,Grenada,2511,Wheat and products,5123,Losses,2010,1000 t,1.0,I,losses
86,Grenada,2511,Wheat and products,5123,Losses,2011,1000 t,1.0,I,losses
86,Grenada,2511,Wheat and products,5142,Food,2006,1000 t,5.0,I,food
86,Grenada,2511,Wheat and products,5142,Food,2007,1000 t,5.0,I,food
86,Grenada,2511,Wheat and products,5142,Food,2008,1000 t,5.0,I,food
86,Grenada,2511,Wheat and products,5142,Food,2009,1000 t,6.0,I,food
86,Grenada,2511,Wheat and products,5142,Food,2010,1000 t,6.0,I,food
86,Grenada,2511,Wheat and products,5142,Food,2011,1000 t,6.0,I,food
89,Guatemala,2511,Wheat and products,5511,Production,2006,1000 t,2.0,I,production
89,Guatemala,2511,Wheat and products,5511,Production,2007,1000 t,2.0,I,production
89,Guatemala,2511,Wheat and products,5511,Production,2008,1000 t,2.0,I,production
89,Guatemala,2511,Wheat and products,5511,Production,2009,1000 t,2.0,I,production
89,Guatemala,2511,Wheat and products,5511,Production,2010,1000 t,1.0,I,production
89,Guatemala,2511,Wheat and products,5511,Production,2011,1000 t,1.0,I,production
89,Guatemala,2511,Wheat and products,5611,Import Quantity,2006,1000 t,519.0,I,imports
89,Guatemala,2511,Wheat and products,5611,Import Quantity,2007,1000 t,594.0,I,imports
89,Guatemala,2511,Wheat and products,5611,Import Quantity,2008,1000 t,574.0,I,imports
89,Guatemala,2511,Wheat and products,5611,Import Quantity,2009,1000 t,545.0,I,imports
89,Guatemala,2511,Wheat and products,5611,Import Quantity,2010,1000 t,628.0,I,imports
89,Guatemala,2511,Wheat and products,5611,Import Quantity,2011,1000 t,656.0,I,imports
89,Guatemala,2511,Wheat and products,5074,Stock Variation,2006,1000 t,68.0,I,stock_variation
89,Guatemala,2511,Wheat and products,5074,Stock Variation,2007,1000 t,-8.0,I,stock_variation
89,Guatemala,2511,Wheat and products,5074,Stock Variation,2008,1000 t,8.0,I,stock_variation
89,Guatemala,2511,Wheat and products,5074,Stock Variation,2009,1000 t,36.0,I,stock_variation
89,Guatemala,2511,Wheat and products,5074,Stock Variation,2010,1000 t,2.0,I,stock_variation
89,Guatemala,2511,Wheat and products,5074,Stock Variation,2011,1000 t,-7.0,I,stock_variation
89,Guatemala,2511,Wheat and products,5911,Export Quantity,2006,1000 t,138.0,I,exports
89,Guatemala,2511,Wheat and products,5911,Export Quantity,2007,1000 t,154.0,I,exports
89,Guatemala,2511,Wheat and products,5911,Export Quantity,2008,1000 t,116.0,I,exports
89,Guatemala,2511,Wheat and products,5911,Export Quantity,2009,1000 t,108.0,I,exports
89,Guatemala,2511,Wheat and products,5911,Export Quantity,2010,1000 t,124.0,I,exports
89,Guatemala,2511,Wheat and products,5911,Export Quantity,2011,1000 t,131.0,I,exports
89,Guatemala,2511,Wheat and products,5301,Domestic supply quantity,2006,1000 t,451.0,I,domestic_supply
89,Guatemala,2511,Wheat and products,5301,Domestic supply quantity,2007,1000 t,432.0,I,domestic_supply
89,Guatemala,2511,Wheat and products,5301,Domestic supply quantity,2008,1000 t,467.0,I,domestic_supply
89,Guatemala,2511,Wheat and products,5301,Domestic supply quantity,2009,1000 t,474.0,I,domestic_supply
89,Guatemala,2511,Wheat and products,5301,Domestic supply quantity,2010,1000 t,507.0,I,domestic_supply
89,Guatemala,2511,Wheat and products,5301,Domestic supply quantity,2011,1000 t,519.0,I,domestic_supply
89,Guatemala,2511,Wheat and products,5527,Seed,2006,1000 t,1.0,I,seed
89,Guatemala,2511,Wheat and products,5527,Seed,2007,1000 t,1.0,I,seed
89,Guatemala,2511,Wheat and products,5527,Seed,2008,1000 t,1.0,I,seed
89,Guatemala,2511,Wheat and products,5527,Seed,2009,1000 t,1.0,I,seed
89,Guatemala,2511,Wheat and products,5527,Seed,2010,1000 t,1.0,I,seed
89,Guatemala,2511,Wheat and products,5527,Seed,2011,1000 t,1.0,I,seed
89,Guatemala,2511,Wheat and products,5123,Losses,2006,1000 t,3.0,I,losses
89,Guatemala,2511,Wheat and products,5123,Losses,2007,1000 t,3.0,I,losses
89,Guatemala,2511,Wheat and products,5123,Losses,2008,1000 t,3.0,I,losses
89,Guatemala,2511,Wheat and products,5123,Losses,2009,1000 t,3.0,I,losses
89,Guatemala,2511,Wheat and products,5123,Losses,2010,1000 t,3.0,I,losses
89,Guatemala,2511,Wheat and products,5123,Losses,2011,1000 t,3.0,I,losses
89,Guatemala,2511,Wheat and products,5142,Food,2006,1000 t,447.0,I,food
89,Guatemala,2511,Wheat and products,5142,Food,2007,1000 t,429.0,I,food
89,Guatemala,2511,Wheat and products,5142,Food,2008,1000 t,463.0,I,food
89,Guatemala,2511,Wheat and products,5142,Food,2009,1000 t,469.0,I,food
89,Guatemala,2511,Wheat and products,5142,Food,2010,1000 t,503.0,I,food
89,Guatemala,2511,Wheat and products,5142,Food,2011,1000 t,515.0,I,food
90,Guinea,2511,Wheat and products,5611,Import Quantity,2006,1000 t,169.0,I,imports
90,Guinea,2511,Wheat and products,5611,Import Quantity,2007,1000 t,138.0,I,imports
90,Guinea,2511,Wheat and products,5611,Import Quantity,2008,1000 t,106.0,I,imports
90,Guinea,2511,Wheat and products,5611,Import Quantity,2009,1000 t,161.0,I,imports
90,Guinea,2511,Wheat and products,5611,Import Quantity,2010,1000 t,195.0,I,imports
90,Guinea,2511,Wheat and products,5611,Import Quantity,2011,1000 t,120.0,I,imports
90,Guinea,2511,Wheat and products,5074,Stock Variation,2006,1000 t,-47.0,I,stock_variation
90,Guinea,2511,Wheat and products,5074,Stock Variation,2007,1000 t,-13.0,I,stock_variation
90,Guinea,2511,Wheat and products,5074,Stock Variation,2008,1000 t,33.0,I,stock_variation
90,Guinea,2511,Wheat and products,5074,Stock Variation,2009,1000 t,0.0,I,stock_variation
90,Guinea,2511,Wheat and products,5074,Stock Variation,2010,1000 t,-40.0,I,stock_variation
90,Guinea,2511,Wheat and products,5074,Stock Variation,2011,1000 t,16.0,I,stock_variation
90,Guinea,2511,Wheat and products,5911,Export Quantity,2006,1000 t,0.0,I,exports
90,Guinea,2511,Wheat and products,5911,Export Quantity,2007,1000 t,0.0,I,exports
90,Guinea,2511,Wheat and products,5911,Export Quantity,2008,1000 t,15.0,I,exports
90,Guinea,2511,Wheat and products,5911,Export Quantity,2009,1000 t,15.0,I,exports
90,Guinea,2511,Wheat and products,5911,Export Quantity,2010,1000 t,10.0,I,exports
90,Guinea,2511,Wheat and products,5911,Export Quantity,2011,1000 t,0.0,I,exports
90,Guinea,2511,Wheat and products,5301,Domestic supply quantity,2006,1000 t,122.0,I,domestic_supply
90,Guinea,2511,Wheat and products,5301,Domestic supply quantity,2007,1000 t,125.0,I,domestic_supply
90,Guinea,2511,Wheat and products,5301,Domestic supply quantity,2008,1000 t,125.0,I,domestic_supply
90,Guinea,2511,Wheat and products,5301,Domestic supply quantity,2009,1000 t,146.0,I,domestic_supply
90,Guinea,2511,Wheat and products,5301,Domestic supply quantity,2010,1000 t,145.0,I,domestic_supply
90,Guinea,2511,Wheat and products,5301,Domestic supply quantity,2011,1000 t,136.0,I,domestic_supply
90,Guinea,2511,Wheat and products,5123,Losses,2006,1000 t,2.0,I,losses
90,Guinea,2511,Wheat and products,5123,Losses,2007,1000 t,3.0,I,losses
90,Guinea,2511,Wheat and products,5123,Losses,2008,1000 t,2.0,I,losses
90,Guinea,2511,Wheat and products,5123,Losses,2009,1000 t,3.0,I,losses
90,Guinea,2511,Wheat and products,5123,Losses,2010,1000 t,4.0,I,losses
90,Guinea,2511,Wheat and products,5123,Losses,2011,1000 t,2.0,I,losses
90,Guinea,2511,Wheat and products,5142,Food,2006,1000 t,120.0,I,food
90,Guinea,2511,Wheat and products,5142,Food,2007,1000 t,122.0,I,food
90,Guinea,2511,Wheat and products,5142,Food,2008,1000 t,122.0,I,food
90,Guinea,2511,Wheat and products,5142,Food,2009,1000 t,143.0,I,food
90,Guinea,2511,Wheat and products,5142,Food,2010,1000 t,141.0,I,food
90,Guinea,2511,Wheat and products,5142,Food,2011,1000 t,133.0,I,food
175,Guinea-Bissau,2511,Wheat and products,5611,Import Quantity,2006,1000 t,23.0,I,imports
175,Guinea-Bissau,2511,Wheat and products,5611,Import Quantity,2007,1000 t,13.0,I,imports
175,Guinea-Bissau,2511,Wheat and products,5611,Import Quantity,2008,1000 t,14.0,I,imports
175,Guinea-Bissau,2511,Wheat and products,5611,Import Quantity,2009,1000 t,7.0,I,imports
175,Guinea-Bissau,2511,Wheat and products,5611,Import Quantity,2010,1000 t,9.0,I,imports
175,Guinea-Bissau,2511,Wheat and products,5611,Import Quantity,2011,1000 t,12.0,I,imports
175,Guinea-Bissau,2511,Wheat and products,5074,Stock Variation,2006,1000 t,-7.0,I,stock_variation
175,Guinea-Bissau,2511,Wheat and products,5074,Stock Variation,2007,1000 t,4.0,I,stock_variation
175,Guinea-Bissau,2511,Wheat and products,5074,Stock Variation,2008,1000 t,4.0,I,stock_variation
175,Guinea-Bissau,2511,Wheat and products,5074,Stock Variation,2009,1000 t,10.0,I,stock_variation
175,Guinea-Bissau,2511,Wheat and products,5074,Stock Variation,2010,1000 t,8.0,I,stock_variation
175,Guinea-Bissau,2511,Wheat and products,5074,Stock Variation,2011,1000 t,7.0,I,stock_variation
175,Guinea-Bissau,2511,Wheat and products,5911,Export Quantity,2006,1000 t,0.0,I,exports
175,Guinea-Bissau,2511,Wheat and products,5911,Export Quantity,2007,1000 t,0.0,I,exports
175,Guinea-Bissau,2511,Wheat and products,5911,Export Quantity,2008,1000 t,0.0,I,exports
175,Guinea-Bissau,2511,Wheat and products,5911,Export Quantity,2009,1000 t,0.0,I,exports
175,Guinea-Bissau,2511,Wheat and products,5911,Export Quantity,2010,1000 t,0.0,I,exports
175,Guinea-Bissau,2511,Wheat and products,5911,Export Quantity,2011,1000 t,0.0,I,exports
175,Guinea-Bissau,2511,Wheat and products,5301,Domestic supply quantity,2006,1000 t,16.0,I,domestic_supply
175,Guinea-Bissau,2511,Wheat and products,5301,Domestic supply quantity,2007,1000 t,17.0,I,domestic_supply
175,Guinea-Bissau,2511,Wheat and products,5301,Domestic supply quantity,2008,1000 t,18.0,I,domestic_supply
175,Guinea-Bissau,2511,Wheat and products,5301,Domestic supply quantity,2009,1000 t,16.0,I,domestic_supply
175,Guinea-Bissau,2511,Wheat and products,5301,Domestic supply quantity,2010,1000 t,17.0,I,domestic_supply
175,Guinea-Bissau,2511,Wheat and products,5301,Domestic supply quantity,2011,1000 t,19.0,I,domestic_supply
175,Guinea-Bissau,2511,Wheat and products,5142,Food,2006,1000 t,16.0,I,food
175,Guinea-Bissau,2511,Wheat and products,5142,Food,2007,1000 t,17.0,I,food
175,Guinea-Bissau,2511,Wheat and products,5142,Food,2008,1000 t,18.0,I,food
175,Guinea-Bissau,2511,Wheat and products,5142,Food,2009,1000 t,16.0,I,food
175,Guinea-Bissau,2511,Wheat and products,5142,Food,2010,1000 t,17.0,I,food
175,Guinea-Bissau,2511,Wheat and products,5142,Food,2011,1000 t,19.0,I,food
91,Guyana,2511,Wheat and products,5611,Import Quantity,2006,1000 t,46.0,I,imports
91,Guyana,2511,Wheat and products,5611,Import Quantity,2007,1000 t,55.0,I,imports
91,Guyana,2511,Wheat and products,5611,Import Quantity,2008,1000 t,63.0,I,imports
91,Guyana,2511,Wheat and products,5611,Import Quantity,2009,1000 t,61.0,I,imports
91,Guyana,2511,Wheat and products,5611,Import Quantity,2010,1000 t,53.0,I,imports
91,Guyana,2511,Wheat and products,5611,Import Quantity,2011,1000 t,47.0,I,imports
91,Guyana,2511,Wheat and products,5074,Stock Variation,2006,1000 t,4.0,I,stock_variation
91,Guyana,2511,Wheat and products,5074,Stock Variation,2007,1000 t,0.0,I,stock_variation
91,Guyana,2511,Wheat and products,5074,Stock Variation,2008,1000 t,-5.0,I,stock_variation
91,Guyana,2511,Wheat and products,5074,Stock Variation,2009,1000 t,-2.0,I,stock_variation
91,Guyana,2511,Wheat and products,5074,Stock Variation,2010,1000 t,10.0,I,stock_variation
91,Guyana,2511,Wheat and products,5074,Stock Variation,2011,1000 t,13.0,I,stock_variation
91,Guyana,2511,Wheat and products,5911,Export Quantity,2006,1000 t,0.0,I,exports
91,Guyana,2511,Wheat and products,5911,Export Quantity,2007,1000 t,1.0,I,exports
91,Guyana,2511,Wheat and products,5911,Export Quantity,2008,1000 t,2.0,I,exports
91,Guyana,2511,Wheat and products,5911,Export Quantity,2009,1000 t,2.0,I,exports
91,Guyana,2511,Wheat and products,5911,Export Quantity,2010,1000 t,6.0,I,exports
91,Guyana,2511,Wheat and products,5911,Export Quantity,2011,1000 t,4.0,I,exports
91,Guyana,2511,Wheat and products,5301,Domestic supply quantity,2006,1000 t,50.0,I,domestic_supply
91,Guyana,2511,Wheat and products,5301,Domestic supply quantity,2007,1000 t,54.0,I,domestic_supply
91,Guyana,2511,Wheat and products,5301,Domestic supply quantity,2008,1000 t,55.0,I,domestic_supply
91,Guyana,2511,Wheat and products,5301,Domestic supply quantity,2009,1000 t,56.0,I,domestic_supply
91,Guyana,2511,Wheat and products,5301,Domestic supply quantity,2010,1000 t,56.0,I,domestic_supply
91,Guyana,2511,Wheat and products,5301,Domestic supply quantity,2011,1000 t,56.0,I,domestic_supply
91,Guyana,2511,Wheat and products,5521,Feed,2006,1000 t,0.0,I,feed
91,Guyana,2511,Wheat and products,5521,Feed,2007,1000 t,6.0,I,feed
91,Guyana,2511,Wheat and products,5521,Feed,2008,1000 t,7.0,I,feed
91,Guyana,2511,Wheat and products,5521,Feed,2009,1000 t,7.0,I,feed
91,Guyana,2511,Wheat and products,5521,Feed,2010,1000 t,6.0,I,feed
91,Guyana,2511,Wheat and products,5521,Feed,2011,1000 t,4.0,I,feed
91,Guyana,2511,Wheat and products,5123,Losses,2006,1000 t,2.0,I,losses
91,Guyana,2511,Wheat and products,5123,Losses,2007,1000 t,2.0,I,losses
91,Guyana,2511,Wheat and products,5123,Losses,2008,1000 t,2.0,I,losses
91,Guyana,2511,Wheat and products,5123,Losses,2009,1000 t,2.0,I,losses
91,Guyana,2511,Wheat and products,5123,Losses,2010,1000 t,2.0,I,losses
91,Guyana,2511,Wheat and products,5123,Losses,2011,1000 t,2.0,I,losses
91,Guyana,2511,Wheat and products,5142,Food,2006,1000 t,46.0,I,food
91,Guyana,2511,Wheat and products,5142,Food,2007,1000 t,44.0,I,food
91,Guyana,2511,Wheat and products,5142,Food,2008,1000 t,44.0,I,food
91,Guyana,2511,Wheat and products,5142,Food,2009,1000 t,45.0,I,food
91,Guyana,2511,Wheat and products,5142,Food,2010,1000 t,46.0,I,food
91,Guyana,2511,Wheat and products,5142,Food,2011,1000 t,48.0,I,food
93,Haiti,2511,Wheat and products,5611,Import Quantity,2006,1000 t,295.0,I,imports
93,Haiti,2511,Wheat and products,5611,Import Quantity,2007,1000 t,253.0,I,imports
93,Haiti,2511,Wheat and products,5611,Import Quantity,2008,1000 t,283.0,I,imports
93,Haiti,2511,Wheat and products,5611,Import Quantity,2009,1000 t,310.0,I,imports
93,Haiti,2511,Wheat and products,5611,Import Quantity,2010,1000 t,227.0,I,imports
93,Haiti,2511,Wheat and products,5611,Import Quantity,2011,1000 t,122.0,I,imports
93,Haiti,2511,Wheat and products,5074,Stock Variation,2006,1000 t,-20.0,I,stock_variation
93,Haiti,2511,Wheat and products,5074,Stock Variation,2007,1000 t,20.0,I,stock_variation
93,Haiti,2511,Wheat and products,5074,Stock Variation,2008,1000 t,-5.0,I,stock_variation
93,Haiti,2511,Wheat and products,5074,Stock Variation,2009,1000 t,-25.0,I,stock_variation
93,Haiti,2511,Wheat and products,5074,Stock Variation,2010,1000 t,-10.0,I,stock_variation
93,Haiti,2511,Wheat and products,5074,Stock Variation,2011,1000 t,45.0,I,stock_variation
93,Haiti,2511,Wheat and products,5911,Export Quantity,2006,1000 t,0.0,I,exports
93,Haiti,2511,Wheat and products,5911,Export Quantity,2007,1000 t,0.0,I,exports
93,Haiti,2511,Wheat and products,5911,Export Quantity,2008,1000 t,0.0,I,exports
93,Haiti,2511,Wheat and products,5911,Export Quantity,2009,1000 t,0.0,I,exports
93,Haiti,2511,Wheat and products,5911,Export Quantity,2010,1000 t,0.0,I,exports
93,Haiti,2511,Wheat and products,5911,Export Quantity,2011,1000 t,0.0,I,exports
93,Haiti,2511,Wheat and products,5301,Domestic supply quantity,2006,1000 t,275.0,I,domestic_supply
93,Haiti,2511,Wheat and products,5301,Domestic supply quantity,2007,1000 t,273.0,I,domestic_supply
93,Haiti,2511,Wheat and products,5301,Domestic supply quantity,2008,1000 t,278.0,I,domestic_supply
93,Haiti,2511,Wheat and products,5301,Domestic supply quantity,2009,1000 t,285.0,I,domestic_supply
93,Haiti,2511,Wheat and products,5301,Domestic supply quantity,2010,1000 t,217.0,I,domestic_supply
93,Haiti,2511,Wheat and products,5301,Domestic supply quantity,2011,1000 t,167.0,I,domestic_supply
93,Haiti,2511,Wheat and products,5123,Losses,2006,1000 t,5.0,I,losses
93,Haiti,2511,Wheat and products,5123,Losses,2007,1000 t,4.0,I,losses
93,Haiti,2511,Wheat and products,5123,Losses,2008,1000 t,4.0,I,losses
93,Haiti,2511,Wheat and products,5123,Losses,2009,1000 t,5.0,I,losses
93,Haiti,2511,Wheat and products,5123,Losses,2010,1000 t,3.0,I,losses
93,Haiti,2511,Wheat and products,5123,Losses,2011,1000 t,2.0,I,losses
93,Haiti,2511,Wheat and products,5142,Food,2006,1000 t,270.0,I,food
93,Haiti,2511,Wheat and products,5142,Food,2007,1000 t,268.0,I,food
93,Haiti,2511,Wheat and products,5142,Food,2008,1000 t,274.0,I,food
93,Haiti,2511,Wheat and products,5142,Food,2009,1000 t,280.0,I,food
93,Haiti,2511,Wheat and products,5142,Food,2010,1000 t,214.0,I,food
93,Haiti,2511,Wheat and products,5142,Food,2011,1000 t,165.0,I,food
95,Honduras,2511,Wheat and products,5511,Production,2006,1000 t,1.0,I,production
95,Honduras,2511,Wheat and products,5511,Production,2007,1000 t,1.0,I,production
95,Honduras,2511,Wheat and products,5511,Production,2008,1000 t,1.0,I,production
95,Honduras,2511,Wheat and products,5511,Production,2009,1000 t,1.0,I,production
95,Honduras,2511,Wheat and products,5511,Production,2010,1000 t,1.0,I,production
95,Honduras,2511,Wheat and products,5511,Production,2011,1000 t,1.0,I,production
95,Honduras,2511,Wheat and products,5611,Import Quantity,2006,1000 t,266.0,I,imports
95,Honduras,2511,Wheat and products,5611,Import Quantity,2007,1000 t,239.0,I,imports
95,Honduras,2511,Wheat and products,5611,Import Quantity,2008,1000 t,263.0,I,imports
95,Honduras,2511,Wheat and products,5611,Import Quantity,2009,1000 t,312.0,I,imports
95,Honduras,2511,Wheat and products,5611,Import Quantity,2010,1000 t,267.0,I,imports
95,Honduras,2511,Wheat and products,5611,Import Quantity,2011,1000 t,326.0,I,imports
95,Honduras,2511,Wheat and products,5074,Stock Variation,2006,1000 t,14.0,I,stock_variation
95,Honduras,2511,Wheat and products,5074,Stock Variation,2007,1000 t,39.0,I,stock_variation
95,Honduras,2511,Wheat and products,5074,Stock Variation,2008,1000 t,11.0,I,stock_variation
95,Honduras,2511,Wheat and products,5074,Stock Variation,2009,1000 t,-21.0,I,stock_variation
95,Honduras,2511,Wheat and products,5074,Stock Variation,2010,1000 t,31.0,I,stock_variation
95,Honduras,2511,Wheat and products,5074,Stock Variation,2011,1000 t,14.0,I,stock_variation
95,Honduras,2511,Wheat and products,5911,Export Quantity,2006,1000 t,15.0,I,exports
95,Honduras,2511,Wheat and products,5911,Export Quantity,2007,1000 t,20.0,I,exports
95,Honduras,2511,Wheat and products,5911,Export Quantity,2008,1000 t,16.0,I,exports
95,Honduras,2511,Wheat and products,5911,Export Quantity,2009,1000 t,15.0,I,exports
95,Honduras,2511,Wheat and products,5911,Export Quantity,2010,1000 t,18.0,I,exports
95,Honduras,2511,Wheat and products,5911,Export Quantity,2011,1000 t,46.0,I,exports
95,Honduras,2511,Wheat and products,5301,Domestic supply quantity,2006,1000 t,266.0,I,domestic_supply
95,Honduras,2511,Wheat and products,5301,Domestic supply quantity,2007,1000 t,259.0,I,domestic_supply
95,Honduras,2511,Wheat and products,5301,Domestic supply quantity,2008,1000 t,259.0,I,domestic_supply
95,Honduras,2511,Wheat and products,5301,Domestic supply quantity,2009,1000 t,277.0,I,domestic_supply
95,Honduras,2511,Wheat and products,5301,Domestic supply quantity,2010,1000 t,282.0,I,domestic_supply
95,Honduras,2511,Wheat and products,5301,Domestic supply quantity,2011,1000 t,295.0,I,domestic_supply
95,Honduras,2511,Wheat and products,5521,Feed,2006,1000 t,6.0,I,feed
95,Honduras,2511,Wheat and products,5521,Feed,2007,1000 t,6.0,I,feed
95,Honduras,2511,Wheat and products,5521,Feed,2008,1000 t,6.0,I,feed
95,Honduras,2511,Wheat and products,5521,Feed,2009,1000 t,6.0,I,feed
95,Honduras,2511,Wheat and products,5521,Feed,2010,1000 t,6.0,I,feed
95,Honduras,2511,Wheat and products,5521,Feed,2011,1000 t,6.0,I,feed
95,Honduras,2511,Wheat and products,5527,Seed,2006,1000 t,0.0,I,seed
95,Honduras,2511,Wheat and products,5527,Seed,2007,1000 t,0.0,I,seed
95,Honduras,2511,Wheat and products,5527,Seed,2008,1000 t,0.0,I,seed
95,Honduras,2511,Wheat and products,5527,Seed,2009,1000 t,0.0,I,seed
95,Honduras,2511,Wheat and products,5527,Seed,2010,1000 t,0.0,I,seed
95,Honduras,2511,Wheat and products,5527,Seed,2011,1000 t,0.0,I,seed
95,Honduras,2511,Wheat and products,5123,Losses,2006,1000 t,1.0,I,losses
95,Honduras,2511,Wheat and products,5123,Losses,2007,1000 t,0.0,I,losses
95,Honduras,2511,Wheat and products,5123,Losses,2008,1000 t,1.0,I,losses
95,Honduras,2511,Wheat and products,5123,Losses,2009,1000 t,1.0,I,losses
95,Honduras,2511,Wheat and products,5123,Losses,2010,1000 t,1.0,I,losses
95,Honduras,2511,Wheat and products,5123,Losses,2011,1000 t,1.0,I,losses
95,Honduras,2511,Wheat and products,5142,Food,2006,1000 t,259.0,I,food
95,Honduras,2511,Wheat and products,5142,Food,2007,1000 t,253.0,I,food
95,Honduras,2511,Wheat and products,5142,Food,2008,1000 t,252.0,I,food
95,Honduras,2511,Wheat and products,5142,Food,2009,1000 t,270.0,I,food
95,Honduras,2511,Wheat and products,5142,Food,2010,1000 t,275.0,I,food
95,Honduras,2511,Wheat and products,5142,Food,2011,1000 t,288.0,I,food
97,Hungary,2511,Wheat and products,5511,Production,2006,1000 t,4376.0,I,production
97,Hungary,2511,Wheat and products,5511,Production,2007,1000 t,3987.0,I,production
97,Hungary,2511,Wheat and products,5511,Production,2008,1000 t,5631.0,I,production
97,Hungary,2511,Wheat and products,5511,Production,2009,1000 t,4419.0,I,production
97,Hungary,2511,Wheat and products,5511,Production,2010,1000 t,3745.0,I,production
97,Hungary,2511,Wheat and products,5511,Production,2011,1000 t,4107.0,I,production
97,Hungary,2511,Wheat and products,5611,Import Quantity,2006,1000 t,139.0,I,imports
97,Hungary,2511,Wheat and products,5611,Import Quantity,2007,1000 t,206.0,I,imports
97,Hungary,2511,Wheat and products,5611,Import Quantity,2008,1000 t,156.0,I,imports
97,Hungary,2511,Wheat and products,5611,Import Quantity,2009,1000 t,203.0,I,imports
97,Hungary,2511,Wheat and products,5611,Import Quantity,2010,1000 t,230.0,I,imports
97,Hungary,2511,Wheat and products,5611,Import Quantity,2011,1000 t,276.0,I,imports
97,Hungary,2511,Wheat and products,5074,Stock Variation,2006,1000 t,415.0,I,stock_variation
97,Hungary,2511,Wheat and products,5074,Stock Variation,2007,1000 t,154.0,I,stock_variation
97,Hungary,2511,Wheat and products,5074,Stock Variation,2008,1000 t,-1043.0,I,stock_variation
97,Hungary,2511,Wheat and products,5074,Stock Variation,2009,1000 t,-20.0,I,stock_variation
97,Hungary,2511,Wheat and products,5074,Stock Variation,2010,1000 t,1028.0,I,stock_variation
97,Hungary,2511,Wheat and products,5074,Stock Variation,2011,1000 t,-307.0,I,stock_variation
97,Hungary,2511,Wheat and products,5911,Export Quantity,2006,1000 t,2183.0,I,exports
97,Hungary,2511,Wheat and products,5911,Export Quantity,2007,1000 t,1753.0,I,exports
97,Hungary,2511,Wheat and products,5911,Export Quantity,2008,1000 t,2318.0,I,exports
97,Hungary,2511,Wheat and products,5911,Export Quantity,2009,1000 t,1900.0,I,exports
97,Hungary,2511,Wheat and products,5911,Export Quantity,2010,1000 t,2332.0,I,exports
97,Hungary,2511,Wheat and products,5911,Export Quantity,2011,1000 t,1530.0,I,exports
97,Hungary,2511,Wheat and products,5301,Domestic supply quantity,2006,1000 t,2748.0,I,domestic_supply
97,Hungary,2511,Wheat and products,5301,Domestic supply quantity,2007,1000 t,2594.0,I,domestic_supply
97,Hungary,2511,Wheat and products,5301,Domestic supply quantity,2008,1000 t,2425.0,I,domestic_supply
97,Hungary,2511,Wheat and products,5301,Domestic supply quantity,2009,1000 t,2703.0,I,domestic_supply
97,Hungary,2511,Wheat and products,5301,Domestic supply quantity,2010,1000 t,2671.0,I,domestic_supply
97,Hungary,2511,Wheat and products,5301,Domestic supply quantity,2011,1000 t,2546.0,I,domestic_supply
97,Hungary,2511,Wheat and products,5521,Feed,2006,1000 t,1165.0,I,feed
97,Hungary,2511,Wheat and products,5521,Feed,2007,1000 t,1110.0,I,feed
97,Hungary,2511,Wheat and products,5521,Feed,2008,1000 t,996.0,I,feed
97,Hungary,2511,Wheat and products,5521,Feed,2009,1000 t,1164.0,I,feed
97,Hungary,2511,Wheat and products,5521,Feed,2010,1000 t,1174.0,I,feed
97,Hungary,2511,Wheat and products,5521,Feed,2011,1000 t,1129.0,I,feed
97,Hungary,2511,Wheat and products,5527,Seed,2006,1000 t,282.0,I,seed
97,Hungary,2511,Wheat and products,5527,Seed,2007,1000 t,282.0,I,seed
97,Hungary,2511,Wheat and products,5527,Seed,2008,1000 t,289.0,I,seed
97,Hungary,2511,Wheat and products,5527,Seed,2009,1000 t,278.0,I,seed
97,Hungary,2511,Wheat and products,5527,Seed,2010,1000 t,259.0,I,seed
97,Hungary,2511,Wheat and products,5527,Seed,2011,1000 t,267.0,I,seed
97,Hungary,2511,Wheat and products,5123,Losses,2006,1000 t,69.0,I,losses
97,Hungary,2511,Wheat and products,5123,Losses,2007,1000 t,76.0,I,losses
97,Hungary,2511,Wheat and products,5123,Losses,2008,1000 t,81.0,I,losses
97,Hungary,2511,Wheat and products,5123,Losses,2009,1000 t,104.0,I,losses
97,Hungary,2511,Wheat and products,5123,Losses,2010,1000 t,90.0,I,losses
97,Hungary,2511,Wheat and products,5123,Losses,2011,1000 t,98.0,I,losses
97,Hungary,2511,Wheat and products,5142,Food,2006,1000 t,1152.0,I,food
97,Hungary,2511,Wheat and products,5142,Food,2007,1000 t,1038.0,I,food
97,Hungary,2511,Wheat and products,5142,Food,2008,1000 t,1017.0,I,food
97,Hungary,2511,Wheat and products,5142,Food,2009,1000 t,1131.0,I,food
97,Hungary,2511,Wheat and products,5142,Food,2010,1000 t,1134.0,I,food
97,Hungary,2511,Wheat and products,5142,Food,2011,1000 t,1043.0,I,food
99,Iceland,2511,Wheat and products,5611,Import Quantity,2006,1000 t,50.0,I,imports
99,Iceland,2511,Wheat and products,5611,Import Quantity,2007,1000 t,56.0,I,imports
99,Iceland,2511,Wheat and products,5611,Import Quantity,2008,1000 t,53.0,I,imports
99,Iceland,2511,Wheat and products,5611,Import Quantity,2009,1000 t,55.0,I,imports
99,Iceland,2511,Wheat and products,5611,Import Quantity,2010,1000 t,56.0,I,imports
99,Iceland,2511,Wheat and products,5611,Import Quantity,2011,1000 t,54.0,I,imports
99,Iceland,2511,Wheat and products,5074,Stock Variation,2006,1000 t,0.0,I,stock_variation
99,Iceland,2511,Wheat and products,5074,Stock Variation,2007,1000 t,0.0,I,stock_variation
99,Iceland,2511,Wheat and products,5074,Stock Variation,2008,1000 t,0.0,I,stock_variation
99,Iceland,2511,Wheat and products,5074,Stock Variation,2009,1000 t,0.0,I,stock_variation
99,Iceland,2511,Wheat and products,5074,Stock Variation,2010,1000 t,0.0,I,stock_variation
99,Iceland,2511,Wheat and products,5074,Stock Variation,2011,1000 t,0.0,I,stock_variation
99,Iceland,2511,Wheat and products,5911,Export Quantity,2006,1000 t,0.0,I,exports
99,Iceland,2511,Wheat and products,5911,Export Quantity,2007,1000 t,0.0,I,exports
99,Iceland,2511,Wheat and products,5911,Export Quantity,2008,1000 t,0.0,I,exports
99,Iceland,2511,Wheat and products,5911,Export Quantity,2009,1000 t,0.0,I,exports
99,Iceland,2511,Wheat and products,5911,Export Quantity,2010,1000 t,0.0,I,exports
99,Iceland,2511,Wheat and products,5911,Export Quantity,2011,1000 t,0.0,I,exports
99,Iceland,2511,Wheat and products,5301,Domestic supply quantity,2006,1000 t,49.0,I,domestic_supply
99,Iceland,2511,Wheat and products,5301,Domestic supply quantity,2007,1000 t,55.0,I,domestic_supply
99,Iceland,2511,Wheat and products,5301,Domestic supply quantity,2008,1000 t,53.0,I,domestic_supply
99,Iceland,2511,Wheat and products,5301,Domestic supply quantity,2009,1000 t,55.0,I,domestic_supply
99,Iceland,2511,Wheat and products,5301,Domestic supply quantity,2010,1000 t,55.0,I,domestic_supply
99,Iceland,2511,Wheat and products,5301,Domestic supply quantity,2011,1000 t,54.0,I,domestic_supply
99,Iceland,2511,Wheat and products,5521,Feed,2006,1000 t,15.0,I,feed
99,Iceland,2511,Wheat and products,5521,Feed,2007,1000 t,20.0,I,feed
99,Iceland,2511,Wheat and products,5521,Feed,2008,1000 t,17.0,I,feed
99,Iceland,2511,Wheat and products,5521,Feed,2009,1000 t,21.0,I,feed
99,Iceland,2511,Wheat and products,5521,Feed,2010,1000 t,21.0,I,feed
99,Iceland,2511,Wheat and products,5521,Feed,2011,1000 t,20.0,I,feed
99,Iceland,2511,Wheat and products,5142,Food,2006,1000 t,21.0,I,food
99,Iceland,2511,Wheat and products,5142,Food,2007,1000 t,22.0,I,food
99,Iceland,2511,Wheat and products,5142,Food,2008,1000 t,22.0,I,food
99,Iceland,2511,Wheat and products,5142,Food,2009,1000 t,22.0,I,food
99,Iceland,2511,Wheat and products,5142,Food,2010,1000 t,22.0,I,food
99,Iceland,2511,Wheat and products,5142,Food,2011,1000 t,21.0,I,food
100,India,2511,Wheat and products,5511,Production,2006,1000 t,69354.0,I,production
100,India,2511,Wheat and products,5511,Production,2007,1000 t,75807.0,I,production
100,India,2511,Wheat and products,5511,Production,2008,1000 t,78570.0,I,production
100,India,2511,Wheat and products,5511,Production,2009,1000 t,80679.0,I,production
100,India,2511,Wheat and products,5511,Production,2010,1000 t,80804.0,I,production
100,India,2511,Wheat and products,5511,Production,2011,1000 t,86874.0,I,production
100,India,2511,Wheat and products,5611,Import Quantity,2006,1000 t,6093.0,I,imports
100,India,2511,Wheat and products,5611,Import Quantity,2007,1000 t,2690.0,I,imports
100,India,2511,Wheat and products,5611,Import Quantity,2008,1000 t,14.0,I,imports
100,India,2511,Wheat and products,5611,Import Quantity,2009,1000 t,180.0,I,imports
100,India,2511,Wheat and products,5611,Import Quantity,2010,1000 t,199.0,I,imports
100,India,2511,Wheat and products,5611,Import Quantity,2011,1000 t,17.0,I,imports
100,India,2511,Wheat and products,5074,Stock Variation,2006,1000 t,-1138.0,I,stock_variation
100,India,2511,Wheat and products,5074,Stock Variation,2007,1000 t,-996.0,I,stock_variation
100,India,2511,Wheat and products,5074,Stock Variation,2008,1000 t,2000.0,I,stock_variation
100,India,2511,Wheat and products,5074,Stock Variation,2009,1000 t,-1500.0,I,stock_variation
100,India,2511,Wheat and products,5074,Stock Variation,2010,1000 t,1550.0,I,stock_variation
100,India,2511,Wheat and products,5074,Stock Variation,2011,1000 t,-4130.0,I,stock_variation
100,India,2511,Wheat and products,5911,Export Quantity,2006,1000 t,162.0,I,exports
100,India,2511,Wheat and products,5911,Export Quantity,2007,1000 t,128.0,I,exports
100,India,2511,Wheat and products,5911,Export Quantity,2008,1000 t,163.0,I,exports
100,India,2511,Wheat and products,5911,Export Quantity,2009,1000 t,146.0,I,exports
100,India,2511,Wheat and products,5911,Export Quantity,2010,1000 t,158.0,I,exports
100,India,2511,Wheat and products,5911,Export Quantity,2011,1000 t,784.0,I,exports
100,India,2511,Wheat and products,5301,Domestic supply quantity,2006,1000 t,74147.0,I,domestic_supply
100,India,2511,Wheat and products,5301,Domestic supply quantity,2007,1000 t,77373.0,I,domestic_supply
100,India,2511,Wheat and products,5301,Domestic supply quantity,2008,1000 t,80421.0,I,domestic_supply
100,India,2511,Wheat and products,5301,Domestic supply quantity,2009,1000 t,79214.0,I,domestic_supply
100,India,2511,Wheat and products,5301,Domestic supply quantity,2010,1000 t,82394.0,I,domestic_supply
100,India,2511,Wheat and products,5301,Domestic supply quantity,2011,1000 t,81976.0,I,domestic_supply
100,India,2511,Wheat and products,5521,Feed,2006,1000 t,1282.0,I,feed
100,India,2511,Wheat and products,5521,Feed,2007,1000 t,1334.0,I,feed
100,India,2511,Wheat and products,5521,Feed,2008,1000 t,1450.0,I,feed
100,India,2511,Wheat and products,5521,Feed,2009,1000 t,1617.0,I,feed
100,India,2511,Wheat and products,5521,Feed,2010,1000 t,1816.0,I,feed
100,India,2511,Wheat and products,5521,Feed,2011,1000 t,1911.0,I,feed
100,India,2511,Wheat and products,5527,Seed,2006,1000 t,2799.0,I,seed
100,India,2511,Wheat and products,5527,Seed,2007,1000 t,2804.0,I,seed
100,India,2511,Wheat and products,5527,Seed,2008,1000 t,2775.0,I,seed
100,India,2511,Wheat and products,5527,Seed,2009,1000 t,2846.0,I,seed
100,India,2511,Wheat and products,5527,Seed,2010,1000 t,2907.0,I,seed
100,India,2511,Wheat and products,5527,Seed,2011,1000 t,2986.0,I,seed
100,India,2511,Wheat and products,5123,Losses,2006,1000 t,3772.0,I,losses
100,India,2511,Wheat and products,5123,Losses,2007,1000 t,3924.0,I,losses
100,India,2511,Wheat and products,5123,Losses,2008,1000 t,4834.0,I,losses
100,India,2511,Wheat and products,5123,Losses,2009,1000 t,4851.0,I,losses
100,India,2511,Wheat and products,5123,Losses,2010,1000 t,4952.0,I,losses
100,India,2511,Wheat and products,5123,Losses,2011,1000 t,5212.0,I,losses
100,India,2511,Wheat and products,5142,Food,2006,1000 t,66293.0,I,food
100,India,2511,Wheat and products,5142,Food,2007,1000 t,69311.0,I,food
100,India,2511,Wheat and products,5142,Food,2008,1000 t,71361.0,I,food
100,India,2511,Wheat and products,5142,Food,2009,1000 t,69900.0,I,food
100,India,2511,Wheat and products,5142,Food,2010,1000 t,72719.0,I,food
100,India,2511,Wheat and products,5142,Food,2011,1000 t,71867.0,I,food
101,Indonesia,2511,Wheat and products,5611,Import Quantity,2006,1000 t,5376.0,I,imports
101,Indonesia,2511,Wheat and products,5611,Import Quantity,2007,1000 t,5499.0,I,imports
101,Indonesia,2511,Wheat and products,5611,Import Quantity,2008,1000 t,5280.0,I,imports
101,Indonesia,2511,Wheat and products,5611,Import Quantity,2009,1000 t,5575.0,I,imports
101,Indonesia,2511,Wheat and products,5611,Import Quantity,2010,1000 t,5924.0,I,imports
101,Indonesia,2511,Wheat and products,5611,Import Quantity,2011,1000 t,6590.0,I,imports
101,Indonesia,2511,Wheat and products,5074,Stock Variation,2006,1000 t,0.0,I,stock_variation
101,Indonesia,2511,Wheat and products,5074,Stock Variation,2007,1000 t,0.0,I,stock_variation
101,Indonesia,2511,Wheat and products,5074,Stock Variation,2008,1000 t,0.0,I,stock_variation
101,Indonesia,2511,Wheat and products,5074,Stock Variation,2009,1000 t,0.0,I,stock_variation
101,Indonesia,2511,Wheat and products,5074,Stock Variation,2010,1000 t,0.0,I,stock_variation
101,Indonesia,2511,Wheat and products,5074,Stock Variation,2011,1000 t,-300.0,I,stock_variation
101,Indonesia,2511,Wheat and products,5911,Export Quantity,2006,1000 t,171.0,I,exports
101,Indonesia,2511,Wheat and products,5911,Export Quantity,2007,1000 t,181.0,I,exports
101,Indonesia,2511,Wheat and products,5911,Export Quantity,2008,1000 t,174.0,I,exports
101,Indonesia,2511,Wheat and products,5911,Export Quantity,2009,1000 t,130.0,I,exports
101,Indonesia,2511,Wheat and products,5911,Export Quantity,2010,1000 t,212.0,I,exports
101,Indonesia,2511,Wheat and products,5911,Export Quantity,2011,1000 t,188.0,I,exports
101,Indonesia,2511,Wheat and products,5301,Domestic supply quantity,2006,1000 t,5205.0,I,domestic_supply
101,Indonesia,2511,Wheat and products,5301,Domestic supply quantity,2007,1000 t,5318.0,I,domestic_supply
101,Indonesia,2511,Wheat and products,5301,Domestic supply quantity,2008,1000 t,5107.0,I,domestic_supply
101,Indonesia,2511,Wheat and products,5301,Domestic supply quantity,2009,1000 t,5444.0,I,domestic_supply
101,Indonesia,2511,Wheat and products,5301,Domestic supply quantity,2010,1000 t,5712.0,I,domestic_supply
101,Indonesia,2511,Wheat and products,5301,Domestic supply quantity,2011,1000 t,6102.0,I,domestic_supply
101,Indonesia,2511,Wheat and products,5521,Feed,2006,1000 t,138.0,I,feed
101,Indonesia,2511,Wheat and products,5521,Feed,2007,1000 t,139.0,I,feed
101,Indonesia,2511,Wheat and products,5521,Feed,2008,1000 t,135.0,I,feed
101,Indonesia,2511,Wheat and products,5521,Feed,2009,1000 t,140.0,I,feed
101,Indonesia,2511,Wheat and products,5521,Feed,2010,1000 t,144.0,I,feed
101,Indonesia,2511,Wheat and products,5521,Feed,2011,1000 t,168.0,I,feed
101,Indonesia,2511,Wheat and products,5123,Losses,2006,1000 t,104.0,I,losses
101,Indonesia,2511,Wheat and products,5123,Losses,2007,1000 t,105.0,I,losses
101,Indonesia,2511,Wheat and products,5123,Losses,2008,1000 t,101.0,I,losses
101,Indonesia,2511,Wheat and products,5123,Losses,2009,1000 t,108.0,I,losses
101,Indonesia,2511,Wheat and products,5123,Losses,2010,1000 t,114.0,I,losses
101,Indonesia,2511,Wheat and products,5123,Losses,2011,1000 t,122.0,I,losses
101,Indonesia,2511,Wheat and products,5142,Food,2006,1000 t,4854.0,I,food
101,Indonesia,2511,Wheat and products,5142,Food,2007,1000 t,4966.0,I,food
101,Indonesia,2511,Wheat and products,5142,Food,2008,1000 t,4767.0,I,food
101,Indonesia,2511,Wheat and products,5142,Food,2009,1000 t,5087.0,I,food
101,Indonesia,2511,Wheat and products,5142,Food,2010,1000 t,5354.0,I,food
101,Indonesia,2511,Wheat and products,5142,Food,2011,1000 t,5715.0,I,food
102,Iran (Islamic Republic of),2511,Wheat and products,5511,Production,2006,1000 t,14664.0,I,production
102,Iran (Islamic Republic of),2511,Wheat and products,5511,Production,2007,1000 t,15887.0,I,production
102,Iran (Islamic Republic of),2511,Wheat and products,5511,Production,2008,1000 t,7957.0,I,production
102,Iran (Islamic Republic of),2511,Wheat and products,5511,Production,2009,1000 t,13484.0,I,production
102,Iran (Islamic Republic of),2511,Wheat and products,5511,Production,2010,1000 t,13500.0,I,production
102,Iran (Islamic Republic of),2511,Wheat and products,5511,Production,2011,1000 t,8678.0,I,production
102,Iran (Islamic Republic of),2511,Wheat and products,5611,Import Quantity,2006,1000 t,1100.0,I,imports
102,Iran (Islamic Republic of),2511,Wheat and products,5611,Import Quantity,2007,1000 t,251.0,I,imports
102,Iran (Islamic Republic of),2511,Wheat and products,5611,Import Quantity,2008,1000 t,3734.0,I,imports
102,Iran (Islamic Republic of),2511,Wheat and products,5611,Import Quantity,2009,1000 t,5462.0,I,imports
102,Iran (Islamic Republic of),2511,Wheat and products,5611,Import Quantity,2010,1000 t,1408.0,I,imports
102,Iran (Islamic Republic of),2511,Wheat and products,5611,Import Quantity,2011,1000 t,75.0,I,imports
102,Iran (Islamic Republic of),2511,Wheat and products,5074,Stock Variation,2006,1000 t,-1079.0,I,stock_variation
102,Iran (Islamic Republic of),2511,Wheat and products,5074,Stock Variation,2007,1000 t,-1722.0,I,stock_variation
102,Iran (Islamic Republic of),2511,Wheat and products,5074,Stock Variation,2008,1000 t,1805.0,I,stock_variation
102,Iran (Islamic Republic of),2511,Wheat and products,5074,Stock Variation,2009,1000 t,-4625.0,I,stock_variation
102,Iran (Islamic Republic of),2511,Wheat and products,5074,Stock Variation,2010,1000 t,-232.0,I,stock_variation
102,Iran (Islamic Republic of),2511,Wheat and products,5074,Stock Variation,2011,1000 t,4863.0,I,stock_variation
102,Iran (Islamic Republic of),2511,Wheat and products,5911,Export Quantity,2006,1000 t,142.0,I,exports
102,Iran (Islamic Republic of),2511,Wheat and products,5911,Export Quantity,2007,1000 t,666.0,I,exports
102,Iran (Islamic Republic of),2511,Wheat and products,5911,Export Quantity,2008,1000 t,319.0,I,exports
102,Iran (Islamic Republic of),2511,Wheat and products,5911,Export Quantity,2009,1000 t,132.0,I,exports
102,Iran (Islamic Republic of),2511,Wheat and products,5911,Export Quantity,2010,1000 t,836.0,I,exports
102,Iran (Islamic Republic of),2511,Wheat and products,5911,Export Quantity,2011,1000 t,350.0,I,exports
102,Iran (Islamic Republic of),2511,Wheat and products,5301,Domestic supply quantity,2006,1000 t,14543.0,I,domestic_supply
102,Iran (Islamic Republic of),2511,Wheat and products,5301,Domestic supply quantity,2007,1000 t,13750.0,I,domestic_supply
102,Iran (Islamic Republic of),2511,Wheat and products,5301,Domestic supply quantity,2008,1000 t,13176.0,I,domestic_supply
102,Iran (Islamic Republic of),2511,Wheat and products,5301,Domestic supply quantity,2009,1000 t,14189.0,I,domestic_supply
102,Iran (Islamic Republic of),2511,Wheat and products,5301,Domestic supply quantity,2010,1000 t,13840.0,I,domestic_supply
102,Iran (Islamic Republic of),2511,Wheat and products,5301,Domestic supply quantity,2011,1000 t,13266.0,I,domestic_supply
102,Iran (Islamic Republic of),2511,Wheat and products,5521,Feed,2006,1000 t,2000.0,I,feed
102,Iran (Islamic Republic of),2511,Wheat and products,5521,Feed,2007,1000 t,1500.0,I,feed
102,Iran (Islamic Republic of),2511,Wheat and products,5521,Feed,2008,1000 t,800.0,I,feed
102,Iran (Islamic Republic of),2511,Wheat and products,5521,Feed,2009,1000 t,1000.0,I,feed
102,Iran (Islamic Republic of),2511,Wheat and products,5521,Feed,2010,1000 t,800.0,I,feed
102,Iran (Islamic Republic of),2511,Wheat and products,5521,Feed,2011,1000 t,500.0,I,feed
102,Iran (Islamic Republic of),2511,Wheat and products,5527,Seed,2006,1000 t,896.0,I,seed
102,Iran (Islamic Republic of),2511,Wheat and products,5527,Seed,2007,1000 t,651.0,I,seed
102,Iran (Islamic Republic of),2511,Wheat and products,5527,Seed,2008,1000 t,824.0,I,seed
102,Iran (Islamic Republic of),2511,Wheat and products,5527,Seed,2009,1000 t,872.0,I,seed
102,Iran (Islamic Republic of),2511,Wheat and products,5527,Seed,2010,1000 t,791.0,I,seed
102,Iran (Islamic Republic of),2511,Wheat and products,5527,Seed,2011,1000 t,811.0,I,seed
102,Iran (Islamic Republic of),2511,Wheat and products,5123,Losses,2006,1000 t,788.0,I,losses
102,Iran (Islamic Republic of),2511,Wheat and products,5123,Losses,2007,1000 t,807.0,I,losses
102,Iran (Islamic Republic of),2511,Wheat and products,5123,Losses,2008,1000 t,584.0,I,losses
102,Iran (Islamic Republic of),2511,Wheat and products,5123,Losses,2009,1000 t,947.0,I,losses
102,Iran (Islamic Republic of),2511,Wheat and products,5123,Losses,2010,1000 t,745.0,I,losses
102,Iran (Islamic Republic of),2511,Wheat and products,5123,Losses,2011,1000 t,437.0,I,losses
102,Iran (Islamic Republic of),2511,Wheat and products,5142,Food,2006,1000 t,10857.0,I,food
102,Iran (Islamic Republic of),2511,Wheat and products,5142,Food,2007,1000 t,10790.0,I,food
102,Iran (Islamic Republic of),2511,Wheat and products,5142,Food,2008,1000 t,10964.0,I,food
102,Iran (Islamic Republic of),2511,Wheat and products,5142,Food,2009,1000 t,11367.0,I,food
102,Iran (Islamic Republic of),2511,Wheat and products,5142,Food,2010,1000 t,11501.0,I,food
102,Iran (Islamic Republic of),2511,Wheat and products,5142,Food,2011,1000 t,11515.0,I,food
103,Iraq,2511,Wheat and products,5511,Production,2006,1000 t,2086.0,I,production
103,Iraq,2511,Wheat and products,5511,Production,2007,1000 t,2203.0,I,production
103,Iraq,2511,Wheat and products,5511,Production,2008,1000 t,1255.0,I,production
103,Iraq,2511,Wheat and products,5511,Production,2009,1000 t,1700.0,I,production
103,Iraq,2511,Wheat and products,5511,Production,2010,1000 t,2749.0,I,production
103,Iraq,2511,Wheat and products,5511,Production,2011,1000 t,2809.0,I,production
103,Iraq,2511,Wheat and products,5611,Import Quantity,2006,1000 t,4076.0,I,imports
103,Iraq,2511,Wheat and products,5611,Import Quantity,2007,1000 t,3167.0,I,imports
103,Iraq,2511,Wheat and products,5611,Import Quantity,2008,1000 t,3649.0,I,imports
103,Iraq,2511,Wheat and products,5611,Import Quantity,2009,1000 t,4176.0,I,imports
103,Iraq,2511,Wheat and products,5611,Import Quantity,2010,1000 t,3250.0,I,imports
103,Iraq,2511,Wheat and products,5611,Import Quantity,2011,1000 t,4087.0,I,imports
103,Iraq,2511,Wheat and products,5074,Stock Variation,2006,1000 t,-400.0,I,stock_variation
103,Iraq,2511,Wheat and products,5074,Stock Variation,2007,1000 t,300.0,I,stock_variation
103,Iraq,2511,Wheat and products,5074,Stock Variation,2008,1000 t,400.0,I,stock_variation
103,Iraq,2511,Wheat and products,5074,Stock Variation,2009,1000 t,-100.0,I,stock_variation
103,Iraq,2511,Wheat and products,5074,Stock Variation,2010,1000 t,200.0,I,stock_variation
103,Iraq,2511,Wheat and products,5074,Stock Variation,2011,1000 t,-400.0,I,stock_variation
103,Iraq,2511,Wheat and products,5911,Export Quantity,2006,1000 t,5.0,I,exports
103,Iraq,2511,Wheat and products,5911,Export Quantity,2007,1000 t,1.0,I,exports
103,Iraq,2511,Wheat and products,5911,Export Quantity,2008,1000 t,0.0,I,exports
103,Iraq,2511,Wheat and products,5911,Export Quantity,2009,1000 t,0.0,I,exports
103,Iraq,2511,Wheat and products,5911,Export Quantity,2010,1000 t,0.0,I,exports
103,Iraq,2511,Wheat and products,5911,Export Quantity,2011,1000 t,2.0,I,exports
103,Iraq,2511,Wheat and products,5301,Domestic supply quantity,2006,1000 t,5757.0,I,domestic_supply
103,Iraq,2511,Wheat and products,5301,Domestic supply quantity,2007,1000 t,5669.0,I,domestic_supply
103,Iraq,2511,Wheat and products,5301,Domestic supply quantity,2008,1000 t,5304.0,I,domestic_supply
103,Iraq,2511,Wheat and products,5301,Domestic supply quantity,2009,1000 t,5776.0,I,domestic_supply
103,Iraq,2511,Wheat and products,5301,Domestic supply quantity,2010,1000 t,6199.0,I,domestic_supply
103,Iraq,2511,Wheat and products,5301,Domestic supply quantity,2011,1000 t,6494.0,I,domestic_supply
103,Iraq,2511,Wheat and products,5521,Feed,2006,1000 t,1000.0,I,feed
103,Iraq,2511,Wheat and products,5521,Feed,2007,1000 t,800.0,I,feed
103,Iraq,2511,Wheat and products,5521,Feed,2008,1000 t,680.0,I,feed
103,Iraq,2511,Wheat and products,5521,Feed,2009,1000 t,750.0,I,feed
103,Iraq,2511,Wheat and products,5521,Feed,2010,1000 t,850.0,I,feed
103,Iraq,2511,Wheat and products,5521,Feed,2011,1000 t,1200.0,I,feed
103,Iraq,2511,Wheat and products,5527,Seed,2006,1000 t,304.0,I,seed
103,Iraq,2511,Wheat and products,5527,Seed,2007,1000 t,230.0,I,seed
103,Iraq,2511,Wheat and products,5527,Seed,2008,1000 t,189.0,I,seed
103,Iraq,2511,Wheat and products,5527,Seed,2009,1000 t,225.0,I,seed
103,Iraq,2511,Wheat and products,5527,Seed,2010,1000 t,240.0,I,seed
103,Iraq,2511,Wheat and products,5527,Seed,2011,1000 t,240.0,I,seed
103,Iraq,2511,Wheat and products,5123,Losses,2006,1000 t,492.0,I,losses
103,Iraq,2511,Wheat and products,5123,Losses,2007,1000 t,493.0,I,losses
103,Iraq,2511,Wheat and products,5123,Losses,2008,1000 t,462.0,I,losses
103,Iraq,2511,Wheat and products,5123,Losses,2009,1000 t,475.0,I,losses
103,Iraq,2511,Wheat and products,5123,Losses,2010,1000 t,480.0,I,losses
103,Iraq,2511,Wheat and products,5123,Losses,2011,1000 t,570.0,I,losses
103,Iraq,2511,Wheat and products,5142,Food,2006,1000 t,3660.0,I,food
103,Iraq,2511,Wheat and products,5142,Food,2007,1000 t,3866.0,I,food
103,Iraq,2511,Wheat and products,5142,Food,2008,1000 t,3773.0,I,food
103,Iraq,2511,Wheat and products,5142,Food,2009,1000 t,4096.0,I,food
103,Iraq,2511,Wheat and products,5142,Food,2010,1000 t,4328.0,I,food
103,Iraq,2511,Wheat and products,5142,Food,2011,1000 t,4144.0,I,food
104,Ireland,2511,Wheat and products,5511,Production,2006,1000 t,801.0,I,production
104,Ireland,2511,Wheat and products,5511,Production,2007,1000 t,713.0,I,production
104,Ireland,2511,Wheat and products,5511,Production,2008,1000 t,993.0,I,production
104,Ireland,2511,Wheat and products,5511,Production,2009,1000 t,690.0,I,production
104,Ireland,2511,Wheat and products,5511,Production,2010,1000 t,669.0,I,production
104,Ireland,2511,Wheat and products,5511,Production,2011,1000 t,929.0,I,production
104,Ireland,2511,Wheat and products,5611,Import Quantity,2006,1000 t,841.0,I,imports
104,Ireland,2511,Wheat and products,5611,Import Quantity,2007,1000 t,759.0,I,imports
104,Ireland,2511,Wheat and products,5611,Import Quantity,2008,1000 t,723.0,I,imports
104,Ireland,2511,Wheat and products,5611,Import Quantity,2009,1000 t,857.0,I,imports
104,Ireland,2511,Wheat and products,5611,Import Quantity,2010,1000 t,754.0,I,imports
104,Ireland,2511,Wheat and products,5611,Import Quantity,2011,1000 t,643.0,I,imports
104,Ireland,2511,Wheat and products,5074,Stock Variation,2006,1000 t,-27.0,I,stock_variation
104,Ireland,2511,Wheat and products,5074,Stock Variation,2007,1000 t,-102.0,I,stock_variation
104,Ireland,2511,Wheat and products,5074,Stock Variation,2008,1000 t,74.0,I,stock_variation
104,Ireland,2511,Wheat and products,5074,Stock Variation,2009,1000 t,-20.0,I,stock_variation
104,Ireland,2511,Wheat and products,5074,Stock Variation,2010,1000 t,96.0,I,stock_variation
104,Ireland,2511,Wheat and products,5074,Stock Variation,2011,1000 t,-25.0,I,stock_variation
104,Ireland,2511,Wheat and products,5911,Export Quantity,2006,1000 t,164.0,I,exports
104,Ireland,2511,Wheat and products,5911,Export Quantity,2007,1000 t,185.0,I,exports
104,Ireland,2511,Wheat and products,5911,Export Quantity,2008,1000 t,209.0,I,exports
104,Ireland,2511,Wheat and products,5911,Export Quantity,2009,1000 t,176.0,I,exports
104,Ireland,2511,Wheat and products,5911,Export Quantity,2010,1000 t,176.0,I,exports
104,Ireland,2511,Wheat and products,5911,Export Quantity,2011,1000 t,237.0,I,exports
104,Ireland,2511,Wheat and products,5301,Domestic supply quantity,2006,1000 t,1452.0,I,domestic_supply
104,Ireland,2511,Wheat and products,5301,Domestic supply quantity,2007,1000 t,1186.0,I,domestic_supply
104,Ireland,2511,Wheat and products,5301,Domestic supply quantity,2008,1000 t,1581.0,I,domestic_supply
104,Ireland,2511,Wheat and products,5301,Domestic supply quantity,2009,1000 t,1351.0,I,domestic_supply
104,Ireland,2511,Wheat and products,5301,Domestic supply quantity,2010,1000 t,1343.0,I,domestic_supply
104,Ireland,2511,Wheat and products,5301,Domestic supply quantity,2011,1000 t,1310.0,I,domestic_supply
104,Ireland,2511,Wheat and products,5521,Feed,2006,1000 t,902.0,I,feed
104,Ireland,2511,Wheat and products,5521,Feed,2007,1000 t,685.0,I,feed
104,Ireland,2511,Wheat and products,5521,Feed,2008,1000 t,1063.0,I,feed
104,Ireland,2511,Wheat and products,5521,Feed,2009,1000 t,804.0,I,feed
104,Ireland,2511,Wheat and products,5521,Feed,2010,1000 t,783.0,I,feed
104,Ireland,2511,Wheat and products,5521,Feed,2011,1000 t,760.0,I,feed
104,Ireland,2511,Wheat and products,5527,Seed,2006,1000 t,18.0,I,seed
104,Ireland,2511,Wheat and products,5527,Seed,2007,1000 t,21.0,I,seed
104,Ireland,2511,Wheat and products,5527,Seed,2008,1000 t,17.0,I,seed
104,Ireland,2511,Wheat and products,5527,Seed,2009,1000 t,16.0,I,seed
104,Ireland,2511,Wheat and products,5527,Seed,2010,1000 t,19.0,I,seed
104,Ireland,2511,Wheat and products,5527,Seed,2011,1000 t,20.0,I,seed
104,Ireland,2511,Wheat and products,5123,Losses,2006,1000 t,25.0,I,losses
104,Ireland,2511,Wheat and products,5123,Losses,2007,1000 t,25.0,I,losses
104,Ireland,2511,Wheat and products,5123,Losses,2008,1000 t,23.0,I,losses
104,Ireland,2511,Wheat and products,5123,Losses,2009,1000 t,31.0,I,losses
104,Ireland,2511,Wheat and products,5123,Losses,2010,1000 t,22.0,I,losses
104,Ireland,2511,Wheat and products,5123,Losses,2011,1000 t,21.0,I,losses
104,Ireland,2511,Wheat and products,5142,Food,2006,1000 t,501.0,I,food
104,Ireland,2511,Wheat and products,5142,Food,2007,1000 t,449.0,I,food
104,Ireland,2511,Wheat and products,5142,Food,2008,1000 t,470.0,I,food
104,Ireland,2511,Wheat and products,5142,Food,2009,1000 t,493.0,I,food
104,Ireland,2511,Wheat and products,5142,Food,2010,1000 t,512.0,I,food
104,Ireland,2511,Wheat and products,5142,Food,2011,1000 t,502.0,I,food
105,Israel,2511,Wheat and products,5511,Production,2006,1000 t,131.0,I,production
105,Israel,2511,Wheat and products,5511,Production,2007,1000 t,159.0,I,production
105,Israel,2511,Wheat and products,5511,Production,2008,1000 t,76.0,I,production
105,Israel,2511,Wheat and products,5511,Production,2009,1000 t,133.0,I,production
105,Israel,2511,Wheat and products,5511,Production,2010,1000 t,112.0,I,production
105,Israel,2511,Wheat and products,5511,Production,2011,1000 t,122.0,I,production
105,Israel,2511,Wheat and products,5611,Import Quantity,2006,1000 t,1377.0,I,imports
105,Israel,2511,Wheat and products,5611,Import Quantity,2007,1000 t,1300.0,I,imports
105,Israel,2511,Wheat and products,5611,Import Quantity,2008,1000 t,1744.0,I,imports
105,Israel,2511,Wheat and products,5611,Import Quantity,2009,1000 t,1885.0,I,imports
105,Israel,2511,Wheat and products,5611,Import Quantity,2010,1000 t,1810.0,I,imports
105,Israel,2511,Wheat and products,5611,Import Quantity,2011,1000 t,1661.0,I,imports
105,Israel,2511,Wheat and products,5074,Stock Variation,2006,1000 t,166.0,I,stock_variation
105,Israel,2511,Wheat and products,5074,Stock Variation,2007,1000 t,131.0,I,stock_variation
105,Israel,2511,Wheat and products,5074,Stock Variation,2008,1000 t,-194.0,I,stock_variation
105,Israel,2511,Wheat and products,5074,Stock Variation,2009,1000 t,-189.0,I,stock_variation
105,Israel,2511,Wheat and products,5074,Stock Variation,2010,1000 t,-50.0,I,stock_variation
105,Israel,2511,Wheat and products,5074,Stock Variation,2011,1000 t,-1.0,I,stock_variation
105,Israel,2511,Wheat and products,5911,Export Quantity,2006,1000 t,25.0,I,exports
105,Israel,2511,Wheat and products,5911,Export Quantity,2007,1000 t,24.0,I,exports
105,Israel,2511,Wheat and products,5911,Export Quantity,2008,1000 t,28.0,I,exports
105,Israel,2511,Wheat and products,5911,Export Quantity,2009,1000 t,32.0,I,exports
105,Israel,2511,Wheat and products,5911,Export Quantity,2010,1000 t,21.0,I,exports
105,Israel,2511,Wheat and products,5911,Export Quantity,2011,1000 t,27.0,I,exports
105,Israel,2511,Wheat and products,5301,Domestic supply quantity,2006,1000 t,1650.0,I,domestic_supply
105,Israel,2511,Wheat and products,5301,Domestic supply quantity,2007,1000 t,1566.0,I,domestic_supply
105,Israel,2511,Wheat and products,5301,Domestic supply quantity,2008,1000 t,1597.0,I,domestic_supply
105,Israel,2511,Wheat and products,5301,Domestic supply quantity,2009,1000 t,1797.0,I,domestic_supply
105,Israel,2511,Wheat and products,5301,Domestic supply quantity,2010,1000 t,1852.0,I,domestic_supply
105,Israel,2511,Wheat and products,5301,Domestic supply quantity,2011,1000 t,1755.0,I,domestic_supply
105,Israel,2511,Wheat and products,5521,Feed,2006,1000 t,580.0,I,feed
105,Israel,2511,Wheat and products,5521,Feed,2007,1000 t,480.0,I,feed
105,Israel,2511,Wheat and products,5521,Feed,2008,1000 t,500.0,I,feed
105,Israel,2511,Wheat and products,5521,Feed,2009,1000 t,660.0,I,feed
105,Israel,2511,Wheat and products,5521,Feed,2010,1000 t,680.0,I,feed
105,Israel,2511,Wheat and products,5521,Feed,2011,1000 t,611.0,I,feed
105,Israel,2511,Wheat and products,5527,Seed,2006,1000 t,16.0,I,seed
105,Israel,2511,Wheat and products,5527,Seed,2007,1000 t,12.0,I,seed
105,Israel,2511,Wheat and products,5527,Seed,2008,1000 t,12.0,I,seed
105,Israel,2511,Wheat and products,5527,Seed,2009,1000 t,12.0,I,seed
105,Israel,2511,Wheat and products,5527,Seed,2010,1000 t,11.0,I,seed
105,Israel,2511,Wheat and products,5527,Seed,2011,1000 t,13.0,I,seed
105,Israel,2511,Wheat and products,5123,Losses,2006,1000 t,72.0,I,losses
105,Israel,2511,Wheat and products,5123,Losses,2007,1000 t,69.0,I,losses
105,Israel,2511,Wheat and products,5123,Losses,2008,1000 t,87.0,I,losses
105,Israel,2511,Wheat and products,5123,Losses,2009,1000 t,97.0,I,losses
105,Israel,2511,Wheat and products,5123,Losses,2010,1000 t,91.0,I,losses
105,Israel,2511,Wheat and products,5123,Losses,2011,1000 t,84.0,I,losses
105,Israel,2511,Wheat and products,5142,Food,2006,1000 t,807.0,I,food
105,Israel,2511,Wheat and products,5142,Food,2007,1000 t,814.0,I,food
105,Israel,2511,Wheat and products,5142,Food,2008,1000 t,840.0,I,food
105,Israel,2511,Wheat and products,5142,Food,2009,1000 t,821.0,I,food
105,Israel,2511,Wheat and products,5142,Food,2010,1000 t,882.0,I,food
105,Israel,2511,Wheat and products,5142,Food,2011,1000 t,892.0,I,food
106,Italy,2511,Wheat and products,5511,Production,2006,1000 t,7182.0,I,production
106,Italy,2511,Wheat and products,5511,Production,2007,1000 t,7170.0,I,production
106,Italy,2511,Wheat and products,5511,Production,2008,1000 t,8855.0,I,production
106,Italy,2511,Wheat and products,5511,Production,2009,1000 t,6535.0,I,production
106,Italy,2511,Wheat and products,5511,Production,2010,1000 t,6850.0,I,production
106,Italy,2511,Wheat and products,5511,Production,2011,1000 t,6642.0,I,production
106,Italy,2511,Wheat and products,5611,Import Quantity,2006,1000 t,7498.0,I,imports
106,Italy,2511,Wheat and products,5611,Import Quantity,2007,1000 t,6623.0,I,imports
106,Italy,2511,Wheat and products,5611,Import Quantity,2008,1000 t,5885.0,I,imports
106,Italy,2511,Wheat and products,5611,Import Quantity,2009,1000 t,6853.0,I,imports
106,Italy,2511,Wheat and products,5611,Import Quantity,2010,1000 t,7951.0,I,imports
106,Italy,2511,Wheat and products,5611,Import Quantity,2011,1000 t,7816.0,I,imports
106,Italy,2511,Wheat and products,5074,Stock Variation,2006,1000 t,-366.0,I,stock_variation
106,Italy,2511,Wheat and products,5074,Stock Variation,2007,1000 t,173.0,I,stock_variation
106,Italy,2511,Wheat and products,5074,Stock Variation,2008,1000 t,-431.0,I,stock_variation
106,Italy,2511,Wheat and products,5074,Stock Variation,2009,1000 t,585.0,I,stock_variation
106,Italy,2511,Wheat and products,5074,Stock Variation,2010,1000 t,-382.0,I,stock_variation
106,Italy,2511,Wheat and products,5074,Stock Variation,2011,1000 t,233.0,I,stock_variation
106,Italy,2511,Wheat and products,5911,Export Quantity,2006,1000 t,3533.0,I,exports
106,Italy,2511,Wheat and products,5911,Export Quantity,2007,1000 t,3173.0,I,exports
106,Italy,2511,Wheat and products,5911,Export Quantity,2008,1000 t,3268.0,I,exports
106,Italy,2511,Wheat and products,5911,Export Quantity,2009,1000 t,3152.0,I,exports
106,Italy,2511,Wheat and products,5911,Export Quantity,2010,1000 t,3508.0,I,exports
106,Italy,2511,Wheat and products,5911,Export Quantity,2011,1000 t,3821.0,I,exports
106,Italy,2511,Wheat and products,5301,Domestic supply quantity,2006,1000 t,10780.0,I,domestic_supply
106,Italy,2511,Wheat and products,5301,Domestic supply quantity,2007,1000 t,10792.0,I,domestic_supply
106,Italy,2511,Wheat and products,5301,Domestic supply quantity,2008,1000 t,11042.0,I,domestic_supply
106,Italy,2511,Wheat and products,5301,Domestic supply quantity,2009,1000 t,10820.0,I,domestic_supply
106,Italy,2511,Wheat and products,5301,Domestic supply quantity,2010,1000 t,10910.0,I,domestic_supply
106,Italy,2511,Wheat and products,5301,Domestic supply quantity,2011,1000 t,10869.0,I,domestic_supply
106,Italy,2511,Wheat and products,5521,Feed,2006,1000 t,1400.0,I,feed
106,Italy,2511,Wheat and products,5521,Feed,2007,1000 t,1400.0,I,feed
106,Italy,2511,Wheat and products,5521,Feed,2008,1000 t,1600.0,I,feed
106,Italy,2511,Wheat and products,5521,Feed,2009,1000 t,1350.0,I,feed
106,Italy,2511,Wheat and products,5521,Feed,2010,1000 t,1720.0,I,feed
106,Italy,2511,Wheat and products,5521,Feed,2011,1000 t,1636.0,I,feed
106,Italy,2511,Wheat and products,5527,Seed,2006,1000 t,600.0,I,seed
106,Italy,2511,Wheat and products,5527,Seed,2007,1000 t,600.0,I,seed
106,Italy,2511,Wheat and products,5527,Seed,2008,1000 t,543.0,I,seed
106,Italy,2511,Wheat and products,5527,Seed,2009,1000 t,428.0,I,seed
106,Italy,2511,Wheat and products,5527,Seed,2010,1000 t,361.0,I,seed
106,Italy,2511,Wheat and products,5527,Seed,2011,1000 t,317.0,I,seed
106,Italy,2511,Wheat and products,5123,Losses,2006,1000 t,66.0,I,losses
106,Italy,2511,Wheat and products,5123,Losses,2007,1000 t,66.0,I,losses
106,Italy,2511,Wheat and products,5123,Losses,2008,1000 t,71.0,I,losses
106,Italy,2511,Wheat and products,5123,Losses,2009,1000 t,33.0,I,losses
106,Italy,2511,Wheat and products,5123,Losses,2010,1000 t,34.0,I,losses
106,Italy,2511,Wheat and products,5123,Losses,2011,1000 t,34.0,I,losses
106,Italy,2511,Wheat and products,5142,Food,2006,1000 t,8642.0,I,food
106,Italy,2511,Wheat and products,5142,Food,2007,1000 t,8654.0,I,food
106,Italy,2511,Wheat and products,5142,Food,2008,1000 t,8744.0,I,food
106,Italy,2511,Wheat and products,5142,Food,2009,1000 t,8925.0,I,food
106,Italy,2511,Wheat and products,5142,Food,2010,1000 t,8713.0,I,food
106,Italy,2511,Wheat and products,5142,Food,2011,1000 t,8805.0,I,food
109,Jamaica,2511,Wheat and products,5611,Import Quantity,2006,1000 t,173.0,I,imports
109,Jamaica,2511,Wheat and products,5611,Import Quantity,2007,1000 t,188.0,I,imports
109,Jamaica,2511,Wheat and products,5611,Import Quantity,2008,1000 t,204.0,I,imports
109,Jamaica,2511,Wheat and products,5611,Import Quantity,2009,1000 t,213.0,I,imports
109,Jamaica,2511,Wheat and products,5611,Import Quantity,2010,1000 t,184.0,I,imports
109,Jamaica,2511,Wheat and products,5611,Import Quantity,2011,1000 t,207.0,I,imports
109,Jamaica,2511,Wheat and products,5074,Stock Variation,2006,1000 t,15.0,I,stock_variation
109,Jamaica,2511,Wheat and products,5074,Stock Variation,2007,1000 t,5.0,I,stock_variation
109,Jamaica,2511,Wheat and products,5074,Stock Variation,2008,1000 t,-5.0,I,stock_variation
109,Jamaica,2511,Wheat and products,5074,Stock Variation,2009,1000 t,-13.0,I,stock_variation
109,Jamaica,2511,Wheat and products,5074,Stock Variation,2010,1000 t,19.0,I,stock_variation
109,Jamaica,2511,Wheat and products,5074,Stock Variation,2011,1000 t,-5.0,I,stock_variation
109,Jamaica,2511,Wheat and products,5911,Export Quantity,2006,1000 t,6.0,I,exports
109,Jamaica,2511,Wheat and products,5911,Export Quantity,2007,1000 t,8.0,I,exports
109,Jamaica,2511,Wheat and products,5911,Export Quantity,2008,1000 t,13.0,I,exports
109,Jamaica,2511,Wheat and products,5911,Export Quantity,2009,1000 t,12.0,I,exports
109,Jamaica,2511,Wheat and products,5911,Export Quantity,2010,1000 t,14.0,I,exports
109,Jamaica,2511,Wheat and products,5911,Export Quantity,2011,1000 t,12.0,I,exports
109,Jamaica,2511,Wheat and products,5301,Domestic supply quantity,2006,1000 t,182.0,I,domestic_supply
109,Jamaica,2511,Wheat and products,5301,Domestic supply quantity,2007,1000 t,184.0,I,domestic_supply
109,Jamaica,2511,Wheat and products,5301,Domestic supply quantity,2008,1000 t,186.0,I,domestic_supply
109,Jamaica,2511,Wheat and products,5301,Domestic supply quantity,2009,1000 t,187.0,I,domestic_supply
109,Jamaica,2511,Wheat and products,5301,Domestic supply quantity,2010,1000 t,189.0,I,domestic_supply
109,Jamaica,2511,Wheat and products,5301,Domestic supply quantity,2011,1000 t,191.0,I,domestic_supply
109,Jamaica,2511,Wheat and products,5123,Losses,2006,1000 t,3.0,I,losses
109,Jamaica,2511,Wheat and products,5123,Losses,2007,1000 t,4.0,I,losses
109,Jamaica,2511,Wheat and products,5123,Losses,2008,1000 t,4.0,I,losses
109,Jamaica,2511,Wheat and products,5123,Losses,2009,1000 t,4.0,I,losses
109,Jamaica,2511,Wheat and products,5123,Losses,2010,1000 t,4.0,I,losses
109,Jamaica,2511,Wheat and products,5123,Losses,2011,1000 t,4.0,I,losses
109,Jamaica,2511,Wheat and products,5142,Food,2006,1000 t,177.0,I,food
109,Jamaica,2511,Wheat and products,5142,Food,2007,1000 t,180.0,I,food
109,Jamaica,2511,Wheat and products,5142,Food,2008,1000 t,181.0,I,food
109,Jamaica,2511,Wheat and products,5142,Food,2009,1000 t,183.0,I,food
109,Jamaica,2511,Wheat and products,5142,Food,2010,1000 t,185.0,I,food
109,Jamaica,2511,Wheat and products,5142,Food,2011,1000 t,187.0,I,food
110,Japan,2511,Wheat and products,5511,Production,2006,1000 t,837.0,I,production
110,Japan,2511,Wheat and products,5511,Production,2007,1000 t,910.0,I,production
110,Japan,2511,Wheat and products,5511,Production,2008,1000 t,881.0,I,production
110,Japan,2511,Wheat and products,5511,Production,2009,1000 t,674.0,I,production
110,Japan,2511,Wheat and products,5511,Production,2010,1000 t,571.0,I,production
110,Japan,2511,Wheat and products,5511,Production,2011,1000 t,746.0,I,production
110,Japan,2511,Wheat and products,5611,Import Quantity,2006,1000 t,5639.0,I,imports
110,Japan,2511,Wheat and products,5611,Import Quantity,2007,1000 t,5574.0,I,imports
110,Japan,2511,Wheat and products,5611,Import Quantity,2008,1000 t,6086.0,I,imports
110,Japan,2511,Wheat and products,5611,Import Quantity,2009,1000 t,4982.0,I,imports
110,Japan,2511,Wheat and products,5611,Import Quantity,2010,1000 t,5770.0,I,imports
110,Japan,2511,Wheat and products,5611,Import Quantity,2011,1000 t,6541.0,I,imports
110,Japan,2511,Wheat and products,5074,Stock Variation,2006,1000 t,51.0,I,stock_variation
110,Japan,2511,Wheat and products,5074,Stock Variation,2007,1000 t,453.0,I,stock_variation
110,Japan,2511,Wheat and products,5074,Stock Variation,2008,1000 t,-326.0,I,stock_variation
110,Japan,2511,Wheat and products,5074,Stock Variation,2009,1000 t,1150.0,I,stock_variation
110,Japan,2511,Wheat and products,5074,Stock Variation,2010,1000 t,560.0,I,stock_variation
110,Japan,2511,Wheat and products,5074,Stock Variation,2011,1000 t,-50.0,I,stock_variation
110,Japan,2511,Wheat and products,5911,Export Quantity,2006,1000 t,385.0,I,exports
110,Japan,2511,Wheat and products,5911,Export Quantity,2007,1000 t,349.0,I,exports
110,Japan,2511,Wheat and products,5911,Export Quantity,2008,1000 t,266.0,I,exports
110,Japan,2511,Wheat and products,5911,Export Quantity,2009,1000 t,259.0,I,exports
110,Japan,2511,Wheat and products,5911,Export Quantity,2010,1000 t,275.0,I,exports
110,Japan,2511,Wheat and products,5911,Export Quantity,2011,1000 t,265.0,I,exports
110,Japan,2511,Wheat and products,5301,Domestic supply quantity,2006,1000 t,6143.0,I,domestic_supply
110,Japan,2511,Wheat and products,5301,Domestic supply quantity,2007,1000 t,6589.0,I,domestic_supply
110,Japan,2511,Wheat and products,5301,Domestic supply quantity,2008,1000 t,6375.0,I,domestic_supply
110,Japan,2511,Wheat and products,5301,Domestic supply quantity,2009,1000 t,6547.0,I,domestic_supply
110,Japan,2511,Wheat and products,5301,Domestic supply quantity,2010,1000 t,6626.0,I,domestic_supply
110,Japan,2511,Wheat and products,5301,Domestic supply quantity,2011,1000 t,6972.0,I,domestic_supply
110,Japan,2511,Wheat and products,5521,Feed,2006,1000 t,484.0,I,feed
110,Japan,2511,Wheat and products,5521,Feed,2007,1000 t,522.0,I,feed
110,Japan,2511,Wheat and products,5521,Feed,2008,1000 t,464.0,I,feed
110,Japan,2511,Wheat and products,5521,Feed,2009,1000 t,541.0,I,feed
110,Japan,2511,Wheat and products,5521,Feed,2010,1000 t,508.0,I,feed
110,Japan,2511,Wheat and products,5521,Feed,2011,1000 t,819.0,I,feed
110,Japan,2511,Wheat and products,5527,Seed,2006,1000 t,19.0,I,seed
110,Japan,2511,Wheat and products,5527,Seed,2007,1000 t,21.0,I,seed
110,Japan,2511,Wheat and products,5527,Seed,2008,1000 t,20.0,I,seed
110,Japan,2511,Wheat and products,5527,Seed,2009,1000 t,20.0,I,seed
110,Japan,2511,Wheat and products,5527,Seed,2010,1000 t,20.0,I,seed
110,Japan,2511,Wheat and products,5527,Seed,2011,1000 t,20.0,I,seed
110,Japan,2511,Wheat and products,5123,Losses,2006,1000 t,161.0,I,losses
110,Japan,2511,Wheat and products,5123,Losses,2007,1000 t,163.0,I,losses
110,Japan,2511,Wheat and products,5123,Losses,2008,1000 t,158.0,I,losses
110,Japan,2511,Wheat and products,5123,Losses,2009,1000 t,161.0,I,losses
110,Japan,2511,Wheat and products,5123,Losses,2010,1000 t,166.0,I,losses
110,Japan,2511,Wheat and products,5123,Losses,2011,1000 t,169.0,I,losses
110,Japan,2511,Wheat and products,5142,Food,2006,1000 t,5321.0,I,food
110,Japan,2511,Wheat and products,5142,Food,2007,1000 t,5725.0,I,food
110,Japan,2511,Wheat and products,5142,Food,2008,1000 t,5576.0,I,food
110,Japan,2511,Wheat and products,5142,Food,2009,1000 t,5669.0,I,food
110,Japan,2511,Wheat and products,5142,Food,2010,1000 t,5779.0,I,food
110,Japan,2511,Wheat and products,5142,Food,2011,1000 t,5813.0,I,food
112,Jordan,2511,Wheat and products,5511,Production,2006,1000 t,23.0,I,production
112,Jordan,2511,Wheat and products,5511,Production,2007,1000 t,21.0,I,production
112,Jordan,2511,Wheat and products,5511,Production,2008,1000 t,8.0,I,production
112,Jordan,2511,Wheat and products,5511,Production,2009,1000 t,12.0,I,production
112,Jordan,2511,Wheat and products,5511,Production,2010,1000 t,22.0,I,production
112,Jordan,2511,Wheat and products,5511,Production,2011,1000 t,20.0,I,production
112,Jordan,2511,Wheat and products,5611,Import Quantity,2006,1000 t,633.0,I,imports
112,Jordan,2511,Wheat and products,5611,Import Quantity,2007,1000 t,1108.0,I,imports
112,Jordan,2511,Wheat and products,5611,Import Quantity,2008,1000 t,1014.0,I,imports
112,Jordan,2511,Wheat and products,5611,Import Quantity,2009,1000 t,669.0,I,imports
112,Jordan,2511,Wheat and products,5611,Import Quantity,2010,1000 t,850.0,I,imports
112,Jordan,2511,Wheat and products,5611,Import Quantity,2011,1000 t,1143.0,I,imports
112,Jordan,2511,Wheat and products,5074,Stock Variation,2006,1000 t,150.0,I,stock_variation
112,Jordan,2511,Wheat and products,5074,Stock Variation,2007,1000 t,-280.0,I,stock_variation
112,Jordan,2511,Wheat and products,5074,Stock Variation,2008,1000 t,-90.0,I,stock_variation
112,Jordan,2511,Wheat and products,5074,Stock Variation,2009,1000 t,350.0,I,stock_variation
112,Jordan,2511,Wheat and products,5074,Stock Variation,2010,1000 t,100.0,I,stock_variation
112,Jordan,2511,Wheat and products,5074,Stock Variation,2011,1000 t,-100.0,I,stock_variation
112,Jordan,2511,Wheat and products,5911,Export Quantity,2006,1000 t,22.0,I,exports
112,Jordan,2511,Wheat and products,5911,Export Quantity,2007,1000 t,30.0,I,exports
112,Jordan,2511,Wheat and products,5911,Export Quantity,2008,1000 t,41.0,I,exports
112,Jordan,2511,Wheat and products,5911,Export Quantity,2009,1000 t,46.0,I,exports
112,Jordan,2511,Wheat and products,5911,Export Quantity,2010,1000 t,42.0,I,exports
112,Jordan,2511,Wheat and products,5911,Export Quantity,2011,1000 t,42.0,I,exports
112,Jordan,2511,Wheat and products,5301,Domestic supply quantity,2006,1000 t,784.0,I,domestic_supply
112,Jordan,2511,Wheat and products,5301,Domestic supply quantity,2007,1000 t,819.0,I,domestic_supply
112,Jordan,2511,Wheat and products,5301,Domestic supply quantity,2008,1000 t,891.0,I,domestic_supply
112,Jordan,2511,Wheat and products,5301,Domestic supply quantity,2009,1000 t,985.0,I,domestic_supply
112,Jordan,2511,Wheat and products,5301,Domestic supply quantity,2010,1000 t,930.0,I,domestic_supply
112,Jordan,2511,Wheat and products,5301,Domestic supply quantity,2011,1000 t,1020.0,I,domestic_supply
112,Jordan,2511,Wheat and products,5527,Seed,2006,1000 t,4.0,I,seed
112,Jordan,2511,Wheat and products,5527,Seed,2007,1000 t,2.0,I,seed
112,Jordan,2511,Wheat and products,5527,Seed,2008,1000 t,2.0,I,seed
112,Jordan,2511,Wheat and products,5527,Seed,2009,1000 t,2.0,I,seed
112,Jordan,2511,Wheat and products,5527,Seed,2010,1000 t,3.0,I,seed
112,Jordan,2511,Wheat and products,5527,Seed,2011,1000 t,2.0,I,seed
112,Jordan,2511,Wheat and products,5123,Losses,2006,1000 t,25.0,I,losses
112,Jordan,2511,Wheat and products,5123,Losses,2007,1000 t,25.0,I,losses
112,Jordan,2511,Wheat and products,5123,Losses,2008,1000 t,49.0,I,losses
112,Jordan,2511,Wheat and products,5123,Losses,2009,1000 t,49.0,I,losses
112,Jordan,2511,Wheat and products,5123,Losses,2010,1000 t,46.0,I,losses
112,Jordan,2511,Wheat and products,5123,Losses,2011,1000 t,56.0,I,losses
112,Jordan,2511,Wheat and products,5142,Food,2006,1000 t,754.0,I,food
112,Jordan,2511,Wheat and products,5142,Food,2007,1000 t,791.0,I,food
112,Jordan,2511,Wheat and products,5142,Food,2008,1000 t,840.0,I,food
112,Jordan,2511,Wheat and products,5142,Food,2009,1000 t,934.0,I,food
112,Jordan,2511,Wheat and products,5142,Food,2010,1000 t,882.0,I,food
112,Jordan,2511,Wheat and products,5142,Food,2011,1000 t,963.0,I,food
108,Kazakhstan,2511,Wheat and products,5511,Production,2006,1000 t,13461.0,I,production
108,Kazakhstan,2511,Wheat and products,5511,Production,2007,1000 t,16467.0,I,production
108,Kazakhstan,2511,Wheat and products,5511,Production,2008,1000 t,12538.0,I,production
108,Kazakhstan,2511,Wheat and products,5511,Production,2009,1000 t,17052.0,I,production
108,Kazakhstan,2511,Wheat and products,5511,Production,2010,1000 t,9638.0,I,production
108,Kazakhstan,2511,Wheat and products,5511,Production,2011,1000 t,22732.0,I,production
108,Kazakhstan,2511,Wheat and products,5611,Import Quantity,2006,1000 t,155.0,I,imports
108,Kazakhstan,2511,Wheat and products,5611,Import Quantity,2007,1000 t,149.0,I,imports
108,Kazakhstan,2511,Wheat and products,5611,Import Quantity,2008,1000 t,147.0,I,imports
108,Kazakhstan,2511,Wheat and products,5611,Import Quantity,2009,1000 t,192.0,I,imports
108,Kazakhstan,2511,Wheat and products,5611,Import Quantity,2010,1000 t,75.0,I,imports
108,Kazakhstan,2511,Wheat and products,5611,Import Quantity,2011,1000 t,164.0,I,imports
108,Kazakhstan,2511,Wheat and products,5074,Stock Variation,2006,1000 t,-760.0,I,stock_variation
108,Kazakhstan,2511,Wheat and products,5074,Stock Variation,2007,1000 t,-1120.0,I,stock_variation
108,Kazakhstan,2511,Wheat and products,5074,Stock Variation,2008,1000 t,964.0,I,stock_variation
108,Kazakhstan,2511,Wheat and products,5074,Stock Variation,2009,1000 t,-3268.0,I,stock_variation
108,Kazakhstan,2511,Wheat and products,5074,Stock Variation,2010,1000 t,5517.0,I,stock_variation
108,Kazakhstan,2511,Wheat and products,5074,Stock Variation,2011,1000 t,-8690.0,I,stock_variation
108,Kazakhstan,2511,Wheat and products,5911,Export Quantity,2006,1000 t,5655.0,I,exports
108,Kazakhstan,2511,Wheat and products,5911,Export Quantity,2007,1000 t,8080.0,I,exports
108,Kazakhstan,2511,Wheat and products,5911,Export Quantity,2008,1000 t,7270.0,I,exports
108,Kazakhstan,2511,Wheat and products,5911,Export Quantity,2009,1000 t,6119.0,I,exports
108,Kazakhstan,2511,Wheat and products,5911,Export Quantity,2010,1000 t,8026.0,I,exports
108,Kazakhstan,2511,Wheat and products,5911,Export Quantity,2011,1000 t,5363.0,I,exports
108,Kazakhstan,2511,Wheat and products,5301,Domestic supply quantity,2006,1000 t,7201.0,I,domestic_supply
108,Kazakhstan,2511,Wheat and products,5301,Domestic supply quantity,2007,1000 t,7416.0,I,domestic_supply
108,Kazakhstan,2511,Wheat and products,5301,Domestic supply quantity,2008,1000 t,6380.0,I,domestic_supply
108,Kazakhstan,2511,Wheat and products,5301,Domestic supply quantity,2009,1000 t,7857.0,I,domestic_supply
108,Kazakhstan,2511,Wheat and products,5301,Domestic supply quantity,2010,1000 t,7205.0,I,domestic_supply
108,Kazakhstan,2511,Wheat and products,5301,Domestic supply quantity,2011,1000 t,8844.0,I,domestic_supply
108,Kazakhstan,2511,Wheat and products,5521,Feed,2006,1000 t,1800.0,I,feed
108,Kazakhstan,2511,Wheat and products,5521,Feed,2007,1000 t,1800.0,I,feed
108,Kazakhstan,2511,Wheat and products,5521,Feed,2008,1000 t,1400.0,I,feed
108,Kazakhstan,2511,Wheat and products,5521,Feed,2009,1000 t,2000.0,I,feed
108,Kazakhstan,2511,Wheat and products,5521,Feed,2010,1000 t,1000.0,I,feed
108,Kazakhstan,2511,Wheat and products,5521,Feed,2011,1000 t,2700.0,I,feed
108,Kazakhstan,2511,Wheat and products,5527,Seed,2006,1000 t,2250.0,I,seed
108,Kazakhstan,2511,Wheat and products,5527,Seed,2007,1000 t,2350.0,I,seed
108,Kazakhstan,2511,Wheat and products,5527,Seed,2008,1000 t,2000.0,I,seed
108,Kazakhstan,2511,Wheat and products,5527,Seed,2009,1000 t,2700.0,I,seed
108,Kazakhstan,2511,Wheat and products,5527,Seed,2010,1000 t,2700.0,I,seed
108,Kazakhstan,2511,Wheat and products,5527,Seed,2011,1000 t,2625.0,I,seed
108,Kazakhstan,2511,Wheat and products,5123,Losses,2006,1000 t,690.0,I,losses
108,Kazakhstan,2511,Wheat and products,5123,Losses,2007,1000 t,841.0,I,losses
108,Kazakhstan,2511,Wheat and products,5123,Losses,2008,1000 t,648.0,I,losses
108,Kazakhstan,2511,Wheat and products,5123,Losses,2009,1000 t,880.0,I,losses
108,Kazakhstan,2511,Wheat and products,5123,Losses,2010,1000 t,506.0,I,losses
108,Kazakhstan,2511,Wheat and products,5123,Losses,2011,1000 t,1157.0,I,losses
108,Kazakhstan,2511,Wheat and products,5142,Food,2006,1000 t,1736.0,I,food
108,Kazakhstan,2511,Wheat and products,5142,Food,2007,1000 t,1738.0,I,food
108,Kazakhstan,2511,Wheat and products,5142,Food,2008,1000 t,1720.0,I,food
108,Kazakhstan,2511,Wheat and products,5142,Food,2009,1000 t,1691.0,I,food
108,Kazakhstan,2511,Wheat and products,5142,Food,2010,1000 t,1819.0,I,food
108,Kazakhstan,2511,Wheat and products,5142,Food,2011,1000 t,1520.0,I,food
114,Kenya,2511,Wheat and products,5511,Production,2006,1000 t,329.0,I,production
114,Kenya,2511,Wheat and products,5511,Production,2007,1000 t,322.0,I,production
114,Kenya,2511,Wheat and products,5511,Production,2008,1000 t,337.0,I,production
114,Kenya,2511,Wheat and products,5511,Production,2009,1000 t,219.0,I,production
114,Kenya,2511,Wheat and products,5511,Production,2010,1000 t,512.0,I,production
114,Kenya,2511,Wheat and products,5511,Production,2011,1000 t,268.0,I,production
114,Kenya,2511,Wheat and products,5611,Import Quantity,2006,1000 t,663.0,I,imports
114,Kenya,2511,Wheat and products,5611,Import Quantity,2007,1000 t,726.0,I,imports
114,Kenya,2511,Wheat and products,5611,Import Quantity,2008,1000 t,580.0,I,imports
114,Kenya,2511,Wheat and products,5611,Import Quantity,2009,1000 t,822.0,I,imports
114,Kenya,2511,Wheat and products,5611,Import Quantity,2010,1000 t,888.0,I,imports
114,Kenya,2511,Wheat and products,5611,Import Quantity,2011,1000 t,1561.0,I,imports
114,Kenya,2511,Wheat and products,5074,Stock Variation,2006,1000 t,0.0,I,stock_variation
114,Kenya,2511,Wheat and products,5074,Stock Variation,2007,1000 t,0.0,I,stock_variation
114,Kenya,2511,Wheat and products,5074,Stock Variation,2008,1000 t,0.0,I,stock_variation
114,Kenya,2511,Wheat and products,5074,Stock Variation,2009,1000 t,0.0,I,stock_variation
114,Kenya,2511,Wheat and products,5074,Stock Variation,2010,1000 t,0.0,I,stock_variation
114,Kenya,2511,Wheat and products,5074,Stock Variation,2011,1000 t,-300.0,I,stock_variation
114,Kenya,2511,Wheat and products,5911,Export Quantity,2006,1000 t,7.0,I,exports
114,Kenya,2511,Wheat and products,5911,Export Quantity,2007,1000 t,6.0,I,exports
114,Kenya,2511,Wheat and products,5911,Export Quantity,2008,1000 t,7.0,I,exports
114,Kenya,2511,Wheat and products,5911,Export Quantity,2009,1000 t,8.0,I,exports
114,Kenya,2511,Wheat and products,5911,Export Quantity,2010,1000 t,10.0,I,exports
114,Kenya,2511,Wheat and products,5911,Export Quantity,2011,1000 t,5.0,I,exports
114,Kenya,2511,Wheat and products,5301,Domestic supply quantity,2006,1000 t,986.0,I,domestic_supply
114,Kenya,2511,Wheat and products,5301,Domestic supply quantity,2007,1000 t,1043.0,I,domestic_supply
114,Kenya,2511,Wheat and products,5301,Domestic supply quantity,2008,1000 t,909.0,I,domestic_supply
114,Kenya,2511,Wheat and products,5301,Domestic supply quantity,2009,1000 t,1033.0,I,domestic_supply
114,Kenya,2511,Wheat and products,5301,Domestic supply quantity,2010,1000 t,1389.0,I,domestic_supply
114,Kenya,2511,Wheat and products,5301,Domestic supply quantity,2011,1000 t,1524.0,I,domestic_supply
114,Kenya,2511,Wheat and products,5527,Seed,2006,1000 t,8.0,I,seed
114,Kenya,2511,Wheat and products,5527,Seed,2007,1000 t,10.0,I,seed
114,Kenya,2511,Wheat and products,5527,Seed,2008,1000 t,10.0,I,seed
114,Kenya,2511,Wheat and products,5527,Seed,2009,1000 t,10.0,I,seed
114,Kenya,2511,Wheat and products,5527,Seed,2010,1000 t,11.0,I,seed
114,Kenya,2511,Wheat and products,5527,Seed,2011,1000 t,12.0,I,seed
114,Kenya,2511,Wheat and products,5123,Losses,2006,1000 t,20.0,I,losses
114,Kenya,2511,Wheat and products,5123,Losses,2007,1000 t,20.0,I,losses
114,Kenya,2511,Wheat and products,5123,Losses,2008,1000 t,18.0,I,losses
114,Kenya,2511,Wheat and products,5123,Losses,2009,1000 t,20.0,I,losses
114,Kenya,2511,Wheat and products,5123,Losses,2010,1000 t,27.0,I,losses
114,Kenya,2511,Wheat and products,5123,Losses,2011,1000 t,35.0,I,losses
114,Kenya,2511,Wheat and products,5142,Food,2006,1000 t,946.0,I,food
114,Kenya,2511,Wheat and products,5142,Food,2007,1000 t,996.0,I,food
114,Kenya,2511,Wheat and products,5142,Food,2008,1000 t,874.0,I,food
114,Kenya,2511,Wheat and products,5142,Food,2009,1000 t,987.0,I,food
114,Kenya,2511,Wheat and products,5142,Food,2010,1000 t,1311.0,I,food
114,Kenya,2511,Wheat and products,5142,Food,2011,1000 t,1432.0,I,food
83,Kiribati,2511,Wheat and products,5611,Import Quantity,2006,1000 t,5.0,I,imports
83,Kiribati,2511,Wheat and products,5611,Import Quantity,2007,1000 t,5.0,I,imports
83,Kiribati,2511,Wheat and products,5611,Import Quantity,2008,1000 t,5.0,I,imports
83,Kiribati,2511,Wheat and products,5611,Import Quantity,2009,1000 t,7.0,I,imports
83,Kiribati,2511,Wheat and products,5611,Import Quantity,2010,1000 t,7.0,I,imports
83,Kiribati,2511,Wheat and products,5611,Import Quantity,2011,1000 t,6.0,I,imports
83,Kiribati,2511,Wheat and products,5074,Stock Variation,2006,1000 t,0.0,I,stock_variation
83,Kiribati,2511,Wheat and products,5074,Stock Variation,2007,1000 t,0.0,I,stock_variation
83,Kiribati,2511,Wheat and products,5074,Stock Variation,2008,1000 t,1.0,I,stock_variation
83,Kiribati,2511,Wheat and products,5074,Stock Variation,2009,1000 t,0.0,I,stock_variation
83,Kiribati,2511,Wheat and products,5074,Stock Variation,2010,1000 t,0.0,I,stock_variation
83,Kiribati,2511,Wheat and products,5074,Stock Variation,2011,1000 t,0.0,I,stock_variation
83,Kiribati,2511,Wheat and products,5911,Export Quantity,2006,1000 t,0.0,I,exports
83,Kiribati,2511,Wheat and products,5911,Export Quantity,2007,1000 t,0.0,I,exports
83,Kiribati,2511,Wheat and products,5911,Export Quantity,2008,1000 t,0.0,I,exports
83,Kiribati,2511,Wheat and products,5911,Export Quantity,2009,1000 t,0.0,I,exports
83,Kiribati,2511,Wheat and products,5911,Export Quantity,2010,1000 t,0.0,I,exports
83,Kiribati,2511,Wheat and products,5911,Export Quantity,2011,1000 t,0.0,I,exports
83,Kiribati,2511,Wheat and products,5301,Domestic supply quantity,2006,1000 t,6.0,I,domestic_supply
83,Kiribati,2511,Wheat and products,5301,Domestic supply quantity,2007,1000 t,6.0,I,domestic_supply
83,Kiribati,2511,Wheat and products,5301,Domestic supply quantity,2008,1000 t,6.0,I,domestic_supply
83,Kiribati,2511,Wheat and products,5301,Domestic supply quantity,2009,1000 t,7.0,I,domestic_supply
83,Kiribati,2511,Wheat and products,5301,Domestic supply quantity,2010,1000 t,7.0,I,domestic_supply
83,Kiribati,2511,Wheat and products,5301,Domestic supply quantity,2011,1000 t,6.0,I,domestic_supply
83,Kiribati,2511,Wheat and products,5142,Food,2006,1000 t,5.0,I,food
83,Kiribati,2511,Wheat and products,5142,Food,2007,1000 t,5.0,I,food
83,Kiribati,2511,Wheat and products,5142,Food,2008,1000 t,5.0,I,food
83,Kiribati,2511,Wheat and products,5142,Food,2009,1000 t,6.0,I,food
83,Kiribati,2511,Wheat and products,5142,Food,2010,1000 t,6.0,I,food
83,Kiribati,2511,Wheat and products,5142,Food,2011,1000 t,5.0,I,food
118,Kuwait,2511,Wheat and products,5511,Production,2006,1000 t,1.0,I,production
118,Kuwait,2511,Wheat and products,5511,Production,2007,1000 t,0.0,I,production
118,Kuwait,2511,Wheat and products,5511,Production,2008,1000 t,0.0,I,production
118,Kuwait,2511,Wheat and products,5511,Production,2009,1000 t,0.0,I,production
118,Kuwait,2511,Wheat and products,5511,Production,2010,1000 t,0.0,I,production
118,Kuwait,2511,Wheat and products,5511,Production,2011,1000 t,0.0,I,production
118,Kuwait,2511,Wheat and products,5611,Import Quantity,2006,1000 t,357.0,I,imports
118,Kuwait,2511,Wheat and products,5611,Import Quantity,2007,1000 t,287.0,I,imports
118,Kuwait,2511,Wheat and products,5611,Import Quantity,2008,1000 t,336.0,I,imports
118,Kuwait,2511,Wheat and products,5611,Import Quantity,2009,1000 t,394.0,I,imports
118,Kuwait,2511,Wheat and products,5611,Import Quantity,2010,1000 t,315.0,I,imports
118,Kuwait,2511,Wheat and products,5611,Import Quantity,2011,1000 t,388.0,I,imports
118,Kuwait,2511,Wheat and products,5074,Stock Variation,2006,1000 t,-80.0,I,stock_variation
118,Kuwait,2511,Wheat and products,5074,Stock Variation,2007,1000 t,11.0,I,stock_variation
118,Kuwait,2511,Wheat and products,5074,Stock Variation,2008,1000 t,-42.0,I,stock_variation
118,Kuwait,2511,Wheat and products,5074,Stock Variation,2009,1000 t,-50.0,I,stock_variation
118,Kuwait,2511,Wheat and products,5074,Stock Variation,2010,1000 t,50.0,I,stock_variation
118,Kuwait,2511,Wheat and products,5074,Stock Variation,2011,1000 t,12.0,I,stock_variation
118,Kuwait,2511,Wheat and products,5911,Export Quantity,2006,1000 t,13.0,I,exports
118,Kuwait,2511,Wheat and products,5911,Export Quantity,2007,1000 t,12.0,I,exports
118,Kuwait,2511,Wheat and products,5911,Export Quantity,2008,1000 t,3.0,I,exports
118,Kuwait,2511,Wheat and products,5911,Export Quantity,2009,1000 t,54.0,I,exports
118,Kuwait,2511,Wheat and products,5911,Export Quantity,2010,1000 t,52.0,I,exports
118,Kuwait,2511,Wheat and products,5911,Export Quantity,2011,1000 t,56.0,I,exports
118,Kuwait,2511,Wheat and products,5301,Domestic supply quantity,2006,1000 t,264.0,I,domestic_supply
118,Kuwait,2511,Wheat and products,5301,Domestic supply quantity,2007,1000 t,286.0,I,domestic_supply
118,Kuwait,2511,Wheat and products,5301,Domestic supply quantity,2008,1000 t,291.0,I,domestic_supply
118,Kuwait,2511,Wheat and products,5301,Domestic supply quantity,2009,1000 t,290.0,I,domestic_supply
118,Kuwait,2511,Wheat and products,5301,Domestic supply quantity,2010,1000 t,313.0,I,domestic_supply
118,Kuwait,2511,Wheat and products,5301,Domestic supply quantity,2011,1000 t,343.0,I,domestic_supply
118,Kuwait,2511,Wheat and products,5123,Losses,2006,1000 t,25.0,I,losses
118,Kuwait,2511,Wheat and products,5123,Losses,2007,1000 t,26.0,I,losses
118,Kuwait,2511,Wheat and products,5123,Losses,2008,1000 t,27.0,I,losses
118,Kuwait,2511,Wheat and products,5123,Losses,2009,1000 t,32.0,I,losses
118,Kuwait,2511,Wheat and products,5123,Losses,2010,1000 t,34.0,I,losses
118,Kuwait,2511,Wheat and products,5123,Losses,2011,1000 t,37.0,I,losses
118,Kuwait,2511,Wheat and products,5142,Food,2006,1000 t,240.0,I,food
118,Kuwait,2511,Wheat and products,5142,Food,2007,1000 t,259.0,I,food
118,Kuwait,2511,Wheat and products,5142,Food,2008,1000 t,263.0,I,food
118,Kuwait,2511,Wheat and products,5142,Food,2009,1000 t,258.0,I,food
118,Kuwait,2511,Wheat and products,5142,Food,2010,1000 t,279.0,I,food
118,Kuwait,2511,Wheat and products,5142,Food,2011,1000 t,306.0,I,food
113,Kyrgyzstan,2511,Wheat and products,5511,Production,2006,1000 t,840.0,I,production
113,Kyrgyzstan,2511,Wheat and products,5511,Production,2007,1000 t,709.0,I,production
113,Kyrgyzstan,2511,Wheat and products,5511,Production,2008,1000 t,746.0,I,production
113,Kyrgyzstan,2511,Wheat and products,5511,Production,2009,1000 t,1057.0,I,production
113,Kyrgyzstan,2511,Wheat and products,5511,Production,2010,1000 t,813.0,I,production
113,Kyrgyzstan,2511,Wheat and products,5511,Production,2011,1000 t,800.0,I,production
113,Kyrgyzstan,2511,Wheat and products,5611,Import Quantity,2006,1000 t,320.0,I,imports
113,Kyrgyzstan,2511,Wheat and products,5611,Import Quantity,2007,1000 t,514.0,I,imports
113,Kyrgyzstan,2511,Wheat and products,5611,Import Quantity,2008,1000 t,462.0,I,imports
113,Kyrgyzstan,2511,Wheat and products,5611,Import Quantity,2009,1000 t,453.0,I,imports
113,Kyrgyzstan,2511,Wheat and products,5611,Import Quantity,2010,1000 t,436.0,I,imports
113,Kyrgyzstan,2511,Wheat and products,5611,Import Quantity,2011,1000 t,483.0,I,imports
113,Kyrgyzstan,2511,Wheat and products,5074,Stock Variation,2006,1000 t,0.0,I,stock_variation
113,Kyrgyzstan,2511,Wheat and products,5074,Stock Variation,2007,1000 t,0.0,I,stock_variation
113,Kyrgyzstan,2511,Wheat and products,5074,Stock Variation,2008,1000 t,0.0,I,stock_variation
113,Kyrgyzstan,2511,Wheat and products,5074,Stock Variation,2009,1000 t,0.0,I,stock_variation
113,Kyrgyzstan,2511,Wheat and products,5074,Stock Variation,2010,1000 t,0.0,I,stock_variation
113,Kyrgyzstan,2511,Wheat and products,5074,Stock Variation,2011,1000 t,0.0,I,stock_variation
113,Kyrgyzstan,2511,Wheat and products,5911,Export Quantity,2006,1000 t,3.0,I,exports
113,Kyrgyzstan,2511,Wheat and products,5911,Export Quantity,2007,1000 t,4.0,I,exports
113,Kyrgyzstan,2511,Wheat and products,5911,Export Quantity,2008,1000 t,4.0,I,exports
113,Kyrgyzstan,2511,Wheat and products,5911,Export Quantity,2009,1000 t,4.0,I,exports
113,Kyrgyzstan,2511,Wheat and products,5911,Export Quantity,2010,1000 t,2.0,I,exports
113,Kyrgyzstan,2511,Wheat and products,5911,Export Quantity,2011,1000 t,3.0,I,exports
113,Kyrgyzstan,2511,Wheat and products,5301,Domestic supply quantity,2006,1000 t,1158.0,I,domestic_supply
113,Kyrgyzstan,2511,Wheat and products,5301,Domestic supply quantity,2007,1000 t,1218.0,I,domestic_supply
113,Kyrgyzstan,2511,Wheat and products,5301,Domestic supply quantity,2008,1000 t,1204.0,I,domestic_supply
113,Kyrgyzstan,2511,Wheat and products,5301,Domestic supply quantity,2009,1000 t,1506.0,I,domestic_supply
113,Kyrgyzstan,2511,Wheat and products,5301,Domestic supply quantity,2010,1000 t,1247.0,I,domestic_supply
113,Kyrgyzstan,2511,Wheat and products,5301,Domestic supply quantity,2011,1000 t,1280.0,I,domestic_supply
113,Kyrgyzstan,2511,Wheat and products,5521,Feed,2006,1000 t,370.0,I,feed
113,Kyrgyzstan,2511,Wheat and products,5521,Feed,2007,1000 t,425.0,I,feed
113,Kyrgyzstan,2511,Wheat and products,5521,Feed,2008,1000 t,419.0,I,feed
113,Kyrgyzstan,2511,Wheat and products,5521,Feed,2009,1000 t,681.0,I,feed
113,Kyrgyzstan,2511,Wheat and products,5521,Feed,2010,1000 t,387.0,I,feed
113,Kyrgyzstan,2511,Wheat and products,5521,Feed,2011,1000 t,408.0,I,feed
113,Kyrgyzstan,2511,Wheat and products,5527,Seed,2006,1000 t,42.0,I,seed
113,Kyrgyzstan,2511,Wheat and products,5527,Seed,2007,1000 t,45.0,I,seed
113,Kyrgyzstan,2511,Wheat and products,5527,Seed,2008,1000 t,47.0,I,seed
113,Kyrgyzstan,2511,Wheat and products,5527,Seed,2009,1000 t,43.0,I,seed
113,Kyrgyzstan,2511,Wheat and products,5527,Seed,2010,1000 t,43.0,I,seed
113,Kyrgyzstan,2511,Wheat and products,5527,Seed,2011,1000 t,36.0,I,seed
113,Kyrgyzstan,2511,Wheat and products,5123,Losses,2006,1000 t,57.0,I,losses
113,Kyrgyzstan,2511,Wheat and products,5123,Losses,2007,1000 t,43.0,I,losses
113,Kyrgyzstan,2511,Wheat and products,5123,Losses,2008,1000 t,63.0,I,losses
113,Kyrgyzstan,2511,Wheat and products,5123,Losses,2009,1000 t,58.0,I,losses
113,Kyrgyzstan,2511,Wheat and products,5123,Losses,2010,1000 t,29.0,I,losses
113,Kyrgyzstan,2511,Wheat and products,5123,Losses,2011,1000 t,29.0,I,losses
113,Kyrgyzstan,2511,Wheat and products,5142,Food,2006,1000 t,633.0,I,food
113,Kyrgyzstan,2511,Wheat and products,5142,Food,2007,1000 t,651.0,I,food
113,Kyrgyzstan,2511,Wheat and products,5142,Food,2008,1000 t,613.0,I,food
113,Kyrgyzstan,2511,Wheat and products,5142,Food,2009,1000 t,662.0,I,food
113,Kyrgyzstan,2511,Wheat and products,5142,Food,2010,1000 t,731.0,I,food
113,Kyrgyzstan,2511,Wheat and products,5142,Food,2011,1000 t,741.0,I,food
120,Lao People's Democratic Republic,2511,Wheat and products,5611,Import Quantity,2006,1000 t,13.0,I,imports
120,Lao People's Democratic Republic,2511,Wheat and products,5611,Import Quantity,2007,1000 t,9.0,I,imports
120,Lao People's Democratic Republic,2511,Wheat and products,5611,Import Quantity,2008,1000 t,8.0,I,imports
120,Lao People's Democratic Republic,2511,Wheat and products,5611,Import Quantity,2009,1000 t,10.0,I,imports
120,Lao People's Democratic Republic,2511,Wheat and products,5611,Import Quantity,2010,1000 t,12.0,I,imports
120,Lao People's Democratic Republic,2511,Wheat and products,5611,Import Quantity,2011,1000 t,13.0,I,imports
120,Lao People's Democratic Republic,2511,Wheat and products,5911,Export Quantity,2006,1000 t,0.0,I,exports
120,Lao People's Democratic Republic,2511,Wheat and products,5911,Export Quantity,2007,1000 t,0.0,I,exports
120,Lao People's Democratic Republic,2511,Wheat and products,5911,Export Quantity,2008,1000 t,0.0,I,exports
120,Lao People's Democratic Republic,2511,Wheat and products,5911,Export Quantity,2009,1000 t,0.0,I,exports
120,Lao People's Democratic Republic,2511,Wheat and products,5911,Export Quantity,2010,1000 t,0.0,I,exports
120,Lao People's Democratic Republic,2511,Wheat and products,5911,Export Quantity,2011,1000 t,0.0,I,exports
120,Lao People's Democratic Republic,2511,Wheat and products,5301,Domestic supply quantity,2006,1000 t,13.0,I,domestic_supply
120,Lao People's Democratic Republic,2511,Wheat and products,5301,Domestic supply quantity,2007,1000 t,9.0,I,domestic_supply
120,Lao People's Democratic Republic,2511,Wheat and products,5301,Domestic supply quantity,2008,1000 t,8.0,I,domestic_supply
120,Lao People's Democratic Republic,2511,Wheat and products,5301,Domestic supply quantity,2009,1000 t,10.0,I,domestic_supply
120,Lao People's Democratic Republic,2511,Wheat and products,5301,Domestic supply quantity,2010,1000 t,12.0,I,domestic_supply
120,Lao People's Democratic Republic,2511,Wheat and products,5301,Domestic supply quantity,2011,1000 t,13.0,I,domestic_supply
120,Lao People's Democratic Republic,2511,Wheat and products,5142,Food,2006,1000 t,13.0,I,food
120,Lao People's Democratic Republic,2511,Wheat and products,5142,Food,2007,1000 t,9.0,I,food
120,Lao People's Democratic Republic,2511,Wheat and products,5142,Food,2008,1000 t,8.0,I,food
120,Lao People's Democratic Republic,2511,Wheat and products,5142,Food,2009,1000 t,10.0,I,food
120,Lao People's Democratic Republic,2511,Wheat and products,5142,Food,2010,1000 t,12.0,I,food
120,Lao People's Democratic Republic,2511,Wheat and products,5142,Food,2011,1000 t,13.0,I,food
119,Latvia,2511,Wheat and products,5511,Production,2006,1000 t,598.0,I,production
119,Latvia,2511,Wheat and products,5511,Production,2007,1000 t,807.0,I,production
119,Latvia,2511,Wheat and products,5511,Production,2008,1000 t,990.0,I,production
119,Latvia,2511,Wheat and products,5511,Production,2009,1000 t,1036.0,I,production
119,Latvia,2511,Wheat and products,5511,Production,2010,1000 t,1035.0,I,production
119,Latvia,2511,Wheat and products,5511,Production,2011,1000 t,937.0,I,production
119,Latvia,2511,Wheat and products,5611,Import Quantity,2006,1000 t,83.0,I,imports
119,Latvia,2511,Wheat and products,5611,Import Quantity,2007,1000 t,109.0,I,imports
119,Latvia,2511,Wheat and products,5611,Import Quantity,2008,1000 t,299.0,I,imports
119,Latvia,2511,Wheat and products,5611,Import Quantity,2009,1000 t,526.0,I,imports
119,Latvia,2511,Wheat and products,5611,Import Quantity,2010,1000 t,390.0,I,imports
119,Latvia,2511,Wheat and products,5611,Import Quantity,2011,1000 t,202.0,I,imports
119,Latvia,2511,Wheat and products,5074,Stock Variation,2006,1000 t,26.0,I,stock_variation
119,Latvia,2511,Wheat and products,5074,Stock Variation,2007,1000 t,-176.0,I,stock_variation
119,Latvia,2511,Wheat and products,5074,Stock Variation,2008,1000 t,-1.0,I,stock_variation
119,Latvia,2511,Wheat and products,5074,Stock Variation,2009,1000 t,-4.0,I,stock_variation
119,Latvia,2511,Wheat and products,5074,Stock Variation,2010,1000 t,167.0,I,stock_variation
119,Latvia,2511,Wheat and products,5074,Stock Variation,2011,1000 t,-119.0,I,stock_variation
119,Latvia,2511,Wheat and products,5911,Export Quantity,2006,1000 t,225.0,I,exports
119,Latvia,2511,Wheat and products,5911,Export Quantity,2007,1000 t,309.0,I,exports
119,Latvia,2511,Wheat and products,5911,Export Quantity,2008,1000 t,913.0,I,exports
119,Latvia,2511,Wheat and products,5911,Export Quantity,2009,1000 t,1145.0,I,exports
119,Latvia,2511,Wheat and products,5911,Export Quantity,2010,1000 t,1108.0,I,exports
119,Latvia,2511,Wheat and products,5911,Export Quantity,2011,1000 t,530.0,I,exports
119,Latvia,2511,Wheat and products,5301,Domestic supply quantity,2006,1000 t,483.0,I,domestic_supply
119,Latvia,2511,Wheat and products,5301,Domestic supply quantity,2007,1000 t,431.0,I,domestic_supply
119,Latvia,2511,Wheat and products,5301,Domestic supply quantity,2008,1000 t,374.0,I,domestic_supply
119,Latvia,2511,Wheat and products,5301,Domestic supply quantity,2009,1000 t,413.0,I,domestic_supply
119,Latvia,2511,Wheat and products,5301,Domestic supply quantity,2010,1000 t,485.0,I,domestic_supply
119,Latvia,2511,Wheat and products,5301,Domestic supply quantity,2011,1000 t,490.0,I,domestic_supply
119,Latvia,2511,Wheat and products,5521,Feed,2006,1000 t,213.0,I,feed
119,Latvia,2511,Wheat and products,5521,Feed,2007,1000 t,155.0,I,feed
119,Latvia,2511,Wheat and products,5521,Feed,2008,1000 t,85.0,I,feed
119,Latvia,2511,Wheat and products,5521,Feed,2009,1000 t,142.0,I,feed
119,Latvia,2511,Wheat and products,5521,Feed,2010,1000 t,209.0,I,feed
119,Latvia,2511,Wheat and products,5521,Feed,2011,1000 t,211.0,I,feed
119,Latvia,2511,Wheat and products,5527,Seed,2006,1000 t,52.0,I,seed
119,Latvia,2511,Wheat and products,5527,Seed,2007,1000 t,60.0,I,seed
119,Latvia,2511,Wheat and products,5527,Seed,2008,1000 t,65.0,I,seed
119,Latvia,2511,Wheat and products,5527,Seed,2009,1000 t,73.0,I,seed
119,Latvia,2511,Wheat and products,5527,Seed,2010,1000 t,78.0,I,seed
119,Latvia,2511,Wheat and products,5527,Seed,2011,1000 t,79.0,I,seed
119,Latvia,2511,Wheat and products,5123,Losses,2006,1000 t,18.0,I,losses
119,Latvia,2511,Wheat and products,5123,Losses,2007,1000 t,11.0,I,losses
119,Latvia,2511,Wheat and products,5123,Losses,2008,1000 t,10.0,I,losses
119,Latvia,2511,Wheat and products,5123,Losses,2009,1000 t,8.0,I,losses
119,Latvia,2511,Wheat and products,5123,Losses,2010,1000 t,7.0,I,losses
119,Latvia,2511,Wheat and products,5123,Losses,2011,1000 t,9.0,I,losses
119,Latvia,2511,Wheat and products,5142,Food,2006,1000 t,139.0,I,food
119,Latvia,2511,Wheat and products,5142,Food,2007,1000 t,138.0,I,food
119,Latvia,2511,Wheat and products,5142,Food,2008,1000 t,138.0,I,food
119,Latvia,2511,Wheat and products,5142,Food,2009,1000 t,134.0,I,food
119,Latvia,2511,Wheat and products,5142,Food,2010,1000 t,136.0,I,food
119,Latvia,2511,Wheat and products,5142,Food,2011,1000 t,145.0,I,food
121,Lebanon,2511,Wheat and products,5511,Production,2006,1000 t,153.0,I,production
121,Lebanon,2511,Wheat and products,5511,Production,2007,1000 t,116.0,I,production
121,Lebanon,2511,Wheat and products,5511,Production,2008,1000 t,144.0,I,production
121,Lebanon,2511,Wheat and products,5511,Production,2009,1000 t,111.0,I,production
121,Lebanon,2511,Wheat and products,5511,Production,2010,1000 t,83.0,I,production
121,Lebanon,2511,Wheat and products,5511,Production,2011,1000 t,125.0,I,production
121,Lebanon,2511,Wheat and products,5611,Import Quantity,2006,1000 t,362.0,I,imports
121,Lebanon,2511,Wheat and products,5611,Import Quantity,2007,1000 t,451.0,I,imports
121,Lebanon,2511,Wheat and products,5611,Import Quantity,2008,1000 t,473.0,I,imports
121,Lebanon,2511,Wheat and products,5611,Import Quantity,2009,1000 t,596.0,I,imports
121,Lebanon,2511,Wheat and products,5611,Import Quantity,2010,1000 t,573.0,I,imports
121,Lebanon,2511,Wheat and products,5611,Import Quantity,2011,1000 t,515.0,I,imports
121,Lebanon,2511,Wheat and products,5074,Stock Variation,2006,1000 t,78.0,I,stock_variation
121,Lebanon,2511,Wheat and products,5074,Stock Variation,2007,1000 t,10.0,I,stock_variation
121,Lebanon,2511,Wheat and products,5074,Stock Variation,2008,1000 t,-10.0,I,stock_variation
121,Lebanon,2511,Wheat and products,5074,Stock Variation,2009,1000 t,-110.0,I,stock_variation
121,Lebanon,2511,Wheat and products,5074,Stock Variation,2010,1000 t,10.0,I,stock_variation
121,Lebanon,2511,Wheat and products,5074,Stock Variation,2011,1000 t,15.0,I,stock_variation
121,Lebanon,2511,Wheat and products,5911,Export Quantity,2006,1000 t,10.0,I,exports
121,Lebanon,2511,Wheat and products,5911,Export Quantity,2007,1000 t,25.0,I,exports
121,Lebanon,2511,Wheat and products,5911,Export Quantity,2008,1000 t,59.0,I,exports
121,Lebanon,2511,Wheat and products,5911,Export Quantity,2009,1000 t,33.0,I,exports
121,Lebanon,2511,Wheat and products,5911,Export Quantity,2010,1000 t,50.0,I,exports
121,Lebanon,2511,Wheat and products,5911,Export Quantity,2011,1000 t,22.0,I,exports
121,Lebanon,2511,Wheat and products,5301,Domestic supply quantity,2006,1000 t,583.0,I,domestic_supply
121,Lebanon,2511,Wheat and products,5301,Domestic supply quantity,2007,1000 t,552.0,I,domestic_supply
121,Lebanon,2511,Wheat and products,5301,Domestic supply quantity,2008,1000 t,548.0,I,domestic_supply
121,Lebanon,2511,Wheat and products,5301,Domestic supply quantity,2009,1000 t,565.0,I,domestic_supply
121,Lebanon,2511,Wheat and products,5301,Domestic supply quantity,2010,1000 t,616.0,I,domestic_supply
121,Lebanon,2511,Wheat and products,5301,Domestic supply quantity,2011,1000 t,632.0,I,domestic_supply
121,Lebanon,2511,Wheat and products,5521,Feed,2006,1000 t,48.0,I,feed
121,Lebanon,2511,Wheat and products,5521,Feed,2007,1000 t,48.0,I,feed
121,Lebanon,2511,Wheat and products,5521,Feed,2008,1000 t,45.0,I,feed
121,Lebanon,2511,Wheat and products,5521,Feed,2009,1000 t,51.0,I,feed
121,Lebanon,2511,Wheat and products,5521,Feed,2010,1000 t,52.0,I,feed
121,Lebanon,2511,Wheat and products,5521,Feed,2011,1000 t,55.0,I,feed
121,Lebanon,2511,Wheat and products,5527,Seed,2006,1000 t,8.0,I,seed
121,Lebanon,2511,Wheat and products,5527,Seed,2007,1000 t,8.0,I,seed
121,Lebanon,2511,Wheat and products,5527,Seed,2008,1000 t,6.0,I,seed
121,Lebanon,2511,Wheat and products,5527,Seed,2009,1000 t,5.0,I,seed
121,Lebanon,2511,Wheat and products,5527,Seed,2010,1000 t,6.0,I,seed
121,Lebanon,2511,Wheat and products,5527,Seed,2011,1000 t,6.0,I,seed
121,Lebanon,2511,Wheat and products,5123,Losses,2006,1000 t,17.0,I,losses
121,Lebanon,2511,Wheat and products,5123,Losses,2007,1000 t,16.0,I,losses
121,Lebanon,2511,Wheat and products,5123,Losses,2008,1000 t,17.0,I,losses
121,Lebanon,2511,Wheat and products,5123,Losses,2009,1000 t,19.0,I,losses
121,Lebanon,2511,Wheat and products,5123,Losses,2010,1000 t,18.0,I,losses
121,Lebanon,2511,Wheat and products,5123,Losses,2011,1000 t,18.0,I,losses
121,Lebanon,2511,Wheat and products,5142,Food,2006,1000 t,484.0,I,food
121,Lebanon,2511,Wheat and products,5142,Food,2007,1000 t,460.0,I,food
121,Lebanon,2511,Wheat and products,5142,Food,2008,1000 t,468.0,I,food
121,Lebanon,2511,Wheat and products,5142,Food,2009,1000 t,482.0,I,food
121,Lebanon,2511,Wheat and products,5142,Food,2010,1000 t,533.0,I,food
121,Lebanon,2511,Wheat and products,5142,Food,2011,1000 t,546.0,I,food
122,Lesotho,2511,Wheat and products,5511,Production,2006,1000 t,6.0,I,production
122,Lesotho,2511,Wheat and products,5511,Production,2007,1000 t,4.0,I,production
122,Lesotho,2511,Wheat and products,5511,Production,2008,1000 t,4.0,I,production
122,Lesotho,2511,Wheat and products,5511,Production,2009,1000 t,7.0,I,production
122,Lesotho,2511,Wheat and products,5511,Production,2010,1000 t,20.0,I,production
122,Lesotho,2511,Wheat and products,5511,Production,2011,1000 t,20.0,I,production
122,Lesotho,2511,Wheat and products,5611,Import Quantity,2006,1000 t,71.0,I,imports
122,Lesotho,2511,Wheat and products,5611,Import Quantity,2007,1000 t,96.0,I,imports
122,Lesotho,2511,Wheat and products,5611,Import Quantity,2008,1000 t,100.0,I,imports
122,Lesotho,2511,Wheat and products,5611,Import Quantity,2009,1000 t,97.0,I,imports
122,Lesotho,2511,Wheat and products,5611,Import Quantity,2010,1000 t,86.0,I,imports
122,Lesotho,2511,Wheat and products,5611,Import Quantity,2011,1000 t,86.0,I,imports
122,Lesotho,2511,Wheat and products,5074,Stock Variation,2006,1000 t,28.0,I,stock_variation
122,Lesotho,2511,Wheat and products,5074,Stock Variation,2007,1000 t,5.0,I,stock_variation
122,Lesotho,2511,Wheat and products,5074,Stock Variation,2008,1000 t,0.0,I,stock_variation
122,Lesotho,2511,Wheat and products,5074,Stock Variation,2009,1000 t,0.0,I,stock_variation
122,Lesotho,2511,Wheat and products,5074,Stock Variation,2010,1000 t,0.0,I,stock_variation
122,Lesotho,2511,Wheat and products,5074,Stock Variation,2011,1000 t,-5.0,I,stock_variation
122,Lesotho,2511,Wheat and products,5911,Export Quantity,2006,1000 t,0.0,I,exports
122,Lesotho,2511,Wheat and products,5911,Export Quantity,2007,1000 t,0.0,I,exports
122,Lesotho,2511,Wheat and products,5911,Export Quantity,2008,1000 t,0.0,I,exports
122,Lesotho,2511,Wheat and products,5911,Export Quantity,2009,1000 t,0.0,I,exports
122,Lesotho,2511,Wheat and products,5911,Export Quantity,2010,1000 t,0.0,I,exports
122,Lesotho,2511,Wheat and products,5911,Export Quantity,2011,1000 t,0.0,I,exports
122,Lesotho,2511,Wheat and products,5301,Domestic supply quantity,2006,1000 t,105.0,I,domestic_supply
122,Lesotho,2511,Wheat and products,5301,Domestic supply quantity,2007,1000 t,104.0,I,domestic_supply
122,Lesotho,2511,Wheat and products,5301,Domestic supply quantity,2008,1000 t,104.0,I,domestic_supply
122,Lesotho,2511,Wheat and products,5301,Domestic supply quantity,2009,1000 t,104.0,I,domestic_supply
122,Lesotho,2511,Wheat and products,5301,Domestic supply quantity,2010,1000 t,106.0,I,domestic_supply
122,Lesotho,2511,Wheat and products,5301,Domestic supply quantity,2011,1000 t,101.0,I,domestic_supply
122,Lesotho,2511,Wheat and products,5527,Seed,2006,1000 t,1.0,I,seed
122,Lesotho,2511,Wheat and products,5527,Seed,2007,1000 t,1.0,I,seed
122,Lesotho,2511,Wheat and products,5527,Seed,2008,1000 t,2.0,I,seed
122,Lesotho,2511,Wheat and products,5527,Seed,2009,1000 t,2.0,I,seed
122,Lesotho,2511,Wheat and products,5527,Seed,2010,1000 t,1.0,I,seed
122,Lesotho,2511,Wheat and products,5527,Seed,2011,1000 t,1.0,I,seed
122,Lesotho,2511,Wheat and products,5123,Losses,2006,1000 t,18.0,I,losses
122,Lesotho,2511,Wheat and products,5123,Losses,2007,1000 t,16.0,I,losses
122,Lesotho,2511,Wheat and products,5123,Losses,2008,1000 t,15.0,I,losses
122,Lesotho,2511,Wheat and products,5123,Losses,2009,1000 t,15.0,I,losses
122,Lesotho,2511,Wheat and products,5123,Losses,2010,1000 t,16.0,I,losses
122,Lesotho,2511,Wheat and products,5123,Losses,2011,1000 t,9.0,I,losses
122,Lesotho,2511,Wheat and products,5142,Food,2006,1000 t,86.0,I,food
122,Lesotho,2511,Wheat and products,5142,Food,2007,1000 t,87.0,I,food
122,Lesotho,2511,Wheat and products,5142,Food,2008,1000 t,87.0,I,food
122,Lesotho,2511,Wheat and products,5142,Food,2009,1000 t,87.0,I,food
122,Lesotho,2511,Wheat and products,5142,Food,2010,1000 t,88.0,I,food
122,Lesotho,2511,Wheat and products,5142,Food,2011,1000 t,90.0,I,food
123,Liberia,2511,Wheat and products,5611,Import Quantity,2006,1000 t,101.0,I,imports
123,Liberia,2511,Wheat and products,5611,Import Quantity,2007,1000 t,86.0,I,imports
123,Liberia,2511,Wheat and products,5611,Import Quantity,2008,1000 t,72.0,I,imports
123,Liberia,2511,Wheat and products,5611,Import Quantity,2009,1000 t,72.0,I,imports
123,Liberia,2511,Wheat and products,5611,Import Quantity,2010,1000 t,57.0,I,imports
123,Liberia,2511,Wheat and products,5611,Import Quantity,2011,1000 t,47.0,I,imports
123,Liberia,2511,Wheat and products,5074,Stock Variation,2006,1000 t,-18.0,I,stock_variation
123,Liberia,2511,Wheat and products,5074,Stock Variation,2007,1000 t,-10.0,I,stock_variation
123,Liberia,2511,Wheat and products,5074,Stock Variation,2008,1000 t,-4.0,I,stock_variation
123,Liberia,2511,Wheat and products,5074,Stock Variation,2009,1000 t,4.0,I,stock_variation
123,Liberia,2511,Wheat and products,5074,Stock Variation,2010,1000 t,10.0,I,stock_variation
123,Liberia,2511,Wheat and products,5074,Stock Variation,2011,1000 t,22.0,I,stock_variation
123,Liberia,2511,Wheat and products,5911,Export Quantity,2006,1000 t,0.0,I,exports
123,Liberia,2511,Wheat and products,5911,Export Quantity,2007,1000 t,0.0,I,exports
123,Liberia,2511,Wheat and products,5911,Export Quantity,2008,1000 t,0.0,I,exports
123,Liberia,2511,Wheat and products,5911,Export Quantity,2009,1000 t,0.0,I,exports
123,Liberia,2511,Wheat and products,5911,Export Quantity,2010,1000 t,0.0,I,exports
123,Liberia,2511,Wheat and products,5911,Export Quantity,2011,1000 t,0.0,I,exports
123,Liberia,2511,Wheat and products,5301,Domestic supply quantity,2006,1000 t,83.0,I,domestic_supply
123,Liberia,2511,Wheat and products,5301,Domestic supply quantity,2007,1000 t,76.0,I,domestic_supply
123,Liberia,2511,Wheat and products,5301,Domestic supply quantity,2008,1000 t,68.0,I,domestic_supply
123,Liberia,2511,Wheat and products,5301,Domestic supply quantity,2009,1000 t,75.0,I,domestic_supply
123,Liberia,2511,Wheat and products,5301,Domestic supply quantity,2010,1000 t,67.0,I,domestic_supply
123,Liberia,2511,Wheat and products,5301,Domestic supply quantity,2011,1000 t,69.0,I,domestic_supply
123,Liberia,2511,Wheat and products,5123,Losses,2006,1000 t,2.0,I,losses
123,Liberia,2511,Wheat and products,5123,Losses,2007,1000 t,1.0,I,losses
123,Liberia,2511,Wheat and products,5123,Losses,2008,1000 t,1.0,I,losses
123,Liberia,2511,Wheat and products,5123,Losses,2009,1000 t,1.0,I,losses
123,Liberia,2511,Wheat and products,5123,Losses,2010,1000 t,1.0,I,losses
123,Liberia,2511,Wheat and products,5123,Losses,2011,1000 t,1.0,I,losses
123,Liberia,2511,Wheat and products,5142,Food,2006,1000 t,82.0,I,food
123,Liberia,2511,Wheat and products,5142,Food,2007,1000 t,75.0,I,food
123,Liberia,2511,Wheat and products,5142,Food,2008,1000 t,67.0,I,food
123,Liberia,2511,Wheat and products,5142,Food,2009,1000 t,74.0,I,food
123,Liberia,2511,Wheat and products,5142,Food,2010,1000 t,66.0,I,food
123,Liberia,2511,Wheat and products,5142,Food,2011,1000 t,68.0,I,food
126,Lithuania,2511,Wheat and products,5511,Production,2006,1000 t,810.0,I,production
126,Lithuania,2511,Wheat and products,5511,Production,2007,1000 t,1391.0,I,production
126,Lithuania,2511,Wheat and products,5511,Production,2008,1000 t,1723.0,I,production
126,Lithuania,2511,Wheat and products,5511,Production,2009,1000 t,2100.0,I,production
126,Lithuania,2511,Wheat and products,5511,Production,2010,1000 t,1710.0,I,production
126,Lithuania,2511,Wheat and products,5511,Production,2011,1000 t,1869.0,I,production
126,Lithuania,2511,Wheat and products,5611,Import Quantity,2006,1000 t,140.0,I,imports
126,Lithuania,2511,Wheat and products,5611,Import Quantity,2007,1000 t,105.0,I,imports
126,Lithuania,2511,Wheat and products,5611,Import Quantity,2008,1000 t,173.0,I,imports
126,Lithuania,2511,Wheat and products,5611,Import Quantity,2009,1000 t,109.0,I,imports
126,Lithuania,2511,Wheat and products,5611,Import Quantity,2010,1000 t,180.0,I,imports
126,Lithuania,2511,Wheat and products,5611,Import Quantity,2011,1000 t,151.0,I,imports
126,Lithuania,2511,Wheat and products,5074,Stock Variation,2006,1000 t,188.0,I,stock_variation
126,Lithuania,2511,Wheat and products,5074,Stock Variation,2007,1000 t,-40.0,I,stock_variation
126,Lithuania,2511,Wheat and products,5074,Stock Variation,2008,1000 t,45.0,I,stock_variation
126,Lithuania,2511,Wheat and products,5074,Stock Variation,2009,1000 t,44.0,I,stock_variation
126,Lithuania,2511,Wheat and products,5074,Stock Variation,2010,1000 t,315.0,I,stock_variation
126,Lithuania,2511,Wheat and products,5074,Stock Variation,2011,1000 t,-40.0,I,stock_variation
126,Lithuania,2511,Wheat and products,5911,Export Quantity,2006,1000 t,466.0,I,exports
126,Lithuania,2511,Wheat and products,5911,Export Quantity,2007,1000 t,545.0,I,exports
126,Lithuania,2511,Wheat and products,5911,Export Quantity,2008,1000 t,1267.0,I,exports
126,Lithuania,2511,Wheat and products,5911,Export Quantity,2009,1000 t,1472.0,I,exports
126,Lithuania,2511,Wheat and products,5911,Export Quantity,2010,1000 t,1340.0,I,exports
126,Lithuania,2511,Wheat and products,5911,Export Quantity,2011,1000 t,1058.0,I,exports
126,Lithuania,2511,Wheat and products,5301,Domestic supply quantity,2006,1000 t,672.0,I,domestic_supply
126,Lithuania,2511,Wheat and products,5301,Domestic supply quantity,2007,1000 t,911.0,I,domestic_supply
126,Lithuania,2511,Wheat and products,5301,Domestic supply quantity,2008,1000 t,674.0,I,domestic_supply
126,Lithuania,2511,Wheat and products,5301,Domestic supply quantity,2009,1000 t,781.0,I,domestic_supply
126,Lithuania,2511,Wheat and products,5301,Domestic supply quantity,2010,1000 t,866.0,I,domestic_supply
126,Lithuania,2511,Wheat and products,5301,Domestic supply quantity,2011,1000 t,921.0,I,domestic_supply
126,Lithuania,2511,Wheat and products,5521,Feed,2006,1000 t,162.0,I,feed
126,Lithuania,2511,Wheat and products,5521,Feed,2007,1000 t,329.0,I,feed
126,Lithuania,2511,Wheat and products,5521,Feed,2008,1000 t,130.0,I,feed
126,Lithuania,2511,Wheat and products,5521,Feed,2009,1000 t,198.0,I,feed
126,Lithuania,2511,Wheat and products,5521,Feed,2010,1000 t,249.0,I,feed
126,Lithuania,2511,Wheat and products,5521,Feed,2011,1000 t,255.0,I,feed
126,Lithuania,2511,Wheat and products,5527,Seed,2006,1000 t,86.0,I,seed
126,Lithuania,2511,Wheat and products,5527,Seed,2007,1000 t,89.0,I,seed
126,Lithuania,2511,Wheat and products,5527,Seed,2008,1000 t,84.0,I,seed
126,Lithuania,2511,Wheat and products,5527,Seed,2009,1000 t,101.0,I,seed
126,Lithuania,2511,Wheat and products,5527,Seed,2010,1000 t,109.0,I,seed
126,Lithuania,2511,Wheat and products,5527,Seed,2011,1000 t,122.0,I,seed
126,Lithuania,2511,Wheat and products,5123,Losses,2006,1000 t,21.0,I,losses
126,Lithuania,2511,Wheat and products,5123,Losses,2007,1000 t,37.0,I,losses
126,Lithuania,2511,Wheat and products,5123,Losses,2008,1000 t,30.0,I,losses
126,Lithuania,2511,Wheat and products,5123,Losses,2009,1000 t,31.0,I,losses
126,Lithuania,2511,Wheat and products,5123,Losses,2010,1000 t,24.0,I,losses
126,Lithuania,2511,Wheat and products,5123,Losses,2011,1000 t,30.0,I,losses
126,Lithuania,2511,Wheat and products,5142,Food,2006,1000 t,379.0,I,food
126,Lithuania,2511,Wheat and products,5142,Food,2007,1000 t,397.0,I,food
126,Lithuania,2511,Wheat and products,5142,Food,2008,1000 t,369.0,I,food
126,Lithuania,2511,Wheat and products,5142,Food,2009,1000 t,369.0,I,food
126,Lithuania,2511,Wheat and products,5142,Food,2010,1000 t,360.0,I,food
126,Lithuania,2511,Wheat and products,5142,Food,2011,1000 t,356.0,I,food
256,Luxembourg,2511,Wheat and products,5511,Production,2006,1000 t,76.0,I,production
256,Luxembourg,2511,Wheat and products,5511,Production,2007,1000 t,70.0,I,production
256,Luxembourg,2511,Wheat and products,5511,Production,2008,1000 t,98.0,I,production
256,Luxembourg,2511,Wheat and products,5511,Production,2009,1000 t,91.0,I,production
256,Luxembourg,2511,Wheat and products,5511,Production,2010,1000 t,83.0,I,production
256,Luxembourg,2511,Wheat and products,5511,Production,2011,1000 t,77.0,I,production
256,Luxembourg,2511,Wheat and products,5611,Import Quantity,2006,1000 t,61.0,I,imports
256,Luxembourg,2511,Wheat and products,5611,Import Quantity,2007,1000 t,74.0,I,imports
256,Luxembourg,2511,Wheat and products,5611,Import Quantity,2008,1000 t,86.0,I,imports
256,Luxembourg,2511,Wheat and products,5611,Import Quantity,2009,1000 t,97.0,I,imports
256,Luxembourg,2511,Wheat and products,5611,Import Quantity,2010,1000 t,112.0,I,imports
256,Luxembourg,2511,Wheat and products,5611,Import Quantity,2011,1000 t,123.0,I,imports
256,Luxembourg,2511,Wheat and products,5074,Stock Variation,2006,1000 t,35.0,I,stock_variation
256,Luxembourg,2511,Wheat and products,5074,Stock Variation,2007,1000 t,9.0,I,stock_variation
256,Luxembourg,2511,Wheat and products,5074,Stock Variation,2008,1000 t,-17.0,I,stock_variation
256,Luxembourg,2511,Wheat and products,5074,Stock Variation,2009,1000 t,-31.0,I,stock_variation
256,Luxembourg,2511,Wheat and products,5074,Stock Variation,2010,1000 t,10.0,I,stock_variation
256,Luxembourg,2511,Wheat and products,5074,Stock Variation,2011,1000 t,-7.0,I,stock_variation
256,Luxembourg,2511,Wheat and products,5911,Export Quantity,2006,1000 t,90.0,I,exports
256,Luxembourg,2511,Wheat and products,5911,Export Quantity,2007,1000 t,58.0,I,exports
256,Luxembourg,2511,Wheat and products,5911,Export Quantity,2008,1000 t,61.0,I,exports
256,Luxembourg,2511,Wheat and products,5911,Export Quantity,2009,1000 t,58.0,I,exports
256,Luxembourg,2511,Wheat and products,5911,Export Quantity,2010,1000 t,101.0,I,exports
256,Luxembourg,2511,Wheat and products,5911,Export Quantity,2011,1000 t,96.0,I,exports
256,Luxembourg,2511,Wheat and products,5301,Domestic supply quantity,2006,1000 t,81.0,I,domestic_supply
256,Luxembourg,2511,Wheat and products,5301,Domestic supply quantity,2007,1000 t,96.0,I,domestic_supply
256,Luxembourg,2511,Wheat and products,5301,Domestic supply quantity,2008,1000 t,105.0,I,domestic_supply
256,Luxembourg,2511,Wheat and products,5301,Domestic supply quantity,2009,1000 t,99.0,I,domestic_supply
256,Luxembourg,2511,Wheat and products,5301,Domestic supply quantity,2010,1000 t,104.0,I,domestic_supply
256,Luxembourg,2511,Wheat and products,5301,Domestic supply quantity,2011,1000 t,97.0,I,domestic_supply
256,Luxembourg,2511,Wheat and products,5521,Feed,2006,1000 t,32.0,I,feed
256,Luxembourg,2511,Wheat and products,5521,Feed,2007,1000 t,45.0,I,feed
256,Luxembourg,2511,Wheat and products,5521,Feed,2008,1000 t,50.0,I,feed
256,Luxembourg,2511,Wheat and products,5521,Feed,2009,1000 t,41.0,I,feed
256,Luxembourg,2511,Wheat and products,5521,Feed,2010,1000 t,44.0,I,feed
256,Luxembourg,2511,Wheat and products,5521,Feed,2011,1000 t,38.0,I,feed
256,Luxembourg,2511,Wheat and products,5527,Seed,2006,1000 t,3.0,I,seed
256,Luxembourg,2511,Wheat and products,5527,Seed,2007,1000 t,2.0,I,seed
256,Luxembourg,2511,Wheat and products,5527,Seed,2008,1000 t,3.0,I,seed
256,Luxembourg,2511,Wheat and products,5527,Seed,2009,1000 t,3.0,I,seed
256,Luxembourg,2511,Wheat and products,5527,Seed,2010,1000 t,3.0,I,seed
256,Luxembourg,2511,Wheat and products,5527,Seed,2011,1000 t,3.0,I,seed
256,Luxembourg,2511,Wheat and products,5123,Losses,2006,1000 t,2.0,I,losses
256,Luxembourg,2511,Wheat and products,5123,Losses,2007,1000 t,1.0,I,losses
256,Luxembourg,2511,Wheat and products,5123,Losses,2008,1000 t,2.0,I,losses
256,Luxembourg,2511,Wheat and products,5123,Losses,2009,1000 t,2.0,I,losses
256,Luxembourg,2511,Wheat and products,5123,Losses,2010,1000 t,2.0,I,losses
256,Luxembourg,2511,Wheat and products,5123,Losses,2011,1000 t,2.0,I,losses
256,Luxembourg,2511,Wheat and products,5142,Food,2006,1000 t,43.0,I,food
256,Luxembourg,2511,Wheat and products,5142,Food,2007,1000 t,47.0,I,food
256,Luxembourg,2511,Wheat and products,5142,Food,2008,1000 t,49.0,I,food
256,Luxembourg,2511,Wheat and products,5142,Food,2009,1000 t,53.0,I,food
256,Luxembourg,2511,Wheat and products,5142,Food,2010,1000 t,54.0,I,food
256,Luxembourg,2511,Wheat and products,5142,Food,2011,1000 t,54.0,I,food
129,Madagascar,2511,Wheat and products,5511,Production,2006,1000 t,10.0,I,production
129,Madagascar,2511,Wheat and products,5511,Production,2007,1000 t,11.0,I,production
129,Madagascar,2511,Wheat and products,5511,Production,2008,1000 t,10.0,I,production
129,Madagascar,2511,Wheat and products,5511,Production,2009,1000 t,11.0,I,production
129,Madagascar,2511,Wheat and products,5511,Production,2010,1000 t,12.0,I,production
129,Madagascar,2511,Wheat and products,5511,Production,2011,1000 t,10.0,I,production
129,Madagascar,2511,Wheat and products,5611,Import Quantity,2006,1000 t,124.0,I,imports
129,Madagascar,2511,Wheat and products,5611,Import Quantity,2007,1000 t,175.0,I,imports
129,Madagascar,2511,Wheat and products,5611,Import Quantity,2008,1000 t,115.0,I,imports
129,Madagascar,2511,Wheat and products,5611,Import Quantity,2009,1000 t,107.0,I,imports
129,Madagascar,2511,Wheat and products,5611,Import Quantity,2010,1000 t,152.0,I,imports
129,Madagascar,2511,Wheat and products,5611,Import Quantity,2011,1000 t,176.0,I,imports
129,Madagascar,2511,Wheat and products,5074,Stock Variation,2006,1000 t,3.0,I,stock_variation
129,Madagascar,2511,Wheat and products,5074,Stock Variation,2007,1000 t,-10.0,I,stock_variation
129,Madagascar,2511,Wheat and products,5074,Stock Variation,2008,1000 t,4.0,I,stock_variation
129,Madagascar,2511,Wheat and products,5074,Stock Variation,2009,1000 t,6.0,I,stock_variation
129,Madagascar,2511,Wheat and products,5074,Stock Variation,2010,1000 t,0.0,I,stock_variation
129,Madagascar,2511,Wheat and products,5074,Stock Variation,2011,1000 t,0.0,I,stock_variation
129,Madagascar,2511,Wheat and products,5911,Export Quantity,2006,1000 t,0.0,I,exports
129,Madagascar,2511,Wheat and products,5911,Export Quantity,2007,1000 t,0.0,I,exports
129,Madagascar,2511,Wheat and products,5911,Export Quantity,2008,1000 t,0.0,I,exports
129,Madagascar,2511,Wheat and products,5911,Export Quantity,2009,1000 t,0.0,I,exports
129,Madagascar,2511,Wheat and products,5911,Export Quantity,2010,1000 t,0.0,I,exports
129,Madagascar,2511,Wheat and products,5911,Export Quantity,2011,1000 t,0.0,I,exports
129,Madagascar,2511,Wheat and products,5301,Domestic supply quantity,2006,1000 t,137.0,I,domestic_supply
129,Madagascar,2511,Wheat and products,5301,Domestic supply quantity,2007,1000 t,176.0,I,domestic_supply
129,Madagascar,2511,Wheat and products,5301,Domestic supply quantity,2008,1000 t,129.0,I,domestic_supply
129,Madagascar,2511,Wheat and products,5301,Domestic supply quantity,2009,1000 t,125.0,I,domestic_supply
129,Madagascar,2511,Wheat and products,5301,Domestic supply quantity,2010,1000 t,164.0,I,domestic_supply
129,Madagascar,2511,Wheat and products,5301,Domestic supply quantity,2011,1000 t,186.0,I,domestic_supply
129,Madagascar,2511,Wheat and products,5527,Seed,2006,1000 t,0.0,I,seed
129,Madagascar,2511,Wheat and products,5527,Seed,2007,1000 t,0.0,I,seed
129,Madagascar,2511,Wheat and products,5527,Seed,2008,1000 t,0.0,I,seed
129,Madagascar,2511,Wheat and products,5527,Seed,2009,1000 t,1.0,I,seed
129,Madagascar,2511,Wheat and products,5527,Seed,2010,1000 t,0.0,I,seed
129,Madagascar,2511,Wheat and products,5527,Seed,2011,1000 t,0.0,I,seed
129,Madagascar,2511,Wheat and products,5123,Losses,2006,1000 t,1.0,I,losses
129,Madagascar,2511,Wheat and products,5123,Losses,2007,1000 t,2.0,I,losses
129,Madagascar,2511,Wheat and products,5123,Losses,2008,1000 t,1.0,I,losses
129,Madagascar,2511,Wheat and products,5123,Losses,2009,1000 t,1.0,I,losses
129,Madagascar,2511,Wheat and products,5123,Losses,2010,1000 t,1.0,I,losses
129,Madagascar,2511,Wheat and products,5123,Losses,2011,1000 t,2.0,I,losses
129,Madagascar,2511,Wheat and products,5142,Food,2006,1000 t,135.0,I,food
129,Madagascar,2511,Wheat and products,5142,Food,2007,1000 t,174.0,I,food
129,Madagascar,2511,Wheat and products,5142,Food,2008,1000 t,128.0,I,food
129,Madagascar,2511,Wheat and products,5142,Food,2009,1000 t,123.0,I,food
129,Madagascar,2511,Wheat and products,5142,Food,2010,1000 t,162.0,I,food
129,Madagascar,2511,Wheat and products,5142,Food,2011,1000 t,184.0,I,food
130,Malawi,2511,Wheat and products,5511,Production,2006,1000 t,2.0,I,production
130,Malawi,2511,Wheat and products,5511,Production,2007,1000 t,5.0,I,production
130,Malawi,2511,Wheat and products,5511,Production,2008,1000 t,2.0,I,production
130,Malawi,2511,Wheat and products,5511,Production,2009,1000 t,3.0,I,production
130,Malawi,2511,Wheat and products,5511,Production,2010,1000 t,2.0,I,production
130,Malawi,2511,Wheat and products,5511,Production,2011,1000 t,2.0,I,production
130,Malawi,2511,Wheat and products,5611,Import Quantity,2006,1000 t,91.0,I,imports
130,Malawi,2511,Wheat and products,5611,Import Quantity,2007,1000 t,98.0,I,imports
130,Malawi,2511,Wheat and products,5611,Import Quantity,2008,1000 t,226.0,I,imports
130,Malawi,2511,Wheat and products,5611,Import Quantity,2009,1000 t,156.0,I,imports
130,Malawi,2511,Wheat and products,5611,Import Quantity,2010,1000 t,186.0,I,imports
130,Malawi,2511,Wheat and products,5611,Import Quantity,2011,1000 t,165.0,I,imports
130,Malawi,2511,Wheat and products,5074,Stock Variation,2006,1000 t,-3.0,I,stock_variation
130,Malawi,2511,Wheat and products,5074,Stock Variation,2007,1000 t,3.0,I,stock_variation
130,Malawi,2511,Wheat and products,5074,Stock Variation,2008,1000 t,-113.0,I,stock_variation
130,Malawi,2511,Wheat and products,5074,Stock Variation,2009,1000 t,-60.0,I,stock_variation
130,Malawi,2511,Wheat and products,5074,Stock Variation,2010,1000 t,0.0,I,stock_variation
130,Malawi,2511,Wheat and products,5074,Stock Variation,2011,1000 t,0.0,I,stock_variation
130,Malawi,2511,Wheat and products,5911,Export Quantity,2006,1000 t,2.0,I,exports
130,Malawi,2511,Wheat and products,5911,Export Quantity,2007,1000 t,14.0,I,exports
130,Malawi,2511,Wheat and products,5911,Export Quantity,2008,1000 t,9.0,I,exports
130,Malawi,2511,Wheat and products,5911,Export Quantity,2009,1000 t,4.0,I,exports
130,Malawi,2511,Wheat and products,5911,Export Quantity,2010,1000 t,17.0,I,exports
130,Malawi,2511,Wheat and products,5911,Export Quantity,2011,1000 t,18.0,I,exports
130,Malawi,2511,Wheat and products,5301,Domestic supply quantity,2006,1000 t,89.0,I,domestic_supply
130,Malawi,2511,Wheat and products,5301,Domestic supply quantity,2007,1000 t,91.0,I,domestic_supply
130,Malawi,2511,Wheat and products,5301,Domestic supply quantity,2008,1000 t,106.0,I,domestic_supply
130,Malawi,2511,Wheat and products,5301,Domestic supply quantity,2009,1000 t,94.0,I,domestic_supply
130,Malawi,2511,Wheat and products,5301,Domestic supply quantity,2010,1000 t,171.0,I,domestic_supply
130,Malawi,2511,Wheat and products,5301,Domestic supply quantity,2011,1000 t,149.0,I,domestic_supply
130,Malawi,2511,Wheat and products,5527,Seed,2006,1000 t,0.0,I,seed
130,Malawi,2511,Wheat and products,5527,Seed,2007,1000 t,0.0,I,seed
130,Malawi,2511,Wheat and products,5527,Seed,2008,1000 t,0.0,I,seed
130,Malawi,2511,Wheat and products,5527,Seed,2009,1000 t,0.0,I,seed
130,Malawi,2511,Wheat and products,5527,Seed,2010,1000 t,0.0,I,seed
130,Malawi,2511,Wheat and products,5527,Seed,2011,1000 t,0.0,I,seed
130,Malawi,2511,Wheat and products,5123,Losses,2006,1000 t,1.0,I,losses
130,Malawi,2511,Wheat and products,5123,Losses,2007,1000 t,1.0,I,losses
130,Malawi,2511,Wheat and products,5123,Losses,2008,1000 t,2.0,I,losses
130,Malawi,2511,Wheat and products,5123,Losses,2009,1000 t,1.0,I,losses
130,Malawi,2511,Wheat and products,5123,Losses,2010,1000 t,2.0,I,losses
130,Malawi,2511,Wheat and products,5123,Losses,2011,1000 t,2.0,I,losses
130,Malawi,2511,Wheat and products,5142,Food,2006,1000 t,88.0,I,food
130,Malawi,2511,Wheat and products,5142,Food,2007,1000 t,90.0,I,food
130,Malawi,2511,Wheat and products,5142,Food,2008,1000 t,104.0,I,food
130,Malawi,2511,Wheat and products,5142,Food,2009,1000 t,92.0,I,food
130,Malawi,2511,Wheat and products,5142,Food,2010,1000 t,169.0,I,food
130,Malawi,2511,Wheat and products,5142,Food,2011,1000 t,147.0,I,food
131,Malaysia,2511,Wheat and products,5611,Import Quantity,2006,1000 t,2219.0,I,imports
131,Malaysia,2511,Wheat and products,5611,Import Quantity,2007,1000 t,2268.0,I,imports
131,Malaysia,2511,Wheat and products,5611,Import Quantity,2008,1000 t,1208.0,I,imports
131,Malaysia,2511,Wheat and products,5611,Import Quantity,2009,1000 t,1259.0,I,imports
131,Malaysia,2511,Wheat and products,5611,Import Quantity,2010,1000 t,1449.0,I,imports
131,Malaysia,2511,Wheat and products,5611,Import Quantity,2011,1000 t,1526.0,I,imports
131,Malaysia,2511,Wheat and products,5074,Stock Variation,2006,1000 t,-250.0,I,stock_variation
131,Malaysia,2511,Wheat and products,5074,Stock Variation,2007,1000 t,-290.0,I,stock_variation
131,Malaysia,2511,Wheat and products,5074,Stock Variation,2008,1000 t,650.0,I,stock_variation
131,Malaysia,2511,Wheat and products,5074,Stock Variation,2009,1000 t,590.0,I,stock_variation
131,Malaysia,2511,Wheat and products,5074,Stock Variation,2010,1000 t,370.0,I,stock_variation
131,Malaysia,2511,Wheat and products,5074,Stock Variation,2011,1000 t,360.0,I,stock_variation
131,Malaysia,2511,Wheat and products,5911,Export Quantity,2006,1000 t,211.0,I,exports
131,Malaysia,2511,Wheat and products,5911,Export Quantity,2007,1000 t,227.0,I,exports
131,Malaysia,2511,Wheat and products,5911,Export Quantity,2008,1000 t,236.0,I,exports
131,Malaysia,2511,Wheat and products,5911,Export Quantity,2009,1000 t,242.0,I,exports
131,Malaysia,2511,Wheat and products,5911,Export Quantity,2010,1000 t,260.0,I,exports
131,Malaysia,2511,Wheat and products,5911,Export Quantity,2011,1000 t,302.0,I,exports
131,Malaysia,2511,Wheat and products,5301,Domestic supply quantity,2006,1000 t,1758.0,I,domestic_supply
131,Malaysia,2511,Wheat and products,5301,Domestic supply quantity,2007,1000 t,1751.0,I,domestic_supply
131,Malaysia,2511,Wheat and products,5301,Domestic supply quantity,2008,1000 t,1621.0,I,domestic_supply
131,Malaysia,2511,Wheat and products,5301,Domestic supply quantity,2009,1000 t,1607.0,I,domestic_supply
131,Malaysia,2511,Wheat and products,5301,Domestic supply quantity,2010,1000 t,1559.0,I,domestic_supply
131,Malaysia,2511,Wheat and products,5301,Domestic supply quantity,2011,1000 t,1585.0,I,domestic_supply
131,Malaysia,2511,Wheat and products,5521,Feed,2006,1000 t,220.0,I,feed
131,Malaysia,2511,Wheat and products,5521,Feed,2007,1000 t,180.0,I,feed
131,Malaysia,2511,Wheat and products,5521,Feed,2008,1000 t,80.0,I,feed
131,Malaysia,2511,Wheat and products,5521,Feed,2009,1000 t,70.0,I,feed
131,Malaysia,2511,Wheat and products,5521,Feed,2010,1000 t,30.0,I,feed
131,Malaysia,2511,Wheat and products,5521,Feed,2011,1000 t,30.0,I,feed
131,Malaysia,2511,Wheat and products,5142,Food,2006,1000 t,1484.0,I,food
131,Malaysia,2511,Wheat and products,5142,Food,2007,1000 t,1516.0,I,food
131,Malaysia,2511,Wheat and products,5142,Food,2008,1000 t,1488.0,I,food
131,Malaysia,2511,Wheat and products,5142,Food,2009,1000 t,1487.0,I,food
131,Malaysia,2511,Wheat and products,5142,Food,2010,1000 t,1477.0,I,food
131,Malaysia,2511,Wheat and products,5142,Food,2011,1000 t,1506.0,I,food
132,Maldives,2511,Wheat and products,5611,Import Quantity,2006,1000 t,29.0,I,imports
132,Maldives,2511,Wheat and products,5611,Import Quantity,2007,1000 t,31.0,I,imports
132,Maldives,2511,Wheat and products,5611,Import Quantity,2008,1000 t,33.0,I,imports
132,Maldives,2511,Wheat and products,5611,Import Quantity,2009,1000 t,29.0,I,imports
132,Maldives,2511,Wheat and products,5611,Import Quantity,2010,1000 t,32.0,I,imports
132,Maldives,2511,Wheat and products,5611,Import Quantity,2011,1000 t,35.0,I,imports
132,Maldives,2511,Wheat and products,5074,Stock Variation,2006,1000 t,-1.0,I,stock_variation
132,Maldives,2511,Wheat and products,5074,Stock Variation,2007,1000 t,-1.0,I,stock_variation
132,Maldives,2511,Wheat and products,5074,Stock Variation,2008,1000 t,-4.0,I,stock_variation
132,Maldives,2511,Wheat and products,5074,Stock Variation,2009,1000 t,0.0,I,stock_variation
132,Maldives,2511,Wheat and products,5074,Stock Variation,2010,1000 t,-1.0,I,stock_variation
132,Maldives,2511,Wheat and products,5074,Stock Variation,2011,1000 t,-1.0,I,stock_variation
132,Maldives,2511,Wheat and products,5911,Export Quantity,2006,1000 t,0.0,I,exports
132,Maldives,2511,Wheat and products,5911,Export Quantity,2007,1000 t,0.0,I,exports
132,Maldives,2511,Wheat and products,5911,Export Quantity,2008,1000 t,0.0,I,exports
132,Maldives,2511,Wheat and products,5911,Export Quantity,2009,1000 t,0.0,I,exports
132,Maldives,2511,Wheat and products,5911,Export Quantity,2010,1000 t,0.0,I,exports
132,Maldives,2511,Wheat and products,5911,Export Quantity,2011,1000 t,0.0,I,exports
132,Maldives,2511,Wheat and products,5301,Domestic supply quantity,2006,1000 t,27.0,I,domestic_supply
132,Maldives,2511,Wheat and products,5301,Domestic supply quantity,2007,1000 t,30.0,I,domestic_supply
132,Maldives,2511,Wheat and products,5301,Domestic supply quantity,2008,1000 t,29.0,I,domestic_supply
132,Maldives,2511,Wheat and products,5301,Domestic supply quantity,2009,1000 t,29.0,I,domestic_supply
132,Maldives,2511,Wheat and products,5301,Domestic supply quantity,2010,1000 t,31.0,I,domestic_supply
132,Maldives,2511,Wheat and products,5301,Domestic supply quantity,2011,1000 t,33.0,I,domestic_supply
132,Maldives,2511,Wheat and products,5123,Losses,2006,1000 t,0.0,I,losses
132,Maldives,2511,Wheat and products,5123,Losses,2007,1000 t,0.0,I,losses
132,Maldives,2511,Wheat and products,5123,Losses,2008,1000 t,0.0,I,losses
132,Maldives,2511,Wheat and products,5123,Losses,2009,1000 t,0.0,I,losses
132,Maldives,2511,Wheat and products,5123,Losses,2010,1000 t,0.0,I,losses
132,Maldives,2511,Wheat and products,5123,Losses,2011,1000 t,0.0,I,losses
132,Maldives,2511,Wheat and products,5142,Food,2006,1000 t,21.0,I,food
132,Maldives,2511,Wheat and products,5142,Food,2007,1000 t,21.0,I,food
132,Maldives,2511,Wheat and products,5142,Food,2008,1000 t,23.0,I,food
132,Maldives,2511,Wheat and products,5142,Food,2009,1000 t,23.0,I,food
132,Maldives,2511,Wheat and products,5142,Food,2010,1000 t,24.0,I,food
132,Maldives,2511,Wheat and products,5142,Food,2011,1000 t,26.0,I,food
133,Mali,2511,Wheat and products,5511,Production,2006,1000 t,9.0,I,production
133,Mali,2511,Wheat and products,5511,Production,2007,1000 t,9.0,I,production
133,Mali,2511,Wheat and products,5511,Production,2008,1000 t,13.0,I,production
133,Mali,2511,Wheat and products,5511,Production,2009,1000 t,15.0,I,production
133,Mali,2511,Wheat and products,5511,Production,2010,1000 t,24.0,I,production
133,Mali,2511,Wheat and products,5511,Production,2011,1000 t,34.0,I,production
133,Mali,2511,Wheat and products,5611,Import Quantity,2006,1000 t,224.0,I,imports
133,Mali,2511,Wheat and products,5611,Import Quantity,2007,1000 t,117.0,I,imports
133,Mali,2511,Wheat and products,5611,Import Quantity,2008,1000 t,82.0,I,imports
133,Mali,2511,Wheat and products,5611,Import Quantity,2009,1000 t,158.0,I,imports
133,Mali,2511,Wheat and products,5611,Import Quantity,2010,1000 t,182.0,I,imports
133,Mali,2511,Wheat and products,5611,Import Quantity,2011,1000 t,155.0,I,imports
133,Mali,2511,Wheat and products,5074,Stock Variation,2006,1000 t,-100.0,I,stock_variation
133,Mali,2511,Wheat and products,5074,Stock Variation,2007,1000 t,0.0,I,stock_variation
133,Mali,2511,Wheat and products,5074,Stock Variation,2008,1000 t,27.0,I,stock_variation
133,Mali,2511,Wheat and products,5074,Stock Variation,2009,1000 t,-15.0,I,stock_variation
133,Mali,2511,Wheat and products,5074,Stock Variation,2010,1000 t,-40.0,I,stock_variation
133,Mali,2511,Wheat and products,5074,Stock Variation,2011,1000 t,-21.0,I,stock_variation
133,Mali,2511,Wheat and products,5911,Export Quantity,2006,1000 t,0.0,I,exports
133,Mali,2511,Wheat and products,5911,Export Quantity,2007,1000 t,3.0,I,exports
133,Mali,2511,Wheat and products,5911,Export Quantity,2008,1000 t,3.0,I,exports
133,Mali,2511,Wheat and products,5911,Export Quantity,2009,1000 t,0.0,I,exports
133,Mali,2511,Wheat and products,5911,Export Quantity,2010,1000 t,0.0,I,exports
133,Mali,2511,Wheat and products,5911,Export Quantity,2011,1000 t,0.0,I,exports
133,Mali,2511,Wheat and products,5301,Domestic supply quantity,2006,1000 t,132.0,I,domestic_supply
133,Mali,2511,Wheat and products,5301,Domestic supply quantity,2007,1000 t,123.0,I,domestic_supply
133,Mali,2511,Wheat and products,5301,Domestic supply quantity,2008,1000 t,119.0,I,domestic_supply
133,Mali,2511,Wheat and products,5301,Domestic supply quantity,2009,1000 t,159.0,I,domestic_supply
133,Mali,2511,Wheat and products,5301,Domestic supply quantity,2010,1000 t,166.0,I,domestic_supply
133,Mali,2511,Wheat and products,5301,Domestic supply quantity,2011,1000 t,169.0,I,domestic_supply
133,Mali,2511,Wheat and products,5527,Seed,2006,1000 t,0.0,I,seed
133,Mali,2511,Wheat and products,5527,Seed,2007,1000 t,0.0,I,seed
133,Mali,2511,Wheat and products,5527,Seed,2008,1000 t,0.0,I,seed
133,Mali,2511,Wheat and products,5527,Seed,2009,1000 t,1.0,I,seed
133,Mali,2511,Wheat and products,5527,Seed,2010,1000 t,1.0,I,seed
133,Mali,2511,Wheat and products,5527,Seed,2011,1000 t,1.0,I,seed
133,Mali,2511,Wheat and products,5123,Losses,2006,1000 t,4.0,I,losses
133,Mali,2511,Wheat and products,5123,Losses,2007,1000 t,2.0,I,losses
133,Mali,2511,Wheat and products,5123,Losses,2008,1000 t,2.0,I,losses
133,Mali,2511,Wheat and products,5123,Losses,2009,1000 t,3.0,I,losses
133,Mali,2511,Wheat and products,5123,Losses,2010,1000 t,4.0,I,losses
133,Mali,2511,Wheat and products,5123,Losses,2011,1000 t,3.0,I,losses
133,Mali,2511,Wheat and products,5142,Food,2006,1000 t,128.0,I,food
133,Mali,2511,Wheat and products,5142,Food,2007,1000 t,121.0,I,food
133,Mali,2511,Wheat and products,5142,Food,2008,1000 t,117.0,I,food
133,Mali,2511,Wheat and products,5142,Food,2009,1000 t,155.0,I,food
133,Mali,2511,Wheat and products,5142,Food,2010,1000 t,162.0,I,food
133,Mali,2511,Wheat and products,5142,Food,2011,1000 t,165.0,I,food
134,Malta,2511,Wheat and products,5511,Production,2006,1000 t,11.0,I,production
134,Malta,2511,Wheat and products,5511,Production,2007,1000 t,12.0,I,production
134,Malta,2511,Wheat and products,5511,Production,2008,1000 t,15.0,I,production
134,Malta,2511,Wheat and products,5511,Production,2009,1000 t,14.0,I,production
134,Malta,2511,Wheat and products,5511,Production,2010,1000 t,16.0,I,production
134,Malta,2511,Wheat and products,5511,Production,2011,1000 t,14.0,I,production
134,Malta,2511,Wheat and products,5611,Import Quantity,2006,1000 t,32.0,I,imports
134,Malta,2511,Wheat and products,5611,Import Quantity,2007,1000 t,64.0,I,imports
134,Malta,2511,Wheat and products,5611,Import Quantity,2008,1000 t,52.0,I,imports
134,Malta,2511,Wheat and products,5611,Import Quantity,2009,1000 t,51.0,I,imports
134,Malta,2511,Wheat and products,5611,Import Quantity,2010,1000 t,45.0,I,imports
134,Malta,2511,Wheat and products,5611,Import Quantity,2011,1000 t,62.0,I,imports
134,Malta,2511,Wheat and products,5074,Stock Variation,2006,1000 t,22.0,I,stock_variation
134,Malta,2511,Wheat and products,5074,Stock Variation,2007,1000 t,-9.0,I,stock_variation
134,Malta,2511,Wheat and products,5074,Stock Variation,2008,1000 t,13.0,I,stock_variation
134,Malta,2511,Wheat and products,5074,Stock Variation,2009,1000 t,0.0,I,stock_variation
134,Malta,2511,Wheat and products,5074,Stock Variation,2010,1000 t,8.0,I,stock_variation
134,Malta,2511,Wheat and products,5074,Stock Variation,2011,1000 t,-4.0,I,stock_variation
134,Malta,2511,Wheat and products,5911,Export Quantity,2006,1000 t,2.0,I,exports
134,Malta,2511,Wheat and products,5911,Export Quantity,2007,1000 t,2.0,I,exports
134,Malta,2511,Wheat and products,5911,Export Quantity,2008,1000 t,18.0,I,exports
134,Malta,2511,Wheat and products,5911,Export Quantity,2009,1000 t,3.0,I,exports
134,Malta,2511,Wheat and products,5911,Export Quantity,2010,1000 t,2.0,I,exports
134,Malta,2511,Wheat and products,5911,Export Quantity,2011,1000 t,3.0,I,exports
134,Malta,2511,Wheat and products,5301,Domestic supply quantity,2006,1000 t,62.0,I,domestic_supply
134,Malta,2511,Wheat and products,5301,Domestic supply quantity,2007,1000 t,65.0,I,domestic_supply
134,Malta,2511,Wheat and products,5301,Domestic supply quantity,2008,1000 t,62.0,I,domestic_supply
134,Malta,2511,Wheat and products,5301,Domestic supply quantity,2009,1000 t,62.0,I,domestic_supply
134,Malta,2511,Wheat and products,5301,Domestic supply quantity,2010,1000 t,66.0,I,domestic_supply
134,Malta,2511,Wheat and products,5301,Domestic supply quantity,2011,1000 t,69.0,I,domestic_supply
134,Malta,2511,Wheat and products,5527,Seed,2006,1000 t,0.0,I,seed
134,Malta,2511,Wheat and products,5527,Seed,2007,1000 t,0.0,I,seed
134,Malta,2511,Wheat and products,5527,Seed,2008,1000 t,0.0,I,seed
134,Malta,2511,Wheat and products,5527,Seed,2009,1000 t,0.0,I,seed
134,Malta,2511,Wheat and products,5527,Seed,2010,1000 t,0.0,I,seed
134,Malta,2511,Wheat and products,5527,Seed,2011,1000 t,0.0,I,seed
134,Malta,2511,Wheat and products,5123,Losses,2006,1000 t,2.0,I,losses
134,Malta,2511,Wheat and products,5123,Losses,2007,1000 t,3.0,I,losses
134,Malta,2511,Wheat and products,5123,Losses,2008,1000 t,2.0,I,losses
134,Malta,2511,Wheat and products,5123,Losses,2009,1000 t,2.0,I,losses
134,Malta,2511,Wheat and products,5123,Losses,2010,1000 t,2.0,I,losses
134,Malta,2511,Wheat and products,5123,Losses,2011,1000 t,2.0,I,losses
134,Malta,2511,Wheat and products,5142,Food,2006,1000 t,59.0,I,food
134,Malta,2511,Wheat and products,5142,Food,2007,1000 t,62.0,I,food
134,Malta,2511,Wheat and products,5142,Food,2008,1000 t,57.0,I,food
134,Malta,2511,Wheat and products,5142,Food,2009,1000 t,57.0,I,food
134,Malta,2511,Wheat and products,5142,Food,2010,1000 t,61.0,I,food
134,Malta,2511,Wheat and products,5142,Food,2011,1000 t,62.0,I,food
136,Mauritania,2511,Wheat and products,5511,Production,2006,1000 t,1.0,I,production
136,Mauritania,2511,Wheat and products,5511,Production,2007,1000 t,2.0,I,production
136,Mauritania,2511,Wheat and products,5511,Production,2008,1000 t,4.0,I,production
136,Mauritania,2511,Wheat and products,5511,Production,2009,1000 t,3.0,I,production
136,Mauritania,2511,Wheat and products,5511,Production,2010,1000 t,2.0,I,production
136,Mauritania,2511,Wheat and products,5511,Production,2011,1000 t,3.0,I,production
136,Mauritania,2511,Wheat and products,5611,Import Quantity,2006,1000 t,275.0,I,imports
136,Mauritania,2511,Wheat and products,5611,Import Quantity,2007,1000 t,315.0,I,imports
136,Mauritania,2511,Wheat and products,5611,Import Quantity,2008,1000 t,320.0,I,imports
136,Mauritania,2511,Wheat and products,5611,Import Quantity,2009,1000 t,429.0,I,imports
136,Mauritania,2511,Wheat and products,5611,Import Quantity,2010,1000 t,351.0,I,imports
136,Mauritania,2511,Wheat and products,5611,Import Quantity,2011,1000 t,325.0,I,imports
136,Mauritania,2511,Wheat and products,5074,Stock Variation,2006,1000 t,39.0,I,stock_variation
136,Mauritania,2511,Wheat and products,5074,Stock Variation,2007,1000 t,53.0,I,stock_variation
136,Mauritania,2511,Wheat and products,5074,Stock Variation,2008,1000 t,51.0,I,stock_variation
136,Mauritania,2511,Wheat and products,5074,Stock Variation,2009,1000 t,-54.0,I,stock_variation
136,Mauritania,2511,Wheat and products,5074,Stock Variation,2010,1000 t,20.0,I,stock_variation
136,Mauritania,2511,Wheat and products,5074,Stock Variation,2011,1000 t,55.0,I,stock_variation
136,Mauritania,2511,Wheat and products,5911,Export Quantity,2006,1000 t,0.0,I,exports
136,Mauritania,2511,Wheat and products,5911,Export Quantity,2007,1000 t,0.0,I,exports
136,Mauritania,2511,Wheat and products,5911,Export Quantity,2008,1000 t,0.0,I,exports
136,Mauritania,2511,Wheat and products,5911,Export Quantity,2009,1000 t,0.0,I,exports
136,Mauritania,2511,Wheat and products,5911,Export Quantity,2010,1000 t,0.0,I,exports
136,Mauritania,2511,Wheat and products,5911,Export Quantity,2011,1000 t,0.0,I,exports
136,Mauritania,2511,Wheat and products,5301,Domestic supply quantity,2006,1000 t,316.0,I,domestic_supply
136,Mauritania,2511,Wheat and products,5301,Domestic supply quantity,2007,1000 t,370.0,I,domestic_supply
136,Mauritania,2511,Wheat and products,5301,Domestic supply quantity,2008,1000 t,376.0,I,domestic_supply
136,Mauritania,2511,Wheat and products,5301,Domestic supply quantity,2009,1000 t,379.0,I,domestic_supply
136,Mauritania,2511,Wheat and products,5301,Domestic supply quantity,2010,1000 t,374.0,I,domestic_supply
136,Mauritania,2511,Wheat and products,5301,Domestic supply quantity,2011,1000 t,383.0,I,domestic_supply
136,Mauritania,2511,Wheat and products,5527,Seed,2006,1000 t,0.0,I,seed
136,Mauritania,2511,Wheat and products,5527,Seed,2007,1000 t,0.0,I,seed
136,Mauritania,2511,Wheat and products,5527,Seed,2008,1000 t,0.0,I,seed
136,Mauritania,2511,Wheat and products,5527,Seed,2009,1000 t,0.0,I,seed
136,Mauritania,2511,Wheat and products,5527,Seed,2010,1000 t,0.0,I,seed
136,Mauritania,2511,Wheat and products,5527,Seed,2011,1000 t,0.0,I,seed
136,Mauritania,2511,Wheat and products,5123,Losses,2006,1000 t,15.0,I,losses
136,Mauritania,2511,Wheat and products,5123,Losses,2007,1000 t,17.0,I,losses
136,Mauritania,2511,Wheat and products,5123,Losses,2008,1000 t,18.0,I,losses
136,Mauritania,2511,Wheat and products,5123,Losses,2009,1000 t,20.0,I,losses
136,Mauritania,2511,Wheat and products,5123,Losses,2010,1000 t,17.0,I,losses
136,Mauritania,2511,Wheat and products,5123,Losses,2011,1000 t,18.0,I,losses
136,Mauritania,2511,Wheat and products,5142,Food,2006,1000 t,301.0,I,food
136,Mauritania,2511,Wheat and products,5142,Food,2007,1000 t,353.0,I,food
136,Mauritania,2511,Wheat and products,5142,Food,2008,1000 t,358.0,I,food
136,Mauritania,2511,Wheat and products,5142,Food,2009,1000 t,359.0,I,food
136,Mauritania,2511,Wheat and products,5142,Food,2010,1000 t,356.0,I,food
136,Mauritania,2511,Wheat and products,5142,Food,2011,1000 t,365.0,I,food
137,Mauritius,2511,Wheat and products,5611,Import Quantity,2006,1000 t,148.0,I,imports
137,Mauritius,2511,Wheat and products,5611,Import Quantity,2007,1000 t,167.0,I,imports
137,Mauritius,2511,Wheat and products,5611,Import Quantity,2008,1000 t,132.0,I,imports
137,Mauritius,2511,Wheat and products,5611,Import Quantity,2009,1000 t,178.0,I,imports
137,Mauritius,2511,Wheat and products,5611,Import Quantity,2010,1000 t,173.0,I,imports
137,Mauritius,2511,Wheat and products,5611,Import Quantity,2011,1000 t,149.0,I,imports
137,Mauritius,2511,Wheat and products,5074,Stock Variation,2006,1000 t,4.0,I,stock_variation
137,Mauritius,2511,Wheat and products,5074,Stock Variation,2007,1000 t,-14.0,I,stock_variation
137,Mauritius,2511,Wheat and products,5074,Stock Variation,2008,1000 t,14.0,I,stock_variation
137,Mauritius,2511,Wheat and products,5074,Stock Variation,2009,1000 t,-13.0,I,stock_variation
137,Mauritius,2511,Wheat and products,5074,Stock Variation,2010,1000 t,8.0,I,stock_variation
137,Mauritius,2511,Wheat and products,5074,Stock Variation,2011,1000 t,18.0,I,stock_variation
137,Mauritius,2511,Wheat and products,5911,Export Quantity,2006,1000 t,23.0,I,exports
137,Mauritius,2511,Wheat and products,5911,Export Quantity,2007,1000 t,18.0,I,exports
137,Mauritius,2511,Wheat and products,5911,Export Quantity,2008,1000 t,12.0,I,exports
137,Mauritius,2511,Wheat and products,5911,Export Quantity,2009,1000 t,33.0,I,exports
137,Mauritius,2511,Wheat and products,5911,Export Quantity,2010,1000 t,38.0,I,exports
137,Mauritius,2511,Wheat and products,5911,Export Quantity,2011,1000 t,27.0,I,exports
137,Mauritius,2511,Wheat and products,5301,Domestic supply quantity,2006,1000 t,129.0,I,domestic_supply
137,Mauritius,2511,Wheat and products,5301,Domestic supply quantity,2007,1000 t,135.0,I,domestic_supply
137,Mauritius,2511,Wheat and products,5301,Domestic supply quantity,2008,1000 t,133.0,I,domestic_supply
137,Mauritius,2511,Wheat and products,5301,Domestic supply quantity,2009,1000 t,132.0,I,domestic_supply
137,Mauritius,2511,Wheat and products,5301,Domestic supply quantity,2010,1000 t,143.0,I,domestic_supply
137,Mauritius,2511,Wheat and products,5301,Domestic supply quantity,2011,1000 t,140.0,I,domestic_supply
137,Mauritius,2511,Wheat and products,5123,Losses,2006,1000 t,1.0,I,losses
137,Mauritius,2511,Wheat and products,5123,Losses,2007,1000 t,1.0,I,losses
137,Mauritius,2511,Wheat and products,5123,Losses,2008,1000 t,1.0,I,losses
137,Mauritius,2511,Wheat and products,5123,Losses,2009,1000 t,1.0,I,losses
137,Mauritius,2511,Wheat and products,5123,Losses,2010,1000 t,1.0,I,losses
137,Mauritius,2511,Wheat and products,5123,Losses,2011,1000 t,1.0,I,losses
137,Mauritius,2511,Wheat and products,5142,Food,2006,1000 t,128.0,I,food
137,Mauritius,2511,Wheat and products,5142,Food,2007,1000 t,133.0,I,food
137,Mauritius,2511,Wheat and products,5142,Food,2008,1000 t,132.0,I,food
137,Mauritius,2511,Wheat and products,5142,Food,2009,1000 t,131.0,I,food
137,Mauritius,2511,Wheat and products,5142,Food,2010,1000 t,141.0,I,food
137,Mauritius,2511,Wheat and products,5142,Food,2011,1000 t,138.0,I,food
138,Mexico,2511,Wheat and products,5511,Production,2006,1000 t,3378.0,I,production
138,Mexico,2511,Wheat and products,5511,Production,2007,1000 t,3515.0,I,production
138,Mexico,2511,Wheat and products,5511,Production,2008,1000 t,4019.0,I,production
138,Mexico,2511,Wheat and products,5511,Production,2009,1000 t,4116.0,I,production
138,Mexico,2511,Wheat and products,5511,Production,2010,1000 t,3677.0,I,production
138,Mexico,2511,Wheat and products,5511,Production,2011,1000 t,3628.0,I,production
138,Mexico,2511,Wheat and products,5611,Import Quantity,2006,1000 t,3647.0,I,imports
138,Mexico,2511,Wheat and products,5611,Import Quantity,2007,1000 t,3470.0,I,imports
138,Mexico,2511,Wheat and products,5611,Import Quantity,2008,1000 t,3419.0,I,imports
138,Mexico,2511,Wheat and products,5611,Import Quantity,2009,1000 t,2955.0,I,imports
138,Mexico,2511,Wheat and products,5611,Import Quantity,2010,1000 t,3710.0,I,imports
138,Mexico,2511,Wheat and products,5611,Import Quantity,2011,1000 t,4297.0,I,imports
138,Mexico,2511,Wheat and products,5074,Stock Variation,2006,1000 t,0.0,I,stock_variation
138,Mexico,2511,Wheat and products,5074,Stock Variation,2007,1000 t,0.0,I,stock_variation
138,Mexico,2511,Wheat and products,5074,Stock Variation,2008,1000 t,0.0,I,stock_variation
138,Mexico,2511,Wheat and products,5074,Stock Variation,2009,1000 t,0.0,I,stock_variation
138,Mexico,2511,Wheat and products,5074,Stock Variation,2010,1000 t,0.0,I,stock_variation
138,Mexico,2511,Wheat and products,5074,Stock Variation,2011,1000 t,0.0,I,stock_variation
138,Mexico,2511,Wheat and products,5911,Export Quantity,2006,1000 t,926.0,I,exports
138,Mexico,2511,Wheat and products,5911,Export Quantity,2007,1000 t,1041.0,I,exports
138,Mexico,2511,Wheat and products,5911,Export Quantity,2008,1000 t,1970.0,I,exports
138,Mexico,2511,Wheat and products,5911,Export Quantity,2009,1000 t,1702.0,I,exports
138,Mexico,2511,Wheat and products,5911,Export Quantity,2010,1000 t,1058.0,I,exports
138,Mexico,2511,Wheat and products,5911,Export Quantity,2011,1000 t,1535.0,I,exports
138,Mexico,2511,Wheat and products,5301,Domestic supply quantity,2006,1000 t,6100.0,I,domestic_supply
138,Mexico,2511,Wheat and products,5301,Domestic supply quantity,2007,1000 t,5944.0,I,domestic_supply
138,Mexico,2511,Wheat and products,5301,Domestic supply quantity,2008,1000 t,5469.0,I,domestic_supply
138,Mexico,2511,Wheat and products,5301,Domestic supply quantity,2009,1000 t,5369.0,I,domestic_supply
138,Mexico,2511,Wheat and products,5301,Domestic supply quantity,2010,1000 t,6329.0,I,domestic_supply
138,Mexico,2511,Wheat and products,5301,Domestic supply quantity,2011,1000 t,6390.0,I,domestic_supply
138,Mexico,2511,Wheat and products,5521,Feed,2006,1000 t,76.0,I,feed
138,Mexico,2511,Wheat and products,5521,Feed,2007,1000 t,75.0,I,feed
138,Mexico,2511,Wheat and products,5521,Feed,2008,1000 t,80.0,I,feed
138,Mexico,2511,Wheat and products,5521,Feed,2009,1000 t,80.0,I,feed
138,Mexico,2511,Wheat and products,5521,Feed,2010,1000 t,83.0,I,feed
138,Mexico,2511,Wheat and products,5521,Feed,2011,1000 t,89.0,I,feed
138,Mexico,2511,Wheat and products,5527,Seed,2006,1000 t,96.0,I,seed
138,Mexico,2511,Wheat and products,5527,Seed,2007,1000 t,98.0,I,seed
138,Mexico,2511,Wheat and products,5527,Seed,2008,1000 t,114.0,I,seed
138,Mexico,2511,Wheat and products,5527,Seed,2009,1000 t,74.0,I,seed
138,Mexico,2511,Wheat and products,5527,Seed,2010,1000 t,75.0,I,seed
138,Mexico,2511,Wheat and products,5527,Seed,2011,1000 t,62.0,I,seed
138,Mexico,2511,Wheat and products,5123,Losses,2006,1000 t,763.0,I,losses
138,Mexico,2511,Wheat and products,5123,Losses,2007,1000 t,509.0,I,losses
138,Mexico,2511,Wheat and products,5123,Losses,2008,1000 t,143.0,I,losses
138,Mexico,2511,Wheat and products,5123,Losses,2009,1000 t,179.0,I,losses
138,Mexico,2511,Wheat and products,5123,Losses,2010,1000 t,398.0,I,losses
138,Mexico,2511,Wheat and products,5123,Losses,2011,1000 t,229.0,I,losses
138,Mexico,2511,Wheat and products,5142,Food,2006,1000 t,3811.0,I,food
138,Mexico,2511,Wheat and products,5142,Food,2007,1000 t,3923.0,I,food
138,Mexico,2511,Wheat and products,5142,Food,2008,1000 t,3813.0,I,food
138,Mexico,2511,Wheat and products,5142,Food,2009,1000 t,3886.0,I,food
138,Mexico,2511,Wheat and products,5142,Food,2010,1000 t,4008.0,I,food
138,Mexico,2511,Wheat and products,5142,Food,2011,1000 t,4123.0,I,food
141,Mongolia,2511,Wheat and products,5511,Production,2006,1000 t,128.0,I,production
141,Mongolia,2511,Wheat and products,5511,Production,2007,1000 t,110.0,I,production
141,Mongolia,2511,Wheat and products,5511,Production,2008,1000 t,210.0,I,production
141,Mongolia,2511,Wheat and products,5511,Production,2009,1000 t,388.0,I,production
141,Mongolia,2511,Wheat and products,5511,Production,2010,1000 t,345.0,I,production
141,Mongolia,2511,Wheat and products,5511,Production,2011,1000 t,436.0,I,production
141,Mongolia,2511,Wheat and products,5611,Import Quantity,2006,1000 t,255.0,I,imports
141,Mongolia,2511,Wheat and products,5611,Import Quantity,2007,1000 t,237.0,I,imports
141,Mongolia,2511,Wheat and products,5611,Import Quantity,2008,1000 t,318.0,I,imports
141,Mongolia,2511,Wheat and products,5611,Import Quantity,2009,1000 t,278.0,I,imports
141,Mongolia,2511,Wheat and products,5611,Import Quantity,2010,1000 t,140.0,I,imports
141,Mongolia,2511,Wheat and products,5611,Import Quantity,2011,1000 t,118.0,I,imports
141,Mongolia,2511,Wheat and products,5074,Stock Variation,2006,1000 t,-3.0,I,stock_variation
141,Mongolia,2511,Wheat and products,5074,Stock Variation,2007,1000 t,31.0,I,stock_variation
141,Mongolia,2511,Wheat and products,5074,Stock Variation,2008,1000 t,0.0,I,stock_variation
141,Mongolia,2511,Wheat and products,5074,Stock Variation,2009,1000 t,0.0,I,stock_variation
141,Mongolia,2511,Wheat and products,5074,Stock Variation,2010,1000 t,0.0,I,stock_variation
141,Mongolia,2511,Wheat and products,5074,Stock Variation,2011,1000 t,0.0,I,stock_variation
141,Mongolia,2511,Wheat and products,5911,Export Quantity,2006,1000 t,0.0,I,exports
141,Mongolia,2511,Wheat and products,5911,Export Quantity,2007,1000 t,0.0,I,exports
141,Mongolia,2511,Wheat and products,5911,Export Quantity,2008,1000 t,0.0,I,exports
141,Mongolia,2511,Wheat and products,5911,Export Quantity,2009,1000 t,0.0,I,exports
141,Mongolia,2511,Wheat and products,5911,Export Quantity,2010,1000 t,0.0,I,exports
141,Mongolia,2511,Wheat and products,5911,Export Quantity,2011,1000 t,0.0,I,exports
141,Mongolia,2511,Wheat and products,5301,Domestic supply quantity,2006,1000 t,380.0,I,domestic_supply
141,Mongolia,2511,Wheat and products,5301,Domestic supply quantity,2007,1000 t,377.0,I,domestic_supply
141,Mongolia,2511,Wheat and products,5301,Domestic supply quantity,2008,1000 t,527.0,I,domestic_supply
141,Mongolia,2511,Wheat and products,5301,Domestic supply quantity,2009,1000 t,666.0,I,domestic_supply
141,Mongolia,2511,Wheat and products,5301,Domestic supply quantity,2010,1000 t,485.0,I,domestic_supply
141,Mongolia,2511,Wheat and products,5301,Domestic supply quantity,2011,1000 t,554.0,I,domestic_supply
141,Mongolia,2511,Wheat and products,5521,Feed,2006,1000 t,10.0,I,feed
141,Mongolia,2511,Wheat and products,5521,Feed,2007,1000 t,16.0,I,feed
141,Mongolia,2511,Wheat and products,5521,Feed,2008,1000 t,88.0,I,feed
141,Mongolia,2511,Wheat and products,5521,Feed,2009,1000 t,210.0,I,feed
141,Mongolia,2511,Wheat and products,5521,Feed,2010,1000 t,86.0,I,feed
141,Mongolia,2511,Wheat and products,5521,Feed,2011,1000 t,127.0,I,feed
141,Mongolia,2511,Wheat and products,5527,Seed,2006,1000 t,26.0,I,seed
141,Mongolia,2511,Wheat and products,5527,Seed,2007,1000 t,19.0,I,seed
141,Mongolia,2511,Wheat and products,5527,Seed,2008,1000 t,22.0,I,seed
141,Mongolia,2511,Wheat and products,5527,Seed,2009,1000 t,22.0,I,seed
141,Mongolia,2511,Wheat and products,5527,Seed,2010,1000 t,24.0,I,seed
141,Mongolia,2511,Wheat and products,5527,Seed,2011,1000 t,25.0,I,seed
141,Mongolia,2511,Wheat and products,5123,Losses,2006,1000 t,3.0,I,losses
141,Mongolia,2511,Wheat and products,5123,Losses,2007,1000 t,1.0,I,losses
141,Mongolia,2511,Wheat and products,5123,Losses,2008,1000 t,13.0,I,losses
141,Mongolia,2511,Wheat and products,5123,Losses,2009,1000 t,15.0,I,losses
141,Mongolia,2511,Wheat and products,5123,Losses,2010,1000 t,12.0,I,losses
141,Mongolia,2511,Wheat and products,5123,Losses,2011,1000 t,13.0,I,losses
141,Mongolia,2511,Wheat and products,5142,Food,2006,1000 t,324.0,I,food
141,Mongolia,2511,Wheat and products,5142,Food,2007,1000 t,323.0,I,food
141,Mongolia,2511,Wheat and products,5142,Food,2008,1000 t,330.0,I,food
141,Mongolia,2511,Wheat and products,5142,Food,2009,1000 t,333.0,I,food
141,Mongolia,2511,Wheat and products,5142,Food,2010,1000 t,341.0,I,food
141,Mongolia,2511,Wheat and products,5142,Food,2011,1000 t,352.0,I,food
273,Montenegro,2511,Wheat and products,5511,Production,2006,1000 t,2.0,I,production
273,Montenegro,2511,Wheat and products,5511,Production,2007,1000 t,2.0,I,production
273,Montenegro,2511,Wheat and products,5511,Production,2008,1000 t,3.0,I,production
273,Montenegro,2511,Wheat and products,5511,Production,2009,1000 t,3.0,I,production
273,Montenegro,2511,Wheat and products,5511,Production,2010,1000 t,2.0,I,production
273,Montenegro,2511,Wheat and products,5511,Production,2011,1000 t,2.0,I,production
273,Montenegro,2511,Wheat and products,5611,Import Quantity,2006,1000 t,108.0,I,imports
273,Montenegro,2511,Wheat and products,5611,Import Quantity,2007,1000 t,98.0,I,imports
273,Montenegro,2511,Wheat and products,5611,Import Quantity,2008,1000 t,106.0,I,imports
273,Montenegro,2511,Wheat and products,5611,Import Quantity,2009,1000 t,130.0,I,imports
273,Montenegro,2511,Wheat and products,5611,Import Quantity,2010,1000 t,105.0,I,imports
273,Montenegro,2511,Wheat and products,5611,Import Quantity,2011,1000 t,117.0,I,imports
273,Montenegro,2511,Wheat and products,5074,Stock Variation,2006,1000 t,-2.0,I,stock_variation
273,Montenegro,2511,Wheat and products,5074,Stock Variation,2007,1000 t,2.0,I,stock_variation
273,Montenegro,2511,Wheat and products,5074,Stock Variation,2008,1000 t,0.0,I,stock_variation
273,Montenegro,2511,Wheat and products,5074,Stock Variation,2009,1000 t,-15.0,I,stock_variation
273,Montenegro,2511,Wheat and products,5074,Stock Variation,2010,1000 t,15.0,I,stock_variation
273,Montenegro,2511,Wheat and products,5074,Stock Variation,2011,1000 t,0.0,I,stock_variation
273,Montenegro,2511,Wheat and products,5911,Export Quantity,2006,1000 t,3.0,I,exports
273,Montenegro,2511,Wheat and products,5911,Export Quantity,2007,1000 t,1.0,I,exports
273,Montenegro,2511,Wheat and products,5911,Export Quantity,2008,1000 t,3.0,I,exports
273,Montenegro,2511,Wheat and products,5911,Export Quantity,2009,1000 t,13.0,I,exports
273,Montenegro,2511,Wheat and products,5911,Export Quantity,2010,1000 t,6.0,I,exports
273,Montenegro,2511,Wheat and products,5911,Export Quantity,2011,1000 t,5.0,I,exports
273,Montenegro,2511,Wheat and products,5301,Domestic supply quantity,2006,1000 t,105.0,I,domestic_supply
273,Montenegro,2511,Wheat and products,5301,Domestic supply quantity,2007,1000 t,101.0,I,domestic_supply
273,Montenegro,2511,Wheat and products,5301,Domestic supply quantity,2008,1000 t,106.0,I,domestic_supply
273,Montenegro,2511,Wheat and products,5301,Domestic supply quantity,2009,1000 t,105.0,I,domestic_supply
273,Montenegro,2511,Wheat and products,5301,Domestic supply quantity,2010,1000 t,116.0,I,domestic_supply
273,Montenegro,2511,Wheat and products,5301,Domestic supply quantity,2011,1000 t,114.0,I,domestic_supply
273,Montenegro,2511,Wheat and products,5521,Feed,2006,1000 t,22.0,I,feed
273,Montenegro,2511,Wheat and products,5521,Feed,2007,1000 t,18.0,I,feed
273,Montenegro,2511,Wheat and products,5521,Feed,2008,1000 t,22.0,I,feed
273,Montenegro,2511,Wheat and products,5521,Feed,2009,1000 t,24.0,I,feed
273,Montenegro,2511,Wheat and products,5521,Feed,2010,1000 t,28.0,I,feed
273,Montenegro,2511,Wheat and products,5521,Feed,2011,1000 t,26.0,I,feed
273,Montenegro,2511,Wheat and products,5527,Seed,2006,1000 t,0.0,I,seed
273,Montenegro,2511,Wheat and products,5527,Seed,2007,1000 t,0.0,I,seed
273,Montenegro,2511,Wheat and products,5527,Seed,2008,1000 t,0.0,I,seed
273,Montenegro,2511,Wheat and products,5527,Seed,2009,1000 t,0.0,I,seed
273,Montenegro,2511,Wheat and products,5527,Seed,2010,1000 t,0.0,I,seed
273,Montenegro,2511,Wheat and products,5527,Seed,2011,1000 t,0.0,I,seed
273,Montenegro,2511,Wheat and products,5123,Losses,2006,1000 t,2.0,I,losses
273,Montenegro,2511,Wheat and products,5123,Losses,2007,1000 t,1.0,I,losses
273,Montenegro,2511,Wheat and products,5123,Losses,2008,1000 t,3.0,I,losses
273,Montenegro,2511,Wheat and products,5123,Losses,2009,1000 t,3.0,I,losses
273,Montenegro,2511,Wheat and products,5123,Losses,2010,1000 t,2.0,I,losses
273,Montenegro,2511,Wheat and products,5123,Losses,2011,1000 t,3.0,I,losses
273,Montenegro,2511,Wheat and products,5142,Food,2006,1000 t,81.0,I,food
273,Montenegro,2511,Wheat and products,5142,Food,2007,1000 t,81.0,I,food
273,Montenegro,2511,Wheat and products,5142,Food,2008,1000 t,80.0,I,food
273,Montenegro,2511,Wheat and products,5142,Food,2009,1000 t,78.0,I,food
273,Montenegro,2511,Wheat and products,5142,Food,2010,1000 t,85.0,I,food
273,Montenegro,2511,Wheat and products,5142,Food,2011,1000 t,84.0,I,food
143,Morocco,2511,Wheat and products,5511,Production,2006,1000 t,6327.0,I,production
143,Morocco,2511,Wheat and products,5511,Production,2007,1000 t,1583.0,I,production
143,Morocco,2511,Wheat and products,5511,Production,2008,1000 t,3769.0,I,production
143,Morocco,2511,Wheat and products,5511,Production,2009,1000 t,6371.0,I,production
143,Morocco,2511,Wheat and products,5511,Production,2010,1000 t,4876.0,I,production
143,Morocco,2511,Wheat and products,5511,Production,2011,1000 t,6018.0,I,production
143,Morocco,2511,Wheat and products,5611,Import Quantity,2006,1000 t,1860.0,I,imports
143,Morocco,2511,Wheat and products,5611,Import Quantity,2007,1000 t,3721.0,I,imports
143,Morocco,2511,Wheat and products,5611,Import Quantity,2008,1000 t,4109.0,I,imports
143,Morocco,2511,Wheat and products,5611,Import Quantity,2009,1000 t,2419.0,I,imports
143,Morocco,2511,Wheat and products,5611,Import Quantity,2010,1000 t,3269.0,I,imports
143,Morocco,2511,Wheat and products,5611,Import Quantity,2011,1000 t,3683.0,I,imports
143,Morocco,2511,Wheat and products,5074,Stock Variation,2006,1000 t,-1200.0,I,stock_variation
143,Morocco,2511,Wheat and products,5074,Stock Variation,2007,1000 t,1500.0,I,stock_variation
143,Morocco,2511,Wheat and products,5074,Stock Variation,2008,1000 t,-500.0,I,stock_variation
143,Morocco,2511,Wheat and products,5074,Stock Variation,2009,1000 t,-800.0,I,stock_variation
143,Morocco,2511,Wheat and products,5074,Stock Variation,2010,1000 t,-200.0,I,stock_variation
143,Morocco,2511,Wheat and products,5074,Stock Variation,2011,1000 t,-1100.0,I,stock_variation
143,Morocco,2511,Wheat and products,5911,Export Quantity,2006,1000 t,105.0,I,exports
143,Morocco,2511,Wheat and products,5911,Export Quantity,2007,1000 t,134.0,I,exports
143,Morocco,2511,Wheat and products,5911,Export Quantity,2008,1000 t,86.0,I,exports
143,Morocco,2511,Wheat and products,5911,Export Quantity,2009,1000 t,87.0,I,exports
143,Morocco,2511,Wheat and products,5911,Export Quantity,2010,1000 t,113.0,I,exports
143,Morocco,2511,Wheat and products,5911,Export Quantity,2011,1000 t,17.0,I,exports
143,Morocco,2511,Wheat and products,5301,Domestic supply quantity,2006,1000 t,6881.0,I,domestic_supply
143,Morocco,2511,Wheat and products,5301,Domestic supply quantity,2007,1000 t,6670.0,I,domestic_supply
143,Morocco,2511,Wheat and products,5301,Domestic supply quantity,2008,1000 t,7293.0,I,domestic_supply
143,Morocco,2511,Wheat and products,5301,Domestic supply quantity,2009,1000 t,7903.0,I,domestic_supply
143,Morocco,2511,Wheat and products,5301,Domestic supply quantity,2010,1000 t,7832.0,I,domestic_supply
143,Morocco,2511,Wheat and products,5301,Domestic supply quantity,2011,1000 t,8584.0,I,domestic_supply
143,Morocco,2511,Wheat and products,5521,Feed,2006,1000 t,600.0,I,feed
143,Morocco,2511,Wheat and products,5521,Feed,2007,1000 t,450.0,I,feed
143,Morocco,2511,Wheat and products,5521,Feed,2008,1000 t,700.0,I,feed
143,Morocco,2511,Wheat and products,5521,Feed,2009,1000 t,1100.0,I,feed
143,Morocco,2511,Wheat and products,5521,Feed,2010,1000 t,1000.0,I,feed
143,Morocco,2511,Wheat and products,5521,Feed,2011,1000 t,1300.0,I,feed
143,Morocco,2511,Wheat and products,5527,Seed,2006,1000 t,257.0,I,seed
143,Morocco,2511,Wheat and products,5527,Seed,2007,1000 t,286.0,I,seed
143,Morocco,2511,Wheat and products,5527,Seed,2008,1000 t,298.0,I,seed
143,Morocco,2511,Wheat and products,5527,Seed,2009,1000 t,285.0,I,seed
143,Morocco,2511,Wheat and products,5527,Seed,2010,1000 t,309.0,I,seed
143,Morocco,2511,Wheat and products,5527,Seed,2011,1000 t,314.0,I,seed
143,Morocco,2511,Wheat and products,5123,Losses,2006,1000 t,626.0,I,losses
143,Morocco,2511,Wheat and products,5123,Losses,2007,1000 t,529.0,I,losses
143,Morocco,2511,Wheat and products,5123,Losses,2008,1000 t,606.0,I,losses
143,Morocco,2511,Wheat and products,5123,Losses,2009,1000 t,670.0,I,losses
143,Morocco,2511,Wheat and products,5123,Losses,2010,1000 t,626.0,I,losses
143,Morocco,2511,Wheat and products,5123,Losses,2011,1000 t,735.0,I,losses
143,Morocco,2511,Wheat and products,5142,Food,2006,1000 t,5398.0,I,food
143,Morocco,2511,Wheat and products,5142,Food,2007,1000 t,5405.0,I,food
143,Morocco,2511,Wheat and products,5142,Food,2008,1000 t,5489.0,I,food
143,Morocco,2511,Wheat and products,5142,Food,2009,1000 t,5548.0,I,food
143,Morocco,2511,Wheat and products,5142,Food,2010,1000 t,5598.0,I,food
143,Morocco,2511,Wheat and products,5142,Food,2011,1000 t,5694.0,I,food
144,Mozambique,2511,Wheat and products,5511,Production,2006,1000 t,8.0,I,production
144,Mozambique,2511,Wheat and products,5511,Production,2007,1000 t,10.0,I,production
144,Mozambique,2511,Wheat and products,5511,Production,2008,1000 t,13.0,I,production
144,Mozambique,2511,Wheat and products,5511,Production,2009,1000 t,15.0,I,production
144,Mozambique,2511,Wheat and products,5511,Production,2010,1000 t,18.0,I,production
144,Mozambique,2511,Wheat and products,5511,Production,2011,1000 t,20.0,I,production
144,Mozambique,2511,Wheat and products,5611,Import Quantity,2006,1000 t,569.0,I,imports
144,Mozambique,2511,Wheat and products,5611,Import Quantity,2007,1000 t,339.0,I,imports
144,Mozambique,2511,Wheat and products,5611,Import Quantity,2008,1000 t,270.0,I,imports
144,Mozambique,2511,Wheat and products,5611,Import Quantity,2009,1000 t,459.0,I,imports
144,Mozambique,2511,Wheat and products,5611,Import Quantity,2010,1000 t,580.0,I,imports
144,Mozambique,2511,Wheat and products,5611,Import Quantity,2011,1000 t,410.0,I,imports
144,Mozambique,2511,Wheat and products,5074,Stock Variation,2006,1000 t,-100.0,I,stock_variation
144,Mozambique,2511,Wheat and products,5074,Stock Variation,2007,1000 t,100.0,I,stock_variation
144,Mozambique,2511,Wheat and products,5074,Stock Variation,2008,1000 t,190.0,I,stock_variation
144,Mozambique,2511,Wheat and products,5074,Stock Variation,2009,1000 t,0.0,I,stock_variation
144,Mozambique,2511,Wheat and products,5074,Stock Variation,2010,1000 t,-90.0,I,stock_variation
144,Mozambique,2511,Wheat and products,5074,Stock Variation,2011,1000 t,90.0,I,stock_variation
144,Mozambique,2511,Wheat and products,5911,Export Quantity,2006,1000 t,1.0,I,exports
144,Mozambique,2511,Wheat and products,5911,Export Quantity,2007,1000 t,1.0,I,exports
144,Mozambique,2511,Wheat and products,5911,Export Quantity,2008,1000 t,1.0,I,exports
144,Mozambique,2511,Wheat and products,5911,Export Quantity,2009,1000 t,1.0,I,exports
144,Mozambique,2511,Wheat and products,5911,Export Quantity,2010,1000 t,45.0,I,exports
144,Mozambique,2511,Wheat and products,5911,Export Quantity,2011,1000 t,51.0,I,exports
144,Mozambique,2511,Wheat and products,5301,Domestic supply quantity,2006,1000 t,476.0,I,domestic_supply
144,Mozambique,2511,Wheat and products,5301,Domestic supply quantity,2007,1000 t,447.0,I,domestic_supply
144,Mozambique,2511,Wheat and products,5301,Domestic supply quantity,2008,1000 t,472.0,I,domestic_supply
144,Mozambique,2511,Wheat and products,5301,Domestic supply quantity,2009,1000 t,473.0,I,domestic_supply
144,Mozambique,2511,Wheat and products,5301,Domestic supply quantity,2010,1000 t,464.0,I,domestic_supply
144,Mozambique,2511,Wheat and products,5301,Domestic supply quantity,2011,1000 t,470.0,I,domestic_supply
144,Mozambique,2511,Wheat and products,5527,Seed,2006,1000 t,1.0,I,seed
144,Mozambique,2511,Wheat and products,5527,Seed,2007,1000 t,1.0,I,seed
144,Mozambique,2511,Wheat and products,5527,Seed,2008,1000 t,1.0,I,seed
144,Mozambique,2511,Wheat and products,5527,Seed,2009,1000 t,1.0,I,seed
144,Mozambique,2511,Wheat and products,5527,Seed,2010,1000 t,1.0,I,seed
144,Mozambique,2511,Wheat and products,5527,Seed,2011,1000 t,1.0,I,seed
144,Mozambique,2511,Wheat and products,5123,Losses,2006,1000 t,11.0,I,losses
144,Mozambique,2511,Wheat and products,5123,Losses,2007,1000 t,9.0,I,losses
144,Mozambique,2511,Wheat and products,5123,Losses,2008,1000 t,9.0,I,losses
144,Mozambique,2511,Wheat and products,5123,Losses,2009,1000 t,9.0,I,losses
144,Mozambique,2511,Wheat and products,5123,Losses,2010,1000 t,11.0,I,losses
144,Mozambique,2511,Wheat and products,5123,Losses,2011,1000 t,10.0,I,losses
144,Mozambique,2511,Wheat and products,5142,Food,2006,1000 t,464.0,I,food
144,Mozambique,2511,Wheat and products,5142,Food,2007,1000 t,438.0,I,food
144,Mozambique,2511,Wheat and products,5142,Food,2008,1000 t,462.0,I,food
144,Mozambique,2511,Wheat and products,5142,Food,2009,1000 t,463.0,I,food
144,Mozambique,2511,Wheat and products,5142,Food,2010,1000 t,452.0,I,food
144,Mozambique,2511,Wheat and products,5142,Food,2011,1000 t,459.0,I,food
28,Myanmar,2511,Wheat and products,5511,Production,2006,1000 t,140.0,I,production
28,Myanmar,2511,Wheat and products,5511,Production,2007,1000 t,155.0,I,production
28,Myanmar,2511,Wheat and products,5511,Production,2008,1000 t,173.0,I,production
28,Myanmar,2511,Wheat and products,5511,Production,2009,1000 t,182.0,I,production
28,Myanmar,2511,Wheat and products,5511,Production,2010,1000 t,184.0,I,production
28,Myanmar,2511,Wheat and products,5511,Production,2011,1000 t,173.0,I,production
28,Myanmar,2511,Wheat and products,5611,Import Quantity,2006,1000 t,105.0,I,imports
28,Myanmar,2511,Wheat and products,5611,Import Quantity,2007,1000 t,133.0,I,imports
28,Myanmar,2511,Wheat and products,5611,Import Quantity,2008,1000 t,53.0,I,imports
28,Myanmar,2511,Wheat and products,5611,Import Quantity,2009,1000 t,142.0,I,imports
28,Myanmar,2511,Wheat and products,5611,Import Quantity,2010,1000 t,222.0,I,imports
28,Myanmar,2511,Wheat and products,5611,Import Quantity,2011,1000 t,211.0,I,imports
28,Myanmar,2511,Wheat and products,5911,Export Quantity,2006,1000 t,0.0,I,exports
28,Myanmar,2511,Wheat and products,5911,Export Quantity,2007,1000 t,0.0,I,exports
28,Myanmar,2511,Wheat and products,5911,Export Quantity,2008,1000 t,0.0,I,exports
28,Myanmar,2511,Wheat and products,5911,Export Quantity,2009,1000 t,0.0,I,exports
28,Myanmar,2511,Wheat and products,5911,Export Quantity,2010,1000 t,3.0,I,exports
28,Myanmar,2511,Wheat and products,5911,Export Quantity,2011,1000 t,0.0,I,exports
28,Myanmar,2511,Wheat and products,5301,Domestic supply quantity,2006,1000 t,245.0,I,domestic_supply
28,Myanmar,2511,Wheat and products,5301,Domestic supply quantity,2007,1000 t,288.0,I,domestic_supply
28,Myanmar,2511,Wheat and products,5301,Domestic supply quantity,2008,1000 t,226.0,I,domestic_supply
28,Myanmar,2511,Wheat and products,5301,Domestic supply quantity,2009,1000 t,324.0,I,domestic_supply
28,Myanmar,2511,Wheat and products,5301,Domestic supply quantity,2010,1000 t,403.0,I,domestic_supply
28,Myanmar,2511,Wheat and products,5301,Domestic supply quantity,2011,1000 t,383.0,I,domestic_supply
28,Myanmar,2511,Wheat and products,5521,Feed,2006,1000 t,23.0,I,feed
28,Myanmar,2511,Wheat and products,5521,Feed,2007,1000 t,25.0,I,feed
28,Myanmar,2511,Wheat and products,5521,Feed,2008,1000 t,22.0,I,feed
28,Myanmar,2511,Wheat and products,5521,Feed,2009,1000 t,31.0,I,feed
28,Myanmar,2511,Wheat and products,5521,Feed,2010,1000 t,39.0,I,feed
28,Myanmar,2511,Wheat and products,5521,Feed,2011,1000 t,36.0,I,feed
28,Myanmar,2511,Wheat and products,5527,Seed,2006,1000 t,6.0,I,seed
28,Myanmar,2511,Wheat and products,5527,Seed,2007,1000 t,6.0,I,seed
28,Myanmar,2511,Wheat and products,5527,Seed,2008,1000 t,6.0,I,seed
28,Myanmar,2511,Wheat and products,5527,Seed,2009,1000 t,6.0,I,seed
28,Myanmar,2511,Wheat and products,5527,Seed,2010,1000 t,6.0,I,seed
28,Myanmar,2511,Wheat and products,5527,Seed,2011,1000 t,6.0,I,seed
28,Myanmar,2511,Wheat and products,5123,Losses,2006,1000 t,11.0,I,losses
28,Myanmar,2511,Wheat and products,5123,Losses,2007,1000 t,12.0,I,losses
28,Myanmar,2511,Wheat and products,5123,Losses,2008,1000 t,11.0,I,losses
28,Myanmar,2511,Wheat and products,5123,Losses,2009,1000 t,16.0,I,losses
28,Myanmar,2511,Wheat and products,5123,Losses,2010,1000 t,20.0,I,losses
28,Myanmar,2511,Wheat and products,5123,Losses,2011,1000 t,18.0,I,losses
28,Myanmar,2511,Wheat and products,5142,Food,2006,1000 t,205.0,I,food
28,Myanmar,2511,Wheat and products,5142,Food,2007,1000 t,245.0,I,food
28,Myanmar,2511,Wheat and products,5142,Food,2008,1000 t,187.0,I,food
28,Myanmar,2511,Wheat and products,5142,Food,2009,1000 t,272.0,I,food
28,Myanmar,2511,Wheat and products,5142,Food,2010,1000 t,338.0,I,food
28,Myanmar,2511,Wheat and products,5142,Food,2011,1000 t,322.0,I,food
147,Namibia,2511,Wheat and products,5511,Production,2006,1000 t,13.0,I,production
147,Namibia,2511,Wheat and products,5511,Production,2007,1000 t,12.0,I,production
147,Namibia,2511,Wheat and products,5511,Production,2008,1000 t,15.0,I,production
147,Namibia,2511,Wheat and products,5511,Production,2009,1000 t,12.0,I,production
147,Namibia,2511,Wheat and products,5511,Production,2010,1000 t,13.0,I,production
147,Namibia,2511,Wheat and products,5511,Production,2011,1000 t,16.0,I,production
147,Namibia,2511,Wheat and products,5611,Import Quantity,2006,1000 t,50.0,I,imports
147,Namibia,2511,Wheat and products,5611,Import Quantity,2007,1000 t,58.0,I,imports
147,Namibia,2511,Wheat and products,5611,Import Quantity,2008,1000 t,58.0,I,imports
147,Namibia,2511,Wheat and products,5611,Import Quantity,2009,1000 t,37.0,I,imports
147,Namibia,2511,Wheat and products,5611,Import Quantity,2010,1000 t,55.0,I,imports
147,Namibia,2511,Wheat and products,5611,Import Quantity,2011,1000 t,59.0,I,imports
147,Namibia,2511,Wheat and products,5074,Stock Variation,2006,1000 t,16.0,I,stock_variation
147,Namibia,2511,Wheat and products,5074,Stock Variation,2007,1000 t,6.0,I,stock_variation
147,Namibia,2511,Wheat and products,5074,Stock Variation,2008,1000 t,0.0,I,stock_variation
147,Namibia,2511,Wheat and products,5074,Stock Variation,2009,1000 t,12.0,I,stock_variation
147,Namibia,2511,Wheat and products,5074,Stock Variation,2010,1000 t,0.0,I,stock_variation
147,Namibia,2511,Wheat and products,5074,Stock Variation,2011,1000 t,0.0,I,stock_variation
147,Namibia,2511,Wheat and products,5911,Export Quantity,2006,1000 t,1.0,I,exports
147,Namibia,2511,Wheat and products,5911,Export Quantity,2007,1000 t,0.0,I,exports
147,Namibia,2511,Wheat and products,5911,Export Quantity,2008,1000 t,3.0,I,exports
147,Namibia,2511,Wheat and products,5911,Export Quantity,2009,1000 t,0.0,I,exports
147,Namibia,2511,Wheat and products,5911,Export Quantity,2010,1000 t,0.0,I,exports
147,Namibia,2511,Wheat and products,5911,Export Quantity,2011,1000 t,0.0,I,exports
147,Namibia,2511,Wheat and products,5301,Domestic supply quantity,2006,1000 t,77.0,I,domestic_supply
147,Namibia,2511,Wheat and products,5301,Domestic supply quantity,2007,1000 t,76.0,I,domestic_supply
147,Namibia,2511,Wheat and products,5301,Domestic supply quantity,2008,1000 t,70.0,I,domestic_supply
147,Namibia,2511,Wheat and products,5301,Domestic supply quantity,2009,1000 t,61.0,I,domestic_supply
147,Namibia,2511,Wheat and products,5301,Domestic supply quantity,2010,1000 t,67.0,I,domestic_supply
147,Namibia,2511,Wheat and products,5301,Domestic supply quantity,2011,1000 t,75.0,I,domestic_supply
147,Namibia,2511,Wheat and products,5527,Seed,2006,1000 t,0.0,I,seed
147,Namibia,2511,Wheat and products,5527,Seed,2007,1000 t,0.0,I,seed
147,Namibia,2511,Wheat and products,5527,Seed,2008,1000 t,0.0,I,seed
147,Namibia,2511,Wheat and products,5527,Seed,2009,1000 t,0.0,I,seed
147,Namibia,2511,Wheat and products,5527,Seed,2010,1000 t,0.0,I,seed
147,Namibia,2511,Wheat and products,5527,Seed,2011,1000 t,0.0,I,seed
147,Namibia,2511,Wheat and products,5123,Losses,2006,1000 t,3.0,I,losses
147,Namibia,2511,Wheat and products,5123,Losses,2007,1000 t,3.0,I,losses
147,Namibia,2511,Wheat and products,5123,Losses,2008,1000 t,3.0,I,losses
147,Namibia,2511,Wheat and products,5123,Losses,2009,1000 t,2.0,I,losses
147,Namibia,2511,Wheat and products,5123,Losses,2010,1000 t,2.0,I,losses
147,Namibia,2511,Wheat and products,5123,Losses,2011,1000 t,3.0,I,losses
147,Namibia,2511,Wheat and products,5142,Food,2006,1000 t,74.0,I,food
147,Namibia,2511,Wheat and products,5142,Food,2007,1000 t,73.0,I,food
147,Namibia,2511,Wheat and products,5142,Food,2008,1000 t,66.0,I,food
147,Namibia,2511,Wheat and products,5142,Food,2009,1000 t,59.0,I,food
147,Namibia,2511,Wheat and products,5142,Food,2010,1000 t,65.0,I,food
147,Namibia,2511,Wheat and products,5142,Food,2011,1000 t,71.0,I,food
149,Nepal,2511,Wheat and products,5511,Production,2006,1000 t,1394.0,I,production
149,Nepal,2511,Wheat and products,5511,Production,2007,1000 t,1515.0,I,production
149,Nepal,2511,Wheat and products,5511,Production,2008,1000 t,1572.0,I,production
149,Nepal,2511,Wheat and products,5511,Production,2009,1000 t,1344.0,I,production
149,Nepal,2511,Wheat and products,5511,Production,2010,1000 t,1557.0,I,production
149,Nepal,2511,Wheat and products,5511,Production,2011,1000 t,1746.0,I,production
149,Nepal,2511,Wheat and products,5611,Import Quantity,2006,1000 t,25.0,I,imports
149,Nepal,2511,Wheat and products,5611,Import Quantity,2007,1000 t,7.0,I,imports
149,Nepal,2511,Wheat and products,5611,Import Quantity,2008,1000 t,8.0,I,imports
149,Nepal,2511,Wheat and products,5611,Import Quantity,2009,1000 t,8.0,I,imports
149,Nepal,2511,Wheat and products,5611,Import Quantity,2010,1000 t,13.0,I,imports
149,Nepal,2511,Wheat and products,5611,Import Quantity,2011,1000 t,29.0,I,imports
149,Nepal,2511,Wheat and products,5074,Stock Variation,2006,1000 t,0.0,I,stock_variation
149,Nepal,2511,Wheat and products,5074,Stock Variation,2007,1000 t,-70.0,I,stock_variation
149,Nepal,2511,Wheat and products,5074,Stock Variation,2008,1000 t,-100.0,I,stock_variation
149,Nepal,2511,Wheat and products,5074,Stock Variation,2009,1000 t,170.0,I,stock_variation
149,Nepal,2511,Wheat and products,5074,Stock Variation,2010,1000 t,0.0,I,stock_variation
149,Nepal,2511,Wheat and products,5074,Stock Variation,2011,1000 t,0.0,I,stock_variation
149,Nepal,2511,Wheat and products,5911,Export Quantity,2006,1000 t,2.0,I,exports
149,Nepal,2511,Wheat and products,5911,Export Quantity,2007,1000 t,6.0,I,exports
149,Nepal,2511,Wheat and products,5911,Export Quantity,2008,1000 t,11.0,I,exports
149,Nepal,2511,Wheat and products,5911,Export Quantity,2009,1000 t,54.0,I,exports
149,Nepal,2511,Wheat and products,5911,Export Quantity,2010,1000 t,9.0,I,exports
149,Nepal,2511,Wheat and products,5911,Export Quantity,2011,1000 t,12.0,I,exports
149,Nepal,2511,Wheat and products,5301,Domestic supply quantity,2006,1000 t,1417.0,I,domestic_supply
149,Nepal,2511,Wheat and products,5301,Domestic supply quantity,2007,1000 t,1446.0,I,domestic_supply
149,Nepal,2511,Wheat and products,5301,Domestic supply quantity,2008,1000 t,1469.0,I,domestic_supply
149,Nepal,2511,Wheat and products,5301,Domestic supply quantity,2009,1000 t,1468.0,I,domestic_supply
149,Nepal,2511,Wheat and products,5301,Domestic supply quantity,2010,1000 t,1560.0,I,domestic_supply
149,Nepal,2511,Wheat and products,5301,Domestic supply quantity,2011,1000 t,1762.0,I,domestic_supply
149,Nepal,2511,Wheat and products,5521,Feed,2006,1000 t,61.0,I,feed
149,Nepal,2511,Wheat and products,5521,Feed,2007,1000 t,50.0,I,feed
149,Nepal,2511,Wheat and products,5521,Feed,2008,1000 t,43.0,I,feed
149,Nepal,2511,Wheat and products,5521,Feed,2009,1000 t,47.0,I,feed
149,Nepal,2511,Wheat and products,5521,Feed,2010,1000 t,49.0,I,feed
149,Nepal,2511,Wheat and products,5521,Feed,2011,1000 t,165.0,I,feed
149,Nepal,2511,Wheat and products,5527,Seed,2006,1000 t,67.0,I,seed
149,Nepal,2511,Wheat and products,5527,Seed,2007,1000 t,86.0,I,seed
149,Nepal,2511,Wheat and products,5527,Seed,2008,1000 t,71.0,I,seed
149,Nepal,2511,Wheat and products,5527,Seed,2009,1000 t,70.0,I,seed
149,Nepal,2511,Wheat and products,5527,Seed,2010,1000 t,73.0,I,seed
149,Nepal,2511,Wheat and products,5527,Seed,2011,1000 t,77.0,I,seed
149,Nepal,2511,Wheat and products,5123,Losses,2006,1000 t,148.0,I,losses
149,Nepal,2511,Wheat and products,5123,Losses,2007,1000 t,154.0,I,losses
149,Nepal,2511,Wheat and products,5123,Losses,2008,1000 t,166.0,I,losses
149,Nepal,2511,Wheat and products,5123,Losses,2009,1000 t,143.0,I,losses
149,Nepal,2511,Wheat and products,5123,Losses,2010,1000 t,165.0,I,losses
149,Nepal,2511,Wheat and products,5123,Losses,2011,1000 t,184.0,I,losses
149,Nepal,2511,Wheat and products,5142,Food,2006,1000 t,1141.0,I,food
149,Nepal,2511,Wheat and products,5142,Food,2007,1000 t,1156.0,I,food
149,Nepal,2511,Wheat and products,5142,Food,2008,1000 t,1190.0,I,food
149,Nepal,2511,Wheat and products,5142,Food,2009,1000 t,1208.0,I,food
149,Nepal,2511,Wheat and products,5142,Food,2010,1000 t,1274.0,I,food
149,Nepal,2511,Wheat and products,5142,Food,2011,1000 t,1337.0,I,food
150,Netherlands (Kingdom of the),2511,Wheat and products,5511,Production,2006,1000 t,1184.0,I,production
150,Netherlands (Kingdom of the),2511,Wheat and products,5511,Production,2007,1000 t,1018.0,I,production
150,Netherlands (Kingdom of the),2511,Wheat and products,5511,Production,2008,1000 t,1366.0,I,production
150,Netherlands (Kingdom of the),2511,Wheat and products,5511,Production,2009,1000 t,1402.0,I,production
150,Netherlands (Kingdom of the),2511,Wheat and products,5511,Production,2010,1000 t,1370.0,I,production
150,Netherlands (Kingdom of the),2511,Wheat and products,5511,Production,2011,1000 t,1175.0,I,production
150,Netherlands (Kingdom of the),2511,Wheat and products,5611,Import Quantity,2006,1000 t,4732.0,I,imports
150,Netherlands (Kingdom of the),2511,Wheat and products,5611,Import Quantity,2007,1000 t,5752.0,I,imports
150,Netherlands (Kingdom of the),2511,Wheat and products,5611,Import Quantity,2008,1000 t,5273.0,I,imports
150,Netherlands (Kingdom of the),2511,Wheat and products,5611,Import Quantity,2009,1000 t,6088.0,I,imports
150,Netherlands (Kingdom of the),2511,Wheat and products,5611,Import Quantity,2010,1000 t,6446.0,I,imports
150,Netherlands (Kingdom of the),2511,Wheat and products,5611,Import Quantity,2011,1000 t,5150.0,I,imports
150,Netherlands (Kingdom of the),2511,Wheat and products,5074,Stock Variation,2006,1000 t,620.0,I,stock_variation
150,Netherlands (Kingdom of the),2511,Wheat and products,5074,Stock Variation,2007,1000 t,-531.0,I,stock_variation
150,Netherlands (Kingdom of the),2511,Wheat and products,5074,Stock Variation,2008,1000 t,610.0,I,stock_variation
150,Netherlands (Kingdom of the),2511,Wheat and products,5074,Stock Variation,2009,1000 t,140.0,I,stock_variation
150,Netherlands (Kingdom of the),2511,Wheat and products,5074,Stock Variation,2010,1000 t,-529.0,I,stock_variation
150,Netherlands (Kingdom of the),2511,Wheat and products,5074,Stock Variation,2011,1000 t,377.0,I,stock_variation
150,Netherlands (Kingdom of the),2511,Wheat and products,5911,Export Quantity,2006,1000 t,1181.0,I,exports
150,Netherlands (Kingdom of the),2511,Wheat and products,5911,Export Quantity,2007,1000 t,1166.0,I,exports
150,Netherlands (Kingdom of the),2511,Wheat and products,5911,Export Quantity,2008,1000 t,1222.0,I,exports
150,Netherlands (Kingdom of the),2511,Wheat and products,5911,Export Quantity,2009,1000 t,1554.0,I,exports
150,Netherlands (Kingdom of the),2511,Wheat and products,5911,Export Quantity,2010,1000 t,1214.0,I,exports
150,Netherlands (Kingdom of the),2511,Wheat and products,5911,Export Quantity,2011,1000 t,1271.0,I,exports
150,Netherlands (Kingdom of the),2511,Wheat and products,5301,Domestic supply quantity,2006,1000 t,5356.0,I,domestic_supply
150,Netherlands (Kingdom of the),2511,Wheat and products,5301,Domestic supply quantity,2007,1000 t,5073.0,I,domestic_supply
150,Netherlands (Kingdom of the),2511,Wheat and products,5301,Domestic supply quantity,2008,1000 t,6027.0,I,domestic_supply
150,Netherlands (Kingdom of the),2511,Wheat and products,5301,Domestic supply quantity,2009,1000 t,6077.0,I,domestic_supply
150,Netherlands (Kingdom of the),2511,Wheat and products,5301,Domestic supply quantity,2010,1000 t,6072.0,I,domestic_supply
150,Netherlands (Kingdom of the),2511,Wheat and products,5301,Domestic supply quantity,2011,1000 t,5432.0,I,domestic_supply
150,Netherlands (Kingdom of the),2511,Wheat and products,5521,Feed,2006,1000 t,3479.0,I,feed
150,Netherlands (Kingdom of the),2511,Wheat and products,5521,Feed,2007,1000 t,3090.0,I,feed
150,Netherlands (Kingdom of the),2511,Wheat and products,5521,Feed,2008,1000 t,4138.0,I,feed
150,Netherlands (Kingdom of the),2511,Wheat and products,5521,Feed,2009,1000 t,4050.0,I,feed
150,Netherlands (Kingdom of the),2511,Wheat and products,5521,Feed,2010,1000 t,4130.0,I,feed
150,Netherlands (Kingdom of the),2511,Wheat and products,5521,Feed,2011,1000 t,3362.0,I,feed
150,Netherlands (Kingdom of the),2511,Wheat and products,5527,Seed,2006,1000 t,78.0,I,seed
150,Netherlands (Kingdom of the),2511,Wheat and products,5527,Seed,2007,1000 t,121.0,I,seed
150,Netherlands (Kingdom of the),2511,Wheat and products,5527,Seed,2008,1000 t,99.0,I,seed
150,Netherlands (Kingdom of the),2511,Wheat and products,5527,Seed,2009,1000 t,110.0,I,seed
150,Netherlands (Kingdom of the),2511,Wheat and products,5527,Seed,2010,1000 t,94.0,I,seed
150,Netherlands (Kingdom of the),2511,Wheat and products,5527,Seed,2011,1000 t,95.0,I,seed
150,Netherlands (Kingdom of the),2511,Wheat and products,5123,Losses,2006,1000 t,27.0,I,losses
150,Netherlands (Kingdom of the),2511,Wheat and products,5123,Losses,2007,1000 t,25.0,I,losses
150,Netherlands (Kingdom of the),2511,Wheat and products,5123,Losses,2008,1000 t,28.0,I,losses
150,Netherlands (Kingdom of the),2511,Wheat and products,5123,Losses,2009,1000 t,29.0,I,losses
150,Netherlands (Kingdom of the),2511,Wheat and products,5123,Losses,2010,1000 t,28.0,I,losses
150,Netherlands (Kingdom of the),2511,Wheat and products,5123,Losses,2011,1000 t,27.0,I,losses
150,Netherlands (Kingdom of the),2511,Wheat and products,5142,Food,2006,1000 t,1118.0,I,food
150,Netherlands (Kingdom of the),2511,Wheat and products,5142,Food,2007,1000 t,1151.0,I,food
150,Netherlands (Kingdom of the),2511,Wheat and products,5142,Food,2008,1000 t,1158.0,I,food
150,Netherlands (Kingdom of the),2511,Wheat and products,5142,Food,2009,1000 t,1156.0,I,food
150,Netherlands (Kingdom of the),2511,Wheat and products,5142,Food,2010,1000 t,1234.0,I,food
150,Netherlands (Kingdom of the),2511,Wheat and products,5142,Food,2011,1000 t,1219.0,I,food
151,Netherlands Antilles (former),2511,Wheat and products,5611,Import Quantity,2006,1000 t,17.0,I,imports
151,Netherlands Antilles (former),2511,Wheat and products,5611,Import Quantity,2007,1000 t,23.0,I,imports
151,Netherlands Antilles (former),2511,Wheat and products,5611,Import Quantity,2008,1000 t,20.0,I,imports
151,Netherlands Antilles (former),2511,Wheat and products,5611,Import Quantity,2009,1000 t,20.0,I,imports
151,Netherlands Antilles (former),2511,Wheat and products,5611,Import Quantity,2010,1000 t,21.0,I,imports
151,Netherlands Antilles (former),2511,Wheat and products,5074,Stock Variation,2006,1000 t,1.0,I,stock_variation
151,Netherlands Antilles (former),2511,Wheat and products,5074,Stock Variation,2007,1000 t,-3.0,I,stock_variation
151,Netherlands Antilles (former),2511,Wheat and products,5074,Stock Variation,2008,1000 t,0.0,I,stock_variation
151,Netherlands Antilles (former),2511,Wheat and products,5074,Stock Variation,2009,1000 t,-1.0,I,stock_variation
151,Netherlands Antilles (former),2511,Wheat and products,5074,Stock Variation,2010,1000 t,-1.0,I,stock_variation
151,Netherlands Antilles (former),2511,Wheat and products,5911,Export Quantity,2006,1000 t,0.0,I,exports
151,Netherlands Antilles (former),2511,Wheat and products,5911,Export Quantity,2007,1000 t,0.0,I,exports
151,Netherlands Antilles (former),2511,Wheat and products,5911,Export Quantity,2008,1000 t,0.0,I,exports
151,Netherlands Antilles (former),2511,Wheat and products,5911,Export Quantity,2009,1000 t,0.0,I,exports
151,Netherlands Antilles (former),2511,Wheat and products,5911,Export Quantity,2010,1000 t,0.0,I,exports
151,Netherlands Antilles (former),2511,Wheat and products,5301,Domestic supply quantity,2006,1000 t,18.0,I,domestic_supply
151,Netherlands Antilles (former),2511,Wheat and products,5301,Domestic supply quantity,2007,1000 t,19.0,I,domestic_supply
151,Netherlands Antilles (former),2511,Wheat and products,5301,Domestic supply quantity,2008,1000 t,19.0,I,domestic_supply
151,Netherlands Antilles (former),2511,Wheat and products,5301,Domestic supply quantity,2009,1000 t,19.0,I,domestic_supply
151,Netherlands Antilles (former),2511,Wheat and products,5301,Domestic supply quantity,2010,1000 t,20.0,I,domestic_supply
151,Netherlands Antilles (former),2511,Wheat and products,5123,Losses,2006,1000 t,1.0,I,losses
151,Netherlands Antilles (former),2511,Wheat and products,5123,Losses,2007,1000 t,1.0,I,losses
151,Netherlands Antilles (former),2511,Wheat and products,5123,Losses,2008,1000 t,1.0,I,losses
151,Netherlands Antilles (former),2511,Wheat and products,5123,Losses,2009,1000 t,1.0,I,losses
151,Netherlands Antilles (former),2511,Wheat and products,5123,Losses,2010,1000 t,1.0,I,losses
151,Netherlands Antilles (former),2511,Wheat and products,5142,Food,2006,1000 t,17.0,I,food
151,Netherlands Antilles (former),2511,Wheat and products,5142,Food,2007,1000 t,19.0,I,food
151,Netherlands Antilles (former),2511,Wheat and products,5142,Food,2008,1000 t,19.0,I,food
151,Netherlands Antilles (former),2511,Wheat and products,5142,Food,2009,1000 t,19.0,I,food
151,Netherlands Antilles (former),2511,Wheat and products,5142,Food,2010,1000 t,19.0,I,food
153,New Caledonia,2511,Wheat and products,5511,Production,2006,1000 t,0.0,I,production
153,New Caledonia,2511,Wheat and products,5511,Production,2007,1000 t,0.0,I,production
153,New Caledonia,2511,Wheat and products,5511,Production,2008,1000 t,0.0,I,production
153,New Caledonia,2511,Wheat and products,5511,Production,2009,1000 t,0.0,I,production
153,New Caledonia,2511,Wheat and products,5511,Production,2010,1000 t,0.0,I,production
153,New Caledonia,2511,Wheat and products,5511,Production,2011,1000 t,0.0,I,production
153,New Caledonia,2511,Wheat and products,5611,Import Quantity,2006,1000 t,40.0,I,imports
153,New Caledonia,2511,Wheat and products,5611,Import Quantity,2007,1000 t,38.0,I,imports
153,New Caledonia,2511,Wheat and products,5611,Import Quantity,2008,1000 t,35.0,I,imports
153,New Caledonia,2511,Wheat and products,5611,Import Quantity,2009,1000 t,36.0,I,imports
153,New Caledonia,2511,Wheat and products,5611,Import Quantity,2010,1000 t,41.0,I,imports
153,New Caledonia,2511,Wheat and products,5611,Import Quantity,2011,1000 t,43.0,I,imports
153,New Caledonia,2511,Wheat and products,5911,Export Quantity,2006,1000 t,0.0,I,exports
153,New Caledonia,2511,Wheat and products,5911,Export Quantity,2007,1000 t,0.0,I,exports
153,New Caledonia,2511,Wheat and products,5911,Export Quantity,2008,1000 t,0.0,I,exports
153,New Caledonia,2511,Wheat and products,5911,Export Quantity,2009,1000 t,0.0,I,exports
153,New Caledonia,2511,Wheat and products,5911,Export Quantity,2010,1000 t,0.0,I,exports
153,New Caledonia,2511,Wheat and products,5911,Export Quantity,2011,1000 t,0.0,I,exports
153,New Caledonia,2511,Wheat and products,5301,Domestic supply quantity,2006,1000 t,40.0,I,domestic_supply
153,New Caledonia,2511,Wheat and products,5301,Domestic supply quantity,2007,1000 t,37.0,I,domestic_supply
153,New Caledonia,2511,Wheat and products,5301,Domestic supply quantity,2008,1000 t,35.0,I,domestic_supply
153,New Caledonia,2511,Wheat and products,5301,Domestic supply quantity,2009,1000 t,36.0,I,domestic_supply
153,New Caledonia,2511,Wheat and products,5301,Domestic supply quantity,2010,1000 t,41.0,I,domestic_supply
153,New Caledonia,2511,Wheat and products,5301,Domestic supply quantity,2011,1000 t,43.0,I,domestic_supply
153,New Caledonia,2511,Wheat and products,5521,Feed,2006,1000 t,3.0,I,feed
153,New Caledonia,2511,Wheat and products,5521,Feed,2007,1000 t,3.0,I,feed
153,New Caledonia,2511,Wheat and products,5521,Feed,2008,1000 t,3.0,I,feed
153,New Caledonia,2511,Wheat and products,5521,Feed,2009,1000 t,3.0,I,feed
153,New Caledonia,2511,Wheat and products,5521,Feed,2010,1000 t,3.0,I,feed
153,New Caledonia,2511,Wheat and products,5521,Feed,2011,1000 t,3.0,I,feed
153,New Caledonia,2511,Wheat and products,5527,Seed,2006,1000 t,0.0,I,seed
153,New Caledonia,2511,Wheat and products,5527,Seed,2007,1000 t,0.0,I,seed
153,New Caledonia,2511,Wheat and products,5527,Seed,2008,1000 t,0.0,I,seed
153,New Caledonia,2511,Wheat and products,5527,Seed,2009,1000 t,0.0,I,seed
153,New Caledonia,2511,Wheat and products,5527,Seed,2010,1000 t,0.0,I,seed
153,New Caledonia,2511,Wheat and products,5527,Seed,2011,1000 t,0.0,I,seed
153,New Caledonia,2511,Wheat and products,5123,Losses,2006,1000 t,0.0,I,losses
153,New Caledonia,2511,Wheat and products,5123,Losses,2007,1000 t,0.0,I,losses
153,New Caledonia,2511,Wheat and products,5123,Losses,2008,1000 t,0.0,I,losses
153,New Caledonia,2511,Wheat and products,5123,Losses,2009,1000 t,0.0,I,losses
153,New Caledonia,2511,Wheat and products,5123,Losses,2010,1000 t,0.0,I,losses
153,New Caledonia,2511,Wheat and products,5123,Losses,2011,1000 t,0.0,I,losses
153,New Caledonia,2511,Wheat and products,5142,Food,2006,1000 t,17.0,I,food
153,New Caledonia,2511,Wheat and products,5142,Food,2007,1000 t,17.0,I,food
153,New Caledonia,2511,Wheat and products,5142,Food,2008,1000 t,18.0,I,food
153,New Caledonia,2511,Wheat and products,5142,Food,2009,1000 t,19.0,I,food
153,New Caledonia,2511,Wheat and products,5142,Food,2010,1000 t,19.0,I,food
153,New Caledonia,2511,Wheat and products,5142,Food,2011,1000 t,20.0,I,food
156,New Zealand,2511,Wheat and products,5511,Production,2006,1000 t,262.0,I,production
156,New Zealand,2511,Wheat and products,5511,Production,2007,1000 t,344.0,I,production
156,New Zealand,2511,Wheat and products,5511,Production,2008,1000 t,343.0,I,production
156,New Zealand,2511,Wheat and products,5511,Production,2009,1000 t,403.0,I,production
156,New Zealand,2511,Wheat and products,5511,Production,2010,1000 t,445.0,I,production
156,New Zealand,2511,Wheat and products,5511,Production,2011,1000 t,383.0,I,production
156,New Zealand,2511,Wheat and products,5611,Import Quantity,2006,1000 t,426.0,I,imports
156,New Zealand,2511,Wheat and products,5611,Import Quantity,2007,1000 t,427.0,I,imports
156,New Zealand,2511,Wheat and products,5611,Import Quantity,2008,1000 t,379.0,I,imports
156,New Zealand,2511,Wheat and products,5611,Import Quantity,2009,1000 t,335.0,I,imports
156,New Zealand,2511,Wheat and products,5611,Import Quantity,2010,1000 t,386.0,I,imports
156,New Zealand,2511,Wheat and products,5611,Import Quantity,2011,1000 t,369.0,I,imports
156,New Zealand,2511,Wheat and products,5074,Stock Variation,2006,1000 t,-7.0,I,stock_variation
156,New Zealand,2511,Wheat and products,5074,Stock Variation,2007,1000 t,-49.0,I,stock_variation
156,New Zealand,2511,Wheat and products,5074,Stock Variation,2008,1000 t,20.0,I,stock_variation
156,New Zealand,2511,Wheat and products,5074,Stock Variation,2009,1000 t,39.0,I,stock_variation
156,New Zealand,2511,Wheat and products,5074,Stock Variation,2010,1000 t,-10.0,I,stock_variation
156,New Zealand,2511,Wheat and products,5074,Stock Variation,2011,1000 t,45.0,I,stock_variation
156,New Zealand,2511,Wheat and products,5911,Export Quantity,2006,1000 t,29.0,I,exports
156,New Zealand,2511,Wheat and products,5911,Export Quantity,2007,1000 t,53.0,I,exports
156,New Zealand,2511,Wheat and products,5911,Export Quantity,2008,1000 t,35.0,I,exports
156,New Zealand,2511,Wheat and products,5911,Export Quantity,2009,1000 t,43.0,I,exports
156,New Zealand,2511,Wheat and products,5911,Export Quantity,2010,1000 t,57.0,I,exports
156,New Zealand,2511,Wheat and products,5911,Export Quantity,2011,1000 t,26.0,I,exports
156,New Zealand,2511,Wheat and products,5301,Domestic supply quantity,2006,1000 t,651.0,I,domestic_supply
156,New Zealand,2511,Wheat and products,5301,Domestic supply quantity,2007,1000 t,670.0,I,domestic_supply
156,New Zealand,2511,Wheat and products,5301,Domestic supply quantity,2008,1000 t,707.0,I,domestic_supply
156,New Zealand,2511,Wheat and products,5301,Domestic supply quantity,2009,1000 t,734.0,I,domestic_supply
156,New Zealand,2511,Wheat and products,5301,Domestic supply quantity,2010,1000 t,764.0,I,domestic_supply
156,New Zealand,2511,Wheat and products,5301,Domestic supply quantity,2011,1000 t,772.0,I,domestic_supply
156,New Zealand,2511,Wheat and products,5521,Feed,2006,1000 t,220.0,I,feed
156,New Zealand,2511,Wheat and products,5521,Feed,2007,1000 t,240.0,I,feed
156,New Zealand,2511,Wheat and products,5521,Feed,2008,1000 t,270.0,I,feed
156,New Zealand,2511,Wheat and products,5521,Feed,2009,1000 t,290.0,I,feed
156,New Zealand,2511,Wheat and products,5521,Feed,2010,1000 t,310.0,I,feed
156,New Zealand,2511,Wheat and products,5521,Feed,2011,1000 t,315.0,I,feed
156,New Zealand,2511,Wheat and products,5527,Seed,2006,1000 t,9.0,I,seed
156,New Zealand,2511,Wheat and products,5527,Seed,2007,1000 t,9.0,I,seed
156,New Zealand,2511,Wheat and products,5527,Seed,2008,1000 t,10.0,I,seed
156,New Zealand,2511,Wheat and products,5527,Seed,2009,1000 t,10.0,I,seed
156,New Zealand,2511,Wheat and products,5527,Seed,2010,1000 t,10.0,I,seed
156,New Zealand,2511,Wheat and products,5527,Seed,2011,1000 t,10.0,I,seed
156,New Zealand,2511,Wheat and products,5123,Losses,2006,1000 t,31.0,I,losses
156,New Zealand,2511,Wheat and products,5123,Losses,2007,1000 t,34.0,I,losses
156,New Zealand,2511,Wheat and products,5123,Losses,2008,1000 t,32.0,I,losses
156,New Zealand,2511,Wheat and products,5123,Losses,2009,1000 t,33.0,I,losses
156,New Zealand,2511,Wheat and products,5123,Losses,2010,1000 t,37.0,I,losses
156,New Zealand,2511,Wheat and products,5123,Losses,2011,1000 t,35.0,I,losses
156,New Zealand,2511,Wheat and products,5142,Food,2006,1000 t,319.0,I,food
156,New Zealand,2511,Wheat and products,5142,Food,2007,1000 t,314.0,I,food
156,New Zealand,2511,Wheat and products,5142,Food,2008,1000 t,322.0,I,food
156,New Zealand,2511,Wheat and products,5142,Food,2009,1000 t,327.0,I,food
156,New Zealand,2511,Wheat and products,5142,Food,2010,1000 t,333.0,I,food
156,New Zealand,2511,Wheat and products,5142,Food,2011,1000 t,334.0,I,food
157,Nicaragua,2511,Wheat and products,5611,Import Quantity,2006,1000 t,198.0,I,imports
157,Nicaragua,2511,Wheat and products,5611,Import Quantity,2007,1000 t,173.0,I,imports
157,Nicaragua,2511,Wheat and products,5611,Import Quantity,2008,1000 t,155.0,I,imports
157,Nicaragua,2511,Wheat and products,5611,Import Quantity,2009,1000 t,177.0,I,imports
157,Nicaragua,2511,Wheat and products,5611,Import Quantity,2010,1000 t,187.0,I,imports
157,Nicaragua,2511,Wheat and products,5611,Import Quantity,2011,1000 t,209.0,I,imports
157,Nicaragua,2511,Wheat and products,5074,Stock Variation,2006,1000 t,0.0,I,stock_variation
157,Nicaragua,2511,Wheat and products,5074,Stock Variation,2007,1000 t,0.0,I,stock_variation
157,Nicaragua,2511,Wheat and products,5074,Stock Variation,2008,1000 t,0.0,I,stock_variation
157,Nicaragua,2511,Wheat and products,5074,Stock Variation,2009,1000 t,0.0,I,stock_variation
157,Nicaragua,2511,Wheat and products,5074,Stock Variation,2010,1000 t,0.0,I,stock_variation
157,Nicaragua,2511,Wheat and products,5074,Stock Variation,2011,1000 t,-8.0,I,stock_variation
157,Nicaragua,2511,Wheat and products,5911,Export Quantity,2006,1000 t,36.0,I,exports
157,Nicaragua,2511,Wheat and products,5911,Export Quantity,2007,1000 t,24.0,I,exports
157,Nicaragua,2511,Wheat and products,5911,Export Quantity,2008,1000 t,27.0,I,exports
157,Nicaragua,2511,Wheat and products,5911,Export Quantity,2009,1000 t,29.0,I,exports
157,Nicaragua,2511,Wheat and products,5911,Export Quantity,2010,1000 t,32.0,I,exports
157,Nicaragua,2511,Wheat and products,5911,Export Quantity,2011,1000 t,37.0,I,exports
157,Nicaragua,2511,Wheat and products,5301,Domestic supply quantity,2006,1000 t,162.0,I,domestic_supply
157,Nicaragua,2511,Wheat and products,5301,Domestic supply quantity,2007,1000 t,149.0,I,domestic_supply
157,Nicaragua,2511,Wheat and products,5301,Domestic supply quantity,2008,1000 t,128.0,I,domestic_supply
157,Nicaragua,2511,Wheat and products,5301,Domestic supply quantity,2009,1000 t,148.0,I,domestic_supply
157,Nicaragua,2511,Wheat and products,5301,Domestic supply quantity,2010,1000 t,154.0,I,domestic_supply
157,Nicaragua,2511,Wheat and products,5301,Domestic supply quantity,2011,1000 t,164.0,I,domestic_supply
157,Nicaragua,2511,Wheat and products,5123,Losses,2006,1000 t,3.0,I,losses
157,Nicaragua,2511,Wheat and products,5123,Losses,2007,1000 t,2.0,I,losses
157,Nicaragua,2511,Wheat and products,5123,Losses,2008,1000 t,2.0,I,losses
157,Nicaragua,2511,Wheat and products,5123,Losses,2009,1000 t,2.0,I,losses
157,Nicaragua,2511,Wheat and products,5123,Losses,2010,1000 t,2.0,I,losses
157,Nicaragua,2511,Wheat and products,5123,Losses,2011,1000 t,3.0,I,losses
157,Nicaragua,2511,Wheat and products,5142,Food,2006,1000 t,159.0,I,food
157,Nicaragua,2511,Wheat and products,5142,Food,2007,1000 t,146.0,I,food
157,Nicaragua,2511,Wheat and products,5142,Food,2008,1000 t,126.0,I,food
157,Nicaragua,2511,Wheat and products,5142,Food,2009,1000 t,145.0,I,food
157,Nicaragua,2511,Wheat and products,5142,Food,2010,1000 t,152.0,I,food
157,Nicaragua,2511,Wheat and products,5142,Food,2011,1000 t,161.0,I,food
158,Niger,2511,Wheat and products,5511,Production,2006,1000 t,8.0,I,production
158,Niger,2511,Wheat and products,5511,Production,2007,1000 t,7.0,I,production
158,Niger,2511,Wheat and products,5511,Production,2008,1000 t,9.0,I,production
158,Niger,2511,Wheat and products,5511,Production,2009,1000 t,9.0,I,production
158,Niger,2511,Wheat and products,5511,Production,2010,1000 t,9.0,I,production
158,Niger,2511,Wheat and products,5511,Production,2011,1000 t,3.0,I,production
158,Niger,2511,Wheat and products,5611,Import Quantity,2006,1000 t,58.0,I,imports
158,Niger,2511,Wheat and products,5611,Import Quantity,2007,1000 t,64.0,I,imports
158,Niger,2511,Wheat and products,5611,Import Quantity,2008,1000 t,55.0,I,imports
158,Niger,2511,Wheat and products,5611,Import Quantity,2009,1000 t,72.0,I,imports
158,Niger,2511,Wheat and products,5611,Import Quantity,2010,1000 t,101.0,I,imports
158,Niger,2511,Wheat and products,5611,Import Quantity,2011,1000 t,64.0,I,imports
158,Niger,2511,Wheat and products,5074,Stock Variation,2006,1000 t,0.0,I,stock_variation
158,Niger,2511,Wheat and products,5074,Stock Variation,2007,1000 t,0.0,I,stock_variation
158,Niger,2511,Wheat and products,5074,Stock Variation,2008,1000 t,0.0,I,stock_variation
158,Niger,2511,Wheat and products,5074,Stock Variation,2009,1000 t,0.0,I,stock_variation
158,Niger,2511,Wheat and products,5074,Stock Variation,2010,1000 t,0.0,I,stock_variation
158,Niger,2511,Wheat and products,5074,Stock Variation,2011,1000 t,0.0,I,stock_variation
158,Niger,2511,Wheat and products,5911,Export Quantity,2006,1000 t,0.0,I,exports
158,Niger,2511,Wheat and products,5911,Export Quantity,2007,1000 t,0.0,I,exports
158,Niger,2511,Wheat and products,5911,Export Quantity,2008,1000 t,1.0,I,exports
158,Niger,2511,Wheat and products,5911,Export Quantity,2009,1000 t,1.0,I,exports
158,Niger,2511,Wheat and products,5911,Export Quantity,2010,1000 t,7.0,I,exports
158,Niger,2511,Wheat and products,5911,Export Quantity,2011,1000 t,5.0,I,exports
158,Niger,2511,Wheat and products,5301,Domestic supply quantity,2006,1000 t,66.0,I,domestic_supply
158,Niger,2511,Wheat and products,5301,Domestic supply quantity,2007,1000 t,71.0,I,domestic_supply
158,Niger,2511,Wheat and products,5301,Domestic supply quantity,2008,1000 t,64.0,I,domestic_supply
158,Niger,2511,Wheat and products,5301,Domestic supply quantity,2009,1000 t,80.0,I,domestic_supply
158,Niger,2511,Wheat and products,5301,Domestic supply quantity,2010,1000 t,102.0,I,domestic_supply
158,Niger,2511,Wheat and products,5301,Domestic supply quantity,2011,1000 t,61.0,I,domestic_supply
158,Niger,2511,Wheat and products,5527,Seed,2006,1000 t,0.0,I,seed
158,Niger,2511,Wheat and products,5527,Seed,2007,1000 t,0.0,I,seed
158,Niger,2511,Wheat and products,5527,Seed,2008,1000 t,0.0,I,seed
158,Niger,2511,Wheat and products,5527,Seed,2009,1000 t,0.0,I,seed
158,Niger,2511,Wheat and products,5527,Seed,2010,1000 t,0.0,I,seed
158,Niger,2511,Wheat and products,5527,Seed,2011,1000 t,0.0,I,seed
158,Niger,2511,Wheat and products,5123,Losses,2006,1000 t,1.0,I,losses
158,Niger,2511,Wheat and products,5123,Losses,2007,1000 t,2.0,I,losses
158,Niger,2511,Wheat and products,5123,Losses,2008,1000 t,1.0,I,losses
158,Niger,2511,Wheat and products,5123,Losses,2009,1000 t,1.0,I,losses
158,Niger,2511,Wheat and products,5123,Losses,2010,1000 t,2.0,I,losses
158,Niger,2511,Wheat and products,5123,Losses,2011,1000 t,1.0,I,losses
158,Niger,2511,Wheat and products,5142,Food,2006,1000 t,64.0,I,food
158,Niger,2511,Wheat and products,5142,Food,2007,1000 t,69.0,I,food
158,Niger,2511,Wheat and products,5142,Food,2008,1000 t,62.0,I,food
158,Niger,2511,Wheat and products,5142,Food,2009,1000 t,79.0,I,food
158,Niger,2511,Wheat and products,5142,Food,2010,1000 t,100.0,I,food
158,Niger,2511,Wheat and products,5142,Food,2011,1000 t,60.0,I,food
159,Nigeria,2511,Wheat and products,5511,Production,2006,1000 t,71.0,I,production
159,Nigeria,2511,Wheat and products,5511,Production,2007,1000 t,44.0,I,production
159,Nigeria,2511,Wheat and products,5511,Production,2008,1000 t,53.0,I,production
159,Nigeria,2511,Wheat and products,5511,Production,2009,1000 t,80.0,I,production
159,Nigeria,2511,Wheat and products,5511,Production,2010,1000 t,110.0,I,production
159,Nigeria,2511,Wheat and products,5511,Production,2011,1000 t,165.0,I,production
159,Nigeria,2511,Wheat and products,5611,Import Quantity,2006,1000 t,3248.0,I,imports
159,Nigeria,2511,Wheat and products,5611,Import Quantity,2007,1000 t,3008.0,I,imports
159,Nigeria,2511,Wheat and products,5611,Import Quantity,2008,1000 t,3083.0,I,imports
159,Nigeria,2511,Wheat and products,5611,Import Quantity,2009,1000 t,3809.0,I,imports
159,Nigeria,2511,Wheat and products,5611,Import Quantity,2010,1000 t,3980.0,I,imports
159,Nigeria,2511,Wheat and products,5611,Import Quantity,2011,1000 t,4054.0,I,imports
159,Nigeria,2511,Wheat and products,5074,Stock Variation,2006,1000 t,1.0,I,stock_variation
159,Nigeria,2511,Wheat and products,5074,Stock Variation,2007,1000 t,2.0,I,stock_variation
159,Nigeria,2511,Wheat and products,5074,Stock Variation,2008,1000 t,3.0,I,stock_variation
159,Nigeria,2511,Wheat and products,5074,Stock Variation,2009,1000 t,1.0,I,stock_variation
159,Nigeria,2511,Wheat and products,5074,Stock Variation,2010,1000 t,0.0,I,stock_variation
159,Nigeria,2511,Wheat and products,5074,Stock Variation,2011,1000 t,0.0,I,stock_variation
159,Nigeria,2511,Wheat and products,5911,Export Quantity,2006,1000 t,5.0,I,exports
159,Nigeria,2511,Wheat and products,5911,Export Quantity,2007,1000 t,5.0,I,exports
159,Nigeria,2511,Wheat and products,5911,Export Quantity,2008,1000 t,6.0,I,exports
159,Nigeria,2511,Wheat and products,5911,Export Quantity,2009,1000 t,2.0,I,exports
159,Nigeria,2511,Wheat and products,5911,Export Quantity,2010,1000 t,2.0,I,exports
159,Nigeria,2511,Wheat and products,5911,Export Quantity,2011,1000 t,3.0,I,exports
159,Nigeria,2511,Wheat and products,5301,Domestic supply quantity,2006,1000 t,3315.0,I,domestic_supply
159,Nigeria,2511,Wheat and products,5301,Domestic supply quantity,2007,1000 t,3049.0,I,domestic_supply
159,Nigeria,2511,Wheat and products,5301,Domestic supply quantity,2008,1000 t,3133.0,I,domestic_supply
159,Nigeria,2511,Wheat and products,5301,Domestic supply quantity,2009,1000 t,3888.0,I,domestic_supply
159,Nigeria,2511,Wheat and products,5301,Domestic supply quantity,2010,1000 t,4089.0,I,domestic_supply
159,Nigeria,2511,Wheat and products,5301,Domestic supply quantity,2011,1000 t,4216.0,I,domestic_supply
159,Nigeria,2511,Wheat and products,5521,Feed,2006,1000 t,30.0,I,feed
159,Nigeria,2511,Wheat and products,5521,Feed,2007,1000 t,20.0,I,feed
159,Nigeria,2511,Wheat and products,5521,Feed,2008,1000 t,20.0,I,feed
159,Nigeria,2511,Wheat and products,5521,Feed,2009,1000 t,30.0,I,feed
159,Nigeria,2511,Wheat and products,5521,Feed,2010,1000 t,30.0,I,feed
159,Nigeria,2511,Wheat and products,5521,Feed,2011,1000 t,30.0,I,feed
159,Nigeria,2511,Wheat and products,5527,Seed,2006,1000 t,1.0,I,seed
159,Nigeria,2511,Wheat and products,5527,Seed,2007,1000 t,2.0,I,seed
159,Nigeria,2511,Wheat and products,5527,Seed,2008,1000 t,2.0,I,seed
159,Nigeria,2511,Wheat and products,5527,Seed,2009,1000 t,3.0,I,seed
159,Nigeria,2511,Wheat and products,5527,Seed,2010,1000 t,5.0,I,seed
159,Nigeria,2511,Wheat and products,5527,Seed,2011,1000 t,5.0,I,seed
159,Nigeria,2511,Wheat and products,5123,Losses,2006,1000 t,131.0,I,losses
159,Nigeria,2511,Wheat and products,5123,Losses,2007,1000 t,120.0,I,losses
159,Nigeria,2511,Wheat and products,5123,Losses,2008,1000 t,124.0,I,losses
159,Nigeria,2511,Wheat and products,5123,Losses,2009,1000 t,153.0,I,losses
159,Nigeria,2511,Wheat and products,5123,Losses,2010,1000 t,161.0,I,losses
159,Nigeria,2511,Wheat and products,5123,Losses,2011,1000 t,166.0,I,losses
159,Nigeria,2511,Wheat and products,5142,Food,2006,1000 t,3153.0,I,food
159,Nigeria,2511,Wheat and products,5142,Food,2007,1000 t,2907.0,I,food
159,Nigeria,2511,Wheat and products,5142,Food,2008,1000 t,2986.0,I,food
159,Nigeria,2511,Wheat and products,5142,Food,2009,1000 t,3701.0,I,food
159,Nigeria,2511,Wheat and products,5142,Food,2010,1000 t,3893.0,I,food
159,Nigeria,2511,Wheat and products,5142,Food,2011,1000 t,4016.0,I,food
154,North Macedonia,2511,Wheat and products,5511,Production,2006,1000 t,293.0,I,production
154,North Macedonia,2511,Wheat and products,5511,Production,2007,1000 t,218.0,I,production
154,North Macedonia,2511,Wheat and products,5511,Production,2008,1000 t,292.0,I,production
154,North Macedonia,2511,Wheat and products,5511,Production,2009,1000 t,271.0,I,production
154,North Macedonia,2511,Wheat and products,5511,Production,2010,1000 t,243.0,I,production
154,North Macedonia,2511,Wheat and products,5511,Production,2011,1000 t,256.0,I,production
154,North Macedonia,2511,Wheat and products,5611,Import Quantity,2006,1000 t,56.0,I,imports
154,North Macedonia,2511,Wheat and products,5611,Import Quantity,2007,1000 t,91.0,I,imports
154,North Macedonia,2511,Wheat and products,5611,Import Quantity,2008,1000 t,144.0,I,imports
154,North Macedonia,2511,Wheat and products,5611,Import Quantity,2009,1000 t,152.0,I,imports
154,North Macedonia,2511,Wheat and products,5611,Import Quantity,2010,1000 t,145.0,I,imports
154,North Macedonia,2511,Wheat and products,5611,Import Quantity,2011,1000 t,144.0,I,imports
154,North Macedonia,2511,Wheat and products,5074,Stock Variation,2006,1000 t,-28.0,I,stock_variation
154,North Macedonia,2511,Wheat and products,5074,Stock Variation,2007,1000 t,0.0,I,stock_variation
154,North Macedonia,2511,Wheat and products,5074,Stock Variation,2008,1000 t,-3.0,I,stock_variation
154,North Macedonia,2511,Wheat and products,5074,Stock Variation,2009,1000 t,-1.0,I,stock_variation
154,North Macedonia,2511,Wheat and products,5074,Stock Variation,2010,1000 t,0.0,I,stock_variation
154,North Macedonia,2511,Wheat and products,5074,Stock Variation,2011,1000 t,1.0,I,stock_variation
154,North Macedonia,2511,Wheat and products,5911,Export Quantity,2006,1000 t,12.0,I,exports
154,North Macedonia,2511,Wheat and products,5911,Export Quantity,2007,1000 t,13.0,I,exports
154,North Macedonia,2511,Wheat and products,5911,Export Quantity,2008,1000 t,19.0,I,exports
154,North Macedonia,2511,Wheat and products,5911,Export Quantity,2009,1000 t,18.0,I,exports
154,North Macedonia,2511,Wheat and products,5911,Export Quantity,2010,1000 t,25.0,I,exports
154,North Macedonia,2511,Wheat and products,5911,Export Quantity,2011,1000 t,29.0,I,exports
154,North Macedonia,2511,Wheat and products,5301,Domestic supply quantity,2006,1000 t,310.0,I,domestic_supply
154,North Macedonia,2511,Wheat and products,5301,Domestic supply quantity,2007,1000 t,296.0,I,domestic_supply
154,North Macedonia,2511,Wheat and products,5301,Domestic supply quantity,2008,1000 t,413.0,I,domestic_supply
154,North Macedonia,2511,Wheat and products,5301,Domestic supply quantity,2009,1000 t,404.0,I,domestic_supply
154,North Macedonia,2511,Wheat and products,5301,Domestic supply quantity,2010,1000 t,363.0,I,domestic_supply
154,North Macedonia,2511,Wheat and products,5301,Domestic supply quantity,2011,1000 t,373.0,I,domestic_supply
154,North Macedonia,2511,Wheat and products,5521,Feed,2006,1000 t,19.0,I,feed
154,North Macedonia,2511,Wheat and products,5521,Feed,2007,1000 t,15.0,I,feed
154,North Macedonia,2511,Wheat and products,5521,Feed,2008,1000 t,21.0,I,feed
154,North Macedonia,2511,Wheat and products,5521,Feed,2009,1000 t,20.0,I,feed
154,North Macedonia,2511,Wheat and products,5521,Feed,2010,1000 t,15.0,I,feed
154,North Macedonia,2511,Wheat and products,5521,Feed,2011,1000 t,20.0,I,feed
154,North Macedonia,2511,Wheat and products,5527,Seed,2006,1000 t,24.0,I,seed
154,North Macedonia,2511,Wheat and products,5527,Seed,2007,1000 t,24.0,I,seed
154,North Macedonia,2511,Wheat and products,5527,Seed,2008,1000 t,24.0,I,seed
154,North Macedonia,2511,Wheat and products,5527,Seed,2009,1000 t,22.0,I,seed
154,North Macedonia,2511,Wheat and products,5527,Seed,2010,1000 t,22.0,I,seed
154,North Macedonia,2511,Wheat and products,5527,Seed,2011,1000 t,22.0,I,seed
154,North Macedonia,2511,Wheat and products,5123,Losses,2006,1000 t,32.0,I,losses
154,North Macedonia,2511,Wheat and products,5123,Losses,2007,1000 t,28.0,I,losses
154,North Macedonia,2511,Wheat and products,5123,Losses,2008,1000 t,35.0,I,losses
154,North Macedonia,2511,Wheat and products,5123,Losses,2009,1000 t,32.0,I,losses
154,North Macedonia,2511,Wheat and products,5123,Losses,2010,1000 t,30.0,I,losses
154,North Macedonia,2511,Wheat and products,5123,Losses,2011,1000 t,33.0,I,losses
154,North Macedonia,2511,Wheat and products,5142,Food,2006,1000 t,223.0,I,food
154,North Macedonia,2511,Wheat and products,5142,Food,2007,1000 t,218.0,I,food
154,North Macedonia,2511,Wheat and products,5142,Food,2008,1000 t,216.0,I,food
154,North Macedonia,2511,Wheat and products,5142,Food,2009,1000 t,231.0,I,food
154,North Macedonia,2511,Wheat and products,5142,Food,2010,1000 t,219.0,I,food
154,North Macedonia,2511,Wheat and products,5142,Food,2011,1000 t,223.0,I,food
162,Norway,2511,Wheat and products,5511,Production,2006,1000 t,357.0,I,production
162,Norway,2511,Wheat and products,5511,Production,2007,1000 t,401.0,I,production
162,Norway,2511,Wheat and products,5511,Production,2008,1000 t,453.0,I,production
162,Norway,2511,Wheat and products,5511,Production,2009,1000 t,278.0,I,production
162,Norway,2511,Wheat and products,5511,Production,2010,1000 t,331.0,I,production
162,Norway,2511,Wheat and products,5511,Production,2011,1000 t,285.0,I,production
162,Norway,2511,Wheat and products,5611,Import Quantity,2006,1000 t,363.0,I,imports
162,Norway,2511,Wheat and products,5611,Import Quantity,2007,1000 t,423.0,I,imports
162,Norway,2511,Wheat and products,5611,Import Quantity,2008,1000 t,456.0,I,imports
162,Norway,2511,Wheat and products,5611,Import Quantity,2009,1000 t,451.0,I,imports
162,Norway,2511,Wheat and products,5611,Import Quantity,2010,1000 t,542.0,I,imports
162,Norway,2511,Wheat and products,5611,Import Quantity,2011,1000 t,572.0,I,imports
162,Norway,2511,Wheat and products,5074,Stock Variation,2006,1000 t,-45.0,I,stock_variation
162,Norway,2511,Wheat and products,5074,Stock Variation,2007,1000 t,-137.0,I,stock_variation
162,Norway,2511,Wheat and products,5074,Stock Variation,2008,1000 t,22.0,I,stock_variation
162,Norway,2511,Wheat and products,5074,Stock Variation,2009,1000 t,56.0,I,stock_variation
162,Norway,2511,Wheat and products,5074,Stock Variation,2010,1000 t,-104.0,I,stock_variation
162,Norway,2511,Wheat and products,5074,Stock Variation,2011,1000 t,21.0,I,stock_variation
162,Norway,2511,Wheat and products,5911,Export Quantity,2006,1000 t,11.0,I,exports
162,Norway,2511,Wheat and products,5911,Export Quantity,2007,1000 t,12.0,I,exports
162,Norway,2511,Wheat and products,5911,Export Quantity,2008,1000 t,12.0,I,exports
162,Norway,2511,Wheat and products,5911,Export Quantity,2009,1000 t,9.0,I,exports
162,Norway,2511,Wheat and products,5911,Export Quantity,2010,1000 t,11.0,I,exports
162,Norway,2511,Wheat and products,5911,Export Quantity,2011,1000 t,11.0,I,exports
162,Norway,2511,Wheat and products,5301,Domestic supply quantity,2006,1000 t,664.0,I,domestic_supply
162,Norway,2511,Wheat and products,5301,Domestic supply quantity,2007,1000 t,675.0,I,domestic_supply
162,Norway,2511,Wheat and products,5301,Domestic supply quantity,2008,1000 t,920.0,I,domestic_supply
162,Norway,2511,Wheat and products,5301,Domestic supply quantity,2009,1000 t,776.0,I,domestic_supply
162,Norway,2511,Wheat and products,5301,Domestic supply quantity,2010,1000 t,759.0,I,domestic_supply
162,Norway,2511,Wheat and products,5301,Domestic supply quantity,2011,1000 t,866.0,I,domestic_supply
162,Norway,2511,Wheat and products,5521,Feed,2006,1000 t,80.0,I,feed
162,Norway,2511,Wheat and products,5521,Feed,2007,1000 t,78.0,I,feed
162,Norway,2511,Wheat and products,5521,Feed,2008,1000 t,305.0,I,feed
162,Norway,2511,Wheat and products,5521,Feed,2009,1000 t,178.0,I,feed
162,Norway,2511,Wheat and products,5521,Feed,2010,1000 t,128.0,I,feed
162,Norway,2511,Wheat and products,5521,Feed,2011,1000 t,231.0,I,feed
162,Norway,2511,Wheat and products,5527,Seed,2006,1000 t,19.0,I,seed
162,Norway,2511,Wheat and products,5527,Seed,2007,1000 t,19.0,I,seed
162,Norway,2511,Wheat and products,5527,Seed,2008,1000 t,20.0,I,seed
162,Norway,2511,Wheat and products,5527,Seed,2009,1000 t,14.0,I,seed
162,Norway,2511,Wheat and products,5527,Seed,2010,1000 t,19.0,I,seed
162,Norway,2511,Wheat and products,5527,Seed,2011,1000 t,14.0,I,seed
162,Norway,2511,Wheat and products,5123,Losses,2006,1000 t,30.0,I,losses
162,Norway,2511,Wheat and products,5123,Losses,2007,1000 t,30.0,I,losses
162,Norway,2511,Wheat and products,5123,Losses,2008,1000 t,38.0,I,losses
162,Norway,2511,Wheat and products,5123,Losses,2009,1000 t,30.0,I,losses
162,Norway,2511,Wheat and products,5123,Losses,2010,1000 t,35.0,I,losses
162,Norway,2511,Wheat and products,5123,Losses,2011,1000 t,30.0,I,losses
162,Norway,2511,Wheat and products,5142,Food,2006,1000 t,476.0,I,food
162,Norway,2511,Wheat and products,5142,Food,2007,1000 t,484.0,I,food
162,Norway,2511,Wheat and products,5142,Food,2008,1000 t,481.0,I,food
162,Norway,2511,Wheat and products,5142,Food,2009,1000 t,502.0,I,food
162,Norway,2511,Wheat and products,5142,Food,2010,1000 t,489.0,I,food
162,Norway,2511,Wheat and products,5142,Food,2011,1000 t,491.0,I,food
221,Oman,2511,Wheat and products,5511,Production,2006,1000 t,1.0,I,production
221,Oman,2511,Wheat and products,5511,Production,2007,1000 t,1.0,I,production
221,Oman,2511,Wheat and products,5511,Production,2008,1000 t,1.0,I,production
221,Oman,2511,Wheat and products,5511,Production,2009,1000 t,2.0,I,production
221,Oman,2511,Wheat and products,5511,Production,2010,1000 t,2.0,I,production
221,Oman,2511,Wheat and products,5511,Production,2011,1000 t,2.0,I,production
221,Oman,2511,Wheat and products,5611,Import Quantity,2006,1000 t,264.0,I,imports
221,Oman,2511,Wheat and products,5611,Import Quantity,2007,1000 t,325.0,I,imports
221,Oman,2511,Wheat and products,5611,Import Quantity,2008,1000 t,305.0,I,imports
221,Oman,2511,Wheat and products,5611,Import Quantity,2009,1000 t,289.0,I,imports
221,Oman,2511,Wheat and products,5611,Import Quantity,2010,1000 t,582.0,I,imports
221,Oman,2511,Wheat and products,5611,Import Quantity,2011,1000 t,447.0,I,imports
221,Oman,2511,Wheat and products,5074,Stock Variation,2006,1000 t,20.0,I,stock_variation
221,Oman,2511,Wheat and products,5074,Stock Variation,2007,1000 t,-18.0,I,stock_variation
221,Oman,2511,Wheat and products,5074,Stock Variation,2008,1000 t,-15.0,I,stock_variation
221,Oman,2511,Wheat and products,5074,Stock Variation,2009,1000 t,45.0,I,stock_variation
221,Oman,2511,Wheat and products,5074,Stock Variation,2010,1000 t,-80.0,I,stock_variation
221,Oman,2511,Wheat and products,5074,Stock Variation,2011,1000 t,-25.0,I,stock_variation
221,Oman,2511,Wheat and products,5911,Export Quantity,2006,1000 t,141.0,I,exports
221,Oman,2511,Wheat and products,5911,Export Quantity,2007,1000 t,138.0,I,exports
221,Oman,2511,Wheat and products,5911,Export Quantity,2008,1000 t,122.0,I,exports
221,Oman,2511,Wheat and products,5911,Export Quantity,2009,1000 t,161.0,I,exports
221,Oman,2511,Wheat and products,5911,Export Quantity,2010,1000 t,157.0,I,exports
221,Oman,2511,Wheat and products,5911,Export Quantity,2011,1000 t,212.0,I,exports
221,Oman,2511,Wheat and products,5301,Domestic supply quantity,2006,1000 t,144.0,I,domestic_supply
221,Oman,2511,Wheat and products,5301,Domestic supply quantity,2007,1000 t,169.0,I,domestic_supply
221,Oman,2511,Wheat and products,5301,Domestic supply quantity,2008,1000 t,169.0,I,domestic_supply
221,Oman,2511,Wheat and products,5301,Domestic supply quantity,2009,1000 t,175.0,I,domestic_supply
221,Oman,2511,Wheat and products,5301,Domestic supply quantity,2010,1000 t,348.0,I,domestic_supply
221,Oman,2511,Wheat and products,5301,Domestic supply quantity,2011,1000 t,212.0,I,domestic_supply
221,Oman,2511,Wheat and products,5521,Feed,2006,1000 t,0.0,I,feed
221,Oman,2511,Wheat and products,5521,Feed,2007,1000 t,0.0,I,feed
221,Oman,2511,Wheat and products,5521,Feed,2008,1000 t,0.0,I,feed
221,Oman,2511,Wheat and products,5521,Feed,2009,1000 t,0.0,I,feed
221,Oman,2511,Wheat and products,5521,Feed,2010,1000 t,0.0,I,feed
221,Oman,2511,Wheat and products,5521,Feed,2011,1000 t,0.0,I,feed
221,Oman,2511,Wheat and products,5527,Seed,2006,1000 t,0.0,I,seed
221,Oman,2511,Wheat and products,5527,Seed,2007,1000 t,0.0,I,seed
221,Oman,2511,Wheat and products,5527,Seed,2008,1000 t,0.0,I,seed
221,Oman,2511,Wheat and products,5527,Seed,2009,1000 t,0.0,I,seed
221,Oman,2511,Wheat and products,5527,Seed,2010,1000 t,0.0,I,seed
221,Oman,2511,Wheat and products,5527,Seed,2011,1000 t,0.0,I,seed
221,Oman,2511,Wheat and products,5123,Losses,2006,1000 t,6.0,I,losses
221,Oman,2511,Wheat and products,5123,Losses,2007,1000 t,7.0,I,losses
221,Oman,2511,Wheat and products,5123,Losses,2008,1000 t,7.0,I,losses
221,Oman,2511,Wheat and products,5123,Losses,2009,1000 t,7.0,I,losses
221,Oman,2511,Wheat and products,5123,Losses,2010,1000 t,7.0,I,losses
221,Oman,2511,Wheat and products,5123,Losses,2011,1000 t,6.0,I,losses
221,Oman,2511,Wheat and products,5142,Food,2006,1000 t,132.0,I,food
221,Oman,2511,Wheat and products,5142,Food,2007,1000 t,142.0,I,food
221,Oman,2511,Wheat and products,5142,Food,2008,1000 t,139.0,I,food
221,Oman,2511,Wheat and products,5142,Food,2009,1000 t,142.0,I,food
221,Oman,2511,Wheat and products,5142,Food,2010,1000 t,161.0,I,food
221,Oman,2511,Wheat and products,5142,Food,2011,1000 t,188.0,I,food
165,Pakistan,2511,Wheat and products,5511,Production,2006,1000 t,21277.0,I,production
165,Pakistan,2511,Wheat and products,5511,Production,2007,1000 t,23295.0,I,production
165,Pakistan,2511,Wheat and products,5511,Production,2008,1000 t,20959.0,I,production
165,Pakistan,2511,Wheat and products,5511,Production,2009,1000 t,24033.0,I,production
165,Pakistan,2511,Wheat and products,5511,Production,2010,1000 t,23311.0,I,production
165,Pakistan,2511,Wheat and products,5511,Production,2011,1000 t,25214.0,I,production
165,Pakistan,2511,Wheat and products,5611,Import Quantity,2006,1000 t,873.0,I,imports
165,Pakistan,2511,Wheat and products,5611,Import Quantity,2007,1000 t,139.0,I,imports
165,Pakistan,2511,Wheat and products,5611,Import Quantity,2008,1000 t,1835.0,I,imports
165,Pakistan,2511,Wheat and products,5611,Import Quantity,2009,1000 t,3104.0,I,imports
165,Pakistan,2511,Wheat and products,5611,Import Quantity,2010,1000 t,203.0,I,imports
165,Pakistan,2511,Wheat and products,5611,Import Quantity,2011,1000 t,63.0,I,imports
165,Pakistan,2511,Wheat and products,5074,Stock Variation,2006,1000 t,554.0,I,stock_variation
165,Pakistan,2511,Wheat and products,5074,Stock Variation,2007,1000 t,-993.0,I,stock_variation
165,Pakistan,2511,Wheat and products,5074,Stock Variation,2008,1000 t,-469.0,I,stock_variation
165,Pakistan,2511,Wheat and products,5074,Stock Variation,2009,1000 t,-3750.0,I,stock_variation
165,Pakistan,2511,Wheat and products,5074,Stock Variation,2010,1000 t,-296.0,I,stock_variation
165,Pakistan,2511,Wheat and products,5074,Stock Variation,2011,1000 t,2149.0,I,stock_variation
165,Pakistan,2511,Wheat and products,5911,Export Quantity,2006,1000 t,567.0,I,exports
165,Pakistan,2511,Wheat and products,5911,Export Quantity,2007,1000 t,1079.0,I,exports
165,Pakistan,2511,Wheat and products,5911,Export Quantity,2008,1000 t,346.0,I,exports
165,Pakistan,2511,Wheat and products,5911,Export Quantity,2009,1000 t,160.0,I,exports
165,Pakistan,2511,Wheat and products,5911,Export Quantity,2010,1000 t,28.0,I,exports
165,Pakistan,2511,Wheat and products,5911,Export Quantity,2011,1000 t,3577.0,I,exports
165,Pakistan,2511,Wheat and products,5301,Domestic supply quantity,2006,1000 t,22137.0,I,domestic_supply
165,Pakistan,2511,Wheat and products,5301,Domestic supply quantity,2007,1000 t,21361.0,I,domestic_supply
165,Pakistan,2511,Wheat and products,5301,Domestic supply quantity,2008,1000 t,21978.0,I,domestic_supply
165,Pakistan,2511,Wheat and products,5301,Domestic supply quantity,2009,1000 t,23227.0,I,domestic_supply
165,Pakistan,2511,Wheat and products,5301,Domestic supply quantity,2010,1000 t,23189.0,I,domestic_supply
165,Pakistan,2511,Wheat and products,5301,Domestic supply quantity,2011,1000 t,23849.0,I,domestic_supply
165,Pakistan,2511,Wheat and products,5521,Feed,2006,1000 t,426.0,I,feed
165,Pakistan,2511,Wheat and products,5521,Feed,2007,1000 t,466.0,I,feed
165,Pakistan,2511,Wheat and products,5521,Feed,2008,1000 t,419.0,I,feed
165,Pakistan,2511,Wheat and products,5521,Feed,2009,1000 t,481.0,I,feed
165,Pakistan,2511,Wheat and products,5521,Feed,2010,1000 t,466.0,I,feed
165,Pakistan,2511,Wheat and products,5521,Feed,2011,1000 t,505.0,I,feed
165,Pakistan,2511,Wheat and products,5527,Seed,2006,1000 t,1170.0,I,seed
165,Pakistan,2511,Wheat and products,5527,Seed,2007,1000 t,1281.0,I,seed
165,Pakistan,2511,Wheat and products,5527,Seed,2008,1000 t,1153.0,I,seed
165,Pakistan,2511,Wheat and products,5527,Seed,2009,1000 t,1322.0,I,seed
165,Pakistan,2511,Wheat and products,5527,Seed,2010,1000 t,1282.0,I,seed
165,Pakistan,2511,Wheat and products,5527,Seed,2011,1000 t,1400.0,I,seed
165,Pakistan,2511,Wheat and products,5123,Losses,2006,1000 t,552.0,I,losses
165,Pakistan,2511,Wheat and products,5123,Losses,2007,1000 t,586.0,I,losses
165,Pakistan,2511,Wheat and products,5123,Losses,2008,1000 t,569.0,I,losses
165,Pakistan,2511,Wheat and products,5123,Losses,2009,1000 t,678.0,I,losses
165,Pakistan,2511,Wheat and products,5123,Losses,2010,1000 t,585.0,I,losses
165,Pakistan,2511,Wheat and products,5123,Losses,2011,1000 t,631.0,I,losses
165,Pakistan,2511,Wheat and products,5142,Food,2006,1000 t,18881.0,I,food
165,Pakistan,2511,Wheat and products,5142,Food,2007,1000 t,17853.0,I,food
165,Pakistan,2511,Wheat and products,5142,Food,2008,1000 t,18694.0,I,food
165,Pakistan,2511,Wheat and products,5142,Food,2009,1000 t,19388.0,I,food
165,Pakistan,2511,Wheat and products,5142,Food,2010,1000 t,19681.0,I,food
165,Pakistan,2511,Wheat and products,5142,Food,2011,1000 t,20048.0,I,food
166,Panama,2511,Wheat and products,5611,Import Quantity,2006,1000 t,126.0,I,imports
166,Panama,2511,Wheat and products,5611,Import Quantity,2007,1000 t,148.0,I,imports
166,Panama,2511,Wheat and products,5611,Import Quantity,2008,1000 t,150.0,I,imports
166,Panama,2511,Wheat and products,5611,Import Quantity,2009,1000 t,148.0,I,imports
166,Panama,2511,Wheat and products,5611,Import Quantity,2010,1000 t,175.0,I,imports
166,Panama,2511,Wheat and products,5611,Import Quantity,2011,1000 t,190.0,I,imports
166,Panama,2511,Wheat and products,5074,Stock Variation,2006,1000 t,10.0,I,stock_variation
166,Panama,2511,Wheat and products,5074,Stock Variation,2007,1000 t,-2.0,I,stock_variation
166,Panama,2511,Wheat and products,5074,Stock Variation,2008,1000 t,7.0,I,stock_variation
166,Panama,2511,Wheat and products,5074,Stock Variation,2009,1000 t,-7.0,I,stock_variation
166,Panama,2511,Wheat and products,5074,Stock Variation,2010,1000 t,-12.0,I,stock_variation
166,Panama,2511,Wheat and products,5074,Stock Variation,2011,1000 t,2.0,I,stock_variation
166,Panama,2511,Wheat and products,5911,Export Quantity,2006,1000 t,2.0,I,exports
166,Panama,2511,Wheat and products,5911,Export Quantity,2007,1000 t,2.0,I,exports
166,Panama,2511,Wheat and products,5911,Export Quantity,2008,1000 t,2.0,I,exports
166,Panama,2511,Wheat and products,5911,Export Quantity,2009,1000 t,3.0,I,exports
166,Panama,2511,Wheat and products,5911,Export Quantity,2010,1000 t,1.0,I,exports
166,Panama,2511,Wheat and products,5911,Export Quantity,2011,1000 t,1.0,I,exports
166,Panama,2511,Wheat and products,5301,Domestic supply quantity,2006,1000 t,134.0,I,domestic_supply
166,Panama,2511,Wheat and products,5301,Domestic supply quantity,2007,1000 t,144.0,I,domestic_supply
166,Panama,2511,Wheat and products,5301,Domestic supply quantity,2008,1000 t,154.0,I,domestic_supply
166,Panama,2511,Wheat and products,5301,Domestic supply quantity,2009,1000 t,138.0,I,domestic_supply
166,Panama,2511,Wheat and products,5301,Domestic supply quantity,2010,1000 t,162.0,I,domestic_supply
166,Panama,2511,Wheat and products,5301,Domestic supply quantity,2011,1000 t,191.0,I,domestic_supply
166,Panama,2511,Wheat and products,5123,Losses,2006,1000 t,1.0,I,losses
166,Panama,2511,Wheat and products,5123,Losses,2007,1000 t,1.0,I,losses
166,Panama,2511,Wheat and products,5123,Losses,2008,1000 t,1.0,I,losses
166,Panama,2511,Wheat and products,5123,Losses,2009,1000 t,1.0,I,losses
166,Panama,2511,Wheat and products,5123,Losses,2010,1000 t,1.0,I,losses
166,Panama,2511,Wheat and products,5123,Losses,2011,1000 t,1.0,I,losses
166,Panama,2511,Wheat and products,5142,Food,2006,1000 t,129.0,I,food
166,Panama,2511,Wheat and products,5142,Food,2007,1000 t,121.0,I,food
166,Panama,2511,Wheat and products,5142,Food,2008,1000 t,129.0,I,food
166,Panama,2511,Wheat and products,5142,Food,2009,1000 t,127.0,I,food
166,Panama,2511,Wheat and products,5142,Food,2010,1000 t,136.0,I,food
166,Panama,2511,Wheat and products,5142,Food,2011,1000 t,141.0,I,food
169,Paraguay,2511,Wheat and products,5511,Production,2006,1000 t,800.0,I,production
169,Paraguay,2511,Wheat and products,5511,Production,2007,1000 t,800.0,I,production
169,Paraguay,2511,Wheat and products,5511,Production,2008,1000 t,800.0,I,production
169,Paraguay,2511,Wheat and products,5511,Production,2009,1000 t,1067.0,I,production
169,Paraguay,2511,Wheat and products,5511,Production,2010,1000 t,1402.0,I,production
169,Paraguay,2511,Wheat and products,5511,Production,2011,1000 t,1464.0,I,production
169,Paraguay,2511,Wheat and products,5611,Import Quantity,2006,1000 t,27.0,I,imports
169,Paraguay,2511,Wheat and products,5611,Import Quantity,2007,1000 t,50.0,I,imports
169,Paraguay,2511,Wheat and products,5611,Import Quantity,2008,1000 t,39.0,I,imports
169,Paraguay,2511,Wheat and products,5611,Import Quantity,2009,1000 t,33.0,I,imports
169,Paraguay,2511,Wheat and products,5611,Import Quantity,2010,1000 t,35.0,I,imports
169,Paraguay,2511,Wheat and products,5611,Import Quantity,2011,1000 t,35.0,I,imports
169,Paraguay,2511,Wheat and products,5074,Stock Variation,2006,1000 t,-170.0,I,stock_variation
169,Paraguay,2511,Wheat and products,5074,Stock Variation,2007,1000 t,-160.0,I,stock_variation
169,Paraguay,2511,Wheat and products,5074,Stock Variation,2008,1000 t,170.0,I,stock_variation
169,Paraguay,2511,Wheat and products,5074,Stock Variation,2009,1000 t,240.0,I,stock_variation
169,Paraguay,2511,Wheat and products,5074,Stock Variation,2010,1000 t,90.0,I,stock_variation
169,Paraguay,2511,Wheat and products,5074,Stock Variation,2011,1000 t,-330.0,I,stock_variation
169,Paraguay,2511,Wheat and products,5911,Export Quantity,2006,1000 t,256.0,I,exports
169,Paraguay,2511,Wheat and products,5911,Export Quantity,2007,1000 t,276.0,I,exports
169,Paraguay,2511,Wheat and products,5911,Export Quantity,2008,1000 t,584.0,I,exports
169,Paraguay,2511,Wheat and products,5911,Export Quantity,2009,1000 t,875.0,I,exports
169,Paraguay,2511,Wheat and products,5911,Export Quantity,2010,1000 t,1115.0,I,exports
169,Paraguay,2511,Wheat and products,5911,Export Quantity,2011,1000 t,666.0,I,exports
169,Paraguay,2511,Wheat and products,5301,Domestic supply quantity,2006,1000 t,401.0,I,domestic_supply
169,Paraguay,2511,Wheat and products,5301,Domestic supply quantity,2007,1000 t,413.0,I,domestic_supply
169,Paraguay,2511,Wheat and products,5301,Domestic supply quantity,2008,1000 t,424.0,I,domestic_supply
169,Paraguay,2511,Wheat and products,5301,Domestic supply quantity,2009,1000 t,465.0,I,domestic_supply
169,Paraguay,2511,Wheat and products,5301,Domestic supply quantity,2010,1000 t,411.0,I,domestic_supply
169,Paraguay,2511,Wheat and products,5301,Domestic supply quantity,2011,1000 t,504.0,I,domestic_supply
169,Paraguay,2511,Wheat and products,5521,Feed,2006,1000 t,120.0,I,feed
169,Paraguay,2511,Wheat and products,5521,Feed,2007,1000 t,120.0,I,feed
169,Paraguay,2511,Wheat and products,5521,Feed,2008,1000 t,120.0,I,feed
169,Paraguay,2511,Wheat and products,5521,Feed,2009,1000 t,160.0,I,feed
169,Paraguay,2511,Wheat and products,5521,Feed,2010,1000 t,150.0,I,feed
169,Paraguay,2511,Wheat and products,5521,Feed,2011,1000 t,180.0,I,feed
169,Paraguay,2511,Wheat and products,5527,Seed,2006,1000 t,35.0,I,seed
169,Paraguay,2511,Wheat and products,5527,Seed,2007,1000 t,30.0,I,seed
169,Paraguay,2511,Wheat and products,5527,Seed,2008,1000 t,32.0,I,seed
169,Paraguay,2511,Wheat and products,5527,Seed,2009,1000 t,32.0,I,seed
169,Paraguay,2511,Wheat and products,5527,Seed,2010,1000 t,32.0,I,seed
169,Paraguay,2511,Wheat and products,5527,Seed,2011,1000 t,35.0,I,seed
169,Paraguay,2511,Wheat and products,5123,Losses,2006,1000 t,82.0,I,losses
169,Paraguay,2511,Wheat and products,5123,Losses,2007,1000 t,82.0,I,losses
169,Paraguay,2511,Wheat and products,5123,Losses,2008,1000 t,82.0,I,losses
169,Paraguay,2511,Wheat and products,5123,Losses,2009,1000 t,80.0,I,losses
169,Paraguay,2511,Wheat and products,5123,Losses,2010,1000 t,30.0,I,losses
169,Paraguay,2511,Wheat and products,5123,Losses,2011,1000 t,82.0,I,losses
169,Paraguay,2511,Wheat and products,5142,Food,2006,1000 t,164.0,I,food
169,Paraguay,2511,Wheat and products,5142,Food,2007,1000 t,181.0,I,food
169,Paraguay,2511,Wheat and products,5142,Food,2008,1000 t,191.0,I,food
169,Paraguay,2511,Wheat and products,5142,Food,2009,1000 t,193.0,I,food
169,Paraguay,2511,Wheat and products,5142,Food,2010,1000 t,200.0,I,food
169,Paraguay,2511,Wheat and products,5142,Food,2011,1000 t,207.0,I,food
170,Peru,2511,Wheat and products,5511,Production,2006,1000 t,191.0,I,production
170,Peru,2511,Wheat and products,5511,Production,2007,1000 t,182.0,I,production
170,Peru,2511,Wheat and products,5511,Production,2008,1000 t,207.0,I,production
170,Peru,2511,Wheat and products,5511,Production,2009,1000 t,226.0,I,production
170,Peru,2511,Wheat and products,5511,Production,2010,1000 t,219.0,I,production
170,Peru,2511,Wheat and products,5511,Production,2011,1000 t,214.0,I,production
170,Peru,2511,Wheat and products,5611,Import Quantity,2006,1000 t,1479.0,I,imports
170,Peru,2511,Wheat and products,5611,Import Quantity,2007,1000 t,1541.0,I,imports
170,Peru,2511,Wheat and products,5611,Import Quantity,2008,1000 t,1524.0,I,imports
170,Peru,2511,Wheat and products,5611,Import Quantity,2009,1000 t,1543.0,I,imports
170,Peru,2511,Wheat and products,5611,Import Quantity,2010,1000 t,1735.0,I,imports
170,Peru,2511,Wheat and products,5611,Import Quantity,2011,1000 t,1741.0,I,imports
170,Peru,2511,Wheat and products,5074,Stock Variation,2006,1000 t,0.0,I,stock_variation
170,Peru,2511,Wheat and products,5074,Stock Variation,2007,1000 t,0.0,I,stock_variation
170,Peru,2511,Wheat and products,5074,Stock Variation,2008,1000 t,0.0,I,stock_variation
170,Peru,2511,Wheat and products,5074,Stock Variation,2009,1000 t,0.0,I,stock_variation
170,Peru,2511,Wheat and products,5074,Stock Variation,2010,1000 t,0.0,I,stock_variation
170,Peru,2511,Wheat and products,5074,Stock Variation,2011,1000 t,0.0,I,stock_variation
170,Peru,2511,Wheat and products,5911,Export Quantity,2006,1000 t,94.0,I,exports
170,Peru,2511,Wheat and products,5911,Export Quantity,2007,1000 t,89.0,I,exports
170,Peru,2511,Wheat and products,5911,Export Quantity,2008,1000 t,108.0,I,exports
170,Peru,2511,Wheat and products,5911,Export Quantity,2009,1000 t,93.0,I,exports
170,Peru,2511,Wheat and products,5911,Export Quantity,2010,1000 t,123.0,I,exports
170,Peru,2511,Wheat and products,5911,Export Quantity,2011,1000 t,151.0,I,exports
170,Peru,2511,Wheat and products,5301,Domestic supply quantity,2006,1000 t,1576.0,I,domestic_supply
170,Peru,2511,Wheat and products,5301,Domestic supply quantity,2007,1000 t,1633.0,I,domestic_supply
170,Peru,2511,Wheat and products,5301,Domestic supply quantity,2008,1000 t,1622.0,I,domestic_supply
170,Peru,2511,Wheat and products,5301,Domestic supply quantity,2009,1000 t,1677.0,I,domestic_supply
170,Peru,2511,Wheat and products,5301,Domestic supply quantity,2010,1000 t,1831.0,I,domestic_supply
170,Peru,2511,Wheat and products,5301,Domestic supply quantity,2011,1000 t,1804.0,I,domestic_supply
170,Peru,2511,Wheat and products,5527,Seed,2006,1000 t,22.0,I,seed
170,Peru,2511,Wheat and products,5527,Seed,2007,1000 t,22.0,I,seed
170,Peru,2511,Wheat and products,5527,Seed,2008,1000 t,22.0,I,seed
170,Peru,2511,Wheat and products,5527,Seed,2009,1000 t,23.0,I,seed
170,Peru,2511,Wheat and products,5527,Seed,2010,1000 t,25.0,I,seed
170,Peru,2511,Wheat and products,5527,Seed,2011,1000 t,25.0,I,seed
170,Peru,2511,Wheat and products,5123,Losses,2006,1000 t,61.0,I,losses
170,Peru,2511,Wheat and products,5123,Losses,2007,1000 t,74.0,I,losses
170,Peru,2511,Wheat and products,5123,Losses,2008,1000 t,119.0,I,losses
170,Peru,2511,Wheat and products,5123,Losses,2009,1000 t,122.0,I,losses
170,Peru,2511,Wheat and products,5123,Losses,2010,1000 t,134.0,I,losses
170,Peru,2511,Wheat and products,5123,Losses,2011,1000 t,133.0,I,losses
170,Peru,2511,Wheat and products,5142,Food,2006,1000 t,1493.0,I,food
170,Peru,2511,Wheat and products,5142,Food,2007,1000 t,1538.0,I,food
170,Peru,2511,Wheat and products,5142,Food,2008,1000 t,1482.0,I,food
170,Peru,2511,Wheat and products,5142,Food,2009,1000 t,1531.0,I,food
170,Peru,2511,Wheat and products,5142,Food,2010,1000 t,1670.0,I,food
170,Peru,2511,Wheat and products,5142,Food,2011,1000 t,1608.0,I,food
171,Philippines,2511,Wheat and products,5611,Import Quantity,2006,1000 t,2886.0,I,imports
171,Philippines,2511,Wheat and products,5611,Import Quantity,2007,1000 t,1987.0,I,imports
171,Philippines,2511,Wheat and products,5611,Import Quantity,2008,1000 t,1818.0,I,imports
171,Philippines,2511,Wheat and products,5611,Import Quantity,2009,1000 t,3252.0,I,imports
171,Philippines,2511,Wheat and products,5611,Import Quantity,2010,1000 t,2075.0,I,imports
171,Philippines,2511,Wheat and products,5611,Import Quantity,2011,1000 t,3014.0,I,imports
171,Philippines,2511,Wheat and products,5074,Stock Variation,2006,1000 t,-512.0,I,stock_variation
171,Philippines,2511,Wheat and products,5074,Stock Variation,2007,1000 t,-217.0,I,stock_variation
171,Philippines,2511,Wheat and products,5074,Stock Variation,2008,1000 t,-112.0,I,stock_variation
171,Philippines,2511,Wheat and products,5074,Stock Variation,2009,1000 t,-624.0,I,stock_variation
171,Philippines,2511,Wheat and products,5074,Stock Variation,2010,1000 t,1103.0,I,stock_variation
171,Philippines,2511,Wheat and products,5074,Stock Variation,2011,1000 t,8.0,I,stock_variation
171,Philippines,2511,Wheat and products,5911,Export Quantity,2006,1000 t,43.0,I,exports
171,Philippines,2511,Wheat and products,5911,Export Quantity,2007,1000 t,37.0,I,exports
171,Philippines,2511,Wheat and products,5911,Export Quantity,2008,1000 t,43.0,I,exports
171,Philippines,2511,Wheat and products,5911,Export Quantity,2009,1000 t,42.0,I,exports
171,Philippines,2511,Wheat and products,5911,Export Quantity,2010,1000 t,52.0,I,exports
171,Philippines,2511,Wheat and products,5911,Export Quantity,2011,1000 t,58.0,I,exports
171,Philippines,2511,Wheat and products,5301,Domestic supply quantity,2006,1000 t,2331.0,I,domestic_supply
171,Philippines,2511,Wheat and products,5301,Domestic supply quantity,2007,1000 t,1733.0,I,domestic_supply
171,Philippines,2511,Wheat and products,5301,Domestic supply quantity,2008,1000 t,1662.0,I,domestic_supply
171,Philippines,2511,Wheat and products,5301,Domestic supply quantity,2009,1000 t,2586.0,I,domestic_supply
171,Philippines,2511,Wheat and products,5301,Domestic supply quantity,2010,1000 t,3126.0,I,domestic_supply
171,Philippines,2511,Wheat and products,5301,Domestic supply quantity,2011,1000 t,2964.0,I,domestic_supply
171,Philippines,2511,Wheat and products,5521,Feed,2006,1000 t,500.0,I,feed
171,Philippines,2511,Wheat and products,5521,Feed,2007,1000 t,400.0,I,feed
171,Philippines,2511,Wheat and products,5521,Feed,2008,1000 t,600.0,I,feed
171,Philippines,2511,Wheat and products,5521,Feed,2009,1000 t,900.0,I,feed
171,Philippines,2511,Wheat and products,5521,Feed,2010,1000 t,900.0,I,feed
171,Philippines,2511,Wheat and products,5521,Feed,2011,1000 t,950.0,I,feed
171,Philippines,2511,Wheat and products,5142,Food,2006,1000 t,1827.0,I,food
171,Philippines,2511,Wheat and products,5142,Food,2007,1000 t,1330.0,I,food
171,Philippines,2511,Wheat and products,5142,Food,2008,1000 t,1060.0,I,food
171,Philippines,2511,Wheat and products,5142,Food,2009,1000 t,1681.0,I,food
171,Philippines,2511,Wheat and products,5142,Food,2010,1000 t,2221.0,I,food
171,Philippines,2511,Wheat and products,5142,Food,2011,1000 t,2011.0,I,food
173,Poland,2511,Wheat and products,5511,Production,2006,1000 t,7060.0,I,production
173,Poland,2511,Wheat and products,5511,Production,2007,1000 t,8317.0,I,production
173,Poland,2511,Wheat and products,5511,Production,2008,1000 t,9275.0,I,production
173,Poland,2511,Wheat and products,5511,Production,2009,1000 t,9790.0,I,production
173,Poland,2511,Wheat and products,5511,Production,2010,1000 t,9488.0,I,production
173,Poland,2511,Wheat and products,5511,Production,2011,1000 t,9339.0,I,production
173,Poland,2511,Wheat and products,5611,Import Quantity,2006,1000 t,761.0,I,imports
173,Poland,2511,Wheat and products,5611,Import Quantity,2007,1000 t,1384.0,I,imports
173,Poland,2511,Wheat and products,5611,Import Quantity,2008,1000 t,1403.0,I,imports
173,Poland,2511,Wheat and products,5611,Import Quantity,2009,1000 t,920.0,I,imports
173,Poland,2511,Wheat and products,5611,Import Quantity,2010,1000 t,1018.0,I,imports
173,Poland,2511,Wheat and products,5611,Import Quantity,2011,1000 t,1183.0,I,imports
173,Poland,2511,Wheat and products,5074,Stock Variation,2006,1000 t,121.0,I,stock_variation
173,Poland,2511,Wheat and products,5074,Stock Variation,2007,1000 t,21.0,I,stock_variation
173,Poland,2511,Wheat and products,5074,Stock Variation,2008,1000 t,-783.0,I,stock_variation
173,Poland,2511,Wheat and products,5074,Stock Variation,2009,1000 t,901.0,I,stock_variation
173,Poland,2511,Wheat and products,5074,Stock Variation,2010,1000 t,750.0,I,stock_variation
173,Poland,2511,Wheat and products,5074,Stock Variation,2011,1000 t,227.0,I,stock_variation
173,Poland,2511,Wheat and products,5911,Export Quantity,2006,1000 t,893.0,I,exports
173,Poland,2511,Wheat and products,5911,Export Quantity,2007,1000 t,622.0,I,exports
173,Poland,2511,Wheat and products,5911,Export Quantity,2008,1000 t,657.0,I,exports
173,Poland,2511,Wheat and products,5911,Export Quantity,2009,1000 t,2419.0,I,exports
173,Poland,2511,Wheat and products,5911,Export Quantity,2010,1000 t,1330.0,I,exports
173,Poland,2511,Wheat and products,5911,Export Quantity,2011,1000 t,1263.0,I,exports
173,Poland,2511,Wheat and products,5301,Domestic supply quantity,2006,1000 t,7048.0,I,domestic_supply
173,Poland,2511,Wheat and products,5301,Domestic supply quantity,2007,1000 t,9101.0,I,domestic_supply
173,Poland,2511,Wheat and products,5301,Domestic supply quantity,2008,1000 t,9238.0,I,domestic_supply
173,Poland,2511,Wheat and products,5301,Domestic supply quantity,2009,1000 t,9192.0,I,domestic_supply
173,Poland,2511,Wheat and products,5301,Domestic supply quantity,2010,1000 t,9926.0,I,domestic_supply
173,Poland,2511,Wheat and products,5301,Domestic supply quantity,2011,1000 t,9486.0,I,domestic_supply
173,Poland,2511,Wheat and products,5521,Feed,2006,1000 t,1500.0,I,feed
173,Poland,2511,Wheat and products,5521,Feed,2007,1000 t,3494.0,I,feed
173,Poland,2511,Wheat and products,5521,Feed,2008,1000 t,3486.0,I,feed
173,Poland,2511,Wheat and products,5521,Feed,2009,1000 t,3324.0,I,feed
173,Poland,2511,Wheat and products,5521,Feed,2010,1000 t,3877.0,I,feed
173,Poland,2511,Wheat and products,5521,Feed,2011,1000 t,3600.0,I,feed
173,Poland,2511,Wheat and products,5527,Seed,2006,1000 t,570.0,I,seed
173,Poland,2511,Wheat and products,5527,Seed,2007,1000 t,585.0,I,seed
173,Poland,2511,Wheat and products,5527,Seed,2008,1000 t,585.0,I,seed
173,Poland,2511,Wheat and products,5527,Seed,2009,1000 t,610.0,I,seed
173,Poland,2511,Wheat and products,5527,Seed,2010,1000 t,605.0,I,seed
173,Poland,2511,Wheat and products,5527,Seed,2011,1000 t,638.0,I,seed
173,Poland,2511,Wheat and products,5123,Losses,2006,1000 t,338.0,I,losses
173,Poland,2511,Wheat and products,5123,Losses,2007,1000 t,388.0,I,losses
173,Poland,2511,Wheat and products,5123,Losses,2008,1000 t,418.0,I,losses
173,Poland,2511,Wheat and products,5123,Losses,2009,1000 t,450.0,I,losses
173,Poland,2511,Wheat and products,5123,Losses,2010,1000 t,607.0,I,losses
173,Poland,2511,Wheat and products,5123,Losses,2011,1000 t,430.0,I,losses
173,Poland,2511,Wheat and products,5142,Food,2006,1000 t,4084.0,I,food
173,Poland,2511,Wheat and products,5142,Food,2007,1000 t,4043.0,I,food
173,Poland,2511,Wheat and products,5142,Food,2008,1000 t,4139.0,I,food
173,Poland,2511,Wheat and products,5142,Food,2009,1000 t,4182.0,I,food
173,Poland,2511,Wheat and products,5142,Food,2010,1000 t,4197.0,I,food
173,Poland,2511,Wheat and products,5142,Food,2011,1000 t,4181.0,I,food
174,Portugal,2511,Wheat and products,5511,Production,2006,1000 t,250.0,I,production
174,Portugal,2511,Wheat and products,5511,Production,2007,1000 t,136.0,I,production
174,Portugal,2511,Wheat and products,5511,Production,2008,1000 t,203.0,I,production
174,Portugal,2511,Wheat and products,5511,Production,2009,1000 t,124.0,I,production
174,Portugal,2511,Wheat and products,5511,Production,2010,1000 t,83.0,I,production
174,Portugal,2511,Wheat and products,5511,Production,2011,1000 t,51.0,I,production
174,Portugal,2511,Wheat and products,5611,Import Quantity,2006,1000 t,1693.0,I,imports
174,Portugal,2511,Wheat and products,5611,Import Quantity,2007,1000 t,1490.0,I,imports
174,Portugal,2511,Wheat and products,5611,Import Quantity,2008,1000 t,1593.0,I,imports
174,Portugal,2511,Wheat and products,5611,Import Quantity,2009,1000 t,1847.0,I,imports
174,Portugal,2511,Wheat and products,5611,Import Quantity,2010,1000 t,1763.0,I,imports
174,Portugal,2511,Wheat and products,5611,Import Quantity,2011,1000 t,1526.0,I,imports
174,Portugal,2511,Wheat and products,5074,Stock Variation,2006,1000 t,-75.0,I,stock_variation
174,Portugal,2511,Wheat and products,5074,Stock Variation,2007,1000 t,150.0,I,stock_variation
174,Portugal,2511,Wheat and products,5074,Stock Variation,2008,1000 t,-100.0,I,stock_variation
174,Portugal,2511,Wheat and products,5074,Stock Variation,2009,1000 t,-200.0,I,stock_variation
174,Portugal,2511,Wheat and products,5074,Stock Variation,2010,1000 t,-150.0,I,stock_variation
174,Portugal,2511,Wheat and products,5074,Stock Variation,2011,1000 t,100.0,I,stock_variation
174,Portugal,2511,Wheat and products,5911,Export Quantity,2006,1000 t,234.0,I,exports
174,Portugal,2511,Wheat and products,5911,Export Quantity,2007,1000 t,181.0,I,exports
174,Portugal,2511,Wheat and products,5911,Export Quantity,2008,1000 t,160.0,I,exports
174,Portugal,2511,Wheat and products,5911,Export Quantity,2009,1000 t,188.0,I,exports
174,Portugal,2511,Wheat and products,5911,Export Quantity,2010,1000 t,179.0,I,exports
174,Portugal,2511,Wheat and products,5911,Export Quantity,2011,1000 t,184.0,I,exports
174,Portugal,2511,Wheat and products,5301,Domestic supply quantity,2006,1000 t,1633.0,I,domestic_supply
174,Portugal,2511,Wheat and products,5301,Domestic supply quantity,2007,1000 t,1595.0,I,domestic_supply
174,Portugal,2511,Wheat and products,5301,Domestic supply quantity,2008,1000 t,1536.0,I,domestic_supply
174,Portugal,2511,Wheat and products,5301,Domestic supply quantity,2009,1000 t,1583.0,I,domestic_supply
174,Portugal,2511,Wheat and products,5301,Domestic supply quantity,2010,1000 t,1517.0,I,domestic_supply
174,Portugal,2511,Wheat and products,5301,Domestic supply quantity,2011,1000 t,1493.0,I,domestic_supply
174,Portugal,2511,Wheat and products,5521,Feed,2006,1000 t,520.0,I,feed
174,Portugal,2511,Wheat and products,5521,Feed,2007,1000 t,475.0,I,feed
174,Portugal,2511,Wheat and products,5521,Feed,2008,1000 t,450.0,I,feed
174,Portugal,2511,Wheat and products,5521,Feed,2009,1000 t,500.0,I,feed
174,Portugal,2511,Wheat and products,5521,Feed,2010,1000 t,425.0,I,feed
174,Portugal,2511,Wheat and products,5521,Feed,2011,1000 t,400.0,I,feed
174,Portugal,2511,Wheat and products,5527,Seed,2006,1000 t,12.0,I,seed
174,Portugal,2511,Wheat and products,5527,Seed,2007,1000 t,16.0,I,seed
174,Portugal,2511,Wheat and products,5527,Seed,2008,1000 t,11.0,I,seed
174,Portugal,2511,Wheat and products,5527,Seed,2009,1000 t,12.0,I,seed
174,Portugal,2511,Wheat and products,5527,Seed,2010,1000 t,12.0,I,seed
174,Portugal,2511,Wheat and products,5527,Seed,2011,1000 t,11.0,I,seed
174,Portugal,2511,Wheat and products,5123,Losses,2006,1000 t,6.0,I,losses
174,Portugal,2511,Wheat and products,5123,Losses,2007,1000 t,5.0,I,losses
174,Portugal,2511,Wheat and products,5123,Losses,2008,1000 t,5.0,I,losses
174,Portugal,2511,Wheat and products,5123,Losses,2009,1000 t,6.0,I,losses
174,Portugal,2511,Wheat and products,5123,Losses,2010,1000 t,6.0,I,losses
174,Portugal,2511,Wheat and products,5123,Losses,2011,1000 t,5.0,I,losses
174,Portugal,2511,Wheat and products,5142,Food,2006,1000 t,995.0,I,food
174,Portugal,2511,Wheat and products,5142,Food,2007,1000 t,1002.0,I,food
174,Portugal,2511,Wheat and products,5142,Food,2008,1000 t,976.0,I,food
174,Portugal,2511,Wheat and products,5142,Food,2009,1000 t,970.0,I,food
174,Portugal,2511,Wheat and products,5142,Food,2010,1000 t,978.0,I,food
174,Portugal,2511,Wheat and products,5142,Food,2011,1000 t,980.0,I,food
117,Republic of Korea,2511,Wheat and products,5511,Production,2006,1000 t,6.0,I,production
117,Republic of Korea,2511,Wheat and products,5511,Production,2007,1000 t,7.0,I,production
117,Republic of Korea,2511,Wheat and products,5511,Production,2008,1000 t,10.0,I,production
117,Republic of Korea,2511,Wheat and products,5511,Production,2009,1000 t,19.0,I,production
117,Republic of Korea,2511,Wheat and products,5511,Production,2010,1000 t,39.0,I,production
117,Republic of Korea,2511,Wheat and products,5511,Production,2011,1000 t,44.0,I,production
117,Republic of Korea,2511,Wheat and products,5611,Import Quantity,2006,1000 t,3704.0,I,imports
117,Republic of Korea,2511,Wheat and products,5611,Import Quantity,2007,1000 t,3420.0,I,imports
117,Republic of Korea,2511,Wheat and products,5611,Import Quantity,2008,1000 t,2892.0,I,imports
117,Republic of Korea,2511,Wheat and products,5611,Import Quantity,2009,1000 t,4046.0,I,imports
117,Republic of Korea,2511,Wheat and products,5611,Import Quantity,2010,1000 t,4634.0,I,imports
117,Republic of Korea,2511,Wheat and products,5611,Import Quantity,2011,1000 t,4875.0,I,imports
117,Republic of Korea,2511,Wheat and products,5074,Stock Variation,2006,1000 t,-222.0,I,stock_variation
117,Republic of Korea,2511,Wheat and products,5074,Stock Variation,2007,1000 t,-201.0,I,stock_variation
117,Republic of Korea,2511,Wheat and products,5074,Stock Variation,2008,1000 t,449.0,I,stock_variation
117,Republic of Korea,2511,Wheat and products,5074,Stock Variation,2009,1000 t,729.0,I,stock_variation
117,Republic of Korea,2511,Wheat and products,5074,Stock Variation,2010,1000 t,-65.0,I,stock_variation
117,Republic of Korea,2511,Wheat and products,5074,Stock Variation,2011,1000 t,497.0,I,stock_variation
117,Republic of Korea,2511,Wheat and products,5911,Export Quantity,2006,1000 t,62.0,I,exports
117,Republic of Korea,2511,Wheat and products,5911,Export Quantity,2007,1000 t,66.0,I,exports
117,Republic of Korea,2511,Wheat and products,5911,Export Quantity,2008,1000 t,64.0,I,exports
117,Republic of Korea,2511,Wheat and products,5911,Export Quantity,2009,1000 t,80.0,I,exports
117,Republic of Korea,2511,Wheat and products,5911,Export Quantity,2010,1000 t,85.0,I,exports
117,Republic of Korea,2511,Wheat and products,5911,Export Quantity,2011,1000 t,90.0,I,exports
117,Republic of Korea,2511,Wheat and products,5301,Domestic supply quantity,2006,1000 t,3426.0,I,domestic_supply
117,Republic of Korea,2511,Wheat and products,5301,Domestic supply quantity,2007,1000 t,3161.0,I,domestic_supply
117,Republic of Korea,2511,Wheat and products,5301,Domestic supply quantity,2008,1000 t,3287.0,I,domestic_supply
117,Republic of Korea,2511,Wheat and products,5301,Domestic supply quantity,2009,1000 t,4714.0,I,domestic_supply
117,Republic of Korea,2511,Wheat and products,5301,Domestic supply quantity,2010,1000 t,4523.0,I,domestic_supply
117,Republic of Korea,2511,Wheat and products,5301,Domestic supply quantity,2011,1000 t,5325.0,I,domestic_supply
117,Republic of Korea,2511,Wheat and products,5521,Feed,2006,1000 t,1000.0,I,feed
117,Republic of Korea,2511,Wheat and products,5521,Feed,2007,1000 t,700.0,I,feed
117,Republic of Korea,2511,Wheat and products,5521,Feed,2008,1000 t,942.0,I,feed
117,Republic of Korea,2511,Wheat and products,5521,Feed,2009,1000 t,2172.0,I,feed
117,Republic of Korea,2511,Wheat and products,5521,Feed,2010,1000 t,1965.0,I,feed
117,Republic of Korea,2511,Wheat and products,5521,Feed,2011,1000 t,2870.0,I,feed
117,Republic of Korea,2511,Wheat and products,5527,Seed,2006,1000 t,0.0,I,seed
117,Republic of Korea,2511,Wheat and products,5527,Seed,2007,1000 t,0.0,I,seed
117,Republic of Korea,2511,Wheat and products,5527,Seed,2008,1000 t,1.0,I,seed
117,Republic of Korea,2511,Wheat and products,5527,Seed,2009,1000 t,2.0,I,seed
117,Republic of Korea,2511,Wheat and products,5527,Seed,2010,1000 t,2.0,I,seed
117,Republic of Korea,2511,Wheat and products,5527,Seed,2011,1000 t,1.0,I,seed
117,Republic of Korea,2511,Wheat and products,5123,Losses,2006,1000 t,30.0,I,losses
117,Republic of Korea,2511,Wheat and products,5123,Losses,2007,1000 t,30.0,I,losses
117,Republic of Korea,2511,Wheat and products,5123,Losses,2008,1000 t,30.0,I,losses
117,Republic of Korea,2511,Wheat and products,5123,Losses,2009,1000 t,30.0,I,losses
117,Republic of Korea,2511,Wheat and products,5123,Losses,2010,1000 t,30.0,I,losses
117,Republic of Korea,2511,Wheat and products,5123,Losses,2011,1000 t,30.0,I,losses
117,Republic of Korea,2511,Wheat and products,5142,Food,2006,1000 t,2395.0,I,food
117,Republic of Korea,2511,Wheat and products,5142,Food,2007,1000 t,2430.0,I,food
117,Republic of Korea,2511,Wheat and products,5142,Food,2008,1000 t,2314.0,I,food
117,Republic of Korea,2511,Wheat and products,5142,Food,2009,1000 t,2509.0,I,food
117,Republic of Korea,2511,Wheat and products,5142,Food,2010,1000 t,2526.0,I,food
117,Republic of Korea,2511,Wheat and products,5142,Food,2011,1000 t,2424.0,I,food
146,Republic of Moldova,2511,Wheat and products,5511,Production,2006,1000 t,691.0,I,production
146,Republic of Moldova,2511,Wheat and products,5511,Production,2007,1000 t,406.0,I,production
146,Republic of Moldova,2511,Wheat and products,5511,Production,2008,1000 t,1286.0,I,production
146,Republic of Moldova,2511,Wheat and products,5511,Production,2009,1000 t,737.0,I,production
146,Republic of Moldova,2511,Wheat and products,5511,Production,2010,1000 t,744.0,I,production
146,Republic of Moldova,2511,Wheat and products,5511,Production,2011,1000 t,795.0,I,production
146,Republic of Moldova,2511,Wheat and products,5611,Import Quantity,2006,1000 t,65.0,I,imports
146,Republic of Moldova,2511,Wheat and products,5611,Import Quantity,2007,1000 t,144.0,I,imports
146,Republic of Moldova,2511,Wheat and products,5611,Import Quantity,2008,1000 t,138.0,I,imports
146,Republic of Moldova,2511,Wheat and products,5611,Import Quantity,2009,1000 t,116.0,I,imports
146,Republic of Moldova,2511,Wheat and products,5611,Import Quantity,2010,1000 t,104.0,I,imports
146,Republic of Moldova,2511,Wheat and products,5611,Import Quantity,2011,1000 t,112.0,I,imports
146,Republic of Moldova,2511,Wheat and products,5074,Stock Variation,2006,1000 t,130.0,I,stock_variation
146,Republic of Moldova,2511,Wheat and products,5074,Stock Variation,2007,1000 t,140.0,I,stock_variation
146,Republic of Moldova,2511,Wheat and products,5074,Stock Variation,2008,1000 t,-630.0,I,stock_variation
146,Republic of Moldova,2511,Wheat and products,5074,Stock Variation,2009,1000 t,80.0,I,stock_variation
146,Republic of Moldova,2511,Wheat and products,5074,Stock Variation,2010,1000 t,-100.0,I,stock_variation
146,Republic of Moldova,2511,Wheat and products,5074,Stock Variation,2011,1000 t,-250.0,I,stock_variation
146,Republic of Moldova,2511,Wheat and products,5911,Export Quantity,2006,1000 t,185.0,I,exports
146,Republic of Moldova,2511,Wheat and products,5911,Export Quantity,2007,1000 t,47.0,I,exports
146,Republic of Moldova,2511,Wheat and products,5911,Export Quantity,2008,1000 t,61.0,I,exports
146,Republic of Moldova,2511,Wheat and products,5911,Export Quantity,2009,1000 t,345.0,I,exports
146,Republic of Moldova,2511,Wheat and products,5911,Export Quantity,2010,1000 t,189.0,I,exports
146,Republic of Moldova,2511,Wheat and products,5911,Export Quantity,2011,1000 t,94.0,I,exports
146,Republic of Moldova,2511,Wheat and products,5301,Domestic supply quantity,2006,1000 t,701.0,I,domestic_supply
146,Republic of Moldova,2511,Wheat and products,5301,Domestic supply quantity,2007,1000 t,643.0,I,domestic_supply
146,Republic of Moldova,2511,Wheat and products,5301,Domestic supply quantity,2008,1000 t,734.0,I,domestic_supply
146,Republic of Moldova,2511,Wheat and products,5301,Domestic supply quantity,2009,1000 t,587.0,I,domestic_supply
146,Republic of Moldova,2511,Wheat and products,5301,Domestic supply quantity,2010,1000 t,559.0,I,domestic_supply
146,Republic of Moldova,2511,Wheat and products,5301,Domestic supply quantity,2011,1000 t,563.0,I,domestic_supply
146,Republic of Moldova,2511,Wheat and products,5521,Feed,2006,1000 t,207.0,I,feed
146,Republic of Moldova,2511,Wheat and products,5521,Feed,2007,1000 t,116.0,I,feed
146,Republic of Moldova,2511,Wheat and products,5521,Feed,2008,1000 t,199.0,I,feed
146,Republic of Moldova,2511,Wheat and products,5521,Feed,2009,1000 t,146.0,I,feed
146,Republic of Moldova,2511,Wheat and products,5521,Feed,2010,1000 t,164.0,I,feed
146,Republic of Moldova,2511,Wheat and products,5521,Feed,2011,1000 t,199.0,I,feed
146,Republic of Moldova,2511,Wheat and products,5527,Seed,2006,1000 t,79.0,I,seed
146,Republic of Moldova,2511,Wheat and products,5527,Seed,2007,1000 t,103.0,I,seed
146,Republic of Moldova,2511,Wheat and products,5527,Seed,2008,1000 t,88.0,I,seed
146,Republic of Moldova,2511,Wheat and products,5527,Seed,2009,1000 t,81.0,I,seed
146,Republic of Moldova,2511,Wheat and products,5527,Seed,2010,1000 t,75.0,I,seed
146,Republic of Moldova,2511,Wheat and products,5527,Seed,2011,1000 t,79.0,I,seed
146,Republic of Moldova,2511,Wheat and products,5123,Losses,2006,1000 t,89.0,I,losses
146,Republic of Moldova,2511,Wheat and products,5123,Losses,2007,1000 t,56.0,I,losses
146,Republic of Moldova,2511,Wheat and products,5123,Losses,2008,1000 t,118.0,I,losses
146,Republic of Moldova,2511,Wheat and products,5123,Losses,2009,1000 t,80.0,I,losses
146,Republic of Moldova,2511,Wheat and products,5123,Losses,2010,1000 t,71.0,I,losses
146,Republic of Moldova,2511,Wheat and products,5123,Losses,2011,1000 t,70.0,I,losses
146,Republic of Moldova,2511,Wheat and products,5142,Food,2006,1000 t,252.0,I,food
146,Republic of Moldova,2511,Wheat and products,5142,Food,2007,1000 t,294.0,I,food
146,Republic of Moldova,2511,Wheat and products,5142,Food,2008,1000 t,281.0,I,food
146,Republic of Moldova,2511,Wheat and products,5142,Food,2009,1000 t,248.0,I,food
146,Republic of Moldova,2511,Wheat and products,5142,Food,2010,1000 t,202.0,I,food
146,Republic of Moldova,2511,Wheat and products,5142,Food,2011,1000 t,179.0,I,food
183,Romania,2511,Wheat and products,5511,Production,2006,1000 t,5526.0,I,production
183,Romania,2511,Wheat and products,5511,Production,2007,1000 t,3044.0,I,production
183,Romania,2511,Wheat and products,5511,Production,2008,1000 t,7181.0,I,production
183,Romania,2511,Wheat and products,5511,Production,2009,1000 t,5203.0,I,production
183,Romania,2511,Wheat and products,5511,Production,2010,1000 t,5812.0,I,production
183,Romania,2511,Wheat and products,5511,Production,2011,1000 t,7132.0,I,production
183,Romania,2511,Wheat and products,5611,Import Quantity,2006,1000 t,151.0,I,imports
183,Romania,2511,Wheat and products,5611,Import Quantity,2007,1000 t,729.0,I,imports
183,Romania,2511,Wheat and products,5611,Import Quantity,2008,1000 t,619.0,I,imports
183,Romania,2511,Wheat and products,5611,Import Quantity,2009,1000 t,808.0,I,imports
183,Romania,2511,Wheat and products,5611,Import Quantity,2010,1000 t,914.0,I,imports
183,Romania,2511,Wheat and products,5611,Import Quantity,2011,1000 t,852.0,I,imports
183,Romania,2511,Wheat and products,5074,Stock Variation,2006,1000 t,672.0,I,stock_variation
183,Romania,2511,Wheat and products,5074,Stock Variation,2007,1000 t,1725.0,I,stock_variation
183,Romania,2511,Wheat and products,5074,Stock Variation,2008,1000 t,-616.0,I,stock_variation
183,Romania,2511,Wheat and products,5074,Stock Variation,2009,1000 t,1418.0,I,stock_variation
183,Romania,2511,Wheat and products,5074,Stock Variation,2010,1000 t,721.0,I,stock_variation
183,Romania,2511,Wheat and products,5074,Stock Variation,2011,1000 t,-1399.0,I,stock_variation
183,Romania,2511,Wheat and products,5911,Export Quantity,2006,1000 t,938.0,I,exports
183,Romania,2511,Wheat and products,5911,Export Quantity,2007,1000 t,236.0,I,exports
183,Romania,2511,Wheat and products,5911,Export Quantity,2008,1000 t,2028.0,I,exports
183,Romania,2511,Wheat and products,5911,Export Quantity,2009,1000 t,2384.0,I,exports
183,Romania,2511,Wheat and products,5911,Export Quantity,2010,1000 t,2554.0,I,exports
183,Romania,2511,Wheat and products,5911,Export Quantity,2011,1000 t,1621.0,I,exports
183,Romania,2511,Wheat and products,5301,Domestic supply quantity,2006,1000 t,5410.0,I,domestic_supply
183,Romania,2511,Wheat and products,5301,Domestic supply quantity,2007,1000 t,5262.0,I,domestic_supply
183,Romania,2511,Wheat and products,5301,Domestic supply quantity,2008,1000 t,5157.0,I,domestic_supply
183,Romania,2511,Wheat and products,5301,Domestic supply quantity,2009,1000 t,5045.0,I,domestic_supply
183,Romania,2511,Wheat and products,5301,Domestic supply quantity,2010,1000 t,4893.0,I,domestic_supply
183,Romania,2511,Wheat and products,5301,Domestic supply quantity,2011,1000 t,4964.0,I,domestic_supply
183,Romania,2511,Wheat and products,5521,Feed,2006,1000 t,1140.0,I,feed
183,Romania,2511,Wheat and products,5521,Feed,2007,1000 t,1000.0,I,feed
183,Romania,2511,Wheat and products,5521,Feed,2008,1000 t,850.0,I,feed
183,Romania,2511,Wheat and products,5521,Feed,2009,1000 t,808.0,I,feed
183,Romania,2511,Wheat and products,5521,Feed,2010,1000 t,711.0,I,feed
183,Romania,2511,Wheat and products,5521,Feed,2011,1000 t,647.0,I,feed
183,Romania,2511,Wheat and products,5527,Seed,2006,1000 t,571.0,I,seed
183,Romania,2511,Wheat and products,5527,Seed,2007,1000 t,546.0,I,seed
183,Romania,2511,Wheat and products,5527,Seed,2008,1000 t,592.0,I,seed
183,Romania,2511,Wheat and products,5527,Seed,2009,1000 t,603.0,I,seed
183,Romania,2511,Wheat and products,5527,Seed,2010,1000 t,607.0,I,seed
183,Romania,2511,Wheat and products,5527,Seed,2011,1000 t,546.0,I,seed
183,Romania,2511,Wheat and products,5123,Losses,2006,1000 t,57.0,I,losses
183,Romania,2511,Wheat and products,5123,Losses,2007,1000 t,43.0,I,losses
183,Romania,2511,Wheat and products,5123,Losses,2008,1000 t,49.0,I,losses
183,Romania,2511,Wheat and products,5123,Losses,2009,1000 t,39.0,I,losses
183,Romania,2511,Wheat and products,5123,Losses,2010,1000 t,39.0,I,losses
183,Romania,2511,Wheat and products,5123,Losses,2011,1000 t,50.0,I,losses
183,Romania,2511,Wheat and products,5142,Food,2006,1000 t,3014.0,I,food
183,Romania,2511,Wheat and products,5142,Food,2007,1000 t,2972.0,I,food
183,Romania,2511,Wheat and products,5142,Food,2008,1000 t,2885.0,I,food
183,Romania,2511,Wheat and products,5142,Food,2009,1000 t,2896.0,I,food
183,Romania,2511,Wheat and products,5142,Food,2010,1000 t,2899.0,I,food
183,Romania,2511,Wheat and products,5142,Food,2011,1000 t,2903.0,I,food
185,Russian Federation,2511,Wheat and products,5511,Production,2006,1000 t,44927.0,I,production
185,Russian Federation,2511,Wheat and products,5511,Production,2007,1000 t,49368.0,I,production
185,Russian Federation,2511,Wheat and products,5511,Production,2008,1000 t,63765.0,I,production
185,Russian Federation,2511,Wheat and products,5511,Production,2009,1000 t,61740.0,I,production
185,Russian Federation,2511,Wheat and products,5511,Production,2010,1000 t,41508.0,I,production
185,Russian Federation,2511,Wheat and products,5511,Production,2011,1000 t,56240.0,I,production
185,Russian Federation,2511,Wheat and products,5611,Import Quantity,2006,1000 t,1652.0,I,imports
185,Russian Federation,2511,Wheat and products,5611,Import Quantity,2007,1000 t,723.0,I,imports
185,Russian Federation,2511,Wheat and products,5611,Import Quantity,2008,1000 t,438.0,I,imports
185,Russian Federation,2511,Wheat and products,5611,Import Quantity,2009,1000 t,300.0,I,imports
185,Russian Federation,2511,Wheat and products,5611,Import Quantity,2010,1000 t,328.0,I,imports
185,Russian Federation,2511,Wheat and products,5611,Import Quantity,2011,1000 t,450.0,I,imports
185,Russian Federation,2511,Wheat and products,5074,Stock Variation,2006,1000 t,26.0,I,stock_variation
185,Russian Federation,2511,Wheat and products,5074,Stock Variation,2007,1000 t,-586.0,I,stock_variation
185,Russian Federation,2511,Wheat and products,5074,Stock Variation,2008,1000 t,-124.0,I,stock_variation
185,Russian Federation,2511,Wheat and products,5074,Stock Variation,2009,1000 t,-156.0,I,stock_variation
185,Russian Federation,2511,Wheat and products,5074,Stock Variation,2010,1000 t,410.0,I,stock_variation
185,Russian Federation,2511,Wheat and products,5074,Stock Variation,2011,1000 t,-7559.0,I,stock_variation
185,Russian Federation,2511,Wheat and products,5911,Export Quantity,2006,1000 t,10068.0,I,exports
185,Russian Federation,2511,Wheat and products,5911,Export Quantity,2007,1000 t,14941.0,I,exports
185,Russian Federation,2511,Wheat and products,5911,Export Quantity,2008,1000 t,12473.0,I,exports
185,Russian Federation,2511,Wheat and products,5911,Export Quantity,2009,1000 t,17461.0,I,exports
185,Russian Federation,2511,Wheat and products,5911,Export Quantity,2010,1000 t,12160.0,I,exports
185,Russian Federation,2511,Wheat and products,5911,Export Quantity,2011,1000 t,16209.0,I,exports
185,Russian Federation,2511,Wheat and products,5301,Domestic supply quantity,2006,1000 t,36536.0,I,domestic_supply
185,Russian Federation,2511,Wheat and products,5301,Domestic supply quantity,2007,1000 t,34564.0,I,domestic_supply
185,Russian Federation,2511,Wheat and products,5301,Domestic supply quantity,2008,1000 t,51606.0,I,domestic_supply
185,Russian Federation,2511,Wheat and products,5301,Domestic supply quantity,2009,1000 t,44423.0,I,domestic_supply
185,Russian Federation,2511,Wheat and products,5301,Domestic supply quantity,2010,1000 t,30086.0,I,domestic_supply
185,Russian Federation,2511,Wheat and products,5301,Domestic supply quantity,2011,1000 t,32922.0,I,domestic_supply
185,Russian Federation,2511,Wheat and products,5521,Feed,2006,1000 t,10335.0,I,feed
185,Russian Federation,2511,Wheat and products,5521,Feed,2007,1000 t,7445.0,I,feed
185,Russian Federation,2511,Wheat and products,5521,Feed,2008,1000 t,24274.0,I,feed
185,Russian Federation,2511,Wheat and products,5521,Feed,2009,1000 t,17562.0,I,feed
185,Russian Federation,2511,Wheat and products,5521,Feed,2010,1000 t,3531.0,I,feed
185,Russian Federation,2511,Wheat and products,5521,Feed,2011,1000 t,6711.0,I,feed
185,Russian Federation,2511,Wheat and products,5527,Seed,2006,1000 t,6345.0,I,seed
185,Russian Federation,2511,Wheat and products,5527,Seed,2007,1000 t,6920.0,I,seed
185,Russian Federation,2511,Wheat and products,5527,Seed,2008,1000 t,7461.0,I,seed
185,Russian Federation,2511,Wheat and products,5527,Seed,2009,1000 t,6920.0,I,seed
185,Russian Federation,2511,Wheat and products,5527,Seed,2010,1000 t,6643.0,I,seed
185,Russian Federation,2511,Wheat and products,5527,Seed,2011,1000 t,6417.0,I,seed
185,Russian Federation,2511,Wheat and products,5123,Losses,2006,1000 t,299.0,I,losses
185,Russian Federation,2511,Wheat and products,5123,Losses,2007,1000 t,322.0,I,losses
185,Russian Federation,2511,Wheat and products,5123,Losses,2008,1000 t,408.0,I,losses
185,Russian Federation,2511,Wheat and products,5123,Losses,2009,1000 t,383.0,I,losses
185,Russian Federation,2511,Wheat and products,5123,Losses,2010,1000 t,268.0,I,losses
185,Russian Federation,2511,Wheat and products,5123,Losses,2011,1000 t,378.0,I,losses
185,Russian Federation,2511,Wheat and products,5142,Food,2006,1000 t,18988.0,I,food
185,Russian Federation,2511,Wheat and products,5142,Food,2007,1000 t,18884.0,I,food
185,Russian Federation,2511,Wheat and products,5142,Food,2008,1000 t,18734.0,I,food
185,Russian Federation,2511,Wheat and products,5142,Food,2009,1000 t,18590.0,I,food
185,Russian Federation,2511,Wheat and products,5142,Food,2010,1000 t,19043.0,I,food
185,Russian Federation,2511,Wheat and products,5142,Food,2011,1000 t,18680.0,I,food
184,Rwanda,2511,Wheat and products,5511,Production,2006,1000 t,20.0,I,production
184,Rwanda,2511,Wheat and products,5511,Production,2007,1000 t,25.0,I,production
184,Rwanda,2511,Wheat and products,5511,Production,2008,1000 t,68.0,I,production
184,Rwanda,2511,Wheat and products,5511,Production,2009,1000 t,72.0,I,production
184,Rwanda,2511,Wheat and products,5511,Production,2010,1000 t,77.0,I,production
184,Rwanda,2511,Wheat and products,5511,Production,2011,1000 t,91.0,I,production
184,Rwanda,2511,Wheat and products,5611,Import Quantity,2006,1000 t,49.0,I,imports
184,Rwanda,2511,Wheat and products,5611,Import Quantity,2007,1000 t,52.0,I,imports
184,Rwanda,2511,Wheat and products,5611,Import Quantity,2008,1000 t,36.0,I,imports
184,Rwanda,2511,Wheat and products,5611,Import Quantity,2009,1000 t,43.0,I,imports
184,Rwanda,2511,Wheat and products,5611,Import Quantity,2010,1000 t,60.0,I,imports
184,Rwanda,2511,Wheat and products,5611,Import Quantity,2011,1000 t,91.0,I,imports
184,Rwanda,2511,Wheat and products,5074,Stock Variation,2006,1000 t,0.0,I,stock_variation
184,Rwanda,2511,Wheat and products,5074,Stock Variation,2007,1000 t,0.0,I,stock_variation
184,Rwanda,2511,Wheat and products,5074,Stock Variation,2008,1000 t,0.0,I,stock_variation
184,Rwanda,2511,Wheat and products,5074,Stock Variation,2009,1000 t,0.0,I,stock_variation
184,Rwanda,2511,Wheat and products,5074,Stock Variation,2010,1000 t,0.0,I,stock_variation
184,Rwanda,2511,Wheat and products,5074,Stock Variation,2011,1000 t,0.0,I,stock_variation
184,Rwanda,2511,Wheat and products,5911,Export Quantity,2006,1000 t,0.0,I,exports
184,Rwanda,2511,Wheat and products,5911,Export Quantity,2007,1000 t,1.0,I,exports
184,Rwanda,2511,Wheat and products,5911,Export Quantity,2008,1000 t,5.0,I,exports
184,Rwanda,2511,Wheat and products,5911,Export Quantity,2009,1000 t,0.0,I,exports
184,Rwanda,2511,Wheat and products,5911,Export Quantity,2010,1000 t,0.0,I,exports
184,Rwanda,2511,Wheat and products,5911,Export Quantity,2011,1000 t,14.0,I,exports
184,Rwanda,2511,Wheat and products,5301,Domestic supply quantity,2006,1000 t,69.0,I,domestic_supply
184,Rwanda,2511,Wheat and products,5301,Domestic supply quantity,2007,1000 t,75.0,I,domestic_supply
184,Rwanda,2511,Wheat and products,5301,Domestic supply quantity,2008,1000 t,99.0,I,domestic_supply
184,Rwanda,2511,Wheat and products,5301,Domestic supply quantity,2009,1000 t,116.0,I,domestic_supply
184,Rwanda,2511,Wheat and products,5301,Domestic supply quantity,2010,1000 t,137.0,I,domestic_supply
184,Rwanda,2511,Wheat and products,5301,Domestic supply quantity,2011,1000 t,167.0,I,domestic_supply
184,Rwanda,2511,Wheat and products,5527,Seed,2006,1000 t,2.0,I,seed
184,Rwanda,2511,Wheat and products,5527,Seed,2007,1000 t,4.0,I,seed
184,Rwanda,2511,Wheat and products,5527,Seed,2008,1000 t,3.0,I,seed
184,Rwanda,2511,Wheat and products,5527,Seed,2009,1000 t,4.0,I,seed
184,Rwanda,2511,Wheat and products,5527,Seed,2010,1000 t,4.0,I,seed
184,Rwanda,2511,Wheat and products,5527,Seed,2011,1000 t,3.0,I,seed
184,Rwanda,2511,Wheat and products,5123,Losses,2006,1000 t,3.0,I,losses
184,Rwanda,2511,Wheat and products,5123,Losses,2007,1000 t,3.0,I,losses
184,Rwanda,2511,Wheat and products,5123,Losses,2008,1000 t,5.0,I,losses
184,Rwanda,2511,Wheat and products,5123,Losses,2009,1000 t,6.0,I,losses
184,Rwanda,2511,Wheat and products,5123,Losses,2010,1000 t,8.0,I,losses
184,Rwanda,2511,Wheat and products,5123,Losses,2011,1000 t,10.0,I,losses
184,Rwanda,2511,Wheat and products,5142,Food,2006,1000 t,63.0,I,food
184,Rwanda,2511,Wheat and products,5142,Food,2007,1000 t,67.0,I,food
184,Rwanda,2511,Wheat and products,5142,Food,2008,1000 t,90.0,I,food
184,Rwanda,2511,Wheat and products,5142,Food,2009,1000 t,105.0,I,food
184,Rwanda,2511,Wheat and products,5142,Food,2010,1000 t,126.0,I,food
184,Rwanda,2511,Wheat and products,5142,Food,2011,1000 t,154.0,I,food
188,Saint Kitts and Nevis,2511,Wheat and products,5611,Import Quantity,2006,1000 t,5.0,I,imports
188,Saint Kitts and Nevis,2511,Wheat and products,5611,Import Quantity,2007,1000 t,3.0,I,imports
188,Saint Kitts and Nevis,2511,Wheat and products,5611,Import Quantity,2008,1000 t,8.0,I,imports
188,Saint Kitts and Nevis,2511,Wheat and products,5611,Import Quantity,2009,1000 t,4.0,I,imports
188,Saint Kitts and Nevis,2511,Wheat and products,5611,Import Quantity,2010,1000 t,4.0,I,imports
188,Saint Kitts and Nevis,2511,Wheat and products,5611,Import Quantity,2011,1000 t,10.0,I,imports
188,Saint Kitts and Nevis,2511,Wheat and products,5074,Stock Variation,2006,1000 t,0.0,I,stock_variation
188,Saint Kitts and Nevis,2511,Wheat and products,5074,Stock Variation,2007,1000 t,0.0,I,stock_variation
188,Saint Kitts and Nevis,2511,Wheat and products,5074,Stock Variation,2008,1000 t,-2.0,I,stock_variation
188,Saint Kitts and Nevis,2511,Wheat and products,5074,Stock Variation,2009,1000 t,0.0,I,stock_variation
188,Saint Kitts and Nevis,2511,Wheat and products,5074,Stock Variation,2010,1000 t,1.0,I,stock_variation
188,Saint Kitts and Nevis,2511,Wheat and products,5074,Stock Variation,2011,1000 t,-4.0,I,stock_variation
188,Saint Kitts and Nevis,2511,Wheat and products,5911,Export Quantity,2006,1000 t,0.0,I,exports
188,Saint Kitts and Nevis,2511,Wheat and products,5911,Export Quantity,2007,1000 t,0.0,I,exports
188,Saint Kitts and Nevis,2511,Wheat and products,5911,Export Quantity,2008,1000 t,0.0,I,exports
188,Saint Kitts and Nevis,2511,Wheat and products,5911,Export Quantity,2009,1000 t,0.0,I,exports
188,Saint Kitts and Nevis,2511,Wheat and products,5911,Export Quantity,2010,1000 t,0.0,I,exports
188,Saint Kitts and Nevis,2511,Wheat and products,5911,Export Quantity,2011,1000 t,0.0,I,exports
188,Saint Kitts and Nevis,2511,Wheat and products,5301,Domestic supply quantity,2006,1000 t,4.0,I,domestic_supply
188,Saint Kitts and Nevis,2511,Wheat and products,5301,Domestic supply quantity,2007,1000 t,4.0,I,domestic_supply
188,Saint Kitts and Nevis,2511,Wheat and products,5301,Domestic supply quantity,2008,1000 t,5.0,I,domestic_supply
188,Saint Kitts and Nevis,2511,Wheat and products,5301,Domestic supply quantity,2009,1000 t,4.0,I,domestic_supply
188,Saint Kitts and Nevis,2511,Wheat and products,5301,Domestic supply quantity,2010,1000 t,4.0,I,domestic_supply
188,Saint Kitts and Nevis,2511,Wheat and products,5301,Domestic supply quantity,2011,1000 t,6.0,I,domestic_supply
188,Saint Kitts and Nevis,2511,Wheat and products,5123,Losses,2006,1000 t,0.0,I,losses
188,Saint Kitts and Nevis,2511,Wheat and products,5123,Losses,2007,1000 t,0.0,I,losses
188,Saint Kitts and Nevis,2511,Wheat and products,5123,Losses,2008,1000 t,0.0,I,losses
188,Saint Kitts and Nevis,2511,Wheat and products,5123,Losses,2009,1000 t,0.0,I,losses
188,Saint Kitts and Nevis,2511,Wheat and products,5123,Losses,2010,1000 t,0.0,I,losses
188,Saint Kitts and Nevis,2511,Wheat and products,5123,Losses,2011,1000 t,0.0,I,losses
188,Saint Kitts and Nevis,2511,Wheat and products,5142,Food,2006,1000 t,3.0,I,food
188,Saint Kitts and Nevis,2511,Wheat and products,5142,Food,2007,1000 t,3.0,I,food
188,Saint Kitts and Nevis,2511,Wheat and products,5142,Food,2008,1000 t,3.0,I,food
188,Saint Kitts and Nevis,2511,Wheat and products,5142,Food,2009,1000 t,3.0,I,food
188,Saint Kitts and Nevis,2511,Wheat and products,5142,Food,2010,1000 t,3.0,I,food
188,Saint Kitts and Nevis,2511,Wheat and products,5142,Food,2011,1000 t,3.0,I,food
189,Saint Lucia,2511,Wheat and products,5611,Import Quantity,2006,1000 t,20.0,I,imports
189,Saint Lucia,2511,Wheat and products,5611,Import Quantity,2007,1000 t,17.0,I,imports
189,Saint Lucia,2511,Wheat and products,5611,Import Quantity,2008,1000 t,14.0,I,imports
189,Saint Lucia,2511,Wheat and products,5611,Import Quantity,2009,1000 t,16.0,I,imports
189,Saint Lucia,2511,Wheat and products,5611,Import Quantity,2010,1000 t,15.0,I,imports
189,Saint Lucia,2511,Wheat and products,5611,Import Quantity,2011,1000 t,17.0,I,imports
189,Saint Lucia,2511,Wheat and products,5074,Stock Variation,2006,1000 t,-3.0,I,stock_variation
189,Saint Lucia,2511,Wheat and products,5074,Stock Variation,2007,1000 t,0.0,I,stock_variation
189,Saint Lucia,2511,Wheat and products,5074,Stock Variation,2008,1000 t,5.0,I,stock_variation
189,Saint Lucia,2511,Wheat and products,5074,Stock Variation,2009,1000 t,2.0,I,stock_variation
189,Saint Lucia,2511,Wheat and products,5074,Stock Variation,2010,1000 t,3.0,I,stock_variation
189,Saint Lucia,2511,Wheat and products,5074,Stock Variation,2011,1000 t,1.0,I,stock_variation
189,Saint Lucia,2511,Wheat and products,5911,Export Quantity,2006,1000 t,0.0,I,exports
189,Saint Lucia,2511,Wheat and products,5911,Export Quantity,2007,1000 t,0.0,I,exports
189,Saint Lucia,2511,Wheat and products,5911,Export Quantity,2008,1000 t,0.0,I,exports
189,Saint Lucia,2511,Wheat and products,5911,Export Quantity,2009,1000 t,0.0,I,exports
189,Saint Lucia,2511,Wheat and products,5911,Export Quantity,2010,1000 t,0.0,I,exports
189,Saint Lucia,2511,Wheat and products,5911,Export Quantity,2011,1000 t,0.0,I,exports
189,Saint Lucia,2511,Wheat and products,5301,Domestic supply quantity,2006,1000 t,17.0,I,domestic_supply
189,Saint Lucia,2511,Wheat and products,5301,Domestic supply quantity,2007,1000 t,17.0,I,domestic_supply
189,Saint Lucia,2511,Wheat and products,5301,Domestic supply quantity,2008,1000 t,18.0,I,domestic_supply
189,Saint Lucia,2511,Wheat and products,5301,Domestic supply quantity,2009,1000 t,18.0,I,domestic_supply
189,Saint Lucia,2511,Wheat and products,5301,Domestic supply quantity,2010,1000 t,18.0,I,domestic_supply
189,Saint Lucia,2511,Wheat and products,5301,Domestic supply quantity,2011,1000 t,18.0,I,domestic_supply
189,Saint Lucia,2511,Wheat and products,5123,Losses,2006,1000 t,1.0,I,losses
189,Saint Lucia,2511,Wheat and products,5123,Losses,2007,1000 t,1.0,I,losses
189,Saint Lucia,2511,Wheat and products,5123,Losses,2008,1000 t,1.0,I,losses
189,Saint Lucia,2511,Wheat and products,5123,Losses,2009,1000 t,1.0,I,losses
189,Saint Lucia,2511,Wheat and products,5123,Losses,2010,1000 t,1.0,I,losses
189,Saint Lucia,2511,Wheat and products,5123,Losses,2011,1000 t,1.0,I,losses
189,Saint Lucia,2511,Wheat and products,5142,Food,2006,1000 t,15.0,I,food
189,Saint Lucia,2511,Wheat and products,5142,Food,2007,1000 t,15.0,I,food
189,Saint Lucia,2511,Wheat and products,5142,Food,2008,1000 t,16.0,I,food
189,Saint Lucia,2511,Wheat and products,5142,Food,2009,1000 t,16.0,I,food
189,Saint Lucia,2511,Wheat and products,5142,Food,2010,1000 t,16.0,I,food
189,Saint Lucia,2511,Wheat and products,5142,Food,2011,1000 t,16.0,I,food
191,Saint Vincent and the Grenadines,2511,Wheat and products,5611,Import Quantity,2006,1000 t,19.0,I,imports
191,Saint Vincent and the Grenadines,2511,Wheat and products,5611,Import Quantity,2007,1000 t,26.0,I,imports
191,Saint Vincent and the Grenadines,2511,Wheat and products,5611,Import Quantity,2008,1000 t,35.0,I,imports
191,Saint Vincent and the Grenadines,2511,Wheat and products,5611,Import Quantity,2009,1000 t,24.0,I,imports
191,Saint Vincent and the Grenadines,2511,Wheat and products,5611,Import Quantity,2010,1000 t,23.0,I,imports
191,Saint Vincent and the Grenadines,2511,Wheat and products,5611,Import Quantity,2011,1000 t,19.0,I,imports
191,Saint Vincent and the Grenadines,2511,Wheat and products,5074,Stock Variation,2006,1000 t,4.0,I,stock_variation
191,Saint Vincent and the Grenadines,2511,Wheat and products,5074,Stock Variation,2007,1000 t,-1.0,I,stock_variation
191,Saint Vincent and the Grenadines,2511,Wheat and products,5074,Stock Variation,2008,1000 t,-12.0,I,stock_variation
191,Saint Vincent and the Grenadines,2511,Wheat and products,5074,Stock Variation,2009,1000 t,1.0,I,stock_variation
191,Saint Vincent and the Grenadines,2511,Wheat and products,5074,Stock Variation,2010,1000 t,5.0,I,stock_variation
191,Saint Vincent and the Grenadines,2511,Wheat and products,5074,Stock Variation,2011,1000 t,6.0,I,stock_variation
191,Saint Vincent and the Grenadines,2511,Wheat and products,5911,Export Quantity,2006,1000 t,15.0,I,exports
191,Saint Vincent and the Grenadines,2511,Wheat and products,5911,Export Quantity,2007,1000 t,16.0,I,exports
191,Saint Vincent and the Grenadines,2511,Wheat and products,5911,Export Quantity,2008,1000 t,14.0,I,exports
191,Saint Vincent and the Grenadines,2511,Wheat and products,5911,Export Quantity,2009,1000 t,15.0,I,exports
191,Saint Vincent and the Grenadines,2511,Wheat and products,5911,Export Quantity,2010,1000 t,17.0,I,exports
191,Saint Vincent and the Grenadines,2511,Wheat and products,5911,Export Quantity,2011,1000 t,13.0,I,exports
191,Saint Vincent and the Grenadines,2511,Wheat and products,5301,Domestic supply quantity,2006,1000 t,9.0,I,domestic_supply
191,Saint Vincent and the Grenadines,2511,Wheat and products,5301,Domestic supply quantity,2007,1000 t,9.0,I,domestic_supply
191,Saint Vincent and the Grenadines,2511,Wheat and products,5301,Domestic supply quantity,2008,1000 t,9.0,I,domestic_supply
191,Saint Vincent and the Grenadines,2511,Wheat and products,5301,Domestic supply quantity,2009,1000 t,10.0,I,domestic_supply
191,Saint Vincent and the Grenadines,2511,Wheat and products,5301,Domestic supply quantity,2010,1000 t,11.0,I,domestic_supply
191,Saint Vincent and the Grenadines,2511,Wheat and products,5301,Domestic supply quantity,2011,1000 t,12.0,I,domestic_supply
191,Saint Vincent and the Grenadines,2511,Wheat and products,5521,Feed,2006,1000 t,1.0,I,feed
191,Saint Vincent and the Grenadines,2511,Wheat and products,5521,Feed,2007,1000 t,1.0,I,feed
191,Saint Vincent and the Grenadines,2511,Wheat and products,5521,Feed,2008,1000 t,1.0,I,feed
191,Saint Vincent and the Grenadines,2511,Wheat and products,5521,Feed,2009,1000 t,2.0,I,feed
191,Saint Vincent and the Grenadines,2511,Wheat and products,5521,Feed,2010,1000 t,2.0,I,feed
191,Saint Vincent and the Grenadines,2511,Wheat and products,5521,Feed,2011,1000 t,2.0,I,feed
191,Saint Vincent and the Grenadines,2511,Wheat and products,5123,Losses,2006,1000 t,1.0,I,losses
191,Saint Vincent and the Grenadines,2511,Wheat and products,5123,Losses,2007,1000 t,1.0,I,losses
191,Saint Vincent and the Grenadines,2511,Wheat and products,5123,Losses,2008,1000 t,1.0,I,losses
191,Saint Vincent and the Grenadines,2511,Wheat and products,5123,Losses,2009,1000 t,1.0,I,losses
191,Saint Vincent and the Grenadines,2511,Wheat and products,5123,Losses,2010,1000 t,1.0,I,losses
191,Saint Vincent and the Grenadines,2511,Wheat and products,5123,Losses,2011,1000 t,1.0,I,losses
191,Saint Vincent and the Grenadines,2511,Wheat and products,5142,Food,2006,1000 t,7.0,I,food
191,Saint Vincent and the Grenadines,2511,Wheat and products,5142,Food,2007,1000 t,7.0,I,food
191,Saint Vincent and the Grenadines,2511,Wheat and products,5142,Food,2008,1000 t,7.0,I,food
191,Saint Vincent and the Grenadines,2511,Wheat and products,5142,Food,2009,1000 t,7.0,I,food
191,Saint Vincent and the Grenadines,2511,Wheat and products,5142,Food,2010,1000 t,7.0,I,food
191,Saint Vincent and the Grenadines,2511,Wheat and products,5142,Food,2011,1000 t,8.0,I,food
244,Samoa,2511,Wheat and products,5611,Import Quantity,2006,1000 t,11.0,I,imports
244,Samoa,2511,Wheat and products,5611,Import Quantity,2007,1000 t,13.0,I,imports
244,Samoa,2511,Wheat and products,5611,Import Quantity,2008,1000 t,11.0,I,imports
244,Samoa,2511,Wheat and products,5611,Import Quantity,2009,1000 t,12.0,I,imports
244,Samoa,2511,Wheat and products,5611,Import Quantity,2010,1000 t,13.0,I,imports
244,Samoa,2511,Wheat and products,5611,Import Quantity,2011,1000 t,12.0,I,imports
244,Samoa,2511,Wheat and products,5074,Stock Variation,2006,1000 t,1.0,I,stock_variation
244,Samoa,2511,Wheat and products,5074,Stock Variation,2007,1000 t,-1.0,I,stock_variation
244,Samoa,2511,Wheat and products,5074,Stock Variation,2008,1000 t,1.0,I,stock_variation
244,Samoa,2511,Wheat and products,5074,Stock Variation,2009,1000 t,0.0,I,stock_variation
244,Samoa,2511,Wheat and products,5074,Stock Variation,2010,1000 t,-1.0,I,stock_variation
244,Samoa,2511,Wheat and products,5074,Stock Variation,2011,1000 t,1.0,I,stock_variation
244,Samoa,2511,Wheat and products,5911,Export Quantity,2006,1000 t,0.0,I,exports
244,Samoa,2511,Wheat and products,5911,Export Quantity,2007,1000 t,0.0,I,exports
244,Samoa,2511,Wheat and products,5911,Export Quantity,2008,1000 t,0.0,I,exports
244,Samoa,2511,Wheat and products,5911,Export Quantity,2009,1000 t,0.0,I,exports
244,Samoa,2511,Wheat and products,5911,Export Quantity,2010,1000 t,0.0,I,exports
244,Samoa,2511,Wheat and products,5911,Export Quantity,2011,1000 t,0.0,I,exports
244,Samoa,2511,Wheat and products,5301,Domestic supply quantity,2006,1000 t,11.0,I,domestic_supply
244,Samoa,2511,Wheat and products,5301,Domestic supply quantity,2007,1000 t,12.0,I,domestic_supply
244,Samoa,2511,Wheat and products,5301,Domestic supply quantity,2008,1000 t,12.0,I,domestic_supply
244,Samoa,2511,Wheat and products,5301,Domestic supply quantity,2009,1000 t,12.0,I,domestic_supply
244,Samoa,2511,Wheat and products,5301,Domestic supply quantity,2010,1000 t,12.0,I,domestic_supply
244,Samoa,2511,Wheat and products,5301,Domestic supply quantity,2011,1000 t,12.0,I,domestic_supply
244,Samoa,2511,Wheat and products,5123,Losses,2006,1000 t,0.0,I,losses
244,Samoa,2511,Wheat and products,5123,Losses,2007,1000 t,0.0,I,losses
244,Samoa,2511,Wheat and products,5123,Losses,2008,1000 t,0.0,I,losses
244,Samoa,2511,Wheat and products,5123,Losses,2009,1000 t,0.0,I,losses
244,Samoa,2511,Wheat and products,5123,Losses,2010,1000 t,0.0,I,losses
244,Samoa,2511,Wheat and products,5123,Losses,2011,1000 t,0.0,I,losses
244,Samoa,2511,Wheat and products,5142,Food,2006,1000 t,10.0,I,food
244,Samoa,2511,Wheat and products,5142,Food,2007,1000 t,10.0,I,food
244,Samoa,2511,Wheat and products,5142,Food,2008,1000 t,10.0,I,food
244,Samoa,2511,Wheat and products,5142,Food,2009,1000 t,10.0,I,food
244,Samoa,2511,Wheat and products,5142,Food,2010,1000 t,10.0,I,food
244,Samoa,2511,Wheat and products,5142,Food,2011,1000 t,10.0,I,food
193,Sao Tome and Principe,2511,Wheat and products,5611,Import Quantity,2006,1000 t,10.0,I,imports
193,Sao Tome and Principe,2511,Wheat and products,5611,Import Quantity,2007,1000 t,12.0,I,imports
193,Sao Tome and Principe,2511,Wheat and products,5611,Import Quantity,2008,1000 t,9.0,I,imports
193,Sao Tome and Principe,2511,Wheat and products,5611,Import Quantity,2009,1000 t,9.0,I,imports
193,Sao Tome and Principe,2511,Wheat and products,5611,Import Quantity,2010,1000 t,11.0,I,imports
193,Sao Tome and Principe,2511,Wheat and products,5611,Import Quantity,2011,1000 t,10.0,I,imports
193,Sao Tome and Principe,2511,Wheat and products,5074,Stock Variation,2006,1000 t,-1.0,I,stock_variation
193,Sao Tome and Principe,2511,Wheat and products,5074,Stock Variation,2007,1000 t,-4.0,I,stock_variation
193,Sao Tome and Principe,2511,Wheat and products,5074,Stock Variation,2008,1000 t,0.0,I,stock_variation
193,Sao Tome and Principe,2511,Wheat and products,5074,Stock Variation,2009,1000 t,1.0,I,stock_variation
193,Sao Tome and Principe,2511,Wheat and products,5074,Stock Variation,2010,1000 t,-1.0,I,stock_variation
193,Sao Tome and Principe,2511,Wheat and products,5074,Stock Variation,2011,1000 t,0.0,I,stock_variation
193,Sao Tome and Principe,2511,Wheat and products,5301,Domestic supply quantity,2006,1000 t,8.0,I,domestic_supply
193,Sao Tome and Principe,2511,Wheat and products,5301,Domestic supply quantity,2007,1000 t,9.0,I,domestic_supply
193,Sao Tome and Principe,2511,Wheat and products,5301,Domestic supply quantity,2008,1000 t,9.0,I,domestic_supply
193,Sao Tome and Principe,2511,Wheat and products,5301,Domestic supply quantity,2009,1000 t,9.0,I,domestic_supply
193,Sao Tome and Principe,2511,Wheat and products,5301,Domestic supply quantity,2010,1000 t,10.0,I,domestic_supply
193,Sao Tome and Principe,2511,Wheat and products,5301,Domestic supply quantity,2011,1000 t,10.0,I,domestic_supply
193,Sao Tome and Principe,2511,Wheat and products,5123,Losses,2006,1000 t,0.0,I,losses
193,Sao Tome and Principe,2511,Wheat and products,5123,Losses,2007,1000 t,0.0,I,losses
193,Sao Tome and Principe,2511,Wheat and products,5123,Losses,2008,1000 t,0.0,I,losses
193,Sao Tome and Principe,2511,Wheat and products,5123,Losses,2009,1000 t,0.0,I,losses
193,Sao Tome and Principe,2511,Wheat and products,5123,Losses,2010,1000 t,0.0,I,losses
193,Sao Tome and Principe,2511,Wheat and products,5123,Losses,2011,1000 t,0.0,I,losses
193,Sao Tome and Principe,2511,Wheat and products,5142,Food,2006,1000 t,8.0,I,food
193,Sao Tome and Principe,2511,Wheat and products,5142,Food,2007,1000 t,8.0,I,food
193,Sao Tome and Principe,2511,Wheat and products,5142,Food,2008,1000 t,9.0,I,food
193,Sao Tome and Principe,2511,Wheat and products,5142,Food,2009,1000 t,9.0,I,food
193,Sao Tome and Principe,2511,Wheat and products,5142,Food,2010,1000 t,10.0,I,food
193,Sao Tome and Principe,2511,Wheat and products,5142,Food,2011,1000 t,10.0,I,food
194,Saudi Arabia,2511,Wheat and products,5511,Production,2006,1000 t,2630.0,I,production
194,Saudi Arabia,2511,Wheat and products,5511,Production,2007,1000 t,2558.0,I,production
194,Saudi Arabia,2511,Wheat and products,5511,Production,2008,1000 t,1986.0,I,production
194,Saudi Arabia,2511,Wheat and products,5511,Production,2009,1000 t,1152.0,I,production
194,Saudi Arabia,2511,Wheat and products,5511,Production,2010,1000 t,1349.0,I,production
194,Saudi Arabia,2511,Wheat and products,5511,Production,2011,1000 t,1184.0,I,production
194,Saudi Arabia,2511,Wheat and products,5611,Import Quantity,2006,1000 t,178.0,I,imports
194,Saudi Arabia,2511,Wheat and products,5611,Import Quantity,2007,1000 t,206.0,I,imports
194,Saudi Arabia,2511,Wheat and products,5611,Import Quantity,2008,1000 t,416.0,I,imports
194,Saudi Arabia,2511,Wheat and products,5611,Import Quantity,2009,1000 t,1417.0,I,imports
194,Saudi Arabia,2511,Wheat and products,5611,Import Quantity,2010,1000 t,1899.0,I,imports
194,Saudi Arabia,2511,Wheat and products,5611,Import Quantity,2011,1000 t,2364.0,I,imports
194,Saudi Arabia,2511,Wheat and products,5074,Stock Variation,2006,1000 t,-290.0,I,stock_variation
194,Saudi Arabia,2511,Wheat and products,5074,Stock Variation,2007,1000 t,-17.0,I,stock_variation
194,Saudi Arabia,2511,Wheat and products,5074,Stock Variation,2008,1000 t,233.0,I,stock_variation
194,Saudi Arabia,2511,Wheat and products,5074,Stock Variation,2009,1000 t,80.0,I,stock_variation
194,Saudi Arabia,2511,Wheat and products,5074,Stock Variation,2010,1000 t,-330.0,I,stock_variation
194,Saudi Arabia,2511,Wheat and products,5074,Stock Variation,2011,1000 t,-660.0,I,stock_variation
194,Saudi Arabia,2511,Wheat and products,5911,Export Quantity,2006,1000 t,76.0,I,exports
194,Saudi Arabia,2511,Wheat and products,5911,Export Quantity,2007,1000 t,111.0,I,exports
194,Saudi Arabia,2511,Wheat and products,5911,Export Quantity,2008,1000 t,73.0,I,exports
194,Saudi Arabia,2511,Wheat and products,5911,Export Quantity,2009,1000 t,48.0,I,exports
194,Saudi Arabia,2511,Wheat and products,5911,Export Quantity,2010,1000 t,227.0,I,exports
194,Saudi Arabia,2511,Wheat and products,5911,Export Quantity,2011,1000 t,237.0,I,exports
194,Saudi Arabia,2511,Wheat and products,5301,Domestic supply quantity,2006,1000 t,2442.0,I,domestic_supply
194,Saudi Arabia,2511,Wheat and products,5301,Domestic supply quantity,2007,1000 t,2636.0,I,domestic_supply
194,Saudi Arabia,2511,Wheat and products,5301,Domestic supply quantity,2008,1000 t,2562.0,I,domestic_supply
194,Saudi Arabia,2511,Wheat and products,5301,Domestic supply quantity,2009,1000 t,2601.0,I,domestic_supply
194,Saudi Arabia,2511,Wheat and products,5301,Domestic supply quantity,2010,1000 t,2691.0,I,domestic_supply
194,Saudi Arabia,2511,Wheat and products,5301,Domestic supply quantity,2011,1000 t,2651.0,I,domestic_supply
194,Saudi Arabia,2511,Wheat and products,5521,Feed,2006,1000 t,132.0,I,feed
194,Saudi Arabia,2511,Wheat and products,5521,Feed,2007,1000 t,128.0,I,feed
194,Saudi Arabia,2511,Wheat and products,5521,Feed,2008,1000 t,112.0,I,feed
194,Saudi Arabia,2511,Wheat and products,5521,Feed,2009,1000 t,123.0,I,feed
194,Saudi Arabia,2511,Wheat and products,5521,Feed,2010,1000 t,148.0,I,feed
194,Saudi Arabia,2511,Wheat and products,5521,Feed,2011,1000 t,163.0,I,feed
194,Saudi Arabia,2511,Wheat and products,5527,Seed,2006,1000 t,67.0,I,seed
194,Saudi Arabia,2511,Wheat and products,5527,Seed,2007,1000 t,49.0,I,seed
194,Saudi Arabia,2511,Wheat and products,5527,Seed,2008,1000 t,29.0,I,seed
194,Saudi Arabia,2511,Wheat and products,5527,Seed,2009,1000 t,33.0,I,seed
194,Saudi Arabia,2511,Wheat and products,5527,Seed,2010,1000 t,29.0,I,seed
194,Saudi Arabia,2511,Wheat and products,5527,Seed,2011,1000 t,22.0,I,seed
194,Saudi Arabia,2511,Wheat and products,5123,Losses,2006,1000 t,53.0,I,losses
194,Saudi Arabia,2511,Wheat and products,5123,Losses,2007,1000 t,52.0,I,losses
194,Saudi Arabia,2511,Wheat and products,5123,Losses,2008,1000 t,45.0,I,losses
194,Saudi Arabia,2511,Wheat and products,5123,Losses,2009,1000 t,50.0,I,losses
194,Saudi Arabia,2511,Wheat and products,5123,Losses,2010,1000 t,59.0,I,losses
194,Saudi Arabia,2511,Wheat and products,5123,Losses,2011,1000 t,65.0,I,losses
194,Saudi Arabia,2511,Wheat and products,5142,Food,2006,1000 t,2190.0,I,food
194,Saudi Arabia,2511,Wheat and products,5142,Food,2007,1000 t,2408.0,I,food
194,Saudi Arabia,2511,Wheat and products,5142,Food,2008,1000 t,2376.0,I,food
194,Saudi Arabia,2511,Wheat and products,5142,Food,2009,1000 t,2395.0,I,food
194,Saudi Arabia,2511,Wheat and products,5142,Food,2010,1000 t,2454.0,I,food
194,Saudi Arabia,2511,Wheat and products,5142,Food,2011,1000 t,2402.0,I,food
195,Senegal,2511,Wheat and products,5611,Import Quantity,2006,1000 t,394.0,I,imports
195,Senegal,2511,Wheat and products,5611,Import Quantity,2007,1000 t,436.0,I,imports
195,Senegal,2511,Wheat and products,5611,Import Quantity,2008,1000 t,392.0,I,imports
195,Senegal,2511,Wheat and products,5611,Import Quantity,2009,1000 t,455.0,I,imports
195,Senegal,2511,Wheat and products,5611,Import Quantity,2010,1000 t,466.0,I,imports
195,Senegal,2511,Wheat and products,5611,Import Quantity,2011,1000 t,470.0,I,imports
195,Senegal,2511,Wheat and products,5074,Stock Variation,2006,1000 t,0.0,I,stock_variation
195,Senegal,2511,Wheat and products,5074,Stock Variation,2007,1000 t,-2.0,I,stock_variation
195,Senegal,2511,Wheat and products,5074,Stock Variation,2008,1000 t,-1.0,I,stock_variation
195,Senegal,2511,Wheat and products,5074,Stock Variation,2009,1000 t,1.0,I,stock_variation
195,Senegal,2511,Wheat and products,5074,Stock Variation,2010,1000 t,1.0,I,stock_variation
195,Senegal,2511,Wheat and products,5074,Stock Variation,2011,1000 t,0.0,I,stock_variation
195,Senegal,2511,Wheat and products,5911,Export Quantity,2006,1000 t,31.0,I,exports
195,Senegal,2511,Wheat and products,5911,Export Quantity,2007,1000 t,29.0,I,exports
195,Senegal,2511,Wheat and products,5911,Export Quantity,2008,1000 t,27.0,I,exports
195,Senegal,2511,Wheat and products,5911,Export Quantity,2009,1000 t,20.0,I,exports
195,Senegal,2511,Wheat and products,5911,Export Quantity,2010,1000 t,29.0,I,exports
195,Senegal,2511,Wheat and products,5911,Export Quantity,2011,1000 t,23.0,I,exports
195,Senegal,2511,Wheat and products,5301,Domestic supply quantity,2006,1000 t,363.0,I,domestic_supply
195,Senegal,2511,Wheat and products,5301,Domestic supply quantity,2007,1000 t,404.0,I,domestic_supply
195,Senegal,2511,Wheat and products,5301,Domestic supply quantity,2008,1000 t,364.0,I,domestic_supply
195,Senegal,2511,Wheat and products,5301,Domestic supply quantity,2009,1000 t,436.0,I,domestic_supply
195,Senegal,2511,Wheat and products,5301,Domestic supply quantity,2010,1000 t,437.0,I,domestic_supply
195,Senegal,2511,Wheat and products,5301,Domestic supply quantity,2011,1000 t,447.0,I,domestic_supply
195,Senegal,2511,Wheat and products,5123,Losses,2006,1000 t,7.0,I,losses
195,Senegal,2511,Wheat and products,5123,Losses,2007,1000 t,8.0,I,losses
195,Senegal,2511,Wheat and products,5123,Losses,2008,1000 t,7.0,I,losses
195,Senegal,2511,Wheat and products,5123,Losses,2009,1000 t,9.0,I,losses
195,Senegal,2511,Wheat and products,5123,Losses,2010,1000 t,9.0,I,losses
195,Senegal,2511,Wheat and products,5123,Losses,2011,1000 t,9.0,I,losses
195,Senegal,2511,Wheat and products,5142,Food,2006,1000 t,356.0,I,food
195,Senegal,2511,Wheat and products,5142,Food,2007,1000 t,396.0,I,food
195,Senegal,2511,Wheat and products,5142,Food,2008,1000 t,357.0,I,food
195,Senegal,2511,Wheat and products,5142,Food,2009,1000 t,427.0,I,food
195,Senegal,2511,Wheat and products,5142,Food,2010,1000 t,429.0,I,food
195,Senegal,2511,Wheat and products,5142,Food,2011,1000 t,438.0,I,food
272,Serbia,2511,Wheat and products,5511,Production,2006,1000 t,1875.0,I,production
272,Serbia,2511,Wheat and products,5511,Production,2007,1000 t,1864.0,I,production
272,Serbia,2511,Wheat and products,5511,Production,2008,1000 t,2095.0,I,production
272,Serbia,2511,Wheat and products,5511,Production,2009,1000 t,2068.0,I,production
272,Serbia,2511,Wheat and products,5511,Production,2010,1000 t,1630.0,I,production
272,Serbia,2511,Wheat and products,5511,Production,2011,1000 t,2076.0,I,production
272,Serbia,2511,Wheat and products,5611,Import Quantity,2006,1000 t,20.0,I,imports
272,Serbia,2511,Wheat and products,5611,Import Quantity,2007,1000 t,23.0,I,imports
272,Serbia,2511,Wheat and products,5611,Import Quantity,2008,1000 t,26.0,I,imports
272,Serbia,2511,Wheat and products,5611,Import Quantity,2009,1000 t,20.0,I,imports
272,Serbia,2511,Wheat and products,5611,Import Quantity,2010,1000 t,23.0,I,imports
272,Serbia,2511,Wheat and products,5611,Import Quantity,2011,1000 t,24.0,I,imports
272,Serbia,2511,Wheat and products,5074,Stock Variation,2006,1000 t,-273.0,I,stock_variation
272,Serbia,2511,Wheat and products,5074,Stock Variation,2007,1000 t,273.0,I,stock_variation
272,Serbia,2511,Wheat and products,5074,Stock Variation,2008,1000 t,-401.0,I,stock_variation
272,Serbia,2511,Wheat and products,5074,Stock Variation,2009,1000 t,-133.0,I,stock_variation
272,Serbia,2511,Wheat and products,5074,Stock Variation,2010,1000 t,495.0,I,stock_variation
272,Serbia,2511,Wheat and products,5074,Stock Variation,2011,1000 t,-39.0,I,stock_variation
272,Serbia,2511,Wheat and products,5911,Export Quantity,2006,1000 t,219.0,I,exports
272,Serbia,2511,Wheat and products,5911,Export Quantity,2007,1000 t,621.0,I,exports
272,Serbia,2511,Wheat and products,5911,Export Quantity,2008,1000 t,295.0,I,exports
272,Serbia,2511,Wheat and products,5911,Export Quantity,2009,1000 t,468.0,I,exports
272,Serbia,2511,Wheat and products,5911,Export Quantity,2010,1000 t,679.0,I,exports
272,Serbia,2511,Wheat and products,5911,Export Quantity,2011,1000 t,541.0,I,exports
272,Serbia,2511,Wheat and products,5301,Domestic supply quantity,2006,1000 t,1403.0,I,domestic_supply
272,Serbia,2511,Wheat and products,5301,Domestic supply quantity,2007,1000 t,1538.0,I,domestic_supply
272,Serbia,2511,Wheat and products,5301,Domestic supply quantity,2008,1000 t,1425.0,I,domestic_supply
272,Serbia,2511,Wheat and products,5301,Domestic supply quantity,2009,1000 t,1487.0,I,domestic_supply
272,Serbia,2511,Wheat and products,5301,Domestic supply quantity,2010,1000 t,1469.0,I,domestic_supply
272,Serbia,2511,Wheat and products,5301,Domestic supply quantity,2011,1000 t,1521.0,I,domestic_supply
272,Serbia,2511,Wheat and products,5521,Feed,2006,1000 t,188.0,I,feed
272,Serbia,2511,Wheat and products,5521,Feed,2007,1000 t,280.0,I,feed
272,Serbia,2511,Wheat and products,5521,Feed,2008,1000 t,210.0,I,feed
272,Serbia,2511,Wheat and products,5521,Feed,2009,1000 t,310.0,I,feed
272,Serbia,2511,Wheat and products,5521,Feed,2010,1000 t,245.0,I,feed
272,Serbia,2511,Wheat and products,5521,Feed,2011,1000 t,312.0,I,feed
272,Serbia,2511,Wheat and products,5527,Seed,2006,1000 t,101.0,I,seed
272,Serbia,2511,Wheat and products,5527,Seed,2007,1000 t,88.0,I,seed
272,Serbia,2511,Wheat and products,5527,Seed,2008,1000 t,102.0,I,seed
272,Serbia,2511,Wheat and products,5527,Seed,2009,1000 t,87.0,I,seed
272,Serbia,2511,Wheat and products,5527,Seed,2010,1000 t,89.0,I,seed
272,Serbia,2511,Wheat and products,5527,Seed,2011,1000 t,109.0,I,seed
272,Serbia,2511,Wheat and products,5123,Losses,2006,1000 t,74.0,I,losses
272,Serbia,2511,Wheat and products,5123,Losses,2007,1000 t,158.0,I,losses
272,Serbia,2511,Wheat and products,5123,Losses,2008,1000 t,106.0,I,losses
272,Serbia,2511,Wheat and products,5123,Losses,2009,1000 t,106.0,I,losses
272,Serbia,2511,Wheat and products,5123,Losses,2010,1000 t,100.0,I,losses
272,Serbia,2511,Wheat and products,5123,Losses,2011,1000 t,104.0,I,losses
272,Serbia,2511,Wheat and products,5142,Food,2006,1000 t,1040.0,I,food
272,Serbia,2511,Wheat and products,5142,Food,2007,1000 t,1012.0,I,food
272,Serbia,2511,Wheat and products,5142,Food,2008,1000 t,1007.0,I,food
272,Serbia,2511,Wheat and products,5142,Food,2009,1000 t,983.0,I,food
272,Serbia,2511,Wheat and products,5142,Food,2010,1000 t,1035.0,I,food
272,Serbia,2511,Wheat and products,5142,Food,2011,1000 t,996.0,I,food
197,Sierra Leone,2511,Wheat and products,5611,Import Quantity,2006,1000 t,91.0,I,imports
197,Sierra Leone,2511,Wheat and products,5611,Import Quantity,2007,1000 t,55.0,I,imports
197,Sierra Leone,2511,Wheat and products,5611,Import Quantity,2008,1000 t,72.0,I,imports
197,Sierra Leone,2511,Wheat and products,5611,Import Quantity,2009,1000 t,45.0,I,imports
197,Sierra Leone,2511,Wheat and products,5611,Import Quantity,2010,1000 t,57.0,I,imports
197,Sierra Leone,2511,Wheat and products,5611,Import Quantity,2011,1000 t,66.0,I,imports
197,Sierra Leone,2511,Wheat and products,5074,Stock Variation,2006,1000 t,-11.0,I,stock_variation
197,Sierra Leone,2511,Wheat and products,5074,Stock Variation,2007,1000 t,18.0,I,stock_variation
197,Sierra Leone,2511,Wheat and products,5074,Stock Variation,2008,1000 t,2.0,I,stock_variation
197,Sierra Leone,2511,Wheat and products,5074,Stock Variation,2009,1000 t,21.0,I,stock_variation
197,Sierra Leone,2511,Wheat and products,5074,Stock Variation,2010,1000 t,12.0,I,stock_variation
197,Sierra Leone,2511,Wheat and products,5074,Stock Variation,2011,1000 t,7.0,I,stock_variation
197,Sierra Leone,2511,Wheat and products,5911,Export Quantity,2006,1000 t,0.0,I,exports
197,Sierra Leone,2511,Wheat and products,5911,Export Quantity,2007,1000 t,0.0,I,exports
197,Sierra Leone,2511,Wheat and products,5911,Export Quantity,2008,1000 t,0.0,I,exports
197,Sierra Leone,2511,Wheat and products,5911,Export Quantity,2009,1000 t,0.0,I,exports
197,Sierra Leone,2511,Wheat and products,5911,Export Quantity,2010,1000 t,0.0,I,exports
197,Sierra Leone,2511,Wheat and products,5911,Export Quantity,2011,1000 t,0.0,I,exports
197,Sierra Leone,2511,Wheat and products,5301,Domestic supply quantity,2006,1000 t,80.0,I,domestic_supply
197,Sierra Leone,2511,Wheat and products,5301,Domestic supply quantity,2007,1000 t,73.0,I,domestic_supply
197,Sierra Leone,2511,Wheat and products,5301,Domestic supply quantity,2008,1000 t,74.0,I,domestic_supply
197,Sierra Leone,2511,Wheat and products,5301,Domestic supply quantity,2009,1000 t,66.0,I,domestic_supply
197,Sierra Leone,2511,Wheat and products,5301,Domestic supply quantity,2010,1000 t,68.0,I,domestic_supply
197,Sierra Leone,2511,Wheat and products,5301,Domestic supply quantity,2011,1000 t,73.0,I,domestic_supply
197,Sierra Leone,2511,Wheat and products,5123,Losses,2006,1000 t,3.0,I,losses
197,Sierra Leone,2511,Wheat and products,5123,Losses,2007,1000 t,4.0,I,losses
197,Sierra Leone,2511,Wheat and products,5123,Losses,2008,1000 t,4.0,I,losses
197,Sierra Leone,2511,Wheat and products,5123,Losses,2009,1000 t,4.0,I,losses
197,Sierra Leone,2511,Wheat and products,5123,Losses,2010,1000 t,3.0,I,losses
197,Sierra Leone,2511,Wheat and products,5123,Losses,2011,1000 t,3.0,I,losses
197,Sierra Leone,2511,Wheat and products,5142,Food,2006,1000 t,77.0,I,food
197,Sierra Leone,2511,Wheat and products,5142,Food,2007,1000 t,70.0,I,food
197,Sierra Leone,2511,Wheat and products,5142,Food,2008,1000 t,70.0,I,food
197,Sierra Leone,2511,Wheat and products,5142,Food,2009,1000 t,62.0,I,food
197,Sierra Leone,2511,Wheat and products,5142,Food,2010,1000 t,65.0,I,food
197,Sierra Leone,2511,Wheat and products,5142,Food,2011,1000 t,70.0,I,food
199,Slovakia,2511,Wheat and products,5511,Production,2006,1000 t,1343.0,I,production
199,Slovakia,2511,Wheat and products,5511,Production,2007,1000 t,1380.0,I,production
199,Slovakia,2511,Wheat and products,5511,Production,2008,1000 t,1819.0,I,production
199,Slovakia,2511,Wheat and products,5511,Production,2009,1000 t,1538.0,I,production
199,Slovakia,2511,Wheat and products,5511,Production,2010,1000 t,1185.0,I,production
199,Slovakia,2511,Wheat and products,5511,Production,2011,1000 t,1631.0,I,production
199,Slovakia,2511,Wheat and products,5611,Import Quantity,2006,1000 t,148.0,I,imports
199,Slovakia,2511,Wheat and products,5611,Import Quantity,2007,1000 t,156.0,I,imports
199,Slovakia,2511,Wheat and products,5611,Import Quantity,2008,1000 t,267.0,I,imports
199,Slovakia,2511,Wheat and products,5611,Import Quantity,2009,1000 t,194.0,I,imports
199,Slovakia,2511,Wheat and products,5611,Import Quantity,2010,1000 t,240.0,I,imports
199,Slovakia,2511,Wheat and products,5611,Import Quantity,2011,1000 t,352.0,I,imports
199,Slovakia,2511,Wheat and products,5074,Stock Variation,2006,1000 t,165.0,I,stock_variation
199,Slovakia,2511,Wheat and products,5074,Stock Variation,2007,1000 t,-193.0,I,stock_variation
199,Slovakia,2511,Wheat and products,5074,Stock Variation,2008,1000 t,-724.0,I,stock_variation
199,Slovakia,2511,Wheat and products,5074,Stock Variation,2009,1000 t,273.0,I,stock_variation
199,Slovakia,2511,Wheat and products,5074,Stock Variation,2010,1000 t,624.0,I,stock_variation
199,Slovakia,2511,Wheat and products,5074,Stock Variation,2011,1000 t,146.0,I,stock_variation
199,Slovakia,2511,Wheat and products,5911,Export Quantity,2006,1000 t,481.0,I,exports
199,Slovakia,2511,Wheat and products,5911,Export Quantity,2007,1000 t,226.0,I,exports
199,Slovakia,2511,Wheat and products,5911,Export Quantity,2008,1000 t,258.0,I,exports
199,Slovakia,2511,Wheat and products,5911,Export Quantity,2009,1000 t,508.0,I,exports
199,Slovakia,2511,Wheat and products,5911,Export Quantity,2010,1000 t,478.0,I,exports
199,Slovakia,2511,Wheat and products,5911,Export Quantity,2011,1000 t,481.0,I,exports
199,Slovakia,2511,Wheat and products,5301,Domestic supply quantity,2006,1000 t,1174.0,I,domestic_supply
199,Slovakia,2511,Wheat and products,5301,Domestic supply quantity,2007,1000 t,1117.0,I,domestic_supply
199,Slovakia,2511,Wheat and products,5301,Domestic supply quantity,2008,1000 t,1106.0,I,domestic_supply
199,Slovakia,2511,Wheat and products,5301,Domestic supply quantity,2009,1000 t,1497.0,I,domestic_supply
199,Slovakia,2511,Wheat and products,5301,Domestic supply quantity,2010,1000 t,1571.0,I,domestic_supply
199,Slovakia,2511,Wheat and products,5301,Domestic supply quantity,2011,1000 t,1648.0,I,domestic_supply
199,Slovakia,2511,Wheat and products,5521,Feed,2006,1000 t,461.0,I,feed
199,Slovakia,2511,Wheat and products,5521,Feed,2007,1000 t,374.0,I,feed
199,Slovakia,2511,Wheat and products,5521,Feed,2008,1000 t,340.0,I,feed
199,Slovakia,2511,Wheat and products,5521,Feed,2009,1000 t,769.0,I,feed
199,Slovakia,2511,Wheat and products,5521,Feed,2010,1000 t,695.0,I,feed
199,Slovakia,2511,Wheat and products,5521,Feed,2011,1000 t,704.0,I,feed
199,Slovakia,2511,Wheat and products,5527,Seed,2006,1000 t,100.0,I,seed
199,Slovakia,2511,Wheat and products,5527,Seed,2007,1000 t,100.0,I,seed
199,Slovakia,2511,Wheat and products,5527,Seed,2008,1000 t,110.0,I,seed
199,Slovakia,2511,Wheat and products,5527,Seed,2009,1000 t,99.0,I,seed
199,Slovakia,2511,Wheat and products,5527,Seed,2010,1000 t,125.0,I,seed
199,Slovakia,2511,Wheat and products,5527,Seed,2011,1000 t,100.0,I,seed
199,Slovakia,2511,Wheat and products,5123,Losses,2006,1000 t,44.0,I,losses
199,Slovakia,2511,Wheat and products,5123,Losses,2007,1000 t,40.0,I,losses
199,Slovakia,2511,Wheat and products,5123,Losses,2008,1000 t,49.0,I,losses
199,Slovakia,2511,Wheat and products,5123,Losses,2009,1000 t,38.0,I,losses
199,Slovakia,2511,Wheat and products,5123,Losses,2010,1000 t,29.0,I,losses
199,Slovakia,2511,Wheat and products,5123,Losses,2011,1000 t,33.0,I,losses
199,Slovakia,2511,Wheat and products,5142,Food,2006,1000 t,568.0,I,food
199,Slovakia,2511,Wheat and products,5142,Food,2007,1000 t,591.0,I,food
199,Slovakia,2511,Wheat and products,5142,Food,2008,1000 t,599.0,I,food
199,Slovakia,2511,Wheat and products,5142,Food,2009,1000 t,578.0,I,food
199,Slovakia,2511,Wheat and products,5142,Food,2010,1000 t,601.0,I,food
199,Slovakia,2511,Wheat and products,5142,Food,2011,1000 t,650.0,I,food
198,Slovenia,2511,Wheat and products,5511,Production,2006,1000 t,134.0,I,production
198,Slovenia,2511,Wheat and products,5511,Production,2007,1000 t,133.0,I,production
198,Slovenia,2511,Wheat and products,5511,Production,2008,1000 t,160.0,I,production
198,Slovenia,2511,Wheat and products,5511,Production,2009,1000 t,137.0,I,production
198,Slovenia,2511,Wheat and products,5511,Production,2010,1000 t,153.0,I,production
198,Slovenia,2511,Wheat and products,5511,Production,2011,1000 t,154.0,I,production
198,Slovenia,2511,Wheat and products,5611,Import Quantity,2006,1000 t,216.0,I,imports
198,Slovenia,2511,Wheat and products,5611,Import Quantity,2007,1000 t,212.0,I,imports
198,Slovenia,2511,Wheat and products,5611,Import Quantity,2008,1000 t,226.0,I,imports
198,Slovenia,2511,Wheat and products,5611,Import Quantity,2009,1000 t,206.0,I,imports
198,Slovenia,2511,Wheat and products,5611,Import Quantity,2010,1000 t,196.0,I,imports
198,Slovenia,2511,Wheat and products,5611,Import Quantity,2011,1000 t,247.0,I,imports
198,Slovenia,2511,Wheat and products,5074,Stock Variation,2006,1000 t,-20.0,I,stock_variation
198,Slovenia,2511,Wheat and products,5074,Stock Variation,2007,1000 t,0.0,I,stock_variation
198,Slovenia,2511,Wheat and products,5074,Stock Variation,2008,1000 t,3.0,I,stock_variation
198,Slovenia,2511,Wheat and products,5074,Stock Variation,2009,1000 t,0.0,I,stock_variation
198,Slovenia,2511,Wheat and products,5074,Stock Variation,2010,1000 t,4.0,I,stock_variation
198,Slovenia,2511,Wheat and products,5074,Stock Variation,2011,1000 t,-65.0,I,stock_variation
198,Slovenia,2511,Wheat and products,5911,Export Quantity,2006,1000 t,15.0,I,exports
198,Slovenia,2511,Wheat and products,5911,Export Quantity,2007,1000 t,28.0,I,exports
198,Slovenia,2511,Wheat and products,5911,Export Quantity,2008,1000 t,29.0,I,exports
198,Slovenia,2511,Wheat and products,5911,Export Quantity,2009,1000 t,55.0,I,exports
198,Slovenia,2511,Wheat and products,5911,Export Quantity,2010,1000 t,85.0,I,exports
198,Slovenia,2511,Wheat and products,5911,Export Quantity,2011,1000 t,53.0,I,exports
198,Slovenia,2511,Wheat and products,5301,Domestic supply quantity,2006,1000 t,316.0,I,domestic_supply
198,Slovenia,2511,Wheat and products,5301,Domestic supply quantity,2007,1000 t,317.0,I,domestic_supply
198,Slovenia,2511,Wheat and products,5301,Domestic supply quantity,2008,1000 t,360.0,I,domestic_supply
198,Slovenia,2511,Wheat and products,5301,Domestic supply quantity,2009,1000 t,288.0,I,domestic_supply
198,Slovenia,2511,Wheat and products,5301,Domestic supply quantity,2010,1000 t,269.0,I,domestic_supply
198,Slovenia,2511,Wheat and products,5301,Domestic supply quantity,2011,1000 t,283.0,I,domestic_supply
198,Slovenia,2511,Wheat and products,5521,Feed,2006,1000 t,69.0,I,feed
198,Slovenia,2511,Wheat and products,5521,Feed,2007,1000 t,68.0,I,feed
198,Slovenia,2511,Wheat and products,5521,Feed,2008,1000 t,102.0,I,feed
198,Slovenia,2511,Wheat and products,5521,Feed,2009,1000 t,33.0,I,feed
198,Slovenia,2511,Wheat and products,5521,Feed,2010,1000 t,8.0,I,feed
198,Slovenia,2511,Wheat and products,5521,Feed,2011,1000 t,10.0,I,feed
198,Slovenia,2511,Wheat and products,5527,Seed,2006,1000 t,8.0,I,seed
198,Slovenia,2511,Wheat and products,5527,Seed,2007,1000 t,9.0,I,seed
198,Slovenia,2511,Wheat and products,5527,Seed,2008,1000 t,9.0,I,seed
198,Slovenia,2511,Wheat and products,5527,Seed,2009,1000 t,8.0,I,seed
198,Slovenia,2511,Wheat and products,5527,Seed,2010,1000 t,7.0,I,seed
198,Slovenia,2511,Wheat and products,5527,Seed,2011,1000 t,9.0,I,seed
198,Slovenia,2511,Wheat and products,5123,Losses,2006,1000 t,47.0,I,losses
198,Slovenia,2511,Wheat and products,5123,Losses,2007,1000 t,45.0,I,losses
198,Slovenia,2511,Wheat and products,5123,Losses,2008,1000 t,50.0,I,losses
198,Slovenia,2511,Wheat and products,5123,Losses,2009,1000 t,43.0,I,losses
198,Slovenia,2511,Wheat and products,5123,Losses,2010,1000 t,44.0,I,losses
198,Slovenia,2511,Wheat and products,5123,Losses,2011,1000 t,51.0,I,losses
198,Slovenia,2511,Wheat and products,5142,Food,2006,1000 t,178.0,I,food
198,Slovenia,2511,Wheat and products,5142,Food,2007,1000 t,182.0,I,food
198,Slovenia,2511,Wheat and products,5142,Food,2008,1000 t,186.0,I,food
198,Slovenia,2511,Wheat and products,5142,Food,2009,1000 t,191.0,I,food
198,Slovenia,2511,Wheat and products,5142,Food,2010,1000 t,196.0,I,food
198,Slovenia,2511,Wheat and products,5142,Food,2011,1000 t,200.0,I,food
25,Solomon Islands,2511,Wheat and products,5611,Import Quantity,2006,1000 t,16.0,I,imports
25,Solomon Islands,2511,Wheat and products,5611,Import Quantity,2007,1000 t,17.0,I,imports
25,Solomon Islands,2511,Wheat and products,5611,Import Quantity,2008,1000 t,11.0,I,imports
25,Solomon Islands,2511,Wheat and products,5611,Import Quantity,2009,1000 t,14.0,I,imports
25,Solomon Islands,2511,Wheat and products,5611,Import Quantity,2010,1000 t,17.0,I,imports
25,Solomon Islands,2511,Wheat and products,5611,Import Quantity,2011,1000 t,19.0,I,imports
25,Solomon Islands,2511,Wheat and products,5074,Stock Variation,2006,1000 t,-2.0,I,stock_variation
25,Solomon Islands,2511,Wheat and products,5074,Stock Variation,2007,1000 t,-5.0,I,stock_variation
25,Solomon Islands,2511,Wheat and products,5074,Stock Variation,2008,1000 t,1.0,I,stock_variation
25,Solomon Islands,2511,Wheat and products,5074,Stock Variation,2009,1000 t,-2.0,I,stock_variation
25,Solomon Islands,2511,Wheat and products,5074,Stock Variation,2010,1000 t,-2.0,I,stock_variation
25,Solomon Islands,2511,Wheat and products,5074,Stock Variation,2011,1000 t,2.0,I,stock_variation
25,Solomon Islands,2511,Wheat and products,5911,Export Quantity,2006,1000 t,0.0,I,exports
25,Solomon Islands,2511,Wheat and products,5911,Export Quantity,2007,1000 t,0.0,I,exports
25,Solomon Islands,2511,Wheat and products,5911,Export Quantity,2008,1000 t,0.0,I,exports
25,Solomon Islands,2511,Wheat and products,5911,Export Quantity,2009,1000 t,0.0,I,exports
25,Solomon Islands,2511,Wheat and products,5911,Export Quantity,2010,1000 t,0.0,I,exports
25,Solomon Islands,2511,Wheat and products,5911,Export Quantity,2011,1000 t,0.0,I,exports
25,Solomon Islands,2511,Wheat and products,5301,Domestic supply quantity,2006,1000 t,14.0,I,domestic_supply
25,Solomon Islands,2511,Wheat and products,5301,Domestic supply quantity,2007,1000 t,12.0,I,domestic_supply
25,Solomon Islands,2511,Wheat and products,5301,Domestic supply quantity,2008,1000 t,11.0,I,domestic_supply
25,Solomon Islands,2511,Wheat and products,5301,Domestic supply quantity,2009,1000 t,12.0,I,domestic_supply
25,Solomon Islands,2511,Wheat and products,5301,Domestic supply quantity,2010,1000 t,15.0,I,domestic_supply
25,Solomon Islands,2511,Wheat and products,5301,Domestic supply quantity,2011,1000 t,21.0,I,domestic_supply
25,Solomon Islands,2511,Wheat and products,5142,Food,2006,1000 t,14.0,I,food
25,Solomon Islands,2511,Wheat and products,5142,Food,2007,1000 t,12.0,I,food
25,Solomon Islands,2511,Wheat and products,5142,Food,2008,1000 t,11.0,I,food
25,Solomon Islands,2511,Wheat and products,5142,Food,2009,1000 t,12.0,I,food
25,Solomon Islands,2511,Wheat and products,5142,Food,2010,1000 t,15.0,I,food
25,Solomon Islands,2511,Wheat and products,5142,Food,2011,1000 t,21.0,I,food
202,South Africa,2511,Wheat and products,5511,Production,2006,1000 t,2105.0,I,production
202,South Africa,2511,Wheat and products,5511,Production,2007,1000 t,1905.0,I,production
202,South Africa,2511,Wheat and products,5511,Production,2008,1000 t,2130.0,I,production
202,South Africa,2511,Wheat and products,5511,Production,2009,1000 t,1958.0,I,production
202,South Africa,2511,Wheat and products,5511,Production,2010,1000 t,1430.0,I,production
202,South Africa,2511,Wheat and products,5511,Production,2011,1000 t,2005.0,I,production
202,South Africa,2511,Wheat and products,5611,Import Quantity,2006,1000 t,1022.0,I,imports
202,South Africa,2511,Wheat and products,5611,Import Quantity,2007,1000 t,1153.0,I,imports
202,South Africa,2511,Wheat and products,5611,Import Quantity,2008,1000 t,1472.0,I,imports
202,South Africa,2511,Wheat and products,5611,Import Quantity,2009,1000 t,1351.0,I,imports
202,South Africa,2511,Wheat and products,5611,Import Quantity,2010,1000 t,1302.0,I,imports
202,South Africa,2511,Wheat and products,5611,Import Quantity,2011,1000 t,1909.0,I,imports
202,South Africa,2511,Wheat and products,5074,Stock Variation,2006,1000 t,0.0,I,stock_variation
202,South Africa,2511,Wheat and products,5074,Stock Variation,2007,1000 t,150.0,I,stock_variation
202,South Africa,2511,Wheat and products,5074,Stock Variation,2008,1000 t,-250.0,I,stock_variation
202,South Africa,2511,Wheat and products,5074,Stock Variation,2009,1000 t,0.0,I,stock_variation
202,South Africa,2511,Wheat and products,5074,Stock Variation,2010,1000 t,550.0,I,stock_variation
202,South Africa,2511,Wheat and products,5074,Stock Variation,2011,1000 t,-500.0,I,stock_variation
202,South Africa,2511,Wheat and products,5911,Export Quantity,2006,1000 t,55.0,I,exports
202,South Africa,2511,Wheat and products,5911,Export Quantity,2007,1000 t,88.0,I,exports
202,South Africa,2511,Wheat and products,5911,Export Quantity,2008,1000 t,197.0,I,exports
202,South Africa,2511,Wheat and products,5911,Export Quantity,2009,1000 t,162.0,I,exports
202,South Africa,2511,Wheat and products,5911,Export Quantity,2010,1000 t,142.0,I,exports
202,South Africa,2511,Wheat and products,5911,Export Quantity,2011,1000 t,143.0,I,exports
202,South Africa,2511,Wheat and products,5301,Domestic supply quantity,2006,1000 t,3073.0,I,domestic_supply
202,South Africa,2511,Wheat and products,5301,Domestic supply quantity,2007,1000 t,3121.0,I,domestic_supply
202,South Africa,2511,Wheat and products,5301,Domestic supply quantity,2008,1000 t,3154.0,I,domestic_supply
202,South Africa,2511,Wheat and products,5301,Domestic supply quantity,2009,1000 t,3148.0,I,domestic_supply
202,South Africa,2511,Wheat and products,5301,Domestic supply quantity,2010,1000 t,3140.0,I,domestic_supply
202,South Africa,2511,Wheat and products,5301,Domestic supply quantity,2011,1000 t,3271.0,I,domestic_supply
202,South Africa,2511,Wheat and products,5521,Feed,2006,1000 t,31.0,I,feed
202,South Africa,2511,Wheat and products,5521,Feed,2007,1000 t,32.0,I,feed
202,South Africa,2511,Wheat and products,5521,Feed,2008,1000 t,36.0,I,feed
202,South Africa,2511,Wheat and products,5521,Feed,2009,1000 t,33.0,I,feed
202,South Africa,2511,Wheat and products,5521,Feed,2010,1000 t,32.0,I,feed
202,South Africa,2511,Wheat and products,5521,Feed,2011,1000 t,39.0,I,feed
202,South Africa,2511,Wheat and products,5527,Seed,2006,1000 t,41.0,I,seed
202,South Africa,2511,Wheat and products,5527,Seed,2007,1000 t,49.0,I,seed
202,South Africa,2511,Wheat and products,5527,Seed,2008,1000 t,42.0,I,seed
202,South Africa,2511,Wheat and products,5527,Seed,2009,1000 t,36.0,I,seed
202,South Africa,2511,Wheat and products,5527,Seed,2010,1000 t,39.0,I,seed
202,South Africa,2511,Wheat and products,5527,Seed,2011,1000 t,33.0,I,seed
202,South Africa,2511,Wheat and products,5123,Losses,2006,1000 t,46.0,I,losses
202,South Africa,2511,Wheat and products,5123,Losses,2007,1000 t,47.0,I,losses
202,South Africa,2511,Wheat and products,5123,Losses,2008,1000 t,53.0,I,losses
202,South Africa,2511,Wheat and products,5123,Losses,2009,1000 t,49.0,I,losses
202,South Africa,2511,Wheat and products,5123,Losses,2010,1000 t,49.0,I,losses
202,South Africa,2511,Wheat and products,5123,Losses,2011,1000 t,58.0,I,losses
202,South Africa,2511,Wheat and products,5142,Food,2006,1000 t,2953.0,I,food
202,South Africa,2511,Wheat and products,5142,Food,2007,1000 t,2992.0,I,food
202,South Africa,2511,Wheat and products,5142,Food,2008,1000 t,3023.0,I,food
202,South Africa,2511,Wheat and products,5142,Food,2009,1000 t,3029.0,I,food
202,South Africa,2511,Wheat and products,5142,Food,2010,1000 t,3019.0,I,food
202,South Africa,2511,Wheat and products,5142,Food,2011,1000 t,3141.0,I,food
203,Spain,2511,Wheat and products,5511,Production,2006,1000 t,5522.0,I,production
203,Spain,2511,Wheat and products,5511,Production,2007,1000 t,6436.0,I,production
203,Spain,2511,Wheat and products,5511,Production,2008,1000 t,6714.0,I,production
203,Spain,2511,Wheat and products,5511,Production,2009,1000 t,4805.0,I,production
203,Spain,2511,Wheat and products,5511,Production,2010,1000 t,5941.0,I,production
203,Spain,2511,Wheat and products,5511,Production,2011,1000 t,6877.0,I,production
203,Spain,2511,Wheat and products,5611,Import Quantity,2006,1000 t,5833.0,I,imports
203,Spain,2511,Wheat and products,5611,Import Quantity,2007,1000 t,4125.0,I,imports
203,Spain,2511,Wheat and products,5611,Import Quantity,2008,1000 t,5338.0,I,imports
203,Spain,2511,Wheat and products,5611,Import Quantity,2009,1000 t,7163.0,I,imports
203,Spain,2511,Wheat and products,5611,Import Quantity,2010,1000 t,5037.0,I,imports
203,Spain,2511,Wheat and products,5611,Import Quantity,2011,1000 t,4796.0,I,imports
203,Spain,2511,Wheat and products,5074,Stock Variation,2006,1000 t,-130.0,I,stock_variation
203,Spain,2511,Wheat and products,5074,Stock Variation,2007,1000 t,357.0,I,stock_variation
203,Spain,2511,Wheat and products,5074,Stock Variation,2008,1000 t,-644.0,I,stock_variation
203,Spain,2511,Wheat and products,5074,Stock Variation,2009,1000 t,-771.0,I,stock_variation
203,Spain,2511,Wheat and products,5074,Stock Variation,2010,1000 t,-147.0,I,stock_variation
203,Spain,2511,Wheat and products,5074,Stock Variation,2011,1000 t,36.0,I,stock_variation
203,Spain,2511,Wheat and products,5911,Export Quantity,2006,1000 t,1203.0,I,exports
203,Spain,2511,Wheat and products,5911,Export Quantity,2007,1000 t,1183.0,I,exports
203,Spain,2511,Wheat and products,5911,Export Quantity,2008,1000 t,1125.0,I,exports
203,Spain,2511,Wheat and products,5911,Export Quantity,2009,1000 t,1081.0,I,exports
203,Spain,2511,Wheat and products,5911,Export Quantity,2010,1000 t,962.0,I,exports
203,Spain,2511,Wheat and products,5911,Export Quantity,2011,1000 t,1308.0,I,exports
203,Spain,2511,Wheat and products,5301,Domestic supply quantity,2006,1000 t,10022.0,I,domestic_supply
203,Spain,2511,Wheat and products,5301,Domestic supply quantity,2007,1000 t,9735.0,I,domestic_supply
203,Spain,2511,Wheat and products,5301,Domestic supply quantity,2008,1000 t,10283.0,I,domestic_supply
203,Spain,2511,Wheat and products,5301,Domestic supply quantity,2009,1000 t,10115.0,I,domestic_supply
203,Spain,2511,Wheat and products,5301,Domestic supply quantity,2010,1000 t,9869.0,I,domestic_supply
203,Spain,2511,Wheat and products,5301,Domestic supply quantity,2011,1000 t,10401.0,I,domestic_supply
203,Spain,2511,Wheat and products,5521,Feed,2006,1000 t,5700.0,I,feed
203,Spain,2511,Wheat and products,5521,Feed,2007,1000 t,5400.0,I,feed
203,Spain,2511,Wheat and products,5521,Feed,2008,1000 t,5500.0,I,feed
203,Spain,2511,Wheat and products,5521,Feed,2009,1000 t,5200.0,I,feed
203,Spain,2511,Wheat and products,5521,Feed,2010,1000 t,5000.0,I,feed
203,Spain,2511,Wheat and products,5521,Feed,2011,1000 t,5500.0,I,feed
203,Spain,2511,Wheat and products,5527,Seed,2006,1000 t,424.0,I,seed
203,Spain,2511,Wheat and products,5527,Seed,2007,1000 t,352.0,I,seed
203,Spain,2511,Wheat and products,5527,Seed,2008,1000 t,408.0,I,seed
203,Spain,2511,Wheat and products,5527,Seed,2009,1000 t,337.0,I,seed
203,Spain,2511,Wheat and products,5527,Seed,2010,1000 t,365.0,I,seed
203,Spain,2511,Wheat and products,5527,Seed,2011,1000 t,339.0,I,seed
203,Spain,2511,Wheat and products,5123,Losses,2006,1000 t,48.0,I,losses
203,Spain,2511,Wheat and products,5123,Losses,2007,1000 t,51.0,I,losses
203,Spain,2511,Wheat and products,5123,Losses,2008,1000 t,238.0,I,losses
203,Spain,2511,Wheat and products,5123,Losses,2009,1000 t,277.0,I,losses
203,Spain,2511,Wheat and products,5123,Losses,2010,1000 t,147.0,I,losses
203,Spain,2511,Wheat and products,5123,Losses,2011,1000 t,135.0,I,losses
203,Spain,2511,Wheat and products,5142,Food,2006,1000 t,3749.0,I,food
203,Spain,2511,Wheat and products,5142,Food,2007,1000 t,3846.0,I,food
203,Spain,2511,Wheat and products,5142,Food,2008,1000 t,4055.0,I,food
203,Spain,2511,Wheat and products,5142,Food,2009,1000 t,4195.0,I,food
203,Spain,2511,Wheat and products,5142,Food,2010,1000 t,4256.0,I,food
203,Spain,2511,Wheat and products,5142,Food,2011,1000 t,4324.0,I,food
38,Sri Lanka,2511,Wheat and products,5611,Import Quantity,2006,1000 t,1193.0,I,imports
38,Sri Lanka,2511,Wheat and products,5611,Import Quantity,2007,1000 t,986.0,I,imports
38,Sri Lanka,2511,Wheat and products,5611,Import Quantity,2008,1000 t,960.0,I,imports
38,Sri Lanka,2511,Wheat and products,5611,Import Quantity,2009,1000 t,1069.0,I,imports
38,Sri Lanka,2511,Wheat and products,5611,Import Quantity,2010,1000 t,974.0,I,imports
38,Sri Lanka,2511,Wheat and products,5611,Import Quantity,2011,1000 t,1383.0,I,imports
38,Sri Lanka,2511,Wheat and products,5074,Stock Variation,2006,1000 t,-80.0,I,stock_variation
38,Sri Lanka,2511,Wheat and products,5074,Stock Variation,2007,1000 t,80.0,I,stock_variation
38,Sri Lanka,2511,Wheat and products,5074,Stock Variation,2008,1000 t,10.0,I,stock_variation
38,Sri Lanka,2511,Wheat and products,5074,Stock Variation,2009,1000 t,-60.0,I,stock_variation
38,Sri Lanka,2511,Wheat and products,5074,Stock Variation,2010,1000 t,110.0,I,stock_variation
38,Sri Lanka,2511,Wheat and products,5074,Stock Variation,2011,1000 t,-120.0,I,stock_variation
38,Sri Lanka,2511,Wheat and products,5911,Export Quantity,2006,1000 t,223.0,I,exports
38,Sri Lanka,2511,Wheat and products,5911,Export Quantity,2007,1000 t,185.0,I,exports
38,Sri Lanka,2511,Wheat and products,5911,Export Quantity,2008,1000 t,151.0,I,exports
38,Sri Lanka,2511,Wheat and products,5911,Export Quantity,2009,1000 t,135.0,I,exports
38,Sri Lanka,2511,Wheat and products,5911,Export Quantity,2010,1000 t,394.0,I,exports
38,Sri Lanka,2511,Wheat and products,5911,Export Quantity,2011,1000 t,432.0,I,exports
38,Sri Lanka,2511,Wheat and products,5301,Domestic supply quantity,2006,1000 t,890.0,I,domestic_supply
38,Sri Lanka,2511,Wheat and products,5301,Domestic supply quantity,2007,1000 t,881.0,I,domestic_supply
38,Sri Lanka,2511,Wheat and products,5301,Domestic supply quantity,2008,1000 t,819.0,I,domestic_supply
38,Sri Lanka,2511,Wheat and products,5301,Domestic supply quantity,2009,1000 t,874.0,I,domestic_supply
38,Sri Lanka,2511,Wheat and products,5301,Domestic supply quantity,2010,1000 t,690.0,I,domestic_supply
38,Sri Lanka,2511,Wheat and products,5301,Domestic supply quantity,2011,1000 t,830.0,I,domestic_supply
38,Sri Lanka,2511,Wheat and products,5521,Feed,2006,1000 t,0.0,I,feed
38,Sri Lanka,2511,Wheat and products,5521,Feed,2007,1000 t,0.0,I,feed
38,Sri Lanka,2511,Wheat and products,5521,Feed,2008,1000 t,0.0,I,feed
38,Sri Lanka,2511,Wheat and products,5521,Feed,2009,1000 t,0.0,I,feed
38,Sri Lanka,2511,Wheat and products,5521,Feed,2010,1000 t,0.0,I,feed
38,Sri Lanka,2511,Wheat and products,5521,Feed,2011,1000 t,0.0,I,feed
38,Sri Lanka,2511,Wheat and products,5123,Losses,2006,1000 t,23.0,I,losses
38,Sri Lanka,2511,Wheat and products,5123,Losses,2007,1000 t,21.0,I,losses
38,Sri Lanka,2511,Wheat and products,5123,Losses,2008,1000 t,19.0,I,losses
38,Sri Lanka,2511,Wheat and products,5123,Losses,2009,1000 t,21.0,I,losses
38,Sri Lanka,2511,Wheat and products,5123,Losses,2010,1000 t,21.0,I,losses
38,Sri Lanka,2511,Wheat and products,5123,Losses,2011,1000 t,25.0,I,losses
38,Sri Lanka,2511,Wheat and products,5142,Food,2006,1000 t,865.0,I,food
38,Sri Lanka,2511,Wheat and products,5142,Food,2007,1000 t,857.0,I,food
38,Sri Lanka,2511,Wheat and products,5142,Food,2008,1000 t,795.0,I,food
38,Sri Lanka,2511,Wheat and products,5142,Food,2009,1000 t,849.0,I,food
38,Sri Lanka,2511,Wheat and products,5142,Food,2010,1000 t,661.0,I,food
38,Sri Lanka,2511,Wheat and products,5142,Food,2011,1000 t,796.0,I,food
206,Sudan (former),2511,Wheat and products,5511,Production,2006,1000 t,669.0,I,production
206,Sudan (former),2511,Wheat and products,5511,Production,2007,1000 t,803.0,I,production
206,Sudan (former),2511,Wheat and products,5511,Production,2008,1000 t,587.0,I,production
206,Sudan (former),2511,Wheat and products,5511,Production,2009,1000 t,642.0,I,production
206,Sudan (former),2511,Wheat and products,5511,Production,2010,1000 t,403.0,I,production
206,Sudan (former),2511,Wheat and products,5511,Production,2011,1000 t,292.0,I,production
206,Sudan (former),2511,Wheat and products,5611,Import Quantity,2006,1000 t,1544.0,I,imports
206,Sudan (former),2511,Wheat and products,5611,Import Quantity,2007,1000 t,1206.0,I,imports
206,Sudan (former),2511,Wheat and products,5611,Import Quantity,2008,1000 t,1306.0,I,imports
206,Sudan (former),2511,Wheat and products,5611,Import Quantity,2009,1000 t,1883.0,I,imports
206,Sudan (former),2511,Wheat and products,5611,Import Quantity,2010,1000 t,1916.0,I,imports
206,Sudan (former),2511,Wheat and products,5611,Import Quantity,2011,1000 t,1662.0,I,imports
206,Sudan (former),2511,Wheat and products,5074,Stock Variation,2006,1000 t,-650.0,I,stock_variation
206,Sudan (former),2511,Wheat and products,5074,Stock Variation,2007,1000 t,-370.0,I,stock_variation
206,Sudan (former),2511,Wheat and products,5074,Stock Variation,2008,1000 t,-190.0,I,stock_variation
206,Sudan (former),2511,Wheat and products,5074,Stock Variation,2009,1000 t,-733.0,I,stock_variation
206,Sudan (former),2511,Wheat and products,5074,Stock Variation,2010,1000 t,-475.0,I,stock_variation
206,Sudan (former),2511,Wheat and products,5074,Stock Variation,2011,1000 t,-160.0,I,stock_variation
206,Sudan (former),2511,Wheat and products,5911,Export Quantity,2006,1000 t,0.0,I,exports
206,Sudan (former),2511,Wheat and products,5911,Export Quantity,2007,1000 t,0.0,I,exports
206,Sudan (former),2511,Wheat and products,5911,Export Quantity,2008,1000 t,1.0,I,exports
206,Sudan (former),2511,Wheat and products,5911,Export Quantity,2009,1000 t,0.0,I,exports
206,Sudan (former),2511,Wheat and products,5911,Export Quantity,2010,1000 t,0.0,I,exports
206,Sudan (former),2511,Wheat and products,5911,Export Quantity,2011,1000 t,0.0,I,exports
206,Sudan (former),2511,Wheat and products,5301,Domestic supply quantity,2006,1000 t,1563.0,I,domestic_supply
206,Sudan (former),2511,Wheat and products,5301,Domestic supply quantity,2007,1000 t,1639.0,I,domestic_supply
206,Sudan (former),2511,Wheat and products,5301,Domestic supply quantity,2008,1000 t,1702.0,I,domestic_supply
206,Sudan (former),2511,Wheat and products,5301,Domestic supply quantity,2009,1000 t,1792.0,I,domestic_supply
206,Sudan (former),2511,Wheat and products,5301,Domestic supply quantity,2010,1000 t,1844.0,I,domestic_supply
206,Sudan (former),2511,Wheat and products,5301,Domestic supply quantity,2011,1000 t,1794.0,I,domestic_supply
206,Sudan (former),2511,Wheat and products,5521,Feed,2006,1000 t,131.0,I,feed
206,Sudan (former),2511,Wheat and products,5521,Feed,2007,1000 t,119.0,I,feed
206,Sudan (former),2511,Wheat and products,5521,Feed,2008,1000 t,106.0,I,feed
206,Sudan (former),2511,Wheat and products,5521,Feed,2009,1000 t,145.0,I,feed
206,Sudan (former),2511,Wheat and products,5521,Feed,2010,1000 t,135.0,I,feed
206,Sudan (former),2511,Wheat and products,5521,Feed,2011,1000 t,115.0,I,feed
206,Sudan (former),2511,Wheat and products,5527,Seed,2006,1000 t,29.0,I,seed
206,Sudan (former),2511,Wheat and products,5527,Seed,2007,1000 t,30.0,I,seed
206,Sudan (former),2511,Wheat and products,5527,Seed,2008,1000 t,48.0,I,seed
206,Sudan (former),2511,Wheat and products,5527,Seed,2009,1000 t,27.0,I,seed
206,Sudan (former),2511,Wheat and products,5527,Seed,2010,1000 t,50.0,I,seed
206,Sudan (former),2511,Wheat and products,5527,Seed,2011,1000 t,20.0,I,seed
206,Sudan (former),2511,Wheat and products,5123,Losses,2006,1000 t,115.0,I,losses
206,Sudan (former),2511,Wheat and products,5123,Losses,2007,1000 t,104.0,I,losses
206,Sudan (former),2511,Wheat and products,5123,Losses,2008,1000 t,94.0,I,losses
206,Sudan (former),2511,Wheat and products,5123,Losses,2009,1000 t,127.0,I,losses
206,Sudan (former),2511,Wheat and products,5123,Losses,2010,1000 t,118.0,I,losses
206,Sudan (former),2511,Wheat and products,5123,Losses,2011,1000 t,102.0,I,losses
206,Sudan (former),2511,Wheat and products,5142,Food,2006,1000 t,1289.0,I,food
206,Sudan (former),2511,Wheat and products,5142,Food,2007,1000 t,1386.0,I,food
206,Sudan (former),2511,Wheat and products,5142,Food,2008,1000 t,1454.0,I,food
206,Sudan (former),2511,Wheat and products,5142,Food,2009,1000 t,1493.0,I,food
206,Sudan (former),2511,Wheat and products,5142,Food,2010,1000 t,1541.0,I,food
206,Sudan (former),2511,Wheat and products,5142,Food,2011,1000 t,1557.0,I,food
207,Suriname,2511,Wheat and products,5611,Import Quantity,2006,1000 t,32.0,I,imports
207,Suriname,2511,Wheat and products,5611,Import Quantity,2007,1000 t,33.0,I,imports
207,Suriname,2511,Wheat and products,5611,Import Quantity,2008,1000 t,29.0,I,imports
207,Suriname,2511,Wheat and products,5611,Import Quantity,2009,1000 t,34.0,I,imports
207,Suriname,2511,Wheat and products,5611,Import Quantity,2010,1000 t,44.0,I,imports
207,Suriname,2511,Wheat and products,5611,Import Quantity,2011,1000 t,33.0,I,imports
207,Suriname,2511,Wheat and products,5074,Stock Variation,2006,1000 t,-1.0,I,stock_variation
207,Suriname,2511,Wheat and products,5074,Stock Variation,2007,1000 t,-1.0,I,stock_variation
207,Suriname,2511,Wheat and products,5074,Stock Variation,2008,1000 t,4.0,I,stock_variation
207,Suriname,2511,Wheat and products,5074,Stock Variation,2009,1000 t,1.0,I,stock_variation
207,Suriname,2511,Wheat and products,5074,Stock Variation,2010,1000 t,-9.0,I,stock_variation
207,Suriname,2511,Wheat and products,5074,Stock Variation,2011,1000 t,2.0,I,stock_variation
207,Suriname,2511,Wheat and products,5911,Export Quantity,2006,1000 t,0.0,I,exports
207,Suriname,2511,Wheat and products,5911,Export Quantity,2007,1000 t,0.0,I,exports
207,Suriname,2511,Wheat and products,5911,Export Quantity,2008,1000 t,0.0,I,exports
207,Suriname,2511,Wheat and products,5911,Export Quantity,2009,1000 t,0.0,I,exports
207,Suriname,2511,Wheat and products,5911,Export Quantity,2010,1000 t,0.0,I,exports
207,Suriname,2511,Wheat and products,5911,Export Quantity,2011,1000 t,1.0,I,exports
207,Suriname,2511,Wheat and products,5301,Domestic supply quantity,2006,1000 t,31.0,I,domestic_supply
207,Suriname,2511,Wheat and products,5301,Domestic supply quantity,2007,1000 t,32.0,I,domestic_supply
207,Suriname,2511,Wheat and products,5301,Domestic supply quantity,2008,1000 t,33.0,I,domestic_supply
207,Suriname,2511,Wheat and products,5301,Domestic supply quantity,2009,1000 t,34.0,I,domestic_supply
207,Suriname,2511,Wheat and products,5301,Domestic supply quantity,2010,1000 t,36.0,I,domestic_supply
207,Suriname,2511,Wheat and products,5301,Domestic supply quantity,2011,1000 t,34.0,I,domestic_supply
207,Suriname,2511,Wheat and products,5123,Losses,2006,1000 t,1.0,I,losses
207,Suriname,2511,Wheat and products,5123,Losses,2007,1000 t,2.0,I,losses
207,Suriname,2511,Wheat and products,5123,Losses,2008,1000 t,2.0,I,losses
207,Suriname,2511,Wheat and products,5123,Losses,2009,1000 t,2.0,I,losses
207,Suriname,2511,Wheat and products,5123,Losses,2010,1000 t,3.0,I,losses
207,Suriname,2511,Wheat and products,5123,Losses,2011,1000 t,2.0,I,losses
207,Suriname,2511,Wheat and products,5142,Food,2006,1000 t,30.0,I,food
207,Suriname,2511,Wheat and products,5142,Food,2007,1000 t,31.0,I,food
207,Suriname,2511,Wheat and products,5142,Food,2008,1000 t,31.0,I,food
207,Suriname,2511,Wheat and products,5142,Food,2009,1000 t,33.0,I,food
207,Suriname,2511,Wheat and products,5142,Food,2010,1000 t,33.0,I,food
207,Suriname,2511,Wheat and products,5142,Food,2011,1000 t,32.0,I,food
210,Sweden,2511,Wheat and products,5511,Production,2006,1000 t,1967.0,I,production
210,Sweden,2511,Wheat and products,5511,Production,2007,1000 t,2256.0,I,production
210,Sweden,2511,Wheat and products,5511,Production,2008,1000 t,2202.0,I,production
210,Sweden,2511,Wheat and products,5511,Production,2009,1000 t,2278.0,I,production
210,Sweden,2511,Wheat and products,5511,Production,2010,1000 t,2143.0,I,production
210,Sweden,2511,Wheat and products,5511,Production,2011,1000 t,2253.0,I,production
210,Sweden,2511,Wheat and products,5611,Import Quantity,2006,1000 t,317.0,I,imports
210,Sweden,2511,Wheat and products,5611,Import Quantity,2007,1000 t,312.0,I,imports
210,Sweden,2511,Wheat and products,5611,Import Quantity,2008,1000 t,377.0,I,imports
210,Sweden,2511,Wheat and products,5611,Import Quantity,2009,1000 t,358.0,I,imports
210,Sweden,2511,Wheat and products,5611,Import Quantity,2010,1000 t,427.0,I,imports
210,Sweden,2511,Wheat and products,5611,Import Quantity,2011,1000 t,510.0,I,imports
210,Sweden,2511,Wheat and products,5074,Stock Variation,2006,1000 t,103.0,I,stock_variation
210,Sweden,2511,Wheat and products,5074,Stock Variation,2007,1000 t,88.0,I,stock_variation
210,Sweden,2511,Wheat and products,5074,Stock Variation,2008,1000 t,90.0,I,stock_variation
210,Sweden,2511,Wheat and products,5074,Stock Variation,2009,1000 t,96.0,I,stock_variation
210,Sweden,2511,Wheat and products,5074,Stock Variation,2010,1000 t,10.0,I,stock_variation
210,Sweden,2511,Wheat and products,5074,Stock Variation,2011,1000 t,13.0,I,stock_variation
210,Sweden,2511,Wheat and products,5911,Export Quantity,2006,1000 t,754.0,I,exports
210,Sweden,2511,Wheat and products,5911,Export Quantity,2007,1000 t,732.0,I,exports
210,Sweden,2511,Wheat and products,5911,Export Quantity,2008,1000 t,776.0,I,exports
210,Sweden,2511,Wheat and products,5911,Export Quantity,2009,1000 t,673.0,I,exports
210,Sweden,2511,Wheat and products,5911,Export Quantity,2010,1000 t,589.0,I,exports
210,Sweden,2511,Wheat and products,5911,Export Quantity,2011,1000 t,629.0,I,exports
210,Sweden,2511,Wheat and products,5301,Domestic supply quantity,2006,1000 t,1633.0,I,domestic_supply
210,Sweden,2511,Wheat and products,5301,Domestic supply quantity,2007,1000 t,1923.0,I,domestic_supply
210,Sweden,2511,Wheat and products,5301,Domestic supply quantity,2008,1000 t,1894.0,I,domestic_supply
210,Sweden,2511,Wheat and products,5301,Domestic supply quantity,2009,1000 t,2058.0,I,domestic_supply
210,Sweden,2511,Wheat and products,5301,Domestic supply quantity,2010,1000 t,1990.0,I,domestic_supply
210,Sweden,2511,Wheat and products,5301,Domestic supply quantity,2011,1000 t,2147.0,I,domestic_supply
210,Sweden,2511,Wheat and products,5521,Feed,2006,1000 t,520.0,I,feed
210,Sweden,2511,Wheat and products,5521,Feed,2007,1000 t,780.0,I,feed
210,Sweden,2511,Wheat and products,5521,Feed,2008,1000 t,800.0,I,feed
210,Sweden,2511,Wheat and products,5521,Feed,2009,1000 t,980.0,I,feed
210,Sweden,2511,Wheat and products,5521,Feed,2010,1000 t,850.0,I,feed
210,Sweden,2511,Wheat and products,5521,Feed,2011,1000 t,1030.0,I,feed
210,Sweden,2511,Wheat and products,5527,Seed,2006,1000 t,110.0,I,seed
210,Sweden,2511,Wheat and products,5527,Seed,2007,1000 t,80.0,I,seed
210,Sweden,2511,Wheat and products,5527,Seed,2008,1000 t,75.0,I,seed
210,Sweden,2511,Wheat and products,5527,Seed,2009,1000 t,75.0,I,seed
210,Sweden,2511,Wheat and products,5527,Seed,2010,1000 t,75.0,I,seed
210,Sweden,2511,Wheat and products,5527,Seed,2011,1000 t,75.0,I,seed
210,Sweden,2511,Wheat and products,5123,Losses,2006,1000 t,60.0,I,losses
210,Sweden,2511,Wheat and products,5123,Losses,2007,1000 t,70.0,I,losses
210,Sweden,2511,Wheat and products,5123,Losses,2008,1000 t,70.0,I,losses
210,Sweden,2511,Wheat and products,5123,Losses,2009,1000 t,70.0,I,losses
210,Sweden,2511,Wheat and products,5123,Losses,2010,1000 t,70.0,I,losses
210,Sweden,2511,Wheat and products,5123,Losses,2011,1000 t,80.0,I,losses
210,Sweden,2511,Wheat and products,5142,Food,2006,1000 t,724.0,I,food
210,Sweden,2511,Wheat and products,5142,Food,2007,1000 t,735.0,I,food
210,Sweden,2511,Wheat and products,5142,Food,2008,1000 t,734.0,I,food
210,Sweden,2511,Wheat and products,5142,Food,2009,1000 t,740.0,I,food
210,Sweden,2511,Wheat and products,5142,Food,2010,1000 t,752.0,I,food
210,Sweden,2511,Wheat and products,5142,Food,2011,1000 t,719.0,I,food
211,Switzerland,2511,Wheat and products,5511,Production,2006,1000 t,544.0,I,production
211,Switzerland,2511,Wheat and products,5511,Production,2007,1000 t,543.0,I,production
211,Switzerland,2511,Wheat and products,5511,Production,2008,1000 t,548.0,I,production
211,Switzerland,2511,Wheat and products,5511,Production,2009,1000 t,550.0,I,production
211,Switzerland,2511,Wheat and products,5511,Production,2010,1000 t,524.0,I,production
211,Switzerland,2511,Wheat and products,5511,Production,2011,1000 t,553.0,I,production
211,Switzerland,2511,Wheat and products,5611,Import Quantity,2006,1000 t,434.0,I,imports
211,Switzerland,2511,Wheat and products,5611,Import Quantity,2007,1000 t,528.0,I,imports
211,Switzerland,2511,Wheat and products,5611,Import Quantity,2008,1000 t,610.0,I,imports
211,Switzerland,2511,Wheat and products,5611,Import Quantity,2009,1000 t,627.0,I,imports
211,Switzerland,2511,Wheat and products,5611,Import Quantity,2010,1000 t,607.0,I,imports
211,Switzerland,2511,Wheat and products,5611,Import Quantity,2011,1000 t,714.0,I,imports
211,Switzerland,2511,Wheat and products,5074,Stock Variation,2006,1000 t,0.0,I,stock_variation
211,Switzerland,2511,Wheat and products,5074,Stock Variation,2007,1000 t,0.0,I,stock_variation
211,Switzerland,2511,Wheat and products,5074,Stock Variation,2008,1000 t,0.0,I,stock_variation
211,Switzerland,2511,Wheat and products,5074,Stock Variation,2009,1000 t,0.0,I,stock_variation
211,Switzerland,2511,Wheat and products,5074,Stock Variation,2010,1000 t,0.0,I,stock_variation
211,Switzerland,2511,Wheat and products,5074,Stock Variation,2011,1000 t,0.0,I,stock_variation
211,Switzerland,2511,Wheat and products,5911,Export Quantity,2006,1000 t,70.0,I,exports
211,Switzerland,2511,Wheat and products,5911,Export Quantity,2007,1000 t,77.0,I,exports
211,Switzerland,2511,Wheat and products,5911,Export Quantity,2008,1000 t,85.0,I,exports
211,Switzerland,2511,Wheat and products,5911,Export Quantity,2009,1000 t,88.0,I,exports
211,Switzerland,2511,Wheat and products,5911,Export Quantity,2010,1000 t,92.0,I,exports
211,Switzerland,2511,Wheat and products,5911,Export Quantity,2011,1000 t,99.0,I,exports
211,Switzerland,2511,Wheat and products,5301,Domestic supply quantity,2006,1000 t,908.0,I,domestic_supply
211,Switzerland,2511,Wheat and products,5301,Domestic supply quantity,2007,1000 t,994.0,I,domestic_supply
211,Switzerland,2511,Wheat and products,5301,Domestic supply quantity,2008,1000 t,1073.0,I,domestic_supply
211,Switzerland,2511,Wheat and products,5301,Domestic supply quantity,2009,1000 t,1088.0,I,domestic_supply
211,Switzerland,2511,Wheat and products,5301,Domestic supply quantity,2010,1000 t,1040.0,I,domestic_supply
211,Switzerland,2511,Wheat and products,5301,Domestic supply quantity,2011,1000 t,1168.0,I,domestic_supply
211,Switzerland,2511,Wheat and products,5521,Feed,2006,1000 t,123.0,I,feed
211,Switzerland,2511,Wheat and products,5521,Feed,2007,1000 t,212.0,I,feed
211,Switzerland,2511,Wheat and products,5521,Feed,2008,1000 t,328.0,I,feed
211,Switzerland,2511,Wheat and products,5521,Feed,2009,1000 t,251.0,I,feed
211,Switzerland,2511,Wheat and products,5521,Feed,2010,1000 t,206.0,I,feed
211,Switzerland,2511,Wheat and products,5521,Feed,2011,1000 t,310.0,I,feed
211,Switzerland,2511,Wheat and products,5527,Seed,2006,1000 t,17.0,I,seed
211,Switzerland,2511,Wheat and products,5527,Seed,2007,1000 t,18.0,I,seed
211,Switzerland,2511,Wheat and products,5527,Seed,2008,1000 t,19.0,I,seed
211,Switzerland,2511,Wheat and products,5527,Seed,2009,1000 t,17.0,I,seed
211,Switzerland,2511,Wheat and products,5527,Seed,2010,1000 t,16.0,I,seed
211,Switzerland,2511,Wheat and products,5527,Seed,2011,1000 t,17.0,I,seed
211,Switzerland,2511,Wheat and products,5123,Losses,2006,1000 t,68.0,I,losses
211,Switzerland,2511,Wheat and products,5123,Losses,2007,1000 t,54.0,I,losses
211,Switzerland,2511,Wheat and products,5123,Losses,2008,1000 t,58.0,I,losses
211,Switzerland,2511,Wheat and products,5123,Losses,2009,1000 t,63.0,I,losses
211,Switzerland,2511,Wheat and products,5123,Losses,2010,1000 t,60.0,I,losses
211,Switzerland,2511,Wheat and products,5123,Losses,2011,1000 t,47.0,I,losses
211,Switzerland,2511,Wheat and products,5142,Food,2006,1000 t,688.0,I,food
211,Switzerland,2511,Wheat and products,5142,Food,2007,1000 t,693.0,I,food
211,Switzerland,2511,Wheat and products,5142,Food,2008,1000 t,656.0,I,food
211,Switzerland,2511,Wheat and products,5142,Food,2009,1000 t,720.0,I,food
211,Switzerland,2511,Wheat and products,5142,Food,2010,1000 t,710.0,I,food
211,Switzerland,2511,Wheat and products,5142,Food,2011,1000 t,771.0,I,food
208,Tajikistan,2511,Wheat and products,5511,Production,2006,1000 t,640.0,I,production
208,Tajikistan,2511,Wheat and products,5511,Production,2007,1000 t,649.0,I,production
208,Tajikistan,2511,Wheat and products,5511,Production,2008,1000 t,659.0,I,production
208,Tajikistan,2511,Wheat and products,5511,Production,2009,1000 t,1089.0,I,production
208,Tajikistan,2511,Wheat and products,5511,Production,2010,1000 t,1033.0,I,production
208,Tajikistan,2511,Wheat and products,5511,Production,2011,1000 t,727.0,I,production
208,Tajikistan,2511,Wheat and products,5611,Import Quantity,2006,1000 t,805.0,I,imports
208,Tajikistan,2511,Wheat and products,5611,Import Quantity,2007,1000 t,948.0,I,imports
208,Tajikistan,2511,Wheat and products,5611,Import Quantity,2008,1000 t,984.0,I,imports
208,Tajikistan,2511,Wheat and products,5611,Import Quantity,2009,1000 t,938.0,I,imports
208,Tajikistan,2511,Wheat and products,5611,Import Quantity,2010,1000 t,940.0,I,imports
208,Tajikistan,2511,Wheat and products,5611,Import Quantity,2011,1000 t,963.0,I,imports
208,Tajikistan,2511,Wheat and products,5074,Stock Variation,2006,1000 t,0.0,I,stock_variation
208,Tajikistan,2511,Wheat and products,5074,Stock Variation,2007,1000 t,-1.0,I,stock_variation
208,Tajikistan,2511,Wheat and products,5074,Stock Variation,2008,1000 t,1.0,I,stock_variation
208,Tajikistan,2511,Wheat and products,5074,Stock Variation,2009,1000 t,-201.0,I,stock_variation
208,Tajikistan,2511,Wheat and products,5074,Stock Variation,2010,1000 t,0.0,I,stock_variation
208,Tajikistan,2511,Wheat and products,5074,Stock Variation,2011,1000 t,156.0,I,stock_variation
208,Tajikistan,2511,Wheat and products,5911,Export Quantity,2006,1000 t,0.0,I,exports
208,Tajikistan,2511,Wheat and products,5911,Export Quantity,2007,1000 t,0.0,I,exports
208,Tajikistan,2511,Wheat and products,5911,Export Quantity,2008,1000 t,0.0,I,exports
208,Tajikistan,2511,Wheat and products,5911,Export Quantity,2009,1000 t,3.0,I,exports
208,Tajikistan,2511,Wheat and products,5911,Export Quantity,2010,1000 t,1.0,I,exports
208,Tajikistan,2511,Wheat and products,5911,Export Quantity,2011,1000 t,1.0,I,exports
208,Tajikistan,2511,Wheat and products,5301,Domestic supply quantity,2006,1000 t,1446.0,I,domestic_supply
208,Tajikistan,2511,Wheat and products,5301,Domestic supply quantity,2007,1000 t,1596.0,I,domestic_supply
208,Tajikistan,2511,Wheat and products,5301,Domestic supply quantity,2008,1000 t,1644.0,I,domestic_supply
208,Tajikistan,2511,Wheat and products,5301,Domestic supply quantity,2009,1000 t,1822.0,I,domestic_supply
208,Tajikistan,2511,Wheat and products,5301,Domestic supply quantity,2010,1000 t,1972.0,I,domestic_supply
208,Tajikistan,2511,Wheat and products,5301,Domestic supply quantity,2011,1000 t,1845.0,I,domestic_supply
208,Tajikistan,2511,Wheat and products,5521,Feed,2006,1000 t,417.0,I,feed
208,Tajikistan,2511,Wheat and products,5521,Feed,2007,1000 t,511.0,I,feed
208,Tajikistan,2511,Wheat and products,5521,Feed,2008,1000 t,584.0,I,feed
208,Tajikistan,2511,Wheat and products,5521,Feed,2009,1000 t,702.0,I,feed
208,Tajikistan,2511,Wheat and products,5521,Feed,2010,1000 t,831.0,I,feed
208,Tajikistan,2511,Wheat and products,5521,Feed,2011,1000 t,765.0,I,feed
208,Tajikistan,2511,Wheat and products,5527,Seed,2006,1000 t,28.0,I,seed
208,Tajikistan,2511,Wheat and products,5527,Seed,2007,1000 t,33.0,I,seed
208,Tajikistan,2511,Wheat and products,5527,Seed,2008,1000 t,36.0,I,seed
208,Tajikistan,2511,Wheat and products,5527,Seed,2009,1000 t,34.0,I,seed
208,Tajikistan,2511,Wheat and products,5527,Seed,2010,1000 t,31.0,I,seed
208,Tajikistan,2511,Wheat and products,5527,Seed,2011,1000 t,30.0,I,seed
208,Tajikistan,2511,Wheat and products,5123,Losses,2006,1000 t,56.0,I,losses
208,Tajikistan,2511,Wheat and products,5123,Losses,2007,1000 t,57.0,I,losses
208,Tajikistan,2511,Wheat and products,5123,Losses,2008,1000 t,55.0,I,losses
208,Tajikistan,2511,Wheat and products,5123,Losses,2009,1000 t,85.0,I,losses
208,Tajikistan,2511,Wheat and products,5123,Losses,2010,1000 t,84.0,I,losses
208,Tajikistan,2511,Wheat and products,5123,Losses,2011,1000 t,79.0,I,losses
208,Tajikistan,2511,Wheat and products,5142,Food,2006,1000 t,940.0,I,food
208,Tajikistan,2511,Wheat and products,5142,Food,2007,1000 t,990.0,I,food
208,Tajikistan,2511,Wheat and products,5142,Food,2008,1000 t,963.0,I,food
208,Tajikistan,2511,Wheat and products,5142,Food,2009,1000 t,996.0,I,food
208,Tajikistan,2511,Wheat and products,5142,Food,2010,1000 t,1021.0,I,food
208,Tajikistan,2511,Wheat and products,5142,Food,2011,1000 t,966.0,I,food
216,Thailand,2511,Wheat and products,5511,Production,2006,1000 t,1.0,I,production
216,Thailand,2511,Wheat and products,5511,Production,2007,1000 t,1.0,I,production
216,Thailand,2511,Wheat and products,5511,Production,2008,1000 t,1.0,I,production
216,Thailand,2511,Wheat and products,5511,Production,2009,1000 t,1.0,I,production
216,Thailand,2511,Wheat and products,5511,Production,2010,1000 t,1.0,I,production
216,Thailand,2511,Wheat and products,5511,Production,2011,1000 t,1.0,I,production
216,Thailand,2511,Wheat and products,5611,Import Quantity,2006,1000 t,1225.0,I,imports
216,Thailand,2511,Wheat and products,5611,Import Quantity,2007,1000 t,1160.0,I,imports
216,Thailand,2511,Wheat and products,5611,Import Quantity,2008,1000 t,951.0,I,imports
216,Thailand,2511,Wheat and products,5611,Import Quantity,2009,1000 t,1319.0,I,imports
216,Thailand,2511,Wheat and products,5611,Import Quantity,2010,1000 t,2013.0,I,imports
216,Thailand,2511,Wheat and products,5611,Import Quantity,2011,1000 t,1806.0,I,imports
216,Thailand,2511,Wheat and products,5074,Stock Variation,2006,1000 t,0.0,I,stock_variation
216,Thailand,2511,Wheat and products,5074,Stock Variation,2007,1000 t,0.0,I,stock_variation
216,Thailand,2511,Wheat and products,5074,Stock Variation,2008,1000 t,0.0,I,stock_variation
216,Thailand,2511,Wheat and products,5074,Stock Variation,2009,1000 t,-200.0,I,stock_variation
216,Thailand,2511,Wheat and products,5074,Stock Variation,2010,1000 t,-450.0,I,stock_variation
216,Thailand,2511,Wheat and products,5074,Stock Variation,2011,1000 t,100.0,I,stock_variation
216,Thailand,2511,Wheat and products,5911,Export Quantity,2006,1000 t,166.0,I,exports
216,Thailand,2511,Wheat and products,5911,Export Quantity,2007,1000 t,186.0,I,exports
216,Thailand,2511,Wheat and products,5911,Export Quantity,2008,1000 t,182.0,I,exports
216,Thailand,2511,Wheat and products,5911,Export Quantity,2009,1000 t,180.0,I,exports
216,Thailand,2511,Wheat and products,5911,Export Quantity,2010,1000 t,209.0,I,exports
216,Thailand,2511,Wheat and products,5911,Export Quantity,2011,1000 t,219.0,I,exports
216,Thailand,2511,Wheat and products,5301,Domestic supply quantity,2006,1000 t,1060.0,I,domestic_supply
216,Thailand,2511,Wheat and products,5301,Domestic supply quantity,2007,1000 t,975.0,I,domestic_supply
216,Thailand,2511,Wheat and products,5301,Domestic supply quantity,2008,1000 t,770.0,I,domestic_supply
216,Thailand,2511,Wheat and products,5301,Domestic supply quantity,2009,1000 t,941.0,I,domestic_supply
216,Thailand,2511,Wheat and products,5301,Domestic supply quantity,2010,1000 t,1355.0,I,domestic_supply
216,Thailand,2511,Wheat and products,5301,Domestic supply quantity,2011,1000 t,1688.0,I,domestic_supply
216,Thailand,2511,Wheat and products,5521,Feed,2006,1000 t,252.0,I,feed
216,Thailand,2511,Wheat and products,5521,Feed,2007,1000 t,214.0,I,feed
216,Thailand,2511,Wheat and products,5521,Feed,2008,1000 t,174.0,I,feed
216,Thailand,2511,Wheat and products,5521,Feed,2009,1000 t,276.0,I,feed
216,Thailand,2511,Wheat and products,5521,Feed,2010,1000 t,600.0,I,feed
216,Thailand,2511,Wheat and products,5521,Feed,2011,1000 t,900.0,I,feed
216,Thailand,2511,Wheat and products,5527,Seed,2006,1000 t,0.0,I,seed
216,Thailand,2511,Wheat and products,5527,Seed,2007,1000 t,0.0,I,seed
216,Thailand,2511,Wheat and products,5527,Seed,2008,1000 t,0.0,I,seed
216,Thailand,2511,Wheat and products,5527,Seed,2009,1000 t,0.0,I,seed
216,Thailand,2511,Wheat and products,5527,Seed,2010,1000 t,0.0,I,seed
216,Thailand,2511,Wheat and products,5527,Seed,2011,1000 t,0.0,I,seed
216,Thailand,2511,Wheat and products,5142,Food,2006,1000 t,797.0,I,food
216,Thailand,2511,Wheat and products,5142,Food,2007,1000 t,755.0,I,food
216,Thailand,2511,Wheat and products,5142,Food,2008,1000 t,589.0,I,food
216,Thailand,2511,Wheat and products,5142,Food,2009,1000 t,660.0,I,food
216,Thailand,2511,Wheat and products,5142,Food,2010,1000 t,743.0,I,food
216,Thailand,2511,Wheat and products,5142,Food,2011,1000 t,786.0,I,food
176,Timor-Leste,2511,Wheat and products,5611,Import Quantity,2006,1000 t,8.0,I,imports
176,Timor-Leste,2511,Wheat and products,5611,Import Quantity,2007,1000 t,6.0,I,imports
176,Timor-Leste,2511,Wheat and products,5611,Import Quantity,2008,1000 t,17.0,I,imports
176,Timor-Leste,2511,Wheat and products,5611,Import Quantity,2009,1000 t,13.0,I,imports
176,Timor-Leste,2511,Wheat and products,5611,Import Quantity,2010,1000 t,14.0,I,imports
176,Timor-Leste,2511,Wheat and products,5611,Import Quantity,2011,1000 t,12.0,I,imports
176,Timor-Leste,2511,Wheat and products,5301,Domestic supply quantity,2006,1000 t,8.0,I,domestic_supply
176,Timor-Leste,2511,Wheat and products,5301,Domestic supply quantity,2007,1000 t,6.0,I,domestic_supply
176,Timor-Leste,2511,Wheat and products,5301,Domestic supply quantity,2008,1000 t,17.0,I,domestic_supply
176,Timor-Leste,2511,Wheat and products,5301,Domestic supply quantity,2009,1000 t,13.0,I,domestic_supply
176,Timor-Leste,2511,Wheat and products,5301,Domestic supply quantity,2010,1000 t,14.0,I,domestic_supply
176,Timor-Leste,2511,Wheat and products,5301,Domestic supply quantity,2011,1000 t,12.0,I,domestic_supply
176,Timor-Leste,2511,Wheat and products,5123,Losses,2006,1000 t,0.0,I,losses
176,Timor-Leste,2511,Wheat and products,5123,Losses,2007,1000 t,0.0,I,losses
176,Timor-Leste,2511,Wheat and products,5123,Losses,2008,1000 t,0.0,I,losses
176,Timor-Leste,2511,Wheat and products,5123,Losses,2009,1000 t,0.0,I,losses
176,Timor-Leste,2511,Wheat and products,5123,Losses,2010,1000 t,0.0,I,losses
176,Timor-Leste,2511,Wheat and products,5123,Losses,2011,1000 t,0.0,I,losses
176,Timor-Leste,2511,Wheat and products,5142,Food,2006,1000 t,8.0,I,food
176,Timor-Leste,2511,Wheat and products,5142,Food,2007,1000 t,5.0,I,food
176,Timor-Leste,2511,Wheat and products,5142,Food,2008,1000 t,17.0,I,food
176,Timor-Leste,2511,Wheat and products,5142,Food,2009,1000 t,12.0,I,food
176,Timor-Leste,2511,Wheat and products,5142,Food,2010,1000 t,14.0,I,food
176,Timor-Leste,2511,Wheat and products,5142,Food,2011,1000 t,12.0,I,food
217,Togo,2511,Wheat and products,5611,Import Quantity,2006,1000 t,103.0,I,imports
217,Togo,2511,Wheat and products,5611,Import Quantity,2007,1000 t,82.0,I,imports
217,Togo,2511,Wheat and products,5611,Import Quantity,2008,1000 t,59.0,I,imports
217,Togo,2511,Wheat and products,5611,Import Quantity,2009,1000 t,95.0,I,imports
217,Togo,2511,Wheat and products,5611,Import Quantity,2010,1000 t,66.0,I,imports
217,Togo,2511,Wheat and products,5611,Import Quantity,2011,1000 t,87.0,I,imports
217,Togo,2511,Wheat and products,5074,Stock Variation,2006,1000 t,-7.0,I,stock_variation
217,Togo,2511,Wheat and products,5074,Stock Variation,2007,1000 t,4.0,I,stock_variation
217,Togo,2511,Wheat and products,5074,Stock Variation,2008,1000 t,45.0,I,stock_variation
217,Togo,2511,Wheat and products,5074,Stock Variation,2009,1000 t,20.0,I,stock_variation
217,Togo,2511,Wheat and products,5074,Stock Variation,2010,1000 t,36.0,I,stock_variation
217,Togo,2511,Wheat and products,5074,Stock Variation,2011,1000 t,0.0,I,stock_variation
217,Togo,2511,Wheat and products,5911,Export Quantity,2006,1000 t,27.0,I,exports
217,Togo,2511,Wheat and products,5911,Export Quantity,2007,1000 t,15.0,I,exports
217,Togo,2511,Wheat and products,5911,Export Quantity,2008,1000 t,27.0,I,exports
217,Togo,2511,Wheat and products,5911,Export Quantity,2009,1000 t,31.0,I,exports
217,Togo,2511,Wheat and products,5911,Export Quantity,2010,1000 t,24.0,I,exports
217,Togo,2511,Wheat and products,5911,Export Quantity,2011,1000 t,4.0,I,exports
217,Togo,2511,Wheat and products,5301,Domestic supply quantity,2006,1000 t,69.0,I,domestic_supply
217,Togo,2511,Wheat and products,5301,Domestic supply quantity,2007,1000 t,71.0,I,domestic_supply
217,Togo,2511,Wheat and products,5301,Domestic supply quantity,2008,1000 t,77.0,I,domestic_supply
217,Togo,2511,Wheat and products,5301,Domestic supply quantity,2009,1000 t,84.0,I,domestic_supply
217,Togo,2511,Wheat and products,5301,Domestic supply quantity,2010,1000 t,78.0,I,domestic_supply
217,Togo,2511,Wheat and products,5301,Domestic supply quantity,2011,1000 t,83.0,I,domestic_supply
217,Togo,2511,Wheat and products,5123,Losses,2006,1000 t,2.0,I,losses
217,Togo,2511,Wheat and products,5123,Losses,2007,1000 t,2.0,I,losses
217,Togo,2511,Wheat and products,5123,Losses,2008,1000 t,2.0,I,losses
217,Togo,2511,Wheat and products,5123,Losses,2009,1000 t,2.0,I,losses
217,Togo,2511,Wheat and products,5123,Losses,2010,1000 t,2.0,I,losses
217,Togo,2511,Wheat and products,5123,Losses,2011,1000 t,1.0,I,losses
217,Togo,2511,Wheat and products,5142,Food,2006,1000 t,68.0,I,food
217,Togo,2511,Wheat and products,5142,Food,2007,1000 t,70.0,I,food
217,Togo,2511,Wheat and products,5142,Food,2008,1000 t,75.0,I,food
217,Togo,2511,Wheat and products,5142,Food,2009,1000 t,82.0,I,food
217,Togo,2511,Wheat and products,5142,Food,2010,1000 t,77.0,I,food
217,Togo,2511,Wheat and products,5142,Food,2011,1000 t,82.0,I,food
220,Trinidad and Tobago,2511,Wheat and products,5611,Import Quantity,2006,1000 t,117.0,I,imports
220,Trinidad and Tobago,2511,Wheat and products,5611,Import Quantity,2007,1000 t,159.0,I,imports
220,Trinidad and Tobago,2511,Wheat and products,5611,Import Quantity,2008,1000 t,140.0,I,imports
220,Trinidad and Tobago,2511,Wheat and products,5611,Import Quantity,2009,1000 t,139.0,I,imports
220,Trinidad and Tobago,2511,Wheat and products,5611,Import Quantity,2010,1000 t,158.0,I,imports
220,Trinidad and Tobago,2511,Wheat and products,5611,Import Quantity,2011,1000 t,137.0,I,imports
220,Trinidad and Tobago,2511,Wheat and products,5074,Stock Variation,2006,1000 t,33.0,I,stock_variation
220,Trinidad and Tobago,2511,Wheat and products,5074,Stock Variation,2007,1000 t,10.0,I,stock_variation
220,Trinidad and Tobago,2511,Wheat and products,5074,Stock Variation,2008,1000 t,-2.0,I,stock_variation
220,Trinidad and Tobago,2511,Wheat and products,5074,Stock Variation,2009,1000 t,6.0,I,stock_variation
220,Trinidad and Tobago,2511,Wheat and products,5074,Stock Variation,2010,1000 t,-13.0,I,stock_variation
220,Trinidad and Tobago,2511,Wheat and products,5074,Stock Variation,2011,1000 t,0.0,I,stock_variation
220,Trinidad and Tobago,2511,Wheat and products,5911,Export Quantity,2006,1000 t,33.0,I,exports
220,Trinidad and Tobago,2511,Wheat and products,5911,Export Quantity,2007,1000 t,49.0,I,exports
220,Trinidad and Tobago,2511,Wheat and products,5911,Export Quantity,2008,1000 t,18.0,I,exports
220,Trinidad and Tobago,2511,Wheat and products,5911,Export Quantity,2009,1000 t,24.0,I,exports
220,Trinidad and Tobago,2511,Wheat and products,5911,Export Quantity,2010,1000 t,23.0,I,exports
220,Trinidad and Tobago,2511,Wheat and products,5911,Export Quantity,2011,1000 t,13.0,I,exports
220,Trinidad and Tobago,2511,Wheat and products,5301,Domestic supply quantity,2006,1000 t,117.0,I,domestic_supply
220,Trinidad and Tobago,2511,Wheat and products,5301,Domestic supply quantity,2007,1000 t,119.0,I,domestic_supply
220,Trinidad and Tobago,2511,Wheat and products,5301,Domestic supply quantity,2008,1000 t,120.0,I,domestic_supply
220,Trinidad and Tobago,2511,Wheat and products,5301,Domestic supply quantity,2009,1000 t,120.0,I,domestic_supply
220,Trinidad and Tobago,2511,Wheat and products,5301,Domestic supply quantity,2010,1000 t,122.0,I,domestic_supply
220,Trinidad and Tobago,2511,Wheat and products,5301,Domestic supply quantity,2011,1000 t,124.0,I,domestic_supply
220,Trinidad and Tobago,2511,Wheat and products,5123,Losses,2006,1000 t,7.0,I,losses
220,Trinidad and Tobago,2511,Wheat and products,5123,Losses,2007,1000 t,8.0,I,losses
220,Trinidad and Tobago,2511,Wheat and products,5123,Losses,2008,1000 t,6.0,I,losses
220,Trinidad and Tobago,2511,Wheat and products,5123,Losses,2009,1000 t,6.0,I,losses
220,Trinidad and Tobago,2511,Wheat and products,5123,Losses,2010,1000 t,7.0,I,losses
220,Trinidad and Tobago,2511,Wheat and products,5123,Losses,2011,1000 t,6.0,I,losses
220,Trinidad and Tobago,2511,Wheat and products,5142,Food,2006,1000 t,111.0,I,food
220,Trinidad and Tobago,2511,Wheat and products,5142,Food,2007,1000 t,112.0,I,food
220,Trinidad and Tobago,2511,Wheat and products,5142,Food,2008,1000 t,114.0,I,food
220,Trinidad and Tobago,2511,Wheat and products,5142,Food,2009,1000 t,114.0,I,food
220,Trinidad and Tobago,2511,Wheat and products,5142,Food,2010,1000 t,115.0,I,food
220,Trinidad and Tobago,2511,Wheat and products,5142,Food,2011,1000 t,118.0,I,food
222,Tunisia,2511,Wheat and products,5511,Production,2006,1000 t,1251.0,I,production
222,Tunisia,2511,Wheat and products,5511,Production,2007,1000 t,1443.0,I,production
222,Tunisia,2511,Wheat and products,5511,Production,2008,1000 t,919.0,I,production
222,Tunisia,2511,Wheat and products,5511,Production,2009,1000 t,1654.0,I,production
222,Tunisia,2511,Wheat and products,5511,Production,2010,1000 t,822.0,I,production
222,Tunisia,2511,Wheat and products,5511,Production,2011,1000 t,1606.0,I,production
222,Tunisia,2511,Wheat and products,5611,Import Quantity,2006,1000 t,1267.0,I,imports
222,Tunisia,2511,Wheat and products,5611,Import Quantity,2007,1000 t,1700.0,I,imports
222,Tunisia,2511,Wheat and products,5611,Import Quantity,2008,1000 t,1780.0,I,imports
222,Tunisia,2511,Wheat and products,5611,Import Quantity,2009,1000 t,1240.0,I,imports
222,Tunisia,2511,Wheat and products,5611,Import Quantity,2010,1000 t,1920.0,I,imports
222,Tunisia,2511,Wheat and products,5611,Import Quantity,2011,1000 t,1645.0,I,imports
222,Tunisia,2511,Wheat and products,5074,Stock Variation,2006,1000 t,-98.0,I,stock_variation
222,Tunisia,2511,Wheat and products,5074,Stock Variation,2007,1000 t,-541.0,I,stock_variation
222,Tunisia,2511,Wheat and products,5074,Stock Variation,2008,1000 t,-155.0,I,stock_variation
222,Tunisia,2511,Wheat and products,5074,Stock Variation,2009,1000 t,-188.0,I,stock_variation
222,Tunisia,2511,Wheat and products,5074,Stock Variation,2010,1000 t,-6.0,I,stock_variation
222,Tunisia,2511,Wheat and products,5074,Stock Variation,2011,1000 t,-300.0,I,stock_variation
222,Tunisia,2511,Wheat and products,5911,Export Quantity,2006,1000 t,68.0,I,exports
222,Tunisia,2511,Wheat and products,5911,Export Quantity,2007,1000 t,121.0,I,exports
222,Tunisia,2511,Wheat and products,5911,Export Quantity,2008,1000 t,123.0,I,exports
222,Tunisia,2511,Wheat and products,5911,Export Quantity,2009,1000 t,141.0,I,exports
222,Tunisia,2511,Wheat and products,5911,Export Quantity,2010,1000 t,155.0,I,exports
222,Tunisia,2511,Wheat and products,5911,Export Quantity,2011,1000 t,287.0,I,exports
222,Tunisia,2511,Wheat and products,5301,Domestic supply quantity,2006,1000 t,2353.0,I,domestic_supply
222,Tunisia,2511,Wheat and products,5301,Domestic supply quantity,2007,1000 t,2481.0,I,domestic_supply
222,Tunisia,2511,Wheat and products,5301,Domestic supply quantity,2008,1000 t,2421.0,I,domestic_supply
222,Tunisia,2511,Wheat and products,5301,Domestic supply quantity,2009,1000 t,2565.0,I,domestic_supply
222,Tunisia,2511,Wheat and products,5301,Domestic supply quantity,2010,1000 t,2581.0,I,domestic_supply
222,Tunisia,2511,Wheat and products,5301,Domestic supply quantity,2011,1000 t,2663.0,I,domestic_supply
222,Tunisia,2511,Wheat and products,5521,Feed,2006,1000 t,125.0,I,feed
222,Tunisia,2511,Wheat and products,5521,Feed,2007,1000 t,157.0,I,feed
222,Tunisia,2511,Wheat and products,5521,Feed,2008,1000 t,134.0,I,feed
222,Tunisia,2511,Wheat and products,5521,Feed,2009,1000 t,144.0,I,feed
222,Tunisia,2511,Wheat and products,5521,Feed,2010,1000 t,137.0,I,feed
222,Tunisia,2511,Wheat and products,5521,Feed,2011,1000 t,159.0,I,feed
222,Tunisia,2511,Wheat and products,5527,Seed,2006,1000 t,68.0,I,seed
222,Tunisia,2511,Wheat and products,5527,Seed,2007,1000 t,53.0,I,seed
222,Tunisia,2511,Wheat and products,5527,Seed,2008,1000 t,59.0,I,seed
222,Tunisia,2511,Wheat and products,5527,Seed,2009,1000 t,53.0,I,seed
222,Tunisia,2511,Wheat and products,5527,Seed,2010,1000 t,59.0,I,seed
222,Tunisia,2511,Wheat and products,5527,Seed,2011,1000 t,57.0,I,seed
222,Tunisia,2511,Wheat and products,5123,Losses,2006,1000 t,196.0,I,losses
222,Tunisia,2511,Wheat and products,5123,Losses,2007,1000 t,241.0,I,losses
222,Tunisia,2511,Wheat and products,5123,Losses,2008,1000 t,209.0,I,losses
222,Tunisia,2511,Wheat and products,5123,Losses,2009,1000 t,225.0,I,losses
222,Tunisia,2511,Wheat and products,5123,Losses,2010,1000 t,215.0,I,losses
222,Tunisia,2511,Wheat and products,5123,Losses,2011,1000 t,247.0,I,losses
222,Tunisia,2511,Wheat and products,5142,Food,2006,1000 t,1964.0,I,food
222,Tunisia,2511,Wheat and products,5142,Food,2007,1000 t,2030.0,I,food
222,Tunisia,2511,Wheat and products,5142,Food,2008,1000 t,2018.0,I,food
222,Tunisia,2511,Wheat and products,5142,Food,2009,1000 t,2143.0,I,food
222,Tunisia,2511,Wheat and products,5142,Food,2010,1000 t,2170.0,I,food
222,Tunisia,2511,Wheat and products,5142,Food,2011,1000 t,2200.0,I,food
223,T�rkiye,2511,Wheat and products,5511,Production,2006,1000 t,20010.0,I,production
223,T�rkiye,2511,Wheat and products,5511,Production,2007,1000 t,17234.0,I,production
223,T�rkiye,2511,Wheat and products,5511,Production,2008,1000 t,17782.0,I,production
223,T�rkiye,2511,Wheat and products,5511,Production,2009,1000 t,20600.0,I,production
223,T�rkiye,2511,Wheat and products,5511,Production,2010,1000 t,19674.0,I,production
223,T�rkiye,2511,Wheat and products,5511,Production,2011,1000 t,21800.0,I,production
223,T�rkiye,2511,Wheat and products,5611,Import Quantity,2006,1000 t,255.0,I,imports
223,T�rkiye,2511,Wheat and products,5611,Import Quantity,2007,1000 t,2165.0,I,imports
223,T�rkiye,2511,Wheat and products,5611,Import Quantity,2008,1000 t,3730.0,I,imports
223,T�rkiye,2511,Wheat and products,5611,Import Quantity,2009,1000 t,3420.0,I,imports
223,T�rkiye,2511,Wheat and products,5611,Import Quantity,2010,1000 t,2582.0,I,imports
223,T�rkiye,2511,Wheat and products,5611,Import Quantity,2011,1000 t,4785.0,I,imports
223,T�rkiye,2511,Wheat and products,5074,Stock Variation,2006,1000 t,833.0,I,stock_variation
223,T�rkiye,2511,Wheat and products,5074,Stock Variation,2007,1000 t,215.0,I,stock_variation
223,T�rkiye,2511,Wheat and products,5074,Stock Variation,2008,1000 t,-1689.0,I,stock_variation
223,T�rkiye,2511,Wheat and products,5074,Stock Variation,2009,1000 t,-2608.0,I,stock_variation
223,T�rkiye,2511,Wheat and products,5074,Stock Variation,2010,1000 t,-280.0,I,stock_variation
223,T�rkiye,2511,Wheat and products,5074,Stock Variation,2011,1000 t,-5216.0,I,stock_variation
223,T�rkiye,2511,Wheat and products,5911,Export Quantity,2006,1000 t,2751.0,I,exports
223,T�rkiye,2511,Wheat and products,5911,Export Quantity,2007,1000 t,2081.0,I,exports
223,T�rkiye,2511,Wheat and products,5911,Export Quantity,2008,1000 t,2052.0,I,exports
223,T�rkiye,2511,Wheat and products,5911,Export Quantity,2009,1000 t,3161.0,I,exports
223,T�rkiye,2511,Wheat and products,5911,Export Quantity,2010,1000 t,4241.0,I,exports
223,T�rkiye,2511,Wheat and products,5911,Export Quantity,2011,1000 t,3450.0,I,exports
223,T�rkiye,2511,Wheat and products,5301,Domestic supply quantity,2006,1000 t,18348.0,I,domestic_supply
223,T�rkiye,2511,Wheat and products,5301,Domestic supply quantity,2007,1000 t,17533.0,I,domestic_supply
223,T�rkiye,2511,Wheat and products,5301,Domestic supply quantity,2008,1000 t,17770.0,I,domestic_supply
223,T�rkiye,2511,Wheat and products,5301,Domestic supply quantity,2009,1000 t,18250.0,I,domestic_supply
223,T�rkiye,2511,Wheat and products,5301,Domestic supply quantity,2010,1000 t,17735.0,I,domestic_supply
223,T�rkiye,2511,Wheat and products,5301,Domestic supply quantity,2011,1000 t,17919.0,I,domestic_supply
223,T�rkiye,2511,Wheat and products,5521,Feed,2006,1000 t,427.0,I,feed
223,T�rkiye,2511,Wheat and products,5521,Feed,2007,1000 t,351.0,I,feed
223,T�rkiye,2511,Wheat and products,5521,Feed,2008,1000 t,362.0,I,feed
223,T�rkiye,2511,Wheat and products,5521,Feed,2009,1000 t,425.0,I,feed
223,T�rkiye,2511,Wheat and products,5521,Feed,2010,1000 t,404.0,I,feed
223,T�rkiye,2511,Wheat and products,5521,Feed,2011,1000 t,448.0,I,feed
223,T�rkiye,2511,Wheat and products,5527,Seed,2006,1000 t,1458.0,I,seed
223,T�rkiye,2511,Wheat and products,5527,Seed,2007,1000 t,1458.0,I,seed
223,T�rkiye,2511,Wheat and products,5527,Seed,2008,1000 t,1456.0,I,seed
223,T�rkiye,2511,Wheat and products,5527,Seed,2009,1000 t,1458.0,I,seed
223,T�rkiye,2511,Wheat and products,5527,Seed,2010,1000 t,1459.0,I,seed
223,T�rkiye,2511,Wheat and products,5527,Seed,2011,1000 t,1457.0,I,seed
223,T�rkiye,2511,Wheat and products,5123,Losses,2006,1000 t,1800.0,I,losses
223,T�rkiye,2511,Wheat and products,5123,Losses,2007,1000 t,1500.0,I,losses
223,T�rkiye,2511,Wheat and products,5123,Losses,2008,1000 t,1600.0,I,losses
223,T�rkiye,2511,Wheat and products,5123,Losses,2009,1000 t,1900.0,I,losses
223,T�rkiye,2511,Wheat and products,5123,Losses,2010,1000 t,1800.0,I,losses
223,T�rkiye,2511,Wheat and products,5123,Losses,2011,1000 t,2000.0,I,losses
223,T�rkiye,2511,Wheat and products,5142,Food,2006,1000 t,13642.0,I,food
223,T�rkiye,2511,Wheat and products,5142,Food,2007,1000 t,13246.0,I,food
223,T�rkiye,2511,Wheat and products,5142,Food,2008,1000 t,13269.0,I,food
223,T�rkiye,2511,Wheat and products,5142,Food,2009,1000 t,13258.0,I,food
223,T�rkiye,2511,Wheat and products,5142,Food,2010,1000 t,12952.0,I,food
223,T�rkiye,2511,Wheat and products,5142,Food,2011,1000 t,12675.0,I,food
213,Turkmenistan,2511,Wheat and products,5511,Production,2006,1000 t,3260.0,I,production
213,Turkmenistan,2511,Wheat and products,5511,Production,2007,1000 t,2700.0,I,production
213,Turkmenistan,2511,Wheat and products,5511,Production,2008,1000 t,2500.0,I,production
213,Turkmenistan,2511,Wheat and products,5511,Production,2009,1000 t,2200.0,I,production
213,Turkmenistan,2511,Wheat and products,5511,Production,2010,1000 t,1900.0,I,production
213,Turkmenistan,2511,Wheat and products,5511,Production,2011,1000 t,1300.0,I,production
213,Turkmenistan,2511,Wheat and products,5611,Import Quantity,2006,1000 t,32.0,I,imports
213,Turkmenistan,2511,Wheat and products,5611,Import Quantity,2007,1000 t,173.0,I,imports
213,Turkmenistan,2511,Wheat and products,5611,Import Quantity,2008,1000 t,467.0,I,imports
213,Turkmenistan,2511,Wheat and products,5611,Import Quantity,2009,1000 t,186.0,I,imports
213,Turkmenistan,2511,Wheat and products,5611,Import Quantity,2010,1000 t,387.0,I,imports
213,Turkmenistan,2511,Wheat and products,5611,Import Quantity,2011,1000 t,593.0,I,imports
213,Turkmenistan,2511,Wheat and products,5074,Stock Variation,2006,1000 t,0.0,I,stock_variation
213,Turkmenistan,2511,Wheat and products,5074,Stock Variation,2007,1000 t,0.0,I,stock_variation
213,Turkmenistan,2511,Wheat and products,5074,Stock Variation,2008,1000 t,0.0,I,stock_variation
213,Turkmenistan,2511,Wheat and products,5074,Stock Variation,2009,1000 t,-15.0,I,stock_variation
213,Turkmenistan,2511,Wheat and products,5074,Stock Variation,2010,1000 t,15.0,I,stock_variation
213,Turkmenistan,2511,Wheat and products,5074,Stock Variation,2011,1000 t,0.0,I,stock_variation
213,Turkmenistan,2511,Wheat and products,5301,Domestic supply quantity,2006,1000 t,3292.0,I,domestic_supply
213,Turkmenistan,2511,Wheat and products,5301,Domestic supply quantity,2007,1000 t,2873.0,I,domestic_supply
213,Turkmenistan,2511,Wheat and products,5301,Domestic supply quantity,2008,1000 t,2967.0,I,domestic_supply
213,Turkmenistan,2511,Wheat and products,5301,Domestic supply quantity,2009,1000 t,2371.0,I,domestic_supply
213,Turkmenistan,2511,Wheat and products,5301,Domestic supply quantity,2010,1000 t,2303.0,I,domestic_supply
213,Turkmenistan,2511,Wheat and products,5301,Domestic supply quantity,2011,1000 t,1893.0,I,domestic_supply
213,Turkmenistan,2511,Wheat and products,5521,Feed,2006,1000 t,2012.0,I,feed
213,Turkmenistan,2511,Wheat and products,5521,Feed,2007,1000 t,1612.0,I,feed
213,Turkmenistan,2511,Wheat and products,5521,Feed,2008,1000 t,1702.0,I,feed
213,Turkmenistan,2511,Wheat and products,5521,Feed,2009,1000 t,1163.0,I,feed
213,Turkmenistan,2511,Wheat and products,5521,Feed,2010,1000 t,1110.0,I,feed
213,Turkmenistan,2511,Wheat and products,5521,Feed,2011,1000 t,700.0,I,feed
213,Turkmenistan,2511,Wheat and products,5527,Seed,2006,1000 t,127.0,I,seed
213,Turkmenistan,2511,Wheat and products,5527,Seed,2007,1000 t,132.0,I,seed
213,Turkmenistan,2511,Wheat and products,5527,Seed,2008,1000 t,129.0,I,seed
213,Turkmenistan,2511,Wheat and products,5527,Seed,2009,1000 t,105.0,I,seed
213,Turkmenistan,2511,Wheat and products,5527,Seed,2010,1000 t,98.0,I,seed
213,Turkmenistan,2511,Wheat and products,5527,Seed,2011,1000 t,105.0,I,seed
213,Turkmenistan,2511,Wheat and products,5123,Losses,2006,1000 t,207.0,I,losses
213,Turkmenistan,2511,Wheat and products,5123,Losses,2007,1000 t,178.0,I,losses
213,Turkmenistan,2511,Wheat and products,5123,Losses,2008,1000 t,185.0,I,losses
213,Turkmenistan,2511,Wheat and products,5123,Losses,2009,1000 t,148.0,I,losses
213,Turkmenistan,2511,Wheat and products,5123,Losses,2010,1000 t,142.0,I,losses
213,Turkmenistan,2511,Wheat and products,5123,Losses,2011,1000 t,115.0,I,losses
213,Turkmenistan,2511,Wheat and products,5142,Food,2006,1000 t,947.0,I,food
213,Turkmenistan,2511,Wheat and products,5142,Food,2007,1000 t,951.0,I,food
213,Turkmenistan,2511,Wheat and products,5142,Food,2008,1000 t,950.0,I,food
213,Turkmenistan,2511,Wheat and products,5142,Food,2009,1000 t,955.0,I,food
213,Turkmenistan,2511,Wheat and products,5142,Food,2010,1000 t,954.0,I,food
213,Turkmenistan,2511,Wheat and products,5142,Food,2011,1000 t,974.0,I,food
226,Uganda,2511,Wheat and products,5511,Production,2006,1000 t,18.0,I,production
226,Uganda,2511,Wheat and products,5511,Production,2007,1000 t,19.0,I,production
226,Uganda,2511,Wheat and products,5511,Production,2008,1000 t,19.0,I,production
226,Uganda,2511,Wheat and products,5511,Production,2009,1000 t,20.0,I,production
226,Uganda,2511,Wheat and products,5511,Production,2010,1000 t,20.0,I,production
226,Uganda,2511,Wheat and products,5511,Production,2011,1000 t,23.0,I,production
226,Uganda,2511,Wheat and products,5611,Import Quantity,2006,1000 t,400.0,I,imports
226,Uganda,2511,Wheat and products,5611,Import Quantity,2007,1000 t,344.0,I,imports
226,Uganda,2511,Wheat and products,5611,Import Quantity,2008,1000 t,284.0,I,imports
226,Uganda,2511,Wheat and products,5611,Import Quantity,2009,1000 t,426.0,I,imports
226,Uganda,2511,Wheat and products,5611,Import Quantity,2010,1000 t,388.0,I,imports
226,Uganda,2511,Wheat and products,5611,Import Quantity,2011,1000 t,437.0,I,imports
226,Uganda,2511,Wheat and products,5074,Stock Variation,2006,1000 t,0.0,I,stock_variation
226,Uganda,2511,Wheat and products,5074,Stock Variation,2007,1000 t,0.0,I,stock_variation
226,Uganda,2511,Wheat and products,5074,Stock Variation,2008,1000 t,0.0,I,stock_variation
226,Uganda,2511,Wheat and products,5074,Stock Variation,2009,1000 t,0.0,I,stock_variation
226,Uganda,2511,Wheat and products,5074,Stock Variation,2010,1000 t,0.0,I,stock_variation
226,Uganda,2511,Wheat and products,5074,Stock Variation,2011,1000 t,0.0,I,stock_variation
226,Uganda,2511,Wheat and products,5911,Export Quantity,2006,1000 t,17.0,I,exports
226,Uganda,2511,Wheat and products,5911,Export Quantity,2007,1000 t,34.0,I,exports
226,Uganda,2511,Wheat and products,5911,Export Quantity,2008,1000 t,23.0,I,exports
226,Uganda,2511,Wheat and products,5911,Export Quantity,2009,1000 t,46.0,I,exports
226,Uganda,2511,Wheat and products,5911,Export Quantity,2010,1000 t,46.0,I,exports
226,Uganda,2511,Wheat and products,5911,Export Quantity,2011,1000 t,65.0,I,exports
226,Uganda,2511,Wheat and products,5301,Domestic supply quantity,2006,1000 t,401.0,I,domestic_supply
226,Uganda,2511,Wheat and products,5301,Domestic supply quantity,2007,1000 t,329.0,I,domestic_supply
226,Uganda,2511,Wheat and products,5301,Domestic supply quantity,2008,1000 t,281.0,I,domestic_supply
226,Uganda,2511,Wheat and products,5301,Domestic supply quantity,2009,1000 t,399.0,I,domestic_supply
226,Uganda,2511,Wheat and products,5301,Domestic supply quantity,2010,1000 t,362.0,I,domestic_supply
226,Uganda,2511,Wheat and products,5301,Domestic supply quantity,2011,1000 t,395.0,I,domestic_supply
226,Uganda,2511,Wheat and products,5527,Seed,2006,1000 t,1.0,I,seed
226,Uganda,2511,Wheat and products,5527,Seed,2007,1000 t,1.0,I,seed
226,Uganda,2511,Wheat and products,5527,Seed,2008,1000 t,1.0,I,seed
226,Uganda,2511,Wheat and products,5527,Seed,2009,1000 t,1.0,I,seed
226,Uganda,2511,Wheat and products,5527,Seed,2010,1000 t,1.0,I,seed
226,Uganda,2511,Wheat and products,5527,Seed,2011,1000 t,1.0,I,seed
226,Uganda,2511,Wheat and products,5123,Losses,2006,1000 t,12.0,I,losses
226,Uganda,2511,Wheat and products,5123,Losses,2007,1000 t,11.0,I,losses
226,Uganda,2511,Wheat and products,5123,Losses,2008,1000 t,9.0,I,losses
226,Uganda,2511,Wheat and products,5123,Losses,2009,1000 t,13.0,I,losses
226,Uganda,2511,Wheat and products,5123,Losses,2010,1000 t,12.0,I,losses
226,Uganda,2511,Wheat and products,5123,Losses,2011,1000 t,13.0,I,losses
226,Uganda,2511,Wheat and products,5142,Food,2006,1000 t,381.0,I,food
226,Uganda,2511,Wheat and products,5142,Food,2007,1000 t,318.0,I,food
226,Uganda,2511,Wheat and products,5142,Food,2008,1000 t,272.0,I,food
226,Uganda,2511,Wheat and products,5142,Food,2009,1000 t,413.0,I,food
226,Uganda,2511,Wheat and products,5142,Food,2010,1000 t,346.0,I,food
226,Uganda,2511,Wheat and products,5142,Food,2011,1000 t,392.0,I,food
230,Ukraine,2511,Wheat and products,5511,Production,2006,1000 t,13947.0,I,production
230,Ukraine,2511,Wheat and products,5511,Production,2007,1000 t,13938.0,I,production
230,Ukraine,2511,Wheat and products,5511,Production,2008,1000 t,25885.0,I,production
230,Ukraine,2511,Wheat and products,5511,Production,2009,1000 t,20886.0,I,production
230,Ukraine,2511,Wheat and products,5511,Production,2010,1000 t,16851.0,I,production
230,Ukraine,2511,Wheat and products,5511,Production,2011,1000 t,22324.0,I,production
230,Ukraine,2511,Wheat and products,5611,Import Quantity,2006,1000 t,40.0,I,imports
230,Ukraine,2511,Wheat and products,5611,Import Quantity,2007,1000 t,86.0,I,imports
230,Ukraine,2511,Wheat and products,5611,Import Quantity,2008,1000 t,65.0,I,imports
230,Ukraine,2511,Wheat and products,5611,Import Quantity,2009,1000 t,30.0,I,imports
230,Ukraine,2511,Wheat and products,5611,Import Quantity,2010,1000 t,44.0,I,imports
230,Ukraine,2511,Wheat and products,5611,Import Quantity,2011,1000 t,76.0,I,imports
230,Ukraine,2511,Wheat and products,5074,Stock Variation,2006,1000 t,2400.0,I,stock_variation
230,Ukraine,2511,Wheat and products,5074,Stock Variation,2007,1000 t,-900.0,I,stock_variation
230,Ukraine,2511,Wheat and products,5074,Stock Variation,2008,1000 t,-2920.0,I,stock_variation
230,Ukraine,2511,Wheat and products,5074,Stock Variation,2009,1000 t,2460.0,I,stock_variation
230,Ukraine,2511,Wheat and products,5074,Stock Variation,2010,1000 t,-900.0,I,stock_variation
230,Ukraine,2511,Wheat and products,5074,Stock Variation,2011,1000 t,-4680.0,I,stock_variation
230,Ukraine,2511,Wheat and products,5911,Export Quantity,2006,1000 t,4816.0,I,exports
230,Ukraine,2511,Wheat and products,5911,Export Quantity,2007,1000 t,1348.0,I,exports
230,Ukraine,2511,Wheat and products,5911,Export Quantity,2008,1000 t,8066.0,I,exports
230,Ukraine,2511,Wheat and products,5911,Export Quantity,2009,1000 t,13309.0,I,exports
230,Ukraine,2511,Wheat and products,5911,Export Quantity,2010,1000 t,4573.0,I,exports
230,Ukraine,2511,Wheat and products,5911,Export Quantity,2011,1000 t,4532.0,I,exports
230,Ukraine,2511,Wheat and products,5301,Domestic supply quantity,2006,1000 t,11572.0,I,domestic_supply
230,Ukraine,2511,Wheat and products,5301,Domestic supply quantity,2007,1000 t,11776.0,I,domestic_supply
230,Ukraine,2511,Wheat and products,5301,Domestic supply quantity,2008,1000 t,14964.0,I,domestic_supply
230,Ukraine,2511,Wheat and products,5301,Domestic supply quantity,2009,1000 t,10067.0,I,domestic_supply
230,Ukraine,2511,Wheat and products,5301,Domestic supply quantity,2010,1000 t,11422.0,I,domestic_supply
230,Ukraine,2511,Wheat and products,5301,Domestic supply quantity,2011,1000 t,13188.0,I,domestic_supply
230,Ukraine,2511,Wheat and products,5521,Feed,2006,1000 t,4050.0,I,feed
230,Ukraine,2511,Wheat and products,5521,Feed,2007,1000 t,4050.0,I,feed
230,Ukraine,2511,Wheat and products,5521,Feed,2008,1000 t,7250.0,I,feed
230,Ukraine,2511,Wheat and products,5521,Feed,2009,1000 t,3000.0,I,feed
230,Ukraine,2511,Wheat and products,5521,Feed,2010,1000 t,4100.0,I,feed
230,Ukraine,2511,Wheat and products,5521,Feed,2011,1000 t,6300.0,I,feed
230,Ukraine,2511,Wheat and products,5527,Seed,2006,1000 t,1572.0,I,seed
230,Ukraine,2511,Wheat and products,5527,Seed,2007,1000 t,1780.0,I,seed
230,Ukraine,2511,Wheat and products,5527,Seed,2008,1000 t,1713.0,I,seed
230,Ukraine,2511,Wheat and products,5527,Seed,2009,1000 t,1613.0,I,seed
230,Ukraine,2511,Wheat and products,5527,Seed,2010,1000 t,1695.0,I,seed
230,Ukraine,2511,Wheat and products,5527,Seed,2011,1000 t,1443.0,I,seed
230,Ukraine,2511,Wheat and products,5123,Losses,2006,1000 t,324.0,I,losses
230,Ukraine,2511,Wheat and products,5123,Losses,2007,1000 t,451.0,I,losses
230,Ukraine,2511,Wheat and products,5123,Losses,2008,1000 t,702.0,I,losses
230,Ukraine,2511,Wheat and products,5123,Losses,2009,1000 t,338.0,I,losses
230,Ukraine,2511,Wheat and products,5123,Losses,2010,1000 t,436.0,I,losses
230,Ukraine,2511,Wheat and products,5123,Losses,2011,1000 t,453.0,I,losses
230,Ukraine,2511,Wheat and products,5142,Food,2006,1000 t,5487.0,I,food
230,Ukraine,2511,Wheat and products,5142,Food,2007,1000 t,5317.0,I,food
230,Ukraine,2511,Wheat and products,5142,Food,2008,1000 t,5145.0,I,food
230,Ukraine,2511,Wheat and products,5142,Food,2009,1000 t,4977.0,I,food
230,Ukraine,2511,Wheat and products,5142,Food,2010,1000 t,4983.0,I,food
230,Ukraine,2511,Wheat and products,5142,Food,2011,1000 t,4853.0,I,food
225,United Arab Emirates,2511,Wheat and products,5511,Production,2006,1000 t,0.0,I,production
225,United Arab Emirates,2511,Wheat and products,5511,Production,2007,1000 t,0.0,I,production
225,United Arab Emirates,2511,Wheat and products,5511,Production,2008,1000 t,0.0,I,production
225,United Arab Emirates,2511,Wheat and products,5511,Production,2009,1000 t,0.0,I,production
225,United Arab Emirates,2511,Wheat and products,5511,Production,2010,1000 t,0.0,I,production
225,United Arab Emirates,2511,Wheat and products,5511,Production,2011,1000 t,0.0,I,production
225,United Arab Emirates,2511,Wheat and products,5611,Import Quantity,2006,1000 t,1021.0,I,imports
225,United Arab Emirates,2511,Wheat and products,5611,Import Quantity,2007,1000 t,894.0,I,imports
225,United Arab Emirates,2511,Wheat and products,5611,Import Quantity,2008,1000 t,1280.0,I,imports
225,United Arab Emirates,2511,Wheat and products,5611,Import Quantity,2009,1000 t,1518.0,I,imports
225,United Arab Emirates,2511,Wheat and products,5611,Import Quantity,2010,1000 t,1326.0,I,imports
225,United Arab Emirates,2511,Wheat and products,5611,Import Quantity,2011,1000 t,1120.0,I,imports
225,United Arab Emirates,2511,Wheat and products,5074,Stock Variation,2006,1000 t,13.0,I,stock_variation
225,United Arab Emirates,2511,Wheat and products,5074,Stock Variation,2007,1000 t,256.0,I,stock_variation
225,United Arab Emirates,2511,Wheat and products,5074,Stock Variation,2008,1000 t,28.0,I,stock_variation
225,United Arab Emirates,2511,Wheat and products,5074,Stock Variation,2009,1000 t,-42.0,I,stock_variation
225,United Arab Emirates,2511,Wheat and products,5074,Stock Variation,2010,1000 t,626.0,I,stock_variation
225,United Arab Emirates,2511,Wheat and products,5074,Stock Variation,2011,1000 t,174.0,I,stock_variation
225,United Arab Emirates,2511,Wheat and products,5911,Export Quantity,2006,1000 t,248.0,I,exports
225,United Arab Emirates,2511,Wheat and products,5911,Export Quantity,2007,1000 t,261.0,I,exports
225,United Arab Emirates,2511,Wheat and products,5911,Export Quantity,2008,1000 t,342.0,I,exports
225,United Arab Emirates,2511,Wheat and products,5911,Export Quantity,2009,1000 t,325.0,I,exports
225,United Arab Emirates,2511,Wheat and products,5911,Export Quantity,2010,1000 t,769.0,I,exports
225,United Arab Emirates,2511,Wheat and products,5911,Export Quantity,2011,1000 t,155.0,I,exports
225,United Arab Emirates,2511,Wheat and products,5301,Domestic supply quantity,2006,1000 t,786.0,I,domestic_supply
225,United Arab Emirates,2511,Wheat and products,5301,Domestic supply quantity,2007,1000 t,890.0,I,domestic_supply
225,United Arab Emirates,2511,Wheat and products,5301,Domestic supply quantity,2008,1000 t,966.0,I,domestic_supply
225,United Arab Emirates,2511,Wheat and products,5301,Domestic supply quantity,2009,1000 t,1152.0,I,domestic_supply
225,United Arab Emirates,2511,Wheat and products,5301,Domestic supply quantity,2010,1000 t,1182.0,I,domestic_supply
225,United Arab Emirates,2511,Wheat and products,5301,Domestic supply quantity,2011,1000 t,1139.0,I,domestic_supply
225,United Arab Emirates,2511,Wheat and products,5521,Feed,2006,1000 t,47.0,I,feed
225,United Arab Emirates,2511,Wheat and products,5521,Feed,2007,1000 t,37.0,I,feed
225,United Arab Emirates,2511,Wheat and products,5521,Feed,2008,1000 t,53.0,I,feed
225,United Arab Emirates,2511,Wheat and products,5521,Feed,2009,1000 t,66.0,I,feed
225,United Arab Emirates,2511,Wheat and products,5521,Feed,2010,1000 t,34.0,I,feed
225,United Arab Emirates,2511,Wheat and products,5521,Feed,2011,1000 t,28.0,I,feed
225,United Arab Emirates,2511,Wheat and products,5123,Losses,2006,1000 t,150.0,I,losses
225,United Arab Emirates,2511,Wheat and products,5123,Losses,2007,1000 t,138.0,I,losses
225,United Arab Emirates,2511,Wheat and products,5123,Losses,2008,1000 t,174.0,I,losses
225,United Arab Emirates,2511,Wheat and products,5123,Losses,2009,1000 t,193.0,I,losses
225,United Arab Emirates,2511,Wheat and products,5123,Losses,2010,1000 t,235.0,I,losses
225,United Arab Emirates,2511,Wheat and products,5123,Losses,2011,1000 t,144.0,I,losses
225,United Arab Emirates,2511,Wheat and products,5142,Food,2006,1000 t,553.0,I,food
225,United Arab Emirates,2511,Wheat and products,5142,Food,2007,1000 t,675.0,I,food
225,United Arab Emirates,2511,Wheat and products,5142,Food,2008,1000 t,668.0,I,food
225,United Arab Emirates,2511,Wheat and products,5142,Food,2009,1000 t,829.0,I,food
225,United Arab Emirates,2511,Wheat and products,5142,Food,2010,1000 t,847.0,I,food
225,United Arab Emirates,2511,Wheat and products,5142,Food,2011,1000 t,899.0,I,food
229,United Kingdom of Great Britain and Northern Ireland,2511,Wheat and products,5511,Production,2006,1000 t,14747.0,I,production
229,United Kingdom of Great Britain and Northern Ireland,2511,Wheat and products,5511,Production,2007,1000 t,13221.0,I,production
229,United Kingdom of Great Britain and Northern Ireland,2511,Wheat and products,5511,Production,2008,1000 t,17227.0,I,production
229,United Kingdom of Great Britain and Northern Ireland,2511,Wheat and products,5511,Production,2009,1000 t,14076.0,I,production
229,United Kingdom of Great Britain and Northern Ireland,2511,Wheat and products,5511,Production,2010,1000 t,14878.0,I,production
229,United Kingdom of Great Britain and Northern Ireland,2511,Wheat and products,5511,Production,2011,1000 t,15257.0,I,production
229,United Kingdom of Great Britain and Northern Ireland,2511,Wheat and products,5611,Import Quantity,2006,1000 t,1992.0,I,imports
229,United Kingdom of Great Britain and Northern Ireland,2511,Wheat and products,5611,Import Quantity,2007,1000 t,2269.0,I,imports
229,United Kingdom of Great Britain and Northern Ireland,2511,Wheat and products,5611,Import Quantity,2008,1000 t,2350.0,I,imports
229,United Kingdom of Great Britain and Northern Ireland,2511,Wheat and products,5611,Import Quantity,2009,1000 t,2508.0,I,imports
229,United Kingdom of Great Britain and Northern Ireland,2511,Wheat and products,5611,Import Quantity,2010,1000 t,2273.0,I,imports
229,United Kingdom of Great Britain and Northern Ireland,2511,Wheat and products,5611,Import Quantity,2011,1000 t,2006.0,I,imports
229,United Kingdom of Great Britain and Northern Ireland,2511,Wheat and products,5074,Stock Variation,2006,1000 t,-41.0,I,stock_variation
229,United Kingdom of Great Britain and Northern Ireland,2511,Wheat and products,5074,Stock Variation,2007,1000 t,992.0,I,stock_variation
229,United Kingdom of Great Britain and Northern Ireland,2511,Wheat and products,5074,Stock Variation,2008,1000 t,-1774.0,I,stock_variation
229,United Kingdom of Great Britain and Northern Ireland,2511,Wheat and products,5074,Stock Variation,2009,1000 t,808.0,I,stock_variation
229,United Kingdom of Great Britain and Northern Ireland,2511,Wheat and products,5074,Stock Variation,2010,1000 t,1288.0,I,stock_variation
229,United Kingdom of Great Britain and Northern Ireland,2511,Wheat and products,5074,Stock Variation,2011,1000 t,-331.0,I,stock_variation
229,United Kingdom of Great Britain and Northern Ireland,2511,Wheat and products,5911,Export Quantity,2006,1000 t,2651.0,I,exports
229,United Kingdom of Great Britain and Northern Ireland,2511,Wheat and products,5911,Export Quantity,2007,1000 t,2560.0,I,exports
229,United Kingdom of Great Britain and Northern Ireland,2511,Wheat and products,5911,Export Quantity,2008,1000 t,3417.0,I,exports
229,United Kingdom of Great Britain and Northern Ireland,2511,Wheat and products,5911,Export Quantity,2009,1000 t,3132.0,I,exports
229,United Kingdom of Great Britain and Northern Ireland,2511,Wheat and products,5911,Export Quantity,2010,1000 t,4063.0,I,exports
229,United Kingdom of Great Britain and Northern Ireland,2511,Wheat and products,5911,Export Quantity,2011,1000 t,3001.0,I,exports
229,United Kingdom of Great Britain and Northern Ireland,2511,Wheat and products,5301,Domestic supply quantity,2006,1000 t,14047.0,I,domestic_supply
229,United Kingdom of Great Britain and Northern Ireland,2511,Wheat and products,5301,Domestic supply quantity,2007,1000 t,13922.0,I,domestic_supply
229,United Kingdom of Great Britain and Northern Ireland,2511,Wheat and products,5301,Domestic supply quantity,2008,1000 t,14386.0,I,domestic_supply
229,United Kingdom of Great Britain and Northern Ireland,2511,Wheat and products,5301,Domestic supply quantity,2009,1000 t,14259.0,I,domestic_supply
229,United Kingdom of Great Britain and Northern Ireland,2511,Wheat and products,5301,Domestic supply quantity,2010,1000 t,14376.0,I,domestic_supply
229,United Kingdom of Great Britain and Northern Ireland,2511,Wheat and products,5301,Domestic supply quantity,2011,1000 t,13930.0,I,domestic_supply
229,United Kingdom of Great Britain and Northern Ireland,2511,Wheat and products,5521,Feed,2006,1000 t,6867.0,I,feed
229,United Kingdom of Great Britain and Northern Ireland,2511,Wheat and products,5521,Feed,2007,1000 t,6611.0,I,feed
229,United Kingdom of Great Britain and Northern Ireland,2511,Wheat and products,5521,Feed,2008,1000 t,6238.0,I,feed
229,United Kingdom of Great Britain and Northern Ireland,2511,Wheat and products,5521,Feed,2009,1000 t,6557.0,I,feed
229,United Kingdom of Great Britain and Northern Ireland,2511,Wheat and products,5521,Feed,2010,1000 t,6389.0,I,feed
229,United Kingdom of Great Britain and Northern Ireland,2511,Wheat and products,5521,Feed,2011,1000 t,6268.0,I,feed
229,United Kingdom of Great Britain and Northern Ireland,2511,Wheat and products,5527,Seed,2006,1000 t,254.0,I,seed
229,United Kingdom of Great Britain and Northern Ireland,2511,Wheat and products,5527,Seed,2007,1000 t,311.0,I,seed
229,United Kingdom of Great Britain and Northern Ireland,2511,Wheat and products,5527,Seed,2008,1000 t,322.0,I,seed
229,United Kingdom of Great Britain and Northern Ireland,2511,Wheat and products,5527,Seed,2009,1000 t,290.0,I,seed
229,United Kingdom of Great Britain and Northern Ireland,2511,Wheat and products,5527,Seed,2010,1000 t,295.0,I,seed
229,United Kingdom of Great Britain and Northern Ireland,2511,Wheat and products,5527,Seed,2011,1000 t,299.0,I,seed
229,United Kingdom of Great Britain and Northern Ireland,2511,Wheat and products,5123,Losses,2006,1000 t,295.0,I,losses
229,United Kingdom of Great Britain and Northern Ireland,2511,Wheat and products,5123,Losses,2007,1000 t,280.0,I,losses
229,United Kingdom of Great Britain and Northern Ireland,2511,Wheat and products,5123,Losses,2008,1000 t,350.0,I,losses
229,United Kingdom of Great Britain and Northern Ireland,2511,Wheat and products,5123,Losses,2009,1000 t,300.0,I,losses
229,United Kingdom of Great Britain and Northern Ireland,2511,Wheat and products,5123,Losses,2010,1000 t,300.0,I,losses
229,United Kingdom of Great Britain and Northern Ireland,2511,Wheat and products,5123,Losses,2011,1000 t,350.0,I,losses
229,United Kingdom of Great Britain and Northern Ireland,2511,Wheat and products,5142,Food,2006,1000 t,5916.0,I,food
229,United Kingdom of Great Britain and Northern Ireland,2511,Wheat and products,5142,Food,2007,1000 t,5940.0,I,food
229,United Kingdom of Great Britain and Northern Ireland,2511,Wheat and products,5142,Food,2008,1000 t,6094.0,I,food
229,United Kingdom of Great Britain and Northern Ireland,2511,Wheat and products,5142,Food,2009,1000 t,6096.0,I,food
229,United Kingdom of Great Britain and Northern Ireland,2511,Wheat and products,5142,Food,2010,1000 t,6126.0,I,food
229,United Kingdom of Great Britain and Northern Ireland,2511,Wheat and products,5142,Food,2011,1000 t,6074.0,I,food
215,United Republic of Tanzania,2511,Wheat and products,5511,Production,2006,1000 t,110.0,I,production
215,United Republic of Tanzania,2511,Wheat and products,5511,Production,2007,1000 t,83.0,I,production
215,United Republic of Tanzania,2511,Wheat and products,5511,Production,2008,1000 t,43.0,I,production
215,United Republic of Tanzania,2511,Wheat and products,5511,Production,2009,1000 t,82.0,I,production
215,United Republic of Tanzania,2511,Wheat and products,5511,Production,2010,1000 t,62.0,I,production
215,United Republic of Tanzania,2511,Wheat and products,5511,Production,2011,1000 t,113.0,I,production
215,United Republic of Tanzania,2511,Wheat and products,5611,Import Quantity,2006,1000 t,657.0,I,imports
215,United Republic of Tanzania,2511,Wheat and products,5611,Import Quantity,2007,1000 t,822.0,I,imports
215,United Republic of Tanzania,2511,Wheat and products,5611,Import Quantity,2008,1000 t,468.0,I,imports
215,United Republic of Tanzania,2511,Wheat and products,5611,Import Quantity,2009,1000 t,897.0,I,imports
215,United Republic of Tanzania,2511,Wheat and products,5611,Import Quantity,2010,1000 t,1138.0,I,imports
215,United Republic of Tanzania,2511,Wheat and products,5611,Import Quantity,2011,1000 t,1134.0,I,imports
215,United Republic of Tanzania,2511,Wheat and products,5074,Stock Variation,2006,1000 t,-105.0,I,stock_variation
215,United Republic of Tanzania,2511,Wheat and products,5074,Stock Variation,2007,1000 t,-50.0,I,stock_variation
215,United Republic of Tanzania,2511,Wheat and products,5074,Stock Variation,2008,1000 t,155.0,I,stock_variation
215,United Republic of Tanzania,2511,Wheat and products,5074,Stock Variation,2009,1000 t,-150.0,I,stock_variation
215,United Republic of Tanzania,2511,Wheat and products,5074,Stock Variation,2010,1000 t,-350.0,I,stock_variation
215,United Republic of Tanzania,2511,Wheat and products,5074,Stock Variation,2011,1000 t,-400.0,I,stock_variation
215,United Republic of Tanzania,2511,Wheat and products,5911,Export Quantity,2006,1000 t,54.0,I,exports
215,United Republic of Tanzania,2511,Wheat and products,5911,Export Quantity,2007,1000 t,209.0,I,exports
215,United Republic of Tanzania,2511,Wheat and products,5911,Export Quantity,2008,1000 t,102.0,I,exports
215,United Republic of Tanzania,2511,Wheat and products,5911,Export Quantity,2009,1000 t,40.0,I,exports
215,United Republic of Tanzania,2511,Wheat and products,5911,Export Quantity,2010,1000 t,151.0,I,exports
215,United Republic of Tanzania,2511,Wheat and products,5911,Export Quantity,2011,1000 t,103.0,I,exports
215,United Republic of Tanzania,2511,Wheat and products,5301,Domestic supply quantity,2006,1000 t,608.0,I,domestic_supply
215,United Republic of Tanzania,2511,Wheat and products,5301,Domestic supply quantity,2007,1000 t,646.0,I,domestic_supply
215,United Republic of Tanzania,2511,Wheat and products,5301,Domestic supply quantity,2008,1000 t,564.0,I,domestic_supply
215,United Republic of Tanzania,2511,Wheat and products,5301,Domestic supply quantity,2009,1000 t,790.0,I,domestic_supply
215,United Republic of Tanzania,2511,Wheat and products,5301,Domestic supply quantity,2010,1000 t,700.0,I,domestic_supply
215,United Republic of Tanzania,2511,Wheat and products,5301,Domestic supply quantity,2011,1000 t,744.0,I,domestic_supply
215,United Republic of Tanzania,2511,Wheat and products,5527,Seed,2006,1000 t,8.0,I,seed
215,United Republic of Tanzania,2511,Wheat and products,5527,Seed,2007,1000 t,4.0,I,seed
215,United Republic of Tanzania,2511,Wheat and products,5527,Seed,2008,1000 t,15.0,I,seed
215,United Republic of Tanzania,2511,Wheat and products,5527,Seed,2009,1000 t,5.0,I,seed
215,United Republic of Tanzania,2511,Wheat and products,5527,Seed,2010,1000 t,11.0,I,seed
215,United Republic of Tanzania,2511,Wheat and products,5527,Seed,2011,1000 t,11.0,I,seed
215,United Republic of Tanzania,2511,Wheat and products,5123,Losses,2006,1000 t,15.0,I,losses
215,United Republic of Tanzania,2511,Wheat and products,5123,Losses,2007,1000 t,18.0,I,losses
215,United Republic of Tanzania,2511,Wheat and products,5123,Losses,2008,1000 t,13.0,I,losses
215,United Republic of Tanzania,2511,Wheat and products,5123,Losses,2009,1000 t,18.0,I,losses
215,United Republic of Tanzania,2511,Wheat and products,5123,Losses,2010,1000 t,22.0,I,losses
215,United Republic of Tanzania,2511,Wheat and products,5123,Losses,2011,1000 t,24.0,I,losses
215,United Republic of Tanzania,2511,Wheat and products,5142,Food,2006,1000 t,586.0,I,food
215,United Republic of Tanzania,2511,Wheat and products,5142,Food,2007,1000 t,624.0,I,food
215,United Republic of Tanzania,2511,Wheat and products,5142,Food,2008,1000 t,536.0,I,food
215,United Republic of Tanzania,2511,Wheat and products,5142,Food,2009,1000 t,766.0,I,food
215,United Republic of Tanzania,2511,Wheat and products,5142,Food,2010,1000 t,667.0,I,food
215,United Republic of Tanzania,2511,Wheat and products,5142,Food,2011,1000 t,709.0,I,food
231,United States of America,2511,Wheat and products,5511,Production,2006,1000 t,49216.0,I,production
231,United States of America,2511,Wheat and products,5511,Production,2007,1000 t,55820.0,I,production
231,United States of America,2511,Wheat and products,5511,Production,2008,1000 t,68016.0,I,production
231,United States of America,2511,Wheat and products,5511,Production,2009,1000 t,60366.0,I,production
231,United States of America,2511,Wheat and products,5511,Production,2010,1000 t,60062.0,I,production
231,United States of America,2511,Wheat and products,5511,Production,2011,1000 t,54419.0,I,production
231,United States of America,2511,Wheat and products,5611,Import Quantity,2006,1000 t,3809.0,I,imports
231,United States of America,2511,Wheat and products,5611,Import Quantity,2007,1000 t,4137.0,I,imports
231,United States of America,2511,Wheat and products,5611,Import Quantity,2008,1000 t,4255.0,I,imports
231,United States of America,2511,Wheat and products,5611,Import Quantity,2009,1000 t,4313.0,I,imports
231,United States of America,2511,Wheat and products,5611,Import Quantity,2010,1000 t,4335.0,I,imports
231,United States of America,2511,Wheat and products,5611,Import Quantity,2011,1000 t,3945.0,I,imports
231,United States of America,2511,Wheat and products,5074,Stock Variation,2006,1000 t,5344.0,I,stock_variation
231,United States of America,2511,Wheat and products,5074,Stock Variation,2007,1000 t,5788.0,I,stock_variation
231,United States of America,2511,Wheat and products,5074,Stock Variation,2008,1000 t,-7085.0,I,stock_variation
231,United States of America,2511,Wheat and products,5074,Stock Variation,2009,1000 t,-9527.0,I,stock_variation
231,United States of America,2511,Wheat and products,5074,Stock Variation,2010,1000 t,-4542.0,I,stock_variation
231,United States of America,2511,Wheat and products,5074,Stock Variation,2011,1000 t,7883.0,I,stock_variation
231,United States of America,2511,Wheat and products,5911,Export Quantity,2006,1000 t,27702.0,I,exports
231,United States of America,2511,Wheat and products,5911,Export Quantity,2007,1000 t,37133.0,I,exports
231,United States of America,2511,Wheat and products,5911,Export Quantity,2008,1000 t,31501.0,I,exports
231,United States of America,2511,Wheat and products,5911,Export Quantity,2009,1000 t,23303.0,I,exports
231,United States of America,2511,Wheat and products,5911,Export Quantity,2010,1000 t,29089.0,I,exports
231,United States of America,2511,Wheat and products,5911,Export Quantity,2011,1000 t,34369.0,I,exports
231,United States of America,2511,Wheat and products,5301,Domestic supply quantity,2006,1000 t,30666.0,I,domestic_supply
231,United States of America,2511,Wheat and products,5301,Domestic supply quantity,2007,1000 t,28612.0,I,domestic_supply
231,United States of America,2511,Wheat and products,5301,Domestic supply quantity,2008,1000 t,33685.0,I,domestic_supply
231,United States of America,2511,Wheat and products,5301,Domestic supply quantity,2009,1000 t,31848.0,I,domestic_supply
231,United States of America,2511,Wheat and products,5301,Domestic supply quantity,2010,1000 t,30766.0,I,domestic_supply
231,United States of America,2511,Wheat and products,5301,Domestic supply quantity,2011,1000 t,31878.0,I,domestic_supply
231,United States of America,2511,Wheat and products,5521,Feed,2006,1000 t,3187.0,I,feed
231,United States of America,2511,Wheat and products,5521,Feed,2007,1000 t,436.0,I,feed
231,United States of America,2511,Wheat and products,5521,Feed,2008,1000 t,6260.0,I,feed
231,United States of America,2511,Wheat and products,5521,Feed,2009,1000 t,4899.0,I,feed
231,United States of America,2511,Wheat and products,5521,Feed,2010,1000 t,3620.0,I,feed
231,United States of America,2511,Wheat and products,5521,Feed,2011,1000 t,4898.0,I,feed
231,United States of America,2511,Wheat and products,5527,Seed,2006,1000 t,2229.0,I,seed
231,United States of America,2511,Wheat and products,5527,Seed,2007,1000 t,2384.0,I,seed
231,United States of America,2511,Wheat and products,5527,Seed,2008,1000 t,2123.0,I,seed
231,United States of America,2511,Wheat and products,5527,Seed,2009,1000 t,1989.0,I,seed
231,United States of America,2511,Wheat and products,5527,Seed,2010,1000 t,1979.0,I,seed
231,United States of America,2511,Wheat and products,5527,Seed,2011,1000 t,1930.0,I,seed
231,United States of America,2511,Wheat and products,5142,Food,2006,1000 t,25250.0,I,food
231,United States of America,2511,Wheat and products,5142,Food,2007,1000 t,25793.0,I,food
231,United States of America,2511,Wheat and products,5142,Food,2008,1000 t,25302.0,I,food
231,United States of America,2511,Wheat and products,5142,Food,2009,1000 t,24959.0,I,food
231,United States of America,2511,Wheat and products,5142,Food,2010,1000 t,25167.0,I,food
231,United States of America,2511,Wheat and products,5142,Food,2011,1000 t,25050.0,I,food
234,Uruguay,2511,Wheat and products,5511,Production,2006,1000 t,611.0,I,production
234,Uruguay,2511,Wheat and products,5511,Production,2007,1000 t,697.0,I,production
234,Uruguay,2511,Wheat and products,5511,Production,2008,1000 t,1357.0,I,production
234,Uruguay,2511,Wheat and products,5511,Production,2009,1000 t,1844.0,I,production
234,Uruguay,2511,Wheat and products,5511,Production,2010,1000 t,1301.0,I,production
234,Uruguay,2511,Wheat and products,5511,Production,2011,1000 t,2016.0,I,production
234,Uruguay,2511,Wheat and products,5611,Import Quantity,2006,1000 t,22.0,I,imports
234,Uruguay,2511,Wheat and products,5611,Import Quantity,2007,1000 t,70.0,I,imports
234,Uruguay,2511,Wheat and products,5611,Import Quantity,2008,1000 t,85.0,I,imports
234,Uruguay,2511,Wheat and products,5611,Import Quantity,2009,1000 t,54.0,I,imports
234,Uruguay,2511,Wheat and products,5611,Import Quantity,2010,1000 t,58.0,I,imports
234,Uruguay,2511,Wheat and products,5611,Import Quantity,2011,1000 t,52.0,I,imports
234,Uruguay,2511,Wheat and products,5074,Stock Variation,2006,1000 t,-51.0,I,stock_variation
234,Uruguay,2511,Wheat and products,5074,Stock Variation,2007,1000 t,-136.0,I,stock_variation
234,Uruguay,2511,Wheat and products,5074,Stock Variation,2008,1000 t,-371.0,I,stock_variation
234,Uruguay,2511,Wheat and products,5074,Stock Variation,2009,1000 t,-150.0,I,stock_variation
234,Uruguay,2511,Wheat and products,5074,Stock Variation,2010,1000 t,620.0,I,stock_variation
234,Uruguay,2511,Wheat and products,5074,Stock Variation,2011,1000 t,-333.0,I,stock_variation
234,Uruguay,2511,Wheat and products,5911,Export Quantity,2006,1000 t,137.0,I,exports
234,Uruguay,2511,Wheat and products,5911,Export Quantity,2007,1000 t,147.0,I,exports
234,Uruguay,2511,Wheat and products,5911,Export Quantity,2008,1000 t,496.0,I,exports
234,Uruguay,2511,Wheat and products,5911,Export Quantity,2009,1000 t,1138.0,I,exports
234,Uruguay,2511,Wheat and products,5911,Export Quantity,2010,1000 t,1433.0,I,exports
234,Uruguay,2511,Wheat and products,5911,Export Quantity,2011,1000 t,1123.0,I,exports
234,Uruguay,2511,Wheat and products,5301,Domestic supply quantity,2006,1000 t,445.0,I,domestic_supply
234,Uruguay,2511,Wheat and products,5301,Domestic supply quantity,2007,1000 t,485.0,I,domestic_supply
234,Uruguay,2511,Wheat and products,5301,Domestic supply quantity,2008,1000 t,575.0,I,domestic_supply
234,Uruguay,2511,Wheat and products,5301,Domestic supply quantity,2009,1000 t,611.0,I,domestic_supply
234,Uruguay,2511,Wheat and products,5301,Domestic supply quantity,2010,1000 t,546.0,I,domestic_supply
234,Uruguay,2511,Wheat and products,5301,Domestic supply quantity,2011,1000 t,612.0,I,domestic_supply
234,Uruguay,2511,Wheat and products,5521,Feed,2006,1000 t,25.0,I,feed
234,Uruguay,2511,Wheat and products,5521,Feed,2007,1000 t,30.0,I,feed
234,Uruguay,2511,Wheat and products,5521,Feed,2008,1000 t,75.0,I,feed
234,Uruguay,2511,Wheat and products,5521,Feed,2009,1000 t,102.0,I,feed
234,Uruguay,2511,Wheat and products,5521,Feed,2010,1000 t,25.0,I,feed
234,Uruguay,2511,Wheat and products,5521,Feed,2011,1000 t,85.0,I,feed
234,Uruguay,2511,Wheat and products,5527,Seed,2006,1000 t,27.0,I,seed
234,Uruguay,2511,Wheat and products,5527,Seed,2007,1000 t,52.0,I,seed
234,Uruguay,2511,Wheat and products,5527,Seed,2008,1000 t,61.0,I,seed
234,Uruguay,2511,Wheat and products,5527,Seed,2009,1000 t,44.0,I,seed
234,Uruguay,2511,Wheat and products,5527,Seed,2010,1000 t,65.0,I,seed
234,Uruguay,2511,Wheat and products,5527,Seed,2011,1000 t,65.0,I,seed
234,Uruguay,2511,Wheat and products,5123,Losses,2006,1000 t,31.0,I,losses
234,Uruguay,2511,Wheat and products,5123,Losses,2007,1000 t,37.0,I,losses
234,Uruguay,2511,Wheat and products,5123,Losses,2008,1000 t,71.0,I,losses
234,Uruguay,2511,Wheat and products,5123,Losses,2009,1000 t,94.0,I,losses
234,Uruguay,2511,Wheat and products,5123,Losses,2010,1000 t,98.0,I,losses
234,Uruguay,2511,Wheat and products,5123,Losses,2011,1000 t,101.0,I,losses
234,Uruguay,2511,Wheat and products,5142,Food,2006,1000 t,363.0,I,food
234,Uruguay,2511,Wheat and products,5142,Food,2007,1000 t,365.0,I,food
234,Uruguay,2511,Wheat and products,5142,Food,2008,1000 t,368.0,I,food
234,Uruguay,2511,Wheat and products,5142,Food,2009,1000 t,371.0,I,food
234,Uruguay,2511,Wheat and products,5142,Food,2010,1000 t,358.0,I,food
234,Uruguay,2511,Wheat and products,5142,Food,2011,1000 t,360.0,I,food
235,Uzbekistan,2511,Wheat and products,5511,Production,2006,1000 t,6099.0,I,production
235,Uzbekistan,2511,Wheat and products,5511,Production,2007,1000 t,6197.0,I,production
235,Uzbekistan,2511,Wheat and products,5511,Production,2008,1000 t,6147.0,I,production
235,Uzbekistan,2511,Wheat and products,5511,Production,2009,1000 t,6638.0,I,production
235,Uzbekistan,2511,Wheat and products,5511,Production,2010,1000 t,6730.0,I,production
235,Uzbekistan,2511,Wheat and products,5511,Production,2011,1000 t,6527.0,I,production
235,Uzbekistan,2511,Wheat and products,5611,Import Quantity,2006,1000 t,704.0,I,imports
235,Uzbekistan,2511,Wheat and products,5611,Import Quantity,2007,1000 t,1109.0,I,imports
235,Uzbekistan,2511,Wheat and products,5611,Import Quantity,2008,1000 t,1205.0,I,imports
235,Uzbekistan,2511,Wheat and products,5611,Import Quantity,2009,1000 t,1407.0,I,imports
235,Uzbekistan,2511,Wheat and products,5611,Import Quantity,2010,1000 t,1559.0,I,imports
235,Uzbekistan,2511,Wheat and products,5611,Import Quantity,2011,1000 t,1984.0,I,imports
235,Uzbekistan,2511,Wheat and products,5074,Stock Variation,2006,1000 t,0.0,I,stock_variation
235,Uzbekistan,2511,Wheat and products,5074,Stock Variation,2007,1000 t,0.0,I,stock_variation
235,Uzbekistan,2511,Wheat and products,5074,Stock Variation,2008,1000 t,0.0,I,stock_variation
235,Uzbekistan,2511,Wheat and products,5074,Stock Variation,2009,1000 t,0.0,I,stock_variation
235,Uzbekistan,2511,Wheat and products,5074,Stock Variation,2010,1000 t,0.0,I,stock_variation
235,Uzbekistan,2511,Wheat and products,5074,Stock Variation,2011,1000 t,0.0,I,stock_variation
235,Uzbekistan,2511,Wheat and products,5911,Export Quantity,2006,1000 t,13.0,I,exports
235,Uzbekistan,2511,Wheat and products,5911,Export Quantity,2007,1000 t,14.0,I,exports
235,Uzbekistan,2511,Wheat and products,5911,Export Quantity,2008,1000 t,13.0,I,exports
235,Uzbekistan,2511,Wheat and products,5911,Export Quantity,2009,1000 t,74.0,I,exports
235,Uzbekistan,2511,Wheat and products,5911,Export Quantity,2010,1000 t,137.0,I,exports
235,Uzbekistan,2511,Wheat and products,5911,Export Quantity,2011,1000 t,137.0,I,exports
235,Uzbekistan,2511,Wheat and products,5301,Domestic supply quantity,2006,1000 t,6790.0,I,domestic_supply
235,Uzbekistan,2511,Wheat and products,5301,Domestic supply quantity,2007,1000 t,7293.0,I,domestic_supply
235,Uzbekistan,2511,Wheat and products,5301,Domestic supply quantity,2008,1000 t,7339.0,I,domestic_supply
235,Uzbekistan,2511,Wheat and products,5301,Domestic supply quantity,2009,1000 t,7971.0,I,domestic_supply
235,Uzbekistan,2511,Wheat and products,5301,Domestic supply quantity,2010,1000 t,8153.0,I,domestic_supply
235,Uzbekistan,2511,Wheat and products,5301,Domestic supply quantity,2011,1000 t,8374.0,I,domestic_supply
235,Uzbekistan,2511,Wheat and products,5521,Feed,2006,1000 t,1885.0,I,feed
235,Uzbekistan,2511,Wheat and products,5521,Feed,2007,1000 t,2586.0,I,feed
235,Uzbekistan,2511,Wheat and products,5521,Feed,2008,1000 t,2240.0,I,feed
235,Uzbekistan,2511,Wheat and products,5521,Feed,2009,1000 t,2737.0,I,feed
235,Uzbekistan,2511,Wheat and products,5521,Feed,2010,1000 t,2901.0,I,feed
235,Uzbekistan,2511,Wheat and products,5521,Feed,2011,1000 t,3065.0,I,feed
235,Uzbekistan,2511,Wheat and products,5527,Seed,2006,1000 t,194.0,I,seed
235,Uzbekistan,2511,Wheat and products,5527,Seed,2007,1000 t,193.0,I,seed
235,Uzbekistan,2511,Wheat and products,5527,Seed,2008,1000 t,199.0,I,seed
235,Uzbekistan,2511,Wheat and products,5527,Seed,2009,1000 t,205.0,I,seed
235,Uzbekistan,2511,Wheat and products,5527,Seed,2010,1000 t,187.0,I,seed
235,Uzbekistan,2511,Wheat and products,5527,Seed,2011,1000 t,196.0,I,seed
235,Uzbekistan,2511,Wheat and products,5123,Losses,2006,1000 t,37.0,I,losses
235,Uzbekistan,2511,Wheat and products,5123,Losses,2007,1000 t,36.0,I,losses
235,Uzbekistan,2511,Wheat and products,5123,Losses,2008,1000 t,37.0,I,losses
235,Uzbekistan,2511,Wheat and products,5123,Losses,2009,1000 t,40.0,I,losses
235,Uzbekistan,2511,Wheat and products,5123,Losses,2010,1000 t,39.0,I,losses
235,Uzbekistan,2511,Wheat and products,5123,Losses,2011,1000 t,37.0,I,losses
235,Uzbekistan,2511,Wheat and products,5142,Food,2006,1000 t,4488.0,I,food
235,Uzbekistan,2511,Wheat and products,5142,Food,2007,1000 t,4259.0,I,food
235,Uzbekistan,2511,Wheat and products,5142,Food,2008,1000 t,4619.0,I,food
235,Uzbekistan,2511,Wheat and products,5142,Food,2009,1000 t,4686.0,I,food
235,Uzbekistan,2511,Wheat and products,5142,Food,2010,1000 t,4752.0,I,food
235,Uzbekistan,2511,Wheat and products,5142,Food,2011,1000 t,4802.0,I,food
155,Vanuatu,2511,Wheat and products,5611,Import Quantity,2006,1000 t,10.0,I,imports
155,Vanuatu,2511,Wheat and products,5611,Import Quantity,2007,1000 t,9.0,I,imports
155,Vanuatu,2511,Wheat and products,5611,Import Quantity,2008,1000 t,9.0,I,imports
155,Vanuatu,2511,Wheat and products,5611,Import Quantity,2009,1000 t,10.0,I,imports
155,Vanuatu,2511,Wheat and products,5611,Import Quantity,2010,1000 t,12.0,I,imports
155,Vanuatu,2511,Wheat and products,5611,Import Quantity,2011,1000 t,12.0,I,imports
155,Vanuatu,2511,Wheat and products,5074,Stock Variation,2006,1000 t,-1.0,I,stock_variation
155,Vanuatu,2511,Wheat and products,5074,Stock Variation,2007,1000 t,-1.0,I,stock_variation
155,Vanuatu,2511,Wheat and products,5074,Stock Variation,2008,1000 t,1.0,I,stock_variation
155,Vanuatu,2511,Wheat and products,5074,Stock Variation,2009,1000 t,1.0,I,stock_variation
155,Vanuatu,2511,Wheat and products,5074,Stock Variation,2010,1000 t,0.0,I,stock_variation
155,Vanuatu,2511,Wheat and products,5074,Stock Variation,2011,1000 t,0.0,I,stock_variation
155,Vanuatu,2511,Wheat and products,5911,Export Quantity,2006,1000 t,0.0,I,exports
155,Vanuatu,2511,Wheat and products,5911,Export Quantity,2007,1000 t,0.0,I,exports
155,Vanuatu,2511,Wheat and products,5911,Export Quantity,2008,1000 t,0.0,I,exports
155,Vanuatu,2511,Wheat and products,5911,Export Quantity,2009,1000 t,0.0,I,exports
155,Vanuatu,2511,Wheat and products,5911,Export Quantity,2010,1000 t,0.0,I,exports
155,Vanuatu,2511,Wheat and products,5911,Export Quantity,2011,1000 t,0.0,I,exports
155,Vanuatu,2511,Wheat and products,5301,Domestic supply quantity,2006,1000 t,9.0,I,domestic_supply
155,Vanuatu,2511,Wheat and products,5301,Domestic supply quantity,2007,1000 t,9.0,I,domestic_supply
155,Vanuatu,2511,Wheat and products,5301,Domestic supply quantity,2008,1000 t,10.0,I,domestic_supply
155,Vanuatu,2511,Wheat and products,5301,Domestic supply quantity,2009,1000 t,11.0,I,domestic_supply
155,Vanuatu,2511,Wheat and products,5301,Domestic supply quantity,2010,1000 t,11.0,I,domestic_supply
155,Vanuatu,2511,Wheat and products,5301,Domestic supply quantity,2011,1000 t,12.0,I,domestic_supply
155,Vanuatu,2511,Wheat and products,5123,Losses,2006,1000 t,0.0,I,losses
155,Vanuatu,2511,Wheat and products,5123,Losses,2007,1000 t,0.0,I,losses
155,Vanuatu,2511,Wheat and products,5123,Losses,2008,1000 t,0.0,I,losses
155,Vanuatu,2511,Wheat and products,5123,Losses,2009,1000 t,0.0,I,losses
155,Vanuatu,2511,Wheat and products,5123,Losses,2010,1000 t,0.0,I,losses
155,Vanuatu,2511,Wheat and products,5123,Losses,2011,1000 t,0.0,I,losses
155,Vanuatu,2511,Wheat and products,5142,Food,2006,1000 t,8.0,I,food
155,Vanuatu,2511,Wheat and products,5142,Food,2007,1000 t,8.0,I,food
155,Vanuatu,2511,Wheat and products,5142,Food,2008,1000 t,10.0,I,food
155,Vanuatu,2511,Wheat and products,5142,Food,2009,1000 t,11.0,I,food
155,Vanuatu,2511,Wheat and products,5142,Food,2010,1000 t,11.0,I,food
155,Vanuatu,2511,Wheat and products,5142,Food,2011,1000 t,11.0,I,food
236,Venezuela (Bolivarian Republic of),2511,Wheat and products,5511,Production,2006,1000 t,0.0,I,production
236,Venezuela (Bolivarian Republic of),2511,Wheat and products,5511,Production,2007,1000 t,0.0,I,production
236,Venezuela (Bolivarian Republic of),2511,Wheat and products,5511,Production,2008,1000 t,0.0,I,production
236,Venezuela (Bolivarian Republic of),2511,Wheat and products,5511,Production,2009,1000 t,0.0,I,production
236,Venezuela (Bolivarian Republic of),2511,Wheat and products,5511,Production,2010,1000 t,0.0,I,production
236,Venezuela (Bolivarian Republic of),2511,Wheat and products,5511,Production,2011,1000 t,0.0,I,production
236,Venezuela (Bolivarian Republic of),2511,Wheat and products,5611,Import Quantity,2006,1000 t,1193.0,I,imports
236,Venezuela (Bolivarian Republic of),2511,Wheat and products,5611,Import Quantity,2007,1000 t,1508.0,I,imports
236,Venezuela (Bolivarian Republic of),2511,Wheat and products,5611,Import Quantity,2008,1000 t,1632.0,I,imports
236,Venezuela (Bolivarian Republic of),2511,Wheat and products,5611,Import Quantity,2009,1000 t,1444.0,I,imports
236,Venezuela (Bolivarian Republic of),2511,Wheat and products,5611,Import Quantity,2010,1000 t,1539.0,I,imports
236,Venezuela (Bolivarian Republic of),2511,Wheat and products,5611,Import Quantity,2011,1000 t,1659.0,I,imports
236,Venezuela (Bolivarian Republic of),2511,Wheat and products,5074,Stock Variation,2006,1000 t,1.0,I,stock_variation
236,Venezuela (Bolivarian Republic of),2511,Wheat and products,5074,Stock Variation,2007,1000 t,-47.0,I,stock_variation
236,Venezuela (Bolivarian Republic of),2511,Wheat and products,5074,Stock Variation,2008,1000 t,-110.0,I,stock_variation
236,Venezuela (Bolivarian Republic of),2511,Wheat and products,5074,Stock Variation,2009,1000 t,86.0,I,stock_variation
236,Venezuela (Bolivarian Republic of),2511,Wheat and products,5074,Stock Variation,2010,1000 t,45.0,I,stock_variation
236,Venezuela (Bolivarian Republic of),2511,Wheat and products,5074,Stock Variation,2011,1000 t,1.0,I,stock_variation
236,Venezuela (Bolivarian Republic of),2511,Wheat and products,5911,Export Quantity,2006,1000 t,23.0,I,exports
236,Venezuela (Bolivarian Republic of),2511,Wheat and products,5911,Export Quantity,2007,1000 t,14.0,I,exports
236,Venezuela (Bolivarian Republic of),2511,Wheat and products,5911,Export Quantity,2008,1000 t,3.0,I,exports
236,Venezuela (Bolivarian Republic of),2511,Wheat and products,5911,Export Quantity,2009,1000 t,0.0,I,exports
236,Venezuela (Bolivarian Republic of),2511,Wheat and products,5911,Export Quantity,2010,1000 t,0.0,I,exports
236,Venezuela (Bolivarian Republic of),2511,Wheat and products,5911,Export Quantity,2011,1000 t,0.0,I,exports
236,Venezuela (Bolivarian Republic of),2511,Wheat and products,5301,Domestic supply quantity,2006,1000 t,1172.0,I,domestic_supply
236,Venezuela (Bolivarian Republic of),2511,Wheat and products,5301,Domestic supply quantity,2007,1000 t,1447.0,I,domestic_supply
236,Venezuela (Bolivarian Republic of),2511,Wheat and products,5301,Domestic supply quantity,2008,1000 t,1519.0,I,domestic_supply
236,Venezuela (Bolivarian Republic of),2511,Wheat and products,5301,Domestic supply quantity,2009,1000 t,1530.0,I,domestic_supply
236,Venezuela (Bolivarian Republic of),2511,Wheat and products,5301,Domestic supply quantity,2010,1000 t,1584.0,I,domestic_supply
236,Venezuela (Bolivarian Republic of),2511,Wheat and products,5301,Domestic supply quantity,2011,1000 t,1660.0,I,domestic_supply
236,Venezuela (Bolivarian Republic of),2511,Wheat and products,5521,Feed,2006,1000 t,1.0,I,feed
236,Venezuela (Bolivarian Republic of),2511,Wheat and products,5521,Feed,2007,1000 t,0.0,I,feed
236,Venezuela (Bolivarian Republic of),2511,Wheat and products,5521,Feed,2008,1000 t,1.0,I,feed
236,Venezuela (Bolivarian Republic of),2511,Wheat and products,5521,Feed,2009,1000 t,0.0,I,feed
236,Venezuela (Bolivarian Republic of),2511,Wheat and products,5521,Feed,2010,1000 t,0.0,I,feed
236,Venezuela (Bolivarian Republic of),2511,Wheat and products,5521,Feed,2011,1000 t,0.0,I,feed
236,Venezuela (Bolivarian Republic of),2511,Wheat and products,5527,Seed,2006,1000 t,0.0,I,seed
236,Venezuela (Bolivarian Republic of),2511,Wheat and products,5527,Seed,2007,1000 t,0.0,I,seed
236,Venezuela (Bolivarian Republic of),2511,Wheat and products,5527,Seed,2008,1000 t,0.0,I,seed
236,Venezuela (Bolivarian Republic of),2511,Wheat and products,5527,Seed,2009,1000 t,0.0,I,seed
236,Venezuela (Bolivarian Republic of),2511,Wheat and products,5527,Seed,2010,1000 t,0.0,I,seed
236,Venezuela (Bolivarian Republic of),2511,Wheat and products,5527,Seed,2011,1000 t,0.0,I,seed
236,Venezuela (Bolivarian Republic of),2511,Wheat and products,5123,Losses,2006,1000 t,34.0,I,losses
236,Venezuela (Bolivarian Republic of),2511,Wheat and products,5123,Losses,2007,1000 t,44.0,I,losses
236,Venezuela (Bolivarian Republic of),2511,Wheat and products,5123,Losses,2008,1000 t,46.0,I,losses
236,Venezuela (Bolivarian Republic of),2511,Wheat and products,5123,Losses,2009,1000 t,41.0,I,losses
236,Venezuela (Bolivarian Republic of),2511,Wheat and products,5123,Losses,2010,1000 t,45.0,I,losses
236,Venezuela (Bolivarian Republic of),2511,Wheat and products,5123,Losses,2011,1000 t,48.0,I,losses
236,Venezuela (Bolivarian Republic of),2511,Wheat and products,5142,Food,2006,1000 t,1140.0,I,food
236,Venezuela (Bolivarian Republic of),2511,Wheat and products,5142,Food,2007,1000 t,1402.0,I,food
236,Venezuela (Bolivarian Republic of),2511,Wheat and products,5142,Food,2008,1000 t,1472.0,I,food
236,Venezuela (Bolivarian Republic of),2511,Wheat and products,5142,Food,2009,1000 t,1488.0,I,food
236,Venezuela (Bolivarian Republic of),2511,Wheat and products,5142,Food,2010,1000 t,1539.0,I,food
236,Venezuela (Bolivarian Republic of),2511,Wheat and products,5142,Food,2011,1000 t,1611.0,I,food
237,Viet Nam,2511,Wheat and products,5611,Import Quantity,2006,1000 t,1291.0,I,imports
237,Viet Nam,2511,Wheat and products,5611,Import Quantity,2007,1000 t,1343.0,I,imports
237,Viet Nam,2511,Wheat and products,5611,Import Quantity,2008,1000 t,812.0,I,imports
237,Viet Nam,2511,Wheat and products,5611,Import Quantity,2009,1000 t,1435.0,I,imports
237,Viet Nam,2511,Wheat and products,5611,Import Quantity,2010,1000 t,2296.0,I,imports
237,Viet Nam,2511,Wheat and products,5611,Import Quantity,2011,1000 t,2487.0,I,imports
237,Viet Nam,2511,Wheat and products,5074,Stock Variation,2006,1000 t,-42.0,I,stock_variation
237,Viet Nam,2511,Wheat and products,5074,Stock Variation,2007,1000 t,-100.0,I,stock_variation
237,Viet Nam,2511,Wheat and products,5074,Stock Variation,2008,1000 t,400.0,I,stock_variation
237,Viet Nam,2511,Wheat and products,5074,Stock Variation,2009,1000 t,200.0,I,stock_variation
237,Viet Nam,2511,Wheat and products,5074,Stock Variation,2010,1000 t,-416.0,I,stock_variation
237,Viet Nam,2511,Wheat and products,5074,Stock Variation,2011,1000 t,-300.0,I,stock_variation
237,Viet Nam,2511,Wheat and products,5911,Export Quantity,2006,1000 t,56.0,I,exports
237,Viet Nam,2511,Wheat and products,5911,Export Quantity,2007,1000 t,44.0,I,exports
237,Viet Nam,2511,Wheat and products,5911,Export Quantity,2008,1000 t,46.0,I,exports
237,Viet Nam,2511,Wheat and products,5911,Export Quantity,2009,1000 t,51.0,I,exports
237,Viet Nam,2511,Wheat and products,5911,Export Quantity,2010,1000 t,53.0,I,exports
237,Viet Nam,2511,Wheat and products,5911,Export Quantity,2011,1000 t,67.0,I,exports
237,Viet Nam,2511,Wheat and products,5301,Domestic supply quantity,2006,1000 t,1193.0,I,domestic_supply
237,Viet Nam,2511,Wheat and products,5301,Domestic supply quantity,2007,1000 t,1198.0,I,domestic_supply
237,Viet Nam,2511,Wheat and products,5301,Domestic supply quantity,2008,1000 t,1166.0,I,domestic_supply
237,Viet Nam,2511,Wheat and products,5301,Domestic supply quantity,2009,1000 t,1584.0,I,domestic_supply
237,Viet Nam,2511,Wheat and products,5301,Domestic supply quantity,2010,1000 t,1827.0,I,domestic_supply
237,Viet Nam,2511,Wheat and products,5301,Domestic supply quantity,2011,1000 t,2120.0,I,domestic_supply
237,Viet Nam,2511,Wheat and products,5521,Feed,2006,1000 t,325.0,I,feed
237,Viet Nam,2511,Wheat and products,5521,Feed,2007,1000 t,300.0,I,feed
237,Viet Nam,2511,Wheat and products,5521,Feed,2008,1000 t,200.0,I,feed
237,Viet Nam,2511,Wheat and products,5521,Feed,2009,1000 t,750.0,I,feed
237,Viet Nam,2511,Wheat and products,5521,Feed,2010,1000 t,850.0,I,feed
237,Viet Nam,2511,Wheat and products,5521,Feed,2011,1000 t,1100.0,I,feed
237,Viet Nam,2511,Wheat and products,5123,Losses,2006,1000 t,21.0,I,losses
237,Viet Nam,2511,Wheat and products,5123,Losses,2007,1000 t,21.0,I,losses
237,Viet Nam,2511,Wheat and products,5123,Losses,2008,1000 t,21.0,I,losses
237,Viet Nam,2511,Wheat and products,5123,Losses,2009,1000 t,24.0,I,losses
237,Viet Nam,2511,Wheat and products,5123,Losses,2010,1000 t,32.0,I,losses
237,Viet Nam,2511,Wheat and products,5123,Losses,2011,1000 t,35.0,I,losses
237,Viet Nam,2511,Wheat and products,5142,Food,2006,1000 t,846.0,I,food
237,Viet Nam,2511,Wheat and products,5142,Food,2007,1000 t,877.0,I,food
237,Viet Nam,2511,Wheat and products,5142,Food,2008,1000 t,945.0,I,food
237,Viet Nam,2511,Wheat and products,5142,Food,2009,1000 t,810.0,I,food
237,Viet Nam,2511,Wheat and products,5142,Food,2010,1000 t,945.0,I,food
237,Viet Nam,2511,Wheat and products,5142,Food,2011,1000 t,985.0,I,food
249,Yemen,2511,Wheat and products,5511,Production,2006,1000 t,149.0,I,production
249,Yemen,2511,Wheat and products,5511,Production,2007,1000 t,219.0,I,production
249,Yemen,2511,Wheat and products,5511,Production,2008,1000 t,170.0,I,production
249,Yemen,2511,Wheat and products,5511,Production,2009,1000 t,222.0,I,production
249,Yemen,2511,Wheat and products,5511,Production,2010,1000 t,265.0,I,production
249,Yemen,2511,Wheat and products,5511,Production,2011,1000 t,232.0,I,production
249,Yemen,2511,Wheat and products,5611,Import Quantity,2006,1000 t,2576.0,I,imports
249,Yemen,2511,Wheat and products,5611,Import Quantity,2007,1000 t,2458.0,I,imports
249,Yemen,2511,Wheat and products,5611,Import Quantity,2008,1000 t,2224.0,I,imports
249,Yemen,2511,Wheat and products,5611,Import Quantity,2009,1000 t,2911.0,I,imports
249,Yemen,2511,Wheat and products,5611,Import Quantity,2010,1000 t,2843.0,I,imports
249,Yemen,2511,Wheat and products,5611,Import Quantity,2011,1000 t,2807.0,I,imports
249,Yemen,2511,Wheat and products,5074,Stock Variation,2006,1000 t,-400.0,I,stock_variation
249,Yemen,2511,Wheat and products,5074,Stock Variation,2007,1000 t,-310.0,I,stock_variation
249,Yemen,2511,Wheat and products,5074,Stock Variation,2008,1000 t,90.0,I,stock_variation
249,Yemen,2511,Wheat and products,5074,Stock Variation,2009,1000 t,-450.0,I,stock_variation
249,Yemen,2511,Wheat and products,5074,Stock Variation,2010,1000 t,-420.0,I,stock_variation
249,Yemen,2511,Wheat and products,5074,Stock Variation,2011,1000 t,-69.0,I,stock_variation
249,Yemen,2511,Wheat and products,5911,Export Quantity,2006,1000 t,65.0,I,exports
249,Yemen,2511,Wheat and products,5911,Export Quantity,2007,1000 t,16.0,I,exports
249,Yemen,2511,Wheat and products,5911,Export Quantity,2008,1000 t,89.0,I,exports
249,Yemen,2511,Wheat and products,5911,Export Quantity,2009,1000 t,116.0,I,exports
249,Yemen,2511,Wheat and products,5911,Export Quantity,2010,1000 t,8.0,I,exports
249,Yemen,2511,Wheat and products,5911,Export Quantity,2011,1000 t,116.0,I,exports
249,Yemen,2511,Wheat and products,5301,Domestic supply quantity,2006,1000 t,2260.0,I,domestic_supply
249,Yemen,2511,Wheat and products,5301,Domestic supply quantity,2007,1000 t,2350.0,I,domestic_supply
249,Yemen,2511,Wheat and products,5301,Domestic supply quantity,2008,1000 t,2396.0,I,domestic_supply
249,Yemen,2511,Wheat and products,5301,Domestic supply quantity,2009,1000 t,2567.0,I,domestic_supply
249,Yemen,2511,Wheat and products,5301,Domestic supply quantity,2010,1000 t,2681.0,I,domestic_supply
249,Yemen,2511,Wheat and products,5301,Domestic supply quantity,2011,1000 t,2855.0,I,domestic_supply
249,Yemen,2511,Wheat and products,5527,Seed,2006,1000 t,11.0,I,seed
249,Yemen,2511,Wheat and products,5527,Seed,2007,1000 t,10.0,I,seed
249,Yemen,2511,Wheat and products,5527,Seed,2008,1000 t,9.0,I,seed
249,Yemen,2511,Wheat and products,5527,Seed,2009,1000 t,12.0,I,seed
249,Yemen,2511,Wheat and products,5527,Seed,2010,1000 t,10.0,I,seed
249,Yemen,2511,Wheat and products,5527,Seed,2011,1000 t,11.0,I,seed
249,Yemen,2511,Wheat and products,5123,Losses,2006,1000 t,79.0,I,losses
249,Yemen,2511,Wheat and products,5123,Losses,2007,1000 t,77.0,I,losses
249,Yemen,2511,Wheat and products,5123,Losses,2008,1000 t,69.0,I,losses
249,Yemen,2511,Wheat and products,5123,Losses,2009,1000 t,91.0,I,losses
249,Yemen,2511,Wheat and products,5123,Losses,2010,1000 t,91.0,I,losses
249,Yemen,2511,Wheat and products,5123,Losses,2011,1000 t,88.0,I,losses
249,Yemen,2511,Wheat and products,5142,Food,2006,1000 t,2169.0,I,food
249,Yemen,2511,Wheat and products,5142,Food,2007,1000 t,2262.0,I,food
249,Yemen,2511,Wheat and products,5142,Food,2008,1000 t,2318.0,I,food
249,Yemen,2511,Wheat and products,5142,Food,2009,1000 t,2464.0,I,food
249,Yemen,2511,Wheat and products,5142,Food,2010,1000 t,2580.0,I,food
249,Yemen,2511,Wheat and products,5142,Food,2011,1000 t,2756.0,I,food
251,Zambia,2511,Wheat and products,5511,Production,2006,1000 t,94.0,I,production
251,Zambia,2511,Wheat and products,5511,Production,2007,1000 t,116.0,I,production
251,Zambia,2511,Wheat and products,5511,Production,2008,1000 t,113.0,I,production
251,Zambia,2511,Wheat and products,5511,Production,2009,1000 t,195.0,I,production
251,Zambia,2511,Wheat and products,5511,Production,2010,1000 t,172.0,I,production
251,Zambia,2511,Wheat and products,5511,Production,2011,1000 t,237.0,I,production
251,Zambia,2511,Wheat and products,5611,Import Quantity,2006,1000 t,105.0,I,imports
251,Zambia,2511,Wheat and products,5611,Import Quantity,2007,1000 t,41.0,I,imports
251,Zambia,2511,Wheat and products,5611,Import Quantity,2008,1000 t,37.0,I,imports
251,Zambia,2511,Wheat and products,5611,Import Quantity,2009,1000 t,23.0,I,imports
251,Zambia,2511,Wheat and products,5611,Import Quantity,2010,1000 t,6.0,I,imports
251,Zambia,2511,Wheat and products,5611,Import Quantity,2011,1000 t,25.0,I,imports
251,Zambia,2511,Wheat and products,5074,Stock Variation,2006,1000 t,4.0,I,stock_variation
251,Zambia,2511,Wheat and products,5074,Stock Variation,2007,1000 t,47.0,I,stock_variation
251,Zambia,2511,Wheat and products,5074,Stock Variation,2008,1000 t,58.0,I,stock_variation
251,Zambia,2511,Wheat and products,5074,Stock Variation,2009,1000 t,3.0,I,stock_variation
251,Zambia,2511,Wheat and products,5074,Stock Variation,2010,1000 t,5.0,I,stock_variation
251,Zambia,2511,Wheat and products,5074,Stock Variation,2011,1000 t,-18.0,I,stock_variation
251,Zambia,2511,Wheat and products,5911,Export Quantity,2006,1000 t,29.0,I,exports
251,Zambia,2511,Wheat and products,5911,Export Quantity,2007,1000 t,33.0,I,exports
251,Zambia,2511,Wheat and products,5911,Export Quantity,2008,1000 t,43.0,I,exports
251,Zambia,2511,Wheat and products,5911,Export Quantity,2009,1000 t,52.0,I,exports
251,Zambia,2511,Wheat and products,5911,Export Quantity,2010,1000 t,70.0,I,exports
251,Zambia,2511,Wheat and products,5911,Export Quantity,2011,1000 t,67.0,I,exports
251,Zambia,2511,Wheat and products,5301,Domestic supply quantity,2006,1000 t,174.0,I,domestic_supply
251,Zambia,2511,Wheat and products,5301,Domestic supply quantity,2007,1000 t,170.0,I,domestic_supply
251,Zambia,2511,Wheat and products,5301,Domestic supply quantity,2008,1000 t,165.0,I,domestic_supply
251,Zambia,2511,Wheat and products,5301,Domestic supply quantity,2009,1000 t,170.0,I,domestic_supply
251,Zambia,2511,Wheat and products,5301,Domestic supply quantity,2010,1000 t,113.0,I,domestic_supply
251,Zambia,2511,Wheat and products,5301,Domestic supply quantity,2011,1000 t,177.0,I,domestic_supply
251,Zambia,2511,Wheat and products,5527,Seed,2006,1000 t,2.0,I,seed
251,Zambia,2511,Wheat and products,5527,Seed,2007,1000 t,1.0,I,seed
251,Zambia,2511,Wheat and products,5527,Seed,2008,1000 t,3.0,I,seed
251,Zambia,2511,Wheat and products,5527,Seed,2009,1000 t,2.0,I,seed
251,Zambia,2511,Wheat and products,5527,Seed,2010,1000 t,3.0,I,seed
251,Zambia,2511,Wheat and products,5527,Seed,2011,1000 t,3.0,I,seed
251,Zambia,2511,Wheat and products,5123,Losses,2006,1000 t,4.0,I,losses
251,Zambia,2511,Wheat and products,5123,Losses,2007,1000 t,4.0,I,losses
251,Zambia,2511,Wheat and products,5123,Losses,2008,1000 t,4.0,I,losses
251,Zambia,2511,Wheat and products,5123,Losses,2009,1000 t,4.0,I,losses
251,Zambia,2511,Wheat and products,5123,Losses,2010,1000 t,3.0,I,losses
251,Zambia,2511,Wheat and products,5123,Losses,2011,1000 t,5.0,I,losses
251,Zambia,2511,Wheat and products,5142,Food,2006,1000 t,168.0,I,food
251,Zambia,2511,Wheat and products,5142,Food,2007,1000 t,164.0,I,food
251,Zambia,2511,Wheat and products,5142,Food,2008,1000 t,156.0,I,food
251,Zambia,2511,Wheat and products,5142,Food,2009,1000 t,157.0,I,food
251,Zambia,2511,Wheat and products,5142,Food,2010,1000 t,106.0,I,food
251,Zambia,2511,Wheat and products,5142,Food,2011,1000 t,150.0,I,food
181,Zimbabwe,2511,Wheat and products,5511,Production,2006,1000 t,242.0,I,production
181,Zimbabwe,2511,Wheat and products,5511,Production,2007,1000 t,149.0,I,production
181,Zimbabwe,2511,Wheat and products,5511,Production,2008,1000 t,31.0,I,production
181,Zimbabwe,2511,Wheat and products,5511,Production,2009,1000 t,12.0,I,production
181,Zimbabwe,2511,Wheat and products,5511,Production,2010,1000 t,18.0,I,production
181,Zimbabwe,2511,Wheat and products,5511,Production,2011,1000 t,23.0,I,production
181,Zimbabwe,2511,Wheat and products,5611,Import Quantity,2006,1000 t,150.0,I,imports
181,Zimbabwe,2511,Wheat and products,5611,Import Quantity,2007,1000 t,195.0,I,imports
181,Zimbabwe,2511,Wheat and products,5611,Import Quantity,2008,1000 t,151.0,I,imports
181,Zimbabwe,2511,Wheat and products,5611,Import Quantity,2009,1000 t,456.0,I,imports
181,Zimbabwe,2511,Wheat and products,5611,Import Quantity,2010,1000 t,528.0,I,imports
181,Zimbabwe,2511,Wheat and products,5611,Import Quantity,2011,1000 t,548.0,I,imports
181,Zimbabwe,2511,Wheat and products,5074,Stock Variation,2006,1000 t,-45.0,I,stock_variation
181,Zimbabwe,2511,Wheat and products,5074,Stock Variation,2007,1000 t,33.0,I,stock_variation
181,Zimbabwe,2511,Wheat and products,5074,Stock Variation,2008,1000 t,203.0,I,stock_variation
181,Zimbabwe,2511,Wheat and products,5074,Stock Variation,2009,1000 t,-47.0,I,stock_variation
181,Zimbabwe,2511,Wheat and products,5074,Stock Variation,2010,1000 t,-153.0,I,stock_variation
181,Zimbabwe,2511,Wheat and products,5074,Stock Variation,2011,1000 t,-163.0,I,stock_variation
181,Zimbabwe,2511,Wheat and products,5911,Export Quantity,2006,1000 t,2.0,I,exports
181,Zimbabwe,2511,Wheat and products,5911,Export Quantity,2007,1000 t,3.0,I,exports
181,Zimbabwe,2511,Wheat and products,5911,Export Quantity,2008,1000 t,2.0,I,exports
181,Zimbabwe,2511,Wheat and products,5911,Export Quantity,2009,1000 t,1.0,I,exports
181,Zimbabwe,2511,Wheat and products,5911,Export Quantity,2010,1000 t,1.0,I,exports
181,Zimbabwe,2511,Wheat and products,5911,Export Quantity,2011,1000 t,1.0,I,exports
181,Zimbabwe,2511,Wheat and products,5301,Domestic supply quantity,2006,1000 t,344.0,I,domestic_supply
181,Zimbabwe,2511,Wheat and products,5301,Domestic supply quantity,2007,1000 t,374.0,I,domestic_supply
181,Zimbabwe,2511,Wheat and products,5301,Domestic supply quantity,2008,1000 t,383.0,I,domestic_supply
181,Zimbabwe,2511,Wheat and products,5301,Domestic supply quantity,2009,1000 t,420.0,I,domestic_supply
181,Zimbabwe,2511,Wheat and products,5301,Domestic supply quantity,2010,1000 t,393.0,I,domestic_supply
181,Zimbabwe,2511,Wheat and products,5301,Domestic supply quantity,2011,1000 t,406.0,I,domestic_supply
181,Zimbabwe,2511,Wheat and products,5527,Seed,2006,1000 t,5.0,I,seed
181,Zimbabwe,2511,Wheat and products,5527,Seed,2007,1000 t,1.0,I,seed
181,Zimbabwe,2511,Wheat and products,5527,Seed,2008,1000 t,0.0,I,seed
181,Zimbabwe,2511,Wheat and products,5527,Seed,2009,1000 t,1.0,I,seed
181,Zimbabwe,2511,Wheat and products,5527,Seed,2010,1000 t,1.0,I,seed
181,Zimbabwe,2511,Wheat and products,5527,Seed,2011,1000 t,1.0,I,seed
181,Zimbabwe,2511,Wheat and products,5123,Losses,2006,1000 t,10.0,I,losses
181,Zimbabwe,2511,Wheat and products,5123,Losses,2007,1000 t,8.0,I,losses
181,Zimbabwe,2511,Wheat and products,5123,Losses,2008,1000 t,9.0,I,losses
181,Zimbabwe,2511,Wheat and products,5123,Losses,2009,1000 t,8.0,I,losses
181,Zimbabwe,2511,Wheat and products,5123,Losses,2010,1000 t,11.0,I,losses
181,Zimbabwe,2511,Wheat and products,5123,Losses,2011,1000 t,9.0,I,losses
181,Zimbabwe,2511,Wheat and products,5142,Food,2006,1000 t,329.0,I,food
181,Zimbabwe,2511,Wheat and products,5142,Food,2007,1000 t,364.0,I,food
181,Zimbabwe,2511,Wheat and products,5142,Food,2008,1000 t,371.0,I,food
181,Zimbabwe,2511,Wheat and products,5142,Food,2009,1000 t,411.0,I,food
181,Zimbabwe,2511,Wheat and products,5142,Food,2010,1000 t,380.0,I,food
181,Zimbabwe,2511,Wheat and products,5142,Food,2011,1000 t,395.0,I,food
5000,World,2511,Wheat and products,5511,Production,2006,1000 t,597205.0,E,production
5000,World,2511,Wheat and products,5511,Production,2007,1000 t,608672.0,E,production
5000,World,2511,Wheat and products,5511,Production,2008,1000 t,680911.0,E,production
5000,World,2511,Wheat and products,5511,Production,2009,1000 t,683043.0,E,production
5000,World,2511,Wheat and products,5511,Production,2010,1000 t,646386.0,E,production
5000,World,2511,Wheat and products,5511,Production,2011,1000 t,692023.0,E,production
5000,World,2511,Wheat and products,5611,Import Quantity,2006,1000 t,149409.0,E,imports
5000,World,2511,Wheat and products,5611,Import Quantity,2007,1000 t,149207.0,E,imports
5000,World,2511,Wheat and products,5611,Import Quantity,2008,1000 t,154009.0,E,imports
5000,World,2511,Wheat and products,5611,Import Quantity,2009,1000 t,170724.0,E,imports
5000,World,2511,Wheat and products,5611,Import Quantity,2010,1000 t,170883.0,E,imports
5000,World,2511,Wheat and products,5611,Import Quantity,2011,1000 t,178534.0,E,imports
5000,World,2511,Wheat and products,5074,Stock Variation,2006,1000 t,21926.0,E,stock_variation
5000,World,2511,Wheat and products,5074,Stock Variation,2007,1000 t,5933.0,E,stock_variation
5000,World,2511,Wheat and products,5074,Stock Variation,2008,1000 t,-29392.0,E,stock_variation
5000,World,2511,Wheat and products,5074,Stock Variation,2009,1000 t,-33389.0,E,stock_variation
5000,World,2511,Wheat and products,5074,Stock Variation,2010,1000 t,-2137.0,E,stock_variation
5000,World,2511,Wheat and products,5074,Stock Variation,2011,1000 t,-19536.0,E,stock_variation
5000,World,2511,Wheat and products,5911,Export Quantity,2006,1000 t,154121.0,E,exports
5000,World,2511,Wheat and products,5911,Export Quantity,2007,1000 t,154907.0,E,exports
5000,World,2511,Wheat and products,5911,Export Quantity,2008,1000 t,159490.0,E,exports
5000,World,2511,Wheat and products,5911,Export Quantity,2009,1000 t,176163.0,E,exports
5000,World,2511,Wheat and products,5911,Export Quantity,2010,1000 t,176979.0,E,exports
5000,World,2511,Wheat and products,5911,Export Quantity,2011,1000 t,182996.0,E,exports
5000,World,2511,Wheat and products,5301,Domestic supply quantity,2006,1000 t,614419.0,E,domestic_supply
5000,World,2511,Wheat and products,5301,Domestic supply quantity,2007,1000 t,608905.0,E,domestic_supply
5000,World,2511,Wheat and products,5301,Domestic supply quantity,2008,1000 t,646037.0,E,domestic_supply
5000,World,2511,Wheat and products,5301,Domestic supply quantity,2009,1000 t,644215.0,E,domestic_supply
5000,World,2511,Wheat and products,5301,Domestic supply quantity,2010,1000 t,638153.0,E,domestic_supply
5000,World,2511,Wheat and products,5301,Domestic supply quantity,2011,1000 t,668025.0,E,domestic_supply
5000,World,2511,Wheat and products,5521,Feed,2006,1000 t,109394.0,E,feed
5000,World,2511,Wheat and products,5521,Feed,2007,1000 t,99124.0,E,feed
5000,World,2511,Wheat and products,5521,Feed,2008,1000 t,129825.0,E,feed
5000,World,2511,Wheat and products,5521,Feed,2009,1000 t,122739.0,E,feed
5000,World,2511,Wheat and products,5521,Feed,2010,1000 t,106617.0,E,feed
5000,World,2511,Wheat and products,5521,Feed,2011,1000 t,132917.0,E,feed
5000,World,2511,Wheat and products,5527,Seed,2006,1000 t,33405.0,E,seed
5000,World,2511,Wheat and products,5527,Seed,2007,1000 t,34360.0,E,seed
5000,World,2511,Wheat and products,5527,Seed,2008,1000 t,34714.0,E,seed
5000,World,2511,Wheat and products,5527,Seed,2009,1000 t,34890.0,E,seed
5000,World,2511,Wheat and products,5527,Seed,2010,1000 t,34472.0,E,seed
5000,World,2511,Wheat and products,5527,Seed,2011,1000 t,33910.0,E,seed
5000,World,2511,Wheat and products,5123,Losses,2006,1000 t,22803.0,E,losses
5000,World,2511,Wheat and products,5123,Losses,2007,1000 t,22685.0,E,losses
5000,World,2511,Wheat and products,5123,Losses,2008,1000 t,24449.0,E,losses
5000,World,2511,Wheat and products,5123,Losses,2009,1000 t,25514.0,E,losses
5000,World,2511,Wheat and products,5123,Losses,2010,1000 t,25357.0,E,losses
5000,World,2511,Wheat and products,5123,Losses,2011,1000 t,26341.0,E,losses
5000,World,2511,Wheat and products,5142,Food,2006,1000 t,429319.0,E,food
5000,World,2511,Wheat and products,5142,Food,2007,1000 t,431674.0,E,food
5000,World,2511,Wheat and products,5142,Food,2008,1000 t,433994.0,E,food
5000,World,2511,Wheat and products,5142,Food,2009,1000 t,436164.0,E,food
5000,World,2511,Wheat and products,5142,Food,2010,1000 t,445005.0,E,food
5000,World,2511,Wheat and products,5142,Food,2011,1000 t,446932.0,E,food
5100,Africa,2511,Wheat and products,5511,Production,2006,1000 t,24480.0,E,production
5100,Africa,2511,Wheat and products,5511,Production,2007,1000 t,18725.0,E,production
5100,Africa,2511,Wheat and products,5511,Production,2008,1000 t,19555.0,E,production
5100,Africa,2511,Wheat and products,5511,Production,2009,1000 t,25950.0,E,production
5100,Africa,2511,Wheat and products,5511,Production,2010,1000 t,21256.0,E,production
5100,Africa,2511,Wheat and products,5511,Production,2011,1000 t,24835.0,E,production
5100,Africa,2511,Wheat and products,5611,Import Quantity,2006,1000 t,29606.0,E,imports
5100,Africa,2511,Wheat and products,5611,Import Quantity,2007,1000 t,31337.0,E,imports
5100,Africa,2511,Wheat and products,5611,Import Quantity,2008,1000 t,34212.0,E,imports
5100,Africa,2511,Wheat and products,5611,Import Quantity,2009,1000 t,36058.0,E,imports
5100,Africa,2511,Wheat and products,5611,Import Quantity,2010,1000 t,38765.0,E,imports
5100,Africa,2511,Wheat and products,5611,Import Quantity,2011,1000 t,42002.0,E,imports
5100,Africa,2511,Wheat and products,5074,Stock Variation,2006,1000 t,-3055.0,E,stock_variation
5100,Africa,2511,Wheat and products,5074,Stock Variation,2007,1000 t,1755.0,E,stock_variation
5100,Africa,2511,Wheat and products,5074,Stock Variation,2008,1000 t,146.0,E,stock_variation
5100,Africa,2511,Wheat and products,5074,Stock Variation,2009,1000 t,-3528.0,E,stock_variation
5100,Africa,2511,Wheat and products,5074,Stock Variation,2010,1000 t,-445.0,E,stock_variation
5100,Africa,2511,Wheat and products,5074,Stock Variation,2011,1000 t,-4396.0,E,stock_variation
5100,Africa,2511,Wheat and products,5911,Export Quantity,2006,1000 t,529.0,E,exports
5100,Africa,2511,Wheat and products,5911,Export Quantity,2007,1000 t,840.0,E,exports
5100,Africa,2511,Wheat and products,5911,Export Quantity,2008,1000 t,808.0,E,exports
5100,Africa,2511,Wheat and products,5911,Export Quantity,2009,1000 t,923.0,E,exports
5100,Africa,2511,Wheat and products,5911,Export Quantity,2010,1000 t,1148.0,E,exports
5100,Africa,2511,Wheat and products,5911,Export Quantity,2011,1000 t,1171.0,E,exports
5100,Africa,2511,Wheat and products,5301,Domestic supply quantity,2006,1000 t,50503.0,E,domestic_supply
5100,Africa,2511,Wheat and products,5301,Domestic supply quantity,2007,1000 t,50978.0,E,domestic_supply
5100,Africa,2511,Wheat and products,5301,Domestic supply quantity,2008,1000 t,53105.0,E,domestic_supply
5100,Africa,2511,Wheat and products,5301,Domestic supply quantity,2009,1000 t,57556.0,E,domestic_supply
5100,Africa,2511,Wheat and products,5301,Domestic supply quantity,2010,1000 t,58428.0,E,domestic_supply
5100,Africa,2511,Wheat and products,5301,Domestic supply quantity,2011,1000 t,61270.0,E,domestic_supply
5100,Africa,2511,Wheat and products,5521,Feed,2006,1000 t,4723.0,E,feed
5100,Africa,2511,Wheat and products,5521,Feed,2007,1000 t,4602.0,E,feed
5100,Africa,2511,Wheat and products,5521,Feed,2008,1000 t,4996.0,E,feed
5100,Africa,2511,Wheat and products,5521,Feed,2009,1000 t,5592.0,E,feed
5100,Africa,2511,Wheat and products,5521,Feed,2010,1000 t,5637.0,E,feed
5100,Africa,2511,Wheat and products,5521,Feed,2011,1000 t,6262.0,E,feed
5100,Africa,2511,Wheat and products,5527,Seed,2006,1000 t,886.0,E,seed
5100,Africa,2511,Wheat and products,5527,Seed,2007,1000 t,918.0,E,seed
5100,Africa,2511,Wheat and products,5527,Seed,2008,1000 t,998.0,E,seed
5100,Africa,2511,Wheat and products,5527,Seed,2009,1000 t,926.0,E,seed
5100,Africa,2511,Wheat and products,5527,Seed,2010,1000 t,981.0,E,seed
5100,Africa,2511,Wheat and products,5527,Seed,2011,1000 t,972.0,E,seed
5100,Africa,2511,Wheat and products,5123,Losses,2006,1000 t,3845.0,E,losses
5100,Africa,2511,Wheat and products,5123,Losses,2007,1000 t,3745.0,E,losses
5100,Africa,2511,Wheat and products,5123,Losses,2008,1000 t,3931.0,E,losses
5100,Africa,2511,Wheat and products,5123,Losses,2009,1000 t,4303.0,E,losses
5100,Africa,2511,Wheat and products,5123,Losses,2010,1000 t,4232.0,E,losses
5100,Africa,2511,Wheat and products,5123,Losses,2011,1000 t,4554.0,E,losses
5100,Africa,2511,Wheat and products,5142,Food,2006,1000 t,40850.0,E,food
5100,Africa,2511,Wheat and products,5142,Food,2007,1000 t,41266.0,E,food
5100,Africa,2511,Wheat and products,5142,Food,2008,1000 t,42226.0,E,food
5100,Africa,2511,Wheat and products,5142,Food,2009,1000 t,44839.0,E,food
5100,Africa,2511,Wheat and products,5142,Food,2010,1000 t,45256.0,E,food
5100,Africa,2511,Wheat and products,5142,Food,2011,1000 t,46714.0,E,food
5101,Eastern Africa,2511,Wheat and products,5511,Production,2006,1000 t,3052.0,E,production
5101,Eastern Africa,2511,Wheat and products,5511,Production,2007,1000 t,3202.0,E,production
5101,Eastern Africa,2511,Wheat and products,5511,Production,2008,1000 t,2951.0,E,production
5101,Eastern Africa,2511,Wheat and products,5511,Production,2009,1000 t,3706.0,E,production
5101,Eastern Africa,2511,Wheat and products,5511,Production,2010,1000 t,3750.0,E,production
5101,Eastern Africa,2511,Wheat and products,5511,Production,2011,1000 t,3704.0,E,production
5101,Eastern Africa,2511,Wheat and products,5611,Import Quantity,2006,1000 t,3614.0,E,imports
5101,Eastern Africa,2511,Wheat and products,5611,Import Quantity,2007,1000 t,3622.0,E,imports
5101,Eastern Africa,2511,Wheat and products,5611,Import Quantity,2008,1000 t,3770.0,E,imports
5101,Eastern Africa,2511,Wheat and products,5611,Import Quantity,2009,1000 t,5975.0,E,imports
5101,Eastern Africa,2511,Wheat and products,5611,Import Quantity,2010,1000 t,5981.0,E,imports
5101,Eastern Africa,2511,Wheat and products,5611,Import Quantity,2011,1000 t,7034.0,E,imports
5101,Eastern Africa,2511,Wheat and products,5074,Stock Variation,2006,1000 t,-272.0,E,stock_variation
5101,Eastern Africa,2511,Wheat and products,5074,Stock Variation,2007,1000 t,141.0,E,stock_variation
5101,Eastern Africa,2511,Wheat and products,5074,Stock Variation,2008,1000 t,274.0,E,stock_variation
5101,Eastern Africa,2511,Wheat and products,5074,Stock Variation,2009,1000 t,-975.0,E,stock_variation
5101,Eastern Africa,2511,Wheat and products,5074,Stock Variation,2010,1000 t,-642.0,E,stock_variation
5101,Eastern Africa,2511,Wheat and products,5074,Stock Variation,2011,1000 t,-1272.0,E,stock_variation
5101,Eastern Africa,2511,Wheat and products,5911,Export Quantity,2006,1000 t,134.0,E,exports
5101,Eastern Africa,2511,Wheat and products,5911,Export Quantity,2007,1000 t,322.0,E,exports
5101,Eastern Africa,2511,Wheat and products,5911,Export Quantity,2008,1000 t,205.0,E,exports
5101,Eastern Africa,2511,Wheat and products,5911,Export Quantity,2009,1000 t,187.0,E,exports
5101,Eastern Africa,2511,Wheat and products,5911,Export Quantity,2010,1000 t,381.0,E,exports
5101,Eastern Africa,2511,Wheat and products,5911,Export Quantity,2011,1000 t,354.0,E,exports
5101,Eastern Africa,2511,Wheat and products,5301,Domestic supply quantity,2006,1000 t,6260.0,E,domestic_supply
5101,Eastern Africa,2511,Wheat and products,5301,Domestic supply quantity,2007,1000 t,6644.0,E,domestic_supply
5101,Eastern Africa,2511,Wheat and products,5301,Domestic supply quantity,2008,1000 t,6790.0,E,domestic_supply
5101,Eastern Africa,2511,Wheat and products,5301,Domestic supply quantity,2009,1000 t,8519.0,E,domestic_supply
5101,Eastern Africa,2511,Wheat and products,5301,Domestic supply quantity,2010,1000 t,8707.0,E,domestic_supply
5101,Eastern Africa,2511,Wheat and products,5301,Domestic supply quantity,2011,1000 t,9111.0,E,domestic_supply
5101,Eastern Africa,2511,Wheat and products,5527,Seed,2006,1000 t,130.0,E,seed
5101,Eastern Africa,2511,Wheat and products,5527,Seed,2007,1000 t,122.0,E,seed
5101,Eastern Africa,2511,Wheat and products,5527,Seed,2008,1000 t,152.0,E,seed
5101,Eastern Africa,2511,Wheat and products,5527,Seed,2009,1000 t,133.0,E,seed
5101,Eastern Africa,2511,Wheat and products,5527,Seed,2010,1000 t,132.0,E,seed
5101,Eastern Africa,2511,Wheat and products,5527,Seed,2011,1000 t,146.0,E,seed
5101,Eastern Africa,2511,Wheat and products,5123,Losses,2006,1000 t,221.0,E,losses
5101,Eastern Africa,2511,Wheat and products,5123,Losses,2007,1000 t,233.0,E,losses
5101,Eastern Africa,2511,Wheat and products,5123,Losses,2008,1000 t,255.0,E,losses
5101,Eastern Africa,2511,Wheat and products,5123,Losses,2009,1000 t,344.0,E,losses
5101,Eastern Africa,2511,Wheat and products,5123,Losses,2010,1000 t,330.0,E,losses
5101,Eastern Africa,2511,Wheat and products,5123,Losses,2011,1000 t,343.0,E,losses
5101,Eastern Africa,2511,Wheat and products,5142,Food,2006,1000 t,5883.0,E,food
5101,Eastern Africa,2511,Wheat and products,5142,Food,2007,1000 t,6017.0,E,food
5101,Eastern Africa,2511,Wheat and products,5142,Food,2008,1000 t,5954.0,E,food
5101,Eastern Africa,2511,Wheat and products,5142,Food,2009,1000 t,6820.0,E,food
5101,Eastern Africa,2511,Wheat and products,5142,Food,2010,1000 t,6746.0,E,food
5101,Eastern Africa,2511,Wheat and products,5142,Food,2011,1000 t,7113.0,E,food
5102,Middle Africa,2511,Wheat and products,5511,Production,2006,1000 t,6.0,E,production
5102,Middle Africa,2511,Wheat and products,5511,Production,2007,1000 t,13.0,E,production
5102,Middle Africa,2511,Wheat and products,5511,Production,2008,1000 t,13.0,E,production
5102,Middle Africa,2511,Wheat and products,5511,Production,2009,1000 t,15.0,E,production
5102,Middle Africa,2511,Wheat and products,5511,Production,2010,1000 t,14.0,E,production
5102,Middle Africa,2511,Wheat and products,5511,Production,2011,1000 t,7.0,E,production
5102,Middle Africa,2511,Wheat and products,5611,Import Quantity,2006,1000 t,1387.0,E,imports
5102,Middle Africa,2511,Wheat and products,5611,Import Quantity,2007,1000 t,1132.0,E,imports
5102,Middle Africa,2511,Wheat and products,5611,Import Quantity,2008,1000 t,1364.0,E,imports
5102,Middle Africa,2511,Wheat and products,5611,Import Quantity,2009,1000 t,1491.0,E,imports
5102,Middle Africa,2511,Wheat and products,5611,Import Quantity,2010,1000 t,1491.0,E,imports
5102,Middle Africa,2511,Wheat and products,5611,Import Quantity,2011,1000 t,1766.0,E,imports
5102,Middle Africa,2511,Wheat and products,5074,Stock Variation,2006,1000 t,-141.0,E,stock_variation
5102,Middle Africa,2511,Wheat and products,5074,Stock Variation,2007,1000 t,146.0,E,stock_variation
5102,Middle Africa,2511,Wheat and products,5074,Stock Variation,2008,1000 t,-2.0,E,stock_variation
5102,Middle Africa,2511,Wheat and products,5074,Stock Variation,2009,1000 t,-28.0,E,stock_variation
5102,Middle Africa,2511,Wheat and products,5074,Stock Variation,2010,1000 t,63.0,E,stock_variation
5102,Middle Africa,2511,Wheat and products,5074,Stock Variation,2011,1000 t,-65.0,E,stock_variation
5102,Middle Africa,2511,Wheat and products,5911,Export Quantity,2006,1000 t,2.0,E,exports
5102,Middle Africa,2511,Wheat and products,5911,Export Quantity,2007,1000 t,5.0,E,exports
5102,Middle Africa,2511,Wheat and products,5911,Export Quantity,2008,1000 t,4.0,E,exports
5102,Middle Africa,2511,Wheat and products,5911,Export Quantity,2009,1000 t,8.0,E,exports
5102,Middle Africa,2511,Wheat and products,5911,Export Quantity,2010,1000 t,9.0,E,exports
5102,Middle Africa,2511,Wheat and products,5911,Export Quantity,2011,1000 t,5.0,E,exports
5102,Middle Africa,2511,Wheat and products,5301,Domestic supply quantity,2006,1000 t,1251.0,E,domestic_supply
5102,Middle Africa,2511,Wheat and products,5301,Domestic supply quantity,2007,1000 t,1286.0,E,domestic_supply
5102,Middle Africa,2511,Wheat and products,5301,Domestic supply quantity,2008,1000 t,1371.0,E,domestic_supply
5102,Middle Africa,2511,Wheat and products,5301,Domestic supply quantity,2009,1000 t,1470.0,E,domestic_supply
5102,Middle Africa,2511,Wheat and products,5301,Domestic supply quantity,2010,1000 t,1558.0,E,domestic_supply
5102,Middle Africa,2511,Wheat and products,5301,Domestic supply quantity,2011,1000 t,1703.0,E,domestic_supply
5102,Middle Africa,2511,Wheat and products,5527,Seed,2006,1000 t,1.0,E,seed
5102,Middle Africa,2511,Wheat and products,5527,Seed,2007,1000 t,1.0,E,seed
5102,Middle Africa,2511,Wheat and products,5527,Seed,2008,1000 t,1.0,E,seed
5102,Middle Africa,2511,Wheat and products,5527,Seed,2009,1000 t,1.0,E,seed
5102,Middle Africa,2511,Wheat and products,5527,Seed,2010,1000 t,0.0,E,seed
5102,Middle Africa,2511,Wheat and products,5527,Seed,2011,1000 t,1.0,E,seed
5102,Middle Africa,2511,Wheat and products,5123,Losses,2006,1000 t,54.0,E,losses
5102,Middle Africa,2511,Wheat and products,5123,Losses,2007,1000 t,41.0,E,losses
5102,Middle Africa,2511,Wheat and products,5123,Losses,2008,1000 t,45.0,E,losses
5102,Middle Africa,2511,Wheat and products,5123,Losses,2009,1000 t,48.0,E,losses
5102,Middle Africa,2511,Wheat and products,5123,Losses,2010,1000 t,57.0,E,losses
5102,Middle Africa,2511,Wheat and products,5123,Losses,2011,1000 t,62.0,E,losses
5102,Middle Africa,2511,Wheat and products,5142,Food,2006,1000 t,1196.0,E,food
5102,Middle Africa,2511,Wheat and products,5142,Food,2007,1000 t,1245.0,E,food
5102,Middle Africa,2511,Wheat and products,5142,Food,2008,1000 t,1325.0,E,food
5102,Middle Africa,2511,Wheat and products,5142,Food,2009,1000 t,1422.0,E,food
5102,Middle Africa,2511,Wheat and products,5142,Food,2010,1000 t,1501.0,E,food
5102,Middle Africa,2511,Wheat and products,5142,Food,2011,1000 t,1640.0,E,food
5103,Northern Africa,2511,Wheat and products,5511,Production,2006,1000 t,19209.0,E,production
5103,Northern Africa,2511,Wheat and products,5511,Production,2007,1000 t,13526.0,E,production
5103,Northern Africa,2511,Wheat and products,5511,Production,2008,1000 t,14364.0,E,production
5103,Northern Africa,2511,Wheat and products,5511,Production,2009,1000 t,20143.0,E,production
5103,Northern Africa,2511,Wheat and products,5511,Production,2010,1000 t,15884.0,E,production
5103,Northern Africa,2511,Wheat and products,5511,Production,2011,1000 t,18877.0,E,production
5103,Northern Africa,2511,Wheat and products,5611,Import Quantity,2006,1000 t,17682.0,E,imports
5103,Northern Africa,2511,Wheat and products,5611,Import Quantity,2007,1000 t,19764.0,E,imports
5103,Northern Africa,2511,Wheat and products,5611,Import Quantity,2008,1000 t,22039.0,E,imports
5103,Northern Africa,2511,Wheat and products,5611,Import Quantity,2009,1000 t,20430.0,E,imports
5103,Northern Africa,2511,Wheat and products,5611,Import Quantity,2010,1000 t,22821.0,E,imports
5103,Northern Africa,2511,Wheat and products,5611,Import Quantity,2011,1000 t,24312.0,E,imports
5103,Northern Africa,2511,Wheat and products,5074,Stock Variation,2006,1000 t,-2567.0,E,stock_variation
5103,Northern Africa,2511,Wheat and products,5074,Stock Variation,2007,1000 t,1245.0,E,stock_variation
5103,Northern Africa,2511,Wheat and products,5074,Stock Variation,2008,1000 t,-19.0,E,stock_variation
5103,Northern Africa,2511,Wheat and products,5074,Stock Variation,2009,1000 t,-2439.0,E,stock_variation
5103,Northern Africa,2511,Wheat and products,5074,Stock Variation,2010,1000 t,-216.0,E,stock_variation
5103,Northern Africa,2511,Wheat and products,5074,Stock Variation,2011,1000 t,-2620.0,E,stock_variation
5103,Northern Africa,2511,Wheat and products,5911,Export Quantity,2006,1000 t,212.0,E,exports
5103,Northern Africa,2511,Wheat and products,5911,Export Quantity,2007,1000 t,294.0,E,exports
5103,Northern Africa,2511,Wheat and products,5911,Export Quantity,2008,1000 t,262.0,E,exports
5103,Northern Africa,2511,Wheat and products,5911,Export Quantity,2009,1000 t,376.0,E,exports
5103,Northern Africa,2511,Wheat and products,5911,Export Quantity,2010,1000 t,396.0,E,exports
5103,Northern Africa,2511,Wheat and products,5911,Export Quantity,2011,1000 t,489.0,E,exports
5103,Northern Africa,2511,Wheat and products,5301,Domestic supply quantity,2006,1000 t,34112.0,E,domestic_supply
5103,Northern Africa,2511,Wheat and products,5301,Domestic supply quantity,2007,1000 t,34241.0,E,domestic_supply
5103,Northern Africa,2511,Wheat and products,5301,Domestic supply quantity,2008,1000 t,36122.0,E,domestic_supply
5103,Northern Africa,2511,Wheat and products,5301,Domestic supply quantity,2009,1000 t,37757.0,E,domestic_supply
5103,Northern Africa,2511,Wheat and products,5301,Domestic supply quantity,2010,1000 t,38093.0,E,domestic_supply
5103,Northern Africa,2511,Wheat and products,5301,Domestic supply quantity,2011,1000 t,40080.0,E,domestic_supply
5103,Northern Africa,2511,Wheat and products,5521,Feed,2006,1000 t,4662.0,E,feed
5103,Northern Africa,2511,Wheat and products,5521,Feed,2007,1000 t,4551.0,E,feed
5103,Northern Africa,2511,Wheat and products,5521,Feed,2008,1000 t,4940.0,E,feed
5103,Northern Africa,2511,Wheat and products,5521,Feed,2009,1000 t,5529.0,E,feed
5103,Northern Africa,2511,Wheat and products,5521,Feed,2010,1000 t,5575.0,E,feed
5103,Northern Africa,2511,Wheat and products,5521,Feed,2011,1000 t,6194.0,E,feed
5103,Northern Africa,2511,Wheat and products,5527,Seed,2006,1000 t,712.0,E,seed
5103,Northern Africa,2511,Wheat and products,5527,Seed,2007,1000 t,742.0,E,seed
5103,Northern Africa,2511,Wheat and products,5527,Seed,2008,1000 t,799.0,E,seed
5103,Northern Africa,2511,Wheat and products,5527,Seed,2009,1000 t,750.0,E,seed
5103,Northern Africa,2511,Wheat and products,5527,Seed,2010,1000 t,802.0,E,seed
5103,Northern Africa,2511,Wheat and products,5527,Seed,2011,1000 t,785.0,E,seed
5103,Northern Africa,2511,Wheat and products,5123,Losses,2006,1000 t,3314.0,E,losses
5103,Northern Africa,2511,Wheat and products,5123,Losses,2007,1000 t,3221.0,E,losses
5103,Northern Africa,2511,Wheat and products,5123,Losses,2008,1000 t,3375.0,E,losses
5103,Northern Africa,2511,Wheat and products,5123,Losses,2009,1000 t,3622.0,E,losses
5103,Northern Africa,2511,Wheat and products,5123,Losses,2010,1000 t,3542.0,E,losses
5103,Northern Africa,2511,Wheat and products,5123,Losses,2011,1000 t,3845.0,E,losses
5103,Northern Africa,2511,Wheat and products,5142,Food,2006,1000 t,25275.0,E,food
5103,Northern Africa,2511,Wheat and products,5142,Food,2007,1000 t,25577.0,E,food
5103,Northern Africa,2511,Wheat and products,5142,Food,2008,1000 t,26508.0,E,food
5103,Northern Africa,2511,Wheat and products,5142,Food,2009,1000 t,27206.0,E,food
5103,Northern Africa,2511,Wheat and products,5142,Food,2010,1000 t,27374.0,E,food
5103,Northern Africa,2511,Wheat and products,5142,Food,2011,1000 t,28020.0,E,food
5104,Southern Africa,2511,Wheat and products,5511,Production,2006,1000 t,2125.0,E,production
5104,Southern Africa,2511,Wheat and products,5511,Production,2007,1000 t,1922.0,E,production
5104,Southern Africa,2511,Wheat and products,5511,Production,2008,1000 t,2149.0,E,production
5104,Southern Africa,2511,Wheat and products,5511,Production,2009,1000 t,1978.0,E,production
5104,Southern Africa,2511,Wheat and products,5511,Production,2010,1000 t,1463.0,E,production
5104,Southern Africa,2511,Wheat and products,5511,Production,2011,1000 t,2042.0,E,production
5104,Southern Africa,2511,Wheat and products,5611,Import Quantity,2006,1000 t,1239.0,E,imports
5104,Southern Africa,2511,Wheat and products,5611,Import Quantity,2007,1000 t,1442.0,E,imports
5104,Southern Africa,2511,Wheat and products,5611,Import Quantity,2008,1000 t,1794.0,E,imports
5104,Southern Africa,2511,Wheat and products,5611,Import Quantity,2009,1000 t,1636.0,E,imports
5104,Southern Africa,2511,Wheat and products,5611,Import Quantity,2010,1000 t,1710.0,E,imports
5104,Southern Africa,2511,Wheat and products,5611,Import Quantity,2011,1000 t,2210.0,E,imports
5104,Southern Africa,2511,Wheat and products,5074,Stock Variation,2006,1000 t,74.0,E,stock_variation
5104,Southern Africa,2511,Wheat and products,5074,Stock Variation,2007,1000 t,159.0,E,stock_variation
5104,Southern Africa,2511,Wheat and products,5074,Stock Variation,2008,1000 t,-278.0,E,stock_variation
5104,Southern Africa,2511,Wheat and products,5074,Stock Variation,2009,1000 t,-4.0,E,stock_variation
5104,Southern Africa,2511,Wheat and products,5074,Stock Variation,2010,1000 t,430.0,E,stock_variation
5104,Southern Africa,2511,Wheat and products,5074,Stock Variation,2011,1000 t,-524.0,E,stock_variation
5104,Southern Africa,2511,Wheat and products,5911,Export Quantity,2006,1000 t,59.0,E,exports
5104,Southern Africa,2511,Wheat and products,5911,Export Quantity,2007,1000 t,95.0,E,exports
5104,Southern Africa,2511,Wheat and products,5911,Export Quantity,2008,1000 t,205.0,E,exports
5104,Southern Africa,2511,Wheat and products,5911,Export Quantity,2009,1000 t,167.0,E,exports
5104,Southern Africa,2511,Wheat and products,5911,Export Quantity,2010,1000 t,149.0,E,exports
5104,Southern Africa,2511,Wheat and products,5911,Export Quantity,2011,1000 t,146.0,E,exports
5104,Southern Africa,2511,Wheat and products,5301,Domestic supply quantity,2006,1000 t,3380.0,E,domestic_supply
5104,Southern Africa,2511,Wheat and products,5301,Domestic supply quantity,2007,1000 t,3427.0,E,domestic_supply
5104,Southern Africa,2511,Wheat and products,5301,Domestic supply quantity,2008,1000 t,3459.0,E,domestic_supply
5104,Southern Africa,2511,Wheat and products,5301,Domestic supply quantity,2009,1000 t,3444.0,E,domestic_supply
5104,Southern Africa,2511,Wheat and products,5301,Domestic supply quantity,2010,1000 t,3454.0,E,domestic_supply
5104,Southern Africa,2511,Wheat and products,5301,Domestic supply quantity,2011,1000 t,3583.0,E,domestic_supply
5104,Southern Africa,2511,Wheat and products,5521,Feed,2006,1000 t,31.0,E,feed
5104,Southern Africa,2511,Wheat and products,5521,Feed,2007,1000 t,32.0,E,feed
5104,Southern Africa,2511,Wheat and products,5521,Feed,2008,1000 t,36.0,E,feed
5104,Southern Africa,2511,Wheat and products,5521,Feed,2009,1000 t,33.0,E,feed
5104,Southern Africa,2511,Wheat and products,5521,Feed,2010,1000 t,32.0,E,feed
5104,Southern Africa,2511,Wheat and products,5521,Feed,2011,1000 t,39.0,E,feed
5104,Southern Africa,2511,Wheat and products,5527,Seed,2006,1000 t,42.0,E,seed
5104,Southern Africa,2511,Wheat and products,5527,Seed,2007,1000 t,50.0,E,seed
5104,Southern Africa,2511,Wheat and products,5527,Seed,2008,1000 t,44.0,E,seed
5104,Southern Africa,2511,Wheat and products,5527,Seed,2009,1000 t,38.0,E,seed
5104,Southern Africa,2511,Wheat and products,5527,Seed,2010,1000 t,40.0,E,seed
5104,Southern Africa,2511,Wheat and products,5527,Seed,2011,1000 t,34.0,E,seed
5104,Southern Africa,2511,Wheat and products,5123,Losses,2006,1000 t,70.0,E,losses
5104,Southern Africa,2511,Wheat and products,5123,Losses,2007,1000 t,71.0,E,losses
5104,Southern Africa,2511,Wheat and products,5123,Losses,2008,1000 t,78.0,E,losses
5104,Southern Africa,2511,Wheat and products,5123,Losses,2009,1000 t,73.0,E,losses
5104,Southern Africa,2511,Wheat and products,5123,Losses,2010,1000 t,78.0,E,losses
5104,Southern Africa,2511,Wheat and products,5123,Losses,2011,1000 t,75.0,E,losses
5104,Southern Africa,2511,Wheat and products,5142,Food,2006,1000 t,3223.0,E,food
5104,Southern Africa,2511,Wheat and products,5142,Food,2007,1000 t,3262.0,E,food
5104,Southern Africa,2511,Wheat and products,5142,Food,2008,1000 t,3296.0,E,food
5104,Southern Africa,2511,Wheat and products,5142,Food,2009,1000 t,3295.0,E,food
5104,Southern Africa,2511,Wheat and products,5142,Food,2010,1000 t,3296.0,E,food
5104,Southern Africa,2511,Wheat and products,5142,Food,2011,1000 t,3429.0,E,food
5105,Western Africa,2511,Wheat and products,5511,Production,2006,1000 t,88.0,E,production
5105,Western Africa,2511,Wheat and products,5511,Production,2007,1000 t,62.0,E,production
5105,Western Africa,2511,Wheat and products,5511,Production,2008,1000 t,79.0,E,production
5105,Western Africa,2511,Wheat and products,5511,Production,2009,1000 t,107.0,E,production
5105,Western Africa,2511,Wheat and products,5511,Production,2010,1000 t,145.0,E,production
5105,Western Africa,2511,Wheat and products,5511,Production,2011,1000 t,205.0,E,production
5105,Western Africa,2511,Wheat and products,5611,Import Quantity,2006,1000 t,5684.0,E,imports
5105,Western Africa,2511,Wheat and products,5611,Import Quantity,2007,1000 t,5378.0,E,imports
5105,Western Africa,2511,Wheat and products,5611,Import Quantity,2008,1000 t,5245.0,E,imports
5105,Western Africa,2511,Wheat and products,5611,Import Quantity,2009,1000 t,6526.0,E,imports
5105,Western Africa,2511,Wheat and products,5611,Import Quantity,2010,1000 t,6762.0,E,imports
5105,Western Africa,2511,Wheat and products,5611,Import Quantity,2011,1000 t,6680.0,E,imports
5105,Western Africa,2511,Wheat and products,5074,Stock Variation,2006,1000 t,-150.0,E,stock_variation
5105,Western Africa,2511,Wheat and products,5074,Stock Variation,2007,1000 t,64.0,E,stock_variation
5105,Western Africa,2511,Wheat and products,5074,Stock Variation,2008,1000 t,171.0,E,stock_variation
5105,Western Africa,2511,Wheat and products,5074,Stock Variation,2009,1000 t,-82.0,E,stock_variation
5105,Western Africa,2511,Wheat and products,5074,Stock Variation,2010,1000 t,-79.0,E,stock_variation
5105,Western Africa,2511,Wheat and products,5074,Stock Variation,2011,1000 t,85.0,E,stock_variation
5105,Western Africa,2511,Wheat and products,5911,Export Quantity,2006,1000 t,122.0,E,exports
5105,Western Africa,2511,Wheat and products,5911,Export Quantity,2007,1000 t,123.0,E,exports
5105,Western Africa,2511,Wheat and products,5911,Export Quantity,2008,1000 t,132.0,E,exports
5105,Western Africa,2511,Wheat and products,5911,Export Quantity,2009,1000 t,185.0,E,exports
5105,Western Africa,2511,Wheat and products,5911,Export Quantity,2010,1000 t,213.0,E,exports
5105,Western Africa,2511,Wheat and products,5911,Export Quantity,2011,1000 t,177.0,E,exports
5105,Western Africa,2511,Wheat and products,5301,Domestic supply quantity,2006,1000 t,5500.0,E,domestic_supply
5105,Western Africa,2511,Wheat and products,5301,Domestic supply quantity,2007,1000 t,5380.0,E,domestic_supply
5105,Western Africa,2511,Wheat and products,5301,Domestic supply quantity,2008,1000 t,5363.0,E,domestic_supply
5105,Western Africa,2511,Wheat and products,5301,Domestic supply quantity,2009,1000 t,6366.0,E,domestic_supply
5105,Western Africa,2511,Wheat and products,5301,Domestic supply quantity,2010,1000 t,6615.0,E,domestic_supply
5105,Western Africa,2511,Wheat and products,5301,Domestic supply quantity,2011,1000 t,6792.0,E,domestic_supply
5105,Western Africa,2511,Wheat and products,5521,Feed,2006,1000 t,30.0,E,feed
5105,Western Africa,2511,Wheat and products,5521,Feed,2007,1000 t,20.0,E,feed
5105,Western Africa,2511,Wheat and products,5521,Feed,2008,1000 t,20.0,E,feed
5105,Western Africa,2511,Wheat and products,5521,Feed,2009,1000 t,30.0,E,feed
5105,Western Africa,2511,Wheat and products,5521,Feed,2010,1000 t,30.0,E,feed
5105,Western Africa,2511,Wheat and products,5521,Feed,2011,1000 t,30.0,E,feed
5105,Western Africa,2511,Wheat and products,5527,Seed,2006,1000 t,2.0,E,seed
5105,Western Africa,2511,Wheat and products,5527,Seed,2007,1000 t,2.0,E,seed
5105,Western Africa,2511,Wheat and products,5527,Seed,2008,1000 t,3.0,E,seed
5105,Western Africa,2511,Wheat and products,5527,Seed,2009,1000 t,4.0,E,seed
5105,Western Africa,2511,Wheat and products,5527,Seed,2010,1000 t,6.0,E,seed
5105,Western Africa,2511,Wheat and products,5527,Seed,2011,1000 t,5.0,E,seed
5105,Western Africa,2511,Wheat and products,5123,Losses,2006,1000 t,186.0,E,losses
5105,Western Africa,2511,Wheat and products,5123,Losses,2007,1000 t,178.0,E,losses
5105,Western Africa,2511,Wheat and products,5123,Losses,2008,1000 t,179.0,E,losses
5105,Western Africa,2511,Wheat and products,5123,Losses,2009,1000 t,217.0,E,losses
5105,Western Africa,2511,Wheat and products,5123,Losses,2010,1000 t,225.0,E,losses
5105,Western Africa,2511,Wheat and products,5123,Losses,2011,1000 t,229.0,E,losses
5105,Western Africa,2511,Wheat and products,5142,Food,2006,1000 t,5273.0,E,food
5105,Western Africa,2511,Wheat and products,5142,Food,2007,1000 t,5165.0,E,food
5105,Western Africa,2511,Wheat and products,5142,Food,2008,1000 t,5142.0,E,food
5105,Western Africa,2511,Wheat and products,5142,Food,2009,1000 t,6096.0,E,food
5105,Western Africa,2511,Wheat and products,5142,Food,2010,1000 t,6338.0,E,food
5105,Western Africa,2511,Wheat and products,5142,Food,2011,1000 t,6512.0,E,food
5200,Americas,2511,Wheat and products,5511,Production,2006,1000 t,98194.0,E,production
5200,Americas,2511,Wheat and products,5511,Production,2007,1000 t,103017.0,E,production
5200,Americas,2511,Wheat and products,5511,Production,2008,1000 t,119041.0,E,production
5200,Americas,2511,Wheat and products,5511,Production,2009,1000 t,110134.0,E,production
5200,Americas,2511,Wheat and products,5511,Production,2010,1000 t,113991.0,E,production
5200,Americas,2511,Wheat and products,5511,Production,2011,1000 t,109183.0,E,production
5200,Americas,2511,Wheat and products,5611,Import Quantity,2006,1000 t,24645.0,E,imports
5200,Americas,2511,Wheat and products,5611,Import Quantity,2007,1000 t,26269.0,E,imports
5200,Americas,2511,Wheat and products,5611,Import Quantity,2008,1000 t,25948.0,E,imports
5200,Americas,2511,Wheat and products,5611,Import Quantity,2009,1000 t,24772.0,E,imports
5200,Americas,2511,Wheat and products,5611,Import Quantity,2010,1000 t,27105.0,E,imports
5200,Americas,2511,Wheat and products,5611,Import Quantity,2011,1000 t,26979.0,E,imports
5200,Americas,2511,Wheat and products,5074,Stock Variation,2006,1000 t,8930.0,E,stock_variation
5200,Americas,2511,Wheat and products,5074,Stock Variation,2007,1000 t,8039.0,E,stock_variation
5200,Americas,2511,Wheat and products,5074,Stock Variation,2008,1000 t,-8396.0,E,stock_variation
5200,Americas,2511,Wheat and products,5074,Stock Variation,2009,1000 t,-7149.0,E,stock_variation
5200,Americas,2511,Wheat and products,5074,Stock Variation,2010,1000 t,-8900.0,E,stock_variation
5200,Americas,2511,Wheat and products,5074,Stock Variation,2011,1000 t,7220.0,E,stock_variation
5200,Americas,2511,Wheat and products,5911,Export Quantity,2006,1000 t,59766.0,E,exports
5200,Americas,2511,Wheat and products,5911,Export Quantity,2007,1000 t,68699.0,E,exports
5200,Americas,2511,Wheat and products,5911,Export Quantity,2008,1000 t,62656.0,E,exports
5200,Americas,2511,Wheat and products,5911,Export Quantity,2009,1000 t,54689.0,E,exports
5200,Americas,2511,Wheat and products,5911,Export Quantity,2010,1000 t,59407.0,E,exports
5200,Americas,2511,Wheat and products,5911,Export Quantity,2011,1000 t,67941.0,E,exports
5200,Americas,2511,Wheat and products,5301,Domestic supply quantity,2006,1000 t,72003.0,E,domestic_supply
5200,Americas,2511,Wheat and products,5301,Domestic supply quantity,2007,1000 t,68627.0,E,domestic_supply
5200,Americas,2511,Wheat and products,5301,Domestic supply quantity,2008,1000 t,73936.0,E,domestic_supply
5200,Americas,2511,Wheat and products,5301,Domestic supply quantity,2009,1000 t,73068.0,E,domestic_supply
5200,Americas,2511,Wheat and products,5301,Domestic supply quantity,2010,1000 t,72789.0,E,domestic_supply
5200,Americas,2511,Wheat and products,5301,Domestic supply quantity,2011,1000 t,75440.0,E,domestic_supply
5200,Americas,2511,Wheat and products,5521,Feed,2006,1000 t,8358.0,E,feed
5200,Americas,2511,Wheat and products,5521,Feed,2007,1000 t,3515.0,E,feed
5200,Americas,2511,Wheat and products,5521,Feed,2008,1000 t,9464.0,E,feed
5200,Americas,2511,Wheat and products,5521,Feed,2009,1000 t,8852.0,E,feed
5200,Americas,2511,Wheat and products,5521,Feed,2010,1000 t,6482.0,E,feed
5200,Americas,2511,Wheat and products,5521,Feed,2011,1000 t,9694.0,E,feed
5200,Americas,2511,Wheat and products,5527,Seed,2006,1000 t,4089.0,E,seed
5200,Americas,2511,Wheat and products,5527,Seed,2007,1000 t,4251.0,E,seed
5200,Americas,2511,Wheat and products,5527,Seed,2008,1000 t,3968.0,E,seed
5200,Americas,2511,Wheat and products,5527,Seed,2009,1000 t,3827.0,E,seed
5200,Americas,2511,Wheat and products,5527,Seed,2010,1000 t,3745.0,E,seed
5200,Americas,2511,Wheat and products,5527,Seed,2011,1000 t,3533.0,E,seed
5200,Americas,2511,Wheat and products,5123,Losses,2006,1000 t,2242.0,E,losses
5200,Americas,2511,Wheat and products,5123,Losses,2007,1000 t,2082.0,E,losses
5200,Americas,2511,Wheat and products,5123,Losses,2008,1000 t,1830.0,E,losses
5200,Americas,2511,Wheat and products,5123,Losses,2009,1000 t,1773.0,E,losses
5200,Americas,2511,Wheat and products,5123,Losses,2010,1000 t,2132.0,E,losses
5200,Americas,2511,Wheat and products,5123,Losses,2011,1000 t,1859.0,E,losses
5200,Americas,2511,Wheat and products,5142,Food,2006,1000 t,55751.0,E,food
5200,Americas,2511,Wheat and products,5142,Food,2007,1000 t,57029.0,E,food
5200,Americas,2511,Wheat and products,5142,Food,2008,1000 t,56857.0,E,food
5200,Americas,2511,Wheat and products,5142,Food,2009,1000 t,56698.0,E,food
5200,Americas,2511,Wheat and products,5142,Food,2010,1000 t,57780.0,E,food
5200,Americas,2511,Wheat and products,5142,Food,2011,1000 t,57737.0,E,food
5203,Northern America,2511,Wheat and products,5511,Production,2006,1000 t,74481.0,E,production
5203,Northern America,2511,Wheat and products,5511,Production,2007,1000 t,75911.0,E,production
5203,Northern America,2511,Wheat and products,5511,Production,2008,1000 t,96635.0,E,production
5203,Northern America,2511,Wheat and products,5511,Production,2009,1000 t,87316.0,E,production
5203,Northern America,2511,Wheat and products,5511,Production,2010,1000 t,83362.0,E,production
5203,Northern America,2511,Wheat and products,5511,Production,2011,1000 t,79707.0,E,production
5203,Northern America,2511,Wheat and products,5611,Import Quantity,2006,1000 t,4362.0,E,imports
5203,Northern America,2511,Wheat and products,5611,Import Quantity,2007,1000 t,4839.0,E,imports
5203,Northern America,2511,Wheat and products,5611,Import Quantity,2008,1000 t,5082.0,E,imports
5203,Northern America,2511,Wheat and products,5611,Import Quantity,2009,1000 t,5253.0,E,imports
5203,Northern America,2511,Wheat and products,5611,Import Quantity,2010,1000 t,5332.0,E,imports
5203,Northern America,2511,Wheat and products,5611,Import Quantity,2011,1000 t,4882.0,E,imports
5203,Northern America,2511,Wheat and products,5074,Stock Variation,2006,1000 t,6793.0,E,stock_variation
5203,Northern America,2511,Wheat and products,5074,Stock Variation,2007,1000 t,9703.0,E,stock_variation
5203,Northern America,2511,Wheat and products,5074,Stock Variation,2008,1000 t,-13424.0,E,stock_variation
5203,Northern America,2511,Wheat and products,5074,Stock Variation,2009,1000 t,-9978.0,E,stock_variation
5203,Northern America,2511,Wheat and products,5074,Stock Variation,2010,1000 t,-3153.0,E,stock_variation
5203,Northern America,2511,Wheat and products,5074,Stock Variation,2011,1000 t,6566.0,E,stock_variation
5203,Northern America,2511,Wheat and products,5911,Export Quantity,2006,1000 t,47020.0,E,exports
5203,Northern America,2511,Wheat and products,5911,Export Quantity,2007,1000 t,55509.0,E,exports
5203,Northern America,2511,Wheat and products,5911,Export Quantity,2008,1000 t,48139.0,E,exports
5203,Northern America,2511,Wheat and products,5911,Export Quantity,2009,1000 t,43527.0,E,exports
5203,Northern America,2511,Wheat and products,5911,Export Quantity,2010,1000 t,48493.0,E,exports
5203,Northern America,2511,Wheat and products,5911,Export Quantity,2011,1000 t,51714.0,E,exports
5203,Northern America,2511,Wheat and products,5301,Domestic supply quantity,2006,1000 t,38616.0,E,domestic_supply
5203,Northern America,2511,Wheat and products,5301,Domestic supply quantity,2007,1000 t,34943.0,E,domestic_supply
5203,Northern America,2511,Wheat and products,5301,Domestic supply quantity,2008,1000 t,40154.0,E,domestic_supply
5203,Northern America,2511,Wheat and products,5301,Domestic supply quantity,2009,1000 t,39064.0,E,domestic_supply
5203,Northern America,2511,Wheat and products,5301,Domestic supply quantity,2010,1000 t,37048.0,E,domestic_supply
5203,Northern America,2511,Wheat and products,5301,Domestic supply quantity,2011,1000 t,39441.0,E,domestic_supply
5203,Northern America,2511,Wheat and products,5521,Feed,2006,1000 t,7337.0,E,feed
5203,Northern America,2511,Wheat and products,5521,Feed,2007,1000 t,2635.0,E,feed
5203,Northern America,2511,Wheat and products,5521,Feed,2008,1000 t,8457.0,E,feed
5203,Northern America,2511,Wheat and products,5521,Feed,2009,1000 t,7527.0,E,feed
5203,Northern America,2511,Wheat and products,5521,Feed,2010,1000 t,5344.0,E,feed
5203,Northern America,2511,Wheat and products,5521,Feed,2011,1000 t,8236.0,E,feed
5203,Northern America,2511,Wheat and products,5527,Seed,2006,1000 t,3098.0,E,seed
5203,Northern America,2511,Wheat and products,5527,Seed,2007,1000 t,3303.0,E,seed
5203,Northern America,2511,Wheat and products,5527,Seed,2008,1000 t,3108.0,E,seed
5203,Northern America,2511,Wheat and products,5527,Seed,2009,1000 t,2951.0,E,seed
5203,Northern America,2511,Wheat and products,5527,Seed,2010,1000 t,2840.0,E,seed
5203,Northern America,2511,Wheat and products,5527,Seed,2011,1000 t,2803.0,E,seed
5203,Northern America,2511,Wheat and products,5123,Losses,2006,1000 t,12.0,E,losses
5203,Northern America,2511,Wheat and products,5123,Losses,2007,1000 t,16.0,E,losses
5203,Northern America,2511,Wheat and products,5123,Losses,2008,1000 t,27.0,E,losses
5203,Northern America,2511,Wheat and products,5123,Losses,2009,1000 t,23.0,E,losses
5203,Northern America,2511,Wheat and products,5123,Losses,2010,1000 t,23.0,E,losses
5203,Northern America,2511,Wheat and products,5123,Losses,2011,1000 t,22.0,E,losses
5203,Northern America,2511,Wheat and products,5142,Food,2006,1000 t,28107.0,E,food
5203,Northern America,2511,Wheat and products,5142,Food,2007,1000 t,28705.0,E,food
5203,Northern America,2511,Wheat and products,5142,Food,2008,1000 t,28203.0,E,food
5203,Northern America,2511,Wheat and products,5142,Food,2009,1000 t,27858.0,E,food
5203,Northern America,2511,Wheat and products,5142,Food,2010,1000 t,28060.0,E,food
5203,Northern America,2511,Wheat and products,5142,Food,2011,1000 t,27778.0,E,food
5204,Central America,2511,Wheat and products,5511,Production,2006,1000 t,3381.0,E,production
5204,Central America,2511,Wheat and products,5511,Production,2007,1000 t,3518.0,E,production
5204,Central America,2511,Wheat and products,5511,Production,2008,1000 t,4022.0,E,production
5204,Central America,2511,Wheat and products,5511,Production,2009,1000 t,4119.0,E,production
5204,Central America,2511,Wheat and products,5511,Production,2010,1000 t,3679.0,E,production
5204,Central America,2511,Wheat and products,5511,Production,2011,1000 t,3630.0,E,production
5204,Central America,2511,Wheat and products,5611,Import Quantity,2006,1000 t,5301.0,E,imports
5204,Central America,2511,Wheat and products,5611,Import Quantity,2007,1000 t,5158.0,E,imports
5204,Central America,2511,Wheat and products,5611,Import Quantity,2008,1000 t,5112.0,E,imports
5204,Central America,2511,Wheat and products,5611,Import Quantity,2009,1000 t,4733.0,E,imports
5204,Central America,2511,Wheat and products,5611,Import Quantity,2010,1000 t,5579.0,E,imports
5204,Central America,2511,Wheat and products,5611,Import Quantity,2011,1000 t,6301.0,E,imports
5204,Central America,2511,Wheat and products,5074,Stock Variation,2006,1000 t,97.0,E,stock_variation
5204,Central America,2511,Wheat and products,5074,Stock Variation,2007,1000 t,53.0,E,stock_variation
5204,Central America,2511,Wheat and products,5074,Stock Variation,2008,1000 t,40.0,E,stock_variation
5204,Central America,2511,Wheat and products,5074,Stock Variation,2009,1000 t,-23.0,E,stock_variation
5204,Central America,2511,Wheat and products,5074,Stock Variation,2010,1000 t,4.0,E,stock_variation
5204,Central America,2511,Wheat and products,5074,Stock Variation,2011,1000 t,-2.0,E,stock_variation
5204,Central America,2511,Wheat and products,5911,Export Quantity,2006,1000 t,1318.0,E,exports
5204,Central America,2511,Wheat and products,5911,Export Quantity,2007,1000 t,1434.0,E,exports
5204,Central America,2511,Wheat and products,5911,Export Quantity,2008,1000 t,2314.0,E,exports
5204,Central America,2511,Wheat and products,5911,Export Quantity,2009,1000 t,2030.0,E,exports
5204,Central America,2511,Wheat and products,5911,Export Quantity,2010,1000 t,1430.0,E,exports
5204,Central America,2511,Wheat and products,5911,Export Quantity,2011,1000 t,1968.0,E,exports
5204,Central America,2511,Wheat and products,5301,Domestic supply quantity,2006,1000 t,7461.0,E,domestic_supply
5204,Central America,2511,Wheat and products,5301,Domestic supply quantity,2007,1000 t,7295.0,E,domestic_supply
5204,Central America,2511,Wheat and products,5301,Domestic supply quantity,2008,1000 t,6861.0,E,domestic_supply
5204,Central America,2511,Wheat and products,5301,Domestic supply quantity,2009,1000 t,6799.0,E,domestic_supply
5204,Central America,2511,Wheat and products,5301,Domestic supply quantity,2010,1000 t,7831.0,E,domestic_supply
5204,Central America,2511,Wheat and products,5301,Domestic supply quantity,2011,1000 t,7961.0,E,domestic_supply
5204,Central America,2511,Wheat and products,5521,Feed,2006,1000 t,82.0,E,feed
5204,Central America,2511,Wheat and products,5521,Feed,2007,1000 t,81.0,E,feed
5204,Central America,2511,Wheat and products,5521,Feed,2008,1000 t,86.0,E,feed
5204,Central America,2511,Wheat and products,5521,Feed,2009,1000 t,86.0,E,feed
5204,Central America,2511,Wheat and products,5521,Feed,2010,1000 t,89.0,E,feed
5204,Central America,2511,Wheat and products,5521,Feed,2011,1000 t,95.0,E,feed
5204,Central America,2511,Wheat and products,5527,Seed,2006,1000 t,97.0,E,seed
5204,Central America,2511,Wheat and products,5527,Seed,2007,1000 t,99.0,E,seed
5204,Central America,2511,Wheat and products,5527,Seed,2008,1000 t,115.0,E,seed
5204,Central America,2511,Wheat and products,5527,Seed,2009,1000 t,75.0,E,seed
5204,Central America,2511,Wheat and products,5527,Seed,2010,1000 t,76.0,E,seed
5204,Central America,2511,Wheat and products,5527,Seed,2011,1000 t,63.0,E,seed
5204,Central America,2511,Wheat and products,5123,Losses,2006,1000 t,782.0,E,losses
5204,Central America,2511,Wheat and products,5123,Losses,2007,1000 t,528.0,E,losses
5204,Central America,2511,Wheat and products,5123,Losses,2008,1000 t,162.0,E,losses
5204,Central America,2511,Wheat and products,5123,Losses,2009,1000 t,200.0,E,losses
5204,Central America,2511,Wheat and products,5123,Losses,2010,1000 t,419.0,E,losses
5204,Central America,2511,Wheat and products,5123,Losses,2011,1000 t,249.0,E,losses
5204,Central America,2511,Wheat and products,5142,Food,2006,1000 t,5141.0,E,food
5204,Central America,2511,Wheat and products,5142,Food,2007,1000 t,5225.0,E,food
5204,Central America,2511,Wheat and products,5142,Food,2008,1000 t,5152.0,E,food
5204,Central America,2511,Wheat and products,5142,Food,2009,1000 t,5273.0,E,food
5204,Central America,2511,Wheat and products,5142,Food,2010,1000 t,5454.0,E,food
5204,Central America,2511,Wheat and products,5142,Food,2011,1000 t,5614.0,E,food
5206,Caribbean,2511,Wheat and products,5611,Import Quantity,2006,1000 t,2000.0,E,imports
5206,Caribbean,2511,Wheat and products,5611,Import Quantity,2007,1000 t,2016.0,E,imports
5206,Caribbean,2511,Wheat and products,5611,Import Quantity,2008,1000 t,2098.0,E,imports
5206,Caribbean,2511,Wheat and products,5611,Import Quantity,2009,1000 t,2043.0,E,imports
5206,Caribbean,2511,Wheat and products,5611,Import Quantity,2010,1000 t,2205.0,E,imports
5206,Caribbean,2511,Wheat and products,5611,Import Quantity,2011,1000 t,2064.0,E,imports
5206,Caribbean,2511,Wheat and products,5074,Stock Variation,2006,1000 t,-3.0,E,stock_variation
5206,Caribbean,2511,Wheat and products,5074,Stock Variation,2007,1000 t,21.0,E,stock_variation
5206,Caribbean,2511,Wheat and products,5074,Stock Variation,2008,1000 t,-24.0,E,stock_variation
5206,Caribbean,2511,Wheat and products,5074,Stock Variation,2009,1000 t,-36.0,E,stock_variation
5206,Caribbean,2511,Wheat and products,5074,Stock Variation,2010,1000 t,3.0,E,stock_variation
5206,Caribbean,2511,Wheat and products,5074,Stock Variation,2011,1000 t,-24.0,E,stock_variation
5206,Caribbean,2511,Wheat and products,5911,Export Quantity,2006,1000 t,79.0,E,exports
5206,Caribbean,2511,Wheat and products,5911,Export Quantity,2007,1000 t,100.0,E,exports
5206,Caribbean,2511,Wheat and products,5911,Export Quantity,2008,1000 t,65.0,E,exports
5206,Caribbean,2511,Wheat and products,5911,Export Quantity,2009,1000 t,66.0,E,exports
5206,Caribbean,2511,Wheat and products,5911,Export Quantity,2010,1000 t,68.0,E,exports
5206,Caribbean,2511,Wheat and products,5911,Export Quantity,2011,1000 t,56.0,E,exports
5206,Caribbean,2511,Wheat and products,5301,Domestic supply quantity,2006,1000 t,1917.0,E,domestic_supply
5206,Caribbean,2511,Wheat and products,5301,Domestic supply quantity,2007,1000 t,1938.0,E,domestic_supply
5206,Caribbean,2511,Wheat and products,5301,Domestic supply quantity,2008,1000 t,2010.0,E,domestic_supply
5206,Caribbean,2511,Wheat and products,5301,Domestic supply quantity,2009,1000 t,1941.0,E,domestic_supply
5206,Caribbean,2511,Wheat and products,5301,Domestic supply quantity,2010,1000 t,2140.0,E,domestic_supply
5206,Caribbean,2511,Wheat and products,5301,Domestic supply quantity,2011,1000 t,1984.0,E,domestic_supply
5206,Caribbean,2511,Wheat and products,5521,Feed,2006,1000 t,321.0,E,feed
5206,Caribbean,2511,Wheat and products,5521,Feed,2007,1000 t,382.0,E,feed
5206,Caribbean,2511,Wheat and products,5521,Feed,2008,1000 t,373.0,E,feed
5206,Caribbean,2511,Wheat and products,5521,Feed,2009,1000 t,424.0,E,feed
5206,Caribbean,2511,Wheat and products,5521,Feed,2010,1000 t,518.0,E,feed
5206,Caribbean,2511,Wheat and products,5521,Feed,2011,1000 t,443.0,E,feed
5206,Caribbean,2511,Wheat and products,5123,Losses,2006,1000 t,71.0,E,losses
5206,Caribbean,2511,Wheat and products,5123,Losses,2007,1000 t,72.0,E,losses
5206,Caribbean,2511,Wheat and products,5123,Losses,2008,1000 t,78.0,E,losses
5206,Caribbean,2511,Wheat and products,5123,Losses,2009,1000 t,77.0,E,losses
5206,Caribbean,2511,Wheat and products,5123,Losses,2010,1000 t,86.0,E,losses
5206,Caribbean,2511,Wheat and products,5123,Losses,2011,1000 t,85.0,E,losses
5206,Caribbean,2511,Wheat and products,5142,Food,2006,1000 t,1507.0,E,food
5206,Caribbean,2511,Wheat and products,5142,Food,2007,1000 t,1467.0,E,food
5206,Caribbean,2511,Wheat and products,5142,Food,2008,1000 t,1536.0,E,food
5206,Caribbean,2511,Wheat and products,5142,Food,2009,1000 t,1412.0,E,food
5206,Caribbean,2511,Wheat and products,5142,Food,2010,1000 t,1515.0,E,food
5206,Caribbean,2511,Wheat and products,5142,Food,2011,1000 t,1434.0,E,food
5207,South America,2511,Wheat and products,5511,Production,2006,1000 t,20332.0,E,production
5207,South America,2511,Wheat and products,5511,Production,2007,1000 t,23588.0,E,production
5207,South America,2511,Wheat and products,5511,Production,2008,1000 t,18384.0,E,production
5207,South America,2511,Wheat and products,5511,Production,2009,1000 t,18699.0,E,production
5207,South America,2511,Wheat and products,5511,Production,2010,1000 t,26950.0,E,production
5207,South America,2511,Wheat and products,5511,Production,2011,1000 t,25846.0,E,production
5207,South America,2511,Wheat and products,5611,Import Quantity,2006,1000 t,12982.0,E,imports
5207,South America,2511,Wheat and products,5611,Import Quantity,2007,1000 t,14257.0,E,imports
5207,South America,2511,Wheat and products,5611,Import Quantity,2008,1000 t,13656.0,E,imports
5207,South America,2511,Wheat and products,5611,Import Quantity,2009,1000 t,12743.0,E,imports
5207,South America,2511,Wheat and products,5611,Import Quantity,2010,1000 t,13989.0,E,imports
5207,South America,2511,Wheat and products,5611,Import Quantity,2011,1000 t,13732.0,E,imports
5207,South America,2511,Wheat and products,5074,Stock Variation,2006,1000 t,2044.0,E,stock_variation
5207,South America,2511,Wheat and products,5074,Stock Variation,2007,1000 t,-1737.0,E,stock_variation
5207,South America,2511,Wheat and products,5074,Stock Variation,2008,1000 t,5012.0,E,stock_variation
5207,South America,2511,Wheat and products,5074,Stock Variation,2009,1000 t,2889.0,E,stock_variation
5207,South America,2511,Wheat and products,5074,Stock Variation,2010,1000 t,-5754.0,E,stock_variation
5207,South America,2511,Wheat and products,5074,Stock Variation,2011,1000 t,680.0,E,stock_variation
5207,South America,2511,Wheat and products,5911,Export Quantity,2006,1000 t,11348.0,E,exports
5207,South America,2511,Wheat and products,5911,Export Quantity,2007,1000 t,11656.0,E,exports
5207,South America,2511,Wheat and products,5911,Export Quantity,2008,1000 t,12139.0,E,exports
5207,South America,2511,Wheat and products,5911,Export Quantity,2009,1000 t,9067.0,E,exports
5207,South America,2511,Wheat and products,5911,Export Quantity,2010,1000 t,9416.0,E,exports
5207,South America,2511,Wheat and products,5911,Export Quantity,2011,1000 t,14204.0,E,exports
5207,South America,2511,Wheat and products,5301,Domestic supply quantity,2006,1000 t,24009.0,E,domestic_supply
5207,South America,2511,Wheat and products,5301,Domestic supply quantity,2007,1000 t,24453.0,E,domestic_supply
5207,South America,2511,Wheat and products,5301,Domestic supply quantity,2008,1000 t,24912.0,E,domestic_supply
5207,South America,2511,Wheat and products,5301,Domestic supply quantity,2009,1000 t,25264.0,E,domestic_supply
5207,South America,2511,Wheat and products,5301,Domestic supply quantity,2010,1000 t,25769.0,E,domestic_supply
5207,South America,2511,Wheat and products,5301,Domestic supply quantity,2011,1000 t,26054.0,E,domestic_supply
5207,South America,2511,Wheat and products,5521,Feed,2006,1000 t,617.0,E,feed
5207,South America,2511,Wheat and products,5521,Feed,2007,1000 t,417.0,E,feed
5207,South America,2511,Wheat and products,5521,Feed,2008,1000 t,548.0,E,feed
5207,South America,2511,Wheat and products,5521,Feed,2009,1000 t,814.0,E,feed
5207,South America,2511,Wheat and products,5521,Feed,2010,1000 t,531.0,E,feed
5207,South America,2511,Wheat and products,5521,Feed,2011,1000 t,920.0,E,feed
5207,South America,2511,Wheat and products,5527,Seed,2006,1000 t,894.0,E,seed
5207,South America,2511,Wheat and products,5527,Seed,2007,1000 t,848.0,E,seed
5207,South America,2511,Wheat and products,5527,Seed,2008,1000 t,744.0,E,seed
5207,South America,2511,Wheat and products,5527,Seed,2009,1000 t,802.0,E,seed
5207,South America,2511,Wheat and products,5527,Seed,2010,1000 t,829.0,E,seed
5207,South America,2511,Wheat and products,5527,Seed,2011,1000 t,666.0,E,seed
5207,South America,2511,Wheat and products,5123,Losses,2006,1000 t,1377.0,E,losses
5207,South America,2511,Wheat and products,5123,Losses,2007,1000 t,1467.0,E,losses
5207,South America,2511,Wheat and products,5123,Losses,2008,1000 t,1563.0,E,losses
5207,South America,2511,Wheat and products,5123,Losses,2009,1000 t,1473.0,E,losses
5207,South America,2511,Wheat and products,5123,Losses,2010,1000 t,1604.0,E,losses
5207,South America,2511,Wheat and products,5123,Losses,2011,1000 t,1503.0,E,losses
5207,South America,2511,Wheat and products,5142,Food,2006,1000 t,20995.0,E,food
5207,South America,2511,Wheat and products,5142,Food,2007,1000 t,21633.0,E,food
5207,South America,2511,Wheat and products,5142,Food,2008,1000 t,21966.0,E,food
5207,South America,2511,Wheat and products,5142,Food,2009,1000 t,22155.0,E,food
5207,South America,2511,Wheat and products,5142,Food,2010,1000 t,22751.0,E,food
5207,South America,2511,Wheat and products,5142,Food,2011,1000 t,22910.0,E,food
5300,Asia,2511,Wheat and products,5511,Production,2006,1000 t,271739.0,E,production
5300,Asia,2511,Wheat and products,5511,Production,2007,1000 t,283279.0,E,production
5300,Asia,2511,Wheat and products,5511,Production,2008,1000 t,272406.0,E,production
5300,Asia,2511,Wheat and products,5511,Production,2009,1000 t,296334.0,E,production
5300,Asia,2511,Wheat and products,5511,Production,2010,1000 t,286988.0,E,production
5300,Asia,2511,Wheat and products,5511,Production,2011,1000 t,306180.0,E,production
5300,Asia,2511,Wheat and products,5611,Import Quantity,2006,1000 t,53428.0,E,imports
5300,Asia,2511,Wheat and products,5611,Import Quantity,2007,1000 t,50171.0,E,imports
5300,Asia,2511,Wheat and products,5611,Import Quantity,2008,1000 t,51890.0,E,imports
5300,Asia,2511,Wheat and products,5611,Import Quantity,2009,1000 t,62172.0,E,imports
5300,Asia,2511,Wheat and products,5611,Import Quantity,2010,1000 t,57190.0,E,imports
5300,Asia,2511,Wheat and products,5611,Import Quantity,2011,1000 t,63467.0,E,imports
5300,Asia,2511,Wheat and products,5074,Stock Variation,2006,1000 t,-5393.0,E,stock_variation
5300,Asia,2511,Wheat and products,5074,Stock Variation,2007,1000 t,-6778.0,E,stock_variation
5300,Asia,2511,Wheat and products,5074,Stock Variation,2008,1000 t,-1911.0,E,stock_variation
5300,Asia,2511,Wheat and products,5074,Stock Variation,2009,1000 t,-25803.0,E,stock_variation
5300,Asia,2511,Wheat and products,5074,Stock Variation,2010,1000 t,773.0,E,stock_variation
5300,Asia,2511,Wheat and products,5074,Stock Variation,2011,1000 t,-6120.0,E,stock_variation
5300,Asia,2511,Wheat and products,5911,Export Quantity,2006,1000 t,13331.0,E,exports
5300,Asia,2511,Wheat and products,5911,Export Quantity,2007,1000 t,17765.0,E,exports
5300,Asia,2511,Wheat and products,5911,Export Quantity,2008,1000 t,12946.0,E,exports
5300,Asia,2511,Wheat and products,5911,Export Quantity,2009,1000 t,12517.0,E,exports
5300,Asia,2511,Wheat and products,5911,Export Quantity,2010,1000 t,17093.0,E,exports
5300,Asia,2511,Wheat and products,5911,Export Quantity,2011,1000 t,17040.0,E,exports
5300,Asia,2511,Wheat and products,5301,Domestic supply quantity,2006,1000 t,306444.0,E,domestic_supply
5300,Asia,2511,Wheat and products,5301,Domestic supply quantity,2007,1000 t,308907.0,E,domestic_supply
5300,Asia,2511,Wheat and products,5301,Domestic supply quantity,2008,1000 t,309439.0,E,domestic_supply
5300,Asia,2511,Wheat and products,5301,Domestic supply quantity,2009,1000 t,320186.0,E,domestic_supply
5300,Asia,2511,Wheat and products,5301,Domestic supply quantity,2010,1000 t,327858.0,E,domestic_supply
5300,Asia,2511,Wheat and products,5301,Domestic supply quantity,2011,1000 t,346487.0,E,domestic_supply
5300,Asia,2511,Wheat and products,5521,Feed,2006,1000 t,21431.0,E,feed
5300,Asia,2511,Wheat and products,5521,Feed,2007,1000 t,22121.0,E,feed
5300,Asia,2511,Wheat and products,5521,Feed,2008,1000 t,21291.0,E,feed
5300,Asia,2511,Wheat and products,5521,Feed,2009,1000 t,29237.0,E,feed
5300,Asia,2511,Wheat and products,5521,Feed,2010,1000 t,31221.0,E,feed
5300,Asia,2511,Wheat and products,5521,Feed,2011,1000 t,47529.0,E,feed
5300,Asia,2511,Wheat and products,5527,Seed,2006,1000 t,14159.0,E,seed
5300,Asia,2511,Wheat and products,5527,Seed,2007,1000 t,14018.0,E,seed
5300,Asia,2511,Wheat and products,5527,Seed,2008,1000 t,13916.0,E,seed
5300,Asia,2511,Wheat and products,5527,Seed,2009,1000 t,15241.0,E,seed
5300,Asia,2511,Wheat and products,5527,Seed,2010,1000 t,15154.0,E,seed
5300,Asia,2511,Wheat and products,5527,Seed,2011,1000 t,15318.0,E,seed
5300,Asia,2511,Wheat and products,5123,Losses,2006,1000 t,12895.0,E,losses
5300,Asia,2511,Wheat and products,5123,Losses,2007,1000 t,12928.0,E,losses
5300,Asia,2511,Wheat and products,5123,Losses,2008,1000 t,13650.0,E,losses
5300,Asia,2511,Wheat and products,5123,Losses,2009,1000 t,15073.0,E,losses
5300,Asia,2511,Wheat and products,5123,Losses,2010,1000 t,14411.0,E,losses
5300,Asia,2511,Wheat and products,5123,Losses,2011,1000 t,15237.0,E,losses
5300,Asia,2511,Wheat and products,5142,Food,2006,1000 t,250942.0,E,food
5300,Asia,2511,Wheat and products,5142,Food,2007,1000 t,252225.0,E,food
5300,Asia,2511,Wheat and products,5142,Food,2008,1000 t,252991.0,E,food
5300,Asia,2511,Wheat and products,5142,Food,2009,1000 t,252527.0,E,food
5300,Asia,2511,Wheat and products,5142,Food,2010,1000 t,258483.0,E,food
5300,Asia,2511,Wheat and products,5142,Food,2011,1000 t,259642.0,E,food
5301,Central Asia,2511,Wheat and products,5511,Production,2006,1000 t,24300.0,E,production
5301,Central Asia,2511,Wheat and products,5511,Production,2007,1000 t,26722.0,E,production
5301,Central Asia,2511,Wheat and products,5511,Production,2008,1000 t,22590.0,E,production
5301,Central Asia,2511,Wheat and products,5511,Production,2009,1000 t,28035.0,E,production
5301,Central Asia,2511,Wheat and products,5511,Production,2010,1000 t,20115.0,E,production
5301,Central Asia,2511,Wheat and products,5511,Production,2011,1000 t,32086.0,E,production
5301,Central Asia,2511,Wheat and products,5611,Import Quantity,2006,1000 t,2017.0,E,imports
5301,Central Asia,2511,Wheat and products,5611,Import Quantity,2007,1000 t,2893.0,E,imports
5301,Central Asia,2511,Wheat and products,5611,Import Quantity,2008,1000 t,3266.0,E,imports
5301,Central Asia,2511,Wheat and products,5611,Import Quantity,2009,1000 t,3177.0,E,imports
5301,Central Asia,2511,Wheat and products,5611,Import Quantity,2010,1000 t,3398.0,E,imports
5301,Central Asia,2511,Wheat and products,5611,Import Quantity,2011,1000 t,4187.0,E,imports
5301,Central Asia,2511,Wheat and products,5074,Stock Variation,2006,1000 t,-760.0,E,stock_variation
5301,Central Asia,2511,Wheat and products,5074,Stock Variation,2007,1000 t,-1121.0,E,stock_variation
5301,Central Asia,2511,Wheat and products,5074,Stock Variation,2008,1000 t,965.0,E,stock_variation
5301,Central Asia,2511,Wheat and products,5074,Stock Variation,2009,1000 t,-3484.0,E,stock_variation
5301,Central Asia,2511,Wheat and products,5074,Stock Variation,2010,1000 t,5533.0,E,stock_variation
5301,Central Asia,2511,Wheat and products,5074,Stock Variation,2011,1000 t,-8534.0,E,stock_variation
5301,Central Asia,2511,Wheat and products,5911,Export Quantity,2006,1000 t,5671.0,E,exports
5301,Central Asia,2511,Wheat and products,5911,Export Quantity,2007,1000 t,8098.0,E,exports
5301,Central Asia,2511,Wheat and products,5911,Export Quantity,2008,1000 t,7287.0,E,exports
5301,Central Asia,2511,Wheat and products,5911,Export Quantity,2009,1000 t,6201.0,E,exports
5301,Central Asia,2511,Wheat and products,5911,Export Quantity,2010,1000 t,8165.0,E,exports
5301,Central Asia,2511,Wheat and products,5911,Export Quantity,2011,1000 t,5504.0,E,exports
5301,Central Asia,2511,Wheat and products,5301,Domestic supply quantity,2006,1000 t,19887.0,E,domestic_supply
5301,Central Asia,2511,Wheat and products,5301,Domestic supply quantity,2007,1000 t,20396.0,E,domestic_supply
5301,Central Asia,2511,Wheat and products,5301,Domestic supply quantity,2008,1000 t,19534.0,E,domestic_supply
5301,Central Asia,2511,Wheat and products,5301,Domestic supply quantity,2009,1000 t,21527.0,E,domestic_supply
5301,Central Asia,2511,Wheat and products,5301,Domestic supply quantity,2010,1000 t,20880.0,E,domestic_supply
5301,Central Asia,2511,Wheat and products,5301,Domestic supply quantity,2011,1000 t,22236.0,E,domestic_supply
5301,Central Asia,2511,Wheat and products,5521,Feed,2006,1000 t,6484.0,E,feed
5301,Central Asia,2511,Wheat and products,5521,Feed,2007,1000 t,6934.0,E,feed
5301,Central Asia,2511,Wheat and products,5521,Feed,2008,1000 t,6346.0,E,feed
5301,Central Asia,2511,Wheat and products,5521,Feed,2009,1000 t,7283.0,E,feed
5301,Central Asia,2511,Wheat and products,5521,Feed,2010,1000 t,6229.0,E,feed
5301,Central Asia,2511,Wheat and products,5521,Feed,2011,1000 t,7638.0,E,feed
5301,Central Asia,2511,Wheat and products,5527,Seed,2006,1000 t,2640.0,E,seed
5301,Central Asia,2511,Wheat and products,5527,Seed,2007,1000 t,2753.0,E,seed
5301,Central Asia,2511,Wheat and products,5527,Seed,2008,1000 t,2411.0,E,seed
5301,Central Asia,2511,Wheat and products,5527,Seed,2009,1000 t,3087.0,E,seed
5301,Central Asia,2511,Wheat and products,5527,Seed,2010,1000 t,3058.0,E,seed
5301,Central Asia,2511,Wheat and products,5527,Seed,2011,1000 t,2991.0,E,seed
5301,Central Asia,2511,Wheat and products,5123,Losses,2006,1000 t,1047.0,E,losses
5301,Central Asia,2511,Wheat and products,5123,Losses,2007,1000 t,1155.0,E,losses
5301,Central Asia,2511,Wheat and products,5123,Losses,2008,1000 t,989.0,E,losses
5301,Central Asia,2511,Wheat and products,5123,Losses,2009,1000 t,1210.0,E,losses
5301,Central Asia,2511,Wheat and products,5123,Losses,2010,1000 t,800.0,E,losses
5301,Central Asia,2511,Wheat and products,5123,Losses,2011,1000 t,1416.0,E,losses
5301,Central Asia,2511,Wheat and products,5142,Food,2006,1000 t,8744.0,E,food
5301,Central Asia,2511,Wheat and products,5142,Food,2007,1000 t,8589.0,E,food
5301,Central Asia,2511,Wheat and products,5142,Food,2008,1000 t,8865.0,E,food
5301,Central Asia,2511,Wheat and products,5142,Food,2009,1000 t,8990.0,E,food
5301,Central Asia,2511,Wheat and products,5142,Food,2010,1000 t,9276.0,E,food
5301,Central Asia,2511,Wheat and products,5142,Food,2011,1000 t,9002.0,E,food
5302,Eastern Asia,2511,Wheat and products,5511,Production,2006,1000 t,109636.0,E,production
5302,Eastern Asia,2511,Wheat and products,5511,Production,2007,1000 t,110520.0,E,production
5302,Eastern Asia,2511,Wheat and products,5511,Production,2008,1000 t,113741.0,E,production
5302,Eastern Asia,2511,Wheat and products,5511,Production,2009,1000 t,116365.0,E,production
5302,Eastern Asia,2511,Wheat and products,5511,Production,2010,1000 t,116302.0,E,production
5302,Eastern Asia,2511,Wheat and products,5511,Production,2011,1000 t,118767.0,E,production
5302,Eastern Asia,2511,Wheat and products,5611,Import Quantity,2006,1000 t,12060.0,E,imports
5302,Eastern Asia,2511,Wheat and products,5611,Import Quantity,2007,1000 t,11517.0,E,imports
5302,Eastern Asia,2511,Wheat and products,5611,Import Quantity,2008,1000 t,11026.0,E,imports
5302,Eastern Asia,2511,Wheat and products,5611,Import Quantity,2009,1000 t,12348.0,E,imports
5302,Eastern Asia,2511,Wheat and products,5611,Import Quantity,2010,1000 t,13759.0,E,imports
5302,Eastern Asia,2511,Wheat and products,5611,Import Quantity,2011,1000 t,15114.0,E,imports
5302,Eastern Asia,2511,Wheat and products,5074,Stock Variation,2006,1000 t,-2649.0,E,stock_variation
5302,Eastern Asia,2511,Wheat and products,5074,Stock Variation,2007,1000 t,-805.0,E,stock_variation
5302,Eastern Asia,2511,Wheat and products,5074,Stock Variation,2008,1000 t,-7180.0,E,stock_variation
5302,Eastern Asia,2511,Wheat and products,5074,Stock Variation,2009,1000 t,-7913.0,E,stock_variation
5302,Eastern Asia,2511,Wheat and products,5074,Stock Variation,2010,1000 t,-5392.0,E,stock_variation
5302,Eastern Asia,2511,Wheat and products,5074,Stock Variation,2011,1000 t,6370.0,E,stock_variation
5302,Eastern Asia,2511,Wheat and products,5911,Export Quantity,2006,1000 t,2493.0,E,exports
5302,Eastern Asia,2511,Wheat and products,5911,Export Quantity,2007,1000 t,4174.0,E,exports
5302,Eastern Asia,2511,Wheat and products,5911,Export Quantity,2008,1000 t,1103.0,E,exports
5302,Eastern Asia,2511,Wheat and products,5911,Export Quantity,2009,1000 t,1011.0,E,exports
5302,Eastern Asia,2511,Wheat and products,5911,Export Quantity,2010,1000 t,1085.0,E,exports
5302,Eastern Asia,2511,Wheat and products,5911,Export Quantity,2011,1000 t,1178.0,E,exports
5302,Eastern Asia,2511,Wheat and products,5301,Domestic supply quantity,2006,1000 t,116554.0,E,domestic_supply
5302,Eastern Asia,2511,Wheat and products,5301,Domestic supply quantity,2007,1000 t,117058.0,E,domestic_supply
5302,Eastern Asia,2511,Wheat and products,5301,Domestic supply quantity,2008,1000 t,116483.0,E,domestic_supply
5302,Eastern Asia,2511,Wheat and products,5301,Domestic supply quantity,2009,1000 t,119789.0,E,domestic_supply
5302,Eastern Asia,2511,Wheat and products,5301,Domestic supply quantity,2010,1000 t,123585.0,E,domestic_supply
5302,Eastern Asia,2511,Wheat and products,5301,Domestic supply quantity,2011,1000 t,139073.0,E,domestic_supply
5302,Eastern Asia,2511,Wheat and products,5521,Feed,2006,1000 t,7151.0,E,feed
5302,Eastern Asia,2511,Wheat and products,5521,Feed,2007,1000 t,8164.0,E,feed
5302,Eastern Asia,2511,Wheat and products,5521,Feed,2008,1000 t,8754.0,E,feed
5302,Eastern Asia,2511,Wheat and products,5521,Feed,2009,1000 t,13977.0,E,feed
5302,Eastern Asia,2511,Wheat and products,5521,Feed,2010,1000 t,16574.0,E,feed
5302,Eastern Asia,2511,Wheat and products,5521,Feed,2011,1000 t,30607.0,E,feed
5302,Eastern Asia,2511,Wheat and products,5527,Seed,2006,1000 t,4191.0,E,seed
5302,Eastern Asia,2511,Wheat and products,5527,Seed,2007,1000 t,4155.0,E,seed
5302,Eastern Asia,2511,Wheat and products,5527,Seed,2008,1000 t,4457.0,E,seed
5302,Eastern Asia,2511,Wheat and products,5527,Seed,2009,1000 t,4748.0,E,seed
5302,Eastern Asia,2511,Wheat and products,5527,Seed,2010,1000 t,4748.0,E,seed
5302,Eastern Asia,2511,Wheat and products,5527,Seed,2011,1000 t,4746.0,E,seed
5302,Eastern Asia,2511,Wheat and products,5123,Losses,2006,1000 t,2896.0,E,losses
5302,Eastern Asia,2511,Wheat and products,5123,Losses,2007,1000 t,2741.0,E,losses
5302,Eastern Asia,2511,Wheat and products,5123,Losses,2008,1000 t,3153.0,E,losses
5302,Eastern Asia,2511,Wheat and products,5123,Losses,2009,1000 t,3101.0,E,losses
5302,Eastern Asia,2511,Wheat and products,5123,Losses,2010,1000 t,3104.0,E,losses
5302,Eastern Asia,2511,Wheat and products,5123,Losses,2011,1000 t,3253.0,E,losses
5302,Eastern Asia,2511,Wheat and products,5142,Food,2006,1000 t,99841.0,E,food
5302,Eastern Asia,2511,Wheat and products,5142,Food,2007,1000 t,99242.0,E,food
5302,Eastern Asia,2511,Wheat and products,5142,Food,2008,1000 t,97131.0,E,food
5302,Eastern Asia,2511,Wheat and products,5142,Food,2009,1000 t,94890.0,E,food
5302,Eastern Asia,2511,Wheat and products,5142,Food,2010,1000 t,96068.0,E,food
5302,Eastern Asia,2511,Wheat and products,5142,Food,2011,1000 t,97358.0,E,food
5303,Southern Asia,2511,Wheat and products,5511,Production,2006,1000 t,110787.0,E,production
5303,Southern Asia,2511,Wheat and products,5511,Production,2007,1000 t,121724.0,E,production
5303,Southern Asia,2511,Wheat and products,5511,Production,2008,1000 t,112525.0,E,production
5303,Southern Asia,2511,Wheat and products,5511,Production,2009,1000 t,125454.0,E,production
5303,Southern Asia,2511,Wheat and products,5511,Production,2010,1000 t,124604.0,E,production
5303,Southern Asia,2511,Wheat and products,5511,Production,2011,1000 t,126872.0,E,production
5303,Southern Asia,2511,Wheat and products,5611,Import Quantity,2006,1000 t,12471.0,E,imports
5303,Southern Asia,2511,Wheat and products,5611,Import Quantity,2007,1000 t,7881.0,E,imports
5303,Southern Asia,2511,Wheat and products,5611,Import Quantity,2008,1000 t,9652.0,E,imports
5303,Southern Asia,2511,Wheat and products,5611,Import Quantity,2009,1000 t,14129.0,E,imports
5303,Southern Asia,2511,Wheat and products,5611,Import Quantity,2010,1000 t,7305.0,E,imports
5303,Southern Asia,2511,Wheat and products,5611,Import Quantity,2011,1000 t,6478.0,E,imports
5303,Southern Asia,2511,Wheat and products,5074,Stock Variation,2006,1000 t,-1199.0,E,stock_variation
5303,Southern Asia,2511,Wheat and products,5074,Stock Variation,2007,1000 t,-4587.0,E,stock_variation
5303,Southern Asia,2511,Wheat and products,5074,Stock Variation,2008,1000 t,4574.0,E,stock_variation
5303,Southern Asia,2511,Wheat and products,5074,Stock Variation,2009,1000 t,-11229.0,E,stock_variation
5303,Southern Asia,2511,Wheat and products,5074,Stock Variation,2010,1000 t,51.0,E,stock_variation
5303,Southern Asia,2511,Wheat and products,5074,Stock Variation,2011,1000 t,2476.0,E,stock_variation
5303,Southern Asia,2511,Wheat and products,5911,Export Quantity,2006,1000 t,1098.0,E,exports
5303,Southern Asia,2511,Wheat and products,5911,Export Quantity,2007,1000 t,2067.0,E,exports
5303,Southern Asia,2511,Wheat and products,5911,Export Quantity,2008,1000 t,995.0,E,exports
5303,Southern Asia,2511,Wheat and products,5911,Export Quantity,2009,1000 t,634.0,E,exports
5303,Southern Asia,2511,Wheat and products,5911,Export Quantity,2010,1000 t,1433.0,E,exports
5303,Southern Asia,2511,Wheat and products,5911,Export Quantity,2011,1000 t,5167.0,E,exports
5303,Southern Asia,2511,Wheat and products,5301,Domestic supply quantity,2006,1000 t,120961.0,E,domestic_supply
5303,Southern Asia,2511,Wheat and products,5301,Domestic supply quantity,2007,1000 t,122951.0,E,domestic_supply
5303,Southern Asia,2511,Wheat and products,5301,Domestic supply quantity,2008,1000 t,125755.0,E,domestic_supply
5303,Southern Asia,2511,Wheat and products,5301,Domestic supply quantity,2009,1000 t,127720.0,E,domestic_supply
5303,Southern Asia,2511,Wheat and products,5301,Domestic supply quantity,2010,1000 t,130527.0,E,domestic_supply
5303,Southern Asia,2511,Wheat and products,5301,Domestic supply quantity,2011,1000 t,130659.0,E,domestic_supply
5303,Southern Asia,2511,Wheat and products,5521,Feed,2006,1000 t,3769.0,E,feed
5303,Southern Asia,2511,Wheat and products,5521,Feed,2007,1000 t,3350.0,E,feed
5303,Southern Asia,2511,Wheat and products,5521,Feed,2008,1000 t,2712.0,E,feed
5303,Southern Asia,2511,Wheat and products,5521,Feed,2009,1000 t,3145.0,E,feed
5303,Southern Asia,2511,Wheat and products,5521,Feed,2010,1000 t,3131.0,E,feed
5303,Southern Asia,2511,Wheat and products,5521,Feed,2011,1000 t,3081.0,E,feed
5303,Southern Asia,2511,Wheat and products,5527,Seed,2006,1000 t,5283.0,E,seed
5303,Southern Asia,2511,Wheat and products,5527,Seed,2007,1000 t,5163.0,E,seed
5303,Southern Asia,2511,Wheat and products,5527,Seed,2008,1000 t,5119.0,E,seed
5303,Southern Asia,2511,Wheat and products,5527,Seed,2009,1000 t,5467.0,E,seed
5303,Southern Asia,2511,Wheat and products,5527,Seed,2010,1000 t,5403.0,E,seed
5303,Southern Asia,2511,Wheat and products,5527,Seed,2011,1000 t,5638.0,E,seed
5303,Southern Asia,2511,Wheat and products,5123,Losses,2006,1000 t,5957.0,E,losses
5303,Southern Asia,2511,Wheat and products,5123,Losses,2007,1000 t,6351.0,E,losses
5303,Southern Asia,2511,Wheat and products,5123,Losses,2008,1000 t,6705.0,E,losses
5303,Southern Asia,2511,Wheat and products,5123,Losses,2009,1000 t,7588.0,E,losses
5303,Southern Asia,2511,Wheat and products,5123,Losses,2010,1000 t,7363.0,E,losses
5303,Southern Asia,2511,Wheat and products,5123,Losses,2011,1000 t,7216.0,E,losses
5303,Southern Asia,2511,Wheat and products,5142,Food,2006,1000 t,104402.0,E,food
5303,Southern Asia,2511,Wheat and products,5142,Food,2007,1000 t,106470.0,E,food
5303,Southern Asia,2511,Wheat and products,5142,Food,2008,1000 t,109633.0,E,food
5303,Southern Asia,2511,Wheat and products,5142,Food,2009,1000 t,109720.0,E,food
5303,Southern Asia,2511,Wheat and products,5142,Food,2010,1000 t,113009.0,E,food
5303,Southern Asia,2511,Wheat and products,5142,Food,2011,1000 t,112941.0,E,food
5304,South-eastern Asia,2511,Wheat and products,5511,Production,2006,1000 t,141.0,E,production
5304,South-eastern Asia,2511,Wheat and products,5511,Production,2007,1000 t,156.0,E,production
5304,South-eastern Asia,2511,Wheat and products,5511,Production,2008,1000 t,174.0,E,production
5304,South-eastern Asia,2511,Wheat and products,5511,Production,2009,1000 t,183.0,E,production
5304,South-eastern Asia,2511,Wheat and products,5511,Production,2010,1000 t,185.0,E,production
5304,South-eastern Asia,2511,Wheat and products,5511,Production,2011,1000 t,174.0,E,production
5304,South-eastern Asia,2511,Wheat and products,5611,Import Quantity,2006,1000 t,13184.0,E,imports
5304,South-eastern Asia,2511,Wheat and products,5611,Import Quantity,2007,1000 t,12463.0,E,imports
5304,South-eastern Asia,2511,Wheat and products,5611,Import Quantity,2008,1000 t,10193.0,E,imports
5304,South-eastern Asia,2511,Wheat and products,5611,Import Quantity,2009,1000 t,13057.0,E,imports
5304,South-eastern Asia,2511,Wheat and products,5611,Import Quantity,2010,1000 t,14049.0,E,imports
5304,South-eastern Asia,2511,Wheat and products,5611,Import Quantity,2011,1000 t,15711.0,E,imports
5304,South-eastern Asia,2511,Wheat and products,5074,Stock Variation,2006,1000 t,-804.0,E,stock_variation
5304,South-eastern Asia,2511,Wheat and products,5074,Stock Variation,2007,1000 t,-605.0,E,stock_variation
5304,South-eastern Asia,2511,Wheat and products,5074,Stock Variation,2008,1000 t,937.0,E,stock_variation
5304,South-eastern Asia,2511,Wheat and products,5074,Stock Variation,2009,1000 t,-34.0,E,stock_variation
5304,South-eastern Asia,2511,Wheat and products,5074,Stock Variation,2010,1000 t,608.0,E,stock_variation
5304,South-eastern Asia,2511,Wheat and products,5074,Stock Variation,2011,1000 t,-132.0,E,stock_variation
5304,South-eastern Asia,2511,Wheat and products,5911,Export Quantity,2006,1000 t,647.0,E,exports
5304,South-eastern Asia,2511,Wheat and products,5911,Export Quantity,2007,1000 t,675.0,E,exports
5304,South-eastern Asia,2511,Wheat and products,5911,Export Quantity,2008,1000 t,681.0,E,exports
5304,South-eastern Asia,2511,Wheat and products,5911,Export Quantity,2009,1000 t,646.0,E,exports
5304,South-eastern Asia,2511,Wheat and products,5911,Export Quantity,2010,1000 t,789.0,E,exports
5304,South-eastern Asia,2511,Wheat and products,5911,Export Quantity,2011,1000 t,835.0,E,exports
5304,South-eastern Asia,2511,Wheat and products,5301,Domestic supply quantity,2006,1000 t,11873.0,E,domestic_supply
5304,South-eastern Asia,2511,Wheat and products,5301,Domestic supply quantity,2007,1000 t,11339.0,E,domestic_supply
5304,South-eastern Asia,2511,Wheat and products,5301,Domestic supply quantity,2008,1000 t,10624.0,E,domestic_supply
5304,South-eastern Asia,2511,Wheat and products,5301,Domestic supply quantity,2009,1000 t,12560.0,E,domestic_supply
5304,South-eastern Asia,2511,Wheat and products,5301,Domestic supply quantity,2010,1000 t,14053.0,E,domestic_supply
5304,South-eastern Asia,2511,Wheat and products,5301,Domestic supply quantity,2011,1000 t,14917.0,E,domestic_supply
5304,South-eastern Asia,2511,Wheat and products,5521,Feed,2006,1000 t,1457.0,E,feed
5304,South-eastern Asia,2511,Wheat and products,5521,Feed,2007,1000 t,1258.0,E,feed
5304,South-eastern Asia,2511,Wheat and products,5521,Feed,2008,1000 t,1211.0,E,feed
5304,South-eastern Asia,2511,Wheat and products,5521,Feed,2009,1000 t,2167.0,E,feed
5304,South-eastern Asia,2511,Wheat and products,5521,Feed,2010,1000 t,2563.0,E,feed
5304,South-eastern Asia,2511,Wheat and products,5521,Feed,2011,1000 t,3184.0,E,feed
5304,South-eastern Asia,2511,Wheat and products,5527,Seed,2006,1000 t,6.0,E,seed
5304,South-eastern Asia,2511,Wheat and products,5527,Seed,2007,1000 t,6.0,E,seed
5304,South-eastern Asia,2511,Wheat and products,5527,Seed,2008,1000 t,6.0,E,seed
5304,South-eastern Asia,2511,Wheat and products,5527,Seed,2009,1000 t,6.0,E,seed
5304,South-eastern Asia,2511,Wheat and products,5527,Seed,2010,1000 t,6.0,E,seed
5304,South-eastern Asia,2511,Wheat and products,5527,Seed,2011,1000 t,6.0,E,seed
5304,South-eastern Asia,2511,Wheat and products,5123,Losses,2006,1000 t,136.0,E,losses
5304,South-eastern Asia,2511,Wheat and products,5123,Losses,2007,1000 t,139.0,E,losses
5304,South-eastern Asia,2511,Wheat and products,5123,Losses,2008,1000 t,133.0,E,losses
5304,South-eastern Asia,2511,Wheat and products,5123,Losses,2009,1000 t,148.0,E,losses
5304,South-eastern Asia,2511,Wheat and products,5123,Losses,2010,1000 t,167.0,E,losses
5304,South-eastern Asia,2511,Wheat and products,5123,Losses,2011,1000 t,175.0,E,losses
5304,South-eastern Asia,2511,Wheat and products,5142,Food,2006,1000 t,10096.0,E,food
5304,South-eastern Asia,2511,Wheat and products,5142,Food,2007,1000 t,9765.0,E,food
5304,South-eastern Asia,2511,Wheat and products,5142,Food,2008,1000 t,9108.0,E,food
5304,South-eastern Asia,2511,Wheat and products,5142,Food,2009,1000 t,10070.0,E,food
5304,South-eastern Asia,2511,Wheat and products,5142,Food,2010,1000 t,11149.0,E,food
5304,South-eastern Asia,2511,Wheat and products,5142,Food,2011,1000 t,11401.0,E,food
5305,Western Asia,2511,Wheat and products,5511,Production,2006,1000 t,26875.0,E,production
5305,Western Asia,2511,Wheat and products,5511,Production,2007,1000 t,24156.0,E,production
5305,Western Asia,2511,Wheat and products,5511,Production,2008,1000 t,23376.0,E,production
5305,Western Asia,2511,Wheat and products,5511,Production,2009,1000 t,26297.0,E,production
5305,Western Asia,2511,Wheat and products,5511,Production,2010,1000 t,25781.0,E,production
5305,Western Asia,2511,Wheat and products,5511,Production,2011,1000 t,28282.0,E,production
5305,Western Asia,2511,Wheat and products,5611,Import Quantity,2006,1000 t,13696.0,E,imports
5305,Western Asia,2511,Wheat and products,5611,Import Quantity,2007,1000 t,15417.0,E,imports
5305,Western Asia,2511,Wheat and products,5611,Import Quantity,2008,1000 t,17754.0,E,imports
5305,Western Asia,2511,Wheat and products,5611,Import Quantity,2009,1000 t,19461.0,E,imports
5305,Western Asia,2511,Wheat and products,5611,Import Quantity,2010,1000 t,18680.0,E,imports
5305,Western Asia,2511,Wheat and products,5611,Import Quantity,2011,1000 t,21978.0,E,imports
5305,Western Asia,2511,Wheat and products,5074,Stock Variation,2006,1000 t,19.0,E,stock_variation
5305,Western Asia,2511,Wheat and products,5074,Stock Variation,2007,1000 t,341.0,E,stock_variation
5305,Western Asia,2511,Wheat and products,5074,Stock Variation,2008,1000 t,-1207.0,E,stock_variation
5305,Western Asia,2511,Wheat and products,5074,Stock Variation,2009,1000 t,-3142.0,E,stock_variation
5305,Western Asia,2511,Wheat and products,5074,Stock Variation,2010,1000 t,-27.0,E,stock_variation
5305,Western Asia,2511,Wheat and products,5074,Stock Variation,2011,1000 t,-6300.0,E,stock_variation
5305,Western Asia,2511,Wheat and products,5911,Export Quantity,2006,1000 t,3422.0,E,exports
5305,Western Asia,2511,Wheat and products,5911,Export Quantity,2007,1000 t,2752.0,E,exports
5305,Western Asia,2511,Wheat and products,5911,Export Quantity,2008,1000 t,2880.0,E,exports
5305,Western Asia,2511,Wheat and products,5911,Export Quantity,2009,1000 t,4025.0,E,exports
5305,Western Asia,2511,Wheat and products,5911,Export Quantity,2010,1000 t,5621.0,E,exports
5305,Western Asia,2511,Wheat and products,5911,Export Quantity,2011,1000 t,4356.0,E,exports
5305,Western Asia,2511,Wheat and products,5301,Domestic supply quantity,2006,1000 t,37169.0,E,domestic_supply
5305,Western Asia,2511,Wheat and products,5301,Domestic supply quantity,2007,1000 t,37163.0,E,domestic_supply
5305,Western Asia,2511,Wheat and products,5301,Domestic supply quantity,2008,1000 t,37043.0,E,domestic_supply
5305,Western Asia,2511,Wheat and products,5301,Domestic supply quantity,2009,1000 t,38590.0,E,domestic_supply
5305,Western Asia,2511,Wheat and products,5301,Domestic supply quantity,2010,1000 t,38813.0,E,domestic_supply
5305,Western Asia,2511,Wheat and products,5301,Domestic supply quantity,2011,1000 t,39602.0,E,domestic_supply
5305,Western Asia,2511,Wheat and products,5521,Feed,2006,1000 t,2570.0,E,feed
5305,Western Asia,2511,Wheat and products,5521,Feed,2007,1000 t,2415.0,E,feed
5305,Western Asia,2511,Wheat and products,5521,Feed,2008,1000 t,2269.0,E,feed
5305,Western Asia,2511,Wheat and products,5521,Feed,2009,1000 t,2665.0,E,feed
5305,Western Asia,2511,Wheat and products,5521,Feed,2010,1000 t,2723.0,E,feed
5305,Western Asia,2511,Wheat and products,5521,Feed,2011,1000 t,3019.0,E,feed
5305,Western Asia,2511,Wheat and products,5527,Seed,2006,1000 t,2039.0,E,seed
5305,Western Asia,2511,Wheat and products,5527,Seed,2007,1000 t,1940.0,E,seed
5305,Western Asia,2511,Wheat and products,5527,Seed,2008,1000 t,1922.0,E,seed
5305,Western Asia,2511,Wheat and products,5527,Seed,2009,1000 t,1932.0,E,seed
5305,Western Asia,2511,Wheat and products,5527,Seed,2010,1000 t,1938.0,E,seed
5305,Western Asia,2511,Wheat and products,5527,Seed,2011,1000 t,1937.0,E,seed
5305,Western Asia,2511,Wheat and products,5123,Losses,2006,1000 t,2859.0,E,losses
5305,Western Asia,2511,Wheat and products,5123,Losses,2007,1000 t,2542.0,E,losses
5305,Western Asia,2511,Wheat and products,5123,Losses,2008,1000 t,2669.0,E,losses
5305,Western Asia,2511,Wheat and products,5123,Losses,2009,1000 t,3026.0,E,losses
5305,Western Asia,2511,Wheat and products,5123,Losses,2010,1000 t,2977.0,E,losses
5305,Western Asia,2511,Wheat and products,5123,Losses,2011,1000 t,3178.0,E,losses
5305,Western Asia,2511,Wheat and products,5142,Food,2006,1000 t,27858.0,E,food
5305,Western Asia,2511,Wheat and products,5142,Food,2007,1000 t,28158.0,E,food
5305,Western Asia,2511,Wheat and products,5142,Food,2008,1000 t,28254.0,E,food
5305,Western Asia,2511,Wheat and products,5142,Food,2009,1000 t,28857.0,E,food
5305,Western Asia,2511,Wheat and products,5142,Food,2010,1000 t,28981.0,E,food
5305,Western Asia,2511,Wheat and products,5142,Food,2011,1000 t,28941.0,E,food
5400,Europe,2511,Wheat and products,5511,Production,2006,1000 t,191708.0,E,production
5400,Europe,2511,Wheat and products,5511,Production,2007,1000 t,189737.0,E,production
5400,Europe,2511,Wheat and products,5511,Production,2008,1000 t,248146.0,E,production
5400,Europe,2511,Wheat and products,5511,Production,2009,1000 t,228566.0,E,production
5400,Europe,2511,Wheat and products,5511,Production,2010,1000 t,201569.0,E,production
5400,Europe,2511,Wheat and products,5511,Production,2011,1000 t,224033.0,E,production
5400,Europe,2511,Wheat and products,5611,Import Quantity,2006,1000 t,40883.0,E,imports
5400,Europe,2511,Wheat and products,5611,Import Quantity,2007,1000 t,40568.0,E,imports
5400,Europe,2511,Wheat and products,5611,Import Quantity,2008,1000 t,41152.0,E,imports
5400,Europe,2511,Wheat and products,5611,Import Quantity,2009,1000 t,46974.0,E,imports
5400,Europe,2511,Wheat and products,5611,Import Quantity,2010,1000 t,47032.0,E,imports
5400,Europe,2511,Wheat and products,5611,Import Quantity,2011,1000 t,45272.0,E,imports
5400,Europe,2511,Wheat and products,5074,Stock Variation,2006,1000 t,9793.0,E,stock_variation
5400,Europe,2511,Wheat and products,5074,Stock Variation,2007,1000 t,3143.0,E,stock_variation
5400,Europe,2511,Wheat and products,5074,Stock Variation,2008,1000 t,-13627.0,E,stock_variation
5400,Europe,2511,Wheat and products,5074,Stock Variation,2009,1000 t,4358.0,E,stock_variation
5400,Europe,2511,Wheat and products,5074,Stock Variation,2010,1000 t,5477.0,E,stock_variation
5400,Europe,2511,Wheat and products,5074,Stock Variation,2011,1000 t,-12457.0,E,stock_variation
5400,Europe,2511,Wheat and products,5911,Export Quantity,2006,1000 t,65002.0,E,exports
5400,Europe,2511,Wheat and products,5911,Export Quantity,2007,1000 t,60346.0,E,exports
5400,Europe,2511,Wheat and products,5911,Export Quantity,2008,1000 t,74340.0,E,exports
5400,Europe,2511,Wheat and products,5911,Export Quantity,2009,1000 t,92689.0,E,exports
5400,Europe,2511,Wheat and products,5911,Export Quantity,2010,1000 t,83067.0,E,exports
5400,Europe,2511,Wheat and products,5911,Export Quantity,2011,1000 t,78955.0,E,exports
5400,Europe,2511,Wheat and products,5301,Domestic supply quantity,2006,1000 t,177382.0,E,domestic_supply
5400,Europe,2511,Wheat and products,5301,Domestic supply quantity,2007,1000 t,173101.0,E,domestic_supply
5400,Europe,2511,Wheat and products,5301,Domestic supply quantity,2008,1000 t,201331.0,E,domestic_supply
5400,Europe,2511,Wheat and products,5301,Domestic supply quantity,2009,1000 t,187209.0,E,domestic_supply
5400,Europe,2511,Wheat and products,5301,Domestic supply quantity,2010,1000 t,171011.0,E,domestic_supply
5400,Europe,2511,Wheat and products,5301,Domestic supply quantity,2011,1000 t,177893.0,E,domestic_supply
5400,Europe,2511,Wheat and products,5521,Feed,2006,1000 t,70158.0,E,feed
5400,Europe,2511,Wheat and products,5521,Feed,2007,1000 t,65144.0,E,feed
5400,Europe,2511,Wheat and products,5521,Feed,2008,1000 t,89667.0,E,feed
5400,Europe,2511,Wheat and products,5521,Feed,2009,1000 t,76826.0,E,feed
5400,Europe,2511,Wheat and products,5521,Feed,2010,1000 t,59200.0,E,feed
5400,Europe,2511,Wheat and products,5521,Feed,2011,1000 t,66659.0,E,feed
5400,Europe,2511,Wheat and products,5527,Seed,2006,1000 t,13634.0,E,seed
5400,Europe,2511,Wheat and products,5527,Seed,2007,1000 t,14488.0,E,seed
5400,Europe,2511,Wheat and products,5527,Seed,2008,1000 t,15129.0,E,seed
5400,Europe,2511,Wheat and products,5527,Seed,2009,1000 t,14211.0,E,seed
5400,Europe,2511,Wheat and products,5527,Seed,2010,1000 t,13887.0,E,seed
5400,Europe,2511,Wheat and products,5527,Seed,2011,1000 t,13415.0,E,seed
5400,Europe,2511,Wheat and products,5123,Losses,2006,1000 t,3679.0,E,losses
5400,Europe,2511,Wheat and products,5123,Losses,2007,1000 t,3756.0,E,losses
5400,Europe,2511,Wheat and products,5123,Losses,2008,1000 t,4787.0,E,losses
5400,Europe,2511,Wheat and products,5123,Losses,2009,1000 t,4111.0,E,losses
5400,Europe,2511,Wheat and products,5123,Losses,2010,1000 t,4320.0,E,losses
5400,Europe,2511,Wheat and products,5123,Losses,2011,1000 t,4378.0,E,losses
5400,Europe,2511,Wheat and products,5142,Food,2006,1000 t,79944.0,E,food
5400,Europe,2511,Wheat and products,5142,Food,2007,1000 t,79256.0,E,food
5400,Europe,2511,Wheat and products,5142,Food,2008,1000 t,79883.0,E,food
5400,Europe,2511,Wheat and products,5142,Food,2009,1000 t,79946.0,E,food
5400,Europe,2511,Wheat and products,5142,Food,2010,1000 t,81351.0,E,food
5400,Europe,2511,Wheat and products,5142,Food,2011,1000 t,80659.0,E,food
5401,Eastern Europe,2511,Wheat and products,5511,Production,2006,1000 t,85754.0,E,production
5401,Eastern Europe,2511,Wheat and products,5511,Production,2007,1000 t,88166.0,E,production
5401,Eastern Europe,2511,Wheat and products,5511,Production,2008,1000 t,126152.0,E,production
5401,Eastern Europe,2511,Wheat and products,5511,Production,2009,1000 t,114626.0,E,production
5401,Eastern Europe,2511,Wheat and products,5511,Production,2010,1000 t,89328.0,E,production
5401,Eastern Europe,2511,Wheat and products,5511,Production,2011,1000 t,113071.0,E,production
5401,Eastern Europe,2511,Wheat and products,5611,Import Quantity,2006,1000 t,3663.0,E,imports
5401,Eastern Europe,2511,Wheat and products,5611,Import Quantity,2007,1000 t,4216.0,E,imports
5401,Eastern Europe,2511,Wheat and products,5611,Import Quantity,2008,1000 t,3760.0,E,imports
5401,Eastern Europe,2511,Wheat and products,5611,Import Quantity,2009,1000 t,3129.0,E,imports
5401,Eastern Europe,2511,Wheat and products,5611,Import Quantity,2010,1000 t,3406.0,E,imports
5401,Eastern Europe,2511,Wheat and products,5611,Import Quantity,2011,1000 t,3825.0,E,imports
5401,Eastern Europe,2511,Wheat and products,5074,Stock Variation,2006,1000 t,4313.0,E,stock_variation
5401,Eastern Europe,2511,Wheat and products,5074,Stock Variation,2007,1000 t,53.0,E,stock_variation
5401,Eastern Europe,2511,Wheat and products,5074,Stock Variation,2008,1000 t,-7551.0,E,stock_variation
5401,Eastern Europe,2511,Wheat and products,5074,Stock Variation,2009,1000 t,4997.0,E,stock_variation
5401,Eastern Europe,2511,Wheat and products,5074,Stock Variation,2010,1000 t,3182.0,E,stock_variation
5401,Eastern Europe,2511,Wheat and products,5074,Stock Variation,2011,1000 t,-14522.0,E,stock_variation
5401,Eastern Europe,2511,Wheat and products,5911,Export Quantity,2006,1000 t,22095.0,E,exports
5401,Eastern Europe,2511,Wheat and products,5911,Export Quantity,2007,1000 t,20537.0,E,exports
5401,Eastern Europe,2511,Wheat and products,5911,Export Quantity,2008,1000 t,28888.0,E,exports
5401,Eastern Europe,2511,Wheat and products,5911,Export Quantity,2009,1000 t,42255.0,E,exports
5401,Eastern Europe,2511,Wheat and products,5911,Export Quantity,2010,1000 t,27726.0,E,exports
5401,Eastern Europe,2511,Wheat and products,5911,Export Quantity,2011,1000 t,29818.0,E,exports
5401,Eastern Europe,2511,Wheat and products,5301,Domestic supply quantity,2006,1000 t,71634.0,E,domestic_supply
5401,Eastern Europe,2511,Wheat and products,5301,Domestic supply quantity,2007,1000 t,71899.0,E,domestic_supply
5401,Eastern Europe,2511,Wheat and products,5301,Domestic supply quantity,2008,1000 t,93473.0,E,domestic_supply
5401,Eastern Europe,2511,Wheat and products,5301,Domestic supply quantity,2009,1000 t,80496.0,E,domestic_supply
5401,Eastern Europe,2511,Wheat and products,5301,Domestic supply quantity,2010,1000 t,68191.0,E,domestic_supply
5401,Eastern Europe,2511,Wheat and products,5301,Domestic supply quantity,2011,1000 t,72556.0,E,domestic_supply
5401,Eastern Europe,2511,Wheat and products,5521,Feed,2006,1000 t,21468.0,E,feed
5401,Eastern Europe,2511,Wheat and products,5521,Feed,2007,1000 t,20740.0,E,feed
5401,Eastern Europe,2511,Wheat and products,5521,Feed,2008,1000 t,40641.0,E,feed
5401,Eastern Europe,2511,Wheat and products,5521,Feed,2009,1000 t,30127.0,E,feed
5401,Eastern Europe,2511,Wheat and products,5521,Feed,2010,1000 t,17372.0,E,feed
5401,Eastern Europe,2511,Wheat and products,5521,Feed,2011,1000 t,22339.0,E,feed
5401,Eastern Europe,2511,Wheat and products,5527,Seed,2006,1000 t,9981.0,E,seed
5401,Eastern Europe,2511,Wheat and products,5527,Seed,2007,1000 t,10808.0,E,seed
5401,Eastern Europe,2511,Wheat and products,5527,Seed,2008,1000 t,11454.0,E,seed
5401,Eastern Europe,2511,Wheat and products,5527,Seed,2009,1000 t,10790.0,E,seed
5401,Eastern Europe,2511,Wheat and products,5527,Seed,2010,1000 t,10532.0,E,seed
5401,Eastern Europe,2511,Wheat and products,5527,Seed,2011,1000 t,10039.0,E,seed
5401,Eastern Europe,2511,Wheat and products,5123,Losses,2006,1000 t,1598.0,E,losses
5401,Eastern Europe,2511,Wheat and products,5123,Losses,2007,1000 t,1675.0,E,losses
5401,Eastern Europe,2511,Wheat and products,5123,Losses,2008,1000 t,2322.0,E,losses
5401,Eastern Europe,2511,Wheat and products,5123,Losses,2009,1000 t,1613.0,E,losses
5401,Eastern Europe,2511,Wheat and products,5123,Losses,2010,1000 t,2021.0,E,losses
5401,Eastern Europe,2511,Wheat and products,5123,Losses,2011,1000 t,2089.0,E,losses
5401,Eastern Europe,2511,Wheat and products,5142,Food,2006,1000 t,36271.0,E,food
5401,Eastern Europe,2511,Wheat and products,5142,Food,2007,1000 t,35736.0,E,food
5401,Eastern Europe,2511,Wheat and products,5142,Food,2008,1000 t,35294.0,E,food
5401,Eastern Europe,2511,Wheat and products,5142,Food,2009,1000 t,35067.0,E,food
5401,Eastern Europe,2511,Wheat and products,5142,Food,2010,1000 t,35592.0,E,food
5401,Eastern Europe,2511,Wheat and products,5142,Food,2011,1000 t,35068.0,E,food
5402,Northern Europe,2511,Wheat and products,5511,Production,2006,1000 t,24986.0,E,production
5402,Northern Europe,2511,Wheat and products,5511,Production,2007,1000 t,24451.0,E,production
5402,Northern Europe,2511,Wheat and products,5511,Production,2008,1000 t,29736.0,E,production
5402,Northern Europe,2511,Wheat and products,5511,Production,2009,1000 t,27628.0,E,production
5402,Northern Europe,2511,Wheat and products,5511,Production,2010,1000 t,26879.0,E,production
5402,Northern Europe,2511,Wheat and products,5511,Production,2011,1000 t,27696.0,E,production
5402,Northern Europe,2511,Wheat and products,5611,Import Quantity,2006,1000 t,4716.0,E,imports
5402,Northern Europe,2511,Wheat and products,5611,Import Quantity,2007,1000 t,4870.0,E,imports
5402,Northern Europe,2511,Wheat and products,5611,Import Quantity,2008,1000 t,5531.0,E,imports
5402,Northern Europe,2511,Wheat and products,5611,Import Quantity,2009,1000 t,5992.0,E,imports
5402,Northern Europe,2511,Wheat and products,5611,Import Quantity,2010,1000 t,5736.0,E,imports
5402,Northern Europe,2511,Wheat and products,5611,Import Quantity,2011,1000 t,5208.0,E,imports
5402,Northern Europe,2511,Wheat and products,5074,Stock Variation,2006,1000 t,581.0,E,stock_variation
5402,Northern Europe,2511,Wheat and products,5074,Stock Variation,2007,1000 t,1117.0,E,stock_variation
5402,Northern Europe,2511,Wheat and products,5074,Stock Variation,2008,1000 t,-2543.0,E,stock_variation
5402,Northern Europe,2511,Wheat and products,5074,Stock Variation,2009,1000 t,200.0,E,stock_variation
5402,Northern Europe,2511,Wheat and products,5074,Stock Variation,2010,1000 t,2580.0,E,stock_variation
5402,Northern Europe,2511,Wheat and products,5074,Stock Variation,2011,1000 t,-368.0,E,stock_variation
5402,Northern Europe,2511,Wheat and products,5911,Export Quantity,2006,1000 t,5350.0,E,exports
5402,Northern Europe,2511,Wheat and products,5911,Export Quantity,2007,1000 t,5553.0,E,exports
5402,Northern Europe,2511,Wheat and products,5911,Export Quantity,2008,1000 t,7478.0,E,exports
5402,Northern Europe,2511,Wheat and products,5911,Export Quantity,2009,1000 t,8592.0,E,exports
5402,Northern Europe,2511,Wheat and products,5911,Export Quantity,2010,1000 t,9397.0,E,exports
5402,Northern Europe,2511,Wheat and products,5911,Export Quantity,2011,1000 t,6899.0,E,exports
5402,Northern Europe,2511,Wheat and products,5301,Domestic supply quantity,2006,1000 t,24933.0,E,domestic_supply
5402,Northern Europe,2511,Wheat and products,5301,Domestic supply quantity,2007,1000 t,24885.0,E,domestic_supply
5402,Northern Europe,2511,Wheat and products,5301,Domestic supply quantity,2008,1000 t,25246.0,E,domestic_supply
5402,Northern Europe,2511,Wheat and products,5301,Domestic supply quantity,2009,1000 t,25228.0,E,domestic_supply
5402,Northern Europe,2511,Wheat and products,5301,Domestic supply quantity,2010,1000 t,25798.0,E,domestic_supply
5402,Northern Europe,2511,Wheat and products,5301,Domestic supply quantity,2011,1000 t,25637.0,E,domestic_supply
5402,Northern Europe,2511,Wheat and products,5521,Feed,2006,1000 t,13127.0,E,feed
5402,Northern Europe,2511,Wheat and products,5521,Feed,2007,1000 t,12944.0,E,feed
5402,Northern Europe,2511,Wheat and products,5521,Feed,2008,1000 t,12435.0,E,feed
5402,Northern Europe,2511,Wheat and products,5521,Feed,2009,1000 t,12835.0,E,feed
5402,Northern Europe,2511,Wheat and products,5521,Feed,2010,1000 t,12957.0,E,feed
5402,Northern Europe,2511,Wheat and products,5521,Feed,2011,1000 t,13133.0,E,feed
5402,Northern Europe,2511,Wheat and products,5527,Seed,2006,1000 t,751.0,E,seed
5402,Northern Europe,2511,Wheat and products,5527,Seed,2007,1000 t,799.0,E,seed
5402,Northern Europe,2511,Wheat and products,5527,Seed,2008,1000 t,794.0,E,seed
5402,Northern Europe,2511,Wheat and products,5527,Seed,2009,1000 t,813.0,E,seed
5402,Northern Europe,2511,Wheat and products,5527,Seed,2010,1000 t,836.0,E,seed
5402,Northern Europe,2511,Wheat and products,5527,Seed,2011,1000 t,839.0,E,seed
5402,Northern Europe,2511,Wheat and products,5123,Losses,2006,1000 t,600.0,E,losses
5402,Northern Europe,2511,Wheat and products,5123,Losses,2007,1000 t,593.0,E,losses
5402,Northern Europe,2511,Wheat and products,5123,Losses,2008,1000 t,676.0,E,losses
5402,Northern Europe,2511,Wheat and products,5123,Losses,2009,1000 t,653.0,E,losses
5402,Northern Europe,2511,Wheat and products,5123,Losses,2010,1000 t,613.0,E,losses
5402,Northern Europe,2511,Wheat and products,5123,Losses,2011,1000 t,669.0,E,losses
5402,Northern Europe,2511,Wheat and products,5142,Food,2006,1000 t,9291.0,E,food
5402,Northern Europe,2511,Wheat and products,5142,Food,2007,1000 t,9228.0,E,food
5402,Northern Europe,2511,Wheat and products,5142,Food,2008,1000 t,9444.0,E,food
5402,Northern Europe,2511,Wheat and products,5142,Food,2009,1000 t,9462.0,E,food
5402,Northern Europe,2511,Wheat and products,5142,Food,2010,1000 t,9549.0,E,food
5402,Northern Europe,2511,Wheat and products,5142,Food,2011,1000 t,9416.0,E,food
5403,Southern Europe,2511,Wheat and products,5511,Production,2006,1000 t,18315.0,E,production
5403,Southern Europe,2511,Wheat and products,5511,Production,2007,1000 t,18920.0,E,production
5403,Southern Europe,2511,Wheat and products,5511,Production,2008,1000 t,21711.0,E,production
5403,Southern Europe,2511,Wheat and products,5511,Production,2009,1000 t,17311.0,E,production
5403,Southern Europe,2511,Wheat and products,5511,Production,2010,1000 t,17704.0,E,production
5403,Southern Europe,2511,Wheat and products,5511,Production,2011,1000 t,19214.0,E,production
5403,Southern Europe,2511,Wheat and products,5611,Import Quantity,2006,1000 t,17568.0,E,imports
5403,Southern Europe,2511,Wheat and products,5611,Import Quantity,2007,1000 t,14973.0,E,imports
5403,Southern Europe,2511,Wheat and products,5611,Import Quantity,2008,1000 t,15314.0,E,imports
5403,Southern Europe,2511,Wheat and products,5611,Import Quantity,2009,1000 t,18312.0,E,imports
5403,Southern Europe,2511,Wheat and products,5611,Import Quantity,2010,1000 t,17174.0,E,imports
5403,Southern Europe,2511,Wheat and products,5611,Import Quantity,2011,1000 t,16752.0,E,imports
5403,Southern Europe,2511,Wheat and products,5074,Stock Variation,2006,1000 t,-981.0,E,stock_variation
5403,Southern Europe,2511,Wheat and products,5074,Stock Variation,2007,1000 t,950.0,E,stock_variation
5403,Southern Europe,2511,Wheat and products,5074,Stock Variation,2008,1000 t,-1804.0,E,stock_variation
5403,Southern Europe,2511,Wheat and products,5074,Stock Variation,2009,1000 t,-403.0,E,stock_variation
5403,Southern Europe,2511,Wheat and products,5074,Stock Variation,2010,1000 t,235.0,E,stock_variation
5403,Southern Europe,2511,Wheat and products,5074,Stock Variation,2011,1000 t,-24.0,E,stock_variation
5403,Southern Europe,2511,Wheat and products,5911,Export Quantity,2006,1000 t,5835.0,E,exports
5403,Southern Europe,2511,Wheat and products,5911,Export Quantity,2007,1000 t,6008.0,E,exports
5403,Southern Europe,2511,Wheat and products,5911,Export Quantity,2008,1000 t,5451.0,E,exports
5403,Southern Europe,2511,Wheat and products,5911,Export Quantity,2009,1000 t,6140.0,E,exports
5403,Southern Europe,2511,Wheat and products,5911,Export Quantity,2010,1000 t,6494.0,E,exports
5403,Southern Europe,2511,Wheat and products,5911,Export Quantity,2011,1000 t,6610.0,E,exports
5403,Southern Europe,2511,Wheat and products,5301,Domestic supply quantity,2006,1000 t,29068.0,E,domestic_supply
5403,Southern Europe,2511,Wheat and products,5301,Domestic supply quantity,2007,1000 t,28834.0,E,domestic_supply
5403,Southern Europe,2511,Wheat and products,5301,Domestic supply quantity,2008,1000 t,29769.0,E,domestic_supply
5403,Southern Europe,2511,Wheat and products,5301,Domestic supply quantity,2009,1000 t,29080.0,E,domestic_supply
5403,Southern Europe,2511,Wheat and products,5301,Domestic supply quantity,2010,1000 t,28618.0,E,domestic_supply
5403,Southern Europe,2511,Wheat and products,5301,Domestic supply quantity,2011,1000 t,29332.0,E,domestic_supply
5403,Southern Europe,2511,Wheat and products,5521,Feed,2006,1000 t,9065.0,E,feed
5403,Southern Europe,2511,Wheat and products,5521,Feed,2007,1000 t,8806.0,E,feed
5403,Southern Europe,2511,Wheat and products,5521,Feed,2008,1000 t,9151.0,E,feed
5403,Southern Europe,2511,Wheat and products,5521,Feed,2009,1000 t,8425.0,E,feed
5403,Southern Europe,2511,Wheat and products,5521,Feed,2010,1000 t,8252.0,E,feed
5403,Southern Europe,2511,Wheat and products,5521,Feed,2011,1000 t,8870.0,E,feed
5403,Southern Europe,2511,Wheat and products,5527,Seed,2006,1000 t,1417.0,E,seed
5403,Southern Europe,2511,Wheat and products,5527,Seed,2007,1000 t,1316.0,E,seed
5403,Southern Europe,2511,Wheat and products,5527,Seed,2008,1000 t,1347.0,E,seed
5403,Southern Europe,2511,Wheat and products,5527,Seed,2009,1000 t,1085.0,E,seed
5403,Southern Europe,2511,Wheat and products,5527,Seed,2010,1000 t,1060.0,E,seed
5403,Southern Europe,2511,Wheat and products,5527,Seed,2011,1000 t,1032.0,E,seed
5403,Southern Europe,2511,Wheat and products,5123,Losses,2006,1000 t,479.0,E,losses
5403,Southern Europe,2511,Wheat and products,5123,Losses,2007,1000 t,567.0,E,losses
5403,Southern Europe,2511,Wheat and products,5123,Losses,2008,1000 t,698.0,E,losses
5403,Southern Europe,2511,Wheat and products,5123,Losses,2009,1000 t,695.0,E,losses
5403,Southern Europe,2511,Wheat and products,5123,Losses,2010,1000 t,540.0,E,losses
5403,Southern Europe,2511,Wheat and products,5123,Losses,2011,1000 t,535.0,E,losses
5403,Southern Europe,2511,Wheat and products,5142,Food,2006,1000 t,17518.0,E,food
5403,Southern Europe,2511,Wheat and products,5142,Food,2007,1000 t,17575.0,E,food
5403,Southern Europe,2511,Wheat and products,5142,Food,2008,1000 t,17880.0,E,food
5403,Southern Europe,2511,Wheat and products,5142,Food,2009,1000 t,18168.0,E,food
5403,Southern Europe,2511,Wheat and products,5142,Food,2010,1000 t,18117.0,E,food
5403,Southern Europe,2511,Wheat and products,5142,Food,2011,1000 t,18234.0,E,food
5404,Western Europe,2511,Wheat and products,5511,Production,2006,1000 t,62653.0,E,production
5404,Western Europe,2511,Wheat and products,5511,Production,2007,1000 t,58200.0,E,production
5404,Western Europe,2511,Wheat and products,5511,Production,2008,1000 t,70547.0,E,production
5404,Western Europe,2511,Wheat and products,5511,Production,2009,1000 t,69001.0,E,production
5404,Western Europe,2511,Wheat and products,5511,Production,2010,1000 t,67658.0,E,production
5404,Western Europe,2511,Wheat and products,5511,Production,2011,1000 t,64052.0,E,production
5404,Western Europe,2511,Wheat and products,5611,Import Quantity,2006,1000 t,14936.0,E,imports
5404,Western Europe,2511,Wheat and products,5611,Import Quantity,2007,1000 t,16509.0,E,imports
5404,Western Europe,2511,Wheat and products,5611,Import Quantity,2008,1000 t,16548.0,E,imports
5404,Western Europe,2511,Wheat and products,5611,Import Quantity,2009,1000 t,19541.0,E,imports
5404,Western Europe,2511,Wheat and products,5611,Import Quantity,2010,1000 t,20716.0,E,imports
5404,Western Europe,2511,Wheat and products,5611,Import Quantity,2011,1000 t,19488.0,E,imports
5404,Western Europe,2511,Wheat and products,5074,Stock Variation,2006,1000 t,5880.0,E,stock_variation
5404,Western Europe,2511,Wheat and products,5074,Stock Variation,2007,1000 t,1024.0,E,stock_variation
5404,Western Europe,2511,Wheat and products,5074,Stock Variation,2008,1000 t,-1728.0,E,stock_variation
5404,Western Europe,2511,Wheat and products,5074,Stock Variation,2009,1000 t,-436.0,E,stock_variation
5404,Western Europe,2511,Wheat and products,5074,Stock Variation,2010,1000 t,-520.0,E,stock_variation
5404,Western Europe,2511,Wheat and products,5074,Stock Variation,2011,1000 t,2457.0,E,stock_variation
5404,Western Europe,2511,Wheat and products,5911,Export Quantity,2006,1000 t,31722.0,E,exports
5404,Western Europe,2511,Wheat and products,5911,Export Quantity,2007,1000 t,28249.0,E,exports
5404,Western Europe,2511,Wheat and products,5911,Export Quantity,2008,1000 t,32522.0,E,exports
5404,Western Europe,2511,Wheat and products,5911,Export Quantity,2009,1000 t,35702.0,E,exports
5404,Western Europe,2511,Wheat and products,5911,Export Quantity,2010,1000 t,39450.0,E,exports
5404,Western Europe,2511,Wheat and products,5911,Export Quantity,2011,1000 t,35628.0,E,exports
5404,Western Europe,2511,Wheat and products,5301,Domestic supply quantity,2006,1000 t,51747.0,E,domestic_supply
5404,Western Europe,2511,Wheat and products,5301,Domestic supply quantity,2007,1000 t,47484.0,E,domestic_supply
5404,Western Europe,2511,Wheat and products,5301,Domestic supply quantity,2008,1000 t,52844.0,E,domestic_supply
5404,Western Europe,2511,Wheat and products,5301,Domestic supply quantity,2009,1000 t,52404.0,E,domestic_supply
5404,Western Europe,2511,Wheat and products,5301,Domestic supply quantity,2010,1000 t,48404.0,E,domestic_supply
5404,Western Europe,2511,Wheat and products,5301,Domestic supply quantity,2011,1000 t,50368.0,E,domestic_supply
5404,Western Europe,2511,Wheat and products,5521,Feed,2006,1000 t,26497.0,E,feed
5404,Western Europe,2511,Wheat and products,5521,Feed,2007,1000 t,22654.0,E,feed
5404,Western Europe,2511,Wheat and products,5521,Feed,2008,1000 t,27440.0,E,feed
5404,Western Europe,2511,Wheat and products,5521,Feed,2009,1000 t,25439.0,E,feed
5404,Western Europe,2511,Wheat and products,5521,Feed,2010,1000 t,20618.0,E,feed
5404,Western Europe,2511,Wheat and products,5521,Feed,2011,1000 t,22317.0,E,feed
5404,Western Europe,2511,Wheat and products,5527,Seed,2006,1000 t,1486.0,E,seed
5404,Western Europe,2511,Wheat and products,5527,Seed,2007,1000 t,1565.0,E,seed
5404,Western Europe,2511,Wheat and products,5527,Seed,2008,1000 t,1534.0,E,seed
5404,Western Europe,2511,Wheat and products,5527,Seed,2009,1000 t,1523.0,E,seed
5404,Western Europe,2511,Wheat and products,5527,Seed,2010,1000 t,1460.0,E,seed
5404,Western Europe,2511,Wheat and products,5527,Seed,2011,1000 t,1505.0,E,seed
5404,Western Europe,2511,Wheat and products,5123,Losses,2006,1000 t,1003.0,E,losses
5404,Western Europe,2511,Wheat and products,5123,Losses,2007,1000 t,922.0,E,losses
5404,Western Europe,2511,Wheat and products,5123,Losses,2008,1000 t,1091.0,E,losses
5404,Western Europe,2511,Wheat and products,5123,Losses,2009,1000 t,1151.0,E,losses
5404,Western Europe,2511,Wheat and products,5123,Losses,2010,1000 t,1146.0,E,losses
5404,Western Europe,2511,Wheat and products,5123,Losses,2011,1000 t,1085.0,E,losses
5404,Western Europe,2511,Wheat and products,5142,Food,2006,1000 t,16863.0,E,food
5404,Western Europe,2511,Wheat and products,5142,Food,2007,1000 t,16717.0,E,food
5404,Western Europe,2511,Wheat and products,5142,Food,2008,1000 t,17265.0,E,food
5404,Western Europe,2511,Wheat and products,5142,Food,2009,1000 t,17249.0,E,food
5404,Western Europe,2511,Wheat and products,5142,Food,2010,1000 t,18093.0,E,food
5404,Western Europe,2511,Wheat and products,5142,Food,2011,1000 t,17941.0,E,food
5500,Oceania,2511,Wheat and products,5511,Production,2006,1000 t,11083.0,E,production
5500,Oceania,2511,Wheat and products,5511,Production,2007,1000 t,13914.0,E,production
5500,Oceania,2511,Wheat and products,5511,Production,2008,1000 t,21764.0,E,production
5500,Oceania,2511,Wheat and products,5511,Production,2009,1000 t,22059.0,E,production
5500,Oceania,2511,Wheat and products,5511,Production,2010,1000 t,22583.0,E,production
5500,Oceania,2511,Wheat and products,5511,Production,2011,1000 t,27793.0,E,production
5500,Oceania,2511,Wheat and products,5611,Import Quantity,2006,1000 t,846.0,E,imports
5500,Oceania,2511,Wheat and products,5611,Import Quantity,2007,1000 t,862.0,E,imports
5500,Oceania,2511,Wheat and products,5611,Import Quantity,2008,1000 t,806.0,E,imports
5500,Oceania,2511,Wheat and products,5611,Import Quantity,2009,1000 t,748.0,E,imports
5500,Oceania,2511,Wheat and products,5611,Import Quantity,2010,1000 t,790.0,E,imports
5500,Oceania,2511,Wheat and products,5611,Import Quantity,2011,1000 t,814.0,E,imports
5500,Oceania,2511,Wheat and products,5074,Stock Variation,2006,1000 t,11651.0,E,stock_variation
5500,Oceania,2511,Wheat and products,5074,Stock Variation,2007,1000 t,-227.0,E,stock_variation
5500,Oceania,2511,Wheat and products,5074,Stock Variation,2008,1000 t,-5604.0,E,stock_variation
5500,Oceania,2511,Wheat and products,5074,Stock Variation,2009,1000 t,-1268.0,E,stock_variation
5500,Oceania,2511,Wheat and products,5074,Stock Variation,2010,1000 t,957.0,E,stock_variation
5500,Oceania,2511,Wheat and products,5074,Stock Variation,2011,1000 t,-3783.0,E,stock_variation
5500,Oceania,2511,Wheat and products,5911,Export Quantity,2006,1000 t,15494.0,E,exports
5500,Oceania,2511,Wheat and products,5911,Export Quantity,2007,1000 t,7257.0,E,exports
5500,Oceania,2511,Wheat and products,5911,Export Quantity,2008,1000 t,8739.0,E,exports
5500,Oceania,2511,Wheat and products,5911,Export Quantity,2009,1000 t,15344.0,E,exports
5500,Oceania,2511,Wheat and products,5911,Export Quantity,2010,1000 t,16263.0,E,exports
5500,Oceania,2511,Wheat and products,5911,Export Quantity,2011,1000 t,17888.0,E,exports
5500,Oceania,2511,Wheat and products,5301,Domestic supply quantity,2006,1000 t,8087.0,E,domestic_supply
5500,Oceania,2511,Wheat and products,5301,Domestic supply quantity,2007,1000 t,7292.0,E,domestic_supply
5500,Oceania,2511,Wheat and products,5301,Domestic supply quantity,2008,1000 t,8226.0,E,domestic_supply
5500,Oceania,2511,Wheat and products,5301,Domestic supply quantity,2009,1000 t,6196.0,E,domestic_supply
5500,Oceania,2511,Wheat and products,5301,Domestic supply quantity,2010,1000 t,8067.0,E,domestic_supply
5500,Oceania,2511,Wheat and products,5301,Domestic supply quantity,2011,1000 t,6936.0,E,domestic_supply
5500,Oceania,2511,Wheat and products,5521,Feed,2006,1000 t,4724.0,E,feed
5500,Oceania,2511,Wheat and products,5521,Feed,2007,1000 t,3741.0,E,feed
5500,Oceania,2511,Wheat and products,5521,Feed,2008,1000 t,4407.0,E,feed
5500,Oceania,2511,Wheat and products,5521,Feed,2009,1000 t,2233.0,E,feed
5500,Oceania,2511,Wheat and products,5521,Feed,2010,1000 t,4077.0,E,feed
5500,Oceania,2511,Wheat and products,5521,Feed,2011,1000 t,2773.0,E,feed
5500,Oceania,2511,Wheat and products,5527,Seed,2006,1000 t,638.0,E,seed
5500,Oceania,2511,Wheat and products,5527,Seed,2007,1000 t,686.0,E,seed
5500,Oceania,2511,Wheat and products,5527,Seed,2008,1000 t,704.0,E,seed
5500,Oceania,2511,Wheat and products,5527,Seed,2009,1000 t,685.0,E,seed
5500,Oceania,2511,Wheat and products,5527,Seed,2010,1000 t,705.0,E,seed
5500,Oceania,2511,Wheat and products,5527,Seed,2011,1000 t,672.0,E,seed
5500,Oceania,2511,Wheat and products,5123,Losses,2006,1000 t,143.0,E,losses
5500,Oceania,2511,Wheat and products,5123,Losses,2007,1000 t,174.0,E,losses
5500,Oceania,2511,Wheat and products,5123,Losses,2008,1000 t,251.0,E,losses
5500,Oceania,2511,Wheat and products,5123,Losses,2009,1000 t,254.0,E,losses
5500,Oceania,2511,Wheat and products,5123,Losses,2010,1000 t,262.0,E,losses
5500,Oceania,2511,Wheat and products,5123,Losses,2011,1000 t,313.0,E,losses
5500,Oceania,2511,Wheat and products,5142,Food,2006,1000 t,1832.0,E,food
5500,Oceania,2511,Wheat and products,5142,Food,2007,1000 t,1898.0,E,food
5500,Oceania,2511,Wheat and products,5142,Food,2008,1000 t,2038.0,E,food
5500,Oceania,2511,Wheat and products,5142,Food,2009,1000 t,2154.0,E,food
5500,Oceania,2511,Wheat and products,5142,Food,2010,1000 t,2135.0,E,food
5500,Oceania,2511,Wheat and products,5142,Food,2011,1000 t,2179.0,E,food
5501,Australia and New Zealand,2511,Wheat and products,5511,Production,2006,1000 t,11083.0,E,production
5501,Australia and New Zealand,2511,Wheat and products,5511,Production,2007,1000 t,13914.0,E,production
5501,Australia and New Zealand,2511,Wheat and products,5511,Production,2008,1000 t,21764.0,E,production
5501,Australia and New Zealand,2511,Wheat and products,5511,Production,2009,1000 t,22059.0,E,production
5501,Australia and New Zealand,2511,Wheat and products,5511,Production,2010,1000 t,22583.0,E,production
5501,Australia and New Zealand,2511,Wheat and products,5511,Production,2011,1000 t,27793.0,E,production
5501,Australia and New Zealand,2511,Wheat and products,5611,Import Quantity,2006,1000 t,584.0,E,imports
5501,Australia and New Zealand,2511,Wheat and products,5611,Import Quantity,2007,1000 t,609.0,E,imports
5501,Australia and New Zealand,2511,Wheat and products,5611,Import Quantity,2008,1000 t,573.0,E,imports
5501,Australia and New Zealand,2511,Wheat and products,5611,Import Quantity,2009,1000 t,530.0,E,imports
5501,Australia and New Zealand,2511,Wheat and products,5611,Import Quantity,2010,1000 t,581.0,E,imports
5501,Australia and New Zealand,2511,Wheat and products,5611,Import Quantity,2011,1000 t,581.0,E,imports
5501,Australia and New Zealand,2511,Wheat and products,5074,Stock Variation,2006,1000 t,11672.0,E,stock_variation
5501,Australia and New Zealand,2511,Wheat and products,5074,Stock Variation,2007,1000 t,-215.0,E,stock_variation
5501,Australia and New Zealand,2511,Wheat and products,5074,Stock Variation,2008,1000 t,-5610.0,E,stock_variation
5501,Australia and New Zealand,2511,Wheat and products,5074,Stock Variation,2009,1000 t,-1290.0,E,stock_variation
5501,Australia and New Zealand,2511,Wheat and products,5074,Stock Variation,2010,1000 t,910.0,E,stock_variation
5501,Australia and New Zealand,2511,Wheat and products,5074,Stock Variation,2011,1000 t,-3808.0,E,stock_variation
5501,Australia and New Zealand,2511,Wheat and products,5911,Export Quantity,2006,1000 t,15447.0,E,exports
5501,Australia and New Zealand,2511,Wheat and products,5911,Export Quantity,2007,1000 t,7207.0,E,exports
5501,Australia and New Zealand,2511,Wheat and products,5911,Export Quantity,2008,1000 t,8695.0,E,exports
5501,Australia and New Zealand,2511,Wheat and products,5911,Export Quantity,2009,1000 t,15296.0,E,exports
5501,Australia and New Zealand,2511,Wheat and products,5911,Export Quantity,2010,1000 t,16210.0,E,exports
5501,Australia and New Zealand,2511,Wheat and products,5911,Export Quantity,2011,1000 t,17841.0,E,exports
5501,Australia and New Zealand,2511,Wheat and products,5301,Domestic supply quantity,2006,1000 t,7893.0,E,domestic_supply
5501,Australia and New Zealand,2511,Wheat and products,5301,Domestic supply quantity,2007,1000 t,7101.0,E,domestic_supply
5501,Australia and New Zealand,2511,Wheat and products,5301,Domestic supply quantity,2008,1000 t,8032.0,E,domestic_supply
5501,Australia and New Zealand,2511,Wheat and products,5301,Domestic supply quantity,2009,1000 t,6004.0,E,domestic_supply
5501,Australia and New Zealand,2511,Wheat and products,5301,Domestic supply quantity,2010,1000 t,7864.0,E,domestic_supply
5501,Australia and New Zealand,2511,Wheat and products,5301,Domestic supply quantity,2011,1000 t,6725.0,E,domestic_supply
5501,Australia and New Zealand,2511,Wheat and products,5521,Feed,2006,1000 t,4721.0,E,feed
5501,Australia and New Zealand,2511,Wheat and products,5521,Feed,2007,1000 t,3738.0,E,feed
5501,Australia and New Zealand,2511,Wheat and products,5521,Feed,2008,1000 t,4404.0,E,feed
5501,Australia and New Zealand,2511,Wheat and products,5521,Feed,2009,1000 t,2230.0,E,feed
5501,Australia and New Zealand,2511,Wheat and products,5521,Feed,2010,1000 t,4074.0,E,feed
5501,Australia and New Zealand,2511,Wheat and products,5521,Feed,2011,1000 t,2770.0,E,feed
5501,Australia and New Zealand,2511,Wheat and products,5527,Seed,2006,1000 t,638.0,E,seed
5501,Australia and New Zealand,2511,Wheat and products,5527,Seed,2007,1000 t,686.0,E,seed
5501,Australia and New Zealand,2511,Wheat and products,5527,Seed,2008,1000 t,704.0,E,seed
5501,Australia and New Zealand,2511,Wheat and products,5527,Seed,2009,1000 t,685.0,E,seed
5501,Australia and New Zealand,2511,Wheat and products,5527,Seed,2010,1000 t,705.0,E,seed
5501,Australia and New Zealand,2511,Wheat and products,5527,Seed,2011,1000 t,672.0,E,seed
5501,Australia and New Zealand,2511,Wheat and products,5123,Losses,2006,1000 t,139.0,E,losses
5501,Australia and New Zealand,2511,Wheat and products,5123,Losses,2007,1000 t,170.0,E,losses
5501,Australia and New Zealand,2511,Wheat and products,5123,Losses,2008,1000 t,247.0,E,losses
5501,Australia and New Zealand,2511,Wheat and products,5123,Losses,2009,1000 t,250.0,E,losses
5501,Australia and New Zealand,2511,Wheat and products,5123,Losses,2010,1000 t,258.0,E,losses
5501,Australia and New Zealand,2511,Wheat and products,5123,Losses,2011,1000 t,309.0,E,losses
5501,Australia and New Zealand,2511,Wheat and products,5142,Food,2006,1000 t,1688.0,E,food
5501,Australia and New Zealand,2511,Wheat and products,5142,Food,2007,1000 t,1753.0,E,food
5501,Australia and New Zealand,2511,Wheat and products,5142,Food,2008,1000 t,1890.0,E,food
5501,Australia and New Zealand,2511,Wheat and products,5142,Food,2009,1000 t,2005.0,E,food
5501,Australia and New Zealand,2511,Wheat and products,5142,Food,2010,1000 t,1982.0,E,food
5501,Australia and New Zealand,2511,Wheat and products,5142,Food,2011,1000 t,2018.0,E,food
5502,Melanesia,2511,Wheat and products,5511,Production,2006,1000 t,0.0,E,production
5502,Melanesia,2511,Wheat and products,5511,Production,2007,1000 t,0.0,E,production
5502,Melanesia,2511,Wheat and products,5511,Production,2008,1000 t,0.0,E,production
5502,Melanesia,2511,Wheat and products,5511,Production,2009,1000 t,0.0,E,production
5502,Melanesia,2511,Wheat and products,5511,Production,2010,1000 t,0.0,E,production
5502,Melanesia,2511,Wheat and products,5511,Production,2011,1000 t,0.0,E,production
5502,Melanesia,2511,Wheat and products,5611,Import Quantity,2006,1000 t,213.0,E,imports
5502,Melanesia,2511,Wheat and products,5611,Import Quantity,2007,1000 t,203.0,E,imports
5502,Melanesia,2511,Wheat and products,5611,Import Quantity,2008,1000 t,180.0,E,imports
5502,Melanesia,2511,Wheat and products,5611,Import Quantity,2009,1000 t,166.0,E,imports
5502,Melanesia,2511,Wheat and products,5611,Import Quantity,2010,1000 t,154.0,E,imports
5502,Melanesia,2511,Wheat and products,5611,Import Quantity,2011,1000 t,182.0,E,imports
5502,Melanesia,2511,Wheat and products,5074,Stock Variation,2006,1000 t,-22.0,E,stock_variation
5502,Melanesia,2511,Wheat and products,5074,Stock Variation,2007,1000 t,-12.0,E,stock_variation
5502,Melanesia,2511,Wheat and products,5074,Stock Variation,2008,1000 t,4.0,E,stock_variation
5502,Melanesia,2511,Wheat and products,5074,Stock Variation,2009,1000 t,22.0,E,stock_variation
5502,Melanesia,2511,Wheat and products,5074,Stock Variation,2010,1000 t,48.0,E,stock_variation
5502,Melanesia,2511,Wheat and products,5074,Stock Variation,2011,1000 t,24.0,E,stock_variation
5502,Melanesia,2511,Wheat and products,5911,Export Quantity,2006,1000 t,47.0,E,exports
5502,Melanesia,2511,Wheat and products,5911,Export Quantity,2007,1000 t,49.0,E,exports
5502,Melanesia,2511,Wheat and products,5911,Export Quantity,2008,1000 t,45.0,E,exports
5502,Melanesia,2511,Wheat and products,5911,Export Quantity,2009,1000 t,48.0,E,exports
5502,Melanesia,2511,Wheat and products,5911,Export Quantity,2010,1000 t,54.0,E,exports
5502,Melanesia,2511,Wheat and products,5911,Export Quantity,2011,1000 t,47.0,E,exports
5502,Melanesia,2511,Wheat and products,5301,Domestic supply quantity,2006,1000 t,144.0,E,domestic_supply
5502,Melanesia,2511,Wheat and products,5301,Domestic supply quantity,2007,1000 t,142.0,E,domestic_supply
5502,Melanesia,2511,Wheat and products,5301,Domestic supply quantity,2008,1000 t,140.0,E,domestic_supply
5502,Melanesia,2511,Wheat and products,5301,Domestic supply quantity,2009,1000 t,141.0,E,domestic_supply
5502,Melanesia,2511,Wheat and products,5301,Domestic supply quantity,2010,1000 t,149.0,E,domestic_supply
5502,Melanesia,2511,Wheat and products,5301,Domestic supply quantity,2011,1000 t,158.0,E,domestic_supply
5502,Melanesia,2511,Wheat and products,5521,Feed,2006,1000 t,3.0,E,feed
5502,Melanesia,2511,Wheat and products,5521,Feed,2007,1000 t,3.0,E,feed
5502,Melanesia,2511,Wheat and products,5521,Feed,2008,1000 t,3.0,E,feed
5502,Melanesia,2511,Wheat and products,5521,Feed,2009,1000 t,3.0,E,feed
5502,Melanesia,2511,Wheat and products,5521,Feed,2010,1000 t,3.0,E,feed
5502,Melanesia,2511,Wheat and products,5521,Feed,2011,1000 t,3.0,E,feed
5502,Melanesia,2511,Wheat and products,5527,Seed,2006,1000 t,0.0,E,seed
5502,Melanesia,2511,Wheat and products,5527,Seed,2007,1000 t,0.0,E,seed
5502,Melanesia,2511,Wheat and products,5527,Seed,2008,1000 t,0.0,E,seed
5502,Melanesia,2511,Wheat and products,5527,Seed,2009,1000 t,0.0,E,seed
5502,Melanesia,2511,Wheat and products,5527,Seed,2010,1000 t,0.0,E,seed
5502,Melanesia,2511,Wheat and products,5527,Seed,2011,1000 t,0.0,E,seed
5502,Melanesia,2511,Wheat and products,5123,Losses,2006,1000 t,4.0,E,losses
5502,Melanesia,2511,Wheat and products,5123,Losses,2007,1000 t,4.0,E,losses
5502,Melanesia,2511,Wheat and products,5123,Losses,2008,1000 t,4.0,E,losses
5502,Melanesia,2511,Wheat and products,5123,Losses,2009,1000 t,4.0,E,losses
5502,Melanesia,2511,Wheat and products,5123,Losses,2010,1000 t,4.0,E,losses
5502,Melanesia,2511,Wheat and products,5123,Losses,2011,1000 t,4.0,E,losses
5502,Melanesia,2511,Wheat and products,5142,Food,2006,1000 t,113.0,E,food
5502,Melanesia,2511,Wheat and products,5142,Food,2007,1000 t,113.0,E,food
5502,Melanesia,2511,Wheat and products,5142,Food,2008,1000 t,115.0,E,food
5502,Melanesia,2511,Wheat and products,5142,Food,2009,1000 t,116.0,E,food
5502,Melanesia,2511,Wheat and products,5142,Food,2010,1000 t,119.0,E,food
5502,Melanesia,2511,Wheat and products,5142,Food,2011,1000 t,127.0,E,food
5503,Micronesia,2511,Wheat and products,5611,Import Quantity,2006,1000 t,5.0,E,imports
5503,Micronesia,2511,Wheat and products,5611,Import Quantity,2007,1000 t,5.0,E,imports
5503,Micronesia,2511,Wheat and products,5611,Import Quantity,2008,1000 t,5.0,E,imports
5503,Micronesia,2511,Wheat and products,5611,Import Quantity,2009,1000 t,7.0,E,imports
5503,Micronesia,2511,Wheat and products,5611,Import Quantity,2010,1000 t,7.0,E,imports
5503,Micronesia,2511,Wheat and products,5611,Import Quantity,2011,1000 t,6.0,E,imports
5503,Micronesia,2511,Wheat and products,5074,Stock Variation,2006,1000 t,0.0,E,stock_variation
5503,Micronesia,2511,Wheat and products,5074,Stock Variation,2007,1000 t,0.0,E,stock_variation
5503,Micronesia,2511,Wheat and products,5074,Stock Variation,2008,1000 t,1.0,E,stock_variation
5503,Micronesia,2511,Wheat and products,5074,Stock Variation,2009,1000 t,0.0,E,stock_variation
5503,Micronesia,2511,Wheat and products,5074,Stock Variation,2010,1000 t,0.0,E,stock_variation
5503,Micronesia,2511,Wheat and products,5074,Stock Variation,2011,1000 t,0.0,E,stock_variation
5503,Micronesia,2511,Wheat and products,5911,Export Quantity,2006,1000 t,0.0,E,exports
5503,Micronesia,2511,Wheat and products,5911,Export Quantity,2007,1000 t,0.0,E,exports
5503,Micronesia,2511,Wheat and products,5911,Export Quantity,2008,1000 t,0.0,E,exports
5503,Micronesia,2511,Wheat and products,5911,Export Quantity,2009,1000 t,0.0,E,exports
5503,Micronesia,2511,Wheat and products,5911,Export Quantity,2010,1000 t,0.0,E,exports
5503,Micronesia,2511,Wheat and products,5911,Export Quantity,2011,1000 t,0.0,E,exports
5503,Micronesia,2511,Wheat and products,5301,Domestic supply quantity,2006,1000 t,6.0,E,domestic_supply
5503,Micronesia,2511,Wheat and products,5301,Domestic supply quantity,2007,1000 t,6.0,E,domestic_supply
5503,Micronesia,2511,Wheat and products,5301,Domestic supply quantity,2008,1000 t,6.0,E,domestic_supply
5503,Micronesia,2511,Wheat and products,5301,Domestic supply quantity,2009,1000 t,7.0,E,domestic_supply
5503,Micronesia,2511,Wheat and products,5301,Domestic supply quantity,2010,1000 t,7.0,E,domestic_supply
5503,Micronesia,2511,Wheat and products,5301,Domestic supply quantity,2011,1000 t,6.0,E,domestic_supply
5503,Micronesia,2511,Wheat and products,5142,Food,2006,1000 t,5.0,E,food
5503,Micronesia,2511,Wheat and products,5142,Food,2007,1000 t,5.0,E,food
5503,Micronesia,2511,Wheat and products,5142,Food,2008,1000 t,5.0,E,food
5503,Micronesia,2511,Wheat and products,5142,Food,2009,1000 t,6.0,E,food
5503,Micronesia,2511,Wheat and products,5142,Food,2010,1000 t,6.0,E,food
5503,Micronesia,2511,Wheat and products,5142,Food,2011,1000 t,5.0,E,food
5504,Polynesia,2511,Wheat and products,5611,Import Quantity,2006,1000 t,44.0,E,imports
5504,Polynesia,2511,Wheat and products,5611,Import Quantity,2007,1000 t,45.0,E,imports
5504,Polynesia,2511,Wheat and products,5611,Import Quantity,2008,1000 t,48.0,E,imports
5504,Polynesia,2511,Wheat and products,5611,Import Quantity,2009,1000 t,44.0,E,imports
5504,Polynesia,2511,Wheat and products,5611,Import Quantity,2010,1000 t,48.0,E,imports
5504,Polynesia,2511,Wheat and products,5611,Import Quantity,2011,1000 t,46.0,E,imports
5504,Polynesia,2511,Wheat and products,5074,Stock Variation,2006,1000 t,1.0,E,stock_variation
5504,Polynesia,2511,Wheat and products,5074,Stock Variation,2007,1000 t,-1.0,E,stock_variation
5504,Polynesia,2511,Wheat and products,5074,Stock Variation,2008,1000 t,1.0,E,stock_variation
5504,Polynesia,2511,Wheat and products,5074,Stock Variation,2009,1000 t,0.0,E,stock_variation
5504,Polynesia,2511,Wheat and products,5074,Stock Variation,2010,1000 t,-1.0,E,stock_variation
5504,Polynesia,2511,Wheat and products,5074,Stock Variation,2011,1000 t,1.0,E,stock_variation
5504,Polynesia,2511,Wheat and products,5911,Export Quantity,2006,1000 t,0.0,E,exports
5504,Polynesia,2511,Wheat and products,5911,Export Quantity,2007,1000 t,0.0,E,exports
5504,Polynesia,2511,Wheat and products,5911,Export Quantity,2008,1000 t,0.0,E,exports
5504,Polynesia,2511,Wheat and products,5911,Export Quantity,2009,1000 t,0.0,E,exports
5504,Polynesia,2511,Wheat and products,5911,Export Quantity,2010,1000 t,0.0,E,exports
5504,Polynesia,2511,Wheat and products,5911,Export Quantity,2011,1000 t,0.0,E,exports
5504,Polynesia,2511,Wheat and products,5301,Domestic supply quantity,2006,1000 t,44.0,E,domestic_supply
5504,Polynesia,2511,Wheat and products,5301,Domestic supply quantity,2007,1000 t,44.0,E,domestic_supply
5504,Polynesia,2511,Wheat and products,5301,Domestic supply quantity,2008,1000 t,48.0,E,domestic_supply
5504,Polynesia,2511,Wheat and products,5301,Domestic supply quantity,2009,1000 t,44.0,E,domestic_supply
5504,Polynesia,2511,Wheat and products,5301,Domestic supply quantity,2010,1000 t,47.0,E,domestic_supply
5504,Polynesia,2511,Wheat and products,5301,Domestic supply quantity,2011,1000 t,46.0,E,domestic_supply
5504,Polynesia,2511,Wheat and products,5123,Losses,2006,1000 t,0.0,E,losses
5504,Polynesia,2511,Wheat and products,5123,Losses,2007,1000 t,0.0,E,losses
5504,Polynesia,2511,Wheat and products,5123,Losses,2008,1000 t,0.0,E,losses
5504,Polynesia,2511,Wheat and products,5123,Losses,2009,1000 t,0.0,E,losses
5504,Polynesia,2511,Wheat and products,5123,Losses,2010,1000 t,0.0,E,losses
5504,Polynesia,2511,Wheat and products,5123,Losses,2011,1000 t,0.0,E,losses
5504,Polynesia,2511,Wheat and products,5142,Food,2006,1000 t,26.0,E,food
5504,Polynesia,2511,Wheat and products,5142,Food,2007,1000 t,27.0,E,food
5504,Polynesia,2511,Wheat and products,5142,Food,2008,1000 t,28.0,E,food
5504,Polynesia,2511,Wheat and products,5142,Food,2009,1000 t,27.0,E,food
5504,Polynesia,2511,Wheat and products,5142,Food,2010,1000 t,28.0,E,food
5504,Polynesia,2511,Wheat and products,5142,Food,2011,1000 t,29.0,E,food
5707,European Union (27),2511,Wheat and products,5511,Production,2006,1000 t,112793.0,E,production
5707,European Union (27),2511,Wheat and products,5511,Production,2007,1000 t,107883.0,E,production
5707,European Union (27),2511,Wheat and products,5511,Production,2008,1000 t,133973.0,E,production
5707,European Union (27),2511,Wheat and products,5511,Production,2009,1000 t,125404.0,E,production
5707,European Union (27),2511,Wheat and products,5511,Production,2010,1000 t,122696.0,E,production
5707,European Union (27),2511,Wheat and products,5511,Production,2011,1000 t,123635.0,E,production
5707,European Union (27),2511,Wheat and products,5611,Import Quantity,2006,1000 t,35022.0,E,imports
5707,European Union (27),2511,Wheat and products,5611,Import Quantity,2007,1000 t,34951.0,E,imports
5707,European Union (27),2511,Wheat and products,5611,Import Quantity,2008,1000 t,35782.0,E,imports
5707,European Union (27),2511,Wheat and products,5611,Import Quantity,2009,1000 t,41781.0,E,imports
5707,European Union (27),2511,Wheat and products,5611,Import Quantity,2010,1000 t,41977.0,E,imports
5707,European Union (27),2511,Wheat and products,5611,Import Quantity,2011,1000 t,40218.0,E,imports
5707,European Union (27),2511,Wheat and products,5074,Stock Variation,2006,1000 t,7540.0,E,stock_variation
5707,European Union (27),2511,Wheat and products,5074,Stock Variation,2007,1000 t,3345.0,E,stock_variation
5707,European Union (27),2511,Wheat and products,5074,Stock Variation,2008,1000 t,-7847.0,E,stock_variation
5707,European Union (27),2511,Wheat and products,5074,Stock Variation,2009,1000 t,1210.0,E,stock_variation
5707,European Union (27),2511,Wheat and products,5074,Stock Variation,2010,1000 t,4334.0,E,stock_variation
5707,European Union (27),2511,Wheat and products,5074,Stock Variation,2011,1000 t,336.0,E,stock_variation
5707,European Union (27),2511,Wheat and products,5911,Export Quantity,2006,1000 t,46956.0,E,exports
5707,European Union (27),2511,Wheat and products,5911,Export Quantity,2007,1000 t,40693.0,E,exports
5707,European Union (27),2511,Wheat and products,5911,Export Quantity,2008,1000 t,49833.0,E,exports
5707,European Union (27),2511,Wheat and products,5911,Export Quantity,2009,1000 t,57811.0,E,exports
5707,European Union (27),2511,Wheat and products,5911,Export Quantity,2010,1000 t,61136.0,E,exports
5707,European Union (27),2511,Wheat and products,5911,Export Quantity,2011,1000 t,54371.0,E,exports
5707,European Union (27),2511,Wheat and products,5301,Domestic supply quantity,2006,1000 t,108398.0,E,domestic_supply
5707,European Union (27),2511,Wheat and products,5301,Domestic supply quantity,2007,1000 t,105486.0,E,domestic_supply
5707,European Union (27),2511,Wheat and products,5301,Domestic supply quantity,2008,1000 t,112074.0,E,domestic_supply
5707,European Union (27),2511,Wheat and products,5301,Domestic supply quantity,2009,1000 t,110584.0,E,domestic_supply
5707,European Union (27),2511,Wheat and products,5301,Domestic supply quantity,2010,1000 t,107871.0,E,domestic_supply
5707,European Union (27),2511,Wheat and products,5301,Domestic supply quantity,2011,1000 t,109816.0,E,domestic_supply
5707,European Union (27),2511,Wheat and products,5521,Feed,2006,1000 t,47388.0,E,feed
5707,European Union (27),2511,Wheat and products,5521,Feed,2007,1000 t,45083.0,E,feed
5707,European Union (27),2511,Wheat and products,5521,Feed,2008,1000 t,49118.0,E,feed
5707,European Union (27),2511,Wheat and products,5521,Feed,2009,1000 t,47240.0,E,feed
5707,European Union (27),2511,Wheat and products,5521,Feed,2010,1000 t,43299.0,E,feed
5707,European Union (27),2511,Wheat and products,5521,Feed,2011,1000 t,44817.0,E,feed
5707,European Union (27),2511,Wheat and products,5527,Seed,2006,1000 t,5105.0,E,seed
5707,European Union (27),2511,Wheat and products,5527,Seed,2007,1000 t,5086.0,E,seed
5707,European Union (27),2511,Wheat and products,5527,Seed,2008,1000 t,5231.0,E,seed
5707,European Union (27),2511,Wheat and products,5527,Seed,2009,1000 t,5026.0,E,seed
5707,European Union (27),2511,Wheat and products,5527,Seed,2010,1000 t,4883.0,E,seed
5707,European Union (27),2511,Wheat and products,5527,Seed,2011,1000 t,4848.0,E,seed
5707,European Union (27),2511,Wheat and products,5123,Losses,2006,1000 t,2328.0,E,losses
5707,European Union (27),2511,Wheat and products,5123,Losses,2007,1000 t,2218.0,E,losses
5707,European Union (27),2511,Wheat and products,5123,Losses,2008,1000 t,2797.0,E,losses
5707,European Union (27),2511,Wheat and products,5123,Losses,2009,1000 t,2613.0,E,losses
5707,European Union (27),2511,Wheat and products,5123,Losses,2010,1000 t,2870.0,E,losses
5707,European Union (27),2511,Wheat and products,5123,Losses,2011,1000 t,2744.0,E,losses
5707,European Union (27),2511,Wheat and products,5142,Food,2006,1000 t,45405.0,E,food
5707,European Union (27),2511,Wheat and products,5142,Food,2007,1000 t,44970.0,E,food
5707,European Union (27),2511,Wheat and products,5142,Food,2008,1000 t,45865.0,E,food
5707,European Union (27),2511,Wheat and products,5142,Food,2009,1000 t,46273.0,E,food
5707,European Union (27),2511,Wheat and products,5142,Food,2010,1000 t,47115.0,E,food
5707,European Union (27),2511,Wheat and products,5142,Food,2011,1000 t,46963.0,E,food
5801,Least Developed Countries,2511,Wheat and products,5511,Production,2006,1000 t,8961.0,E,production
5801,Least Developed Countries,2511,Wheat and products,5511,Production,2007,1000 t,10678.0,E,production
5801,Least Developed Countries,2511,Wheat and products,5511,Production,2008,1000 t,8594.0,E,production
5801,Least Developed Countries,2511,Wheat and products,5511,Production,2009,1000 t,11827.0,E,production
5801,Least Developed Countries,2511,Wheat and products,5511,Production,2010,1000 t,11131.0,E,production
5801,Least Developed Countries,2511,Wheat and products,5511,Production,2011,1000 t,10281.0,E,production
5801,Least Developed Countries,2511,Wheat and products,5611,Import Quantity,2006,1000 t,12978.0,E,imports
5801,Least Developed Countries,2511,Wheat and products,5611,Import Quantity,2007,1000 t,12775.0,E,imports
5801,Least Developed Countries,2511,Wheat and products,5611,Import Quantity,2008,1000 t,12191.0,E,imports
5801,Least Developed Countries,2511,Wheat and products,5611,Import Quantity,2009,1000 t,16792.0,E,imports
5801,Least Developed Countries,2511,Wheat and products,5611,Import Quantity,2010,1000 t,16877.0,E,imports
5801,Least Developed Countries,2511,Wheat and products,5611,Import Quantity,2011,1000 t,17288.0,E,imports
5801,Least Developed Countries,2511,Wheat and products,5074,Stock Variation,2006,1000 t,-961.0,E,stock_variation
5801,Least Developed Countries,2511,Wheat and products,5074,Stock Variation,2007,1000 t,-1385.0,E,stock_variation
5801,Least Developed Countries,2511,Wheat and products,5074,Stock Variation,2008,1000 t,1379.0,E,stock_variation
5801,Least Developed Countries,2511,Wheat and products,5074,Stock Variation,2009,1000 t,-3398.0,E,stock_variation
5801,Least Developed Countries,2511,Wheat and products,5074,Stock Variation,2010,1000 t,-2475.0,E,stock_variation
5801,Least Developed Countries,2511,Wheat and products,5074,Stock Variation,2011,1000 t,-1234.0,E,stock_variation
5801,Least Developed Countries,2511,Wheat and products,5911,Export Quantity,2006,1000 t,237.0,E,exports
5801,Least Developed Countries,2511,Wheat and products,5911,Export Quantity,2007,1000 t,377.0,E,exports
5801,Least Developed Countries,2511,Wheat and products,5911,Export Quantity,2008,1000 t,366.0,E,exports
5801,Least Developed Countries,2511,Wheat and products,5911,Export Quantity,2009,1000 t,393.0,E,exports
5801,Least Developed Countries,2511,Wheat and products,5911,Export Quantity,2010,1000 t,432.0,E,exports
5801,Least Developed Countries,2511,Wheat and products,5911,Export Quantity,2011,1000 t,501.0,E,exports
5801,Least Developed Countries,2511,Wheat and products,5301,Domestic supply quantity,2006,1000 t,20740.0,E,domestic_supply
5801,Least Developed Countries,2511,Wheat and products,5301,Domestic supply quantity,2007,1000 t,21691.0,E,domestic_supply
5801,Least Developed Countries,2511,Wheat and products,5301,Domestic supply quantity,2008,1000 t,21798.0,E,domestic_supply
5801,Least Developed Countries,2511,Wheat and products,5301,Domestic supply quantity,2009,1000 t,24828.0,E,domestic_supply
5801,Least Developed Countries,2511,Wheat and products,5301,Domestic supply quantity,2010,1000 t,25101.0,E,domestic_supply
5801,Least Developed Countries,2511,Wheat and products,5301,Domestic supply quantity,2011,1000 t,25833.0,E,domestic_supply
5801,Least Developed Countries,2511,Wheat and products,5521,Feed,2006,1000 t,215.0,E,feed
5801,Least Developed Countries,2511,Wheat and products,5521,Feed,2007,1000 t,193.0,E,feed
5801,Least Developed Countries,2511,Wheat and products,5521,Feed,2008,1000 t,171.0,E,feed
5801,Least Developed Countries,2511,Wheat and products,5521,Feed,2009,1000 t,223.0,E,feed
5801,Least Developed Countries,2511,Wheat and products,5521,Feed,2010,1000 t,223.0,E,feed
5801,Least Developed Countries,2511,Wheat and products,5521,Feed,2011,1000 t,316.0,E,feed
5801,Least Developed Countries,2511,Wheat and products,5527,Seed,2006,1000 t,582.0,E,seed
5801,Least Developed Countries,2511,Wheat and products,5527,Seed,2007,1000 t,587.0,E,seed
5801,Least Developed Countries,2511,Wheat and products,5527,Seed,2008,1000 t,574.0,E,seed
5801,Least Developed Countries,2511,Wheat and products,5527,Seed,2009,1000 t,598.0,E,seed
5801,Least Developed Countries,2511,Wheat and products,5527,Seed,2010,1000 t,611.0,E,seed
5801,Least Developed Countries,2511,Wheat and products,5527,Seed,2011,1000 t,614.0,E,seed
5801,Least Developed Countries,2511,Wheat and products,5123,Losses,2006,1000 t,1311.0,E,losses
5801,Least Developed Countries,2511,Wheat and products,5123,Losses,2007,1000 t,1493.0,E,losses
5801,Least Developed Countries,2511,Wheat and products,5123,Losses,2008,1000 t,1180.0,E,losses
5801,Least Developed Countries,2511,Wheat and products,5123,Losses,2009,1000 t,1727.0,E,losses
5801,Least Developed Countries,2511,Wheat and products,5123,Losses,2010,1000 t,1667.0,E,losses
5801,Least Developed Countries,2511,Wheat and products,5123,Losses,2011,1000 t,1493.0,E,losses
5801,Least Developed Countries,2511,Wheat and products,5142,Food,2006,1000 t,18184.0,E,food
5801,Least Developed Countries,2511,Wheat and products,5142,Food,2007,1000 t,18727.0,E,food
5801,Least Developed Countries,2511,Wheat and products,5142,Food,2008,1000 t,19016.0,E,food
5801,Least Developed Countries,2511,Wheat and products,5142,Food,2009,1000 t,20638.0,E,food
5801,Least Developed Countries,2511,Wheat and products,5142,Food,2010,1000 t,20707.0,E,food
5801,Least Developed Countries,2511,Wheat and products,5142,Food,2011,1000 t,21442.0,E,food
5802,Land Locked Developing Countries,2511,Wheat and products,5511,Production,2006,1000 t,35346.0,E,production
5802,Land Locked Developing Countries,2511,Wheat and products,5511,Production,2007,1000 t,38787.0,E,production
5802,Land Locked Developing Countries,2511,Wheat and products,5511,Production,2008,1000 t,34026.0,E,production
5802,Land Locked Developing Countries,2511,Wheat and products,5511,Production,2009,1000 t,42822.0,E,production
5802,Land Locked Developing Countries,2511,Wheat and products,5511,Production,2010,1000 t,33844.0,E,production
5802,Land Locked Developing Countries,2511,Wheat and products,5511,Production,2011,1000 t,45570.0,E,production
5802,Land Locked Developing Countries,2511,Wheat and products,5611,Import Quantity,2006,1000 t,7314.0,E,imports
5802,Land Locked Developing Countries,2511,Wheat and products,5611,Import Quantity,2007,1000 t,8944.0,E,imports
5802,Land Locked Developing Countries,2511,Wheat and products,5611,Import Quantity,2008,1000 t,10392.0,E,imports
5802,Land Locked Developing Countries,2511,Wheat and products,5611,Import Quantity,2009,1000 t,11264.0,E,imports
5802,Land Locked Developing Countries,2511,Wheat and products,5611,Import Quantity,2010,1000 t,11031.0,E,imports
5802,Land Locked Developing Countries,2511,Wheat and products,5611,Import Quantity,2011,1000 t,12367.0,E,imports
5802,Land Locked Developing Countries,2511,Wheat and products,5074,Stock Variation,2006,1000 t,-646.0,E,stock_variation
5802,Land Locked Developing Countries,2511,Wheat and products,5074,Stock Variation,2007,1000 t,-1394.0,E,stock_variation
5802,Land Locked Developing Countries,2511,Wheat and products,5074,Stock Variation,2008,1000 t,1034.0,E,stock_variation
5802,Land Locked Developing Countries,2511,Wheat and products,5074,Stock Variation,2009,1000 t,-4981.0,E,stock_variation
5802,Land Locked Developing Countries,2511,Wheat and products,5074,Stock Variation,2010,1000 t,5120.0,E,stock_variation
5802,Land Locked Developing Countries,2511,Wheat and products,5074,Stock Variation,2011,1000 t,-8980.0,E,stock_variation
5802,Land Locked Developing Countries,2511,Wheat and products,5911,Export Quantity,2006,1000 t,6198.0,E,exports
5802,Land Locked Developing Countries,2511,Wheat and products,5911,Export Quantity,2007,1000 t,8566.0,E,exports
5802,Land Locked Developing Countries,2511,Wheat and products,5911,Export Quantity,2008,1000 t,8101.0,E,exports
5802,Land Locked Developing Countries,2511,Wheat and products,5911,Export Quantity,2009,1000 t,7631.0,E,exports
5802,Land Locked Developing Countries,2511,Wheat and products,5911,Export Quantity,2010,1000 t,9666.0,E,exports
5802,Land Locked Developing Countries,2511,Wheat and products,5911,Export Quantity,2011,1000 t,6492.0,E,exports
5802,Land Locked Developing Countries,2511,Wheat and products,5301,Domestic supply quantity,2006,1000 t,35816.0,E,domestic_supply
5802,Land Locked Developing Countries,2511,Wheat and products,5301,Domestic supply quantity,2007,1000 t,37771.0,E,domestic_supply
5802,Land Locked Developing Countries,2511,Wheat and products,5301,Domestic supply quantity,2008,1000 t,37351.0,E,domestic_supply
5802,Land Locked Developing Countries,2511,Wheat and products,5301,Domestic supply quantity,2009,1000 t,41474.0,E,domestic_supply
5802,Land Locked Developing Countries,2511,Wheat and products,5301,Domestic supply quantity,2010,1000 t,40329.0,E,domestic_supply
5802,Land Locked Developing Countries,2511,Wheat and products,5301,Domestic supply quantity,2011,1000 t,42465.0,E,domestic_supply
5802,Land Locked Developing Countries,2511,Wheat and products,5521,Feed,2006,1000 t,7123.0,E,feed
5802,Land Locked Developing Countries,2511,Wheat and products,5521,Feed,2007,1000 t,7704.0,E,feed
5802,Land Locked Developing Countries,2511,Wheat and products,5521,Feed,2008,1000 t,7261.0,E,feed
5802,Land Locked Developing Countries,2511,Wheat and products,5521,Feed,2009,1000 t,8444.0,E,feed
5802,Land Locked Developing Countries,2511,Wheat and products,5521,Feed,2010,1000 t,7176.0,E,feed
5802,Land Locked Developing Countries,2511,Wheat and products,5521,Feed,2011,1000 t,8775.0,E,feed
5802,Land Locked Developing Countries,2511,Wheat and products,5527,Seed,2006,1000 t,3458.0,E,seed
5802,Land Locked Developing Countries,2511,Wheat and products,5527,Seed,2007,1000 t,3597.0,E,seed
5802,Land Locked Developing Countries,2511,Wheat and products,5527,Seed,2008,1000 t,3246.0,E,seed
5802,Land Locked Developing Countries,2511,Wheat and products,5527,Seed,2009,1000 t,3936.0,E,seed
5802,Land Locked Developing Countries,2511,Wheat and products,5527,Seed,2010,1000 t,3888.0,E,seed
5802,Land Locked Developing Countries,2511,Wheat and products,5527,Seed,2011,1000 t,3867.0,E,seed
5802,Land Locked Developing Countries,2511,Wheat and products,5123,Losses,2006,1000 t,2232.0,E,losses
5802,Land Locked Developing Countries,2511,Wheat and products,5123,Losses,2007,1000 t,2490.0,E,losses
5802,Land Locked Developing Countries,2511,Wheat and products,5123,Losses,2008,1000 t,2158.0,E,losses
5802,Land Locked Developing Countries,2511,Wheat and products,5123,Losses,2009,1000 t,2757.0,E,losses
5802,Land Locked Developing Countries,2511,Wheat and products,5123,Losses,2010,1000 t,2213.0,E,losses
5802,Land Locked Developing Countries,2511,Wheat and products,5123,Losses,2011,1000 t,2720.0,E,losses
5802,Land Locked Developing Countries,2511,Wheat and products,5142,Food,2006,1000 t,21653.0,E,food
5802,Land Locked Developing Countries,2511,Wheat and products,5142,Food,2007,1000 t,22107.0,E,food
5802,Land Locked Developing Countries,2511,Wheat and products,5142,Food,2008,1000 t,22713.0,E,food
5802,Land Locked Developing Countries,2511,Wheat and products,5142,Food,2009,1000 t,23672.0,E,food
5802,Land Locked Developing Countries,2511,Wheat and products,5142,Food,2010,1000 t,23667.0,E,food
5802,Land Locked Developing Countries,2511,Wheat and products,5142,Food,2011,1000 t,23785.0,E,food
5803,Small Island Developing States,2511,Wheat and products,5511,Production,2006,1000 t,0.0,E,production
5803,Small Island Developing States,2511,Wheat and products,5511,Production,2007,1000 t,0.0,E,production
5803,Small Island Developing States,2511,Wheat and products,5511,Production,2008,1000 t,0.0,E,production
5803,Small Island Developing States,2511,Wheat and products,5511,Production,2009,1000 t,0.0,E,production
5803,Small Island Developing States,2511,Wheat and products,5511,Production,2010,1000 t,0.0,E,production
5803,Small Island Developing States,2511,Wheat and products,5511,Production,2011,1000 t,0.0,E,production
5803,Small Island Developing States,2511,Wheat and products,5611,Import Quantity,2006,1000 t,2590.0,E,imports
5803,Small Island Developing States,2511,Wheat and products,5611,Import Quantity,2007,1000 t,2615.0,E,imports
5803,Small Island Developing States,2511,Wheat and products,5611,Import Quantity,2008,1000 t,2671.0,E,imports
5803,Small Island Developing States,2511,Wheat and products,5611,Import Quantity,2009,1000 t,2632.0,E,imports
5803,Small Island Developing States,2511,Wheat and products,5611,Import Quantity,2010,1000 t,2790.0,E,imports
5803,Small Island Developing States,2511,Wheat and products,5611,Import Quantity,2011,1000 t,2647.0,E,imports
5803,Small Island Developing States,2511,Wheat and products,5074,Stock Variation,2006,1000 t,-26.0,E,stock_variation
5803,Small Island Developing States,2511,Wheat and products,5074,Stock Variation,2007,1000 t,-5.0,E,stock_variation
5803,Small Island Developing States,2511,Wheat and products,5074,Stock Variation,2008,1000 t,-10.0,E,stock_variation
5803,Small Island Developing States,2511,Wheat and products,5074,Stock Variation,2009,1000 t,-20.0,E,stock_variation
5803,Small Island Developing States,2511,Wheat and products,5074,Stock Variation,2010,1000 t,66.0,E,stock_variation
5803,Small Island Developing States,2511,Wheat and products,5074,Stock Variation,2011,1000 t,44.0,E,stock_variation
5803,Small Island Developing States,2511,Wheat and products,5911,Export Quantity,2006,1000 t,152.0,E,exports
5803,Small Island Developing States,2511,Wheat and products,5911,Export Quantity,2007,1000 t,168.0,E,exports
5803,Small Island Developing States,2511,Wheat and products,5911,Export Quantity,2008,1000 t,124.0,E,exports
5803,Small Island Developing States,2511,Wheat and products,5911,Export Quantity,2009,1000 t,149.0,E,exports
5803,Small Island Developing States,2511,Wheat and products,5911,Export Quantity,2010,1000 t,166.0,E,exports
5803,Small Island Developing States,2511,Wheat and products,5911,Export Quantity,2011,1000 t,135.0,E,exports
5803,Small Island Developing States,2511,Wheat and products,5301,Domestic supply quantity,2006,1000 t,2412.0,E,domestic_supply
5803,Small Island Developing States,2511,Wheat and products,5301,Domestic supply quantity,2007,1000 t,2442.0,E,domestic_supply
5803,Small Island Developing States,2511,Wheat and products,5301,Domestic supply quantity,2008,1000 t,2537.0,E,domestic_supply
5803,Small Island Developing States,2511,Wheat and products,5301,Domestic supply quantity,2009,1000 t,2462.0,E,domestic_supply
5803,Small Island Developing States,2511,Wheat and products,5301,Domestic supply quantity,2010,1000 t,2690.0,E,domestic_supply
5803,Small Island Developing States,2511,Wheat and products,5301,Domestic supply quantity,2011,1000 t,2555.0,E,domestic_supply
5803,Small Island Developing States,2511,Wheat and products,5521,Feed,2006,1000 t,325.0,E,feed
5803,Small Island Developing States,2511,Wheat and products,5521,Feed,2007,1000 t,391.0,E,feed
5803,Small Island Developing States,2511,Wheat and products,5521,Feed,2008,1000 t,383.0,E,feed
5803,Small Island Developing States,2511,Wheat and products,5521,Feed,2009,1000 t,433.0,E,feed
5803,Small Island Developing States,2511,Wheat and products,5521,Feed,2010,1000 t,526.0,E,feed
5803,Small Island Developing States,2511,Wheat and products,5521,Feed,2011,1000 t,450.0,E,feed
5803,Small Island Developing States,2511,Wheat and products,5527,Seed,2006,1000 t,0.0,E,seed
5803,Small Island Developing States,2511,Wheat and products,5527,Seed,2007,1000 t,0.0,E,seed
5803,Small Island Developing States,2511,Wheat and products,5527,Seed,2008,1000 t,0.0,E,seed
5803,Small Island Developing States,2511,Wheat and products,5527,Seed,2009,1000 t,0.0,E,seed
5803,Small Island Developing States,2511,Wheat and products,5527,Seed,2010,1000 t,0.0,E,seed
5803,Small Island Developing States,2511,Wheat and products,5527,Seed,2011,1000 t,0.0,E,seed
5803,Small Island Developing States,2511,Wheat and products,5123,Losses,2006,1000 t,81.0,E,losses
5803,Small Island Developing States,2511,Wheat and products,5123,Losses,2007,1000 t,82.0,E,losses
5803,Small Island Developing States,2511,Wheat and products,5123,Losses,2008,1000 t,88.0,E,losses
5803,Small Island Developing States,2511,Wheat and products,5123,Losses,2009,1000 t,87.0,E,losses
5803,Small Island Developing States,2511,Wheat and products,5123,Losses,2010,1000 t,98.0,E,losses
5803,Small Island Developing States,2511,Wheat and products,5123,Losses,2011,1000 t,96.0,E,losses
5803,Small Island Developing States,2511,Wheat and products,5142,Food,2006,1000 t,1929.0,E,food
5803,Small Island Developing States,2511,Wheat and products,5142,Food,2007,1000 t,1892.0,E,food
5803,Small Island Developing States,2511,Wheat and products,5142,Food,2008,1000 t,1979.0,E,food
5803,Small Island Developing States,2511,Wheat and products,5142,Food,2009,1000 t,1854.0,E,food
5803,Small Island Developing States,2511,Wheat and products,5142,Food,2010,1000 t,1977.0,E,food
5803,Small Island Developing States,2511,Wheat and products,5142,Food,2011,1000 t,1921.0,E,food
5815,Low Income Food Deficit Countries,2511,Wheat and products,5511,Production,2006,1000 t,107776.0,E,production
5815,Low Income Food Deficit Countries,2511,Wheat and products,5511,Production,2007,1000 t,117771.0,E,production
5815,Low Income Food Deficit Countries,2511,Wheat and products,5511,Production,2008,1000 t,115981.0,E,production
5815,Low Income Food Deficit Countries,2511,Wheat and products,5511,Production,2009,1000 t,125422.0,E,production
5815,Low Income Food Deficit Countries,2511,Wheat and products,5511,Production,2010,1000 t,124262.0,E,production
5815,Low Income Food Deficit Countries,2511,Wheat and products,5511,Production,2011,1000 t,130593.0,E,production
5815,Low Income Food Deficit Countries,2511,Wheat and products,5611,Import Quantity,2006,1000 t,26499.0,E,imports
5815,Low Income Food Deficit Countries,2511,Wheat and products,5611,Import Quantity,2007,1000 t,22757.0,E,imports
5815,Low Income Food Deficit Countries,2511,Wheat and products,5611,Import Quantity,2008,1000 t,21110.0,E,imports
5815,Low Income Food Deficit Countries,2511,Wheat and products,5611,Import Quantity,2009,1000 t,28936.0,E,imports
5815,Low Income Food Deficit Countries,2511,Wheat and products,5611,Import Quantity,2010,1000 t,26435.0,E,imports
5815,Low Income Food Deficit Countries,2511,Wheat and products,5611,Import Quantity,2011,1000 t,27749.0,E,imports
5815,Low Income Food Deficit Countries,2511,Wheat and products,5074,Stock Variation,2006,1000 t,-1374.0,E,stock_variation
5815,Low Income Food Deficit Countries,2511,Wheat and products,5074,Stock Variation,2007,1000 t,-3103.0,E,stock_variation
5815,Low Income Food Deficit Countries,2511,Wheat and products,5074,Stock Variation,2008,1000 t,3365.0,E,stock_variation
5815,Low Income Food Deficit Countries,2511,Wheat and products,5074,Stock Variation,2009,1000 t,-8920.0,E,stock_variation
5815,Low Income Food Deficit Countries,2511,Wheat and products,5074,Stock Variation,2010,1000 t,-1248.0,E,stock_variation
5815,Low Income Food Deficit Countries,2511,Wheat and products,5074,Stock Variation,2011,1000 t,-3284.0,E,stock_variation
5815,Low Income Food Deficit Countries,2511,Wheat and products,5911,Export Quantity,2006,1000 t,1055.0,E,exports
5815,Low Income Food Deficit Countries,2511,Wheat and products,5911,Export Quantity,2007,1000 t,1672.0,E,exports
5815,Low Income Food Deficit Countries,2511,Wheat and products,5911,Export Quantity,2008,1000 t,944.0,E,exports
5815,Low Income Food Deficit Countries,2511,Wheat and products,5911,Export Quantity,2009,1000 t,884.0,E,exports
5815,Low Income Food Deficit Countries,2511,Wheat and products,5911,Export Quantity,2010,1000 t,874.0,E,exports
5815,Low Income Food Deficit Countries,2511,Wheat and products,5911,Export Quantity,2011,1000 t,5119.0,E,exports
5815,Low Income Food Deficit Countries,2511,Wheat and products,5301,Domestic supply quantity,2006,1000 t,131846.0,E,domestic_supply
5815,Low Income Food Deficit Countries,2511,Wheat and products,5301,Domestic supply quantity,2007,1000 t,135753.0,E,domestic_supply
5815,Low Income Food Deficit Countries,2511,Wheat and products,5301,Domestic supply quantity,2008,1000 t,139512.0,E,domestic_supply
5815,Low Income Food Deficit Countries,2511,Wheat and products,5301,Domestic supply quantity,2009,1000 t,144554.0,E,domestic_supply
5815,Low Income Food Deficit Countries,2511,Wheat and products,5301,Domestic supply quantity,2010,1000 t,148576.0,E,domestic_supply
5815,Low Income Food Deficit Countries,2511,Wheat and products,5301,Domestic supply quantity,2011,1000 t,149938.0,E,domestic_supply
5815,Low Income Food Deficit Countries,2511,Wheat and products,5521,Feed,2006,1000 t,4611.0,E,feed
5815,Low Income Food Deficit Countries,2511,Wheat and products,5521,Feed,2007,1000 t,5520.0,E,feed
5815,Low Income Food Deficit Countries,2511,Wheat and products,5521,Feed,2008,1000 t,5293.0,E,feed
5815,Low Income Food Deficit Countries,2511,Wheat and products,5521,Feed,2009,1000 t,6453.0,E,feed
5815,Low Income Food Deficit Countries,2511,Wheat and products,5521,Feed,2010,1000 t,6628.0,E,feed
5815,Low Income Food Deficit Countries,2511,Wheat and products,5521,Feed,2011,1000 t,6978.0,E,feed
5815,Low Income Food Deficit Countries,2511,Wheat and products,5527,Seed,2006,1000 t,4837.0,E,seed
5815,Low Income Food Deficit Countries,2511,Wheat and products,5527,Seed,2007,1000 t,4963.0,E,seed
5815,Low Income Food Deficit Countries,2511,Wheat and products,5527,Seed,2008,1000 t,4803.0,E,seed
5815,Low Income Food Deficit Countries,2511,Wheat and products,5527,Seed,2009,1000 t,5068.0,E,seed
5815,Low Income Food Deficit Countries,2511,Wheat and products,5527,Seed,2010,1000 t,5082.0,E,seed
5815,Low Income Food Deficit Countries,2511,Wheat and products,5527,Seed,2011,1000 t,5280.0,E,seed
5815,Low Income Food Deficit Countries,2511,Wheat and products,5123,Losses,2006,1000 t,5953.0,E,losses
5815,Low Income Food Deficit Countries,2511,Wheat and products,5123,Losses,2007,1000 t,6305.0,E,losses
5815,Low Income Food Deficit Countries,2511,Wheat and products,5123,Losses,2008,1000 t,6913.0,E,losses
5815,Low Income Food Deficit Countries,2511,Wheat and products,5123,Losses,2009,1000 t,7645.0,E,losses
5815,Low Income Food Deficit Countries,2511,Wheat and products,5123,Losses,2010,1000 t,7584.0,E,losses
5815,Low Income Food Deficit Countries,2511,Wheat and products,5123,Losses,2011,1000 t,7722.0,E,losses
5815,Low Income Food Deficit Countries,2511,Wheat and products,5142,Food,2006,1000 t,114631.0,E,food
5815,Low Income Food Deficit Countries,2511,Wheat and products,5142,Food,2007,1000 t,116804.0,E,food
5815,Low Income Food Deficit Countries,2511,Wheat and products,5142,Food,2008,1000 t,120185.0,E,food
5815,Low Income Food Deficit Countries,2511,Wheat and products,5142,Food,2009,1000 t,122009.0,E,food
5815,Low Income Food Deficit Countries,2511,Wheat and products,5142,Food,2010,1000 t,125838.0,E,food
5815,Low Income Food Deficit Countries,2511,Wheat and products,5142,Food,2011,1000 t,126352.0,E,food
5817,Net Food Importing Developing Countries,2511,Wheat and products,5511,Production,2006,1000 t,46775.0,E,production
5817,Net Food Importing Developing Countries,2511,Wheat and products,5511,Production,2007,1000 t,45025.0,E,production
5817,Net Food Importing Developing Countries,2511,Wheat and products,5511,Production,2008,1000 t,42996.0,E,production
5817,Net Food Importing Developing Countries,2511,Wheat and products,5511,Production,2009,1000 t,53268.0,E,production
5817,Net Food Importing Developing Countries,2511,Wheat and products,5511,Production,2010,1000 t,48430.0,E,production
5817,Net Food Importing Developing Countries,2511,Wheat and products,5511,Production,2011,1000 t,52482.0,E,production
5817,Net Food Importing Developing Countries,2511,Wheat and products,5611,Import Quantity,2006,1000 t,33415.0,E,imports
5817,Net Food Importing Developing Countries,2511,Wheat and products,5611,Import Quantity,2007,1000 t,35777.0,E,imports
5817,Net Food Importing Developing Countries,2511,Wheat and products,5611,Import Quantity,2008,1000 t,37372.0,E,imports
5817,Net Food Importing Developing Countries,2511,Wheat and products,5611,Import Quantity,2009,1000 t,41793.0,E,imports
5817,Net Food Importing Developing Countries,2511,Wheat and products,5611,Import Quantity,2010,1000 t,42669.0,E,imports
5817,Net Food Importing Developing Countries,2511,Wheat and products,5611,Import Quantity,2011,1000 t,43666.0,E,imports
5817,Net Food Importing Developing Countries,2511,Wheat and products,5074,Stock Variation,2006,1000 t,-1715.0,E,stock_variation
5817,Net Food Importing Developing Countries,2511,Wheat and products,5074,Stock Variation,2007,1000 t,-922.0,E,stock_variation
5817,Net Food Importing Developing Countries,2511,Wheat and products,5074,Stock Variation,2008,1000 t,724.0,E,stock_variation
5817,Net Food Importing Developing Countries,2511,Wheat and products,5074,Stock Variation,2009,1000 t,-8094.0,E,stock_variation
5817,Net Food Importing Developing Countries,2511,Wheat and products,5074,Stock Variation,2010,1000 t,-2872.0,E,stock_variation
5817,Net Food Importing Developing Countries,2511,Wheat and products,5074,Stock Variation,2011,1000 t,-1015.0,E,stock_variation
5817,Net Food Importing Developing Countries,2511,Wheat and products,5911,Export Quantity,2006,1000 t,1663.0,E,exports
5817,Net Food Importing Developing Countries,2511,Wheat and products,5911,Export Quantity,2007,1000 t,2381.0,E,exports
5817,Net Food Importing Developing Countries,2511,Wheat and products,5911,Export Quantity,2008,1000 t,1504.0,E,exports
5817,Net Food Importing Developing Countries,2511,Wheat and products,5911,Export Quantity,2009,1000 t,1499.0,E,exports
5817,Net Food Importing Developing Countries,2511,Wheat and products,5911,Export Quantity,2010,1000 t,1764.0,E,exports
5817,Net Food Importing Developing Countries,2511,Wheat and products,5911,Export Quantity,2011,1000 t,5590.0,E,exports
5817,Net Food Importing Developing Countries,2511,Wheat and products,5301,Domestic supply quantity,2006,1000 t,76812.0,E,domestic_supply
5817,Net Food Importing Developing Countries,2511,Wheat and products,5301,Domestic supply quantity,2007,1000 t,77500.0,E,domestic_supply
5817,Net Food Importing Developing Countries,2511,Wheat and products,5301,Domestic supply quantity,2008,1000 t,79588.0,E,domestic_supply
5817,Net Food Importing Developing Countries,2511,Wheat and products,5301,Domestic supply quantity,2009,1000 t,85468.0,E,domestic_supply
5817,Net Food Importing Developing Countries,2511,Wheat and products,5301,Domestic supply quantity,2010,1000 t,86464.0,E,domestic_supply
5817,Net Food Importing Developing Countries,2511,Wheat and products,5301,Domestic supply quantity,2011,1000 t,89542.0,E,domestic_supply
5817,Net Food Importing Developing Countries,2511,Wheat and products,5521,Feed,2006,1000 t,5334.0,E,feed
5817,Net Food Importing Developing Countries,2511,Wheat and products,5521,Feed,2007,1000 t,5320.0,E,feed
5817,Net Food Importing Developing Countries,2511,Wheat and products,5521,Feed,2008,1000 t,5692.0,E,feed
5817,Net Food Importing Developing Countries,2511,Wheat and products,5521,Feed,2009,1000 t,6528.0,E,feed
5817,Net Food Importing Developing Countries,2511,Wheat and products,5521,Feed,2010,1000 t,6459.0,E,feed
5817,Net Food Importing Developing Countries,2511,Wheat and products,5521,Feed,2011,1000 t,7026.0,E,feed
5817,Net Food Importing Developing Countries,2511,Wheat and products,5527,Seed,2006,1000 t,2343.0,E,seed
5817,Net Food Importing Developing Countries,2511,Wheat and products,5527,Seed,2007,1000 t,2481.0,E,seed
5817,Net Food Importing Developing Countries,2511,Wheat and products,5527,Seed,2008,1000 t,2380.0,E,seed
5817,Net Food Importing Developing Countries,2511,Wheat and products,5527,Seed,2009,1000 t,2547.0,E,seed
5817,Net Food Importing Developing Countries,2511,Wheat and products,5527,Seed,2010,1000 t,2555.0,E,seed
5817,Net Food Importing Developing Countries,2511,Wheat and products,5527,Seed,2011,1000 t,2690.0,E,seed
5817,Net Food Importing Developing Countries,2511,Wheat and products,5123,Losses,2006,1000 t,4786.0,E,losses
5817,Net Food Importing Developing Countries,2511,Wheat and products,5123,Losses,2007,1000 t,4973.0,E,losses
5817,Net Food Importing Developing Countries,2511,Wheat and products,5123,Losses,2008,1000 t,4855.0,E,losses
5817,Net Food Importing Developing Countries,2511,Wheat and products,5123,Losses,2009,1000 t,5665.0,E,losses
5817,Net Food Importing Developing Countries,2511,Wheat and products,5123,Losses,2010,1000 t,5511.0,E,losses
5817,Net Food Importing Developing Countries,2511,Wheat and products,5123,Losses,2011,1000 t,5594.0,E,losses
5817,Net Food Importing Developing Countries,2511,Wheat and products,5142,Food,2006,1000 t,62732.0,E,food
5817,Net Food Importing Developing Countries,2511,Wheat and products,5142,Food,2007,1000 t,62791.0,E,food
5817,Net Food Importing Developing Countries,2511,Wheat and products,5142,Food,2008,1000 t,64344.0,E,food
5817,Net Food Importing Developing Countries,2511,Wheat and products,5142,Food,2009,1000 t,67289.0,E,food
5817,Net Food Importing Developing Countries,2511,Wheat and products,5142,Food,2010,1000 t,68470.0,E,food
5817,Net Food Importing Developing Countries,2511,Wheat and products,5142,Food,2011,1000 t,70303.0,E,food
